# https://github.com/mikedh/trimesh
v -0.31013009 -0.69121021 0.15040004
v 0.21969151 0.69381142 0.17418481
v 0.09944795 -0.01781417 0.14003460
v 0.11137898 0.14707726 -0.12322831
v -0.14144306 0.69390374 0.24458170
v 0.24517961 -0.47257105 -0.43063840
v -0.12326561 0.67225069 0.11513926
v -0.06298126 0.69383621 0.27478528
v -0.09841110 0.66794616 0.27698353
v 0.26335505 -0.02126930 0.34070432
v 0.09031453 -0.03526553 0.13551763
v 0.06903639 -0.01691192 0.15253872
v 0.00285677 0.45748514 0.18012686
v 0.19603105 0.69360894 0.01036822
v 0.28511429 0.69382191 0.00694147
v 0.02076440 -0.03067010 0.16941699
v -0.10497300 0.68449003 -0.14509299
v 0.01423078 -0.69426459 0.33818513
v 0.16080621 0.69381452 0.23038556
v 0.00045283 0.04092575 0.17969370
v -0.30902749 0.07453617 -0.18300441
v 0.02079757 0.69200724 0.28562191
v -0.05690871 0.04372991 -0.15181035
v -0.14273041 0.07948597 -0.05522047
v 0.03421760 0.68717301 -0.17317200
v -0.02796246 -0.00453248 0.16638690
v -0.13610213 -0.04353733 -0.03912580
v 0.25373447 0.68436611 0.14809290
v -0.14396828 0.69265544 -0.11930819
v 0.07221993 -0.04214510 -0.13429597
v -0.06010171 0.67924702 0.14997385
v -0.29448903 0.68004179 0.02090534
v 0.26406607 0.59867948 -0.09500460
v 0.28724959 0.05131115 0.23463419
v 0.40347677 -0.63694292 -0.00289251
v 0.19135883 0.69440758 -0.03997314
v -0.25156748 0.64565545 0.14591655
v -0.30776003 0.00969228 -0.26841056
v 0.04009261 0.67817956 -0.29235342
v 0.02081755 0.68046087 -0.29394412
v 0.13992420 0.35883966 -0.11133846
v -0.19184886 0.54877096 0.19372208
v 0.09469983 0.13693915 -0.14841776
v -0.16392820 -0.69427592 -0.29563949
v 0.28873476 0.68757254 0.03475218
v -0.26548716 -0.27605599 -0.44825774
v 0.03511724 -0.04142923 0.14607467
v 0.00726885 -0.04160922 0.15708643
v 0.14394546 -0.04223806 -0.03399381
v 0.29471332 0.68198800 0.00698625
v 0.23940365 -0.69428831 -0.22795048
v 0.00693159 0.68972021 0.29042387
v -0.44491744 -0.17526591 -0.23642699
v -0.21426810 0.66919076 0.20302974
v -0.04808687 -0.03273848 0.15055414
v -0.03306909 -0.01872603 -0.16432908
v 0.10671804 -0.04280477 -0.11625222
v 0.20106986 0.00605032 0.36081252
v -0.14693175 0.28349546 -0.25382721
v -0.18574315 0.69412589 0.02005550
v 0.37949437 -0.63871318 0.12766975
v 0.06255344 0.69247752 0.27978051
v -0.17033599 0.68304199 -0.23865800
v 0.17784134 0.43706337 0.17822123
v 0.03470806 0.69097900 0.28504708
v 0.09910098 0.66958249 0.14009975
v -0.14018188 0.58084315 -0.24053816
v 0.13090068 -0.02992253 -0.10436705
v -0.17419674 0.67893493 -0.04970944
v -0.28594747 0.69189358 0.02083263
v 0.07620420 -0.03250660 -0.14326000
v 0.05624752 0.38791600 0.16911124
v -0.14871994 0.65838969 0.09675337
v -0.09743929 0.36070859 0.14574449
v -0.38514712 -0.03021408 0.21172971
v -0.21193700 0.69429666 0.16913167
v 0.05283310 0.23808157 -0.17044696
v 0.25530037 0.50529969 -0.06696890
v -0.41887313 -0.11491571 -0.24270011
v -0.22583488 0.41854227 -0.11840727
v 0.15438457 -0.02341514 0.06501129
v -0.11526291 0.63973600 -0.13496746
v -0.08278698 -0.01727299 0.13662501
v -0.19993432 0.44491240 -0.15220295
v -0.12597786 0.36314476 -0.12425400
v 0.00691619 0.69332236 -0.28552237
v 0.17189300 -0.03322870 0.00692997
v -0.17087549 0.15225032 0.02687111
v -0.07567233 0.31182271 -0.27514505
v 0.12895972 0.02685104 0.12158389
v 0.23397139 0.43610212 0.08916509
v 0.20956881 0.67705286 0.20958728
v 0.23167956 0.69394362 0.15903416
v -0.02767190 -0.69428062 0.33720222
v -0.13737154 0.41583920 -0.11392089
v 0.11403245 0.69343007 -0.25930023
v -0.09473944 0.15229356 0.13787384
v -0.13592289 0.69190842 0.11669198
v -0.32307899 -0.69412977 0.09803983
v -0.17216419 0.69444579 -0.20019235
v 0.27896887 0.68246049 -0.09377164
v 0.45832470 -0.45035124 -0.19850668
v -0.12933379 0.15685590 -0.07570823
v -0.00524065 -0.03353880 -0.17262100
v 0.24239200 0.68717700 0.15929800
v -0.22818246 -0.67612612 0.28396940
v -0.14878945 0.00025387 -0.08465977
v 0.24163412 0.11951868 0.24376319
v -0.18713719 0.69432867 -0.19881076
v 0.00028406 0.47715858 -0.25856435
v 0.29573339 -0.62039018 -0.29327568
v 0.31582582 -0.69389832 0.12445398
v 0.17727099 0.02745105 -0.00834526
v 0.19913501 0.68563700 0.21332000
v -0.09924262 -0.04771775 -0.08720116
v 0.14776006 -0.04163312 0.02187591
v -0.07631142 0.69349968 -0.27233618
v 0.04900250 -0.02858694 0.15940936
v 0.14550400 -0.03871930 0.04850980
v -0.00059038 0.04050438 -0.17903905
v 0.16474167 0.67836422 -0.03790547
v 0.17056912 -0.02720295 0.02435803
v 0.14808320 0.69432175 0.23487848
v -0.12385722 0.03995775 -0.11599315
v 0.00267994 -0.02279978 -0.17994179
v 0.11999577 -0.04090739 -0.10093138
v -0.25117800 0.68205398 0.15493500
v -0.36812058 0.04155508 -0.10136254
v 0.14730860 0.27752843 -0.25557414
v -0.12798828 0.38120785 -0.12325852
v -0.08385772 0.69444680 0.25340682
v 0.23514037 0.66735315 -0.17562473
v 0.06331258 0.22559637 -0.16441189
v -0.01504290 0.66736269 -0.29372939
v -0.18124235 0.69368303 0.03144198
v 0.23513657 0.66671270 0.17567509
v -0.36245340 0.05058056 0.08857492
v 0.27096567 0.68640149 0.10385381
v -0.21148285 0.67571014 -0.20705722
v 0.28678212 0.68516004 0.04905941
v -0.10383625 -0.03318011 -0.12271820
v 0.02082126 -0.01745416 0.17301190
v -0.17425191 0.69010532 0.22911416
v 0.32951555 -0.68268919 -0.13709140
v 0.13933398 0.66734535 0.10556902
v -0.25111911 0.68973106 -0.14497586
v -0.17016159 0.44397473 -0.00055130
v -0.27421862 0.69388688 -0.06263211
v -0.14873725 0.68196994 -0.25530121
v -0.22918944 0.69006526 0.17428909
v -0.25717878 -0.27573311 0.45316505
v -0.26819146 0.66531515 0.11841551
v 0.13283354 0.69441211 0.16026978
v 0.13975887 0.41683817 0.11157246
v -0.03322680 -0.03366800 -0.15926801
v -0.20949391 0.05825619 -0.29877967
v -0.16192940 0.68001103 0.04827050
v -0.06839666 0.66704667 0.28672799
v -0.45981070 -0.08958220 -0.10847241
v -0.08715015 0.44360128 -0.14299718
v 0.24909532 0.66622782 0.15731281
v -0.17130391 0.69341987 -0.07761804
v -0.17367652 0.11095244 -0.01141819
v -0.24814314 0.66799998 -0.15875334
v 0.28248799 0.68742400 0.06262200
v -0.11862767 0.38760892 0.12740636
v 0.09451086 0.69421464 0.26309237
v 0.16010858 0.69414347 -0.09099106
v -0.17455199 0.68548399 0.00692997
v 0.17510346 -0.00016127 -0.01232028
v -0.17123435 -0.69434434 0.28671375
v -0.29450345 0.67956609 -0.02092907
v -0.10436500 0.68695599 0.27033001
v -0.10659765 0.33269888 0.14068778
v 0.04056978 0.69444376 -0.20297273
v -0.20251904 0.69395125 -0.19660749
v -0.12799652 0.23568265 -0.12335169
v -0.14069587 -0.02421555 0.10330144
v -0.17914331 0.04962145 -0.32826924
v -0.15395223 0.06659764 -0.03607552
v -0.15667959 0.69396591 -0.10459363
v 0.28917089 0.65742928 -0.03575532
v 0.14111532 0.69385588 0.13111773
v -0.15126364 0.65498519 0.25023118
v 0.27617145 0.68838745 0.09034304
v -0.00017047 0.65245241 0.18096000
v 0.24602038 0.69372338 -0.14088193
v -0.14270131 0.69433033 -0.13553555
v -0.36240980 -0.40295228 0.36430457
v -0.43449274 -0.03393814 0.06369268
v 0.17808078 -0.69411618 0.28905201
v -0.27560064 0.69390720 0.05499353
v 0.14596839 0.68991667 0.25031134
v 0.16451305 0.18856461 -0.05053674
v 0.17430538 -0.02907837 -0.00723057
v 0.05587037 0.29112095 0.16929846
v -0.17957401 0.69055128 -0.00713431
v 0.24283868 0.69359171 0.14569879
v 0.27531701 0.69353729 -0.06298316
v 0.18653899 0.68711400 0.00849863
v 0.27212131 0.69337767 0.07627532
v 0.04633944 0.68002343 0.16304165
v 0.15199226 0.66805553 -0.07719415
v -0.14473906 0.06750953 -0.32965401
v -0.12050351 0.41709477 0.12238717
v -0.51842117 -0.37546438 0.00624586
v -0.03474312 0.67659998 -0.29298609
v -0.10182522 0.14257230 -0.11331661
v -0.13237043 0.68635744 -0.25921306
v -0.17355177 0.67700547 0.23792592
v 0.13386422 -0.38326737 0.49995551
v -0.23607419 -0.69430870 -0.23750986
v 0.17134006 0.69280618 0.06223994
v -0.27896252 0.68232012 0.09381744
v 0.29214239 0.00868598 0.28946590
v -0.29499531 0.68214446 -0.00698146
v 0.18897718 0.69350135 -0.21133244
v -0.17223118 0.69387209 0.07621001
v -0.25505894 0.69444609 -0.08633979
v -0.10525423 0.69373292 0.26202840
v -0.10657952 0.22198807 0.14069940
v -0.13288648 0.68973291 0.25648040
v 0.12951699 -0.02667998 0.11821803
v 0.07620420 -0.03277890 0.14386500
v 0.00044284 0.32705167 -0.28114602
v -0.22529781 0.68067569 0.19045402
v -0.12733804 -0.41203547 0.49552155
v -0.02085274 0.69196433 0.28549233
v 0.10824868 0.01004516 -0.39567631
v -0.17798981 0.15339214 0.00693023
v -0.11801885 0.69337565 -0.25726879
v -0.09022418 0.69220388 0.27053362
v -0.17111565 0.69434184 -0.09359933
v 0.27680370 0.66944927 -0.09930144
v 0.03476960 -0.03472240 -0.15933500
v 0.22869240 0.69072413 -0.17390168
v 0.09382853 0.67957246 0.28001672
v -0.25660115 0.68953979 0.13294792
v 0.20314145 0.69443911 0.03603781
v -0.21002360 0.27126274 -0.20988524
v -0.00727133 -0.02072990 -0.17721200
v -0.07625520 0.68535900 0.28192899
v 0.07657194 0.69202119 0.27795631
v 0.14171518 0.69357836 -0.24473509
v -0.11826585 0.68908393 0.26486939
v -0.23646483 0.14727946 -0.23419470
v 0.31899521 -0.63642752 -0.24315645
v -0.06219846 0.69434321 -0.26796654
v -0.29279003 0.67953020 -0.03442509
v -0.09911857 0.67347634 -0.27748635
v 0.28191799 0.68536901 0.07622970
v -0.28731859 0.68473756 -0.04867025
v -0.11080328 0.43611297 0.12373019
v -0.11751629 0.69308758 -0.15139954
v -0.18868852 0.45702356 0.17011727
v -0.09632392 -0.04560148 0.11014629
v 0.13543694 -0.03079677 0.10407698
v 0.12300698 0.05585442 0.12675346
v 0.15223606 0.68851203 0.08975920
v 0.18539034 0.69307989 0.03453571
v 0.15235651 -0.69372594 0.30562115
v 0.15798917 -0.04153094 -0.00697216
v -0.08765997 0.68104511 -0.14805783
v -0.14621501 0.68638402 -0.10489600
v 0.14195086 0.14404701 0.10631624
v 0.00542531 0.68729401 0.18657200
v -0.12439596 0.05749847 -0.09046296
v -0.17403869 0.56831789 -0.04730342
v -0.16043861 0.69441396 -0.12026988
v 0.12072834 -0.02700232 0.12851435
v 0.23101522 0.68747622 0.17435120
v 0.07434850 0.60522223 -0.27317739
v 0.17820178 0.66856289 0.00461337
v 0.02843653 0.15338285 0.17467722
v -0.24134862 0.08064087 -0.26231492
v 0.09045320 0.68515199 -0.14498800
v -0.14062133 0.69442886 -0.22843444
v 0.25940803 0.67226493 0.14070971
v -0.10408125 -0.04570498 -0.10854334
v -0.36734930 0.02349329 -0.14925975
v -0.17719300 0.09631637 0.01302134
v -0.03194345 -0.04809102 0.08466896
v 0.27734295 0.34653983 0.00470223
v 0.29069400 0.67689615 -0.04682996
v -0.17684890 0.69408643 0.21645424
v -0.07094697 -0.04775630 0.10050172
v -0.25711799 0.68761402 -0.13349000
v 0.15807500 -0.03840770 0.02189720
v -0.02093079 0.69273442 -0.28781393
v 0.24718495 0.69392723 0.13301188
v -0.12723134 -0.04741243 0.03966900
v -0.25353801 0.28388810 0.14730500
v -0.15009481 0.05871017 0.08118505
v -0.00760035 0.69386280 -0.19655500
v 0.02709919 0.69444573 0.20168561
v 0.16433696 0.69194967 -0.06223169
v 0.04848430 -0.03864270 0.14552900
v 0.22902715 0.50554562 -0.13163751
v -0.05397588 -0.04469868 0.13623206
v -0.02163162 -0.03407541 -0.16568901
v 0.09005968 0.69422853 0.16888419
v -0.16993500 0.69351101 -0.22400700
v -0.13137600 0.68785298 -0.13030399
v -0.17696275 0.67942852 -0.03466574
v -0.15158635 0.44401282 -0.20030767
v 0.13049105 -0.03698675 -0.08916420
v -0.05844279 -0.04774026 -0.11492656
v 0.26775774 0.68228400 -0.12234815
v 0.10109933 -0.04136617 0.10106548
v -0.13665605 -0.38246292 -0.49957147
v -0.11944780 0.17967792 0.12491681
v 0.27502495 -0.58188593 -0.34443390
v -0.19048239 0.67964238 0.22495650
v -0.00916895 0.67910224 0.17762063
v 0.11778400 -0.03647610 0.11780900
v -0.23146814 0.38440424 -0.12884231
v 0.21329400 0.68563700 0.19915900
v 0.11778400 0.69017798 0.14442199
v 0.32168636 -0.67659861 -0.17299820
v -0.27698651 0.66939265 0.09892789
v -0.29073709 0.64599270 0.00392532
v 0.05578477 0.36041856 -0.16931066
v 0.13297400 0.67186201 -0.11587900
v 0.12948841 0.55558801 -0.12030987
v 0.22851279 0.69439375 0.14329691
v -0.08172760 0.67510039 0.13748972
v 0.15764061 0.05033724 0.33625528
v -0.51350087 -0.26195189 0.06151951
v -0.13527773 -0.04302181 -0.07624752
v 0.35905790 -0.62418514 -0.20488709
v -0.06261760 0.68742102 0.28249899
v 0.13110656 0.67776752 -0.26491794
v -0.03567591 0.69342607 -0.18363103
v -0.19025265 0.69366318 -0.20973769
v -0.14019932 0.06853808 0.10453836
v -0.14198798 0.04311007 -0.10345055
v -0.02703813 -0.04572081 -0.14957002
v -0.19482344 0.67439348 -0.22171713
v -0.08534181 0.69444191 0.16930281
v -0.18713500 0.68345499 -0.22529399
v 0.26281789 -0.69203734 -0.22127436
v -0.14569324 0.17982934 -0.09047372
v 0.15664200 -0.03180600 0.04850980
v 0.18515360 0.69232810 -0.00676931
v 0.03477208 0.67638421 0.29296675
v -0.14629447 0.63714534 -0.24942823
v -0.25839755 0.69381547 -0.11405411
v -0.11302157 0.69443220 -0.24182926
v 0.15831012 0.69444782 0.21402766
v -0.07965136 0.42504364 -0.24004011
v -0.13082124 0.17301150 0.10343134
v 0.19015506 0.68033874 0.22557434
v 0.26025823 0.69312215 -0.11531954
v -0.13857694 0.43594283 0.20937997
v 0.15180650 -0.01540901 -0.06186352
v 0.28128064 -0.68941623 -0.20367837
v -0.14587528 -0.03136725 -0.06238530
v -0.10042828 0.04328960 -0.12782662
v 0.13142700 0.68778998 0.13038400
v -0.03467020 0.69394886 -0.28298745
v -0.00565343 0.68719500 -0.18664800
v -0.15930299 0.68716502 0.24240400
v 0.09006410 0.69032001 0.27278599
v -0.11837859 0.68156970 -0.26912940
v -0.46289679 -0.16857029 0.18762523
v 0.13830975 0.56754470 0.23869464
v 0.27323672 0.69413835 0.06267826
v 0.09881878 0.67507273 -0.27789000
v -0.16676672 0.69016844 0.06217490
v -0.06752305 0.17153166 -0.14237367
v 0.15032503 0.69208103 -0.10313401
v 0.00163358 0.06792248 0.17505293
v -0.27113721 0.69179618 -0.09019006
v -0.14114705 0.01389149 -0.10633752
v 0.04848430 0.69346899 0.27840999
v 0.22060451 0.68892407 0.18754889
v 0.04141128 -0.04440642 -0.12692161
v -0.22552758 0.67930377 -0.18975756
v -0.17276400 0.68839902 0.03464990
v -0.22390683 0.20068488 0.22377764
v 0.18708400 0.69040602 0.21769901
v -0.10031698 -0.67557925 0.35274032
v 0.28756791 0.67029810 -0.06703424
v -0.01856938 0.05291798 0.36968035
v -0.24419822 0.68633336 -0.15859556
v 0.11355919 0.65840572 0.13344437
v 0.14550400 -0.03568840 0.06236970
v 0.22759740 -0.53257275 0.41225848
v -0.00127717 -0.69432300 -0.00061057
v -0.27440631 0.69323677 0.07345823
v -0.09736396 0.16915400 -0.12589821
v 0.34550089 0.05490555 0.12545143
v -0.09777729 -0.04776387 0.08462305
v -0.19884080 0.69352913 0.20356910
v 0.12416188 0.42986816 -0.21971956
v 0.15962467 0.69377398 -0.23263408
v -0.11700545 -0.52795225 0.45865563
v -0.14396517 0.16942599 -0.06760700
v -0.32155156 -0.68137532 -0.16043438
v 0.04825981 0.68392384 0.28849217
v -0.05600646 0.67046481 -0.28920275
v 0.00008032 0.50594801 -0.18150581
v -0.13917273 0.58217752 0.10618407
v 0.03405868 -0.03261819 0.16184589
v 0.25495532 0.68202841 -0.14939119
v 0.03926660 0.04309406 -0.16418378
v -0.15063022 0.05347242 0.00155515
v -0.14947164 0.02877249 -0.08550309
v -0.02066545 0.69210196 -0.18516876
v -0.21646769 0.69215262 -0.18576735
v 0.02528092 0.44067705 0.24921852
v 0.02214619 -0.04108190 0.15424348
v -0.15840557 0.69399607 0.23255573
v 0.13103878 0.52673799 -0.11940552
v -0.09342730 0.68274397 0.27938867
v 0.04849313 0.69413525 -0.27635780
v -0.00547072 -0.04179377 0.16376968
v 0.13692057 0.36042023 0.11489315
v 0.13731512 0.07099690 -0.07736150
v -0.06334449 0.43217477 0.24350899
v 0.07550939 0.69366801 0.16963577
v 0.13302076 -0.03995097 -0.07272401
v 0.03539760 0.68649501 0.17363000
v -0.23331250 0.69438940 -0.14427038
v 0.09839719 -0.04127245 0.11789088
v 0.46068472 -0.51236236 -0.13529198
v 0.03397013 0.69367975 -0.18208055
v 0.04303679 -0.04162474 0.13149162
v 0.26271105 -0.35258782 0.44930017
v -0.14149973 -0.01363889 -0.10639607
v -0.09080637 0.69098872 0.13923939
v -0.26992974 0.68817157 -0.10392990
v -0.14675806 0.00013634 0.09696878
v 0.15409127 0.18868046 -0.08373433
v 0.12765251 0.11095686 0.12426516
v -0.15865000 0.68514001 0.09022790
v 0.12862861 0.65840536 -0.11952381
v -0.04616966 0.69434088 0.27475822
v 0.17347856 0.11847395 0.29661146
v 0.24948606 0.66693598 -0.15686519
v 0.07559605 0.68638301 0.15651610
v 0.11568101 0.69396836 0.15442750
v -0.16620053 0.08146989 -0.02154592
v -0.02922412 0.46339276 -0.17060709
v 0.12954180 -0.04147871 0.05748655
v 0.36719507 0.04997530 0.06099034
v -0.24342316 0.41696763 0.07774953
v 0.06533417 -0.58030689 -0.43700370
v -0.04579668 -0.03959686 -0.14743502
v -0.28551435 0.05135698 -0.23625728
v -0.15801015 0.20268071 -0.27351823
v -0.04837593 0.69068635 -0.17291544
v 0.16036400 -0.03331970 0.03488980
v 0.21396619 0.69444633 0.15819970
v 0.24831849 0.43116623 -0.03474930
v 0.02488085 -0.02688457 -0.17000313
v 0.11438984 0.54046547 0.13355814
v 0.13385771 0.41747323 -0.11802575
v -0.00572211 0.43218538 -0.25128016
v -0.28249800 0.68742001 -0.06254600
v 0.21165414 -0.69426388 -0.25393412
v -0.02315808 -0.02971493 0.16757376
v 0.28542086 0.69088727 -0.03473998
v -0.04822741 0.68383002 -0.28854913
v 0.17731147 0.68143302 -0.00234828
v -0.06313618 0.69145805 -0.16642427
v 0.29424208 0.68071914 -0.02087583
v 0.04831300 0.69398510 0.17778879
v -0.28194401 0.68535399 -0.07622970
v -0.11594655 -0.03659826 0.11141716
v 0.29202014 0.29761758 0.00632468
v -0.19999801 -0.68517417 -0.29296988
v -0.28369719 0.16046281 -0.16448493
v -0.13240111 0.00071308 0.10950103
v 0.21666449 0.43704358 0.12775938
v 0.25699615 0.69344753 0.11793646
v 0.01597804 0.68346655 -0.17717965
v -0.15162724 -0.01844093 0.08273638
v -0.01763385 -0.04612111 0.15026098
v 0.22549407 0.67964458 -0.19049630
v -0.11794319 0.69158113 0.12451053
v -0.18528208 0.69402462 0.00691555
v 0.21046002 -0.67842215 -0.29423815
v -0.09045441 0.68802410 -0.27678627
v 0.13164400 0.68260902 -0.12106000
v 0.12757134 0.66907179 0.26527712
v 0.05585106 0.66717988 0.28868693
v -0.04549965 0.67844766 -0.16388316
v 0.00043606 0.27814293 -0.29485178
v -0.05545998 0.42520729 -0.14516090
v 0.15573002 0.68474048 -0.07733765
v -0.34726948 -0.69265085 -0.01367697
v -0.11396567 0.18732542 -0.12812720
v -0.35985443 0.07296550 0.00045613
v 0.17439479 0.68753427 0.23142895
v -0.29629803 -0.69432300 0.12503232
v -0.07836144 -0.04157063 0.12914391
v 0.03869345 0.43156943 -0.16697276
v 0.15790032 0.66824323 -0.24909727
v -0.13614897 0.45665592 0.10757171
v 0.10221066 0.69292217 -0.14960898
v -0.28477377 0.69272822 0.03477492
v 0.13950154 0.62856740 -0.25115213
v 0.22231139 0.67326051 0.19417773
v -0.33345053 -0.69383168 0.06949085
v -0.14461744 -0.03959508 0.04848720
v -0.12105356 -0.04581740 0.09785716
v 0.13234000 0.67226702 0.11780900
v -0.11741000 0.42274162 -0.12735614
v -0.05858876 -0.01550127 -0.15097903
v -0.06563266 -0.03465898 0.14077359
v 0.07560656 0.32435527 -0.27146867
v 0.10205800 -0.03375950 -0.13081101
v 0.02638695 0.45048589 -0.16917816
v 0.17765945 -0.67560667 -0.32063338
v 0.09404836 0.04189601 -0.14110653
v -0.17471738 0.68930101 -0.06194999
v -0.24620679 0.69362223 0.14147587
v -0.10618980 -0.01649653 -0.12619875
v -0.18483175 -0.52145159 0.43569380
v 0.02075334 0.69419640 -0.19252619
v -0.24486621 0.60364217 0.14175449
v -0.17412175 0.65277618 -0.04696794
v 0.12465662 0.48392838 0.12715322
v -0.20814262 -0.69431394 0.26337087
v 0.41506004 -0.60379815 -0.10613500
v -0.17193270 0.69403142 0.09069861
v -0.05388075 0.69439089 -0.18831953
v 0.02955331 0.20759870 -0.17071775
v -0.37370169 0.04862848 -0.01792977
v -0.17562830 0.08281323 -0.00714005
v -0.16131055 0.08253299 0.05247387
v 0.23357818 0.69444144 -0.12135860
v 0.24393597 0.06111472 -0.27032256
v 0.17411019 0.42986888 0.02374752
v -0.09000876 0.69163364 -0.15857780
v -0.00095026 0.17462806 0.32342029
v -0.34246519 0.06368280 0.11773284
v -0.15946023 0.69440621 0.11368623
v 0.20659387 0.69422561 0.18790990
v 0.15774108 -0.04148420 0.00695206
v -0.39579731 -0.05709430 -0.22564866
v 0.01204881 0.15590823 -0.16399883
v 0.18931493 0.69407749 0.20635110
v 0.17131679 0.69259763 -0.04836046
v 0.03584462 0.28902566 -0.17229143
v 0.07650268 0.68883914 -0.28021771
v 0.25383493 0.69444734 -0.05507621
v -0.04154494 -0.01908633 0.15894949
v 0.26703295 0.68436426 0.12050416
v 0.09795081 0.69443440 -0.17571010
v -0.13027614 -0.03211134 0.10784332
v 0.07304017 0.68289858 -0.14979048
v -0.17462930 0.48815113 -0.02700395
v -0.16176091 0.68327481 -0.07237120
v 0.26452288 0.05042388 0.26325518
v -0.32959279 0.05702665 0.15943508
v 0.12550797 0.16384256 -0.10707318
v 0.19742902 0.66688013 0.21798156
v 0.12731661 0.58217752 -0.12145133
v -0.14212450 -0.04147981 -0.02086452
v 0.09029899 0.68750292 -0.27697220
v 0.28192401 0.68537003 -0.07622970
v -0.35845366 -0.68182445 0.02024083
v -0.25639611 0.68273807 0.14643739
v 0.19846338 0.66835523 -0.21758588
v 0.26139432 0.69440246 0.08874667
v -0.06268662 0.69073647 -0.28067732
v -0.49654880 -0.22912847 0.14160305
v -0.31839228 -0.04585877 -0.31742918
v -0.15931100 0.68717003 -0.24240901
v -0.00036155 0.69442779 -0.21596584
v -0.38839069 -0.63847113 0.10497162
v 0.13927682 0.30536762 0.11117777
v -0.13336863 0.43176609 0.10005097
v 0.45055532 -0.24118324 -0.25644481
v -0.00028435 -0.00018263 -0.18074073
v -0.07629983 0.69323164 0.27279174
v 0.30885923 -0.69425619 -0.13694200
v -0.24535927 -0.48191866 0.42650515
v -0.03492933 -0.37605241 0.51482028
v -0.24890475 -0.69430679 0.22680199
v 0.18689951 0.68861032 0.01941064
v 0.30350780 -0.69423163 0.15187742
v 0.14005193 0.67285269 -0.10854173
v -0.33475068 0.11057932 -0.08925684
v -0.29519579 0.68187320 0.00696594
v -0.23595944 0.66967678 0.17505468
v 0.17473747 0.06120269 -0.32027528
v -0.17380923 0.16630538 -0.01257554
v -0.13460085 0.68104029 -0.11642893
v 0.04081974 0.17917612 0.17231828
v -0.16159600 0.68505502 0.07622970
v 0.14371394 0.50588799 -0.10206828
v -0.10659765 0.28418899 0.14068778
v 0.12599376 -0.00028439 -0.12110621
v 0.27255759 0.69376719 -0.07626963
v 0.05589482 0.36041829 0.16929616
v 0.13171600 0.59606522 0.12059081
v -0.14350092 -0.03524721 -0.04154122
v 0.44645706 -0.54993653 0.11765404
v -0.13114837 0.46405259 -0.21944571
v -0.18151714 0.33269888 -0.00016562
v 0.29812315 -0.69035268 -0.17896603
v -0.31380787 0.04763766 -0.20539014
v -0.13916394 0.60989708 0.10611309
v 0.00470966 0.69365841 -0.19434699
v -0.13727087 0.39506799 -0.11466983
v 0.17838104 0.69178718 -0.02128415
v -0.23643127 0.35421178 0.13778891
v 0.14463677 0.69253522 0.11763582
v -0.11195771 0.05924793 -0.10542811
v 0.25613129 0.69012403 -0.13265146
v -0.13298044 0.69376779 -0.24646156
v 0.12425401 0.04086230 -0.12463718
v -0.14009881 -0.04165651 0.09030540
v 0.18835366 0.46249676 -0.17233969
v 0.16870758 0.69387561 0.07479083
v -0.09464633 0.08637863 0.34232923
v -0.14684662 0.02768559 0.09732424
v 0.02685510 0.06903896 0.17523660
v 0.06075956 0.17920856 0.16470128
v -0.28566712 0.69172657 -0.02083029
v 0.29280600 0.68334299 0.02078990
v -0.27721572 -0.69425052 -0.19409308
v -0.00006049 0.54059798 0.18141980
v 0.11749841 -0.03186535 -0.12355639
v 0.06990730 -0.69422424 -0.33240724
v 0.12979278 0.65304798 0.12161402
v 0.15193285 0.44442749 0.20008616
v -0.17168309 0.11412627 0.29934701
v 0.12320407 0.69391781 -0.14517210
v 0.02806844 0.69444484 -0.26732448
v 0.09149708 -0.03327329 -0.13655695
v 0.12046658 0.00137997 0.12967061
v 0.36542681 0.05702683 0.02640874
v 0.24215791 0.08092824 0.26154464
v -0.00340740 -0.22930445 -0.51673859
v -0.12548769 0.16466014 -0.08965484
v -0.32198578 -0.58253312 0.30431911
v -0.17656854 0.65633798 0.23150349
v -0.10423000 0.68692303 -0.27032399
v 0.02076440 0.69146001 -0.18359400
v -0.02063621 0.43953329 0.24930897
v -0.11486880 0.14013498 -0.09448882
v -0.11751129 0.44102538 -0.22242311
v 0.12945592 0.49788654 -0.12012883
v 0.15179314 0.65435457 0.24977821
v 0.02086578 0.67894101 0.29447064
v 0.11778829 0.69419557 0.24794142
v 0.04932990 0.68555701 -0.28641501
v -0.00555707 0.68950599 0.18635656
v 0.00759118 -0.03654582 -0.17018512
v 0.22221868 -0.69177681 0.26487657
v 0.16868460 -0.02758352 -0.02349630
v -0.19430120 -0.66694939 0.32107544
v 0.04442541 0.69437695 0.26878247
v 0.05576741 0.20805855 0.16934864
v 0.34679225 -0.67915064 -0.10628348
v 0.14777926 0.66895580 0.08708165
v -0.11649029 0.67969584 -0.13441667
v -0.24496080 0.42203349 -0.06726522
v 0.16488968 -0.01843409 -0.03335037
v -0.28818733 -0.67611814 -0.22243619
v -0.23616222 0.66933793 -0.17500076
v -0.07506108 0.60313994 -0.27253479
v -0.14505658 -0.04005771 0.07629876
v -0.09041469 -0.03579004 0.12664278
v 0.50238168 -0.45216855 0.00928914
v -0.03407387 -0.69137502 -0.34690541
v 0.16812751 0.66936278 -0.02574719
v 0.13367607 0.32576883 -0.11742352
v 0.24165735 0.69444120 0.11530844
v 0.20782159 -0.69308352 -0.27008042
v -0.03110114 -0.04819194 -0.12808561
v 0.03500631 0.69366610 0.18426110
v 0.29288524 0.67986143 -0.03462201
v 0.07624723 -0.04103328 0.12814677
v -0.29502565 -0.69422919 0.15531021
v -0.26805487 0.68064231 -0.12117634
v -0.02274022 -0.01319160 -0.16973147
v -0.26189691 -0.69426697 0.21217892
v -0.17553951 0.06941306 0.01302359
v -0.22921966 0.68899101 -0.17435323
v -0.28544396 0.69336212 -0.00694265
v -0.09843480 0.07900263 -0.34382406
v -0.20111090 0.61655867 -0.20276120
v 0.22668266 -0.04627661 0.38839170
v 0.30831331 -0.67503840 0.19789214
v -0.13795109 0.54420346 0.10692819
v 0.11785714 -0.04125802 0.09902880
v -0.05892115 -0.01744999 0.14963235
v 0.33067966 -0.69412327 0.07821610
v -0.13184930 0.12422074 0.12134673
v 0.30088410 -0.67551249 -0.20647950
v 0.27804938 -0.51941043 -0.38431910
v 0.11712548 0.69056690 0.26409274
v -0.26085612 -0.04290915 -0.36021981
v -0.00699603 0.68953782 0.29053777
v -0.48062655 -0.37155566 0.18673509
v -0.13129784 0.67747873 0.26484734
v 0.14820911 0.69175673 0.10265721
v 0.00152089 0.12837011 0.17574948
v -0.02717232 0.05646195 -0.16631466
v 0.27175060 0.69197917 -0.09024386
v -0.07431652 0.09726175 -0.15245867
v -0.13272510 -0.67913640 0.33569089
v -0.25934738 0.69293332 0.11793610
v 0.27541587 -0.67715603 0.23723756
v 0.12712213 0.19380905 0.12212647
v -0.19219780 0.69441813 0.18507843
v -0.05329997 0.12373966 -0.16996807
v 0.28563297 0.69169360 0.02082302
v 0.02882264 0.09712606 0.17572865
v 0.29286525 0.66991067 0.02516831
v 0.15926801 0.68717301 -0.24241599
v -0.12855989 -0.47175553 0.47892001
v -0.13637026 0.20822583 -0.11535376
v -0.15768132 0.67737383 0.25014964
v -0.16238262 0.43543953 -0.05514876
v 0.11906713 0.43363842 0.22129248
v -0.26718801 0.69445467 0.01332608
v -0.18879993 0.69368851 -0.04058200
v 0.10270336 -0.03218816 0.13377288
v 0.33618140 -0.69430977 -0.02663200
v -0.15414210 0.48925737 0.08752991
v -0.14596005 -0.03060875 -0.07625522
v -0.14322302 -0.04214722 0.02073071
v 0.14895922 0.68129086 -0.25449678
v -0.13316818 0.66454470 0.10938474
v 0.16320756 0.68382847 0.05960314
v 0.33982530 -0.67900532 0.12296779
v 0.14481457 -0.03794392 -0.05570167
v -0.35631478 -0.67883730 0.06071749
v 0.05443227 0.41453481 -0.16909614
v 0.12219699 -0.68761498 0.32909799
v -0.15332872 0.05922753 0.05564591
v 0.06180640 0.69221455 0.16671838
v 0.10432700 0.68696201 0.27033299
v -0.03237124 0.69401991 0.18058981
v -0.17080478 0.59606040 -0.05296900
v 0.00003539 0.62377429 0.18131226
v 0.33342049 -0.12069579 -0.35336167
v -0.25104758 0.69442075 0.08632733
v -0.13726582 0.25646901 -0.11466202
v 0.28249300 0.68742400 -0.06262290
v -0.03483792 0.69028288 0.28649321
v -0.01820054 0.68201631 -0.17633991
v 0.14239316 -0.02886686 -0.07954969
v -0.00000118 0.59603715 0.18141817
v -0.14587925 -0.02928214 -0.09298584
v -0.13871986 0.48562884 0.10639998
v 0.05641913 0.17993313 -0.16762051
v -0.08285805 -0.01651632 -0.13833568
v 0.36284971 -0.43802795 -0.35305169
v 0.07090055 0.65651333 0.15191793
v 0.00173716 0.45711303 -0.17975375
v 0.10063815 0.67952991 -0.13493405
v 0.28672561 0.66750306 0.06859056
v -0.24841282 -0.09888861 0.40756077
v 0.15709005 0.66872042 -0.06071327
v -0.23868001 0.68303901 0.17030400
v 0.24725696 0.46060461 -0.06259241
v 0.12321891 0.67218184 0.12850389
v -0.35422891 0.06334268 -0.08322421
v -0.04863425 0.68462735 0.28721187
v 0.13309239 0.69368333 0.24698682
v 0.17396046 0.03996278 0.01807430
v -0.27330011 -0.32593656 -0.44459364
v 0.11478338 0.43306223 0.13140249
v 0.04475022 0.07004464 -0.16074295
v -0.17631549 0.27817824 0.01063231
v 0.17303810 0.68609977 -0.23299244
v 0.12967463 0.62484002 -0.11983962
v -0.13302426 0.04849736 0.10915762
v -0.41017964 -0.25733572 0.31385055
v 0.20273960 0.68460655 -0.21242295
v 0.12571354 0.14266397 -0.09807302
v 0.27536422 0.69432813 0.04851633
v 0.15556839 -0.02839451 -0.05126549
v 0.18093482 0.60989696 0.01396772
v -0.03429930 -0.04016017 0.15434241
v 0.08975165 0.16712694 0.14510153
v -0.25374869 -0.68123662 0.25644356
v 0.29518420 0.68183511 -0.00695576
v 0.18259385 0.69388700 0.04713598
v 0.01848061 0.04960558 -0.16871680
v -0.08022860 0.69432509 -0.17682068
v 0.05545982 0.38814154 -0.16940708
v -0.16675755 0.07221159 0.03461862
v 0.11414115 0.63812882 0.13341631
v -0.12796682 0.31190899 -0.12351423
v 0.27704790 0.66673714 0.09760918
v 0.26819494 0.07672349 0.23594706
v 0.00001892 0.01386267 0.18091913
v 0.24884661 -0.68736809 -0.24937837
v 0.05264357 -0.03074946 -0.15553626
v -0.39501256 -0.16875023 0.30554757
v -0.11859109 0.09841535 0.12843697
v -0.25052387 -0.52956802 0.39986557
v 0.01096165 -0.68093932 0.36051032
v 0.13547242 0.06031434 -0.33694521
v -0.12790561 -0.04729240 0.07006164
v -0.28251201 0.68741900 0.06257440
v 0.17267750 0.68933827 -0.03404861
v 0.20127141 -0.69432449 0.24589589
v -0.15220517 0.67608243 0.09236713
v 0.07741811 0.66589499 0.28403831
v -0.16659021 0.40575624 0.03063761
v 0.17596419 0.69444519 0.19744639
v -0.14261721 0.68135643 0.10483650
v -0.12452088 0.01463809 -0.11649905
v -0.16385497 0.44222224 0.19021042
v 0.12464719 -0.69428837 -0.31106225
v -0.17707685 0.12461916 0.01295759
v 0.14895046 0.68144107 -0.08981313
v -0.00014822 0.02084676 -0.18080883
v -0.00132345 -0.04577760 -0.14250626
v 0.25373828 0.69428182 -0.10033313
v 0.02932874 -0.04405818 -0.14763072
v 0.17137399 0.45072943 -0.01606322
v 0.44081673 -0.09725742 0.17252405
v 0.00189699 0.57503784 -0.27738884
v 0.09913692 0.11658712 -0.14377120
v 0.19717550 0.04619221 0.32161975
v -0.01065480 0.69442356 0.27525520
v -0.35830086 -0.67429328 -0.08260984
v 0.04836335 0.69367814 -0.17486843
v -0.08542285 -0.69403285 0.32974693
v 0.12018488 0.56831789 0.13075161
v -0.24427964 0.44566670 0.06240701
v 0.15099931 0.41520587 0.20533401
v -0.13051054 0.45677906 -0.12039364
v 0.35910487 -0.68018091 -0.02904183
v 0.02080155 0.69178683 -0.28586707
v 0.47157165 -0.16811852 0.16642286
v 0.13605501 0.68272156 0.11574064
v 0.07444198 0.46123180 -0.24402331
v -0.02921421 0.69445235 0.20309895
v 0.13384537 0.69401318 0.14525995
v -0.13814931 0.69443411 0.13679749
v -0.18734770 0.69230157 0.21535057
v -0.11382759 0.30546337 0.13395961
v -0.26342133 0.24284515 0.15340428
v 0.02960813 0.12498750 0.17549314
v -0.15760532 0.66794503 -0.24919942
v -0.14289261 -0.04196983 0.00686614
v -0.18020381 0.41486204 -0.00365967
v 0.31233650 0.07198957 0.17957595
v 0.03393828 0.43602857 -0.24772137
v -0.27723408 0.00661617 -0.30415961
v -0.18077771 0.27725899 -0.00256022
v -0.13641876 0.34655899 -0.11526953
v -0.15517479 -0.69280291 0.30750728
v 0.07305904 -0.67945540 -0.35418653
v -0.10580458 0.67615235 0.12464479
v -0.17528404 0.68115240 -0.02096040
v 0.26654470 0.51935893 0.00143628
v 0.02845983 0.20783050 0.17213380
v -0.28938043 -0.63323164 -0.28576797
v -0.14476244 -0.03984043 0.06234813
v 0.50515676 -0.30175102 0.13485233
v 0.01780955 0.68102217 0.17577668
v -0.13436328 -0.30003932 0.50531197
v 0.17515858 0.67227584 -0.23660813
v 0.18473965 0.42584351 -0.17324586
v 0.06319510 0.69168437 -0.28109708
v -0.02471398 0.05800339 -0.36436096
v -0.11785986 -0.04778745 -0.08648656
v 0.10406999 0.68823957 -0.27020752
v 0.24920329 -0.69431913 0.22301079
v -0.22413774 -0.69071889 -0.26574323
v 0.19516255 0.69442010 -0.18196303
v -0.12085360 0.16534601 -0.10841081
v 0.16897655 0.66930234 0.04072760
v -0.05357530 0.69441092 0.17829081
v -0.13190854 0.66924375 -0.26336026
v -0.28955662 0.68192190 0.04836446
v 0.13576044 0.44275022 -0.11534787
v 0.27681080 0.05882210 -0.23754892
v -0.13406011 -0.69383889 -0.31651685
v 0.14193475 0.04297667 0.09554631
v 0.13002127 -0.31115118 0.50637281
v 0.04539360 0.68096215 -0.16192521
v 0.18885288 0.69444466 -0.07114615
v 0.18737191 -0.24595106 0.48013905
v 0.25003394 0.45666963 0.04177526
v -0.35899812 0.06193063 0.04916579
v 0.27013400 0.21607831 -0.15642211
v 0.02059083 0.69313687 0.18680672
v 0.41518608 -0.10212246 0.23862445
v -0.27571994 -0.67865324 0.23414259
v -0.10594363 0.65337235 -0.27070129
v -0.12171906 0.66539395 0.26715258
v 0.02871479 0.40396279 -0.17060931
v 0.51519418 -0.24064454 -0.02938884
v -0.11984175 -0.69431239 0.31312895
v 0.17232938 0.69412917 -0.21980277
v 0.20811552 0.69122386 -0.20005180
v 0.13384141 -0.00016183 0.11337320
v 0.10039229 0.01394765 0.39450198
v -0.28589401 0.68883401 -0.03464990
v -0.30602720 -0.69430751 -0.13921125
v -0.15159664 -0.01710492 0.05546672
v 0.14768913 -0.03018024 0.07580440
v -0.25986007 0.53214294 -0.06986716
v -0.31787619 -0.67666113 0.18030748
v -0.02676258 0.66908389 0.16704266
v -0.06434992 -0.03537701 -0.14190342
v -0.17848170 0.43012092 -0.17858654
v 0.23871166 0.05226444 0.28279933
v -0.06799228 0.51456320 -0.25677401
v -0.26639912 0.68370599 0.12254146
v 0.16242513 0.68206692 -0.04825157
v -0.07940485 -0.04079787 -0.12990323
v 0.14392796 0.68974674 -0.11639275
v 0.12067328 0.66708380 -0.26790056
v -0.15640055 0.17638738 -0.05529242
v -0.23195982 0.69376695 -0.15983374
v -0.16432627 0.69305277 0.10034709
v 0.01541721 0.17894565 0.16924058
v 0.20135348 0.69313544 0.20138463
v -0.17475601 0.68795902 -0.22957200
v 0.17290901 0.68733001 0.04750050
v 0.09736013 -0.69423890 0.32376951
v 0.32689425 0.07119083 0.14678286
v -0.10459898 0.69378275 -0.25995535
v -0.28670487 0.06115585 0.22203416
v -0.21801452 0.69247365 0.18477391
v 0.00540471 0.68749398 -0.18656600
v 0.09251815 0.65111804 -0.27570078
v 0.17980711 0.45716301 0.01695631
v -0.01950462 -0.63583833 -0.40292794
v 0.05707460 0.32331139 0.16858156
v 0.17514281 0.10255878 -0.30224156
v -0.28538623 0.31164539 0.00168196
v 0.10451800 0.68680298 0.14580600
v -0.15589809 0.68672651 -0.08921891
v 0.40516201 -0.58282804 0.17176455
v 0.00274419 0.67210853 0.18069464
v -0.15353251 0.69445109 0.21087247
v 0.00895142 0.69437665 0.27677497
v -0.14437884 -0.03944262 0.03462608
v -0.31364861 -0.69344121 0.12563792
v 0.34993502 -0.03363430 0.26499665
v 0.33648926 0.14122310 0.03504720
v 0.09831968 -0.01629328 -0.13903011
v 0.00002602 -0.01587646 0.18111691
v 0.16542777 0.16634955 0.28093573
v -0.20320858 0.62741941 0.20354292
v 0.34488618 0.08582418 0.09311123
v 0.38023320 -0.57417482 -0.23643062
v -0.05515524 -0.04782595 0.11620499
v 0.13983269 0.18256830 -0.11170086
v 0.13040389 0.69444573 0.22789587
v -0.07587675 0.05524995 -0.36000392
v 0.14072682 0.26462367 0.10829803
v -0.10541452 0.62500817 -0.13995881
v 0.04621483 -0.04105443 -0.14711392
v 0.06227052 -0.04154405 0.12927650
v 0.30004728 -0.69427484 -0.15582193
v 0.09000325 0.69333655 -0.15689412
v 0.00146241 0.09728494 0.17516127
v 0.17744903 -0.69312865 -0.29327065
v -0.10868885 0.69436938 0.14991692
v -0.26375777 0.55437076 0.07207755
v 0.14366056 -0.04179142 0.03585082
v -0.19917101 0.68561500 -0.21330699
v 0.15038636 0.42564392 -0.20232640
v 0.15161364 -0.68973482 -0.31308129
v 0.31670386 0.21449415 0.00321836
v -0.05801499 0.42143384 0.15390968
v 0.03754098 -0.01551897 0.16596082
v -0.11362992 0.69443417 -0.17464003
v -0.19576168 -0.63308400 -0.35614371
v 0.11112925 0.65427870 -0.12927777
v 0.12975679 0.16642393 0.12045380
v -0.18909030 0.52599204 -0.19034249
v 0.14264569 0.58217752 -0.10510098
v 0.03075690 0.32576880 -0.17091171
v -0.02610362 -0.04831230 0.12816551
v 0.13164400 -0.03693040 0.09008960
v 0.09686900 -0.69363457 -0.32812038
v 0.31612834 -0.24348782 -0.40643194
v 0.17408039 0.69377351 0.21848822
v -0.13846906 0.18199252 -0.11232965
v 0.19312948 -0.69232148 -0.28356948
v -0.08783194 0.69440019 -0.26080534
v 0.12113366 0.67567301 -0.12468285
v 0.11818761 -0.16034615 -0.48602760
v -0.00125013 0.60163140 0.28229117
v -0.13961793 0.05505855 -0.06755838
v -0.34392238 0.06179575 -0.11787879
v 0.07931683 0.43892041 0.23826645
v -0.13123196 0.69416755 -0.14786063
v 0.02671684 0.46618414 -0.16909565
v -0.23618224 0.03062675 0.31072488
v 0.11733869 0.19270030 -0.12892757
v -0.35876656 0.06205042 -0.05032817
v 0.15839399 -0.03378340 -0.03269330
v 0.36350772 0.05678732 -0.03675132
v -0.27365446 0.20127754 0.15856199
v -0.16452864 0.67723060 0.02987671
v 0.01470249 0.43205437 -0.16703592
v -0.10389684 0.69335145 -0.15745252
v 0.13298661 0.68714941 0.25862953
v -0.07671811 0.68831015 -0.16007133
v -0.10499155 0.66652673 -0.14005506
v 0.32016870 -0.69427079 -0.11059455
v -0.08712785 0.25646898 0.14869341
v 0.03468509 0.69113088 -0.28437990
v 0.34493589 -0.69364202 0.02857820
v -0.13371412 0.38303348 -0.22928570
v -0.25933540 0.66715646 -0.13951251
v -0.20237672 0.69448489 0.13442522
v -0.02363072 0.05692604 0.16630532
v 0.17444411 0.66942048 0.23644477
v -0.44305453 -0.10253443 -0.17331415
v 0.07516493 0.43975469 0.15143295
v -0.03407045 0.66367817 -0.16807382
v -0.14002173 0.66737396 -0.10480867
v 0.28640100 0.68557000 -0.04939520
v 0.26954067 0.68929726 -0.10367531
v -0.15326211 0.24288271 -0.26348975
v -0.14090958 0.27725899 -0.10744493
v 0.14346360 0.22893494 0.10202345
v -0.26723436 0.69171786 0.10465937
v -0.12580891 0.06910691 0.12245220
v -0.41005722 -0.57614559 -0.17105031
v -0.07037166 0.37537718 0.25820029
v 0.10157596 0.05313214 -0.35673463
v -0.28614423 0.69229406 0.00694174
v -0.17514655 0.69389719 -0.21671009
v -0.06671643 0.69312513 0.15773450
v -0.15283374 0.56635576 0.09312351
v -0.19704178 0.65358335 -0.21511172
v -0.14989711 0.43984690 -0.08720549
v 0.25936267 0.37413800 0.07329042
v -0.10013010 0.30658922 0.14438570
v -0.17348100 0.68640000 0.02191230
v 0.18186025 -0.67650396 0.31742293
v -0.12770666 0.51464295 -0.12503715
v 0.15530561 -0.69423592 -0.29485366
v 0.21439543 0.66856766 -0.20276721
v 0.20010239 0.60287625 -0.20011353
v -0.11206160 0.55071509 -0.13717447
v -0.14252508 -0.04175407 -0.00699897
v 0.21014301 0.69445479 -0.15492418
v -0.20069219 0.41551739 -0.15698320
v -0.05129716 0.66794419 0.15382180
v -0.13155539 -0.03392429 -0.10745927
v 0.11934838 0.06935965 -0.10950458
v 0.00220776 0.69444275 0.21583076
v -0.26733187 0.07499962 -0.23805733
v 0.12616594 -0.04269023 -0.05648810
v -0.23811555 0.06177201 0.27457756
v -0.50390410 -0.44472709 -0.01385361
v 0.27657586 0.60895568 -0.06117801
v 0.26509473 -0.69431096 -0.19584471
v 0.14832252 0.27725899 -0.09702849
v -0.08244664 0.19150837 0.14997414
v 0.06295840 0.68684000 -0.15973000
v 0.05943920 0.66640574 -0.15356241
v 0.06279760 -0.03794222 -0.14466414
v -0.15211265 0.02157402 0.07269560
v -0.15367277 0.63750899 0.08916144
v -0.15937126 0.69381225 -0.23144916
v 0.00012620 0.55445802 -0.18154004
v -0.10280980 -0.03328261 0.12074333
v -0.22157334 0.43866646 0.11828774
v -0.50824279 -0.18968540 0.00814141
v -0.18033022 0.19279882 -0.00634761
v -0.20288792 0.68451178 0.21233068
v -0.17357448 0.13886751 -0.01158068
v 0.06980795 -0.01656028 -0.15112793
v -0.05628713 -0.04560723 -0.13397729
v 0.18093482 0.54752797 0.01396779
v -0.23274317 0.69386679 0.15881649
v 0.41138214 0.00833611 -0.00400219
v -0.01980849 0.69127727 0.17894554
v 0.28938442 0.63938278 0.00055677
v -0.46174026 -0.52019477 0.12049977
v -0.05001049 -0.02653049 -0.15510426
v 0.15452635 0.22925799 -0.26705551
v -0.35420451 -0.63263714 0.20056553
v 0.17776786 -0.01378261 0.00986459
v 0.14107552 0.65224445 -0.10689330
v 0.15293145 0.03717681 -0.06752227
v -0.06486623 0.14847460 -0.16084000
v 0.11463589 -0.63621724 -0.38714278
v -0.27990368 0.68014735 -0.09299982
v -0.10427831 0.17984505 0.14099127
v -0.10942353 0.44640324 -0.13489412
v -0.32722074 -0.69163853 -0.11639958
v -0.04855108 0.69407821 -0.27627793
v 0.22973301 -0.03809851 -0.38069794
v -0.37455758 0.04757798 0.01968314
v 0.23255865 0.69393277 -0.15839729
v -0.12639746 0.43753687 -0.12367063
v 0.44070157 -0.56158203 -0.11414558
v -0.08430529 0.19079553 -0.13670450
v 0.20259942 -0.69103390 0.28210917
v -0.31059259 0.06292574 0.18955229
v -0.21972053 0.65887094 -0.19269697
v -0.12049659 0.40312213 -0.12617338
v 0.04391691 -0.01725141 -0.16246073
v 0.43674603 -0.05187009 -0.12024241
v 0.07048338 0.53345585 0.26002657
v 0.27582106 0.69421923 -0.04654786
v -0.28436872 0.68306041 0.07664283
v -0.08446424 0.19344603 0.30701113
v -0.11467424 0.36041969 0.13308035
v -0.18920636 0.69439656 -0.06862438
v -0.10850007 0.25064263 0.13963005
v 0.45074487 -0.39228922 -0.25051251
v 0.17677449 0.01408483 0.01227726
v 0.13908745 0.47137973 -0.11139277
v -0.13019845 0.48520696 -0.12137815
v 0.12729916 -0.04123795 0.07630333
v 0.25040948 0.48918465 0.07260552
v 0.11778400 0.68479401 -0.26720500
v 0.02869434 0.38149300 0.17214863
v -0.13724059 0.09699963 0.11279803
v 0.13816370 0.69281852 -0.13268214
v -0.25837961 -0.68036634 -0.25354230
v 0.37740043 0.04610298 -0.00161167
v 0.12382738 -0.68474203 -0.33291620
v -0.11447949 -0.04774475 -0.00611356
v -0.34988910 -0.03516134 -0.26651609
v -0.13782059 0.13983639 -0.06202370
v -0.08080657 0.41848719 -0.13765445
v 0.08678747 0.16635658 -0.31430429
v 0.23550133 -0.67873734 -0.27483246
v 0.24127860 0.68586397 -0.16331211
v -0.10934163 0.45348713 0.12239917
v 0.10383168 0.06971236 -0.13474719
v 0.11517811 0.68268710 0.13581353
v 0.06647713 0.42430124 -0.24444258
v 0.15557189 0.67451441 0.25139967
v -0.15393080 0.60296714 0.08891247
v 0.06958348 0.69444340 0.18777801
v 0.35747907 0.05508416 0.09329234
v -0.14335884 0.51287675 0.10320672
v 0.07002828 0.37504169 -0.25838095
v -0.00697311 0.69351929 -0.28797984
v 0.18085526 0.48490918 0.01436534
v 0.14109829 0.32538578 -0.24369574
v 0.18168361 0.29112130 -0.00024931
v 0.10358209 0.69360435 0.15806963
v -0.15212740 0.19649932 -0.07843148
v 0.14782012 0.23253827 -0.09810653
v 0.30460486 -0.45173636 0.39515224
v 0.24969406 0.62817085 0.14285204
v 0.00052177 0.66515768 0.29433548
v -0.08700861 0.22182457 0.14872846
v -0.08309155 0.39159134 0.14978266
v 0.15168324 0.36870173 -0.08791408
v -0.14953379 0.03115068 -0.05318868
v 0.17987177 0.66925681 0.01531636
v 0.02708304 0.00658360 -0.16978988
v 0.28526533 0.69385648 -0.00693626
v 0.13603574 0.52309161 0.11276106
v 0.18798399 0.38082778 -0.18856864
v 0.34635088 0.05944909 -0.11382450
v 0.11403824 0.02814506 0.13380609
v -0.13662605 -0.04279804 -0.06007424
v -0.11210293 0.50288421 -0.13711600
v 0.13013217 0.24825113 0.11996823
v -0.10969806 -0.01751589 0.12194577
v -0.13290592 -0.04355146 -0.09209381
v 0.06301527 0.05568967 -0.36129549
v 0.03074547 0.23567982 -0.17092599
v -0.28847513 -0.63408118 0.28559473
v -0.01057143 -0.04579067 0.01546498
v 0.22179259 0.47586015 0.13231455
v -0.05971385 0.10400486 -0.16840875
v 0.06158633 0.69422930 -0.17355078
v 0.00006294 0.60989487 -0.18152660
v -0.00078815 0.66761565 -0.18094563
v -0.19180663 -0.69295961 0.28401005
v -0.24579223 0.60922551 -0.14241032
v 0.26683658 -0.58269566 0.35000038
v 0.37491855 -0.10268211 0.29266384
v -0.00679101 0.16781420 -0.16064787
v 0.35803962 0.00564102 0.20699440
v 0.02600581 0.44257811 0.17089657
v 0.13632385 0.44545251 0.11240495
v 0.30509141 0.09860454 -0.17327298
v 0.10865872 0.69444889 -0.23970498
v -0.34108707 0.09454574 0.08773687
v -0.12982994 0.63788491 -0.12185485
v -0.04715357 0.43792519 -0.24592115
v 0.27520230 0.69443274 0.03297873
v 0.36098513 0.07117740 -0.00278889
v -0.27453712 0.60967749 0.07271939
v 0.19418202 0.34638935 0.19611546
v 0.12029136 0.51287800 0.13034405
v -0.00697784 -0.69321948 0.34374920
v -0.22338365 0.44517192 -0.11650010
v 0.51512319 -0.24238224 0.03185478
v -0.13030617 0.02877985 0.11082155
v -0.25172290 -0.32261613 0.45751694
v 0.16039135 0.69444281 0.12177888
v -0.15839650 0.69444352 -0.21477662
v 0.50720620 -0.39916295 -0.06513304
v 0.02092548 -0.04086746 -0.15893985
v -0.23867700 0.68303800 -0.17030400
v -0.10225234 0.41557166 0.14224067
v 0.00045263 0.63785774 -0.18132563
v 0.34510824 -0.69057715 0.05490775
v -0.15131490 0.15363047 -0.04265526
v -0.12730612 0.41242862 0.22333911
v -0.25380132 0.08595495 0.24887525
v -0.24214943 0.33940950 -0.13571081
v -0.18784086 0.37464908 -0.19088204
v 0.13273700 0.68911207 -0.25681686
v -0.18713500 0.69038498 -0.21768001
v 0.15816626 0.68623734 0.07640249
v -0.10511448 0.15951164 -0.11316665
v -0.20317768 0.43273750 0.14678948
v -0.11179815 -0.63739091 -0.38730630
v 0.16577789 0.14803141 -0.28815505
v -0.12085713 0.41828170 -0.22471330
v -0.17083099 0.54059798 -0.05294589
v 0.13127945 0.50477260 -0.22878055
v -0.00000737 0.48517635 -0.18124858
v 0.21723390 0.69353628 -0.18178576
v 0.27853432 0.58146870 0.00132462
v 0.05321344 0.41750231 0.16849490
v -0.00368962 -0.16501823 -0.50224340
v -0.12518123 0.66440779 -0.12630408
v -0.16921890 -0.67447048 -0.32597166
v -0.15347545 0.45777276 0.08655927
v 0.34113815 -0.69291890 -0.05576092
v -0.21332900 0.68561000 -0.19914100
v -0.15757644 0.66867483 0.06963249
v -0.15012437 -0.01734718 -0.00691980
v -0.05648569 -0.56252044 0.44871318
v 0.24116603 0.58865690 -0.14207333
v 0.00012832 0.52673799 -0.18153985
v -0.14717671 0.05599058 -0.04841309
v -0.19855078 0.66858834 0.21753642
v 0.04962898 0.15228437 0.16488819
v -0.17512263 0.45558769 -0.02905885
v -0.10120158 0.01046236 -0.39708820
v 0.36405310 -0.30350474 -0.37511107
v -0.33726218 -0.69430351 0.01434427
v 0.18093427 0.51287442 0.01397872
v -0.06994203 0.06617733 -0.15245908
v 0.25991747 0.40361491 0.00203611
v -0.29311594 0.67803818 0.03470112
v 0.26427603 0.55219483 -0.06828617
v -0.12687458 0.46163899 0.22183034
v 0.14538102 0.28286591 0.09872833
v -0.06702401 0.48321697 0.25088817
v 0.18093482 0.58217752 0.01396780
v 0.07809171 0.05891529 -0.15069112
v -0.27270746 0.60111797 -0.07297794
v -0.25492910 -0.42971009 0.43934444
v -0.45540109 -0.05665591 0.00388934
v 0.10539571 0.69443345 0.17405707
v -0.18782198 0.69413441 -0.02017895
v 0.16298807 0.69444138 -0.12820774
v 0.03467602 0.66620660 0.16705574
v 0.25015858 -0.42414585 0.44350353
v 0.07442381 0.69323415 -0.16231298
v -0.29999435 0.11019554 0.17357144
v -0.34614941 -0.13344198 0.34828606
v 0.19430195 -0.63201380 -0.35771775
v -0.15014558 0.04723117 -0.02769443
v -0.27291453 0.69312799 -0.07626920
v 0.06660137 0.06364103 0.15531102
v 0.19976293 -0.32664788 -0.47874081
v 0.18807194 0.69444299 0.06524625
v 0.35809141 -0.46937409 0.34412229
v 0.15927300 0.68717700 0.24241801
v -0.20089474 0.07001396 0.29826272
v -0.17666788 0.17772208 0.00974728
v -0.27545884 -0.69428551 0.19442932
v -0.28931186 0.66580278 -0.04611127
v -0.24512829 0.69438189 -0.12736864
v 0.48960578 -0.43996036 0.12603647
v 0.05626092 0.15100697 -0.15963078
v -0.25083604 0.29793221 -0.14408445
v -0.09802473 0.04774738 0.12891978
v -0.07884888 0.04577181 -0.14033544
v 0.09611838 0.43139780 -0.23141086
v 0.07179280 0.57509971 0.26803640
v 0.21020976 0.06766772 0.29218629
v 0.06665330 0.48259348 0.25088659
v -0.22849698 0.49957392 0.13016497
v 0.01998315 0.65421247 -0.29060146
v -0.29295689 -0.69426233 -0.16851823
v 0.17673771 0.68405658 0.03117668
v -0.04333119 0.66878849 0.29040617
v -0.26239213 0.25053954 -0.15072295
v 0.24338016 0.59528118 0.14113596
v 0.12741987 0.13826649 0.12435767
v -0.16476846 0.06433456 -0.01351972
v 0.20054002 0.01424210 -0.35427004
v 0.20817314 0.69445080 -0.00667805
v 0.27742812 -0.66831827 -0.24912089
v 0.37775746 -0.58105189 0.23296675
v 0.12448481 0.28269967 0.12406551
v 0.30579481 0.05524132 0.20413516
v 0.09414681 0.09912130 -0.14898477
v -0.09731295 0.43723765 0.23043081
v -0.14577743 0.69346452 -0.24416167
v 0.13897505 -0.01705650 -0.09253151
v 0.09036214 0.11940254 -0.33119935
v 0.40500778 -0.52694052 0.24584541
v 0.01074924 -0.44025782 0.50521678
v 0.05661354 0.65314132 -0.28558597
v 0.08980539 0.68839490 0.15184779
v 0.12630577 -0.02466337 -0.11679426
v 0.18135597 0.12482286 0.00037796
v -0.26333627 0.67087239 0.13256694
v -0.14606895 0.05938582 0.33326069
v -0.24826260 0.67005235 0.15892795
v -0.05512550 0.07216799 -0.16629146
v -0.11220870 0.08035595 -0.09847695
v 0.14870076 -0.67894781 0.32905707
v 0.18155791 0.35357177 -0.00059158
v 0.07423447 0.56051868 -0.26437899
v -0.08368535 0.18102771 -0.31063449
v -0.13225070 0.51126420 0.22991376
v 0.36325872 -0.21531381 0.36340785
v -0.49667269 -0.23016272 -0.14211281
v 0.15699422 0.66965067 0.06700132
v -0.34436759 -0.69228184 -0.04622053
v -0.15096766 0.05435540 0.02080100
v -0.52256846 -0.28752440 -0.00203770
v -0.45025209 -0.22832900 0.25251111
v 0.06463356 0.40652204 0.25052267
v -0.03495059 0.68546385 0.16786869
v 0.31857702 -0.63684517 0.24308132
v -0.03085977 0.45231992 0.16474541
v -0.28725231 0.66455603 0.06287890
v 0.12548836 0.45967585 0.12663233
v 0.14263979 0.19038704 0.10383486
v -0.12596108 0.28839251 -0.12427929
v 0.22026445 -0.52612460 -0.41905299
v -0.34869123 -0.03463081 0.26767430
v -0.43675396 -0.51704270 0.18732762
v 0.00003089 0.51287776 0.18141598
v -0.24243100 0.68716699 0.15928100
v -0.00337745 0.61588621 -0.28488147
v -0.43164784 -0.58120352 -0.10318253
v 0.37515888 -0.27537674 0.36113375
v 0.11268245 -0.04311600 -0.08496738
v -0.02834718 0.08479168 -0.16802698
v -0.12669936 0.06723023 -0.07828989
v -0.07555328 0.60866386 0.27353460
v -0.14328440 0.31895432 -0.24449962
v -0.30474705 0.24248438 0.00090922
v -0.23615082 0.69446236 0.11698585
v 0.13034688 0.54120183 0.12158651
v 0.08906107 0.41584122 -0.14656451
v -0.27075076 0.54043156 -0.00049759
v 0.12748180 0.47462320 0.22424339
v 0.16303438 -0.01796989 0.04460482
v 0.30482838 -0.45153672 -0.39507473
v -0.12613031 0.60989219 -0.12695512
v 0.13187908 0.62378466 0.12049450
v -0.41910586 -0.02169243 -0.11207183
v -0.26267192 0.36073142 -0.06926176
v 0.12907130 0.64454699 -0.11918847
v -0.40885863 -0.27129698 -0.31777850
v -0.29276836 -0.69277871 0.17909189
v -0.24908651 -0.62017560 -0.33087856
v -0.43777272 -0.03698014 -0.05357241
v 0.00204238 0.17920205 -0.32212654
v -0.05625678 -0.69416004 0.33525598
v -0.11183038 -0.58337194 -0.42871633
v -0.34003663 -0.52575564 -0.33120814
v 0.27321753 0.60194808 0.07198732
v 0.13560803 0.49618146 0.11357375
v 0.10405370 0.69436377 0.25295171
v 0.20460288 0.29458758 0.20611799
v -0.17688432 0.16246141 -0.27407077
v 0.11619604 -0.04315042 -0.43242776
v -0.21261206 0.68784231 0.19844031
v -0.18196028 0.07739956 -0.30853537
v -0.12595798 0.32997242 -0.12428392
v -0.14418089 0.60940629 -0.24468689
v 0.30433464 0.25546262 0.00516316
v 0.12505941 -0.30530345 -0.50733453
v 0.12501977 0.08265130 0.12587178
v 0.07085444 -0.04394913 -0.11487970
v 0.11849900 0.68460202 -0.13128600
v 0.03292201 0.66789889 -0.16597721
v -0.11583727 0.69439745 0.24844769
v 0.05350891 0.20743388 -0.17012867
v -0.16145225 0.45768988 0.04756803
v 0.13368005 0.23568167 -0.11742051
v -0.02690474 0.69445372 -0.20206107
v 0.24485062 -0.68930292 0.25190911
v 0.18205898 0.18049684 -0.00189832
v -0.36893716 -0.33809942 0.36892241
v 0.07617098 0.61625379 0.27486381
v -0.21417333 0.25036475 0.21386330
v -0.08026843 0.24396648 -0.29355478
v 0.01633806 -0.04227151 0.06590496
v 0.43398905 -0.17134532 0.25620466
v 0.16681600 0.69415760 -0.07620724
v 0.00241173 -0.68147385 -0.36046875
v -0.08186927 0.46273774 -0.24172860
v 0.27449602 -0.10069159 0.38789329
v 0.28013650 0.64891434 -0.07906009
v -0.16657405 0.43204194 0.02724374
v -0.07697270 0.68855631 0.14626178
v -0.45110273 -0.38039410 -0.25457656
v -0.20091893 0.31783545 -0.20042866
v -0.17402862 0.51287866 -0.04731914
v -0.24260588 -0.16114914 0.43783200
v 0.16681629 0.69446760 -0.19715524
v 0.39640108 -0.16791129 -0.30365381
v -0.00667303 -0.04563208 -0.04825350
v 0.39852619 0.00619545 -0.10970533
v 0.34907541 -0.69192713 0.00035120
v 0.49435672 -0.20915617 -0.13640858
v -0.23313899 -0.16369528 -0.44287887
v 0.09228836 -0.04336204 -0.12188242
v -0.27102402 0.04841517 0.26007792
v -0.07432827 -0.67718601 -0.35641733
v -0.40959129 -0.37063447 0.31296095
v 0.30672392 -0.17129789 0.39506176
v -0.33623925 -0.69420886 0.04179158
v -0.14123517 0.37371036 -0.10661562
v -0.28670573 0.66790468 -0.06891280
v -0.17156221 0.66269511 -0.01120722
v -0.01381517 0.14186104 -0.16652292
v 0.20959522 0.64981449 0.20279880
v -0.12346578 -0.58429289 0.42440498
v -0.15546463 0.22890829 0.26659516
v 0.06303039 -0.03332083 0.14874028
v -0.32247370 0.17789231 0.00053285
v 0.20391865 0.63485849 -0.20481309
v 0.03343759 0.17583317 -0.16823527
v 0.00693978 0.68155444 -0.29478443
v -0.21564840 0.35996628 -0.16278557
v 0.13613293 0.29233891 -0.11574691
v 0.07887245 0.11753926 -0.15718874
v -0.01904997 -0.63043463 0.40709817
v 0.40898281 -0.38045871 -0.31165275
v -0.20051925 -0.27703914 -0.47829479
v 0.28809050 -0.69428444 0.17749871
v 0.01622101 -0.04141515 0.12340165
v -0.19440140 0.69441235 0.04768363
v -0.08196316 0.44697419 0.13725406
v -0.27541971 0.69438052 -0.03307655
v -0.33615139 -0.52067441 0.33874494
v -0.48419017 -0.11554639 -0.00687124
v 0.15693533 0.43062150 0.06964596
v 0.22994861 0.44124040 -0.09863206
v 0.47936854 -0.10347708 0.00515641
v 0.14723451 0.32576880 -0.09951266
v 0.23907129 -0.64495957 0.31302813
v 0.04772678 -0.68153369 0.35508206
v 0.35058090 -0.17951240 -0.36449116
v 0.14302842 0.61556548 0.24663405
v 0.17566876 0.65611982 -0.23216853
v 0.00105183 0.42902878 0.16675010
v 0.00012622 0.58217752 -0.18154004
v 0.11733510 0.46369392 -0.12637407
v -0.14945123 -0.01524578 -0.04401545
v -0.29066953 -0.51531827 -0.37703830
v 0.31088945 -0.03395926 -0.31500173
v 0.23142029 0.51989955 0.13309130
v 0.13531633 0.36100280 -0.23569247
v 0.13395049 -0.16806065 0.48489329
v 0.14092439 0.03474212 -0.09953744
v 0.07327437 0.33211124 0.26996329
v 0.19577371 0.43661404 0.15618494
v -0.10977522 0.27032900 0.13865444
v -0.18144520 0.39682198 0.18854217
v 0.00459492 -0.51827133 -0.47825068
v 0.06965410 -0.69399226 0.33349749
v -0.12596473 0.26612550 -0.12427378
v 0.15636842 -0.04071991 -0.02246679
v -0.32265136 -0.07269835 0.33353919
v -0.11357547 0.47145873 -0.13644046
v -0.34054801 0.12620910 0.00168490
v 0.33568040 0.04480936 0.17432790
v 0.32238179 0.14443025 -0.08602473
v -0.17086092 0.47881153 -0.05338001
v -0.25171936 -0.37457037 0.45307535
v -0.42835900 -0.04429686 0.13066834
v -0.22505383 0.39882335 0.13229145
v 0.35402793 0.01299574 -0.20294361
v -0.30582911 -0.67990726 -0.19279101
v -0.18369511 0.42680797 0.17387047
v 0.18124163 0.15261868 0.00078074
v -0.37847012 -0.58086187 -0.23239104
v 0.41906765 -0.59877908 0.10528086
v -0.01175608 0.15811057 0.16687809
v -0.01006935 0.43334550 -0.16052434
v 0.18183467 -0.69432104 -0.26848295
v -0.27588153 0.69422549 -0.04851579
v 0.35602212 0.06032844 -0.07840434
v -0.10368466 0.68940598 0.13207066
v 0.24639653 0.10350774 -0.24751027
v 0.28995097 0.66882402 0.04672860
v -0.06812767 0.65012795 -0.28317788
v -0.36158040 0.00004255 -0.20907794
v -0.00554508 0.06787772 -0.16566996
v 0.25970662 -0.22217990 0.44489485
v 0.02866500 0.24260642 0.17211860
v 0.19758224 -0.63312483 0.35519761
v -0.46100077 -0.52014452 -0.12437776
v 0.05578427 0.33269888 -0.16931091
v -0.40763825 -0.03660348 -0.16772692
v -0.12509984 0.15281045 0.12319164
v 0.18134217 0.09700952 0.00072865
v -0.08167263 0.65696311 0.13743807
v -0.24856690 -0.38245901 -0.45357224
v 0.28491780 0.69378990 -0.02082327
v 0.12720220 -0.57952803 -0.42617938
v 0.38797069 -0.64403701 -0.07946300
v -0.09112763 -0.03650527 -0.12692921
v -0.16413386 0.16698863 0.28140613
v 0.11451822 0.60296738 0.13340694
v -0.24480495 0.31942666 0.14255075
v 0.14969788 0.15892453 -0.05676908
v 0.02521434 0.04101466 0.17113210
v 0.13690746 -0.45241556 -0.48351681
v 0.13192093 0.45868784 -0.21798339
v 0.35553297 -0.63124901 0.20002690
v 0.32799110 0.17501254 0.00352202
v -0.19548941 0.57456362 -0.19702126
v 0.09259468 -0.68166578 0.34844905
v -0.34539104 -0.68284136 0.09771436
v -0.17277351 0.69153184 0.04844250
v -0.10396906 -0.69260794 -0.33138567
v 0.09167524 0.08125902 -0.34503287
v 0.18657894 0.51177430 -0.18892772
v -0.12417297 -0.01635723 -0.11683585
v -0.06912348 -0.67975712 0.35406280
v 0.39637357 0.00944285 0.10724963
v 0.33491912 -0.69345599 -0.08206316
v -0.40333152 -0.63744611 -0.00099265
v -0.43229306 -0.15644860 0.25007552
v 0.02814045 0.30549228 0.17198730
v 0.23153821 0.15605389 -0.23457105
v -0.11008178 0.58910733 -0.13804208
v -0.23685101 0.05801700 -0.27845079
v -0.00476696 -0.03344380 0.17223600
v 0.18322696 0.48336276 0.18454434
v 0.22950616 -0.69362575 -0.25038764
v -0.08814091 0.14305019 0.32252991
v -0.25064892 -0.22288716 0.44990441
v -0.16727138 0.66824055 0.01341405
v 0.45648086 -0.31880772 -0.25450182
v -0.13734812 0.56685770 0.23926765
v -0.06569661 -0.69424140 -0.33257499
v -0.18147868 0.24952275 -0.00046898
v -0.26273760 0.05085848 -0.26454675
v -0.50235027 -0.38106188 0.12357307
v -0.42787725 -0.58401948 0.11339361
v 0.25295368 0.45218828 -0.00351829
v -0.06895556 0.12420810 -0.15906136
v -0.13643906 0.35944992 0.23549083
v 0.11309657 -0.58299416 0.42859125
v -0.00001259 -0.09844553 0.47751486
v -0.00006048 0.56831789 0.18141980
v -0.13751203 0.54629439 -0.23445517
v -0.12035181 0.28418902 0.12426351
v 0.40541053 -0.58121431 -0.17396675
v -0.45439857 -0.29865703 0.25829434
v -0.19733641 0.58922273 0.19915831
v -0.44392043 -0.58191109 -0.00529458
v -0.29428762 -0.67710894 0.21304423
v 0.25708100 0.68762797 0.13353600
v -0.34445724 0.02117466 0.20606917
v -0.13254814 0.50611818 -0.22852346
v 0.10831884 -0.63764143 0.38807866
v 0.15972979 -0.03589831 0.41055384
v 0.13613294 0.26217908 -0.11574691
v -0.17435305 0.59603727 -0.02562460
v 0.13451800 0.51915783 0.23026933
v -0.48192495 -0.50736994 -0.01485657
v 0.25363874 0.28457582 -0.14678045
v 0.19117621 0.53795654 0.19145773
v 0.37005627 -0.64043266 -0.14630367
v -0.06121798 0.05749672 0.14950752
v -0.41631603 0.00165781 0.00564688
v 0.26048303 0.69389033 0.10469548
v -0.18998991 -0.44283554 0.46400288
v -0.32991290 -0.68649656 0.12353600
v -0.08604566 0.29305935 0.14891091
v -0.40691614 -0.51847208 0.24976227
v 0.48667717 -0.45060235 -0.12635742
v 0.14307596 0.06856188 0.10199906
v -0.20852917 -0.04371983 -0.39569914
v 0.50225919 -0.37040547 0.13132505
v -0.00224080 0.52519464 0.26758993
v 0.48021200 -0.12432601 -0.06638540
v -0.08798162 0.12759529 -0.32861078
v -0.01749265 -0.04006941 -0.44478986
v -0.31611577 -0.58368331 -0.31039816
v -0.04741338 0.16433765 0.15627134
v -0.12726440 -0.10261402 -0.46211797
v 0.18082987 0.63795412 0.01409867
v 0.34248081 -0.52752233 0.32697013
v 0.29997650 0.22108118 -0.08135303
v 0.03379171 -0.63832605 0.39876774
v -0.24462023 0.11213856 -0.24460965
v -0.50400728 -0.30469278 -0.13975222
v -0.00244404 -0.04354956 -0.16267802
v 0.18161830 0.31877315 -0.00028102
v -0.10531300 0.05047770 0.35811773
v 0.18172228 0.25647798 -0.00035405
v 0.49764231 -0.23382407 0.14091703
v -0.14918835 -0.36226609 0.49736828
v 0.10458116 0.16534157 -0.13428169
v -0.10446115 -0.01675099 0.41765127
v -0.17285068 0.11785028 -0.29705596
v 0.44144323 -0.58119398 0.02802554
v 0.47735977 -0.51872784 0.01216036
v 0.08004622 0.17924024 -0.15353951
v 0.00218281 0.01722820 -0.40457055
v -0.14516979 0.29715931 0.25044501
v -0.15591897 0.41640720 -0.20119743
v -0.15424804 0.53702480 0.08774740
v -0.16779858 -0.07278951 0.43022498
v 0.00729227 -0.51099467 0.48096949
v 0.31901214 -0.58290774 0.30762058
v 0.37658003 -0.51829171 -0.28897524
v -0.27958539 0.29739976 -0.07462981
v 0.04177635 -0.69420725 0.33680132
v -0.00125410 0.37493393 -0.26770946
v 0.34265214 0.12572026 -0.00107747
v -0.29786524 0.11897621 -0.17067388
v -0.35502937 -0.25208169 -0.37805414
v 0.36743367 -0.36469164 -0.36766112
v -0.10675404 0.38756359 0.14059077
v 0.28402314 -0.69410670 -0.18105270
v -0.04256307 0.17502178 -0.14893714
v -0.25504050 0.69444340 0.05393324
v 0.13526550 0.56831789 0.11436216
v 0.23706469 0.35297209 -0.13729434
v -0.19226463 0.00846722 0.36300650
v 0.42483601 -0.45425662 -0.26543278
v 0.33992153 -0.50689691 -0.34321070
v 0.07799526 0.27535895 -0.28506815
v 0.12002046 -0.23987216 0.50319237
v 0.00367185 -0.03254647 0.17455544
v -0.36741641 -0.38731796 -0.36387455
v -0.49756521 -0.38432199 -0.14141342
v 0.01308714 0.17897061 -0.16548857
v -0.31971788 -0.09703878 -0.35157499
v -0.33061349 -0.67731476 0.14935307
v 0.47006083 -0.50047672 0.11982096
v 0.06880595 0.69444710 0.25533396
v -0.18149045 0.36041421 -0.00037721
v -0.12873623 -0.31223661 -0.50671822
v 0.29388189 0.25650939 0.08485422
v -0.32934484 0.05015700 -0.17544097
v 0.13937497 0.20849268 -0.11194266
v 0.26661822 -0.29770094 -0.44956028
v 0.39384562 -0.63994658 0.06037138
v 0.12687668 0.39178690 0.12239842
v -0.37113971 -0.09969123 -0.29557344
v 0.18158685 0.39753327 -0.00193459
v -0.34945336 -0.46050298 -0.35776782
v 0.24483961 0.41944382 -0.07036529
v 0.21211448 -0.58295721 0.38857189
v 0.00017118 0.48497733 0.18131033
v -0.08585063 -0.04772152 -0.10346613
v 0.02866642 0.27725899 0.17211884
v -0.12188245 0.20837134 -0.12574758
v -0.43906620 -0.45303249 -0.24375604
v -0.28374416 0.16014566 0.16469213
v -0.00306252 -0.24040422 0.51829571
v 0.44233024 -0.38695723 0.26719049
v -0.41377464 -0.52063960 -0.23798095
v 0.44051397 -0.17065239 -0.24361077
v 0.05698781 0.26775643 -0.16859686
v -0.29775053 0.22854277 0.08153944
v 0.17896332 0.42910138 -0.00004317
v 0.02110675 0.05085991 0.37106559
v -0.03623358 -0.68056190 0.35762045
v 0.44169393 -0.58072668 -0.02855213
v 0.12739116 0.37606671 -0.12189447
v -0.31656155 0.16003914 0.08620254
v -0.36701038 -0.31416628 -0.37261039
v 0.21793270 0.45967305 -0.13245246
v -0.00185047 -0.10262522 -0.47932079
v -0.05615430 -0.45894182 0.49367246
v 0.11697239 -0.09983918 0.46328887
v -0.26352894 -0.22148897 -0.44248384
v -0.50410390 -0.30488732 0.13893785
v -0.36810890 -0.27120271 0.36874211
v 0.13407169 0.36619124 0.23465022
v -0.31285080 -0.37048241 0.40957341
v 0.12701632 0.32946083 0.12229095
v -0.17447051 0.66908741 -0.23637518
v -0.08369056 -0.04578421 -0.11781640
v 0.23573518 0.54784793 -0.13622846
v 0.08445305 0.08232874 -0.15597513
v -0.18142748 0.30505037 -0.00079594
v 0.03081624 0.36733368 -0.17095166
v -0.34978503 -0.14235495 -0.34918106
v 0.14453906 0.33421609 0.10315087
v 0.02063286 0.66878760 -0.17172007
v -0.45547852 -0.31217933 -0.25698203
v 0.47451931 -0.50928974 -0.06197396
v -0.15121667 0.05061015 0.03841200
v -0.26747793 0.37533411 0.00137767
v -0.31217632 -0.38739154 -0.40732098
v -0.18429960 0.05390417 0.32097217
v -0.09139495 0.07087784 -0.12823753
v 0.03333339 0.33981240 0.17301193
v 0.16022021 0.18567096 -0.27758461
v 0.31909090 -0.27257872 0.40752399
v 0.37353143 -0.33845302 0.36392999
v 0.42757609 -0.46285900 0.25731796
v 0.32424647 -0.67829132 0.16274852
v 0.20928542 0.27134481 -0.21059589
v -0.00037297 0.24283518 0.30470383
v -0.00915131 -0.45289424 -0.50207233
v -0.07475636 0.31959099 0.27316704
v 0.19040442 0.67914248 -0.22515211
v 0.18804860 -0.23869692 -0.47877169
v -0.00008750 -0.30954409 0.52313477
v 0.11473477 0.05804775 0.34683263
v -0.48237863 -0.15859896 -0.13213040
v 0.24106301 -0.09613699 -0.41083831
v 0.15608837 0.22830072 0.26642382
v 0.00746325 -0.69428843 -0.33824301
v -0.27299789 0.20202911 -0.15917800
v 0.04236059 -0.69284958 -0.34361210
v -0.02399359 0.03183765 -0.16924670
v -0.29850885 -0.01345047 0.30662674
v 0.20214786 0.62268138 0.20339566
v -0.37614244 -0.10091377 0.28982833
v -0.21640490 -0.57977474 -0.38902107
v -0.08604567 0.33463913 0.14891091
v 0.20158720 -0.35642278 0.47604287
v -0.45138010 -0.24159303 -0.25474298
v -0.26074535 -0.69386011 -0.21892455
v 0.35541776 -0.67641360 0.08631013
v 0.08065367 0.24204084 0.29404140
v -0.23141560 0.16531800 0.23017129
v 0.08216520 0.22110593 -0.29969126
v 0.28660440 0.01592347 -0.28743723
v -0.29785243 0.22943214 -0.08011902
v -0.23591647 0.55446833 0.13819103
v -0.13726582 0.29804900 -0.11466202
v 0.32659277 0.13957065 0.09845287
v -0.02090653 0.67949891 0.29433000
v -0.11875803 0.33269888 0.12736110
v 0.00059313 0.22957367 -0.30838051
v 0.05578428 0.30497900 -0.16931090
v 0.13816755 0.55525297 -0.23593788
v -0.14116080 0.31955403 -0.10679764
v 0.23836578 0.56115162 0.13680947
v -0.18129593 0.38848794 -0.00129103
v -0.31426919 -0.26924288 0.41105497
v -0.24691747 0.46454722 -0.06698987
v 0.44635195 -0.04321919 -0.02108121
v 0.00063640 -0.02643587 0.43768016
v -0.17502484 0.62426090 -0.04546532
v -0.07125720 0.66839427 -0.15333121
v 0.49878961 -0.37589198 -0.14153689
v -0.07186211 0.37368119 -0.25820497
v 0.24551766 0.31947815 0.14072199
v -0.03611790 0.68616903 -0.17387000
v 0.02867799 0.41852883 0.17210488
v 0.17323136 -0.04669964 -0.41210407
v -0.40607512 -0.41735172 -0.30535364
v 0.18099476 0.06408430 -0.00019014
v 0.14362511 0.61682200 -0.10211562
v 0.22275728 0.20111962 0.22473441
v 0.45303741 -0.31228030 0.26156196
v -0.14879553 0.17877124 0.06642561
v 0.31072611 0.05678024 -0.19575961
v -0.45910582 -0.10501096 0.13776423
v 0.07447089 0.06131427 0.35608032
v -0.00060193 -0.16977333 0.50370008
v 0.24190952 -0.63950461 -0.31678233
v 0.08219362 0.66776407 -0.14284675
v 0.05589372 0.23567715 0.16929673
v -0.20966727 -0.58115363 0.39098334
v -0.12834133 0.57524759 -0.12414315
v -0.15090054 -0.01751690 0.02777691
v 0.33308360 -0.10087539 0.34314448
v 0.21581593 -0.58187914 -0.38786173
v -0.13332243 -0.45194632 -0.48480320
v -0.14259574 0.61535192 0.24702074
v 0.24718831 0.62763661 -0.14668910
v 0.28697398 -0.63303059 0.28834048
v 0.51726156 -0.38170025 0.01123034
v 0.42022601 -0.51578182 -0.22925010
v -0.14639877 0.15595689 -0.29355115
v -0.27460179 0.66390979 -0.10203647
v 0.16678275 0.16377185 -0.02747229
v -0.23099311 -0.69435495 0.24437928
v 0.08315858 0.15499236 -0.15472423
v -0.00854597 -0.58104640 -0.44416058
v 0.14370300 0.54752803 -0.10213534
v -0.15240565 0.42930859 0.06074112
v 0.27549347 0.31879556 0.07869934
v 0.31360665 -0.37116671 -0.40906492
v 0.26121417 0.23557718 0.15943596
v 0.14034981 0.69445032 -0.22413759
v 0.26146016 0.53972524 0.06968720
v -0.07664525 0.68180460 -0.28458017
v -0.27888590 0.29830885 0.07634287
v -0.40245414 -0.17211524 -0.29750383
v 0.00450444 0.69359982 0.19623816
v -0.23458287 -0.51659280 -0.41738066
v -0.15333420 0.66852081 -0.08211820
v 0.13658407 0.15774451 -0.08013215
v -0.02922410 0.42195997 -0.15287367
v -0.18426427 0.50003153 0.18800838
v -0.36081326 -0.20207311 0.36190957
v 0.25790265 -0.22767486 -0.44722962
v -0.36234176 -0.19871011 -0.35931411
v -0.31466055 0.16637996 -0.08539645
v -0.06280604 0.05347359 0.36328411
v 0.50463057 -0.29404894 -0.13630706
v -0.38737008 -0.58090299 0.21806012
v 0.28563932 0.15517509 -0.16480361
v 0.10162584 -0.03797241 0.43221411
v -0.26588330 -0.58639890 0.34791404
v 0.37247720 -0.24126121 -0.35985485
v 0.24400449 -0.42277527 -0.44674820
v 0.25941113 -0.36495632 -0.45020619
v -0.08342873 0.15320307 -0.13833207
v 0.41620502 -0.10108079 -0.23644714
v -0.19377410 0.35328263 0.19379368
v 0.14283524 -0.02522981 0.09166848
v 0.22901577 0.16050279 0.23485710
v 0.25996268 -0.28481492 0.45262218
v 0.50379747 -0.17051019 0.00012673
v -0.02480965 0.16593333 -0.15585265
v -0.04861133 0.68915242 0.16226456
v -0.06211716 0.46389219 -0.15727890
v -0.50355941 -0.19889981 -0.06300528
v 0.13102199 0.60296702 -0.11930844
v 0.22093342 -0.10075230 0.42271549
v -0.25981632 0.48336896 -0.00135854
v -0.05936852 0.09001395 -0.16839243
v -0.11104094 -0.09381832 0.46140376
v 0.13423882 -0.45192230 0.48449460
v -0.13090454 -0.17073622 -0.48653719
v -0.00085784 0.38248980 0.26552185
v -0.30365351 -0.16961570 0.39690325
v -0.13036452 -0.23998353 -0.50151956
v 0.27207127 -0.69413608 0.20285265
v -0.48795244 -0.16715097 0.11766551
v 0.08293749 0.69435984 -0.26284570
v 0.00878162 -0.57707345 0.44635937
v -0.21321262 0.69437879 -0.16881740
v 0.15219150 0.43680066 -0.08111859
v 0.20620555 0.05908474 -0.30049887
v 0.24851765 0.42745680 0.04369085
v 0.14498478 0.38646796 0.10333492
v -0.39176258 -0.63356626 -0.10781990
v -0.21778184 0.22968221 -0.21847372
v 0.18508688 0.39525095 0.18563434
v 0.25885186 -0.16006699 -0.42827335
v -0.07886238 0.25689176 0.29019645
v -0.13916884 0.63773054 0.10598235
v -0.44987011 -0.37385023 0.25843287
v -0.16613461 0.18648125 -0.04091476
v 0.24450704 -0.16025366 0.43668211
v 0.18734671 -0.15121570 -0.45731854
v -0.25350383 -0.45101550 -0.43454981
v -0.25416422 0.49896279 0.06647874
v -0.41366670 -0.09045032 0.23008685
v -0.11464398 0.20468058 0.13391073
v 0.21420079 0.24423754 0.21618225
v 0.05780907 -0.41328865 -0.50570059
v 0.46770555 -0.41857848 0.19720067
v -0.27157730 0.69165528 0.09025095
v -0.39607900 0.00739482 0.11356699
v -0.11753347 -0.04018191 -0.43047011
v -0.23870194 -0.10205651 -0.41534817
v 0.06371199 0.44930056 -0.15146120
v 0.10220293 0.66611534 0.27497563
v 0.14535718 0.29895553 0.24983063
v 0.07329736 0.51402485 -0.25520813
v -0.13641527 -0.22906093 0.49837577
v 0.36747828 -0.40808770 0.35753706
v 0.19446495 0.56056386 -0.19426246
v -0.48343763 -0.45187831 0.13700089
v -0.04145584 0.14800476 -0.16802545
v 0.19727418 0.33149523 -0.19882070
v -0.17252129 0.42980051 -0.02478866
v -0.24996862 0.43152115 -0.02011666
v 0.22125165 0.20945895 -0.22298944
v 0.12672633 -0.52036726 0.46022055
v -0.29775539 -0.16693255 -0.40049008
v 0.17754230 0.07563133 0.31191942
v -0.43635467 -0.45101839 0.25021693
v -0.18138887 0.22185330 0.00010443
v 0.05589473 0.26339900 0.16929621
v 0.44622526 -0.24118851 0.26403892
v -0.35420996 -0.63269746 -0.20067383
v -0.10212741 -0.63381588 0.39294970
v -0.26207030 0.36083898 0.07170112
v -0.20666490 0.00665550 -0.35739240
v -0.12125010 0.04763560 -0.35471433
v 0.12193242 -0.22747390 -0.50100034
v 0.04534395 -0.63919729 -0.39651000
v 0.27951932 0.29739523 -0.07506362
v 0.11812335 -0.09786750 -0.46209273
v 0.43954480 -0.03840530 0.04777057
v 0.46914327 -0.12520474 -0.13469200
v 0.10307541 0.47812271 0.13846798
v 0.14520571 0.59896696 -0.24171463
v -0.49577758 -0.44965860 0.06222373
v 0.46624094 -0.10369942 0.10776106
v -0.14592053 0.68124068 0.25559822
v -0.18017787 0.46850586 -0.18327461
v 0.07004499 0.67069453 -0.28689048
v 0.35917336 -0.15548630 0.34607971
v 0.31589314 -0.37297279 0.40689060
v 0.11996414 0.01603143 -0.12795022
v 0.35363612 0.07950689 0.04713159
v 0.34231770 -0.08331728 -0.32097539
v -0.23998311 0.13099778 0.23946337
v 0.52308422 -0.31238711 -0.00218035
v 0.12940852 0.39668801 -0.22734526
v -0.48586681 -0.45255908 -0.12864184
v 0.42951718 -0.04139371 0.12282442
v 0.07005025 0.67223507 0.15262489
v 0.22732110 0.39181086 0.13214259
v -0.07221986 0.55997956 -0.26496154
v -0.12164360 -0.52082556 -0.46143883
v 0.01986631 0.05875828 -0.36453348
v 0.04701145 -0.03869666 -0.43976960
v -0.23679273 0.55457032 -0.13697405
v 0.12984239 0.22052804 0.12016980
v 0.43786231 -0.51662976 0.18507542
v -0.19473088 -0.63107991 0.35849249
v -0.11048651 0.65669990 0.12183922
v -0.30674428 -0.45586672 0.39199567
v 0.14291295 0.39261794 -0.10747819
v -0.51305008 -0.35317186 -0.06774735
v 0.41367796 -0.29639992 -0.31304842
v 0.00103576 0.12098960 -0.34246215
v 0.12609443 -0.69429696 0.30958939
v -0.39723939 0.01679701 -0.06319435
v 0.28995043 -0.51955014 0.37503925
v -0.01009862 -0.38068342 -0.51755416
v 0.16753085 0.44874617 -0.18852980
v 0.16803084 0.69442874 0.09149334
v 0.26360109 0.66671228 -0.13023859
v 0.03340804 -0.37648401 0.51494920
v -0.11428259 -0.04779343 -0.04946144
v 0.14184436 0.10411227 0.10674142
v -0.17434888 0.54059803 -0.02562493
v -0.14993525 0.14228565 0.08210190
v -0.11690315 -0.04131217 -0.11057792
v 0.31761631 -0.04490882 0.31734020
v 0.31866729 -0.69433588 0.09957363
v -0.00021065 0.31148168 0.28549278
v 0.15858877 0.05974494 -0.04189491
v -0.11922469 0.23795739 0.12635417
v -0.13374369 -0.16106103 0.48279744
v -0.36258584 -0.45635480 0.34537172
v -0.29281405 0.07134840 -0.20710380
v 0.24154191 -0.48315281 0.42802027
v 0.19755746 0.58642089 0.19816595
v 0.18171215 0.21443842 -0.00043870
v 0.32598603 -0.56948614 -0.31161427
v 0.21588278 0.42326829 -0.13342066
v 0.08655160 0.15536410 0.31809625
v -0.14093086 0.23571171 -0.10739353
v 0.39464021 -0.04253038 0.20973451
v -0.25002941 0.43089792 0.02063835
v 0.13892338 -0.38235521 -0.49882188
v -0.28127649 0.59527946 -0.00099739
v 0.00354149 0.52524561 -0.26758495
v 0.03075973 0.26339906 -0.17089689
v 0.48987195 -0.16834740 0.10625738
v -0.12770537 0.53883249 -0.12503894
v -0.22770302 0.18366320 -0.22635061
v 0.38583669 -0.03786784 -0.22175449
v -0.13705470 0.34751591 -0.23902670
v -0.32851142 -0.69426984 -0.07860513
v 0.26180425 0.36189833 -0.07165851
v -0.07132657 0.54616642 0.26232025
v -0.46918339 -0.10013621 0.07274968
v 0.33117032 0.05558833 -0.15853563
v 0.12277994 -0.51780874 -0.46242866
v 0.28543636 0.15106407 0.16650663
v 0.26685488 0.66665882 0.12299938
v -0.19333971 -0.69431806 -0.26889357
v -0.20331964 0.30524734 0.20308486
v -0.46428433 -0.53718674 0.04233599
v -0.22965348 -0.03887942 0.38146436
v -0.32704890 0.06774533 -0.15096124
v -0.00204091 -0.30540761 -0.52324235
v -0.00030472 0.11257761 0.34568530
v -0.22746837 0.49861065 -0.13163185
v 0.31172100 0.19543548 0.09083945
f 1927 1676 1510
f 1927 1672 1676
f 1057 1927 1581
f 1581 1927 1510
f 1581 1510 1348
f 1571 1581 1348
f 1608 1412 1649
f 1608 1706 1412
f 1649 1672 1927
f 1649 1412 1672
f 1942 1649 1927
f 1942 1927 1057
f 206 1942 1057
f 1942 1608 1649
f 1328 1706 1608
f 1328 1740 1706
f 1332 1942 206
f 1071 1840 1332
f 1332 1608 1942
f 1840 1328 1608
f 1840 1608 1332
f 1328 53 1740
f 1727 53 1328
f 1018 53 1727
f 159 1018 1727
f 1727 1328 1840
f 1453 1840 1071
f 1453 1727 1840
f 1453 159 1727
f 1371 159 1453
f 1260 1371 1453
f 1984 827 1094
f 1330 827 1984
f 1348 1029 1860
f 1860 1029 1901
f 1029 1494 1901
f 1094 1860 399
f 827 1860 1094
f 399 1860 1901
f 1571 1348 1541
f 1541 1348 1860
f 1541 492 564
f 827 1541 1860
f 1330 1541 827
f 492 1541 1330
f 1672 1771 1676
f 1771 1665 1375
f 1771 1375 1676
f 1676 1375 1494
f 1375 1600 1494
f 1510 1029 1348
f 1510 1676 1029
f 1029 1676 1494
f 1771 1648 1665
f 1686 1710 1648
f 1412 1771 1672
f 1706 1771 1412
f 1368 1648 1771
f 1368 1686 1648
f 1706 1368 1771
f 1368 1634 1686
f 1819 1634 1368
f 1740 1368 1706
f 1740 1810 1368
f 53 1810 1740
f 79 1810 53
f 1810 1819 1368
f 79 1663 1810
f 1810 1703 1819
f 1663 1703 1810
f 1018 79 53
f 542 1663 79
f 542 1129 1663
f 1505 1129 542
f 1663 1651 1703
f 570 1651 1663
f 1129 570 1663
f 159 1512 1018
f 1365 1512 159
f 542 79 1018
f 1512 542 1018
f 1365 280 1512
f 1512 1505 542
f 1371 1365 159
f 1586 1371 1260
f 1371 1946 1365
f 1586 1946 1371
f 664 1125 1741
f 212 1741 1125
f 212 1125 872
f 903 1094 399
f 1293 399 1491
f 399 1293 903
f 625 1491 664
f 1293 1491 625
f 625 664 1741
f 1984 1094 903
f 1247 1330 1984
f 1247 492 1330
f 1467 1737 1370
f 1467 1370 1600
f 1901 1494 860
f 860 1494 1600
f 1901 860 664
f 860 1125 664
f 1600 1370 860
f 872 860 1370
f 872 1125 860
f 872 1370 472
f 399 1901 1491
f 1901 664 1491
f 1665 1467 1375
f 1375 1467 1600
f 1665 1870 1467
f 1467 1870 1812
f 1737 1467 1812
f 1648 1710 1665
f 1710 1870 1665
f 769 1516 1710
f 1870 1710 1516
f 46 1446 769
f 1691 1446 46
f 1686 769 1710
f 1634 769 1686
f 1634 46 769
f 1634 1691 46
f 1819 1895 1634
f 1819 1703 1895
f 1651 1895 1703
f 1895 1691 1634
f 1651 1880 1895
f 1895 1422 1691
f 1895 1880 1422
f 570 698 1651
f 698 1880 1651
f 698 1594 1880
f 1904 1594 698
f 1129 38 570
f 38 851 570
f 851 698 570
f 851 1904 698
f 1992 212 872
f 1992 872 472
f 44 472 1232
f 472 44 1992
f 881 44 1232
f 625 1741 212
f 389 212 1992
f 903 1293 625
f 389 1984 903
f 389 1247 1984
f 389 903 625
f 389 625 212
f 975 1370 1737
f 975 1737 1221
f 1737 1374 1221
f 1232 975 1221
f 1232 1221 881
f 1221 1534 881
f 1370 975 472
f 472 975 1232
f 1870 1789 1812
f 1789 1932 1812
f 1812 1932 1737
f 1374 1737 1932
f 1516 1789 1870
f 1516 310 1789
f 1446 310 1516
f 310 1446 1656
f 769 1446 1516
f 1446 1850 1656
f 1422 1446 1691
f 1422 1847 1446
f 1847 1850 1446
f 1602 1847 1422
f 1880 1602 1422
f 1880 1594 1602
f 1594 1879 1602
f 1594 1245 1879
f 1904 1245 1594
f 1537 1051 1957
f 600 561 27
f 357 1466 600
f 1466 561 600
f 1466 1237 561
f 1237 1047 561
f 430 107 751
f 107 727 751
f 107 357 727
f 107 1466 357
f 751 1170 1051
f 727 1170 751
f 727 329 1170
f 357 329 727
f 357 1166 329
f 600 1166 357
f 1166 600 27
f 1537 430 1051
f 430 751 1051
f 1170 869 1957
f 329 869 1170
f 1166 869 329
f 1166 1953 869
f 27 1953 1166
f 561 1953 27
f 561 1128 1953
f 1047 1128 561
f 1957 1051 1170
f 1555 1534 1425
f 670 1555 1425
f 1730 670 1406
f 1555 881 1534
f 1730 1555 670
f 1555 44 881
f 389 1992 44
f 389 44 1555
f 389 1555 1730
f 1221 1425 1534
f 1425 1221 933
f 1374 933 1221
f 1374 1800 933
f 670 1425 933
f 1406 670 933
f 1932 1800 1374
f 1789 1721 1932
f 1932 1477 1800
f 1932 1721 1477
f 310 1721 1789
f 310 1948 1721
f 1656 1948 310
f 1656 1997 1948
f 1850 1997 1656
f 638 1997 1850
f 1847 638 1850
f 1847 1230 638
f 1602 1230 1847
f 1602 1688 1230
f 1602 1599 1688
f 1879 1599 1602
f 1245 1599 1879
f 1245 1621 1599
f 141 1957 279
f 519 1957 141
f 519 1537 1957
f 1520 1698 915
f 1520 279 1698
f 1520 141 279
f 754 141 1520
f 754 519 141
f 754 915 909
f 754 1520 915
f 1698 1076 915
f 1698 307 1076
f 909 915 1076
f 510 909 1083
f 510 754 909
f 909 449 1083
f 449 909 1076
f 1076 337 449
f 1076 675 337
f 307 675 1076
f 155 449 337
f 449 155 1083
f 56 155 300
f 56 1083 155
f 56 510 1083
f 300 155 337
f 681 56 300
f 337 818 1609
f 675 818 337
f 300 1609 104
f 1609 300 337
f 125 241 104
f 241 300 104
f 241 681 300
f 577 241 125
f 577 681 241
f 869 279 1957
f 869 115 279
f 1953 115 869
f 279 1669 1698
f 115 1669 279
f 1669 307 1698
f 115 307 1669
f 115 1418 307
f 1953 1418 115
f 1128 1418 1953
f 1128 1174 1418
f 1418 675 307
f 1914 1057 1581
f 1994 1914 1581
f 1082 1914 1994
f 1888 1914 1082
f 1994 1581 1571
f 1082 1994 1559
f 1888 1082 1344
f 1897 1888 1344
f 206 1057 1914
f 1558 206 1914
f 1558 328 206
f 1558 1914 1888
f 1692 1558 700
f 700 1558 1888
f 700 1888 1897
f 1866 700 1897
f 328 1332 206
f 1071 1332 328
f 1692 328 1558
f 569 328 1692
f 1569 1692 700
f 1569 569 1692
f 1333 569 1569
f 1569 700 1866
f 1852 1071 328
f 1852 328 569
f 1987 1453 1071
f 1987 1071 1852
f 365 569 1333
f 365 1852 569
f 1778 1987 1852
f 365 1778 1852
f 1542 365 1333
f 1987 1260 1453
f 190 1260 1987
f 1488 190 1987
f 1488 1987 1778
f 1247 564 492
f 1428 564 1247
f 1428 734 564
f 505 734 1428
f 1532 734 505
f 1589 1652 1532
f 1994 1571 1559
f 1559 1541 573
f 1559 1571 1541
f 734 1541 564
f 734 573 1541
f 573 734 1532
f 1823 1344 1559
f 1085 1559 573
f 1085 1823 1559
f 1652 573 1532
f 1652 1085 573
f 1085 1652 907
f 640 1823 1085
f 1344 1082 1559
f 1591 1344 1823
f 1897 1344 1591
f 1964 1897 1591
f 1591 1823 640
f 1964 1591 1452
f 1452 1591 640
f 1426 1866 1897
f 1426 1897 1964
f 189 1426 1964
f 1399 1426 189
f 189 1964 1940
f 1695 1399 189
f 776 1333 1569
f 1426 1569 1866
f 776 1569 1426
f 1399 776 1426
f 1693 776 1399
f 1817 776 1693
f 1759 1693 1399
f 1817 1693 1759
f 1872 1778 365
f 1872 365 1542
f 798 1333 776
f 798 1542 1333
f 1736 1872 1542
f 798 1736 1542
f 1817 798 776
f 1268 1736 798
f 1268 798 1817
f 190 1586 1260
f 1488 1878 190
f 1488 1778 1872
f 1872 75 1488
f 75 1878 1488
f 1736 1343 1872
f 1343 75 1872
f 1481 1736 1268
f 1343 1574 75
f 1343 1736 1481
f 99 1532 505
f 496 99 505
f 496 505 1428
f 1589 99 944
f 1589 1532 99
f 1 1589 944
f 1 1652 1589
f 907 1652 1
f 496 944 99
f 679 944 496
f 679 1 944
f 1369 1 679
f 1369 907 1
f 1572 907 1369
f 1279 1572 1369
f 1279 1369 679
f 682 1572 1279
f 892 1572 682
f 582 892 682
f 784 892 582
f 1798 784 582
f 106 784 1798
f 1085 907 1572
f 640 1085 1173
f 1173 1085 1572
f 1173 1572 892
f 1826 640 1173
f 784 1173 892
f 106 1173 784
f 1826 106 656
f 1826 1173 106
f 1938 1826 656
f 800 1826 1784
f 1784 1826 1938
f 1940 1964 1452
f 1452 640 1826
f 1940 1452 800
f 800 1452 1826
f 580 1940 800
f 1259 1940 580
f 1695 189 1940
f 1259 1695 1940
f 1487 1695 1259
f 1202 1695 1487
f 1759 1399 1695
f 1202 1759 1695
f 151 1759 1202
f 1551 1759 151
f 1849 1268 1817
f 1849 1817 1759
f 1551 1849 1759
f 1415 1849 1551
f 760 1849 1415
f 1734 1343 1481
f 760 1268 1849
f 760 1481 1268
f 1995 1481 760
f 1481 1995 1734
f 997 1734 1995
f 1995 1642 997
f 496 1428 1247
f 389 496 1247
f 1279 679 496
f 582 682 1279
f 582 1279 496
f 389 582 496
f 1798 582 389
f 525 106 1798
f 1180 106 525
f 656 106 1180
f 171 1180 525
f 854 1180 171
f 854 656 1180
f 897 854 171
f 707 854 897
f 707 656 854
f 520 1784 1434
f 707 1938 656
f 1434 1784 1938
f 1902 1938 707
f 1434 1938 1902
f 1902 707 382
f 520 580 800
f 520 800 1784
f 397 520 1434
f 1588 1259 580
f 1588 580 520
f 717 1588 520
f 397 717 520
f 1588 1487 1259
f 1202 1487 1614
f 1614 1487 1588
f 227 1614 1588
f 227 1588 717
f 864 1202 1614
f 864 151 1202
f 1885 151 864
f 1885 1551 151
f 1625 760 1415
f 1963 1551 1885
f 1963 1415 1551
f 1625 1415 1963
f 1963 1845 1625
f 1237 847 1047
f 1237 728 847
f 1237 1786 728
f 1786 943 728
f 1786 506 943
f 1786 904 506
f 904 861 506
f 904 667 861
f 904 478 667
f 478 616 667
f 478 178 616
f 433 178 478
f 943 291 728
f 506 291 943
f 861 291 506
f 861 803 291
f 667 803 861
f 616 803 667
f 616 552 507
f 178 552 616
f 433 474 178
f 847 1128 1047
f 728 1128 847
f 728 291 1128
f 616 507 803
f 552 470 507
f 474 552 178
f 552 1169 470
f 474 1169 552
f 1625 1995 760
f 1642 1995 1625
f 1616 1642 1625
f 1616 1625 1845
f 171 1798 389
f 171 525 1798
f 897 171 389
f 1373 897 389
f 94 1373 389
f 1373 829 897
f 382 897 829
f 382 707 897
f 1538 382 829
f 1538 829 1373
f 1682 1538 1373
f 1682 1373 94
f 1198 1682 94
f 801 1682 1198
f 1538 1902 382
f 1238 1434 1902
f 1238 1902 1444
f 1444 1538 1682
f 1444 1902 1538
f 1854 1238 1444
f 1444 1682 801
f 1238 397 1434
f 1689 717 397
f 1689 397 1238
f 1626 1689 1238
f 1626 1238 1854
f 1312 1689 1626
f 1689 227 717
f 581 1614 227
f 864 1614 581
f 581 227 1689
f 581 1689 1312
f 1725 864 581
f 1674 864 1725
f 1674 1885 864
f 1780 1885 1674
f 1780 1963 1885
f 1963 1780 1845
f 1780 1564 1845
f 803 393 291
f 507 393 803
f 507 256 393
f 470 256 507
f 256 286 393
f 291 1174 1128
f 393 1174 291
f 393 282 1174
f 393 286 282
f 286 953 282
f 282 1403 1174
f 470 1069 256
f 1169 1069 470
f 1069 668 256
f 1169 668 1069
f 1169 83 668
f 256 497 286
f 668 497 256
f 83 497 668
f 83 511 497
f 497 953 286
f 497 299 953
f 497 511 299
f 83 692 511
f 511 55 299
f 692 55 511
f 692 549 55
f 953 981 282
f 299 981 953
f 299 782 981
f 55 782 299
f 549 782 55
f 549 462 782
f 26 462 549
f 782 479 981
f 782 462 479
f 981 1448 282
f 462 417 479
f 462 1547 417
f 462 948 1547
f 948 1647 1547
f 26 948 462
f 1762 1845 1564
f 1762 1616 1845
f 128 280 1365
f 280 1505 1512
f 1658 1505 280
f 993 280 128
f 1658 605 1505
f 280 1996 1658
f 993 1996 280
f 1946 128 1365
f 1586 530 1946
f 530 999 1946
f 1946 999 128
f 999 765 128
f 765 993 128
f 530 494 999
f 1483 999 494
f 586 993 765
f 999 586 765
f 1483 586 999
f 1505 38 1129
f 605 38 1505
f 605 450 38
f 1557 851 38
f 38 450 1557
f 1054 1557 450
f 1054 275 1557
f 1557 1546 851
f 1557 275 1546
f 1054 1607 275
f 851 156 1904
f 1546 156 851
f 586 1996 993
f 1658 21 605
f 1996 21 1658
f 1633 21 1996
f 1965 450 605
f 21 1965 605
f 1965 1054 450
f 1633 1965 21
f 586 1633 1996
f 1820 1633 586
f 1820 473 1633
f 1820 1731 473
f 1747 1731 1820
f 1633 1054 1965
f 1633 1607 1054
f 1633 246 1607
f 473 246 1633
f 473 1981 246
f 1731 1981 473
f 1731 1861 1981
f 1483 1820 586
f 1437 1820 1483
f 1437 1747 1820
f 1355 1747 1437
f 1747 1296 1731
f 1296 1861 1731
f 1296 240 1861
f 1284 240 1296
f 1284 1413 240
f 1214 1413 1284
f 1214 1441 1413
f 1355 1629 1747
f 936 1629 1355
f 1629 1296 1747
f 1629 1284 1296
f 1214 1284 1629
f 1629 1366 1214
f 316 1441 1214
f 1366 1629 936
f 1709 1366 936
f 1892 1366 1709
f 1892 662 1366
f 1366 316 1214
f 662 316 1366
f 662 80 316
f 662 1199 80
f 1843 1760 1892
f 1843 906 1760
f 1359 906 1843
f 1892 1760 662
f 906 1999 1760
f 906 1935 1999
f 1760 1199 662
f 1760 1999 1199
f 1796 1014 1181
f 1014 164 1181
f 665 1104 1181
f 164 665 1181
f 1280 1258 1976
f 321 1280 1976
f 1280 1430 1258
f 172 1280 321
f 172 249 1280
f 1976 906 1359
f 1976 1258 906
f 1430 1796 1258
f 1258 1935 906
f 1258 1181 1935
f 1796 1181 1258
f 680 1014 1796
f 146 164 1014
f 146 385 164
f 287 146 1014
f 680 287 1014
f 680 347 287
f 347 1281 287
f 385 665 164
f 385 1207 665
f 424 385 146
f 424 919 385
f 1281 424 146
f 1281 146 287
f 665 378 1104
f 684 378 665
f 1207 684 665
f 385 684 1207
f 385 919 684
f 216 172 321
f 1430 1091 1796
f 1280 249 252
f 469 1091 1430
f 460 469 1430
f 252 1430 1280
f 252 460 1430
f 249 902 252
f 172 902 249
f 172 623 902
f 216 623 172
f 216 685 623
f 1499 460 252
f 1499 148 460
f 1451 252 902
f 1451 1499 252
f 623 1451 902
f 432 680 1796
f 1091 432 1796
f 1091 373 432
f 469 373 1091
f 469 1271 373
f 460 1271 469
f 460 148 1271
f 685 1451 623
f 432 347 680
f 373 347 432
f 373 219 347
f 1271 219 373
f 148 219 1271
f 685 722 1451
f 1499 219 148
f 219 1281 347
f 1499 723 219
f 1451 723 1499
f 1451 1262 723
f 722 1262 1451
f 1904 179 1905
f 1904 1905 1245
f 179 204 1905
f 204 686 1905
f 275 156 1546
f 156 179 1904
f 275 1383 156
f 275 1617 1383
f 156 1383 179
f 1383 204 179
f 1617 204 1383
f 443 531 1299
f 163 531 443
f 180 443 1299
f 374 107 430
f 374 408 107
f 408 1158 107
f 1158 1466 107
f 1158 1237 1466
f 1158 1270 1237
f 336 408 374
f 336 992 408
f 992 1158 408
f 992 1241 1158
f 1241 1270 1158
f 1241 180 1270
f 1299 1270 180
f 1299 407 1270
f 24 1241 992
f 24 180 1241
f 24 443 180
f 812 430 1537
f 812 374 430
f 124 374 812
f 124 336 374
f 992 336 267
f 267 1352 992
f 1352 24 992
f 612 336 124
f 612 267 336
f 1321 267 612
f 1321 1352 267
f 1321 24 1352
f 1607 1617 275
f 1607 1380 1617
f 246 1380 1607
f 246 1981 1380
f 451 1380 1981
f 1861 451 1981
f 1380 1795 1617
f 451 1795 1380
f 1617 1598 204
f 1598 686 204
f 1795 1598 1617
f 451 1325 1795
f 493 986 874
f 1671 986 493
f 1671 718 986
f 1867 1072 590
f 1072 1278 590
f 1867 1898 1072
f 1211 1074 163
f 1211 590 1074
f 918 1867 1211
f 1867 590 1211
f 1150 918 398
f 1150 1867 918
f 1130 443 24
f 1130 163 443
f 1211 163 1130
f 398 1211 1130
f 398 918 1211
f 342 1150 398
f 718 342 986
f 718 1150 342
f 103 398 1130
f 342 874 986
f 342 639 874
f 398 639 342
f 398 103 639
f 645 24 1321
f 645 1130 24
f 103 1130 645
f 874 639 645
f 639 103 645
f 1861 1024 451
f 240 1024 1861
f 240 59 1024
f 1413 59 240
f 1024 1402 451
f 1413 1354 59
f 177 1972 718
f 745 1972 177
f 1479 1025 745
f 1341 1025 1479
f 1749 1025 1341
f 792 1756 1749
f 1384 1756 792
f 177 718 1671
f 1479 745 177
f 792 1749 1341
f 1972 1867 1150
f 1972 1556 1867
f 1556 1898 1867
f 1025 1556 1972
f 1025 852 1556
f 1756 852 1025
f 1756 1701 852
f 1756 603 1701
f 1972 1150 718
f 1025 1972 745
f 1749 1756 1025
f 316 1049 1441
f 80 1049 316
f 1199 1049 80
f 1199 84 1049
f 1441 1215 1413
f 1049 1215 1441
f 1049 910 1215
f 84 910 1049
f 910 1623 1215
f 1413 1983 1354
f 1215 1983 1413
f 1215 1013 1983
f 1623 1013 1215
f 910 305 1623
f 853 1756 1384
f 85 1429 853
f 130 1429 85
f 608 1429 130
f 1623 1223 1013
f 305 1223 1623
f 305 646 1223
f 85 853 1384
f 1105 608 130
f 1105 95 608
f 509 95 1105
f 1099 95 509
f 1891 848 1758
f 1891 147 848
f 1429 603 1756
f 1429 1655 603
f 1429 1758 1655
f 720 1758 1429
f 720 1891 1758
f 853 1429 1756
f 95 1429 608
f 95 1037 1429
f 1037 720 1429
f 1099 1037 95
f 1999 84 1199
f 1935 978 1999
f 1999 1917 84
f 978 1917 1999
f 84 1917 910
f 1917 305 910
f 1917 1575 602
f 978 1575 1917
f 978 1566 1575
f 1917 602 305
f 305 602 646
f 1093 833 1099
f 1482 833 1093
f 1482 1118 833
f 1167 1118 1482
f 1167 1042 1118
f 720 1244 1891
f 1244 147 1891
f 1486 1244 720
f 1486 554 1244
f 554 147 1244
f 1414 554 1486
f 1414 1955 554
f 1224 1955 1414
f 1037 1486 720
f 1118 1037 833
f 1118 1486 1037
f 1042 1486 1118
f 1042 1414 1486
f 1042 1224 1414
f 1980 1224 1042
f 833 1037 1099
f 1036 346 1385
f 1697 346 1036
f 1697 846 346
f 846 877 346
f 346 893 1385
f 877 893 346
f 1935 1530 978
f 1181 1530 1935
f 1181 687 1530
f 1104 687 1181
f 1104 1036 687
f 1036 1104 139
f 687 67 1530
f 687 1385 67
f 687 1036 1385
f 1530 1566 978
f 1530 67 1566
f 1046 1785 1980
f 1363 1785 1545
f 82 1191 1363
f 1231 1191 82
f 268 1955 1224
f 268 1579 1955
f 741 1579 268
f 1763 1579 741
f 1763 1431 1579
f 523 1431 1763
f 741 268 1224
f 1813 1763 741
f 1813 523 1763
f 1785 1224 1980
f 1785 741 1224
f 1363 741 1785
f 1191 741 1363
f 1191 1813 741
f 1021 1813 1191
f 1231 1021 1191
f 338 1697 1036
f 923 63 1697
f 340 1697 338
f 340 923 1697
f 571 149 846
f 63 846 1697
f 63 571 846
f 923 571 63
f 923 1067 571
f 302 1067 923
f 571 1308 149
f 1067 1308 571
f 1067 277 1308
f 149 877 846
f 149 209 877
f 1308 209 149
f 1308 614 209
f 277 614 1308
f 877 364 893
f 209 364 877
f 209 231 364
f 614 231 209
f 614 348 231
f 277 348 614
f 1104 378 139
f 378 1235 139
f 378 410 1235
f 684 410 378
f 410 176 1235
f 684 1855 410
f 919 1855 684
f 424 1855 919
f 139 338 1036
f 139 968 338
f 1235 968 139
f 1235 176 968
f 176 334 968
f 1855 176 410
f 1281 233 424
f 968 340 338
f 968 1217 340
f 334 1217 968
f 176 109 334
f 1855 109 176
f 424 269 1855
f 233 269 424
f 1217 923 340
f 1217 1033 923
f 1033 302 923
f 334 1033 1217
f 109 1033 334
f 109 100 1033
f 1855 100 109
f 1855 188 100
f 1855 269 188
f 1033 1067 302
f 1033 1204 1067
f 100 1204 1033
f 1204 277 1067
f 188 995 100
f 269 29 188
f 303 591 1231
f 29 591 303
f 100 277 1204
f 100 974 277
f 995 974 100
f 995 188 303
f 188 29 303
f 303 254 995
f 303 661 254
f 661 303 1231
f 995 254 974
f 219 1113 1281
f 723 1113 219
f 1113 233 1281
f 1113 723 517
f 69 304 523
f 304 1431 523
f 304 857 1431
f 723 69 517
f 723 304 69
f 1262 304 723
f 1262 857 304
f 857 197 1431
f 197 857 1262
f 1113 162 233
f 1113 517 162
f 1813 555 523
f 555 69 523
f 938 555 1813
f 162 555 938
f 517 555 162
f 555 517 69
f 233 181 269
f 181 233 938
f 233 162 938
f 264 1813 1021
f 264 938 1813
f 938 264 181
f 29 181 264
f 181 29 269
f 591 1021 1231
f 264 591 29
f 591 264 1021
f 1905 956 1245
f 686 956 1905
f 956 1621 1245
f 956 868 1621
f 686 868 956
f 1598 868 686
f 1598 1944 868
f 812 1537 519
f 358 812 519
f 358 124 812
f 358 519 754
f 1712 612 358
f 1286 358 754
f 1712 1286 1249
f 1286 1712 358
f 706 1712 1249
f 23 754 510
f 23 1286 754
f 1249 1286 23
f 1844 1249 1320
f 1844 706 1249
f 1176 706 1844
f 1320 1249 23
f 681 510 56
f 1733 510 681
f 1733 23 510
f 704 23 1733
f 704 1320 23
f 1351 1320 704
f 1351 1844 1320
f 1351 1176 1844
f 817 681 577
f 817 1733 681
f 120 1733 817
f 120 704 1733
f 1506 704 120
f 1506 1351 704
f 612 124 358
f 1712 1321 612
f 1795 1325 1598
f 451 1402 1325
f 1325 1944 1598
f 1325 1372 1944
f 1402 1372 1325
f 1402 1753 1372
f 874 391 493
f 391 874 1219
f 706 208 1712
f 208 1321 1712
f 1830 706 1561
f 1830 208 706
f 1830 391 208
f 391 1219 208
f 1101 493 391
f 1101 1671 493
f 1089 1830 1561
f 370 391 1830
f 1101 391 370
f 712 1561 1176
f 1561 706 1176
f 1089 1561 712
f 370 1830 1089
f 1889 1089 712
f 1638 1089 1889
f 1638 370 1089
f 1638 1101 370
f 712 1176 1351
f 1638 1889 1837
f 1432 712 1351
f 1432 1889 712
f 1837 1889 1432
f 1184 1837 1432
f 1650 1837 1184
f 1650 1638 1837
f 529 1638 1650
f 208 645 1321
f 1219 645 208
f 1219 874 645
f 59 1402 1024
f 59 89 1402
f 1354 89 59
f 1402 489 1753
f 89 489 1402
f 89 225 489
f 1101 177 1671
f 1479 177 1101
f 1384 792 1341
f 1978 1638 1172
f 1978 1101 1638
f 1978 1479 1101
f 1978 1341 1479
f 546 980 1978
f 980 1341 1978
f 980 1384 1341
f 1172 1638 529
f 1983 89 1354
f 1013 1766 1983
f 1983 1766 89
f 1223 1766 1013
f 1223 350 1766
f 646 350 1223
f 350 1192 1766
f 1766 225 89
f 1766 1631 225
f 1192 1631 1766
f 1192 459 1631
f 1093 1099 509
f 1131 130 85
f 1131 1105 130
f 1131 509 1105
f 160 509 1131
f 160 1093 509
f 490 160 1131
f 1815 85 1384
f 1815 1131 85
f 490 1131 1815
f 1702 1815 980
f 1815 1384 980
f 602 1407 646
f 1575 1407 602
f 646 1407 350
f 1575 912 1407
f 912 1566 1931
f 1566 912 1575
f 1407 1192 350
f 1407 110 1192
f 912 110 1407
f 1192 110 459
f 912 1977 110
f 1931 1977 912
f 1046 1042 1167
f 1046 1980 1042
f 160 1482 1093
f 1839 1482 160
f 1839 1167 1482
f 1839 160 490
f 1046 1167 1839
f 1240 1046 1839
f 1068 1046 1240
f 444 490 1815
f 444 1839 490
f 402 1839 444
f 1240 1839 402
f 1497 444 1815
f 402 444 1226
f 1497 757 444
f 1226 444 757
f 1566 67 1931
f 67 666 1931
f 1385 666 67
f 893 666 1385
f 893 250 1504
f 893 1504 666
f 666 823 1931
f 666 1347 823
f 1504 1347 666
f 1504 134 1347
f 401 134 1504
f 401 207 134
f 1931 823 1977
f 1545 1785 1046
f 958 1363 1545
f 958 82 1363
f 1008 1231 82
f 1008 82 958
f 1764 1008 958
f 1464 1046 1068
f 1464 1545 1046
f 1178 1545 1464
f 1178 958 1545
f 1020 958 1178
f 1020 1764 958
f 1209 1020 1178
f 1179 1020 1209
f 364 250 893
f 364 642 250
f 231 642 364
f 231 927 642
f 348 927 231
f 642 484 250
f 927 484 642
f 927 988 484
f 348 988 927
f 250 1808 1504
f 484 1808 250
f 484 117 1808
f 988 117 484
f 1808 401 1504
f 1808 568 401
f 117 568 1808
f 117 248 568
f 988 248 117
f 568 464 401
f 568 1095 464
f 248 1095 568
f 207 401 464
f 464 360 207
f 1095 360 464
f 248 360 1095
f 207 289 134
f 360 289 207
f 248 572 360
f 1396 572 248
f 289 1145 134
f 360 1145 289
f 572 1145 360
f 1008 661 1231
f 254 17 1005
f 17 661 1008
f 661 17 254
f 974 348 277
f 254 1005 974
f 17 536 1005
f 17 263 536
f 263 17 1008
f 974 788 348
f 1005 788 974
f 1005 536 788
f 1764 263 1008
f 1007 263 1764
f 263 1007 536
f 348 528 988
f 788 528 348
f 788 1007 466
f 536 1007 788
f 466 1007 1764
f 528 248 988
f 788 466 528
f 488 1764 1020
f 466 488 452
f 488 466 1764
f 528 1396 248
f 466 452 528
f 1768 488 1020
f 488 1768 452
f 528 333 1396
f 452 333 528
f 333 452 1768
f 1768 409 333
f 1768 748 409
f 748 1768 1020
f 333 409 1396
f 1179 748 1020
f 361 748 1179
f 748 361 409
f 1396 294 572
f 294 361 607
f 409 294 1396
f 294 409 361
f 190 1878 1586
f 137 1586 1878
f 137 1097 1586
f 1097 530 1586
f 888 1097 137
f 494 530 1097
f 888 494 1097
f 1190 888 137
f 538 1190 137
f 1483 494 888
f 1190 1483 888
f 1574 1878 75
f 1574 557 1878
f 538 137 1878
f 557 538 1878
f 1103 557 1574
f 1267 538 557
f 928 1103 1574
f 1267 557 1103
f 1267 1103 928
f 928 1213 1267
f 1424 1574 1343
f 1424 1343 1734
f 1424 928 1574
f 1734 997 1424
f 1213 928 1424
f 1056 1424 997
f 1213 1424 1056
f 1190 1685 1483
f 1685 1437 1483
f 1679 1437 1685
f 1679 1355 1437
f 1267 1190 538
f 1267 1685 1190
f 1673 1685 1267
f 1002 1685 1673
f 1679 1685 1002
f 1924 1267 1213
f 1924 1673 1267
f 1744 1673 1924
f 380 1673 1744
f 380 1002 1673
f 1809 1355 1679
f 936 1355 1809
f 844 1679 1002
f 292 1679 844
f 292 1809 1679
f 1523 1809 292
f 844 1002 380
f 1401 844 380
f 1401 292 844
f 1993 292 1401
f 1903 936 1809
f 1903 1709 936
f 447 1709 1903
f 447 1974 1709
f 1974 1892 1709
f 1489 447 1903
f 831 1974 447
f 610 1809 1523
f 610 1903 1809
f 1489 1903 610
f 1070 447 1489
f 1843 1892 1974
f 831 1843 1974
f 1871 1843 831
f 1871 1359 1843
f 966 1359 1871
f 1291 831 1070
f 1291 1871 831
f 966 1871 1291
f 1070 831 447
f 1748 966 1291
f 321 1976 1195
f 1338 321 1195
f 1251 32 321
f 1338 1251 321
f 1976 1359 966
f 1195 1976 966
f 320 1338 1195
f 152 320 1195
f 522 966 1748
f 522 1195 966
f 37 1195 522
f 37 152 1195
f 1317 152 37
f 588 1319 37
f 950 37 522
f 588 37 950
f 587 216 321
f 32 587 321
f 878 1251 1338
f 320 1110 1338
f 587 685 216
f 587 1032 685
f 32 1032 587
f 32 70 1032
f 1251 70 32
f 1251 502 70
f 878 502 1251
f 804 878 1338
f 1110 804 1338
f 214 1110 320
f 192 502 878
f 192 878 804
f 1110 390 804
f 214 390 1110
f 214 1877 390
f 214 1027 1877
f 1027 214 320
f 1032 722 685
f 70 722 1032
f 502 722 70
f 192 804 390
f 502 1639 722
f 192 1639 502
f 390 1639 192
f 390 744 1639
f 1877 744 390
f 1027 744 1877
f 1027 1356 744
f 913 320 152
f 913 1027 320
f 913 152 1317
f 565 1317 37
f 1319 565 37
f 913 708 1027
f 913 238 708
f 238 913 1317
f 565 238 1317
f 127 565 1319
f 565 518 238
f 127 518 565
f 127 1346 518
f 1346 127 1319
f 762 1319 588
f 762 1346 1319
f 708 1356 1027
f 238 1356 708
f 238 518 1356
f 1078 518 1346
f 762 1078 1346
f 762 150 1078
f 150 762 588
f 226 150 588
f 518 1078 1356
f 531 683 1299
f 531 281 683
f 281 790 683
f 163 281 531
f 683 407 1299
f 683 1331 407
f 790 1331 683
f 790 532 737
f 532 293 737
f 281 532 790
f 1065 478 904
f 1065 433 478
f 1270 407 1237
f 407 1786 1237
f 407 1331 1786
f 1331 1708 1786
f 1708 904 1786
f 1708 1065 904
f 1065 620 433
f 1708 737 1065
f 737 293 1065
f 293 620 1065
f 293 775 620
f 790 1708 1331
f 737 1708 790
f 293 335 775
f 532 335 293
f 532 1123 335
f 620 474 433
f 620 1201 474
f 775 1201 620
f 335 1028 775
f 1123 1028 335
f 1123 799 1028
f 1277 1056 997
f 1213 1277 1924
f 1277 1213 1056
f 997 1711 1277
f 631 1277 1711
f 631 1711 1318
f 619 631 1318
f 1711 997 1642
f 1642 1318 1711
f 1611 1642 1616
f 1611 1318 1642
f 619 1318 1611
f 163 815 281
f 1074 815 163
f 1074 230 815
f 230 88 815
f 590 230 1074
f 590 1278 230
f 1278 88 230
f 1898 1278 1072
f 815 532 281
f 88 532 815
f 88 1956 532
f 88 1776 1956
f 1278 1776 88
f 1898 1776 1278
f 1956 1123 532
f 1956 694 1123
f 1776 351 1956
f 1956 1513 694
f 351 1513 1956
f 694 799 1123
f 351 1873 311
f 1962 1873 351
f 351 311 1513
f 631 1924 1277
f 1521 1924 631
f 1521 1744 1924
f 1521 380 1744
f 1435 380 1521
f 1550 1521 631
f 619 1550 631
f 1111 1521 1550
f 1111 1435 1521
f 852 772 1556
f 1701 772 852
f 1556 1776 1898
f 1556 772 1776
f 603 772 1701
f 772 1962 1776
f 772 1567 1962
f 603 1752 772
f 1752 1567 772
f 1962 351 1776
f 1993 1523 292
f 1752 843 1567
f 1567 1114 1962
f 1567 1475 1114
f 1435 1401 380
f 1622 1401 1435
f 1622 1993 1401
f 1622 1435 1864
f 1758 809 1655
f 848 809 1758
f 848 1410 809
f 147 1410 848
f 1655 809 603
f 1410 1802 809
f 809 1752 603
f 809 166 1752
f 809 1802 166
f 1802 575 166
f 575 205 166
f 1523 1832 610
f 1832 1523 1993
f 1220 1070 1489
f 1476 610 1832
f 1476 1489 610
f 1220 1489 1476
f 1492 1220 1476
f 1832 1562 1476
f 813 1492 1476
f 1212 1476 1562
f 1212 354 1476
f 354 813 1476
f 166 1112 1752
f 575 253 205
f 1562 1832 1993
f 1562 1993 1622
f 1307 354 1212
f 554 1394 147
f 1394 1802 1410
f 1394 1233 1802
f 147 1394 1410
f 1394 726 1233
f 1955 1394 554
f 1955 1624 1394
f 1624 726 1394
f 1233 575 1802
f 1233 500 575
f 726 500 1233
f 726 752 500
f 1143 752 726
f 1624 1143 726
f 1624 690 1143
f 1291 1070 1220
f 42 1748 1291
f 255 1291 1220
f 1816 1291 255
f 1816 42 1291
f 255 1220 1492
f 813 255 1492
f 1816 255 813
f 1326 1816 1253
f 1326 42 1816
f 1554 42 1326
f 1253 813 354
f 1253 1816 813
f 500 253 575
f 500 1135 253
f 752 1135 500
f 1253 354 1307
f 1431 1552 1579
f 1579 1624 1955
f 1579 1035 1624
f 1579 1140 1035
f 1552 1140 1579
f 1552 1066 1140
f 1552 1236 1066
f 1003 1236 1552
f 1003 157 1236
f 1236 73 1066
f 1035 690 1624
f 1140 403 1035
f 1140 606 403
f 1066 606 1140
f 1066 1865 606
f 73 1865 1066
f 403 690 1035
f 73 730 1865
f 1570 1748 42
f 1570 522 1748
f 950 522 1570
f 54 588 950
f 1242 54 950
f 1242 950 641
f 1554 1570 42
f 730 1939 1865
f 1790 950 1570
f 641 950 1790
f 1790 1570 1554
f 184 641 1790
f 894 184 1790
f 722 482 1262
f 722 60 482
f 1639 60 722
f 1639 1449 60
f 744 1449 1639
f 744 1356 1449
f 1356 218 1449
f 1356 527 218
f 1356 1015 527
f 482 197 1262
f 1449 135 60
f 197 1552 1431
f 197 169 1552
f 482 169 197
f 169 1040 1552
f 60 169 482
f 60 1040 169
f 60 135 1040
f 135 379 1040
f 135 1533 379
f 1449 1533 135
f 1449 369 1533
f 218 369 1449
f 1236 807 73
f 1040 1003 1552
f 379 1003 1040
f 1533 1003 379
f 1533 157 1003
f 157 369 1236
f 369 157 1533
f 369 593 1236
f 218 593 369
f 593 807 1236
f 593 436 807
f 527 593 218
f 527 436 593
f 920 436 527
f 807 811 73
f 920 807 436
f 920 811 807
f 539 811 920
f 811 730 73
f 54 226 588
f 226 929 150
f 226 1382 929
f 1382 226 54
f 1073 1382 54
f 1078 1015 1356
f 1078 76 1015
f 150 76 1078
f 76 150 929
f 1073 394 1382
f 1073 54 1242
f 929 711 76
f 1382 711 929
f 1382 394 711
f 76 711 1015
f 842 394 1073
f 1015 920 527
f 1015 539 920
f 394 285 711
f 842 285 394
f 1015 841 539
f 711 841 1015
f 285 941 711
f 539 98 811
f 539 841 98
f 941 841 711
f 811 7 730
f 811 98 7
f 941 965 841
f 7 1939 730
f 98 481 7
f 841 481 98
f 841 965 481
f 941 339 965
f 313 1073 1242
f 313 1242 641
f 313 842 1073
f 210 313 641
f 313 285 842
f 313 143 285
f 143 313 210
f 719 641 184
f 719 210 641
f 210 413 143
f 210 362 413
f 362 210 719
f 143 941 285
f 143 413 941
f 1916 719 184
f 719 5 362
f 719 1916 5
f 5 413 362
f 701 184 894
f 701 1916 184
f 1916 222 5
f 222 1916 701
f 413 5 941
f 701 245 222
f 245 701 894
f 5 1392 941
f 222 1392 5
f 1392 222 245
f 1201 1169 474
f 1201 1285 1169
f 775 1285 1201
f 1028 1285 775
f 1285 83 1169
f 799 1285 1028
f 799 1585 1285
f 1285 692 83
f 1285 1585 692
f 692 26 549
f 1585 26 692
f 1585 1016 26
f 1585 963 1016
f 1016 795 26
f 26 795 948
f 1016 20 795
f 1016 372 20
f 963 372 1016
f 1616 1821 1611
f 619 1611 1821
f 384 1821 1616
f 384 1616 1762
f 1821 1998 619
f 1998 1821 384
f 694 97 799
f 1513 97 694
f 311 97 1513
f 311 1092 97
f 1873 1092 311
f 1873 1061 1092
f 221 1061 1873
f 221 1155 1061
f 1092 1061 97
f 97 1585 799
f 97 1601 1585
f 1061 1601 97
f 1601 963 1585
f 1601 703 963
f 1155 1601 1061
f 1601 1496 703
f 1601 921 1496
f 1601 859 921
f 537 1550 1998
f 537 1111 1550
f 1720 1111 537
f 1998 1550 619
f 1962 221 1873
f 1962 1114 221
f 1567 595 1475
f 843 595 1567
f 843 1039 595
f 1752 174 843
f 174 1039 843
f 1114 1155 221
f 1114 1010 1155
f 1475 1010 1114
f 595 1010 1475
f 595 1590 1010
f 1039 1590 595
f 174 1738 1039
f 1738 1590 1039
f 1155 859 1601
f 1155 1508 859
f 1010 1508 1155
f 1010 1670 1508
f 1590 1670 1010
f 1590 1543 1670
f 1738 1543 1590
f 1864 1435 1111
f 1722 1622 1864
f 1720 1864 1111
f 1960 1864 1720
f 1960 1722 1864
f 1112 174 1752
f 1112 74 174
f 166 1636 1112
f 1636 74 1112
f 205 1636 166
f 205 1208 1636
f 253 1208 205
f 74 1738 174
f 1636 1156 74
f 1208 1156 1636
f 253 1450 1208
f 1208 972 1156
f 1450 972 1208
f 74 1156 1738
f 1738 1713 1543
f 1156 1713 1738
f 1156 1122 1713
f 972 1122 1156
f 972 1463 1122
f 1337 1463 972
f 1722 1562 1622
f 1212 1562 1030
f 1030 1562 1722
f 1307 1212 1030
f 420 1307 1030
f 644 1030 1848
f 644 420 1030
f 1848 1722 1960
f 1848 1030 1722
f 1143 690 752
f 1135 1450 253
f 690 1135 752
f 690 1450 1135
f 690 1345 1450
f 690 626 1345
f 1450 1337 972
f 1345 1337 1450
f 1345 1668 1337
f 1337 13 1463
f 1668 13 1337
f 1554 1326 1986
f 1255 1253 1307
f 1255 1326 1253
f 1986 1326 1255
f 1255 1307 420
f 1255 420 644
f 1596 1986 1255
f 1596 1255 644
f 1865 1939 606
f 606 1515 403
f 1939 1515 606
f 690 1565 626
f 403 1565 690
f 1515 1565 403
f 1515 750 1565
f 1515 1050 750
f 1050 742 750
f 1050 908 742
f 908 186 742
f 1353 1790 1554
f 1353 894 1790
f 9 894 1353
f 1353 1554 1986
f 158 9 1353
f 1295 158 1353
f 991 1353 1986
f 1295 1353 991
f 991 1986 1596
f 1154 1295 991
f 1751 1295 1154
f 7 856 1939
f 481 856 7
f 481 1501 856
f 1501 965 431
f 965 1501 481
f 1392 339 941
f 856 1515 1939
f 856 326 1515
f 1501 326 856
f 1501 431 326
f 965 339 431
f 1392 131 339
f 431 1411 326
f 339 1411 431
f 339 1034 1411
f 131 876 339
f 326 1050 1515
f 326 31 1050
f 1411 31 326
f 1034 31 1411
f 339 876 1034
f 131 839 876
f 31 1838 1050
f 1034 1838 31
f 876 1838 1034
f 1838 908 1050
f 1838 1335 908
f 876 1335 1838
f 876 740 1335
f 839 740 876
f 1335 1080 908
f 740 1080 1335
f 839 1080 740
f 908 314 186
f 314 940 186
f 1080 314 908
f 314 652 940
f 1080 652 314
f 839 652 1080
f 839 1811 652
f 839 1053 1811
f 245 173 220
f 173 894 9
f 173 245 894
f 415 173 9
f 220 1392 245
f 415 232 173
f 220 131 1392
f 220 232 131
f 232 220 173
f 415 578 232
f 415 242 578
f 242 9 158
f 242 415 9
f 232 578 131
f 242 8 578
f 242 331 8
f 331 242 158
f 578 8 131
f 766 158 1295
f 766 331 158
f 131 438 839
f 8 438 131
f 438 331 766
f 438 8 331
f 747 766 1295
f 747 438 766
f 747 1751 228
f 1751 747 1295
f 438 1053 839
f 438 826 1053
f 747 826 438
f 747 228 826
f 1751 699 228
f 699 1751 1154
f 826 228 699
f 1732 1730 1406
f 628 1732 855
f 983 628 855
f 855 1127 983
f 628 1730 1732
f 814 628 983
f 389 1730 628
f 389 628 814
f 1498 389 814
f 1907 1406 933
f 1800 1907 933
f 1406 1907 1732
f 1800 448 1907
f 1907 855 1732
f 1907 1090 855
f 448 1090 1907
f 1090 1127 855
f 448 1518 1090
f 448 1800 1477
f 1721 1875 1477
f 1477 1989 448
f 1989 1875 1526
f 1989 1477 1875
f 448 1989 1518
f 1948 1875 1721
f 1997 1875 1948
f 1997 1387 1875
f 1387 1975 1875
f 1875 1975 1526
f 638 1387 1997
f 638 1906 1387
f 1230 1906 638
f 1230 990 1906
f 1688 990 1230
f 1688 1909 990
f 1599 1934 1688
f 1934 1909 1688
f 1934 1381 1909
f 1621 1934 1599
f 229 1381 1934
f 104 653 125
f 653 104 1609
f 818 1206 1609
f 818 820 1206
f 818 377 820
f 653 1206 456
f 1206 653 1609
f 456 125 653
f 1160 125 456
f 1160 577 125
f 1206 235 456
f 235 1206 820
f 959 235 820
f 1106 456 235
f 1106 1160 456
f 377 959 820
f 959 797 235
f 1106 235 797
f 377 1064 959
f 377 30 1064
f 377 1389 30
f 959 1064 797
f 1075 1106 797
f 1075 797 1064
f 30 71 1064
f 1075 1064 71
f 1389 1423 30
f 30 634 71
f 634 30 1423
f 947 71 634
f 947 1075 71
f 513 634 1423
f 57 513 1423
f 947 634 513
f 1418 818 675
f 1418 377 818
f 1418 1389 377
f 1418 1350 1389
f 1418 1055 1350
f 1174 1055 1418
f 1389 1350 1423
f 1350 57 1423
f 1498 814 1043
f 983 1127 814
f 1043 814 970
f 970 814 1127
f 515 970 1127
f 1498 1043 964
f 964 970 515
f 964 1043 970
f 1498 964 987
f 674 1498 987
f 461 1498 674
f 483 964 515
f 987 964 483
f 674 987 483
f 51 1498 461
f 1059 1498 51
f 1059 389 1498
f 1009 389 1059
f 1009 1059 579
f 725 389 1009
f 1090 515 1127
f 1090 1269 515
f 1518 1269 1090
f 1269 1518 1788
f 1788 1518 1342
f 483 515 1781
f 1269 1781 515
f 1526 1342 1989
f 1526 6 1342
f 1526 1828 6
f 1989 1342 1518
f 1387 1273 1975
f 1975 1828 1526
f 1975 1273 1828
f 1273 1829 1828
f 1906 1724 1387
f 1387 1724 1273
f 990 1724 1906
f 1909 1869 990
f 990 1869 1724
f 1869 1818 1724
f 229 1770 1381
f 1381 1770 1909
f 1909 1770 1869
f 1770 1728 1869
f 1300 1096 1770
f 1770 1096 1728
f 57 627 513
f 627 947 513
f 596 947 627
f 596 627 1315
f 1350 126 57
f 126 627 57
f 1350 422 306
f 1055 422 1350
f 126 1315 627
f 126 68 1315
f 126 306 68
f 306 126 1350
f 1309 68 306
f 1309 1315 68
f 1309 596 1315
f 49 733 1055
f 262 1480 49
f 422 749 306
f 422 733 749
f 733 422 1055
f 1309 306 749
f 355 749 733
f 355 1309 749
f 49 780 733
f 49 1000 780
f 1000 49 1480
f 355 733 780
f 663 780 1000
f 663 355 780
f 1480 655 1000
f 262 655 1480
f 262 195 655
f 663 1000 655
f 170 663 655
f 170 655 195
f 51 461 1549
f 1133 674 483
f 1549 674 1133
f 1549 461 674
f 796 1549 1133
f 1549 796 51
f 341 51 796
f 341 796 1302
f 1302 796 1133
f 1059 51 341
f 961 1059 1637
f 341 356 1059
f 1637 1059 356
f 1302 356 341
f 1302 695 356
f 961 1637 604
f 604 356 695
f 604 1637 356
f 961 604 319
f 695 319 604
f 144 961 319
f 144 579 961
f 1009 579 144
f 579 1059 961
f 725 1009 1540
f 1234 725 1540
f 1788 1781 1269
f 1788 312 1781
f 1133 483 1781
f 1781 1302 1133
f 1781 111 1302
f 312 111 1781
f 247 1302 111
f 312 1969 111
f 247 695 1302
f 247 330 695
f 696 1788 1342
f 696 312 1788
f 696 1342 6
f 1362 696 6
f 1969 312 1644
f 696 1644 312
f 1644 696 1362
f 1828 1362 6
f 1829 1804 1828
f 1804 1362 1828
f 1724 1660 1273
f 1724 1818 1660
f 1273 1660 1829
f 1660 1804 1829
f 1818 984 1660
f 1660 984 1804
f 984 1246 1804
f 1869 1863 1818
f 1728 1863 1869
f 1728 743 1863
f 1863 984 1818
f 1863 1460 984
f 1863 743 1460
f 1096 1468 1728
f 1468 743 1728
f 1468 1923 743
f 1300 1746 1096
f 1746 1468 1096
f 659 1009 144
f 1540 1009 659
f 834 725 1234
f 1420 725 834
f 1519 1540 659
f 1234 1540 1519
f 1969 247 111
f 1969 952 247
f 247 952 330
f 952 1969 1628
f 330 319 695
f 1584 144 319
f 1584 659 144
f 1584 319 330
f 1568 1584 330
f 952 1568 330
f 1568 526 1584
f 1568 1100 526
f 1519 834 1234
f 1584 1519 659
f 1519 35 834
f 1519 1584 526
f 1683 1519 526
f 1683 35 1519
f 1100 1683 526
f 1362 755 1644
f 1628 1969 1644
f 1628 1644 755
f 1628 1794 952
f 1643 1628 755
f 1643 1794 1628
f 1643 102 1794
f 1794 1568 952
f 426 1568 1794
f 426 1100 1568
f 1804 755 1362
f 1804 1635 755
f 1635 1445 755
f 1445 1643 755
f 1445 1115 1643
f 1445 1553 1115
f 1246 1635 1804
f 984 1827 1246
f 1246 1943 1635
f 1827 1943 1246
f 1943 1445 1635
f 1827 576 1943
f 1943 1553 1445
f 576 1553 1943
f 1460 1827 984
f 743 1417 1460
f 1923 1417 743
f 1460 1417 1827
f 1417 576 1827
f 1831 1677 1417
f 1417 1677 576
f 1468 1490 1982
f 1746 1490 1468
f 1468 1982 1923
f 1982 1831 1923
f 1923 1831 1417
f 1490 1419 1982
f 1419 1107 1982
f 1982 1107 1831
f 1107 1911 1831
f 1419 1761 1107
f 1419 1079 1761
f 1794 102 426
f 102 1592 426
f 1100 1707 1683
f 1707 1100 426
f 1707 1619 1683
f 1592 1707 426
f 1707 669 1619
f 1592 1205 1707
f 1205 669 1707
f 1115 102 1643
f 1765 1592 102
f 1115 1765 102
f 1553 1765 1115
f 1765 1205 1592
f 1205 1793 669
f 1925 1793 1205
f 1553 1822 1765
f 576 1822 1553
f 576 1421 1822
f 1822 1205 1765
f 1421 896 1822
f 1822 1925 1205
f 896 1925 1822
f 1831 1911 1677
f 1677 1421 576
f 1677 1911 1421
f 1911 1597 1421
f 1597 1456 1836
f 1421 1836 896
f 1597 1836 1421
f 1107 1597 1911
f 1761 1597 1107
f 1761 1456 1597
f 18 94 389
f 1630 18 389
f 1945 1630 389
f 925 1630 1945
f 806 1945 389
f 18 1198 94
f 1478 1630 925
f 801 1198 18
f 1459 18 1630
f 1459 801 18
f 1459 1630 1478
f 1531 1459 1478
f 1531 1478 925
f 1606 1444 801
f 1854 1444 1606
f 1606 801 1459
f 1563 1854 1606
f 1576 1459 1531
f 1576 1606 1459
f 1563 1606 1576
f 1894 1854 1563
f 1894 1626 1854
f 1846 1626 1894
f 1846 1312 1626
f 1952 581 1312
f 1725 581 1952
f 1846 1952 1312
f 211 1952 1846
f 883 1952 211
f 1646 1674 1725
f 883 1725 1952
f 1725 883 1646
f 1646 1780 1674
f 1780 1690 1564
f 1471 1780 1646
f 1780 1471 1690
f 1448 1403 282
f 1448 428 1403
f 1403 960 309
f 428 960 1403
f 1174 116 1055
f 1403 116 1174
f 1403 445 116
f 1403 309 445
f 960 678 309
f 116 49 1055
f 309 1119 445
f 479 1448 981
f 479 48 1448
f 417 48 479
f 1647 48 417
f 1547 1647 417
f 48 412 1448
f 1647 412 48
f 1647 16 412
f 948 16 1647
f 948 142 16
f 412 428 1448
f 412 47 428
f 412 404 47
f 16 404 412
f 142 404 16
f 142 973 404
f 47 297 428
f 404 297 47
f 404 118 297
f 973 118 404
f 297 960 428
f 297 1436 960
f 118 1436 297
f 118 12 1436
f 973 12 118
f 1436 678 960
f 1436 224 678
f 12 224 1436
f 678 425 309
f 678 11 425
f 224 11 678
f 12 11 224
f 12 3 11
f 11 724 425
f 3 724 11
f 1762 1825 901
f 1564 1690 1825
f 1825 1762 1564
f 1447 389 1959
f 1447 806 389
f 1959 389 725
f 584 1447 1959
f 693 1959 725
f 871 806 1447
f 1851 871 1447
f 736 925 1945
f 191 1945 806
f 261 1945 191
f 1322 1945 261
f 1322 736 1945
f 1041 261 191
f 1041 1322 261
f 1102 191 806
f 1041 191 1102
f 654 1102 806
f 736 1531 925
f 1322 1531 736
f 1458 1041 1102
f 1458 1509 1041
f 1576 1531 1322
f 1509 1576 1322
f 1509 1667 1576
f 1667 1563 1576
f 1509 1322 1041
f 388 1563 1667
f 388 1894 1563
f 1966 1894 388
f 1966 1846 1894
f 1265 1846 1966
f 1739 883 211
f 1739 211 1846
f 1739 1846 1265
f 886 1646 883
f 886 883 1739
f 1835 886 1739
f 1471 1646 886
f 1842 1690 1471
f 1842 1471 1868
f 1868 1471 886
f 1868 886 1507
f 309 691 1119
f 116 262 49
f 445 967 116
f 691 982 1119
f 691 257 982
f 116 541 262
f 445 119 967
f 445 387 119
f 1119 387 445
f 1119 905 387
f 982 905 1119
f 982 1833 905
f 257 1833 982
f 1833 81 905
f 900 1833 257
f 288 541 116
f 967 288 116
f 967 453 288
f 119 453 967
f 119 343 453
f 387 343 119
f 387 81 343
f 905 81 387
f 1361 453 343
f 81 1361 343
f 541 195 262
f 541 87 195
f 288 87 541
f 288 122 87
f 453 122 288
f 1086 195 87
f 122 1086 87
f 1361 122 453
f 1086 170 195
f 1361 1086 122
f 425 691 309
f 425 315 691
f 724 315 425
f 724 270 315
f 3 270 724
f 3 635 270
f 315 257 691
f 315 223 257
f 270 223 315
f 900 257 223
f 635 223 270
f 635 900 223
f 1577 901 1825
f 1577 1825 1690
f 1577 1690 1842
f 688 1577 1842
f 1577 688 58
f 1012 693 725
f 1012 725 1420
f 1210 693 1012
f 112 584 1959
f 689 1851 1447
f 689 709 1851
f 1718 1447 584
f 689 1447 1718
f 1718 584 112
f 1397 806 871
f 654 806 1397
f 1458 1102 654
f 709 871 1851
f 709 1397 871
f 1528 1336 689
f 1458 654 1397
f 1792 1397 709
f 1792 1458 1397
f 1182 1458 1792
f 1336 1792 709
f 1627 1182 1792
f 1336 709 689
f 1627 1792 1336
f 1182 1509 1458
f 1182 1667 1509
f 1947 1667 1182
f 1947 388 1667
f 1947 1966 388
f 1152 1966 1947
f 1152 1265 1966
f 1604 1182 1627
f 1604 1947 1182
f 1275 1947 1604
f 1275 1152 1947
f 1920 429 1265
f 1920 1265 1152
f 429 1739 1265
f 1507 1835 1715
f 1715 1835 429
f 1715 429 1920
f 1507 886 1835
f 1835 1739 429
f 1408 1842 1868
f 1427 1868 1507
f 1408 1868 1427
f 1427 1507 1715
f 1787 1408 1427
f 1327 1427 1715
f 215 10 1958
f 1958 945 215
f 58 688 10
f 688 1842 1408
f 10 688 1408
f 1958 1408 1787
f 1958 10 1408
f 732 1959 693
f 1742 693 1210
f 1742 732 693
f 732 112 1959
f 732 1718 112
f 1012 1661 1210
f 1661 1742 1210
f 35 1420 834
f 35 1012 1420
f 1661 1012 35
f 1661 61 1742
f 1495 61 1661
f 1618 1661 35
f 1683 1618 35
f 1618 1495 1661
f 1618 601 1495
f 1528 689 1718
f 61 1718 732
f 61 1528 1718
f 61 732 1742
f 939 1528 61
f 939 1303 1528
f 1495 939 61
f 601 939 1495
f 1303 1627 1336
f 1303 1336 1528
f 1937 1303 939
f 1937 1311 1303
f 1937 939 601
f 1311 1604 1303
f 1604 1627 1303
f 1311 1275 1604
f 1717 1275 1311
f 1717 1311 1937
f 1717 1886 1275
f 1886 1717 1675
f 1675 1716 1886
f 1775 1716 1675
f 1886 1152 1275
f 1886 1920 1152
f 1716 1920 1886
f 1349 1716 1775
f 1900 1327 1349
f 1900 1349 1775
f 1715 1920 1716
f 1349 1715 1716
f 1327 1715 1349
f 822 891 1404
f 1183 1787 1919
f 1183 1919 1404
f 1404 1327 1900
f 1404 1919 1327
f 891 1183 1404
f 1919 1427 1327
f 1919 1787 1427
f 1539 1928 1910
f 1910 1761 1079
f 1539 1973 1928
f 1185 1973 1539
f 891 822 1973
f 1928 1973 822
f 1183 1958 1787
f 945 1958 1183
f 1185 945 1973
f 1973 945 891
f 945 1183 891
f 1619 1618 1683
f 1619 601 1618
f 1619 1653 601
f 669 1653 1619
f 669 1282 1653
f 1653 1937 601
f 1876 1717 1937
f 1282 1937 1653
f 1282 1876 1937
f 1793 1282 669
f 1793 1595 1282
f 1595 1775 1876
f 1595 1876 1282
f 1876 1675 1717
f 1775 1675 1876
f 1200 1613 862
f 1925 1595 1793
f 1925 862 1595
f 1200 862 1925
f 896 1200 1925
f 862 1775 1595
f 1613 1775 862
f 1613 1900 1775
f 1456 1979 1836
f 1915 1979 1456
f 1200 1979 1613
f 1836 1200 896
f 1836 1979 1200
f 1404 836 822
f 836 1404 1900
f 1915 822 836
f 836 1900 1613
f 1915 836 1979
f 1979 836 1613
f 1910 1928 1915
f 1910 1915 1456
f 1761 1910 1456
f 1928 822 1915
f 868 1933 1621
f 1944 1933 868
f 1933 1171 1621
f 1944 1171 1933
f 1944 1310 1171
f 1621 229 1934
f 1621 1171 229
f 1310 1535 1171
f 1171 1031 229
f 1535 1031 1171
f 787 1506 120
f 1160 817 577
f 787 817 1160
f 787 120 817
f 771 1506 787
f 406 787 1160
f 771 787 406
f 1075 1160 1106
f 406 1160 1075
f 516 406 1075
f 1257 406 516
f 1257 771 406
f 1443 771 1700
f 1700 771 1257
f 516 1075 947
f 1306 1443 1700
f 1921 516 947
f 1136 1257 516
f 1136 1700 1257
f 1306 1700 1136
f 824 1306 1136
f 1944 1132 1310
f 1372 1132 1944
f 1372 1745 1132
f 1753 1745 1372
f 1432 1351 1506
f 543 1184 1432
f 1650 1184 543
f 543 1506 771
f 543 1432 1506
f 1283 543 771
f 1439 543 1283
f 1439 1650 543
f 529 1650 1439
f 1443 1283 771
f 753 1439 1283
f 1393 1439 753
f 1393 529 1439
f 1799 1283 1443
f 1620 1283 1799
f 1620 753 1283
f 1620 1393 753
f 133 1393 1620
f 824 1443 1306
f 43 1443 824
f 1799 1443 43
f 4 43 824
f 1615 1799 43
f 1615 43 4
f 1615 1620 1799
f 998 1620 1615
f 998 133 1620
f 489 1745 1753
f 489 1645 1745
f 225 1645 489
f 225 512 1645
f 77 529 1393
f 77 1172 529
f 1678 1172 77
f 1678 1978 1172
f 546 1978 1678
f 1754 980 546
f 1511 980 1754
f 133 77 1393
f 1754 546 1678
f 1678 77 133
f 1395 133 998
f 1578 133 1395
f 1578 1678 133
f 1442 1678 1578
f 1442 1754 1678
f 672 1754 1442
f 672 1511 1754
f 459 850 1631
f 850 1144 1631
f 1631 512 225
f 1631 1144 512
f 850 1138 1144
f 1138 1287 1144
f 1144 1470 512
f 1144 1926 1470
f 1287 1926 1144
f 895 1815 1702
f 895 1497 1815
f 1004 1497 895
f 498 1004 895
f 322 980 1511
f 322 1702 980
f 789 1702 322
f 789 895 1702
f 735 895 789
f 735 498 895
f 1881 498 735
f 1358 735 789
f 1881 735 1358
f 1358 789 322
f 1684 1511 672
f 1684 322 1511
f 1684 1358 322
f 110 850 459
f 110 838 850
f 110 1884 838
f 1977 1884 110
f 1977 1324 1884
f 850 838 1138
f 838 1287 1138
f 1884 1225 838
f 1225 1527 838
f 1324 1755 1884
f 757 1497 1004
f 514 757 1004
f 996 757 514
f 996 1226 757
f 514 1004 498
f 402 1226 996
f 1881 514 498
f 1881 996 514
f 1240 402 996
f 324 1068 1240
f 414 996 1881
f 414 1240 996
f 324 1240 414
f 1465 1881 1358
f 647 1881 1465
f 414 1881 647
f 134 1292 1347
f 1347 272 823
f 823 1324 1977
f 823 272 1324
f 1292 272 1347
f 1292 1313 272
f 1313 931 272
f 1313 1918 931
f 931 503 272
f 1705 1179 1209
f 1391 1209 1178
f 1391 1705 1209
f 1063 1391 1178
f 560 1068 324
f 560 1464 1068
f 1063 1178 1464
f 1063 1464 560
f 1782 1063 560
f 976 560 1841
f 976 1782 560
f 774 976 1841
f 134 1440 1292
f 1145 1440 134
f 1145 86 1440
f 1145 633 86
f 572 633 1145
f 1440 40 1292
f 86 40 1440
f 86 835 40
f 86 633 835
f 40 39 1292
f 835 39 40
f 835 1011 39
f 633 1011 835
f 572 175 633
f 39 1313 1292
f 1011 651 39
f 1011 416 651
f 633 416 1011
f 39 1918 1313
f 651 1918 39
f 651 867 1918
f 416 867 651
f 416 1853 867
f 633 1853 416
f 175 1853 633
f 867 547 1918
f 867 1853 547
f 175 1189 1853
f 1918 368 931
f 547 368 1918
f 547 562 368
f 1853 562 547
f 562 870 368
f 1853 870 562
f 1853 96 870
f 1189 96 1853
f 361 930 607
f 930 361 1179
f 477 930 1179
f 294 607 572
f 477 643 930
f 477 1179 1705
f 607 521 572
f 521 930 643
f 521 607 930
f 477 427 643
f 477 25 427
f 25 1705 1391
f 25 477 1705
f 884 25 1391
f 521 175 572
f 521 427 175
f 427 521 643
f 884 1391 1063
f 884 828 25
f 427 828 175
f 828 427 25
f 884 1177 828
f 884 1062 1177
f 1062 884 1063
f 553 1062 1063
f 828 1177 175
f 1266 1177 1062
f 553 1266 1062
f 553 1063 1782
f 553 962 1266
f 553 276 962
f 276 553 1782
f 758 276 1782
f 1177 1189 175
f 1177 551 1189
f 1266 551 1177
f 1266 962 551
f 758 1782 976
f 276 501 962
f 758 501 276
f 962 501 551
f 1535 802 1031
f 1031 802 229
f 229 1300 1770
f 802 1300 229
f 802 589 1300
f 1310 802 1535
f 1310 935 802
f 935 589 802
f 935 1857 589
f 589 1857 1300
f 935 534 1857
f 935 1502 534
f 1921 947 596
f 615 516 1921
f 1136 516 615
f 1052 1136 615
f 824 1136 1052
f 1472 1921 596
f 1472 615 1921
f 1472 1052 615
f 419 1052 1472
f 1309 1472 596
f 1088 1309 355
f 1088 1472 1309
f 1088 419 1472
f 1961 419 1088
f 113 355 663
f 113 1088 355
f 1961 1088 113
f 113 663 170
f 1772 1961 113
f 1514 1961 1772
f 1745 1714 1132
f 1132 1222 1310
f 1132 1714 1222
f 1745 1084 1714
f 1222 935 1310
f 1084 1893 1714
f 1714 1544 1222
f 1714 1893 1544
f 1222 1502 935
f 1222 1544 1502
f 558 1615 4
f 998 1615 558
f 954 998 558
f 1659 998 954
f 778 824 1052
f 778 4 824
f 558 4 778
f 778 1052 419
f 1814 558 778
f 1524 778 419
f 1524 1814 778
f 1814 954 558
f 1814 434 954
f 434 1659 954
f 1151 1659 434
f 1524 419 1961
f 1316 1961 1514
f 1316 1524 1961
f 1797 1524 1316
f 1524 434 1814
f 1797 194 1524
f 194 434 1524
f 1493 1797 1316
f 1398 1797 1493
f 1398 194 1797
f 1968 194 1398
f 1645 1084 1745
f 1645 129 1084
f 512 129 1645
f 512 1147 129
f 1084 1719 1893
f 129 1719 1084
f 1395 998 1659
f 1147 1890 129
f 1890 1719 129
f 1151 1395 1659
f 1578 1395 1151
f 1060 1578 1151
f 1060 1442 1578
f 1457 672 1442
f 1457 1442 1060
f 1151 434 194
f 1612 1060 1151
f 1610 1060 1148
f 1610 1457 1060
f 1612 1151 194
f 1612 194 1968
f 1148 1060 1612
f 1470 1147 512
f 1287 395 1926
f 41 1684 672
f 458 1358 1684
f 879 1358 458
f 458 1684 1941
f 1941 1684 41
f 395 969 1926
f 1926 1163 1470
f 1926 969 1163
f 1470 1890 1147
f 1470 1163 1890
f 969 866 1163
f 1949 866 969
f 1163 1641 1890
f 1970 1641 1163
f 866 1970 1163
f 41 672 1457
f 1157 41 1457
f 1157 1941 41
f 1856 458 1941
f 1856 879 458
f 1856 1941 1157
f 1323 1457 1610
f 1323 1157 1457
f 1664 1157 1323
f 1664 1856 1157
f 821 1856 1664
f 1680 821 1664
f 1287 1527 395
f 838 1527 1287
f 1884 1755 1225
f 1465 1358 879
f 1117 1465 879
f 647 1465 1117
f 1527 969 395
f 1527 1949 969
f 1225 1949 1527
f 1225 1536 1949
f 1755 1536 1225
f 1536 617 1949
f 1755 1887 1536
f 1949 617 866
f 617 1970 866
f 617 1687 1970
f 617 298 1687
f 1536 298 617
f 1536 1699 298
f 1887 1699 1536
f 414 647 594
f 1801 324 414
f 1117 879 1856
f 594 647 1117
f 1801 414 594
f 594 1117 1856
f 821 594 1856
f 1248 594 821
f 1077 594 1248
f 1077 1801 594
f 1248 821 1146
f 272 1755 1324
f 272 1913 1755
f 503 1913 272
f 917 503 931
f 917 499 503
f 503 1462 1913
f 499 1462 503
f 1367 976 774
f 437 976 1367
f 1913 1887 1755
f 1913 1045 1887
f 1462 1045 1913
f 1462 1438 1045
f 1462 566 1438
f 566 1044 1438
f 1887 1239 1699
f 1045 1239 1887
f 979 560 324
f 1841 560 979
f 1773 774 1841
f 1087 1367 774
f 1087 437 1367
f 979 324 1801
f 1773 1841 979
f 1087 774 1773
f 203 1087 1773
f 1256 1801 1077
f 1256 979 1801
f 781 979 1256
f 781 1773 979
f 781 761 1773
f 671 761 781
f 761 203 1773
f 1603 671 781
f 273 671 1603
f 368 917 931
f 870 917 368
f 870 1121 917
f 96 1121 870
f 1121 332 917
f 96 332 1121
f 96 1216 332
f 1189 1216 96
f 1189 244 1216
f 1189 1806 244
f 332 499 917
f 332 729 499
f 1216 729 332
f 244 729 1216
f 729 716 499
f 244 716 729
f 244 396 716
f 1806 396 244
f 499 865 1462
f 716 865 499
f 716 773 865
f 396 773 716
f 396 898 773
f 865 1723 1462
f 773 1723 865
f 989 758 976
f 989 976 437
f 758 632 501
f 758 1390 632
f 1390 758 989
f 551 1806 1189
f 501 632 551
f 323 989 437
f 1390 1124 632
f 989 1124 1390
f 989 485 1124
f 485 989 323
f 485 916 1124
f 916 323 585
f 916 485 323
f 551 1416 1806
f 632 1416 551
f 1806 898 396
f 1416 898 1806
f 632 1263 1416
f 1124 1263 632
f 916 1263 1124
f 1263 873 1416
f 1723 566 1462
f 898 1723 773
f 898 217 1723
f 1416 217 898
f 1416 873 217
f 1263 1048 873
f 1723 777 566
f 217 777 1723
f 217 899 777
f 873 899 217
f 1263 533 1048
f 777 1044 566
f 777 899 1044
f 873 1227 899
f 1048 1227 873
f 585 437 1087
f 585 323 437
f 816 1087 203
f 816 585 1087
f 371 916 585
f 816 371 585
f 491 816 203
f 121 761 671
f 121 914 761
f 816 168 371
f 491 168 816
f 296 203 761
f 296 491 203
f 914 296 761
f 371 1263 916
f 1405 168 491
f 296 1405 491
f 465 671 273
f 914 545 296
f 121 545 914
f 121 805 545
f 805 121 671
f 609 805 671
f 465 609 671
f 371 168 1263
f 465 344 609
f 1405 885 168
f 296 885 1405
f 545 885 296
f 545 36 885
f 805 36 545
f 609 36 805
f 168 533 1263
f 168 885 533
f 609 1301 36
f 344 1301 609
f 1857 1746 1300
f 1857 534 1746
f 1502 880 534
f 534 880 1746
f 880 1777 1746
f 1777 1490 1746
f 880 1188 1777
f 1502 1188 880
f 1188 1988 1777
f 1188 1164 1988
f 1893 1824 1544
f 1893 889 1824
f 1502 1824 1188
f 1544 1824 1502
f 1824 1605 1485
f 889 1605 1824
f 1824 1485 1188
f 1188 1485 1164
f 1605 1529 1485
f 1605 971 1529
f 1485 1529 1632
f 1890 1582 1719
f 1890 1641 1582
f 1719 889 1893
f 1719 1582 889
f 1582 1605 889
f 1641 1908 1582
f 1908 1605 1582
f 283 471 1908
f 1605 1386 971
f 1908 1386 1605
f 471 1386 1908
f 1970 1985 1641
f 1970 1666 1985
f 1455 1666 1970
f 1641 1985 1908
f 1666 455 1985
f 455 1250 1985
f 455 1560 1250
f 1985 283 1908
f 1985 1250 283
f 1687 1455 1970
f 1455 763 1666
f 763 455 1666
f 298 1455 1687
f 298 763 1455
f 298 78 763
f 1699 78 298
f 763 1560 455
f 78 1560 763
f 78 858 1560
f 1252 78 1699
f 78 1252 858
f 1045 1791 1239
f 1438 1791 1045
f 132 1791 1438
f 1044 132 1438
f 132 440 1791
f 1791 33 1239
f 440 1951 1791
f 1239 33 1699
f 33 1252 1699
f 1252 1228 858
f 33 1058 1252
f 1058 1228 1252
f 33 1791 1951
f 1409 1058 33
f 1951 234 33
f 234 1409 33
f 1058 1081 1228
f 182 1081 1058
f 1409 182 1058
f 383 182 1409
f 1044 480 132
f 899 480 1044
f 1227 480 899
f 480 236 132
f 1227 236 480
f 1048 236 1227
f 1048 1098 236
f 533 1098 1048
f 236 1134 132
f 1134 440 132
f 1098 1134 236
f 1098 187 1134
f 533 187 1098
f 405 1951 440
f 1134 405 440
f 187 405 1134
f 405 613 1951
f 187 613 405
f 533 613 187
f 533 353 613
f 613 308 1951
f 353 308 613
f 885 819 533
f 885 548 819
f 36 548 885
f 1301 548 36
f 819 353 533
f 548 597 819
f 1301 1517 548
f 1301 1161 1517
f 308 234 1951
f 308 1023 234
f 353 1023 308
f 819 1023 353
f 819 705 1023
f 597 705 819
f 548 199 597
f 548 1109 199
f 1517 1109 548
f 234 383 1409
f 383 284 182
f 1023 101 234
f 705 101 1023
f 101 383 234
f 101 563 383
f 597 101 705
f 597 563 101
f 563 746 383
f 199 563 597
f 199 746 563
f 746 284 383
f 746 1022 284
f 199 1022 746
f 199 1109 1022
f 1109 463 1022
f 1517 463 1109
f 677 182 284
f 677 467 182
f 467 1081 182
f 467 785 1081
f 463 284 1022
f 463 677 284
f 1517 677 463
f 1517 467 677
f 1161 467 1517
f 1161 785 467
f 1777 1988 1490
f 1988 1419 1490
f 1988 1164 1419
f 1164 1485 1500
f 1500 1632 1001
f 1632 1194 1001
f 1001 1194 1126
f 1500 1419 1164
f 1001 1419 1500
f 1001 1079 1419
f 1001 1126 1079
f 1485 1632 1500
f 795 142 948
f 20 1525 795
f 372 1525 20
f 372 621 1525
f 963 621 372
f 963 714 621
f 795 973 142
f 1525 973 795
f 621 1272 1525
f 714 1272 621
f 1525 12 973
f 1525 1272 12
f 12 1165 3
f 1272 1165 12
f 1165 635 3
f 1272 258 1165
f 1272 1388 258
f 435 1388 1272
f 1681 384 1762
f 1998 384 1681
f 1681 1762 901
f 1779 1998 1681
f 1779 1681 901
f 901 1726 1779
f 1779 1726 1971
f 703 714 963
f 703 845 714
f 703 274 845
f 1496 274 703
f 921 274 1496
f 921 592 274
f 859 592 921
f 274 1243 845
f 592 622 1243
f 592 1243 274
f 859 658 592
f 845 1243 714
f 658 622 592
f 1243 1272 714
f 622 783 1243
f 658 783 622
f 1243 435 1272
f 783 435 1243
f 783 1298 435
f 658 710 783
f 658 1936 710
f 1971 537 1998
f 1743 537 1971
f 1743 1720 537
f 1971 1998 1779
f 1508 658 859
f 1508 1783 658
f 1508 1899 1783
f 1670 1899 1508
f 1670 196 1899
f 1543 196 1670
f 1543 934 196
f 1713 934 1543
f 196 1304 1899
f 1783 1936 658
f 1783 1168 1936
f 1899 1168 1783
f 1899 1304 1168
f 934 1304 196
f 934 1696 1304
f 1720 1743 1960
f 1473 1960 1743
f 1883 1473 1743
f 1463 1769 1122
f 1463 1186 1769
f 1122 598 1713
f 1122 72 598
f 1769 72 1122
f 1769 1229 72
f 1186 1229 1769
f 598 934 1713
f 1229 1019 72
f 598 1696 934
f 598 1662 1696
f 72 1662 598
f 1019 1662 72
f 1019 770 1662
f 411 644 1848
f 1473 1848 1960
f 1334 411 1848
f 1848 1473 1334
f 994 411 1334
f 1334 1473 1694
f 1334 721 994
f 721 1334 1694
f 13 1186 1463
f 1668 1186 13
f 1186 1019 1229
f 1668 1019 1186
f 1668 1912 1019
f 1345 1912 1668
f 1345 457 1912
f 626 457 1345
f 1912 770 1019
f 457 1197 1912
f 1596 644 411
f 1290 1596 411
f 1108 1596 1290
f 1290 411 994
f 1360 994 721
f 1360 1290 994
f 1580 1290 1360
f 1580 1108 1290
f 186 1264 742
f 742 756 750
f 1264 756 742
f 1565 457 626
f 1565 1522 457
f 750 1522 1565
f 750 756 1522
f 1522 830 457
f 756 791 1522
f 66 386 791
f 66 791 756
f 1288 1596 1108
f 1288 991 1596
f 487 1154 991
f 345 1154 487
f 345 649 1154
f 1400 991 1288
f 1400 487 991
f 808 487 1400
f 808 1400 1882
f 366 1288 1108
f 266 863 940
f 652 266 940
f 1811 266 652
f 940 1264 186
f 940 863 1264
f 266 890 863
f 1811 890 266
f 1811 295 890
f 1053 295 1811
f 423 202 1264
f 863 423 1264
f 890 423 863
f 890 676 423
f 295 676 890
f 423 468 202
f 676 468 423
f 295 468 676
f 202 756 1264
f 202 1929 756
f 202 738 1929
f 468 738 202
f 468 1141 738
f 295 1141 468
f 738 441 1929
f 738 421 441
f 1141 421 738
f 1929 66 756
f 441 66 1929
f 441 1314 66
f 421 1314 441
f 421 301 1314
f 1141 301 421
f 937 1137 66
f 1314 937 66
f 1314 1149 937
f 1149 442 937
f 301 1149 1314
f 301 1261 1149
f 1141 1261 301
f 1141 955 1261
f 52 699 1154
f 826 942 1053
f 942 699 52
f 942 826 699
f 52 649 22
f 649 52 1154
f 22 942 52
f 649 65 22
f 649 345 65
f 1053 657 295
f 942 657 1053
f 22 657 942
f 22 65 657
f 400 345 487
f 345 400 65
f 657 1654 295
f 65 375 657
f 375 65 400
f 62 400 487
f 1654 1141 295
f 657 62 1654
f 375 62 657
f 62 375 400
f 243 487 808
f 243 62 487
f 62 243 1654
f 1882 237 808
f 243 237 363
f 237 243 808
f 1654 1378 1141
f 1654 167 1378
f 243 167 1654
f 167 243 363
f 739 237 1882
f 237 739 363
f 1378 955 1141
f 1378 739 697
f 1378 167 739
f 167 363 739
f 900 81 1833
f 882 81 900
f 90 882 900
f 882 1361 81
f 882 768 1361
f 1593 768 882
f 1593 1514 768
f 1954 1514 1593
f 1116 170 1086
f 1116 1086 1361
f 1116 113 170
f 768 1116 1361
f 1514 1772 768
f 768 113 1116
f 768 1772 113
f 90 900 635
f 1165 90 635
f 258 882 90
f 258 90 1165
f 258 1593 882
f 1388 1593 258
f 1388 1954 1593
f 435 1954 1388
f 1896 1726 327
f 1896 439 1726
f 825 1896 327
f 1896 825 1289
f 1896 1289 439
f 439 1289 637
f 327 901 58
f 327 1726 901
f 58 901 1577
f 327 58 825
f 977 1340 265
f 1936 1026 1340
f 1954 1316 1514
f 265 1316 1954
f 265 1493 1316
f 1340 1493 265
f 1340 1398 1493
f 1340 1968 1398
f 1026 1968 1340
f 783 977 1298
f 710 977 783
f 710 1340 977
f 1936 1340 710
f 1298 1954 435
f 1298 265 1954
f 977 265 1298
f 1729 1971 949
f 1729 1743 1971
f 439 1971 1726
f 949 1971 439
f 1774 1729 949
f 1834 949 439
f 1774 949 1834
f 108 439 637
f 439 108 1834
f 957 1026 1168
f 574 1704 1254
f 1026 1612 1968
f 1254 1612 1026
f 957 1254 1026
f 1254 1148 1612
f 1254 1610 1148
f 1704 1610 1254
f 1168 1026 1936
f 1304 957 1168
f 1696 574 1304
f 1304 1254 957
f 574 1254 1304
f 1696 1704 574
f 1883 1743 1729
f 1196 1883 1379
f 1883 1874 1379
f 1874 1883 1729
f 1874 1729 1774
f 418 1859 1704
f 1187 1454 154
f 1704 1323 1610
f 1859 1323 1704
f 1859 1454 1323
f 154 1454 1859
f 1454 1664 1323
f 1454 535 1664
f 535 1680 1664
f 1662 418 1696
f 770 154 1662
f 770 1187 154
f 418 1704 1696
f 1662 1859 418
f 154 1859 1662
f 630 721 832
f 1862 832 1694
f 1694 1196 1862
f 64 832 1862
f 64 630 832
f 1474 64 1862
f 1196 1930 1862
f 1930 1474 1862
f 475 1474 1930
f 1694 1473 1883
f 832 721 1694
f 1196 1694 1883
f 1377 1454 1187
f 1357 1640 1162
f 1454 1146 932
f 1377 1146 1454
f 1377 1248 1146
f 1162 1248 1377
f 1162 1077 1248
f 1640 1077 1162
f 932 821 1680
f 932 1680 535
f 932 535 1454
f 1146 821 932
f 1912 1339 770
f 1912 524 1339
f 1197 524 1912
f 1339 1187 770
f 524 1187 1339
f 524 1377 1187
f 1197 1377 524
f 1197 1162 1377
f 1357 1162 1197
f 457 1357 1197
f 1360 721 630
f 1548 1360 630
f 1548 1580 1360
f 1583 1580 1548
f 1548 630 64
f 1583 366 1580
f 1474 1548 64
f 1175 1548 1474
f 1175 1474 475
f 1469 1548 1175
f 1469 1583 1548
f 1757 1583 1469
f 366 1108 1580
f 145 660 1364
f 629 145 1364
f 1640 1256 1077
f 599 1256 1640
f 599 781 1256
f 1364 781 599
f 1329 875 781
f 1329 781 1364
f 660 1329 1364
f 875 1603 781
f 875 1159 1603
f 1159 273 1603
f 830 1640 1357
f 830 1357 457
f 599 1640 830
f 1522 599 830
f 1522 1364 599
f 791 1364 1522
f 791 629 1364
f 386 629 791
f 1967 366 1583
f 1433 559 1735
f 1757 1967 1583
f 1297 1967 1757
f 92 559 1433
f 1461 1288 366
f 1461 1400 1288
f 1882 1400 1461
f 486 1882 1461
f 648 486 1461
f 1461 366 1967
f 1735 1461 1967
f 1017 1461 1735
f 1017 648 1461
f 559 1017 1735
f 259 1218 660
f 702 660 145
f 702 259 660
f 837 702 145
f 731 875 1329
f 1218 731 1329
f 1218 1329 660
f 1950 1218 259
f 1950 618 1218
f 702 1950 259
f 1294 1159 875
f 924 1294 875
f 731 924 875
f 731 213 924
f 1218 213 731
f 1218 618 213
f 213 786 924
f 465 200 344
f 200 273 1159
f 200 465 273
f 583 200 1159
f 1294 583 1159
f 1294 260 583
f 924 260 1294
f 924 786 260
f 14 344 200
f 213 1274 786
f 618 1274 213
f 1950 1274 618
f 583 14 200
f 14 1301 344
f 260 14 583
f 260 239 14
f 786 239 260
f 1274 239 786
f 14 239 1301
f 1950 673 1274
f 66 764 386
f 1137 764 66
f 937 318 1137
f 442 318 937
f 1261 442 1149
f 508 145 629
f 764 508 629
f 764 629 386
f 837 145 508
f 359 508 764
f 359 837 508
f 1137 359 764
f 318 359 1137
f 318 840 359
f 840 183 359
f 442 840 318
f 442 153 840
f 1261 153 442
f 1261 955 153
f 837 611 702
f 359 611 837
f 359 183 611
f 955 349 153
f 611 1203 702
f 183 1203 611
f 840 1203 183
f 153 1203 840
f 349 810 153
f 1203 1950 702
f 153 810 1203
f 349 985 810
f 810 454 1203
f 810 540 454
f 985 544 810
f 544 985 381
f 544 540 810
f 544 922 540
f 922 544 114
f 544 381 114
f 504 92 1433
f 317 92 504
f 114 317 922
f 114 92 317
f 92 114 559
f 1203 673 1950
f 454 673 1203
f 454 325 673
f 540 2 454
f 2 540 376
f 540 317 376
f 540 922 317
f 697 1882 486
f 697 739 1882
f 1378 650 955
f 650 1378 697
f 1006 697 486
f 650 767 955
f 767 697 1006
f 767 650 697
f 1139 486 648
f 1006 193 767
f 193 486 1139
f 193 1006 486
f 955 123 349
f 767 123 955
f 123 767 193
f 193 1139 1276
f 123 19 349
f 19 123 1276
f 123 193 1276
f 1017 1139 648
f 1276 495 19
f 495 1139 1017
f 495 1276 1139
f 19 985 349
f 985 19 495
f 352 1017 559
f 495 381 985
f 495 352 381
f 352 495 1017
f 114 352 559
f 352 114 381
f 849 794 1305
f 1305 794 34
f 926 849 1484
f 849 1305 1484
f 825 911 1289
f 637 1289 911
f 825 10 911
f 10 825 58
f 215 911 10
f 911 556 637
f 794 637 556
f 108 637 794
f 911 215 556
f 794 556 34
f 556 215 34
f 1185 215 945
f 34 215 1185
f 1305 34 1185
f 2000 1750 946
f 1529 2000 946
f 971 2000 1529
f 1990 1834 108
f 1990 1774 1834
f 1805 1774 1990
f 1990 108 794
f 1990 794 849
f 2000 1805 1990
f 2000 1990 1750
f 1750 1990 926
f 1990 849 926
f 1750 926 951
f 1803 1657 471
f 283 1803 471
f 471 1657 1386
f 1657 2000 971
f 1386 1657 971
f 1767 1196 1379
f 1805 1874 1774
f 1805 1379 1874
f 1767 1379 1805
f 1767 1805 1657
f 1803 1767 1657
f 1657 1805 2000
f 91 1930 1038
f 1858 1038 1250
f 91 1038 1858
f 1560 1858 1250
f 283 1038 1803
f 1250 1038 283
f 1930 1196 1767
f 91 475 1930
f 1038 1930 1767
f 1038 1767 1803
f 887 91 1858
f 887 1120 91
f 1120 1175 91
f 1807 1469 1120
f 1560 887 1858
f 858 887 1560
f 858 1120 887
f 858 1807 1120
f 1807 1757 1469
f 91 1175 475
f 1469 1175 1120
f 1376 1757 1807
f 1228 1807 858
f 1228 1376 1807
f 793 1153 1376
f 1081 1376 1228
f 1503 1376 1081
f 1503 759 1376
f 759 793 1376
f 715 1503 1081
f 1153 1967 1297
f 1153 1735 1967
f 136 1735 1153
f 1433 1735 136
f 136 504 1433
f 136 1153 161
f 1376 1297 1757
f 1153 1297 1376
f 1991 161 1153
f 793 1991 1153
f 1274 567 239
f 1274 673 567
f 239 1193 1301
f 239 779 1193
f 239 367 779
f 567 367 239
f 1301 15 1161
f 1193 15 1301
f 673 1587 567
f 567 201 367
f 201 567 185
f 567 138 185
f 567 1587 138
f 140 759 1503
f 140 165 759
f 165 251 759
f 201 165 367
f 201 251 165
f 251 793 759
f 251 185 793
f 185 251 201
f 185 138 793
f 1193 713 15
f 713 1193 45
f 1193 140 45
f 1193 779 140
f 779 165 140
f 779 367 165
f 785 50 1081
f 50 715 1081
f 15 785 1161
f 15 50 785
f 50 624 715
f 713 50 15
f 713 624 50
f 624 45 715
f 45 624 713
f 45 1503 715
f 45 140 1503
f 271 504 136
f 271 376 504
f 376 271 2
f 317 504 376
f 454 93 325
f 93 2 271
f 2 93 454
f 105 136 161
f 105 271 136
f 271 105 93
f 325 290 673
f 325 198 290
f 198 93 105
f 93 198 325
f 278 161 1991
f 1573 28 278
f 198 1573 290
f 198 28 1573
f 28 161 278
f 105 28 198
f 28 105 161
f 673 476 1587
f 476 290 1573
f 290 476 673
f 138 1991 793
f 138 550 1991
f 476 138 1587
f 476 550 138
f 1573 550 476
f 550 278 1991
f 550 1573 278
f 1922 1142 446
f 1922 951 1142
f 951 392 1142
f 1194 1922 636
f 1632 1922 1194
f 1194 636 1126
f 1922 446 636
f 446 1142 1539
f 1126 636 1079
f 636 446 1079
f 1079 1539 1910
f 1539 1079 446
f 1305 1185 1484
f 926 1484 392
f 951 926 392
f 1484 1539 392
f 1539 1484 1185
f 392 1539 1142
f 946 951 1922
f 946 1750 951
f 1529 946 1632
f 1632 946 1922

