# https://github.com/mikedh/trimesh
v 0.20166817 0.32510677 0.39728042
v 0.29960006 0.31339514 0.34375086
v -0.13213162 0.50972134 -0.00705527
v 0.40905887 -0.21676219 -0.21066503
v -0.45233172 0.27155775 0.15685025
v -0.08490486 -0.43557227 0.35730499
v 0.00705352 0.50927937 0.13263863
v -0.13215554 -0.70951641 0.02940523
v -0.00699287 0.52331769 -0.12233935
v -0.06226084 0.50803494 0.11744059
v -0.03646890 0.51646900 0.12069700
v -0.10787217 -0.02600041 0.49480891
v 0.09803929 0.51625109 -0.07748421
v 0.10717600 0.51693797 0.06529320
v 0.09854414 0.65603644 0.03681980
v 0.11258144 0.30698025 0.44953781
v 0.00711200 0.67830569 0.08423032
v 0.11203781 0.54780585 -0.05991752
v 0.24275830 0.28607321 0.40990767
v 0.02947877 0.54429394 0.12250654
v -0.08782246 0.50678492 0.10187992
v 0.21849670 -0.53134376 0.21903385
v 0.38297358 -0.38405213 -0.09248216
v 0.05314992 0.61923033 0.11233494
v 0.00699212 0.52314836 0.12235149
v 0.12162489 0.61524612 0.02861501
v 0.13936788 0.48190889 -0.14223048
v -0.39077491 -0.24041177 -0.23095575
v 0.11064737 0.52362859 -0.04917547
v 0.48906732 -0.11994158 -0.01765785
v -0.11426044 0.54732287 -0.05547427
v 0.02822108 0.65818959 0.09974682
v -0.21195027 -0.24637541 -0.39787266
v 0.42300490 -0.31841570 -0.01625606
v -0.12010919 0.51118094 -0.04940267
v 0.10477569 -0.70687687 -0.11868226
v -0.49421170 0.09210499 0.13506240
v 0.03975055 0.31227428 0.45486003
v -0.01429938 0.30160487 -0.46738183
v -0.14935985 -0.70841092 0.03540213
v 0.12915684 0.50770772 0.03509833
v -0.12613609 0.49558613 0.09893581
v -0.04737228 0.52179515 -0.11201365
v 0.06473170 0.52975601 0.10347700
v 0.39500332 -0.22973958 -0.23066410
v -0.12270400 0.53022999 0.00707615
v 0.04960905 -0.70811844 -0.14787167
v -0.10348800 0.52975899 -0.06473080
v 0.24237579 -0.47916541 0.24247284
v 0.18956412 0.27659443 0.43719783
v -0.47992095 0.22717367 0.10799560
v -0.25466439 -0.58746272 -0.08341149
v 0.25855929 -0.14571086 -0.40683419
v 0.09005138 -0.70607644 -0.13220856
v -0.09385122 0.66926241 0.00210528
v -0.42693579 0.29792371 -0.19239490
v -0.40092525 0.29333293 -0.25026542
v -0.06987627 0.68182033 -0.03978962
v -0.19639599 0.30429405 0.41995329
v 0.29445732 0.39066285 0.22514100
v -0.37898129 0.22621819 0.31106660
v 0.22264782 -0.63959032 -0.03777430
v 0.06630375 0.64385468 -0.09192956
v 0.15896903 0.30070549 -0.43892637
v 0.08442368 0.58263952 0.09980557
v -0.11202257 0.52988321 -0.04873665
v 0.05599977 0.54346657 -0.11274710
v 0.30196795 -0.47644272 -0.16425411
v 0.06244983 0.50797677 0.11768426
v 0.07163756 -0.70951110 0.11562604
v 0.04446767 0.26463601 -0.47839370
v 0.04080975 0.68315494 0.06680639
v -0.02117275 0.50805378 -0.13258761
v -0.13912503 -0.69585890 -0.10562513
v -0.08424462 0.58207810 0.09992499
v -0.00705474 0.50895232 -0.13306548
v 0.07588690 0.53077883 -0.09563058
v 0.03597493 0.48031813 -0.20005010
v 0.26468438 -0.42476010 0.26414788
v 0.03387512 0.50669116 0.13175575
v 0.04469450 0.50613725 0.12766139
v 0.07437355 0.50560135 0.11410226
v 0.11374468 0.50577992 -0.07470804
v 0.48342124 0.02052225 -0.16161597
v 0.03471902 0.50768536 -0.12915611
v 0.29209971 -0.37946290 -0.26670361
v 0.33377159 0.35406023 0.24614513
v -0.09331810 0.49715111 0.12473731
v -0.43763870 -0.21661597 0.14187995
v 0.49673969 0.14797668 0.08873916
v -0.35066688 -0.09886879 0.35083106
v -0.06237167 0.67233270 -0.06672955
v 0.07795750 -0.70832556 -0.13427369
v -0.10716900 0.51692802 0.06529100
v 0.16561249 -0.69594675 -0.05586732
v 0.09457236 -0.67306483 0.17286885
v 0.03540196 -0.70829427 -0.14997640
v -0.01394693 -0.70370328 0.16283044
v -0.14200179 0.49946615 0.04929869
v 0.45070678 0.30514443 -0.11372599
v -0.08810470 0.65996432 0.05198891
v 0.07783770 0.51961899 0.09542490
v -0.05701873 0.29709122 0.46486515
v -0.05648778 0.54351193 0.11252017
v -0.04963125 -0.70887327 -0.14627975
v -0.23478466 0.32585239 -0.37891296
v 0.32286900 -0.18270044 0.34320191
v 0.27085364 -0.41235024 -0.26722044
v -0.00344907 0.47573963 0.21626297
v -0.03531170 0.50677502 -0.13105720
v -0.36248851 0.04196319 -0.36297682
v 0.06222904 0.60693324 -0.11128192
v 0.21691246 -0.34526592 -0.35014275
v 0.33353826 0.23710710 -0.35835266
v 0.09346094 -0.33167768 -0.40711662
v -0.13078398 0.50923139 -0.02348183
v -0.36193010 0.07479940 -0.36351267
v 0.02764929 0.55070233 -0.12446945
v 0.13669276 -0.69726354 -0.10613032
v 0.45956436 0.12423138 0.21440813
v -0.08353123 0.28907177 0.46542135
v 0.21898048 -0.61511338 -0.11306167
v 0.08424231 0.64996898 -0.07026985
v 0.47227645 0.18710119 0.16177231
v 0.12341400 0.51816702 0.02122850
v -0.11345447 0.50600410 0.07439945
v -0.01853731 -0.40584183 -0.38186631
v -0.09357847 0.66062617 -0.04055450
v 0.13224573 0.14087446 -0.49082616
v -0.00707615 0.51915801 0.12429900
v -0.41611865 -0.27171803 0.14451832
v -0.09019380 0.51422101 0.09019530
v 0.10852686 -0.66459876 -0.17321278
v -0.12512957 0.26830924 -0.46565336
v -0.24545914 0.36111414 -0.32449511
v 0.12158653 0.53380567 -0.02118935
v 0.48459160 0.19265808 0.12401511
v -0.09559079 0.53072017 -0.07597435
v -0.12074700 0.51652300 0.03664430
v 0.09044723 0.63074136 0.07912445
v -0.12785836 0.57979882 0.02862448
v 0.12882961 0.50452089 0.04944928
v -0.09515830 0.50704902 0.09516140
v -0.07756019 0.51096177 -0.10370347
v -0.49154666 0.12667429 0.13465200
v 0.37133312 0.18256447 0.33561629
v 0.22902691 0.26953411 0.42292282
v -0.46437153 0.25744727 -0.13853559
v 0.19155455 -0.57937920 0.19721760
v -0.21363835 0.46218753 0.12967536
v 0.23903401 0.29657269 -0.40694761
v 0.16615672 -0.69521856 0.05716525
v 0.08025067 0.51145279 0.10170949
v 0.00708908 -0.69419020 0.17670149
v 0.42327964 0.30746302 -0.18145302
v 0.06169133 0.50859541 -0.11675869
v -0.09180047 -0.70792925 -0.12741952
v 0.00695238 0.55044317 0.12726769
v -0.16514939 -0.70254725 0.01609284
v -0.05798588 0.62372303 -0.10780547
v -0.12101200 0.53022999 0.02122850
v 0.21233243 0.38084158 0.32009104
v -0.01397689 0.70747161 0.01397526
v -0.02117406 0.50798512 0.13268577
v 0.01619190 -0.60890824 -0.25059253
v 0.09037660 0.41083556 0.33222482
v -0.10230018 0.50647980 0.08824539
v -0.05694947 0.56809950 0.11701019
v -0.11011133 0.36012468 -0.39543641
v -0.46603253 0.28743652 0.08226341
v 0.32646045 -0.42320165 -0.18304840
v 0.36108008 -0.33849382 0.20617226
v -0.09542490 0.51961899 0.07783770
v 0.07648784 0.67035627 0.05270769
v 0.09264144 -0.70859921 -0.12122572
v -0.38299713 -0.29857963 0.19753923
v -0.38137203 0.33147845 0.22116463
v -0.12429500 0.51915300 0.00707615
v -0.38053331 0.29415005 0.27578795
v -0.11623356 0.56648988 0.05849359
v 0.46879968 0.28591403 0.06716537
v -0.24658859 -0.06937947 0.43652481
v 0.17085348 0.30941713 0.42564261
v 0.11457503 0.50450373 0.07774366
v -0.06485150 0.50766832 -0.11708108
v 0.02122850 0.53022999 0.12101200
v -0.06741120 0.52655166 0.10108249
v 0.13874756 0.23528083 -0.47064230
v 0.09855340 0.27954599 0.46675515
v 0.07931312 -0.69748139 -0.15378766
v 0.09019390 0.51422101 -0.09019530
v -0.08003414 0.68109417 -0.01428402
v 0.11521670 0.52688175 -0.03960242
v 0.34995258 0.11864861 0.37040284
v 0.07682259 0.54688489 0.10044893
v 0.02471273 0.66286224 -0.09697995
v 0.16067897 -0.70529842 -0.00202669
v 0.00708203 -0.70579273 -0.15938963
v 0.24444087 -0.56982690 0.14091159
v 0.05619324 -0.69611734 0.16535830
v 0.22455874 -0.30351034 -0.36647397
v -0.10026795 0.55028152 0.07837118
v -0.42932531 -0.09230011 0.25043982
v -0.18991032 0.30388805 -0.42292783
v -0.48290637 0.18876240 -0.13433644
v -0.25248432 0.44198158 0.14678338
v -0.15240847 0.27813923 -0.45198581
v -0.12342300 0.51816702 0.02122850
v 0.08886540 0.54438198 0.08886690
v 0.11391363 0.60801291 0.05737795
v 0.42323416 -0.27683285 -0.12182479
v -0.24823749 0.30026802 0.39751312
v -0.37094736 -0.33803669 -0.18411864
v -0.17238399 -0.67509222 0.09126232
v -0.26667285 -0.38253355 0.29034117
v 0.34485310 0.29444787 0.32211918
v 0.00261973 -0.60702187 0.25334918
v -0.08637108 0.65189058 -0.06523436
v -0.37056878 0.30876902 -0.27138191
v -0.12357096 0.60850519 -0.02893995
v -0.24072970 -0.09038398 -0.43463287
v 0.24166314 -0.45484164 -0.26155496
v -0.04933561 0.51156020 -0.11953545
v -0.08605225 0.49929720 -0.12346230
v -0.28744048 -0.54821229 0.07552759
v 0.16299042 0.04346467 -0.48369378
v -0.48429090 0.16214167 0.14239487
v -0.12033786 -0.70809078 -0.09966598
v 0.29403856 0.26797462 -0.37808862
v -0.36752364 0.29834756 0.28897130
v 0.41859031 0.33686438 0.11946036
v -0.15121308 0.49819157 0.02862448
v -0.48991612 -0.02931226 0.13298583
v 0.13937704 0.50383455 0.02120212
v 0.22756472 -0.58841288 -0.14082919
v -0.11549600 0.51120102 0.06043540
v 0.28377113 0.44364840 0.04647277
v -0.05958476 0.69373566 0.01689967
v -0.14565685 -0.70654917 0.06376887
v -0.32808501 0.30634359 -0.32867602
v -0.07682916 0.62147176 -0.09668732
v -0.06719998 0.52720982 -0.10165500
v 0.01462343 0.70719248 0.01471512
v 0.03066657 0.70167857 0.03076434
v -0.04211028 0.70199090 0.00001553
v -0.11157600 0.52119499 -0.04953310
v -0.25522789 0.14801475 0.43885770
v -0.09019530 0.51422101 -0.09019390
v -0.43927452 0.30368045 0.15087709
v -0.41066980 0.29463780 -0.23467216
v 0.22400965 0.30474389 0.40780842
v -0.11622043 0.52930009 0.03779910
v -0.16781116 -0.63655245 -0.15587559
v -0.14598639 -0.01069054 0.48719919
v 0.36429432 0.01221563 -0.35893750
v 0.22710548 -0.24114704 0.39281470
v -0.19600824 -0.01338895 0.46627846
v 0.00701266 0.52278423 -0.12242981
v 0.17313443 -0.65104437 -0.12857252
v -0.41826075 0.33316794 0.13027509
v -0.07267828 0.65241855 -0.07971153
v -0.33736086 -0.39434552 -0.19498332
v 0.06529100 0.51692802 0.10716900
v 0.04220361 0.52312458 -0.11308800
v 0.11985470 0.51076645 -0.04927250
v 0.36023152 0.04197818 0.36482295
v 0.13166124 0.50857443 -0.02116337
v 0.45350409 0.30713242 -0.08543731
v -0.20167379 -0.39434579 -0.33278179
v 0.26978636 0.27130243 -0.39541554
v -0.46525511 0.29983348 0.04067085
v 0.36727378 0.10539484 -0.35535946
v 0.42522097 0.29113108 -0.20557193
v -0.02738908 0.49802104 0.15191077
v 0.10358056 0.49768528 -0.11500216
v -0.23367482 -0.25733039 -0.38147444
v 0.36550316 0.29999030 0.29013389
v 0.07947954 0.54783916 -0.09878667
v 0.46764198 0.29952371 0.02271906
v -0.07296567 0.55155158 0.10435138
v 0.03646910 0.51646900 -0.12069700
v -0.10082410 0.62863421 -0.06629411
v 0.01278252 0.49833223 -0.15303130
v 0.06411854 -0.70810807 0.14266610
v 0.09483254 0.49753386 0.12240816
v 0.14904392 -0.70837760 0.04274734
v 0.33733711 -0.18275332 0.33007938
v -0.42426640 -0.27860200 -0.11795063
v 0.39334312 -0.25594726 -0.21379052
v -0.37509587 -0.42226583 0.00149579
v -0.49752161 0.20602369 0.00822254
v 0.02116925 0.50842011 -0.13203759
v -0.22026446 -0.24002084 0.39664370
v 0.02986319 0.63832462 0.11269020
v -0.12860943 0.14665471 -0.49107441
v -0.34950343 -0.07320212 0.35854247
v -0.07465119 -0.61456889 0.23535138
v 0.29375878 -0.06967630 0.40234709
v -0.10189475 0.51166517 -0.08014601
v -0.33367488 0.34969378 -0.25408623
v 0.05760552 0.54449189 0.11221111
v 0.11372643 0.48322201 0.15843222
v -0.43838000 0.28264999 -0.18154044
v 0.40552160 -0.35801026 0.01569041
v -0.08378560 -0.69614172 0.15344754
v 0.35002676 -0.33574483 -0.22400388
v -0.03986559 0.49725631 -0.15141948
v 0.36038470 -0.01485982 0.35995209
v -0.11977014 -0.70948654 0.07365541
v 0.42401585 0.29984233 0.19601031
v 0.06386326 -0.70829868 -0.14213108
v -0.09251452 0.54432267 -0.08523974
v 0.31313479 0.37043861 -0.24260621
v -0.15971002 0.46827549 -0.17261240
v -0.00739005 0.55064392 0.12730412
v -0.06054546 -0.70951378 0.11871848
v -0.10247116 -0.46264312 0.33641863
v 0.12692755 -0.67043453 -0.15285081
v -0.00177795 -0.57445979 -0.27866918
v -0.34068927 0.19100124 -0.36545917
v -0.45794365 0.29078931 0.12179892
v 0.10663868 -0.23840970 -0.44130465
v 0.02878801 0.57938576 -0.12781738
v -0.37225550 0.29006791 -0.28963718
v -0.27226588 0.27172092 0.39335260
v -0.09450705 0.56528753 -0.08890574
v 0.04953310 0.51417899 0.11791700
v -0.05010947 0.48198631 -0.19233257
v -0.10085297 0.64454198 -0.05066776
v -0.13438533 -0.70816773 0.07793266
v -0.14021948 -0.69445151 0.10697807
v -0.10391955 0.55074847 -0.07335149
v 0.02122850 0.51816702 0.12342300
v 0.32185277 0.03957075 -0.39469734
v 0.03877892 0.52974659 0.11593942
v 0.45059010 -0.20600654 -0.11444715
v 0.34737268 0.26801342 -0.33383581
v -0.29864857 0.31416324 -0.34369573
v 0.06085926 0.67492586 0.06398435
v 0.10623971 0.65341836 0.01201975
v -0.25549763 -0.53876370 0.16349533
v -0.23296326 -0.17075999 0.41481432
v -0.03049624 0.70174980 0.03040768
v 0.11252618 0.63565660 -0.03462560
v 0.20761923 -0.62191057 0.12340925
v 0.35399708 -0.12522364 -0.33664578
v 0.00930801 -0.38857549 -0.39167830
v -0.25631702 0.29825893 -0.39315182
v 0.11834121 -0.70728999 0.10443939
v 0.27366054 0.43247837 0.14315878
v 0.15231603 -0.68065506 0.11235982
v -0.10274700 0.51254201 0.07783770
v 0.39275640 -0.34217721 0.12685752
v 0.37061143 -0.31670651 -0.20797619
v -0.12246148 0.52234358 -0.00701662
v -0.15222621 -0.69735599 0.08305175
v -0.04193183 0.30181640 -0.46411407
v -0.13346569 0.10627477 0.49374095
v 0.09989851 0.60805929 -0.07856843
v -0.14226355 -0.70817798 -0.06413043
v -0.08299317 -0.37728566 -0.38766778
v 0.07497092 0.50629538 -0.11247311
v 0.04953310 0.51411903 -0.11785900
v -0.04896191 0.69222820 0.04174887
v 0.26904619 0.31076565 -0.37039334
v 0.11262555 0.62916023 0.04276384
v 0.12704711 0.60804987 0.00710699
v -0.12690865 0.55110174 -0.01545243
v 0.45762044 0.30866924 0.04215598
v 0.00183774 0.20344459 0.49838969
v 0.36445668 -0.29197159 -0.23465121
v 0.15711799 -0.64473158 0.15747869
v 0.27460963 -0.53040534 -0.14132160
v -0.26543334 0.29380217 0.38885674
v -0.04953310 0.51411903 0.11785800
v -0.05517097 0.44306338 -0.28390974
v -0.19253457 -0.67011493 -0.05264727
v 0.11765996 0.63369077 -0.01365415
v 0.46246162 -0.21276228 -0.00939610
v 0.12240681 0.52237052 -0.00698309
v -0.11867671 -0.70688468 0.10476718
v 0.05140357 0.50466323 -0.12783483
v 0.12695073 -0.70813966 -0.09161065
v 0.24101259 0.18279523 -0.44008291
v -0.09001623 -0.70610619 0.13217281
v 0.45348164 0.28922451 -0.13915567
v 0.02116714 0.50884682 0.13146354
v 0.47953114 0.26687771 0.03039066
v -0.27472758 -0.52803415 0.14528269
v -0.09694619 0.62109774 0.07667710
v -0.13793877 -0.59733754 0.22150712
v 0.12963000 0.51109099 0.02122850
v 0.24650282 -0.34468853 0.32798269
v -0.12341400 0.51816702 -0.02122850
v 0.11785900 0.51411903 0.04953310
v -0.06409337 -0.70821404 -0.14231177
v -0.31970745 0.29110780 0.34890896
v -0.17948186 0.39126208 0.32582319
v -0.11527456 0.43213278 -0.28599074
v 0.29654756 -0.31068140 0.30742782
v 0.45297295 0.31019247 0.06762263
v -0.06529320 0.51693797 0.10717600
v -0.14807194 -0.70885497 -0.04252671
v -0.12024277 0.57978123 -0.04966541
v 0.35844570 0.39324519 0.08831439
v -0.38146046 -0.23782966 0.24493761
v -0.44498476 0.29388627 -0.15364243
v 0.17710203 -0.45420778 0.31052911
v 0.23321755 -0.50647616 -0.22713114
v -0.46928075 0.28716293 0.05906687
v -0.07527743 0.50602871 0.11285155
v -0.45453003 0.30805925 -0.07070259
v -0.07963641 -0.52558053 0.30268064
v 0.03664430 0.51652300 0.12074700
v 0.07320054 0.52162719 -0.09705069
v 0.19920991 0.30844435 -0.41486081
v 0.35904866 -0.43400553 -0.07826239
v 0.11295300 0.62175828 -0.04946751
v -0.03804861 -0.64603078 0.21697688
v -0.40773949 0.32250237 -0.18284826
v 0.16657782 -0.62903935 -0.16672473
v -0.12024600 0.50602400 0.06456590
v 0.20873715 -0.38633847 -0.33243057
v -0.05858818 0.54820526 -0.11297937
v 0.12891863 -0.70943755 -0.07643640
v -0.01429819 0.60745764 -0.12668799
v 0.10589567 -0.69544756 0.13952231
v 0.26492494 -0.30772072 -0.33352208
v -0.46637255 0.29777029 -0.04310256
v -0.05840300 -0.70951658 -0.11688346
v -0.44388264 0.04874466 -0.25708380
v 0.21255548 -0.55431980 -0.20160529
v 0.09462765 0.66758555 -0.01435752
v 0.08326107 -0.69707465 0.15242031
v -0.13044100 0.51207697 0.00707615
v 0.41200912 0.17101334 0.28565845
v 0.19770558 -0.63652867 -0.11580675
v -0.04944364 0.50488830 0.12806489
v -0.11294151 0.59375376 0.06367730
v 0.12776542 0.56846404 -0.02670142
v 0.09860776 0.30640161 -0.45233524
v -0.01425429 0.68110591 -0.08001997
v -0.10642590 -0.70825177 -0.11390936
v 0.25669283 0.21307980 0.42435038
v -0.04092777 0.67359066 -0.08017407
v -0.16375646 -0.69736058 0.05581252
v 0.12681283 0.59356034 0.02835540
v -0.43231753 0.20543613 -0.24749628
v -0.13138786 0.02163955 0.49487600
v 0.04455820 0.69304568 -0.04478715
v -0.11910766 0.51133633 0.04924034
v 0.48790658 -0.04875488 -0.12960638
v -0.05769778 -0.69520026 0.16588563
v -0.24260280 -0.14122374 0.41987929
v -0.32880947 0.35494101 0.25103289
v -0.44908765 0.31806937 -0.04200928
v -0.05648546 -0.69558972 -0.16589135
v 0.35622334 0.17182046 -0.35676065
v -0.27500045 0.28879017 -0.38387835
v -0.17713681 -0.69414574 0.00014946
v 0.01177930 0.63251501 0.11832517
v 0.25928777 -0.58966517 0.06385861
v -0.03664430 0.51652300 -0.12074700
v -0.00705828 0.50903863 0.13298534
v -0.02835912 0.56625301 -0.12714195
v -0.12833351 -0.02546794 -0.49160954
v 0.46977907 -0.13317345 -0.12892224
v 0.24520312 0.30997398 0.38922077
v 0.30341816 -0.28164348 -0.31675535
v -0.44389468 0.04209203 0.25687629
v 0.46557394 0.26719978 0.12680940
v -0.26345521 -0.59461486 -0.00201095
v -0.28061527 -0.38134855 -0.27948579
v -0.46756017 0.28821445 -0.07051159
v 0.19262199 -0.55135119 -0.22214600
v 0.43757930 0.30747771 0.14668052
v 0.07743140 -0.66976929 -0.18367919
v -0.11036076 -0.33306053 -0.40353429
v -0.12451808 -0.70950681 -0.05292728
v -0.02092445 0.52254647 -0.12101172
v 0.45403361 0.31128576 -0.05182683
v -0.10721625 -0.70868474 0.10721732
v -0.21991347 -0.64603001 0.01565737
v -0.11463244 0.64003700 -0.01573126
v -0.12368906 0.33209556 -0.42232010
v 0.27235708 0.44403625 0.09113543
v -0.13220449 0.03592861 -0.49529624
v -0.13288720 0.50435346 -0.04065893
v 0.12085855 -0.09574233 -0.48122752
v 0.30379379 0.27481678 0.36788446
v -0.12726791 0.29930732 0.45207074
v -0.41109228 0.30812669 0.20926885
v 0.41253406 -0.17029217 0.23834336
v 0.34111711 -0.20122179 0.31641924
v -0.16138135 -0.49334183 0.29203489
v -0.09320651 0.60810643 -0.08633984
v -0.15315646 0.44478881 -0.24188901
v 0.02122850 0.51816702 -0.12341400
v 0.07551691 0.53112441 0.09613941
v 0.06923468 0.29157576 0.46640125
v 0.05008811 -0.63447052 0.22515015
v -0.24062437 0.07796467 0.45144171
v -0.03950568 0.64954269 0.10257075
v 0.34736526 -0.12130621 0.34615812
v 0.18510039 -0.10572159 0.45456254
v 0.42432350 0.34646815 -0.01603952
v 0.12278110 0.49695480 0.09735058
v -0.36636174 -0.29621691 0.22964242
v -0.08401856 0.62585181 0.08889230
v 0.12470255 -0.13587782 -0.47021979
v 0.44099370 0.29010400 0.16808930
v 0.22919913 0.42173126 0.23313688
v 0.34466460 -0.44832951 -0.10368321
v 0.27248952 -0.38313410 -0.28527060
v -0.02870509 -0.70854127 -0.15018721
v -0.03019759 0.54429412 -0.12232766
v 0.40293014 0.05495451 -0.31159589
v 0.16770764 -0.69986409 0.02797226
v -0.07783770 0.51961601 0.09542380
v -0.00028623 0.49862710 0.15292506
v 0.11937905 0.59339106 -0.04965325
v 0.04922466 -0.66942608 0.19405237
v 0.00134893 0.64998549 -0.10950810
v 0.27076608 0.27357113 0.39369801
v 0.06434381 0.47510019 0.20784010
v 0.30241829 -0.45321760 -0.18981791
v 0.46152005 0.29686192 0.07785790
v 0.47254097 -0.08079897 -0.15531348
v 0.32743528 0.30775878 0.32748628
v 0.23786120 -0.62177455 0.03474139
v 0.35894054 0.29305345 0.30520484
v 0.06052124 0.59550041 0.11467148
v -0.13130969 0.50880867 0.02116081
v -0.00137051 0.37427530 0.39364031
v 0.08408611 0.59933162 -0.09770043
v 0.36616221 0.34765664 0.21440515
v 0.11638756 0.56687748 0.05826174
v 0.24589069 -0.15878716 0.41139874
v -0.09661819 0.28153905 -0.46624586
v 0.34249169 -0.04973983 0.36896485
v -0.08064096 0.56489581 -0.10167269
v -0.23743378 -0.18545301 -0.40744394
v -0.19382484 -0.57784331 -0.19690208
v 0.00519766 -0.06036339 0.50300807
v 0.10423183 -0.20712616 0.45182261
v 0.10118765 0.52659237 0.06776334
v 0.18383785 -0.40138796 -0.33855310
v -0.45961145 0.31033179 -0.01429049
v 0.33656728 0.37828770 0.19455113
v 0.12069700 0.51646900 0.03646910
v 0.10288613 0.50614530 0.08881276
v 0.12342300 0.51816702 -0.02122850
v -0.21848606 0.31459409 0.40082318
v 0.12501808 -0.23457576 0.43809059
v 0.02421341 -0.69212055 0.17681594
v -0.37060186 -0.30998361 -0.21434446
v -0.31403553 0.05502076 0.40102303
v 0.49523681 0.21876077 -0.00236410
v -0.22253419 -0.52469164 -0.22141041
v -0.08552117 0.58510029 -0.09846986
v 0.47363505 -0.11865436 0.12894951
v -0.08875238 0.56528807 0.09465235
v 0.27002242 0.07516531 0.43459561
v -0.37111261 -0.40595171 -0.09661767
v -0.17722182 -0.69173008 -0.02420765
v -0.08314738 -0.12242074 -0.48000932
v -0.04962403 -0.70930606 0.14413600
v -0.45370206 0.28742313 0.13984078
v 0.24277440 0.26856390 -0.41615787
v 0.05402938 0.57964599 -0.11854181
v 0.00020959 0.36289668 -0.40751198
v 0.44317770 0.09149290 0.25696337
v -0.03668624 -0.69798696 -0.16855641
v 0.27123839 0.30945155 0.36991501
v 0.39122006 0.31841573 0.22892679
v -0.22284558 0.43130028 0.21775392
v -0.03349436 0.26628867 -0.47938210
v -0.09764415 0.30911458 -0.45042872
v 0.42803645 0.20522761 0.25422069
v -0.13402182 -0.69161713 -0.11920664
v -0.28592619 0.28861716 0.37586242
v 0.18876131 0.47830477 0.08886686
v -0.34226170 0.30701157 -0.31079677
v -0.22836781 -0.49591857 -0.24072300
v -0.04065177 0.68605679 -0.06160957
v 0.04679697 0.69261396 0.04342936
v 0.09867348 0.54861987 0.07987690
v -0.01546649 0.64258605 0.11307241
v 0.08088985 0.65275884 0.07124929
v -0.45370561 0.20990713 0.19471839
v 0.44231844 0.00639815 0.25615388
v 0.07168886 0.62604475 0.09866580
v 0.15339835 0.49725929 -0.03114652
v 0.00093871 -0.20511952 -0.46577406
v -0.14973466 -0.70885026 0.01466031
v 0.43786794 0.13412459 0.25944459
v 0.46950421 0.29066044 0.04502961
v 0.25822031 0.14891607 0.43676051
v 0.19602035 -0.05649569 -0.46027854
v -0.12069700 0.51646900 -0.03646910
v 0.43435124 0.19015145 -0.25031823
v 0.13117604 -0.70951736 0.01352276
v -0.07070708 0.29782596 -0.46307579
v -0.07783770 0.51253998 0.10274500
v -0.49359113 -0.10465633 -0.01290786
v -0.06529100 0.51692802 -0.10716900
v -0.14834987 -0.70783854 0.04959373
v -0.09768073 0.48343587 0.16856956
v 0.10585334 -0.70950627 -0.08855946
v -0.01591418 0.66542232 0.09660590
v -0.34435767 -0.44836849 0.10443946
v 0.33147967 -0.21450652 -0.32229981
v 0.31168371 0.14979523 -0.39587012
v -0.11242961 0.61912447 0.05309881
v 0.22826630 -0.09365668 -0.43940738
v 0.28599578 0.28475991 0.37760991
v 0.07237171 -0.70949632 -0.11971224
v 0.14709379 -0.70913249 -0.01746025
v -0.07783770 0.51961899 -0.09542490
v 0.02795798 0.59344268 0.12704420
v -0.11711866 0.50844294 -0.06197696
v -0.43958530 0.29089323 0.17055634
v 0.12745667 0.56627077 0.02767185
v -0.10990392 -0.70949399 -0.08187194
v -0.50928593 0.01005485 0.02299540
v 0.30147940 -0.46949089 0.17505276
v -0.00004525 0.70198762 -0.04212035
v -0.11282475 0.50600469 -0.07503118
v -0.02877311 -0.70913458 0.14849815
v 0.01440477 0.68108726 -0.08007083
v 0.23284002 -0.52969235 -0.20287752
v -0.10347700 0.52975601 0.06473170
v -0.05301102 0.65642667 -0.09050807
v -0.22510372 -0.10066043 0.43910509
v -0.14686359 -0.65591818 -0.15349503
v 0.16842929 0.29236105 0.43979758
v 0.11161716 0.52361757 0.04788572
v 0.26331726 -0.49251789 -0.20246288
v -0.35876039 0.14120474 0.36027995
v -0.12736286 0.57688075 -0.03036492
v -0.26411152 -0.42532825 -0.26434413
v 0.08653640 0.53022999 0.08653780
v 0.42355052 0.33156347 -0.12153311
v -0.11071272 0.52286452 0.04917257
v 0.03129634 -0.70905358 0.14786638
v -0.38845298 0.29327315 -0.26631412
v 0.13940591 0.49729407 0.06996021
v -0.10642701 0.60810506 -0.06915601
v 0.25780603 0.04182439 -0.44322574
v -0.04744153 0.52437890 0.11159702
v 0.34039122 -0.15600005 0.33944178
v 0.13672538 -0.03624452 -0.48761216
v 0.30568084 -0.33949551 -0.27912468
v -0.04884592 0.52963245 -0.11213923
v -0.23000447 0.38332412 0.30274343
v 0.11534984 -0.38723999 -0.37466541
v -0.45162570 -0.24786021 -0.00087152
v 0.13223849 0.50955319 -0.00705318
v 0.14101298 0.49498385 -0.08093432
v -0.12800375 0.29930890 -0.45188919
v -0.43271261 -0.25775397 0.11515375
v 0.04887222 0.52976871 -0.11194381
v -0.34804246 0.30727792 0.30287743
v -0.16047433 -0.70515352 -0.01190820
v -0.26466534 0.33964986 0.33870250
v -0.08899160 0.63172960 -0.08011778
v 0.12888665 0.24607171 0.47123992
v -0.20313595 -0.65955889 0.04906778
v -0.48878065 0.14365634 -0.13788411
v 0.23537648 -0.20412357 -0.40207028
v 0.11698382 -0.40957528 0.36193269
v 0.30187020 0.20362130 0.39222863
v -0.02808791 0.56608218 0.12731801
v 0.10716900 0.51692802 -0.06529100
v -0.18826696 0.24168420 -0.44832477
v -0.32217202 -0.49412656 -0.08623907
v 0.37206167 0.30617067 0.27305183
v -0.14177831 0.31584176 0.43145740
v 0.04759620 0.52398252 0.11125603
v -0.36951545 0.24670498 -0.31506401
v 0.09009787 -0.70950592 -0.10432822
v 0.21609652 0.40566963 0.27505240
v 0.02820708 0.61522478 0.12165032
v 0.09838751 0.51604265 0.07756563
v -0.07783812 -0.70942920 -0.11475305
v -0.39582404 -0.00278112 0.31673580
v 0.33185616 -0.24657226 -0.30450115
v -0.25729275 0.43073112 -0.17509647
v 0.36249068 -0.05020883 0.35049471
v 0.35415536 -0.35656503 -0.20114172
v 0.12246269 0.52232617 0.00701657
v -0.37151927 0.36432788 -0.15669774
v 0.12783127 -0.70831430 0.08933247
v -0.03627932 -0.64400804 -0.21902430
v -0.33020902 -0.42411476 -0.17351614
v 0.14262737 0.28624895 -0.45304465
v -0.34077272 -0.36384881 0.21551104
v 0.22305337 -0.30361724 0.36747599
v 0.32961223 0.41917986 0.02116609
v -0.18857798 0.06261624 -0.47327816
v 0.08653780 0.53022999 -0.08653650
v 0.12711711 0.60785770 -0.00710974
v -0.04679617 0.69261402 -0.04342997
v 0.01414205 0.62223470 -0.12206797
v 0.01047724 -0.69259781 -0.17808057
v -0.02130047 0.70381510 -0.02892818
v -0.12041522 -0.69755954 -0.12445710
v 0.07004675 0.52381045 0.09849007
v 0.19584520 0.30390343 0.42054906
v -0.29126099 0.10603032 -0.41675636
v -0.31908780 0.41880313 0.09156037
v -0.43392462 0.32426408 -0.11098278
v 0.37956488 -0.27576086 0.22502019
v 0.41543818 -0.11665887 -0.26010293
v -0.30665842 -0.23119557 0.33687150
v 0.05964643 0.69373524 0.01674926
v 0.23301151 -0.21265028 0.40031803
v -0.03055122 0.59090823 -0.12665793
v -0.25708875 0.03457281 -0.44345289
v 0.19511600 -0.59505671 0.17522496
v 0.43814367 -0.24629149 -0.10899479
v -0.25137222 -0.37942681 -0.30396119
v 0.36021507 0.39959118 -0.00990045
v -0.25507444 0.45628822 -0.06476269
v 0.06529330 0.51693797 -0.10717600
v 0.11757495 0.50792015 -0.06237457
v -0.04834960 0.49265096 0.16202627
v -0.01440535 0.68108732 0.08007059
v -0.10717600 0.51693797 -0.06529330
v 0.09843796 0.65275633 -0.04430848
v 0.36305633 0.04193728 -0.36231601
v 0.38256413 -0.38275024 0.09792032
v 0.33795789 -0.15744612 -0.34115136
v -0.18421459 0.28436178 0.43659729
v 0.32818559 -0.23012035 0.31825405
v -0.22668652 -0.30650252 0.36342785
v 0.42823148 -0.10011712 0.24922734
v -0.15509939 0.49777687 -0.01205252
v 0.06579352 0.49769518 0.14014727
v 0.18050721 -0.69016534 0.01095436
v -0.34680718 0.23376563 -0.34866995
v -0.26295871 -0.57483435 0.08806039
v 0.16781582 0.35613644 -0.37685695
v 0.44367278 0.04849330 0.25729066
v 0.50518471 0.06516936 0.06635509
v 0.05730096 0.18245430 0.49569833
v 0.37299374 0.27939627 -0.29522705
v -0.21415223 -0.34975260 0.34972283
v 0.25424379 0.35033816 0.33256221
v -0.35032970 0.31969947 0.28140658
v 0.29143161 0.30190501 0.36242500
v 0.33967149 -0.11844977 -0.35372984
v 0.20787835 -0.55437440 0.20726033
v 0.46782088 0.29776391 -0.03048766
v 0.25482512 0.15423325 -0.43805605
v -0.48012370 0.26532835 0.03024931
v -0.25453445 -0.02879941 -0.43936774
v 0.12733479 0.28376999 0.45922711
v -0.42662880 0.29815647 0.19294442
v -0.08521952 0.54432261 0.09253335
v 0.31184644 0.02694737 0.40187126
v -0.39064339 -0.38952506 -0.01512169
v -0.09308752 -0.31561914 0.41405636
v -0.13363998 -0.70747805 -0.08407904
v -0.06389189 -0.70835340 0.14195958
v 0.42240390 -0.28305990 0.11839782
v -0.10214514 0.58132356 -0.08126624
v -0.15579574 -0.44711623 0.32401326
v -0.42630196 0.30869645 0.17097323
v 0.23751391 0.01818646 0.45169801
v -0.42636335 0.24339592 -0.23936671
v 0.12350266 0.60852987 -0.02870871
v -0.08004862 0.68109012 0.01448261
v -0.41124973 0.30691332 -0.21188195
v 0.27630416 0.29021728 -0.38248032
v 0.01375034 0.60141838 -0.12787710
v 0.12864411 -0.70951158 0.04476683
v 0.46912643 -0.19097219 0.00972196
v 0.12773024 0.33828908 0.41377717
v 0.13960032 -0.57159930 -0.24357940
v 0.11337619 0.33330721 -0.42434430
v -0.07793417 -0.70820934 -0.13446578
v -0.43378174 0.33883849 0.00284938
v 0.35592830 0.29167670 -0.31015748
v 0.16649032 0.20794311 0.46591660
v 0.13080855 0.05774352 -0.49600670
v -0.01107334 0.02003509 0.51116639
v -0.36024362 0.19091146 -0.34740672
v 0.05385292 0.46054956 -0.24757154
v -0.41943440 -0.33011565 -0.00444970
v -0.00271005 0.30971804 0.46129316
v 0.04564539 -0.70950699 -0.13260680
v 0.19530635 0.29338655 -0.42815018
v 0.34122846 0.32621145 0.28302974
v 0.13926838 0.49939576 -0.05604128
v 0.17206535 0.31143701 -0.42360011
v 0.04966455 0.58050758 0.12023447
v 0.12692195 0.30322477 -0.44930464
v 0.04959502 -0.70771450 0.14879633
v 0.31031996 -0.51424867 -0.07931602
v 0.25774431 -0.06715468 -0.43060130
v -0.44413936 -0.22988725 0.10666592
v -0.12849702 -0.09313606 0.48014066
v -0.10853942 0.33328795 0.42544097
v -0.11979613 0.19537422 -0.48496670
v -0.29932475 -0.31765428 -0.30179670
v 0.00346413 0.65621877 0.10503300
v 0.26133442 0.39592975 0.25554404
v 0.06545611 0.66231775 0.07625397
v 0.47531104 0.23340888 0.12689327
v 0.34587014 0.30820060 0.30407369
v 0.20708406 -0.28055176 -0.38660455
v -0.36147174 0.10545012 0.36219475
v 0.39913166 0.29123157 0.25418234
v 0.17846464 -0.60582727 -0.18115450
v -0.35618904 -0.06375281 -0.35484490
v -0.16333453 -0.24767460 0.41771695
v 0.05760163 0.55843312 -0.11539605
v 0.20709552 -0.57977885 -0.17840554
v 0.19709027 -0.30685005 0.37964153
v -0.10926002 0.50110102 -0.09691314
v -0.29068646 -0.47747672 -0.18178278
v 0.05395894 0.62674063 -0.10839855
v -0.38900894 0.31145075 -0.24329792
v -0.11320367 0.52315575 0.04242658
v 0.04953310 0.52119499 -0.11157600
v -0.10213612 -0.69566429 -0.14229769
v 0.30137494 -0.35882241 0.27057105
v -0.12419945 0.60732830 0.02757383
v 0.02781013 0.49798813 0.15220726
v 0.11145274 0.60639775 -0.06206737
v -0.09313581 0.66596156 0.02817607
v 0.41376391 -0.31143349 0.10689858
v -0.11870434 -0.24793345 -0.43568891
v 0.10624922 -0.70825034 0.11407557
v 0.46892428 0.28900823 -0.05712991
v 0.44462651 0.03479072 -0.25494787
v 0.17626023 -0.66694480 -0.09942067
v -0.10088567 0.64897513 0.04485812
v 0.25616971 -0.10376254 -0.42237929
v -0.07661903 0.54432869 -0.09971684
v 0.33756581 -0.18431136 -0.32935882
v 0.45052803 0.30199963 0.12567100
v -0.05347433 0.65620530 0.09044041
v 0.39633998 0.35956150 -0.10861724
v -0.39291477 0.29692608 0.25799868
v 0.11724108 -0.64067036 0.19281478
v 0.43798667 0.30269516 -0.15713383
v 0.09171153 -0.70787716 0.12765421
v 0.11627889 0.58688623 0.05881019
v 0.35970414 0.14105843 -0.35946357
v -0.35467574 0.31078795 -0.28939676
v -0.14198832 0.49637181 -0.07091605
v 0.35922778 0.23649465 0.33266798
v -0.26997301 -0.04108518 0.42621672
v -0.37503657 0.31405228 0.25783470
v 0.04196375 0.60780680 -0.11979780
v -0.33858815 -0.15721810 0.34085312
v 0.35224962 0.20497727 -0.35272664
v 0.00708635 -0.70587307 0.15914997
v 0.14138402 -0.69712943 0.10036254
v 0.40048000 0.12595758 0.30981722
v -0.00491154 0.12183441 0.51023591
v 0.07819176 0.05688906 0.50365525
v 0.25248933 -0.03456044 -0.43969390
v 0.08160783 -0.52950436 0.29946801
v -0.10584451 -0.70949453 0.08957931
v -0.02946381 0.54432112 0.12234655
v -0.00407030 -0.55364478 0.29373682
v 0.08035852 -0.58661681 -0.25673670
v -0.26735991 -0.08135114 -0.41985703
v -0.46997964 0.02274501 -0.19421904
v -0.35696256 0.28972003 -0.31004462
v -0.20198883 -0.47772515 0.27516192
v 0.12067552 0.26125240 -0.46884680
v 0.25333369 -0.45289019 0.25349471
v -0.05181755 -0.66893417 -0.19386533
v -0.11448815 -0.37989867 -0.37887859
v 0.19960417 0.47960943 -0.04811122
v 0.16737106 -0.69903284 -0.03623379
v 0.38444629 -0.01016930 -0.33041161
v -0.36339921 -0.33178845 0.20813635
v -0.18199331 -0.45728201 0.30523148
v -0.09906503 -0.70835930 0.12007520
v 0.36068639 0.27187762 0.31466210
v -0.30360797 0.34373808 0.30259696
v 0.30951312 -0.28294808 0.31112382
v 0.22911459 0.38808796 -0.29582751
v -0.16566217 -0.70010746 0.03623926
v -0.12893321 -0.13320057 0.46984842
v -0.11594465 0.60744059 -0.05265008
v 0.04885075 0.65064687 0.09760401
v -0.04376512 0.39260027 0.36542669
v 0.26903701 0.18158728 -0.42271924
v -0.02497083 -0.03039910 0.50506556
v 0.40414342 0.26714113 -0.26066417
v 0.08997455 0.66269433 0.04379590
v 0.12131757 0.53301418 0.02116841
v -0.31042716 -0.45177928 -0.17993297
v -0.12703270 -0.70812374 0.09155842
v -0.25746846 0.03412594 0.44311935
v -0.06592560 0.64058310 -0.09445766
v 0.17789739 0.47975436 -0.10172538
v 0.17286488 -0.61510545 0.17658654
v 0.34065965 0.37547851 -0.19480512
v -0.02709479 0.69403607 0.05492231
v 0.20642111 0.26411453 -0.43421385
v 0.25689802 0.29904214 -0.39184800
v -0.22484727 -0.59603518 0.13467436
v -0.01538944 0.49863690 -0.15204464
v -0.42985046 0.30511704 -0.17016201
v 0.49473149 -0.10165773 0.00655031
v -0.00010551 0.60813862 0.12746187
v -0.14604285 -0.56511837 0.24511708
v -0.32850137 -0.17307566 -0.34257117
v 0.00582120 0.26477826 -0.48307520
v 0.36288252 0.07017507 -0.36270720
v -0.45682496 0.29848751 0.10625540
v -0.31765300 0.31596163 0.32679269
v 0.31282812 -0.22491543 0.33460042
v 0.08284815 0.50883693 -0.10205253
v 0.21077473 0.28609201 0.42491505
v 0.51243114 0.07240648 -0.00840539
v -0.40262845 -0.20650087 -0.23308071
v -0.00709144 0.57922602 -0.13006975
v -0.25407860 0.10583958 -0.44367430
v -0.01554619 0.00047252 -0.50936747
v -0.00255912 -0.70937049 0.14699924
v 0.11210638 0.54374778 0.05754907
v 0.10001432 0.54686880 -0.07740889
v 0.01431153 -0.00320661 0.50926358
v -0.01659139 0.62452579 0.12091985
v 0.11832774 0.63241225 0.01218986
v -0.05796760 0.50020933 -0.13614479
v -0.40622479 -0.32056263 0.11851850
v 0.00689663 -0.47057188 -0.34754345
v -0.06854729 0.02983025 -0.50432032
v -0.35843179 0.14771450 -0.35951769
v -0.13988453 0.50422502 0.00706691
v -0.00000146 0.57974958 0.13040607
v 0.15269054 -0.64953446 -0.15561265
v 0.28349966 -0.34660083 -0.29827613
v 0.17771907 -0.67085981 0.08883591
v 0.22191185 0.32417396 -0.38921875
v -0.07795126 -0.70951927 0.12893119
v 0.34978443 -0.07961026 -0.35688579
v -0.09928326 0.66239238 -0.01594610
v 0.25634694 -0.02212690 0.43916446
v -0.09686036 0.52673000 0.07250486
v -0.37958136 -0.27650291 -0.22459485
v -0.24717091 -0.47005647 -0.24525751
v 0.16636311 -0.70131636 -0.02126507
v 0.02467486 0.69369793 0.05661104
v -0.30830798 -0.52077788 0.06475696
v 0.07793165 -0.70814228 0.13468187
v 0.08325212 -0.38118288 -0.38569564
v -0.36985701 0.10864442 -0.35189259
v -0.33730614 -0.18930292 -0.32721081
v 0.15312012 0.49855128 -0.00079443
v 0.06060095 0.28930223 -0.46825144
v 0.49338585 0.08923987 -0.13794364
v 0.45119375 0.32082921 -0.00606404
v 0.07797490 0.29371694 -0.46398944
v -0.37092885 0.27442148 0.30001706
v 0.09565221 0.53077948 0.07589725
v -0.06382444 0.59362197 0.11287858
v -0.02372974 -0.67309755 0.19477956
v -0.36156735 0.01306998 -0.36215666
v 0.24153091 -0.50663811 0.21648650
v 0.26652333 0.43272361 -0.15667242
v -0.08160341 -0.51883793 -0.30695722
v 0.05958510 0.69373530 -0.01690096
v -0.13028501 0.57696468 0.00290587
v -0.27208182 -0.40365809 -0.27241054
v 0.12777644 0.58838707 -0.02671525
v 0.01669101 0.26840585 0.48085058
v -0.29723826 -0.45242825 0.19739135
v 0.26438347 0.29381633 0.38998958
v 0.00705801 0.50911885 -0.13287967
v 0.39705923 -0.07234539 0.29988453
v -0.12753163 0.55197304 0.00768275
v 0.09456562 0.66764164 0.01439184
v 0.37770671 0.29970798 -0.27438188
v -0.46976823 0.07524225 0.19695915
v 0.03659868 -0.69958085 0.16632383
v 0.14187947 -0.60411251 -0.21188104
v -0.18853632 -0.42278600 0.32408717
v 0.01579592 0.29706740 0.46985489
v -0.32022226 0.29246336 -0.34788135
v 0.31195825 -0.25432515 0.32241437
v -0.49658707 0.18048118 0.05455437
v -0.21211396 0.28501621 0.42482105
v -0.08653650 0.53022999 -0.08653780
v 0.49656057 0.04151431 -0.12724245
v -0.26885054 0.30956191 0.37155941
v 0.50467718 0.15510646 0.02150663
v -0.40338078 0.06105701 0.31109288
v -0.07774147 0.44590858 0.27383643
v -0.41064408 -0.17734222 0.23727183
v -0.24353023 0.45992488 0.07555082
v 0.38228735 -0.28516766 -0.21225491
v 0.40584287 0.31813532 0.19824624
v 0.14258227 0.30780455 0.43877757
v -0.30937865 -0.27319127 0.31622091
v 0.49324587 -0.03635471 0.10967524
v -0.45241401 0.29836258 -0.12792543
v -0.08653780 0.53022999 0.08653640
v 0.04525699 0.49593946 -0.15338834
v 0.00709100 0.58027619 -0.13004415
v 0.36761841 -0.43567660 0.00183469
v 0.04631573 0.65118420 -0.09868561
v 0.39515865 0.16550508 -0.30898368
v -0.12100800 0.53022999 -0.02122850
v -0.06252171 0.61971408 0.10683364
v -0.12382591 0.54979974 0.02937456
v -0.41306290 0.26777789 0.24818718
v 0.14099522 -0.70804518 0.06761022
v -0.45082673 -0.11981139 -0.18537782
v -0.05601053 0.19397563 -0.49389988
v 0.10054193 0.50652379 -0.09055255
v -0.11450978 0.63493085 0.02982231
v 0.05756795 -0.69527107 -0.16586645
v 0.21136829 -0.64118248 -0.07587498
v 0.35494149 0.31562513 -0.28207424
v 0.00423117 -0.63469481 0.23048763
v -0.43933854 0.13533078 -0.25714263
v -0.11271790 0.54460055 0.05658985
v 0.09936430 0.63949096 0.05967132
v -0.46974272 0.26184845 -0.11433087
v 0.13206732 0.50977063 0.00705510
v 0.01673234 0.69367719 -0.05971633
v 0.40953693 0.06691106 0.30303282
v 0.25519466 0.18253289 0.43281791
v 0.12954532 -0.18702713 0.45250133
v -0.10754505 -0.34747580 0.39732572
v -0.42805684 -0.10538761 -0.24717435
v -0.29541263 0.29470879 -0.36538807
v 0.08445445 0.60667688 0.09575452
v -0.19837224 0.12397395 -0.46611282
v -0.03081835 0.30235693 0.46475637
v -0.09686729 0.63722020 0.06571905
v 0.18241306 -0.42575714 0.32523000
v -0.12354112 -0.66043276 0.16710095
v -0.00866776 0.41882217 0.33158892
v 0.08668224 0.49258354 -0.14526527
v 0.08548503 -0.04184337 -0.49570444
v 0.02125071 -0.70554280 0.15863141
v 0.25167829 -0.56725973 -0.12953670
v -0.49074182 -0.02772601 -0.13101372
v -0.03530311 0.50722617 0.12975705
v -0.03875922 0.52999204 0.11589582
v -0.12608376 -0.69319236 0.12603180
v -0.03548757 0.70079732 -0.02815098
v -0.29211298 0.21269158 -0.39741495
v -0.13409904 -0.70927560 0.05840612
v -0.09079208 0.50613427 -0.10142875
v -0.42485493 0.28546664 0.21147573
v -0.03608530 -0.69900584 0.16747934
v -0.43159401 0.31531477 -0.14274026
v -0.35571471 0.40233338 0.01645531
v -0.19034095 0.04101488 0.47222695
v -0.01555309 0.27907673 0.47748229
v -0.49650383 -0.05470077 0.06434350
v 0.33526629 -0.46248817 0.10568749
v 0.23610683 -0.18550022 0.40837327
v 0.49317080 -0.00946890 -0.12884612
v 0.45196944 0.30688319 0.09904523
v 0.14664611 0.44611222 -0.24342126
v -0.22407298 -0.14457966 -0.42730194
v 0.48271608 -0.11873479 -0.06965523
v 0.28723454 -0.49570885 0.16763851
v 0.11674078 0.50796944 0.06432480
v -0.43597576 0.16582797 0.25535563
v -0.30588895 -0.07089670 0.39279720
v 0.08423221 0.44574168 0.27170259
v 0.18055893 0.28348219 -0.43840197
v 0.46483722 0.28505686 0.09763011
v -0.33739665 -0.46751791 -0.09164064
v -0.04304912 0.68182558 0.06772631
v -0.45124125 0.26993251 -0.16076678
v 0.02728765 -0.70090151 -0.16648972
v -0.22535321 -0.57155663 0.16454954
v -0.18274057 0.28428879 -0.43713495
v -0.43989781 -0.00676038 0.25805199
v 0.35055935 0.18599589 0.35878003
v 0.42106715 -0.13541119 0.24392530
v -0.21364167 -0.27946362 0.38419309
v -0.07159157 0.67938340 0.04310554
v -0.24926922 -0.60158163 0.06476767
v -0.38092789 0.37920451 -0.05782803
v -0.45057938 0.31450805 0.05706045
v -0.46191043 0.15221393 -0.20058852
v -0.10820320 0.49722365 0.11232106
v 0.06471124 0.68172663 -0.04788972
v -0.14043547 -0.53268588 0.27338219
v 0.13040604 0.57975829 -0.00008091
v -0.28323546 0.37344733 -0.27498102
v -0.11190098 0.63357705 -0.03971890
v -0.08726181 -0.66869742 0.18052030
v -0.00094654 -0.15622327 -0.48065379
v 0.13059054 0.21092559 -0.47929254
v -0.00707615 0.53022999 0.12270800
v 0.40982834 0.30014884 0.22861747
v 0.04336435 0.66987944 -0.08316669
v 0.04297120 -0.70950878 0.13041820
v 0.00080082 0.21909872 -0.49516910
v 0.46355733 0.28180879 -0.11322708
v -0.44296336 0.13171236 0.25090933
v 0.10614200 0.49938601 0.10614200
v -0.50967211 -0.00308453 -0.01068642
v 0.19848467 -0.61176556 -0.14927442
v -0.38311946 -0.38439521 0.09044436
v -0.00141622 0.13303879 -0.50932252
v -0.16767415 -0.69778901 -0.04198170
v -0.10219758 0.57821912 0.08124869
v -0.13214348 0.14773937 0.49009928
v -0.00003542 0.66808683 -0.09502440
v -0.14200602 0.00324261 -0.49031737
v 0.30925941 0.29492170 -0.35471538
v -0.39278585 0.27021646 0.27382085
v -0.40039289 0.20798691 -0.28989661
v 0.34175953 0.39176735 0.13959707
v 0.37141174 -0.07045539 -0.33383054
v 0.22318764 -0.50615484 0.23668553
v 0.08352622 -0.50313133 -0.31696522
v 0.22560598 -0.14529684 0.42640114
v -0.02808297 0.59337145 0.12692590
v 0.38524318 0.27967921 0.27889344
v -0.16369474 -0.63452393 0.16314960
v 0.48789126 -0.09661935 0.06999194
v -0.25106230 -0.44809350 -0.25918576
v 0.08050650 0.67757154 -0.02935736
v 0.04932760 0.66859859 0.08081710
v 0.25441056 0.10753705 0.44360965
v -0.15152460 -0.69600070 -0.08767016
v 0.14244647 -0.70823419 -0.06386705
v 0.14582303 0.28586712 0.45198417
v -0.22547513 -0.21016127 0.40502977
v 0.44256827 0.27526656 -0.17830472
v 0.34610406 -0.45637229 0.07988937
v -0.03711059 0.62419385 -0.11660463
v 0.36724365 0.34376580 -0.22053900
v -0.26593560 -0.53603780 -0.15172529
v 0.13297416 -0.06420730 0.48458093
v 0.30593330 -0.42131698 0.21410485
v -0.36287528 0.06337999 0.36292046
v 0.10186478 0.57959646 0.08190709
v 0.21120477 -0.42457965 0.30597705
v -0.14280598 -0.58746934 -0.22715041
v 0.34955072 -0.00729119 -0.36999691
v -0.48232567 -0.07842030 0.13160607
v -0.35159913 0.36366373 0.20415235
v 0.15516126 0.00777769 0.48526478
v 0.15529710 0.49601844 0.03864963
v 0.01671454 -0.00042673 -0.50918061
v 0.02122850 0.53022999 -0.12100800
v 0.02678550 0.67536145 0.08405039
v -0.19788018 -0.00799607 -0.46617615
v 0.15361314 -0.69764537 -0.07932711
v 0.00004500 0.70198756 0.04212057
v -0.12105842 0.26997405 0.46617144
v -0.25708938 0.11295991 0.44148797
v -0.11502302 -0.37716591 0.38005850
v -0.30813715 0.24981043 0.37377700
v -0.43998238 0.27124909 0.18688838
v 0.11933847 0.46295711 0.21757224
v -0.23403245 -0.61976284 -0.06604973
v 0.47152942 0.24571170 -0.12872684
v -0.33129627 -0.23350129 0.31274530
v 0.02014350 0.39719957 0.36242294
v -0.45524505 -0.19012640 0.11642127
v -0.24760482 0.28030941 -0.40893760
v 0.38135040 0.38093194 0.03966629
v 0.08886690 0.54438198 -0.08886540
v -0.12831882 0.60294807 -0.00012006
v 0.42808616 0.30714041 0.17063896
v 0.14662482 0.42860687 0.27947319
v -0.14088915 0.23304579 -0.47022420
v -0.12814426 -0.57530528 -0.24593690
v -0.25437155 0.46036765 0.00351557
v -0.00018597 0.69277149 0.06353241
v 0.16363831 0.26571801 -0.45137316
v -0.18218012 0.09608441 0.47489375
v 0.09533168 -0.69289643 -0.15032727
v -0.40089843 -0.02066851 -0.30730993
v 0.35396540 -0.08488645 0.35156229
v 0.07982107 0.67890477 0.02592744
v 0.21482918 0.14813440 0.45659626
v -0.16845764 -0.61860502 -0.17655709
v -0.09779749 0.59927416 0.08405431
v -0.50942242 0.13285461 -0.00255901
v 0.12191787 -0.63942271 -0.19090910
v -0.24622968 -0.49598321 -0.22134186
v -0.41211829 -0.17176507 -0.23817803
v 0.09106240 0.50456500 0.10517000
v -0.12322703 -0.61185873 -0.21716671
v -0.28699601 -0.56286758 0.00043920
v 0.39880317 -0.34876969 0.09743877
v -0.35916781 -0.43391255 0.07780982
v 0.12495933 -0.69481361 0.12477385
v 0.34486374 -0.36290610 0.21067475
v 0.03894493 0.17600983 -0.49924415
v 0.14016350 -0.57172632 0.24325244
v 0.07643549 -0.64438844 -0.20814082
v -0.45274732 -0.09908967 0.19355930
v 0.33887643 0.23971410 0.35328615
v -0.49461976 0.18593642 -0.06199968
v -0.17161582 -0.47342196 -0.30071467
v -0.01327716 -0.69443864 0.17601301
v -0.31202847 -0.45916778 0.16671894
v 0.25817937 0.40405986 -0.24207878
v 0.09312766 0.56579310 -0.09039144
v 0.02826599 0.56614417 0.12715361
v 0.18247570 -0.43285260 -0.32109004
v -0.30348316 -0.52200454 -0.08549722
v -0.06510959 0.18399583 0.49457932
v -0.28757939 0.41821709 0.16793126
v 0.08127879 0.62266791 -0.09295531
v 0.06819230 -0.10998157 0.48516092
v -0.24934423 -0.11514242 0.42370763
v 0.26417202 -0.25681955 0.35845172
v 0.46750161 0.28343067 -0.08402061
v -0.45350572 0.30487886 -0.09820788
v 0.38600516 0.30592719 0.25523439
v -0.07607763 0.53063178 0.09547834
v -0.00129511 0.41933948 -0.33127320
v -0.49752176 0.12352393 -0.10278975
v -0.06922618 -0.63019574 -0.22395252
v 0.16228849 0.26446655 0.45231009
v 0.35355061 0.23840202 -0.33916005
v 0.36295614 -0.42150691 0.09623325
v 0.43996981 0.14102738 -0.25501555
v 0.12279789 0.49689928 -0.09719565
v -0.40530989 -0.31659979 -0.12508674
v 0.32095221 -0.09843699 0.37425292
v 0.31342587 -0.24788904 -0.32409108
v 0.00716595 -0.64136189 -0.22460034
v -0.46479979 -0.20285261 -0.01543114
v -0.16897523 -0.52849644 0.26002333
v 0.06543981 0.11895091 -0.50277507
v 0.31304392 0.28819475 0.35529637
v 0.25089994 0.45810425 -0.06540894
v 0.21260361 -0.52371866 -0.23047163
v -0.01157552 -0.70618618 -0.15943122
v 0.00043762 -0.10553023 0.49426112
v 0.12130618 -0.30644816 -0.41133237
v 0.08387341 0.30853704 0.45254213
v 0.00000167 -0.44652110 0.36182743
v -0.01684782 -0.24540408 0.45083338
v -0.18225646 -0.12827626 0.44961953
v -0.07552548 0.53111732 -0.09613104
v 0.22818856 -0.59562415 0.13010973
v 0.14147533 0.39163029 0.34119290
v -0.49467671 0.02705891 -0.13397262
v 0.31577128 -0.30931634 0.28690615
v -0.34039977 0.37327939 -0.20030142
v 0.08066041 0.68156499 0.00009454
v -0.18424125 -0.59859347 0.18394805
v 0.11312275 -0.70856690 -0.10623252
v -0.33109868 -0.19153269 0.33344001
v -0.38453978 0.27260607 -0.28334612
v -0.25684962 -0.00477740 0.44078821
v 0.19077504 -0.64776707 0.10861462
v 0.34572807 -0.47211084 0.01375319
v 0.14933969 -0.70841640 -0.03540220
v 0.46996361 0.29826215 0.00035972
v 0.13115169 -0.17187436 -0.45684174
v 0.17966932 -0.69104707 -0.01026105
v -0.21814251 -0.51625186 0.23239742
v -0.13390061 0.06305409 0.49521929
v 0.00024272 0.09083477 -0.51235354
v -0.42512757 0.28354123 -0.21285842
v -0.05565460 0.26114368 0.47787443
v -0.43299481 -0.28852874 0.03229570
v 0.06738533 0.04538545 -0.50493878
v 0.09121051 0.51157123 0.09121224
v 0.15077174 -0.70854568 0.01443591
v 0.19723721 0.36439693 0.35425293
v -0.31004754 -0.52981019 -0.00164852
v -0.12277135 0.62262094 -0.00018981
v -0.19797449 -0.32233980 0.37247619
v 0.13114427 0.17605387 -0.48620555
v 0.40631706 -0.05876020 -0.29164723
v 0.30067828 -0.00041691 -0.40835315
v 0.08529393 0.41961113 -0.31959510
v 0.15580843 -0.69543087 0.08090711
v 0.31966820 0.27021715 -0.35759035
v -0.32680547 -0.41774487 0.18910401
v 0.10247737 0.39033064 -0.35908344
v 0.49583253 0.10537480 0.12381499
v -0.09003758 -0.70950347 0.10422221
v -0.29652458 0.30684486 0.35318580
v -0.24847339 0.26731572 0.41312236
v -0.06327839 -0.58575600 0.26232073
v -0.12210882 -0.16701639 0.46147221
v 0.23801494 -0.48415193 -0.24226581
v 0.25327870 0.25419775 0.41401267
v -0.09635311 -0.42875895 -0.35895440
v 0.12122694 0.20173848 0.48362178
v -0.31216016 -0.24800219 -0.32523793
v 0.13290121 0.04276533 0.49534252
v 0.04210996 0.70199102 -0.00001522
v -0.41771615 0.34746385 -0.05756455
v 0.10613423 -0.69724721 -0.13673033
v -0.09080724 -0.47641882 -0.33214796
v -0.20827855 -0.55271161 -0.20854211
v -0.14113155 0.38795379 -0.34678158
v -0.34415251 -0.12569955 0.34760484
v -0.47943178 0.22121222 -0.12144131
v 0.24872245 0.21252596 -0.42977539
v 0.00264452 -0.58063692 0.27408910
v 0.27386031 -0.52158570 0.15752679
v -0.46426693 0.28623348 -0.09736453
v -0.44359612 0.09095880 0.25611654
v 0.21727379 0.29408881 -0.41858670
v 0.23469397 -0.61551005 0.07432812
v 0.20701320 -0.33929864 0.36023405
v 0.00397452 0.44551823 -0.28534564
v -0.29152077 -0.30975860 0.31212744
v -0.23259914 -0.58721250 -0.13553281
v 0.10254695 -0.37339896 0.38646451
v 0.48022884 0.26436114 -0.03186617
v 0.00681102 -0.66344720 0.20552953
v 0.25416461 0.42724264 0.18861923
v 0.10734238 0.65138334 -0.01420017
v -0.34459007 0.40776128 -0.03988576
v -0.06297719 -0.05485638 -0.49666253
v 0.25299022 -0.05684835 0.43576655
v 0.39237285 -0.23196639 0.23365639
v 0.01627765 -0.25440142 -0.44776917
v 0.40479353 -0.28038856 -0.16341275
v 0.32533163 -0.20856798 0.33110318
v 0.40471494 -0.19958368 0.23380744
v -0.15346766 -0.55222118 -0.25136757
v 0.40357107 -0.36250222 -0.01471439
v -0.41919920 -0.14218694 -0.24340302
v -0.28860822 -0.49474403 0.16628134
v 0.32009980 -0.49737588 0.08613262
v -0.06650697 0.64026725 0.09398280
v -0.18610285 -0.65384144 -0.10604227
v -0.06572890 0.11280037 -0.50331521
v -0.06761782 -0.46920604 0.34036881
v -0.15712036 -0.66886199 -0.12375987
v -0.04966124 0.59370798 0.11935765
v 0.01838329 -0.24752910 0.44989288
v 0.40779123 -0.32257152 -0.11208285
v 0.46230805 -0.03711718 0.19884983
v -0.40705758 0.29707289 0.23851502
v 0.14657190 0.15807723 0.48338908
v 0.25682095 0.07759060 -0.44370142
v -0.43631664 0.16877651 -0.25397813
v -0.50086707 0.01516506 0.08911223
v -0.12936305 0.50775617 0.03497289
v 0.30603272 0.43350452 -0.02076126
v -0.01689796 0.69377667 -0.05955658
v -0.18447490 0.21407735 0.45705140
v 0.50256318 0.17955792 -0.00782715
v 0.44858450 -0.12153032 -0.18952402
v 0.25571117 0.00669536 -0.44243997
v -0.24409565 0.24711421 -0.42278773
v 0.06101011 0.56458813 0.11474058
v -0.40794852 0.26594353 -0.25623876
v 0.12814695 -0.01967875 0.49221212
v 0.33246595 -0.47824037 -0.08402762
v -0.11087573 0.23383473 -0.47784117
v 0.40070274 0.31940964 -0.20754880
v -0.07596420 -0.55929029 -0.27955130
v -0.00131356 -0.48667732 0.33804309
v 0.09244500 -0.45099509 0.34712780
v -0.50436550 0.09977971 0.06413099
v -0.11533473 0.52654833 -0.03911486
v 0.28083000 -0.36982933 0.28689790
v -0.31175524 0.05513171 -0.40277043
v -0.24204436 0.45048299 -0.13037683
v -0.15926062 -0.66176772 0.13170077
v -0.49513289 0.05616383 0.13462903
v -0.24963729 -0.56739426 0.13399917
v 0.12966007 0.50756067 -0.03505976
v -0.15375374 0.47472015 0.15573987
v 0.32614824 -0.40216926 -0.20387666
v 0.15111820 -0.69190937 -0.09585182
v 0.15080343 -0.53467101 -0.26746640
v 0.17202784 -0.24780162 0.41410238
v -0.11938106 0.59337133 0.04965311
v -0.42644325 0.25038821 0.23468222
v 0.17291902 0.46251014 -0.17946441
v 0.01027463 0.09141383 0.51155424
v 0.01397659 0.70747161 -0.01397556
v -0.02122850 0.51816702 0.12341400
v 0.19358712 -0.67000633 0.04912139
v 0.41354838 -0.18317452 -0.22635506
v 0.42458695 0.28430936 0.21339849
v 0.29158944 0.29544291 -0.36786345
v -0.05965178 0.69373286 -0.01674675
v 0.50929886 -0.01523305 -0.00097123
v 0.28694966 -0.49799085 -0.16449960
v 0.27413854 -0.39657190 0.27533591
v 0.09699697 0.28425696 -0.46528751
v 0.42360339 -0.31704634 0.01615610
v 0.22158092 -0.27069056 0.38385579
v -0.45403451 0.30644408 0.08522733
v -0.09064488 -0.70950961 -0.09934239
v -0.16337156 -0.69297296 -0.07015618
v -0.25668916 0.07058267 -0.44391006
v -0.49229866 0.16092001 0.10981876
v 0.24441521 -0.61785662 -0.00389427
v 0.34646237 -0.38671795 -0.18395205
v -0.24924345 0.21729513 0.42841157
v 0.44202435 -0.00740175 -0.25417492
v -0.39713639 -0.35067636 -0.10276946
v -0.18556485 -0.07099943 0.46193007
v 0.15285571 0.48252958 0.12398758
v 0.46597907 -0.15595795 0.11542112
v -0.07186766 0.10716865 0.50282359
v 0.14821431 -0.67321402 -0.12885918
v 0.16258428 -0.51011103 0.27958581
v -0.15573928 0.29414606 0.44411096
v 0.48139867 -0.09372299 -0.12174337
v -0.35957667 -0.02196059 -0.35975587
v 0.01798420 -0.70916283 -0.14817913
v -0.18723407 -0.43573570 -0.31655017
v 0.25562137 0.45970607 -0.00238193
v 0.39301804 0.22656225 0.29272929
v -0.12907298 0.58842021 -0.01539836
v -0.21808085 0.33726361 0.37663478
v 0.44868565 -0.20938687 0.11935418
v 0.42424482 0.24218725 0.24414282
v -0.24416339 -0.03863826 0.44290718
v 0.38682646 0.36776817 0.10724929
v -0.33253840 -0.49575394 -0.00110938
v 0.33047253 -0.41829386 0.18069480
v -0.35163274 0.20563106 0.35313782
v -0.21255557 0.28269508 -0.42555916
v 0.29100379 -0.54785889 -0.05672418
v -0.34484360 -0.15190153 -0.33615425
v -0.18881075 0.45382836 0.19082452
v 0.49709803 -0.05236529 -0.06218855
v 0.39479092 -0.20330523 -0.24552715
v -0.18223959 -0.36740845 0.35732180
v 0.36131483 0.01294293 0.36234504
v -0.25189355 0.18374372 0.43467814
v 0.12649632 -0.15020961 0.46557391
v -0.44294211 0.31059492 0.12480936
v -0.05580894 0.47002634 0.22400691
v -0.23848616 -0.62493473 -0.00798379
v -0.48133704 0.27018300 -0.00653975
v -0.03677910 0.52883899 -0.11649800
v 0.13043644 -0.67213899 0.14822534
v 0.50279093 0.09864772 -0.07666864
v -0.47608039 0.08897635 -0.18037494
v 0.17005692 0.46619865 0.16985644
v -0.13697788 0.10752454 -0.49260426
v 0.20038083 -0.36869228 0.34867314
v -0.51293689 0.05024034 -0.00168840
v -0.15767367 0.26696399 0.45346555
v 0.44972390 -0.24301593 0.03195678
v -0.23147835 0.29725361 0.41062486
v 0.01000449 -0.43405390 -0.36789605
v -0.29323334 -0.34401241 0.29151756
v -0.40294081 0.04190732 -0.31126508
v 0.27857184 0.37249306 -0.28165072
v -0.20102960 0.45070332 -0.18694122
v -0.33823502 0.29815492 0.32703814
v 0.06122379 -0.60299629 0.24915230
v -0.02393932 -0.70952028 -0.13223809
v 0.18735756 0.20259212 -0.45846155
v -0.46072590 -0.04976958 -0.19795141
v -0.34943104 -0.43401757 -0.11326517
v 0.40613404 0.30423653 -0.22889493
v 0.11094608 0.64207643 0.02733248
v -0.16421828 -0.50896031 -0.27948287
v 0.12074700 0.51652300 -0.03664440
v -0.12678026 -0.67954284 -0.14228094
v -0.27951613 -0.50959009 -0.16332534
v -0.10053717 0.30351704 0.45454231
v -0.34849644 -0.36875662 -0.20069034
v -0.26094329 -0.58869159 -0.05753775
v 0.26593408 -0.45793527 -0.23297797
v -0.30162916 -0.48009381 -0.15949279
v 0.26501879 0.02076045 0.43721506
v -0.19273219 0.41599855 0.27357796
v 0.01167171 0.04890506 0.51209360
v 0.50537056 0.01925963 -0.05615167
v 0.26520556 -0.58074921 -0.06823514
v 0.04643589 0.35840121 0.40727535
v 0.15254864 -0.48599049 -0.30076790
v -0.35310319 0.39476156 -0.10122181
v 0.30031380 -0.11396095 -0.38562334
v -0.17077455 0.30954206 0.42584422
v 0.37030619 -0.34245539 -0.18046585
v 0.29216900 -0.33975825 0.29518351
v 0.43724990 -0.04841172 -0.25300542
v -0.18570293 -0.68220717 0.02703591
v 0.22325853 0.33820775 0.37190804
v -0.05562695 -0.66777033 0.19364077
v -0.30894738 0.26885229 -0.36644799
v -0.00033236 -0.40487915 0.38423392
v 0.30307549 0.34343162 -0.30368438
v -0.05669916 0.34924534 -0.41614968
v 0.07678896 -0.64430803 0.20805384
v 0.32741505 0.29423508 0.34074983
v 0.05696462 -0.62389523 -0.23281410
v -0.36086431 0.39064690 0.09466138
v 0.38427922 -0.12628828 0.29694223
v -0.25501087 0.15515152 -0.43803480
v -0.08949380 0.38937688 -0.36361063
v -0.26694757 0.07767863 0.43678159
v 0.24853657 -0.55318266 -0.15598218
v 0.35428917 -0.37071380 0.18537405
v 0.00073912 -0.30409300 -0.43038958
v -0.48708326 -0.11682188 0.04058637
v 0.04154008 0.28925103 0.47055125
v 0.21590666 0.35519260 -0.35557440
v 0.35803294 0.38470635 -0.12478263
v -0.43214354 0.19769585 0.25095496
v -0.30132073 0.34328127 -0.30540204
v -0.48064446 -0.15572281 -0.00376906
v 0.26501578 -0.52354401 -0.16767718
v 0.41411039 0.27102366 0.24474974
v -0.35553694 0.28844821 0.31258172
v -0.07198438 0.03074189 0.50388539
v -0.21777968 -0.64506394 -0.03843781
v 0.30661291 0.15554100 0.39876837
v 0.34016573 0.27087873 0.34064651
v -0.13125306 0.19095626 0.48344073
v 0.42815387 0.23199168 -0.24247189
v -0.06569250 0.67133373 0.06564652
v -0.47576571 -0.11745532 0.12211045
v 0.41782054 0.27715138 -0.23461939
v -0.07492825 0.60106349 -0.10423601
v 0.31986052 0.41864616 0.08915193
v -0.06398734 0.31725925 0.44704944
v -0.49266979 0.02090342 0.13843352
v 0.43996549 0.16894744 0.24684639
v 0.07108813 -0.03136371 0.49898490
v -0.08213548 0.41867968 0.32189259
v 0.23602447 0.46450058 0.06289189
v 0.11704659 0.53387821 0.03796393
v -0.46251449 -0.16301525 -0.12305753
v 0.19893871 0.08171951 -0.46864921
v -0.28542367 0.44115818 0.06845208
v -0.19768557 0.18170154 -0.45829403
v -0.46901900 0.27224118 0.09719617
v 0.22294919 0.45737198 0.13530304
v 0.42033371 0.34355986 -0.06944440
v 0.44203866 0.26774269 0.18481144
v -0.00908675 0.47122738 -0.22774217
v -0.43794680 -0.24542962 -0.11331801
v 0.38350397 0.35062087 -0.16739240
v -0.34654811 0.23999608 0.34657302
v -0.48244637 -0.07900193 -0.13107982
v 0.19728968 0.14095153 -0.46464312
v -0.04128069 0.67087638 0.08291171
v 0.00055533 -0.53851765 -0.30438927
v -0.12442494 -0.20267338 0.44927990
v -0.19048500 0.33077207 -0.39601091
v -0.49683025 -0.05234006 -0.06574833
v -0.23940767 -0.21850589 -0.39348376
v 0.05297029 -0.57425314 -0.27250004
v -0.19935527 0.48116586 0.02849796
v 0.04305384 0.68182427 -0.06772586
v -0.35573819 -0.03397511 0.36118168
v 0.13962993 -0.07286223 -0.48044884
v 0.11668883 0.13923210 0.49411568
v -0.24959318 -0.55953783 -0.14697878
v 0.39832366 0.21304095 -0.29079801
v 0.42489043 0.34596303 0.01610876
v -0.46761438 0.30128062 0.01435836
v -0.08179148 -0.69422418 -0.15685262
v -0.07989781 -0.29364076 -0.42466375
v -0.02458454 0.66283739 -0.09706971
v -0.17437975 -0.40727898 -0.33936313
v -0.11604957 -0.63886833 -0.19546142
v 0.51233745 0.03389415 0.00469773
v 0.11183149 -0.26749560 0.43011522
v -0.23770304 -0.51964784 0.20776595
v 0.13926983 -0.60259807 0.21524943
v -0.24901128 0.20520312 -0.43153712
v -0.38431635 -0.11711194 0.30095011
v -0.01633519 0.63640797 -0.11636534
v -0.02122850 0.53022999 0.12100800
v -0.20346700 -0.62358594 0.12702540
v -0.30135882 0.28655288 0.36499935
v -0.50499803 0.04954838 -0.06809447
v -0.11321675 -0.27628025 0.42642194
v -0.22600050 -0.29018196 -0.37191084
v -0.25642890 -0.00053060 -0.44143295
v -0.07580197 0.65375733 0.07575899
v 0.33739236 -0.37155521 -0.21398270
v -0.09375187 -0.22995813 0.44595444
v 0.11218974 -0.60841376 0.22530350
v 0.36881563 -0.39435098 0.12037559
v 0.43888590 -0.02934484 0.25517306
v 0.15829858 0.35260707 0.38498890
v 0.45376152 -0.17723010 -0.13427038
v -0.06324553 -0.09952032 0.48820022
v -0.31847775 -0.42127702 -0.19767779
v -0.42201740 -0.13563468 0.24221371
v -0.01783516 -0.60907876 -0.25028077
v -0.19194691 -0.64998066 0.10206219
v 0.38346782 0.04683685 0.33685297
v -0.12893592 0.07401374 -0.49625999
v 0.17896250 -0.11946363 -0.45353943
v 0.45189118 -0.11127101 0.18831423
v 0.23319401 -0.40485767 -0.30201915
v -0.00317338 0.34309289 0.42943975
v 0.11556435 0.57810402 -0.06111089
v 0.12460499 -0.69502354 -0.12475137
v -0.39136130 -0.09894024 -0.29896134
v -0.13097346 -0.06364465 -0.48518106
v -0.07681360 -0.64087653 0.21124822
v 0.19734417 -0.66828072 -0.03720431
v -0.27978230 0.37308815 0.27948454
v -0.19858265 0.47016686 -0.11741905
v -0.24130501 -0.61712945 0.03733201
v 0.35893989 0.14945133 0.35861543
v 0.06470970 0.31337863 -0.45069972
v -0.49481443 0.08439651 -0.13369793
v 0.35744825 -0.03776048 -0.35865331
v -0.42273760 -0.28938058 0.10570705
v -0.34193894 0.27747762 -0.33607772
v -0.38945284 -0.26288056 0.21677719
v 0.18990213 0.07627343 0.47266883
v 0.05624906 0.12309772 0.50363570
v 0.46894598 0.07573251 -0.19882134
v 0.21391451 -0.64487243 0.05917574
v -0.39940935 0.35684544 -0.10966359
v 0.07615630 -0.56847543 0.27258566
v -0.13494627 -0.05238132 0.48577324
v -0.14724655 0.18221836 -0.47905931
v -0.36175835 0.02774464 0.36304086
v -0.11907760 -0.28972232 -0.41914120
v 0.09996650 0.58237529 -0.08427142
v 0.47561365 0.19103095 -0.15182923
v 0.29217711 0.43392077 -0.09197579
v -0.15971299 0.35861930 0.37724078
v -0.34664959 -0.38358644 0.18773755
v 0.03053694 -0.51662707 0.31577960
v -0.00076880 -0.50477839 -0.32685855
v -0.07878566 0.41740212 -0.32460278
v 0.20172654 0.00225241 -0.46546972
v -0.35035780 -0.09794728 -0.35144377
v -0.22841001 0.30133653 -0.40905678
v -0.34054747 0.26916060 0.34116161
v 0.05718637 0.23774698 0.48395106
v -0.27969396 -0.55589151 -0.08278310
v -0.10913339 0.64935148 0.01286855
v -0.07877431 0.60790938 0.09989040
v 0.47117162 0.03966328 0.19321489
v -0.33088109 -0.24950887 -0.30426991
v 0.06552157 0.64525557 0.09176496
v -0.07549851 0.46033037 -0.24237293
v -0.30989683 0.43224704 0.00048641
v 0.06676641 0.68316483 0.04080484
v 0.03049652 0.70174980 -0.03040748
v 0.31529117 -0.20067523 -0.34217957
v 0.09583282 -0.42395923 -0.36175677
v -0.04229886 0.62346148 0.11525066
v -0.24060795 -0.25232285 0.37842467
v -0.36601391 -0.41000250 0.10611165
v 0.06473080 0.52975899 -0.10348800
v -0.06713823 -0.59655565 -0.25303006
v 0.13333368 0.00660771 -0.49347645
v -0.31203464 0.11336043 0.40008661
v -0.00009340 -0.36684161 0.40303677
v 0.13535704 0.10625742 -0.49328980
v -0.29642555 -0.52448553 0.09906957
v 0.01432343 0.30037570 -0.46807578
v -0.10608085 -0.41275409 0.36454386
v -0.18598731 -0.59982955 -0.18081446
v -0.20224740 -0.55903685 0.20778154
v -0.42003676 -0.05472434 0.27500895
v 0.48280308 -0.14229819 0.01942127
v 0.18327452 -0.46117917 -0.30177343
v -0.24547616 -0.47531879 0.24255303
v -0.00039813 -0.19703260 0.46823636
v -0.24714309 -0.15824062 -0.41076970
v -0.00163641 0.16198084 0.50572562
v -0.38508773 0.34928948 0.16726573
v -0.05813173 0.35743281 0.40677956
v 0.09429330 -0.46227100 -0.33984527
v 0.50296354 -0.01167473 0.05693334
v 0.05700631 -0.11279256 -0.48590416
v -0.20281056 -0.66657984 -0.00549429
v 0.05746122 0.35601532 -0.40849280
v 0.31537756 -0.44239894 0.18183057
v -0.29014397 0.42538741 -0.13479377
v -0.31958786 -0.49377057 0.09413373
v 0.13220200 -0.70951074 -0.04438997
v -0.29314774 0.20894715 0.39760271
v -0.30904001 0.39044806 0.20675004
v -0.49091229 0.23593658 -0.00518123
v -0.28652260 -0.38967091 0.26584208
v 0.33693108 0.28751475 -0.33639193
v 0.00002642 0.55025697 -0.12765124
v -0.12853815 -0.31015426 0.40672383
v -0.24998580 -0.12064012 -0.42164734
v -0.50389028 0.17323434 -0.00296714
v 0.50250095 -0.06404645 0.00326518
v 0.34820864 0.10400908 -0.37314868
v 0.12130455 0.55226153 -0.03918963
v -0.24337183 0.40187392 -0.26111808
v 0.19070137 -0.36314282 -0.35588700
v -0.25099871 -0.05714580 -0.43686825
v 0.21751076 0.42476869 -0.23701341
v 0.09588181 -0.70950705 0.09596741
v 0.13692762 0.09773700 0.49331331
v 0.29268643 0.24732745 0.38638675
v 0.03270781 0.45852548 0.25519741
v 0.45111606 -0.24841005 -0.00254711
v -0.00689657 -0.52087778 0.31569397
v -0.20184425 0.47856855 -0.05106955
v -0.26007667 -0.08893444 0.42348015
v 0.47756675 -0.16316947 -0.01012058
v 0.26611766 0.37431401 0.28888014
v 0.28937736 0.32007414 -0.34398991
v -0.11725292 0.46441841 0.21468997
v 0.44362271 -0.25236985 -0.05343589
v -0.37289208 0.34305915 -0.21259476
v 0.04141933 0.30080965 -0.46457842
v -0.46371153 -0.15308577 0.12951271
v -0.09753156 -0.66480076 -0.17986763
v -0.20096333 -0.39199337 0.33479631
v -0.31927446 -0.29920426 0.28910533
v -0.00599678 -0.66700554 -0.20242579
v -0.42437878 0.33608827 0.09730803
v 0.49338701 0.18676443 -0.07059255
v -0.00070081 -0.14961976 0.48269171
v -0.44423330 0.09196603 -0.25514814
v -0.38147464 -0.37809524 -0.11067434
v -0.46328971 0.15128028 0.19760494
v -0.21788490 -0.63834953 0.06520910
v 0.40492252 0.11335406 -0.30573866
v 0.24898264 -0.08605980 0.43177870
v -0.44166079 -0.04499400 0.24523947
v 0.04639639 0.42883852 0.31055263
v 0.13110560 -0.26546922 -0.42415661
v 0.45206863 0.28755632 0.14352968
v -0.41053879 -0.32790762 0.08028054
v 0.03665720 0.52902001 -0.11645800
v 0.21763745 -0.23625363 -0.39930236
v -0.28440624 -0.35056192 -0.29519543
v -0.27129608 0.30958366 -0.36990029
v 0.18524036 -0.67058557 -0.07121324
v -0.10971667 0.36004886 0.39551434
v 0.24609481 0.24038218 -0.42362511
v 0.23958674 -0.59299523 -0.10916030
v 0.25938612 -0.54593384 0.14960879
v -0.04065374 0.64688003 -0.10368086
v 0.43602711 -0.24881946 0.11616242
v -0.29427034 -0.54354346 -0.05516230
v -0.03574812 -0.45121536 -0.35506862
v -0.18275206 -0.67911333 0.05503781
v -0.51233870 0.09143969 -0.00122667
v -0.01716319 0.39143994 -0.37074074
v -0.20895240 -0.64470941 -0.07335658
v -0.14078514 0.48574883 -0.12484860
v 0.30715936 0.40477160 -0.17488965
v -0.40285569 -0.21712855 0.22499935
v -0.41908619 0.11919025 0.28675810
v -0.01892060 0.07009998 0.51116264
v -0.05886293 0.58020324 -0.11671435
v -0.07997216 -0.38293540 0.38536674
v 0.48889497 0.14743213 0.13539633
v 0.10941394 -0.61421740 -0.22135074
v -0.14645432 -0.70936960 -0.01722617
v -0.14570542 -0.53376240 -0.27037719
v 0.40301988 -0.00816433 0.30659267
v -0.43590334 -0.28873610 -0.00817600
v -0.39732549 0.15455270 -0.30870211
v -0.21325266 -0.21230476 -0.40942371
v 0.33479732 0.40967909 -0.08701432
v 0.44334403 0.08413488 -0.25733414
v -0.35979593 0.00063070 0.36242324
v 0.46463129 -0.16237774 -0.11038817
v -0.20182037 -0.36050412 -0.35218570
v -0.22904004 -0.61238700 0.09469483
v -0.28346485 0.26863608 -0.38593999
v -0.05245360 0.60633391 -0.11623544
v 0.10707794 0.46999171 -0.20471655
v -0.27441925 -0.57156843 0.05334816
v 0.09654900 0.37773508 0.37727889
v 0.49433246 0.01420547 0.13214703
v 0.11860862 -0.34816819 -0.39314663
v 0.24356565 -0.61007595 -0.06018231
v -0.28314802 0.39951250 -0.22024404
v 0.45456949 -0.17448334 0.13457733
v 0.30730781 -0.50050789 -0.11326924
v 0.33892283 0.30985358 -0.31109729
v 0.28528330 -0.54668105 -0.08615396
v -0.33550671 0.39089233 0.15826902
v -0.35398632 -0.46039087 -0.00133293
v -0.45602128 0.21689230 -0.18532817
v 0.21361707 -0.65425473 0.00615778
v 0.10978729 -0.33430299 0.40329248
v 0.43211249 -0.09013439 -0.24638849
v -0.20665626 0.36283532 0.35120746
v -0.37513995 -0.35309258 0.15646510
v -0.00197852 -0.29053771 0.43578288
v 0.26965621 -0.58657092 0.00119497
v -0.32559294 -0.21426967 -0.32898897
v -0.12162969 -0.24205881 0.43647730
v 0.11225586 -0.29948241 0.41751829
v -0.30457589 0.42949045 -0.07853431
v -0.09619926 0.52090806 -0.07459950
v -0.10774279 -0.58265412 0.24864770
v 0.49123999 0.14066990 -0.13124518
v 0.36622024 -0.31315151 0.21851990
v -0.40342483 -0.25366348 -0.19254242
v -0.01719148 -0.34824112 -0.40983129
v -0.47830331 0.26357588 -0.04765605
v 0.50898862 0.12737371 -0.01234385
v -0.30173835 -0.11074512 -0.38565189
v -0.40195021 0.36214986 0.05522932
v -0.20069136 0.15162276 0.46194550
v 0.29828075 -0.53162038 0.08055598
v 0.02997446 0.63858813 -0.11256314
v 0.09425706 0.34367561 0.41712919
v 0.32243219 0.30672961 -0.33366823
v 0.41932935 0.34418154 0.07201619
v -0.46431586 -0.20466039 0.01466442
v 0.26252460 -0.43531972 -0.25761771
v -0.19958514 0.35974577 -0.35924268
v -0.34397686 0.10904298 -0.37596518
v 0.08910163 -0.48911911 0.32459256
v -0.13860241 0.49752897 0.06994370
v 0.30505270 0.40654874 0.17235129
v -0.01244962 0.70764339 -0.01257122
v 0.16291301 0.41819817 -0.29051676
v 0.17286052 -0.50334519 -0.27759567
v 0.46138537 -0.03651354 -0.20141323
v -0.12097438 -0.20653127 -0.44929385
v 0.31889799 -0.51694864 0.00072025
v 0.33441168 -0.39629585 0.19751282
v -0.30215424 -0.35257971 -0.27422735
v -0.40299281 -0.36577079 0.00700676
v 0.28212541 -0.24086414 -0.35158321
v -0.47902212 0.20471412 0.13590510
v 0.03778655 -0.66480941 -0.20044485
v -0.23462427 0.24957770 0.42671049
v 0.38311130 -0.40443802 -0.01395762
v 0.18221237 -0.58156526 -0.20260745
v 0.44440863 0.21270861 0.21589942
v 0.12767869 0.55041325 -0.00043215
v 0.00232011 -0.05003459 -0.50491017
v 0.23827851 -0.17284892 -0.41159281
v 0.27547166 -0.56388432 0.07810108
v 0.40862975 -0.16216829 -0.24810661
v 0.09731212 -0.28152597 -0.42703751
v 0.49505454 0.06312547 0.13460873
v 0.51011765 0.10148986 0.01878757
v -0.34403774 -0.12707284 -0.34727815
v -0.01718470 -0.25239262 -0.44834313
v 0.08545358 0.44309676 -0.27686697
v 0.30254579 0.09083391 -0.40910903
v -0.31032062 0.00665953 -0.40151000
v -0.30800816 -0.28497607 -0.31164646
v 0.21390148 0.44331738 -0.19462171
v -0.21133134 -0.61900169 -0.12194996
v 0.43350035 -0.23076205 -0.13996825
v 0.23394383 -0.13551976 -0.42585310
v -0.35517782 -0.34019050 -0.21395381
v -0.40661305 0.09741258 -0.30522546
v 0.16203111 -0.66142267 0.12819865
v 0.37384421 0.38355744 -0.07150098
v -0.08904401 -0.49628136 0.31987336
v 0.34848833 0.21161373 0.35414320
v -0.01087457 0.44491747 0.28594434
v 0.29767424 0.36075339 0.28096795
v -0.00564642 0.17581920 -0.50319153
v 0.39430919 0.29961550 -0.25355351
v 0.10981669 -0.19510521 -0.45467398
v 0.35924259 0.07629164 0.36586320
v 0.48440894 0.10355309 0.15845776
v -0.41442382 -0.31452256 -0.09378928
v -0.10403273 0.38998181 0.35904753
v 0.24852808 -0.11872336 0.42326948
v 0.39507064 0.37277728 -0.00925273
v 0.11086126 0.36041093 -0.39476261
v 0.13719960 -0.21672547 -0.43958470
v 0.40068731 -0.24712478 0.20489386
v 0.17171684 -0.48163176 0.29493645
v -0.06919782 0.49789432 0.13786663
v -0.39820462 0.18312028 0.30043879
v 0.32057703 -0.28776535 -0.29459220
v 0.30021212 0.21280535 -0.39116091
v -0.19512090 -0.29774252 -0.38448375
v -0.30848548 0.16449882 0.39569840
v 0.42153618 -0.29603010 -0.09610299
v -0.39030063 0.12768163 0.32294023
v 0.15172325 -0.53972727 0.26311967
v 0.29321358 -0.13122864 0.38545305
v 0.25635839 0.11986255 -0.44139639
v -0.43535474 -0.05566167 -0.25436082
v 0.39294901 -0.35660151 -0.10856550
v 0.24975564 0.05966076 0.44756913
v -0.30594155 0.15606323 -0.39916462
v 0.14832972 -0.70784670 -0.04959398
v 0.48869517 0.21568759 0.06102643
v -0.50392514 -0.05600631 0.00013419
v 0.41909683 0.00583829 -0.28759149
v 0.08897484 0.56510043 0.09433701
v 0.23474465 -0.25686973 -0.38091183
v -0.21636666 0.42927390 -0.22847469
v 0.01722186 -0.34611589 -0.41078779
v -0.00115127 -0.10020516 -0.49559149
v 0.31963202 -0.44795656 -0.16493241
v 0.33132809 -0.25735536 0.29904115
v 0.08911771 0.22106840 -0.48382506
v 0.09919489 0.52862817 -0.07085877
v 0.43848380 -0.28305703 0.00063468
v -0.07648867 0.67035568 -0.05270756
v 0.30605641 0.33725384 0.30924007
v -0.39345723 0.36118606 0.11173129
v 0.37481865 0.35549188 0.17446819
v 0.08116360 -0.41373777 0.36959088
v 0.00214740 -0.32894430 0.42013475
v -0.09911983 0.48422942 -0.16495191
v -0.18534566 -0.08291017 -0.45980412
v 0.42510432 -0.13526945 -0.23569383
v -0.00101860 0.04988925 -0.51288456
v 0.37918046 -0.25519067 -0.23781925
v -0.29613733 -0.12711579 0.38461345
v -0.37208813 -0.06079852 0.33566430
v 0.16464001 0.44334093 0.23689537
v 0.38487196 -0.11923954 -0.29926628
v -0.46914354 0.24882102 0.13280869
v 0.22691476 0.20491907 0.44147792
v 0.48297676 0.20420325 -0.12202489
v -0.46667993 -0.01273913 0.19576570
v -0.12176211 0.54939508 -0.03542209
v -0.39785734 0.37101504 0.00002446
v 0.20320645 0.44568798 0.19943354
v -0.33609310 -0.47383666 0.07803925
v 0.30737093 -0.02037890 0.40068731
v 0.29965898 -0.31221679 -0.30402246
v 0.31014988 0.09231570 0.40323198
v -0.12093546 -0.62913525 0.20214045
v -0.12261717 -0.16844057 -0.46084222
v 0.38279536 -0.29988000 0.19665296
v 0.11494832 -0.70951062 0.07272387
v 0.19415610 -0.39720708 0.33609191
v -0.11919568 0.46544603 -0.21080093
v -0.25421017 0.40312549 0.24876133
v -0.47492012 -0.11949355 -0.12391465
v -0.21456453 -0.32743177 -0.36187091
v -0.00577199 0.23572516 0.49093625
v -0.12818107 -0.10223257 -0.47797099
v -0.42473450 0.22470063 0.25156367
v -0.19341235 0.39015183 -0.31951419
v -0.17849326 0.48127496 0.09192847
v -0.10862289 -0.69157958 0.14276393
v -0.07760438 -0.55514663 0.28212738
v -0.12601495 0.23247430 0.47572550
v 0.37077752 0.10656564 0.35095802
v 0.38612542 -0.39794043 0.01640250
v -0.13801965 -0.13605706 -0.46559247
v 0.00359207 0.33308396 -0.43954563
v -0.14789310 0.44446361 0.24628772
v -0.39315906 -0.35642838 0.10717146
v -0.35648960 -0.43765736 -0.08214232
v 0.29300103 -0.55473340 0.00191414
v 0.08143666 -0.54227930 -0.29046854
v 0.48554286 -0.03162335 0.14395198
v 0.20545058 0.47932234 0.01830496
v -0.01391057 -0.69397205 -0.17640992
v 0.09850296 0.63069427 -0.06863499
v 0.06529089 0.66624033 -0.07217449
v -0.03656907 -0.61726397 0.24130213
v -0.15931016 0.30202940 -0.43758887
v 0.04173652 0.39428377 -0.36353892
v 0.23644663 0.23992790 0.42863429
v 0.30596361 -0.05660582 -0.39575541
v 0.09991290 0.60794914 0.07873020
v -0.31630534 0.39965954 -0.17248282
v 0.34513992 -0.47293469 -0.01450992
v 0.46179530 0.15344693 -0.20076855
v -0.44959718 -0.20601025 -0.12037342
v -0.31072721 -0.00249537 0.40046600
v 0.48343375 0.26357347 0.00003399
v 0.19759817 -0.32203013 -0.37277514
v 0.36614189 -0.40986192 -0.10597848
v -0.26090333 -0.43360892 0.26112294
v -0.24678621 -0.19009984 0.39878199
v -0.14703119 0.42014453 0.29412416
v -0.44209823 -0.00010007 -0.25568679
v -0.35705331 0.17195129 0.35595801
v 0.43514678 -0.06473418 0.25156116
v 0.18268980 0.38825774 -0.32876951
v 0.17876580 0.40147185 0.30991480
v 0.48185802 -0.07893981 0.13269590
v -0.17092888 0.41763368 -0.28667006
v -0.47124720 0.29421130 -0.01411744
v 0.19714624 -0.03808369 0.46282771
v -0.11350340 0.58011824 -0.06453696
v 0.07511281 0.57963473 -0.10658687
v 0.08012502 0.66785580 -0.05206347
v 0.22381687 0.45911735 -0.12651719
v -0.30932286 -0.04235404 -0.39584315
v 0.12880863 -0.10621300 0.47689560
f 1945 1018 1539
f 1517 1539 1238
f 605 1539 1517
f 605 1945 1539
f 1238 1539 1978
f 1049 1467 1551
f 1049 872 1467
f 1945 1551 1018
f 1551 1467 1018
f 872 1986 1467
f 1900 1557 605
f 1110 1557 1900
f 1557 1551 1945
f 1557 1945 605
f 1557 1049 1551
f 1792 1961 1078
f 1730 1234 213
f 1730 1410 1234
f 1730 695 1468
f 1730 1468 564
f 1730 1476 262
f 213 1476 1730
f 213 1862 1476
f 695 1730 262
f 790 1410 762
f 790 762 1836
f 1410 1730 564
f 762 1410 564
f 762 564 1961
f 762 1961 290
f 290 1961 1792
f 564 1468 1961
f 1961 1468 1078
f 28 1650 950
f 1548 1809 288
f 288 1809 1234
f 1809 556 213
f 1234 1809 213
f 1809 950 556
f 1809 28 950
f 556 1862 213
f 657 1548 1769
f 1238 1548 657
f 1548 288 1875
f 1769 1548 1875
f 1769 1875 790
f 288 1234 1875
f 790 1875 1410
f 1875 1234 1410
f 1036 1609 1336
f 1336 1609 1194
f 1194 958 924
f 1194 1435 958
f 1609 1435 1194
f 924 1650 28
f 924 958 1650
f 1609 1852 1435
f 958 1801 1650
f 1978 1809 1548
f 1978 924 1809
f 1018 924 1978
f 1018 1194 924
f 1978 1539 1018
f 1018 1336 1194
f 1018 1036 1336
f 924 28 1809
f 1238 1978 1548
f 1986 1185 1894
f 1894 1609 1036
f 1185 1609 1894
f 1609 816 1642
f 1185 816 1609
f 1185 1419 816
f 1609 1642 1852
f 1467 1894 1036
f 1467 1036 1018
f 1467 1986 1894
f 1197 1477 472
f 1477 1646 52
f 1477 52 1167
f 1477 1167 1445
f 472 1477 1445
f 52 1565 1320
f 1445 1167 1522
f 52 1859 1167
f 52 1320 1859
f 584 1193 951
f 1078 1479 676
f 1078 1468 1479
f 676 1479 1215
f 1479 899 822
f 1215 1474 1143
f 1474 1215 1479
f 1479 822 1474
f 822 951 1193
f 1143 1565 1646
f 822 1193 1474
f 1474 559 1143
f 1474 1193 559
f 1143 1306 1565
f 1143 559 1306
f 1193 584 559
f 1430 1078 676
f 1430 1792 1078
f 676 1215 1751
f 1430 1751 1279
f 1430 676 1751
f 1197 1279 1751
f 1751 1215 1646
f 1751 1646 1477
f 1197 1751 1477
f 1646 1215 1143
f 1646 1565 52
f 1862 1835 1476
f 262 974 1597
f 262 473 974
f 1835 473 262
f 1476 1835 262
f 1597 974 641
f 1835 1742 473
f 974 473 722
f 1742 722 473
f 974 722 641
f 1468 695 1479
f 695 262 1597
f 695 899 1479
f 695 1597 899
f 899 1597 822
f 951 641 1131
f 951 1597 641
f 1597 951 822
f 1300 1586 1857
f 1300 276 1586
f 1300 1558 276
f 556 1835 1862
f 556 806 1835
f 1857 950 1650
f 950 806 556
f 950 1857 806
f 1650 1300 1857
f 806 1742 1835
f 1857 1586 806
f 1742 1946 722
f 806 1946 1742
f 806 1586 1946
f 1946 1776 722
f 915 1435 1852
f 1852 1813 915
f 1813 1677 915
f 1801 1558 1300
f 915 1558 1801
f 1677 542 1558
f 915 1677 1558
f 1813 1697 1677
f 1697 1069 1677
f 1435 915 958
f 1801 1300 1650
f 958 915 1801
f 1419 1999 816
f 1419 1856 1999
f 1642 1813 1852
f 816 1813 1642
f 816 1999 1813
f 1813 1999 871
f 1999 1704 871
f 1999 757 1704
f 1856 757 1999
f 1856 1587 757
f 871 1697 1813
f 871 221 1697
f 1704 221 871
f 1587 1158 757
f 707 580 1473
f 565 377 1114
f 664 565 1114
f 664 460 565
f 360 1403 1135
f 403 1403 360
f 403 1114 1403
f 1766 1114 403
f 1766 664 1114
f 479 403 360
f 764 1135 74
f 360 1135 764
f 624 764 228
f 479 764 624
f 479 360 764
f 1766 403 479
f 228 580 707
f 228 74 580
f 228 764 74
f 1149 1179 1196
f 1670 1320 543
f 1320 1670 1859
f 1859 1670 253
f 1340 253 1343
f 1859 253 1340
f 253 1670 1189
f 253 635 1343
f 543 1149 1670
f 253 1189 635
f 1189 1149 1196
f 1189 1670 1149
f 1473 1343 635
f 580 1343 1473
f 1189 1573 635
f 1189 1196 1573
f 635 1722 1473
f 1573 1722 635
f 483 1522 1684
f 483 1445 1522
f 1522 1167 1756
f 1167 1859 1756
f 1684 1522 377
f 1522 1756 377
f 1756 1859 1340
f 1684 377 565
f 1684 565 460
f 1756 1340 377
f 1403 377 1340
f 377 1403 1114
f 1135 1340 1343
f 1340 1135 1403
f 1343 580 74
f 1343 74 1135
f 1131 584 951
f 1131 1208 584
f 584 1471 559
f 1208 1471 584
f 559 1334 1306
f 1471 1334 559
f 1334 1471 1767
f 1334 1179 1149
f 1767 1179 1334
f 1767 1471 971
f 1208 971 1471
f 1208 1305 971
f 1565 543 1320
f 1565 1306 543
f 543 1306 1334
f 543 1334 1149
f 1776 1572 269
f 1776 878 1572
f 1572 878 1298
f 1421 641 722
f 641 1421 1131
f 722 269 1421
f 722 1776 269
f 1131 1421 1208
f 269 1572 1421
f 1421 1305 1208
f 1421 1298 1305
f 1572 1298 1421
f 1558 33 276
f 1586 1887 1946
f 276 1887 1586
f 276 33 1887
f 1946 1887 1776
f 1887 834 1632
f 1887 33 834
f 1887 878 1776
f 1887 478 878
f 1887 1632 478
f 1558 1771 33
f 542 1771 1558
f 1677 1069 542
f 542 1069 1771
f 1069 1939 1771
f 1919 1957 1069
f 1771 1832 834
f 1771 834 33
f 1771 1939 1832
f 1069 1957 1939
f 1158 1919 1704
f 1158 1610 1919
f 1158 466 1610
f 1158 1118 466
f 1919 1948 1957
f 1919 1610 1948
f 221 1069 1697
f 757 1158 1704
f 221 1919 1069
f 1704 1919 221
f 443 707 827
f 1473 827 707
f 157 443 827
f 685 157 782
f 782 827 1569
f 782 157 827
f 430 782 396
f 430 685 782
f 396 1569 457
f 396 782 1569
f 430 396 105
f 105 396 457
f 1465 105 515
f 1465 430 105
f 515 457 573
f 515 105 457
f 573 457 877
f 1244 573 1966
f 515 573 1244
f 1966 573 877
f 1465 515 1244
f 624 228 443
f 443 228 707
f 1402 443 157
f 1402 624 443
f 8 1766 479
f 685 1402 157
f 430 1402 685
f 1402 479 624
f 430 479 1402
f 1662 1196 1179
f 1196 1662 1228
f 1179 1367 1662
f 1599 1228 1662
f 1228 1599 694
f 1599 1662 319
f 1367 319 1662
f 1599 1237 694
f 1473 1722 827
f 1722 1569 827
f 1228 1573 1196
f 1722 1228 877
f 1722 1573 1228
f 1722 457 1569
f 1722 877 457
f 1228 694 877
f 877 1725 1966
f 694 1725 877
f 694 1237 1725
f 1767 1367 1179
f 1767 971 1367
f 1367 1554 319
f 971 1554 1367
f 1554 971 1639
f 1305 1639 971
f 1752 1639 1305
f 1752 936 1639
f 878 361 1298
f 478 361 878
f 1298 1752 1305
f 1752 1298 127
f 361 127 1298
f 127 361 1810
f 1752 1458 936
f 1458 1752 127
f 347 127 1810
f 1632 1570 478
f 834 1570 1632
f 834 1853 1570
f 1810 478 1570
f 478 1810 361
f 1570 1510 1810
f 1570 1853 1510
f 1957 566 1939
f 1948 566 1957
f 1832 594 1853
f 594 566 1100
f 594 1939 566
f 1939 594 1832
f 566 1906 1100
f 1832 1853 834
f 1610 566 1948
f 1610 1327 566
f 466 1327 1610
f 466 937 1327
f 937 927 1327
f 1327 1906 566
f 1327 1845 1906
f 927 1845 1327
f 1511 605 1517
f 1517 1238 1821
f 1511 1517 1821
f 1511 1821 1171
f 1721 1511 1171
f 1528 1511 1721
f 1821 1238 657
f 1171 1821 802
f 1205 1528 1721
f 1900 605 1511
f 1063 1900 1511
f 625 1110 1900
f 625 1900 1063
f 1352 625 1063
f 1528 1063 1511
f 1151 1063 1528
f 233 1063 1151
f 233 1352 1063
f 1930 1151 1205
f 1930 233 1151
f 1205 1151 1528
f 1735 1930 1205
f 1836 762 290
f 1112 1836 290
f 1112 1739 1836
f 1112 1960 1739
f 1112 290 1199
f 1660 1112 1199
f 1199 290 1792
f 1199 1792 1934
f 611 1199 1934
f 611 1660 1199
f 1960 1112 1660
f 1798 1960 1660
f 1798 1660 1637
f 882 1798 1637
f 882 1637 697
f 1288 1660 611
f 1637 1660 1288
f 657 1769 1274
f 802 1274 661
f 1821 657 1274
f 802 1821 1274
f 1274 1769 790
f 661 1274 1620
f 1739 1274 790
f 1620 1739 935
f 1620 1274 1739
f 1739 790 1836
f 935 1739 1960
f 89 802 661
f 89 661 131
f 131 1620 935
f 131 661 1620
f 1759 131 1622
f 1759 89 131
f 1622 131 176
f 935 1960 1798
f 176 935 1798
f 176 131 935
f 176 1798 882
f 508 176 882
f 1622 176 508
f 406 1759 1622
f 406 1622 508
f 1724 406 508
f 1169 406 1724
f 89 1171 802
f 1721 1171 89
f 999 89 1759
f 999 1721 89
f 999 1205 1721
f 1598 1205 999
f 999 1759 406
f 1579 1598 999
f 1579 999 1260
f 1260 406 1169
f 1260 999 406
f 858 1579 1260
f 1308 1579 858
f 203 1205 1598
f 1735 1205 203
f 1084 1930 1735
f 1672 1735 203
f 1084 1735 1672
f 686 1084 1672
f 1579 203 1598
f 1672 203 1579
f 1924 1672 1579
f 686 1672 1924
f 1924 1579 91
f 91 1579 1308
f 1562 686 1924
f 1774 686 1562
f 296 1924 91
f 1562 1924 296
f 1781 1197 472
f 1781 472 1615
f 1781 1615 1089
f 742 1781 1089
f 1615 472 1445
f 742 1089 1777
f 1615 1445 483
f 1089 1615 1732
f 1777 1089 1732
f 909 742 1777
f 909 1377 742
f 1082 1377 909
f 1934 1430 954
f 1934 1792 1430
f 611 1934 1688
f 954 1430 1279
f 1688 1934 954
f 1667 1688 954
f 1781 1279 1197
f 1781 954 1279
f 225 954 1781
f 1667 954 225
f 225 1781 742
f 1667 225 742
f 1210 611 1688
f 1337 1688 1667
f 1210 1688 1337
f 389 1337 1667
f 977 1210 1337
f 389 742 1377
f 389 1667 742
f 341 389 1377
f 341 1337 389
f 1576 1337 341
f 1675 1337 1576
f 1675 977 1337
f 1082 341 1377
f 1576 341 1082
f 1269 1675 1576
f 1288 611 1210
f 1288 1210 977
f 697 1637 1288
f 1693 697 1288
f 1693 1459 697
f 1983 1288 977
f 1983 1693 1288
f 1459 1693 215
f 1983 977 1675
f 215 1693 1983
f 748 1459 215
f 1983 1675 874
f 215 1983 987
f 748 215 1723
f 508 882 697
f 1724 508 697
f 1004 1169 1724
f 1459 1724 697
f 1319 1724 1459
f 1004 1724 1319
f 715 1169 1004
f 748 1319 1459
f 736 1319 748
f 1659 1319 736
f 1659 1004 1319
f 1659 715 1004
f 1087 1659 736
f 1260 1169 715
f 1923 1308 858
f 1984 1260 715
f 1923 858 1260
f 1923 1260 1984
f 1659 1984 715
f 454 1923 1984
f 1220 1923 454
f 1138 1984 1659
f 454 1984 342
f 1138 1659 293
f 1979 1774 1562
f 1923 91 1308
f 1074 91 1923
f 1074 296 91
f 1074 1562 296
f 1979 1562 1074
f 855 1979 1074
f 1713 1074 1923
f 855 1074 1713
f 1262 1979 855
f 1220 1713 1923
f 182 855 1713
f 1262 855 1428
f 1428 855 182
f 634 1713 1220
f 182 1713 634
f 1493 460 159
f 1493 159 889
f 1753 1493 889
f 159 460 664
f 446 1753 889
f 356 1753 446
f 356 214 1753
f 595 664 1766
f 595 159 664
f 40 159 595
f 40 889 159
f 607 889 40
f 607 446 889
f 239 446 607
f 356 446 239
f 331 214 356
f 8 40 595
f 1055 40 8
f 1055 607 40
f 1055 239 607
f 330 239 1055
f 330 356 239
f 900 356 330
f 331 356 900
f 8 595 1766
f 309 330 1055
f 900 330 309
f 381 331 900
f 1052 331 381
f 1732 1615 483
f 483 1684 1493
f 668 483 1493
f 668 1732 483
f 1600 1777 1732
f 1582 1777 1600
f 1493 1684 460
f 1753 668 1493
f 1600 1753 214
f 1600 668 1753
f 1600 1732 668
f 1375 1600 214
f 909 1777 1582
f 1082 909 1258
f 1671 1082 1258
f 1258 909 1582
f 1375 1582 1600
f 1129 1582 1375
f 1129 1258 1582
f 914 1258 391
f 914 1671 1258
f 1375 214 331
f 1129 1375 1043
f 1938 1258 1129
f 391 1258 1938
f 1052 1375 331
f 1043 1375 1052
f 1938 1129 1043
f 1952 1043 1052
f 914 391 1806
f 1671 1576 1082
f 1269 1576 1671
f 874 1675 1269
f 1239 1269 1671
f 874 1269 1239
f 495 874 1239
f 883 874 495
f 914 1239 1671
f 1095 1239 914
f 495 1239 1095
f 768 883 495
f 1095 914 1806
f 1866 495 1095
f 317 495 1866
f 317 768 495
f 987 1983 874
f 1723 215 987
f 883 987 874
f 768 987 883
f 1439 748 1723
f 1439 1723 987
f 1669 987 768
f 1439 987 1669
f 1163 1439 1669
f 1035 1439 1163
f 1669 768 317
f 293 1659 1087
f 1281 736 748
f 1087 736 1281
f 1281 748 1439
f 817 293 1087
f 1696 1087 1281
f 817 1087 1696
f 1696 1439 1035
f 1696 1281 1439
f 1585 817 1696
f 1802 817 1585
f 1138 342 1984
f 634 1220 454
f 1250 454 342
f 634 454 1250
f 1138 293 817
f 1555 1138 817
f 1250 1138 1555
f 1250 342 1138
f 1295 1250 1555
f 1802 1555 817
f 890 1250 1295
f 1411 182 634
f 1411 634 1250
f 1428 182 1411
f 257 1262 1428
f 257 1428 1411
f 803 1411 1250
f 254 1411 1629
f 254 257 1411
f 803 1250 890
f 1629 1411 803
f 12 254 1629
f 309 1055 8
f 867 900 309
f 482 900 867
f 482 381 900
f 1291 482 867
f 1291 309 8
f 1291 867 309
f 316 1291 8
f 316 479 430
f 316 8 479
f 884 381 482
f 884 1052 381
f 1952 1052 884
f 884 482 1291
f 385 1952 884
f 305 1952 385
f 945 884 1291
f 945 385 884
f 305 385 945
f 316 945 1291
f 765 945 316
f 765 305 945
f 453 305 765
f 453 1099 305
f 567 765 316
f 453 765 567
f 629 567 316
f 1058 567 629
f 1058 453 567
f 967 453 1058
f 967 1495 453
f 98 1058 629
f 1209 1058 98
f 967 1058 1209
f 928 629 316
f 98 629 928
f 1938 1043 1099
f 1099 1952 305
f 1099 1043 1952
f 1611 1938 1099
f 297 1938 1611
f 1495 1099 453
f 1495 1611 1099
f 419 1611 1495
f 419 1495 967
f 1323 419 967
f 1025 419 1323
f 1806 1938 297
f 1806 391 1938
f 1294 1806 297
f 1953 1806 1294
f 1969 1611 419
f 1969 297 1611
f 1969 1294 297
f 1969 419 1025
f 1311 1969 217
f 1311 1294 1969
f 217 1969 1025
f 1953 1095 1806
f 413 1095 1953
f 413 1866 1095
f 1342 317 1866
f 869 1953 1294
f 869 413 1953
f 1711 413 869
f 1711 1866 413
f 1368 1866 1711
f 1368 1342 1866
f 869 1294 1311
f 1248 1342 1368
f 6 1669 317
f 1763 1163 1669
f 1035 1163 1763
f 6 317 1342
f 1763 1669 6
f 1248 6 1342
f 1497 6 1248
f 1497 1763 6
f 1665 1763 1497
f 763 1696 1035
f 1585 1696 763
f 1590 1802 1585
f 763 1035 1763
f 1249 763 1799
f 1249 1585 763
f 1249 1590 1585
f 1917 1763 1665
f 1917 763 1763
f 1799 763 1917
f 1590 1555 1802
f 1295 1555 1590
f 1596 890 1295
f 1676 1590 1249
f 1676 1295 1590
f 1728 1295 1676
f 1728 1596 1295
f 1245 1596 1728
f 1596 803 890
f 12 803 1596
f 12 1629 803
f 895 12 1596
f 1521 12 895
f 544 1596 1245
f 544 895 1596
f 1618 1450 1254
f 1254 872 1049
f 1450 872 1254
f 872 431 1986
f 1450 431 872
f 1450 1729 431
f 1584 1049 1557
f 1584 1254 1049
f 1110 1584 1557
f 1454 1584 1110
f 1584 1618 1254
f 1754 1584 1454
f 1227 1618 1584
f 1754 1227 1584
f 669 1450 1618
f 1227 669 1618
f 669 1092 1450
f 205 1092 669
f 205 1793 1092
f 1309 1793 205
f 1092 1026 1729
f 1092 1729 1450
f 1191 1227 1754
f 1207 1227 1191
f 1698 1207 1191
f 291 1207 1698
f 1207 669 1227
f 1207 205 669
f 1309 205 1207
f 1692 1207 291
f 1029 148 1309
f 148 1793 1309
f 148 1080 1793
f 1006 1080 148
f 1006 407 1080
f 1006 148 1029
f 1811 1309 1207
f 1692 1811 1207
f 1446 1811 1692
f 1811 1029 1309
f 474 1029 1811
f 474 1313 1029
f 429 474 1811
f 1993 1811 1446
f 1993 429 1811
f 1313 1006 1029
f 1223 1006 1313
f 412 1313 474
f 412 1223 1313
f 429 412 474
f 1993 548 429
f 456 412 429
f 548 456 429
f 957 1824 117
f 1986 1460 1185
f 431 1460 1986
f 1863 1460 431
f 1729 1863 431
f 1185 968 1419
f 1460 968 1185
f 1460 111 968
f 1460 117 111
f 1863 117 1460
f 957 117 1863
f 938 1824 957
f 788 320 938
f 741 320 788
f 1026 1863 1729
f 1026 1770 1863
f 1351 1770 1026
f 1351 1121 1770
f 448 1121 1351
f 1770 957 1863
f 1770 938 957
f 788 938 1770
f 1121 788 1770
f 1121 680 788
f 680 741 788
f 1092 1351 1026
f 448 1351 1092
f 1793 448 1092
f 771 1121 448
f 250 1362 771
f 771 1362 1121
f 250 57 1362
f 1261 680 1121
f 1362 1261 1121
f 1362 646 1261
f 57 646 1362
f 824 646 57
f 250 824 57
f 1261 324 680
f 646 324 1261
f 646 219 324
f 824 219 646
f 324 873 680
f 852 873 324
f 219 852 324
f 824 300 219
f 1719 300 824
f 680 1621 741
f 873 1621 680
f 583 1621 873
f 583 240 1621
f 852 583 873
f 300 852 219
f 1793 771 448
f 1080 303 1793
f 407 303 1080
f 712 1059 1006
f 303 771 1793
f 303 1272 771
f 56 1272 303
f 407 911 303
f 911 56 303
f 407 1059 911
f 1006 1059 407
f 1272 250 771
f 774 250 1272
f 56 774 1272
f 420 774 56
f 420 56 911
f 1059 420 911
f 774 824 250
f 1719 824 774
f 420 1719 774
f 712 1006 1223
f 783 456 548
f 412 712 1223
f 1303 712 412
f 456 1303 412
f 1627 1059 712
f 692 420 1059
f 1627 692 1059
f 420 692 1719
f 692 1256 1719
f 1627 1487 692
f 1256 300 1719
f 1975 1256 692
f 783 1303 456
f 1303 1627 712
f 1932 1303 783
f 1932 1090 1303
f 1303 1090 1627
f 1090 1487 1627
f 1932 1326 1090
f 1932 1060 1326
f 1326 1487 1090
f 968 1856 1419
f 111 1856 968
f 111 1373 1856
f 117 1373 111
f 1824 1373 117
f 1824 710 1373
f 1856 719 1587
f 1373 719 1856
f 1404 719 1373
f 710 1404 1373
f 710 926 1404
f 938 1897 1824
f 320 1897 938
f 1897 710 1824
f 741 1054 320
f 320 1054 1897
f 1897 1505 710
f 1054 1505 1897
f 1505 926 710
f 1054 1578 1505
f 1505 1039 926
f 1621 1496 741
f 741 1496 1054
f 1621 989 1496
f 1496 1778 1054
f 989 1037 1496
f 338 1037 989
f 1037 1778 1496
f 1037 459 1778
f 1037 1743 459
f 338 1743 1037
f 1054 1360 1578
f 1778 1360 1054
f 1778 1172 1360
f 1778 459 1172
f 348 1172 459
f 1743 348 459
f 1743 106 348
f 348 1643 1172
f 106 1643 348
f 240 989 1621
f 1516 240 583
f 852 1516 583
f 300 1516 852
f 240 338 989
f 1516 338 240
f 338 135 1743
f 135 106 1743
f 300 1097 1516
f 300 1786 1097
f 1516 135 338
f 1097 135 1516
f 1786 1702 1097
f 1097 1702 135
f 1487 1975 692
f 1487 1687 1975
f 1256 1786 300
f 1975 1786 1256
f 1975 688 1786
f 1687 688 1975
f 1374 688 1687
f 1786 1904 1702
f 1786 688 1904
f 1326 1804 1487
f 1060 1653 1326
f 1804 1687 1487
f 1326 1653 1804
f 1653 724 1804
f 1653 1180 724
f 1804 1374 1687
f 1804 724 1374
f 1180 1712 724
f 719 1158 1587
f 1404 700 719
f 926 700 1404
f 926 1039 700
f 719 700 1158
f 700 487 1118
f 700 1118 1158
f 1039 1452 700
f 700 1602 487
f 1452 1602 700
f 1039 295 1452
f 1542 295 1039
f 1542 1630 295
f 675 1630 1542
f 675 1178 1630
f 1178 805 1630
f 1630 805 295
f 1178 1365 805
f 1542 1039 1505
f 1578 1542 1505
f 1578 675 1542
f 207 1178 675
f 207 134 1178
f 207 660 134
f 134 1365 1178
f 1360 675 1578
f 1172 1433 1360
f 1643 1433 1172
f 1433 675 1360
f 1643 204 1433
f 1556 204 1643
f 106 1556 1643
f 1433 1083 675
f 204 1083 1433
f 1083 207 675
f 1083 1970 207
f 204 1970 1083
f 1556 1970 204
f 1556 485 1970
f 1970 660 207
f 1970 485 660
f 135 1823 106
f 106 1823 1556
f 1950 1307 1823
f 1556 169 485
f 1823 169 1556
f 1823 1307 169
f 1702 1950 135
f 135 1950 1823
f 1702 1992 1950
f 1702 1904 1992
f 1904 497 1992
f 1992 1307 1950
f 1992 399 1307
f 497 399 1992
f 688 1462 1904
f 1374 1462 688
f 1462 497 1904
f 1374 1614 1462
f 1614 314 1462
f 1462 314 497
f 1614 1757 314
f 314 1943 497
f 1757 1918 314
f 314 1918 1943
f 724 1614 1374
f 1712 1614 724
f 1180 1560 1712
f 1560 738 1712
f 1614 853 1757
f 1712 853 1614
f 1712 738 853
f 738 488 853
f 821 1757 853
f 738 116 488
f 738 3 116
f 853 628 821
f 853 621 628
f 488 621 853
f 488 35 621
f 600 35 488
f 116 600 488
f 116 394 600
f 3 394 116
f 3 355 394
f 1013 600 394
f 1013 1371 600
f 355 1013 394
f 1931 66 1371
f 1931 31 66
f 368 1371 1013
f 368 1931 1371
f 368 1013 355
f 973 640 368
f 1424 640 973
f 404 1995 31
f 640 31 1931
f 640 404 31
f 640 1931 368
f 891 1995 404
f 220 404 640
f 220 891 404
f 220 640 1424
f 1175 220 1424
f 1280 220 1175
f 1098 891 220
f 484 1098 220
f 1280 484 220
f 1118 937 466
f 487 937 1118
f 1602 937 487
f 1452 1341 1602
f 1602 1341 937
f 1341 1921 937
f 1341 1271 1921
f 927 937 1921
f 295 1341 1452
f 295 1019 1341
f 805 1019 295
f 1365 1019 805
f 1019 1113 1341
f 1019 1870 1113
f 1341 1113 1271
f 1019 1106 1870
f 660 539 134
f 660 578 539
f 134 539 1365
f 578 603 539
f 1365 577 1019
f 539 577 1365
f 539 603 577
f 603 357 577
f 577 1106 1019
f 357 39 577
f 577 916 1106
f 39 916 577
f 485 578 660
f 485 1499 578
f 1499 603 578
f 1499 357 603
f 357 1958 39
f 1499 1958 357
f 1307 1506 169
f 169 1499 485
f 1506 1499 169
f 1506 1755 1499
f 1640 1755 1506
f 1640 1226 1755
f 1499 571 1958
f 1755 571 1499
f 1307 1640 1506
f 399 1640 1307
f 497 1652 399
f 399 376 1640
f 1652 376 399
f 376 1226 1640
f 376 1318 1226
f 1943 1652 497
f 1652 1547 376
f 1547 1318 376
f 1757 224 1918
f 821 224 1757
f 1943 328 1652
f 1918 328 1943
f 224 934 1918
f 1918 307 328
f 934 307 1918
f 224 185 934
f 185 223 934
f 328 1547 1652
f 934 110 307
f 223 110 934
f 223 463 110
f 424 1447 654
f 424 516 1447
f 424 465 516
f 307 910 328
f 110 910 307
f 110 73 910
f 463 73 110
f 463 480 73
f 1447 480 463
f 516 480 1447
f 910 1547 328
f 73 76 910
f 480 76 73
f 480 9 76
f 516 9 480
f 516 1695 9
f 465 1695 516
f 299 821 628
f 729 299 628
f 621 729 628
f 35 729 621
f 35 246 729
f 600 246 35
f 600 1371 246
f 66 729 246
f 66 48 729
f 1371 66 246
f 31 138 48
f 31 332 138
f 31 48 66
f 821 1056 224
f 299 1056 821
f 299 248 1056
f 299 1805 248
f 729 1805 299
f 138 248 1805
f 138 993 248
f 1805 48 138
f 48 1805 729
f 312 993 138
f 332 312 138
f 332 326 312
f 1056 144 224
f 248 144 1056
f 248 619 144
f 993 619 248
f 993 1251 619
f 312 1251 993
f 312 841 1251
f 326 841 312
f 326 541 841
f 144 185 224
f 144 606 185
f 619 606 144
f 619 242 606
f 1251 242 619
f 841 242 1251
f 841 424 242
f 541 424 841
f 606 223 185
f 606 43 223
f 242 43 606
f 242 654 43
f 424 654 242
f 43 463 223
f 43 1447 463
f 43 654 1447
f 1762 465 424
f 1762 718 465
f 1779 718 1762
f 1779 1141 718
f 1141 426 718
f 1141 1580 426
f 465 925 1695
f 718 925 465
f 426 925 718
f 1995 767 332
f 1995 332 31
f 648 767 1995
f 891 648 1995
f 1098 648 891
f 1098 282 648
f 329 282 1098
f 128 329 1098
f 947 1098 484
f 947 128 1098
f 767 326 332
f 767 560 326
f 496 560 767
f 648 496 767
f 282 496 648
f 282 666 496
f 218 666 282
f 329 218 282
f 128 218 329
f 541 326 560
f 496 1530 560
f 496 241 1530
f 666 241 496
f 261 241 666
f 261 902 241
f 218 261 666
f 128 1912 218
f 128 58 1912
f 947 58 128
f 947 192 58
f 55 192 947
f 541 1762 424
f 560 1762 541
f 1530 1779 1762
f 1530 1762 560
f 160 1779 1530
f 241 160 1530
f 241 902 160
f 261 633 902
f 218 92 261
f 1912 92 218
f 160 1141 1779
f 902 1749 160
f 902 633 1749
f 92 633 261
f 92 445 633
f 1749 1580 1141
f 1749 1141 160
f 633 1571 1749
f 445 1571 633
f 1749 1571 1580
f 445 442 1571
f 1571 523 1580
f 1571 1117 523
f 442 1117 1571
f 58 92 1912
f 192 1394 58
f 585 445 92
f 58 585 92
f 58 703 585
f 1394 703 58
f 1394 1053 703
f 245 1053 1394
f 585 442 445
f 585 1355 442
f 703 1355 585
f 1053 1355 703
f 1053 706 1355
f 245 706 1053
f 245 1828 706
f 706 627 1355
f 706 1828 627
f 1454 1110 625
f 1370 1454 625
f 1370 625 1352
f 1376 1370 1352
f 1370 1754 1454
f 37 1370 1376
f 1533 1352 233
f 1376 1352 1533
f 1533 233 1930
f 984 1533 1930
f 984 1376 1533
f 984 37 1376
f 470 984 1930
f 470 1930 1084
f 1314 984 470
f 1370 1191 1754
f 145 1370 37
f 1405 1370 145
f 991 1191 1370
f 1405 991 1370
f 991 1698 1191
f 991 291 1698
f 51 991 1405
f 227 1405 145
f 1838 1405 227
f 1838 51 1405
f 1731 37 984
f 1731 145 37
f 1731 227 145
f 590 227 1731
f 590 1838 227
f 1108 1731 984
f 1108 984 1314
f 756 1692 291
f 756 291 991
f 51 756 991
f 756 1446 1692
f 51 1543 756
f 1543 410 756
f 170 410 1543
f 1568 1993 1446
f 1568 1446 756
f 271 1568 756
f 410 271 756
f 918 170 1543
f 1568 548 1993
f 1091 271 410
f 1401 410 170
f 1401 1091 410
f 918 1401 170
f 1927 51 1838
f 1927 1543 51
f 590 1927 1838
f 5 1927 590
f 321 1543 1927
f 568 321 1927
f 5 568 1927
f 321 918 1543
f 686 470 1084
f 997 470 686
f 1314 470 997
f 1760 1314 997
f 1890 1760 997
f 1631 997 686
f 1146 997 1631
f 813 997 1146
f 813 1890 997
f 1631 686 1774
f 1073 1731 1108
f 1515 1731 1073
f 1515 590 1731
f 1760 1108 1314
f 1073 1108 1760
f 1515 1949 590
f 1884 1073 1760
f 1884 1515 1073
f 1884 1760 1890
f 1949 1515 1884
f 61 1949 1884
f 1890 1987 1884
f 1432 1884 1987
f 61 1884 1432
f 639 1890 813
f 1987 1890 639
f 1568 783 548
f 271 1091 1568
f 1443 1401 918
f 1091 783 1568
f 1443 1726 1401
f 1726 1091 1401
f 1165 5 590
f 622 568 5
f 622 5 1165
f 321 1443 918
f 1443 321 568
f 249 1443 568
f 249 568 622
f 1385 590 1949
f 1385 1165 590
f 1057 1165 1385
f 759 622 1165
f 1057 759 1165
f 769 249 622
f 759 769 622
f 260 1726 1443
f 492 759 1057
f 249 260 1443
f 769 260 249
f 492 769 759
f 769 1679 260
f 492 1679 769
f 492 177 1679
f 1016 1385 1949
f 1016 1057 1385
f 1348 1057 1016
f 1348 492 1057
f 1120 1016 1949
f 846 1016 1120
f 846 1348 1016
f 61 1120 1949
f 179 846 1120
f 1348 177 492
f 856 1348 846
f 856 177 1348
f 61 964 1120
f 1120 964 179
f 230 179 964
f 179 856 846
f 1644 61 1550
f 1644 964 61
f 964 1520 230
f 663 230 1520
f 750 179 230
f 750 856 179
f 1520 964 1644
f 1463 1520 1644
f 1463 663 1520
f 750 230 663
f 856 750 455
f 1550 61 1432
f 1814 783 1091
f 1814 1091 1726
f 1814 1932 783
f 1914 1814 1726
f 1914 1503 1814
f 1060 1932 1814
f 1503 1060 1814
f 260 1914 1726
f 1679 1914 260
f 177 1152 1679
f 1914 1791 1503
f 1679 1791 1914
f 1152 1791 1679
f 455 177 856
f 177 455 1152
f 1979 1631 1774
f 557 1631 1979
f 557 1146 1631
f 1664 1146 557
f 1664 813 1146
f 1507 1664 557
f 901 1979 1262
f 901 557 1979
f 901 1507 557
f 1162 1664 1507
f 502 1507 901
f 1162 1507 502
f 639 813 1664
f 1888 639 1664
f 1888 1987 639
f 1888 1432 1987
f 1690 1432 1888
f 1164 1432 1690
f 247 1664 1162
f 247 1888 1664
f 1441 1888 247
f 1690 1888 1441
f 1408 1690 1441
f 1815 247 1162
f 919 663 1463
f 663 886 750
f 886 663 919
f 919 665 886
f 665 919 1292
f 397 1463 1644
f 1164 1550 1432
f 1164 1644 1550
f 397 1644 1164
f 397 919 1463
f 1583 397 1164
f 397 1292 919
f 1292 397 1583
f 581 1583 1164
f 325 581 1164
f 581 1292 1583
f 325 1164 1690
f 374 581 325
f 581 995 1292
f 374 995 581
f 1292 995 665
f 1293 1690 1408
f 1293 325 1690
f 1840 1293 1408
f 212 325 1293
f 212 374 325
f 1457 212 1293
f 374 212 995
f 1425 665 995
f 212 1425 995
f 212 553 1425
f 553 212 1457
f 1503 711 1060
f 1060 711 1653
f 1541 1653 711
f 1541 1180 1653
f 1691 1791 1152
f 1791 711 1503
f 1691 1217 1791
f 1791 1217 711
f 1944 1217 1691
f 711 206 1541
f 1217 206 711
f 1944 576 1217
f 206 1000 1541
f 1217 576 206
f 455 750 886
f 455 1691 1152
f 1613 455 886
f 455 1613 1691
f 665 1613 886
f 1613 1944 1691
f 665 655 1613
f 1613 655 1944
f 665 1797 655
f 665 1425 1797
f 1000 1180 1541
f 1000 1560 1180
f 150 1000 206
f 1061 1262 257
f 1061 901 1262
f 1061 502 901
f 1183 502 1061
f 1061 257 254
f 449 1061 254
f 1183 1061 1270
f 1270 1061 449
f 358 1183 1270
f 449 254 12
f 1815 1441 247
f 1356 1441 1815
f 1356 1408 1441
f 1815 1162 502
f 1815 502 1183
f 1116 1815 1183
f 1116 1183 358
f 1525 1815 1116
f 1356 1815 1525
f 1954 1356 1525
f 992 1293 1840
f 992 1457 1293
f 1356 1840 1408
f 734 992 1840
f 1457 59 553
f 59 1457 992
f 734 1840 1356
f 59 992 734
f 1455 734 1356
f 1489 59 734
f 553 1636 1425
f 553 1489 1636
f 1489 553 59
f 1417 734 1455
f 1489 734 1417
f 1417 678 1489
f 1417 491 678
f 678 491 804
f 1455 1356 1954
f 1161 1455 1954
f 491 1455 1161
f 491 1417 1455
f 206 1436 150
f 576 1436 206
f 655 1481 1944
f 1944 1481 576
f 398 655 1797
f 655 398 1481
f 1985 1481 398
f 1481 1959 576
f 576 1959 1436
f 1481 1985 1959
f 398 1876 1985
f 1876 1536 1985
f 1636 1797 1425
f 1797 1636 398
f 1636 1489 678
f 1745 1636 678
f 804 1745 678
f 1636 1876 398
f 1636 1745 1876
f 1000 1951 1560
f 150 1951 1000
f 1560 232 738
f 1560 99 232
f 1951 99 1560
f 1951 1826 99
f 1951 42 1826
f 232 939 738
f 939 3 738
f 232 533 939
f 232 1353 533
f 99 1353 232
f 435 3 939
f 533 435 939
f 99 451 1353
f 1826 451 99
f 1826 422 451
f 1826 126 422
f 42 126 1826
f 435 355 3
f 435 178 355
f 533 178 435
f 533 208 178
f 1353 208 533
f 1353 139 208
f 451 139 1353
f 236 451 422
f 46 355 178
f 161 178 208
f 161 46 178
f 252 208 139
f 252 161 208
f 981 355 46
f 981 368 355
f 1015 46 161
f 1015 981 46
f 1015 161 252
f 1027 1015 252
f 180 1015 1027
f 1436 1379 150
f 150 1379 1951
f 1436 1717 1379
f 1959 1717 1436
f 1379 42 1951
f 1717 608 1379
f 1379 1093 42
f 1379 608 1093
f 973 368 981
f 141 973 981
f 1175 1424 973
f 829 973 141
f 829 1175 973
f 141 981 1015
f 180 141 1015
f 1384 141 180
f 439 1384 180
f 1384 829 141
f 829 1280 1175
f 614 829 1384
f 614 1384 439
f 1021 1280 829
f 614 1021 829
f 1647 484 1280
f 1021 1647 1280
f 1521 449 12
f 1521 1270 449
f 1414 1270 1521
f 1414 358 1270
f 1761 1414 1521
f 787 1521 895
f 1761 1521 787
f 863 1414 1761
f 787 895 931
f 1482 1761 787
f 863 1761 1387
f 1414 1116 358
f 1216 1525 1116
f 1954 1525 1216
f 1216 1116 1414
f 1678 1414 863
f 1678 1216 1414
f 370 1216 1678
f 1947 1216 370
f 491 1475 804
f 1475 1532 804
f 1532 1680 804
f 1606 1040 791
f 1606 1532 1040
f 1475 491 1161
f 121 1161 1954
f 121 1475 1161
f 1273 1954 1216
f 1273 121 1954
f 1475 121 1532
f 103 121 1273
f 121 103 1532
f 1947 1273 1216
f 1040 1273 1062
f 1040 103 1273
f 1040 1532 103
f 1062 1273 1947
f 791 1040 1062
f 1985 1536 998
f 998 1959 1985
f 1536 1868 998
f 1536 1044 1868
f 804 1680 1745
f 1745 1680 1876
f 1680 893 1876
f 1876 893 1536
f 1606 1680 1532
f 893 1044 1536
f 1680 1606 534
f 1680 534 893
f 893 534 1170
f 893 1170 1044
f 42 167 126
f 42 1093 167
f 451 825 139
f 451 644 825
f 236 644 451
f 236 94 644
f 94 422 126
f 94 236 422
f 352 94 126
f 167 352 126
f 825 252 139
f 644 252 825
f 632 644 94
f 1027 252 644
f 1027 644 632
f 202 632 949
f 202 1027 632
f 202 180 1027
f 1093 143 167
f 1093 21 143
f 352 949 94
f 352 173 949
f 167 173 352
f 167 132 173
f 132 167 143
f 21 132 143
f 949 632 94
f 1007 173 132
f 1007 949 173
f 760 949 1007
f 760 202 949
f 562 202 760
f 21 519 132
f 21 604 519
f 604 21 411
f 1225 132 519
f 1225 1007 132
f 760 1007 1225
f 280 760 1225
f 280 562 760
f 604 187 519
f 604 402 187
f 402 604 411
f 187 1225 519
f 104 1225 187
f 104 280 1225
f 650 187 402
f 104 187 650
f 608 88 1093
f 1093 88 21
f 1717 1444 608
f 608 1883 88
f 88 411 21
f 88 1883 411
f 608 727 1883
f 727 608 1444
f 1883 10 411
f 10 402 411
f 168 280 104
f 1883 438 10
f 1883 727 438
f 10 650 402
f 10 375 650
f 375 10 438
f 104 650 1051
f 109 727 1444
f 727 1050 438
f 727 274 1050
f 375 11 650
f 11 438 1050
f 11 375 438
f 1051 650 11
f 868 104 1051
f 673 104 868
f 673 168 104
f 727 109 274
f 274 164 1050
f 1050 1389 11
f 1050 164 1389
f 1581 11 1389
f 1581 1051 11
f 868 1051 1581
f 109 520 274
f 274 464 164
f 274 520 464
f 164 130 1389
f 164 464 130
f 1102 1389 130
f 1102 1581 1389
f 315 1581 1102
f 315 868 1581
f 315 673 868
f 1717 1959 998
f 998 1444 1717
f 998 1868 1444
f 1868 109 1444
f 1115 180 202
f 1115 439 180
f 1190 439 1115
f 390 439 1190
f 390 614 439
f 390 1041 614
f 839 1021 614
f 1041 839 614
f 1647 947 484
f 839 1647 1021
f 562 1115 202
f 1115 75 1190
f 75 1115 562
f 509 390 1190
f 1647 55 947
f 1647 832 55
f 839 832 1647
f 839 101 832
f 101 839 1041
f 75 562 280
f 1648 1190 75
f 1648 509 1190
f 1014 509 1648
f 1588 390 509
f 1588 1041 390
f 1339 1588 509
f 1588 101 1041
f 55 773 192
f 832 773 55
f 832 1088 773
f 101 1088 832
f 1527 101 1588
f 1527 1088 101
f 168 75 280
f 966 75 168
f 966 1648 75
f 1014 1648 966
f 1014 1339 509
f 844 1588 1339
f 1339 503 844
f 503 1014 1658
f 503 1339 1014
f 1527 1553 1079
f 1553 1588 844
f 1553 1527 1588
f 1553 844 503
f 610 503 588
f 1553 610 728
f 610 1553 503
f 807 610 588
f 1344 966 168
f 1658 966 1344
f 1658 1014 966
f 1127 168 673
f 1127 1344 168
f 1658 1344 1127
f 588 503 1658
f 932 1658 1127
f 588 1658 932
f 940 673 315
f 940 1127 673
f 913 1127 940
f 913 932 1127
f 773 1394 192
f 773 238 1394
f 1088 238 773
f 1088 364 238
f 1527 364 1088
f 1527 1079 364
f 238 245 1394
f 1079 906 364
f 238 343 245
f 364 343 238
f 364 906 343
f 1079 728 906
f 728 1079 1553
f 245 163 1828
f 343 163 245
f 728 1181 906
f 343 1160 163
f 906 1160 343
f 906 1181 1160
f 1420 1465 1244
f 198 1966 705
f 198 1244 1966
f 1244 198 1420
f 1081 198 705
f 1420 198 1081
f 792 1420 97
f 97 1420 1081
f 1081 705 1839
f 792 97 47
f 47 1081 1022
f 47 97 1081
f 1022 1081 1839
f 311 792 47
f 617 792 311
f 311 47 1022
f 617 311 93
f 190 311 1022
f 93 311 190
f 190 1022 477
f 175 93 54
f 175 617 93
f 54 190 1184
f 54 93 190
f 1184 190 477
f 1304 54 1184
f 36 54 1304
f 36 175 54
f 602 430 1465
f 792 1465 1420
f 681 1465 792
f 602 1465 681
f 681 792 617
f 1689 681 609
f 602 681 1689
f 681 617 175
f 1259 175 36
f 1259 681 175
f 609 681 1259
f 1599 165 1237
f 319 165 1599
f 165 1502 1237
f 1559 165 319
f 1502 165 1559
f 870 1502 1559
f 870 1765 1502
f 1725 705 1966
f 1725 1839 705
f 1839 1725 1237
f 1237 1502 1839
f 477 1022 1839
f 477 1839 1204
f 1204 1839 1502
f 477 133 1184
f 1502 1765 1204
f 133 318 1184
f 1204 133 477
f 1204 1192 133
f 1204 1765 1192
f 1554 1559 319
f 1554 1963 1559
f 1125 1554 1639
f 1554 1125 1963
f 936 1125 1639
f 936 1681 1125
f 1559 1963 870
f 127 347 1458
f 1810 1905 347
f 347 956 1458
f 956 347 1905
f 1681 1458 1657
f 1458 1681 936
f 956 1657 1458
f 1905 115 956
f 115 1784 956
f 956 656 1657
f 956 1784 656
f 1510 1905 1810
f 1510 1853 1330
f 1330 1849 1510
f 1510 115 1905
f 1510 1849 115
f 1330 322 1849
f 1849 1246 115
f 594 1330 1853
f 1906 1683 1100
f 594 322 1330
f 594 1872 322
f 1872 594 1100
f 1100 1683 1872
f 1683 510 1872
f 1267 1872 510
f 927 1155 1845
f 1845 1683 1906
f 1845 1046 1683
f 1155 1046 1845
f 1046 489 1683
f 489 510 1683
f 1608 36 1304
f 1608 1184 318
f 1608 1304 1184
f 383 609 1259
f 425 609 383
f 1689 609 425
f 1259 36 1608
f 1689 425 1136
f 618 602 1689
f 119 1259 1608
f 383 1259 119
f 1898 1689 1136
f 1265 1689 1898
f 618 1689 1265
f 1381 383 119
f 1159 383 1381
f 1159 425 383
f 1136 425 1159
f 1381 1608 1415
f 1381 119 1608
f 95 1136 1159
f 95 1898 1136
f 880 1898 95
f 880 1265 1898
f 952 1265 880
f 952 618 1265
f 197 618 952
f 1268 197 952
f 1744 1381 838
f 1744 1159 1381
f 95 1159 1744
f 880 1268 952
f 1612 880 95
f 1268 880 1612
f 780 1765 870
f 780 986 1765
f 318 1415 1608
f 1192 318 133
f 1192 941 318
f 1765 986 1192
f 318 941 1415
f 1192 421 941
f 986 421 1192
f 259 1415 941
f 421 986 815
f 780 1842 986
f 421 259 941
f 815 986 1842
f 437 421 1111
f 437 259 421
f 1111 421 815
f 1842 819 815
f 1111 122 437
f 1111 815 819
f 819 235 1111
f 819 1842 432
f 1111 235 122
f 1415 838 1381
f 259 838 1415
f 1744 1612 95
f 259 437 838
f 437 1023 838
f 1023 1744 838
f 1794 1268 1612
f 1612 1744 1023
f 1023 62 1612
f 1794 1612 62
f 1023 437 122
f 780 870 1963
f 1382 780 1963
f 1382 1963 1125
f 1486 1382 1125
f 1681 1486 1125
f 1486 1830 1382
f 1382 475 780
f 1486 1674 1830
f 475 1382 1243
f 1830 1243 1382
f 1296 1243 1830
f 1674 1296 1830
f 1296 409 1243
f 1296 1674 222
f 780 475 1842
f 475 432 1842
f 1243 432 475
f 1243 631 432
f 1657 547 1214
f 656 547 1657
f 1784 1703 656
f 656 1703 547
f 1703 423 547
f 1703 113 423
f 1657 1214 1681
f 1681 1214 1486
f 1214 1674 1486
f 547 423 1214
f 1605 1674 1214
f 1674 1605 222
f 423 1605 1214
f 115 1246 1784
f 1849 1737 1246
f 322 1737 1849
f 322 1880 1737
f 1784 1981 1703
f 1246 1981 1784
f 1246 812 1981
f 1737 812 1246
f 1741 812 1737
f 1880 1741 1737
f 1981 113 1703
f 1981 201 113
f 812 201 1981
f 1741 1903 812
f 510 1603 1267
f 1872 1880 322
f 1872 1267 1880
f 670 1741 1880
f 1267 670 1880
f 1267 1846 670
f 1603 1846 1267
f 1603 1861 1846
f 1861 1603 615
f 1046 1563 489
f 1046 652 1563
f 1663 652 1046
f 489 1603 510
f 1563 1603 489
f 1563 599 1603
f 652 599 1563
f 652 1641 599
f 1663 1641 652
f 615 1603 599
f 1641 865 599
f 1747 122 235
f 235 819 1508
f 1747 235 1048
f 62 1023 1785
f 62 1406 1794
f 1785 1023 122
f 1747 1785 122
f 1406 62 1785
f 1747 1484 1785
f 1800 1406 1785
f 1484 1800 1785
f 1484 1747 1048
f 222 1478 1296
f 1508 819 432
f 631 1508 432
f 1243 409 631
f 1508 1048 235
f 631 1518 1508
f 409 638 631
f 1296 638 409
f 1508 373 1048
f 1518 373 1508
f 638 1518 631
f 1296 1478 638
f 1396 1518 638
f 1396 373 1518
f 1396 1788 373
f 638 526 1396
f 526 68 1396
f 1478 526 638
f 68 1788 1396
f 1907 68 526
f 1907 1788 68
f 1907 513 1788
f 1048 1790 1484
f 1790 1434 1484
f 1434 1800 1484
f 1434 1962 1800
f 373 1790 1048
f 1788 1790 373
f 1788 800 1790
f 1434 1790 800
f 1434 1833 1962
f 800 1833 1434
f 1788 1364 800
f 1976 1833 800
f 1364 1976 800
f 1364 1788 513
f 1605 1822 222
f 1605 108 1822
f 942 423 113
f 423 942 1605
f 942 514 1605
f 222 1822 1478
f 108 1605 514
f 514 86 108
f 1822 108 1478
f 942 86 514
f 942 653 86
f 1380 108 86
f 86 1589 1380
f 653 1589 86
f 653 306 1589
f 108 526 1478
f 108 1380 526
f 171 1907 526
f 1380 171 526
f 812 1903 201
f 201 428 113
f 1903 428 201
f 1837 428 1903
f 428 942 113
f 428 1936 942
f 1837 469 428
f 428 469 1936
f 653 942 1936
f 1837 1236 469
f 1885 653 1936
f 469 1885 1936
f 1236 1885 469
f 1236 687 1885
f 1885 306 653
f 1885 371 306
f 670 1903 1741
f 1861 53 1846
f 670 1837 1903
f 840 53 1861
f 670 1656 1837
f 1846 53 670
f 840 1488 53
f 53 1656 670
f 733 1656 53
f 1488 733 53
f 1488 752 733
f 733 842 1656
f 1656 1236 1837
f 1656 612 1236
f 612 687 1236
f 1656 842 612
f 599 801 615
f 599 865 801
f 1641 1359 865
f 615 840 1861
f 615 801 840
f 1359 1284 865
f 801 1488 840
f 801 1973 1488
f 865 1973 801
f 1284 1973 865
f 1488 946 752
f 1973 946 1488
f 1284 1150 1973
f 1150 1619 1973
f 171 513 1907
f 171 1982 513
f 1407 171 1380
f 1407 1982 171
f 1589 1407 1380
f 690 1407 1589
f 306 690 1589
f 690 1490 1407
f 1895 1407 1490
f 1895 1982 1407
f 513 417 1364
f 417 1976 1364
f 417 513 1982
f 417 1010 1976
f 1841 1010 417
f 1982 23 417
f 23 1841 417
f 1895 23 1982
f 23 1335 1841
f 1895 1335 23
f 687 371 1885
f 687 1922 371
f 306 354 690
f 354 1490 690
f 371 354 306
f 371 1001 354
f 1922 1001 371
f 1490 1346 1895
f 354 1331 1490
f 1331 1346 1490
f 1001 1331 354
f 1922 289 1001
f 45 289 1922
f 1331 211 1346
f 289 1331 1001
f 45 4 289
f 1331 289 4
f 1860 211 1331
f 4 1860 1331
f 1860 721 211
f 1346 1335 1895
f 1346 34 1335
f 34 1346 1889
f 211 1889 1346
f 1889 1718 34
f 1718 1911 34
f 721 1889 211
f 721 1718 1889
f 1718 1710 1911
f 752 346 733
f 1438 1922 687
f 612 1438 687
f 842 1438 612
f 733 346 842
f 346 1926 842
f 1926 1438 842
f 1926 1848 1438
f 1438 45 1922
f 1848 1391 1438
f 1926 714 1848
f 714 1920 1848
f 1438 4 45
f 1391 4 1438
f 1920 1391 1848
f 4 1595 1860
f 1391 1595 4
f 1358 1595 1391
f 1920 1358 1391
f 1860 336 721
f 1595 336 1860
f 336 1718 721
f 1973 1619 946
f 946 346 752
f 1619 1123 946
f 1150 255 1619
f 255 881 1619
f 946 1123 346
f 1123 1926 346
f 1619 881 1123
f 1123 1283 1926
f 881 1283 1123
f 1283 714 1926
f 881 1901 1283
f 1283 1796 714
f 1283 1492 1796
f 714 1796 1920
f 1901 1492 1283
f 1901 1409 1492
f 1796 1358 1920
f 1796 1831 1358
f 1492 1831 1796
f 1409 1831 1492
f 379 1710 1718
f 467 1595 1358
f 467 1775 1595
f 336 379 1718
f 1595 1775 336
f 1775 379 336
f 1775 1714 379
f 1714 778 379
f 1070 1714 1775
f 467 1070 1775
f 1070 30 1714
f 528 467 1358
f 1831 528 1358
f 528 1418 467
f 1831 452 528
f 1831 1066 452
f 84 1066 1831
f 528 452 1418
f 1418 1070 467
f 1418 1437 1070
f 1437 30 1070
f 452 1437 1418
f 1066 1437 452
f 1437 912 30
f 1437 1699 912
f 1437 1395 1699
f 1066 1483 1437
f 1483 1395 1437
f 602 316 430
f 70 316 602
f 1105 316 70
f 1105 928 316
f 1706 70 602
f 1941 1706 602
f 777 1941 602
f 860 98 928
f 154 98 860
f 154 1209 98
f 645 928 1105
f 1047 928 645
f 1047 860 928
f 555 860 1047
f 555 154 860
f 985 1047 645
f 985 555 1047
f 799 645 1105
f 200 645 799
f 200 985 645
f 200 555 985
f 522 555 200
f 284 1105 70
f 284 799 1105
f 200 799 284
f 955 284 70
f 434 284 955
f 434 200 284
f 96 200 434
f 849 70 1706
f 849 955 70
f 434 955 849
f 835 849 1706
f 427 849 835
f 427 434 849
f 96 434 427
f 1323 1209 154
f 1323 967 1209
f 1323 154 555
f 522 1323 555
f 501 1323 522
f 501 1025 1323
f 1500 501 522
f 96 522 200
f 1500 522 96
f 1448 96 427
f 847 1500 96
f 1591 1500 847
f 1464 1025 501
f 1464 217 1025
f 1464 1311 217
f 1628 1311 1464
f 1500 1464 501
f 1591 1464 1500
f 1628 1464 1591
f 1203 1628 1591
f 1638 1711 869
f 1638 1368 1711
f 1628 869 1311
f 866 869 1628
f 866 1638 869
f 1825 1368 1638
f 1825 1638 866
f 1369 1368 1825
f 1369 1248 1368
f 1916 1248 1369
f 1916 1497 1248
f 1665 1497 1916
f 1321 1665 1916
f 1795 1665 1321
f 1795 1917 1665
f 671 1916 1369
f 1321 1916 671
f 1345 1249 1799
f 1803 1917 1795
f 1803 1799 1917
f 1575 1799 1803
f 1575 1345 1799
f 545 1345 1575
f 554 545 1575
f 1676 1249 1345
f 1219 1245 1728
f 545 1676 1345
f 1219 1676 545
f 1219 1728 1676
f 1442 1219 545
f 1442 545 1034
f 2000 1219 1442
f 931 895 544
f 931 544 1535
f 1219 544 1245
f 1535 544 1219
f 1144 1219 2000
f 1144 1535 1219
f 1363 1535 1144
f 693 1706 1941
f 349 1706 693
f 349 835 1706
f 1017 1941 777
f 693 1941 1017
f 861 349 693
f 1277 602 618
f 286 602 1277
f 286 777 602
f 1017 777 286
f 197 1277 618
f 861 1017 1286
f 861 693 1017
f 1286 351 861
f 518 1277 197
f 518 286 1277
f 152 286 518
f 152 1017 286
f 1286 1017 152
f 740 197 1268
f 518 197 740
f 943 1286 152
f 1390 518 740
f 1390 152 518
f 1200 835 349
f 1200 427 835
f 1448 427 1200
f 1200 349 861
f 351 1200 861
f 943 351 1286
f 1390 943 152
f 1263 351 943
f 1263 1864 351
f 1794 740 1268
f 1390 740 1794
f 1626 943 1390
f 1626 1263 943
f 1626 1390 1794
f 530 1626 1794
f 1316 1263 1626
f 345 1263 1316
f 847 96 1448
f 351 1448 1200
f 372 847 1448
f 1577 1591 847
f 1864 1448 351
f 1864 372 1448
f 904 847 372
f 904 1577 847
f 149 1577 904
f 149 1203 1577
f 345 1864 1263
f 345 372 1864
f 345 904 372
f 720 904 345
f 149 904 720
f 1252 720 345
f 199 720 1252
f 753 149 720
f 1203 1591 1577
f 199 753 720
f 1891 1628 1203
f 1891 866 1628
f 1416 1825 866
f 1416 866 1891
f 1882 1825 1416
f 408 1825 1882
f 408 1369 1825
f 753 1203 149
f 1891 1203 753
f 22 1891 753
f 1124 1891 22
f 1124 1416 1891
f 1124 1882 1416
f 49 1882 1124
f 876 1882 49
f 1148 1882 876
f 1148 408 1882
f 1042 1369 408
f 1042 671 1369
f 1148 1042 408
f 1942 1042 1148
f 1453 1321 671
f 1942 671 1042
f 1453 671 1942
f 1317 1321 1453
f 1317 1795 1321
f 393 1317 1453
f 820 1803 1795
f 1383 1575 1803
f 1383 554 1575
f 820 1795 1317
f 1383 1803 820
f 1383 820 1400
f 256 1383 1400
f 698 820 1317
f 1400 820 698
f 1034 545 554
f 1034 554 1383
f 505 1034 1126
f 505 1442 1034
f 1065 1034 1383
f 1126 1034 1065
f 717 1383 256
f 1065 1383 717
f 505 2000 1442
f 1877 505 1126
f 1734 505 1877
f 1994 505 1734
f 1144 2000 505
f 1994 1363 1144
f 1153 1363 1994
f 1994 1144 505
f 1406 530 1794
f 1316 1626 530
f 1252 345 1316
f 462 1316 530
f 462 1252 1316
f 1847 1252 462
f 1847 199 1252
f 1800 530 1406
f 462 530 1800
f 1962 462 1800
f 1962 1847 462
f 1962 1816 1847
f 1833 1816 1962
f 1833 1338 1816
f 1338 1833 1264
f 1976 1264 1833
f 1264 1140 1338
f 1140 1064 1338
f 1748 753 199
f 1748 22 753
f 969 22 1748
f 1312 969 1748
f 1071 969 1312
f 1748 199 1847
f 1816 1748 1847
f 626 969 1071
f 49 969 626
f 626 876 49
f 1312 1748 1816
f 1145 876 626
f 1338 1312 1816
f 1071 1312 1338
f 1064 1071 1338
f 1064 626 1071
f 1124 22 969
f 49 1124 969
f 1686 1145 626
f 1431 1145 1686
f 1834 1145 1431
f 1686 626 1064
f 1064 1431 1686
f 79 1148 876
f 393 1942 1148
f 393 1453 1942
f 1397 1148 79
f 393 1148 1397
f 1372 393 1397
f 1491 393 1372
f 1145 79 876
f 1145 1397 79
f 828 1372 1397
f 828 1491 1372
f 828 1397 1145
f 1201 1145 1834
f 1201 828 1145
f 400 393 1491
f 400 1221 393
f 887 1221 400
f 990 1221 887
f 1255 400 1491
f 1255 1491 828
f 887 400 1255
f 1908 990 887
f 735 920 990
f 1908 887 1255
f 735 990 1908
f 698 1317 393
f 1221 1400 698
f 1221 256 1400
f 1221 698 393
f 920 1221 990
f 1332 920 735
f 494 1332 735
f 494 287 1332
f 287 107 1332
f 538 1126 1065
f 1877 1126 538
f 717 256 1221
f 920 717 1221
f 107 717 920
f 107 1065 717
f 1892 538 1065
f 1892 1877 538
f 107 1892 1065
f 107 920 1332
f 651 1892 107
f 651 107 287
f 504 1892 651
f 504 1235 1892
f 1328 1994 1734
f 948 1994 1328
f 298 1734 1877
f 298 1328 1734
f 298 1877 1892
f 1935 1328 298
f 1935 948 1328
f 1235 298 1892
f 540 298 1235
f 1935 298 540
f 540 1235 1186
f 308 1935 540
f 770 1994 948
f 1231 1064 1140
f 1010 1264 1976
f 1010 1140 1264
f 1956 1140 1010
f 1956 1231 1140
f 1841 1956 1010
f 1956 732 1231
f 732 1592 1231
f 1335 1956 1841
f 304 732 1956
f 304 1198 732
f 304 1956 1335
f 1231 1592 1064
f 1592 1431 1064
f 1592 1509 1431
f 1509 1834 1431
f 1509 1201 1834
f 172 1201 1509
f 353 1509 1592
f 1198 353 732
f 353 1592 732
f 34 304 1335
f 34 1399 304
f 1198 304 1399
f 1399 833 1198
f 1911 1399 34
f 1911 1456 1399
f 1456 833 1399
f 1456 766 833
f 1456 1750 766
f 1710 1456 1911
f 353 172 1509
f 1940 1808 172
f 1940 713 1808
f 1940 172 353
f 1881 713 1940
f 833 353 1198
f 766 353 833
f 766 1940 353
f 1881 1940 766
f 1750 1881 766
f 1808 1201 172
f 1808 828 1201
f 1808 1255 828
f 713 1255 1808
f 713 1908 1255
f 1329 1908 713
f 1881 1329 713
f 1456 1426 1750
f 1333 1329 1881
f 1426 1881 1750
f 1787 1881 1426
f 1787 1333 1881
f 1787 493 1333
f 1604 1086 493
f 1604 493 1787
f 494 735 1908
f 1329 494 1908
f 1504 651 287
f 1504 504 651
f 1333 494 1329
f 493 494 1333
f 1504 494 493
f 1504 287 494
f 1504 493 1086
f 1604 737 1086
f 1604 1988 737
f 1347 1988 1604
f 1186 504 1504
f 980 1186 1504
f 980 689 1186
f 1768 689 980
f 1768 308 689
f 737 1504 1086
f 980 1504 737
f 1988 980 737
f 1593 980 1988
f 1593 1768 980
f 591 1768 1593
f 1347 1593 1988
f 1186 1235 504
f 689 540 1186
f 308 540 689
f 379 1456 1710
f 778 1456 379
f 778 1426 1456
f 778 1413 1426
f 1714 1673 778
f 1673 1413 778
f 1130 1413 1673
f 1130 561 1413
f 30 1673 1714
f 30 912 1673
f 1413 1787 1426
f 561 1787 1413
f 561 1604 1787
f 912 1130 1673
f 1130 1991 561
f 1005 1991 1130
f 1699 1130 912
f 1699 1682 1130
f 1005 1130 1682
f 1395 1682 1699
f 1991 1604 561
f 1347 1604 1991
f 1964 1347 1991
f 1005 1964 1991
f 1783 1964 1005
f 1347 591 1593
f 1921 1155 927
f 1275 1155 1921
f 1271 1275 1921
f 1271 1240 1275
f 1155 1275 1046
f 1275 1663 1046
f 1275 786 1663
f 1240 786 1275
f 1240 1666 786
f 1870 1202 1113
f 1106 1202 1870
f 1113 1240 1271
f 1113 1202 1240
f 1106 1909 1202
f 1240 1282 129
f 1202 1282 1240
f 1909 1282 1202
f 1240 129 1666
f 39 1668 916
f 916 71 1106
f 1668 71 916
f 1668 1720 71
f 71 1909 1106
f 1720 960 71
f 1720 1617 960
f 71 1398 1909
f 960 1398 71
f 960 963 1398
f 1617 963 960
f 963 441 1398
f 1398 875 1909
f 1958 1668 39
f 1958 1720 1668
f 1958 1617 1720
f 1617 441 963
f 1617 781 441
f 1685 781 1617
f 1755 1971 571
f 1226 1971 1755
f 571 1685 1958
f 571 1971 1685
f 1685 1617 1958
f 1971 1289 1685
f 1685 1879 781
f 1289 1879 1685
f 1226 1285 1971
f 1318 1285 1226
f 1318 1854 1285
f 1318 789 1854
f 1285 1289 1971
f 1547 789 1318
f 789 1780 1854
f 910 78 1547
f 910 283 78
f 76 283 910
f 76 979 283
f 9 979 76
f 9 258 979
f 1695 258 9
f 979 292 283
f 258 292 979
f 258 498 292
f 258 1156 498
f 1695 1156 258
f 1695 118 1156
f 78 789 1547
f 283 1008 78
f 292 1008 283
f 292 85 1008
f 498 85 292
f 498 281 85
f 1156 281 498
f 1156 1740 281
f 118 1740 1156
f 85 382 1008
f 281 382 85
f 281 363 382
f 118 662 1740
f 118 67 662
f 118 818 67
f 363 156 382
f 78 1780 789
f 1008 1780 78
f 1008 1045 1780
f 382 1045 1008
f 156 1045 382
f 156 362 1045
f 362 275 1045
f 1740 264 281
f 264 363 281
f 264 826 363
f 662 264 1740
f 264 662 826
f 156 725 362
f 826 156 363
f 826 725 156
f 662 725 826
f 662 1661 725
f 1661 415 725
f 67 1661 662
f 725 921 362
f 415 921 725
f 77 415 1661
f 67 77 1661
f 67 278 77
f 818 278 67
f 362 921 275
f 921 191 1020
f 415 191 921
f 77 191 415
f 77 701 191
f 701 13 191
f 701 1910 13
f 278 701 77
f 278 1174 701
f 1174 1910 701
f 1174 930 1910
f 278 1212 1174
f 1212 930 1174
f 1020 275 921
f 1020 13 83
f 13 1020 191
f 13 674 83
f 1910 674 13
f 1910 29 674
f 930 18 1910
f 18 29 1910
f 925 1009 1695
f 426 1009 925
f 426 776 1009
f 426 704 776
f 1580 704 426
f 1580 523 704
f 1009 118 1695
f 1009 323 118
f 776 323 1009
f 523 1817 704
f 776 857 323
f 704 857 776
f 704 1817 857
f 323 818 118
f 323 570 818
f 857 570 323
f 1817 823 857
f 857 112 570
f 442 630 1117
f 523 196 1817
f 1117 196 523
f 630 196 1117
f 196 1011 1817
f 630 1104 196
f 1817 1011 823
f 1104 1011 196
f 570 1996 818
f 112 1996 570
f 823 112 857
f 1011 63 823
f 1104 63 1011
f 1104 1968 63
f 1561 1968 1104
f 1996 278 818
f 1996 1212 278
f 112 535 1996
f 112 1218 535
f 823 1218 112
f 63 1218 823
f 63 123 1218
f 1968 123 63
f 1968 1997 123
f 1094 1997 1968
f 1996 1633 1212
f 535 1633 1996
f 535 359 1633
f 1218 359 535
f 1218 1967 359
f 123 1967 1218
f 1997 730 123
f 1997 1132 730
f 1132 433 730
f 1257 433 1132
f 1212 1633 930
f 1633 18 930
f 1633 1607 18
f 359 1607 1633
f 359 831 1607
f 1967 831 359
f 1967 418 831
f 1967 730 418
f 730 1967 123
f 730 344 418
f 730 1325 344
f 433 1325 730
f 1355 630 442
f 1355 1031 630
f 627 1031 1355
f 1828 1388 627
f 627 1655 1031
f 1388 1655 627
f 630 1561 1104
f 1031 1561 630
f 1031 450 1561
f 1655 450 1031
f 1388 1302 1655
f 1655 972 450
f 1302 972 1655
f 1561 1094 1968
f 450 1094 1561
f 972 1094 450
f 1094 1132 1997
f 972 1132 1094
f 972 1257 1132
f 786 226 1663
f 1666 226 786
f 1666 1540 226
f 226 1641 1663
f 226 1540 1641
f 1909 1101 1282
f 1101 1466 1282
f 188 1466 1101
f 1666 1552 1540
f 129 1552 1666
f 1282 1552 129
f 1282 1466 1552
f 1466 384 1552
f 1466 1310 384
f 1909 188 1101
f 875 188 1909
f 1398 798 875
f 441 798 1398
f 798 696 875
f 875 1182 188
f 696 1182 875
f 1182 1466 188
f 781 798 441
f 798 64 696
f 781 64 798
f 781 796 64
f 696 64 1182
f 64 1076 1182
f 64 796 1076
f 1182 907 1466
f 1076 907 1182
f 796 793 1076
f 796 416 793
f 743 416 796
f 743 944 416
f 793 907 1076
f 793 416 1315
f 907 1310 1466
f 907 1746 1310
f 907 1315 569
f 793 1315 907
f 416 944 1315
f 1879 796 781
f 1879 743 796
f 1289 743 1879
f 1289 1989 743
f 743 1989 1513
f 743 1513 944
f 1285 1854 1829
f 1285 1829 1289
f 1068 1829 1854
f 1829 1989 1289
f 1068 1705 1829
f 1829 888 1989
f 1829 1705 888
f 1989 888 1513
f 1068 1858 1705
f 1386 1858 1068
f 1780 1068 1854
f 1045 27 1780
f 275 27 1045
f 1780 1386 1068
f 27 1386 1780
f 27 903 1386
f 903 1998 1386
f 1386 1998 1858
f 1020 1233 275
f 83 1233 1020
f 674 726 83
f 29 726 674
f 29 265 726
f 265 1472 1378
f 193 265 29
f 193 1472 265
f 193 552 1472
f 193 136 552
f 136 380 552
f 18 193 29
f 18 1701 193
f 1701 136 193
f 136 1844 380
f 1701 440 136
f 440 1844 136
f 1233 27 275
f 83 659 1233
f 726 659 83
f 726 795 659
f 265 795 726
f 1378 795 265
f 552 1378 1472
f 552 267 1378
f 380 267 552
f 380 658 267
f 1233 659 27
f 1378 593 795
f 267 593 1378
f 658 593 267
f 658 959 593
f 659 903 27
f 795 903 659
f 795 879 903
f 593 879 795
f 959 879 593
f 959 1965 879
f 879 1998 903
f 879 1242 1998
f 1607 1701 18
f 1607 440 1701
f 521 440 1607
f 521 975 440
f 831 521 1607
f 521 772 975
f 831 418 521
f 418 772 521
f 418 344 772
f 344 378 772
f 378 702 772
f 1325 378 344
f 440 1096 1844
f 975 1096 440
f 975 702 1096
f 702 975 772
f 1641 649 1359
f 1540 649 1641
f 1540 1350 649
f 1540 1893 1350
f 649 1284 1359
f 1893 1855 1350
f 1855 649 1350
f 649 334 1284
f 1855 334 649
f 334 1150 1284
f 1855 1700 334
f 1700 917 334
f 1552 1893 1540
f 1552 755 1893
f 384 755 1552
f 384 894 755
f 1310 894 384
f 1310 1886 894
f 1893 613 1855
f 755 613 1893
f 894 613 755
f 894 1886 613
f 613 1700 1855
f 613 851 1700
f 1886 458 613
f 1886 859 458
f 1886 114 859
f 907 569 1746
f 1315 151 569
f 944 151 1315
f 944 908 151
f 944 365 908
f 1513 365 944
f 569 270 1746
f 151 270 569
f 151 908 270
f 1746 1886 1310
f 1746 270 1886
f 908 775 270
f 365 775 908
f 270 229 1886
f 775 229 270
f 775 1393 229
f 365 1393 775
f 365 1716 1393
f 1393 1287 229
f 1393 1119 1287
f 1716 1119 1393
f 229 114 1886
f 229 1287 114
f 1119 1694 1287
f 1819 1694 1119
f 1716 1819 1119
f 1716 1498 1819
f 1498 1789 1819
f 1498 1024 1789
f 1513 1716 365
f 1705 1211 888
f 1513 1498 1716
f 1513 1461 1498
f 888 1461 1513
f 1211 1461 888
f 1211 313 1461
f 1461 313 1498
f 313 1024 1498
f 1998 970 1858
f 1705 1858 1211
f 1858 970 1211
f 970 1758 1211
f 1211 1758 313
f 1635 1758 970
f 1758 905 313
f 1635 1772 1758
f 1772 1514 1758
f 1998 1635 970
f 1242 1635 1998
f 1422 1354 1242
f 1242 1354 1635
f 1354 1772 1635
f 879 1422 1242
f 1965 1422 879
f 334 255 1150
f 334 731 255
f 917 731 334
f 1700 272 917
f 731 881 255
f 731 517 881
f 917 517 731
f 272 517 917
f 272 1733 517
f 517 1901 881
f 517 837 1901
f 1733 1773 517
f 1901 837 1409
f 517 1773 837
f 613 458 851
f 851 272 1700
f 458 1012 851
f 859 1012 458
f 859 1566 1012
f 1230 1566 859
f 851 1733 272
f 851 1012 1733
f 1012 1232 1733
f 1012 601 1232
f 1566 601 1012
f 1566 1526 601
f 1733 1232 1773
f 601 1977 1232
f 1526 1634 601
f 114 1230 859
f 1287 1230 114
f 1287 337 1230
f 1694 337 1287
f 1694 784 337
f 1694 1789 784
f 1789 1694 1819
f 784 747 337
f 784 1024 747
f 1024 784 1789
f 1230 747 1566
f 337 747 1230
f 1024 983 747
f 1024 1871 983
f 1142 1871 1024
f 747 896 1566
f 983 896 747
f 983 1871 896
f 1142 1469 1871
f 896 1526 1566
f 896 1529 1526
f 1871 1529 896
f 1469 1529 1871
f 1142 1366 1469
f 1366 1549 155
f 1469 273 1529
f 1366 273 1469
f 1366 155 273
f 155 643 848
f 643 155 1549
f 1529 1139 1526
f 273 1139 1529
f 155 1139 273
f 155 848 1139
f 848 386 1139
f 643 386 848
f 643 100 386
f 643 1545 268
f 268 100 643
f 1545 481 268
f 506 481 1545
f 506 962 481
f 313 1142 1024
f 905 1142 313
f 1514 905 1758
f 1514 1549 905
f 905 1549 1142
f 1142 1549 1366
f 1514 845 1549
f 845 643 1549
f 1354 723 1772
f 699 723 1354
f 1772 1865 1514
f 723 1865 1772
f 1865 723 1878
f 1865 845 1514
f 1865 1545 845
f 1865 1878 1545
f 845 1545 643
f 1878 506 1545
f 837 1831 1409
f 837 84 1831
f 837 1625 84
f 1773 1625 837
f 84 994 1066
f 1625 961 84
f 961 994 84
f 994 1483 1066
f 1449 1483 994
f 1449 923 1483
f 961 1449 994
f 1449 1812 923
f 1483 1574 1395
f 1483 923 1574
f 1232 1625 1773
f 1232 1977 1625
f 1634 1977 601
f 1977 961 1625
f 1977 1807 961
f 1977 1634 1807
f 1634 1929 1807
f 1929 1727 1807
f 1807 1449 961
f 1807 1727 1449
f 1727 1812 1449
f 1727 1357 1812
f 558 1357 1727
f 1139 1634 1526
f 1139 1168 1634
f 1139 386 1168
f 386 1107 1168
f 386 100 1107
f 1168 1929 1634
f 100 1222 1107
f 100 268 1222
f 268 836 1222
f 268 481 836
f 481 754 836
f 481 962 754
f 962 1266 754
f 1107 1222 1168
f 1222 836 1322
f 836 754 1322
f 754 1980 1322
f 754 1266 1980
f 1222 1929 1168
f 1222 1727 1929
f 1322 558 1727
f 1222 1322 1727
f 1322 1980 558
f 1387 1761 1482
f 1482 787 931
f 864 1482 931
f 864 1387 1482
f 1624 1387 864
f 864 931 1535
f 1301 1535 1363
f 1301 864 1535
f 1707 1624 864
f 1624 863 1387
f 1624 1678 863
f 746 1678 1624
f 746 370 1678
f 1645 370 746
f 1564 746 1624
f 1299 1645 746
f 1564 1624 1707
f 1299 746 1564
f 38 1606 791
f 1818 38 1247
f 1818 1247 16
f 976 1062 1947
f 988 1062 976
f 988 791 1062
f 38 791 988
f 1645 1947 370
f 1645 976 1947
f 1512 988 976
f 988 1512 38
f 1512 976 1645
f 500 1512 1645
f 500 38 1512
f 1247 38 500
f 500 1645 189
f 1247 500 189
f 667 1645 1299
f 667 189 1645
f 16 1247 189
f 1044 1736 1868
f 1868 1736 1709
f 1736 1075 1709
f 1736 166 1075
f 1606 1485 534
f 1485 1606 38
f 534 1485 1170
f 1170 1736 1044
f 1485 38 1818
f 1782 1170 1485
f 1170 166 1736
f 166 1170 1782
f 1485 1818 1782
f 708 44 263
f 44 679 263
f 301 679 44
f 263 102 708
f 263 153 102
f 153 263 82
f 499 708 102
f 499 44 708
f 195 44 499
f 195 301 44
f 195 1361 301
f 1276 153 1195
f 153 1276 102
f 153 82 1195
f 546 965 684
f 965 1276 684
f 965 642 1276
f 642 102 1276
f 642 499 102
f 587 642 965
f 587 209 642
f 209 499 642
f 209 195 499
f 587 1902 209
f 1902 195 209
f 1195 551 1276
f 1195 1109 551
f 14 184 1072
f 14 684 184
f 684 14 546
f 684 551 184
f 1276 551 684
f 637 546 14
f 929 546 637
f 929 965 546
f 929 587 965
f 537 587 929
f 520 7 464
f 464 25 130
f 464 7 25
f 25 1102 130
f 158 1102 25
f 158 315 1102
f 109 830 520
f 520 387 7
f 520 830 387
f 7 333 25
f 7 387 333
f 186 25 333
f 20 25 186
f 20 158 25
f 1213 158 20
f 109 525 830
f 830 80 387
f 414 80 81
f 387 414 333
f 387 80 414
f 679 335 414
f 335 333 414
f 335 186 333
f 20 186 335
f 830 81 80
f 830 739 81
f 414 327 679
f 327 414 81
f 301 335 679
f 301 20 335
f 1361 20 301
f 1361 1213 20
f 830 525 739
f 81 739 69
f 263 69 82
f 327 263 679
f 327 69 263
f 69 327 81
f 739 82 69
f 739 302 285
f 525 302 739
f 82 285 1195
f 739 285 82
f 525 1166 302
f 285 1109 1195
f 1868 1709 109
f 1709 525 109
f 1709 1075 525
f 1075 1166 525
f 610 17 728
f 17 610 807
f 32 807 294
f 1157 807 32
f 1157 17 807
f 892 294 24
f 892 32 294
f 1133 32 892
f 1133 1157 32
f 1651 24 592
f 1651 892 24
f 892 809 1133
f 892 1651 809
f 1133 809 339
f 1902 65 195
f 65 1361 195
f 65 532 1361
f 1038 532 65
f 592 532 1038
f 592 24 532
f 589 592 140
f 589 1651 592
f 589 809 1651
f 174 809 589
f 174 339 809
f 1147 1902 587
f 1974 65 1147
f 1974 1038 65
f 140 1038 1974
f 140 592 1038
f 589 140 1028
f 897 589 1028
f 589 897 174
f 1257 982 433
f 1187 982 1257
f 982 897 15
f 1187 897 982
f 174 897 1187
f 537 1147 587
f 850 1147 537
f 1147 65 1902
f 210 1147 850
f 210 1974 1147
f 366 1028 210
f 1028 1974 210
f 1028 140 1974
f 1470 1028 366
f 982 1325 433
f 982 340 1325
f 340 15 1470
f 15 340 982
f 15 1028 1470
f 15 897 1028
f 940 315 158
f 461 932 913
f 588 461 807
f 461 588 932
f 1213 940 158
f 620 940 1213
f 620 913 940
f 683 913 620
f 461 913 683
f 461 294 807
f 294 461 683
f 797 1213 1361
f 797 620 1213
f 532 620 797
f 24 620 532
f 24 683 620
f 24 294 683
f 532 797 1361
f 728 17 1181
f 1160 243 163
f 163 1388 1828
f 163 243 1388
f 17 953 1181
f 17 1157 953
f 1160 244 243
f 1160 953 244
f 1181 953 1160
f 1157 72 953
f 243 1302 1388
f 243 244 1302
f 953 586 244
f 72 586 953
f 72 1133 339
f 72 1157 1133
f 244 716 1302
f 244 586 716
f 586 1654 716
f 1654 339 174
f 72 1654 586
f 72 339 1654
f 1302 716 972
f 716 1257 972
f 716 1187 1257
f 1654 1187 716
f 1654 174 1187
f 1707 864 1301
f 1301 1363 1153
f 1623 1301 1153
f 1623 1707 1301
f 770 1153 1994
f 1623 1153 770
f 1896 1623 770
f 1349 1299 1564
f 1349 1564 1707
f 785 1299 1349
f 1349 1707 1623
f 785 1349 1188
f 1188 1349 1623
f 1928 785 1188
f 1188 1623 1134
f 779 1818 16
f 779 16 1003
f 636 1137 1229
f 1003 636 183
f 636 1003 1137
f 779 183 1594
f 183 779 1003
f 636 1229 50
f 1 1594 183
f 50 1229 785
f 709 636 50
f 709 183 636
f 183 709 1
f 1972 785 1928
f 50 785 1972
f 709 50 922
f 1 709 251
f 147 50 1972
f 922 50 147
f 251 709 922
f 758 189 667
f 16 189 758
f 1003 758 1137
f 16 758 1003
f 667 1299 785
f 1137 667 1229
f 1137 758 667
f 1229 667 785
f 166 1177 1075
f 1075 1177 1166
f 166 1253 1177
f 1177 1925 1166
f 1177 1253 1990
f 162 1990 1278
f 1990 682 1177
f 1925 1177 682
f 682 1990 162
f 1925 512 1933
f 512 1925 682
f 1818 779 1782
f 1782 1253 166
f 779 1594 1782
f 1782 1594 1253
f 1594 1278 1253
f 1990 1253 1278
f 1594 1 1278
f 1 1494 1278
f 551 507 184
f 1109 507 551
f 550 142 41
f 550 395 142
f 637 395 550
f 395 1072 142
f 14 395 637
f 14 1072 395
f 691 898 125
f 898 550 125
f 898 1538 550
f 1538 637 550
f 1844 691 380
f 1844 898 691
f 929 637 1538
f 1844 623 898
f 623 1538 898
f 623 929 1538
f 623 537 929
f 1072 647 142
f 184 647 1072
f 507 647 184
f 691 658 380
f 691 1030 658
f 1030 392 234
f 125 1030 691
f 125 392 1030
f 392 41 234
f 550 392 125
f 550 41 392
f 507 1412 647
f 1030 959 658
f 234 959 1030
f 41 1154 234
f 142 1154 41
f 647 1154 142
f 1412 582 647
f 234 1154 959
f 647 582 1154
f 1154 1965 959
f 582 1965 1154
f 582 1537 1965
f 582 1544 1537
f 285 302 507
f 285 507 1109
f 302 1412 507
f 302 1451 1412
f 1166 1451 302
f 1166 1925 1451
f 1925 1933 1451
f 1412 1544 582
f 1451 1544 1412
f 1451 1933 1544
f 447 537 623
f 447 850 537
f 447 210 850
f 367 26 447
f 26 210 447
f 378 367 702
f 378 933 367
f 933 26 367
f 933 366 26
f 366 210 26
f 340 378 1325
f 340 933 378
f 1470 933 340
f 1470 366 933
f 1096 623 1844
f 1096 447 623
f 702 367 1096
f 367 447 1096
f 1480 770 948
f 1896 770 1480
f 1134 1896 563
f 563 1896 1480
f 761 948 1935
f 761 1480 948
f 563 1480 761
f 1937 1134 563
f 1937 563 761
f 1440 1935 308
f 1440 761 1935
f 266 761 1440
f 1873 761 266
f 1873 1937 761
f 194 1937 1873
f 1134 1623 1896
f 1928 1188 1033
f 598 1188 1134
f 1033 1188 598
f 444 1928 1033
f 672 444 1033
f 1523 1134 1937
f 1523 598 1134
f 1523 1033 598
f 672 1033 1523
f 194 1523 1937
f 1616 1523 194
f 1085 672 1523
f 1867 672 1085
f 672 1867 1206
f 749 2 1913
f 2 529 1913
f 529 811 1913
f 794 1913 811
f 19 922 147
f 251 922 19
f 251 468 1
f 1494 1 468
f 1972 1928 444
f 1297 147 1972
f 19 147 1297
f 468 19 978
f 468 251 19
f 1494 468 574
f 1297 1972 444
f 524 19 1297
f 978 19 524
f 468 978 574
f 1494 574 749
f 444 1708 1297
f 524 1297 1708
f 616 978 524
f 574 978 616
f 2 749 574
f 1708 444 672
f 616 524 1708
f 751 574 616
f 574 751 2
f 490 616 1708
f 616 1241 751
f 616 490 1241
f 2 751 1241
f 1206 1708 672
f 490 1708 1206
f 1241 490 1524
f 2 1501 529
f 1501 2 1241
f 490 1206 1524
f 1501 1241 1524
f 237 1354 1422
f 486 1531 237
f 1354 237 699
f 237 1531 699
f 512 1324 1933
f 1933 1324 1544
f 1544 1324 350
f 1544 350 486
f 1324 60 1827
f 1324 1827 350
f 350 1531 486
f 60 549 1827
f 350 1122 1531
f 1827 1122 350
f 1827 549 1122
f 682 162 1715
f 162 749 1715
f 682 1715 808
f 682 808 512
f 1324 808 60
f 1324 512 808
f 1715 749 1913
f 1869 1715 1913
f 1715 1869 808
f 60 808 1869
f 60 1869 87
f 1869 1913 794
f 1869 794 87
f 87 549 60
f 1278 749 162
f 749 1278 1494
f 1965 1537 1422
f 1544 486 1537
f 1537 237 1422
f 1537 486 237
f 1768 1440 308
f 1601 1440 1768
f 1032 1955 1601
f 862 1955 1032
f 1032 1601 1768
f 744 1768 591
f 744 1032 1768
f 572 862 1032
f 572 1032 744
f 1955 194 1873
f 1601 266 1440
f 1601 1873 266
f 1955 1873 1601
f 862 1616 1955
f 436 146 862
f 146 1616 862
f 1423 146 436
f 1423 854 146
f 596 862 572
f 436 862 596
f 579 1423 436
f 1534 436 596
f 579 436 1534
f 120 596 572
f 1534 596 120
f 1843 579 1534
f 1085 1523 1616
f 1616 194 1955
f 146 1085 1616
f 146 1867 1085
f 854 1867 146
f 1820 1067 401
f 1820 231 1067
f 1567 962 506
f 962 1567 369
f 1820 369 1567
f 1820 401 369
f 536 575 1002
f 1002 575 1103
f 1915 1002 1176
f 310 1103 1392
f 1103 310 1002
f 1176 1002 310
f 231 1176 476
f 1546 1427 1843
f 1546 1392 1427
f 511 310 1546
f 310 1392 1546
f 1176 310 511
f 843 476 1738
f 476 511 1738
f 1176 511 476
f 231 843 1067
f 476 843 231
f 216 1524 885
f 216 1501 1524
f 811 216 531
f 529 216 811
f 216 529 1501
f 885 1524 854
f 531 216 885
f 811 531 277
f 794 277 677
f 277 794 811
f 87 677 1224
f 87 794 677
f 1128 885 1423
f 885 854 1423
f 277 885 1128
f 277 531 885
f 677 277 1128
f 87 575 536
f 575 87 1224
f 1224 1128 814
f 1224 677 1128
f 1519 1423 1427
f 1519 1128 1423
f 814 1128 1519
f 1224 1103 575
f 1224 814 1103
f 1427 1423 579
f 1392 1103 1519
f 814 1519 1103
f 1427 579 1843
f 1519 1427 1392
f 1524 1206 854
f 854 1206 1867
f 1531 405 699
f 699 1173 723
f 405 1173 699
f 405 1429 1173
f 1173 1878 723
f 1429 1820 1173
f 1429 231 1820
f 1878 1173 1567
f 1878 1567 506
f 1173 1820 1567
f 549 87 536
f 1122 405 1531
f 549 536 1915
f 549 1915 1122
f 405 1122 1429
f 1122 1915 1429
f 1915 536 1002
f 1429 1915 231
f 231 1915 1176
f 1682 1783 1005
f 1574 1682 1395
f 1574 745 1682
f 745 1783 1682
f 745 1850 1783
f 1290 1850 745
f 923 745 1574
f 1851 745 923
f 1812 1851 923
f 1649 591 1347
f 120 572 1649
f 1783 1347 1964
f 1783 1649 1347
f 1874 120 1649
f 1850 1649 1783
f 1874 1649 1850
f 1290 1874 1850
f 1649 744 591
f 572 744 1649
f 1899 137 90
f 1899 810 137
f 1851 90 745
f 90 1290 745
f 1812 996 1851
f 996 90 1851
f 1357 996 1812
f 1357 1899 996
f 1899 90 996
f 558 1899 1357
f 124 1843 120
f 1843 1534 120
f 1764 124 1874
f 124 120 1874
f 810 124 137
f 1764 1874 1290
f 137 1764 90
f 137 124 1764
f 1764 1290 90
f 369 181 597
f 369 401 181
f 401 527 181
f 527 1067 1077
f 1067 527 401
f 962 279 1266
f 369 279 962
f 388 181 1899
f 181 810 1899
f 181 1077 810
f 1077 471 810
f 597 181 388
f 1266 388 1980
f 1266 279 388
f 279 597 388
f 1077 181 527
f 279 369 597
f 1980 388 558
f 388 1899 558
f 810 1546 124
f 1546 1843 124
f 471 1546 810
f 1738 1546 471
f 1738 511 1546
f 1077 843 471
f 843 1738 471
f 1067 843 1077

