# https://github.com/mikedh/trimesh
v -0.06982540 0.74980688 0.09987238
v -0.11278450 0.54704428 -0.04415453
v -0.10844410 0.52089000 -0.07232612
v -0.01407014 -0.90132064 -0.27254722
v 0.09950934 -0.91456491 0.24860355
v -0.18625055 0.22464815 0.20558751
v 0.18413052 -0.92320448 -0.18435109
v -0.15343244 0.36835429 -0.22339804
v 0.03511404 0.93636388 0.08335364
v 0.03513669 -0.93641073 -0.23236248
v 0.24382190 -0.92557484 0.08097354
v 0.08057298 0.56022012 0.08805320
v 0.00979429 0.63487047 0.12020752
v 0.13157329 -0.89689583 -0.24216734
v -0.08033491 0.58821934 0.08985402
v -0.07008001 -0.92613643 0.24641265
v -0.03184970 -0.91434431 -0.26599631
v 0.25538233 -0.92497283 0.03215164
v -0.01410009 -0.92075133 0.26330575
v -0.00972691 0.53321165 0.12357188
v 0.25266731 -0.92160046 0.07076515
v -0.10753078 0.92077023 -0.01287538
v -0.24359322 0.37590230 0.10981200
v -0.12530598 -0.92884845 -0.21856172
v 0.09753761 -0.92086393 -0.24438013
v -0.08600943 0.64130509 0.08447418
v -0.22895660 0.38452235 -0.12468180
v -0.03767702 0.93305725 -0.08806157
v 0.17758800 -0.06762479 0.21251728
v -0.10487607 -0.16855326 -0.25594911
v -0.12565210 0.48784688 -0.10492480
v 0.08312956 0.53022105 -0.09393955
v 0.12077218 0.64262706 0.00088183
v -0.11295764 0.90347916 0.02087798
v 0.16372851 0.38491824 0.20240945
v 0.00469612 -0.93001950 -0.24957067
v -0.12100657 0.69037664 0.00611508
v 0.07887080 0.64602411 -0.09197268
v -0.19728383 -0.93747884 -0.11427830
v -0.03408464 -0.88874149 -0.27341670
v 0.00301782 0.91550297 -0.11322826
v 0.23486164 -0.81088436 0.14714921
v -0.06178703 0.51711595 -0.11870012
v 0.23011543 -0.89256877 0.15149634
v -0.18705484 -0.66002065 -0.20496430
v -0.04605111 0.93808287 0.04990902
v -0.13517077 -0.85849375 0.24273686
v 0.21179648 -0.93727130 0.09742298
v -0.27677867 -0.88002688 0.00984127
v -0.16718888 -0.88096333 -0.21995440
v 0.27169982 0.35287288 0.03827572
v 0.21292122 -0.93600136 -0.10676881
v -0.24510299 -0.91680098 -0.10422485
v 0.02101688 0.71472567 -0.11949122
v 0.07812272 0.49068815 -0.14090326
v 0.04326830 -0.90664601 0.26705581
v -0.06392477 0.55655450 0.10089749
v 0.19502911 -0.93712527 0.12901105
v -0.02942972 0.51937085 0.12833470
v -0.18564498 0.23813468 -0.20611262
v -0.07735524 0.93015546 0.06349426
v 0.22684529 -0.92522603 -0.12294211
v 0.09042425 0.86718249 0.07345084
v -0.05960895 -0.91991740 -0.25704429
v -0.07501427 0.93247873 -0.06214600
v -0.11718570 -0.93702430 -0.20379318
v 0.06995737 0.92709571 0.07672223
v 0.20693728 0.00922233 0.18465748
v -0.11706571 -0.90636283 0.24535745
v 0.10953993 -0.92279947 -0.23667438
v -0.02307612 -0.92581058 -0.25523871
v 0.05206995 0.93213189 0.08310632
v -0.09285771 -0.88749546 -0.26015010
v 0.09975850 0.92088556 0.04261242
v 0.27607089 -0.23648328 0.02342291
v -0.13739847 -0.50990599 0.24159339
v -0.14363688 0.50647271 0.00683760
v -0.22144419 0.39318791 0.12576285
v 0.10855415 0.44828129 0.17279527
v -0.02664920 -0.32294595 0.27567881
v 0.09869083 -0.92708266 0.23397814
v 0.09622668 0.92831445 -0.03461576
v 0.08656871 0.92600965 0.05995860
v -0.19882940 -0.92555434 -0.16283286
v 0.06892522 -0.93460107 -0.23205276
v -0.08970903 0.26225859 0.26228595
v 0.02279387 0.93392438 0.09189060
v 0.18477686 -0.93648708 0.14791150
v 0.08578604 0.75367242 -0.08659112
v 0.10227016 0.57211041 -0.06237830
v 0.11791894 0.79843265 0.01974593
v 0.09054658 0.51328838 0.10211191
v 0.13238344 -0.87268198 -0.24407709
v 0.02318321 -0.93319821 -0.24174990
v -0.13693498 -0.67861360 0.24177173
v 0.11981464 -0.90396351 0.24525303
v 0.27240244 -0.89554322 0.02903342
v -0.03790279 0.93535244 0.08410632
v 0.24950074 -0.90366268 -0.10835426
v 0.14441518 0.01752021 0.23680553
v -0.26392037 -0.91257495 -0.05180878
v -0.09285888 0.85111618 0.07188999
v 0.15638386 -0.93689436 -0.17512037
v -0.14522234 -0.10580780 -0.23632166
v 0.11339015 -0.48504955 -0.25229168
v -0.07052109 0.55642682 -0.09669866
v -0.24014798 -0.93364835 0.03354811
v 0.09525616 0.80989093 -0.07246644
v 0.02902898 0.61509913 -0.11713015
v 0.06623172 0.77813250 0.10101017
v 0.06189849 -0.84316742 -0.27018383
v 0.06971632 0.53622186 0.10036808
v 0.01088093 0.41463244 0.23789921
v -0.02403321 0.57921624 -0.11791647
v 0.05171396 -0.93550378 -0.23337884
v -0.03889544 0.71152729 0.11544159
v -0.12186844 0.44122359 -0.17248484
v 0.03475722 0.90871060 0.10724286
v -0.16024366 -0.93818891 -0.12227123
v -0.10103990 0.41742608 -0.21174097
v 0.07312146 0.74809307 0.09765007
v 0.07346052 0.54738563 -0.09614602
v 0.14861676 0.46281058 -0.11732376
v -0.24036211 -0.90103430 -0.13270073
v -0.14601956 -0.90421319 -0.22978289
v -0.05059205 0.64600319 0.10985929
v -0.08564701 0.93071306 -0.05111157
v 0.10729778 0.51137257 0.08759962
v -0.05245010 0.75852162 -0.10981105
v 0.05235797 0.90928721 0.10049299
v 0.14143683 0.50637752 0.02534746
v 0.18157993 -0.92633891 0.18138924
v 0.11911087 0.53291196 0.03460328
v 0.22567798 -0.93624222 0.07802586
v 0.11423638 -0.03931105 0.25193781
v 0.25457492 -0.91085315 0.08793706
v -0.24626103 -0.93156445 0.01659603
v -0.26669604 0.04290048 -0.07728820
v -0.11184376 -0.93668675 0.20952755
v -0.08931756 0.54649466 0.08161894
v -0.08497955 0.83039689 0.08190573
v -0.03816689 0.87915736 0.10894497
v -0.10088334 0.92779738 0.00452572
v -0.13643073 -0.92064875 0.22553912
v 0.07003409 0.57951510 0.09755906
v -0.25999752 0.36184207 -0.08465843
v 0.21839924 -0.91898704 0.15043661
v -0.06724537 0.68347806 -0.10070936
v -0.11753773 0.55054677 -0.02469930
v 0.08973771 -0.41964036 0.26228914
v -0.17705236 -0.32161242 -0.21293175
v -0.17276254 -0.92442608 0.19277172
v -0.08903030 0.92209399 -0.06286280
v 0.22314057 -0.93803579 -0.01209294
v -0.09769414 0.45321003 0.17350063
v 0.01785574 -0.93807232 -0.21769154
v -0.24114797 -0.93278378 -0.03311792
v 0.09266593 0.93309861 0.02274037
v 0.23942645 -0.93162948 0.06059172
v 0.13911840 -0.89369708 0.23772079
v 0.07137925 0.93214393 -0.06715257
v 0.18014270 0.36868826 -0.20220079
v 0.03286463 0.53755093 -0.11826617
v 0.13811749 -0.91271240 0.23084831
v -0.11268452 0.85176361 0.03318983
v 0.10330956 0.92331213 0.02440899
v -0.05515229 0.92787927 0.08657819
v -0.13281362 -0.91669005 -0.23124442
v -0.10237737 0.54664081 0.06348973
v 0.22658275 -0.92405397 0.12676066
v -0.20546764 -0.39166653 -0.18641035
v 0.05177196 -0.73531920 0.27204281
v 0.14723721 -0.92679632 0.20763740
v -0.25765342 -0.92562246 0.00381989
v 0.23054689 -0.93497419 -0.07076211
v 0.08066838 -0.90832001 0.25884157
v 0.26513711 -0.30839407 0.08199898
v -0.01921417 0.92665368 -0.10156665
v -0.25548625 -0.90916044 -0.08790200
v -0.01518542 -0.93209589 0.24527544
v 0.15967244 -0.91500211 -0.21473153
v 0.26683012 -0.90430933 -0.05132157
v 0.15201081 -0.27193543 0.23150910
v 0.07810333 0.57026005 -0.09171417
v -0.22021373 -0.92145997 0.14274874
v 0.18884024 -0.89387381 0.20038925
v -0.05445611 0.22194968 0.27155933
v -0.20153286 -0.58940464 -0.19089766
v -0.06089637 -0.91337734 0.26251972
v 0.02312992 -0.83604592 0.27602038
v -0.26976636 0.33750299 -0.06292642
v 0.25026682 -0.27259365 0.11841413
v -0.08335437 0.69750983 0.08814826
v 0.10386732 0.84097898 -0.05393210
v 0.09159893 0.56040597 -0.07774471
v -0.25679862 -0.92415714 0.03194569
v 0.01236391 0.92684859 -0.10204663
v -0.27227625 -0.89267868 0.03761469
v 0.10801253 0.63969386 0.05373201
v 0.22271407 -0.93754333 0.04677540
v -0.07618704 0.92442453 0.07572204
v -0.16699325 -0.93711627 -0.16085957
v 0.06187100 0.93261045 -0.07543109
v -0.20560025 -0.93708515 0.10729577
v -0.25693405 -0.91145784 0.07955373
v 0.10944356 0.88152444 -0.03626885
v 0.15822758 0.34753036 -0.22590894
v -0.00265195 -0.92851329 0.25259045
v -0.14725687 -0.90952587 0.22715229
v 0.20303108 -0.88968420 0.18753943
v -0.11340164 0.56574273 -0.04196706
v 0.11182881 -0.63650125 0.25295579
v 0.10860088 -0.90565711 -0.24872498
v 0.02047474 -0.52791935 0.27631909
v -0.06714699 0.61051393 0.10006146
v 0.04808006 0.86100858 -0.10568205
v 0.21785374 0.41387725 0.09563128
v 0.11410522 0.82821649 -0.03207718
v 0.21244673 -0.61448824 -0.17775603
v -0.22041012 -0.93631512 0.08800673
v -0.08003182 -0.91233832 -0.25609702
v 0.08187818 0.91864425 -0.07561263
v 0.01010198 -0.91619879 0.26698971
v 0.10010101 0.92799896 -0.01368195
v -0.11559166 -0.92531806 -0.23003444
v 0.19794813 -0.91597992 0.18010680
v -0.19153641 -0.90640575 0.19283654
v -0.21115969 0.25236383 -0.17931631
v -0.24642615 -0.91487843 0.10425397
v -0.23364201 -0.91943723 -0.12373281
v 0.23385388 -0.89286983 -0.14531487
v -0.09997778 0.61796522 -0.06707682
v 0.03174932 -0.91863722 0.26368761
v 0.08020702 0.52466875 0.10051285
v -0.02369254 0.93653286 0.08617259
v -0.10937522 0.56207180 0.04946015
v 0.09036642 -0.71126240 0.26205754
v 0.19104530 -0.91115880 -0.19088016
v -0.20405170 -0.91865051 0.17047696
v 0.05137524 0.91711152 -0.09921941
v 0.25991246 -0.91592979 -0.06142445
v -0.10408521 0.87895727 -0.04938241
v 0.14836197 0.50216591 0.00022370
v -0.08372357 0.90895009 0.07661802
v -0.09814452 0.52986938 0.07879327
v 0.25670242 -0.90502149 -0.08898253
v -0.10370446 0.91321445 0.04125996
v -0.02202999 0.82550764 0.11616725
v 0.17187484 -0.93682623 0.16292776
v -0.24030073 -0.93191761 0.05188200
v -0.23755427 -0.93155980 -0.06955824
v -0.06487562 -0.14451335 -0.26952931
v 0.13614835 -0.93358648 -0.20191236
v -0.11404135 0.60087234 0.04060392
v -0.25206792 0.38918978 0.05287340
v -0.07750835 0.92277420 -0.07602920
v -0.24428841 -0.92453837 0.08520052
v -0.10396824 -0.91437018 0.24645832
v -0.22453281 0.42809364 -0.00583747
v 0.04332704 0.54901123 0.11301475
v -0.08038004 0.54708207 -0.08840069
v -0.04581148 0.90273660 -0.10402014
v 0.25911871 0.33196789 0.09737220
v 0.05516931 0.36258414 -0.26693913
v 0.04179667 0.77796394 0.11399609
v 0.10074935 0.77447110 0.06710437
v -0.21620883 -0.93042493 -0.12461095
v 0.20618086 -0.89271998 -0.18303311
v 0.26226971 -0.92075896 -0.02246770
v 0.00733739 0.92095995 0.10872909
v -0.11663621 0.55146968 0.02936374
v 0.14592162 -0.49741760 -0.23581040
v 0.09851687 0.83439493 0.06478384
v 0.11443461 -0.53457314 -0.25181910
v -0.18675309 -0.10263000 -0.20513695
v -0.08548392 0.60962558 0.08460113
v 0.11913504 0.53419799 -0.03313722
v -0.15958837 0.46279234 -0.10178202
v -0.07736001 0.93667728 -0.04178600
v -0.16733345 0.43159077 -0.14364384
v -0.27604711 -0.84353751 0.02302557
v -0.03945279 -0.90541923 0.26801518
v 0.06139084 0.54738826 -0.10361170
v 0.13288233 0.51776785 0.00468676
v 0.04511740 0.39013597 0.25255391
v -0.26549453 -0.91812068 0.01559588
v 0.26764888 -0.54822516 -0.07404143
v 0.15529810 -0.89639515 -0.22643052
v -0.06648269 0.53547519 -0.10306248
v 0.24330691 -0.31835696 -0.13421272
v 0.04696040 -0.92006081 -0.25943336
v -0.04035743 0.72462010 -0.11518503
v 0.02328897 0.93439215 -0.09117159
v 0.17588493 -0.91117889 -0.20379066
v 0.07901278 0.05106654 0.26603049
v -0.12350930 -0.89341754 -0.24651054
v 0.10035279 0.68149698 -0.06786777
v 0.12943977 0.51351845 0.04251909
v 0.11051723 0.51881951 0.07160781
v 0.20972341 -0.93603909 0.11580209
v -0.18193598 -0.92314112 -0.18731864
v -0.27687180 -0.22211091 -0.01639025
v -0.20713730 -0.90893704 -0.17371328
v -0.03296999 -0.93264776 -0.24143997
v 0.09723427 0.51527447 -0.09335611
v 0.09460805 0.62442625 0.07514609
v 0.12342891 0.53449088 0.00712938
v -0.15557499 -0.92241025 0.20996168
v 0.00507029 0.80543256 -0.11935452
v -0.09607197 0.66460603 -0.07403608
v -0.07660689 0.52123392 -0.10509079
v 0.17487103 -0.89215475 -0.21258450
v 0.05144357 -0.93649548 0.23105413
v 0.25553223 -0.92257333 0.05123546
v 0.10538482 0.52640581 -0.07092507
v 0.24323116 -0.92227256 0.09511779
v -0.11059961 0.70584428 0.05046329
v 0.20771927 -0.90587252 0.17438222
v -0.08855897 -0.91138852 0.25407484
v -0.23229142 -0.90871137 0.13880378
v -0.04958880 0.93701661 -0.07075636
v 0.08280860 0.54778349 -0.08760767
v -0.18539831 -0.93101221 -0.16366431
v -0.19112866 -0.90956295 -0.19175436
v 0.23657246 -0.91252118 0.12709773
v 0.11612575 0.86024815 0.00888526
v 0.24609286 -0.91991228 -0.09521504
v 0.08886664 0.59193945 -0.08147538
v -0.06024909 0.72797501 0.10527819
v -0.08716594 0.59037793 -0.08232106
v 0.03794105 0.92714971 0.09635606
v -0.08778090 -0.92382377 0.24422045
v 0.18407935 -0.70692450 0.20742753
v 0.05066884 0.93163699 -0.08528439
v -0.02970047 0.85218436 -0.11338715
v -0.11872243 -0.20928168 0.25010917
v -0.24228644 -0.92495120 -0.08838741
v -0.06372357 0.93370771 -0.07186055
v -0.06314224 -0.62096691 0.26997185
v -0.12458044 0.51913327 0.04441037
v 0.17881703 -0.09309775 -0.21169056
v 0.11954644 -0.92088383 0.23377232
v 0.24233896 -0.44031027 0.13607931
v 0.02649779 -0.24158613 0.27565464
v 0.11460242 0.89088130 -0.00647764
v -0.01079200 0.50811309 0.14168380
v -0.20495996 -0.93192422 0.13643102
v 0.04008888 0.44058990 0.20729496
v -0.26034153 0.34872159 0.09075158
v 0.02339525 -0.92581964 -0.25521415
v 0.08583415 0.58097321 0.08332964
v -0.04237482 0.68810534 -0.11414579
v -0.27755839 0.28775951 0.00545851
v 0.11853004 0.47420314 0.13256080
v 0.03914145 0.63939434 0.11490231
v 0.13998581 -0.65082133 -0.23997320
v -0.11371315 0.52563852 -0.05867697
v 0.24112983 -0.93336606 0.02382597
v 0.01638502 0.49845117 0.15150300
v -0.26633933 0.36288333 0.05923564
v 0.26351056 -0.51578915 0.08647651
v -0.10273466 -0.92216140 -0.24025846
v -0.11420239 0.71228826 -0.04332168
v 0.18650466 -0.93741411 -0.13042971
v 0.02406834 0.92295390 0.10399245
v -0.24560285 0.37399632 -0.10773443
v 0.11760167 0.55037373 0.02443725
v 0.13617718 -0.57685614 -0.24223930
v -0.09360489 0.90012282 -0.06621239
v -0.24698955 0.18216802 0.12644659
v 0.06487608 0.92158896 0.08696231
v 0.23364504 -0.92444271 0.11050493
v -0.07407224 0.80358762 -0.09432553
v 0.20348501 0.34269828 -0.18843339
v -0.09468518 0.80550629 0.07371623
v 0.22016135 -0.87911046 -0.16713668
v -0.05126371 -0.88353819 0.27159259
v -0.26610121 -0.91251737 0.03625798
v 0.12138408 0.40033367 -0.21810600
v 0.11262212 0.90420473 0.02159381
v 0.07203858 0.32345077 0.26789510
v 0.06394070 0.85656118 0.09776557
v 0.27699429 -0.88093424 -0.00260319
v 0.15443163 -0.92808324 -0.20067906
v 0.04439967 0.54880607 -0.11233196
v -0.19150291 -0.93668145 0.13845772
v 0.11764827 0.65042645 -0.02749442
v 0.01900089 0.52870429 0.12433176
v -0.17515713 -0.93686503 0.15659042
v 0.02417118 -0.91476971 -0.26658797
v -0.01683812 -0.88190609 0.27612698
v 0.02036428 0.37753361 0.26437333
v -0.22938947 -0.92780054 -0.10592982
v 0.24008091 -0.91334188 -0.11860672
v 0.23874488 -0.92281121 -0.10412928
v 0.15440024 0.49437761 -0.02677616
v 0.11258170 0.56922305 0.04350663
v -0.03896592 0.50155842 0.14343531
v -0.23626313 -0.91891456 0.11856076
v 0.12004576 0.60528928 0.00884777
v -0.04931797 0.57847363 -0.10981886
v -0.09316704 0.51595253 0.09685117
v 0.25127220 -0.82318163 0.11586836
v 0.24861084 -0.93057096 -0.00519544
v 0.01519523 0.90648812 0.11349854
v 0.13789409 -0.26661733 -0.24121308
v -0.13886350 -0.34440795 -0.24051514
v 0.07337576 0.93798703 0.00229292
v -0.07849189 0.54751658 0.09211451
v -0.23695648 -0.92564756 0.09771059
v 0.06322493 0.55720323 0.10105308
v -0.10110600 0.53700358 -0.06845094
v 0.10432389 0.90441459 0.04470948
v -0.09158083 0.54758102 -0.07666594
v -0.00278087 0.86226231 -0.11638708
v -0.05153207 -0.93188643 -0.24049304
v -0.03819710 0.52027869 -0.12549379
v 0.24447837 0.25494397 -0.13179699
v -0.24190544 -0.25301158 0.13692908
v 0.08674775 0.69283283 0.08468043
v 0.00284276 -0.41857395 0.27755171
v -0.07544942 0.77884692 -0.09505907
v -0.10774614 0.79467320 0.05245459
v -0.04045950 0.55578828 0.11367790
v -0.13729720 0.49383461 0.07734118
v 0.13805635 -0.72620362 -0.24118631
v -0.18986893 -0.83289135 0.20247483
v 0.08463994 -0.87678742 -0.26388058
v -0.14273365 0.21967582 0.23802517
v 0.08846395 0.70214289 -0.08325136
v 0.27613375 -0.70683944 -0.02287375
v 0.20693728 0.11221527 0.18465748
v -0.13794002 -0.92995602 -0.20772912
v 0.18751957 -0.82648140 0.20447899
v 0.08601824 0.93579435 -0.03259614
v 0.00782380 0.84384519 0.11715780
v 0.07912144 -0.92556125 0.24485616
v 0.27164683 -0.35524985 0.05528163
v -0.23888691 0.31073114 0.14170434
v -0.00798731 0.55229974 -0.11965427
v -0.12675820 0.51009566 0.06009522
v 0.26513290 -0.80416733 -0.08153118
v 0.23906322 -0.89679044 0.13630728
v 0.24524061 -0.89944357 0.12325174
v 0.19199274 -0.92867625 -0.16396441
v 0.10988350 0.54729968 0.04981188
v 0.09660548 0.65437937 -0.07335979
v 0.11913566 0.54919940 -0.01633692
v -0.24488650 -0.58955741 0.13100570
v -0.18546923 -0.55250627 0.20624997
v -0.13769373 -0.92791677 0.21254504
v 0.05426777 0.83205944 -0.10410163
v -0.13165978 -0.88818210 0.24373822
v -0.09951018 0.91649526 -0.05038061
v 0.07988565 0.89925504 -0.08178129
v -0.25023258 0.38588849 -0.07155861
v 0.11857961 0.81684005 -0.00533626
v 0.00427952 0.93682021 -0.08752353
v -0.25562856 -0.92252582 -0.05108871
v -0.10752106 0.58683169 0.05361097
v -0.03213925 -0.91964197 0.26242617
v 0.05765005 0.53741342 0.10670619
v 0.00465110 -0.92107308 -0.26340538
v -0.11211149 0.53683668 0.05016171
v -0.11827369 -0.92702901 0.22570978
v -0.06261753 0.92308760 0.08836647
v -0.25356779 0.34571812 -0.10843933
v 0.25389132 -0.89404702 0.10475989
v 0.06742593 0.67883086 0.10044543
v -0.00060075 0.13275914 0.27760234
v -0.26147419 -0.92217565 -0.01404307
v 0.11090208 0.90031171 -0.02817942
v 0.09351455 0.91393787 0.06313334
v 0.26656604 0.28892210 -0.07753389
v -0.18705949 -0.29876933 0.20487873
v 0.27770245 -0.00795918 -0.00654503
v 0.20121600 -0.93600589 -0.12872061
v -0.03614635 0.67999768 0.11588293
v -0.03303999 -0.92852402 0.24942422
v 0.07200278 0.61322039 0.09676845
v 0.03810050 0.85140502 0.11098335
v 0.24229620 -0.92843974 -0.07000248
v 0.01504954 -0.82859164 -0.27680510
v -0.12042028 0.64935279 -0.00880322
v -0.05617991 0.67450297 0.10699133
v -0.27594066 -0.87941271 -0.02101763
v -0.26096866 0.30385268 -0.09293139
v -0.18426071 -0.08329175 0.20726407
v 0.26270026 -0.90850770 0.06926780
v -0.15115920 -0.93642092 -0.18238600
v 0.04676223 0.75915998 -0.11253367
v 0.10059108 0.57099730 0.06480384
v 0.24177247 -0.74437648 0.13712712
v 0.06933023 0.93722051 -0.05202333
v -0.14060061 0.50370383 0.04051656
v -0.10374247 0.36984646 0.24920447
v -0.01901507 0.90797460 -0.11271443
v 0.18523520 -0.61401594 0.20643112
v -0.15725552 0.39403489 0.19935122
v 0.05448807 -0.63123727 0.27164373
v 0.20235011 -0.39427519 -0.18997595
v -0.11000190 0.49855363 0.10485063
v -0.11747491 0.67915821 0.02941173
v -0.03725194 0.55651253 -0.11448060
v 0.00976510 0.93812490 0.06785830
v -0.21835916 -0.93783379 0.05571376
v -0.07270401 0.65630084 -0.09685975
v 0.22821203 -0.91117418 0.14329177
v -0.24801880 -0.92537439 0.06950101
v 0.11852563 -0.80812353 0.25017560
v 0.00002227 0.62917447 -0.12063401
v -0.07564915 0.36971608 0.25991583
v -0.16097701 -0.90620470 -0.21813735
v -0.11123422 -0.93818277 -0.17754325
v -0.01217568 -0.93027312 -0.24835096
v -0.11421051 0.89674145 -0.00929498
v -0.23270757 -0.07937797 -0.15031594
v 0.08991193 -0.93733543 0.21327820
v -0.22056690 0.34523457 -0.16589934
v -0.25402308 0.37434581 0.08487804
v 0.10484947 0.74894816 -0.06137720
v 0.08112218 0.81837589 0.08665826
v -0.11496709 0.76785314 -0.04023539
v -0.20871504 -0.89147592 0.18019311
v -0.12766697 0.32176054 -0.24650341
v -0.06637876 0.79336989 0.09990533
v 0.09403354 0.92547989 -0.04976096
v -0.07141154 0.51993048 0.10998482
v 0.20375928 -0.24907212 -0.18850224
v 0.06428257 0.80530131 0.10036818
v -0.07080787 -0.93607461 -0.22884333
v -0.01285260 -0.91981983 -0.26414919
v 0.05753571 0.64453143 -0.10590135
v 0.03797261 0.93233603 -0.08906439
v 0.23076472 -0.91266668 -0.13790321
v 0.04603422 0.50306022 -0.13960427
v 0.04448735 0.52887094 0.11790451
v -0.15343337 0.34054717 -0.23011139
v 0.06684368 0.68141210 -0.10095396
v 0.14583907 0.44618374 0.14563693
v 0.07678716 0.71795189 0.09459864
v 0.18582568 -0.91348934 0.19454423
v 0.07940915 -0.92024392 -0.25129589
v 0.08004303 0.91540593 0.07831961
v -0.07337625 0.93797934 -0.01178765
v -0.08741706 0.92128819 0.06437882
v -0.04858002 0.84062278 0.10660785
v -0.08760962 0.11824893 0.26307088
v -0.00915598 0.40760353 -0.24411766
v 0.10487638 0.37661576 -0.24504431
v 0.04214217 0.52002525 -0.12465139
v 0.00982829 0.78647804 0.11974753
v 0.00845736 0.51589310 0.13443001
v 0.07933967 0.79378837 -0.09069302
v 0.24757223 -0.93043655 -0.02355416
v 0.26461455 0.35813284 0.07443218
v -0.13509966 -0.03242349 -0.24282460
v -0.27654445 -0.10335939 -0.01900786
v -0.18861908 -0.81629390 -0.20351203
v -0.00861146 0.66604733 0.12056296
v 0.08101841 0.93520200 0.04657838
v -0.22825815 -0.90920722 -0.14597778
v 0.21832110 -0.92580056 -0.13520294
v 0.16294040 -0.82272816 -0.22355938
v 0.03233792 0.92149448 -0.10216931
v -0.05149139 0.79065424 -0.10849456
v -0.17703207 -0.93168902 -0.17373091
v -0.05308878 -0.71992594 0.27178061
v 0.09446836 0.53918296 -0.07807048
v -0.08710576 -0.47284999 0.26334918
v 0.05113567 0.51099324 0.12910050
v -0.11442906 0.58935964 -0.03979345
v 0.21085459 -0.93810588 -0.06470171
v 0.11789031 -0.93421060 -0.21227536
v -0.06162918 0.93314844 0.07495770
v -0.20915709 -0.92341048 0.15482625
v 0.13450839 0.08326008 -0.24308947
v -0.09607133 0.89271092 0.06305545
v -0.20198059 -0.02047623 -0.19037773
v 0.25877416 -0.86929405 0.09803177
v -0.15728925 -0.92584884 -0.20219116
v 0.05461481 0.93699813 0.07137225
v 0.08645921 0.73083568 -0.08561894
v 0.07842375 -0.83299953 0.26622194
v -0.11472256 0.65063822 -0.04000460
v 0.06770944 0.49729621 0.13773431
v 0.12148242 0.70437080 -0.00148202
v 0.26820484 -0.90777141 -0.03260579
v 0.12756133 -0.92589796 -0.22329892
v -0.06816901 0.53757852 0.10181718
v -0.09516533 -0.80403119 0.26003188
v -0.13646291 0.50945914 -0.03330500
v -0.15440334 -0.51137167 -0.22977392
v 0.11283677 0.82384837 0.03794504
v -0.25946108 -0.86714566 0.09645056
v 0.00672074 -0.90101528 -0.27296990
v -0.00977609 0.72091168 0.12093519
v -0.03944120 0.38383919 -0.25798011
v 0.23128299 -0.93624163 -0.05195016
v 0.11036530 0.91600883 0.01326548
v -0.06538744 0.82372481 -0.09880091
v 0.08448602 0.63832760 0.08584518
v 0.10930035 0.85344309 0.04175258
v 0.10594134 0.54537237 -0.05679558
v 0.07893833 -0.92752421 -0.24086712
v -0.10210732 0.92161041 -0.03239278
v 0.04017816 0.80047476 0.11344199
v -0.17290770 -0.34803778 0.21611591
v -0.05359609 0.53492361 0.11082715
v -0.16880135 0.38342294 -0.19962096
v 0.08504307 -0.93818152 -0.19563645
v -0.06890119 -0.89993829 -0.26561144
v 0.08878725 0.84268278 -0.07716587
v 0.08796137 -0.93220055 -0.22962078
v -0.10209093 0.86655682 0.05487927
v 0.00473975 0.93677944 0.08758375
v 0.01050419 -0.93681246 0.23294649
v -0.09804951 -0.85680032 0.25888187
v -0.08578500 0.64244586 -0.08476888
v -0.27767068 0.13206275 0.00613096
v 0.20957701 -0.93533117 -0.11926415
v -0.06961703 0.71084028 -0.09971593
v 0.27514446 -0.76012021 0.03068759
v 0.04213855 -0.92996550 -0.24502145
v -0.10090269 0.55937737 -0.06340121
v -0.27724928 0.33450454 0.00614354
v 0.27046880 -0.89034033 0.05320936
v 0.10770969 0.59925067 -0.05383332
v -0.18997557 0.43784449 -0.09965625
v 0.05235553 0.53144228 -0.11313817
v 0.05380521 0.70276046 0.10870830
v 0.24382760 -0.87109381 0.13296294
v 0.22945641 -0.92952996 0.09794705
v 0.00452650 0.93028700 0.09744475
v -0.09026808 0.86652017 -0.07357559
v 0.12874617 -0.83771557 -0.24595016
v 0.24811192 0.34002274 -0.12358281
v -0.09532498 0.55803394 0.07338374
v -0.03253302 0.91403717 0.10572829
v -0.23404269 0.36368296 -0.13996042
v -0.19330837 0.45853919 -0.01642421
v 0.01793655 0.54867786 0.11912740
v 0.11755774 0.64346361 0.02786776
v 0.09528753 0.89955384 -0.06377341
v 0.04818219 0.88990372 -0.10388296
v -0.11231773 0.91585320 0.00679752
v -0.17996353 -0.68759388 0.21068399
v -0.08261683 -0.00402443 0.26489532
v -0.08139483 0.14234087 -0.26532316
v -0.08053111 0.56582052 0.08925885
v 0.11545429 0.72524983 -0.03923025
v 0.06161387 -0.91510946 -0.26104152
v 0.19263086 -0.12152441 0.20002997
v 0.13620169 0.26627877 0.24220876
v -0.16212814 -0.90505302 0.21745844
v 0.18359119 -0.86820865 0.20784295
v 0.03112522 0.82999814 -0.11410061
v 0.03151854 0.37846094 -0.26297170
v 0.14746161 0.46946189 0.10754813
v -0.04636002 0.93733847 0.06871708
v -0.21447662 -0.41646254 0.17504902
v -0.20542996 -0.93188918 -0.13555950
v 0.12496139 -0.93694365 0.19872528
v 0.06612401 0.90033281 -0.09359828
v 0.07207136 0.87413764 0.09113232
v 0.01400666 -0.92825943 0.25237140
v 0.13555272 -0.15457880 -0.24258459
v 0.04654392 0.72380275 -0.11262344
v 0.20566279 -0.03869924 0.18618466
v 0.17957897 0.23405400 0.21099937
v -0.11359599 -0.21826327 -0.25222763
v -0.01195462 0.91383886 0.11214347
v -0.26442543 0.24612114 -0.08425463
v 0.18115103 0.39450952 0.17739896
v 0.16459346 -0.93038726 -0.18751468
v 0.01670020 0.55098408 -0.11889879
v -0.19284444 0.37086526 0.18937875
v -0.17209396 -0.92199576 -0.19714981
v -0.08571096 0.73020113 -0.08620401
v -0.27650470 0.02793234 -0.01961461
v -0.11705396 0.84730816 -0.00499901
v 0.08189384 0.93247700 -0.05333770
v -0.09026968 -0.41491008 0.26195580
v 0.20545855 -0.75011939 0.18640099
v -0.21404012 -0.93646276 -0.10233652
v 0.04763619 0.87956983 0.10482658
v -0.19161035 0.18174022 0.20109548
v 0.13625252 0.05780441 0.24221472
v -0.01093843 0.86332619 0.11583365
v 0.00977765 0.81474531 0.11831360
v 0.24955483 0.36912626 0.10354097
v 0.27215111 -0.90244788 -0.01214536
v 0.20858154 -0.76728737 -0.18263653
v -0.07876005 -0.03291830 -0.26626441
v 0.26202506 0.37611091 0.05193907
v 0.11152937 0.79080921 0.04563281
v -0.11831013 0.78643209 0.02192767
v 0.08395046 0.36010990 -0.26113716
v -0.06326665 0.87138569 0.09725908
v -0.18541034 -0.16606447 0.20627961
v 0.19163227 -0.92798108 0.16456658
v -0.20371090 -0.26686451 -0.18845993
v -0.14277546 -0.18714102 -0.23800586
v 0.04908677 0.59404409 0.11020368
v 0.24367043 -0.93094313 -0.04149231
v -0.11993822 0.52752864 -0.04105110
v 0.18047936 -0.40381610 0.21030094
v 0.13203931 -0.16589078 0.24435504
v -0.11403491 -0.29658875 0.25200507
v 0.27753127 0.31727791 0.00661192
v 0.16305307 -0.93818533 -0.13444637
v 0.10036939 -0.93678749 -0.21262424
v 0.11965432 0.72927153 0.02112227
v 0.06779253 0.52838176 -0.10599834
v -0.17955124 0.35816807 -0.20714585
v -0.02090526 -0.14938113 0.27634084
v -0.11622361 -0.59538448 0.25116062
v -0.09871440 0.64179271 0.06988495
v -0.09719522 0.92581356 0.04053758
v 0.01868751 0.52630281 -0.12562107
v 0.03016036 0.93794787 -0.06933549
v 0.05386652 0.72785014 0.10909389
v 0.06103456 0.51338649 -0.12274425
v -0.12966375 0.38441867 0.22653720
v -0.24085405 0.34051672 -0.13772286
v 0.04977229 0.57224786 0.10945231
v -0.26428512 -0.90758836 0.06250713
v 0.09426769 0.52442145 0.08656364
v -0.24182338 -0.77246517 -0.13703506
v 0.11407582 -0.23562375 -0.25220078
v 0.14143549 0.34208408 0.23825526
v -0.17838128 0.34362316 0.21157271
v -0.26592386 -0.75312787 -0.07965362
v -0.07986744 0.67586714 0.09136618
v -0.16542758 -0.72839475 -0.22170027
v 0.15224241 -0.02732841 -0.23135208
v 0.02851430 -0.88039148 -0.27491564
v 0.11774308 0.58161032 0.02492365
v 0.26981878 -0.90932971 0.01101464
v -0.18429007 0.16004330 -0.20725876
v -0.18490708 -0.20828220 -0.20670287
v -0.27527472 -0.27502736 0.02918273
v 0.24434274 -0.89437723 -0.12835026
v -0.22516337 0.40974677 -0.08735064
v -0.23734856 -0.93561774 0.00073068
v -0.13153429 0.51679200 0.02341950
v -0.08821595 0.17334500 0.26282012
v 0.07921649 -0.56342804 -0.26601025
v -0.18716466 -0.93760121 -0.12752163
v 0.08491773 -0.09364988 -0.26407751
v 0.09032504 0.93043351 0.04160071
v -0.08703961 -0.92414635 -0.24383223
v 0.12926516 0.39315981 0.21968901
v 0.02650641 0.64743859 -0.11810233
v 0.18528745 -0.79145813 0.20639609
v -0.02736154 0.00152614 -0.27559227
v -0.16563012 0.48095450 0.04144210
v 0.17349343 0.02810553 -0.21565938
v 0.12456235 -0.93817484 -0.17396486
v -0.19374210 -0.92127723 -0.17751223
v 0.00711015 -0.28798670 -0.27762592
v -0.01429934 0.93674976 -0.08714996
v -0.07543104 0.93665469 0.04981276
v -0.16556771 -0.12857828 0.22161576
v -0.04930742 0.84170902 -0.10613570
v -0.03995905 0.79563653 0.11368064
v -0.24180111 -0.04674039 0.13702400
v -0.21147321 0.36765537 0.16896218
v -0.00035232 0.93812746 -0.06776743
v -0.08739502 0.92932761 0.05136487
v 0.12843421 -0.00916583 -0.24605244
v 0.15447725 0.27715424 -0.22973892
v 0.07204718 0.84366888 -0.09323134
v 0.13596767 -0.11326057 -0.24235153
v -0.16750489 0.48477867 0.00445945
v 0.20181106 -0.93001097 0.14582153
v -0.08413094 0.39716524 0.23725446
v -0.05094822 0.23820847 -0.27222136
v -0.11945511 0.78883499 -0.01268279
v 0.19076897 -0.85438973 -0.20165282
v -0.08417652 0.75775295 -0.08801708
v -0.14238769 0.47266316 0.10900579
v 0.00719012 0.28373900 -0.27748385
v 0.05614886 0.61792004 -0.10639025
v -0.06456251 0.07241628 -0.26959136
v 0.23138672 0.35641694 0.14823443
v 0.27756041 -0.46007907 -0.00794585
v 0.26605260 0.35537970 -0.07152858
v -0.16088083 0.48765123 -0.03178707
v -0.09890350 0.85084194 -0.06233786
v 0.23678102 -0.81275713 -0.14460567
v 0.02071639 0.72670424 0.11972649
v 0.21879861 -0.90397143 -0.16116962
v -0.22492725 0.42424548 0.03538921
v 0.25874186 -0.92415869 0.01877398
v 0.00442034 -0.01180423 0.27747643
v 0.04881240 0.15020338 -0.27250567
v -0.13297991 -0.34034824 0.24386710
v 0.04647873 0.66544747 -0.11213209
v -0.03301785 0.92163002 -0.10237791
v -0.08298931 0.93659931 0.03479602
v -0.04859751 0.93509489 0.08091812
v 0.21866807 -0.91746289 -0.14957665
v -0.18431677 0.04908161 -0.20721152
v 0.12411439 0.51187581 0.06127951
v -0.06378502 0.50284916 0.13304694
v 0.03436386 0.93794996 0.06647551
v 0.06516519 0.64602655 0.10137282
v 0.25805902 -0.87987822 -0.09930053
v -0.14894485 -0.89239967 0.23178449
v -0.04217942 -0.92261910 -0.25717726
v 0.24226764 -0.73045218 -0.13615629
v -0.09789671 0.70732510 0.07217643
v 0.13907902 -0.72969127 0.24041492
v 0.06076478 -0.92683178 -0.24741527
v 0.15329833 0.48686025 -0.06010970
v 0.26641816 -0.06912732 -0.07796060
v -0.13628478 0.51329190 -0.01313507
v -0.06293448 0.93728584 -0.05343793
v -0.21462351 0.16992810 -0.17497137
v -0.19664358 -0.93195021 -0.14789619
v -0.17867060 -0.74260235 0.21166529
v 0.24326418 -0.77489132 -0.13426204
v 0.26134697 0.33304644 -0.09201752
v 0.03311211 -0.93748510 0.23006631
v -0.05119481 -0.90721774 -0.26569581
v 0.11517015 0.61246973 0.03734764
v -0.24833243 -0.93027806 -0.01449017
v -0.09621390 0.67412323 0.07420510
v -0.12326489 0.50697303 -0.07209677
v -0.02816437 0.93378884 -0.09066606
v 0.10079993 0.66355699 0.06671741
v -0.00514039 0.60116667 -0.12041266
v -0.01561707 0.66117203 -0.11991440
v -0.13838464 0.25681472 0.24086665
v -0.08447156 0.53157908 -0.09132572
v 0.25817543 -0.92205083 -0.04214763
v -0.01069970 -0.11829296 -0.27729306
v -0.07062215 -0.24502411 -0.26844490
v -0.03025301 -0.93680376 0.23180141
v -0.08890484 0.78187841 0.08193367
v 0.21799372 -0.90384144 0.16189739
v -0.00836403 0.52417564 -0.12755798
v 0.18451279 -0.44831717 0.20703773
v 0.07532934 -0.93731201 -0.21636921
v -0.08059108 -0.39931312 -0.26560771
v -0.18086290 0.32067049 -0.21005052
v 0.13378733 0.51501524 -0.02037024
v -0.06392976 0.93809843 -0.03219817
v 0.18534060 -0.63558877 -0.20635526
v 0.08942451 0.89496183 0.07220244
v 0.26517883 0.27425712 0.08174196
v 0.04428888 -0.70340627 -0.27325085
v 0.04014758 -0.90359229 -0.26836699
v -0.02078510 -0.80518836 0.27620041
v 0.16001448 -0.93560171 0.17882361
v -0.01466788 0.48075184 -0.17100705
v 0.02488605 -0.46760198 -0.27583066
v 0.13249673 -0.41740453 -0.24412811
v -0.18512258 0.27509260 -0.20654173
v -0.20120986 0.34545961 -0.19028801
v -0.24073084 -0.63234311 0.13891062
v -0.22235502 -0.93128425 0.10777979
v -0.08993743 0.93351853 -0.03278139
v -0.10845598 0.76795536 0.05446010
v 0.27397138 0.35123190 -0.02313837
v -0.26399595 0.37774342 -0.02330224
v -0.19289748 -0.93135566 0.15523513
v 0.19967194 -0.01612262 -0.19334112
v -0.00520391 0.69283521 0.12125463
v 0.27339599 -0.88006735 -0.04039865
v -0.12845680 0.51122147 -0.05179457
v 0.15187243 -0.86821705 0.23151121
v 0.06269764 -0.93816179 0.20215103
v 0.10474436 0.34510666 -0.25519869
v 0.09745035 0.72085345 0.07312651
v -0.11210755 0.51132804 0.08127677
v -0.20674978 -0.67290241 0.18489867
v -0.20374462 0.08181495 -0.18848962
v 0.02157471 0.87683934 0.11419284
v -0.09196640 0.74054557 0.08013707
v 0.02480044 -0.31057855 0.27584764
v -0.27771401 -0.53315967 -0.00534422
v 0.09584200 0.62481344 -0.07400104
v 0.23688297 -0.24874178 0.14462326
v -0.11461638 0.61791134 -0.03984363
v -0.27645904 -0.79250365 0.01952196
v 0.10220290 -0.89033562 0.25574282
v -0.11405323 0.41680294 0.20619951
v -0.17204624 0.19925547 -0.21677350
v 0.01381703 -0.74205202 -0.27702355
v 0.09096008 -0.90637654 -0.25539342
v -0.11880301 0.67971677 -0.02341702
v 0.11410425 0.88166523 0.02099081
v 0.13346970 0.37316748 -0.23246314
v -0.20629036 0.38774475 0.15551645
v -0.14243221 -0.82635075 0.23847133
v 0.23253253 0.39184752 -0.10590199
v 0.17295009 -0.16633372 0.21607219
v -0.12307769 0.53594339 -0.00561450
v -0.02592690 0.45778194 0.19279216
v -0.26639745 -0.63126719 -0.07790291
v -0.05191676 0.81488377 0.10654554
v 0.20141234 -0.34587041 -0.19094625
v -0.24450281 -0.90725398 -0.11832415
v 0.11776088 0.76323974 0.02936645
v 0.01451274 0.67879164 -0.12017123
v 0.20437245 -0.47832745 0.18774371
v -0.11899357 0.61470902 0.01905196
v 0.21835400 0.33847678 0.16961955
v 0.18092641 -0.68819851 -0.20994097
v -0.07061328 -0.93627447 0.22837718
v -0.27645284 -0.27910584 -0.01952613
v -0.17991114 -0.55845100 -0.21072838
v 0.03398864 0.32184446 0.27457958
v -0.07268009 0.85105932 -0.09229710
v 0.18380880 0.14028323 0.20764340
v 0.09698846 0.21765037 -0.25928664
v -0.20817418 -0.75927240 0.18313974
v -0.20696968 -0.17779526 -0.18461835
v 0.23844922 -0.93520194 0.00623619
v 0.16926970 -0.92461395 0.19481999
v 0.27694985 -0.13192922 0.01422903
v 0.00367381 0.17152548 -0.27749425
v 0.27399880 -0.80339557 -0.03819337
v -0.05068431 0.93140876 -0.08504004
v -0.20394006 -0.06764264 -0.18813495
v 0.08901469 -0.54129702 0.26274773
v 0.10539516 -0.88122278 -0.25537372
v 0.04122880 -0.57778108 0.27365991
v 0.08049428 0.51113743 -0.11291736
v -0.13640577 -0.43093297 -0.24215916
v -0.00315989 -0.93816048 0.21453448
v -0.03917474 0.61948186 0.11478616
v 0.03641516 0.40967512 -0.23884496
v 0.09296666 0.74792153 0.07898233
v 0.27616012 -0.60482383 -0.02322054
v -0.24679182 0.26890683 0.12675755
v -0.03763824 -0.47284999 0.27408335
v -0.26717597 -0.32762045 0.07559872
v 0.03284552 0.51269543 0.13288638
v -0.10853839 0.53815269 -0.05538910
v -0.14329699 0.41425306 -0.18987860
v -0.20900169 -0.52821755 0.18209824
v -0.14201961 0.18015841 0.23873219
v -0.03447166 0.85481048 0.11196907
v -0.04072312 0.76775283 0.11481170
v -0.10432541 -0.89240897 0.25445431
v -0.08564216 0.50487435 0.11712012
v 0.03689182 -0.92349374 -0.25695157
v -0.24204272 -0.34657091 0.13666721
v 0.14157709 -0.77608728 0.23882467
v -0.11808258 0.71920574 0.02801525
v -0.26909149 0.14732337 -0.06820160
v 0.21766873 0.36528230 -0.16264945
v -0.12141179 0.71820331 -0.00629326
v 0.02801217 0.46992561 0.18025008
v 0.20463574 0.11558899 -0.18742786
v -0.06233856 0.93812752 0.02626324
v 0.17470911 -0.93214619 -0.17472228
v 0.10570663 0.92407626 0.00472443
v 0.26108328 0.38223740 0.01987489
v -0.21443880 -0.91820848 -0.15688652
v -0.23059222 0.36954030 0.14119887
v 0.11766978 0.68448597 -0.02885126
v 0.10139728 0.37967768 0.24460754
v 0.07029054 0.87039733 -0.09271458
v 0.04105184 0.22058345 0.27365032
v 0.15832570 -0.86987454 -0.22694962
v -0.26580343 0.09700449 -0.08004462
v 0.10528063 0.42323977 0.20342703
v 0.13137433 0.51123250 -0.04385434
v 0.04779574 0.36126673 0.26826343
v -0.02750510 0.44574600 -0.20461638
v 0.07497384 0.54883820 0.09295344
v -0.09371664 0.26120853 -0.26062918
v 0.11297507 0.91608703 -0.00183490
v -0.08904574 -0.93286318 -0.22884089
v -0.09598361 0.33278772 0.25967333
v -0.06447289 0.89140779 -0.09525294
v 0.21072447 -0.70868331 0.17991000
v 0.21598460 -0.92663211 0.13656040
v 0.27534661 0.20881431 -0.02885764
v -0.02194664 -0.55641848 -0.27619356
v -0.12005164 0.61326319 -0.00972081
v -0.19637878 0.14591183 0.19655585
v -0.06723311 0.77248955 0.10072207
v 0.01362298 -0.60312986 -0.27697918
v 0.05279904 0.93781239 0.05263819
v 0.24344850 -0.34731266 0.13406913
v 0.10448017 0.88053125 0.04837962
v 0.19560584 -0.80470121 -0.19712815
v -0.01105298 0.61683714 0.11995497
v -0.09203273 0.80473441 -0.07691243
v 0.19180763 0.45723134 0.03452524
v -0.21151508 -0.48916790 -0.17898175
v 0.24100904 -0.00961157 -0.13861521
v 0.23958689 -0.39339587 0.14065339
v -0.10297722 0.64417803 -0.06231975
v -0.18525669 -0.46665651 -0.20644987
v -0.12714624 0.35438409 0.24558561
v -0.12417550 0.52723616 -0.02356692
v 0.21832661 -0.88151878 0.16940594
v 0.06273163 0.83327311 0.09965471
v -0.19391899 -0.91812003 0.18211578
v 0.11648798 -0.93107331 0.21895534
v -0.22036900 -0.93809694 -0.01748334
v 0.18027987 -0.55796152 0.21042842
v 0.09292899 0.55319530 0.07535922
v -0.18925506 -0.69907755 -0.20300207
v -0.20659043 -0.22800434 -0.18508181
v 0.12831731 -0.24686643 0.24610773
v -0.18404728 -0.47122708 0.20742646
v -0.20728317 -0.93584132 0.12123816
v -0.06782379 0.89442539 0.09288497
v -0.10492912 -0.11809536 -0.25595829
v -0.26719153 -0.50655335 -0.07574135
v 0.18876176 -0.93813986 -0.10693126
v 0.01304698 0.57911253 -0.11949161
v 0.00187866 0.77543390 -0.12082299
v 0.04287747 0.69282186 -0.11393670
v -0.02684415 0.89724195 0.11140898
v 0.18451007 0.18723899 0.20704697
v -0.10404964 0.92294663 0.02383609
v 0.08480436 0.79584783 0.08455382
v -0.26682380 -0.77246499 0.07675955
v -0.08075136 0.02305261 -0.26561862
v 0.20424633 0.02338744 -0.18784894
v -0.17154792 -0.93800527 0.13567807
v -0.23958643 -0.71208787 0.14081998
v 0.16310394 -0.92062658 0.20650180
v -0.04897476 0.37297627 0.26410690
v 0.26363978 0.37388861 -0.04997198
v -0.12224624 0.53572881 0.01514584
v 0.13833942 0.18687777 -0.24094428
v -0.22366288 -0.93646073 -0.08014300
v 0.26847640 0.16434540 0.07105539
v 0.08341493 0.77242935 -0.08781362
v -0.01156515 -0.50565320 -0.27723882
v 0.22929461 0.33779275 -0.15490626
v -0.00243992 -0.86895537 -0.27732503
v -0.08719558 0.32346678 -0.26325822
v 0.11332628 0.49640152 0.10419098
v -0.23039491 0.40535584 0.08427870
v 0.08798432 0.87055820 -0.07571744
v -0.25701484 -0.92152905 0.05068069
v -0.06536917 -0.83059549 0.26934725
v -0.14489751 -0.92135644 -0.21869782
v 0.08069731 -0.21960044 0.26556766
v -0.13149928 0.14053452 0.24459353
v 0.17834847 -0.93818426 0.10353620
v 0.12787786 0.52148372 0.02349882
v 0.03496274 -0.09454703 -0.27448848
v -0.20253022 0.20511973 -0.18972509
v 0.13961938 0.10333517 0.24017775
v 0.10320477 0.91184247 -0.04426650
v -0.27490386 0.34302253 -0.02681733
v 0.11039606 0.62727654 -0.04929669
v 0.07615455 -0.93562639 0.22813594
v -0.24232544 -0.83233756 0.13598768
v 0.13644564 0.30367136 0.24206311
v 0.00569698 0.44747579 0.20496339
v -0.26882350 0.36688888 0.02916640
v 0.11233838 0.91374201 -0.01337612
v 0.26849869 -0.85066187 -0.06968363
v -0.27124768 -0.90577596 0.00558758
v 0.17507672 -0.77499217 -0.21454835
v -0.27311778 0.32937649 0.04517798
v -0.08648000 -0.52635705 0.26354781
v -0.07920429 0.80690432 0.08951991
v 0.11702832 0.67731035 0.03256960
v -0.00173500 0.08040086 0.27758762
v -0.19561966 -0.25114223 0.19760287
v 0.10570294 -0.93683898 0.21047956
v -0.20306499 0.12884666 -0.18920676
v -0.05172403 -0.93600768 0.23233733
v -0.19628036 -0.03812705 0.19655985
v 0.07548153 0.35953939 0.26407629
v -0.09307435 0.93361950 -0.01390331
v 0.26112977 0.38279116 -0.01534891
v 0.02124973 -0.34801641 -0.27629030
v 0.20667681 0.21520579 0.18496183
v -0.17570668 -0.61210781 -0.21400334
v -0.07540918 -0.91170883 0.25894442
v 0.07854167 0.00425788 -0.26625398
v -0.05336298 0.51824743 0.12227765
v 0.03070226 0.90267956 -0.10979406
v 0.16943102 -0.93728387 -0.15876682
v -0.13355173 -0.47576168 -0.24365431
v 0.07889459 0.81726646 -0.08910844
v -0.10470980 0.82367814 -0.05419338
v 0.04553289 -0.87708426 0.27285823
v -0.27025622 -0.56781167 -0.06265209
v 0.24570720 0.35477063 0.12643945
v 0.04819068 0.74929810 0.11208270
v 0.13602716 -0.07666025 0.24224433
v 0.06899125 -0.51423460 -0.26873094
v 0.13045961 -0.30182809 0.24513210
v 0.10413580 0.92168820 -0.02598010
v -0.08926438 -0.65523726 0.26249599
v -0.24061605 -0.29415578 -0.13904735
v -0.19557096 -0.38353318 0.19736518
v -0.05320723 0.47135171 0.17218044
v -0.25350577 0.39430264 0.01058490
v -0.14586224 -0.88178349 -0.23522112
v -0.11803271 0.81825954 0.01071026
v 0.26465517 -0.91959959 -0.00572006
v -0.20312493 -0.88914371 -0.18756060
v -0.11674624 -0.80318111 -0.25089505
v 0.07165174 0.38664120 -0.24971390
v 0.23398603 -0.84557289 0.14838536
v 0.06481496 0.73957199 -0.10280499
v -0.19245610 -0.59256661 0.20000017
v -0.11839134 0.57906264 0.02132341
v -0.26673636 -0.39274654 0.07723795
v -0.01384099 0.38187069 0.26183793
v -0.27544463 0.00042249 0.02855019
v -0.24026567 -0.93203843 -0.05128000
v -0.20339678 -0.73962027 -0.18889877
v 0.10829291 0.01188754 0.25449198
v 0.08972376 0.92040998 -0.06307902
v -0.10560908 0.51162380 -0.08861414
v 0.07380663 -0.90330285 -0.26376727
v 0.14364468 -0.91189456 -0.22762541
v 0.11665769 0.76385117 -0.03472919
v -0.21915182 -0.93782347 -0.04720614
v 0.08731683 0.28187677 0.26323071
v -0.24342670 -0.49668616 0.13406938
v -0.09727990 0.91570741 0.05708283
v -0.26720661 -0.20987993 -0.07559182
v 0.03268846 -0.92827994 0.24935697
v 0.18800607 -0.59407550 -0.20413858
v -0.13681647 -0.63731110 0.24178250
v -0.22426176 0.26731366 0.16199502
v -0.13001569 -0.26605415 -0.24536592
v -0.17217980 0.27734122 0.21657169
v 0.27306941 0.32547620 -0.04549450
v -0.09540076 0.52942038 -0.08104384
v -0.08630578 0.05516594 0.26360416
v 0.08587366 0.30293003 -0.26365161
v -0.04896895 0.53734595 -0.11242124
v 0.07855991 -0.14025153 -0.26635641
v -0.07542514 -0.49625710 -0.26729065
v 0.13535902 0.14659226 0.24271545
v -0.03476902 -0.83827263 -0.27449787
v -0.08364554 0.53022319 0.09347726
v 0.18122499 0.14531523 -0.20969714
v 0.12081205 0.73539406 -0.01293101
v 0.17871316 -0.23380376 0.21167964
v -0.10980136 0.66861975 0.05110126
v 0.10209553 0.86896956 -0.05455875
v 0.20205529 -0.93030518 -0.14583179
v -0.03505734 0.02864865 0.27460384
v 0.11537910 0.85748595 -0.01914576
v -0.08452556 -0.74901420 -0.26417351
v -0.17640693 -0.90805638 0.20522517
v -0.02825930 0.53637129 -0.11985930
v -0.13415058 -0.30410251 -0.24332178
v 0.24652193 -0.36623475 -0.12741418
v 0.10978224 0.65854549 -0.05085846
v 0.20540258 0.16975552 -0.18648133
v -0.17603341 -0.05626623 -0.21382466
v 0.26715314 -0.17570502 -0.07578876
v 0.25223783 -0.83180386 -0.11350672
v 0.26524508 -0.59806728 -0.08202313
v -0.14794873 0.48871610 -0.06885085
v -0.10128306 0.82874686 0.06003870
v -0.24240209 -0.40275404 -0.13596441
v 0.20916471 -0.79410201 0.18184514
v 0.19615108 -0.19667828 0.19678682
v -0.04887166 -0.41529995 0.27245438
v -0.20763049 0.34132728 0.18363716
v -0.11522127 0.87619555 0.01285424
v 0.02514234 0.48700032 -0.16304225
v -0.27648854 -0.41455135 0.01959675
v 0.08981673 -0.59143412 0.26224992
v -0.24374703 -0.30012989 0.13334651
v -0.26585004 -0.38045382 -0.07992575
v -0.13879839 -0.75404924 0.24062186
v -0.13467395 0.00496177 -0.24302925
v 0.24281581 -0.15972991 0.13526063
v -0.08135556 0.72084314 0.09047710
v 0.07667703 0.93760973 0.02629244
v 0.21649264 0.26230228 -0.17239550
v 0.19600675 0.37775290 -0.17960639
v -0.17128605 0.37262061 0.20696135
v -0.19563448 0.44267797 0.07396052
v -0.13953671 -0.79118997 0.24021533
v -0.22108410 0.10692076 0.16627435
v -0.24319698 -0.80945349 -0.13433741
v -0.00985701 0.56042033 0.11929131
v -0.24412225 0.14232165 -0.13273145
v -0.07357572 -0.57300848 0.26763573
v 0.11681195 0.52538705 -0.05175782
v -0.04719659 -0.93776697 -0.21955906
v -0.21728352 -0.86699086 -0.17137061
v 0.23850965 0.36726817 -0.13046989
v 0.10257233 0.53456521 0.06779126
v 0.18106565 0.20068295 -0.20980401
v 0.24954681 -0.92585087 -0.05934206
v 0.08551635 0.53825396 0.08609490
v 0.20909011 0.16364957 0.18197224
v -0.08707473 0.83204967 -0.07982624
v 0.10576143 0.60045850 0.05667090
v 0.26616937 -0.75842088 -0.07886979
v 0.02428439 0.57102096 0.11779710
v -0.14831527 -0.82783663 -0.23407677
v -0.02395998 0.64523131 0.11847979
v -0.09962002 -0.90997523 -0.25040373
v -0.27463761 -0.20179906 0.03408957
v 0.18899368 0.25212604 -0.20322186
v -0.11429735 0.87290174 -0.02153919
v 0.17995329 -0.55653512 -0.21068770
v -0.20685895 0.05054907 0.18475559
v -0.01596736 -0.93681806 -0.23207535
v 0.06761649 0.51608402 0.11639319
v 0.20828772 -0.91962892 0.16250072
v 0.27668750 -0.84507924 -0.01626303
v 0.03634221 0.27194259 0.27430785
v 0.04876541 0.44705811 -0.19875138
v -0.09940472 0.60945213 0.06826697
v -0.17863816 0.46181729 -0.06462075
v -0.25668037 -0.91780710 -0.07060536
v 0.12145647 0.50874621 -0.07242233
v 0.05482375 0.80663419 -0.10546707
v -0.26702309 -0.82282203 0.07610777
v -0.08194891 0.61795652 -0.08811259
v 0.04083803 0.56565404 -0.11386362
v 0.12739067 0.36445007 0.24164855
v 0.21596797 0.38041839 0.15153238
v 0.26370218 -0.89188838 0.08153489
v 0.06701326 0.92067212 -0.08589083
v -0.09534106 0.70878202 -0.07573817
v -0.06947631 0.91312182 0.08759466
v 0.17901121 -0.30864117 0.21153210
v -0.13944432 0.27977884 -0.24028151
v 0.20544265 -0.37543368 0.18644007
v 0.22396424 -0.11376338 0.16241367
v 0.27511021 0.26057228 0.03072377
v 0.14423183 -0.93626815 0.19035901
v -0.04890176 0.59717298 0.11026847
v -0.09890695 0.47066024 -0.15210465
v -0.07033131 0.63067442 0.09845912
v -0.24737836 0.34796059 0.12443096
v 0.03614251 0.78967911 -0.11514360
v 0.17688867 -0.36652207 -0.21307865
v -0.23931715 -0.87733930 0.14070991
v 0.26913548 -0.83827180 0.06681266
v -0.08717757 -0.93798047 0.20439053
v -0.19561139 -0.93818080 -0.07670668
v -0.21606393 -0.82300228 -0.17295226
v 0.09058761 0.60120541 0.07928025
v 0.24073666 -0.53444624 0.13893852
v -0.13672875 -0.93687296 -0.19245954
v -0.15829490 -0.40657386 0.22698085
v -0.24427330 -0.55072409 -0.13239925
v 0.09023497 0.18723901 0.26216236
v -0.27769646 0.18125555 -0.00403030
v -0.20803587 0.02416933 -0.18331671
v 0.08123086 0.14099887 0.26534799
v 0.13560419 -0.92646325 0.21692933
v 0.22832608 -0.92782217 -0.10955732
v -0.10969712 0.79576856 -0.04877891
v -0.01815731 -0.06167613 -0.27669236
v -0.26514918 -0.08448387 0.08208360
v -0.21139334 -0.47284999 0.17914355
v -0.03289080 -0.52673781 0.27489501
v -0.20595559 -0.62894088 0.18581411
v 0.27114508 0.31722608 0.05723881
v 0.24177206 0.12169887 -0.13712756
v -0.24091338 0.05779770 -0.13863195
v -0.13490625 -0.61894107 -0.24288632
v 0.22552708 -0.36551982 -0.16027035
v 0.21144809 -0.61797601 0.17919052
v 0.24791016 0.38511664 0.08078378
v 0.08084480 -0.11109621 0.26550886
v -0.14573479 -0.93716872 0.17792135
v 0.05308553 0.93724036 -0.06426938
v -0.17463608 -0.91211313 -0.20486492
v -0.24500051 0.01453502 -0.13085455
v -0.04004059 0.57663745 0.11417248
v 0.26750463 -0.65156418 -0.07452500
v 0.24233896 0.07535609 0.13607931
v -0.24184212 -0.64650172 -0.13692069
v -0.10739361 -0.92469114 0.23461694
v -0.26579982 -0.89435470 -0.07392417
v -0.05031744 0.47420439 -0.17016286
v -0.00426131 -0.73353815 0.27750066
v -0.19089761 -0.87858737 0.20125556
v 0.08658963 -0.37126303 0.26349905
v 0.17291756 -0.90678734 0.20865168
v 0.08210906 -0.19033603 -0.26504979
v 0.27655131 -0.52390170 -0.01896917
v 0.18649681 0.44670546 0.08604720
v -0.22082973 -0.92691654 0.12784719
v -0.00430842 0.93029147 -0.09744848
v 0.27627543 -0.26870042 -0.02119709
v 0.03037303 -0.12338807 0.27519706
v -0.22098950 -0.92201251 -0.14054923
v 0.24256869 -0.45892492 -0.13567887
v 0.10757415 -0.92932898 -0.22580317
v -0.19078299 -0.85478246 -0.20171762
v -0.07188575 0.37800166 -0.25605994
v -0.06541131 -0.86832660 -0.26934180
v 0.16436425 -0.89192814 0.22066212
v 0.13427363 -0.06614421 -0.24325921
v 0.24470638 0.40029746 0.04680061
v -0.08370899 0.87785733 0.07961793
v 0.22803202 0.38699049 0.12304471
v 0.24764089 -0.61823905 0.12525728
v -0.16856994 -0.87797898 0.21925135
v 0.18486069 -0.66507131 0.20676379
v 0.27456346 -0.50900280 0.03471013
v -0.07194572 0.57751650 -0.09634670
v 0.16218993 0.47612137 0.06803516
v -0.06970513 -0.79118991 -0.26850495
v 0.15106168 0.40476578 -0.19401319
v 0.10175213 0.71914297 -0.06609395
v 0.15662439 0.37482205 -0.21646652
v -0.11780935 -0.91288841 -0.24112432
v -0.00177499 0.37453049 -0.26707193
v 0.26888445 -0.00216805 0.06953542
v -0.26864874 -0.52586836 0.07031754
v -0.00866391 -0.90304786 0.27217779
v -0.24323143 0.01472978 0.13434936
v 0.06370577 -0.90952963 0.26359791
v 0.13717952 -0.68351698 0.24167319
v 0.26780319 -0.43953532 -0.07370708
v 0.18300833 -0.01383198 0.20823745
v -0.24621095 0.12615578 0.12818705
v -0.10865986 0.68576741 -0.05377867
v 0.18687432 -0.46929318 -0.20510423
v -0.27568227 -0.83023620 -0.02629867
v 0.14303246 -0.93814558 -0.15932356
v -0.12587628 -0.14410719 0.24721412
v -0.21563490 0.37616143 -0.15649936
v 0.12017247 0.26550397 -0.24952589
v 0.07261074 0.93772548 -0.03488778
v -0.00579243 0.92300528 -0.10668707
v -0.05901471 0.41055489 -0.23309809
v 0.26674029 -0.24199791 0.07665011
v 0.00992481 0.46301427 -0.18938248
v 0.24146423 -0.48648262 0.13764103
v 0.00964026 0.43610108 -0.21625459
v 0.20263061 -0.08268068 0.18967210
v -0.19525664 0.45552209 0.02518354
v 0.27393252 -0.13328789 -0.03907403
v 0.20478168 0.25746152 0.18721388
v -0.03145334 0.63185662 -0.11681303
v 0.01840486 -0.89051366 0.27498817
v 0.16227643 0.48601478 0.03334028
v -0.09057059 0.20198558 -0.26191968
v 0.00297873 0.23036528 -0.27758586
v 0.26627132 -0.66735762 0.07859468
v -0.23108345 -0.93445605 0.07369649
v -0.21349123 -0.00335313 0.17642285
v 0.20797427 -0.91986477 -0.16242097
v -0.20136310 -0.12286378 0.19115905
v 0.06865645 0.89855891 0.09192703
v -0.10882441 0.73964274 0.05473182
v -0.25884989 -0.92293113 -0.03267782
v -0.18089941 -0.93711787 -0.14645463
v -0.19991651 -0.93815935 0.08525287
v -0.18583322 -0.50872713 0.20595227
v -0.07656895 -0.54603088 -0.26685935
v -0.00256414 0.83321708 -0.11800540
v -0.24358015 -0.75149542 0.13374311
v -0.14796720 -0.93818080 0.15249525
v -0.00627578 -0.65183568 -0.27757037
v -0.26930887 0.16549844 0.06711008
v 0.14515391 -0.53865641 -0.23623876
v 0.27604440 -0.07241219 -0.02328646
v 0.04250775 0.58924955 -0.11326610
v 0.11978158 0.56233889 0.00164313
v -0.27586731 -0.67040914 0.02493319
v -0.08611352 0.56656623 -0.08289402
v -0.11313519 0.82049966 0.03767215
v 0.26195663 -0.12006770 -0.09067069
v -0.13714713 -0.26059958 0.24176501
v -0.07786307 0.90843272 -0.08269396
v -0.07490691 0.44785270 -0.18983066
v 0.14976941 0.43812206 -0.15348446
v -0.17386433 -0.37757817 -0.21544209
v 0.00815836 0.89071876 -0.11459309
v -0.21123609 -0.16648671 0.17924175
v -0.06550686 0.73853356 -0.10239346
v -0.07287495 -0.29101387 -0.26798901
v 0.18050085 -0.74905801 0.21027787
v -0.26849911 -0.90685678 -0.03251260
v 0.02310292 0.75220579 -0.11928774
v -0.12846076 -0.90984541 0.23783207
v 0.20510823 -0.43889329 -0.18689342
v 0.24188420 0.07956535 -0.13708551
v -0.24710096 -0.10955574 -0.12621196
v -0.05576796 0.55364126 -0.10543865
v -0.26957530 -0.87589031 0.06413370
v -0.24644278 -0.89571887 0.12263656
v -0.10746468 0.89023906 0.03957049
v -0.02513955 -0.21129420 0.27592584
v 0.11589848 0.52880657 0.05041614
v -0.12539154 0.35983771 -0.24481843
v 0.07568277 0.38454488 0.25020820
v 0.24218370 0.12652935 0.13632341
v -0.03961781 -0.03721289 0.27390209
v -0.02316322 0.92830318 0.09925127
v 0.20402317 0.29766017 0.18812777
v 0.26597896 0.21939324 0.07943989
v -0.26190692 0.31304616 0.09075294
v 0.17874072 0.47387961 -0.00187494
v -0.10254277 0.21889637 0.25699922
v 0.25888345 -0.92468888 0.00703368
v 0.26391447 -0.91259468 0.05179179
v -0.09541012 0.57739651 0.07392123
v 0.10983853 0.80118763 -0.04778557
v 0.06731609 0.46922356 -0.16989478
v -0.00822103 -0.23286352 -0.27749866
v -0.05024839 -0.92527658 0.25159404
v -0.21226123 -0.43941021 -0.17803498
v -0.01428412 -0.36900070 0.27704459
v -0.04052437 0.40068635 0.24565412
v 0.03850551 0.16300237 0.27401933
v -0.17705236 -0.00263633 -0.21293175
v -0.00733498 0.50555772 -0.14453179
v 0.06588443 0.58992463 -0.10059197
v 0.02875130 0.10086933 -0.27546939
v -0.27572820 -0.76615673 -0.02596378
v 0.17078173 -0.92186445 -0.19857757
v -0.06830027 0.83204335 0.09654096
v -0.07001807 0.43643340 0.20358661
v -0.27629614 0.23637250 -0.02097619
v -0.10088994 0.38422331 -0.24080203
v -0.02687225 0.42999995 0.22046499
v 0.24181952 0.03731598 -0.13711067
v -0.13491505 -0.10016251 0.24291576
v 0.21792802 -0.93812853 0.02047663
v 0.27465075 -0.41661859 0.03425346
v 0.26786271 -0.12701854 0.07305299
v 0.24307521 -0.70211905 0.13464396
v 0.08077814 0.41668332 -0.22089674
v -0.13177171 -0.38132623 0.24450530
v -0.13633054 0.04191033 -0.24219728
v 0.19613239 -0.93818796 0.06820765
v 0.04972585 -0.92383325 0.25415647
v -0.06481371 0.59903246 -0.10099234
v 0.20743570 -0.07214637 -0.18403913
v -0.26547319 -0.01959205 0.08099183
v 0.20217356 -0.91478717 -0.17640324
v -0.09329671 0.49700299 -0.12191098
v -0.13371405 -0.43366793 0.24351992
v -0.16444331 0.12664551 0.22243330
v -0.27005658 -0.90810162 -0.01403825
v 0.04572261 0.93815273 -0.03471936
v -0.09084158 0.51200396 -0.10340079
v 0.08577587 0.50214976 0.12030673
v 0.26565436 -0.89613831 -0.07314231
v 0.27576733 0.10735196 0.02540944
v 0.08363198 0.66394991 0.08705790
v -0.08677482 0.93699700 0.00487896
v 0.02236761 -0.06309673 0.27618998
v 0.20999363 -0.66507977 0.18085325
v 0.07099657 0.93471771 0.06278703
v 0.20802374 -0.55661833 -0.18331696
v -0.04007246 0.74040747 0.11534955
v -0.13648920 0.46048152 -0.13468136
v -0.02575645 0.76266927 -0.11853781
v -0.11531123 0.73966223 -0.04036636
v 0.27573600 0.09490871 -0.02576801
v -0.24179952 -0.10893967 0.13704957
v -0.13058245 -0.07113160 -0.24511473
v -0.01400294 -0.78908205 -0.27693775
v 0.00459892 -0.93640012 -0.23425035
v -0.20616615 0.40734982 -0.13087305
v 0.24000256 -0.11705729 -0.13989650
v 0.26776889 -0.49077973 -0.07361068
v 0.24177206 0.16851334 -0.13712756
v -0.27696681 -0.34337884 0.01536471
v -0.24519266 -0.84667635 -0.13037637
v 0.19744873 0.29546058 -0.19549420
v 0.07745635 -0.27176812 0.26663849
v 0.09211626 -0.70483613 -0.26126778
v -0.27695227 -0.16486299 -0.01549104
v 0.01903106 0.66670126 0.11934593
v 0.06925954 0.41557178 0.22552118
v 0.17525499 -0.41627651 -0.21440329
v -0.03756478 0.92730796 0.09632687
v 0.19010589 -0.89278179 -0.19974165
v -0.27529895 -0.13034894 0.02944386
v -0.07690904 -0.11642884 0.26676041
v -0.07554776 0.85304683 0.08959413
v 0.20617722 0.21549548 -0.18554595
v 0.06755469 -0.49870133 0.26900932
v 0.05095954 0.92490894 0.09413610
v 0.27574354 -0.06292149 0.02550956
v 0.24594238 -0.91248399 0.10834436
v -0.00975038 0.75367135 0.12103879
v -0.00437562 0.19835225 0.27746120
v 0.04660683 0.66889608 0.11209913
v 0.24337769 -0.51115799 -0.13408521
v -0.03713840 0.50338048 -0.14190428
v 0.26772001 -0.22895280 -0.07414410
v 0.24179764 0.27143010 0.13708147
v -0.17996928 -0.76937622 -0.21065101
v 0.06952707 0.93735999 0.04432753
v 0.05236445 0.20870443 -0.27194017
v 0.07652653 -0.46663749 -0.26673523
v -0.11151171 0.63195962 0.04713352
v -0.11977099 -0.93816316 0.17875370
v -0.03102942 0.93778479 -0.07226881
v 0.08239250 0.47583118 0.15594327
v -0.00926665 0.93484378 0.09215464
v 0.23735802 -0.30358595 0.14401928
v -0.17712219 0.40930492 0.16569287
v 0.12123454 0.76304275 0.00184649
v -0.13432640 -0.00818488 0.24323063
v -0.03899146 -0.74142653 -0.27387610
v -0.24151354 -0.15114658 -0.13748039
v 0.05005134 -0.93807024 -0.21432947
v -0.00484339 0.92374629 0.10609561
v 0.13881616 -0.20600501 0.24071322
v 0.13418223 -0.76269299 -0.24327832
v -0.19078547 -0.51451951 -0.20152679
v -0.26293612 -0.20409030 0.08815616
v -0.13720085 0.23009126 -0.24161549
v 0.25220415 0.37329227 -0.09196699
v -0.07030766 -0.92591625 -0.24687484
v 0.18481195 0.03773131 0.20679294
v 0.07927468 -0.37453902 -0.26610422
v -0.26600799 -0.85467160 -0.07931671
v 0.24193235 -0.56619024 -0.13675199
v 0.17665654 0.45608693 -0.08544909
v 0.13467395 -0.37952101 -0.24302800
v 0.18551107 -0.04866932 -0.20619896
v 0.05157635 0.93815547 0.03187745
v -0.08421260 -0.83231372 -0.26423928
v -0.26622629 0.04660187 0.07861942
v 0.20659949 -0.84347934 0.18499999
v 0.10590979 0.34288055 0.25507349
v -0.08196145 -0.06262220 0.26514378
v -0.05478679 0.29025993 -0.27154720
v -0.19928715 0.42156470 0.11742264
v -0.13596225 0.13194224 -0.24235523
v 0.08394954 0.76894933 0.08735669
v 0.13654843 -0.39314747 0.24199663
v 0.12106257 0.67411685 0.00002900
v 0.27763999 -0.19242541 -0.00729269
v 0.01784129 0.34220412 -0.27602059
v 0.18002345 0.33170825 -0.21076216
v -0.18268329 -0.93817049 0.11416907
v 0.24250968 -0.77944839 0.13573153
v 0.26616937 -0.70692450 -0.07886978
v 0.17263119 -0.49774346 0.21636209
v -0.24377950 -0.45483556 -0.13327152
v -0.03422642 0.53836548 0.11776774
v -0.01270914 -0.57787675 0.27708894
v 0.24238274 -0.67893231 -0.13598122
v 0.02708460 0.03422494 -0.27563110
v 0.06338916 0.77388859 -0.10280631
v -0.13300076 -0.05765747 0.24388741
v -0.04537605 0.15875880 0.27301091
v 0.24175955 -0.65717572 0.13699822
v -0.06244317 0.70140338 0.10371489
v 0.27768254 0.04609755 0.00658437
v 0.20540260 -0.12049667 -0.18648130
v -0.12933050 0.52236062 0.00477591
v -0.21573721 -0.68926406 -0.17340583
v -0.25775766 -0.32815608 -0.10074253
v 0.13865034 -0.54294682 0.24070190
v -0.27052978 0.36633545 0.00058550
v -0.17644782 0.10765439 -0.21342190
v 0.11888534 0.79080653 -0.01671262
v -0.02857061 0.79651451 -0.11636441
v 0.02374323 -0.40730950 -0.27601424
v 0.26634148 0.23908018 -0.07832283
v 0.19601278 0.34037477 0.19624498
v -0.20537494 -0.63485962 -0.18651029
v 0.19921105 -0.27248505 0.19369380
v 0.24291988 -0.62375534 -0.13487197
v -0.24063794 -0.87948132 -0.13807866
v 0.09950450 0.80590856 0.06572036
v -0.05237781 -0.77176696 0.27197573
v -0.19922481 0.26172772 0.19330877
v -0.13664636 -0.71669495 0.24198151
v -0.01175804 0.25709444 0.27712661
v -0.26844761 0.27291346 0.07041246
v -0.26736742 -0.01701702 -0.07459633
v 0.09342112 0.93378794 0.00464368
v -0.12085927 0.52994049 0.03284542
v 0.20909013 0.06065698 0.18197222
v -0.18280317 -0.92944646 0.17325801
v 0.12945245 -0.12190504 0.24556229
v 0.07888350 0.05966365 -0.26614934
v 0.21838042 0.42860493 0.04575646
v 0.15798464 -0.11854677 0.22717911
v 0.02876796 -0.17239918 -0.27532151
v -0.15172940 0.36036974 0.22775741
v 0.05007067 0.61729789 0.10987175
v 0.05124638 0.31981245 -0.27215660
v -0.02658456 0.12141821 -0.27569741
v 0.27569354 -0.29822493 0.02650268
v -0.02144360 0.35297206 0.27374801
v -0.06244482 0.29076892 0.27009702
v 0.27627617 0.26607504 -0.02123800
v 0.13320827 -0.49688905 0.24376003
v -0.23246400 -0.59731781 -0.15058160
v 0.10515564 0.43753892 -0.18758075
v 0.26741299 -0.45726472 0.07499522
v -0.14686829 -0.23203270 -0.23508641
v -0.20515347 -0.78273356 -0.18676108
v -0.13670199 -0.66010946 -0.24200808
v -0.20470229 -0.34094703 0.18731040
v -0.10881756 0.90164369 -0.03373937
v 0.13594900 -0.30404136 -0.24238813
v 0.13313423 0.03778037 -0.24383926
v 0.08002049 -0.42135400 -0.26583186
v -0.11616079 0.81865162 -0.02433665
v 0.06622807 0.25894687 -0.26938042
v 0.18379715 -0.93676627 -0.14742461
v 0.03900734 0.82361746 0.11247783
v -0.13689311 -0.57175690 -0.24179016
v -0.21668884 -0.57845563 0.17213307
v 0.20595361 -0.57245654 0.18582174
v -0.26769704 -0.08454192 -0.07327193
v -0.17956938 -0.63795573 0.21100171
v -0.16419390 -0.93628991 0.17231463
v 0.15700638 0.36575755 0.22193585
v 0.12488960 0.52874267 -0.01298045
v 0.24157742 -0.22473100 -0.13751516
v -0.13208444 -0.93659157 0.19723517
v 0.21515121 0.43336576 -0.03783961
v -0.26612011 -0.26184261 0.07882804
v 0.26269990 -0.39471433 0.08869863
v 0.06281733 0.56508464 -0.10190045
v -0.21204497 -0.07817299 0.17828892
v 0.11873212 0.61721843 -0.02118610
v -0.26586211 -0.14703029 0.07976058
v -0.24247526 -0.24356377 -0.13587894
v -0.14261153 -0.78561890 -0.23801963
v -0.26667657 -0.80501652 -0.07745113
v 0.20765591 -0.71445876 -0.18377790
v 0.09095135 0.16502121 -0.26176974
v 0.21046826 -0.30183724 -0.18030308
v 0.13555272 -0.34169868 -0.24258459
v 0.03843410 -0.37281260 0.27396259
v -0.16324468 -0.03747188 0.22331749
v -0.08938761 -0.93254715 0.22859442
v 0.27769789 0.15425527 -0.00548198
v 0.24187814 -0.06023690 -0.13693506
v -0.09714095 0.08976092 -0.25920680
v 0.27636439 -0.75894374 -0.02061654
v 0.14874446 0.41731426 0.18186185
v -0.22757970 0.16178778 0.15750031
v 0.02820664 -0.18302381 0.27552900
v 0.07927468 -0.04705280 -0.26610422
v -0.04223463 0.93813783 -0.05171288
v -0.22124374 -0.90268797 0.15962209
v 0.13142164 0.35158083 -0.24392945
v -0.24211147 -0.39233220 0.13651252
v -0.01311195 0.89054620 -0.11439717
v -0.17520145 -0.26805702 -0.21437167
v -0.27621511 -0.63504326 -0.02269328
v -0.19868067 0.30364114 0.19422927
v -0.14064562 -0.93810499 -0.15767579
v 0.13650025 -0.68760979 -0.24199452
v 0.03085920 0.69751143 0.11731027
v -0.13169298 0.39025724 -0.22054690
v -0.09355595 -0.75413930 0.26068550
v 0.24186988 -0.41296276 -0.13697201
v 0.20719056 -0.66443360 -0.18435980
v -0.17156212 0.44527003 0.11595862
v -0.12726733 -0.52849871 -0.24657501
v 0.20808387 -0.23000161 0.18322490
v -0.27519435 0.23069414 0.02971687
v 0.20697458 0.44571349 0.00027776
v 0.26626354 -0.06517629 0.07851330
v -0.26562750 0.22002912 0.08039030
v -0.13463418 -0.70082736 -0.24308969
v 0.07852126 -0.67168099 0.26620501
v 0.19096458 -0.51567966 -0.20153393
v 0.13400985 0.30983013 -0.24342600
v 0.02918707 -0.55002576 -0.27525759
v -0.24570170 0.18468347 -0.12936272
v 0.27522060 -0.70371771 0.02985128
v 0.20549980 -0.16028406 0.18636946
v -0.11916519 0.64963734 0.02009224
v 0.06848540 0.71055198 -0.10032908
v 0.27716944 -0.56963253 0.01216422
v 0.14503193 -0.63670200 0.23633614
v -0.20434757 -0.30814320 -0.18771312
v 0.18163197 -0.14175992 -0.20938927
v 0.27519068 -0.86697602 0.02916577
v 0.11703388 0.83505696 0.01230916
v 0.22074872 -0.93604851 -0.08901478
v 0.13888493 -0.44415066 0.24059969
v 0.19427659 0.41017899 0.14377524
v 0.24256885 0.02794955 0.13567887
v -0.23900138 -0.35262436 -0.14161001
v 0.07865183 -0.06424709 0.26616222
v -0.26895031 0.19812672 -0.06853050
v -0.16567442 0.46883965 0.07855178
v -0.05621436 0.86811781 -0.10125995
v 0.17043367 0.33605501 0.21787727
v -0.01924245 -0.17486154 -0.27643850
v -0.20640658 0.29914230 -0.18527249
v -0.23706965 -0.20875801 0.14471687
v -0.14403069 -0.17899752 0.23720209
v -0.13490625 0.17691106 -0.24288632
v -0.27140605 -0.88922274 -0.04822611
v 0.10117560 0.77702707 -0.06622484
v -0.26611808 -0.69287997 -0.07907147
v 0.14372867 -0.92314607 -0.21702170
v -0.21719036 -0.86455387 0.17155652
v -0.11062404 0.52513552 0.06429851
v -0.26728064 -0.64307755 0.07538372
v 0.27725446 -0.33969063 -0.01200827
v -0.07969786 -0.93815660 -0.19729896
v -0.07551262 -0.17643131 0.26710740
v -0.26644379 -0.71141690 0.07799826
v -0.27544463 -0.06511838 0.02855019
v 0.07890891 -0.32044059 0.26612574
v 0.02241556 -0.68351698 0.27613723
v -0.11101551 0.84936076 -0.03819458
v -0.03491179 0.82150292 -0.11396203
v 0.20014369 -0.93814909 -0.08721406
v -0.24375457 -0.54300380 0.13336378
v 0.24173711 -0.27131468 -0.13720973
v 0.05515322 -0.88562816 -0.27063543
v 0.24149871 0.21316490 -0.13757741
v -0.24289842 -0.16038941 0.13494024
v 0.26689997 0.17586510 -0.07667691
v -0.15480290 -0.93166047 0.19267781
v 0.08173245 -0.16352381 0.26522592
v -0.13569449 0.42851880 0.17762434
v -0.06887627 0.49445266 -0.14095503
v 0.17937312 0.28189114 0.21110840
v -0.14141430 0.44830728 0.14724299
v -0.02460030 0.32420176 -0.27586874
v 0.18553507 -0.27480623 -0.20619562
v -0.27590069 -0.38894603 -0.02426555
v -0.00318358 -0.62955260 0.27756846
v -0.08056413 -0.70170867 -0.26564738
v -0.01907625 0.93812501 0.06688638
v -0.04674784 0.18186863 -0.27283892
v -0.18571533 0.01004858 0.20606647
v 0.26589620 -0.91473043 0.03276700
v -0.20150454 -0.35113150 -0.19098046
v -0.18260907 0.40092278 -0.16916157
v -0.01089696 0.31085679 0.27722955
v 0.27719364 -0.39578405 -0.01236473
v -0.14776462 0.32529214 0.23455675
v -0.07093296 -0.08708307 -0.26830265
v 0.20992151 0.42626569 -0.08288889
v 0.27628919 0.20629612 0.02109022
v -0.13898928 0.08340745 -0.24054460
v 0.11396617 0.56379151 -0.03936457
v -0.24065955 0.10136902 -0.13909380
v -0.07990596 -0.44944265 -0.26587307
v -0.27263603 0.28795314 -0.04800283
v 0.01904727 0.51100796 -0.13804142
v 0.15445435 -0.91126096 0.22030729
v -0.03190060 -0.67425400 0.27496725
v 0.23808004 0.41491053 -0.00172040
v -0.22219816 -0.89260584 -0.16202885
v 0.24652104 -0.11117983 0.12741615
v -0.10230424 -0.93463653 -0.21912307
v -0.24320583 0.26401323 -0.13432510
v -0.20946908 -0.54503179 -0.18152572
v -0.05196366 0.90950221 0.10043315
v -0.18528484 -0.42274883 -0.20641375
v -0.16502805 -0.93183547 -0.18253119
v 0.18163200 -0.31706560 -0.20938925
v 0.16434440 -0.93815935 0.13004358
v -0.26678547 -0.45765123 0.07694794
v -0.22826876 0.34786326 0.15490982
v -0.26722515 -0.15007456 -0.07540843
v -0.06896443 -0.19808649 -0.26867408
v 0.14416550 -0.02684151 0.23696275
v -0.11984922 0.55637389 -0.00015221
v 0.21329820 -0.49403366 -0.17657024
v -0.07851633 -0.24052452 0.26627031
v -0.23549362 -0.02382123 -0.14657213
v -0.24374457 -0.69287997 -0.13323449
v -0.27585882 0.06760553 0.02473840
v 0.08125266 -0.75405461 -0.26535839
v 0.20952235 -0.83297783 -0.18139222
v 0.04834544 0.48843810 0.15527879
v 0.05143974 -0.43960628 0.27205440
v -0.17803167 0.05933651 0.21227413
v 0.13457668 0.22811189 0.24309297
v 0.20197552 -0.52343553 0.19059619
v 0.24475262 0.39839101 -0.05465423
v -0.27650470 -0.03760846 -0.01961461
v 0.26695088 -0.28615296 -0.07646701
v -0.26815459 0.10755217 0.07210337
v -0.13071573 0.29465377 0.24500421
v -0.23929590 0.22240797 -0.14117254
v -0.24428470 0.40262896 -0.03922696
v 0.20784640 -0.42474744 0.18352501
v -0.04161958 -0.60735625 -0.27355888
v -0.02495570 -0.44609040 -0.27585986
v -0.21245494 0.21161345 0.17771311
v -0.12105428 0.75367838 -0.00958748
v 0.22348626 -0.93787581 -0.03402950
v -0.05055169 -0.93817431 0.20644401
v -0.26685706 -0.43864748 -0.07665735
v -0.08847958 -0.69999385 0.26273808
v 0.08434003 0.23472846 0.26422420
v -0.07265044 -0.29463208 0.26776376
v -0.13600759 0.03655549 0.24232920
v 0.07095439 0.45295203 0.18567927
v 0.20758642 -0.16817468 -0.18385889
v -0.27596161 -0.48003480 0.02374928
v 0.10594033 -0.93818641 0.17733394
v -0.08272000 -0.88965869 0.26360002
v 0.24193490 0.22492528 0.13681212
v -0.08817578 -0.34310076 -0.26296970
v -0.13533747 0.08808467 0.24267840
v 0.13477184 -0.19448334 -0.24295555
v 0.01058008 -0.47390515 0.27720043
v 0.27274826 0.36029145 0.00698924
v -0.14023629 -0.47198835 0.23980105
v -0.25053027 -0.05111929 -0.11787214
v -0.04890734 0.65590292 -0.11095127
v -0.13209634 -0.38604873 -0.24435204
v 0.08644243 0.93686974 -0.01446568
v -0.07935786 0.87971240 -0.08384448
v -0.02821957 -0.38669941 -0.27554262
v -0.06721555 0.93652916 0.06290697
v 0.18345898 0.08678505 0.20791644
v -0.19438939 0.10063003 0.19828297
v 0.17343394 0.09145818 -0.21573737
v 0.13723855 0.13589177 -0.24158150
v 0.20596550 -0.32365564 0.18579513
v -0.21051252 -0.80791420 0.18014513
v -0.15164800 -0.59315181 0.23174307
v 0.11409889 0.70898849 0.04309728
v -0.25710425 -0.89868528 0.09402727
v -0.00486800 0.89000010 0.11472698
v 0.08383101 0.67327440 -0.08730133
v 0.24184458 0.31362674 0.13693774
v 0.01591285 0.91484255 -0.11015109
v 0.05234341 0.09656715 0.27197137
v -0.06419422 0.57722682 0.10124864
v -0.26786900 -0.58499128 0.07296456
v 0.07690252 -0.27965152 -0.26684079
v -0.24204458 0.22531757 0.13642849
v -0.27583951 -0.46494380 -0.02517942
v 0.17744546 0.40697557 -0.16816306
v -0.01491980 0.06252304 -0.27686971
v -0.14790027 -0.30240440 0.23435497
v -0.27604595 -0.73573780 0.02357334
v 0.24142809 -0.06491289 0.13772446
v -0.24264032 -0.19626890 -0.13554858
v 0.05338728 -0.23328827 -0.27184176
v -0.25180644 -0.59718990 -0.11486855
v 0.07092848 -0.78630549 0.26823658
v -0.21839134 -0.93813694 0.02474420
v 0.24326114 -0.20529850 0.13446845
v 0.27769303 -0.65485460 -0.00430573
v 0.10154052 -0.75445938 0.25736719
v 0.08547187 -0.80708265 -0.26379827
v -0.13717641 -0.55078387 0.24169007
v -0.24182339 -0.73501348 -0.13703504
v 0.20385262 0.36992669 0.17725505
v -0.04152404 0.60779697 -0.11389718
v -0.05785754 0.35345882 -0.26885843
v -0.11977257 0.57974392 -0.00968281
v -0.07785317 -0.65234226 -0.26655656
v -0.04911082 0.91974056 -0.09869881
v 0.24256885 0.17834227 0.13567887
v 0.06526320 -0.01006518 0.26954332
v 0.14106122 0.18723901 0.23917522
v -0.18304075 -0.89327073 -0.20592318
v 0.07787453 -0.32709923 -0.26659045
v -0.02090412 -0.09107704 0.27635798
v 0.11010994 0.49312982 -0.11332893
v 0.26628342 -0.78829908 0.07847069
v 0.26763549 -0.33708701 -0.07410024
v 0.27257133 -0.62378073 0.04974014
v 0.24193151 -0.93169200 0.04201503
v 0.26861739 -0.18259759 0.07052227
v -0.12535864 -0.85418886 -0.24745478
v 0.12382686 -0.86281538 0.24803194
v -0.01054022 0.48239478 0.16976561
v 0.23561931 -0.92906111 -0.08681189
v -0.08081006 0.48163190 0.15032114
v -0.08767901 0.68413794 -0.08354907
v 0.24256885 -0.01886530 0.13567887
v -0.06094511 0.62891603 -0.10362731
v -0.11953399 0.75368774 0.02234957
v 0.09211626 -0.65283489 -0.26126778
v 0.18542717 -0.73785907 -0.20628707
v -0.01816960 -0.93818563 -0.20611367
v -0.09183563 0.93405038 0.02288093
v -0.19887984 0.37357503 -0.18002614
v -0.10130247 0.58937490 -0.06390379
v 0.12490999 -0.91218030 -0.23797005
v -0.09849627 0.77730519 -0.07065149
v 0.27687383 -0.80851561 0.01502429
v -0.19566743 -0.20816669 0.19740692
v 0.20082027 0.06550463 -0.19189751
v -0.04994715 0.09309150 0.27230418
v 0.02251216 -0.02671899 -0.27616259
v 0.01199273 0.35084677 0.27509630
v 0.08827532 0.10959000 -0.26288664
v -0.01589565 0.79071718 0.11884095
v 0.21137741 0.39343587 -0.14219904
v -0.01904166 -0.26783395 0.27657259
v -0.03404463 0.87933499 -0.11042038
v 0.25251111 -0.91826755 -0.07886977
v -0.05709856 0.33436418 0.27105913
v 0.13600056 -0.34588727 0.24232006
v 0.02643481 0.86544281 -0.11345690
v -0.01336204 0.59052736 0.11960565
v 0.18569075 0.46229875 -0.03889931
v 0.04193338 -0.78516370 -0.27350861
v 0.18075436 -0.18573284 -0.21008365
v -0.24321039 -0.44485930 0.13436069
v -0.13193564 -0.74789178 -0.24441874
v 0.13986365 -0.93813235 0.15865700
v -0.18408261 -0.15256593 -0.20738913
v -0.20192039 -0.71901464 0.19051467
v 0.14202581 0.23208103 -0.23859204
v 0.17360324 0.43886501 0.12398472
v 0.13961940 -0.59012765 0.24017775
v -0.01214350 0.69903815 -0.12058245
v 0.26740867 -0.01406444 -0.07511187
v 0.24204430 -0.17362866 -0.13659775
v 0.07652847 -0.60653293 -0.26696941
v 0.13808030 0.48826247 -0.08741012
v 0.04778584 -0.65250665 -0.27262977
v -0.01903457 -0.69547397 -0.27664879
v -0.20959467 0.43649337 -0.04851219
v -0.19033955 -0.43202519 0.20198163
v 0.26729003 -0.57420433 0.07534327
v 0.11468209 -0.93762171 -0.19468652
v 0.09844916 0.09768690 0.25862673
v -0.08839395 -0.59694552 -0.26280844
v 0.13973835 -0.45346200 -0.24014913
v 0.20233497 -0.21189216 -0.19020669
v 0.08188935 0.84271777 0.08394685
v 0.14180152 -0.93693644 -0.18653694
v 0.02610454 0.03712890 0.27573812
v 0.07879219 0.61793554 -0.09172384
v 0.13670486 -0.61329448 -0.24200574
v -0.27584368 0.09042226 -0.02500727
v 0.11112144 0.69782716 -0.04918817
v 0.26671705 0.11438549 -0.07723151
v 0.18251908 0.36607301 0.20137380
v -0.07196344 0.65540719 0.09755025
v 0.02051739 0.75837922 0.11965177
v 0.24230094 0.29764068 -0.13611329
v 0.10348158 0.69209206 0.06254146
v -0.27608776 -0.70224297 -0.02341279
v 0.24068080 -0.85948473 -0.13870521
v 0.18128784 -0.35485038 0.20967171
v -0.09293720 0.35847998 -0.25730777
v -0.24251494 -0.79097259 0.13574807
v -0.27256930 -0.32764944 -0.04934571
v 0.01657932 -0.78186524 0.27668527
v -0.23971252 0.30364057 -0.14036688
v 0.13450199 0.49425489 0.08041117
v 0.07790905 -0.87799817 0.26603466
v -0.27736679 -0.59106147 0.01122701
v -0.14061853 -0.14514601 -0.23945710
v -0.07857719 -0.35465857 0.26622412
v -0.24269694 -0.50607765 -0.13532990
v -0.26514313 0.36921775 -0.05234712
v 0.11111809 0.46522269 -0.15038581
v 0.18936580 0.42793706 -0.12094241
v -0.26616976 -0.26906249 -0.07895700
v -0.04855580 0.92530960 0.09464835
v 0.26820397 0.04599758 -0.07232058
v 0.14641720 -0.82520562 0.23540775
v 0.09604724 -0.46766576 0.25968593
v 0.16167185 -0.23047961 -0.22453696
v -0.03318697 -0.33135194 -0.27480471
v -0.15200102 -0.22466935 0.23155282
v -0.25551304 -0.89037842 -0.10292415
v -0.02007800 -0.85001969 0.27633625
v 0.26786274 -0.38918269 -0.07304563
v -0.10169604 0.74434412 -0.06670966
v 0.11838140 0.58773315 -0.02168964
v -0.00614847 0.73379099 -0.12148279
v -0.11241074 0.47623098 0.13517855
v 0.10938635 0.74354523 0.05358809
v 0.26553977 -0.73075420 0.08063509
v -0.08990066 0.76312613 0.08208516
v 0.02208197 0.60283184 0.11841293
v 0.26582104 0.11495475 0.08001800
v 0.13301308 -0.79986626 -0.24387279
v -0.18481296 -0.78680891 0.20679200
v -0.24479076 -0.67291647 0.13130602
v -0.06298637 0.91993058 -0.09089973
v -0.20933594 -0.12647712 -0.18172838
v 0.24121691 -0.57846290 0.13803475
v 0.26710314 0.05739611 0.07600968
v -0.24328847 0.06926402 0.13427790
v -0.21337409 -0.28932518 0.17651166
v 0.06302046 -0.92923802 0.24337108
v -0.02543508 0.35769409 -0.27202082
f 84 303 760
f 963 303 84
f 303 324 760
f 324 301 760
f 567 760 301
f 323 760 567
f 84 760 323
f 324 678 301
f 1279 678 324
f 678 1279 581
f 678 581 1769
f 1769 567 301
f 301 678 1769
f 1769 490 202
f 202 567 1769
f 202 323 567
f 513 581 1279
f 101 1361 1389
f 1451 1361 471
f 1389 1361 1451
f 471 1361 828
f 179 53 337
f 179 337 1223
f 1223 1286 179
f 101 1223 459
f 101 1286 1223
f 459 1361 101
f 53 393 337
f 337 1036 251
f 1223 337 251
f 1118 251 1126
f 1118 1223 251
f 459 1223 1118
f 1126 1007 157
f 1118 1126 157
f 157 459 1118
f 1361 459 157
f 745 828 1007
f 828 157 1007
f 828 1361 157
f 905 124 230
f 562 1299 230
f 124 562 230
f 230 393 53
f 53 905 230
f 1126 251 1036
f 230 1299 267
f 267 39 685
f 393 230 267
f 393 267 685
f 1036 393 685
f 1036 337 393
f 562 963 1299
f 685 39 1250
f 1250 1036 685
f 1126 1036 1250
f 821 963 84
f 662 1299 963
f 662 963 821
f 662 749 39
f 662 821 749
f 267 1299 662
f 267 662 39
f 1362 323 202
f 821 84 323
f 821 323 1362
f 1362 749 821
f 119 1362 202
f 749 1362 119
f 119 39 749
f 1250 39 119
f 1007 1126 1250
f 303 963 1762
f 1762 1108 303
f 1762 963 562
f 1196 1108 1762
f 1251 1190 729
f 1608 1251 729
f 729 1119 1608
f 324 303 1108
f 1302 1108 1196
f 1251 559 1302
f 1251 1302 1196
f 559 1251 1608
f 1108 1872 324
f 1872 1279 324
f 1302 50 1872
f 1302 1872 1108
f 1502 559 1608
f 1119 1502 1608
f 50 1105 125
f 50 125 513
f 513 1279 1872
f 1872 50 513
f 1207 1105 50
f 1207 50 1302
f 559 1207 1302
f 1502 1637 1207
f 1502 1207 559
f 1502 1918 1637
f 1707 1286 101
f 486 1707 1389
f 1707 101 1389
f 486 1389 1451
f 1707 1528 1286
f 1333 1528 1707
f 1333 1707 486
f 1638 1528 1333
f 1426 1638 1333
f 887 1426 1333
f 1426 733 1638
f 905 53 1978
f 1978 124 905
f 1978 53 179
f 1286 1978 179
f 1578 124 1978
f 1528 1978 1286
f 1477 1578 1978
f 1477 1978 1528
f 1190 1477 1638
f 1638 1477 1528
f 733 729 1638
f 729 1190 1638
f 1578 562 124
f 1578 1762 562
f 1578 1196 1762
f 1477 1196 1578
f 1251 1196 1477
f 1190 1251 1477
f 1862 1119 729
f 1862 1565 1119
f 1575 1565 1284
f 1604 1575 1284
f 1604 188 1575
f 1010 1119 1565
f 45 1010 1565
f 1575 45 1565
f 1119 735 1502
f 1010 735 1119
f 1575 1083 45
f 188 1083 1575
f 735 1918 1502
f 1676 735 1010
f 1676 1010 45
f 1609 1676 45
f 1609 45 1083
f 1272 1609 1083
f 733 1426 1953
f 1953 1709 733
f 1660 1709 1953
f 902 1709 1660
f 1862 729 733
f 1709 1862 733
f 1781 1862 1709
f 1709 1284 1781
f 1284 1709 902
f 902 1854 1284
f 1565 1862 1781
f 1284 1565 1781
f 1604 1284 1854
f 1604 1766 188
f 1766 1604 1256
f 1766 1256 1966
f 1966 996 1766
f 1552 1418 996
f 914 188 1766
f 996 1521 1766
f 1418 1000 996
f 914 1083 188
f 1521 914 1766
f 1000 1521 996
f 1619 1083 914
f 593 1619 914
f 593 914 1521
f 1000 1089 593
f 593 1521 1000
f 902 1660 1093
f 1963 1093 1660
f 883 1093 1963
f 1017 1093 883
f 1846 1017 883
f 1804 1017 1846
f 1093 1854 902
f 1256 1854 1093
f 1017 1256 1093
f 1966 1256 1017
f 1552 1966 1017
f 1804 1552 1017
f 1256 1604 1854
f 1552 996 1966
f 1168 171 1418
f 1696 1745 171
f 171 1168 1696
f 1688 1745 1696
f 1101 1688 1696
f 1418 1768 1000
f 1768 1418 171
f 1383 1768 171
f 1745 1383 171
f 1745 151 1383
f 1688 151 1745
f 1768 932 1000
f 932 1089 1000
f 1383 1823 932
f 1383 932 1768
f 151 407 1383
f 1738 1804 1846
f 1175 1738 1846
f 1738 1178 1804
f 1958 1566 1178
f 1178 1738 1958
f 1476 1958 1738
f 913 1958 1476
f 1804 1168 1552
f 1178 1168 1804
f 1696 1168 1178
f 1696 1178 1566
f 1101 1696 1566
f 1168 1418 1552
f 1688 1101 702
f 1636 702 1101
f 1011 702 1636
f 1852 1011 1636
f 1852 920 1011
f 920 1852 1516
f 920 741 1011
f 1688 1659 151
f 702 1659 1688
f 1011 1659 702
f 1011 741 1659
f 920 1920 741
f 1659 1158 151
f 741 1607 1659
f 703 1607 741
f 1920 703 741
f 1920 1964 703
f 1970 1566 1958
f 913 1970 1958
f 302 1130 1970
f 302 1970 913
f 1481 1774 1130
f 1481 1130 302
f 1970 1101 1566
f 1636 1101 1970
f 1130 1636 1970
f 1130 1852 1636
f 1774 1852 1130
f 1516 1852 1774
f 1994 920 1516
f 927 1994 517
f 1780 927 517
f 579 927 1780
f 1920 920 1994
f 275 1994 927
f 1994 275 1920
f 1162 275 927
f 579 1422 1162
f 1162 927 579
f 104 1964 1920
f 275 104 1920
f 275 1162 104
f 1469 104 1162
f 1422 557 1162
f 558 1774 1481
f 1622 1774 558
f 1791 1622 558
f 1791 1585 1622
f 1516 1774 1394
f 1394 1774 1622
f 1821 517 1394
f 1394 1622 1821
f 1585 1821 1622
f 1585 1280 1821
f 1280 1780 1821
f 1394 1994 1516
f 517 1994 1394
f 1821 1780 517
f 202 490 1662
f 1254 581 433
f 581 1048 433
f 490 581 1254
f 1769 581 490
f 125 168 1048
f 1048 513 125
f 1048 581 513
f 1254 66 514
f 1662 490 1254
f 1662 1254 514
f 168 225 24
f 1048 168 24
f 433 1048 24
f 433 24 66
f 66 1254 433
f 1320 225 168
f 225 362 1764
f 1764 24 225
f 24 1764 66
f 1320 1209 362
f 1320 362 225
f 1764 978 1715
f 66 1764 1715
f 514 66 1715
f 978 362 752
f 1764 362 978
f 752 362 1209
f 221 752 1209
f 1715 978 531
f 531 978 752
f 531 752 1525
f 64 221 612
f 1525 752 221
f 64 1525 221
f 1715 531 1195
f 416 1525 64
f 64 811 416
f 416 531 1525
f 416 1195 531
f 64 826 811
f 64 612 826
f 1892 1195 1215
f 1892 1715 1195
f 811 17 71
f 811 71 304
f 416 811 304
f 304 1215 1195
f 304 1195 416
f 17 811 826
f 515 71 532
f 71 17 532
f 304 71 515
f 1215 304 515
f 17 4 532
f 1662 119 202
f 119 1662 514
f 514 1715 1892
f 1892 119 514
f 1207 1881 1105
f 1637 1109 1207
f 1105 296 125
f 296 1320 168
f 296 168 125
f 1881 296 1105
f 1109 1881 1207
f 296 1209 1320
f 296 73 1209
f 1881 73 296
f 1109 1534 1881
f 1109 1637 1918
f 1155 1109 1918
f 73 612 221
f 73 221 1209
f 1534 1304 73
f 1881 1534 73
f 1316 1534 1109
f 1155 1316 1109
f 1304 612 73
f 612 40 826
f 1304 40 612
f 1145 1304 1534
f 1316 1145 1534
f 1155 1515 1316
f 40 17 826
f 1145 40 1304
f 1470 1145 1316
f 1470 1316 1515
f 4 17 40
f 1041 4 40
f 1041 40 1145
f 1470 483 1145
f 1515 891 1470
f 735 1676 1918
f 1676 1740 1155
f 1676 1155 1918
f 1609 1740 1676
f 1867 1740 1609
f 1272 1867 1609
f 1272 1937 1867
f 1798 1867 1937
f 1740 1515 1155
f 1740 1931 1515
f 1867 1931 1740
f 1867 1369 1931
f 1369 1867 1798
f 1931 891 1515
f 988 1369 1798
f 1619 1272 1083
f 1670 1619 593
f 1089 1670 593
f 1619 1937 1272
f 1365 1937 1619
f 1670 1365 1619
f 1089 1143 1670
f 1670 1143 1365
f 1143 1089 1756
f 1365 1798 1937
f 1365 984 1798
f 1799 1143 1756
f 1143 1039 1365
f 1039 984 1365
f 1143 1799 1039
f 984 988 1798
f 1383 407 1823
f 1158 407 151
f 932 1756 1089
f 932 846 1756
f 1823 846 932
f 1815 1823 407
f 1815 407 1158
f 1815 846 1823
f 1158 1387 1815
f 846 1799 1756
f 1826 1799 846
f 1815 1826 846
f 1976 1826 1815
f 1976 1815 1387
f 1081 1826 1976
f 1135 1158 1659
f 1607 1135 1659
f 703 671 1607
f 1607 671 1135
f 1964 30 703
f 1135 1387 1158
f 30 671 703
f 839 1387 1135
f 839 1135 671
f 671 1775 839
f 30 1775 671
f 252 1775 30
f 252 1702 1775
f 1387 761 1976
f 839 761 1387
f 1416 761 839
f 1775 1416 839
f 1702 1416 1775
f 1162 557 1469
f 1422 1180 557
f 104 1016 1964
f 1469 1016 104
f 1964 1016 30
f 557 694 1469
f 1180 694 557
f 1016 252 30
f 1469 1750 1016
f 694 1750 1469
f 1750 252 1016
f 694 1264 1750
f 252 838 1702
f 838 252 1750
f 1264 838 1750
f 694 756 1264
f 756 1902 1264
f 1066 471 174
f 1066 174 286
f 1451 471 1066
f 286 196 378
f 471 828 174
f 196 286 137
f 286 174 137
f 1046 378 196
f 727 1046 509
f 727 378 1046
f 509 257 205
f 205 727 509
f 205 257 229
f 1836 205 229
f 174 828 745
f 137 174 745
f 137 745 1856
f 137 1856 107
f 107 196 137
f 107 506 250
f 250 1046 196
f 250 196 107
f 250 506 1355
f 1355 509 250
f 509 1046 250
f 1355 257 509
f 257 1355 410
f 410 229 257
f 229 410 399
f 399 1397 229
f 320 399 1295
f 1295 185 320
f 1856 745 1007
f 506 107 1856
f 1355 506 220
f 863 220 204
f 410 1355 220
f 863 410 220
f 1014 863 204
f 1014 1295 863
f 399 410 863
f 1295 399 863
f 220 506 1363
f 204 220 1363
f 347 1014 386
f 347 185 1295
f 1295 1014 347
f 1548 204 1363
f 1548 1014 204
f 386 1014 1548
f 386 1548 1029
f 1363 506 1856
f 1655 185 576
f 320 185 1655
f 1655 576 239
f 576 185 347
f 347 386 868
f 576 347 868
f 576 868 239
f 386 1029 389
f 868 386 389
f 868 389 1589
f 1589 1005 239
f 239 868 1589
f 1005 1589 152
f 227 1005 152
f 227 152 1156
f 1624 389 1368
f 389 1029 1368
f 1589 389 1624
f 152 1589 1624
f 152 1624 1730
f 152 1730 308
f 308 1156 152
f 655 1156 308
f 49 486 1451
f 49 1451 1066
f 286 378 198
f 1066 286 198
f 198 49 1066
f 198 378 727
f 1396 198 727
f 727 205 1836
f 1836 1396 727
f 281 1333 486
f 281 486 49
f 281 49 198
f 281 198 1396
f 1226 281 1396
f 1396 595 1226
f 887 1333 281
f 1226 887 281
f 1026 887 1226
f 1850 1426 887
f 1850 887 1026
f 1836 229 1397
f 1396 1836 595
f 1247 595 1397
f 595 1836 1397
f 1060 595 1247
f 1060 1226 595
f 1957 1026 1226
f 1957 1226 1060
f 1367 1026 1957
f 1247 1397 320
f 1397 399 320
f 1655 1247 320
f 1711 1060 1247
f 1655 239 524
f 1247 1655 1711
f 1711 1655 524
f 1833 1060 1711
f 1957 1060 1833
f 919 1957 1833
f 1367 1957 919
f 239 1005 524
f 1289 524 227
f 524 1005 227
f 1289 1711 524
f 427 1711 1289
f 427 1833 1711
f 919 1833 1991
f 1289 227 1156
f 1311 1289 1156
f 427 1289 1311
f 1833 427 1991
f 822 919 1991
f 1311 1156 655
f 655 209 810
f 810 1311 655
f 427 1311 897
f 1311 47 897
f 427 897 1991
f 1991 897 1188
f 1179 1991 1188
f 822 1991 1179
f 1717 1850 1026
f 1953 1426 1850
f 1375 1953 1850
f 1717 1375 1850
f 1375 1660 1953
f 1375 1717 1713
f 1963 1660 1375
f 1713 1963 1375
f 1843 1963 1713
f 1367 1717 1026
f 1030 1717 1367
f 1992 1717 1030
f 1713 1717 1992
f 862 1713 1992
f 449 1843 1713
f 449 1713 862
f 1367 919 1921
f 1030 1367 1921
f 878 1992 1030
f 878 1030 1921
f 1268 862 878
f 862 1992 878
f 1620 862 1268
f 878 1921 647
f 822 1921 919
f 647 1921 822
f 878 647 1623
f 1623 1268 878
f 1113 1268 1623
f 822 1179 1582
f 647 822 1582
f 647 1582 95
f 1623 647 95
f 1623 95 1133
f 1834 1113 1623
f 1623 1133 1834
f 1323 1963 1843
f 1323 883 1963
f 1323 1811 883
f 1811 1846 883
f 1811 1323 1772
f 1724 1323 1843
f 1724 1843 449
f 1128 1323 1724
f 1772 1323 1128
f 1917 1772 1128
f 449 862 1620
f 1724 449 1620
f 1917 1128 1266
f 944 1724 1620
f 944 1128 1724
f 1266 1128 944
f 1620 1268 1113
f 450 1620 1113
f 450 944 1620
f 1364 1266 944
f 1266 1364 1013
f 1364 944 450
f 450 1113 1834
f 450 1834 1861
f 76 450 1861
f 1364 450 76
f 1820 1364 76
f 1013 1364 1820
f 1175 1846 1811
f 1772 1175 1811
f 1115 1175 1772
f 1738 1175 1476
f 1476 1175 1115
f 940 1476 1115
f 940 742 1476
f 1115 1772 1917
f 1657 1115 1917
f 951 1115 1657
f 940 1115 951
f 1177 940 951
f 1657 1917 661
f 661 1917 1266
f 1610 951 1657
f 1657 661 1102
f 1610 1657 1102
f 951 1610 1998
f 1177 951 1998
f 1933 661 1266
f 1266 1013 1933
f 1102 661 1933
f 475 1998 1610
f 1255 1102 1933
f 1610 1102 608
f 1610 608 475
f 1449 1933 1013
f 1449 1013 1820
f 1255 1933 1449
f 608 1102 1255
f 608 1255 1440
f 475 608 1849
f 913 1476 742
f 1630 742 940
f 913 742 302
f 1210 302 742
f 1630 1210 742
f 1210 1630 1522
f 1481 302 1210
f 1635 1210 1522
f 1487 1481 1210
f 1635 1487 1210
f 1177 1630 940
f 419 1630 1177
f 419 1522 1630
f 1522 419 1704
f 1522 1704 1728
f 1635 1522 1728
f 419 1177 1998
f 1073 419 1998
f 1073 1704 419
f 1704 1073 1899
f 1899 1385 1704
f 1385 1728 1704
f 1073 1998 475
f 700 1385 1899
f 1379 475 1849
f 1977 1073 1379
f 1073 475 1379
f 1899 1073 1977
f 1705 1899 1977
f 700 1899 1705
f 558 1481 1487
f 1487 1635 1265
f 1718 558 1487
f 1718 1487 1265
f 1718 1791 558
f 1446 1718 1265
f 1117 1791 1718
f 1446 1117 1718
f 1468 1635 1728
f 1265 1635 1468
f 1265 1468 767
f 767 1446 1265
f 1325 1446 767
f 767 1468 1633
f 1356 1325 767
f 1468 1728 1385
f 1468 1385 1358
f 1633 1468 1358
f 1077 767 1633
f 1356 767 1077
f 1358 1385 700
f 1633 1358 488
f 1633 488 1077
f 1743 1356 1077
f 1358 700 764
f 488 1358 764
f 1077 488 1644
f 1743 1077 1644
f 764 700 1705
f 488 764 1434
f 488 1434 1558
f 1558 1644 488
f 1029 1548 1368
f 1856 1007 1250
f 1363 1250 119
f 1363 1856 1250
f 1368 1548 1363
f 1363 119 1368
f 1507 1368 1803
f 1277 1624 1368
f 1628 1730 1277
f 1730 1624 1277
f 1730 1628 451
f 308 1730 451
f 209 308 144
f 308 451 144
f 209 655 308
f 1277 1368 1507
f 1628 1277 1507
f 139 451 1628
f 451 139 465
f 144 451 465
f 144 465 1391
f 1391 209 144
f 139 1628 1507
f 465 139 1285
f 258 69 1285
f 1391 465 1285
f 69 1391 1285
f 1249 139 1507
f 1645 139 1249
f 1645 1249 912
f 1285 139 1645
f 332 1285 1645
f 332 258 1285
f 319 258 332
f 1803 1249 1507
f 912 1249 1803
f 16 1645 912
f 332 1645 16
f 1084 332 16
f 1084 16 189
f 319 332 1084
f 1076 912 1803
f 1417 912 1076
f 16 912 1417
f 189 16 1417
f 1417 461 282
f 282 189 1417
f 1076 1803 840
f 479 1076 840
f 1417 1076 479
f 461 1417 479
f 933 840 1803
f 840 933 180
f 479 840 180
f 19 479 180
f 180 208 19
f 461 479 19
f 1324 282 461
f 1324 461 19
f 47 810 453
f 47 1311 810
f 810 209 1391
f 453 810 1391
f 453 1391 69
f 69 258 948
f 948 453 69
f 618 47 453
f 618 453 948
f 618 897 47
f 591 897 618
f 1188 897 591
f 1666 1188 591
f 1179 1188 1666
f 948 258 319
f 948 319 1813
f 1813 319 1084
f 618 948 1813
f 591 618 1047
f 377 1813 189
f 1813 1084 189
f 1047 618 377
f 618 1813 377
f 1580 591 1047
f 1580 1666 591
f 377 189 282
f 1979 1047 377
f 1580 1047 855
f 391 377 282
f 377 391 1979
f 855 1047 1979
f 391 282 1324
f 1288 1580 1959
f 1580 855 1959
f 717 1834 1133
f 1805 1582 1666
f 1582 1179 1666
f 95 1582 1805
f 95 1805 1100
f 1133 95 1100
f 1133 1100 717
f 717 1100 339
f 568 1666 1580
f 568 1805 1666
f 1760 1805 568
f 1100 1805 1760
f 339 1100 1760
f 1288 568 1580
f 339 1760 1739
f 1760 568 1288
f 1861 1834 717
f 1069 1861 1193
f 1861 717 1193
f 76 1861 1069
f 570 76 1069
f 1820 76 570
f 1193 717 339
f 1069 1193 1267
f 939 570 1069
f 939 1069 1267
f 339 1739 1554
f 1554 1193 339
f 1267 1193 1554
f 1818 939 1267
f 1440 1255 1449
f 798 608 1440
f 798 1849 608
f 709 1849 798
f 683 1449 570
f 1449 1820 570
f 683 1440 1449
f 798 1440 1965
f 709 798 1965
f 1965 1440 683
f 709 1965 1807
f 1171 683 570
f 1965 683 1171
f 1171 570 939
f 1965 1171 1419
f 1807 1965 80
f 80 1965 1419
f 421 939 1818
f 421 1171 939
f 1419 1171 421
f 1849 709 1379
f 1705 1977 336
f 336 1977 1379
f 1379 709 1779
f 1779 336 1379
f 1335 1705 336
f 1335 336 1716
f 709 1807 1779
f 336 1779 1716
f 1779 1807 1907
f 1716 1779 1399
f 1907 1807 80
f 1399 1779 1907
f 716 1716 1399
f 764 1705 1335
f 1434 764 1335
f 1514 1644 1558
f 1434 1335 1488
f 1558 1434 1538
f 648 1558 1538
f 648 1514 1558
f 1488 1335 1716
f 1538 1434 1488
f 1404 648 1538
f 716 1488 1716
f 1874 1538 1488
f 1404 1538 1874
f 1874 1488 716
f 1404 1874 1459
f 1259 579 1780
f 1280 1259 1780
f 1259 1280 1271
f 879 1259 1271
f 1755 879 1271
f 1075 879 1755
f 1192 1075 1755
f 1192 820 1075
f 804 1259 879
f 1259 1422 579
f 804 1422 1259
f 879 1569 804
f 1569 879 1075
f 740 1569 1075
f 804 1441 1422
f 1441 1180 1422
f 1753 1441 804
f 1569 1753 804
f 740 1541 1569
f 680 1585 1791
f 138 1585 680
f 1945 138 680
f 970 138 1945
f 954 970 1945
f 954 1945 620
f 138 1280 1585
f 138 1271 1280
f 1271 138 970
f 970 1755 1271
f 970 1192 1755
f 1192 970 954
f 1054 820 1795
f 228 1054 1795
f 1765 228 1795
f 228 1765 1960
f 1703 228 1960
f 820 740 1075
f 1054 740 820
f 228 60 1054
f 860 60 228
f 860 228 1703
f 890 740 1054
f 1054 60 890
f 740 1706 1541
f 890 1706 740
f 60 1523 890
f 1236 1523 60
f 1236 60 860
f 1258 954 620
f 1258 1698 954
f 1698 1258 1430
f 1430 673 1698
f 673 1430 1757
f 353 1757 1430
f 487 673 1757
f 1698 1681 954
f 1681 1192 954
f 673 1795 1681
f 673 1681 1698
f 1765 1795 673
f 1765 673 487
f 487 1960 1765
f 1681 820 1192
f 1681 1795 820
f 519 1703 1960
f 1336 1894 519
f 640 1336 519
f 861 847 1703
f 519 861 1703
f 1894 861 519
f 1894 1336 1746
f 847 860 1703
f 861 715 847
f 1894 715 861
f 1894 610 715
f 1894 1746 610
f 1236 860 847
f 847 538 1236
f 715 538 847
f 8 538 715
f 610 8 715
f 943 610 1746
f 280 943 1746
f 487 1757 191
f 191 1757 1057
f 1057 1757 353
f 1057 353 626
f 1967 146 191
f 867 1967 1057
f 1967 191 1057
f 1568 867 1057
f 467 725 1960
f 467 1960 487
f 467 487 191
f 146 467 191
f 366 725 467
f 366 640 725
f 146 366 467
f 456 366 146
f 146 1967 456
f 456 1967 1796
f 1796 1967 867
f 1104 1796 867
f 725 519 1960
f 640 519 725
f 640 366 27
f 744 27 366
f 366 456 744
f 1104 259 1796
f 744 456 1796
f 27 1336 640
f 1472 1336 27
f 744 1472 27
f 1932 744 1796
f 1796 259 1932
f 1746 1336 1472
f 744 629 1472
f 1932 629 744
f 641 1932 259
f 280 1746 1472
f 629 280 1472
f 629 1932 1222
f 641 1222 1932
f 1222 278 629
f 789 1222 641
f 775 789 641
f 278 1464 280
f 278 280 629
f 1166 278 1222
f 789 1166 1222
f 1541 1753 1569
f 1027 694 1180
f 1441 1027 1180
f 1753 1648 1441
f 1648 1027 1441
f 1648 1753 1541
f 1541 649 1648
f 785 1027 1648
f 649 785 1648
f 756 694 1027
f 1598 785 649
f 785 1848 1027
f 1848 756 1027
f 1598 1848 785
f 1523 1706 890
f 1706 649 1541
f 1706 1352 649
f 1352 1706 1523
f 1523 976 1352
f 976 1523 1236
f 1352 1742 649
f 976 778 1352
f 976 1539 778
f 1742 1598 649
f 778 1742 1352
f 1742 924 1598
f 778 1353 1742
f 1353 924 1742
f 1539 783 778
f 783 1353 778
f 538 525 1236
f 538 1401 525
f 8 1401 538
f 610 1665 8
f 1665 610 943
f 117 943 280
f 1665 1401 8
f 120 1665 943
f 525 976 1236
f 1042 976 525
f 1401 1956 1042
f 1401 1042 525
f 1431 1956 1401
f 1665 1431 1401
f 120 1431 1665
f 120 943 117
f 1042 1539 976
f 1431 1303 1956
f 120 1340 1431
f 1381 120 117
f 1956 1865 1042
f 1303 1865 1956
f 1340 1303 1431
f 1381 1340 120
f 1042 1865 1539
f 1865 1736 1539
f 1865 1303 598
f 1340 598 1303
f 1381 974 1340
f 1865 2000 1736
f 2000 1865 598
f 1340 549 598
f 974 549 1340
f 783 1539 1736
f 598 1321 2000
f 549 1321 598
f 974 1344 549
f 1464 117 280
f 1381 117 1242
f 1242 1287 1381
f 1287 974 1381
f 1733 1499 1287
f 1287 857 974
f 1499 857 1287
f 857 1342 974
f 31 1464 278
f 1166 31 278
f 789 592 1166
f 775 77 789
f 818 592 789
f 77 818 789
f 1166 592 872
f 1166 830 31
f 830 1166 872
f 592 1002 706
f 706 872 592
f 818 1002 592
f 357 830 872
f 357 872 706
f 1002 818 900
f 706 1002 149
f 2 706 149
f 1777 149 900
f 149 1002 900
f 211 2 149
f 1866 149 1777
f 1866 211 149
f 572 211 1866
f 1242 117 1464
f 31 1242 1464
f 31 1448 1242
f 31 1453 1448
f 830 1122 31
f 1122 1453 31
f 3 1122 830
f 1138 1122 3
f 412 1138 3
f 3 830 357
f 357 412 3
f 706 942 357
f 942 412 357
f 2 625 942
f 625 412 942
f 942 706 2
f 1376 414 625
f 625 2 211
f 1895 1376 625
f 330 1376 1895
f 625 211 572
f 1895 625 572
f 1448 1733 1242
f 1122 836 1453
f 311 1453 836
f 1138 836 1122
f 414 836 1138
f 412 414 1138
f 261 836 414
f 625 414 412
f 1376 106 261
f 1376 1314 106
f 1376 261 414
f 1314 1376 330
f 1733 1287 1242
f 1453 43 1448
f 43 1733 1448
f 311 43 1453
f 43 311 289
f 836 289 311
f 261 289 836
f 261 106 289
f 43 1499 1733
f 417 1499 43
f 1141 417 43
f 1141 43 289
f 1395 504 1141
f 106 1395 289
f 1395 1141 289
f 401 504 1395
f 1314 1395 106
f 1314 401 1395
f 1444 401 1314
f 1141 1157 417
f 504 1157 1141
f 401 114 504
f 1423 857 1499
f 1423 1499 417
f 843 1423 417
f 843 417 1157
f 504 440 1157
f 440 843 1157
f 114 440 504
f 985 572 1866
f 985 886 572
f 484 886 985
f 585 886 484
f 893 585 484
f 1331 585 893
f 363 1331 893
f 956 893 37
f 956 363 893
f 1466 363 956
f 1801 1466 956
f 232 330 1895
f 886 1895 572
f 886 232 1895
f 619 232 999
f 232 886 999
f 999 886 585
f 310 619 999
f 585 310 999
f 1331 1886 310
f 310 585 1331
f 1233 1886 1331
f 363 1233 1331
f 679 1233 1981
f 1981 1233 363
f 1981 363 1466
f 1444 1314 330
f 1227 1444 330
f 232 1227 330
f 1227 232 619
f 310 507 619
f 507 310 1886
f 148 507 1886
f 1233 622 1886
f 622 148 1886
f 679 622 1233
f 1888 1444 1227
f 507 1888 619
f 1888 1227 619
f 1386 622 679
f 1864 401 1444
f 1888 1349 1864
f 1888 1864 1444
f 1822 1349 1888
f 507 1822 1888
f 1822 507 148
f 352 1822 148
f 622 352 148
f 292 352 622
f 1386 292 622
f 114 401 1864
f 834 1349 1822
f 352 834 1822
f 292 1925 352
f 833 114 1864
f 833 1864 1349
f 511 833 1349
f 834 511 1349
f 352 1925 834
f 292 1983 1925
f 1801 523 1466
f 779 523 1801
f 1263 523 779
f 1263 779 1615
f 1721 1615 681
f 1212 1721 681
f 523 1981 1466
f 1897 781 1981
f 1897 1981 523
f 1897 523 1263
f 1263 994 1897
f 1091 994 1263
f 1615 1091 1263
f 1721 1091 1615
f 790 1091 1721
f 242 790 1721
f 242 635 790
f 1212 242 1721
f 1611 242 1212
f 516 1611 1212
f 781 1386 679
f 781 679 1981
f 1897 422 781
f 994 373 422
f 994 422 1897
f 1203 994 1091
f 790 635 1203
f 635 916 1203
f 1203 1091 790
f 369 1825 635
f 369 635 242
f 781 129 1386
f 422 129 781
f 373 994 1203
f 601 373 1203
f 916 601 1203
f 1825 1700 916
f 1825 916 635
f 980 1700 1825
f 292 1386 129
f 422 566 129
f 373 566 422
f 1722 1571 566
f 601 566 373
f 601 1722 566
f 765 1722 601
f 765 601 916
f 765 916 1700
f 980 262 1908
f 980 1908 1700
f 1465 292 129
f 566 1465 129
f 1571 1465 566
f 1722 765 335
f 335 765 1700
f 1700 1908 335
f 1983 292 1465
f 1571 1020 1465
f 1571 309 1020
f 1722 309 1571
f 1366 309 1722
f 1366 1722 335
f 335 415 1366
f 1908 415 335
f 1658 415 1908
f 454 369 1611
f 369 242 1611
f 22 1611 516
f 606 454 1611
f 606 1611 22
f 1380 1825 369
f 1380 369 153
f 256 1380 153
f 153 369 454
f 454 127 153
f 127 454 606
f 864 127 606
f 864 606 22
f 1079 864 22
f 279 127 864
f 545 864 1079
f 1380 1993 980
f 1380 980 1825
f 256 1993 1380
f 153 65 256
f 338 1993 256
f 65 338 256
f 65 153 127
f 819 338 65
f 279 65 127
f 819 65 279
f 864 849 279
f 849 819 279
f 849 864 545
f 1993 262 980
f 1868 262 1993
f 926 1868 1993
f 926 1993 338
f 338 321 926
f 819 321 338
f 1654 321 819
f 849 1654 819
f 497 1658 1908
f 497 1908 262
f 800 497 262
f 800 262 1868
f 800 1868 926
f 28 800 926
f 831 800 28
f 321 28 926
f 321 1508 28
f 1508 831 28
f 1508 321 1654
f 41 497 1339
f 178 497 800
f 1339 497 178
f 178 800 831
f 831 762 178
f 1296 1339 178
f 762 1296 178
f 1508 762 831
f 769 762 1508
f 1654 769 1508
f 680 1791 1117
f 1117 1446 1535
f 1782 680 1117
f 1782 1117 1535
f 1782 1945 680
f 1793 1782 1535
f 620 1945 1782
f 620 1782 1793
f 1370 620 1793
f 1535 1446 1325
f 1997 1535 1325
f 1997 1793 1535
f 1330 1793 1997
f 1330 1370 1793
f 1189 1330 1997
f 1651 1330 1189
f 1214 1325 1356
f 1214 1997 1325
f 1997 1214 1189
f 986 1651 1189
f 1214 1356 1743
f 1829 1189 1214
f 1189 1829 986
f 1214 1743 1787
f 1829 1214 1787
f 986 1829 1450
f 1743 1644 1514
f 1743 1514 1808
f 1787 1743 1808
f 1829 1787 1450
f 1450 1787 1816
f 1258 620 1370
f 1672 1258 1370
f 1672 1430 1258
f 1672 1370 1675
f 1584 1672 1675
f 1430 1672 353
f 1584 353 1672
f 370 1370 1330
f 1675 1370 370
f 1845 1675 370
f 938 1584 1675
f 938 1675 1845
f 1408 1584 938
f 1651 370 1330
f 1800 370 1651
f 1845 370 1800
f 1134 938 1845
f 439 938 1134
f 1845 1800 1134
f 1134 1800 1581
f 687 1651 986
f 1800 1651 687
f 1800 687 6
f 1581 1800 6
f 1661 1134 1581
f 1136 1581 6
f 1661 1581 1136
f 687 986 1450
f 687 1450 945
f 687 945 429
f 6 687 429
f 835 6 429
f 835 1136 6
f 353 1584 1068
f 1408 1068 1584
f 626 353 1068
f 1063 626 1068
f 349 1068 1408
f 349 360 1068
f 1568 1057 626
f 1568 626 1063
f 1063 1068 360
f 1408 938 439
f 1244 1408 439
f 349 1408 1244
f 349 520 360
f 23 520 349
f 23 349 1244
f 1104 867 1568
f 1104 1568 1063
f 255 1104 1063
f 255 1063 360
f 255 360 520
f 1244 439 1773
f 964 23 1244
f 1244 1773 964
f 520 1044 255
f 23 1044 520
f 78 23 964
f 255 794 1104
f 78 1044 23
f 259 1104 794
f 794 255 1044
f 964 896 78
f 1540 1044 78
f 794 1044 1187
f 896 1540 78
f 1540 1187 1044
f 1346 641 259
f 1346 259 794
f 1187 1346 794
f 1540 896 1512
f 1540 1669 1187
f 1540 1512 1669
f 1669 1512 1735
f 439 1134 1661
f 1172 439 1661
f 1172 1773 439
f 1773 768 964
f 768 1773 1172
f 896 964 768
f 677 768 1172
f 768 677 896
f 732 1172 1661
f 1186 677 732
f 677 1172 732
f 896 677 1512
f 677 1186 499
f 1512 677 499
f 732 1661 1136
f 732 1136 1749
f 1595 732 1749
f 1595 1186 732
f 1187 757 1346
f 1699 757 1187
f 1699 1187 1669
f 641 1346 775
f 757 775 1346
f 1669 782 1699
f 425 757 1699
f 1816 1787 1808
f 1050 1450 1816
f 1139 1808 648
f 1808 1514 648
f 1139 1816 1808
f 1816 1139 548
f 548 1050 1816
f 1153 1139 648
f 548 1139 1901
f 648 1404 1153
f 1901 1139 1153
f 1559 548 1901
f 1072 1901 1153
f 1559 1901 470
f 1153 1404 796
f 470 1901 1072
f 945 1450 1050
f 1794 1136 835
f 429 945 1410
f 429 1410 835
f 1050 548 747
f 945 1050 747
f 1410 945 747
f 86 835 1410
f 1794 835 86
f 747 548 1559
f 1410 747 187
f 86 1410 187
f 187 747 1559
f 1601 86 187
f 1496 187 1559
f 1601 187 1583
f 1747 1601 1583
f 1559 470 1496
f 1583 187 1496
f 1749 1136 1794
f 1001 1595 1749
f 724 499 1595
f 499 1186 1595
f 1512 499 1732
f 1735 1512 1732
f 1001 1749 1794
f 724 1595 1001
f 724 889 499
f 889 1732 499
f 979 1001 1794
f 1001 979 496
f 724 1001 496
f 724 777 889
f 724 496 777
f 889 155 1732
f 979 1794 86
f 979 86 1601
f 496 979 512
f 496 512 777
f 1429 889 777
f 889 1429 155
f 979 1601 1910
f 512 979 1910
f 512 1910 1032
f 1420 512 1032
f 777 512 1420
f 777 1420 1429
f 1420 1432 1429
f 1910 1601 1747
f 1910 1747 1600
f 1032 1910 1600
f 1032 1600 1116
f 1032 1116 1420
f 1432 901 1429
f 1420 1116 113
f 1432 1420 113
f 1432 1062 901
f 1735 782 1669
f 782 425 1699
f 757 77 775
f 757 495 77
f 425 495 757
f 746 77 495
f 495 425 441
f 1735 1984 782
f 502 877 425
f 502 425 782
f 502 782 1984
f 1564 818 77
f 1564 77 746
f 340 746 495
f 340 495 441
f 877 441 425
f 1034 900 1564
f 900 818 1564
f 1034 1564 746
f 1034 746 1587
f 464 1587 340
f 1587 746 340
f 340 441 1712
f 1712 464 340
f 1777 900 1034
f 1034 1587 271
f 271 1777 1034
f 271 1587 464
f 1114 1866 1777
f 1114 1777 271
f 236 1114 271
f 254 1114 460
f 1114 236 460
f 1712 441 877
f 402 877 502
f 245 1712 877
f 236 271 464
f 464 1712 169
f 169 236 464
f 638 169 140
f 169 1712 245
f 169 245 140
f 1413 236 638
f 236 169 638
f 460 236 1413
f 949 502 1984
f 1984 1885 949
f 402 502 949
f 245 877 402
f 245 402 1146
f 245 1146 140
f 140 1146 409
f 638 140 650
f 650 1413 638
f 650 140 409
f 1413 650 15
f 1885 806 949
f 528 402 949
f 1086 949 806
f 1086 528 949
f 1146 402 528
f 590 1146 528
f 609 528 1086
f 609 590 528
f 409 1146 590
f 57 409 590
f 650 409 57
f 1842 650 57
f 15 650 1842
f 806 398 1086
f 424 57 609
f 57 590 609
f 424 609 1553
f 1281 57 424
f 1281 1842 57
f 1241 1842 1281
f 398 59 1086
f 1553 609 1086
f 1553 1086 59
f 346 20 59
f 346 59 398
f 20 1553 59
f 1191 424 1553
f 1191 1553 20
f 1191 1281 424
f 1913 1281 1191
f 155 1735 1732
f 1735 155 1984
f 1885 1984 155
f 155 1103 1885
f 1429 1103 155
f 1429 901 1103
f 1885 398 806
f 398 1885 1103
f 1883 1103 901
f 398 1103 1883
f 398 1883 346
f 1866 1114 909
f 985 1866 909
f 909 1114 254
f 909 254 1506
f 985 909 1684
f 484 985 1684
f 1684 909 1506
f 1684 1506 1150
f 1150 503 1684
f 484 1684 37
f 893 484 37
f 37 1684 503
f 953 37 503
f 317 953 503
f 956 37 953
f 1889 1801 956
f 1889 956 953
f 1360 1889 953
f 1221 254 460
f 1221 460 1413
f 718 1506 1221
f 1506 254 1221
f 829 1150 718
f 1150 1506 718
f 317 503 1150
f 1150 829 813
f 317 1150 813
f 1360 953 317
f 317 813 1360
f 1360 813 881
f 276 1413 15
f 1221 1413 276
f 215 276 15
f 26 718 1221
f 26 1221 276
f 1243 276 215
f 1243 26 276
f 1949 26 1243
f 734 829 26
f 829 718 26
f 734 26 1949
f 829 734 193
f 813 829 193
f 813 193 1182
f 881 813 1182
f 1 881 1182
f 15 1842 215
f 734 1949 485
f 734 485 1561
f 193 734 1561
f 329 1182 1561
f 1182 193 1561
f 1 1182 329
f 215 1842 1241
f 215 1241 934
f 934 1243 215
f 1243 934 126
f 126 1949 1243
f 485 1949 126
f 478 485 126
f 1561 485 478
f 116 1561 478
f 329 1561 116
f 1463 329 116
f 934 1241 1913
f 1241 1281 1913
f 126 934 1208
f 478 126 1208
f 993 934 1913
f 1208 934 993
f 560 478 1208
f 870 478 560
f 870 116 478
f 597 116 870
f 1463 116 597
f 1495 1463 597
f 865 1889 1360
f 697 1801 1889
f 697 779 1801
f 865 697 1889
f 697 865 423
f 779 697 1106
f 1106 1615 779
f 1106 697 1377
f 697 423 1377
f 681 1615 1106
f 1106 1377 165
f 681 1106 165
f 1173 1212 681
f 1173 681 165
f 516 1212 1173
f 1987 865 1360
f 1987 1360 881
f 841 865 1987
f 423 865 841
f 375 423 841
f 375 1167 423
f 1167 1377 423
f 102 615 1167
f 165 1377 1167
f 615 165 1167
f 1173 165 1398
f 1398 34 1173
f 1398 165 615
f 578 1398 615
f 1987 881 1
f 1987 1 987
f 987 841 1987
f 1070 375 841
f 841 987 526
f 526 1070 841
f 1167 375 141
f 375 1070 141
f 1167 141 102
f 1489 102 141
f 1308 615 102
f 1308 102 1489
f 578 615 1308
f 903 1070 526
f 141 1070 1428
f 1070 903 1428
f 141 1428 1489
f 699 1308 1489
f 1015 1308 699
f 947 1 1463
f 1 329 1463
f 987 1 947
f 987 947 766
f 526 987 766
f 526 766 903
f 547 1428 903
f 248 547 903
f 547 1489 1428
f 142 699 946
f 699 1489 547
f 699 547 946
f 142 1015 699
f 766 947 1905
f 248 903 766
f 946 547 248
f 689 142 946
f 1495 947 1463
f 1905 947 1495
f 248 766 1905
f 689 248 436
f 689 946 248
f 1837 1022 142
f 142 689 1837
f 646 516 34
f 516 1173 34
f 22 516 646
f 247 34 1398
f 1129 247 1398
f 1129 1398 578
f 646 143 22
f 1024 646 34
f 1024 143 646
f 1024 34 247
f 719 1024 247
f 1129 719 247
f 244 1129 578
f 244 578 1308
f 1079 22 143
f 1458 1079 143
f 1893 1458 143
f 1893 143 1024
f 1893 1024 719
f 801 1893 719
f 770 801 719
f 770 719 1129
f 1129 546 770
f 1129 244 546
f 201 546 244
f 1458 545 1079
f 801 770 763
f 244 1308 1015
f 1234 244 1015
f 1767 1234 1015
f 546 61 770
f 61 763 770
f 1827 763 61
f 201 1827 61
f 61 546 201
f 201 466 575
f 575 1827 201
f 466 201 1234
f 201 244 1234
f 466 1234 1767
f 1458 959 545
f 801 959 1893
f 959 1458 1893
f 763 959 801
f 1015 142 1767
f 466 167 575
f 167 802 575
f 466 1971 167
f 1971 802 167
f 1971 466 1767
f 763 46 959
f 46 763 1827
f 1827 660 46
f 660 1827 575
f 660 575 802
f 1767 142 1022
f 639 1767 1022
f 1485 235 98
f 98 802 1971
f 1485 98 1971
f 1405 235 1485
f 1405 1485 639
f 1485 1971 1767
f 1485 1767 639
f 959 849 545
f 660 1741 46
f 802 98 660
f 98 235 1741
f 98 1741 660
f 672 639 1022
f 672 1022 1837
f 1405 1510 235
f 1405 1518 1510
f 1518 1405 672
f 1405 639 672
f 1654 849 959
f 235 1510 1741
f 156 1892 1215
f 156 1215 1471
f 36 515 532
f 36 532 463
f 1471 1215 515
f 1471 515 36
f 4 463 532
f 4 596 463
f 350 463 390
f 350 36 463
f 94 36 350
f 94 1471 36
f 94 10 156
f 94 156 1471
f 596 390 463
f 10 115 1517
f 1517 156 10
f 350 390 950
f 624 350 950
f 950 291 624
f 115 10 624
f 94 350 624
f 10 94 624
f 390 291 950
f 854 291 390
f 115 85 845
f 1517 115 845
f 611 1517 845
f 85 115 815
f 624 291 815
f 115 624 815
f 291 854 652
f 652 815 291
f 605 815 543
f 614 85 605
f 85 815 605
f 614 845 85
f 543 815 652
f 652 1123 543
f 1123 892 543
f 1935 611 712
f 611 845 712
f 611 1935 759
f 70 614 25
f 605 543 25
f 614 605 25
f 712 614 1301
f 614 70 1301
f 614 712 845
f 892 25 543
f 892 213 25
f 213 70 25
f 712 574 1935
f 574 1301 589
f 1301 70 589
f 574 712 1301
f 574 253 1935
f 1896 70 213
f 1896 589 70
f 1941 1935 253
f 759 1935 1941
f 759 1941 1334
f 253 574 589
f 589 1710 253
f 1124 589 1896
f 1710 589 1124
f 711 119 1892
f 1892 156 1517
f 1892 1517 611
f 711 1892 611
f 611 759 711
f 1442 711 1723
f 711 759 1334
f 1435 1442 1723
f 1435 1723 573
f 1723 711 1018
f 154 1435 573
f 596 4 1041
f 483 1041 1145
f 854 390 596
f 737 854 596
f 737 596 1041
f 1041 483 737
f 1470 1915 483
f 1915 1470 891
f 737 1726 854
f 483 111 737
f 111 1726 737
f 483 1915 111
f 1726 1123 652
f 1726 652 854
f 1915 1860 111
f 428 892 1123
f 428 1123 1726
f 428 1726 111
f 1915 1783 1860
f 428 929 892
f 929 213 892
f 1860 636 111
f 636 929 428
f 636 428 111
f 929 14 213
f 1896 213 14
f 93 14 929
f 636 93 929
f 1860 1990 636
f 1783 1990 1860
f 1783 1520 1990
f 14 1124 1896
f 1931 853 891
f 853 1931 1369
f 1930 853 1369
f 988 1930 1369
f 1928 1930 988
f 1783 1915 891
f 1783 891 853
f 853 1480 1783
f 1480 853 1930
f 1890 1480 1930
f 1928 1890 1930
f 1783 426 1520
f 426 1783 1480
f 1480 1663 426
f 1663 1480 1890
f 1890 356 1663
f 1944 356 1890
f 1944 1890 1928
f 984 1680 988
f 1039 1680 984
f 858 1039 1799
f 858 1680 1039
f 1680 1928 988
f 1097 1680 858
f 748 1928 1680
f 1097 748 1680
f 1505 1097 858
f 1097 274 748
f 1505 105 1097
f 105 274 1097
f 1928 368 1944
f 368 1928 748
f 274 368 748
f 274 1371 368
f 274 272 1371
f 272 274 105
f 272 105 1938
f 1572 858 1799
f 1572 1799 1826
f 1081 1572 1826
f 761 1081 1976
f 1527 1572 1081
f 761 1873 1081
f 858 1614 1505
f 1614 858 1572
f 1527 1614 1572
f 1081 1873 1527
f 1614 1938 1505
f 1938 105 1505
f 1614 859 1938
f 859 1614 1527
f 1531 859 1527
f 1873 1642 1527
f 1642 1531 1527
f 1612 1642 1873
f 1702 1594 1416
f 1416 1853 761
f 1594 1853 1416
f 1844 1873 761
f 1853 1844 761
f 1594 1292 1853
f 1142 1292 1594
f 730 1844 1853
f 1292 730 1853
f 1612 1873 1844
f 406 1612 1844
f 406 1844 730
f 1817 730 1292
f 1142 667 1292
f 667 1817 1292
f 730 1975 406
f 1817 1975 730
f 838 1594 1702
f 1264 1053 838
f 1053 1594 838
f 1902 1053 1264
f 1053 1142 1594
f 1653 1053 1902
f 750 1142 1053
f 1653 750 1053
f 1085 1653 1902
f 771 1653 1085
f 774 667 1142
f 774 1142 750
f 1306 774 750
f 1653 1306 750
f 771 1306 1653
f 736 1306 771
f 1088 1334 103
f 1334 1941 103
f 1710 181 384
f 253 1710 384
f 103 1941 675
f 1941 253 384
f 1941 384 675
f 181 1124 288
f 1124 181 1710
f 384 181 1427
f 960 675 7
f 675 384 1427
f 675 1427 7
f 960 103 675
f 1088 103 960
f 294 1427 181
f 445 960 7
f 7 1447 445
f 445 1088 960
f 7 1427 294
f 238 7 294
f 238 1447 7
f 445 1447 1357
f 1447 793 1357
f 711 1334 1088
f 1617 711 1088
f 711 1617 364
f 711 364 1018
f 154 573 1802
f 364 477 1018
f 1617 1088 445
f 1617 445 1152
f 1617 1152 364
f 1152 477 364
f 1018 477 621
f 52 1018 621
f 1723 1018 52
f 1723 52 1692
f 1723 1692 573
f 563 1152 803
f 1152 445 1357
f 1152 1357 803
f 621 477 563
f 477 1152 563
f 793 803 1357
f 573 1692 175
f 573 175 599
f 599 1802 573
f 563 535 62
f 62 621 563
f 1262 621 62
f 52 621 1262
f 1692 52 1262
f 1262 395 1884
f 1692 1262 1884
f 1692 1884 175
f 599 705 1802
f 705 555 1802
f 555 154 1802
f 555 404 154
f 803 793 535
f 535 563 803
f 394 62 535
f 394 395 1262
f 1262 62 394
f 1909 1884 327
f 1884 395 327
f 1200 482 1909
f 482 1884 1909
f 175 1884 482
f 1200 175 482
f 837 705 1200
f 599 175 1200
f 705 599 1200
f 555 705 837
f 394 99 395
f 99 327 395
f 99 246 327
f 246 1909 327
f 241 1200 1909
f 241 837 1200
f 269 555 837
f 1107 404 555
f 1107 555 269
f 1909 246 1455
f 241 1909 1455
f 241 1455 182
f 241 182 837
f 182 588 837
f 588 269 837
f 588 692 269
f 692 1107 269
f 288 1124 14
f 288 14 93
f 969 288 93
f 636 969 93
f 564 969 636
f 1990 564 636
f 1520 1067 1990
f 564 1990 1067
f 312 294 181
f 312 181 288
f 1486 294 312
f 312 288 969
f 780 1486 312
f 780 312 969
f 564 780 969
f 992 780 564
f 1067 992 564
f 238 294 1486
f 268 1447 238
f 268 238 1486
f 780 268 1486
f 992 1784 780
f 1067 693 992
f 1891 693 1067
f 793 1447 268
f 268 376 793
f 1784 376 780
f 376 268 780
f 992 693 1784
f 693 791 1784
f 376 231 793
f 1954 376 1784
f 1784 791 1954
f 693 823 791
f 535 793 231
f 743 394 535
f 743 535 231
f 376 1954 231
f 743 99 394
f 809 246 99
f 1954 743 231
f 1954 809 743
f 809 99 743
f 1954 1164 809
f 1164 1065 809
f 791 1164 1954
f 823 1164 791
f 823 442 1164
f 823 1205 442
f 809 1455 246
f 871 588 182
f 871 692 588
f 809 1065 1455
f 1065 871 1455
f 871 182 1455
f 383 692 871
f 1065 1218 871
f 383 871 1218
f 1065 1164 442
f 925 1065 442
f 1218 1065 925
f 925 1898 1218
f 1205 925 442
f 1649 1898 925
f 1649 925 1205
f 426 1067 1520
f 426 1891 1067
f 1663 911 426
f 911 1891 426
f 356 911 1663
f 1944 850 356
f 1944 1132 850
f 850 911 356
f 1891 1639 693
f 1639 1891 911
f 911 1668 1639
f 1668 911 850
f 219 1668 850
f 1132 219 850
f 1639 812 693
f 812 823 693
f 1639 1555 812
f 1668 1555 1639
f 1668 1577 1555
f 219 1577 1668
f 812 1205 823
f 1550 1205 812
f 1555 1550 812
f 1282 1550 1555
f 1577 1282 1555
f 1577 1165 1282
f 1550 1649 1205
f 431 1649 1550
f 1282 431 1550
f 1282 1858 431
f 937 1858 1282
f 1165 937 1282
f 368 1132 1944
f 1213 1132 368
f 1213 368 1371
f 1938 1332 272
f 272 1678 1371
f 1678 1213 1371
f 1332 1678 272
f 1213 1462 1132
f 1678 1462 1213
f 1778 1678 1332
f 219 1132 1462
f 1778 1462 1678
f 1392 1778 1332
f 1529 219 1462
f 1462 1498 1529
f 1498 1462 1778
f 1392 1300 1778
f 1529 1577 219
f 1300 1498 1778
f 1529 1165 1577
f 287 1165 1529
f 1498 287 1529
f 1498 1474 287
f 1300 1474 1498
f 1300 1328 1474
f 287 937 1165
f 1293 937 287
f 1686 937 1293
f 1474 1293 287
f 787 1293 1474
f 1328 787 1474
f 1484 1938 859
f 1531 1484 859
f 1531 1246 1484
f 1642 1246 1531
f 1770 1246 1642
f 1770 1642 1612
f 1484 1332 1938
f 1484 1392 1332
f 1246 501 1484
f 1770 904 1246
f 501 1392 1484
f 1246 904 501
f 1641 904 1770
f 1667 1392 501
f 904 1273 501
f 1641 1273 904
f 1667 1300 1392
f 1667 501 1273
f 1641 290 1273
f 1273 1159 1667
f 290 1159 1273
f 1667 1328 1300
f 1980 1328 1667
f 1159 1980 1667
f 1877 1980 1159
f 290 1877 1159
f 290 1792 1877
f 1748 787 1328
f 1748 1328 1980
f 1980 1714 1748
f 1714 1980 1877
f 1792 1714 1877
f 1612 1737 1770
f 406 1737 1612
f 1975 1737 406
f 1817 1916 1975
f 1916 1817 667
f 667 1689 1916
f 529 1737 1975
f 1939 529 1975
f 1939 1975 1916
f 1737 1641 1770
f 1737 529 1641
f 1810 1939 1916
f 1689 1810 1916
f 529 1725 1641
f 1627 529 1939
f 1627 1725 529
f 1939 1927 1627
f 1927 1939 1810
f 1725 290 1641
f 1725 1792 290
f 1725 1500 1792
f 1627 1500 1725
f 1927 1163 1500
f 1927 1500 1627
f 1297 1714 1792
f 1500 1297 1792
f 1545 1297 1500
f 1545 75 1297
f 1163 1545 1500
f 1347 1545 1163
f 1689 667 774
f 341 1689 774
f 1306 341 774
f 1306 1532 341
f 736 1532 1306
f 869 1532 736
f 1689 1563 1810
f 1563 1689 341
f 1445 1563 341
f 1532 1445 341
f 869 1445 1532
f 869 997 1647
f 1647 1445 869
f 1563 1473 1810
f 1473 1927 1810
f 1473 1563 1445
f 1445 1647 1473
f 1473 1378 1927
f 1378 1163 1927
f 1647 1378 1473
f 1647 817 1378
f 1926 817 1647
f 997 1926 1647
f 1378 1347 1163
f 923 1545 1347
f 1372 923 1347
f 1347 1378 817
f 1372 1347 817
f 1926 1372 817
f 1926 476 1372
f 119 711 1051
f 1051 1812 119
f 1812 1368 119
f 1803 1368 1812
f 874 933 1812
f 933 1803 1812
f 1051 711 1442
f 1771 1812 1051
f 1812 1771 1919
f 180 933 617
f 208 180 617
f 208 617 666
f 223 208 666
f 223 19 208
f 1324 19 223
f 825 933 874
f 825 617 933
f 617 825 1131
f 666 617 1131
f 666 1131 233
f 233 223 666
f 313 825 874
f 825 313 1443
f 1131 825 1443
f 233 1131 1443
f 56 233 1443
f 313 874 1059
f 1999 313 1059
f 1443 313 1999
f 1443 1999 1326
f 56 1443 1326
f 518 874 1812
f 518 1059 874
f 437 1999 1059
f 176 1999 437
f 1326 1999 176
f 1074 518 1812
f 518 1074 81
f 1059 518 81
f 437 1059 81
f 5 437 81
f 176 437 5
f 663 1074 1812
f 1006 1074 663
f 81 1074 1006
f 342 81 1006
f 96 5 81
f 96 81 342
f 1240 1812 1919
f 663 1812 1240
f 663 1240 173
f 1261 663 173
f 1261 1006 663
f 164 342 1261
f 342 1006 1261
f 1759 164 1261
f 164 96 342
f 1324 223 1350
f 391 1324 1350
f 391 1350 190
f 1979 391 190
f 855 1979 190
f 855 190 1959
f 223 233 1350
f 190 1350 1092
f 1350 233 56
f 1092 1350 56
f 1959 190 1855
f 172 1959 1855
f 1962 1092 1326
f 1092 56 1326
f 584 1092 1962
f 190 1092 584
f 1855 190 584
f 888 1962 176
f 1962 1326 176
f 888 176 5
f 1962 888 1882
f 1882 584 1962
f 1855 584 510
f 1859 1855 510
f 888 5 96
f 888 96 1882
f 510 584 1882
f 952 1859 510
f 160 96 164
f 873 1882 160
f 1882 96 160
f 1882 873 1973
f 1973 510 1882
f 952 510 1973
f 1760 1288 1720
f 1739 1760 1720
f 1288 1959 172
f 1288 172 1720
f 500 1739 1720
f 930 1739 500
f 1677 1720 172
f 172 237 1677
f 500 1720 1677
f 172 1855 1859
f 172 1859 237
f 500 1677 212
f 1176 500 212
f 814 237 1859
f 1327 237 814
f 1327 1677 237
f 212 1677 1327
f 814 1859 952
f 212 1327 1687
f 1924 212 1687
f 1267 1554 214
f 1818 1267 214
f 1554 1739 930
f 214 1554 930
f 1491 1818 214
f 1818 1491 1786
f 930 500 1176
f 214 930 928
f 1491 214 928
f 928 930 1176
f 1974 1786 1491
f 1974 1491 1603
f 1491 928 1603
f 1176 212 1924
f 1176 1924 1567
f 928 1176 1567
f 1603 928 1567
f 1974 1603 1693
f 80 1419 882
f 1786 421 1818
f 1643 1419 421
f 882 1419 1643
f 1643 421 1786
f 150 1643 1786
f 1643 150 1290
f 1719 1643 1290
f 882 1643 1719
f 150 1786 1974
f 1693 150 1974
f 150 1693 1543
f 1290 150 1543
f 1911 1290 1543
f 1719 1290 1911
f 1098 1719 1911
f 1907 80 882
f 344 1399 1907
f 1399 344 1652
f 1652 716 1399
f 344 1907 882
f 1479 344 882
f 1479 882 1719
f 344 1479 1049
f 1652 344 1049
f 1652 1049 1731
f 1098 1479 1719
f 1049 1479 1012
f 1012 1479 1098
f 1519 1049 1012
f 708 1049 1519
f 1731 1049 708
f 183 1012 1098
f 1874 716 1298
f 796 1404 1459
f 716 1652 1298
f 1874 1298 1459
f 1870 796 1459
f 1298 1652 1731
f 1298 1731 1276
f 1697 1459 1298
f 1697 1298 1276
f 1870 1459 1697
f 135 1870 1697
f 1276 1731 1590
f 1120 1870 135
f 1590 1731 708
f 1096 1276 1590
f 1096 1697 1276
f 135 1697 1096
f 1776 135 1096
f 1776 1120 135
f 1051 1442 48
f 58 1051 300
f 1051 48 300
f 58 1771 1051
f 88 1771 58
f 776 88 58
f 200 1442 1435
f 134 1442 200
f 134 48 1442
f 982 58 300
f 776 58 982
f 921 1435 154
f 404 921 154
f 358 1435 921
f 200 1435 358
f 1879 200 358
f 1879 159 200
f 159 134 200
f 48 134 633
f 372 48 633
f 300 48 372
f 170 300 372
f 982 300 170
f 325 170 372
f 1494 325 372
f 508 170 325
f 982 170 508
f 147 982 508
f 1411 921 404
f 18 358 795
f 921 1411 795
f 358 921 795
f 314 1879 18
f 1879 358 18
f 21 159 314
f 159 1879 314
f 11 159 21
f 134 159 11
f 316 134 11
f 316 372 633
f 633 134 316
f 1412 489 21
f 1412 21 314
f 136 11 21
f 489 136 21
f 316 11 136
f 1494 316 136
f 1494 372 316
f 444 325 1494
f 1411 404 1107
f 1744 18 795
f 1744 314 18
f 692 739 1107
f 739 1411 1107
f 739 1744 795
f 795 1411 739
f 314 1744 1412
f 1231 136 489
f 1919 1771 249
f 1919 249 856
f 856 1240 1919
f 922 1240 856
f 1240 922 1031
f 173 1240 1031
f 1759 1261 173
f 173 1031 1759
f 249 1771 88
f 132 856 249
f 922 856 132
f 1291 1031 922
f 1291 922 542
f 1291 1759 1031
f 701 88 776
f 701 249 88
f 226 132 701
f 132 249 701
f 542 132 226
f 542 922 132
f 1217 776 147
f 776 982 147
f 1217 701 776
f 226 701 1217
f 147 842 1217
f 842 318 1217
f 226 1217 318
f 44 842 508
f 842 147 508
f 443 508 325
f 443 325 444
f 468 1494 136
f 468 136 1231
f 468 444 1494
f 632 443 444
f 468 1231 580
f 632 444 468
f 580 632 468
f 1248 403 580
f 403 632 580
f 1111 632 403
f 42 1111 403
f 1549 42 403
f 1549 403 1876
f 1986 1549 1876
f 1986 493 1549
f 383 739 692
f 383 97 739
f 97 1744 739
f 97 1412 1744
f 627 1412 97
f 627 489 1412
f 627 1231 489
f 1690 97 383
f 1690 627 97
f 1218 1690 383
f 1248 627 1690
f 1248 580 1231
f 1231 627 1248
f 1898 1690 1218
f 1898 1248 1690
f 1876 403 1248
f 1876 1248 1898
f 1649 623 1898
f 623 1876 1898
f 623 1986 1876
f 164 1759 1305
f 160 164 1305
f 160 1305 873
f 755 952 1973
f 1291 542 186
f 186 1305 1291
f 1305 1759 1291
f 656 1305 186
f 656 873 1305
f 434 873 656
f 1973 873 434
f 755 1973 434
f 1388 952 755
f 210 542 226
f 186 542 210
f 656 186 210
f 1536 656 210
f 434 656 1536
f 1169 434 1536
f 755 434 1169
f 684 755 1169
f 1388 755 684
f 1003 318 842
f 1003 210 318
f 210 226 318
f 1111 1536 1003
f 1536 210 1003
f 1536 1111 42
f 42 1169 1536
f 44 508 443
f 44 1003 842
f 44 443 632
f 632 1003 44
f 1111 1003 632
f 1169 42 1549
f 684 1169 1549
f 493 684 1549
f 1986 1438 493
f 1354 1438 1986
f 1560 1438 1354
f 1560 1354 1310
f 431 623 1649
f 1682 623 431
f 1986 623 1682
f 1858 1682 431
f 1354 1986 1682
f 1878 1354 1682
f 1878 1682 1858
f 1878 1310 1354
f 1878 1858 937
f 1934 1310 1878
f 814 952 1388
f 333 814 1388
f 333 1327 814
f 1312 1327 333
f 1687 1327 1312
f 498 1924 1687
f 498 1687 1312
f 981 333 684
f 333 1388 684
f 1460 1312 333
f 1460 333 981
f 1274 1312 1460
f 498 1312 1274
f 1438 981 493
f 981 684 493
f 1438 1460 981
f 1460 1438 1560
f 1310 1274 1560
f 1274 1460 1560
f 1934 1995 1310
f 1934 1253 1995
f 1253 1934 361
f 1343 1253 361
f 1606 1343 361
f 1606 343 1343
f 1878 937 1686
f 1686 1934 1878
f 1293 1313 1686
f 1313 1934 1686
f 1313 361 1934
f 787 1313 1293
f 1606 361 1313
f 1606 1313 787
f 1567 1924 1008
f 1567 1008 1551
f 1551 1603 1567
f 844 1693 1551
f 1603 1551 1693
f 1008 1924 498
f 1551 1008 1789
f 1551 908 844
f 1621 498 1274
f 1008 498 1621
f 1789 1008 1621
f 908 1551 1789
f 1789 1621 1253
f 1995 1274 1310
f 1995 1621 1274
f 1253 1621 1995
f 1343 1789 1253
f 1343 908 1789
f 343 908 1343
f 1631 343 1606
f 998 343 1631
f 990 998 1631
f 438 990 1631
f 990 438 177
f 1511 990 177
f 1606 787 1436
f 1748 1436 787
f 1436 1631 1606
f 438 1631 1436
f 1714 438 1748
f 438 1436 1748
f 1599 438 1714
f 177 438 1599
f 707 1693 844
f 1543 1693 707
f 1543 707 1955
f 1955 1911 1543
f 1235 1911 1955
f 1098 1911 1235
f 844 908 1797
f 1797 707 844
f 1237 707 1797
f 1955 707 1237
f 1832 1955 1237
f 1832 1235 1955
f 1237 1797 998
f 1797 908 343
f 1797 343 998
f 990 1237 998
f 990 1832 1237
f 1511 1832 990
f 192 1511 177
f 192 885 1511
f 1341 1857 192
f 1857 885 192
f 1880 1857 1341
f 1880 1181 1857
f 1599 1714 1297
f 1341 177 1599
f 1341 192 177
f 1599 1297 75
f 1341 1599 75
f 1545 1880 75
f 1341 75 1880
f 1880 1545 923
f 1098 1235 183
f 1149 1012 183
f 1012 1149 1519
f 899 708 1519
f 1576 183 1235
f 183 1576 1149
f 1170 899 1149
f 899 1519 1149
f 1576 1235 1832
f 1149 1576 1671
f 1170 1149 1671
f 1683 899 1170
f 1511 1576 1832
f 885 1576 1511
f 885 1671 1576
f 1857 1170 1671
f 1170 1857 1683
f 1857 1671 885
f 1181 1683 1857
f 1437 1181 1880
f 1763 1181 1437
f 1763 1437 1674
f 1851 1763 1674
f 1322 1887 1674
f 1887 1851 1674
f 1437 1880 923
f 1493 923 1372
f 1493 1437 923
f 1674 1437 1493
f 1493 1372 476
f 1322 1674 1493
f 1322 1493 476
f 1593 708 899
f 1593 1590 708
f 29 1096 1593
f 1096 1590 1593
f 1776 1096 29
f 1593 899 653
f 29 653 1345
f 1593 653 29
f 1776 29 1329
f 653 899 1683
f 29 1345 669
f 1329 29 669
f 68 1329 669
f 653 1683 1238
f 1345 653 1238
f 1345 1851 669
f 1238 1683 1181
f 1238 1181 1763
f 1851 1238 1763
f 1345 1238 1851
f 669 1851 1887
f 1887 68 669
f 756 1556 1902
f 1556 756 1848
f 1598 1425 1848
f 924 1425 1598
f 1425 1556 1848
f 924 797 1425
f 1556 1085 1902
f 1425 1591 1556
f 1591 1085 1556
f 1904 1591 1425
f 797 1904 1425
f 797 1640 1904
f 1591 1613 1085
f 1613 771 1085
f 1591 577 1613
f 1904 577 1591
f 1831 577 1904
f 1640 1831 1904
f 1353 1504 924
f 1504 797 924
f 1616 1504 1353
f 1616 1353 783
f 783 1597 1616
f 1504 1640 797
f 1597 1140 1616
f 1504 918 1640
f 1616 918 1504
f 1616 1337 918
f 1337 1616 1140
f 1035 1831 1640
f 918 1035 1640
f 1337 1922 918
f 918 1922 1035
f 772 1922 1337
f 1679 772 1337
f 1546 783 1736
f 2000 1546 1736
f 1321 1546 2000
f 1546 1597 783
f 1321 658 1546
f 658 1321 549
f 549 935 658
f 1344 935 549
f 1546 264 1597
f 658 264 1546
f 1220 935 1344
f 658 1110 264
f 935 1110 658
f 1439 1110 935
f 1439 935 1220
f 264 698 1597
f 698 1140 1597
f 875 1140 698
f 698 264 1110
f 1220 1605 1439
f 698 550 875
f 1110 550 698
f 1439 550 1110
f 1439 379 550
f 1679 1337 1140
f 875 1679 1140
f 1656 1679 875
f 550 1656 875
f 550 895 1656
f 379 895 550
f 379 1439 1605
f 379 1319 895
f 1317 1319 379
f 1605 1317 379
f 1382 1317 1605
f 1968 1382 1605
f 1342 1344 974
f 1174 1342 857
f 1423 1174 857
f 1342 1220 1344
f 1174 1220 1342
f 1415 1220 1174
f 536 1415 1174
f 536 55 1415
f 1220 1415 1605
f 1968 1605 1415
f 843 1758 1423
f 843 720 1758
f 440 720 843
f 676 720 440
f 114 1019 440
f 1019 676 440
f 833 1019 114
f 1758 1174 1423
f 676 163 720
f 1019 1228 676
f 1758 536 1174
f 720 551 1758
f 551 536 1758
f 163 551 720
f 163 630 551
f 676 385 163
f 385 630 163
f 385 676 1228
f 1373 1228 1019
f 723 55 536
f 723 536 551
f 630 723 551
f 630 714 723
f 283 714 630
f 283 630 385
f 283 385 1228
f 1632 283 1228
f 1632 1228 1373
f 1424 1632 1373
f 723 931 55
f 714 931 723
f 32 931 714
f 305 931 32
f 122 32 714
f 122 714 283
f 322 32 122
f 122 283 1632
f 184 122 1632
f 322 122 184
f 195 322 184
f 184 1632 1424
f 1424 328 184
f 1968 1415 55
f 1875 1968 55
f 931 1875 55
f 305 1875 931
f 32 569 305
f 569 315 305
f 569 32 322
f 322 195 569
f 604 315 569
f 195 604 569
f 90 604 195
f 1754 604 90
f 195 184 328
f 90 195 328
f 328 628 90
f 1968 1875 123
f 305 1224 1875
f 1224 1929 1875
f 1224 305 315
f 1194 1224 315
f 1194 315 604
f 277 848 972
f 277 972 1194
f 1626 848 277
f 277 1194 604
f 1754 277 604
f 1754 448 277
f 448 1626 277
f 1754 1982 448
f 1982 1374 448
f 628 1754 90
f 628 1982 1754
f 123 1382 1968
f 1875 1929 123
f 1224 816 1929
f 972 816 1224
f 972 1224 1194
f 848 396 972
f 848 243 396
f 834 754 511
f 834 907 754
f 1925 907 834
f 1925 54 907
f 1983 54 1925
f 109 1373 1019
f 109 1019 833
f 109 833 511
f 754 109 511
f 54 1021 907
f 1983 1390 54
f 109 784 1373
f 784 109 754
f 533 784 754
f 533 754 799
f 799 754 907
f 907 1021 799
f 668 1021 54
f 1390 668 54
f 784 1424 1373
f 799 539 533
f 1021 539 799
f 1021 1685 539
f 1685 1021 668
f 1112 1685 668
f 784 1943 1424
f 1943 328 1424
f 1943 784 533
f 38 1943 533
f 539 38 533
f 539 1838 38
f 1685 430 539
f 430 1838 539
f 1685 583 430
f 583 1685 1112
f 884 628 328
f 884 328 1943
f 1058 628 884
f 884 1943 38
f 38 447 884
f 447 1058 884
f 447 1160 1058
f 1838 447 38
f 297 447 1838
f 1160 447 297
f 297 1946 1160
f 430 297 1838
f 430 1318 297
f 1318 1946 297
f 583 1318 430
f 1318 651 1946
f 583 521 1318
f 521 651 1318
f 628 1634 1982
f 1634 628 1058
f 1160 387 1058
f 387 1634 1058
f 33 1634 387
f 387 1544 33
f 1946 965 1160
f 387 1160 965
f 965 1544 387
f 587 1544 965
f 651 965 1946
f 587 965 651
f 651 1148 587
f 1465 1020 1983
f 1020 1390 1983
f 1384 415 1658
f 1020 1245 1390
f 309 1245 1020
f 309 657 1245
f 657 309 1366
f 415 657 1366
f 415 1912 657
f 1912 415 1384
f 1384 1087 1912
f 491 668 1390
f 491 1112 668
f 1245 491 1390
f 1245 1557 491
f 657 1225 1245
f 452 1225 657
f 1912 216 657
f 216 452 657
f 1087 645 1912
f 645 216 1912
f 491 1557 1112
f 1225 1557 1245
f 1225 554 1557
f 1090 554 1225
f 1090 1225 452
f 452 773 1090
f 216 773 452
f 967 773 216
f 645 967 216
f 645 664 967
f 1557 89 1112
f 583 1112 89
f 1038 89 1557
f 554 1038 1557
f 108 554 1090
f 773 613 1090
f 613 108 1090
f 967 613 773
f 1045 613 967
f 664 455 967
f 455 1045 967
f 455 644 1045
f 521 583 89
f 1708 89 1038
f 521 89 1708
f 1125 521 1708
f 554 1708 1038
f 554 108 1708
f 108 1414 1708
f 613 194 108
f 194 1414 108
f 218 1414 194
f 194 1154 218
f 1045 194 613
f 1151 194 1045
f 1151 1154 194
f 206 1154 1151
f 644 1151 1045
f 644 206 1151
f 1125 651 521
f 1125 1148 651
f 1125 1513 1148
f 1570 1513 1125
f 1125 1708 1414
f 1570 1125 1414
f 218 1570 1414
f 218 457 1570
f 1154 457 218
f 472 345 206
f 345 1154 206
f 497 1384 1658
f 497 41 1384
f 41 197 1840
f 1339 197 41
f 1296 197 1339
f 762 458 1296
f 458 197 1296
f 458 762 769
f 1452 769 1654
f 41 1840 1384
f 1840 1087 1384
f 565 1087 1840
f 197 565 1840
f 458 293 197
f 293 565 197
f 293 458 769
f 721 293 769
f 1452 721 769
f 1087 240 645
f 565 240 1087
f 534 240 565
f 534 565 293
f 334 240 534
f 721 534 293
f 721 334 534
f 1278 203 334
f 1278 334 721
f 1452 1278 721
f 240 664 645
f 1232 664 240
f 1232 240 334
f 203 1232 334
f 1278 161 203
f 1278 494 161
f 1452 494 1278
f 1338 494 1452
f 408 1338 1452
f 222 644 455
f 455 664 1232
f 222 455 1232
f 1121 644 222
f 161 222 1232
f 161 1232 203
f 161 1121 222
f 494 682 161
f 682 1121 161
f 494 1338 682
f 1338 435 682
f 408 1824 1338
f 1824 435 1338
f 1056 206 644
f 472 206 1056
f 1056 644 1121
f 1121 527 1056
f 527 1121 682
f 527 82 1056
f 1099 472 1056
f 82 1099 1056
f 527 682 435
f 82 527 435
f 1064 472 1099
f 224 1064 1099
f 224 1099 82
f 82 435 1824
f 224 82 1824
f 472 1064 345
f 224 977 1064
f 771 758 736
f 1613 758 771
f 577 758 1613
f 577 1830 758
f 1831 1830 577
f 1831 1147 1830
f 758 869 736
f 1830 1900 758
f 1147 958 1830
f 758 1028 869
f 758 1900 1028
f 958 1900 1830
f 1028 997 869
f 1900 1433 1028
f 958 1393 1900
f 1433 997 1028
f 1900 1393 1433
f 958 1270 1393
f 1433 1926 997
f 1972 1926 1433
f 1393 1972 1433
f 1393 1947 1972
f 1270 1947 1393
f 476 1926 1972
f 1972 1562 476
f 1467 1562 1972
f 1947 1467 1972
f 1947 1646 1467
f 1147 1831 1035
f 1035 1199 1147
f 1922 1199 1035
f 1922 1211 1199
f 772 1211 1922
f 1478 1211 772
f 1161 958 1147
f 1199 1161 1147
f 1199 1490 1161
f 1211 1490 1199
f 1478 1184 1211
f 1184 1490 1211
f 1270 958 1161
f 1475 1270 1161
f 1490 1475 1161
f 1490 1727 1475
f 1184 1727 1490
f 418 1727 1184
f 1951 418 1184
f 1475 1947 1270
f 1729 1947 1475
f 1727 1729 1475
f 1573 1729 1727
f 418 1573 1727
f 474 1573 418
f 1951 474 418
f 1646 1947 1729
f 1729 983 1646
f 1573 983 1729
f 1602 983 1573
f 474 1602 1573
f 1679 1547 772
f 207 1547 1679
f 207 1679 1656
f 895 207 1656
f 1319 207 895
f 1382 1847 1317
f 1547 1478 772
f 162 1547 207
f 1319 162 207
f 1317 162 1319
f 1317 1847 162
f 1847 1185 162
f 1547 374 1478
f 374 1547 162
f 162 1185 374
f 1847 1906 1185
f 1478 1040 1951
f 1951 1184 1478
f 1040 1478 374
f 374 955 1040
f 1185 955 374
f 1906 955 1185
f 1382 1969 1847
f 123 1969 1382
f 1969 1906 1847
f 1751 1969 1530
f 1969 898 1906
f 1969 1751 898
f 1673 1761 1629
f 955 1197 1040
f 1197 955 1906
f 898 1197 1906
f 1790 1524 898
f 1790 898 1751
f 1629 1790 1751
f 1629 1761 1790
f 1951 824 474
f 1040 637 1951
f 637 824 1951
f 637 1040 1197
f 1524 824 637
f 1197 1524 637
f 788 824 1524
f 1524 1197 898
f 1524 1033 788
f 1524 1790 1033
f 1790 1080 1033
f 1761 1080 1790
f 1602 474 1137
f 710 1602 1137
f 1137 474 824
f 1137 866 710
f 788 1137 824
f 1033 1137 788
f 866 1137 1033
f 1080 866 1033
f 1080 1819 866
f 123 1929 1530
f 1929 816 1530
f 816 972 396
f 123 1530 1969
f 816 1914 1530
f 1914 816 396
f 1409 1914 396
f 1629 1751 1530
f 1914 1629 1530
f 1673 1629 1914
f 1409 1673 1914
f 1942 1153 796
f 1072 1153 1942
f 470 1072 1841
f 1942 796 1870
f 1072 1942 1841
f 1421 470 1841
f 295 1942 1870
f 295 1841 1942
f 1421 1841 1260
f 295 1870 1120
f 1936 1841 295
f 1260 1841 1936
f 688 295 1120
f 1055 1936 688
f 1936 295 688
f 1936 1055 1144
f 1260 1936 1144
f 1120 1776 100
f 688 1120 100
f 1496 470 1421
f 1747 1583 1219
f 968 1496 1421
f 968 1583 1496
f 1219 1583 968
f 1257 968 1421
f 1806 1219 968
f 1219 1806 1127
f 1421 1260 1257
f 1806 968 1257
f 1871 1257 1144
f 1257 1260 1144
f 1257 1871 1788
f 1788 1806 1257
f 654 1806 1788
f 1127 1806 654
f 1061 1127 654
f 1600 1747 1903
f 1116 1600 1903
f 1116 1903 392
f 113 1116 392
f 1062 1432 113
f 915 1747 1219
f 915 1903 1747
f 285 113 392
f 1062 113 348
f 973 1903 915
f 973 392 1903
f 392 973 285
f 113 1483 348
f 113 285 1483
f 1219 1127 381
f 915 1219 381
f 1078 973 381
f 973 915 381
f 973 1078 1402
f 285 973 1402
f 1402 1483 285
f 348 1483 1809
f 1537 1078 381
f 1809 1483 971
f 1537 381 1127
f 966 1078 1537
f 1402 1078 966
f 753 971 1483
f 966 753 1483
f 966 1483 1402
f 1809 971 79
f 1537 1127 1061
f 1229 966 1537
f 753 966 1229
f 971 1650 79
f 731 1537 1061
f 1229 1537 731
f 753 1229 1625
f 1650 753 35
f 971 753 1650
f 79 1650 540
f 553 20 346
f 346 359 553
f 20 553 388
f 20 388 642
f 642 1191 20
f 1206 1191 642
f 1988 1913 1206
f 1913 1191 1206
f 553 941 388
f 941 553 359
f 941 1785 571
f 941 571 537
f 388 941 537
f 537 462 260
f 260 388 537
f 642 388 260
f 726 1206 260
f 1206 642 260
f 704 1206 726
f 704 1988 1206
f 1216 571 586
f 571 1785 586
f 112 462 1216
f 462 537 1216
f 537 571 1216
f 975 411 112
f 411 462 112
f 411 260 462
f 145 726 411
f 726 260 411
f 145 704 726
f 1216 92 234
f 1216 1454 92
f 1216 586 1454
f 1201 234 728
f 234 92 728
f 1201 975 112
f 112 234 1201
f 112 1216 234
f 1009 12 1201
f 12 975 1201
f 145 411 12
f 411 975 12
f 351 145 12
f 1454 1043 92
f 1454 1509 354
f 1454 586 1509
f 92 1043 128
f 92 128 728
f 728 128 299
f 1198 728 299
f 1198 1009 1201
f 1201 728 1198
f 446 1009 1198
f 492 1009 446
f 492 446 397
f 492 351 1009
f 351 12 1009
f 1204 492 397
f 1204 1252 492
f 1252 351 492
f 1043 1961 128
f 1043 1454 354
f 128 1961 805
f 299 128 805
f 307 284 1626
f 1052 284 307
f 307 133 1052
f 133 298 1052
f 1400 298 133
f 805 298 1400
f 1400 446 1198
f 1400 299 805
f 1400 1198 299
f 307 1626 448
f 448 1374 307
f 1374 367 307
f 367 133 307
f 446 1400 133
f 367 446 133
f 1374 738 367
f 738 397 367
f 397 446 367
f 1982 400 1374
f 400 738 1374
f 738 1204 397
f 540 659 354
f 659 1043 354
f 1961 1043 659
f 848 284 243
f 848 1626 284
f 284 131 243
f 131 284 1052
f 298 131 1052
f 1062 957 1883
f 1062 1883 901
f 1883 359 346
f 957 1062 348
f 957 359 1883
f 1785 941 359
f 359 957 1785
f 348 1809 957
f 1785 1809 1509
f 1785 957 1809
f 1785 1509 586
f 79 1509 1809
f 1509 79 354
f 79 540 354
f 1988 993 1913
f 993 1988 13
f 1208 993 13
f 560 1208 13
f 560 13 1482
f 870 560 1482
f 597 870 792
f 792 1495 597
f 355 13 1988
f 13 355 1482
f 1664 870 1482
f 792 870 1664
f 1596 1988 704
f 355 1988 1596
f 1497 1482 355
f 1664 1482 1497
f 1664 1497 631
f 722 1664 631
f 722 792 1664
f 1095 792 722
f 704 145 480
f 480 1596 704
f 1596 480 808
f 355 1596 808
f 469 1497 808
f 1497 355 808
f 631 1497 469
f 541 722 631
f 1252 145 351
f 480 145 1252
f 602 480 306
f 480 1252 306
f 808 480 602
f 1457 808 602
f 1457 469 808
f 420 469 1457
f 541 469 420
f 541 631 469
f 936 121 541
f 121 722 541
f 199 1204 827
f 199 306 1204
f 1252 1204 306
f 199 832 306
f 832 602 306
f 1457 602 832
f 1952 832 1071
f 1952 420 832
f 420 1457 832
f 876 1952 1835
f 876 420 1952
f 541 420 876
f 876 1835 1985
f 1985 936 876
f 936 541 876
f 1634 400 1982
f 827 738 400
f 1204 738 827
f 1634 33 400
f 33 643 400
f 643 827 400
f 199 827 643
f 1544 643 33
f 1544 1071 643
f 1071 199 643
f 1071 832 199
f 1071 1544 587
f 587 1835 1071
f 1835 1952 1071
f 713 1835 587
f 1148 713 587
f 1985 1835 713
f 1495 792 1950
f 552 1495 1950
f 552 1905 1495
f 690 1905 552
f 690 248 1905
f 436 248 690
f 880 689 436
f 1837 689 880
f 265 552 1950
f 607 552 265
f 1618 690 607
f 690 552 607
f 1618 436 690
f 436 1618 481
f 436 481 880
f 1950 792 1095
f 1950 1095 265
f 686 880 481
f 1095 722 121
f 1095 121 110
f 265 1095 110
f 530 607 265
f 530 265 110
f 530 1618 607
f 1004 530 522
f 1004 1618 530
f 382 1004 1940
f 481 1618 1004
f 382 481 1004
f 665 686 382
f 686 481 382
f 1359 686 665
f 1542 121 936
f 110 121 1542
f 1025 110 1542
f 1025 530 110
f 1579 522 1025
f 522 530 1025
f 522 1579 273
f 273 1940 522
f 1940 1004 522
f 63 1940 273
f 665 382 1940
f 665 1940 63
f 851 665 63
f 851 1359 665
f 266 936 1985
f 1542 936 266
f 1579 266 696
f 1579 1025 266
f 1025 1542 266
f 594 1579 696
f 273 1579 594
f 273 594 603
f 894 991 603
f 63 273 603
f 991 63 603
f 851 63 991
f 1513 713 1148
f 906 713 1513
f 906 1985 713
f 266 1985 906
f 696 266 906
f 91 1513 1570
f 906 1513 91
f 696 906 91
f 457 91 1570
f 594 696 91
f 1691 594 91
f 91 457 1691
f 1691 457 1154
f 1154 326 1691
f 326 603 1691
f 603 594 1691
f 894 603 326
f 326 1154 345
f 894 326 345
f 405 672 1837
f 1518 634 1510
f 634 616 1510
f 1518 270 634
f 672 405 270
f 270 1518 672
f 46 1452 959
f 1452 1654 959
f 46 1533 1452
f 1741 505 46
f 505 1533 46
f 1510 505 1741
f 1510 616 505
f 405 880 118
f 405 1837 880
f 270 87 634
f 87 616 634
f 270 365 87
f 405 118 365
f 270 405 365
f 505 807 1533
f 616 87 505
f 87 9 807
f 87 807 505
f 118 880 686
f 118 686 130
f 365 331 87
f 331 72 9
f 331 9 87
f 1492 72 331
f 1492 118 130
f 1492 331 118
f 331 365 118
f 408 1452 1533
f 807 989 1533
f 807 582 989
f 582 9 72
f 9 582 807
f 130 686 1359
f 72 371 67
f 67 1461 582
f 72 67 582
f 371 130 1359
f 371 1492 130
f 1492 371 72
f 1183 408 1533
f 1503 1183 1533
f 989 1503 1533
f 1461 1503 989
f 582 1461 989
f 473 544 851
f 544 1359 851
f 83 561 1461
f 83 544 473
f 67 83 1461
f 544 83 67
f 371 1359 544
f 67 371 544
f 1824 408 1586
f 408 158 1586
f 408 1183 158
f 751 158 1183
f 561 751 1183
f 1503 561 1183
f 1503 1461 561
f 991 894 380
f 413 991 380
f 413 851 991
f 413 473 851
f 224 1824 1586
f 961 224 1586
f 961 166 600
f 166 380 600
f 158 961 1586
f 166 961 158
f 413 380 166
f 74 413 166
f 751 166 158
f 74 166 751
f 473 413 74
f 83 74 751
f 751 561 83
f 83 473 74
f 1064 977 345
f 977 600 380
f 380 894 345
f 977 380 345
f 977 224 961
f 977 961 600
f 1322 1695 1887
f 1996 1695 1322
f 1283 1695 1996
f 1989 1283 1996
f 1989 1403 1283
f 1322 476 1562
f 1996 1322 1562
f 1467 1456 1562
f 1456 1996 1562
f 1989 1996 1456
f 1456 1467 1646
f 1037 1989 1456
f 100 1776 1329
f 1526 688 100
f 1828 688 1526
f 1828 1055 688
f 1144 1055 917
f 1526 100 1329
f 917 1055 1828
f 1526 1329 68
f 1526 68 1588
f 1588 1828 1526
f 1828 1588 432
f 917 1828 432
f 1202 917 432
f 1695 68 1887
f 1588 68 1695
f 1588 1695 1283
f 1403 432 1283
f 432 1588 1283
f 1403 1202 432
f 1403 1989 1037
f 1037 1869 1403
f 1407 1869 1037
f 1814 1869 1407
f 852 1814 1407
f 852 1501 1814
f 1037 1456 1646
f 1752 1037 1646
f 1752 1646 983
f 1752 1407 1037
f 1239 1407 1752
f 1752 983 1602
f 1239 1752 1602
f 1239 852 1407
f 710 1239 1602
f 1269 852 1239
f 1144 917 1023
f 1871 1144 1023
f 670 1871 1023
f 670 1788 1871
f 670 654 1788
f 654 670 1734
f 1734 1061 654
f 1023 917 1202
f 1082 1023 1202
f 1082 670 1023
f 1348 670 1082
f 1734 670 1348
f 1734 1348 1406
f 1869 1202 1403
f 1869 1082 1202
f 1082 1869 1814
f 1348 1082 1814
f 1501 1348 1814
f 1406 1348 1501
f 1923 1694 217
f 1923 217 1294
f 1309 1694 1230
f 1694 1309 217
f 1592 1761 1673
f 995 1592 1673
f 1592 1294 217
f 1309 1094 691
f 1309 786 1094
f 1309 1230 786
f 1309 691 1275
f 217 1309 1275
f 1761 1592 1307
f 1592 217 1307
f 217 1275 1307
f 1501 852 263
f 1839 1501 263
f 1094 1839 263
f 786 1839 1094
f 691 263 556
f 1094 263 691
f 1275 556 695
f 691 556 1275
f 1761 962 1080
f 1307 962 1761
f 1307 695 962
f 1307 1275 695
f 1269 1239 710
f 1269 263 852
f 866 1819 710
f 1819 51 710
f 1269 710 51
f 51 556 1269
f 556 263 1269
f 695 556 51
f 1080 962 1819
f 962 51 1819
f 695 51 962
f 1701 1061 1734
f 1701 731 1061
f 1625 731 1701
f 1625 1229 731
f 35 753 1625
f 1734 1406 1574
f 1701 1734 1574
f 1701 1574 1948
f 1625 1701 1948
f 35 1625 1948
f 35 674 1650
f 1650 1694 540
f 1694 1923 540
f 674 1694 1650
f 1863 1948 1574
f 35 1948 674
f 1948 1863 674
f 1863 1230 1694
f 674 1863 1694
f 910 1574 1406
f 1230 910 786
f 1230 1863 910
f 1863 1574 910
f 1839 1406 1501
f 1839 910 1406
f 786 910 1839
f 540 1923 659
f 1315 1961 659
f 243 1409 396
f 1351 1409 243
f 1351 243 131
f 298 1351 131
f 1961 1315 805
f 1351 298 805
f 1315 1351 805
f 1294 1315 659
f 1923 1294 659
f 1409 1351 995
f 1351 1315 995
f 995 1673 1409
f 995 1294 1592
f 1315 1294 995

