v 0.521389 -0.308526 0.00336874
v 0.521185 -0.319866 0.00234791
v 0.521389 -0.308526 -0.00347082
v 0.521185 -0.297787 0.00204166
v 0.5072 -0.300847 0.109943
v 0.506384 -0.308526 0.117293
v 0.507303 -0.316746 0.11025
v 0.518735 -0.322266 0.0204166
v 0.520368 -0.323586 0.00683957
v 0.517612 -0.363425 0.00673748
v 0.521185 -0.319866 -0.00244999
v 0.521185 -0.297787 -0.00214374
v 0.507303 -0.316746 -0.110352
v 0.506384 -0.308526 -0.117396
v 0.5072 -0.300847 -0.110046
v 0.517408 -0.253688 0.00673748
v 0.51945 -0.281107 0.00673748
v 0.518633 -0.294847 0.0204166
v 0.50618 -0.295747 0.115252
v 0.504444 -0.308526 0.130054
v 0.503934 -0.322266 0.130054
v 0.506282 -0.321666 0.115456
v 0.51404 -0.363425 0.0340957
v 0.506996 -0.325866 0.1078
v 0.5072 -0.370265 0.0821769
v 0.516387 -0.377105 0.00673748
v 0.517612 -0.363425 -0.00683957
v 0.520368 -0.323586 -0.00694165
v 0.518735 -0.322266 -0.0205187
v 0.518633 -0.294847 -0.0205187
v 0.51945 -0.281107 -0.00683957
v 0.517408 -0.253688 -0.00683957
v 0.506282 -0.321666 -0.115558
v 0.503934 -0.322266 -0.130156
v 0.504444 -0.308526 -0.130156
v 0.50618 -0.295747 -0.115354
v 0.516183 -0.239948 0.00673748
v 0.515673 -0.253688 0.0204166
v 0.506588 -0.281107 0.104635
v 0.503015 -0.253688 0.116375
v 0.501892 -0.267427 0.130054
v 0.503832 -0.294847 0.130054
v 0.499851 -0.294847 0.143835
v 0.500361 -0.308526 0.143835
v 0.499953 -0.322266 0.143835
v 0.503015 -0.335946 0.130054
v 0.505159 -0.335946 0.116375
v 0.503219 -0.363425 0.116375
v 0.512815 -0.377105 0.0340957
v 0.501994 -0.377105 0.116375
v 0.507303 -0.384605 0.0695186
v 0.514244 -0.390664 0.00673748
v 0.516387 -0.377105 -0.00683957
v 0.5072 -0.370265 -0.0822789
v 0.51404 -0.363425 -0.0341978
v 0.506996 -0.325926 -0.107902
v 0.506588 -0.281107 -0.104737
v 0.515673 -0.253688 -0.0205187
v 0.516183 -0.239948 -0.00683957
v 0.505159 -0.335946 -0.116477
v 0.503015 -0.335946 -0.130156
v 0.499953 -0.322266 -0.143937
v 0.500361 -0.308526 -0.143937
v 0.499851 -0.294847 -0.143937
v 0.503832 -0.294847 -0.130156
v 0.501892 -0.267427 -0.130156
v 0.503015 -0.253688 -0.116477
v 0.513835 -0.226328 0.00673748
v 0.5072 -0.233048 0.0685998
v 0.50179 -0.239948 0.116375
v 0.507098 -0.247328 0.0818706
v 0.506588 -0.252608 0.0889143
v 0.504853 -0.253688 0.102696
v 0.500872 -0.253688 0.130054
v 0.497707 -0.267427 0.143835
v 0.496074 -0.252728 0.14506
v 0.49342 -0.247508 0.150573
v 0.474025 -0.253688 0.198654
v 0.454834 -0.294847 0.252554
v 0.480048 -0.298687 0.192324
v 0.495564 -0.308526 0.155575
v 0.498932 -0.335946 0.143835
v 0.500974 -0.363425 0.130054
v 0.480048 -0.318966 0.192427
v 0.460245 -0.322266 0.239793
v 0.499749 -0.377105 0.130054
v 0.499851 -0.390664 0.116375
v 0.512508 -0.390664 0.0204166
v 0.507405 -0.425824 0.001225
v 0.514244 -0.390664 -0.00683957
v 0.507303 -0.384605 -0.0696207
v 0.512815 -0.377105 -0.0341978
v 0.501994 -0.377105 -0.116477
v 0.503219 -0.363425 -0.116477
v 0.504853 -0.253688 -0.102798
v 0.506588 -0.252608 -0.0890164
v 0.507098 -0.247328 -0.0819727
v 0.50179 -0.239948 -0.116477
v 0.5072 -0.233048 -0.0687019
v 0.513835 -0.226328 -0.00683957
v 0.500974 -0.363425 -0.130156
v 0.495564 -0.308526 -0.155677
v 0.498932 -0.335946 -0.143937
v 0.460245 -0.322266 -0.239895
v 0.480048 -0.318966 -0.192529
v 0.480048 -0.298687 -0.192427
v 0.454834 -0.294847 -0.252656
v 0.474025 -0.253688 -0.198756
v 0.49342 -0.247508 -0.150675
v 0.496074 -0.252728 -0.145162
v 0.497707 -0.267427 -0.143937
v 0.500872 -0.253688 -0.130156
v 0.5072 -0.191709 0.000306249
v 0.508119 -0.198909 0.00561457
v 0.5121 -0.226328 0.0204166
v 0.505771 -0.213249 0.0475707
v 0.499442 -0.226328 0.116375
v 0.499442 -0.239948 0.130054
v 0.495768 -0.239948 0.14261
v 0.493012 -0.239948 0.14945
v 0.452793 -0.243608 0.247654
v 0.456978 -0.253688 0.239793
v 0.453201 -0.253688 0.248776
v 0.451874 -0.294847 0.259393
v 0.45218 -0.308526 0.260108
v 0.496176 -0.364685 0.145162
v 0.495972 -0.377105 0.142916
v 0.478925 -0.349685 0.18967
v 0.454324 -0.335946 0.251431
v 0.453303 -0.363425 0.248879
v 0.45708 -0.363425 0.239793
v 0.465757 -0.365825 0.218458
v 0.451976 -0.322266 0.259495
v 0.497503 -0.390664 0.130054
v 0.494747 -0.390664 0.140058
v 0.493828 -0.412864 0.124746
v 0.496891 -0.404404 0.116375
v 0.498728 -0.404404 0.102696
v 0.507813 -0.413944 0.0179666
v 0.505669 -0.430923 0.00622707
v 0.501178 -0.418144 0.0615561
v 0.502301 -0.445503 0.00673748
v 0.507405 -0.425824 -0.00132708
v 0.512508 -0.390664 -0.0205187
v 0.499851 -0.390664 -0.116477
v 0.499749 -0.377105 -0.130156
v 0.499442 -0.239948 -0.130156
v 0.499442 -0.226328 -0.116477
v 0.505771 -0.213249 -0.0476728
v 0.5121 -0.226328 -0.0205187
v 0.508119 -0.198909 -0.00571665
v 0.5072 -0.191709 -0.000408332
v 0.495972 -0.377105 -0.143018
v 0.460653 -0.308526 -0.239895
v 0.496176 -0.364685 -0.145264
v 0.478925 -0.349685 -0.189772
v 0.465757 -0.365825 -0.21856
v 0.45708 -0.363425 -0.239895
v 0.453303 -0.363425 -0.248981
v 0.454324 -0.335946 -0.251533
v 0.451976 -0.322266 -0.259597
v 0.45218 -0.308526 -0.26021
v 0.453201 -0.253688 -0.248879
v 0.456978 -0.253688 -0.239895
v 0.451874 -0.294847 -0.259495
v 0.493012 -0.239948 -0.149552
v 0.495768 -0.239948 -0.142712
v 0.452793 -0.243548 -0.247756
v 0.501892 -0.17143 0.00673748
v 0.505363 -0.186369 0.00561457
v 0.503219 -0.185109 0.0204166
v 0.501484 -0.185109 0.0340957
v 0.496074 -0.185109 0.0752352
v 0.494441 -0.185289 0.0878935
v 0.492807 -0.195249 0.116375
v 0.493726 -0.204669 0.124235
v 0.497095 -0.226328 0.130054
v 0.494543 -0.226328 0.13965
v 0.491787 -0.226328 0.146489
v 0.479946 -0.232508 0.178441
v 0.45218 -0.234428 0.246224
v 0.461265 -0.239948 0.226114
v 0.449833 -0.239408 0.252656
v 0.450037 -0.253688 0.255616
v 0.442483 -0.239948 0.265416
v 0.443197 -0.253688 0.266437
v 0.44626 -0.294847 0.267151
v 0.446974 -0.308526 0.267151
v 0.446362 -0.322266 0.267151
v 0.49342 -0.370145 0.150675
v 0.452793 -0.374405 0.247756
v 0.455141 -0.378245 0.24112
v 0.452282 -0.383525 0.246531
v 0.480048 -0.385145 0.178747
v 0.450751 -0.349685 0.257045
v 0.450139 -0.363425 0.255718
v 0.4433 -0.363425 0.266539
v 0.442585 -0.377105 0.265518
v 0.493828 -0.399004 0.13771
v 0.492705 -0.408124 0.133933
v 0.491582 -0.417724 0.129645
v 0.488316 -0.431763 0.130054
v 0.485152 -0.445503 0.130054
v 0.487908 -0.445503 0.116375
v 0.49097 -0.431763 0.116375
v 0.494237 -0.441843 0.0752352
v 0.500565 -0.445503 0.0204166
v 0.498218 -0.459243 0.00673748
v 0.502301 -0.445503 -0.00683957
v 0.493216 -0.451263 0.066354
v 0.493828 -0.453303 0.0572686
v 0.505669 -0.430923 -0.00632915
v 0.507813 -0.413944 -0.0180687
v 0.501178 -0.418144 -0.0616582
v 0.498728 -0.404404 -0.102798
v 0.496891 -0.404404 -0.116477
v 0.493828 -0.412864 -0.124848
v 0.497503 -0.390664 -0.130156
v 0.494747 -0.390664 -0.14016
v 0.494543 -0.226328 -0.139752
v 0.497095 -0.226328 -0.130156
v 0.493726 -0.204669 -0.124337
v 0.492807 -0.195249 -0.116477
v 0.494441 -0.185289 -0.0879956
v 0.496074 -0.185109 -0.0753373
v 0.501484 -0.185109 -0.0341978
v 0.505363 -0.186369 -0.00571665
v 0.503219 -0.185109 -0.0205187
v 0.501892 -0.17143 -0.00683957
v 0.49342 -0.370145 -0.150777
v 0.480048 -0.385145 -0.17885
v 0.452282 -0.383525 -0.246633
v 0.455141 -0.378245 -0.241222
v 0.452793 -0.374405 -0.247858
v 0.450139 -0.363425 -0.25582
v 0.450751 -0.349685 -0.257147
v 0.442585 -0.377105 -0.26562
v 0.4433 -0.363425 -0.266641
v 0.446362 -0.322266 -0.267253
v 0.446974 -0.308526 -0.267253
v 0.44626 -0.294847 -0.267253
v 0.450037 -0.253688 -0.255718
v 0.443197 -0.253688 -0.266539
v 0.442483 -0.239948 -0.265518
v 0.491787 -0.226328 -0.146591
v 0.45218 -0.234428 -0.246326
v 0.479946 -0.232508 -0.178543
v 0.449833 -0.239408 -0.25286
v 0.497605 -0.15775 0.00673748
v 0.493624 -0.16423 0.0557374
v 0.49832 -0.17143 0.0340957
v 0.493522 -0.17803 0.0825852
v 0.492399 -0.185289 0.103308
v 0.490562 -0.185109 0.116375
v 0.487397 -0.17143 0.116375
v 0.487908 -0.185109 0.130054
v 0.493726 -0.218529 0.137404
v 0.479741 -0.205989 0.164252
v 0.469432 -0.225248 0.199879
v 0.458815 -0.226328 0.226114
v 0.451262 -0.226328 0.244081
v 0.438808 -0.17761 0.246939
v 0.446872 -0.226328 0.253472
v 0.441054 -0.226328 0.263476
v 0.424721 -0.234488 0.287466
v 0.437277 -0.239948 0.272256
v 0.425436 -0.243668 0.288385
v 0.438094 -0.253688 0.273276
v 0.439318 -0.281107 0.27491
v 0.439829 -0.294847 0.275624
v 0.440237 -0.308526 0.276135
v 0.439931 -0.322266 0.275726
v 0.439318 -0.335946 0.275012
v 0.442993 -0.350105 0.268478
v 0.450037 -0.378245 0.252758
v 0.447281 -0.390664 0.253472
v 0.43891 -0.439923 0.247143
v 0.444014 -0.431763 0.239793
v 0.451466 -0.390664 0.244591
v 0.454324 -0.390664 0.237751
v 0.478823 -0.420664 0.162006
v 0.490562 -0.403924 0.142916
v 0.438502 -0.354965 0.273889
v 0.432377 -0.363425 0.280933
v 0.437379 -0.377105 0.27246
v 0.441258 -0.390664 0.263783
v 0.424925 -0.383465 0.28767
v 0.479639 -0.437943 0.150266
v 0.483008 -0.432723 0.144958
v 0.481477 -0.445503 0.141181
v 0.480354 -0.453903 0.138425
v 0.481375 -0.458823 0.129135
v 0.483825 -0.459243 0.116375
v 0.489745 -0.445503 0.102696
v 0.494645 -0.469143 0.00673748
v 0.498218 -0.459243 -0.00683957
v 0.493828 -0.453303 -0.0573707
v 0.493216 -0.451263 -0.0664561
v 0.500565 -0.445503 -0.0205187
v 0.485662 -0.459243 0.102696
v 0.491378 -0.458403 0.0617603
v 0.494237 -0.441843 -0.0753373
v 0.49097 -0.431763 -0.116477
v 0.485152 -0.445503 -0.130156
v 0.488316 -0.431763 -0.130156
v 0.491582 -0.417724 -0.129748
v 0.492705 -0.408124 -0.134035
v 0.487908 -0.445503 -0.116477
v 0.493828 -0.399004 -0.137812
v 0.493726 -0.218529 -0.137506
v 0.487908 -0.185109 -0.130156
v 0.487397 -0.17143 -0.116477
v 0.490562 -0.185109 -0.116477
v 0.492399 -0.185289 -0.10341
v 0.493522 -0.17803 -0.0826873
v 0.49832 -0.17143 -0.0341978
v 0.493624 -0.16423 -0.0558394
v 0.497605 -0.15775 -0.00683957
v 0.454324 -0.390664 -0.237854
v 0.490562 -0.403924 -0.143018
v 0.478823 -0.420664 -0.162108
v 0.43891 -0.439923 -0.247245
v 0.447281 -0.390664 -0.253574
v 0.450037 -0.378245 -0.25286
v 0.451466 -0.390664 -0.244693
v 0.444014 -0.431763 -0.239895
v 0.441258 -0.390664 -0.263885
v 0.424925 -0.383465 -0.287772
v 0.437379 -0.377105 -0.272562
v 0.442993 -0.350105 -0.268581
v 0.432377 -0.363425 -0.281035
v 0.438502 -0.354965 -0.273991
v 0.439318 -0.335946 -0.275114
v 0.439931 -0.322266 -0.275828
v 0.440237 -0.308526 -0.276237
v 0.439829 -0.294847 -0.275726
v 0.439318 -0.281107 -0.275012
v 0.438094 -0.253688 -0.273378
v 0.441054 -0.226328 -0.263578
v 0.425436 -0.243668 -0.288487
v 0.437277 -0.239948 -0.272358
v 0.424721 -0.234488 -0.287568
v 0.458815 -0.226328 -0.226216
v 0.469432 -0.225248 -0.199981
v 0.479741 -0.205989 -0.164354
v 0.446872 -0.226328 -0.253574
v 0.438808 -0.17761 -0.247041
v 0.451262 -0.226328 -0.244183
v 0.48015 -0.108851 0.00255208
v 0.494339 -0.14869 0.00673748
v 0.495053 -0.16039 0.0340957
v 0.486887 -0.15775 0.0889143
v 0.483212 -0.15775 0.116375
v 0.493012 -0.16645 0.0648227
v 0.494747 -0.17113 0.0607394
v 0.489235 -0.17143 0.102696
v 0.481068 -0.15853 0.128727
v 0.484641 -0.17143 0.130054
v 0.481273 -0.17143 0.140568
v 0.482804 -0.184509 0.144754
v 0.451772 -0.18091 0.217743
v 0.443606 -0.185109 0.239793
v 0.450037 -0.212229 0.239385
v 0.440543 -0.17239 0.239691
v 0.437583 -0.16843 0.244183
v 0.433908 -0.17239 0.252349
v 0.435542 -0.185109 0.255412
v 0.437379 -0.198849 0.258372
v 0.4384 -0.206529 0.260006
v 0.439625 -0.215709 0.261639
v 0.435848 -0.226328 0.270316
v 0.429621 -0.239408 0.282158
v 0.429009 -0.226328 0.279299
v 0.412064 -0.229988 0.302574
v 0.37062 -0.231188 0.356984
v 0.383278 -0.236648 0.341876
v 0.379092 -0.240728 0.348307
v 0.383992 -0.245768 0.342795
v 0.408593 -0.253688 0.311762
v 0.397466 -0.275467 0.32881
v 0.397875 -0.284587 0.32932
v 0.415636 -0.294847 0.30727
v 0.40502 -0.308526 0.322072
v 0.427886 -0.322266 0.291549
v 0.438604 -0.411004 0.26021
v 0.434317 -0.444903 0.252451
v 0.437787 -0.449043 0.244693
v 0.440748 -0.444903 0.239997
v 0.468819 -0.445683 0.171908
v 0.426048 -0.363425 0.289201
v 0.425436 -0.374345 0.288487
v 0.388075 -0.376685 0.336874
v 0.436052 -0.390664 0.270622
v 0.416555 -0.391564 0.295837
v 0.429213 -0.390664 0.279606
v 0.383482 -0.380945 0.34208
v 0.370824 -0.386465 0.357291
v 0.478721 -0.445503 0.14802
v 0.465553 -0.450423 0.17691
v 0.452589 -0.453123 0.206208
v 0.439727 -0.455103 0.235506
v 0.476475 -0.458823 0.143325
v 0.465859 -0.492902 0.136281
v 0.464532 -0.501242 0.131075
v 0.467492 -0.497282 0.127196
v 0.478619 -0.463083 0.133116
v 0.479946 -0.466683 0.123929
v 0.480558 -0.468183 0.116375
v 0.479741 -0.507122 0.0132708
v 0.480354 -0.508622 0.00418541
v 0.494645 -0.469143 -0.00683957
v 0.480762 -0.482402 0.0752352
v 0.479129 -0.491702 0.0615561
v 0.491378 -0.458403 -0.0618623
v 0.485662 -0.459243 -0.102798
v 0.483825 -0.459243 -0.116477
v 0.489745 -0.445503 -0.102798
v 0.481477 -0.470643 0.102696
v 0.481375 -0.458823 -0.129237
v 0.480354 -0.453903 -0.138527
v 0.481477 -0.445503 -0.141283
v 0.483008 -0.432723 -0.14506
v 0.479639 -0.437943 -0.150368
v 0.482804 -0.184509 -0.144856
v 0.481273 -0.17143 -0.14067
v 0.484641 -0.17143 -0.130156
v 0.481068 -0.15853 -0.128829
v 0.483212 -0.15775 -0.116477
v 0.493012 -0.16645 -0.0649248
v 0.489235 -0.17143 -0.102798
v 0.494747 -0.17113 -0.0608415
v 0.486887 -0.15775 -0.0890164
v 0.495053 -0.16039 -0.0341978
v 0.494339 -0.14869 -0.00683957
v 0.48015 -0.108851 -0.00265416
v 0.437787 -0.449043 -0.244795
v 0.434317 -0.444903 -0.252554
v 0.438604 -0.411004 -0.260312
v 0.468819 -0.445683 -0.17201
v 0.440748 -0.444903 -0.240099
v 0.436052 -0.390664 -0.270724
v 0.429213 -0.390664 -0.279708
v 0.416555 -0.391564 -0.295939
v 0.370824 -0.386465 -0.357291
v 0.383482 -0.380945 -0.342182
v 0.388075 -0.376685 -0.336976
v 0.425436 -0.374345 -0.288589
v 0.426048 -0.363425 -0.289303
v 0.427886 -0.322266 -0.291651
v 0.40502 -0.308526 -0.322174
v 0.415636 -0.294847 -0.307372
v 0.397875 -0.284587 -0.329422
v 0.397466 -0.275407 -0.328912
v 0.408593 -0.253688 -0.311864
v 0.435848 -0.226328 -0.270418
v 0.439625 -0.215709 -0.261741
v 0.429621 -0.239408 -0.28226
v 0.383992 -0.245768 -0.342795
v 0.379092 -0.240728 -0.348307
v 0.400937 -0.239948 -0.319724
v 0.429009 -0.226328 -0.279401
v 0.383278 -0.236648 -0.341978
v 0.37062 -0.231188 -0.357087
v 0.412064 -0.229988 -0.302676
v 0.451772 -0.18091 -0.217845
v 0.450037 -0.212229 -0.239487
v 0.443606 -0.185109 -0.239895
v 0.4384 -0.206529 -0.260108
v 0.437583 -0.16843 -0.244285
v 0.440543 -0.17239 -0.239793
v 0.437379 -0.198849 -0.258474
v 0.435542 -0.185109 -0.255514
v 0.433908 -0.17239 -0.252451
v 0.466573 -0.081312 0.00408332
v 0.466267 -0.080712 0.00449165
v 0.469636 -0.0878518 0.0078604
v 0.477394 -0.103691 0.00694165
v 0.46545 -0.0973916 0.0776852
v 0.466675 -0.108131 0.102696
v 0.466165 -0.109391 0.110454
v 0.479537 -0.110351 0.0116375
v 0.482089 -0.115571 0.00694165
v 0.4777 -0.14275 0.116375
v 0.479741 -0.15085 0.123316
v 0.467288 -0.120191 0.126583
v 0.48015 -0.16363 0.137914
v 0.479435 -0.17953 0.14996
v 0.465348 -0.16723 0.1764
v 0.466573 -0.17635 0.179258
v 0.424721 -0.137651 0.246224
v 0.426559 -0.14683 0.249083
v 0.428294 -0.15853 0.253574
v 0.452384 -0.16441 0.205697
v 0.439523 -0.16243 0.234995
v 0.435644 -0.15781 0.239691
v 0.425436 -0.16357 0.260924
v 0.426661 -0.17143 0.26266
v 0.428702 -0.185109 0.265212
v 0.415943 -0.184989 0.281851
v 0.369395 -0.222009 0.355555
v 0.356533 -0.17773 0.356474
v 0.357554 -0.185109 0.357495
v 0.36327 -0.226568 0.363212
v 0.357044 -0.231188 0.370664
v 0.364904 -0.239948 0.364845
v 0.371437 -0.239948 0.358005
v 0.372253 -0.253688 0.359026
v 0.379092 -0.253688 0.350145
v 0.380317 -0.281107 0.351778
v 0.38093 -0.294847 0.352493
v 0.381236 -0.308526 0.353003
v 0.393077 -0.322266 0.336874
v 0.379807 -0.349685 0.351166
v 0.408695 -0.363425 0.311864
v 0.424721 -0.424084 0.273787
v 0.428907 -0.431763 0.265518
v 0.426967 -0.445503 0.263068
v 0.435746 -0.431763 0.25582
v 0.42564 -0.453963 0.261333
v 0.428702 -0.458823 0.253778
v 0.426355 -0.472982 0.248776
v 0.424925 -0.479882 0.246633
v 0.436052 -0.459483 0.239997
v 0.383992 -0.371825 0.342897
v 0.371539 -0.377105 0.358209
v 0.365108 -0.377105 0.365151
v 0.357248 -0.386465 0.370766
v 0.363474 -0.390964 0.363416
v 0.356737 -0.439743 0.35678
v 0.366537 -0.418144 0.351676
v 0.369395 -0.435963 0.341672
v 0.3942 -0.431763 0.310843
v 0.42513 -0.494102 0.233362
v 0.426559 -0.499322 0.225093
v 0.467594 -0.469863 0.154248
v 0.452997 -0.508742 0.152206
v 0.459632 -0.514081 0.130054
v 0.465757 -0.506462 0.121071
v 0.466369 -0.508082 0.111985
v 0.464328 -0.516541 0.102696
v 0.476067 -0.514081 0.0204166
v 0.477904 -0.513541 0.0078604
v 0.471371 -0.527761 0.00673748
v 0.480354 -0.508622 -0.00428749
v 0.479741 -0.507122 -0.0133729
v 0.479129 -0.491702 -0.0616582
v 0.480762 -0.482402 -0.0753373
v 0.481477 -0.470643 -0.102798
v 0.480558 -0.468183 -0.116477
v 0.479946 -0.466683 -0.124031
v 0.478619 -0.463083 -0.133218
v 0.467492 -0.497282 -0.127298
v 0.464532 -0.501242 -0.131177
v 0.465859 -0.492902 -0.136383
v 0.476475 -0.458823 -0.143427
v 0.467492 -0.455943 -0.167825
v 0.452589 -0.453123 -0.20631
v 0.465553 -0.450423 -0.177012
v 0.478721 -0.445503 -0.148123
v 0.479435 -0.17953 -0.150062
v 0.466573 -0.17635 -0.17936
v 0.48015 -0.16363 -0.138016
v 0.465348 -0.16723 -0.176502
v 0.467288 -0.120191 -0.126685
v 0.479741 -0.15085 -0.123418
v 0.4777 -0.14275 -0.116477
v 0.479946 -0.136811 -0.0831977
v 0.482089 -0.115571 -0.00704373
v 0.479537 -0.110351 -0.0117396
v 0.466165 -0.109391 -0.110556
v 0.466675 -0.108131 -0.102798
v 0.46545 -0.0973916 -0.0777873
v 0.477394 -0.103691 -0.00704373
v 0.469636 -0.0878518 -0.00796248
v 0.466267 -0.080712 -0.00459374
v 0.466573 -0.081312 -0.00418541
v 0.424925 -0.479882 -0.246735
v 0.426355 -0.472982 -0.248879
v 0.428702 -0.458823 -0.253881
v 0.42564 -0.453963 -0.261435
v 0.439727 -0.455103 -0.235608
v 0.436052 -0.459483 -0.240099
v 0.426967 -0.445503 -0.26317
v 0.435746 -0.431763 -0.255922
v 0.428907 -0.431763 -0.26562
v 0.424721 -0.424084 -0.273889
v 0.369395 -0.435963 -0.341774
v 0.365312 -0.431523 -0.348614
v 0.356737 -0.439743 -0.35678
v 0.363474 -0.390964 -0.363416
v 0.357248 -0.386465 -0.370766
v 0.365108 -0.377105 -0.365151
v 0.371539 -0.377105 -0.358312
v 0.383992 -0.371825 -0.342999
v 0.408695 -0.363425 -0.311966
v 0.381032 -0.322266 -0.352697
v 0.381236 -0.308526 -0.353105
v 0.38093 -0.294847 -0.352595
v 0.374091 -0.294847 -0.361476
v 0.379092 -0.253688 -0.350247
v 0.428702 -0.185109 -0.265314
v 0.371437 -0.239948 -0.358107
v 0.415943 -0.184989 -0.281953
v 0.369395 -0.222009 -0.355555
v 0.366333 -0.198849 -0.351472
v 0.364904 -0.239948 -0.364947
v 0.36327 -0.226568 -0.363314
v 0.357554 -0.185109 -0.357597
v 0.356533 -0.17773 -0.356576
v 0.426661 -0.17143 -0.262762
v 0.428294 -0.15853 -0.253676
v 0.426559 -0.14683 -0.249185
v 0.424721 -0.137651 -0.246326
v 0.435644 -0.15781 -0.239793
v 0.439523 -0.16243 -0.235097
v 0.452384 -0.16441 -0.205799
v 0.425436 -0.16357 -0.261026
v -0.000127575 -0.080052 0.465907
v 0.465348 -0.080712 0.0117396
v 0.466063 -0.0823919 0.0132708
v 0.469227 -0.0901318 0.0204166
v 0.466063 -0.0960116 0.0684977
v 0.457897 -0.0891718 0.102696
v 0.463817 -0.101351 0.102696
v 0.463205 -0.104051 0.115558
v 0.465553 -0.111011 0.119539
v 0.458917 -0.102851 0.130054
v 0.464123 -0.115991 0.130768
v 0.465553 -0.124631 0.13577
v 0.459122 -0.116591 0.143835
v 0.463919 -0.14347 0.158025
v 0.453712 -0.15901 0.197531
v 0.429213 -0.14293 0.240916
v 0.424925 -0.123431 0.232954
v 0.423598 -0.116591 0.229585
v 0.411962 -0.0948116 0.234179
v 0.413391 -0.104111 0.239181
v 0.411349 -0.109451 0.246837
v 0.439625 -0.14851 0.22152
v 0.418086 -0.15787 0.267151
v 0.383992 -0.16429 0.315437
v 0.39665 -0.16753 0.300328
v 0.414616 -0.17143 0.278483
v 0.410635 -0.18037 0.287058
v 0.397977 -0.17659 0.302166
v 0.369191 -0.18151 0.341468
v 0.374193 -0.185709 0.336466
v 0.366333 -0.198849 0.35137
v 0.365006 -0.185709 0.348409
v 0.360106 -0.17245 0.349941
v 0.354798 -0.16861 0.354739
v 0.349898 -0.17245 0.360149
v 0.32642 -0.185109 0.381893
v 0.348469 -0.185709 0.364947
v 0.353879 -0.212589 0.368112
v 0.358064 -0.239948 0.371378
v 0.317846 -0.226328 0.399451
v 0.28763 -0.234488 0.424666
v 0.342038 -0.236648 0.38322
v 0.348265 -0.240728 0.379137
v 0.366026 -0.253688 0.365866
v 0.367558 -0.281107 0.367499
v 0.368374 -0.294847 0.368214
v 0.373478 -0.281107 0.360659
v 0.374091 -0.294847 0.361374
v 0.374397 -0.308526 0.361884
v 0.386238 -0.322266 0.345755
v 0.374091 -0.322266 0.361476
v 0.373478 -0.335946 0.360762
v 0.372355 -0.363425 0.359128
v 0.379195 -0.363425 0.350247
v 0.410839 -0.437103 0.287262
v 0.402162 -0.445563 0.29553
v 0.396854 -0.450123 0.300635
v 0.384196 -0.453243 0.315743
v 0.395017 -0.459243 0.298185
v 0.411655 -0.508022 0.247143
v 0.412268 -0.522721 0.234689
v 0.423292 -0.503162 0.229074
v 0.430744 -0.472982 0.239793
v 0.366129 -0.363425 0.365968
v 0.358269 -0.377105 0.37148
v 0.313354 -0.418144 0.39598
v 0.354185 -0.404404 0.368316
v 0.342242 -0.380945 0.383322
v 0.287835 -0.383465 0.424768
v 0.30284 -0.387545 0.412211
v 0.263846 -0.390664 0.441305
v 0.260376 -0.411004 0.438549
v 0.350102 -0.444783 0.360353
v 0.355104 -0.448923 0.355045
v 0.360412 -0.444783 0.350043
v 0.368068 -0.445503 0.339937
v 0.398181 -0.441003 0.30237
v 0.302432 -0.441003 0.398226
v 0.300696 -0.450123 0.396797
v 0.425232 -0.507962 0.219887
v 0.448914 -0.499802 0.170683
v 0.451057 -0.517861 0.14751
v 0.452895 -0.521941 0.138323
v 0.454528 -0.524881 0.130054
v 0.45218 -0.534301 0.122193
v 0.463715 -0.513181 0.116477
v 0.455957 -0.528961 0.117191
v 0.458815 -0.527761 0.102696
v 0.465757 -0.520261 0.079931
v 0.466369 -0.521521 0.0708456
v 0.4679 -0.524341 0.047877
v 0.469125 -0.528781 0.0202124
v 0.46688 -0.536161 0.00673748
v 0.452793 -0.56292 0.00357291
v 0.471371 -0.527761 -0.00683957
v 0.477904 -0.513541 -0.00796248
v 0.476067 -0.514081 -0.0205187
v 0.464328 -0.516541 -0.102798
v 0.466369 -0.508082 -0.112087
v 0.465757 -0.506462 -0.121275
v 0.459632 -0.514081 -0.130156
v 0.452997 -0.508742 -0.152308
v 0.467594 -0.469863 -0.15435
v 0.463919 -0.14347 -0.158127
v 0.459122 -0.116591 -0.143937
v 0.465553 -0.124631 -0.135873
v 0.464123 -0.115991 -0.13087
v 0.453712 -0.15901 -0.197633
v 0.458917 -0.102851 -0.130156
v 0.465553 -0.111011 -0.119641
v 0.463205 -0.104051 -0.11566
v 0.463817 -0.101351 -0.102798
v 0.466063 -0.0960116 -0.0685998
v 0.457897 -0.0891718 -0.102798
v 0.469227 -0.0901318 -0.0205187
v 0.466063 -0.0823919 -0.0133729
v 0.465348 -0.080712 -0.0118416
v -0.000127575 -0.080052 -0.465907
v 0.411655 -0.508022 -0.247245
v 0.430744 -0.472982 -0.239895
v 0.42513 -0.494102 -0.233464
v 0.423292 -0.503162 -0.229176
v 0.412268 -0.522721 -0.234791
v 0.395017 -0.459243 -0.298287
v 0.384196 -0.453303 -0.315845
v 0.396854 -0.450123 -0.300737
v 0.426559 -0.499322 -0.225195
v 0.402162 -0.445563 -0.295633
v 0.410839 -0.437103 -0.287364
v 0.368068 -0.445503 -0.340039
v 0.398181 -0.441003 -0.302472
v 0.355104 -0.448923 -0.355045
v 0.350102 -0.444783 -0.360455
v 0.341732 -0.435963 -0.369439
v 0.351736 -0.418144 -0.36658
v 0.354185 -0.404404 -0.368418
v 0.360412 -0.444783 -0.350043
v 0.358269 -0.377105 -0.371582
v 0.279668 -0.390664 -0.429259
v 0.287835 -0.383465 -0.42487
v 0.342242 -0.380945 -0.383424
v 0.366129 -0.363425 -0.36607
v 0.372355 -0.363425 -0.35923
v 0.379195 -0.363425 -0.350349
v 0.379807 -0.349685 -0.351166
v 0.373478 -0.335946 -0.360864
v 0.374091 -0.322266 -0.361578
v 0.374397 -0.308526 -0.361987
v 0.368783 -0.308526 -0.368826
v 0.368374 -0.294847 -0.368316
v 0.373478 -0.281107 -0.360659
v 0.372253 -0.253688 -0.359026
v 0.410635 -0.18037 -0.28716
v 0.414616 -0.17143 -0.278585
v 0.366026 -0.253688 -0.365968
v 0.399202 -0.185109 -0.303799
v 0.369191 -0.18151 -0.34157
v 0.397977 -0.17659 -0.302268
v 0.374193 -0.185709 -0.336568
v 0.358064 -0.239948 -0.371378
v 0.357044 -0.231188 -0.370664
v 0.354798 -0.16861 -0.354841
v 0.360106 -0.17245 -0.349941
v 0.367762 -0.17143 -0.33963
v 0.353879 -0.212589 -0.368214
v 0.348469 -0.185709 -0.365049
v 0.32642 -0.185109 -0.381893
v 0.339588 -0.17143 -0.367805
v 0.349898 -0.17245 -0.360149
v 0.411349 -0.109451 -0.246939
v 0.413391 -0.104111 -0.239283
v 0.411962 -0.0948116 -0.234281
v 0.423598 -0.116591 -0.229687
v 0.424925 -0.123431 -0.233056
v 0.429213 -0.14293 -0.241018
v 0.439625 -0.14851 -0.221622
v 0.39665 -0.16753 -0.30043
v 0.383992 -0.16429 -0.315539
v 0.418086 -0.15787 -0.267253
v -0.0051294 -0.080052 0.465907
v 0.0041597 -0.081312 0.466622
v 0.00467009 -0.080712 0.466111
v 0.0249836 -0.080712 0.463661
v 0.102665 -0.080712 0.453351
v 0.112362 -0.080712 0.452024
v 0.118998 -0.080712 0.450799
v 0.123591 -0.080712 0.44937
v 0.130532 -0.080712 0.447022
v 0.156664 -0.080712 0.436201
v 0.218013 -0.080712 0.41068
v 0.226588 -0.080712 0.406903
v 0.237408 -0.080712 0.400982
v 0.244145 -0.080712 0.39598
v 0.248535 -0.080712 0.392714
v 0.302126 -0.080712 0.351676
v 0.322439 -0.080712 0.335955
v 0.329891 -0.080712 0.329932
v 0.330095 -0.080712 0.329728
v 0.336016 -0.080712 0.322276
v 0.340303 -0.080712 0.316764
v 0.347754 -0.080712 0.307168
v 0.354492 -0.080712 0.298389
v 0.384707 -0.080712 0.258985
v 0.396037 -0.080712 0.244081
v 0.398487 -0.080712 0.240814
v 0.401039 -0.080712 0.237241
v 0.40696 -0.080712 0.22642
v 0.40941 -0.080712 0.220908
v 0.412166 -0.080712 0.214477
v 0.446974 -0.080712 0.130462
v 0.450751 -0.080712 0.118927
v 0.451976 -0.080712 0.112291
v 0.453303 -0.080712 0.1029
v 0.458815 -0.080712 0.061454
v 0.463205 -0.080712 0.0280728
v 0.452691 -0.0817319 0.111373
v 0.455447 -0.0883318 0.116068
v 0.451874 -0.0832319 0.120458
v 0.45412 -0.0929517 0.130054
v 0.452589 -0.0956516 0.137506
v 0.450751 -0.0996715 0.146693
v 0.45412 -0.103691 0.142814
v 0.452793 -0.108791 0.151593
v 0.425028 -0.109511 0.219377
v 0.420332 -0.104111 0.224787
v 0.424823 -0.0961916 0.205289
v 0.413697 -0.0917517 0.226114
v 0.409614 -0.0849119 0.226114
v 0.40451 -0.0891718 0.239895
v 0.409001 -0.100392 0.243264
v 0.396344 -0.0982915 0.258781
v 0.368068 -0.102851 0.298797
v 0.357248 -0.108011 0.316355
v 0.369905 -0.110171 0.301247
v 0.366843 -0.115451 0.308495
v 0.359698 -0.14515 0.335649
v 0.365618 -0.15751 0.335343
v 0.358269 -0.15775 0.345041
v 0.371335 -0.16195 0.330443
v 0.392567 -0.17179 0.307372
v 0.3451 -0.15775 0.358209
v 0.343161 -0.122351 0.343101
v 0.330605 -0.16195 0.371276
v 0.315498 -0.16429 0.383934
v 0.30039 -0.16753 0.396593
v 0.262723 -0.17143 0.426707
v 0.265275 -0.185109 0.428647
v 0.260069 -0.206529 0.438447
v 0.261703 -0.215709 0.439672
v 0.359085 -0.253688 0.372195
v 0.270379 -0.226328 0.435793
v 0.319683 -0.239948 0.400982
v 0.26354 -0.226328 0.440999
v 0.272319 -0.239948 0.437324
v 0.342855 -0.245768 0.383934
v 0.350204 -0.253688 0.379137
v 0.359902 -0.267427 0.372909
v 0.361535 -0.294847 0.374032
v 0.368783 -0.308526 0.368724
v 0.368476 -0.322266 0.368316
v 0.36766 -0.335946 0.367601
v 0.371539 -0.455583 0.330851
v 0.356839 -0.467043 0.343305
v 0.370212 -0.507302 0.301553
v 0.357554 -0.509522 0.316662
v 0.398998 -0.510182 0.262251
v 0.355308 -0.518701 0.313701
v 0.384094 -0.521281 0.274399
v 0.39665 -0.519301 0.259291
v 0.409308 -0.517141 0.243876
v 0.404816 -0.528361 0.240406
v 0.397569 -0.548401 0.232954
v 0.385319 -0.57798 0.221622
v 0.397058 -0.5613 0.218152
v 0.409512 -0.531841 0.228972
v 0.413799 -0.527461 0.225093
v 0.42513 -0.521341 0.206106
v 0.423292 -0.517081 0.215191
v 0.420842 -0.513121 0.225093
v 0.400223 -0.524881 0.250104
v 0.359187 -0.363425 0.372195
v 0.348367 -0.376685 0.379239
v 0.304065 -0.377105 0.413232
v 0.272523 -0.377105 0.437426
v 0.265582 -0.377105 0.44253
v 0.252924 -0.378245 0.44988
v 0.253639 -0.390664 0.447226
v 0.24731 -0.439923 0.438855
v 0.255884 -0.431763 0.435793
v 0.263132 -0.445503 0.426911
v 0.265582 -0.431763 0.428953
v 0.315804 -0.453243 0.384139
v 0.330912 -0.455583 0.37148
v 0.345611 -0.459243 0.358516
v 0.343467 -0.495182 0.343407
v 0.358575 -0.459243 0.345551
v 0.269971 -0.445503 0.421807
v 0.261294 -0.453963 0.425686
v 0.438094 -0.519721 0.176808
v 0.436358 -0.55566 0.131279
v 0.450649 -0.531721 0.130054
v 0.426763 -0.524041 0.198654
v 0.440339 -0.551401 0.1274
v 0.425946 -0.57732 0.125664
v 0.437685 -0.56052 0.119743
v 0.434623 -0.56778 0.11566
v 0.43891 -0.5625 0.110556
v 0.452997 -0.535801 0.113108
v 0.435746 -0.57042 0.102696
v 0.460653 -0.527761 0.0889143
v 0.464226 -0.531181 0.047877
v 0.465757 -0.534001 0.024602
v 0.455855 -0.5565 0.00755415
v 0.449526 -0.56802 0.00755415
v 0.442075 -0.58116 0.00673748
v 0.452793 -0.56292 -0.00367499
v 0.46688 -0.536161 -0.00683957
v 0.469125 -0.528781 -0.0203145
v 0.4679 -0.524341 -0.047979
v 0.466369 -0.521521 -0.0709477
v 0.465757 -0.520261 -0.0800331
v 0.458815 -0.527761 -0.102798
v 0.455957 -0.528961 -0.117293
v 0.463715 -0.513181 -0.116579
v 0.45218 -0.534361 -0.122296
v 0.454528 -0.524881 -0.130156
v 0.452895 -0.521941 -0.138425
v 0.451057 -0.517861 -0.147612
v 0.425232 -0.507962 -0.219989
v 0.448914 -0.499802 -0.170785
v 0.425028 -0.109511 -0.219479
v 0.452793 -0.108791 -0.151695
v 0.45412 -0.0929517 -0.130156
v 0.451874 -0.0832319 -0.12056
v 0.45412 -0.103631 -0.142916
v 0.450751 -0.0996715 -0.146795
v 0.452589 -0.0956516 -0.137608
v 0.455447 -0.0883318 -0.116171
v 0.453405 -0.080712 -0.102593
v 0.452691 -0.0817319 -0.111475
v 0.452282 -0.080712 -0.110352
v 0.451976 -0.080712 -0.112393
v 0.450751 -0.080712 -0.119029
v 0.449424 -0.080712 -0.123521
v 0.446974 -0.080712 -0.130564
v 0.410737 -0.080712 -0.217947
v 0.40696 -0.080712 -0.226522
v 0.403591 -0.080712 -0.232749
v 0.401039 -0.080712 -0.237343
v 0.396037 -0.080712 -0.244183
v 0.392771 -0.080712 -0.248572
v 0.379705 -0.080712 -0.26562
v 0.354492 -0.080712 -0.298491
v 0.347754 -0.080712 -0.30727
v 0.340303 -0.080712 -0.316968
v 0.336016 -0.080712 -0.322378
v 0.330095 -0.080712 -0.32983
v 0.329891 -0.080712 -0.330035
v 0.322439 -0.080712 -0.336057
v 0.246697 -0.080712 -0.394245
v 0.240879 -0.080712 -0.398532
v 0.237408 -0.080712 -0.400982
v 0.226588 -0.080712 -0.407005
v 0.218013 -0.080712 -0.410782
v 0.190963 -0.080712 -0.422011
v 0.130532 -0.080712 -0.447022
v 0.118998 -0.080712 -0.450799
v 0.112465 -0.080712 -0.452024
v 0.110423 -0.080712 -0.45233
v 0.103073 -0.080712 -0.453351
v 0.0793912 -0.080712 -0.456515
v 0.0281481 -0.080712 -0.463253
v 0.00467009 -0.080712 -0.466315
v -0.0051294 -0.080052 -0.465907
v 0.409308 -0.517141 -0.243979
v 0.39665 -0.519301 -0.259393
v 0.384094 -0.521281 -0.274501
v 0.355308 -0.518701 -0.313803
v 0.398998 -0.510182 -0.262353
v 0.357554 -0.509522 -0.316764
v 0.370212 -0.507302 -0.301655
v 0.390219 -0.499322 -0.280422
v 0.420842 -0.513121 -0.225195
v 0.423292 -0.517081 -0.215293
v 0.42513 -0.521341 -0.206208
v 0.413799 -0.527461 -0.225195
v 0.409512 -0.531841 -0.229074
v 0.397058 -0.5613 -0.218254
v 0.385319 -0.57798 -0.221724
v 0.397569 -0.548401 -0.233056
v 0.404816 -0.528361 -0.240508
v 0.400223 -0.524881 -0.250206
v 0.356839 -0.467043 -0.343305
v 0.366026 -0.459783 -0.335649
v 0.371539 -0.455583 -0.330953
v 0.345611 -0.459243 -0.358516
v 0.330912 -0.455583 -0.371582
v 0.358575 -0.459243 -0.345551
v 0.343467 -0.495182 -0.34351
v 0.315804 -0.453303 -0.384139
v 0.300696 -0.450123 -0.396899
v 0.302432 -0.441003 -0.398226
v 0.287324 -0.437103 -0.410884
v 0.359187 -0.363425 -0.372297
v 0.342957 -0.371825 -0.384036
v 0.260376 -0.411004 -0.438549
v 0.270686 -0.390664 -0.436099
v 0.304065 -0.377105 -0.413232
v 0.263846 -0.390664 -0.441305
v 0.272523 -0.377105 -0.437426
v 0.36766 -0.335946 -0.367703
v 0.368476 -0.322266 -0.368418
v 0.361637 -0.322266 -0.374134
v 0.361943 -0.308526 -0.374441
v 0.361535 -0.294847 -0.374032
v 0.359902 -0.267427 -0.372909
v 0.359085 -0.253688 -0.372297
v 0.367558 -0.281107 -0.367601
v 0.392567 -0.17179 -0.307474
v 0.342855 -0.245768 -0.384036
v 0.348265 -0.240728 -0.379137
v 0.342038 -0.236648 -0.383322
v 0.28763 -0.234488 -0.424768
v 0.317846 -0.226328 -0.399553
v 0.315498 -0.16429 -0.384036
v 0.3451 -0.15775 -0.358312
v 0.343161 -0.122351 -0.343203
v 0.358269 -0.15775 -0.345041
v 0.371335 -0.16195 -0.330545
v 0.265275 -0.185109 -0.428749
v 0.302228 -0.17659 -0.398022
v 0.278546 -0.17143 -0.414661
v 0.409001 -0.100392 -0.243366
v 0.366843 -0.115451 -0.308597
v 0.369905 -0.110171 -0.301349
v 0.357248 -0.108011 -0.316458
v 0.368068 -0.102851 -0.298899
v 0.396344 -0.0982915 -0.258883
v 0.40451 -0.0891718 -0.239997
v 0.409614 -0.0849119 -0.226216
v 0.413697 -0.0917517 -0.226216
v 0.424823 -0.0961916 -0.205391
v 0.420332 -0.104111 -0.224889
v 0.365618 -0.15751 -0.335445
v 0.359698 -0.14515 -0.335751
v -0.0616806 -0.0951716 0.466622
v -0.0205432 -0.0901917 0.469276
v -0.00798759 -0.0879118 0.469582
v -0.0042107 -0.0813719 0.466622
v -2.54966e-05 -0.081312 0.466622
v -0.0906708 -0.080052 0.454576
v -0.0890376 -0.0892318 0.459782
v 0.00262853 -0.108851 0.480097
v 0.00701789 -0.103691 0.47734
v 0.00793659 -0.0878518 0.469582
v 0.0204922 -0.0901318 0.469276
v 0.0890887 -0.0891718 0.459782
v 0.0617317 -0.0951716 0.466622
v 0.120631 -0.0832319 0.451922
v 0.102767 -0.0891718 0.457843
v 0.116241 -0.0883318 0.455393
v 0.142884 -0.0903117 0.44743
v 0.196271 -0.0928917 0.426809
v 0.130226 -0.0929517 0.454168
v 0.226179 -0.0917517 0.413641
v 0.234244 -0.0948116 0.411905
v 0.24976 -0.0926517 0.399859
v 0.245778 -0.0834719 0.396695
v 0.319275 -0.0915117 0.345653
v 0.32836 -0.0969116 0.342182
v 0.329993 -0.080832 0.329932
v 0.342242 -0.0969116 0.328299
v 0.340303 -0.0878518 0.323093
v 0.371028 -0.0946916 0.288997
v 0.383686 -0.0963116 0.273889
v 0.399814 -0.0926517 0.249593
v 0.439727 -0.0942716 0.166906
v 0.439829 -0.106991 0.180993
v 0.3549 -0.0988915 0.313191
v 0.34459 -0.105971 0.331362
v 0.34653 -0.117311 0.335853
v 0.35245 -0.129611 0.335649
v 0.340201 -0.141371 0.354534
v 0.340609 -0.113171 0.340549
v 0.331524 -0.105971 0.34453
v 0.335913 -0.117311 0.34647
v 0.260988 -0.16357 0.42538
v 0.252414 -0.17239 0.433853
v 0.255578 -0.185109 0.435486
v 0.258436 -0.198849 0.437426
v 0.247106 -0.17761 0.438753
v 0.253639 -0.226328 0.44692
v 0.265377 -0.239948 0.442428
v 0.2665 -0.253688 0.443143
v 0.27334 -0.253688 0.438038
v 0.288447 -0.243668 0.42538
v 0.32346 -0.280447 0.402105
v 0.351021 -0.267427 0.379749
v 0.361943 -0.308526 0.374339
v 0.352654 -0.294847 0.380872
v 0.361637 -0.322266 0.374134
v 0.360004 -0.349685 0.372909
v 0.34704 -0.499982 0.336057
v 0.344896 -0.511622 0.331668
v 0.342651 -0.520801 0.32881
v 0.339997 -0.544321 0.31166
v 0.39716 -0.534061 0.246122
v 0.369599 -0.57498 0.245918
v 0.385319 -0.56424 0.234893
v 0.382257 -0.57342 0.230708
v 0.353471 -0.57138 0.270214
v 0.372764 -0.5925 0.222847
v 0.381951 -0.5871 0.215089
v 0.38685 -0.5826 0.21121
v 0.396344 -0.57366 0.202635
v 0.39471 -0.56904 0.213047
v 0.377459 -0.58332 0.226829
v 0.411553 -0.535141 0.219887
v 0.342957 -0.371825 0.383934
v 0.280995 -0.363425 0.432424
v 0.266602 -0.363425 0.443245
v 0.259661 -0.322266 0.452024
v 0.255884 -0.363425 0.450084
v 0.24782 -0.374405 0.452738
v 0.246595 -0.383525 0.452228
v 0.244656 -0.390664 0.451513
v 0.240062 -0.444903 0.440795
v 0.244758 -0.449043 0.437732
v 0.252516 -0.444903 0.434261
v 0.322031 -0.459003 0.376891
v 0.343263 -0.467043 0.35678
v 0.33183 -0.511622 0.344939
v 0.340915 -0.504302 0.340855
v 0.253843 -0.458823 0.428647
v 0.248841 -0.472982 0.426299
v 0.246799 -0.479882 0.42487
v 0.259151 -0.491342 0.41017
v 0.318866 -0.472982 0.372909
v 0.424007 -0.57426 0.134852
v 0.409716 -0.57306 0.171193
v 0.422884 -0.58656 0.116375
v 0.427477 -0.57966 0.116375
v 0.411145 -0.57558 0.16415
v 0.398181 -0.57684 0.193447
v 0.400018 -0.57936 0.184975
v 0.395221 -0.58626 0.184975
v 0.409818 -0.58758 0.147306
v 0.411757 -0.5901 0.13822
v 0.413391 -0.59226 0.130054
v 0.428907 -0.58194 0.102696
v 0.436664 -0.5721 0.0889143
v 0.44381 -0.56892 0.047877
v 0.452282 -0.56184 0.0126583
v 0.447383 -0.56892 0.0204166
v 0.439421 -0.57696 0.047877
v 0.441156 -0.57984 0.0204166
v 0.436767 -0.58668 0.0204166
v 0.437583 -0.588 0.00673748
v 0.442075 -0.58116 -0.00683957
v 0.449526 -0.56802 -0.00765623
v 0.455855 -0.5565 -0.00765623
v 0.465757 -0.534001 -0.0247041
v 0.464226 -0.531181 -0.047979
v 0.460653 -0.527761 -0.0890164
v 0.435746 -0.57042 -0.102798
v 0.452997 -0.535801 -0.11321
v 0.43891 -0.5625 -0.110658
v 0.434623 -0.56778 -0.115762
v 0.437685 -0.56052 -0.119846
v 0.425946 -0.57732 -0.125766
v 0.440339 -0.551401 -0.127502
v 0.450649 -0.531721 -0.130156
v 0.436358 -0.55566 -0.131381
v 0.426763 -0.524041 -0.198756
v 0.438094 -0.519721 -0.17691
v 0.439829 -0.106991 -0.181095
v 0.439727 -0.0942716 -0.167008
v 0.399814 -0.0926517 -0.249695
v 0.383686 -0.0963116 -0.273991
v 0.371028 -0.0946916 -0.289099
v 0.340303 -0.0878518 -0.323195
v 0.342242 -0.0968516 -0.328401
v 0.329993 -0.080832 -0.330035
v 0.32836 -0.0968516 -0.342285
v 0.319275 -0.0915117 -0.345755
v 0.245778 -0.0834719 -0.396797
v 0.24976 -0.0926517 -0.399859
v 0.23996 -0.0891718 -0.404555
v 0.234244 -0.0948116 -0.412007
v 0.226179 -0.0917517 -0.413743
v 0.196271 -0.0928917 -0.426809
v 0.137678 -0.0955916 -0.452636
v 0.130226 -0.0929517 -0.454168
v 0.120631 -0.0832319 -0.451922
v 0.111546 -0.0817319 -0.452738
v 0.102767 -0.0891718 -0.457945
v 0.0890887 -0.0891718 -0.459782
v 0.0617317 -0.0951716 -0.466622
v 0.0041597 -0.081312 -0.466622
v -2.54966e-05 -0.080712 -0.466315
v 0.0204922 -0.0901318 -0.469276
v 0.00793659 -0.0878518 -0.469684
v 0.00262853 -0.108851 -0.480199
v -0.0042107 -0.0813719 -0.466622
v -0.00798759 -0.0879118 -0.469684
v -0.0205432 -0.0901318 -0.469276
v -0.0616806 -0.0951716 -0.466622
v -0.0480022 -0.080052 -0.460293
v 0.339997 -0.544321 -0.311762
v 0.342651 -0.520801 -0.328912
v 0.39716 -0.534061 -0.246224
v 0.344896 -0.511622 -0.33177
v 0.34704 -0.499982 -0.33616
v 0.411553 -0.535141 -0.219989
v 0.39471 -0.56904 -0.213149
v 0.396344 -0.57366 -0.202737
v 0.38685 -0.5826 -0.211312
v 0.381951 -0.5871 -0.215191
v 0.372764 -0.5925 -0.222949
v 0.377459 -0.58332 -0.226931
v 0.382257 -0.57342 -0.23081
v 0.385319 -0.56424 -0.234995
v 0.369599 -0.57498 -0.24602
v 0.353471 -0.57138 -0.270316
v 0.343263 -0.467043 -0.35678
v 0.335607 -0.459783 -0.36607
v 0.273748 -0.465423 -0.410986
v 0.261294 -0.453963 -0.425686
v 0.340915 -0.504302 -0.340957
v 0.33183 -0.511622 -0.344939
v 0.336118 -0.499982 -0.347082
v 0.269971 -0.445503 -0.421807
v 0.265582 -0.431763 -0.428953
v 0.343467 -0.363425 -0.384445
v 0.288549 -0.374345 -0.425482
v 0.289264 -0.363425 -0.426095
v 0.24731 -0.439923 -0.438957
v 0.253639 -0.390664 -0.447328
v 0.263132 -0.445503 -0.427013
v 0.255884 -0.431763 -0.435793
v 0.252924 -0.378245 -0.449982
v 0.265582 -0.377105 -0.44253
v 0.266602 -0.363425 -0.443347
v 0.280995 -0.363425 -0.432424
v 0.334791 -0.336966 -0.39353
v 0.345815 -0.322266 -0.386282
v 0.33724 -0.308526 -0.393428
v 0.352654 -0.294847 -0.380872
v 0.351021 -0.267427 -0.379749
v 0.350204 -0.253688 -0.379137
v 0.319683 -0.239948 -0.400982
v 0.31264 -0.267427 -0.409251
v 0.27334 -0.253688 -0.438038
v 0.288447 -0.243668 -0.425482
v 0.272319 -0.239948 -0.437324
v 0.26354 -0.226328 -0.441101
v 0.261703 -0.215709 -0.439672
v 0.260988 -0.16357 -0.425482
v 0.253741 -0.14293 -0.421603
v 0.340201 -0.141371 -0.354534
v 0.335913 -0.117311 -0.346572
v 0.331524 -0.105971 -0.344632
v 0.340609 -0.113171 -0.340651
v 0.346632 -0.117311 -0.335955
v 0.354492 -0.141371 -0.340243
v 0.262723 -0.17143 -0.426707
v 0.269563 -0.17143 -0.421501
v 0.260069 -0.206529 -0.438447
v 0.34459 -0.105971 -0.331464
v -0.00706888 -0.103751 0.47734
v -0.0890376 -0.0991315 0.464784
v -0.00267953 -0.108911 0.480097
v -2.54966e-05 -0.108851 0.480097
v -0.109657 -0.080052 0.452024
v -0.102818 -0.0892318 0.457843
v 0.0118156 -0.110351 0.479484
v 0.0890887 -0.105971 0.467643
v 0.0890887 -0.0991315 0.464784
v 0.0342727 -0.102851 0.473461
v 0.00681373 -0.15775 0.497553
v 0.00681373 -0.14185 0.491836
v 0.00701789 -0.115571 0.482138
v 0.115731 -0.104051 0.463253
v 0.137678 -0.0956516 0.452636
v 0.205458 -0.0961916 0.424768
v 0.119712 -0.111011 0.465499
v 0.130226 -0.102851 0.458761
v 0.212501 -0.0994915 0.423441
v 0.224955 -0.104111 0.420276
v 0.229752 -0.116591 0.423543
v 0.246289 -0.137651 0.424666
v 0.239245 -0.104111 0.413334
v 0.246901 -0.109451 0.411293
v 0.243431 -0.100392 0.408945
v 0.258844 -0.0982915 0.396286
v 0.273952 -0.0963116 0.383628
v 0.28906 -0.0946916 0.37097
v 0.336832 -0.101471 0.336772
v 0.332851 -0.0891718 0.332791
v 0.313354 -0.0988915 0.354841
v 0.345713 -0.0915117 0.319214
v 0.316417 -0.108011 0.357291
v 0.253741 -0.14293 0.421501
v 0.253741 -0.15853 0.428238
v 0.244247 -0.16843 0.437528
v 0.239858 -0.185109 0.443653
v 0.244247 -0.226328 0.451207
v 0.179428 -0.17635 0.466622
v 0.246289 -0.234428 0.452126
v 0.252822 -0.239408 0.449778
v 0.25568 -0.253688 0.449982
v 0.259457 -0.294847 0.451922
v 0.267215 -0.294847 0.446307
v 0.282629 -0.294847 0.43467
v 0.281812 -0.281107 0.434057
v 0.276198 -0.308526 0.440284
v 0.282731 -0.322266 0.43467
v 0.281914 -0.335946 0.434159
v 0.343467 -0.363425 0.384343
v 0.32887 -0.520801 0.342489
v 0.330401 -0.536701 0.330341
v 0.315498 -0.57606 0.315437
v 0.327747 -0.56022 0.313599
v 0.37307 -0.57954 0.236833
v 0.328155 -0.5745 0.30043
v 0.356942 -0.57648 0.261026
v 0.359596 -0.606599 0.223358
v 0.355308 -0.615779 0.217845
v 0.350408 -0.624719 0.213456
v 0.358473 -0.619499 0.208658
v 0.36868 -0.601679 0.216824
v 0.369395 -0.58866 0.232035
v 0.354594 -0.628619 0.201716
v 0.371232 -0.604619 0.207739
v 0.383992 -0.58974 0.205902
v 0.273952 -0.354965 0.438549
v 0.267215 -0.335946 0.445286
v 0.267215 -0.322266 0.446409
v 0.267215 -0.308526 0.447022
v 0.260172 -0.308526 0.452126
v 0.239858 -0.308526 0.460599
v 0.155746 -0.308526 0.495613
v 0.192596 -0.318966 0.479995
v 0.212501 -0.322266 0.471624
v 0.191065 -0.335946 0.479484
v 0.249045 -0.363425 0.453249
v 0.241185 -0.378245 0.455086
v 0.145334 -0.364685 0.496226
v 0.150744 -0.370085 0.49347
v 0.171364 -0.377105 0.48418
v 0.142986 -0.377105 0.49592
v 0.178917 -0.385145 0.479995
v 0.218115 -0.436563 0.451922
v 0.239858 -0.418144 0.447124
v 0.143088 -0.403924 0.490611
v 0.148192 -0.445503 0.47877
v 0.226179 -0.445503 0.446409
v 0.206274 -0.453123 0.452636
v 0.235673 -0.455103 0.439672
v 0.240062 -0.459483 0.435997
v 0.328666 -0.492962 0.356168
v 0.32642 -0.500342 0.354432
v 0.247208 -0.508022 0.411599
v 0.259355 -0.519301 0.396593
v 0.239858 -0.472982 0.430791
v 0.233529 -0.494102 0.425176
v 0.234856 -0.522721 0.412211
v 0.243941 -0.517141 0.409353
v 0.415432 -0.596759 0.115966
v 0.411859 -0.603959 0.111066
v 0.424517 -0.58878 0.102696
v 0.410022 -0.601679 0.120254
v 0.380113 -0.598499 0.198654
v 0.384196 -0.603659 0.178952
v 0.42809 -0.59376 0.047877
v 0.431561 -0.596339 0.00673748
v 0.437583 -0.588 -0.00683957
v 0.436767 -0.58668 -0.0205187
v 0.441156 -0.57984 -0.0205187
v 0.439421 -0.57696 -0.047979
v 0.447383 -0.56892 -0.0205187
v 0.452282 -0.56184 -0.0127604
v 0.44381 -0.56892 -0.047979
v 0.436664 -0.5721 -0.0890164
v 0.428907 -0.58194 -0.102798
v 0.427477 -0.57966 -0.116477
v 0.422884 -0.58656 -0.116477
v 0.413391 -0.59226 -0.130156
v 0.411757 -0.5901 -0.138323
v 0.409818 -0.58758 -0.147408
v 0.395221 -0.58626 -0.185077
v 0.400018 -0.57936 -0.185077
v 0.398181 -0.57684 -0.193549
v 0.411145 -0.57558 -0.164252
v 0.424007 -0.57426 -0.134954
v 0.416555 -0.57018 -0.158841
v 0.345713 -0.0915117 -0.319316
v 0.336832 -0.101471 -0.336874
v 0.332851 -0.0891718 -0.332893
v 0.313354 -0.0988915 -0.354943
v 0.258844 -0.0982915 -0.396389
v 0.273952 -0.0963116 -0.383628
v 0.28906 -0.0946916 -0.371072
v 0.243431 -0.100392 -0.409047
v 0.246901 -0.109451 -0.411395
v 0.246289 -0.137651 -0.424768
v 0.229752 -0.116591 -0.423645
v 0.224955 -0.104111 -0.420378
v 0.205458 -0.0961916 -0.42487
v 0.146865 -0.0996715 -0.450799
v 0.142884 -0.103631 -0.454168
v 0.130226 -0.102851 -0.458761
v 0.119712 -0.111011 -0.465499
v 0.115731 -0.104051 -0.463253
v 0.116241 -0.0883318 -0.455393
v 0.0890887 -0.0991315 -0.464784
v 0.0342727 -0.102851 -0.473563
v 0.00701789 -0.103691 -0.477442
v -2.54966e-05 -0.081312 -0.466622
v 0.00701789 -0.115571 -0.482138
v 0.00681373 -0.14179 -0.491836
v 0.00681373 -0.15775 -0.497655
v -2.54966e-05 -0.15313 -0.496022
v -2.54966e-05 -0.108851 -0.480199
v 0.0890887 -0.105971 -0.467643
v 0.102767 -0.108131 -0.466724
v 0.110525 -0.109391 -0.466213
v 0.047747 -0.117551 -0.477545
v -0.00267953 -0.108911 -0.480199
v -0.00706888 -0.103751 -0.477442
v -0.0890376 -0.0991315 -0.464784
v -0.102818 -0.0892318 -0.457945
v -0.102818 -0.080052 -0.453045
v -0.0875064 -0.080052 -0.455086
v -0.0342216 -0.102911 -0.473563
v 0.327747 -0.56022 -0.313701
v 0.315498 -0.57606 -0.315539
v 0.330401 -0.536701 -0.330443
v 0.32887 -0.520801 -0.342591
v 0.409716 -0.57306 -0.171295
v 0.383992 -0.58974 -0.206004
v 0.371232 -0.604619 -0.207841
v 0.354594 -0.628619 -0.201818
v 0.358473 -0.619499 -0.20876
v 0.36868 -0.601679 -0.216927
v 0.350408 -0.624719 -0.213558
v 0.355308 -0.615779 -0.217947
v 0.359596 -0.606599 -0.22346
v 0.369395 -0.58866 -0.232137
v 0.37307 -0.57954 -0.236935
v 0.356942 -0.57648 -0.261128
v 0.328155 -0.5745 -0.300533
v 0.328666 -0.492962 -0.356168
v 0.318866 -0.472982 -0.372909
v 0.259151 -0.491342 -0.410272
v 0.246799 -0.479882 -0.424972
v 0.248841 -0.472982 -0.426401
v 0.253843 -0.458823 -0.428749
v 0.252516 -0.444903 -0.434363
v 0.310598 -0.500342 -0.36658
v 0.32642 -0.500342 -0.354432
v 0.283649 -0.514081 -0.380668
v 0.247208 -0.508022 -0.411599
v 0.281914 -0.335946 -0.434159
v 0.244758 -0.449043 -0.437834
v 0.240062 -0.444903 -0.440795
v 0.218115 -0.436563 -0.451922
v 0.239858 -0.418144 -0.447226
v 0.246595 -0.383525 -0.45233
v 0.24782 -0.374405 -0.45284
v 0.255884 -0.363425 -0.450186
v 0.259661 -0.322266 -0.452024
v 0.267215 -0.335946 -0.445286
v 0.273952 -0.354965 -0.438549
v 0.282731 -0.322266 -0.43467
v 0.276198 -0.308526 -0.440284
v 0.282629 -0.294847 -0.43467
v 0.32346 -0.280447 -0.402105
v 0.290795 -0.281107 -0.427218
v 0.2665 -0.253688 -0.443245
v 0.281812 -0.281107 -0.434057
v 0.265377 -0.239948 -0.442428
v 0.252822 -0.239408 -0.449778
v 0.253639 -0.226328 -0.44692
v 0.252414 -0.17239 -0.433955
v 0.253741 -0.15853 -0.428341
v 0.319071 -0.116591 -0.359332
v 0.316417 -0.108011 -0.357291
v 0.255578 -0.185109 -0.435588
v 0.247106 -0.17761 -0.438855
v -0.11568 -0.104111 0.463253
v -0.0890376 -0.105971 0.467643
v -0.0118666 -0.110411 0.479484
v -0.00706888 -0.115631 0.482138
v -0.00686473 -0.14185 0.491836
v -0.00686473 -0.15775 0.497553
v -0.11864 -0.080052 0.45039
v -0.12058 -0.0832319 0.451922
v -0.11619 -0.0883318 0.455393
v 0.110525 -0.109391 0.466111
v 0.0342727 -0.16039 0.495103
v 0.00681373 -0.17143 0.50184
v 0.0617317 -0.126131 0.478872
v 0.142884 -0.103631 0.454168
v 0.146865 -0.0996715 0.450799
v 0.0923552 -0.138431 0.479382
v 0.116548 -0.15775 0.483261
v 0.123387 -0.15085 0.479688
v 0.126755 -0.120191 0.467234
v 0.130839 -0.115991 0.46407
v 0.219544 -0.109511 0.425074
v 0.23506 -0.16243 0.43957
v 0.233019 -0.123431 0.42487
v 0.249147 -0.14683 0.426503
v 0.239756 -0.15781 0.435691
v 0.176467 -0.16723 0.465397
v 0.144925 -0.184509 0.482853
v 0.152683 -0.188649 0.480607
v 0.212501 -0.225248 0.464274
v 0.237408 -0.226328 0.454168
v 0.14074 -0.17143 0.48122
v 0.150131 -0.17953 0.479484
v 0.226179 -0.239948 0.461211
v 0.247718 -0.243608 0.452738
v 0.178611 -0.232508 0.479995
v 0.248841 -0.253688 0.453147
v 0.239858 -0.253688 0.457026
v 0.192494 -0.298687 0.479995
v 0.27436 -0.521281 0.383934
v 0.25027 -0.524881 0.400166
v 0.304678 -0.524461 0.35872
v 0.308148 -0.55488 0.335547
v 0.31366 -0.56022 0.327687
v 0.307127 -0.5814 0.31758
v 0.301615 -0.5895 0.315232
v 0.301921 -0.603599 0.30186
v 0.315294 -0.5895 0.301553
v 0.327951 -0.5883 0.286445
v 0.336118 -0.58308 0.281341
v 0.344284 -0.57786 0.276135
v 0.300492 -0.5745 0.328095
v 0.246085 -0.57498 0.369643
v 0.276198 -0.57786 0.344224
v 0.256293 -0.58566 0.35331
v 0.348775 -0.58176 0.266233
v 0.348367 -0.59502 0.251941
v 0.316723 -0.632099 0.24847
v 0.345407 -0.633419 0.209168
v 0.341936 -0.629819 0.218254
v 0.356737 -0.58986 0.247143
v 0.340813 -0.642598 0.202533
v 0.343569 -0.645178 0.193447
v 0.356737 -0.631019 0.192631
v 0.360208 -0.623999 0.197735
v 0.143905 -0.294847 0.499799
v 0.143905 -0.308526 0.500309
v 0.143905 -0.322266 0.499901
v 0.143905 -0.335946 0.498982
v 0.130226 -0.363425 0.500922
v 0.14023 -0.390664 0.494695
v 0.130226 -0.377105 0.499697
v 0.137882 -0.399004 0.493776
v 0.141353 -0.445503 0.481424
v 0.176978 -0.450423 0.465499
v 0.138597 -0.453903 0.480301
v 0.143496 -0.458823 0.476422
v 0.226179 -0.486662 0.431199
v 0.220055 -0.507962 0.425176
v 0.22914 -0.503162 0.423338
v 0.152275 -0.508742 0.453045
v 0.225261 -0.513121 0.420786
v 0.215359 -0.517081 0.423338
v 0.206172 -0.521341 0.425176
v 0.21148 -0.526681 0.41997
v 0.22914 -0.531841 0.409455
v 0.218217 -0.5613 0.397103
v 0.233019 -0.548401 0.397614
v 0.395221 -0.627659 0.102696
v 0.400529 -0.620879 0.102696
v 0.412574 -0.604979 0.102696
v 0.3991 -0.618959 0.113414
v 0.388382 -0.636178 0.102696
v 0.413493 -0.606239 0.0889143
v 0.393792 -0.623639 0.117396
v 0.369701 -0.630059 0.163333
v 0.410226 -0.615539 0.0615561
v 0.425742 -0.604259 0.00673748
v 0.431561 -0.596339 -0.00683957
v 0.42809 -0.59376 -0.047979
v 0.424517 -0.58878 -0.102798
v 0.411859 -0.603959 -0.111168
v 0.415432 -0.596759 -0.116068
v 0.410022 -0.601679 -0.120356
v 0.384196 -0.603659 -0.179054
v 0.380113 -0.598499 -0.198756
v 0.301309 -0.110171 -0.369949
v 0.249147 -0.14683 -0.426605
v 0.244247 -0.16843 -0.43763
v 0.239756 -0.15781 -0.435691
v 0.240981 -0.14293 -0.429259
v 0.233019 -0.123431 -0.424972
v 0.23506 -0.16243 -0.43957
v 0.203722 -0.125411 -0.437936
v 0.219544 -0.109511 -0.425074
v 0.151765 -0.108791 -0.45284
v 0.130839 -0.115991 -0.464172
v 0.126755 -0.120191 -0.467336
v 0.123387 -0.15085 -0.47979
v 0.0342727 -0.16039 -0.495103
v 0.0155924 -0.15019 -0.493776
v -0.00686473 -0.15775 -0.497655
v 0.0558112 -0.16423 -0.493674
v 0.00681373 -0.17143 -0.50184
v -2.54966e-05 -0.16453 -0.499799
v 0.116548 -0.14965 -0.480301
v 0.0923552 -0.138431 -0.479382
v 0.0617317 -0.126131 -0.478872
v 0.0754102 -0.14401 -0.48367
v -0.00686473 -0.14185 -0.491836
v -0.00706888 -0.115631 -0.482138
v -0.047696 -0.117611 -0.477545
v -0.110576 -0.109451 -0.466213
v -0.0890376 -0.105971 -0.467643
v -0.11568 -0.104111 -0.463253
v -0.11619 -0.0883318 -0.455393
v -0.111495 -0.0817919 -0.452738
v -0.112924 -0.080052 -0.451513
v 0.300492 -0.5745 -0.328197
v 0.31366 -0.56022 -0.327789
v 0.344284 -0.57786 -0.276237
v 0.336118 -0.58308 -0.281443
v 0.327951 -0.5883 -0.286547
v 0.315294 -0.5895 -0.301655
v 0.301921 -0.603599 -0.301962
v 0.301615 -0.5895 -0.315335
v 0.307127 -0.5814 -0.317683
v 0.276198 -0.57786 -0.344326
v 0.26109 -0.57648 -0.356984
v 0.246085 -0.57498 -0.369643
v 0.308148 -0.55488 -0.335649
v 0.304678 -0.524461 -0.358822
v 0.274462 -0.521281 -0.384036
v 0.360208 -0.623999 -0.197837
v 0.340813 -0.642598 -0.202635
v 0.345407 -0.633419 -0.20927
v 0.356737 -0.631019 -0.192733
v 0.343569 -0.645178 -0.193549
v 0.341936 -0.629819 -0.218356
v 0.316723 -0.632099 -0.248572
v 0.348367 -0.59502 -0.252043
v 0.356737 -0.58986 -0.247245
v 0.348775 -0.58176 -0.266335
v 0.243941 -0.517141 -0.409353
v 0.234856 -0.522721 -0.412211
v 0.233529 -0.494102 -0.425176
v 0.240062 -0.459483 -0.436099
v 0.259355 -0.519301 -0.396593
v 0.275789 -0.322266 -0.439978
v 0.235673 -0.455103 -0.439672
v 0.206274 -0.453123 -0.452636
v 0.148192 -0.445503 -0.47877
v 0.150438 -0.437943 -0.479688
v 0.226179 -0.445503 -0.446409
v 0.184123 -0.390064 -0.47683
v 0.244656 -0.390664 -0.451513
v 0.178917 -0.385145 -0.479995
v 0.142986 -0.377105 -0.496022
v 0.171364 -0.377105 -0.484282
v 0.241185 -0.378245 -0.455188
v 0.218524 -0.365825 -0.465805
v 0.249045 -0.363425 -0.453351
v 0.260172 -0.308526 -0.452228
v 0.267215 -0.308526 -0.447022
v 0.267215 -0.322266 -0.446409
v 0.212501 -0.322266 -0.471624
v 0.239858 -0.308526 -0.460701
v 0.267215 -0.294847 -0.446307
v 0.259457 -0.294847 -0.451922
v 0.25568 -0.253688 -0.450084
v 0.247718 -0.243548 -0.45284
v 0.246289 -0.234428 -0.452228
v 0.244247 -0.226328 -0.451309
v 0.239858 -0.185109 -0.443653
v 0.217809 -0.18091 -0.45182
v 0.179428 -0.17635 -0.466622
v 0.208112 -0.17143 -0.453453
v -0.119661 -0.111071 0.465499
v -0.110576 -0.109451 0.466111
v -0.130175 -0.0929517 0.454168
v -0.0342216 -0.16039 0.495103
v -0.0616806 -0.126131 0.478872
v -0.00686473 -0.17149 0.50184
v -2.54966e-05 -0.17143 0.50184
v -0.130583 -0.080052 0.446511
v 0.0558112 -0.16423 0.493572
v 0.102767 -0.15775 0.485099
v 0.000382816 -0.191709 0.507149
v 0.00956984 -0.194409 0.506638
v 0.0342727 -0.185109 0.501432
v 0.0879658 -0.185289 0.49449
v 0.0754102 -0.17605 0.49398
v 0.0609151 -0.17113 0.494695
v 0.0649982 -0.16645 0.492959
v 0.143905 -0.116591 0.45917
v 0.151765 -0.108791 0.452738
v 0.116548 -0.17143 0.487345
v 0.128899 -0.15853 0.481117
v 0.138086 -0.16363 0.480097
v 0.14319 -0.15853 0.476115
v 0.160952 -0.113471 0.450901
v 0.203722 -0.125411 0.437936
v 0.197598 -0.15901 0.453759
v 0.157685 -0.226328 0.487242
v 0.137576 -0.218529 0.493674
v 0.139719 -0.226328 0.494592
v 0.130226 -0.17143 0.484588
v 0.150642 -0.247508 0.49347
v 0.14268 -0.239948 0.495715
v 0.149519 -0.239948 0.492959
v 0.155031 -0.294847 0.495205
v 0.238633 -0.55374 0.389753
v 0.240573 -0.56964 0.377503
v 0.286508 -0.5883 0.327891
v 0.294674 -0.599279 0.311558
v 0.294674 -0.606659 0.304718
v 0.2321 -0.58866 0.369337
v 0.227813 -0.597659 0.364539
v 0.287835 -0.630599 0.287772
v 0.301207 -0.616559 0.287364
v 0.230875 -0.57342 0.382199
v 0.236898 -0.57954 0.373012
v 0.336832 -0.638518 0.21366
v 0.296307 -0.625499 0.282974
v 0.304065 -0.633119 0.263578
v 0.299369 -0.642298 0.257453
v 0.328155 -0.643558 0.218152
v 0.331626 -0.646498 0.208964
v 0.329483 -0.658498 0.192529
v 0.331218 -0.660178 0.184975
v 0.320091 -0.676318 0.171193
v 0.345407 -0.646918 0.184975
v 0.356533 -0.644398 0.16466
v 0.354594 -0.642418 0.173745
v 0.352348 -0.639778 0.184975
v 0.358371 -0.632939 0.184975
v 0.130226 -0.253688 0.50082
v 0.130226 -0.294847 0.50378
v 0.130226 -0.308526 0.504392
v 0.145232 -0.252728 0.496022
v 0.143905 -0.267427 0.497655
v 0.130226 -0.322266 0.503984
v 0.116548 -0.335946 0.505209
v 0.116548 -0.363425 0.503065
v 0.116548 -0.377105 0.501942
v 0.130226 -0.390664 0.497451
v 0.116548 -0.390664 0.499799
v 0.130226 -0.431763 0.488365
v 0.130226 -0.445503 0.485099
v 0.129307 -0.458823 0.481322
v 0.133288 -0.463083 0.478565
v 0.127266 -0.497282 0.467438
v 0.136453 -0.492902 0.465907
v 0.130226 -0.514081 0.459578
v 0.147579 -0.517861 0.451003
v 0.176876 -0.519721 0.438038
v 0.138494 -0.521941 0.45284
v 0.16136 -0.532441 0.437426
v 0.134922 -0.57426 0.424053
v 0.193617 -0.57684 0.398226
v 0.202702 -0.57366 0.396286
v 0.213216 -0.56904 0.394551
v 0.221688 -0.57798 0.385261
v 0.383686 -0.644098 0.0944268
v 0.396446 -0.629159 0.0889143
v 0.39716 -0.630059 0.0790123
v 0.386238 -0.633479 0.116375
v 0.382563 -0.643018 0.102696
v 0.384503 -0.631439 0.124848
v 0.407878 -0.626039 0.0204166
v 0.408695 -0.627239 0.00673748
v 0.425742 -0.604259 -0.00683957
v 0.410226 -0.615539 -0.0616582
v 0.413493 -0.606239 -0.0890164
v 0.412574 -0.604979 -0.102798
v 0.3991 -0.618959 -0.113516
v 0.400529 -0.620879 -0.102798
v 0.395221 -0.627659 -0.102798
v 0.388382 -0.636178 -0.102798
v 0.393792 -0.623639 -0.117498
v 0.369701 -0.630059 -0.163435
v 0.176467 -0.16723 -0.465397
v 0.205764 -0.16441 -0.452432
v 0.138086 -0.16363 -0.480199
v 0.14319 -0.15853 -0.476115
v 0.197598 -0.15901 -0.453759
v 0.143905 -0.116591 -0.45917
v 0.140332 -0.133751 -0.467438
v 0.128899 -0.15853 -0.481117
v 0.116548 -0.15775 -0.483261
v -0.0558622 -0.16423 -0.493674
v -0.0342216 -0.16039 -0.495103
v -0.0156434 -0.15019 -0.493776
v -0.000127575 -0.16453 -0.499799
v -0.00686473 -0.17149 -0.50184
v 0.0649982 -0.16645 -0.493061
v 0.0609151 -0.17113 -0.494797
v 0.102767 -0.15775 -0.485099
v -2.54966e-05 -0.17143 -0.50184
v 0.0342727 -0.185109 -0.501534
v 0.00569088 -0.186369 -0.505413
v 0.000382816 -0.191709 -0.507251
v -2.54966e-05 -0.191229 -0.507149
v -0.0205432 -0.130331 -0.485813
v -0.0616806 -0.126131 -0.478872
v -0.102818 -0.130331 -0.474992
v -0.116497 -0.14965 -0.480301
v -0.123336 -0.15085 -0.47979
v -0.119661 -0.111071 -0.465499
v -0.130175 -0.0929517 -0.454168
v -0.12058 -0.0832319 -0.451922
v -0.11864 -0.080052 -0.450493
v 0.240573 -0.56964 -0.377503
v 0.301207 -0.616559 -0.287466
v 0.287835 -0.630599 -0.287874
v 0.294674 -0.606659 -0.30482
v 0.294674 -0.599279 -0.31166
v 0.256803 -0.600179 -0.339937
v 0.227813 -0.597659 -0.364539
v 0.2321 -0.58866 -0.369439
v 0.286508 -0.5883 -0.327993
v 0.256293 -0.58566 -0.35331
v 0.236898 -0.57954 -0.373012
v 0.230875 -0.57342 -0.382301
v 0.238633 -0.55374 -0.389753
v 0.25027 -0.524881 -0.400268
v 0.331626 -0.646498 -0.209066
v 0.328155 -0.643558 -0.218254
v 0.336832 -0.638518 -0.213762
v 0.329483 -0.658498 -0.192631
v 0.358371 -0.632939 -0.185077
v 0.352348 -0.639778 -0.185077
v 0.354594 -0.642418 -0.173847
v 0.356533 -0.644398 -0.164762
v 0.345407 -0.646918 -0.185077
v 0.320091 -0.676318 -0.171295
v 0.331218 -0.660178 -0.185077
v 0.299369 -0.642298 -0.257556
v 0.304065 -0.633119 -0.263681
v 0.296307 -0.625499 -0.283076
v 0.215359 -0.517081 -0.423338
v 0.225261 -0.513121 -0.420888
v 0.233019 -0.548401 -0.397614
v 0.218217 -0.5613 -0.397103
v 0.22914 -0.531841 -0.409455
v 0.225159 -0.527461 -0.413743
v 0.206172 -0.521341 -0.425176
v 0.22914 -0.503162 -0.423338
v 0.220055 -0.507962 -0.425278
v 0.226179 -0.486662 -0.431199
v 0.222096 -0.469023 -0.439876
v 0.143496 -0.458823 -0.476524
v 0.138597 -0.453963 -0.480403
v 0.141353 -0.445503 -0.481526
v 0.137882 -0.399004 -0.493878
v 0.143088 -0.403924 -0.490611
v 0.14023 -0.390664 -0.494797
v 0.145334 -0.364685 -0.496226
v 0.130226 -0.377105 -0.499799
v 0.130226 -0.363425 -0.501024
v 0.143905 -0.335946 -0.498982
v 0.191065 -0.335946 -0.479484
v 0.171364 -0.322266 -0.488672
v 0.192596 -0.318966 -0.479995
v 0.155746 -0.308526 -0.495613
v 0.192494 -0.298687 -0.479995
v 0.239858 -0.294847 -0.460088
v 0.239858 -0.281107 -0.459068
v 0.239858 -0.253688 -0.457026
v 0.150642 -0.247508 -0.49347
v 0.149519 -0.239948 -0.493061
v 0.226179 -0.239948 -0.461313
v 0.237408 -0.226328 -0.454168
v 0.178611 -0.232508 -0.479995
v 0.23945 -0.212229 -0.450084
v 0.212501 -0.225248 -0.464274
v 0.152683 -0.188649 -0.480607
v 0.144925 -0.184509 -0.482853
v 0.150131 -0.17953 -0.479484
v 0.14074 -0.17143 -0.481322
v -0.130175 -0.102911 0.458761
v -0.126704 -0.120191 0.467234
v -0.123336 -0.15085 0.479688
v -0.116497 -0.15775 0.483261
v -0.102818 -0.130331 0.474992
v -0.142935 -0.0903117 0.44743
v -0.137627 -0.0956516 0.452636
v -0.102818 -0.15775 0.485099
v -0.0558622 -0.16423 0.493572
v -0.0342216 -0.185169 0.501432
v -0.00962083 -0.194469 0.506638
v -0.00574187 -0.186369 0.505311
v -0.000433809 -0.191769 0.507149
v -2.54966e-05 -0.191709 0.507149
v -0.0649471 -0.16645 0.492959
v -0.0609661 -0.17119 0.494695
v -0.0753591 -0.17611 0.49398
v -0.0879147 -0.185289 0.49449
v -0.15008 -0.080052 0.438549
v -0.000127575 -0.226268 0.513784
v 0.00681373 -0.226328 0.513784
v 0.00569088 -0.198909 0.508067
v 0.0204922 -0.226328 0.512049
v 0.116548 -0.195249 0.492857
v 0.116548 -0.185109 0.490611
v 0.0617317 -0.230888 0.507659
v 0.116548 -0.226328 0.499492
v 0.124408 -0.204669 0.493674
v 0.130226 -0.226328 0.497042
v 0.130226 -0.185109 0.487855
v 0.130226 -0.239948 0.499492
v 0.287426 -0.616559 0.301145
v 0.226894 -0.58332 0.377503
v 0.223015 -0.5925 0.372705
v 0.213624 -0.624719 0.350247
v 0.218422 -0.629819 0.341876
v 0.242614 -0.627239 0.325747
v 0.272625 -0.643258 0.286649
v 0.277525 -0.647098 0.277462
v 0.286712 -0.643258 0.272562
v 0.291407 -0.634139 0.278585
v 0.248535 -0.632099 0.31656
v 0.27875 -0.634139 0.291243
v 0.295388 -0.638218 0.26807
v 0.315498 -0.644518 0.23326
v 0.311925 -0.668998 0.198654
v 0.299982 -0.684177 0.189772
v 0.303351 -0.686877 0.180585
v 0.317539 -0.673918 0.181912
v 0.31264 -0.683157 0.171193
v 0.314579 -0.684837 0.16272
v 0.325399 -0.682077 0.143835
v 0.373376 -0.647398 0.116375
v 0.371335 -0.645478 0.126175
v 0.369395 -0.643618 0.135362
v 0.36766 -0.641698 0.143835
v 0.380215 -0.640378 0.116375
v 0.116548 -0.239948 0.50184
v 0.116548 -0.267427 0.504086
v 0.115425 -0.295747 0.50623
v 0.117364 -0.308526 0.506332
v 0.110423 -0.316746 0.507353
v 0.115629 -0.321666 0.506332
v 0.0342727 -0.363425 0.51409
v 0.0822494 -0.370265 0.507149
v 0.102767 -0.377105 0.50378
v 0.0696938 -0.384605 0.507353
v 0.124918 -0.412864 0.493776
v 0.0617317 -0.418144 0.501228
v 0.116548 -0.404404 0.496838
v 0.116548 -0.445503 0.487855
v 0.116548 -0.459243 0.483874
v 0.124101 -0.466683 0.479995
v 0.121243 -0.506462 0.465703
v 0.131247 -0.501242 0.464478
v 0.130226 -0.524881 0.454474
v 0.130226 -0.531721 0.450595
v 0.131349 -0.55566 0.436303
v 0.130328 -0.56934 0.428749
v 0.125837 -0.57732 0.425891
v 0.185042 -0.58626 0.395164
v 0.211378 -0.5826 0.386793
v 0.147477 -0.58758 0.409761
v 0.215155 -0.5871 0.381893
v 0.393588 -0.639658 0.047877
v 0.398283 -0.631619 0.0615561
v 0.370007 -0.657898 0.0949373
v 0.377153 -0.651358 0.0901393
v 0.379092 -0.653218 0.0615561
v 0.389402 -0.649978 0.00673748
v 0.396242 -0.642898 0.00673748
v 0.395323 -0.641878 0.0204166
v 0.375724 -0.649858 0.102696
v 0.356329 -0.671638 0.0952435
v 0.400121 -0.633899 0.0340957
v 0.399202 -0.632759 0.047877
v 0.401856 -0.636059 0.00673748
v 0.408695 -0.627239 -0.00683957
v 0.407878 -0.626039 -0.0205187
v 0.39716 -0.630059 -0.0791144
v 0.396446 -0.629159 -0.0890164
v 0.386238 -0.633479 -0.116477
v 0.383686 -0.644098 -0.0945289
v 0.382563 -0.643018 -0.102798
v 0.384503 -0.631439 -0.12495
v 0.130226 -0.17143 -0.48469
v 0.116548 -0.17143 -0.487345
v 0.102767 -0.17143 -0.489284
v -0.0609661 -0.17119 -0.494797
v -0.0649471 -0.16645 -0.493061
v -0.102818 -0.17149 -0.489284
v -0.116497 -0.15775 -0.483261
v -0.102818 -0.15775 -0.485099
v -0.0342216 -0.185169 -0.501534
v -0.000433809 -0.191769 -0.507251
v -0.00574187 -0.186369 -0.505413
v 0.0879658 -0.185289 -0.49449
v 0.0741853 -0.227588 -0.505413
v 0.0617317 -0.230888 -0.507761
v 0.00956984 -0.194409 -0.50674
v 0.00681373 -0.226328 -0.513886
v -2.54966e-05 -0.192189 -0.507353
v -0.000127575 -0.192189 -0.507353
v -0.128848 -0.15853 -0.481117
v -0.126704 -0.120191 -0.467336
v -0.130175 -0.102911 -0.458761
v -0.137627 -0.0956516 -0.452636
v -0.142935 -0.0903117 -0.44743
v -0.130583 -0.080052 -0.446613
v 0.291407 -0.634139 -0.278687
v 0.286712 -0.643258 -0.272664
v 0.277525 -0.647098 -0.277564
v 0.272625 -0.643258 -0.286751
v 0.27875 -0.634139 -0.291345
v 0.248535 -0.632099 -0.316662
v 0.257722 -0.628319 -0.313191
v 0.287426 -0.616559 -0.301247
v 0.213624 -0.624719 -0.350451
v 0.223015 -0.5925 -0.372807
v 0.226894 -0.58332 -0.377503
v 0.221688 -0.57798 -0.385261
v 0.315498 -0.644518 -0.233362
v 0.31264 -0.683157 -0.171295
v 0.317539 -0.673918 -0.182014
v 0.303351 -0.686877 -0.180687
v 0.299982 -0.684177 -0.189875
v 0.311925 -0.668998 -0.198756
v 0.380215 -0.640378 -0.116477
v 0.36766 -0.641698 -0.143937
v 0.369395 -0.643618 -0.135464
v 0.371335 -0.645478 -0.126277
v 0.373376 -0.647398 -0.116477
v 0.325399 -0.682077 -0.143937
v 0.314579 -0.684837 -0.162822
v 0.295388 -0.638218 -0.268172
v 0.147579 -0.517861 -0.451105
v 0.213216 -0.56904 -0.394653
v 0.202702 -0.57366 -0.396389
v 0.212501 -0.537841 -0.41313
v 0.21148 -0.526681 -0.41997
v 0.138494 -0.521941 -0.452943
v 0.152275 -0.508742 -0.453045
v 0.190758 -0.505982 -0.438243
v 0.136453 -0.492902 -0.465907
v 0.129307 -0.458823 -0.481424
v 0.130226 -0.445503 -0.485099
v 0.131247 -0.501242 -0.46458
v 0.127266 -0.497282 -0.46754
v 0.133288 -0.463083 -0.478667
v 0.130226 -0.431763 -0.488365
v 0.129818 -0.417724 -0.491632
v 0.124918 -0.412864 -0.493878
v 0.130226 -0.390664 -0.497553
v 0.116548 -0.390664 -0.499901
v 0.116548 -0.377105 -0.502045
v 0.143905 -0.322266 -0.500003
v 0.116548 -0.363425 -0.50327
v 0.130226 -0.322266 -0.503984
v 0.155031 -0.294847 -0.495307
v 0.143905 -0.308526 -0.500411
v 0.143905 -0.294847 -0.499901
v 0.145232 -0.252728 -0.496124
v 0.14268 -0.239948 -0.495715
v 0.139719 -0.226328 -0.494592
v 0.157685 -0.226328 -0.487242
v 0.137576 -0.218529 -0.493776
v -0.13089 -0.116051 0.46407
v -0.142935 -0.103691 0.454168
v -0.138035 -0.16357 0.480097
v -0.128848 -0.15853 0.481117
v -0.116497 -0.17149 0.487345
v -0.179989 -0.080052 0.426197
v -0.196322 -0.0928917 0.426809
v -0.146814 -0.0996715 0.450799
v -0.205407 -0.0961916 0.424768
v -0.0205432 -0.226268 0.512049
v -0.00686473 -0.226268 0.513784
v -0.00574187 -0.198969 0.508067
v -0.102818 -0.17149 0.489182
v -0.116497 -0.185169 0.490611
v -0.116497 -0.195249 0.492857
v -0.102818 -0.226268 0.50133
v -2.54966e-05 -0.233228 0.515009
v 0.00681373 -0.239948 0.516132
v 0.0687751 -0.233048 0.507149
v 0.216992 -0.601679 0.368622
v 0.208826 -0.619499 0.358414
v 0.209235 -0.633419 0.345347
v 0.25619 -0.655378 0.284506
v 0.253639 -0.668638 0.270214
v 0.26058 -0.671938 0.260516
v 0.226179 -0.640618 0.325032
v 0.218217 -0.643558 0.328095
v 0.233325 -0.644518 0.315437
v 0.238735 -0.647398 0.30778
v 0.281097 -0.651238 0.267253
v 0.30774 -0.664378 0.211516
v 0.287324 -0.685077 0.204881
v 0.3058 -0.688437 0.171193
v 0.274667 -0.685917 0.219989
v 0.290897 -0.687477 0.195693
v 0.295184 -0.689037 0.185077
v 0.316519 -0.686517 0.153635
v 0.327543 -0.684117 0.133423
v 0.347959 -0.676798 0.102696
v 0.0342727 -0.239948 0.512559
v 0.00681373 -0.253688 0.517459
v 0.0819432 -0.247328 0.507047
v 0.0890887 -0.252608 0.506536
v 0.102767 -0.253688 0.504801
v 0.0844951 -0.256448 0.507455
v 0.0617317 -0.267427 0.511334
v 0.110117 -0.300847 0.507149
v 0.110525 -0.308526 0.507353
v 0.0204922 -0.294847 0.518684
v 0.0890887 -0.308526 0.510211
v 0.00354724 -0.308526 0.52144
v 0.00242438 -0.319866 0.521134
v 0.0204922 -0.322266 0.518684
v 0.00681373 -0.335946 0.519501
v 0.00681373 -0.363425 0.517561
v 0.00681373 -0.377105 0.516438
v 0.0204922 -0.377105 0.514703
v 0.0204922 -0.390664 0.512559
v 0.116548 -0.431763 0.490917
v 0.0204922 -0.445503 0.500615
v 0.103992 -0.431943 0.492551
v 0.00630334 -0.430923 0.50572
v 0.102767 -0.445503 0.489692
v 0.0665294 -0.451263 0.493163
v 0.116548 -0.468183 0.480607
v 0.0574445 -0.453303 0.493776
v 0.112158 -0.508082 0.466315
v 0.11665 -0.513181 0.463763
v 0.122366 -0.534361 0.452126
v 0.127572 -0.551401 0.440284
v 0.119814 -0.56052 0.43763
v 0.115731 -0.56778 0.43467
v 0.116548 -0.57966 0.427422
v 0.116548 -0.58656 0.42293
v 0.13829 -0.5901 0.411701
v 0.20607 -0.58974 0.383934
v 0.207805 -0.604619 0.371276
v 0.34408 -0.686817 0.0752352
v 0.350919 -0.679917 0.0752352
v 0.352756 -0.681777 0.047877
v 0.361331 -0.676738 0.0204166
v 0.369089 -0.670678 0.00673748
v 0.389402 -0.649978 -0.00683957
v 0.396242 -0.642898 -0.00683957
v 0.340711 -0.683637 0.102696
v 0.342344 -0.685137 0.0942227
v 0.343365 -0.686097 0.0851373
v 0.401856 -0.636059 -0.00683957
v 0.400121 -0.633899 -0.0341978
v 0.399202 -0.632759 -0.047979
v 0.398283 -0.631619 -0.0616582
v 0.379092 -0.653218 -0.0616582
v 0.377153 -0.651358 -0.0902414
v 0.370007 -0.657898 -0.0950393
v 0.393588 -0.639658 -0.047979
v 0.395323 -0.641878 -0.0205187
v 0.356329 -0.671638 -0.0953456
v 0.375724 -0.649858 -0.102798
v 0.130226 -0.185109 -0.487855
v 0.124408 -0.204669 -0.493776
v 0.116548 -0.185109 -0.490611
v -0.0879147 -0.185289 -0.49449
v -0.116497 -0.185169 -0.490611
v -0.116497 -0.17149 -0.487345
v -0.00962083 -0.194409 -0.50674
v -0.0616806 -0.230888 -0.507761
v -0.0890376 -0.226268 -0.503167
v -0.00686473 -0.226268 -0.513886
v 0.116548 -0.195249 -0.492857
v 0.0890887 -0.226328 -0.503167
v 0.0204922 -0.226328 -0.512151
v 0.116548 -0.226328 -0.499492
v 0.0687751 -0.233048 -0.507251
v -0.000127575 -0.226268 -0.513886
v 0.00681373 -0.239948 -0.516234
v -0.130175 -0.17149 -0.48469
v -0.138035 -0.16357 -0.480199
v -0.13089 -0.116051 -0.464172
v -0.142935 -0.103691 -0.454168
v -0.146814 -0.0996715 -0.450799
v -0.205407 -0.0961916 -0.42487
v -0.196322 -0.0928917 -0.426809
v -0.142016 -0.080052 -0.441918
v -0.179989 -0.080052 -0.426197
v 0.281097 -0.651238 -0.267356
v 0.26058 -0.671938 -0.260618
v 0.253639 -0.668638 -0.270316
v 0.25619 -0.655378 -0.284608
v 0.238735 -0.647398 -0.307883
v 0.233325 -0.644518 -0.315539
v 0.218217 -0.643558 -0.328197
v 0.226179 -0.640618 -0.325135
v 0.226179 -0.633719 -0.332178
v 0.218422 -0.629819 -0.341978
v 0.209235 -0.633419 -0.345449
v 0.208826 -0.619499 -0.358414
v 0.216992 -0.601679 -0.368724
v 0.215155 -0.5871 -0.381893
v 0.211378 -0.5826 -0.386895
v 0.30774 -0.664378 -0.211618
v 0.3058 -0.688437 -0.171295
v 0.295184 -0.689037 -0.185179
v 0.290897 -0.687477 -0.195795
v 0.274667 -0.685917 -0.220091
v 0.287324 -0.685077 -0.204983
v 0.327543 -0.684117 -0.133525
v 0.347959 -0.676798 -0.102798
v 0.316519 -0.686517 -0.153737
v 0.130226 -0.514081 -0.45968
v 0.193617 -0.57684 -0.398226
v 0.125837 -0.57732 -0.425993
v 0.134922 -0.57426 -0.424053
v 0.130328 -0.56934 -0.428851
v 0.181571 -0.537061 -0.426401
v 0.16136 -0.532441 -0.437426
v 0.130226 -0.531721 -0.450697
v 0.130226 -0.524881 -0.454576
v 0.116548 -0.459243 -0.483874
v 0.124101 -0.466683 -0.479995
v 0.116548 -0.445503 -0.487855
v 0.121243 -0.506462 -0.465805
v 0.116548 -0.431763 -0.49102
v 0.0617317 -0.418144 -0.501228
v 0.0204922 -0.390664 -0.512559
v 0.0696938 -0.384605 -0.507353
v 0.103992 -0.431943 -0.492653
v 0.102767 -0.377105 -0.503882
v 0.0822494 -0.370265 -0.507251
v 0.130226 -0.308526 -0.504494
v 0.0342727 -0.363425 -0.51409
v 0.116548 -0.335946 -0.505209
v 0.115629 -0.321666 -0.506332
v 0.110423 -0.316746 -0.507353
v 0.130226 -0.294847 -0.503882
v 0.130226 -0.253688 -0.500922
v 0.143905 -0.267427 -0.497757
v 0.130226 -0.239948 -0.499492
v 0.130226 -0.226328 -0.497145
v -0.143956 -0.116651 0.45917
v -0.143139 -0.15853 0.476115
v -0.219493 -0.109571 0.425074
v -0.151714 -0.108851 0.452738
v -0.140689 -0.17149 0.48122
v -0.130175 -0.17149 0.484588
v -0.235111 -0.16243 0.43957
v -0.176518 -0.16723 0.465397
v -0.21051 -0.080052 0.413436
v -0.22623 -0.0917517 0.413641
v -0.234295 -0.0948116 0.411905
v -0.21245 -0.0994915 0.423441
v -0.0616806 -0.230888 0.507659
v -0.068724 -0.233048 0.507149
v -0.00686473 -0.240008 0.516132
v -0.000127575 -0.233228 0.515009
v -0.130175 -0.185169 0.487855
v -0.124357 -0.204729 0.493674
v -0.116497 -0.226268 0.499492
v -2.54966e-05 -0.239948 0.516132
v 0.201885 -0.628619 0.354534
v 0.202702 -0.642598 0.340753
v 0.229242 -0.683097 0.271133
v 0.244247 -0.683937 0.258474
v 0.249453 -0.687297 0.249287
v 0.258538 -0.683937 0.244183
v 0.209132 -0.646498 0.331566
v 0.212501 -0.682737 0.284403
v 0.294674 -0.692217 0.171193
v 0.308454 -0.691737 0.143835
v 0.322133 -0.690957 0.116375
v 0.333872 -0.688737 0.102696
v 0.31856 -0.687957 0.143835
v 0.262009 -0.686697 0.234995
v 0.253843 -0.688797 0.239691
v 0.267215 -0.691377 0.212333
v 0.331014 -0.687177 0.116375
v 0.32938 -0.685857 0.124235
v -0.00686473 -0.253688 0.517459
v 0.00211814 -0.297787 0.521134
v 0.00681373 -0.281107 0.519399
v 0.0479512 -0.253688 0.512049
v -2.54966e-05 -0.302047 0.521338
v -0.00349615 -0.308526 0.52144
v -0.000127575 -0.315366 0.521338
v -2.54966e-05 -0.315306 0.521338
v -0.00247537 -0.319866 0.521134
v 0.00691581 -0.323586 0.520317
v -2.54966e-05 -0.363425 0.517561
v -0.00686473 -0.377105 0.516438
v 0.00681373 -0.390664 0.514192
v 0.0014036 -0.425824 0.507455
v 0.00681373 -0.445503 0.502351
v 0.0212067 -0.460383 0.49592
v 0.0342727 -0.472982 0.48959
v 0.0445826 -0.494762 0.480199
v 0.0617317 -0.491702 0.479076
v 0.00681373 -0.459243 0.498165
v 0.0133467 -0.507122 0.479688
v 0.0204922 -0.514081 0.476115
v 0.102767 -0.516541 0.464274
v 0.102767 -0.527761 0.458761
v 0.117262 -0.528961 0.455903
v 0.110729 -0.5625 0.438855
v 0.113281 -0.535801 0.453045
v 0.102767 -0.58194 0.428953
v 0.102767 -0.58878 0.424461
v 0.11124 -0.603959 0.411701
v 0.120325 -0.601679 0.409966
v 0.130226 -0.59226 0.413334
v 0.140638 -0.605039 0.398941
v 0.192698 -0.631019 0.35678
v 0.197904 -0.623999 0.360149
v 0.344998 -0.687537 0.0615561
v 0.35541 -0.684477 0.00673748
v 0.353675 -0.682677 0.0340957
v 0.336934 -0.688857 0.0894248
v 0.35541 -0.684477 -0.00683957
v 0.361331 -0.676738 -0.0205187
v 0.352756 -0.681777 -0.047979
v 0.350919 -0.679917 -0.0753373
v 0.34408 -0.686817 -0.0753373
v 0.343365 -0.686097 -0.0852394
v 0.342344 -0.685137 -0.0943247
v 0.340711 -0.683637 -0.102798
v -0.116497 -0.195249 -0.492857
v -0.124357 -0.204729 -0.493776
v -0.0205432 -0.226268 -0.512151
v -0.068724 -0.233048 -0.507251
v -0.102818 -0.226268 -0.50133
v -2.54966e-05 -0.239948 -0.516234
v -0.00686473 -0.240008 -0.516234
v 0.116548 -0.239948 -0.50184
v 0.0342727 -0.239948 -0.512661
v 0.0819432 -0.247328 -0.507149
v 0.0204922 -0.253688 -0.515724
v 0.00681373 -0.253688 -0.517459
v -2.54966e-05 -0.246728 -0.516847
v -0.140689 -0.17149 -0.481322
v -0.12946 -0.199629 -0.491428
v -0.137525 -0.218529 -0.493776
v -0.176518 -0.16723 -0.465397
v -0.205815 -0.16441 -0.452432
v -0.235111 -0.16243 -0.43957
v -0.197649 -0.15901 -0.453759
v -0.143139 -0.15853 -0.476115
v -0.143956 -0.116651 -0.45917
v -0.151714 -0.108791 -0.45284
v -0.219493 -0.109571 -0.425074
v -0.21245 -0.0994915 -0.423441
v -0.224903 -0.104171 -0.420378
v -0.234295 -0.0948116 -0.412007
v -0.22623 -0.0917517 -0.413743
v -0.209081 -0.080052 -0.414151
v 0.258538 -0.683937 -0.244285
v 0.244247 -0.683937 -0.258576
v 0.249453 -0.687297 -0.249389
v 0.229242 -0.683097 -0.271235
v 0.209132 -0.646498 -0.331668
v 0.212501 -0.682737 -0.284506
v 0.202702 -0.642598 -0.340855
v 0.201885 -0.628619 -0.354534
v 0.207805 -0.604619 -0.371276
v 0.20607 -0.58974 -0.384036
v 0.185042 -0.58626 -0.395266
v 0.294674 -0.692217 -0.171295
v 0.31856 -0.687957 -0.143937
v 0.333872 -0.688737 -0.102798
v 0.322133 -0.690957 -0.116477
v 0.308454 -0.691737 -0.143937
v 0.267215 -0.691377 -0.212435
v 0.253843 -0.688797 -0.239793
v 0.262009 -0.686697 -0.235097
v 0.32938 -0.685857 -0.124337
v 0.331014 -0.687177 -0.116477
v 0.147477 -0.58758 -0.409863
v 0.13829 -0.5901 -0.411701
v 0.130226 -0.59226 -0.413334
v 0.116548 -0.58656 -0.42293
v 0.116548 -0.57966 -0.427524
v 0.119814 -0.56052 -0.437732
v 0.122366 -0.534361 -0.452228
v 0.116548 -0.468183 -0.480607
v 0.0574445 -0.453303 -0.493878
v 0.0665294 -0.451263 -0.493265
v 0.102767 -0.445503 -0.489795
v 0.11665 -0.513181 -0.463763
v 0.112158 -0.508082 -0.466418
v 0.0754102 -0.441843 -0.494286
v 0.0181444 -0.413944 -0.507863
v 0.0014036 -0.425824 -0.507455
v 0.00681373 -0.390664 -0.514192
v 0.00681373 -0.377105 -0.516438
v 0.0204922 -0.377105 -0.514703
v 0.0617317 -0.377105 -0.509292
v 0.110117 -0.300847 -0.507251
v 0.115425 -0.295747 -0.50623
v 0.110525 -0.308526 -0.507353
v 0.00681373 -0.363425 -0.517561
v 0.00681373 -0.335946 -0.519603
v 0.0342727 -0.335946 -0.51603
v 0.00242438 -0.319866 -0.521236
v 0.00354724 -0.308526 -0.52144
v 0.0479512 -0.308526 -0.515622
v 0.0890887 -0.308526 -0.510211
v 0.116548 -0.267427 -0.504086
v -0.197649 -0.15901 0.453759
v -0.224903 -0.104171 0.420276
v -0.229701 -0.116651 0.423543
v -0.23307 -0.123491 0.42487
v -0.237153 -0.132611 0.426809
v -0.15008 -0.17953 0.479484
v -0.144874 -0.184569 0.482853
v -0.137525 -0.218529 0.493674
v -0.239807 -0.15781 0.435691
v -0.244298 -0.16849 0.437528
v -0.179377 -0.17641 0.466622
v -0.217554 -0.080052 0.410476
v -0.220208 -0.080052 0.409353
v -0.226639 -0.080052 0.406597
v -0.246952 -0.109511 0.411293
v -0.239296 -0.104111 0.413334
v -0.24634 -0.137711 0.424666
v -0.237153 -0.080052 0.400676
v -0.240011 -0.0891718 0.404453
v -0.249811 -0.0926517 0.399859
v -0.24338 -0.100392 0.408945
v -0.116497 -0.240008 0.50184
v -0.12946 -0.199629 0.491326
v -0.130175 -0.226268 0.497042
v -0.130175 -0.240008 0.499492
v 0.193515 -0.645178 0.34351
v 0.192596 -0.658498 0.329422
v 0.204947 -0.685077 0.287262
v 0.220055 -0.685917 0.274603
v 0.235162 -0.686697 0.261945
v 0.239756 -0.688797 0.253676
v 0.191167 -0.671338 0.314722
v 0.18984 -0.684177 0.29992
v 0.253639 -0.692037 0.226114
v 0.239858 -0.692517 0.239793
v 0.280995 -0.692637 0.184975
v 0.294674 -0.692937 0.157514
v 0.308454 -0.692817 0.130054
v 0.322133 -0.692517 0.102696
v 0.335811 -0.690537 0.0752352
v -0.0480022 -0.253688 0.512049
v -0.0616806 -0.267427 0.511334
v -0.0205432 -0.294847 0.518684
v -0.00686473 -0.281107 0.519399
v -0.00216914 -0.297787 0.521134
v -0.0819942 -0.247328 0.507047
v -0.000127575 -0.302047 0.521338
v -0.0890376 -0.308526 0.510211
v -0.110372 -0.316746 0.507353
v -0.00696681 -0.323586 0.520317
v -0.00686473 -0.335946 0.519501
v -0.00686473 -0.363365 0.517561
v -0.0205432 -0.322266 0.518684
v -0.0205432 -0.377105 0.514703
v -0.0696427 -0.384605 0.507353
v -0.0205432 -0.390664 0.512559
v -0.00686473 -0.390664 0.514192
v -2.54966e-05 -0.425824 0.507455
v -0.00686473 -0.445503 0.502351
v 0.00681373 -0.475982 0.49204
v 0.0212067 -0.472322 0.49153
v -0.00686473 -0.459243 0.498165
v 0.00426178 -0.508622 0.480301
v 0.00803867 -0.513541 0.477851
v 0.00681373 -0.527761 0.471318
v 0.0617317 -0.522661 0.46703
v 0.0801058 -0.520261 0.465703
v 0.102767 -0.57042 0.435793
v 0.102767 -0.55524 0.444061
v 0.0754102 -0.57378 0.437528
v 0.0562195 -0.57606 0.438753
v 0.0204922 -0.57984 0.441101
v 0.0204922 -0.58668 0.436813
v 0.102767 -0.596339 0.418949
v 0.0867409 -0.59028 0.425584
v 0.102767 -0.604979 0.412518
v 0.102767 -0.611819 0.407311
v 0.102767 -0.627659 0.395164
v 0.113587 -0.618959 0.399043
v 0.12502 -0.631439 0.384445
v 0.185042 -0.639778 0.352289
v 0.116548 -0.640378 0.380259
v 0.345917 -0.688197 0.047877
v 0.346734 -0.688737 0.0340957
v 0.347652 -0.689097 0.0204166
v 0.348469 -0.689277 0.00673748
v 0.348469 -0.689277 -0.00683957
v 0.347652 -0.689097 -0.0205187
v 0.346734 -0.688737 -0.0341978
v 0.345917 -0.688197 -0.047979
v 0.344998 -0.687537 -0.0616582
v 0.353675 -0.682677 -0.0341978
v 0.336934 -0.688857 -0.0895269
v -0.116497 -0.226268 -0.499492
v -0.130175 -0.226268 -0.497145
v -0.116497 -0.240008 -0.50184
v -0.0342216 -0.240008 -0.512661
v -0.00686473 -0.253688 -0.517459
v -0.0205432 -0.253688 -0.515724
v -0.0819942 -0.247328 -0.507149
v 0.102767 -0.253688 -0.504903
v 0.0890887 -0.252608 -0.506638
v 0.0479512 -0.253688 -0.512151
v 0.0204922 -0.267427 -0.516744
v 0.00681373 -0.281107 -0.519501
v 0.00211814 -0.297787 -0.521236
v -0.000127575 -0.297727 -0.521236
v -0.144874 -0.184569 -0.482853
v -0.15008 -0.17953 -0.479484
v -0.179377 -0.17641 -0.466622
v -0.171721 -0.17167 -0.468561
v -0.13977 -0.226268 -0.494592
v -0.157634 -0.226268 -0.487242
v -0.164371 -0.205989 -0.47979
v -0.208061 -0.17149 -0.453453
v -0.244298 -0.16849 -0.43763
v -0.239807 -0.15781 -0.435691
v -0.23307 -0.123491 -0.424972
v -0.229803 -0.116651 -0.423645
v -0.185093 -0.15775 -0.458455
v -0.24634 -0.137711 -0.424768
v -0.246952 -0.109511 -0.411395
v -0.24338 -0.100392 -0.409047
v -0.249811 -0.0926517 -0.399859
v -0.240011 -0.0891718 -0.404555
v -0.237153 -0.080052 -0.400778
v -0.233682 -0.080052 -0.402718
v -0.226639 -0.080052 -0.406597
v 0.235162 -0.686697 -0.262047
v 0.239756 -0.688797 -0.253778
v 0.220055 -0.685917 -0.274706
v 0.204947 -0.685077 -0.287364
v 0.191167 -0.671338 -0.314824
v 0.192596 -0.658498 -0.329524
v 0.18984 -0.684177 -0.300022
v 0.193515 -0.645178 -0.343612
v 0.192698 -0.631019 -0.35678
v 0.197904 -0.623999 -0.360149
v 0.12502 -0.631439 -0.384547
v 0.140638 -0.605039 -0.399043
v 0.130226 -0.599099 -0.408026
v 0.280995 -0.692637 -0.185077
v 0.239858 -0.692517 -0.239895
v 0.253639 -0.692037 -0.226216
v 0.322133 -0.692517 -0.102798
v 0.308454 -0.692817 -0.130156
v 0.294674 -0.692937 -0.157616
v 0.335811 -0.690537 -0.0753373
v 0.120325 -0.601679 -0.409966
v 0.11124 -0.603959 -0.411701
v 0.102767 -0.58878 -0.424461
v 0.102767 -0.58194 -0.428953
v 0.110729 -0.5625 -0.438957
v 0.115731 -0.56778 -0.43467
v 0.113281 -0.535801 -0.453045
v 0.117262 -0.528961 -0.455903
v 0.0617317 -0.491702 -0.479178
v 0.102767 -0.470643 -0.481526
v 0.0618338 -0.458403 -0.491428
v 0.0342727 -0.472982 -0.489692
v 0.0212067 -0.460383 -0.496022
v 0.00681373 -0.459243 -0.498267
v 0.00681373 -0.445503 -0.502351
v 0.0204922 -0.445503 -0.500615
v 0.102767 -0.527761 -0.458761
v 0.102767 -0.516541 -0.464274
v 0.0801058 -0.520261 -0.465805
v 0.0890887 -0.511922 -0.467949
v 0.00426178 -0.508622 -0.480403
v 0.0133467 -0.507122 -0.47979
v 0.0445826 -0.494762 -0.480301
v 0.00630334 -0.430923 -0.50572
v -2.54966e-05 -0.425824 -0.507455
v -0.00686473 -0.390664 -0.514192
v -0.00686473 -0.377105 -0.516438
v -0.000127575 -0.319926 -0.521236
v 0.0204922 -0.294847 -0.518684
v 0.0617317 -0.294847 -0.513274
v 0.104809 -0.281107 -0.506638
v -2.54966e-05 -0.315006 -0.521338
v -0.00349615 -0.308526 -0.52144
v -0.157634 -0.226268 0.487242
v -0.13977 -0.226268 0.494592
v -0.239909 -0.185169 0.443653
v -0.247054 -0.17761 0.438753
v -0.249198 -0.14683 0.426503
v -0.253689 -0.15853 0.428238
v -0.252465 -0.17245 0.433853
v -0.258385 -0.15445 0.423338
v -0.258895 -0.0982915 0.396286
v -0.316365 -0.108011 0.357291
v -0.34015 -0.141371 0.354534
v -0.261039 -0.16357 0.42538
v -0.239807 -0.080052 0.398839
v -0.24389 -0.080052 0.39598
v -0.30973 -0.0877318 0.350553
v -0.328411 -0.0969116 0.342182
v -0.273901 -0.0963116 0.383628
v -0.130175 -0.253688 0.50082
v -0.116497 -0.253688 0.502963
v -0.102818 -0.253688 0.504801
v -0.142731 -0.240008 0.495715
v 0.173916 -0.642418 0.354534
v 0.185042 -0.646918 0.345347
v 0.171364 -0.676318 0.32003
v 0.171364 -0.683157 0.312578
v 0.18198 -0.673918 0.317478
v 0.180755 -0.686877 0.303289
v 0.195862 -0.687477 0.290733
v 0.212501 -0.687597 0.277564
v 0.226179 -0.692037 0.253472
v 0.185246 -0.689037 0.29502
v 0.212501 -0.691377 0.267151
v 0.171364 -0.692217 0.294612
v 0.185042 -0.692637 0.280933
v 0.19872 -0.692937 0.267151
v 0.212501 -0.692937 0.253472
v 0.253639 -0.692937 0.212333
v 0.267215 -0.692937 0.198654
v 0.322133 -0.692937 0.0889143
v 0.335811 -0.692517 0.0340957
v 0.335811 -0.691977 0.047877
v 0.335811 -0.691317 0.0615561
v -0.0844441 -0.256508 0.507455
v -0.116497 -0.267427 0.504086
v -0.115374 -0.295747 0.50623
v -0.110066 -0.300907 0.507149
v -0.117415 -0.308526 0.506332
v -0.130175 -0.308526 0.504392
v -0.130175 -0.322266 0.503984
v -0.115578 -0.321726 0.506332
v -0.0342216 -0.363365 0.51409
v -0.0821983 -0.370265 0.507149
v -0.102818 -0.377105 0.50378
v -0.116497 -0.377105 0.501942
v -0.116497 -0.390664 0.499799
v -0.116497 -0.404404 0.496838
v -0.103941 -0.432003 0.492551
v -0.00145459 -0.425764 0.507455
v -0.00635434 -0.430923 0.50572
v -0.0205432 -0.445503 0.500615
v -0.0573934 -0.453303 0.493776
v -0.0212577 -0.460383 0.49592
v -0.00686473 -0.475982 0.49204
v -0.00431278 -0.508622 0.480301
v 0.020288 -0.528781 0.469072
v -0.00686473 -0.527761 0.471318
v -2.54966e-05 -0.532021 0.469072
v 0.00364931 -0.56292 0.452738
v 0.00681373 -0.543001 0.463253
v 0.0479512 -0.531181 0.464274
v 0.0342727 -0.56892 0.445593
v 0.00763036 -0.56802 0.449472
v 0.00681373 -0.58116 0.44202
v 0.00681373 -0.588 0.437528
v 0.00681373 -0.596339 0.431505
v 0.0342727 -0.59496 0.429055
v 0.0890887 -0.622379 0.401595
v 0.0890887 -0.629159 0.396491
v 0.0946009 -0.644098 0.383628
v 0.102767 -0.636178 0.388324
v 0.116548 -0.633479 0.38618
v 0.117466 -0.623639 0.393734
v 0.102767 -0.643018 0.382505
v 0.102767 -0.649858 0.375768
v 0.116548 -0.647398 0.373318
v 0.126347 -0.645478 0.371276
v 0.135432 -0.643618 0.369337
v 0.335811 -0.692877 0.0204166
v 0.335811 -0.692937 0.00673748
v 0.335811 -0.692937 -0.00683957
v 0.335811 -0.692877 -0.0205187
v 0.335811 -0.692517 -0.0341978
v 0.335811 -0.691977 -0.047979
v 0.335811 -0.691317 -0.0616582
v -0.130175 -0.240008 -0.499492
v -0.116497 -0.253688 -0.502963
v -0.130175 -0.253688 -0.500922
v -0.102818 -0.253688 -0.504903
v -0.00216914 -0.297727 -0.521236
v -0.00686473 -0.281107 -0.519501
v -0.0205432 -0.267427 -0.516744
v -0.0480022 -0.253688 -0.512151
v 0.0617317 -0.267427 -0.511334
v -0.198771 -0.185169 -0.460701
v -0.21786 -0.18097 -0.45182
v -0.247054 -0.17761 -0.438855
v -0.142731 -0.240008 -0.495715
v -0.14957 -0.240008 -0.493061
v -0.17856 -0.232508 -0.479995
v -0.239501 -0.212229 -0.450084
v -0.232151 -0.207429 -0.452024
v -0.239909 -0.185169 -0.443653
v -0.252465 -0.17245 -0.433955
v -0.253689 -0.15853 -0.428341
v -0.249198 -0.14683 -0.426605
v -0.241032 -0.14299 -0.429259
v -0.261039 -0.16357 -0.425482
v -0.258385 -0.15445 -0.423338
v -0.258895 -0.0982915 -0.396389
v -0.34015 -0.141371 -0.354534
v -0.322082 -0.130331 -0.363314
v -0.319019 -0.116651 -0.359332
v -0.301258 -0.110171 -0.369949
v -0.316365 -0.108011 -0.357291
v -0.313303 -0.0988915 -0.354943
v -0.274003 -0.0963116 -0.383628
v -0.328411 -0.0969116 -0.342285
v -0.30973 -0.0877318 -0.350553
v -0.24389 -0.080052 -0.39598
v 0.212501 -0.687597 -0.277666
v 0.195862 -0.687477 -0.290835
v 0.180755 -0.686877 -0.303391
v 0.226179 -0.692037 -0.253574
v 0.212501 -0.691377 -0.267253
v 0.185246 -0.689037 -0.295122
v 0.182082 -0.673918 -0.31758
v 0.171364 -0.683157 -0.31268
v 0.185042 -0.646918 -0.345449
v 0.173916 -0.642418 -0.354534
v 0.185042 -0.639778 -0.352289
v 0.171364 -0.676318 -0.320132
v 0.185042 -0.632939 -0.358312
v 0.116548 -0.633479 -0.386282
v 0.113587 -0.618959 -0.399145
v 0.116548 -0.640378 -0.380259
v 0.267215 -0.692937 -0.198756
v 0.212501 -0.692937 -0.253574
v 0.19872 -0.692937 -0.267253
v 0.185042 -0.692637 -0.281035
v 0.171364 -0.692217 -0.294714
v 0.253639 -0.692937 -0.212435
v 0.322133 -0.692937 -0.0890164
v 0.102767 -0.604979 -0.41262
v 0.102767 -0.596339 -0.418949
v 0.102767 -0.627659 -0.395266
v 0.102767 -0.611819 -0.407414
v 0.0959279 -0.58944 -0.424972
v 0.0204922 -0.58668 -0.436813
v 0.0204922 -0.57984 -0.441203
v 0.0562195 -0.57606 -0.438855
v 0.0754102 -0.57378 -0.43763
v 0.102767 -0.57042 -0.435793
v 0.102767 -0.55524 -0.444061
v 0.102767 -0.544081 -0.450084
v 0.0754102 -0.472982 -0.484282
v 0.0212067 -0.472322 -0.491632
v 0.00681373 -0.475982 -0.492142
v -0.000127575 -0.508682 -0.480403
v -0.00686473 -0.459243 -0.498267
v -0.00686473 -0.445503 -0.502351
v 0.0709188 -0.521521 -0.466418
v 0.00803867 -0.513541 -0.477953
v 0.0204922 -0.514081 -0.476115
v 0.00681373 -0.527761 -0.47142
v -0.00145459 -0.425764 -0.507455
v -0.0205432 -0.390664 -0.512559
v -0.00686473 -0.363365 -0.517561
v -0.00247537 -0.319926 -0.521236
v -0.0696427 -0.384605 -0.507353
v -0.0205432 -0.377105 -0.514703
v -0.000127575 -0.315006 -0.521338
v -0.0480022 -0.308526 -0.515622
v -0.110066 -0.300907 -0.507251
v -0.110372 -0.316746 -0.507353
v -0.232151 -0.207429 0.452024
v -0.17856 -0.232508 0.479995
v -0.14957 -0.240008 0.492959
v -0.244196 -0.226268 0.451207
v -0.237357 -0.226268 0.454168
v -0.255527 -0.185169 0.435486
v -0.258487 -0.198849 0.437426
v -0.26012 -0.206589 0.438447
v -0.253587 -0.226268 0.44692
v -0.24634 -0.234488 0.452126
v -0.262774 -0.17149 0.426707
v -0.308301 -0.15889 0.386997
v -0.315447 -0.16423 0.383934
v -0.313303 -0.0988915 0.354841
v -0.331473 -0.106031 0.34453
v -0.335964 -0.117311 0.34647
v -0.343212 -0.122411 0.343101
v -0.345049 -0.15775 0.358209
v -0.330554 -0.16195 0.371276
v -0.300339 -0.16747 0.396593
v -0.316263 -0.080052 0.340243
v -0.322286 -0.080052 0.335547
v -0.330044 -0.080832 0.329932
v -0.3328 -0.0892318 0.332791
v -0.336883 -0.101471 0.336772
v -0.340558 -0.113231 0.340549
v -0.143956 -0.294847 0.499799
v -0.130175 -0.294847 0.50378
v -0.143956 -0.267427 0.497655
v -0.145181 -0.252728 0.496022
v -0.150693 -0.247508 0.49347
v 0.157685 -0.645838 0.357903
v 0.158604 -0.679017 0.32248
v 0.162891 -0.684837 0.314518
v 0.171364 -0.688437 0.305739
v 0.143905 -0.691737 0.308291
v 0.102767 -0.692517 0.322072
v 0.130226 -0.692817 0.308291
v 0.157685 -0.692937 0.294612
v -0.143956 -0.308526 0.500309
v -0.116497 -0.335946 0.505209
v -0.143956 -0.322266 0.499901
v -0.143956 -0.335946 0.498982
v -0.130175 -0.349685 0.501942
v -0.116497 -0.363365 0.503065
v -0.130175 -0.363365 0.500922
v -0.130175 -0.377105 0.499697
v -0.130175 -0.390664 0.497451
v -0.124867 -0.412804 0.493776
v -0.116497 -0.431823 0.490917
v -0.102818 -0.445503 0.489692
v -0.0664783 -0.451263 0.493163
v -0.116497 -0.459243 0.483874
v -0.0212577 -0.472322 0.49153
v -0.116497 -0.468183 0.480607
v -0.0205432 -0.486662 0.486324
v -0.0133977 -0.507122 0.479688
v -0.0205432 -0.514081 0.476115
v -0.00808966 -0.513541 0.477851
v -0.000127575 -0.532021 0.469072
v -0.0616806 -0.522661 0.46703
v -0.020339 -0.528781 0.469072
v -0.00686473 -0.543001 0.463253
v -0.00370031 -0.56292 0.452738
v 0.0128363 -0.56184 0.452228
v -0.00686473 -0.58116 0.44202
v -2.54966e-05 -0.58464 0.439774
v -0.00686473 -0.588 0.437528
v -0.00686473 -0.596339 0.431505
v 0.00681373 -0.620399 0.413845
v 0.0479512 -0.632759 0.399247
v 0.0479512 -0.639658 0.393632
v 0.0204922 -0.641878 0.395368
v 0.00681373 -0.642898 0.396184
v 0.0754102 -0.645418 0.384853
v 0.0859242 -0.658558 0.370664
v 0.0951113 -0.657898 0.369949
v 0.0953154 -0.671638 0.35627
v 0.102767 -0.676798 0.347899
v -0.116497 -0.267427 -0.504086
v -0.143956 -0.294847 -0.499901
v -0.143956 -0.267427 -0.497757
v -0.145181 -0.252728 -0.496124
v -0.130175 -0.294847 -0.503882
v -0.104758 -0.281107 -0.506638
v -0.0205432 -0.294847 -0.518684
v -0.0616806 -0.267427 -0.511334
v -0.26012 -0.206589 -0.438447
v -0.258487 -0.198849 -0.437426
v -0.255527 -0.185169 -0.435588
v -0.239909 -0.198849 -0.446818
v -0.244196 -0.226268 -0.451309
v -0.24634 -0.234488 -0.452228
v -0.253587 -0.226268 -0.44692
v -0.150693 -0.247508 -0.49347
v -0.247769 -0.243608 -0.45284
v -0.22623 -0.240008 -0.461313
v -0.237357 -0.226268 -0.454168
v -0.262774 -0.17149 -0.426707
v -0.269614 -0.17149 -0.421501
v -0.315447 -0.16423 -0.384036
v -0.345049 -0.15775 -0.358312
v -0.343212 -0.122411 -0.343203
v -0.335964 -0.117311 -0.346572
v -0.331473 -0.106031 -0.344632
v -0.340558 -0.113231 -0.340651
v -0.336883 -0.101471 -0.336874
v -0.3328 -0.0892318 -0.332893
v -0.330044 -0.080832 -0.330035
v -0.322286 -0.080052 -0.335649
v -0.311262 -0.080052 -0.344224
v 0.171364 -0.688437 -0.305841
v 0.162891 -0.684837 -0.31462
v 0.164116 -0.657898 -0.342591
v 0.116548 -0.647398 -0.37342
v 0.135432 -0.643618 -0.369439
v 0.143905 -0.641698 -0.367703
v 0.158604 -0.679017 -0.322582
v 0.102767 -0.643018 -0.382505
v 0.102767 -0.636178 -0.388426
v 0.157685 -0.692937 -0.294714
v 0.130226 -0.692817 -0.308393
v 0.102767 -0.692517 -0.322174
v 0.143905 -0.691737 -0.308393
v 0.0867409 -0.59028 -0.425584
v 0.0890887 -0.629159 -0.396491
v 0.0890887 -0.622379 -0.401595
v 0.0946009 -0.644098 -0.383628
v 0.00681373 -0.588 -0.43763
v 0.00681373 -0.58116 -0.442122
v 0.0479512 -0.59376 -0.428136
v 0.0342727 -0.59496 -0.429055
v 0.00763036 -0.56802 -0.449574
v 0.0342727 -0.56892 -0.445695
v 0.0247795 -0.534001 -0.465805
v 0.0479512 -0.531181 -0.464274
v 0.0617317 -0.522661 -0.46703
v -0.00431278 -0.508682 -0.480403
v -0.00686473 -0.475982 -0.492142
v -0.0212577 -0.460383 -0.496022
v -0.0573934 -0.453303 -0.493878
v -0.0664783 -0.451263 -0.493265
v -0.0205432 -0.445503 -0.500615
v -0.00635434 -0.430923 -0.50572
v -0.00686473 -0.527761 -0.47142
v 0.020288 -0.528781 -0.469174
v 0.00681373 -0.543061 -0.463253
v 0.00364931 -0.56292 -0.45284
v -0.0180933 -0.413944 -0.507863
v -0.0616806 -0.431823 -0.498267
v -0.116497 -0.390664 -0.499901
v -0.00686473 -0.335946 -0.519603
v -0.0342216 -0.363365 -0.51409
v -0.0205432 -0.349685 -0.516847
v -0.0342216 -0.335946 -0.51603
v -0.116497 -0.377105 -0.502045
v -0.102818 -0.377105 -0.503882
v -0.0823004 -0.370265 -0.507251
v -0.0890376 -0.308526 -0.510211
v -0.0616806 -0.294847 -0.513274
v -0.117415 -0.308526 -0.506332
v -0.130175 -0.308526 -0.504494
v -0.115374 -0.295747 -0.50623
v -0.115578 -0.321726 -0.506332
v -0.130175 -0.322266 -0.503984
v -0.21245 -0.225248 0.464274
v -0.22623 -0.240008 0.461211
v -0.261754 -0.215709 0.439672
v -0.265326 -0.185169 0.428647
v -0.290336 -0.198849 0.413232
v -0.252873 -0.239408 0.449778
v -0.263591 -0.226268 0.440999
v -0.247769 -0.243608 0.452738
v -0.349949 -0.17251 0.360149
v -0.326369 -0.185169 0.381893
v -0.344641 -0.106031 0.331362
v -0.346581 -0.117311 0.335853
v -0.358217 -0.15775 0.345041
v -0.354747 -0.16861 0.354739
v -0.329738 -0.080052 0.329626
v -0.335658 -0.080052 0.322276
v -0.342191 -0.0969116 0.328299
v -0.239909 -0.253688 0.457026
v -0.252669 -0.294847 0.45478
v -0.192443 -0.298627 0.479995
v -0.155695 -0.308526 0.495613
v 0.102767 -0.683637 0.340651
v 0.153704 -0.686517 0.316355
v 0.124408 -0.685857 0.32932
v 0.143905 -0.687957 0.318397
v 0.102767 -0.688737 0.333812
v 0.116548 -0.690957 0.322072
v 0.0890887 -0.692937 0.322072
v 0.0754102 -0.690537 0.335751
v 0.0617317 -0.691317 0.335751
v 0.0479512 -0.691977 0.335751
v 0.0342727 -0.692517 0.335751
v -0.192545 -0.319026 0.479995
v -0.21245 -0.322266 0.471624
v -0.145283 -0.364685 0.496226
v -0.143037 -0.377105 0.49592
v -0.140179 -0.390664 0.494695
v -0.137831 -0.399004 0.493776
v -0.130175 -0.431823 0.488365
v -0.116497 -0.445503 0.487855
v -0.130175 -0.445503 0.485099
v -0.129256 -0.458823 0.481322
v -0.12405 -0.466683 0.479995
v -0.121192 -0.506462 0.465703
v -0.116599 -0.501302 0.468255
v -0.112107 -0.508082 0.466315
v -0.116599 -0.513181 0.463763
v -0.102818 -0.516481 0.464274
v -0.0800547 -0.520261 0.465703
v -0.102818 -0.527761 0.458761
v -0.102818 -0.55518 0.444061
v -0.0480022 -0.531181 0.464274
v -0.102818 -0.57042 0.435793
v -0.0342216 -0.56892 0.445593
v -0.0128873 -0.56184 0.452228
v -0.00768135 -0.56808 0.449472
v -0.0205432 -0.57984 0.441101
v -0.0205432 -0.58668 0.436813
v -0.0342216 -0.59496 0.429055
v -0.00686473 -0.620339 0.413845
v -2.54966e-05 -0.623879 0.411191
v -2.54966e-05 -0.627239 0.408639
v 0.00681373 -0.627239 0.408639
v 0.00681373 -0.636059 0.401799
v -0.00686473 -0.642898 0.396184
v -2.54966e-05 -0.646498 0.392714
v 0.00681373 -0.649978 0.389345
v 0.0479512 -0.681777 0.352799
v 0.0754102 -0.686817 0.34402
v 0.0852097 -0.686097 0.343305
v 0.0943967 -0.685137 0.342182
v -0.143956 -0.308526 -0.500411
v -0.155695 -0.308526 -0.495613
v -0.192443 -0.298627 -0.479995
v -0.239909 -0.294847 -0.460088
v -0.239909 -0.281107 -0.459068
v -0.239909 -0.253688 -0.457026
v -0.159369 -0.267427 -0.491428
v -0.261754 -0.215709 -0.439672
v -0.265326 -0.185169 -0.428749
v -0.252873 -0.239408 -0.449778
v -0.263591 -0.226268 -0.441101
v -0.259508 -0.294847 -0.451922
v -0.255731 -0.253688 -0.450084
v -0.339639 -0.17149 -0.367805
v -0.349949 -0.17251 -0.360149
v -0.354747 -0.16861 -0.354841
v -0.358217 -0.15775 -0.345041
v -0.354441 -0.141371 -0.340243
v -0.346581 -0.117311 -0.335955
v -0.344641 -0.106031 -0.331464
v -0.342191 -0.0969116 -0.328401
v -0.335658 -0.080052 -0.322378
v -0.330452 -0.080052 -0.32881
v -0.328819 -0.080052 -0.330443
v 0.116548 -0.690957 -0.322174
v 0.102767 -0.688737 -0.333914
v 0.143905 -0.687957 -0.318499
v 0.153704 -0.686517 -0.316458
v 0.124408 -0.685857 -0.329422
v 0.102767 -0.683637 -0.340753
v 0.102767 -0.676798 -0.348001
v 0.0953154 -0.671698 -0.35627
v 0.102767 -0.649858 -0.375768
v 0.0951113 -0.657898 -0.370051
v 0.0890887 -0.692937 -0.322174
v 0.0342727 -0.692517 -0.335853
v 0.0479512 -0.691977 -0.335853
v 0.0617317 -0.691317 -0.335853
v 0.0754102 -0.690537 -0.335853
v 0.0479512 -0.632759 -0.399247
v 0.0342727 -0.624839 -0.407005
v 0.0754102 -0.645418 -0.384955
v 0.00681373 -0.642898 -0.396286
v 0.0204922 -0.641878 -0.395368
v 0.0479512 -0.639658 -0.393632
v 0.0859242 -0.658558 -0.370664
v 0.00681373 -0.596339 -0.431607
v -2.54966e-05 -0.59214 -0.43467
v -0.00686473 -0.588 -0.43763
v -0.00686473 -0.58116 -0.442122
v 0.0128363 -0.56184 -0.45233
v 0.00763036 -0.5565 -0.455903
v -0.00808966 -0.513541 -0.477953
v -0.0205432 -0.514081 -0.476115
v -0.0890376 -0.511922 -0.467949
v -0.112107 -0.508082 -0.466418
v -0.0133977 -0.507122 -0.47979
v -0.0205432 -0.486662 -0.486426
v -0.0212577 -0.472322 -0.491632
v -0.0618848 -0.458403 -0.491428
v -0.116497 -0.459243 -0.483874
v -0.102818 -0.445503 -0.489795
v -0.0753591 -0.441843 -0.494286
v -0.00370031 -0.56292 -0.45284
v -0.00686473 -0.536161 -0.466928
v -0.020339 -0.528781 -0.469174
v -0.0616806 -0.522661 -0.46703
v -0.103941 -0.432003 -0.492653
v -0.116497 -0.431823 -0.49102
v -0.124867 -0.412804 -0.493878
v -0.130175 -0.390664 -0.497553
v -0.130175 -0.377105 -0.499799
v -0.116497 -0.363365 -0.50327
v -0.116497 -0.335946 -0.505209
v -0.143956 -0.322266 -0.500003
v -0.130175 -0.349685 -0.502045
v -0.357095 -0.231128 0.370664
v -0.27043 -0.226268 0.435793
v -0.265428 -0.240008 0.442428
v -0.255731 -0.253688 0.449982
v -0.287579 -0.234548 0.424666
v -0.272268 -0.240008 0.437324
v -0.248892 -0.253688 0.453147
v -0.356584 -0.17779 0.356474
v -0.341579 -0.18157 0.369132
v -0.357299 -0.108011 0.316355
v -0.352501 -0.129671 0.335649
v -0.360055 -0.17251 0.349941
v -0.358013 -0.133751 0.330953
v -0.387106 -0.15889 0.308189
v -0.371385 -0.16195 0.330443
v -0.345764 -0.0915117 0.319214
v -0.340252 -0.0878518 0.323093
v -0.367302 -0.080052 0.281137
v -0.371079 -0.0946916 0.288997
v -0.383737 -0.0963116 0.273889
v -0.259508 -0.294847 0.451922
v -0.253383 -0.308526 0.454984
v -0.239909 -0.308526 0.460599
v -0.252771 -0.322266 0.454882
v 0.116548 -0.687177 0.330953
v 0.089497 -0.688857 0.336874
v 0.0204922 -0.692877 0.335751
v 0.00681373 -0.692937 0.335751
v 0.0617317 -0.687537 0.344939
v 0.0479512 -0.688197 0.345755
v 0.0342727 -0.688737 0.346674
v 0.0204922 -0.689097 0.347593
v 0.00681373 -0.689277 0.348409
v -0.218575 -0.365885 0.465703
v -0.150795 -0.370145 0.49347
v -0.178866 -0.385145 0.479995
v -0.241236 -0.378245 0.455086
v -0.246646 -0.383585 0.452228
v -0.141302 -0.445503 0.481424
v -0.138545 -0.453963 0.480301
v -0.176314 -0.394204 0.478974
v -0.218166 -0.436563 0.451922
v -0.150386 -0.438003 0.479586
v -0.148141 -0.445503 0.47877
v -0.133237 -0.463083 0.478565
v -0.127317 -0.497342 0.467438
v -0.130175 -0.514081 0.459578
v -0.130175 -0.524821 0.454474
v -0.122315 -0.534301 0.452126
v -0.117313 -0.528961 0.455903
v -0.11323 -0.535741 0.453045
v -0.0753591 -0.57378 0.437528
v -0.110678 -0.5625 0.438855
v -0.115782 -0.56778 0.43467
v -0.102818 -0.58194 0.428953
v -0.0562705 -0.57606 0.438753
v -0.102818 -0.58878 0.424461
v -0.0866898 -0.59028 0.425584
v -0.0890376 -0.622319 0.401595
v -0.0480022 -0.632759 0.399247
v -0.00686473 -0.627179 0.408639
v -0.00686473 -0.636059 0.401799
v -0.0205432 -0.641878 0.395368
v -0.0945498 -0.644098 0.383628
v -0.0753591 -0.645418 0.384853
v -0.00686473 -0.649978 0.389345
v -0.000127575 -0.646498 0.392714
v -2.54966e-05 -0.660358 0.379137
v 0.00681373 -0.656818 0.382607
v 0.0204922 -0.683577 0.354534
v -0.192545 -0.319026 -0.479995
v -0.239909 -0.308526 -0.460701
v -0.252669 -0.294847 -0.45478
v -0.317795 -0.226268 -0.399553
v -0.353828 -0.212589 -0.368214
v -0.326369 -0.185169 -0.381893
v -0.265428 -0.240008 -0.442428
v -0.272268 -0.240008 -0.437324
v -0.287579 -0.234548 -0.424768
v -0.302687 -0.229988 -0.412109
v -0.260222 -0.308526 -0.452228
v -0.267266 -0.294847 -0.446307
v -0.266551 -0.253688 -0.443245
v -0.356584 -0.17779 -0.356576
v -0.360055 -0.17251 -0.349941
v -0.371385 -0.16195 -0.330545
v -0.365567 -0.15751 -0.335445
v -0.359647 -0.14515 -0.335751
v -0.369956 -0.110171 -0.301349
v -0.357299 -0.108011 -0.316458
v -0.345764 -0.0915117 -0.319316
v -0.340252 -0.0878518 -0.323195
v -0.383737 -0.0963116 -0.273991
v -0.371079 -0.0946916 -0.289099
v -0.340354 -0.080052 -0.316355
v 0.089497 -0.688857 -0.336976
v 0.0852097 -0.686097 -0.343305
v 0.0943967 -0.685137 -0.342285
v 0.116548 -0.687177 -0.331055
v 0.0754102 -0.686817 -0.344122
v 0.0754102 -0.679917 -0.350962
v 0.00681373 -0.692937 -0.335853
v 0.0204922 -0.692877 -0.335853
v 0.00681373 -0.689277 -0.348409
v 0.0204922 -0.689097 -0.347695
v 0.0342727 -0.688737 -0.346674
v 0.0479512 -0.688197 -0.345857
v 0.0617317 -0.687537 -0.344939
v 0.00681373 -0.636059 -0.401901
v 0.00681373 -0.627239 -0.408741
v 0.00681373 -0.620399 -0.413845
v 0.00681373 -0.649978 -0.389447
v 0.0342727 -0.675838 -0.360455
v 0.0204922 -0.669778 -0.368214
v -0.00686473 -0.642898 -0.396286
v -2.54966e-05 -0.639418 -0.399145
v 0.0479512 -0.681777 -0.352799
v -0.00686473 -0.596339 -0.431607
v -0.0205432 -0.58668 -0.436813
v -0.00768135 -0.56808 -0.449574
v -0.0205432 -0.57984 -0.441203
v -0.0708677 -0.521521 -0.466418
v -0.0800547 -0.520261 -0.465805
v -0.102818 -0.516541 -0.464274
v -0.116599 -0.513181 -0.463763
v -0.121192 -0.506462 -0.465805
v -0.102818 -0.470643 -0.481526
v -0.0890376 -0.500342 -0.472338
v -0.0616806 -0.491642 -0.479178
v -0.0445315 -0.494702 -0.480301
v -0.116497 -0.468183 -0.480607
v -0.12405 -0.466683 -0.479995
v -0.129256 -0.458823 -0.481424
v -0.130175 -0.445503 -0.485099
v -0.116497 -0.445503 -0.487855
v -0.00768135 -0.55644 -0.455903
v -0.00686473 -0.543001 -0.463253
v -0.0248305 -0.534001 -0.465805
v -0.0480022 -0.531181 -0.464274
v -0.102818 -0.55518 -0.444061
v -0.130175 -0.431823 -0.488365
v -0.134054 -0.408124 -0.492755
v -0.137831 -0.399004 -0.493878
v -0.140179 -0.390664 -0.494797
v -0.130175 -0.363365 -0.501024
v -0.143037 -0.377105 -0.496022
v -0.143956 -0.335946 -0.498982
v -0.171312 -0.322266 -0.488672
v -0.357605 -0.185169 0.357495
v -0.370671 -0.231128 0.356984
v -0.364955 -0.240008 0.364845
v -0.358115 -0.240008 0.371378
v -0.348316 -0.240728 0.379137
v -0.266551 -0.253688 0.443143
v -0.273391 -0.253688 0.438038
v -0.288498 -0.243668 0.42538
v -0.369446 -0.222009 0.355555
v -0.398028 -0.17665 0.302166
v -0.369242 -0.18157 0.341468
v -0.365057 -0.185769 0.348409
v -0.4114 -0.109511 0.246837
v -0.369956 -0.110171 0.301247
v -0.383941 -0.16423 0.315437
v -0.396599 -0.16747 0.300328
v -0.401805 -0.17185 0.295326
v -0.38833 -0.116891 0.281341
v -0.408848 -0.14407 0.270928
v -0.418035 -0.15787 0.267151
v -0.425385 -0.16357 0.260924
v -0.395986 -0.080052 0.243774
v -0.396293 -0.0982915 0.258781
v -0.399865 -0.0926517 0.249593
v -0.267266 -0.294847 0.446307
v -0.260222 -0.308526 0.452126
v -0.25961 -0.322266 0.452024
v -0.248994 -0.363365 0.453249
v -0.00686473 -0.692937 0.335751
v 0.00681373 -0.684477 0.355249
v -2.54966e-05 -0.689277 0.348409
v -0.247871 -0.374405 0.452738
v -0.198771 -0.390664 0.470501
v -0.252873 -0.378245 0.44988
v -0.253587 -0.390664 0.447226
v -0.247361 -0.439923 0.438855
v -0.239909 -0.418084 0.447124
v -0.237867 -0.390664 0.45427
v -0.177029 -0.450423 0.465499
v -0.206325 -0.453123 0.452636
v -0.143445 -0.458823 0.476422
v -0.136402 -0.492902 0.465907
v -0.240113 -0.444903 0.440795
v -0.131196 -0.501302 0.464478
v -0.152326 -0.508742 0.453045
v -0.14763 -0.517861 0.451003
v -0.138443 -0.521881 0.45284
v -0.130175 -0.531721 0.450595
v -0.127521 -0.551341 0.440284
v -0.125786 -0.57732 0.425891
v -0.116497 -0.57966 0.427422
v -0.116497 -0.58656 0.42293
v -0.111189 -0.603959 0.411701
v -0.102818 -0.596339 0.418949
v -0.0890376 -0.629159 0.396491
v -0.102818 -0.604979 0.412518
v -0.0480022 -0.639598 0.393632
v -0.102818 -0.627659 0.395164
v -0.102818 -0.636119 0.388324
v -0.102818 -0.643018 0.382505
v -0.0950602 -0.657898 0.369949
v -0.0480022 -0.681717 0.352799
v -0.00686473 -0.656818 0.382607
v -0.000127575 -0.660358 0.379137
v 0.00681373 -0.677638 0.362089
v -0.21245 -0.322266 -0.471624
v -0.252771 -0.322266 -0.454882
v -0.253383 -0.308526 -0.455086
v -0.357095 -0.231128 -0.370664
v -0.288498 -0.243668 -0.425482
v -0.348316 -0.240728 -0.379137
v -0.341987 -0.236708 -0.383322
v -0.25961 -0.322266 -0.452024
v -0.267266 -0.322266 -0.446409
v -0.267266 -0.308526 -0.447022
v -0.276147 -0.308526 -0.440284
v -0.282578 -0.294847 -0.43467
v -0.273391 -0.253688 -0.438038
v -0.357605 -0.185169 -0.357597
v -0.370671 -0.231128 -0.357087
v -0.369446 -0.222009 -0.355555
v -0.37159 -0.198849 -0.344632
v -0.369242 -0.18157 -0.34157
v -0.398028 -0.17665 -0.302268
v -0.367711 -0.17149 -0.33963
v -0.383941 -0.16423 -0.315539
v -0.387106 -0.15889 -0.308291
v -0.38833 -0.116891 -0.281443
v -0.4114 -0.109511 -0.246939
v -0.395986 -0.080052 -0.243876
v -0.396293 -0.0982915 -0.258883
v -0.399865 -0.0926517 -0.249695
v 0.00681373 -0.684477 -0.355351
v 0.0204922 -0.683577 -0.354534
v -0.00686473 -0.692937 -0.335853
v -2.54966e-05 -0.691137 -0.342285
v -2.54966e-05 -0.689277 -0.348409
v -0.000127575 -0.686817 -0.351982
v -0.00686473 -0.636059 -0.401901
v -2.54966e-05 -0.627239 -0.408741
v -2.54966e-05 -0.620399 -0.413845
v 0.00681373 -0.656818 -0.382709
v -0.00686473 -0.649978 -0.389447
v 0.00681373 -0.677638 -0.362191
v -0.0753591 -0.645418 -0.384955
v -0.0945498 -0.644098 -0.383628
v -0.0205432 -0.641878 -0.395368
v -0.000127575 -0.639418 -0.399145
v -0.00686473 -0.611099 -0.420684
v -0.0342216 -0.624779 -0.407005
v -0.0475939 -0.622559 -0.406903
v -0.0475939 -0.611099 -0.415376
v -0.0342216 -0.59496 -0.429055
v -0.0866898 -0.59028 -0.425584
v -0.0958768 -0.58944 -0.424972
v -0.102818 -0.58194 -0.428953
v -0.0562705 -0.57606 -0.438855
v -0.0342216 -0.56892 -0.445695
v -0.0128873 -0.56184 -0.45233
v -0.102818 -0.527761 -0.458761
v -0.117313 -0.528961 -0.455903
v -0.122315 -0.534301 -0.452228
v -0.130175 -0.524821 -0.454576
v -0.130175 -0.514081 -0.45968
v -0.127317 -0.497342 -0.46754
v -0.133237 -0.463083 -0.478667
v -0.138545 -0.453963 -0.480403
v -0.0753591 -0.57378 -0.43763
v -0.102818 -0.57042 -0.435793
v -0.110678 -0.5625 -0.438957
v -0.11323 -0.535741 -0.453045
v -0.141302 -0.445503 -0.481526
v -0.145078 -0.432783 -0.483057
v -0.150386 -0.438003 -0.479688
v -0.184072 -0.390064 -0.47683
v -0.178866 -0.385145 -0.479995
v -0.150795 -0.370145 -0.49347
v -0.145283 -0.364685 -0.496226
v -0.246646 -0.383585 -0.45233
v -0.241236 -0.378245 -0.455188
v -0.247871 -0.374405 -0.45284
v -0.218575 -0.365885 -0.465805
v -0.371385 -0.240008 0.358005
v -0.4163 -0.225788 0.295735
v -0.412115 -0.229988 0.302574
v -0.424772 -0.234548 0.287466
v -0.383329 -0.236708 0.341876
v -0.379041 -0.240728 0.348307
v -0.365975 -0.253688 0.365866
v -0.359136 -0.253688 0.372195
v -0.350255 -0.253688 0.379137
v -0.342906 -0.245828 0.383934
v -0.29156 -0.294847 0.42783
v -0.282578 -0.294847 0.43467
v -0.374244 -0.185769 0.336466
v -0.428753 -0.185169 0.265212
v -0.429978 -0.198369 0.268274
v -0.421914 -0.212589 0.283791
v -0.426712 -0.17149 0.26266
v -0.410686 -0.18037 0.287058
v -0.40895 -0.100392 0.243264
v -0.41191 -0.0948116 0.234179
v -0.413442 -0.104111 0.239181
v -0.424772 -0.137711 0.246224
v -0.421608 -0.14299 0.253574
v -0.42661 -0.14683 0.249083
v -0.428345 -0.15853 0.253574
v -0.433959 -0.17245 0.252349
v -0.400784 -0.080052 0.237037
v -0.404561 -0.0891718 0.239895
v -0.267266 -0.308526 0.447022
v -0.276147 -0.308526 0.440284
v -0.267266 -0.322266 0.446409
v -0.267266 -0.335946 0.445286
v -0.266551 -0.363365 0.443245
v -0.265633 -0.377105 0.44253
v -0.25716 -0.349685 0.450799
v -0.0205432 -0.692817 0.335751
v -0.0890376 -0.692937 0.322072
v -2.54966e-05 -0.681117 0.358618
v -2.54966e-05 -0.684477 0.355249
v -0.00686473 -0.689217 0.348409
v -0.255833 -0.363365 0.450084
v -0.263897 -0.390664 0.441305
v -0.260325 -0.410944 0.438549
v -0.255935 -0.431823 0.435793
v -0.252567 -0.444903 0.434261
v -0.244809 -0.449103 0.437732
v -0.235622 -0.455103 0.439672
v -0.22623 -0.486662 0.431199
v -0.158451 -0.473822 0.464376
v -0.229191 -0.503162 0.423338
v -0.220004 -0.507962 0.425176
v -0.215308 -0.517081 0.423338
v -0.176927 -0.519721 0.438038
v -0.157124 -0.527821 0.441816
v -0.206223 -0.521341 0.425176
v -0.1314 -0.5556 0.436303
v -0.134973 -0.57426 0.424053
v -0.193566 -0.57684 0.398226
v -0.185093 -0.58626 0.395164
v -0.147426 -0.58758 0.409761
v -0.138341 -0.5901 0.411701
v -0.130175 -0.5922 0.413334
v -0.120273 -0.601619 0.409966
v -0.113536 -0.618899 0.399043
v -0.102818 -0.611819 0.407311
v -0.116497 -0.633479 0.38618
v -0.116497 -0.640318 0.380259
v -0.116497 -0.647398 0.373318
v -0.102818 -0.649858 0.375768
v -0.0952643 -0.671638 0.35627
v -0.0753591 -0.686757 0.34402
v -0.0205432 -0.683517 0.354534
v -0.00686473 -0.677578 0.362089
v -2.54966e-05 -0.677638 0.362089
v -0.248994 -0.363365 -0.453351
v -0.358115 -0.240008 -0.371378
v -0.364955 -0.240008 -0.364947
v -0.363219 -0.226568 -0.363314
v -0.342906 -0.245828 -0.384036
v -0.25716 -0.349685 -0.450799
v -0.266551 -0.363365 -0.443347
v -0.267266 -0.335946 -0.445286
v -0.27584 -0.322266 -0.439978
v -0.337291 -0.308526 -0.393428
v -0.29156 -0.294847 -0.42783
v -0.350255 -0.253688 -0.379137
v -0.371385 -0.240008 -0.358107
v -0.383329 -0.236708 -0.341978
v -0.424772 -0.234548 -0.287568
v -0.412115 -0.229988 -0.302676
v -0.4163 -0.225788 -0.295837
v -0.394251 -0.226268 -0.324726
v -0.393128 -0.212409 -0.321357
v -0.385574 -0.212589 -0.33126
v -0.374244 -0.185769 -0.336568
v -0.410686 -0.18037 -0.28716
v -0.426712 -0.17149 -0.262762
v -0.401805 -0.17185 -0.295428
v -0.396599 -0.16747 -0.30043
v -0.425385 -0.16357 -0.261026
v -0.418035 -0.15787 -0.267253
v -0.408848 -0.14407 -0.271031
v -0.421608 -0.14299 -0.253676
v -0.424772 -0.137711 -0.246326
v -0.413442 -0.104111 -0.239283
v -0.41191 -0.0948116 -0.234281
v -0.40895 -0.100392 -0.243366
v -0.404561 -0.0891718 -0.239997
v -0.400784 -0.080052 -0.237139
v -2.54966e-05 -0.684477 -0.355351
v -0.0205432 -0.692817 -0.335853
v -0.0890376 -0.692937 -0.322174
v -0.00686473 -0.689217 -0.348409
v -0.00686473 -0.684417 -0.355351
v -0.0480022 -0.639658 -0.393632
v -0.0480022 -0.632759 -0.399247
v -0.00686473 -0.627179 -0.408741
v -0.00686473 -0.620339 -0.413845
v -0.00686473 -0.656818 -0.382709
v -0.0342216 -0.675778 -0.360455
v -2.54966e-05 -0.677638 -0.362191
v -0.0480022 -0.681717 -0.352799
v -0.0950602 -0.657898 -0.370051
v -0.102818 -0.643018 -0.382505
v -0.102818 -0.636178 -0.388426
v -0.102818 -0.627659 -0.395266
v -0.0890376 -0.629159 -0.396491
v -0.0890376 -0.622319 -0.401595
v -0.102818 -0.604979 -0.41262
v -0.102818 -0.58878 -0.424461
v -0.102818 -0.596339 -0.418949
v -0.116497 -0.57966 -0.427524
v -0.130175 -0.531721 -0.450697
v -0.115782 -0.56778 -0.43467
v -0.119763 -0.56046 -0.437732
v -0.125786 -0.57732 -0.425993
v -0.138443 -0.521881 -0.452943
v -0.14763 -0.517861 -0.451105
v -0.152326 -0.508742 -0.453045
v -0.131196 -0.501302 -0.46458
v -0.136402 -0.492902 -0.465907
v -0.143445 -0.458823 -0.476524
v -0.206325 -0.453123 -0.452636
v -0.177029 -0.450423 -0.465499
v -0.148141 -0.445503 -0.47877
v -0.244809 -0.449103 -0.437834
v -0.218166 -0.436563 -0.451922
v -0.213164 -0.431943 -0.455086
v -0.239909 -0.418084 -0.447226
v -0.247361 -0.439923 -0.438957
v -0.253587 -0.390664 -0.447328
v -0.252873 -0.378245 -0.449982
v -0.255833 -0.363365 -0.450186
v -0.372202 -0.253688 0.359026
v -0.441105 -0.226268 0.263476
v -0.442432 -0.240008 0.265416
v -0.437226 -0.240008 0.272256
v -0.42957 -0.239468 0.282158
v -0.425385 -0.243668 0.288385
v -0.383941 -0.245828 0.342795
v -0.367609 -0.281107 0.367499
v -0.359953 -0.267427 0.372909
v -0.351072 -0.267427 0.379749
v -0.352603 -0.294847 0.380872
v -0.337291 -0.308526 0.393326
v -0.43743 -0.198849 0.258372
v -0.438451 -0.206589 0.260006
v -0.439676 -0.215709 0.261639
v -0.435593 -0.185169 0.255412
v -0.424976 -0.123491 0.232954
v -0.406602 -0.080052 0.226522
v -0.413748 -0.0917517 0.226114
v -0.424874 -0.0961916 0.205289
v -0.420383 -0.104171 0.224787
v -0.437634 -0.16849 0.244183
v -0.435695 -0.15781 0.239691
v -0.438859 -0.17761 0.246939
v -0.361586 -0.322266 0.374134
v -0.28268 -0.322266 0.43467
v -0.273493 -0.363365 0.438038
v -0.280944 -0.363365 0.432424
v -0.272472 -0.377105 0.437426
v -0.0342216 -0.692457 0.335751
v -0.102818 -0.692457 0.322072
v -0.130175 -0.692757 0.308291
v -0.157634 -0.692937 0.294612
v -0.00686473 -0.684417 0.355249
v -0.0205432 -0.689037 0.347593
v -0.287784 -0.383465 0.424768
v -0.302891 -0.387545 0.412211
v -0.357299 -0.386525 0.370766
v -0.265633 -0.431823 0.428953
v -0.263081 -0.445503 0.426911
v -0.261345 -0.453963 0.425686
v -0.240113 -0.459483 0.435997
v -0.253894 -0.458823 0.428647
v -0.248892 -0.472922 0.426299
v -0.246748 -0.479822 0.42487
v -0.23358 -0.494042 0.425176
v -0.234805 -0.522721 0.412211
v -0.22521 -0.513121 0.420786
v -0.171925 -0.527821 0.435691
v -0.198771 -0.530881 0.422828
v -0.195301 -0.550801 0.412722
v -0.211429 -0.526681 0.41997
v -0.218268 -0.56124 0.397103
v -0.202753 -0.57366 0.396286
v -0.221739 -0.57798 0.385261
v -0.211327 -0.58254 0.386793
v -0.206019 -0.58968 0.383934
v -0.198771 -0.5916 0.385466
v -0.171312 -0.621119 0.373522
v -0.122723 -0.616559 0.397205
v -0.124969 -0.631439 0.384445
v -0.192749 -0.631019 0.35678
v -0.185093 -0.639778 0.352289
v -0.173864 -0.642418 0.354534
v -0.143956 -0.641698 0.367601
v -0.135381 -0.643618 0.369337
v -0.126296 -0.645478 0.371276
v -0.185093 -0.646918 0.345347
v -0.143956 -0.668698 0.339426
v -0.102818 -0.676738 0.347899
v -0.102818 -0.670258 0.354739
v -0.102818 -0.683577 0.340651
v -0.0943456 -0.685077 0.342182
v -0.0851586 -0.686037 0.343305
v -0.0894459 -0.688797 0.336874
v -0.0753591 -0.690477 0.335751
v -0.0616806 -0.687477 0.344939
v -0.359136 -0.253688 -0.372297
v -0.365975 -0.253688 -0.365968
v -0.265633 -0.377105 -0.44253
v -0.274513 -0.345786 -0.438957
v -0.272472 -0.377105 -0.437426
v -0.280944 -0.363365 -0.432424
v -0.345866 -0.322266 -0.386282
v -0.361892 -0.308526 -0.374441
v -0.361484 -0.294847 -0.374032
v -0.352603 -0.294847 -0.380872
v -0.351072 -0.267427 -0.379749
v -0.372202 -0.253688 -0.359026
v -0.379143 -0.253688 -0.350247
v -0.383941 -0.245828 -0.342795
v -0.379041 -0.240728 -0.348307
v -0.400886 -0.240008 -0.319724
v -0.42957 -0.239468 -0.28226
v -0.437226 -0.240008 -0.272358
v -0.442432 -0.240008 -0.265518
v -0.441105 -0.226268 -0.263578
v -0.421914 -0.212589 -0.283893
v -0.429978 -0.198369 -0.268376
v -0.428753 -0.185169 -0.265314
v -0.43743 -0.198849 -0.258474
v -0.435593 -0.185169 -0.255514
v -0.433959 -0.17245 -0.252451
v -0.428345 -0.15853 -0.253676
v -0.42661 -0.14683 -0.249185
v -0.437634 -0.16849 -0.244285
v -0.435695 -0.15781 -0.239793
v -0.424976 -0.123491 -0.233056
v -0.413748 -0.0917517 -0.226216
v -0.406602 -0.080052 -0.226624
v -0.420383 -0.104171 -0.224889
v -0.424874 -0.0961916 -0.205391
v -0.0342216 -0.692457 -0.335853
v -0.157634 -0.692937 -0.294714
v -0.130175 -0.692757 -0.308393
v -0.102818 -0.692457 -0.322174
v -0.0205432 -0.689037 -0.347695
v -0.0342216 -0.688677 -0.346674
v -0.0480022 -0.688137 -0.345857
v -0.0753591 -0.686757 -0.344122
v -0.0205432 -0.683517 -0.354534
v -0.00686473 -0.677578 -0.362191
v -0.0205432 -0.669718 -0.368214
v -0.0952643 -0.671638 -0.35627
v -0.102818 -0.649858 -0.375768
v -0.116497 -0.647398 -0.37342
v -0.116497 -0.640318 -0.380259
v -0.116497 -0.633479 -0.386282
v -0.113536 -0.618899 -0.399145
v -0.111189 -0.603959 -0.411701
v -0.102818 -0.611819 -0.407414
v -0.116497 -0.58656 -0.42293
v -0.136708 -0.548101 -0.438549
v -0.157124 -0.527821 -0.441816
v -0.130277 -0.56934 -0.428851
v -0.134973 -0.57426 -0.424053
v -0.138341 -0.5901 -0.411701
v -0.147426 -0.58758 -0.409863
v -0.185093 -0.58626 -0.395266
v -0.193566 -0.57684 -0.398226
v -0.202753 -0.57366 -0.396389
v -0.171925 -0.527821 -0.435691
v -0.198771 -0.530881 -0.422828
v -0.206223 -0.521341 -0.425176
v -0.215308 -0.517081 -0.423338
v -0.158451 -0.473822 -0.464376
v -0.220004 -0.507962 -0.425278
v -0.190707 -0.505982 -0.438243
v -0.170802 -0.499802 -0.448961
v -0.222147 -0.469023 -0.439876
v -0.235622 -0.455103 -0.439672
v -0.240113 -0.444903 -0.440795
v -0.240113 -0.459483 -0.436099
v -0.246748 -0.479822 -0.424972
v -0.248892 -0.472922 -0.426401
v -0.253894 -0.458823 -0.428749
v -0.252567 -0.444903 -0.434363
v -0.255935 -0.431823 -0.435793
v -0.260325 -0.410944 -0.438549
v -0.263897 -0.390664 -0.441305
v -0.373427 -0.281107 0.360659
v -0.368323 -0.294847 0.368214
v -0.384349 -0.253688 0.343305
v -0.446821 -0.226268 0.253472
v -0.449781 -0.239408 0.252656
v -0.443248 -0.253688 0.266437
v -0.432224 -0.253688 0.280933
v -0.450088 -0.253688 0.255616
v -0.361484 -0.294847 0.374032
v -0.361892 -0.308526 0.374339
v -0.439574 -0.16243 0.234995
v -0.425079 -0.109571 0.219377
v -0.46397 -0.14347 0.158025
v -0.408848 -0.080052 0.221418
v -0.410583 -0.080052 0.217437
v -0.418137 -0.080052 0.199266
v -0.426814 -0.0928917 0.196204
v -0.45264 -0.0956516 0.137506
v -0.454171 -0.103691 0.142814
v -0.43988 -0.107051 0.180993
v -0.452435 -0.16441 0.205697
v -0.465399 -0.16723 0.1764
v -0.468564 -0.17167 0.171602
v -0.466624 -0.17641 0.179258
v -0.443657 -0.185169 0.239793
v -0.450088 -0.212229 0.239385
v -0.451313 -0.226268 0.244081
v -0.452231 -0.234488 0.246224
v -0.368834 -0.308526 0.368724
v -0.368425 -0.322266 0.368316
v -0.360055 -0.349685 0.372909
v -0.343518 -0.363365 0.384343
v -0.304116 -0.377105 0.413232
v -0.0480022 -0.691917 0.335751
v -0.116497 -0.690897 0.322072
v -0.143956 -0.691677 0.308291
v -0.171312 -0.692157 0.294612
v -0.0616806 -0.691257 0.335751
v -0.102818 -0.688677 0.333812
v -0.185093 -0.692577 0.280933
v -0.198771 -0.692877 0.267151
v -0.21245 -0.692937 0.253472
v -0.0480022 -0.688137 0.345755
v -0.0342216 -0.688677 0.346674
v -0.342191 -0.381005 0.383322
v -0.35832 -0.377105 0.37148
v -0.365159 -0.377105 0.365151
v -0.370773 -0.386525 0.357291
v -0.356686 -0.439803 0.35678
v -0.341783 -0.435963 0.369337
v -0.336679 -0.431583 0.374441
v -0.302381 -0.441003 0.398226
v -0.26992 -0.445503 0.421807
v -0.247259 -0.508022 0.411599
v -0.300747 -0.450123 0.396797
v -0.315753 -0.453303 0.384139
v -0.335658 -0.459783 0.365968
v -0.318815 -0.472922 0.372909
v -0.294214 -0.500402 0.379137
v -0.243992 -0.517141 0.409353
v -0.229089 -0.531841 0.409455
v -0.22521 -0.527461 0.413641
v -0.240521 -0.528361 0.404861
v -0.23307 -0.548341 0.397614
v -0.213164 -0.56904 0.394551
v -0.230824 -0.57342 0.382199
v -0.226945 -0.58332 0.377503
v -0.222964 -0.5925 0.372705
v -0.215206 -0.5871 0.381893
v -0.207856 -0.604619 0.371276
v -0.201834 -0.628619 0.354534
v -0.193566 -0.645118 0.34351
v -0.164779 -0.644398 0.356372
v -0.171312 -0.676258 0.32003
v -0.158553 -0.678957 0.32248
v -0.16284 -0.684777 0.314518
v -0.124357 -0.685797 0.32932
v -0.116497 -0.687117 0.330953
v -0.359953 -0.267427 -0.372909
v -0.368323 -0.294847 -0.368316
v -0.367609 -0.281107 -0.367601
v -0.287784 -0.383465 -0.42487
v -0.289213 -0.363365 -0.426095
v -0.343518 -0.363365 -0.384445
v -0.304116 -0.377105 -0.413232
v -0.288498 -0.374345 -0.425482
v -0.360055 -0.349685 -0.372909
v -0.361586 -0.322266 -0.374134
v -0.368834 -0.308526 -0.368826
v -0.373427 -0.281107 -0.360659
v -0.37404 -0.294847 -0.361476
v -0.393026 -0.294847 -0.336874
v -0.404357 -0.294847 -0.322174
v -0.42661 -0.267427 -0.290018
v -0.432224 -0.253688 -0.281035
v -0.425385 -0.243668 -0.288487
v -0.443248 -0.253688 -0.266539
v -0.450088 -0.253688 -0.255718
v -0.449781 -0.239408 -0.25286
v -0.439676 -0.215709 -0.261741
v -0.446821 -0.226268 -0.253574
v -0.438451 -0.206589 -0.260108
v -0.438859 -0.17761 -0.247041
v -0.439574 -0.16243 -0.235097
v -0.466624 -0.17641 -0.17936
v -0.468564 -0.17167 -0.171704
v -0.465399 -0.16723 -0.176502
v -0.452435 -0.16441 -0.205799
v -0.425079 -0.109571 -0.219479
v -0.46397 -0.14347 -0.158127
v -0.426814 -0.0928917 -0.196306
v -0.410583 -0.080052 -0.217539
v -0.43988 -0.107051 -0.181095
v -0.454171 -0.103691 -0.142916
v -0.45264 -0.0956516 -0.137608
v -0.0480022 -0.691917 -0.335853
v -0.198771 -0.692877 -0.267253
v -0.185093 -0.692577 -0.281035
v -0.171312 -0.692157 -0.294714
v -0.21245 -0.692937 -0.253574
v -0.143956 -0.691677 -0.308393
v -0.116497 -0.690897 -0.322174
v -0.102818 -0.688677 -0.333914
v -0.0753591 -0.690477 -0.335853
v -0.0616806 -0.691257 -0.335853
v -0.0616806 -0.687477 -0.344939
v -0.0894459 -0.688797 -0.336976
v -0.0851586 -0.686037 -0.343305
v -0.102818 -0.670258 -0.354841
v -0.0943456 -0.685077 -0.342285
v -0.102818 -0.683577 -0.340753
v -0.102818 -0.676738 -0.348001
v -0.143956 -0.668698 -0.339528
v -0.185093 -0.646918 -0.345449
v -0.164779 -0.644398 -0.356474
v -0.135381 -0.643618 -0.369439
v -0.143956 -0.641698 -0.367703
v -0.154265 -0.632399 -0.371582
v -0.124969 -0.631439 -0.384547
v -0.122723 -0.616559 -0.397307
v -0.130175 -0.599099 -0.408026
v -0.120273 -0.601619 -0.409966
v -0.130175 -0.5922 -0.413334
v -0.175191 -0.546181 -0.423747
v -0.198771 -0.5916 -0.385568
v -0.206019 -0.58968 -0.384036
v -0.211327 -0.58254 -0.386895
v -0.213164 -0.56904 -0.394653
v -0.218268 -0.56124 -0.397103
v -0.21245 -0.537781 -0.41313
v -0.221739 -0.57798 -0.385261
v -0.211429 -0.526681 -0.41997
v -0.22521 -0.527461 -0.413743
v -0.234805 -0.522721 -0.412211
v -0.22521 -0.513121 -0.420888
v -0.22623 -0.486662 -0.431199
v -0.229191 -0.503162 -0.423338
v -0.23358 -0.494042 -0.425176
v -0.243992 -0.517141 -0.409353
v -0.247259 -0.508022 -0.411599
v -0.252975 -0.485582 -0.417622
v -0.261345 -0.453963 -0.425686
v -0.263081 -0.445503 -0.427013
v -0.265633 -0.431823 -0.428953
v -0.270737 -0.390664 -0.436099
v -0.380266 -0.281107 0.351778
v -0.404357 -0.294847 0.322072
v -0.393026 -0.294847 0.336772
v -0.37404 -0.294847 0.361374
v -0.452742 -0.243608 0.247654
v -0.451925 -0.294847 0.259393
v -0.446311 -0.294847 0.267151
v -0.439267 -0.281107 0.27491
v -0.427835 -0.294847 0.291447
v -0.453252 -0.253688 0.248776
v -0.458458 -0.15775 0.184975
v -0.480201 -0.16357 0.137914
v -0.450904 -0.113531 0.160781
v -0.459173 -0.116651 0.143835
v -0.452742 -0.122651 0.16517
v -0.446617 -0.080052 0.130462
v -0.447434 -0.0903117 0.142814
v -0.454171 -0.0929517 0.130054
v -0.458866 -0.102911 0.130054
v -0.464174 -0.116051 0.130768
v -0.452742 -0.108851 0.151593
v -0.481324 -0.17149 0.140568
v -0.479486 -0.17953 0.14996
v -0.482855 -0.184569 0.144754
v -0.483263 -0.211389 0.158841
v -0.479997 -0.232508 0.178441
v -0.454171 -0.226268 0.237241
v -0.45509 -0.239408 0.240916
v -0.374448 -0.308526 0.361884
v -0.374142 -0.322266 0.361476
v -0.373529 -0.335946 0.360762
v -0.372304 -0.363365 0.359128
v -0.366894 -0.349685 0.366784
v -0.367609 -0.335946 0.367601
v -0.359238 -0.363365 0.372195
v -0.342906 -0.371825 0.383934
v -0.348316 -0.376685 0.379239
v -0.171312 -0.688377 0.305739
v -0.185195 -0.688977 0.29502
v -0.21245 -0.691317 0.267151
v -0.22623 -0.691977 0.253472
v -0.239909 -0.692457 0.239793
v -0.143956 -0.687897 0.318397
v -0.22623 -0.692937 0.239793
v -0.366077 -0.363365 0.365968
v -0.37159 -0.377105 0.358209
v -0.383431 -0.381005 0.34208
v -0.424874 -0.383465 0.28767
v -0.374856 -0.390844 0.350553
v -0.355155 -0.448923 0.355045
v -0.350153 -0.444843 0.360353
v -0.365363 -0.431583 0.348512
v -0.373325 -0.445503 0.333097
v -0.368017 -0.445503 0.339937
v -0.360361 -0.444843 0.350043
v -0.317386 -0.445503 0.385364
v -0.259406 -0.519301 0.396593
v -0.301666 -0.507362 0.370153
v -0.331779 -0.511622 0.344939
v -0.330861 -0.455583 0.37148
v -0.34556 -0.459243 0.358516
v -0.343212 -0.467043 0.35678
v -0.326369 -0.500342 0.354432
v -0.250219 -0.524881 0.400166
v -0.315753 -0.535141 0.342999
v -0.238582 -0.55374 0.389753
v -0.240521 -0.56964 0.377503
v -0.246034 -0.57498 0.369643
v -0.236949 -0.57954 0.373012
v -0.232151 -0.58866 0.369337
v -0.227762 -0.597659 0.364539
v -0.217962 -0.615719 0.355249
v -0.208775 -0.619499 0.358414
v -0.216941 -0.601619 0.368622
v -0.209286 -0.633419 0.345347
v -0.20265 -0.642598 0.340753
v -0.192647 -0.658438 0.329422
v -0.185093 -0.660118 0.331157
v -0.171312 -0.683097 0.312578
v -0.180704 -0.686817 0.303289
v -0.153653 -0.686517 0.316355
v -0.357299 -0.386525 -0.370766
v -0.342191 -0.381005 -0.383424
v -0.342906 -0.371825 -0.384036
v -0.35832 -0.377105 -0.371582
v -0.359238 -0.363365 -0.372297
v -0.368425 -0.322266 -0.368418
v -0.374142 -0.322266 -0.361578
v -0.374448 -0.308526 -0.361987
v -0.440288 -0.308526 -0.276237
v -0.427835 -0.294847 -0.291549
v -0.381287 -0.308526 -0.353105
v -0.439267 -0.281107 -0.275012
v -0.446311 -0.294847 -0.267253
v -0.451925 -0.294847 -0.259495
v -0.453252 -0.253688 -0.248879
v -0.452742 -0.243608 -0.247756
v -0.452231 -0.234488 -0.246326
v -0.451313 -0.226268 -0.244183
v -0.450088 -0.212229 -0.239487
v -0.443657 -0.185169 -0.239895
v -0.480201 -0.16357 -0.138016
v -0.458458 -0.15775 -0.185077
v -0.482855 -0.184569 -0.144856
v -0.479486 -0.17953 -0.150062
v -0.481324 -0.17149 -0.14067
v -0.452742 -0.122651 -0.165272
v -0.459173 -0.116651 -0.143937
v -0.450904 -0.113531 -0.160883
v -0.447434 -0.0903117 -0.142916
v -0.446617 -0.080052 -0.130564
v -0.452742 -0.108851 -0.151695
v -0.464174 -0.116051 -0.13087
v -0.458866 -0.102911 -0.130156
v -0.454171 -0.0929517 -0.130156
v -0.239909 -0.692457 -0.239895
v -0.185195 -0.688977 -0.295122
v -0.171312 -0.688377 -0.305841
v -0.22623 -0.691977 -0.253574
v -0.21245 -0.691317 -0.267253
v -0.22623 -0.692937 -0.239895
v -0.143956 -0.687897 -0.318499
v -0.116497 -0.687117 -0.331055
v -0.124357 -0.685797 -0.329422
v -0.16284 -0.684777 -0.31462
v -0.158553 -0.678957 -0.322582
v -0.171312 -0.676258 -0.320132
v -0.193566 -0.645118 -0.343612
v -0.173864 -0.642418 -0.354534
v -0.185093 -0.639778 -0.352289
v -0.185093 -0.632939 -0.358312
v -0.192749 -0.631019 -0.35678
v -0.198771 -0.613979 -0.367805
v -0.215206 -0.5871 -0.381893
v -0.207856 -0.604619 -0.371276
v -0.23307 -0.548341 -0.397614
v -0.229191 -0.531841 -0.409455
v -0.222964 -0.5925 -0.372807
v -0.226945 -0.58332 -0.377503
v -0.230824 -0.57342 -0.382301
v -0.240521 -0.528361 -0.404861
v -0.250219 -0.524881 -0.400268
v -0.259406 -0.519301 -0.396593
v -0.2837 -0.514081 -0.380668
v -0.301666 -0.507362 -0.370153
v -0.294214 -0.500402 -0.379137
v -0.273697 -0.465423 -0.410986
v -0.335658 -0.459783 -0.36607
v -0.315753 -0.453303 -0.384139
v -0.300747 -0.450123 -0.396899
v -0.330861 -0.455583 -0.371582
v -0.26992 -0.445503 -0.421807
v -0.287273 -0.437163 -0.410884
v -0.341783 -0.435963 -0.369439
v -0.336679 -0.431583 -0.374543
v -0.354134 -0.404404 -0.368418
v -0.440288 -0.308526 0.276135
v -0.381287 -0.308526 0.353003
v -0.493471 -0.247508 0.150573
v -0.452231 -0.308526 0.260108
v -0.454783 -0.294847 0.252554
v -0.43988 -0.294847 0.275624
v -0.460091 -0.294847 0.239793
v -0.491429 -0.267427 0.15925
v -0.499902 -0.294847 0.143835
v -0.465604 -0.124631 0.13577
v -0.467339 -0.120191 0.126583
v -0.479792 -0.15085 0.123316
v -0.481017 -0.15853 0.128727
v -0.484692 -0.17149 0.130054
v -0.448761 -0.080052 0.124133
v -0.451925 -0.0832319 0.120458
v -0.465604 -0.111071 0.119539
v -0.493675 -0.218529 0.137404
v -0.494594 -0.226268 0.13965
v -0.495819 -0.240008 0.14261
v -0.393128 -0.322266 0.336874
v -0.379756 -0.349685 0.351166
v -0.384043 -0.371825 0.342897
v -0.195811 -0.687417 0.290733
v -0.239807 -0.688737 0.253676
v -0.253894 -0.688737 0.239691
v -0.253587 -0.691977 0.226114
v -0.294725 -0.692157 0.171193
v -0.280944 -0.692577 0.184975
v -0.267266 -0.692877 0.198654
v -0.253587 -0.692937 0.212333
v -0.239909 -0.692937 0.226114
v -0.429774 -0.378185 0.28226
v -0.43743 -0.377105 0.27246
v -0.442636 -0.377105 0.265518
v -0.441309 -0.390664 0.263783
v -0.436103 -0.390664 0.270622
v -0.407419 -0.391564 0.30778
v -0.435082 -0.405604 0.266743
v -0.421098 -0.418924 0.28032
v -0.428958 -0.431823 0.265518
v -0.398232 -0.441003 0.30237
v -0.358626 -0.459243 0.345551
v -0.343416 -0.495122 0.343407
v -0.384247 -0.453303 0.315743
v -0.37159 -0.455583 0.330851
v -0.396905 -0.450123 0.300635
v -0.274411 -0.521281 0.383934
v -0.313813 -0.518701 0.355147
v -0.328921 -0.520741 0.342489
v -0.336169 -0.499982 0.34698
v -0.340966 -0.504302 0.340855
v -0.304626 -0.524401 0.35872
v -0.313609 -0.56016 0.327687
v -0.276249 -0.57786 0.344224
v -0.300441 -0.5745 0.328095
v -0.315447 -0.57606 0.315437
v -0.252567 -0.5817 0.359332
v -0.247259 -0.58986 0.35678
v -0.242665 -0.627179 0.325747
v -0.21837 -0.629819 0.341876
v -0.248586 -0.632099 0.31656
v -0.218268 -0.643558 0.328095
v -0.209081 -0.646438 0.331566
v -0.22623 -0.646738 0.318193
v -0.197853 -0.661558 0.321664
v -0.189891 -0.684177 0.29992
v -0.182031 -0.673858 0.317478
v -0.220106 -0.685857 0.274603
v -0.235111 -0.686637 0.261945
v -0.356686 -0.439803 -0.35678
v -0.370773 -0.386525 -0.357291
v -0.365159 -0.377105 -0.365151
v -0.366077 -0.363365 -0.36607
v -0.367609 -0.335946 -0.367703
v -0.372304 -0.363365 -0.35923
v -0.372917 -0.349685 -0.360047
v -0.373529 -0.335946 -0.360864
v -0.393128 -0.322266 -0.336976
v -0.439982 -0.322266 -0.275828
v -0.446413 -0.322266 -0.267253
v -0.452231 -0.308526 -0.26021
v -0.43988 -0.294847 -0.275726
v -0.415789 -0.322266 -0.307474
v -0.454783 -0.294847 -0.252656
v -0.460091 -0.294847 -0.239895
v -0.499902 -0.294847 -0.143937
v -0.491429 -0.267427 -0.159352
v -0.493471 -0.247508 -0.150675
v -0.45509 -0.239408 -0.241018
v -0.479997 -0.232508 -0.178543
v -0.454171 -0.226268 -0.237343
v -0.483263 -0.211389 -0.158943
v -0.484692 -0.17149 -0.130156
v -0.481017 -0.15853 -0.128829
v -0.479792 -0.15085 -0.123418
v -0.467339 -0.120191 -0.126685
v -0.465604 -0.124631 -0.135873
v -0.494594 -0.226268 -0.139752
v -0.493675 -0.218529 -0.137506
v -0.451925 -0.0832319 -0.12056
v -0.450496 -0.080052 -0.118621
v -0.465604 -0.111071 -0.119641
v -0.239909 -0.692937 -0.226216
v -0.253587 -0.692937 -0.212435
v -0.267266 -0.692877 -0.198756
v -0.280944 -0.692577 -0.185077
v -0.294725 -0.692157 -0.171295
v -0.253587 -0.691977 -0.226216
v -0.253894 -0.688737 -0.239793
v -0.239807 -0.688737 -0.253778
v -0.195811 -0.687417 -0.290835
v -0.180704 -0.686817 -0.303391
v -0.153653 -0.686517 -0.316458
v -0.171312 -0.683097 -0.31268
v -0.185093 -0.660118 -0.33126
v -0.20265 -0.642598 -0.340855
v -0.201834 -0.628619 -0.354534
v -0.192647 -0.658438 -0.329524
v -0.208775 -0.619499 -0.358414
v -0.216941 -0.601619 -0.368724
v -0.246136 -0.57498 -0.369643
v -0.238582 -0.55374 -0.389753
v -0.213573 -0.624659 -0.350451
v -0.227762 -0.597659 -0.364539
v -0.232151 -0.58866 -0.369439
v -0.236949 -0.57954 -0.373012
v -0.274411 -0.521281 -0.384036
v -0.315753 -0.535141 -0.343101
v -0.304626 -0.524401 -0.358822
v -0.328921 -0.520741 -0.342591
v -0.331779 -0.511622 -0.344939
v -0.336169 -0.499982 -0.347082
v -0.328615 -0.492902 -0.356168
v -0.343212 -0.467043 -0.35678
v -0.34556 -0.459243 -0.358516
v -0.350153 -0.444843 -0.360455
v -0.302381 -0.441003 -0.398226
v -0.355155 -0.448923 -0.355045
v -0.446413 -0.322266 0.267151
v -0.439982 -0.322266 0.275726
v -0.415789 -0.322266 0.307372
v -0.496125 -0.252728 0.14506
v -0.479997 -0.298627 0.192324
v -0.477343 -0.308526 0.199572
v -0.480099 -0.319026 0.192427
v -0.454885 -0.322266 0.252656
v -0.452027 -0.322266 0.259495
v -0.500412 -0.308526 0.143835
v -0.497758 -0.267427 0.143835
v -0.500923 -0.253688 0.130054
v -0.503883 -0.294847 0.130054
v -0.504495 -0.308526 0.130054
v -0.483263 -0.15775 0.116375
v -0.487448 -0.17149 0.116375
v -0.474995 -0.130331 0.102696
v -0.481222 -0.14719 0.102696
v -0.487959 -0.185169 0.130054
v -0.450496 -0.080052 0.118518
v -0.451517 -0.080052 0.112802
v -0.452742 -0.0817919 0.111373
v -0.455498 -0.0883318 0.116068
v -0.463256 -0.104111 0.115558
v -0.466216 -0.109451 0.110454
v -0.492654 -0.209409 0.133423
v -0.497146 -0.226268 0.130054
v -0.499493 -0.240008 0.130054
v -0.384451 -0.363365 0.343407
v -0.438553 -0.354905 0.273889
v -0.408644 -0.363365 0.311864
v -0.438145 -0.363365 0.273378
v -0.425487 -0.374345 0.288487
v -0.21245 -0.687537 0.277564
v -0.249402 -0.687237 0.249287
v -0.26206 -0.686637 0.234995
v -0.290846 -0.687417 0.195693
v -0.295133 -0.688977 0.185077
v -0.267266 -0.691317 0.212333
v -0.305851 -0.688377 0.171193
v -0.308403 -0.691677 0.143835
v -0.322082 -0.692457 0.102696
v -0.308403 -0.692757 0.130054
v -0.294725 -0.692937 0.157514
v -0.443351 -0.363365 0.266539
v -0.450802 -0.349685 0.257045
v -0.45019 -0.363365 0.255718
v -0.449986 -0.378245 0.252758
v -0.439778 -0.401824 0.261843
v -0.44723 -0.390664 0.253472
v -0.438553 -0.410944 0.26021
v -0.427018 -0.445503 0.263068
v -0.366077 -0.459783 0.335547
v -0.356788 -0.467043 0.343305
v -0.346989 -0.499982 0.336057
v -0.344845 -0.511622 0.331668
v -0.425691 -0.453963 0.261333
v -0.342599 -0.520741 0.32881
v -0.33035 -0.536701 0.330341
v -0.271451 -0.58698 0.340549
v -0.327696 -0.56016 0.313599
v -0.328104 -0.5745 0.30043
v -0.356992 -0.57648 0.261026
v -0.344335 -0.57786 0.276135
v -0.336169 -0.58308 0.281341
v -0.315345 -0.5895 0.301553
v -0.30187 -0.603539 0.30186
v -0.301564 -0.5895 0.315232
v -0.286457 -0.5883 0.327891
v -0.294725 -0.59238 0.317887
v -0.294725 -0.599219 0.311558
v -0.283088 -0.625439 0.296245
v -0.287784 -0.630599 0.287772
v -0.278699 -0.634139 0.291243
v -0.272574 -0.643258 0.286649
v -0.257568 -0.642298 0.299205
v -0.248484 -0.645358 0.302778
v -0.256241 -0.655378 0.284506
v -0.245727 -0.671038 0.273276
v -0.229191 -0.683037 0.271133
v -0.244298 -0.683877 0.258474
v -0.360463 -0.444843 -0.350043
v -0.373325 -0.445503 -0.333199
v -0.365363 -0.431583 -0.348614
v -0.37159 -0.377105 -0.358312
v -0.374856 -0.390844 -0.350553
v -0.407419 -0.391564 -0.307883
v -0.424874 -0.383465 -0.287772
v -0.383431 -0.381005 -0.342182
v -0.384043 -0.371825 -0.342999
v -0.384451 -0.363365 -0.34351
v -0.385064 -0.349685 -0.344326
v -0.439369 -0.335946 -0.275114
v -0.443351 -0.363365 -0.266641
v -0.452027 -0.322266 -0.259597
v -0.454885 -0.322266 -0.252758
v -0.480099 -0.319026 -0.192529
v -0.477343 -0.308526 -0.199674
v -0.479997 -0.298627 -0.192427
v -0.432428 -0.363365 -0.281035
v -0.500412 -0.308526 -0.143937
v -0.504495 -0.308526 -0.130156
v -0.503883 -0.294847 -0.130156
v -0.500923 -0.253688 -0.130156
v -0.497758 -0.267427 -0.143937
v -0.496125 -0.252728 -0.145162
v -0.495819 -0.240008 -0.142712
v -0.487959 -0.185169 -0.130156
v -0.487448 -0.17149 -0.116477
v -0.483263 -0.15775 -0.116477
v -0.481222 -0.14719 -0.102798
v -0.474995 -0.130331 -0.102798
v -0.499493 -0.240008 -0.130156
v -0.497146 -0.226268 -0.130156
v -0.492654 -0.209409 -0.133525
v -0.463256 -0.104111 -0.11566
v -0.455498 -0.0883318 -0.116171
v -0.452742 -0.0817919 -0.111475
v -0.451517 -0.080052 -0.112904
v -0.466216 -0.109451 -0.110556
v -0.294725 -0.692937 -0.157616
v -0.305851 -0.688377 -0.171295
v -0.295133 -0.688977 -0.185179
v -0.267266 -0.691317 -0.212435
v -0.308403 -0.692757 -0.130156
v -0.322082 -0.692457 -0.102798
v -0.308403 -0.691677 -0.143937
v -0.290846 -0.687417 -0.195795
v -0.26206 -0.686637 -0.235097
v -0.249402 -0.687237 -0.249389
v -0.235111 -0.686637 -0.262047
v -0.21245 -0.687537 -0.277666
v -0.220106 -0.685857 -0.274706
v -0.189891 -0.684177 -0.300022
v -0.182031 -0.673858 -0.31758
v -0.209286 -0.633419 -0.345449
v -0.209081 -0.646438 -0.331668
v -0.218268 -0.643558 -0.328197
v -0.197853 -0.661558 -0.321766
v -0.22623 -0.646738 -0.318295
v -0.252567 -0.5817 -0.359434
v -0.261141 -0.57648 -0.356984
v -0.315447 -0.57606 -0.315539
v -0.300441 -0.5745 -0.328197
v -0.294929 -0.56916 -0.336057
v -0.21837 -0.629819 -0.341978
v -0.242665 -0.627179 -0.325849
v -0.247259 -0.58986 -0.35678
v -0.286457 -0.5883 -0.327993
v -0.271451 -0.58698 -0.340651
v -0.313609 -0.56016 -0.327789
v -0.325859 -0.527761 -0.340243
v -0.340966 -0.504302 -0.340957
v -0.33035 -0.536701 -0.330443
v -0.342599 -0.520741 -0.328912
v -0.343416 -0.495122 -0.34351
v -0.358626 -0.459243 -0.345551
v -0.37159 -0.455583 -0.330953
v -0.384247 -0.453303 -0.315845
v -0.439369 -0.335946 0.275012
v -0.467441 -0.322266 0.222439
v -0.500004 -0.322266 0.143835
v -0.454375 -0.335946 0.251431
v -0.453354 -0.363365 0.248879
v -0.501841 -0.240008 0.116375
v -0.503066 -0.253688 0.116375
v -0.506231 -0.295747 0.115252
v -0.503985 -0.322266 0.130054
v -0.507251 -0.300907 0.109943
v -0.506435 -0.308526 0.117293
v -0.507353 -0.316746 0.11025
v -0.493675 -0.16423 0.0557374
v -0.490613 -0.185169 0.116375
v -0.493777 -0.204729 0.124235
v -0.493063 -0.16645 0.0648227
v -0.489286 -0.17149 0.102696
v -0.493573 -0.17809 0.0825852
v -0.49245 -0.185289 0.103308
v -0.477547 -0.117611 0.0475707
v -0.480099 -0.122831 0.0428749
v -0.495104 -0.16039 0.0340957
v -0.452027 -0.080052 0.109637
v -0.453048 -0.080052 0.102696
v -0.457948 -0.0892318 0.102696
v -0.463868 -0.101351 0.102696
v -0.464787 -0.0991315 0.0889143
v -0.467645 -0.105971 0.0889143
v -0.479588 -0.110411 0.0116375
v -0.499493 -0.226268 0.116375
v -0.258589 -0.683877 0.244183
v -0.260733 -0.671878 0.260516
v -0.274718 -0.685857 0.219989
v -0.303299 -0.686817 0.180585
v -0.312691 -0.683097 0.171193
v -0.314528 -0.684777 0.16272
v -0.316468 -0.686517 0.153635
v -0.318509 -0.687897 0.143835
v -0.333821 -0.688677 0.102696
v -0.322082 -0.690897 0.116375
v -0.335862 -0.690477 0.0752352
v -0.335862 -0.691257 0.0615561
v -0.335862 -0.691917 0.047877
v -0.335862 -0.692457 0.0340957
v -0.322082 -0.692937 0.0889143
v -0.452844 -0.374405 0.247756
v -0.452333 -0.383585 0.246531
v -0.438961 -0.439923 0.247143
v -0.435797 -0.431823 0.25582
v -0.434368 -0.444903 0.252451
v -0.360157 -0.472142 0.335853
v -0.354747 -0.476162 0.340447
v -0.352909 -0.487682 0.335853
v -0.357503 -0.509522 0.316662
v -0.437838 -0.449103 0.244693
v -0.428753 -0.458823 0.253778
v -0.426406 -0.472922 0.248776
v -0.424976 -0.479822 0.246633
v -0.417627 -0.485582 0.25286
v -0.34556 -0.527761 0.318907
v -0.396701 -0.519301 0.259291
v -0.384043 -0.521281 0.274399
v -0.372304 -0.551521 0.26317
v -0.38537 -0.5643 0.234893
v -0.37751 -0.56964 0.240406
v -0.369548 -0.57498 0.245918
v -0.373121 -0.57948 0.236833
v -0.369446 -0.58866 0.232035
v -0.301258 -0.616499 0.287364
v -0.356788 -0.58986 0.247143
v -0.339741 -0.624659 0.227441
v -0.294725 -0.606599 0.304718
v -0.300543 -0.629459 0.272664
v -0.316672 -0.632099 0.24847
v -0.304014 -0.633119 0.263578
v -0.291356 -0.634139 0.278585
v -0.286661 -0.643258 0.272562
v -0.277576 -0.647038 0.277462
v -0.253587 -0.668578 0.270214
v -0.368017 -0.445503 -0.340039
v -0.396905 -0.450123 -0.300737
v -0.398232 -0.441003 -0.302472
v -0.429774 -0.378185 -0.282362
v -0.421098 -0.418924 -0.280422
v -0.435082 -0.405604 -0.266845
v -0.436103 -0.390664 -0.270724
v -0.441309 -0.390664 -0.263885
v -0.442636 -0.377105 -0.26562
v -0.43743 -0.377105 -0.272562
v -0.425487 -0.374345 -0.288589
v -0.438553 -0.354905 -0.273991
v -0.450802 -0.349685 -0.257147
v -0.453354 -0.363365 -0.248981
v -0.454375 -0.335946 -0.251533
v -0.467441 -0.322266 -0.222541
v -0.500004 -0.322266 -0.143937
v -0.503985 -0.322266 -0.130156
v -0.507353 -0.316746 -0.110352
v -0.506435 -0.308526 -0.117396
v -0.507251 -0.300907 -0.110046
v -0.506231 -0.295747 -0.115354
v -0.503066 -0.253688 -0.116477
v -0.501841 -0.240008 -0.116477
v -0.493777 -0.204729 -0.124337
v -0.490613 -0.185169 -0.116477
v -0.49245 -0.185289 -0.10341
v -0.493573 -0.17809 -0.0826873
v -0.489286 -0.17149 -0.102798
v -0.493063 -0.16645 -0.0649248
v -0.493675 -0.16423 -0.0558394
v -0.495104 -0.16039 -0.0341978
v -0.480099 -0.122831 -0.042977
v -0.477547 -0.117611 -0.0476728
v -0.499493 -0.226268 -0.116477
v -0.463868 -0.101351 -0.102798
v -0.457948 -0.0892318 -0.102798
v -0.453048 -0.080052 -0.102798
v -0.479588 -0.110411 -0.0117396
v -0.467645 -0.105971 -0.0890164
v -0.464787 -0.0991315 -0.0890164
v -0.322082 -0.692937 -0.0890164
v -0.322082 -0.690897 -0.116477
v -0.333821 -0.688677 -0.102798
v -0.318509 -0.687897 -0.143937
v -0.316468 -0.686517 -0.153737
v -0.314528 -0.684777 -0.162822
v -0.312691 -0.683097 -0.171295
v -0.303299 -0.686817 -0.180687
v -0.335862 -0.692457 -0.0341978
v -0.335862 -0.691917 -0.047979
v -0.335862 -0.691257 -0.0616582
v -0.335862 -0.690477 -0.0753373
v -0.274718 -0.685857 -0.220091
v -0.258589 -0.683877 -0.244285
v -0.260733 -0.671878 -0.260618
v -0.244298 -0.683877 -0.258576
v -0.229191 -0.683037 -0.271235
v -0.245727 -0.671038 -0.273378
v -0.22623 -0.633719 -0.332178
v -0.248586 -0.632099 -0.316662
v -0.248484 -0.645358 -0.30288
v -0.272574 -0.643258 -0.286751
v -0.257568 -0.642298 -0.299308
v -0.256241 -0.655378 -0.284608
v -0.276249 -0.57786 -0.344326
v -0.301564 -0.5895 -0.315335
v -0.30187 -0.603539 -0.301962
v -0.315345 -0.5895 -0.301655
v -0.336169 -0.58308 -0.281443
v -0.344335 -0.57786 -0.276237
v -0.356992 -0.57648 -0.261128
v -0.328104 -0.5745 -0.300533
v -0.327696 -0.56016 -0.313701
v -0.283088 -0.625439 -0.296347
v -0.294725 -0.599219 -0.31166
v -0.294725 -0.59238 -0.317989
v -0.344845 -0.511622 -0.33177
v -0.34556 -0.527761 -0.31901
v -0.384043 -0.521281 -0.274501
v -0.396701 -0.519301 -0.259393
v -0.355257 -0.518701 -0.313803
v -0.357503 -0.509522 -0.316764
v -0.346989 -0.499982 -0.33616
v -0.354747 -0.476162 -0.340549
v -0.366077 -0.459783 -0.335649
v -0.398334 -0.467703 -0.288895
v -0.425691 -0.453963 -0.261435
v -0.498983 -0.335946 0.143835
v -0.465808 -0.365885 0.218458
v -0.502045 -0.349685 0.130054
v -0.457131 -0.363365 0.239793
v -0.507251 -0.233048 0.0685998
v -0.516234 -0.240008 0.00673748
v -0.507149 -0.247328 0.0818706
v -0.506639 -0.252608 0.0889143
v -0.513274 -0.294847 0.0615561
v -0.506333 -0.321726 0.115456
v -0.50521 -0.335946 0.116375
v -0.518684 -0.294847 0.0204166
v -0.521236 -0.297787 0.00204166
v -0.52144 -0.308526 0.00336874
v -0.515622 -0.308526 0.047877
v -0.521236 -0.319866 0.00234791
v -0.518786 -0.322266 0.0204166
v -0.497656 -0.15775 0.00673748
v -0.501943 -0.17149 0.00673748
v -0.492858 -0.195249 0.116375
v -0.494798 -0.17119 0.0607394
v -0.50327 -0.185169 0.0204166
v -0.508885 -0.211629 0.0211312
v -0.503168 -0.226268 0.0889143
v -0.48214 -0.115631 0.00694165
v -0.485815 -0.130331 0.0204166
v -0.45509 -0.080052 0.0874852
v -0.466114 -0.0960116 0.0684977
v -0.473566 -0.102911 0.0340957
v -0.477445 -0.103751 0.00694165
v -0.480099 -0.108911 0.00255208
v -0.275432 -0.659038 0.262047
v -0.290233 -0.646198 0.263374
v -0.302891 -0.645358 0.248266
v -0.300033 -0.684177 0.189772
v -0.329431 -0.658438 0.192529
v -0.317488 -0.673858 0.181912
v -0.331269 -0.660118 0.184975
v -0.345458 -0.646918 0.184975
v -0.32004 -0.676258 0.171193
v -0.334229 -0.662938 0.171193
v -0.325348 -0.682017 0.143835
v -0.327492 -0.684057 0.133423
v -0.329431 -0.685797 0.124235
v -0.331065 -0.687117 0.116375
v -0.342293 -0.685077 0.0942227
v -0.343314 -0.686037 0.0851373
v -0.336985 -0.688797 0.0894248
v -0.344947 -0.687477 0.0615561
v -0.345866 -0.688137 0.047877
v -0.346785 -0.688677 0.0340957
v -0.347703 -0.689037 0.0204166
v -0.34852 -0.689217 0.00673748
v -0.335862 -0.692817 0.0204166
v -0.335862 -0.692937 0.00673748
v -0.493471 -0.370145 0.150675
v -0.493165 -0.377105 0.149756
v -0.480099 -0.385145 0.178747
v -0.451517 -0.390664 0.244591
v -0.443963 -0.431823 0.239793
v -0.370161 -0.507362 0.301553
v -0.398947 -0.510182 0.262251
v -0.440799 -0.444903 0.239997
v -0.451925 -0.436563 0.218049
v -0.47969 -0.438003 0.150266
v -0.465604 -0.450423 0.17691
v -0.45264 -0.453123 0.206208
v -0.439778 -0.455103 0.235506
v -0.436103 -0.459483 0.239997
v -0.425181 -0.494042 0.233362
v -0.423343 -0.503162 0.229074
v -0.412217 -0.522721 0.234689
v -0.41385 -0.513181 0.239487
v -0.409359 -0.517141 0.243876
v -0.411604 -0.508022 0.247143
v -0.394659 -0.541501 0.242856
v -0.400172 -0.524881 0.250104
v -0.397517 -0.548341 0.232954
v -0.382206 -0.57342 0.230708
v -0.37751 -0.58332 0.226829
v -0.372815 -0.5925 0.222847
v -0.355359 -0.615719 0.217845
v -0.341987 -0.629819 0.218254
v -0.345458 -0.633419 0.209168
v -0.299318 -0.642298 0.257453
v -0.295337 -0.638218 0.26807
v -0.328104 -0.643558 0.218152
v -0.427018 -0.445503 -0.26317
v -0.428958 -0.431823 -0.26562
v -0.439778 -0.401824 -0.261945
v -0.44723 -0.390664 -0.253574
v -0.449986 -0.378245 -0.25286
v -0.45019 -0.363365 -0.25582
v -0.452844 -0.374405 -0.247858
v -0.465808 -0.365885 -0.21856
v -0.457131 -0.363365 -0.239895
v -0.498983 -0.335946 -0.143937
v -0.502045 -0.349685 -0.130156
v -0.50521 -0.335946 -0.116477
v -0.506333 -0.321726 -0.115558
v -0.518786 -0.322266 -0.0205187
v -0.521236 -0.319866 -0.00244999
v -0.52144 -0.308526 -0.00347082
v -0.515622 -0.308526 -0.047979
v -0.521236 -0.297787 -0.00214374
v -0.518684 -0.294847 -0.0205187
v -0.513274 -0.294847 -0.0616582
v -0.506639 -0.252608 -0.0890164
v -0.507149 -0.247328 -0.0819727
v -0.516234 -0.240008 -0.00683957
v -0.507251 -0.233048 -0.0687019
v -0.492858 -0.195249 -0.116477
v -0.503168 -0.226268 -0.0890164
v -0.508885 -0.211629 -0.0212333
v -0.50327 -0.185169 -0.0205187
v -0.501943 -0.17149 -0.00683957
v -0.494798 -0.17119 -0.0608415
v -0.497656 -0.15775 -0.00683957
v -0.485815 -0.130331 -0.0205187
v -0.48214 -0.115631 -0.00704373
v -0.466114 -0.0960116 -0.0685998
v -0.454681 -0.080052 -0.0906498
v -0.480099 -0.108911 -0.00265416
v -0.477445 -0.103751 -0.00704373
v -0.473566 -0.102911 -0.0341978
v -0.335862 -0.692937 -0.00683957
v -0.335862 -0.692817 -0.0205187
v -0.336985 -0.688797 -0.0895269
v -0.343314 -0.686037 -0.0852394
v -0.342293 -0.685077 -0.0943247
v -0.331065 -0.687117 -0.116477
v -0.329431 -0.685797 -0.124337
v -0.327492 -0.684057 -0.133525
v -0.325348 -0.682017 -0.143937
v -0.326982 -0.669778 -0.171295
v -0.32004 -0.676258 -0.171295
v -0.345458 -0.646918 -0.185077
v -0.331269 -0.660118 -0.185077
v -0.329431 -0.658438 -0.192631
v -0.317488 -0.673858 -0.182014
v -0.300033 -0.684177 -0.189875
v -0.34852 -0.689217 -0.00683957
v -0.347703 -0.689037 -0.0205187
v -0.346785 -0.688677 -0.0341978
v -0.345866 -0.688137 -0.047979
v -0.344947 -0.687477 -0.0616582
v -0.302891 -0.645358 -0.248368
v -0.290233 -0.646198 -0.263476
v -0.263387 -0.674158 -0.253574
v -0.281046 -0.651178 -0.267356
v -0.286661 -0.643258 -0.272664
v -0.277576 -0.647038 -0.277564
v -0.253587 -0.668578 -0.270316
v -0.278699 -0.634139 -0.291345
v -0.287784 -0.630599 -0.287874
v -0.294725 -0.606599 -0.30482
v -0.301258 -0.616499 -0.287466
v -0.339741 -0.624659 -0.227543
v -0.356788 -0.58986 -0.247245
v -0.369446 -0.58866 -0.232137
v -0.373121 -0.57954 -0.236935
v -0.369548 -0.57498 -0.24602
v -0.37751 -0.56964 -0.240508
v -0.372304 -0.551521 -0.263272
v -0.38537 -0.5643 -0.234995
v -0.394659 -0.541501 -0.242958
v -0.400172 -0.524881 -0.250206
v -0.398947 -0.510182 -0.262353
v -0.409359 -0.517141 -0.243979
v -0.411604 -0.508022 -0.247245
v -0.370161 -0.507362 -0.301655
v -0.352909 -0.487682 -0.335955
v -0.360157 -0.472142 -0.335955
v -0.417627 -0.485582 -0.252962
v -0.424976 -0.479822 -0.246735
v -0.426406 -0.472922 -0.248879
v -0.428753 -0.458823 -0.253881
v -0.437838 -0.449103 -0.244795
v -0.434368 -0.444903 -0.252554
v -0.501025 -0.363365 0.130054
v -0.495921 -0.377105 0.142916
v -0.496227 -0.364685 0.145162
v -0.503168 -0.363365 0.116375
v -0.513886 -0.226268 0.00673748
v -0.517459 -0.253688 0.00673748
v -0.515724 -0.253688 0.0204166
v -0.519501 -0.281107 0.00673748
v -0.507047 -0.325926 0.1078
v -0.508681 -0.363365 0.0752352
v -0.507251 -0.370265 0.0821769
v -0.517663 -0.363365 0.00673748
v -0.520419 -0.323586 0.00683957
v -0.514091 -0.363365 0.0340957
v -0.505414 -0.186369 0.00561457
v -0.507251 -0.191769 0.000306249
v -0.50817 -0.198969 0.00561457
v -0.460295 -0.080052 0.047877
v -0.46591 -0.080052 0.00500207
v -0.46836 -0.0918117 0.0340957
v -0.469278 -0.0901917 0.0204166
v -0.469687 -0.0879118 0.0078604
v -0.466624 -0.0813719 0.00408332
v -0.318203 -0.646738 0.226114
v -0.326063 -0.655618 0.201614
v -0.331677 -0.646438 0.208964
v -0.340762 -0.642598 0.202533
v -0.34362 -0.645118 0.193447
v -0.354645 -0.642418 0.173745
v -0.356482 -0.644398 0.16466
v -0.369446 -0.643618 0.135362
v -0.360871 -0.648478 0.143835
v -0.357401 -0.658918 0.125562
v -0.34801 -0.676738 0.102696
v -0.34066 -0.683577 0.102696
v -0.356278 -0.671638 0.0952435
v -0.356992 -0.672298 0.086056
v -0.35097 -0.679857 0.0752352
v -0.344029 -0.686757 0.0752352
v -0.355359 -0.684417 0.00673748
v -0.494798 -0.390664 0.140058
v -0.45509 -0.431943 0.213047
v -0.493879 -0.399004 0.13771
v -0.483059 -0.432783 0.144958
v -0.481528 -0.445503 0.141181
v -0.478772 -0.445503 0.14802
v -0.480405 -0.453963 0.138425
v -0.441819 -0.459483 0.22642
v -0.43988 -0.469023 0.222031
v -0.431203 -0.486662 0.226114
v -0.469993 -0.473822 0.144754
v -0.425283 -0.507962 0.219887
v -0.420893 -0.513121 0.225093
v -0.423343 -0.517081 0.215191
v -0.425181 -0.521341 0.206106
v -0.413748 -0.527461 0.225093
v -0.409563 -0.531841 0.228972
v -0.385268 -0.57798 0.221622
v -0.404867 -0.528361 0.240406
v -0.3819 -0.5871 0.215089
v -0.368731 -0.601619 0.216824
v -0.358422 -0.619499 0.208658
v -0.354543 -0.628619 0.201716
v -0.336781 -0.638518 0.21366
v -0.435797 -0.431823 -0.255922
v -0.438553 -0.410944 -0.260312
v -0.438961 -0.439923 -0.247245
v -0.452333 -0.383585 -0.246633
v -0.493165 -0.377105 -0.149858
v -0.493471 -0.370145 -0.150777
v -0.496227 -0.364685 -0.145264
v -0.495921 -0.377105 -0.143018
v -0.501025 -0.363365 -0.130156
v -0.503168 -0.363365 -0.116477
v -0.507047 -0.325926 -0.107902
v -0.507251 -0.370265 -0.0822789
v -0.508681 -0.363365 -0.0753373
v -0.514091 -0.363365 -0.0341978
v -0.517663 -0.363365 -0.00683957
v -0.520419 -0.323586 -0.00694165
v -0.517459 -0.253688 -0.00683957
v -0.519501 -0.281107 -0.00683957
v -0.515724 -0.253688 -0.0205187
v -0.513886 -0.226268 -0.00683957
v -0.50817 -0.198969 -0.00571665
v -0.505414 -0.186369 -0.00571665
v -0.507251 -0.191769 -0.000408332
v -0.469278 -0.0901917 -0.0205187
v -0.46836 -0.0918117 -0.0341978
v -0.46591 -0.080052 -0.00510415
v -0.466624 -0.0813719 -0.00418541
v -0.469687 -0.0879118 -0.00796248
v -0.344029 -0.686757 -0.0753373
v -0.356992 -0.672298 -0.0861581
v -0.356278 -0.671638 -0.0953456
v -0.35097 -0.679857 -0.0753373
v -0.34801 -0.676738 -0.102798
v -0.34066 -0.683577 -0.102798
v -0.357401 -0.658918 -0.125664
v -0.360871 -0.648478 -0.143937
v -0.34362 -0.645118 -0.193549
v -0.369446 -0.643618 -0.135464
v -0.356482 -0.644398 -0.164762
v -0.354645 -0.642418 -0.173847
v -0.340762 -0.642598 -0.202635
v -0.331677 -0.646438 -0.209066
v -0.326063 -0.655618 -0.201716
v -0.318203 -0.646738 -0.226216
v -0.355359 -0.684417 -0.00683957
v -0.328104 -0.643558 -0.218254
v -0.291356 -0.634139 -0.278687
v -0.299318 -0.642298 -0.257556
v -0.295337 -0.638218 -0.268172
v -0.304014 -0.633119 -0.263681
v -0.316672 -0.632099 -0.248572
v -0.300543 -0.629459 -0.272766
v -0.341987 -0.629819 -0.218356
v -0.355359 -0.615719 -0.217947
v -0.37751 -0.58332 -0.226931
v -0.372815 -0.5925 -0.222949
v -0.382206 -0.57342 -0.23081
v -0.397517 -0.548341 -0.233056
v -0.404867 -0.528361 -0.240508
v -0.412217 -0.522721 -0.234791
v -0.41385 -0.513181 -0.239589
v -0.423343 -0.503162 -0.229176
v -0.425181 -0.494042 -0.233464
v -0.436103 -0.459483 -0.240099
v -0.439778 -0.455103 -0.235608
v -0.45264 -0.453123 -0.20631
v -0.465604 -0.450423 -0.177012
v -0.47969 -0.438003 -0.150368
v -0.451925 -0.436563 -0.218152
v -0.440799 -0.444903 -0.240099
v -0.443963 -0.431823 -0.239895
v -0.4998 -0.377105 0.130054
v -0.502045 -0.377105 0.116375
v -0.516438 -0.377105 0.00673748
v -0.512866 -0.377105 0.0340957
v -0.503883 -0.377105 0.102696
v -0.356788 -0.631019 0.192631
v -0.352297 -0.639778 0.184975
v -0.35832 -0.632939 0.184975
v -0.373733 -0.634859 0.143835
v -0.367711 -0.641698 0.143835
v -0.380164 -0.640318 0.116375
v -0.373325 -0.647398 0.116375
v -0.354849 -0.670258 0.102696
v -0.375775 -0.649858 0.102696
v -0.382614 -0.643018 0.102696
v -0.369956 -0.657898 0.0949373
v -0.383635 -0.644098 0.0944268
v -0.366384 -0.667918 0.047877
v -0.353624 -0.682617 0.0340957
v -0.362198 -0.677578 0.00673748
v -0.497554 -0.390664 0.130054
v -0.492756 -0.408124 0.133933
v -0.488367 -0.431823 0.130054
v -0.485203 -0.445503 0.130054
v -0.464583 -0.501302 0.131075
v -0.481426 -0.458823 0.129135
v -0.467543 -0.497342 0.127196
v -0.453048 -0.508742 0.152206
v -0.451108 -0.517861 0.14751
v -0.438145 -0.519721 0.176808
v -0.397109 -0.56124 0.218152
v -0.452946 -0.521881 0.138323
v -0.435695 -0.527821 0.171806
v -0.394659 -0.56904 0.213047
v -0.396293 -0.57366 0.202635
v -0.398232 -0.57684 0.193447
v -0.386799 -0.58254 0.21121
v -0.384043 -0.58968 0.205902
v -0.371283 -0.604619 0.207739
v -0.360259 -0.623939 0.197735
v -0.451517 -0.390664 -0.244693
v -0.480099 -0.385145 -0.17885
v -0.494798 -0.390664 -0.14016
v -0.4998 -0.377105 -0.130156
v -0.502045 -0.377105 -0.116477
v -0.512866 -0.377105 -0.0341978
v -0.516438 -0.377105 -0.00683957
v -0.503883 -0.377105 -0.102798
v -0.353624 -0.682617 -0.0341978
v -0.383635 -0.644098 -0.0945289
v -0.369956 -0.657898 -0.0950393
v -0.366384 -0.667918 -0.047979
v -0.382614 -0.643018 -0.102798
v -0.375775 -0.649858 -0.102798
v -0.373325 -0.647398 -0.116477
v -0.354849 -0.670258 -0.102798
v -0.352297 -0.639778 -0.185077
v -0.356788 -0.631019 -0.192733
v -0.354543 -0.628619 -0.201818
v -0.367711 -0.641698 -0.143937
v -0.380164 -0.640318 -0.116477
v -0.35832 -0.632939 -0.185077
v -0.373733 -0.634859 -0.143937
v -0.345458 -0.633419 -0.20927
v -0.336781 -0.638518 -0.213762
v -0.362198 -0.677578 -0.00683957
v -0.358422 -0.619499 -0.20876
v -0.385268 -0.57798 -0.221724
v -0.368731 -0.601619 -0.216927
v -0.3819 -0.5871 -0.215191
v -0.409563 -0.531841 -0.229074
v -0.413748 -0.527461 -0.225195
v -0.425181 -0.521341 -0.206208
v -0.423343 -0.517081 -0.215293
v -0.420893 -0.513121 -0.225195
v -0.431203 -0.486662 -0.226216
v -0.425283 -0.507962 -0.219989
v -0.43988 -0.469023 -0.222133
v -0.441819 -0.459483 -0.226522
v -0.469993 -0.473822 -0.144856
v -0.480405 -0.453963 -0.138527
v -0.478772 -0.445503 -0.148123
v -0.481528 -0.445503 -0.141283
v -0.483059 -0.432783 -0.14506
v -0.493879 -0.399004 -0.137812
v -0.45509 -0.431943 -0.213149
v -0.499902 -0.390664 0.116375
v -0.507353 -0.384605 0.0695186
v -0.514295 -0.390664 0.00673748
v -0.367813 -0.613979 0.198654
v -0.408032 -0.599099 0.130054
v -0.393843 -0.623579 0.117396
v -0.384451 -0.631439 0.124848
v -0.386289 -0.633479 0.116375
v -0.388433 -0.636119 0.102696
v -0.395272 -0.627659 0.102696
v -0.396497 -0.629159 0.0889143
v -0.388739 -0.638698 0.0895269
v -0.395374 -0.641878 0.0204166
v -0.396293 -0.642898 0.00673748
v -0.389453 -0.649978 0.00673748
v -0.493879 -0.412804 0.124746
v -0.487959 -0.445503 0.116375
v -0.483876 -0.459243 0.116375
v -0.459683 -0.514081 0.130054
v -0.479997 -0.466683 0.123929
v -0.465808 -0.506462 0.121071
v -0.411196 -0.57558 0.16415
v -0.441819 -0.527821 0.157004
v -0.454579 -0.524821 0.130054
v -0.4507 -0.531721 0.130054
v -0.443861 -0.542701 0.131279
v -0.39272 -0.58188 0.198245
v -0.425997 -0.57732 0.125664
v -0.409869 -0.58758 0.147306
v -0.398844 -0.59112 0.167518
v -0.497554 -0.390664 -0.130156
v -0.499902 -0.390664 -0.116477
v -0.507353 -0.384605 -0.0696207
v -0.514295 -0.390664 -0.00683957
v -0.388739 -0.638698 -0.0896289
v -0.396497 -0.629159 -0.0890164
v -0.395272 -0.627659 -0.102798
v -0.388433 -0.636119 -0.102798
v -0.389453 -0.649978 -0.00683957
v -0.396293 -0.642898 -0.00683957
v -0.395374 -0.641878 -0.0205187
v -0.386289 -0.633479 -0.116477
v -0.367813 -0.613979 -0.198756
v -0.360259 -0.623939 -0.197837
v -0.384451 -0.631439 -0.12495
v -0.393843 -0.623579 -0.117498
v -0.369548 -0.616139 -0.190487
v -0.371283 -0.604619 -0.207841
v -0.386799 -0.58254 -0.211312
v -0.398232 -0.57684 -0.193549
v -0.396293 -0.57366 -0.202737
v -0.394659 -0.56904 -0.213149
v -0.397109 -0.56124 -0.218254
v -0.384043 -0.58968 -0.206004
v -0.435695 -0.527821 -0.171908
v -0.452946 -0.521881 -0.138425
v -0.438145 -0.519721 -0.17691
v -0.451108 -0.517861 -0.147612
v -0.453048 -0.508742 -0.152308
v -0.464583 -0.501302 -0.131177
v -0.467543 -0.497342 -0.127298
v -0.481426 -0.458823 -0.129237
v -0.485203 -0.445503 -0.130156
v -0.488367 -0.431823 -0.130156
v -0.492756 -0.408124 -0.134035
v -0.496942 -0.404404 0.116375
v -0.507251 -0.411184 0.0271541
v -0.494696 -0.432003 0.0884039
v -0.507456 -0.425764 0.001225
v -0.50572 -0.430923 0.00622707
v -0.413442 -0.5922 0.130054
v -0.410073 -0.601619 0.120254
v -0.399151 -0.618899 0.113414
v -0.411808 -0.603959 0.111066
v -0.400478 -0.620819 0.102696
v -0.412523 -0.604979 0.102696
v -0.418954 -0.596339 0.102696
v -0.425589 -0.59028 0.0865664
v -0.41089 -0.616379 0.0517561
v -0.41385 -0.620339 0.00673748
v -0.408746 -0.627179 0.00673748
v -0.397722 -0.630839 0.0699269
v -0.398232 -0.631619 0.0615561
v -0.399151 -0.632759 0.047877
v -0.400069 -0.633899 0.0340957
v -0.401907 -0.636059 0.00673748
v -0.491021 -0.431823 0.116375
v -0.489796 -0.445503 0.102696
v -0.493267 -0.451263 0.066354
v -0.480609 -0.468183 0.116375
v -0.493879 -0.453303 0.0572686
v -0.485713 -0.459243 0.102696
v -0.452231 -0.534301 0.122193
v -0.46836 -0.501302 0.116477
v -0.46642 -0.508082 0.111985
v -0.464277 -0.516481 0.102696
v -0.463664 -0.513181 0.116477
v -0.456008 -0.528961 0.117191
v -0.428855 -0.56934 0.130156
v -0.424058 -0.57426 0.134852
v -0.44039 -0.551341 0.1274
v -0.437736 -0.56046 0.119743
v -0.427528 -0.57966 0.116375
v -0.422833 -0.58656 0.116375
v -0.420689 -0.58218 0.130156
v -0.411706 -0.5901 0.13822
v -0.493879 -0.412804 -0.124848
v -0.496942 -0.404404 -0.116477
v -0.494696 -0.432003 -0.088506
v -0.507251 -0.411184 -0.0272562
v -0.50572 -0.430923 -0.00632915
v -0.507456 -0.425764 -0.00132708
v -0.400069 -0.633899 -0.0341978
v -0.399151 -0.632759 -0.047979
v -0.398232 -0.631619 -0.0616582
v -0.400478 -0.620819 -0.102798
v -0.397722 -0.630839 -0.070029
v -0.408746 -0.627179 -0.00683957
v -0.41385 -0.620339 -0.00683957
v -0.41089 -0.616379 -0.0518582
v -0.425589 -0.59028 -0.0866685
v -0.418954 -0.596339 -0.102798
v -0.412523 -0.604979 -0.102798
v -0.411808 -0.603959 -0.111168
v -0.399151 -0.618899 -0.113516
v -0.401907 -0.636059 -0.00683957
v -0.410073 -0.601619 -0.120356
v -0.408032 -0.599099 -0.130156
v -0.398844 -0.59112 -0.16762
v -0.39517 -0.58626 -0.185077
v -0.409869 -0.58758 -0.147408
v -0.425997 -0.57732 -0.125766
v -0.411196 -0.57558 -0.164252
v -0.443861 -0.542701 -0.131381
v -0.441819 -0.527821 -0.157106
v -0.4507 -0.531721 -0.130156
v -0.454579 -0.524821 -0.130156
v -0.459683 -0.514081 -0.130156
v -0.465808 -0.506462 -0.121275
v -0.479997 -0.466683 -0.124031
v -0.483876 -0.459243 -0.116477
v -0.487959 -0.445503 -0.116477
v -0.492654 -0.432003 0.103818
v -0.503679 -0.431823 0.0204166
v -0.498269 -0.431823 0.0615561
v -0.502352 -0.445503 0.00673748
v -0.500616 -0.445503 0.0204166
v -0.415381 -0.596759 0.115966
v -0.424466 -0.58878 0.102696
v -0.424976 -0.58944 0.0957539
v -0.437634 -0.588 0.00673748
v -0.431612 -0.596339 0.00673748
v -0.420689 -0.611099 0.00673748
v -0.481528 -0.470643 0.102696
v -0.491429 -0.458403 0.0617603
v -0.498269 -0.459243 0.00673748
v -0.496023 -0.460383 0.0211312
v -0.438961 -0.5625 0.110556
v -0.434674 -0.56778 0.11566
v -0.475607 -0.486662 0.102696
v -0.479792 -0.507122 0.0132708
v -0.467033 -0.509642 0.102696
v -0.465808 -0.520261 0.079931
v -0.458866 -0.527761 0.102696
v -0.428958 -0.58194 0.102696
v -0.491021 -0.431823 -0.116477
v -0.492654 -0.432003 -0.103921
v -0.498269 -0.431823 -0.0616582
v -0.489796 -0.445503 -0.102798
v -0.503679 -0.431823 -0.0205187
v -0.500616 -0.445503 -0.0205187
v -0.502352 -0.445503 -0.00683957
v -0.420689 -0.611099 -0.00683957
v -0.431612 -0.596339 -0.00683957
v -0.424976 -0.58944 -0.095856
v -0.437634 -0.588 -0.00683957
v -0.424466 -0.58878 -0.102798
v -0.422833 -0.58656 -0.116477
v -0.415381 -0.596759 -0.116068
v -0.413442 -0.5922 -0.130156
v -0.411706 -0.5901 -0.138323
v -0.420689 -0.58218 -0.130258
v -0.427528 -0.57966 -0.116477
v -0.437736 -0.56046 -0.119846
v -0.452231 -0.534301 -0.122296
v -0.44039 -0.551341 -0.127502
v -0.428855 -0.56934 -0.130258
v -0.424058 -0.57426 -0.134954
v -0.456008 -0.528961 -0.117293
v -0.463664 -0.513181 -0.116579
v -0.464277 -0.516541 -0.102798
v -0.46642 -0.508082 -0.112087
v -0.46836 -0.501302 -0.116579
v -0.480609 -0.468183 -0.116477
v -0.485713 -0.459243 -0.102798
v -0.493879 -0.453303 -0.0573707
v -0.493267 -0.451263 -0.0664561
v -0.441207 -0.57984 0.0204166
v -0.436715 -0.58668 0.0204166
v -0.442126 -0.58116 0.00673748
v -0.491633 -0.472322 0.0211312
v -0.480303 -0.508622 0.00418541
v -0.492144 -0.475982 0.00673748
v -0.498269 -0.459243 -0.00683957
v -0.444065 -0.55518 0.102696
v -0.435797 -0.57042 0.102696
v -0.477955 -0.513541 0.0078604
v -0.467951 -0.511922 0.0889143
v -0.46642 -0.521521 0.0708456
v -0.463358 -0.529501 0.0615561
v -0.4556 -0.540541 0.0752352
v -0.437634 -0.57378 0.0752352
v -0.438859 -0.57606 0.0561457
v -0.436715 -0.58668 -0.0205187
v -0.441207 -0.57984 -0.0205187
v -0.428958 -0.58194 -0.102798
v -0.442126 -0.58116 -0.00683957
v -0.438961 -0.5625 -0.110658
v -0.434674 -0.56778 -0.115762
v -0.458866 -0.527761 -0.102798
v -0.465808 -0.520261 -0.0800331
v -0.467033 -0.509642 -0.102798
v -0.479792 -0.507122 -0.0133729
v -0.475607 -0.486662 -0.102798
v -0.481528 -0.470643 -0.102798
v -0.491429 -0.458403 -0.0618623
v -0.496023 -0.460383 -0.0212333
v -0.449577 -0.56808 0.00755415
v -0.452844 -0.56292 0.00357291
v -0.471422 -0.527761 0.00673748
v -0.480303 -0.508622 -0.00428749
v -0.492144 -0.475982 -0.00683957
v -0.467033 -0.522661 0.0615561
v -0.469176 -0.528781 0.0202124
v -0.4605 -0.541501 0.0340957
v -0.450904 -0.55926 0.0340957
v -0.449577 -0.56808 -0.00765623
v -0.438859 -0.57606 -0.0562478
v -0.437634 -0.57378 -0.0753373
v -0.435797 -0.57042 -0.102798
v -0.452844 -0.56292 -0.00367499
v -0.444065 -0.55518 -0.102798
v -0.4556 -0.540541 -0.0753373
v -0.463358 -0.529501 -0.0616582
v -0.46642 -0.521521 -0.0709477
v -0.477955 -0.513541 -0.00796248
v -0.491633 -0.472322 -0.0212333
v -0.463256 -0.543001 0.00673748
v -0.471422 -0.527761 -0.00683957
v -0.463256 -0.543001 -0.00683957
v -0.450904 -0.55926 -0.0341978
v -0.4605 -0.541501 -0.0341978
v -0.467033 -0.522661 -0.0616582
v -0.469176 -0.528781 -0.0203145
f 1 2 11
f 1 11 3
f 1 3 12
f 1 12 4
f 1 4 5
f 1 5 6
f 1 6 7
f 1 7 2
f 2 7 8
f 2 8 9
f 2 9 10
f 2 10 27
f 2 27 11
f 3 11 13
f 3 13 14
f 3 14 15
f 3 15 12
f 4 16 17
f 4 17 18
f 4 18 5
f 4 12 32
f 4 32 16
f 5 19 20
f 5 20 6
f 5 18 19
f 6 20 7
f 7 20 21
f 7 21 22
f 7 22 8
f 8 23 10
f 8 10 9
f 8 22 24
f 8 24 23
f 10 23 25
f 10 25 26
f 10 26 53
f 10 53 27
f 11 27 28
f 11 28 29
f 11 29 13
f 12 15 30
f 12 30 31
f 12 31 32
f 13 33 34
f 13 34 35
f 13 35 14
f 13 29 33
f 14 35 15
f 15 35 36
f 15 36 30
f 16 32 59
f 16 59 37
f 16 37 38
f 16 38 17
f 17 38 39
f 17 39 18
f 18 39 19
f 19 39 40
f 19 40 41
f 19 41 42
f 19 42 20
f 20 42 43
f 20 43 44
f 20 44 45
f 20 45 21
f 21 46 22
f 21 45 46
f 22 47 24
f 22 46 47
f 23 24 47
f 23 47 48
f 23 48 25
f 25 49 26
f 25 48 50
f 25 50 49
f 26 49 51
f 26 51 52
f 26 52 90
f 26 90 53
f 27 53 54
f 27 54 55
f 27 55 29
f 27 29 28
f 29 55 56
f 29 56 33
f 30 36 57
f 30 57 31
f 31 58 32
f 31 57 58
f 32 58 59
f 33 56 60
f 33 60 61
f 33 61 34
f 34 61 62
f 34 62 35
f 35 62 63
f 35 63 64
f 35 64 65
f 35 65 36
f 36 65 66
f 36 66 67
f 36 67 57
f 37 68 69
f 37 69 70
f 37 70 71
f 37 71 38
f 37 59 100
f 37 100 68
f 38 71 72
f 38 72 39
f 39 73 40
f 39 72 73
f 40 73 71
f 40 71 70
f 40 70 74
f 40 74 41
f 41 74 43
f 41 43 42
f 43 74 75
f 43 75 76
f 43 76 77
f 43 77 78
f 43 78 79
f 43 79 80
f 43 80 81
f 43 81 44
f 44 81 45
f 45 82 83
f 45 83 46
f 45 81 84
f 45 84 85
f 45 85 82
f 46 83 48
f 46 48 47
f 48 83 86
f 48 86 50
f 49 50 51
f 50 86 87
f 50 87 51
f 51 88 52
f 51 87 88
f 52 89 143
f 52 143 90
f 52 88 89
f 53 90 91
f 53 91 92
f 53 92 54
f 54 92 93
f 54 93 94
f 54 94 55
f 55 94 56
f 56 94 60
f 57 67 95
f 57 95 96
f 57 96 58
f 58 96 97
f 58 97 59
f 59 97 98
f 59 98 99
f 59 99 100
f 60 94 61
f 61 101 62
f 61 94 101
f 62 102 63
f 62 101 103
f 62 103 104
f 62 104 105
f 62 105 102
f 63 102 64
f 64 102 106
f 64 106 107
f 64 107 108
f 64 108 109
f 64 109 110
f 64 110 111
f 64 111 112
f 64 112 66
f 64 66 65
f 66 112 67
f 67 98 97
f 67 97 95
f 67 112 98
f 68 100 152
f 68 152 113
f 68 113 114
f 68 114 115
f 68 115 69
f 69 115 116
f 69 116 117
f 69 117 70
f 70 117 177
f 70 177 118
f 70 118 74
f 71 73 72
f 74 118 119
f 74 119 75
f 75 119 76
f 76 119 77
f 77 119 120
f 77 120 121
f 77 121 122
f 77 122 78
f 78 122 79
f 79 122 123
f 79 123 124
f 79 124 125
f 79 125 80
f 80 125 81
f 81 125 84
f 82 126 127
f 82 127 83
f 82 85 128
f 82 128 126
f 83 127 86
f 84 125 85
f 85 129 130
f 85 130 131
f 85 131 132
f 85 132 128
f 85 125 133
f 85 133 129
f 86 134 87
f 86 127 135
f 86 135 134
f 87 136 137
f 87 137 138
f 87 138 88
f 87 134 136
f 88 139 140
f 88 140 89
f 88 138 141
f 88 141 139
f 89 140 142
f 89 142 209
f 89 209 143
f 90 143 144
f 90 144 91
f 91 144 145
f 91 145 93
f 91 93 92
f 93 145 146
f 93 146 101
f 93 101 94
f 95 97 96
f 98 112 147
f 98 147 221
f 98 221 148
f 98 148 99
f 99 149 150
f 99 150 100
f 99 148 149
f 100 150 151
f 100 151 152
f 101 146 153
f 101 153 103
f 102 105 154
f 102 154 106
f 103 153 155
f 103 155 156
f 103 156 104
f 104 154 105
f 104 156 157
f 104 157 158
f 104 158 159
f 104 159 160
f 104 160 161
f 104 161 162
f 104 162 154
f 106 154 107
f 107 163 164
f 107 164 108
f 107 154 162
f 107 162 165
f 107 165 163
f 108 164 109
f 109 166 167
f 109 167 110
f 109 164 168
f 109 168 166
f 110 167 111
f 111 167 112
f 112 167 147
f 113 152 229
f 113 229 169
f 113 169 170
f 113 170 114
f 114 170 171
f 114 171 172
f 114 172 115
f 115 172 116
f 116 173 174
f 116 174 175
f 116 175 117
f 116 172 173
f 117 175 176
f 117 176 177
f 118 177 178
f 118 178 119
f 119 178 179
f 119 179 120
f 120 179 180
f 120 180 181
f 120 181 182
f 120 182 121
f 121 182 181
f 121 181 183
f 121 183 184
f 121 184 123
f 121 123 122
f 123 184 124
f 124 185 186
f 124 186 187
f 124 187 125
f 124 184 185
f 125 187 188
f 125 188 189
f 125 189 133
f 126 190 127
f 126 128 132
f 126 132 190
f 127 190 132
f 127 132 191
f 127 191 192
f 127 192 193
f 127 193 194
f 127 194 135
f 129 133 130
f 130 191 132
f 130 132 131
f 130 133 195
f 130 195 196
f 130 196 191
f 133 189 197
f 133 197 198
f 133 198 195
f 134 135 199
f 134 199 200
f 134 200 136
f 135 194 199
f 136 201 202
f 136 202 203
f 136 203 204
f 136 204 205
f 136 205 137
f 136 200 201
f 137 205 138
f 138 205 206
f 138 206 141
f 139 141 140
f 140 207 142
f 140 141 206
f 140 206 207
f 142 208 296
f 142 296 209
f 142 207 210
f 142 210 211
f 142 211 208
f 143 209 212
f 143 212 144
f 144 212 213
f 144 213 214
f 144 214 215
f 144 215 145
f 145 216 217
f 145 217 218
f 145 218 146
f 145 215 216
f 146 218 219
f 146 219 153
f 147 167 220
f 147 220 221
f 148 221 222
f 148 222 223
f 148 223 149
f 149 224 225
f 149 225 226
f 149 226 150
f 149 223 224
f 150 226 151
f 151 227 152
f 151 226 228
f 151 228 227
f 152 227 229
f 153 230 155
f 153 219 231
f 153 231 232
f 153 232 233
f 153 233 234
f 153 234 157
f 153 157 230
f 155 230 157
f 155 157 156
f 157 234 159
f 157 159 158
f 159 234 235
f 159 235 236
f 159 236 161
f 159 161 160
f 161 236 237
f 161 237 238
f 161 238 239
f 161 239 162
f 162 239 240
f 162 240 241
f 162 241 165
f 163 168 164
f 163 165 242
f 163 242 168
f 165 241 243
f 165 243 244
f 165 244 242
f 166 245 220
f 166 220 167
f 166 168 246
f 166 246 247
f 166 247 245
f 168 242 248
f 168 248 246
f 169 249 250
f 169 250 251
f 169 251 252
f 169 252 172
f 169 172 171
f 169 171 170
f 169 229 318
f 169 318 249
f 172 252 173
f 173 252 174
f 174 252 253
f 174 253 175
f 175 253 254
f 175 254 176
f 176 254 255
f 176 255 256
f 176 256 257
f 176 257 177
f 177 257 178
f 178 257 179
f 179 258 259
f 179 259 260
f 179 260 180
f 179 257 258
f 180 260 181
f 181 261 262
f 181 262 263
f 181 263 183
f 181 260 261
f 183 263 264
f 183 264 185
f 183 185 184
f 185 264 265
f 185 265 266
f 185 266 267
f 185 267 268
f 185 268 186
f 186 268 269
f 186 269 187
f 187 269 270
f 187 270 271
f 187 271 188
f 188 271 272
f 188 272 189
f 189 272 273
f 189 273 274
f 189 274 197
f 191 196 275
f 191 275 193
f 191 193 192
f 193 275 276
f 193 276 277
f 193 277 278
f 193 278 279
f 193 279 280
f 193 280 194
f 194 280 281
f 194 281 282
f 194 282 199
f 195 198 196
f 196 198 275
f 197 274 273
f 197 273 283
f 197 283 284
f 197 284 285
f 197 285 198
f 198 286 275
f 198 285 287
f 198 287 286
f 199 282 288
f 199 288 289
f 199 289 290
f 199 290 203
f 199 203 202
f 199 202 200
f 200 202 201
f 203 290 291
f 203 291 292
f 203 292 293
f 203 293 204
f 204 293 210
f 204 210 294
f 204 294 205
f 205 294 206
f 206 210 207
f 206 294 210
f 208 211 295
f 208 295 411
f 208 411 296
f 209 296 297
f 209 297 298
f 209 298 299
f 209 299 212
f 210 293 211
f 211 293 300
f 211 300 301
f 211 301 295
f 212 299 302
f 212 302 214
f 212 214 213
f 214 302 215
f 215 302 303
f 215 303 216
f 216 303 217
f 217 304 305
f 217 305 306
f 217 306 307
f 217 307 218
f 217 303 308
f 217 308 304
f 218 307 309
f 218 309 219
f 219 309 231
f 220 245 310
f 220 310 221
f 221 310 222
f 222 311 312
f 222 312 313
f 222 313 223
f 222 310 311
f 223 313 314
f 223 314 224
f 224 315 225
f 224 314 315
f 225 315 226
f 226 229 228
f 226 315 229
f 227 228 229
f 229 315 316
f 229 316 317
f 229 317 318
f 231 319 232
f 231 309 320
f 231 320 321
f 231 321 319
f 232 322 323
f 232 323 324
f 232 324 234
f 232 234 233
f 232 319 325
f 232 325 326
f 232 326 322
f 234 324 235
f 235 237 236
f 235 324 237
f 237 324 327
f 237 327 328
f 237 328 329
f 237 329 238
f 238 330 239
f 238 329 331
f 238 331 332
f 238 332 333
f 238 333 330
f 239 330 333
f 239 333 334
f 239 334 335
f 239 335 240
f 240 335 241
f 241 335 336
f 241 336 337
f 241 337 243
f 242 244 248
f 243 337 338
f 243 338 244
f 244 339 248
f 244 338 340
f 244 340 341
f 244 341 342
f 244 342 339
f 245 247 343
f 245 343 344
f 245 344 345
f 245 345 310
f 246 248 346
f 246 346 347
f 246 347 348
f 246 348 343
f 246 343 247
f 248 339 346
f 249 318 435
f 249 435 349
f 249 349 350
f 249 350 351
f 249 351 250
f 250 352 353
f 250 353 255
f 250 255 354
f 250 354 251
f 250 351 352
f 251 354 355
f 251 355 252
f 252 355 356
f 252 356 255
f 252 255 253
f 253 255 254
f 255 356 354
f 255 353 357
f 255 357 358
f 255 358 256
f 256 358 257
f 257 358 359
f 257 359 360
f 257 360 258
f 258 360 361
f 258 361 260
f 258 260 259
f 260 362 363
f 260 363 261
f 260 361 362
f 261 363 262
f 262 363 362
f 262 362 361
f 262 361 364
f 262 364 365
f 262 365 366
f 262 366 367
f 262 367 368
f 262 368 369
f 262 369 263
f 263 369 370
f 263 370 264
f 264 370 371
f 264 371 265
f 265 372 266
f 265 371 373
f 265 373 374
f 265 374 375
f 265 375 376
f 265 376 377
f 265 377 372
f 266 372 267
f 267 372 377
f 267 377 378
f 267 378 268
f 268 378 379
f 268 379 269
f 269 379 380
f 269 380 381
f 269 381 382
f 269 382 270
f 270 382 271
f 271 382 383
f 271 383 384
f 271 384 272
f 272 384 273
f 273 284 283
f 273 384 284
f 275 286 276
f 276 286 385
f 276 385 277
f 277 385 386
f 277 386 387
f 277 387 278
f 278 280 279
f 278 387 388
f 278 388 389
f 278 389 288
f 278 288 281
f 278 281 280
f 281 288 282
f 284 384 390
f 284 390 391
f 284 391 285
f 285 391 392
f 285 392 287
f 286 287 393
f 286 393 385
f 287 394 395
f 287 395 393
f 287 392 396
f 287 396 397
f 287 397 394
f 288 398 290
f 288 290 289
f 288 389 398
f 290 398 291
f 291 398 399
f 291 399 400
f 291 400 401
f 291 401 402
f 291 402 403
f 291 403 404
f 291 404 405
f 291 405 406
f 291 406 292
f 292 407 293
f 292 406 407
f 293 408 300
f 293 407 408
f 295 409 410
f 295 410 544
f 295 544 411
f 295 301 412
f 295 412 413
f 295 413 409
f 296 411 297
f 297 414 415
f 297 415 416
f 297 416 298
f 297 411 414
f 298 417 302
f 298 302 299
f 298 416 308
f 298 308 417
f 300 408 418
f 300 418 301
f 301 418 412
f 302 417 303
f 303 417 308
f 304 308 416
f 304 416 419
f 304 419 420
f 304 420 421
f 304 421 309
f 304 309 305
f 305 309 307
f 305 307 306
f 309 421 422
f 309 422 423
f 309 423 320
f 310 345 424
f 310 424 425
f 310 425 426
f 310 426 311
f 311 426 312
f 312 426 427
f 312 427 428
f 312 428 317
f 312 317 429
f 312 429 430
f 312 430 315
f 312 315 314
f 312 314 313
f 315 430 431
f 315 431 316
f 316 431 429
f 316 429 317
f 317 432 433
f 317 433 318
f 317 428 432
f 318 433 434
f 318 434 435
f 319 326 325
f 319 321 326
f 320 423 321
f 321 423 326
f 322 436 437
f 322 437 438
f 322 438 323
f 322 326 436
f 323 438 327
f 323 327 324
f 326 439 440
f 326 440 436
f 326 423 439
f 327 438 441
f 327 441 328
f 328 441 442
f 328 442 443
f 328 443 444
f 328 444 445
f 328 445 446
f 328 446 329
f 329 446 447
f 329 447 331
f 331 447 448
f 331 448 449
f 331 449 333
f 331 333 332
f 333 449 334
f 334 449 335
f 335 449 450
f 335 450 451
f 335 451 336
f 336 451 337
f 337 451 452
f 337 452 453
f 337 453 454
f 337 454 338
f 338 454 340
f 339 342 455
f 339 455 456
f 339 456 346
f 340 457 341
f 340 454 458
f 340 458 459
f 340 459 460
f 340 460 457
f 341 457 342
f 342 461 455
f 342 457 460
f 342 460 462
f 342 462 463
f 342 463 464
f 342 464 461
f 343 465 345
f 343 345 344
f 343 348 466
f 343 466 467
f 343 467 465
f 345 465 424
f 346 456 468
f 346 468 347
f 347 469 470
f 347 470 465
f 347 465 467
f 347 467 466
f 347 466 348
f 347 468 471
f 347 471 472
f 347 472 473
f 347 473 469
f 349 474 475
f 349 475 476
f 349 476 477
f 349 477 478
f 349 478 479
f 349 479 480
f 349 480 481
f 349 481 482
f 349 482 350
f 349 435 576
f 349 576 474
f 350 482 352
f 350 352 351
f 352 482 480
f 352 480 483
f 352 483 353
f 353 483 484
f 353 484 357
f 354 356 355
f 357 484 485
f 357 485 486
f 357 486 358
f 358 486 359
f 359 487 360
f 359 486 488
f 359 488 364
f 359 364 489
f 359 489 487
f 360 487 489
f 360 489 361
f 361 489 364
f 364 488 365
f 365 490 491
f 365 491 492
f 365 492 366
f 365 488 493
f 365 493 494
f 365 494 495
f 365 495 490
f 366 492 496
f 366 496 497
f 366 497 367
f 367 497 368
f 368 497 369
f 369 497 498
f 369 498 370
f 370 498 373
f 370 373 371
f 373 498 499
f 373 499 500
f 373 500 375
f 373 375 374
f 375 500 501
f 375 501 502
f 375 502 503
f 375 503 504
f 375 504 505
f 375 505 506
f 375 506 377
f 375 377 376
f 377 506 378
f 378 506 507
f 378 507 508
f 378 508 379
f 379 508 380
f 380 508 509
f 380 509 381
f 381 509 510
f 381 510 382
f 382 510 383
f 383 510 511
f 383 511 512
f 383 512 384
f 384 512 513
f 384 513 514
f 384 514 390
f 385 393 395
f 385 395 515
f 385 515 516
f 385 516 517
f 385 517 518
f 385 518 386
f 386 518 517
f 386 517 519
f 386 519 387
f 387 519 520
f 387 520 521
f 387 521 522
f 387 522 523
f 387 523 401
f 387 401 400
f 387 400 399
f 387 399 389
f 387 389 388
f 389 399 398
f 390 514 391
f 391 514 524
f 391 524 392
f 392 524 525
f 392 525 396
f 394 515 395
f 394 397 515
f 396 525 397
f 397 525 526
f 397 526 527
f 397 527 528
f 397 528 529
f 397 529 530
f 397 530 531
f 397 531 532
f 397 532 515
f 401 523 533
f 401 533 534
f 401 534 535
f 401 535 402
f 402 535 403
f 403 535 536
f 403 536 404
f 404 536 537
f 404 537 405
f 405 538 407
f 405 407 406
f 405 537 538
f 407 538 408
f 408 538 418
f 409 413 539
f 409 539 540
f 409 540 410
f 410 540 541
f 410 541 542
f 410 542 543
f 410 543 712
f 410 712 544
f 411 544 545
f 411 545 546
f 411 546 547
f 411 547 414
f 412 418 539
f 412 539 413
f 414 547 548
f 414 548 415
f 415 548 549
f 415 549 416
f 416 549 550
f 416 550 419
f 418 538 539
f 419 550 551
f 419 551 420
f 420 551 552
f 420 552 553
f 420 553 554
f 420 554 555
f 420 555 556
f 420 556 557
f 420 557 558
f 420 558 559
f 420 559 421
f 421 559 423
f 421 423 422
f 423 559 439
f 424 560 425
f 424 465 561
f 424 561 560
f 425 562 426
f 425 560 561
f 425 561 470
f 425 470 563
f 425 563 562
f 426 562 427
f 427 564 565
f 427 565 428
f 427 562 564
f 428 565 566
f 428 566 432
f 429 431 430
f 432 567 433
f 432 566 567
f 433 567 434
f 434 567 568
f 434 568 435
f 435 568 569
f 435 569 570
f 435 570 571
f 435 571 572
f 435 572 573
f 435 573 574
f 435 574 575
f 435 575 576
f 436 577 578
f 436 578 579
f 436 579 580
f 436 580 437
f 436 440 439
f 436 439 558
f 436 558 557
f 436 557 581
f 436 581 582
f 436 582 577
f 437 580 583
f 437 583 584
f 437 584 438
f 438 584 583
f 438 583 585
f 438 585 586
f 438 586 442
f 438 442 441
f 439 559 558
f 442 586 443
f 443 586 444
f 444 587 588
f 444 588 589
f 444 589 590
f 444 590 591
f 444 591 592
f 444 592 593
f 444 593 445
f 444 586 587
f 445 593 446
f 446 593 594
f 446 594 447
f 447 595 448
f 447 594 595
f 448 595 449
f 449 595 596
f 449 596 450
f 450 596 597
f 450 597 598
f 450 598 451
f 451 598 452
f 452 598 453
f 453 598 599
f 453 599 600
f 453 600 454
f 454 600 458
f 455 461 456
f 456 461 601
f 456 601 468
f 458 600 602
f 458 602 459
f 459 602 460
f 460 602 462
f 461 603 601
f 461 464 463
f 461 463 604
f 461 604 605
f 461 605 603
f 462 602 463
f 463 602 606
f 463 606 607
f 463 607 608
f 463 608 609
f 463 609 604
f 465 470 561
f 468 601 610
f 468 610 471
f 469 473 611
f 469 611 612
f 469 612 613
f 469 613 614
f 469 614 615
f 469 615 616
f 469 616 563
f 469 563 470
f 471 610 472
f 472 610 473
f 473 610 617
f 473 617 611
f 474 576 575
f 474 575 475
f 475 618 619
f 475 619 620
f 475 620 476
f 475 575 735
f 475 735 618
f 476 620 621
f 476 621 477
f 477 621 622
f 477 622 478
f 478 622 623
f 478 623 624
f 478 624 479
f 479 624 480
f 480 624 625
f 480 625 626
f 480 626 483
f 480 482 481
f 483 626 484
f 484 626 485
f 485 626 627
f 485 627 628
f 485 628 486
f 486 628 629
f 486 629 630
f 486 630 631
f 486 631 632
f 486 632 494
f 486 494 493
f 486 493 488
f 490 495 633
f 490 633 634
f 490 634 635
f 490 635 636
f 490 636 637
f 490 637 638
f 490 638 496
f 490 496 491
f 491 496 492
f 494 634 633
f 494 633 495
f 494 632 639
f 494 639 634
f 496 640 641
f 496 641 642
f 496 642 643
f 496 643 497
f 496 638 640
f 497 643 498
f 498 643 644
f 498 644 499
f 499 644 645
f 499 645 646
f 499 646 647
f 499 647 648
f 499 648 500
f 500 648 501
f 501 648 649
f 501 649 650
f 501 650 651
f 501 651 652
f 501 652 653
f 501 653 654
f 501 654 655
f 501 655 504
f 501 504 502
f 502 504 503
f 504 656 505
f 504 655 653
f 504 653 657
f 504 657 658
f 504 658 659
f 504 659 660
f 504 660 656
f 505 656 661
f 505 661 506
f 506 661 507
f 507 661 662
f 507 662 663
f 507 663 664
f 507 664 509
f 507 509 508
f 509 664 665
f 509 665 510
f 510 665 666
f 510 666 511
f 511 666 667
f 511 667 512
f 512 667 513
f 513 667 668
f 513 668 669
f 513 669 670
f 513 670 671
f 513 671 514
f 514 671 524
f 515 532 672
f 515 672 516
f 516 672 517
f 517 672 673
f 517 673 674
f 517 674 519
f 519 674 675
f 519 675 676
f 519 676 677
f 519 677 522
f 519 522 521
f 519 521 520
f 522 677 678
f 522 678 679
f 522 679 533
f 522 533 680
f 522 680 523
f 523 680 533
f 524 671 670
f 524 670 525
f 525 670 681
f 525 681 526
f 526 681 682
f 526 682 527
f 527 683 684
f 527 684 529
f 527 529 528
f 527 682 685
f 527 685 686
f 527 686 687
f 527 687 688
f 527 688 689
f 527 689 683
f 529 690 691
f 529 691 692
f 529 692 693
f 529 693 673
f 529 673 694
f 529 694 531
f 529 531 530
f 529 684 695
f 529 695 696
f 529 696 690
f 531 694 532
f 532 694 672
f 533 679 534
f 534 679 697
f 534 697 536
f 534 536 698
f 534 698 535
f 535 698 536
f 536 697 895
f 536 895 699
f 536 699 537
f 537 699 700
f 537 700 701
f 537 701 538
f 538 701 702
f 538 702 703
f 538 703 540
f 538 540 539
f 540 703 704
f 540 704 705
f 540 705 706
f 540 706 541
f 541 706 707
f 541 707 542
f 542 707 708
f 542 708 543
f 543 709 710
f 543 710 711
f 543 711 933
f 543 933 712
f 543 708 709
f 544 712 713
f 544 713 714
f 544 714 715
f 544 715 545
f 545 715 716
f 545 716 546
f 546 716 717
f 546 717 547
f 547 717 548
f 548 717 549
f 549 717 550
f 550 717 552
f 550 552 551
f 552 717 718
f 552 718 553
f 553 719 554
f 553 718 719
f 554 719 720
f 554 720 555
f 555 720 581
f 555 581 556
f 556 581 557
f 562 721 722
f 562 722 723
f 562 723 724
f 562 724 564
f 562 563 616
f 562 616 615
f 562 615 725
f 562 725 721
f 564 724 726
f 564 726 727
f 564 727 565
f 565 727 566
f 566 727 567
f 567 569 568
f 567 727 570
f 567 570 569
f 570 727 728
f 570 728 729
f 570 729 571
f 571 729 572
f 572 730 573
f 572 729 731
f 572 731 730
f 573 732 574
f 573 730 732
f 574 732 733
f 574 733 575
f 575 733 734
f 575 734 735
f 577 736 580
f 577 580 578
f 577 582 737
f 577 737 738
f 577 738 739
f 577 739 740
f 577 740 736
f 578 580 579
f 580 741 742
f 580 742 743
f 580 743 583
f 580 736 741
f 581 744 738
f 581 738 582
f 581 720 744
f 582 738 737
f 583 743 745
f 583 745 746
f 583 746 585
f 585 746 586
f 586 746 587
f 587 747 589
f 587 589 588
f 587 746 748
f 587 748 747
f 589 749 750
f 589 750 751
f 589 751 752
f 589 752 753
f 589 753 591
f 589 591 590
f 589 747 754
f 589 754 749
f 591 755 592
f 591 753 756
f 591 756 757
f 591 757 758
f 591 758 755
f 592 755 759
f 592 759 593
f 593 760 594
f 593 759 760
f 594 760 761
f 594 761 595
f 595 761 762
f 595 762 596
f 596 762 760
f 596 760 763
f 596 763 764
f 596 764 765
f 596 765 597
f 597 765 599
f 597 599 598
f 599 765 766
f 599 766 767
f 599 767 768
f 599 768 600
f 600 768 769
f 600 769 602
f 601 603 770
f 601 770 771
f 601 771 610
f 602 769 772
f 602 772 606
f 603 773 774
f 603 774 775
f 603 775 770
f 603 605 773
f 604 609 605
f 605 774 776
f 605 776 773
f 605 609 774
f 606 772 777
f 606 777 778
f 606 778 607
f 607 778 608
f 608 778 609
f 609 779 780
f 609 780 781
f 609 781 774
f 609 778 782
f 609 782 783
f 609 783 784
f 609 784 785
f 609 785 786
f 609 786 779
f 610 771 617
f 611 617 612
f 612 617 613
f 613 787 788
f 613 788 789
f 613 789 790
f 613 790 791
f 613 791 792
f 613 792 614
f 613 617 787
f 614 792 615
f 615 792 791
f 615 791 793
f 615 793 725
f 617 771 794
f 617 794 795
f 617 795 796
f 617 796 787
f 618 797 1067
f 618 1067 798
f 618 798 799
f 618 799 800
f 618 800 801
f 618 801 802
f 618 802 803
f 618 803 804
f 618 804 805
f 618 805 806
f 618 806 807
f 618 807 808
f 618 808 809
f 618 809 810
f 618 810 811
f 618 811 812
f 618 812 813
f 618 813 814
f 618 814 815
f 618 815 816
f 618 816 817
f 618 817 818
f 618 818 819
f 618 819 820
f 618 820 821
f 618 821 822
f 618 822 823
f 618 823 824
f 618 824 825
f 618 825 826
f 618 826 827
f 618 827 828
f 618 828 829
f 618 829 830
f 618 830 831
f 618 831 832
f 618 832 619
f 618 735 991
f 618 991 1225
f 618 1225 1451
f 618 1451 1450
f 618 1450 1644
f 618 1644 1838
f 618 1838 2035
f 618 2035 2215
f 618 2215 2216
f 618 2216 2384
f 618 2384 2564
f 618 2564 2563
f 618 2563 2562
f 618 2562 2746
f 618 2746 2912
f 618 2912 2911
f 618 2911 3061
f 618 3061 3060
f 618 3060 3059
f 618 3059 3208
f 618 3208 3351
f 618 3351 3512
f 618 3512 3666
f 618 3666 3828
f 618 3828 3992
f 618 3992 4139
f 618 4139 4295
f 618 4295 4452
f 618 4452 4624
f 618 4624 4771
f 618 4771 4700
f 618 4700 4699
f 618 4699 4529
f 618 4529 4359
f 618 4359 4358
f 618 4358 4197
f 618 4197 4196
f 618 4196 4052
f 618 4052 3897
f 618 3897 3732
f 618 3732 3731
f 618 3731 3730
f 618 3730 3574
f 618 3574 3430
f 618 3430 3283
f 618 3283 3131
f 618 3131 2982
f 618 2982 2981
f 618 2981 2823
f 618 2823 2822
f 618 2822 2631
f 618 2631 2630
f 618 2630 2454
f 618 2454 2450
f 618 2450 2449
f 618 2449 2448
f 618 2448 2279
f 618 2279 2098
f 618 2098 1925
f 618 1925 1711
f 618 1711 1514
f 618 1514 1291
f 618 1291 1068
f 618 1068 797
f 619 832 620
f 620 832 831
f 620 831 622
f 620 622 621
f 622 831 623
f 623 830 833
f 623 833 834
f 623 834 625
f 623 625 624
f 623 831 830
f 625 834 835
f 625 835 627
f 625 627 626
f 627 836 837
f 627 837 838
f 627 838 839
f 627 839 840
f 627 840 628
f 627 835 836
f 628 840 630
f 628 630 629
f 630 840 841
f 630 841 631
f 631 841 639
f 631 639 632
f 634 639 841
f 634 841 635
f 635 841 842
f 635 842 636
f 636 842 843
f 636 843 844
f 636 844 825
f 636 825 845
f 636 845 824
f 636 824 823
f 636 823 846
f 636 846 847
f 636 847 638
f 636 638 637
f 638 847 848
f 638 848 849
f 638 849 850
f 638 850 851
f 638 851 852
f 638 852 640
f 640 852 853
f 640 853 854
f 640 854 641
f 641 854 855
f 641 855 856
f 641 856 650
f 641 650 642
f 642 857 643
f 642 650 857
f 643 857 645
f 643 645 644
f 645 857 650
f 645 650 646
f 646 650 649
f 646 649 647
f 647 649 648
f 650 855 651
f 650 856 855
f 651 858 652
f 651 855 859
f 651 859 858
f 652 858 860
f 652 860 861
f 652 861 862
f 652 862 863
f 652 863 653
f 653 863 864
f 653 864 865
f 653 865 866
f 653 866 657
f 653 655 654
f 656 867 661
f 656 660 867
f 657 866 868
f 657 868 658
f 658 869 659
f 658 868 870
f 658 870 871
f 658 871 869
f 659 869 660
f 660 869 872
f 660 872 873
f 660 873 867
f 661 867 662
f 662 867 874
f 662 874 663
f 663 874 875
f 663 875 876
f 663 876 665
f 663 665 664
f 665 876 666
f 666 668 667
f 666 876 877
f 666 877 668
f 668 877 669
f 669 877 670
f 670 877 878
f 670 878 681
f 672 694 673
f 673 693 674
f 674 693 675
f 675 879 676
f 675 693 691
f 675 691 879
f 676 879 880
f 676 880 677
f 677 881 882
f 677 882 883
f 677 883 884
f 677 884 885
f 677 885 886
f 677 886 887
f 677 887 678
f 677 880 881
f 678 888 889
f 678 889 890
f 678 890 891
f 678 891 892
f 678 892 893
f 678 893 894
f 678 894 895
f 678 895 896
f 678 896 679
f 678 887 897
f 678 897 888
f 679 896 697
f 681 878 898
f 681 898 682
f 682 898 899
f 682 899 685
f 683 695 684
f 683 689 695
f 685 899 900
f 685 900 686
f 686 900 901
f 686 901 688
f 686 688 687
f 688 901 902
f 688 902 903
f 688 903 904
f 688 904 689
f 689 904 905
f 689 905 906
f 689 906 907
f 689 907 908
f 689 908 695
f 690 696 909
f 690 909 691
f 691 909 910
f 691 910 911
f 691 911 912
f 691 912 913
f 691 913 879
f 691 693 692
f 695 908 914
f 695 914 696
f 696 914 915
f 696 915 909
f 697 896 895
f 699 895 916
f 699 916 700
f 700 917 918
f 700 918 701
f 700 916 894
f 700 894 919
f 700 919 917
f 701 918 702
f 702 920 921
f 702 921 922
f 702 922 923
f 702 923 924
f 702 924 925
f 702 925 704
f 702 704 703
f 702 918 920
f 704 925 705
f 705 926 927
f 705 927 707
f 705 707 706
f 705 925 926
f 707 927 708
f 708 927 928
f 708 928 929
f 708 929 709
f 709 929 930
f 709 930 710
f 710 930 711
f 711 930 931
f 711 931 932
f 711 932 1176
f 711 1176 933
f 712 933 934
f 712 934 935
f 712 935 936
f 712 936 713
f 713 936 937
f 713 937 714
f 714 937 938
f 714 938 715
f 715 938 939
f 715 939 940
f 715 940 941
f 715 941 717
f 715 717 716
f 717 942 943
f 717 943 718
f 717 941 942
f 718 943 944
f 718 944 945
f 718 945 719
f 719 945 1001
f 719 1001 946
f 719 946 744
f 719 744 947
f 719 947 720
f 720 947 744
f 721 725 793
f 721 793 948
f 721 948 722
f 722 949 724
f 722 724 723
f 722 948 949
f 724 949 726
f 726 950 951
f 726 951 728
f 726 728 727
f 726 949 952
f 726 952 953
f 726 953 954
f 726 954 950
f 728 951 955
f 728 955 731
f 728 731 729
f 730 731 956
f 730 956 733
f 730 733 732
f 731 955 957
f 731 957 956
f 733 956 734
f 734 956 735
f 735 956 958
f 735 958 959
f 735 959 960
f 735 960 961
f 735 961 962
f 735 962 963
f 735 963 964
f 735 964 965
f 735 965 966
f 735 966 967
f 735 967 968
f 735 968 969
f 735 969 970
f 735 970 971
f 735 971 972
f 735 972 973
f 735 973 974
f 735 974 975
f 735 975 976
f 735 976 977
f 735 977 978
f 735 978 979
f 735 979 980
f 735 980 981
f 735 981 982
f 735 982 983
f 735 983 984
f 735 984 985
f 735 985 986
f 735 986 987
f 735 987 988
f 735 988 989
f 735 989 990
f 735 990 1217
f 735 1217 991
f 736 740 992
f 736 992 993
f 736 993 994
f 736 994 995
f 736 995 996
f 736 996 997
f 736 997 998
f 736 998 999
f 736 999 741
f 738 744 739
f 739 744 946
f 739 946 1000
f 739 1000 740
f 740 1000 1001
f 740 1001 1002
f 740 1002 1003
f 740 1003 1004
f 740 1004 1005
f 740 1005 1006
f 740 1006 1007
f 740 1007 1008
f 740 1008 1009
f 740 1009 992
f 741 999 1010
f 741 1010 1011
f 741 1011 742
f 742 1011 1012
f 742 1012 749
f 742 749 747
f 742 747 743
f 743 747 745
f 745 748 746
f 745 747 748
f 747 749 754
f 749 1013 1014
f 749 1014 750
f 749 1012 1015
f 749 1015 1016
f 749 1016 1013
f 750 1014 1017
f 750 1017 1018
f 750 1018 1019
f 750 1019 751
f 751 753 752
f 751 1019 1020
f 751 1020 753
f 753 1020 756
f 755 1021 759
f 755 758 1022
f 755 1022 1021
f 756 1020 1023
f 756 1023 1024
f 756 1024 757
f 757 1025 758
f 757 1024 1026
f 757 1026 1027
f 757 1027 1025
f 758 1025 1022
f 759 1021 1028
f 759 1028 760
f 760 1028 1029
f 760 1029 763
f 760 762 761
f 763 1029 764
f 764 1029 766
f 764 766 765
f 766 1029 1030
f 766 1030 1031
f 766 1031 1032
f 766 1032 767
f 767 1032 1033
f 767 1033 1034
f 767 1034 1035
f 767 1035 769
f 767 769 768
f 769 1035 772
f 770 775 771
f 771 775 1036
f 771 1036 794
f 772 1035 1034
f 772 1034 777
f 773 776 774
f 774 781 775
f 775 781 1036
f 777 1034 1037
f 777 1037 1038
f 777 1038 1039
f 777 1039 778
f 778 1039 1040
f 778 1040 1041
f 778 1041 782
f 779 786 1042
f 779 1042 1043
f 779 1043 1044
f 779 1044 1045
f 779 1045 1046
f 779 1046 780
f 780 1046 795
f 780 795 781
f 781 795 794
f 781 794 1036
f 782 1041 784
f 782 784 783
f 784 1041 1047
f 784 1047 1048
f 784 1048 785
f 785 1048 1049
f 785 1049 1042
f 785 1042 786
f 787 1050 789
f 787 789 788
f 787 796 1051
f 787 1051 1052
f 787 1052 1053
f 787 1053 1054
f 787 1054 1055
f 787 1055 1050
f 789 1050 1056
f 789 1056 966
f 789 966 965
f 789 965 964
f 789 964 1057
f 789 1057 1058
f 789 1058 1059
f 789 1059 1060
f 789 1060 790
f 790 1060 948
f 790 948 791
f 791 948 793
f 795 1046 1061
f 795 1061 796
f 796 1061 1062
f 796 1062 1051
f 797 1063 1064
f 797 1064 1065
f 797 1065 1066
f 797 1066 1067
f 797 1068 1069
f 797 1069 1063
f 798 1067 1290
f 798 1290 1070
f 798 1070 1071
f 798 1071 1072
f 798 1072 1073
f 798 1073 800
f 798 800 799
f 800 1074 801
f 800 1073 1075
f 800 1075 1074
f 801 1074 802
f 802 1076 803
f 802 1074 1077
f 802 1077 1078
f 802 1078 1076
f 803 1076 804
f 804 1076 805
f 805 1079 1080
f 805 1080 806
f 805 1076 1081
f 805 1081 1079
f 806 1080 807
f 807 1080 1082
f 807 1082 808
f 808 1082 1083
f 808 1083 809
f 809 1083 1084
f 809 1084 1085
f 809 1085 810
f 810 1085 811
f 811 1085 812
f 812 1085 1084
f 812 1084 1086
f 812 1086 813
f 813 1086 1087
f 813 1087 1088
f 813 1088 814
f 814 1088 815
f 815 1088 1089
f 815 1089 1090
f 815 1090 816
f 816 1090 817
f 817 1090 818
f 818 1090 819
f 819 1090 1091
f 819 1091 820
f 820 1091 1092
f 820 1092 1093
f 820 1093 821
f 821 1093 822
f 822 1093 823
f 823 1093 846
f 824 845 825
f 825 844 826
f 826 844 1094
f 826 1094 827
f 827 1094 836
f 827 836 835
f 827 835 828
f 828 835 829
f 829 835 834
f 829 834 833
f 829 833 830
f 836 1094 837
f 837 1094 843
f 837 843 838
f 838 840 839
f 838 843 842
f 838 842 1095
f 838 1095 840
f 840 1095 841
f 841 1095 842
f 843 1094 844
f 846 1093 847
f 847 1093 848
f 848 1092 1089
f 848 1089 1096
f 848 1096 849
f 848 1093 1092
f 849 1096 1089
f 849 1089 850
f 850 1089 1097
f 850 1097 1098
f 850 1098 852
f 850 852 851
f 852 1098 1099
f 852 1099 853
f 853 1099 855
f 853 855 854
f 855 1099 1098
f 855 1098 859
f 858 859 1100
f 858 1100 860
f 859 1098 1097
f 859 1097 1101
f 859 1101 1102
f 859 1102 1103
f 859 1103 1100
f 860 1100 861
f 861 1104 862
f 861 1100 1104
f 862 1104 863
f 863 1104 1105
f 863 1105 1106
f 863 1106 1107
f 863 1107 865
f 863 865 864
f 865 1107 1108
f 865 1108 1109
f 865 1109 866
f 866 870 868
f 866 1109 870
f 867 873 874
f 869 871 872
f 870 1110 871
f 870 1109 1110
f 871 1110 1111
f 871 1111 1112
f 871 1112 1113
f 871 1113 872
f 872 1113 1112
f 872 1112 873
f 873 1114 1115
f 873 1115 874
f 873 1112 1114
f 874 1115 1117
f 874 1117 875
f 875 1116 876
f 875 1117 1116
f 876 1116 1118
f 876 1118 877
f 877 1118 1119
f 877 1119 898
f 877 898 878
f 879 913 880
f 880 913 912
f 880 912 1120
f 880 1120 882
f 880 882 881
f 882 1121 1122
f 882 1122 884
f 882 884 883
f 882 1120 1121
f 884 1122 885
f 885 1122 1123
f 885 1123 1124
f 885 1124 897
f 885 897 886
f 886 897 887
f 888 897 889
f 889 1125 1126
f 889 1126 1127
f 889 1127 890
f 889 897 1124
f 889 1124 1123
f 889 1123 1128
f 889 1128 1125
f 890 1129 1130
f 890 1130 1131
f 890 1131 1132
f 890 1132 1133
f 890 1133 891
f 890 1127 1134
f 890 1134 1129
f 891 1135 893
f 891 893 892
f 891 1133 1135
f 893 1135 919
f 893 919 894
f 894 916 895
f 898 1119 1136
f 898 1136 899
f 899 1136 900
f 900 1136 1137
f 900 1137 901
f 901 1138 902
f 901 1137 1138
f 902 1138 1139
f 902 1139 1140
f 902 1140 903
f 903 1140 1141
f 903 1141 1142
f 903 1142 904
f 904 1142 1143
f 904 1143 905
f 905 1144 1145
f 905 1145 1146
f 905 1146 906
f 905 1143 1144
f 906 1146 907
f 907 1146 915
f 907 915 914
f 907 914 908
f 909 915 1147
f 909 1147 910
f 910 1147 911
f 911 1148 912
f 911 1147 1148
f 912 1149 1150
f 912 1150 1122
f 912 1122 1121
f 912 1121 1120
f 912 1148 1149
f 915 1146 1145
f 915 1145 1151
f 915 1151 1152
f 915 1152 1153
f 915 1153 1154
f 915 1154 1155
f 915 1155 1147
f 917 1156 921
f 917 921 920
f 917 920 918
f 917 919 1135
f 917 1135 1132
f 917 1132 1157
f 917 1157 1156
f 921 1158 1159
f 921 1159 922
f 921 1156 1160
f 921 1160 1161
f 921 1161 1162
f 921 1162 1163
f 921 1163 1164
f 921 1164 1165
f 921 1165 1166
f 921 1166 1158
f 922 1159 923
f 923 1159 924
f 924 1167 926
f 924 926 925
f 924 1159 1167
f 926 1167 1168
f 926 1168 927
f 927 1168 1169
f 927 1169 928
f 928 1169 930
f 928 930 929
f 930 1169 1170
f 930 1170 931
f 931 1170 1171
f 931 1171 1172
f 931 1172 1173
f 931 1173 932
f 932 1173 1174
f 932 1174 1175
f 932 1175 1394
f 932 1394 1176
f 933 1176 1177
f 933 1177 1178
f 933 1178 934
f 934 1178 935
f 935 1178 1179
f 935 1179 936
f 936 1180 1181
f 936 1181 937
f 936 1179 1180
f 937 1181 939
f 937 939 938
f 939 1182 1183
f 939 1183 940
f 939 1181 1182
f 940 942 941
f 940 1183 942
f 942 1183 1184
f 942 1184 1185
f 942 1185 1186
f 942 1186 1187
f 942 1187 1188
f 942 1188 1189
f 942 1189 943
f 943 1189 944
f 944 1189 1190
f 944 1190 1191
f 944 1191 1002
f 944 1002 1192
f 944 1192 945
f 945 1192 1001
f 946 1001 1000
f 948 1060 1193
f 948 1193 949
f 949 953 952
f 949 1193 953
f 950 961 951
f 950 954 1194
f 950 1194 962
f 950 962 961
f 951 961 960
f 951 960 959
f 951 959 955
f 953 1193 1060
f 953 1060 1059
f 953 1059 954
f 954 1059 1194
f 955 959 957
f 956 957 958
f 957 959 958
f 962 1194 963
f 963 1194 1058
f 963 1058 1057
f 963 1057 964
f 966 1056 1195
f 966 1195 967
f 967 1195 968
f 968 1195 1196
f 968 1196 1197
f 968 1197 969
f 969 1197 970
f 970 1197 1198
f 970 1198 971
f 971 1198 972
f 972 1198 973
f 973 1198 974
f 974 1198 1199
f 974 1199 1200
f 974 1200 975
f 975 1200 976
f 976 1201 1202
f 976 1202 977
f 976 1200 1201
f 977 1202 1203
f 977 1203 978
f 978 1203 1204
f 978 1204 979
f 979 1204 1205
f 979 1205 1206
f 979 1206 980
f 980 1206 1207
f 980 1207 981
f 981 1207 982
f 982 1207 1208
f 982 1208 1209
f 982 1209 983
f 983 1209 1210
f 983 1210 1211
f 983 1211 984
f 984 1211 985
f 985 1211 1212
f 985 1212 986
f 986 1212 987
f 987 1213 1214
f 987 1214 988
f 987 1212 1213
f 988 1214 1215
f 988 1215 989
f 989 1215 990
f 990 1216 1436
f 990 1436 1217
f 990 1215 1218
f 990 1218 1219
f 990 1219 1220
f 990 1220 1216
f 991 1217 1221
f 991 1221 1222
f 991 1222 1223
f 991 1223 1224
f 991 1224 1225
f 992 1009 993
f 993 1009 994
f 994 1226 1227
f 994 1227 995
f 994 1009 1228
f 994 1228 1226
f 995 1227 997
f 995 997 996
f 997 1227 1229
f 997 1229 1230
f 997 1230 1010
f 997 1010 998
f 998 1010 999
f 1001 1192 1002
f 1002 1191 1003
f 1003 1191 1231
f 1003 1231 1005
f 1003 1005 1004
f 1005 1231 1232
f 1005 1232 1006
f 1006 1232 1233
f 1006 1233 1234
f 1006 1234 1235
f 1006 1235 1236
f 1006 1236 1237
f 1006 1237 1238
f 1006 1238 1007
f 1007 1228 1009
f 1007 1009 1008
f 1007 1238 1239
f 1007 1239 1240
f 1007 1240 1241
f 1007 1241 1226
f 1007 1226 1228
f 1010 1230 1016
f 1010 1016 1015
f 1010 1015 1011
f 1011 1015 1012
f 1013 1016 1242
f 1013 1242 1243
f 1013 1243 1014
f 1014 1243 1244
f 1014 1244 1245
f 1014 1245 1017
f 1016 1230 1229
f 1016 1229 1227
f 1016 1227 1246
f 1016 1246 1247
f 1016 1247 1248
f 1016 1248 1242
f 1017 1245 1018
f 1018 1245 1249
f 1018 1249 1019
f 1019 1249 1020
f 1020 1249 1250
f 1020 1250 1023
f 1021 1030 1029
f 1021 1029 1028
f 1021 1022 1251
f 1021 1251 1030
f 1022 1025 1252
f 1022 1252 1253
f 1022 1253 1251
f 1023 1254 1255
f 1023 1255 1026
f 1023 1026 1024
f 1023 1250 1256
f 1023 1256 1257
f 1023 1257 1254
f 1025 1027 1252
f 1026 1255 1258
f 1026 1258 1259
f 1026 1259 1027
f 1027 1259 1260
f 1027 1260 1261
f 1027 1261 1252
f 1030 1251 1262
f 1030 1262 1263
f 1030 1263 1264
f 1030 1264 1031
f 1031 1264 1265
f 1031 1265 1032
f 1032 1265 1266
f 1032 1266 1033
f 1033 1266 1267
f 1033 1267 1034
f 1034 1267 1037
f 1037 1268 1039
f 1037 1039 1038
f 1037 1267 1269
f 1037 1269 1270
f 1037 1270 1271
f 1037 1271 1268
f 1039 1268 1040
f 1040 1268 1272
f 1040 1272 1273
f 1040 1273 1041
f 1041 1273 1274
f 1041 1274 1047
f 1042 1049 1275
f 1042 1275 1276
f 1042 1276 1043
f 1043 1277 1044
f 1043 1276 1277
f 1044 1278 1279
f 1044 1279 1280
f 1044 1280 1281
f 1044 1281 1282
f 1044 1282 1045
f 1044 1277 1278
f 1045 1282 1061
f 1045 1061 1046
f 1047 1283 1284
f 1047 1284 1049
f 1047 1049 1048
f 1047 1274 1285
f 1047 1285 1283
f 1049 1284 1275
f 1050 1055 1195
f 1050 1195 1056
f 1051 1053 1052
f 1051 1062 1282
f 1051 1282 1281
f 1051 1281 1053
f 1053 1286 1199
f 1053 1199 1054
f 1053 1281 1286
f 1054 1199 1055
f 1055 1199 1196
f 1055 1196 1195
f 1058 1194 1059
f 1061 1282 1062
f 1063 1287 1064
f 1063 1069 1288
f 1063 1288 1287
f 1064 1287 1065
f 1065 1287 1066
f 1066 1287 1289
f 1066 1289 1290
f 1066 1290 1067
f 1068 1291 1069
f 1069 1292 1288
f 1069 1291 1292
f 1070 1293 1294
f 1070 1294 1295
f 1070 1295 1296
f 1070 1296 1071
f 1070 1290 1513
f 1070 1513 1297
f 1070 1297 1298
f 1070 1298 1299
f 1070 1299 1293
f 1071 1296 1075
f 1071 1075 1073
f 1071 1073 1072
f 1074 1075 1295
f 1074 1295 1077
f 1075 1296 1295
f 1076 1078 1300
f 1076 1300 1081
f 1077 1295 1300
f 1077 1300 1078
f 1079 1081 1301
f 1079 1301 1080
f 1080 1302 1082
f 1080 1301 1302
f 1081 1300 1303
f 1081 1303 1304
f 1081 1304 1301
f 1082 1302 1083
f 1083 1302 1305
f 1083 1305 1306
f 1083 1306 1307
f 1083 1307 1308
f 1083 1308 1309
f 1083 1309 1310
f 1083 1310 1311
f 1083 1311 1084
f 1084 1311 1312
f 1084 1312 1313
f 1084 1313 1314
f 1084 1314 1086
f 1086 1314 1087
f 1087 1101 1315
f 1087 1315 1316
f 1087 1316 1088
f 1087 1314 1313
f 1087 1313 1317
f 1087 1317 1102
f 1087 1102 1101
f 1088 1316 1089
f 1089 1316 1315
f 1089 1315 1101
f 1089 1101 1097
f 1089 1092 1091
f 1089 1091 1318
f 1089 1318 1090
f 1090 1318 1091
f 1100 1103 1102
f 1100 1102 1319
f 1100 1319 1310
f 1100 1310 1320
f 1100 1320 1104
f 1102 1317 1319
f 1104 1320 1308
f 1104 1308 1321
f 1104 1321 1105
f 1105 1321 1322
f 1105 1322 1108
f 1105 1108 1106
f 1106 1108 1107
f 1108 1323 1324
f 1108 1324 1109
f 1108 1322 1325
f 1108 1325 1323
f 1109 1324 1326
f 1109 1326 1327
f 1109 1327 1110
f 1110 1327 1328
f 1110 1328 1329
f 1110 1329 1111
f 1111 1329 1330
f 1111 1330 1112
f 1112 1330 1331
f 1112 1331 1332
f 1112 1332 1114
f 1114 1117 1115
f 1114 1332 1331
f 1114 1331 1117
f 1116 1117 1333
f 1116 1333 1118
f 1117 1331 1333
f 1118 1334 1335
f 1118 1335 1137
f 1118 1137 1119
f 1118 1333 1334
f 1119 1137 1336
f 1119 1336 1136
f 1122 1150 1337
f 1122 1337 1338
f 1122 1338 1339
f 1122 1339 1340
f 1122 1340 1123
f 1123 1340 1128
f 1125 1341 1127
f 1125 1127 1126
f 1125 1128 1342
f 1125 1342 1343
f 1125 1343 1341
f 1127 1341 1134
f 1128 1340 1342
f 1129 1344 1345
f 1129 1345 1346
f 1129 1346 1347
f 1129 1347 1348
f 1129 1348 1130
f 1129 1134 1349
f 1129 1349 1344
f 1130 1347 1350
f 1130 1350 1351
f 1130 1351 1352
f 1130 1352 1131
f 1130 1348 1347
f 1131 1352 1163
f 1131 1163 1162
f 1131 1162 1161
f 1131 1161 1132
f 1132 1135 1133
f 1132 1161 1160
f 1132 1160 1157
f 1134 1341 1349
f 1136 1336 1137
f 1137 1335 1353
f 1137 1353 1138
f 1138 1354 1139
f 1138 1353 1354
f 1139 1354 1355
f 1139 1355 1356
f 1139 1356 1357
f 1139 1357 1358
f 1139 1358 1359
f 1139 1359 1360
f 1139 1360 1361
f 1139 1361 1362
f 1139 1362 1363
f 1139 1363 1140
f 1140 1363 1141
f 1141 1364 1142
f 1141 1363 1365
f 1141 1365 1366
f 1141 1366 1367
f 1141 1367 1364
f 1142 1364 1367
f 1142 1367 1368
f 1142 1368 1369
f 1142 1369 1143
f 1143 1370 1371
f 1143 1371 1144
f 1143 1369 1372
f 1143 1372 1370
f 1144 1371 1370
f 1144 1370 1373
f 1144 1373 1374
f 1144 1374 1145
f 1145 1374 1375
f 1145 1375 1376
f 1145 1376 1377
f 1145 1377 1153
f 1145 1153 1152
f 1145 1152 1151
f 1147 1155 1378
f 1147 1378 1148
f 1148 1378 1149
f 1149 1337 1150
f 1149 1378 1379
f 1149 1379 1380
f 1149 1380 1381
f 1149 1381 1337
f 1153 1377 1382
f 1153 1382 1383
f 1153 1383 1384
f 1153 1384 1385
f 1153 1385 1380
f 1153 1380 1154
f 1154 1380 1378
f 1154 1378 1155
f 1156 1157 1160
f 1158 1386 1387
f 1158 1387 1388
f 1158 1388 1159
f 1158 1166 1386
f 1159 1388 1167
f 1163 1352 1165
f 1163 1165 1164
f 1165 1389 1166
f 1165 1352 1390
f 1165 1390 1391
f 1165 1391 1389
f 1166 1389 1387
f 1166 1387 1386
f 1167 1388 1172
f 1167 1172 1168
f 1168 1172 1169
f 1169 1172 1170
f 1170 1172 1171
f 1172 1174 1173
f 1172 1388 1174
f 1174 1392 1393
f 1174 1393 1175
f 1174 1388 1392
f 1175 1393 1605
f 1175 1605 1394
f 1176 1394 1395
f 1176 1395 1396
f 1176 1396 1177
f 1177 1396 1397
f 1177 1397 1398
f 1177 1398 1399
f 1177 1399 1178
f 1178 1399 1400
f 1178 1400 1180
f 1178 1180 1179
f 1180 1400 1181
f 1181 1401 1182
f 1181 1400 1401
f 1182 1402 1184
f 1182 1184 1183
f 1182 1401 1402
f 1184 1403 1185
f 1184 1402 1403
f 1185 1403 1186
f 1186 1403 1187
f 1187 1403 1404
f 1187 1404 1405
f 1187 1405 1406
f 1187 1406 1407
f 1187 1407 1408
f 1187 1408 1409
f 1187 1409 1410
f 1187 1410 1411
f 1187 1411 1412
f 1187 1412 1190
f 1187 1190 1188
f 1188 1190 1189
f 1190 1412 1413
f 1190 1413 1231
f 1190 1231 1191
f 1196 1199 1197
f 1197 1199 1414
f 1197 1414 1198
f 1198 1414 1199
f 1199 1286 1280
f 1199 1280 1415
f 1199 1415 1416
f 1199 1416 1200
f 1200 1416 1201
f 1201 1416 1415
f 1201 1415 1280
f 1201 1280 1279
f 1201 1279 1417
f 1201 1417 1418
f 1201 1418 1419
f 1201 1419 1420
f 1201 1420 1202
f 1202 1420 1203
f 1203 1420 1204
f 1204 1419 1418
f 1204 1418 1421
f 1204 1421 1205
f 1204 1420 1419
f 1205 1421 1206
f 1206 1421 1422
f 1206 1422 1423
f 1206 1423 1424
f 1206 1424 1425
f 1206 1425 1426
f 1206 1426 1207
f 1207 1426 1208
f 1208 1426 1209
f 1209 1426 1427
f 1209 1427 1428
f 1209 1428 1429
f 1209 1429 1210
f 1210 1429 1430
f 1210 1430 1431
f 1210 1431 1211
f 1211 1431 1432
f 1211 1432 1212
f 1212 1432 1213
f 1213 1431 1433
f 1213 1433 1215
f 1213 1215 1214
f 1213 1432 1431
f 1215 1434 1435
f 1215 1435 1218
f 1215 1433 1434
f 1216 1220 1441
f 1216 1441 1436
f 1217 1436 1221
f 1218 1435 1219
f 1219 1435 1220
f 1220 1437 1438
f 1220 1438 1439
f 1220 1439 1440
f 1220 1440 1441
f 1220 1435 1434
f 1220 1434 1442
f 1220 1442 1443
f 1220 1443 1444
f 1220 1444 1445
f 1220 1445 1437
f 1221 1436 1441
f 1221 1441 1446
f 1221 1446 1222
f 1222 1447 1223
f 1222 1446 1447
f 1223 1447 1224
f 1224 1448 1449
f 1224 1449 1450
f 1224 1450 1451
f 1224 1451 1225
f 1224 1447 1452
f 1224 1452 1448
f 1226 1241 1453
f 1226 1453 1227
f 1227 1453 1454
f 1227 1454 1455
f 1227 1455 1456
f 1227 1456 1246
f 1231 1413 1232
f 1232 1413 1233
f 1233 1410 1234
f 1233 1413 1457
f 1233 1457 1411
f 1233 1411 1410
f 1234 1410 1409
f 1234 1409 1408
f 1234 1408 1458
f 1234 1458 1235
f 1235 1458 1459
f 1235 1459 1460
f 1235 1460 1461
f 1235 1461 1462
f 1235 1462 1236
f 1236 1462 1461
f 1236 1461 1463
f 1236 1463 1464
f 1236 1464 1465
f 1236 1465 1466
f 1236 1466 1237
f 1237 1466 1467
f 1237 1467 1238
f 1238 1467 1240
f 1238 1240 1239
f 1240 1467 1468
f 1240 1468 1469
f 1240 1469 1241
f 1241 1469 1453
f 1242 1470 1243
f 1242 1248 1470
f 1243 1471 1244
f 1243 1470 1471
f 1244 1472 1473
f 1244 1473 1245
f 1244 1471 1472
f 1245 1473 1474
f 1245 1474 1475
f 1245 1475 1476
f 1245 1476 1256
f 1245 1256 1249
f 1246 1456 1247
f 1247 1477 1478
f 1247 1478 1470
f 1247 1470 1248
f 1247 1456 1479
f 1247 1479 1480
f 1247 1480 1477
f 1249 1256 1250
f 1251 1253 1262
f 1252 1261 1253
f 1253 1261 1481
f 1253 1481 1262
f 1254 1257 1476
f 1254 1476 1482
f 1254 1482 1483
f 1254 1483 1484
f 1254 1484 1485
f 1254 1485 1486
f 1254 1486 1255
f 1255 1486 1258
f 1256 1476 1257
f 1258 1486 1487
f 1258 1487 1488
f 1258 1488 1259
f 1259 1488 1260
f 1260 1488 1489
f 1260 1489 1490
f 1260 1490 1491
f 1260 1491 1261
f 1261 1491 1481
f 1262 1481 1492
f 1262 1492 1263
f 1263 1492 1493
f 1263 1493 1264
f 1264 1493 1494
f 1264 1494 1265
f 1265 1495 1266
f 1265 1494 1495
f 1266 1495 1269
f 1266 1269 1267
f 1268 1271 1272
f 1269 1495 1496
f 1269 1496 1270
f 1270 1497 1271
f 1270 1496 1498
f 1270 1498 1497
f 1271 1497 1272
f 1272 1497 1499
f 1272 1499 1273
f 1273 1499 1500
f 1273 1500 1501
f 1273 1501 1274
f 1274 1501 1285
f 1275 1284 1283
f 1275 1283 1502
f 1275 1502 1503
f 1275 1503 1423
f 1275 1423 1276
f 1276 1423 1422
f 1276 1422 1504
f 1276 1504 1277
f 1277 1504 1278
f 1278 1504 1279
f 1279 1504 1505
f 1279 1505 1417
f 1280 1286 1281
f 1283 1285 1506
f 1283 1506 1502
f 1285 1501 1507
f 1285 1507 1506
f 1287 1288 1289
f 1288 1292 1508
f 1288 1508 1509
f 1288 1509 1289
f 1289 1509 1510
f 1289 1510 1511
f 1289 1511 1512
f 1289 1512 1513
f 1289 1513 1290
f 1291 1514 1515
f 1291 1515 1516
f 1291 1516 1292
f 1292 1516 1508
f 1293 1299 1294
f 1294 1517 1300
f 1294 1300 1295
f 1294 1299 1517
f 1297 1518 1298
f 1297 1513 1710
f 1297 1710 1519
f 1297 1519 1518
f 1298 1518 1299
f 1299 1518 1520
f 1299 1520 1517
f 1300 1517 1303
f 1301 1304 1521
f 1301 1521 1522
f 1301 1522 1302
f 1302 1522 1305
f 1303 1517 1520
f 1303 1520 1523
f 1303 1523 1524
f 1303 1524 1525
f 1303 1525 1526
f 1303 1526 1304
f 1304 1526 1527
f 1304 1527 1521
f 1305 1522 1528
f 1305 1528 1306
f 1306 1528 1307
f 1307 1528 1529
f 1307 1529 1530
f 1307 1530 1308
f 1308 1531 1321
f 1308 1320 1310
f 1308 1310 1309
f 1308 1530 1532
f 1308 1532 1322
f 1308 1322 1531
f 1310 1312 1311
f 1310 1319 1312
f 1312 1319 1317
f 1312 1317 1313
f 1321 1531 1322
f 1322 1532 1529
f 1322 1529 1533
f 1322 1533 1325
f 1323 1325 1534
f 1323 1534 1535
f 1323 1535 1536
f 1323 1536 1537
f 1323 1537 1324
f 1324 1537 1326
f 1325 1533 1538
f 1325 1538 1539
f 1325 1539 1534
f 1326 1540 1541
f 1326 1541 1327
f 1326 1537 1542
f 1326 1542 1540
f 1327 1541 1328
f 1328 1541 1543
f 1328 1543 1329
f 1329 1357 1330
f 1329 1543 1544
f 1329 1544 1545
f 1329 1545 1357
f 1330 1357 1356
f 1330 1356 1333
f 1330 1333 1331
f 1333 1356 1355
f 1333 1355 1334
f 1334 1355 1354
f 1334 1354 1335
f 1335 1354 1353
f 1337 1381 1546
f 1337 1546 1547
f 1337 1547 1548
f 1337 1548 1549
f 1337 1549 1550
f 1337 1550 1339
f 1337 1339 1338
f 1339 1551 1552
f 1339 1552 1553
f 1339 1553 1554
f 1339 1554 1555
f 1339 1555 1556
f 1339 1556 1557
f 1339 1557 1343
f 1339 1343 1342
f 1339 1342 1340
f 1339 1550 1558
f 1339 1558 1559
f 1339 1559 1560
f 1339 1560 1561
f 1339 1561 1551
f 1341 1343 1557
f 1341 1557 1562
f 1341 1562 1349
f 1344 1346 1345
f 1344 1349 1563
f 1344 1563 1564
f 1344 1564 1346
f 1346 1565 1347
f 1346 1564 1566
f 1346 1566 1565
f 1347 1565 1350
f 1349 1562 1556
f 1349 1556 1555
f 1349 1555 1554
f 1349 1554 1567
f 1349 1567 1563
f 1350 1565 1568
f 1350 1568 1569
f 1350 1569 1570
f 1350 1570 1571
f 1350 1571 1351
f 1351 1571 1352
f 1352 1571 1390
f 1357 1545 1358
f 1358 1545 1359
f 1359 1545 1572
f 1359 1572 1573
f 1359 1573 1574
f 1359 1574 1360
f 1360 1574 1361
f 1361 1574 1575
f 1361 1575 1362
f 1362 1575 1365
f 1362 1365 1363
f 1365 1575 1576
f 1365 1576 1368
f 1365 1368 1366
f 1366 1368 1367
f 1368 1577 1369
f 1368 1576 1578
f 1368 1578 1577
f 1369 1577 1372
f 1370 1372 1373
f 1372 1577 1579
f 1372 1579 1580
f 1372 1580 1373
f 1373 1581 1375
f 1373 1375 1374
f 1373 1580 1582
f 1373 1582 1581
f 1375 1581 1582
f 1375 1582 1583
f 1375 1583 1376
f 1376 1583 1584
f 1376 1584 1383
f 1376 1383 1382
f 1376 1382 1377
f 1378 1380 1379
f 1380 1385 1381
f 1381 1385 1547
f 1381 1547 1546
f 1383 1585 1586
f 1383 1586 1384
f 1383 1584 1587
f 1383 1587 1585
f 1384 1586 1588
f 1384 1588 1589
f 1384 1589 1590
f 1384 1590 1591
f 1384 1591 1592
f 1384 1592 1593
f 1384 1593 1594
f 1384 1594 1385
f 1385 1594 1547
f 1387 1595 1596
f 1387 1596 1597
f 1387 1597 1388
f 1387 1389 1598
f 1387 1598 1599
f 1387 1599 1595
f 1388 1597 1600
f 1388 1600 1392
f 1389 1601 1598
f 1389 1391 1601
f 1390 1571 1602
f 1390 1602 1391
f 1391 1602 1601
f 1392 1600 1603
f 1392 1603 1796
f 1392 1796 1604
f 1392 1604 1393
f 1393 1604 1798
f 1393 1798 1605
f 1394 1605 1395
f 1395 1605 1606
f 1395 1606 1607
f 1395 1607 1397
f 1395 1397 1396
f 1397 1607 1402
f 1397 1402 1401
f 1397 1401 1400
f 1397 1400 1399
f 1397 1399 1398
f 1402 1607 1403
f 1403 1607 1404
f 1404 1607 1608
f 1404 1608 1609
f 1404 1609 1405
f 1405 1609 1608
f 1405 1608 1610
f 1405 1610 1406
f 1406 1610 1611
f 1406 1611 1612
f 1406 1612 1458
f 1406 1458 1408
f 1406 1408 1407
f 1411 1457 1413
f 1411 1413 1412
f 1417 1505 1422
f 1417 1422 1418
f 1418 1422 1421
f 1422 1505 1613
f 1422 1613 1504
f 1423 1503 1614
f 1423 1614 1615
f 1423 1615 1616
f 1423 1616 1617
f 1423 1617 1618
f 1423 1618 1424
f 1424 1618 1619
f 1424 1619 1620
f 1424 1620 1621
f 1424 1621 1425
f 1425 1621 1427
f 1425 1427 1426
f 1427 1622 1428
f 1427 1621 1622
f 1428 1622 1623
f 1428 1623 1429
f 1429 1623 1624
f 1429 1624 1430
f 1430 1444 1431
f 1430 1624 1625
f 1430 1625 1444
f 1431 1444 1433
f 1433 1444 1443
f 1433 1443 1442
f 1433 1442 1434
f 1437 1445 1438
f 1438 1626 1627
f 1438 1627 1439
f 1438 1445 1626
f 1439 1628 1440
f 1439 1627 1626
f 1439 1626 1629
f 1439 1629 1630
f 1439 1630 1631
f 1439 1631 1820
f 1439 1820 1628
f 1440 1628 1441
f 1441 1628 1446
f 1444 1625 1632
f 1444 1632 1633
f 1444 1633 1445
f 1445 1633 1634
f 1445 1634 1635
f 1445 1635 1626
f 1446 1628 1636
f 1446 1636 1637
f 1446 1637 1638
f 1446 1638 1639
f 1446 1639 1640
f 1446 1640 1452
f 1446 1452 1447
f 1448 1452 1640
f 1448 1640 1639
f 1448 1639 1641
f 1448 1641 1449
f 1449 1641 1642
f 1449 1642 1643
f 1449 1643 1450
f 1450 1643 1644
f 1453 1469 1454
f 1454 1645 1646
f 1454 1646 1456
f 1454 1456 1455
f 1454 1469 1468
f 1454 1468 1647
f 1454 1647 1648
f 1454 1648 1649
f 1454 1649 1650
f 1454 1650 1651
f 1454 1651 1652
f 1454 1652 1653
f 1454 1653 1654
f 1454 1654 1655
f 1454 1655 1656
f 1454 1656 1645
f 1456 1657 1658
f 1456 1658 1659
f 1456 1659 1479
f 1456 1646 1657
f 1458 1612 1660
f 1458 1660 1459
f 1459 1660 1460
f 1460 1661 1662
f 1460 1662 1461
f 1460 1660 1663
f 1460 1663 1664
f 1460 1664 1661
f 1461 1662 1463
f 1463 1662 1665
f 1463 1665 1666
f 1463 1666 1465
f 1463 1465 1464
f 1465 1666 1667
f 1465 1667 1466
f 1466 1667 1668
f 1466 1668 1650
f 1466 1650 1649
f 1466 1649 1648
f 1466 1648 1669
f 1466 1669 1467
f 1467 1669 1647
f 1467 1647 1468
f 1470 1477 1472
f 1470 1472 1471
f 1470 1478 1477
f 1472 1480 1473
f 1472 1477 1480
f 1473 1480 1670
f 1473 1670 1671
f 1473 1671 1672
f 1473 1672 1673
f 1473 1673 1482
f 1473 1482 1474
f 1474 1482 1475
f 1475 1482 1476
f 1479 1659 1674
f 1479 1674 1480
f 1480 1674 1670
f 1481 1491 1675
f 1481 1675 1492
f 1482 1673 1676
f 1482 1676 1677
f 1482 1677 1678
f 1482 1678 1679
f 1482 1679 1680
f 1482 1680 1483
f 1483 1680 1679
f 1483 1679 1484
f 1484 1679 1485
f 1485 1681 1682
f 1485 1682 1486
f 1485 1679 1681
f 1486 1682 1681
f 1486 1681 1683
f 1486 1683 1684
f 1486 1684 1685
f 1486 1685 1686
f 1486 1686 1487
f 1487 1686 1685
f 1487 1685 1687
f 1487 1687 1688
f 1487 1688 1488
f 1488 1688 1489
f 1489 1689 1690
f 1489 1690 1691
f 1489 1691 1490
f 1489 1688 1692
f 1489 1692 1693
f 1489 1693 1689
f 1490 1691 1675
f 1490 1675 1491
f 1492 1675 1493
f 1493 1675 1691
f 1493 1691 1690
f 1493 1690 1694
f 1493 1694 1494
f 1494 1694 1497
f 1494 1497 1498
f 1494 1498 1496
f 1494 1496 1495
f 1497 1694 1695
f 1497 1695 1696
f 1497 1696 1499
f 1499 1696 1500
f 1500 1696 1697
f 1500 1697 1698
f 1500 1698 1501
f 1501 1698 1507
f 1502 1506 1507
f 1502 1507 1615
f 1502 1615 1503
f 1503 1615 1614
f 1504 1613 1505
f 1507 1698 1699
f 1507 1699 1700
f 1507 1700 1701
f 1507 1701 1702
f 1507 1702 1703
f 1507 1703 1615
f 1508 1704 1705
f 1508 1705 1509
f 1508 1516 1515
f 1508 1515 1706
f 1508 1706 1704
f 1509 1705 1511
f 1509 1511 1510
f 1511 1707 1512
f 1511 1705 1708
f 1511 1708 1707
f 1512 1707 1513
f 1513 1707 1709
f 1513 1709 1710
f 1514 1711 1515
f 1515 1711 1706
f 1518 1712 1713
f 1518 1713 1523
f 1518 1523 1520
f 1518 1519 1712
f 1519 1710 1920
f 1519 1920 1714
f 1519 1714 1715
f 1519 1715 1716
f 1519 1716 1717
f 1519 1717 1718
f 1519 1718 1719
f 1519 1719 1720
f 1519 1720 1712
f 1521 1527 1721
f 1521 1721 1722
f 1521 1722 1528
f 1521 1528 1522
f 1523 1713 1524
f 1524 1713 1712
f 1524 1712 1723
f 1524 1723 1724
f 1524 1724 1525
f 1525 1724 1526
f 1526 1724 1725
f 1526 1725 1527
f 1527 1725 1726
f 1527 1726 1721
f 1528 1722 1727
f 1528 1727 1728
f 1528 1728 1529
f 1529 1532 1530
f 1529 1728 1729
f 1529 1729 1726
f 1529 1726 1725
f 1529 1725 1533
f 1533 1725 1538
f 1534 1730 1535
f 1534 1539 1538
f 1534 1538 1731
f 1534 1731 1732
f 1534 1732 1730
f 1535 1730 1536
f 1536 1730 1542
f 1536 1542 1537
f 1538 1725 1733
f 1538 1733 1731
f 1540 1542 1734
f 1540 1734 1541
f 1541 1734 1544
f 1541 1544 1543
f 1542 1730 1732
f 1542 1732 1735
f 1542 1735 1736
f 1542 1736 1734
f 1544 1734 1737
f 1544 1737 1545
f 1545 1737 1572
f 1547 1594 1738
f 1547 1738 1548
f 1548 1738 1549
f 1549 1738 1739
f 1549 1739 1559
f 1549 1559 1550
f 1550 1559 1558
f 1551 1740 1552
f 1551 1561 1740
f 1552 1741 1742
f 1552 1742 1553
f 1552 1740 1743
f 1552 1743 1744
f 1552 1744 1741
f 1553 1742 1745
f 1553 1745 1554
f 1554 1745 1746
f 1554 1746 1563
f 1554 1563 1567
f 1556 1562 1557
f 1559 1739 1747
f 1559 1747 1748
f 1559 1748 1561
f 1559 1561 1560
f 1561 1748 1743
f 1561 1743 1740
f 1563 1746 1564
f 1564 1749 1565
f 1564 1565 1566
f 1564 1746 1750
f 1564 1750 1745
f 1564 1745 1751
f 1564 1751 1950
f 1564 1950 1752
f 1564 1752 1749
f 1565 1749 1568
f 1568 1749 1753
f 1568 1753 1754
f 1568 1754 1755
f 1568 1755 1569
f 1569 1755 1756
f 1569 1756 1757
f 1569 1757 1758
f 1569 1758 1759
f 1569 1759 1760
f 1569 1760 1761
f 1569 1761 1570
f 1570 1761 1762
f 1570 1762 1602
f 1570 1602 1571
f 1572 1763 1764
f 1572 1764 1765
f 1572 1765 1573
f 1572 1737 1734
f 1572 1734 1766
f 1572 1766 1767
f 1572 1767 1763
f 1573 1765 1768
f 1573 1768 1574
f 1574 1768 1575
f 1575 1768 1576
f 1576 1768 1769
f 1576 1769 1770
f 1576 1770 1771
f 1576 1771 1578
f 1577 1578 1772
f 1577 1772 1579
f 1578 1771 1773
f 1578 1773 1772
f 1579 1772 1774
f 1579 1774 1775
f 1579 1775 1580
f 1580 1775 1582
f 1582 1775 1776
f 1582 1776 1777
f 1582 1777 1778
f 1582 1778 1779
f 1582 1779 1583
f 1583 1779 1584
f 1584 1779 1587
f 1585 1589 1586
f 1585 1587 1589
f 1586 1589 1588
f 1587 1779 1780
f 1587 1780 1781
f 1587 1781 1589
f 1589 1781 1782
f 1589 1782 1590
f 1590 1782 1783
f 1590 1783 1591
f 1591 1593 1592
f 1591 1783 1784
f 1591 1784 1593
f 1593 1785 1786
f 1593 1786 1787
f 1593 1787 1788
f 1593 1788 1789
f 1593 1789 1594
f 1593 1784 1785
f 1594 1789 1747
f 1594 1747 1739
f 1594 1739 1738
f 1595 1599 1790
f 1595 1790 1791
f 1595 1791 1596
f 1596 1791 1597
f 1597 1791 1792
f 1597 1792 1600
f 1598 1601 1793
f 1598 1793 1599
f 1599 1794 1790
f 1599 1793 1794
f 1600 1792 1603
f 1601 1602 1795
f 1601 1795 1793
f 1602 1762 1795
f 1603 1792 1796
f 1604 1796 1797
f 1604 1797 2004
f 1604 2004 1798
f 1605 1798 1606
f 1606 1799 1800
f 1606 1800 1607
f 1606 1798 2005
f 1606 2005 1799
f 1607 1800 1801
f 1607 1801 1608
f 1608 1802 1610
f 1608 1801 1803
f 1608 1803 1804
f 1608 1804 1805
f 1608 1805 1802
f 1610 1802 1806
f 1610 1806 1611
f 1611 1806 1807
f 1611 1807 1612
f 1612 1807 1660
f 1615 1703 1808
f 1615 1808 1809
f 1615 1809 1619
f 1615 1619 1616
f 1616 1619 1617
f 1617 1619 1618
f 1619 1809 1810
f 1619 1810 1811
f 1619 1811 1812
f 1619 1812 1620
f 1620 1812 1811
f 1620 1811 1622
f 1620 1622 1621
f 1622 1811 1813
f 1622 1813 1623
f 1623 1813 1814
f 1623 1814 1810
f 1623 1810 1624
f 1624 1810 1815
f 1624 1815 1625
f 1625 1815 1816
f 1625 1816 1632
f 1626 1635 1629
f 1628 1817 1818
f 1628 1818 1819
f 1628 1819 1636
f 1628 1820 1821
f 1628 1821 1817
f 1629 1822 1823
f 1629 1823 1630
f 1629 1635 1824
f 1629 1824 1816
f 1629 1816 1822
f 1630 1825 1820
f 1630 1820 1631
f 1630 1823 1826
f 1630 1826 1827
f 1630 1827 1828
f 1630 1828 1829
f 1630 1829 1825
f 1632 1816 1824
f 1632 1824 1633
f 1633 1824 1635
f 1633 1635 1634
f 1636 1819 1637
f 1637 1830 1831
f 1637 1831 1638
f 1637 1819 1830
f 1638 1831 1639
f 1639 1831 1832
f 1639 1832 1833
f 1639 1833 1834
f 1639 1834 1835
f 1639 1835 1641
f 1641 1836 1837
f 1641 1837 1642
f 1641 1835 1836
f 1642 1837 1643
f 1643 1837 1644
f 1644 1837 1838
f 1645 1656 1839
f 1645 1839 1657
f 1645 1657 1646
f 1647 1669 1648
f 1650 1668 1667
f 1650 1667 1840
f 1650 1840 1841
f 1650 1841 1651
f 1651 1842 1652
f 1651 1841 1842
f 1652 1842 1843
f 1652 1843 1844
f 1652 1844 1845
f 1652 1845 1846
f 1652 1846 1847
f 1652 1847 1653
f 1653 1847 1654
f 1654 1848 1846
f 1654 1846 1655
f 1654 1847 1848
f 1655 1846 1656
f 1656 1846 1849
f 1656 1849 1850
f 1656 1850 1839
f 1657 1839 1851
f 1657 1851 1658
f 1658 1851 1852
f 1658 1852 1659
f 1659 1852 1674
f 1660 1807 1663
f 1661 1853 1854
f 1661 1854 1855
f 1661 1855 1662
f 1661 1664 1856
f 1661 1856 1853
f 1662 1855 1666
f 1662 1666 1665
f 1663 1857 1858
f 1663 1858 1664
f 1663 1807 1857
f 1664 1858 1859
f 1664 1859 1860
f 1664 1860 1861
f 1664 1861 1862
f 1664 1862 1863
f 1664 1863 1856
f 1666 1855 1864
f 1666 1864 2061
f 1666 2061 1865
f 1666 1865 1841
f 1666 1841 1866
f 1666 1866 1840
f 1666 1840 1667
f 1670 1674 1852
f 1670 1852 1671
f 1671 1867 1868
f 1671 1868 1672
f 1671 1852 1869
f 1671 1869 1870
f 1671 1870 1871
f 1671 1871 1872
f 1671 1872 1873
f 1671 1873 1867
f 1672 1868 1874
f 1672 1874 1875
f 1672 1875 1876
f 1672 1876 1676
f 1672 1676 1673
f 1676 1876 1877
f 1676 1877 1878
f 1676 1878 1677
f 1677 1878 1879
f 1677 1879 1678
f 1678 1879 1880
f 1678 1880 1679
f 1679 1880 1881
f 1679 1881 1882
f 1679 1882 1681
f 1681 1882 1881
f 1681 1881 1883
f 1681 1883 1683
f 1683 1883 1684
f 1684 1884 1685
f 1684 1883 1885
f 1684 1885 1886
f 1684 1886 1887
f 1684 1887 1884
f 1685 1884 1687
f 1687 1884 1688
f 1688 1884 1888
f 1688 1888 1692
f 1689 1695 1694
f 1689 1694 1690
f 1689 1693 1695
f 1692 1888 1889
f 1692 1889 1890
f 1692 1890 1693
f 1693 1890 1891
f 1693 1891 1892
f 1693 1892 1893
f 1693 1893 1695
f 1695 1893 1894
f 1695 1894 1895
f 1695 1895 1697
f 1695 1697 1696
f 1697 1895 1896
f 1697 1896 1897
f 1697 1897 1898
f 1697 1898 1698
f 1698 1899 1699
f 1698 1898 1900
f 1698 1900 1899
f 1699 1901 1700
f 1699 1899 1901
f 1700 1901 1902
f 1700 1902 1903
f 1700 1903 1701
f 1701 1903 1904
f 1701 1904 1702
f 1702 1904 1905
f 1702 1905 1906
f 1702 1906 1703
f 1703 1906 1808
f 1704 1706 1907
f 1704 1907 1908
f 1704 1908 1909
f 1704 1909 1910
f 1704 1910 1911
f 1704 1911 1705
f 1705 1911 1708
f 1706 1711 1912
f 1706 1912 1913
f 1706 1913 1907
f 1707 1708 1914
f 1707 1914 1915
f 1707 1915 1709
f 1708 1911 1914
f 1709 1916 1917
f 1709 1917 1918
f 1709 1918 1919
f 1709 1919 1920
f 1709 1920 1710
f 1709 1915 1921
f 1709 1921 1922
f 1709 1922 1923
f 1709 1923 1924
f 1709 1924 1916
f 1711 1925 1912
f 1712 1720 1723
f 1714 1920 2103
f 1714 2103 1926
f 1714 1926 1927
f 1714 1927 1928
f 1714 1928 1715
f 1715 1928 1927
f 1715 1927 1929
f 1715 1929 1717
f 1715 1717 1716
f 1717 1930 1931
f 1717 1931 1718
f 1717 1929 1932
f 1717 1932 1933
f 1717 1933 1930
f 1718 1931 1723
f 1718 1723 1719
f 1719 1723 1720
f 1721 1726 1727
f 1721 1727 1722
f 1723 1733 1724
f 1723 1931 1936
f 1723 1936 1733
f 1724 1733 1725
f 1726 1729 1728
f 1726 1728 1727
f 1731 1934 1935
f 1731 1935 1732
f 1731 1733 1936
f 1731 1936 1934
f 1732 1935 1937
f 1732 1937 1735
f 1734 1736 1735
f 1734 1735 1766
f 1735 1937 1763
f 1735 1763 1766
f 1741 1938 1742
f 1741 1744 1938
f 1742 1938 1745
f 1743 1748 1939
f 1743 1939 1940
f 1743 1940 1744
f 1744 1940 1941
f 1744 1941 1942
f 1744 1942 1943
f 1744 1943 1938
f 1745 1944 1945
f 1745 1945 1946
f 1745 1946 1947
f 1745 1947 1751
f 1745 1750 1746
f 1745 1938 1943
f 1745 1943 1948
f 1745 1948 1949
f 1745 1949 1944
f 1747 1789 1939
f 1747 1939 1748
f 1749 1752 1753
f 1751 1947 1950
f 1752 1950 1946
f 1752 1946 1951
f 1752 1951 1753
f 1753 1951 1754
f 1754 1951 1755
f 1755 1952 1953
f 1755 1953 1954
f 1755 1954 1955
f 1755 1955 1956
f 1755 1956 1756
f 1755 1951 1952
f 1756 1956 1757
f 1757 1956 1957
f 1757 1957 1958
f 1757 1958 1759
f 1757 1759 1758
f 1759 1958 1959
f 1759 1959 1960
f 1759 1960 1961
f 1759 1961 1962
f 1759 1962 1760
f 1760 1962 1761
f 1761 1962 1963
f 1761 1963 1762
f 1762 1963 1793
f 1762 1793 1795
f 1763 1767 1766
f 1763 1937 1964
f 1763 1964 1965
f 1763 1965 1764
f 1764 1965 1966
f 1764 1966 1765
f 1765 1966 1967
f 1765 1967 1968
f 1765 1968 1768
f 1768 1968 1969
f 1768 1969 1769
f 1769 1969 1970
f 1769 1970 1971
f 1769 1971 1770
f 1770 1971 1771
f 1771 1971 1972
f 1771 1972 1973
f 1771 1973 1773
f 1772 1974 1774
f 1772 1773 1974
f 1773 1973 1975
f 1773 1975 1976
f 1773 1976 1974
f 1774 1977 1775
f 1774 1974 1977
f 1775 1977 1978
f 1775 1978 1776
f 1776 1978 1979
f 1776 1979 1777
f 1777 1979 1778
f 1778 1980 1780
f 1778 1780 1981
f 1778 1981 1779
f 1778 1979 1980
f 1779 1981 1780
f 1780 1982 1783
f 1780 1783 1781
f 1780 1980 1982
f 1781 1783 1782
f 1783 1982 1983
f 1783 1983 1784
f 1784 1983 1984
f 1784 1984 1785
f 1785 1985 1986
f 1785 1986 1786
f 1785 1984 1985
f 1786 1987 1988
f 1786 1988 1789
f 1786 1789 1787
f 1786 1986 1989
f 1786 1989 1987
f 1787 1789 1788
f 1789 1988 1990
f 1789 1990 1940
f 1789 1940 1939
f 1790 1991 1992
f 1790 1992 1792
f 1790 1792 1791
f 1790 1794 1993
f 1790 1993 1994
f 1790 1994 1995
f 1790 1995 1996
f 1790 1996 1997
f 1790 1997 1998
f 1790 1998 1991
f 1792 1992 1796
f 1793 1963 1794
f 1794 1999 2000
f 1794 2000 1993
f 1794 1963 1959
f 1794 1959 1999
f 1796 2001 1797
f 1796 1992 2002
f 1796 2002 2001
f 1797 2001 2003
f 1797 2003 2180
f 1797 2180 2004
f 1798 2004 2005
f 1799 2006 1800
f 1799 2005 2006
f 1800 2006 1801
f 1801 2006 2007
f 1801 2007 1803
f 1802 2008 1806
f 1802 1805 2008
f 1803 2007 1804
f 1804 2007 2009
f 1804 2009 1805
f 1805 2010 2008
f 1805 2009 2010
f 1806 2011 1807
f 1806 2008 2011
f 1807 2011 1857
f 1808 1906 1810
f 1808 1810 1809
f 1810 1906 2012
f 1810 2012 1815
f 1810 1814 1811
f 1811 1814 1813
f 1815 2012 2013
f 1815 2013 1816
f 1816 2013 2014
f 1816 2014 1822
f 1817 1821 2015
f 1817 2015 2016
f 1817 2016 2017
f 1817 2017 2018
f 1817 2018 2019
f 1817 2019 1831
f 1817 1831 1818
f 1818 1831 1830
f 1818 1830 1819
f 1820 1825 1821
f 1821 2020 2015
f 1821 1825 1829
f 1821 1829 2021
f 1821 2021 2022
f 1821 2022 2020
f 1822 2014 1823
f 1823 2014 2023
f 1823 2023 1826
f 1826 2024 2025
f 1826 2025 2026
f 1826 2026 1827
f 1826 2023 2024
f 1827 2026 1828
f 1828 2026 2027
f 1828 2027 2028
f 1828 2028 2029
f 1828 2029 1829
f 1829 2029 2021
f 1831 2019 1832
f 1832 2019 1833
f 1833 2019 2018
f 1833 2018 1834
f 1834 2018 2030
f 1834 2030 2031
f 1834 2031 1835
f 1835 2031 2032
f 1835 2032 1836
f 1836 2032 2033
f 1836 2033 2034
f 1836 2034 2035
f 1836 2035 1837
f 1837 2035 1838
f 1839 1850 1851
f 1840 1866 1841
f 1841 1865 2036
f 1841 2036 2037
f 1841 2037 2038
f 1841 2038 2039
f 1841 2039 2040
f 1841 2040 2041
f 1841 2041 2226
f 1841 2226 2042
f 1841 2042 2043
f 1841 2043 1842
f 1842 2043 1843
f 1843 2043 2044
f 1843 2044 1844
f 1844 2044 1845
f 1845 2045 1846
f 1845 2044 2045
f 1846 2045 2046
f 1846 2046 1850
f 1846 1850 1849
f 1846 1848 1847
f 1850 2046 2047
f 1850 2047 1869
f 1850 1869 1851
f 1851 1869 1852
f 1853 1856 2048
f 1853 2048 1854
f 1854 2048 2037
f 1854 2037 1864
f 1854 1864 1855
f 1856 1863 2049
f 1856 2049 2050
f 1856 2050 2051
f 1856 2051 2052
f 1856 2052 2053
f 1856 2053 2048
f 1857 2011 2008
f 1857 2008 2054
f 1857 2054 1858
f 1858 2054 2055
f 1858 2055 1859
f 1859 2055 1860
f 1860 2055 2056
f 1860 2056 2057
f 1860 2057 2058
f 1860 2058 2059
f 1860 2059 1862
f 1860 1862 1861
f 1862 2049 1863
f 1862 2059 2060
f 1862 2060 2049
f 1864 2037 2061
f 1865 2061 2036
f 1867 1873 2062
f 1867 2062 2068
f 1867 2068 1875
f 1867 1875 1868
f 1868 1875 1874
f 1869 2047 1870
f 1870 2047 2063
f 1870 2063 2064
f 1870 2064 2065
f 1870 2065 1872
f 1870 1872 1871
f 1872 2066 1873
f 1872 2065 2066
f 1873 2066 2067
f 1873 2067 2062
f 1875 2068 2069
f 1875 2069 1876
f 1876 2069 1878
f 1876 1878 1877
f 1878 2069 2070
f 1878 2070 1879
f 1879 2071 2072
f 1879 2072 1881
f 1879 1881 1880
f 1879 2070 2073
f 1879 2073 2074
f 1879 2074 2075
f 1879 2075 2071
f 1881 2072 2076
f 1881 2076 2077
f 1881 2077 2078
f 1881 2078 2079
f 1881 2079 1883
f 1883 2079 1885
f 1884 1889 1888
f 1884 1887 1889
f 1885 2080 2081
f 1885 2081 2083
f 1885 2083 1886
f 1885 2079 2080
f 1886 2082 1887
f 1886 2083 2084
f 1886 2084 2082
f 1887 2082 1889
f 1889 2082 1891
f 1889 1891 1890
f 1891 2085 1892
f 1891 2082 2086
f 1891 2086 2087
f 1891 2087 2085
f 1892 2085 1893
f 1893 2085 1894
f 1894 2085 1895
f 1895 2085 2088
f 1895 2088 1896
f 1896 2088 2089
f 1896 2089 1897
f 1897 2089 2090
f 1897 2090 1900
f 1897 1900 1898
f 1899 1902 1901
f 1899 1900 1902
f 1900 2090 2091
f 1900 2091 1902
f 1902 2091 2092
f 1902 2092 1903
f 1903 2092 1904
f 1904 1906 1905
f 1904 2092 1906
f 1906 2092 2012
f 1907 2093 1908
f 1907 1913 2094
f 1907 2094 2093
f 1908 2093 2095
f 1908 2095 2096
f 1908 2096 1909
f 1909 2096 1910
f 1910 2096 2097
f 1910 2097 1915
f 1910 1915 1914
f 1910 1914 1911
f 1912 1925 2098
f 1912 2098 2099
f 1912 2099 1913
f 1913 2100 2094
f 1913 2099 2101
f 1913 2101 2100
f 1915 2097 1921
f 1916 1924 1917
f 1917 2102 2103
f 1917 2103 2104
f 1917 2104 1919
f 1917 1919 1918
f 1917 1924 2102
f 1919 2104 2103
f 1919 2103 1920
f 1921 2097 2105
f 1921 2105 1922
f 1922 2105 1923
f 1923 2105 2097
f 1923 2097 1924
f 1924 2097 2106
f 1924 2106 2107
f 1924 2107 2108
f 1924 2108 2102
f 1926 2103 2286
f 1926 2286 2109
f 1926 2109 1927
f 1927 1932 1929
f 1927 2109 2110
f 1927 2110 2111
f 1927 2111 1932
f 1930 1934 1931
f 1930 1933 1934
f 1931 1934 1936
f 1932 2111 1933
f 1933 2111 1964
f 1933 1964 1937
f 1933 1937 1935
f 1933 1935 1934
f 1940 2112 2113
f 1940 2113 1941
f 1940 1990 2112
f 1941 2114 1942
f 1941 2113 2114
f 1942 2114 1948
f 1942 1948 1943
f 1944 2115 2116
f 1944 2116 2117
f 1944 2117 1945
f 1944 1949 1948
f 1944 1948 2118
f 1944 2118 2119
f 1944 2119 2120
f 1944 2120 2121
f 1944 2121 2115
f 1945 2117 1946
f 1946 1950 1947
f 1946 2117 2122
f 1946 2122 1951
f 1948 2114 2118
f 1951 2123 1952
f 1951 2122 2123
f 1952 2123 2124
f 1952 2124 1953
f 1953 2124 1954
f 1954 2125 1957
f 1954 1957 1956
f 1954 1956 1955
f 1954 2124 2126
f 1954 2126 2127
f 1954 2127 2128
f 1954 2128 2125
f 1957 2129 2130
f 1957 2130 1958
f 1957 2125 2129
f 1958 2130 1959
f 1959 1963 1960
f 1959 2130 2131
f 1959 2131 2000
f 1959 2000 1999
f 1960 1963 1961
f 1961 1963 1962
f 1964 2111 2132
f 1964 2132 2133
f 1964 2133 2134
f 1964 2134 2135
f 1964 2135 2136
f 1964 2136 1965
f 1965 2136 2135
f 1965 2135 2137
f 1965 2137 2138
f 1965 2138 1966
f 1966 2139 2140
f 1966 2140 1967
f 1966 2138 2141
f 1966 2141 2139
f 1967 2140 1968
f 1968 2140 2142
f 1968 2142 2143
f 1968 2143 2144
f 1968 2144 2145
f 1968 2145 1970
f 1968 1970 1969
f 1970 2145 2146
f 1970 2146 2147
f 1970 2147 2148
f 1970 2148 2149
f 1970 2149 1971
f 1971 2149 1972
f 1972 2149 1973
f 1973 2149 2148
f 1973 2148 2150
f 1973 2150 1975
f 1974 1976 2151
f 1974 2151 1977
f 1975 2152 2153
f 1975 2153 2151
f 1975 2151 1976
f 1975 2150 2154
f 1975 2154 2152
f 1977 2151 2155
f 1977 2155 2156
f 1977 2156 1978
f 1978 2157 1979
f 1978 2156 2158
f 1978 2158 2157
f 1979 2157 1980
f 1980 2159 2160
f 1980 2160 2161
f 1980 2161 1982
f 1980 2157 2159
f 1982 2161 1983
f 1983 2161 2162
f 1983 2162 1984
f 1984 2162 1985
f 1985 2162 1986
f 1986 2162 2161
f 1986 2161 2163
f 1986 2163 2164
f 1986 2164 2165
f 1986 2165 2166
f 1986 2166 2167
f 1986 2167 1989
f 1987 2168 1988
f 1987 1989 2168
f 1988 2168 1990
f 1989 2167 2168
f 1990 2168 2169
f 1990 2169 2113
f 1990 2113 2112
f 1991 2002 1992
f 1991 1998 2001
f 1991 2001 2002
f 1993 2000 2170
f 1993 2170 2171
f 1993 2171 1994
f 1994 2171 2172
f 1994 2172 1995
f 1995 2172 2173
f 1995 2173 2174
f 1995 2174 1996
f 1996 2174 2175
f 1996 2175 2176
f 1996 2176 1997
f 1997 2003 2001
f 1997 2001 1998
f 1997 2176 2180
f 1997 2180 2003
f 2000 2131 2177
f 2000 2177 2178
f 2000 2178 2179
f 2000 2179 2170
f 2004 2180 2181
f 2004 2181 2005
f 2005 2181 2182
f 2005 2182 2183
f 2005 2183 2006
f 2006 2009 2007
f 2006 2183 2009
f 2008 2010 2054
f 2009 2184 2185
f 2009 2185 2186
f 2009 2186 2010
f 2009 2183 2187
f 2009 2187 2188
f 2009 2188 2176
f 2009 2176 2175
f 2009 2175 2184
f 2010 2186 2189
f 2010 2189 2190
f 2010 2190 2058
f 2010 2058 2054
f 2012 2191 2192
f 2012 2192 2013
f 2012 2092 2191
f 2013 2192 2193
f 2013 2193 2014
f 2014 2193 2023
f 2015 2194 2017
f 2015 2017 2016
f 2015 2020 2194
f 2017 2194 2195
f 2017 2195 2196
f 2017 2196 2018
f 2018 2196 2030
f 2020 2022 2197
f 2020 2197 2198
f 2020 2198 2199
f 2020 2199 2194
f 2021 2197 2022
f 2021 2029 2200
f 2021 2200 2197
f 2023 2193 2201
f 2023 2201 2024
f 2024 2201 2202
f 2024 2202 2025
f 2025 2027 2203
f 2025 2203 2026
f 2025 2202 2204
f 2025 2204 2205
f 2025 2205 2027
f 2026 2203 2027
f 2027 2206 2028
f 2027 2205 2207
f 2027 2207 2206
f 2028 2206 2200
f 2028 2200 2029
f 2030 2196 2208
f 2030 2208 2209
f 2030 2209 2031
f 2031 2210 2032
f 2031 2209 2210
f 2032 2210 2211
f 2032 2211 2033
f 2033 2211 2212
f 2033 2212 2213
f 2033 2213 2214
f 2033 2214 2034
f 2034 2215 2035
f 2034 2214 2216
f 2034 2216 2215
f 2036 2061 2037
f 2037 2217 2218
f 2037 2218 2038
f 2037 2048 2217
f 2038 2218 2039
f 2039 2218 2219
f 2039 2219 2220
f 2039 2220 2221
f 2039 2221 2222
f 2039 2222 2223
f 2039 2223 2224
f 2039 2224 2041
f 2039 2041 2040
f 2041 2224 2225
f 2041 2225 2226
f 2042 2226 2044
f 2042 2044 2043
f 2044 2226 2227
f 2044 2227 2228
f 2044 2228 2045
f 2045 2228 2229
f 2045 2229 2230
f 2045 2230 2047
f 2045 2047 2046
f 2047 2230 2231
f 2047 2231 2064
f 2047 2064 2063
f 2048 2053 2232
f 2048 2232 2217
f 2049 2051 2050
f 2049 2060 2051
f 2051 2060 2233
f 2051 2233 2234
f 2051 2234 2235
f 2051 2235 2236
f 2051 2236 2237
f 2051 2237 2052
f 2052 2237 2053
f 2053 2237 2232
f 2054 2058 2057
f 2054 2057 2056
f 2054 2056 2055
f 2058 2238 2059
f 2058 2190 2189
f 2058 2189 2239
f 2058 2239 2238
f 2059 2238 2060
f 2060 2238 2240
f 2060 2240 2233
f 2062 2067 2241
f 2062 2241 2068
f 2064 2242 2243
f 2064 2243 2244
f 2064 2244 2245
f 2064 2245 2246
f 2064 2246 2065
f 2064 2231 2242
f 2065 2246 2066
f 2066 2246 2067
f 2067 2247 2248
f 2067 2248 2249
f 2067 2249 2241
f 2067 2246 2247
f 2068 2241 2073
f 2068 2073 2070
f 2068 2070 2069
f 2071 2250 2072
f 2071 2075 2251
f 2071 2251 2250
f 2072 2250 2252
f 2072 2252 2076
f 2073 2241 2074
f 2074 2253 2251
f 2074 2251 2075
f 2074 2241 2253
f 2076 2252 2078
f 2076 2078 2077
f 2078 2252 2254
f 2078 2254 2080
f 2078 2080 2079
f 2080 2255 2256
f 2080 2256 2257
f 2080 2257 2081
f 2080 2254 2258
f 2080 2258 2255
f 2081 2257 2259
f 2081 2259 2260
f 2081 2260 2083
f 2082 2084 2261
f 2082 2261 2086
f 2083 2260 2262
f 2083 2262 2431
f 2083 2431 2263
f 2083 2263 2084
f 2084 2263 2264
f 2084 2264 2265
f 2084 2265 2261
f 2085 2087 2088
f 2086 2261 2087
f 2087 2261 2266
f 2087 2266 2267
f 2087 2267 2268
f 2087 2268 2088
f 2088 2268 2267
f 2088 2267 2089
f 2089 2267 2269
f 2089 2269 2090
f 2090 2269 2270
f 2090 2270 2092
f 2090 2092 2091
f 2092 2270 2192
f 2092 2192 2191
f 2093 2094 2271
f 2093 2271 2272
f 2093 2272 2095
f 2094 2100 2273
f 2094 2273 2274
f 2094 2274 2271
f 2095 2275 2276
f 2095 2276 2096
f 2095 2272 2277
f 2095 2277 2278
f 2095 2278 2275
f 2096 2276 2097
f 2097 2276 2287
f 2097 2287 2106
f 2098 2279 2099
f 2099 2279 2280
f 2099 2280 2281
f 2099 2281 2101
f 2100 2101 2282
f 2100 2282 2273
f 2101 2281 2282
f 2102 2283 2103
f 2102 2108 2283
f 2103 2283 2284
f 2103 2284 2285
f 2103 2285 2286
f 2106 2287 2288
f 2106 2288 2107
f 2107 2288 2289
f 2107 2289 2108
f 2108 2284 2283
f 2108 2289 2284
f 2109 2286 2290
f 2109 2290 2110
f 2110 2290 2309
f 2110 2309 2133
f 2110 2133 2132
f 2110 2132 2111
f 2113 2169 2291
f 2113 2291 2114
f 2114 2291 2292
f 2114 2292 2119
f 2114 2119 2118
f 2115 2121 2116
f 2116 2293 2294
f 2116 2294 2117
f 2116 2121 2293
f 2117 2294 2295
f 2117 2295 2296
f 2117 2296 2122
f 2119 2297 2120
f 2119 2292 2297
f 2120 2297 2121
f 2121 2297 2298
f 2121 2298 2293
f 2122 2296 2123
f 2123 2296 2124
f 2124 2296 2126
f 2125 2128 2299
f 2125 2299 2300
f 2125 2300 2301
f 2125 2301 2302
f 2125 2302 2303
f 2125 2303 2129
f 2126 2296 2304
f 2126 2304 2127
f 2127 2304 2305
f 2127 2305 2128
f 2128 2305 2306
f 2128 2306 2299
f 2129 2303 2307
f 2129 2307 2308
f 2129 2308 2130
f 2130 2308 2177
f 2130 2177 2131
f 2133 2309 2481
f 2133 2481 2310
f 2133 2310 2311
f 2133 2311 2141
f 2133 2141 2138
f 2133 2138 2312
f 2133 2312 2134
f 2134 2312 2135
f 2135 2312 2137
f 2137 2312 2138
f 2139 2141 2142
f 2139 2142 2140
f 2141 2311 2310
f 2141 2310 2143
f 2141 2143 2142
f 2143 2310 2313
f 2143 2313 2483
f 2143 2483 2314
f 2143 2314 2315
f 2143 2315 2316
f 2143 2316 2144
f 2144 2316 2315
f 2144 2315 2317
f 2144 2317 2319
f 2144 2319 2147
f 2144 2147 2146
f 2144 2146 2318
f 2144 2318 2145
f 2145 2318 2146
f 2147 2319 2320
f 2147 2320 2148
f 2148 2320 2493
f 2148 2493 2321
f 2148 2321 2150
f 2150 2321 2322
f 2150 2322 2154
f 2151 2153 2155
f 2152 2154 2323
f 2152 2323 2158
f 2152 2158 2156
f 2152 2156 2155
f 2152 2155 2153
f 2154 2322 2323
f 2157 2158 2324
f 2157 2324 2325
f 2157 2325 2326
f 2157 2326 2327
f 2157 2327 2159
f 2158 2328 2324
f 2158 2323 2328
f 2159 2327 2326
f 2159 2326 2329
f 2159 2329 2330
f 2159 2330 2160
f 2160 2330 2331
f 2160 2331 2332
f 2160 2332 2333
f 2160 2333 2161
f 2161 2334 2164
f 2161 2164 2163
f 2161 2333 2335
f 2161 2335 2334
f 2164 2336 2165
f 2164 2334 2336
f 2165 2336 2166
f 2166 2337 2338
f 2166 2338 2339
f 2166 2339 2340
f 2166 2340 2167
f 2166 2336 2337
f 2167 2340 2168
f 2168 2340 2341
f 2168 2341 2342
f 2168 2342 2343
f 2168 2343 2169
f 2169 2343 2291
f 2170 2344 2345
f 2170 2345 2346
f 2170 2346 2172
f 2170 2172 2171
f 2170 2179 2347
f 2170 2347 2344
f 2172 2346 2173
f 2173 2346 2345
f 2173 2345 2174
f 2174 2345 2348
f 2174 2348 2175
f 2175 2348 2349
f 2175 2349 2184
f 2176 2188 2181
f 2176 2181 2180
f 2177 2308 2307
f 2177 2307 2178
f 2178 2307 2302
f 2178 2302 2179
f 2179 2302 2347
f 2181 2188 2187
f 2181 2187 2182
f 2182 2187 2183
f 2184 2350 2185
f 2184 2349 2350
f 2185 2350 2351
f 2185 2351 2186
f 2186 2351 2352
f 2186 2352 2189
f 2189 2352 2353
f 2189 2353 2354
f 2189 2354 2355
f 2189 2355 2239
f 2192 2201 2193
f 2192 2270 2204
f 2192 2204 2201
f 2194 2356 2195
f 2194 2199 2356
f 2195 2356 2357
f 2195 2357 2196
f 2196 2357 2208
f 2197 2200 2358
f 2197 2358 2198
f 2198 2358 2200
f 2198 2200 2359
f 2198 2359 2360
f 2198 2360 2199
f 2199 2360 2356
f 2200 2206 2207
f 2200 2207 2361
f 2200 2361 2362
f 2200 2362 2359
f 2201 2204 2202
f 2204 2363 2205
f 2204 2270 2269
f 2204 2269 2363
f 2205 2363 2364
f 2205 2364 2207
f 2207 2364 2365
f 2207 2365 2366
f 2207 2366 2367
f 2207 2367 2368
f 2207 2368 2361
f 2208 2369 2209
f 2208 2357 2370
f 2208 2370 2371
f 2208 2371 2369
f 2209 2369 2372
f 2209 2372 2373
f 2209 2373 2374
f 2209 2374 2375
f 2209 2375 2376
f 2209 2376 2377
f 2209 2377 2210
f 2210 2377 2378
f 2210 2378 2211
f 2211 2378 2212
f 2212 2378 2379
f 2212 2379 2380
f 2212 2380 2213
f 2213 2380 2381
f 2213 2381 2382
f 2213 2382 2383
f 2213 2383 2214
f 2214 2383 2384
f 2214 2384 2216
f 2217 2232 2385
f 2217 2385 2218
f 2218 2386 2219
f 2218 2385 2387
f 2218 2387 2386
f 2219 2386 2388
f 2219 2388 2221
f 2219 2221 2220
f 2221 2389 2222
f 2221 2388 2390
f 2221 2390 2389
f 2222 2389 2223
f 2223 2389 2391
f 2223 2391 2227
f 2223 2227 2224
f 2224 2227 2225
f 2225 2227 2226
f 2227 2391 2392
f 2227 2392 2228
f 2228 2392 2393
f 2228 2393 2230
f 2228 2230 2229
f 2230 2394 2231
f 2230 2393 2394
f 2231 2394 2395
f 2231 2395 2243
f 2231 2243 2242
f 2232 2237 2385
f 2233 2396 2234
f 2233 2240 2397
f 2233 2397 2398
f 2233 2398 2399
f 2233 2399 2400
f 2233 2400 2396
f 2234 2396 2401
f 2234 2401 2402
f 2234 2402 2235
f 2235 2402 2403
f 2235 2403 2236
f 2236 2403 2385
f 2236 2385 2237
f 2238 2239 2355
f 2238 2355 2404
f 2238 2404 2240
f 2240 2404 2405
f 2240 2405 2397
f 2241 2249 2253
f 2243 2406 2407
f 2243 2407 2408
f 2243 2408 2409
f 2243 2409 2410
f 2243 2410 2411
f 2243 2411 2412
f 2243 2412 2248
f 2243 2248 2245
f 2243 2245 2244
f 2243 2395 2406
f 2245 2248 2247
f 2245 2247 2246
f 2248 2412 2249
f 2249 2412 2253
f 2250 2251 2413
f 2250 2413 2414
f 2250 2414 2415
f 2250 2415 2252
f 2251 2253 2413
f 2252 2415 2416
f 2252 2416 2254
f 2253 2412 2417
f 2253 2417 2418
f 2253 2418 2413
f 2254 2416 2419
f 2254 2419 2258
f 2255 2420 2256
f 2255 2258 2419
f 2255 2419 2420
f 2256 2420 2421
f 2256 2421 2422
f 2256 2422 2423
f 2256 2423 2257
f 2257 2423 2424
f 2257 2424 2425
f 2257 2425 2259
f 2259 2425 2260
f 2260 2425 2424
f 2260 2424 2262
f 2261 2426 2427
f 2261 2427 2266
f 2261 2265 2428
f 2261 2428 2426
f 2262 2424 2423
f 2262 2423 2429
f 2262 2429 2430
f 2262 2430 2431
f 2263 2431 2264
f 2264 2431 2265
f 2265 2431 2432
f 2265 2432 2433
f 2265 2433 2434
f 2265 2434 2435
f 2265 2435 2428
f 2266 2427 2436
f 2266 2436 2267
f 2267 2363 2269
f 2267 2436 2363
f 2271 2437 2272
f 2271 2274 2273
f 2271 2273 2437
f 2272 2437 2277
f 2273 2282 2438
f 2273 2438 2439
f 2273 2439 2440
f 2273 2440 2441
f 2273 2441 2277
f 2273 2277 2437
f 2275 2278 2442
f 2275 2442 2443
f 2275 2443 2444
f 2275 2444 2276
f 2276 2444 2287
f 2277 2445 2446
f 2277 2446 2278
f 2277 2441 2445
f 2278 2446 2447
f 2278 2447 2442
f 2279 2448 2280
f 2280 2448 2449
f 2280 2449 2450
f 2280 2450 2281
f 2281 2451 2452
f 2281 2452 2453
f 2281 2453 2439
f 2281 2439 2438
f 2281 2438 2282
f 2281 2450 2454
f 2281 2454 2455
f 2281 2455 2456
f 2281 2456 2457
f 2281 2457 2451
f 2284 2289 2458
f 2284 2458 2285
f 2285 2309 2290
f 2285 2290 2286
f 2285 2458 2309
f 2287 2444 2459
f 2287 2459 2288
f 2288 2459 2444
f 2288 2444 2460
f 2288 2460 2289
f 2289 2460 2461
f 2289 2461 2458
f 2291 2462 2292
f 2291 2343 2342
f 2291 2342 2462
f 2292 2462 2463
f 2292 2463 2297
f 2293 2298 2464
f 2293 2464 2465
f 2293 2465 2466
f 2293 2466 2294
f 2294 2466 2295
f 2295 2467 2305
f 2295 2305 2304
f 2295 2304 2296
f 2295 2466 2467
f 2297 2463 2468
f 2297 2468 2298
f 2298 2468 2469
f 2298 2469 2464
f 2299 2306 2470
f 2299 2470 2471
f 2299 2471 2472
f 2299 2472 2473
f 2299 2473 2474
f 2299 2474 2475
f 2299 2475 2300
f 2300 2475 2301
f 2301 2475 2302
f 2302 2475 2476
f 2302 2476 2347
f 2302 2307 2303
f 2305 2471 2470
f 2305 2470 2306
f 2305 2467 2471
f 2309 2477 2478
f 2309 2478 2479
f 2309 2479 2480
f 2309 2480 2481
f 2309 2458 2482
f 2309 2482 2477
f 2310 2481 2483
f 2310 2483 2313
f 2314 2317 2315
f 2314 2483 2481
f 2314 2481 2479
f 2314 2479 2484
f 2314 2484 2485
f 2314 2485 2317
f 2317 2486 2487
f 2317 2487 2488
f 2317 2488 2320
f 2317 2320 2319
f 2317 2485 2489
f 2317 2489 2486
f 2320 2488 2668
f 2320 2668 2490
f 2320 2490 2491
f 2320 2491 2492
f 2320 2492 2493
f 2321 2493 2494
f 2321 2494 2322
f 2322 2494 2495
f 2322 2495 2323
f 2323 2495 2498
f 2323 2498 2328
f 2324 2328 2496
f 2324 2496 2497
f 2324 2497 2325
f 2325 2329 2326
f 2325 2497 2329
f 2328 2498 2681
f 2328 2681 2499
f 2328 2499 2496
f 2329 2497 2496
f 2329 2496 2499
f 2329 2499 2330
f 2330 2500 2501
f 2330 2501 2502
f 2330 2502 2503
f 2330 2503 2331
f 2330 2499 2500
f 2331 2503 2332
f 2332 2335 2333
f 2332 2503 2502
f 2332 2502 2335
f 2334 2335 2504
f 2334 2504 2336
f 2335 2502 2505
f 2335 2505 2504
f 2336 2504 2506
f 2336 2506 2507
f 2336 2507 2508
f 2336 2508 2509
f 2336 2509 2337
f 2337 2510 2338
f 2337 2509 2511
f 2337 2511 2510
f 2338 2510 2512
f 2338 2512 2513
f 2338 2513 2514
f 2338 2514 2515
f 2338 2515 2339
f 2339 2515 2341
f 2339 2341 2340
f 2341 2515 2516
f 2341 2516 2342
f 2342 2517 2462
f 2342 2516 2518
f 2342 2518 2517
f 2344 2347 2476
f 2344 2476 2519
f 2344 2519 2345
f 2345 2519 2520
f 2345 2520 2521
f 2345 2521 2522
f 2345 2522 2523
f 2345 2523 2348
f 2348 2523 2524
f 2348 2524 2525
f 2348 2525 2526
f 2348 2526 2527
f 2348 2527 2352
f 2348 2352 2528
f 2348 2528 2349
f 2349 2528 2350
f 2350 2352 2351
f 2350 2528 2352
f 2352 2527 2529
f 2352 2529 2353
f 2353 2529 2398
f 2353 2398 2354
f 2354 2398 2405
f 2354 2405 2355
f 2355 2405 2404
f 2356 2360 2530
f 2356 2530 2357
f 2357 2531 2371
f 2357 2371 2370
f 2357 2530 2531
f 2359 2532 2530
f 2359 2530 2360
f 2359 2362 2533
f 2359 2533 2532
f 2361 2368 2362
f 2362 2368 2534
f 2362 2534 2535
f 2362 2535 2536
f 2362 2536 2533
f 2363 2436 2537
f 2363 2537 2365
f 2363 2365 2364
f 2365 2537 2538
f 2365 2538 2539
f 2365 2539 2366
f 2366 2540 2541
f 2366 2541 2367
f 2366 2539 2540
f 2367 2534 2368
f 2367 2541 2542
f 2367 2542 2543
f 2367 2543 2716
f 2367 2716 2534
f 2369 2544 2545
f 2369 2545 2546
f 2369 2546 2547
f 2369 2547 2372
f 2369 2371 2544
f 2371 2531 2548
f 2371 2548 2549
f 2371 2549 2550
f 2371 2550 2544
f 2372 2547 2551
f 2372 2551 2552
f 2372 2552 2373
f 2373 2552 2374
f 2374 2552 2553
f 2374 2553 2554
f 2374 2554 2555
f 2374 2555 2375
f 2375 2556 2376
f 2375 2555 2556
f 2376 2556 2377
f 2377 2556 2378
f 2378 2556 2555
f 2378 2555 2379
f 2379 2555 2381
f 2379 2381 2380
f 2381 2555 2382
f 2382 2555 2557
f 2382 2557 2558
f 2382 2558 2559
f 2382 2559 2560
f 2382 2560 2561
f 2382 2561 2562
f 2382 2562 2563
f 2382 2563 2564
f 2382 2564 2383
f 2383 2564 2384
f 2385 2403 2387
f 2386 2565 2388
f 2386 2387 2565
f 2387 2403 2402
f 2387 2402 2566
f 2387 2566 2565
f 2388 2567 2568
f 2388 2568 2390
f 2388 2565 2567
f 2389 2390 2569
f 2389 2569 2570
f 2389 2570 2391
f 2390 2568 2571
f 2390 2571 2569
f 2391 2572 2392
f 2391 2570 2572
f 2392 2573 2574
f 2392 2574 2393
f 2392 2572 2573
f 2393 2574 2394
f 2394 2575 2576
f 2394 2576 2577
f 2394 2577 2407
f 2394 2407 2406
f 2394 2406 2395
f 2394 2574 2573
f 2394 2573 2575
f 2396 2578 2579
f 2396 2579 2580
f 2396 2580 2401
f 2396 2400 2581
f 2396 2581 2582
f 2396 2582 2583
f 2396 2583 2578
f 2397 2405 2398
f 2398 2529 2584
f 2398 2584 2581
f 2398 2581 2399
f 2399 2581 2400
f 2401 2580 2402
f 2402 2580 2579
f 2402 2579 2566
f 2407 2577 2408
f 2408 2577 2585
f 2408 2585 2409
f 2409 2585 2586
f 2409 2586 2587
f 2409 2587 2410
f 2410 2587 2588
f 2410 2588 2589
f 2410 2589 2590
f 2410 2590 2411
f 2411 2590 2412
f 2412 2590 2589
f 2412 2589 2591
f 2412 2591 2592
f 2412 2592 2417
f 2413 2593 2594
f 2413 2594 2595
f 2413 2595 2414
f 2413 2418 2593
f 2414 2595 2596
f 2414 2596 2597
f 2414 2597 2598
f 2414 2598 2599
f 2414 2599 2415
f 2415 2419 2416
f 2415 2599 2600
f 2415 2600 2419
f 2417 2592 2601
f 2417 2601 2602
f 2417 2602 2418
f 2418 2602 2603
f 2418 2603 2604
f 2418 2604 2605
f 2418 2605 2606
f 2418 2606 2607
f 2418 2607 2593
f 2419 2600 2608
f 2419 2608 2420
f 2420 2608 2421
f 2421 2609 2610
f 2421 2610 2422
f 2421 2608 2599
f 2421 2599 2787
f 2421 2787 2609
f 2422 2610 2611
f 2422 2611 2423
f 2423 2611 2795
f 2423 2795 2612
f 2423 2612 2432
f 2423 2432 2429
f 2426 2428 2435
f 2426 2435 2434
f 2426 2434 2433
f 2426 2433 2542
f 2426 2542 2613
f 2426 2613 2614
f 2426 2614 2427
f 2427 2614 2615
f 2427 2615 2436
f 2429 2432 2430
f 2430 2432 2431
f 2432 2612 2616
f 2432 2616 2433
f 2433 2616 2798
f 2433 2798 2617
f 2433 2617 2716
f 2433 2716 2543
f 2433 2543 2542
f 2436 2615 2538
f 2436 2538 2537
f 2439 2453 2440
f 2440 2453 2441
f 2441 2453 2445
f 2442 2447 2443
f 2443 2618 2619
f 2443 2619 2444
f 2443 2447 2620
f 2443 2620 2618
f 2444 2619 2460
f 2445 2453 2446
f 2446 2621 2447
f 2446 2453 2622
f 2446 2622 2623
f 2446 2623 2624
f 2446 2624 2621
f 2447 2621 2620
f 2451 2625 2453
f 2451 2453 2452
f 2451 2457 2626
f 2451 2626 2627
f 2451 2627 2628
f 2451 2628 2625
f 2453 2625 2629
f 2453 2629 2622
f 2454 2630 2455
f 2455 2630 2456
f 2456 2626 2457
f 2456 2630 2631
f 2456 2631 2632
f 2456 2632 2633
f 2456 2633 2634
f 2456 2634 2626
f 2458 2635 2636
f 2458 2636 2637
f 2458 2637 2482
f 2458 2461 2635
f 2460 2619 2461
f 2461 2619 2638
f 2461 2638 2635
f 2462 2517 2639
f 2462 2639 2640
f 2462 2640 2641
f 2462 2641 2642
f 2462 2642 2463
f 2463 2642 2643
f 2463 2643 2644
f 2463 2644 2468
f 2464 2469 2644
f 2464 2644 2465
f 2465 2644 2466
f 2466 2644 2645
f 2466 2645 2646
f 2466 2646 2467
f 2467 2647 2471
f 2467 2646 2645
f 2467 2645 2648
f 2467 2648 2649
f 2467 2649 2647
f 2468 2644 2469
f 2471 2647 2650
f 2471 2650 2651
f 2471 2651 2652
f 2471 2652 2653
f 2471 2653 2654
f 2471 2654 2655
f 2471 2655 2472
f 2472 2655 2473
f 2473 2656 2474
f 2473 2655 2654
f 2473 2654 2653
f 2473 2653 2652
f 2473 2652 2840
f 2473 2840 2994
f 2473 2994 3141
f 2473 3141 3290
f 2473 3290 3440
f 2473 3440 3589
f 2473 3589 3758
f 2473 3758 3925
f 2473 3925 4069
f 2473 4069 4068
f 2473 4068 4220
f 2473 4220 4380
f 2473 4380 4557
f 2473 4557 4628
f 2473 4628 4456
f 2473 4456 4297
f 2473 4297 4142
f 2473 4142 4141
f 2473 4141 4002
f 2473 4002 3836
f 2473 3836 3670
f 2473 3670 3515
f 2473 3515 3356
f 2473 3356 3215
f 2473 3215 3072
f 2473 3072 2922
f 2473 2922 2765
f 2473 2765 2764
f 2473 2764 2768
f 2473 2768 2763
f 2473 2763 2583
f 2473 2583 2769
f 2473 2769 2707
f 2473 2707 2706
f 2473 2706 2656
f 2474 2656 2475
f 2475 2656 2657
f 2475 2657 2658
f 2475 2658 2659
f 2475 2659 2476
f 2476 2659 2520
f 2476 2520 2519
f 2477 2660 2478
f 2477 2482 2637
f 2477 2637 2660
f 2478 2660 2661
f 2478 2661 2662
f 2478 2662 2479
f 2479 2481 2480
f 2479 2662 2663
f 2479 2663 2484
f 2484 2663 2664
f 2484 2664 2485
f 2485 2664 2665
f 2485 2665 2666
f 2485 2666 2667
f 2485 2667 2668
f 2485 2668 2489
f 2486 2489 2487
f 2487 2489 2668
f 2487 2668 2488
f 2490 2668 2669
f 2490 2669 2670
f 2490 2670 2491
f 2491 2670 2671
f 2491 2671 2672
f 2491 2672 2673
f 2491 2673 2674
f 2491 2674 2492
f 2492 2675 2493
f 2492 2674 2676
f 2492 2676 2675
f 2493 2675 2494
f 2494 2675 2495
f 2495 2675 2676
f 2495 2676 2677
f 2495 2677 2678
f 2495 2678 2498
f 2498 2678 2679
f 2498 2679 2680
f 2498 2680 2681
f 2499 2681 2683
f 2499 2683 2501
f 2499 2501 2500
f 2501 2682 2502
f 2501 2683 2861
f 2501 2861 2684
f 2501 2684 2685
f 2501 2685 2686
f 2501 2686 2682
f 2502 2682 2687
f 2502 2687 2505
f 2504 2505 2688
f 2504 2688 2506
f 2505 2687 2686
f 2505 2686 2688
f 2506 2688 2507
f 2507 2688 2689
f 2507 2689 2508
f 2508 2690 2509
f 2508 2689 2690
f 2509 2690 2691
f 2509 2691 2692
f 2509 2692 2693
f 2509 2693 2511
f 2510 2511 2694
f 2510 2694 2512
f 2511 2693 2694
f 2512 2694 2695
f 2512 2695 2513
f 2513 2695 2514
f 2514 2695 2696
f 2514 2696 2697
f 2514 2697 2515
f 2515 2697 2698
f 2515 2698 2699
f 2515 2699 2516
f 2516 2699 2698
f 2516 2698 2518
f 2517 2518 2639
f 2518 2698 2700
f 2518 2700 2701
f 2518 2701 2702
f 2518 2702 2703
f 2518 2703 2704
f 2518 2704 2639
f 2520 2659 2521
f 2521 2659 2658
f 2521 2658 2657
f 2521 2657 2522
f 2522 2657 2705
f 2522 2705 2706
f 2522 2706 2707
f 2522 2707 2523
f 2523 2707 2708
f 2523 2708 2709
f 2523 2709 2524
f 2524 2709 2710
f 2524 2710 2711
f 2524 2711 2525
f 2525 2711 2584
f 2525 2584 2526
f 2526 2584 2527
f 2527 2584 2529
f 2530 2532 2712
f 2530 2712 2531
f 2531 2712 2548
f 2532 2713 2714
f 2532 2714 2712
f 2532 2533 2536
f 2532 2536 2715
f 2532 2715 2713
f 2534 2716 2717
f 2534 2717 2535
f 2535 2717 2718
f 2535 2718 2719
f 2535 2719 2536
f 2536 2719 2715
f 2538 2615 2720
f 2538 2720 2539
f 2539 2720 2540
f 2540 2613 2541
f 2540 2720 2614
f 2540 2614 2613
f 2541 2613 2542
f 2544 2550 2721
f 2544 2721 2722
f 2544 2722 2545
f 2545 2722 2546
f 2546 2722 2723
f 2546 2723 2551
f 2546 2551 2547
f 2548 2712 2724
f 2548 2724 2725
f 2548 2725 2726
f 2548 2726 2549
f 2549 2726 2727
f 2549 2727 2550
f 2550 2727 2728
f 2550 2728 2729
f 2550 2729 2722
f 2550 2722 2721
f 2551 2723 2552
f 2552 2723 2730
f 2552 2730 2731
f 2552 2731 2732
f 2552 2732 2557
f 2552 2557 2553
f 2553 2557 2733
f 2553 2733 2554
f 2554 2733 2557
f 2554 2557 2555
f 2557 2732 2734
f 2557 2734 2735
f 2557 2735 2558
f 2558 2736 2559
f 2558 2735 2737
f 2558 2737 2738
f 2558 2738 2739
f 2558 2739 2740
f 2558 2740 2741
f 2558 2741 2742
f 2558 2742 2736
f 2559 2736 2560
f 2560 2736 2743
f 2560 2743 2744
f 2560 2744 2745
f 2560 2745 2746
f 2560 2746 2562
f 2560 2562 2561
f 2565 2747 2748
f 2565 2748 2749
f 2565 2749 2567
f 2565 2566 2747
f 2566 2579 2750
f 2566 2750 2751
f 2566 2751 2752
f 2566 2752 2748
f 2566 2748 2747
f 2567 2749 2568
f 2568 2749 2571
f 2569 2571 2749
f 2569 2749 2570
f 2570 2749 2753
f 2570 2753 2754
f 2570 2754 2572
f 2572 2755 2756
f 2572 2756 2757
f 2572 2757 2573
f 2572 2754 2758
f 2572 2758 2755
f 2573 2757 2759
f 2573 2759 2575
f 2575 2760 2761
f 2575 2761 2576
f 2575 2759 2762
f 2575 2762 2760
f 2576 2761 2577
f 2577 2761 2585
f 2578 2763 2579
f 2578 2583 2763
f 2579 2764 2765
f 2579 2765 2766
f 2579 2766 2767
f 2579 2767 2750
f 2579 2763 2768
f 2579 2768 2764
f 2581 2584 2711
f 2581 2711 2710
f 2581 2710 2709
f 2581 2709 2769
f 2581 2769 2582
f 2582 2769 2583
f 2585 2761 2586
f 2586 2770 2771
f 2586 2771 2587
f 2586 2761 2772
f 2586 2772 2773
f 2586 2773 2770
f 2587 2774 2588
f 2587 2771 2774
f 2588 2774 2775
f 2588 2775 2776
f 2588 2776 2777
f 2588 2777 2778
f 2588 2778 2779
f 2588 2779 2589
f 2589 2779 2780
f 2589 2780 2591
f 2591 2601 2592
f 2591 2780 2781
f 2591 2781 2601
f 2593 2607 2596
f 2593 2596 2782
f 2593 2782 2594
f 2594 2782 2595
f 2595 2782 2596
f 2596 2783 2597
f 2596 2607 2606
f 2596 2606 2783
f 2597 2783 2784
f 2597 2784 2598
f 2598 2784 2605
f 2598 2605 2785
f 2598 2785 2939
f 2598 2939 2786
f 2598 2786 2787
f 2598 2787 2599
f 2599 2608 2600
f 2601 2781 2788
f 2601 2788 2603
f 2601 2603 2602
f 2603 2788 2789
f 2603 2789 2790
f 2603 2790 2604
f 2604 2790 2605
f 2605 2790 2789
f 2605 2789 2791
f 2605 2791 2785
f 2605 2784 2606
f 2606 2784 2783
f 2609 2792 2610
f 2609 2787 2792
f 2610 2792 2793
f 2610 2793 2611
f 2611 2794 2795
f 2611 2793 2796
f 2611 2796 2797
f 2611 2797 2954
f 2611 2954 2794
f 2612 2795 2798
f 2612 2798 2616
f 2614 2720 2615
f 2617 2799 2800
f 2617 2800 2716
f 2617 2798 2795
f 2617 2795 2801
f 2617 2801 2799
f 2618 2620 2802
f 2618 2802 2803
f 2618 2803 2619
f 2619 2803 2804
f 2619 2804 2638
f 2620 2621 2805
f 2620 2805 2806
f 2620 2806 2802
f 2621 2624 2807
f 2621 2807 2808
f 2621 2808 2809
f 2621 2809 2810
f 2621 2810 2811
f 2621 2811 2805
f 2622 2629 2623
f 2623 2629 2624
f 2624 2629 2812
f 2624 2812 2807
f 2625 2628 2813
f 2625 2813 2814
f 2625 2814 2629
f 2626 2634 2633
f 2626 2633 2815
f 2626 2815 2627
f 2627 2815 2633
f 2627 2633 2816
f 2627 2816 2817
f 2627 2817 2628
f 2628 2817 2818
f 2628 2818 2819
f 2628 2819 2820
f 2628 2820 2814
f 2628 2814 2813
f 2629 2814 2821
f 2629 2821 2812
f 2631 2822 2632
f 2632 2822 2823
f 2632 2823 2633
f 2633 2823 2824
f 2633 2824 2825
f 2633 2825 2826
f 2633 2826 2827
f 2633 2827 2816
f 2635 2828 2829
f 2635 2829 2661
f 2635 2661 2636
f 2635 2638 2830
f 2635 2830 2828
f 2636 2661 2637
f 2637 2661 2660
f 2638 2831 2830
f 2638 2804 2832
f 2638 2832 2831
f 2639 2704 2703
f 2639 2703 2833
f 2639 2833 2640
f 2640 2833 2641
f 2641 2834 2835
f 2641 2835 2642
f 2641 2833 2834
f 2642 2835 2644
f 2642 2644 2643
f 2644 2648 2645
f 2644 2835 2836
f 2644 2836 2648
f 2647 2649 2650
f 2648 2836 2650
f 2648 2650 2649
f 2650 2836 2837
f 2650 2837 2838
f 2650 2838 2839
f 2650 2839 2840
f 2650 2840 2651
f 2651 2840 2652
f 2656 2706 2705
f 2656 2705 2657
f 2661 2829 2662
f 2662 2829 2665
f 2662 2665 2664
f 2662 2664 2663
f 2665 2829 2828
f 2665 2828 2841
f 2665 2841 2843
f 2665 2843 2666
f 2666 2842 2667
f 2666 2843 2844
f 2666 2844 2845
f 2666 2845 2842
f 2667 2842 2668
f 2668 2842 2669
f 2669 2842 2846
f 2669 2846 2671
f 2669 2671 2670
f 2671 2846 2847
f 2671 2847 2848
f 2671 2848 2672
f 2672 2848 2849
f 2672 2849 2850
f 2672 2850 2673
f 2673 2850 2851
f 2673 2851 2674
f 2674 2851 2852
f 2674 2852 2677
f 2674 2677 2676
f 2677 2852 2853
f 2677 2853 2678
f 2678 2853 2854
f 2678 2854 2679
f 2679 2855 2680
f 2679 2854 2856
f 2679 2856 2855
f 2680 2855 2857
f 2680 2857 2858
f 2680 2858 2681
f 2681 2858 2859
f 2681 2859 2860
f 2681 2860 2683
f 2682 2686 2687
f 2683 2860 2859
f 2683 2859 2862
f 2683 2862 2863
f 2683 2863 2864
f 2683 2864 2865
f 2683 2865 2861
f 2684 2861 2865
f 2684 2865 2685
f 2685 2865 2867
f 2685 2867 2690
f 2685 2690 2689
f 2685 2689 2866
f 2685 2866 2686
f 2686 2866 2688
f 2688 2866 2689
f 2690 2867 2868
f 2690 2868 2691
f 2691 2868 2869
f 2691 2869 2870
f 2691 2870 2692
f 2692 2870 2871
f 2692 2871 2693
f 2693 2871 2694
f 2694 2872 2695
f 2694 2871 2872
f 2695 2872 2696
f 2696 2700 2697
f 2696 2872 2873
f 2696 2873 2874
f 2696 2874 2875
f 2696 2875 2876
f 2696 2876 2877
f 2696 2877 2878
f 2696 2878 2700
f 2697 2700 2698
f 2700 2878 2701
f 2701 2878 2879
f 2701 2879 2702
f 2702 2833 2703
f 2702 2879 2880
f 2702 2880 2834
f 2702 2834 2833
f 2707 2769 2708
f 2708 2769 2709
f 2712 2714 2724
f 2713 2715 2881
f 2713 2881 2714
f 2714 2882 2883
f 2714 2883 2884
f 2714 2884 2724
f 2714 2881 2885
f 2714 2885 2882
f 2715 2719 2886
f 2715 2886 2881
f 2716 2887 2717
f 2716 2800 2887
f 2717 2887 2718
f 2718 2887 2886
f 2718 2886 2888
f 2718 2888 2719
f 2719 2888 2886
f 2722 2729 2723
f 2723 2889 2890
f 2723 2890 2891
f 2723 2891 2730
f 2723 2729 2892
f 2723 2892 2727
f 2723 2727 2893
f 2723 2893 2894
f 2723 2894 2895
f 2723 2895 2889
f 2724 2884 2896
f 2724 2896 2725
f 2725 2896 2897
f 2725 2897 2898
f 2725 2898 2894
f 2725 2894 2726
f 2726 2894 2899
f 2726 2899 2727
f 2727 2899 2893
f 2727 2892 2729
f 2727 2729 2728
f 2730 2900 2734
f 2730 2734 2731
f 2730 2891 2900
f 2731 2734 2732
f 2734 2900 2901
f 2734 2901 2902
f 2734 2902 2735
f 2735 2902 2737
f 2736 2742 2744
f 2736 2744 2743
f 2737 2739 2738
f 2737 2902 2903
f 2737 2903 2904
f 2737 2904 2905
f 2737 2905 2739
f 2739 2905 2741
f 2739 2741 2740
f 2741 2905 2906
f 2741 2906 2744
f 2741 2744 2742
f 2744 2906 2907
f 2744 2907 2908
f 2744 2908 2909
f 2744 2909 2910
f 2744 2910 2911
f 2744 2911 2912
f 2744 2912 2745
f 2745 2912 2746
f 2748 2752 2749
f 2749 2913 2914
f 2749 2914 2754
f 2749 2754 2753
f 2749 2752 2913
f 2750 2767 2751
f 2751 2767 2752
f 2752 2767 2913
f 2754 2914 2758
f 2755 2758 2915
f 2755 2915 2916
f 2755 2916 2917
f 2755 2917 2756
f 2756 2917 2918
f 2756 2918 2757
f 2757 2918 2762
f 2757 2762 2759
f 2758 2914 2919
f 2758 2919 2915
f 2760 2762 2920
f 2760 2920 2921
f 2760 2921 2761
f 2761 2921 2772
f 2762 2918 2917
f 2762 2917 2916
f 2762 2916 2920
f 2765 2922 2766
f 2766 2922 2767
f 2767 2922 2923
f 2767 2923 2924
f 2767 2924 2925
f 2767 2925 2913
f 2770 2926 2774
f 2770 2774 2771
f 2770 2773 2927
f 2770 2927 2928
f 2770 2928 2926
f 2772 2927 2773
f 2772 2921 2929
f 2772 2929 2927
f 2774 2926 2775
f 2775 2930 2931
f 2775 2931 2776
f 2775 2926 2932
f 2775 2932 2933
f 2775 2933 2930
f 2776 2931 2934
f 2776 2934 2777
f 2777 2934 2935
f 2777 2935 2778
f 2778 2935 2780
f 2778 2780 2779
f 2780 2935 2936
f 2780 2936 2937
f 2780 2937 2781
f 2781 2937 2938
f 2781 2938 2788
f 2785 2791 2946
f 2785 2946 2939
f 2786 2939 2940
f 2786 2940 2941
f 2786 2941 2942
f 2786 2942 2787
f 2787 2942 2943
f 2787 2943 2944
f 2787 2944 2945
f 2787 2945 2792
f 2788 2938 2789
f 2789 2938 2791
f 2791 2938 2947
f 2791 2947 2948
f 2791 2948 2949
f 2791 2949 3101
f 2791 3101 2946
f 2792 2945 2793
f 2793 2945 2950
f 2793 2950 2951
f 2793 2951 2952
f 2793 2952 2796
f 2794 2953 2795
f 2794 2954 2955
f 2794 2955 2953
f 2795 2953 2956
f 2795 2956 2801
f 2796 2952 2957
f 2796 2957 2958
f 2796 2958 2797
f 2797 2958 2959
f 2797 2959 2954
f 2799 2960 2800
f 2799 2801 2960
f 2800 2961 2887
f 2800 2960 2962
f 2800 2962 2963
f 2800 2963 2964
f 2800 2964 2961
f 2801 2963 2962
f 2801 2962 2960
f 2801 2956 2965
f 2801 2965 2966
f 2801 2966 2963
f 2802 2806 2967
f 2802 2967 2803
f 2803 2832 2804
f 2803 2967 2806
f 2803 2806 2811
f 2803 2811 2968
f 2803 2968 2832
f 2805 2811 2806
f 2807 2812 2808
f 2808 2812 2809
f 2809 2969 2810
f 2809 2812 2970
f 2809 2970 2971
f 2809 2971 2969
f 2810 2972 2811
f 2810 2969 2973
f 2810 2973 2972
f 2811 2972 2974
f 2811 2974 2968
f 2812 2821 2975
f 2812 2975 2976
f 2812 2976 2970
f 2814 2820 2975
f 2814 2975 2821
f 2816 2827 2818
f 2816 2818 2817
f 2818 2827 2977
f 2818 2977 2978
f 2818 2978 2979
f 2818 2979 2980
f 2818 2980 2819
f 2819 2975 2820
f 2819 2980 2975
f 2823 2981 2824
f 2824 2981 2982
f 2824 2982 2983
f 2824 2983 2825
f 2825 2983 2826
f 2826 2983 2827
f 2827 2983 2977
f 2828 2830 2832
f 2828 2832 2984
f 2828 2984 2985
f 2828 2985 2986
f 2828 2986 2987
f 2828 2987 2841
f 2830 2831 2832
f 2832 2968 2974
f 2832 2974 2984
f 2834 2880 2988
f 2834 2988 2835
f 2835 2989 2836
f 2835 2988 2990
f 2835 2990 2989
f 2836 2989 2991
f 2836 2991 2992
f 2836 2992 2993
f 2836 2993 2837
f 2837 2993 2838
f 2838 2994 2839
f 2838 2993 2992
f 2838 2992 2995
f 2838 2995 2996
f 2838 2996 2997
f 2838 2997 2998
f 2838 2998 2994
f 2839 2994 2840
f 2841 2987 2843
f 2842 2845 2847
f 2842 2847 2846
f 2843 2987 2999
f 2843 2999 3000
f 2843 3000 2844
f 2844 3001 3002
f 2844 3002 2847
f 2844 2847 2845
f 2844 3000 3001
f 2847 3002 2848
f 2848 3002 3003
f 2848 3003 2849
f 2849 3003 3004
f 2849 3004 3005
f 2849 3005 2850
f 2850 3005 3006
f 2850 3006 2851
f 2851 3006 2852
f 2852 3006 2853
f 2853 3006 2854
f 2854 3006 3007
f 2854 3007 3008
f 2854 3008 3009
f 2854 3009 2856
f 2855 2856 2857
f 2856 3009 3010
f 2856 3010 3011
f 2856 3011 2858
f 2856 2858 2857
f 2858 3011 3012
f 2858 3012 2859
f 2859 3012 3013
f 2859 3013 3014
f 2859 3014 3015
f 2859 3015 2862
f 2862 3015 3016
f 2862 3016 3017
f 2862 3017 3018
f 2862 3018 2863
f 2863 3018 2864
f 2864 3018 3019
f 2864 3019 3020
f 2864 3020 3021
f 2864 3021 3022
f 2864 3022 2865
f 2865 3022 2867
f 2867 3023 3024
f 2867 3024 2869
f 2867 2869 2868
f 2867 3022 3023
f 2869 3024 2870
f 2870 3025 3026
f 2870 3026 2871
f 2870 3024 3025
f 2871 3026 3027
f 2871 3027 3028
f 2871 3028 3029
f 2871 3029 2872
f 2872 3029 3030
f 2872 3030 2874
f 2872 2874 2873
f 2874 3030 2875
f 2875 3031 3180
f 2875 3180 3032
f 2875 3032 3033
f 2875 3033 2876
f 2875 3030 3175
f 2875 3175 3031
f 2876 3033 2877
f 2877 3034 3035
f 2877 3035 2879
f 2877 2879 2878
f 2877 3033 3034
f 2879 3035 3036
f 2879 3036 3037
f 2879 3037 2988
f 2879 2988 2880
f 2881 2886 2964
f 2881 2964 2885
f 2882 2885 2963
f 2882 2963 3038
f 2882 3038 3039
f 2882 3039 3040
f 2882 3040 3041
f 2882 3041 3042
f 2882 3042 3043
f 2882 3043 3044
f 2882 3044 2896
f 2882 2896 2884
f 2882 2884 2883
f 2885 2964 2963
f 2886 2887 2961
f 2886 2961 2964
f 2889 2895 3045
f 2889 3045 3046
f 2889 3046 2890
f 2890 3046 2900
f 2890 2900 2891
f 2893 2899 2894
f 2894 2898 2897
f 2894 2897 3047
f 2894 3047 2895
f 2895 3047 3048
f 2895 3048 3045
f 2896 3044 3043
f 2896 3043 2897
f 2897 3043 3049
f 2897 3049 3050
f 2897 3050 3047
f 2900 3046 2901
f 2901 3046 3051
f 2901 3051 2902
f 2902 3051 3052
f 2902 3052 2903
f 2903 3052 3053
f 2903 3053 2904
f 2904 3054 3055
f 2904 3055 3056
f 2904 3056 3057
f 2904 3057 2907
f 2904 2907 2906
f 2904 2906 2905
f 2904 3053 3054
f 2907 3057 3058
f 2907 3058 2908
f 2908 3058 2909
f 2909 3058 2910
f 2910 3058 3059
f 2910 3059 3060
f 2910 3060 3061
f 2910 3061 2911
f 2913 2925 3062
f 2913 3062 3063
f 2913 3063 3064
f 2913 3064 3065
f 2913 3065 2914
f 2914 3065 3066
f 2914 3066 3067
f 2914 3067 2919
f 2915 2919 2916
f 2916 2919 3068
f 2916 3068 3069
f 2916 3069 3070
f 2916 3070 2920
f 2919 3067 3068
f 2920 3070 3071
f 2920 3071 2929
f 2920 2929 2921
f 2922 3072 2923
f 2923 3072 2924
f 2924 3062 2925
f 2924 3072 3073
f 2924 3073 3074
f 2924 3074 3075
f 2924 3075 3076
f 2924 3076 3063
f 2924 3063 3062
f 2926 2928 2932
f 2927 3077 2928
f 2927 2929 3077
f 2928 3077 3078
f 2928 3078 2933
f 2928 2933 2932
f 2929 3079 3080
f 2929 3080 3081
f 2929 3081 3082
f 2929 3082 3077
f 2929 3071 3083
f 2929 3083 3079
f 2930 2933 3084
f 2930 3084 3085
f 2930 3085 3086
f 2930 3086 3087
f 2930 3087 2931
f 2931 3087 3101
f 2931 3101 2949
f 2931 2949 2934
f 2933 3078 3084
f 2934 3088 2935
f 2934 2949 3089
f 2934 3089 3088
f 2935 3088 3089
f 2935 3089 2936
f 2936 2947 2938
f 2936 2938 2937
f 2936 3089 2948
f 2936 2948 2947
f 2939 2946 3090
f 2939 3090 3091
f 2939 3091 3092
f 2939 3092 3093
f 2939 3093 3094
f 2939 3094 3095
f 2939 3095 3096
f 2939 3096 2940
f 2940 3096 2941
f 2941 3096 3097
f 2941 3097 2942
f 2942 3097 3098
f 2942 3098 2943
f 2943 3099 3100
f 2943 3100 2944
f 2943 3098 3099
f 2944 3100 2945
f 2945 3100 2951
f 2945 2951 2950
f 2946 3101 3102
f 2946 3102 3103
f 2946 3103 3104
f 2946 3104 3090
f 2948 3089 2949
f 2951 3100 3105
f 2951 3105 2952
f 2952 3105 3106
f 2952 3106 3107
f 2952 3107 3108
f 2952 3108 3109
f 2952 3109 2957
f 2953 2955 2956
f 2954 2956 2955
f 2954 2959 3110
f 2954 3110 3111
f 2954 3111 2956
f 2956 3111 2965
f 2957 3109 3258
f 2957 3258 3110
f 2957 3110 2959
f 2957 2959 2958
f 2963 2966 3112
f 2963 3112 3038
f 2965 3111 2966
f 2966 3111 3110
f 2966 3110 3113
f 2966 3113 3112
f 2969 2971 3114
f 2969 3114 3115
f 2969 3115 2973
f 2970 2976 2971
f 2971 2976 3114
f 2972 2973 3116
f 2972 3116 3117
f 2972 3117 2974
f 2973 3115 3118
f 2973 3118 3119
f 2973 3119 3116
f 2974 3117 3120
f 2974 3120 2984
f 2975 2980 3121
f 2975 3121 3122
f 2975 3122 2976
f 2976 3122 3114
f 2977 2983 3123
f 2977 3123 2978
f 2978 3124 2979
f 2978 3123 3124
f 2979 3125 2980
f 2979 3124 3126
f 2979 3126 3127
f 2979 3127 3128
f 2979 3128 3125
f 2980 3125 3121
f 2982 3129 3130
f 2982 3130 2983
f 2982 3131 3129
f 2983 3130 3129
f 2983 3129 3132
f 2983 3132 3133
f 2983 3133 3123
f 2984 3120 3134
f 2984 3134 2985
f 2985 3134 3287
f 2985 3287 3135
f 2985 3135 3136
f 2985 3136 2986
f 2986 3136 2987
f 2987 3136 3137
f 2987 3137 2999
f 2988 3037 3138
f 2988 3138 2990
f 2989 2990 3138
f 2989 3138 2991
f 2991 3138 2992
f 2992 3037 3036
f 2992 3036 3139
f 2992 3139 2995
f 2992 3138 3037
f 2994 2998 3140
f 2994 3140 3141
f 2995 3139 3035
f 2995 3035 3142
f 2995 3142 3143
f 2995 3143 3144
f 2995 3144 2996
f 2996 3144 3145
f 2996 3145 2997
f 2997 3145 2998
f 2998 3145 3146
f 2998 3146 3140
f 2999 3137 3000
f 3000 3137 3147
f 3000 3147 3001
f 3001 3148 3002
f 3001 3147 3148
f 3002 3149 3003
f 3002 3148 3150
f 3002 3150 3151
f 3002 3151 3149
f 3003 3149 3004
f 3004 3152 3153
f 3004 3153 3007
f 3004 3007 3005
f 3004 3149 3154
f 3004 3154 3155
f 3004 3155 3156
f 3004 3156 3157
f 3004 3157 3152
f 3005 3007 3006
f 3007 3153 3008
f 3008 3153 3158
f 3008 3158 3009
f 3009 3158 3159
f 3009 3159 3010
f 3010 3159 3160
f 3010 3160 3161
f 3010 3161 3162
f 3010 3162 3013
f 3010 3013 3012
f 3010 3012 3011
f 3013 3163 3016
f 3013 3016 3014
f 3013 3162 3163
f 3014 3016 3015
f 3016 3163 3164
f 3016 3164 3017
f 3017 3019 3018
f 3017 3164 3019
f 3019 3165 3020
f 3019 3164 3166
f 3019 3166 3167
f 3019 3167 3168
f 3019 3168 3165
f 3020 3165 3169
f 3020 3169 3022
f 3020 3022 3021
f 3022 3169 3023
f 3023 3169 3168
f 3023 3168 3024
f 3024 3168 3170
f 3024 3170 3171
f 3024 3171 3025
f 3025 3171 3172
f 3025 3172 3173
f 3025 3173 3026
f 3026 3173 3174
f 3026 3174 3028
f 3026 3028 3027
f 3028 3174 3175
f 3028 3175 3030
f 3028 3030 3029
f 3031 3176 3177
f 3031 3177 3178
f 3031 3178 3179
f 3031 3179 3180
f 3031 3175 3176
f 3032 3180 3179
f 3032 3179 3033
f 3033 3179 3325
f 3033 3325 3181
f 3033 3181 3182
f 3033 3182 3183
f 3033 3183 3034
f 3034 3183 3035
f 3035 3183 3142
f 3035 3139 3036
f 3038 3112 3039
f 3039 3184 3185
f 3039 3185 3040
f 3039 3112 3184
f 3040 3185 3041
f 3041 3185 3186
f 3041 3186 3042
f 3042 3186 3043
f 3043 3186 3049
f 3045 3048 3046
f 3046 3187 3188
f 3046 3188 3189
f 3046 3189 3051
f 3046 3048 3187
f 3047 3050 3190
f 3047 3190 3048
f 3048 3190 3191
f 3048 3191 3192
f 3048 3192 3193
f 3048 3193 3187
f 3049 3194 3195
f 3049 3195 3196
f 3049 3196 3050
f 3049 3186 3329
f 3049 3329 3194
f 3050 3196 3190
f 3051 3197 3052
f 3051 3189 3197
f 3052 3197 3053
f 3053 3197 3198
f 3053 3198 3199
f 3053 3199 3054
f 3054 3200 3055
f 3054 3199 3200
f 3055 3200 3201
f 3055 3201 3202
f 3055 3202 3056
f 3056 3202 3203
f 3056 3203 3057
f 3057 3203 3058
f 3058 3204 3205
f 3058 3205 3059
f 3058 3203 3206
f 3058 3206 3207
f 3058 3207 3204
f 3059 3205 3204
f 3059 3204 3208
f 3063 3076 3209
f 3063 3209 3210
f 3063 3210 3211
f 3063 3211 3212
f 3063 3212 3064
f 3064 3212 3065
f 3065 3212 3066
f 3066 3212 3067
f 3067 3211 3069
f 3067 3069 3068
f 3067 3212 3211
f 3069 3071 3070
f 3069 3211 3210
f 3069 3210 3213
f 3069 3213 3071
f 3071 3213 3214
f 3071 3214 3083
f 3072 3215 3216
f 3072 3216 3073
f 3073 3216 3217
f 3073 3217 3218
f 3073 3218 3074
f 3074 3218 3075
f 3075 3218 3219
f 3075 3219 3076
f 3076 3219 3220
f 3076 3220 3221
f 3076 3221 3213
f 3076 3213 3209
f 3077 3222 3223
f 3077 3223 3078
f 3077 3082 3222
f 3078 3223 3224
f 3078 3224 3084
f 3079 3225 3080
f 3079 3083 3226
f 3079 3226 3227
f 3079 3227 3225
f 3080 3225 3364
f 3080 3364 3228
f 3080 3228 3369
f 3080 3369 3229
f 3080 3229 3222
f 3080 3222 3081
f 3081 3222 3082
f 3083 3214 3230
f 3083 3230 3226
f 3084 3224 3362
f 3084 3362 3231
f 3084 3231 3085
f 3085 3231 3086
f 3086 3231 3232
f 3086 3232 3087
f 3087 3233 3101
f 3087 3232 3234
f 3087 3234 3233
f 3090 3104 3235
f 3090 3235 3236
f 3090 3236 3091
f 3091 3236 3092
f 3092 3236 3237
f 3092 3237 3093
f 3093 3237 3238
f 3093 3238 3239
f 3093 3239 3240
f 3093 3240 3241
f 3093 3241 3094
f 3094 3242 3243
f 3094 3243 3095
f 3094 3241 3242
f 3095 3243 3242
f 3095 3242 3096
f 3096 3242 3240
f 3096 3240 3097
f 3097 3240 3098
f 3098 3240 3244
f 3098 3244 3245
f 3098 3245 3246
f 3098 3246 3247
f 3098 3247 3248
f 3098 3248 3099
f 3099 3106 3100
f 3099 3248 3106
f 3100 3106 3105
f 3101 3249 3250
f 3101 3250 3102
f 3101 3233 3249
f 3102 3251 3103
f 3102 3250 3251
f 3103 3251 3104
f 3104 3251 3252
f 3104 3252 3253
f 3104 3253 3235
f 3106 3248 3107
f 3107 3248 3254
f 3107 3254 3255
f 3107 3255 3108
f 3108 3255 3256
f 3108 3256 3257
f 3108 3257 3109
f 3109 3257 3259
f 3109 3259 3258
f 3110 3258 3113
f 3112 3113 3258
f 3112 3258 3260
f 3112 3260 3261
f 3112 3261 3184
f 3114 3122 3121
f 3114 3121 3262
f 3114 3262 3263
f 3114 3263 3264
f 3114 3264 3265
f 3114 3265 3266
f 3114 3266 3118
f 3114 3118 3115
f 3116 3119 3268
f 3116 3268 3267
f 3116 3267 3134
f 3116 3134 3117
f 3117 3134 3120
f 3118 3266 3119
f 3119 3266 3269
f 3119 3269 3268
f 3121 3270 3263
f 3121 3263 3262
f 3121 3125 3271
f 3121 3271 3272
f 3121 3272 3273
f 3121 3273 3270
f 3123 3133 3274
f 3123 3274 3275
f 3123 3275 3124
f 3124 3275 3126
f 3125 3128 3276
f 3125 3276 3277
f 3125 3277 3278
f 3125 3278 3271
f 3126 3275 3127
f 3127 3276 3128
f 3127 3275 3279
f 3127 3279 3274
f 3127 3274 3280
f 3127 3280 3281
f 3127 3281 3282
f 3127 3282 3276
f 3129 3131 3283
f 3129 3283 3132
f 3132 3283 3133
f 3133 3284 3274
f 3133 3283 3285
f 3133 3285 3284
f 3134 3267 3286
f 3134 3286 3287
f 3135 3137 3136
f 3135 3287 3288
f 3135 3288 3137
f 3137 3288 3289
f 3137 3289 3147
f 3140 3146 3141
f 3141 3146 3292
f 3141 3292 3290
f 3142 3183 3291
f 3142 3291 3143
f 3143 3291 3144
f 3144 3291 3145
f 3145 3291 3146
f 3146 3291 3442
f 3146 3442 3292
f 3147 3289 3293
f 3147 3293 3148
f 3148 3293 3150
f 3149 3151 3294
f 3149 3294 3154
f 3150 3293 3151
f 3151 3293 3295
f 3151 3295 3296
f 3151 3296 3297
f 3151 3297 3298
f 3151 3298 3299
f 3151 3299 3294
f 3152 3157 3153
f 3153 3157 3300
f 3153 3300 3301
f 3153 3301 3302
f 3153 3302 3303
f 3153 3303 3159
f 3153 3159 3158
f 3154 3294 3155
f 3155 3298 3304
f 3155 3304 3157
f 3155 3157 3156
f 3155 3294 3299
f 3155 3299 3298
f 3157 3304 3300
f 3159 3303 3305
f 3159 3305 3160
f 3160 3305 3306
f 3160 3306 3307
f 3160 3307 3308
f 3160 3308 3161
f 3161 3308 3309
f 3161 3309 3162
f 3162 3166 3164
f 3162 3164 3163
f 3162 3309 3310
f 3162 3310 3311
f 3162 3311 3167
f 3162 3167 3166
f 3165 3168 3169
f 3167 3311 3312
f 3167 3312 3168
f 3168 3312 3313
f 3168 3313 3170
f 3170 3313 3314
f 3170 3314 3315
f 3170 3315 3171
f 3171 3315 3172
f 3172 3316 3173
f 3172 3315 3317
f 3172 3317 3316
f 3173 3316 3177
f 3173 3177 3318
f 3173 3318 3176
f 3173 3176 3175
f 3173 3175 3174
f 3176 3318 3177
f 3177 3316 3319
f 3177 3319 3320
f 3177 3320 3321
f 3177 3321 3322
f 3177 3322 3323
f 3177 3323 3178
f 3178 3323 3179
f 3179 3323 3324
f 3179 3324 3325
f 3181 3325 3477
f 3181 3477 3326
f 3181 3326 3182
f 3182 3326 3183
f 3183 3326 3291
f 3184 3261 3327
f 3184 3327 3185
f 3185 3328 3329
f 3185 3329 3186
f 3185 3327 3328
f 3187 3193 3330
f 3187 3330 3188
f 3188 3330 3197
f 3188 3197 3189
f 3190 3196 3191
f 3191 3196 3331
f 3191 3331 3192
f 3192 3331 3332
f 3192 3332 3333
f 3192 3333 3330
f 3192 3330 3193
f 3194 3334 3335
f 3194 3335 3336
f 3194 3336 3195
f 3194 3329 3328
f 3194 3328 3334
f 3195 3336 3337
f 3195 3337 3338
f 3195 3338 3196
f 3196 3338 3339
f 3196 3339 3331
f 3197 3330 3340
f 3197 3340 3341
f 3197 3341 3342
f 3197 3342 3343
f 3197 3343 3344
f 3197 3344 3345
f 3197 3345 3346
f 3197 3346 3198
f 3198 3346 3347
f 3198 3347 3199
f 3199 3347 3348
f 3199 3348 3201
f 3199 3201 3200
f 3201 3348 3202
f 3202 3348 3349
f 3202 3349 3350
f 3202 3350 3203
f 3203 3350 3206
f 3204 3207 3351
f 3204 3351 3208
f 3206 3350 3352
f 3206 3352 3353
f 3206 3353 3351
f 3206 3351 3207
f 3209 3213 3210
f 3213 3221 3220
f 3213 3220 3354
f 3213 3354 3355
f 3213 3355 3230
f 3213 3230 3214
f 3215 3356 3357
f 3215 3357 3216
f 3216 3357 3217
f 3217 3358 3359
f 3217 3359 3354
f 3217 3354 3218
f 3217 3357 3358
f 3218 3354 3219
f 3219 3354 3220
f 3222 3360 3361
f 3222 3361 3223
f 3222 3229 3369
f 3222 3369 3360
f 3223 3361 3362
f 3223 3362 3224
f 3225 3227 3363
f 3225 3363 3522
f 3225 3522 3364
f 3226 3365 3227
f 3226 3230 3355
f 3226 3355 3365
f 3227 3365 3363
f 3228 3364 3366
f 3228 3366 3367
f 3228 3367 3368
f 3228 3368 3360
f 3228 3360 3369
f 3231 3362 3370
f 3231 3370 3371
f 3231 3371 3372
f 3231 3372 3373
f 3231 3373 3374
f 3231 3374 3232
f 3232 3374 3375
f 3232 3375 3376
f 3232 3376 3377
f 3232 3377 3234
f 3233 3234 3378
f 3233 3378 3379
f 3233 3379 3380
f 3233 3380 3249
f 3234 3377 3378
f 3235 3381 3236
f 3235 3253 3381
f 3236 3381 3237
f 3237 3381 3382
f 3237 3382 3238
f 3238 3382 3383
f 3238 3383 3239
f 3239 3383 3384
f 3239 3384 3385
f 3239 3385 3386
f 3239 3386 3245
f 3239 3245 3244
f 3239 3244 3240
f 3240 3242 3241
f 3245 3386 3387
f 3245 3387 3246
f 3246 3387 3388
f 3246 3388 3247
f 3247 3254 3248
f 3247 3388 3256
f 3247 3256 3254
f 3249 3380 3250
f 3250 3380 3251
f 3251 3380 3379
f 3251 3379 3252
f 3252 3379 3253
f 3253 3379 3389
f 3253 3389 3390
f 3253 3390 3391
f 3253 3391 3392
f 3253 3392 3381
f 3254 3256 3255
f 3256 3388 3393
f 3256 3393 3394
f 3256 3394 3395
f 3256 3395 3396
f 3256 3396 3257
f 3257 3396 3397
f 3257 3397 3259
f 3258 3259 3260
f 3259 3398 3399
f 3259 3399 3260
f 3259 3397 3400
f 3259 3400 3401
f 3259 3401 3402
f 3259 3402 3403
f 3259 3403 3398
f 3260 3399 3403
f 3260 3403 3327
f 3260 3327 3261
f 3263 3404 3264
f 3263 3270 3405
f 3263 3405 3406
f 3263 3406 3407
f 3263 3407 3408
f 3263 3408 3409
f 3263 3409 3404
f 3264 3404 3410
f 3264 3410 3265
f 3265 3410 3411
f 3265 3411 3266
f 3266 3412 3413
f 3266 3413 3269
f 3266 3411 3412
f 3267 3268 3286
f 3268 3269 3413
f 3268 3413 3412
f 3268 3412 3414
f 3268 3414 3415
f 3268 3415 3286
f 3270 3273 3416
f 3270 3416 3417
f 3270 3417 3418
f 3270 3418 3419
f 3270 3419 3405
f 3271 3278 3420
f 3271 3420 3421
f 3271 3421 3272
f 3272 3416 3273
f 3272 3421 3416
f 3274 3422 3423
f 3274 3423 3424
f 3274 3424 3425
f 3274 3425 3426
f 3274 3426 3280
f 3274 3279 3275
f 3274 3284 3422
f 3276 3282 3277
f 3277 3282 3420
f 3277 3420 3278
f 3280 3426 3281
f 3281 3426 3282
f 3282 3426 3425
f 3282 3425 3427
f 3282 3427 3428
f 3282 3428 3429
f 3282 3429 3420
f 3283 3430 3431
f 3283 3431 3285
f 3284 3285 3422
f 3285 3431 3422
f 3286 3432 3287
f 3286 3415 3433
f 3286 3433 3432
f 3287 3432 3288
f 3288 3432 3434
f 3288 3434 3435
f 3288 3435 3436
f 3288 3436 3437
f 3288 3437 3438
f 3288 3438 3289
f 3289 3438 3293
f 3290 3292 3443
f 3290 3443 3439
f 3290 3439 3440
f 3291 3326 3441
f 3291 3441 3442
f 3292 3442 3590
f 3292 3590 3443
f 3293 3438 3444
f 3293 3444 3295
f 3295 3444 3437
f 3295 3437 3445
f 3295 3445 3296
f 3296 3445 3446
f 3296 3446 3297
f 3297 3446 3447
f 3297 3447 3448
f 3297 3448 3449
f 3297 3449 3304
f 3297 3304 3298
f 3300 3304 3301
f 3301 3304 3449
f 3301 3449 3450
f 3301 3450 3451
f 3301 3451 3452
f 3301 3452 3302
f 3302 3452 3303
f 3303 3452 3306
f 3303 3306 3305
f 3306 3452 3451
f 3306 3451 3453
f 3306 3453 3454
f 3306 3454 3455
f 3306 3455 3307
f 3307 3456 3308
f 3307 3455 3456
f 3308 3457 3309
f 3308 3456 3458
f 3308 3458 3457
f 3309 3457 3459
f 3309 3459 3310
f 3310 3459 3311
f 3311 3460 3461
f 3311 3461 3462
f 3311 3462 3463
f 3311 3463 3464
f 3311 3464 3313
f 3311 3313 3312
f 3311 3459 3460
f 3313 3464 3465
f 3313 3465 3314
f 3314 3317 3315
f 3314 3465 3466
f 3314 3466 3467
f 3314 3467 3319
f 3314 3319 3468
f 3314 3468 3317
f 3316 3317 3468
f 3316 3468 3319
f 3319 3467 3320
f 3320 3469 3321
f 3320 3467 3469
f 3321 3470 3471
f 3321 3471 3472
f 3321 3472 3322
f 3321 3469 3470
f 3322 3473 3474
f 3322 3474 3323
f 3322 3472 3473
f 3323 3474 3475
f 3323 3475 3324
f 3324 3475 3476
f 3324 3476 3477
f 3324 3477 3325
f 3326 3477 3441
f 3327 3403 3328
f 3328 3403 3478
f 3328 3478 3334
f 3330 3479 3480
f 3330 3480 3341
f 3330 3341 3481
f 3330 3481 3340
f 3330 3333 3332
f 3330 3332 3479
f 3331 3482 3332
f 3331 3339 3482
f 3332 3482 3479
f 3334 3483 3484
f 3334 3484 3485
f 3334 3485 3335
f 3334 3478 3483
f 3335 3485 3486
f 3335 3486 3336
f 3336 3486 3337
f 3337 3487 3488
f 3337 3488 3338
f 3337 3486 3487
f 3338 3488 3339
f 3339 3488 3489
f 3339 3489 3482
f 3340 3481 3341
f 3341 3480 3490
f 3341 3490 3491
f 3341 3491 3492
f 3341 3492 3493
f 3341 3493 3494
f 3341 3494 3495
f 3341 3495 3342
f 3342 3495 3494
f 3342 3494 3496
f 3342 3496 3497
f 3342 3497 3343
f 3343 3498 3344
f 3343 3497 3498
f 3344 3498 3499
f 3344 3499 3345
f 3345 3499 3500
f 3345 3500 3501
f 3345 3501 3346
f 3346 3501 3502
f 3346 3502 3347
f 3347 3502 3503
f 3347 3503 3348
f 3348 3503 3504
f 3348 3504 3505
f 3348 3505 3350
f 3348 3350 3349
f 3350 3506 3507
f 3350 3507 3508
f 3350 3508 3509
f 3350 3509 3510
f 3350 3510 3352
f 3350 3505 3506
f 3351 3353 3511
f 3351 3511 3512
f 3352 3510 3353
f 3353 3510 3511
f 3354 3359 3513
f 3354 3513 3524
f 3354 3524 3365
f 3354 3365 3355
f 3356 3514 3357
f 3356 3515 3514
f 3357 3514 3516
f 3357 3516 3358
f 3358 3516 3359
f 3359 3516 3517
f 3359 3517 3513
f 3360 3368 3518
f 3360 3518 3519
f 3360 3519 3520
f 3360 3520 3361
f 3361 3520 3521
f 3361 3521 3362
f 3362 3521 3370
f 3363 3365 3524
f 3363 3524 3522
f 3364 3522 3679
f 3364 3679 3523
f 3364 3523 3366
f 3366 3523 3525
f 3366 3525 3526
f 3366 3526 3367
f 3367 3527 3528
f 3367 3528 3529
f 3367 3529 3530
f 3367 3530 3519
f 3367 3519 3518
f 3367 3518 3368
f 3367 3526 3527
f 3370 3521 3371
f 3371 3519 3372
f 3371 3521 3520
f 3371 3520 3519
f 3372 3519 3531
f 3372 3531 3532
f 3372 3532 3373
f 3373 3532 3374
f 3374 3532 3375
f 3375 3532 3376
f 3376 3533 3377
f 3376 3532 3534
f 3376 3534 3533
f 3377 3533 3535
f 3377 3535 3391
f 3377 3391 3390
f 3377 3390 3389
f 3377 3389 3378
f 3378 3389 3379
f 3381 3392 3382
f 3382 3392 3383
f 3383 3536 3384
f 3383 3392 3391
f 3383 3391 3537
f 3383 3537 3535
f 3383 3535 3538
f 3383 3538 3539
f 3383 3539 3536
f 3384 3540 3385
f 3384 3536 3540
f 3385 3540 3541
f 3385 3541 3542
f 3385 3542 3543
f 3385 3543 3386
f 3386 3543 3388
f 3386 3388 3387
f 3388 3543 3544
f 3388 3544 3545
f 3388 3545 3546
f 3388 3546 3547
f 3388 3547 3548
f 3388 3548 3393
f 3391 3535 3537
f 3393 3548 3395
f 3393 3395 3394
f 3395 3548 3549
f 3395 3549 3550
f 3395 3550 3551
f 3395 3551 3552
f 3395 3552 3396
f 3396 3552 3400
f 3396 3400 3397
f 3398 3403 3399
f 3400 3552 3553
f 3400 3553 3554
f 3400 3554 3555
f 3400 3555 3402
f 3400 3402 3401
f 3402 3478 3403
f 3402 3555 3556
f 3402 3556 3478
f 3404 3409 3557
f 3404 3557 3410
f 3405 3419 3558
f 3405 3558 3406
f 3406 3558 3407
f 3407 3558 3559
f 3407 3559 3560
f 3407 3560 3561
f 3407 3561 3409
f 3407 3409 3408
f 3409 3561 3562
f 3409 3562 3563
f 3409 3563 3557
f 3410 3564 3411
f 3410 3557 3564
f 3411 3564 3565
f 3411 3565 3412
f 3412 3565 3566
f 3412 3566 3414
f 3414 3566 3567
f 3414 3567 3568
f 3414 3568 3433
f 3414 3433 3415
f 3416 3421 3417
f 3417 3421 3420
f 3417 3420 3569
f 3417 3569 3570
f 3417 3570 3571
f 3417 3571 3418
f 3418 3571 3558
f 3418 3558 3419
f 3420 3429 3572
f 3420 3572 3569
f 3422 3431 3423
f 3423 3573 3425
f 3423 3425 3424
f 3423 3431 3430
f 3423 3430 3574
f 3423 3574 3575
f 3423 3575 3576
f 3423 3576 3577
f 3423 3577 3573
f 3425 3578 3427
f 3425 3573 3579
f 3425 3579 3578
f 3427 3578 3428
f 3428 3578 3429
f 3429 3578 3580
f 3429 3580 3572
f 3432 3433 3434
f 3433 3568 3581
f 3433 3581 3582
f 3433 3582 3434
f 3434 3582 3435
f 3435 3583 3436
f 3435 3582 3584
f 3435 3584 3583
f 3436 3583 3585
f 3436 3585 3437
f 3437 3585 3445
f 3437 3444 3438
f 3439 3443 3586
f 3439 3586 3440
f 3440 3587 3588
f 3440 3588 3589
f 3440 3586 3587
f 3441 3477 3476
f 3441 3476 3590
f 3441 3590 3442
f 3443 3591 3586
f 3443 3590 3591
f 3445 3585 3592
f 3445 3592 3593
f 3445 3593 3594
f 3445 3594 3595
f 3445 3595 3446
f 3446 3595 3447
f 3447 3595 3596
f 3447 3596 3597
f 3447 3597 3448
f 3448 3597 3449
f 3449 3598 3450
f 3449 3597 3599
f 3449 3599 3600
f 3449 3600 3601
f 3449 3601 3598
f 3450 3598 3602
f 3450 3602 3451
f 3451 3602 3453
f 3453 3603 3604
f 3453 3604 3455
f 3453 3455 3454
f 3453 3602 3603
f 3455 3604 3603
f 3455 3603 3458
f 3455 3458 3456
f 3457 3605 3606
f 3457 3606 3607
f 3457 3607 3460
f 3457 3460 3459
f 3457 3458 3605
f 3458 3603 3608
f 3458 3608 3606
f 3458 3606 3605
f 3460 3607 3609
f 3460 3609 3610
f 3460 3610 3461
f 3461 3610 3611
f 3461 3611 3612
f 3461 3612 3462
f 3462 3612 3613
f 3462 3613 3464
f 3462 3464 3463
f 3464 3613 3614
f 3464 3614 3615
f 3464 3615 3616
f 3464 3616 3466
f 3464 3466 3465
f 3466 3616 3467
f 3467 3616 3617
f 3467 3617 3469
f 3469 3617 3470
f 3470 3617 3618
f 3470 3618 3619
f 3470 3619 3620
f 3470 3620 3621
f 3470 3621 3622
f 3470 3622 3623
f 3470 3623 3471
f 3471 3623 3624
f 3471 3624 3625
f 3471 3625 3626
f 3471 3626 3627
f 3471 3627 3473
f 3471 3473 3472
f 3473 3627 3626
f 3473 3626 3628
f 3473 3628 3629
f 3473 3629 3630
f 3473 3630 3474
f 3474 3630 3631
f 3474 3631 3632
f 3474 3632 3633
f 3474 3633 3475
f 3475 3633 3590
f 3475 3590 3476
f 3478 3556 3483
f 3479 3634 3635
f 3479 3635 3480
f 3479 3482 3634
f 3480 3635 3490
f 3482 3489 3634
f 3483 3556 3636
f 3483 3636 3484
f 3484 3637 3485
f 3484 3636 3638
f 3484 3638 3639
f 3484 3639 3637
f 3485 3637 3486
f 3486 3637 3640
f 3486 3640 3487
f 3487 3640 3641
f 3487 3641 3642
f 3487 3642 3643
f 3487 3643 3488
f 3488 3643 3644
f 3488 3644 3489
f 3489 3644 3795
f 3489 3795 3634
f 3490 3645 3646
f 3490 3646 3647
f 3490 3647 3648
f 3490 3648 3491
f 3490 3635 3645
f 3491 3648 3649
f 3491 3649 3650
f 3491 3650 3492
f 3492 3650 3651
f 3492 3651 3652
f 3492 3652 3653
f 3492 3653 3493
f 3493 3653 3494
f 3494 3653 3654
f 3494 3654 3496
f 3496 3654 3655
f 3496 3655 3498
f 3496 3498 3497
f 3498 3655 3656
f 3498 3656 3499
f 3499 3656 3500
f 3500 3656 3657
f 3500 3657 3658
f 3500 3658 3659
f 3500 3659 3503
f 3500 3503 3502
f 3500 3502 3501
f 3503 3659 3660
f 3503 3660 3661
f 3503 3661 3507
f 3503 3507 3506
f 3503 3506 3504
f 3504 3506 3505
f 3507 3661 3662
f 3507 3662 3663
f 3507 3663 3664
f 3507 3664 3509
f 3507 3509 3508
f 3509 3665 3666
f 3509 3666 3512
f 3509 3512 3511
f 3509 3511 3510
f 3509 3664 3667
f 3509 3667 3668
f 3509 3668 3665
f 3513 3517 3678
f 3513 3678 3524
f 3514 3669 3516
f 3514 3515 3669
f 3515 3670 3671
f 3515 3671 3672
f 3515 3672 3669
f 3516 3669 3673
f 3516 3673 3517
f 3517 3673 3674
f 3517 3674 3675
f 3517 3675 3676
f 3517 3676 3677
f 3517 3677 3678
f 3519 3530 3531
f 3522 3524 3678
f 3522 3678 3679
f 3523 3679 3678
f 3523 3678 3525
f 3525 3676 3526
f 3525 3678 3677
f 3525 3677 3676
f 3526 3676 3680
f 3526 3680 3681
f 3526 3681 3527
f 3527 3681 3682
f 3527 3682 3683
f 3527 3683 3684
f 3527 3684 3528
f 3528 3684 3685
f 3528 3685 3529
f 3529 3685 3686
f 3529 3686 3687
f 3529 3687 3530
f 3530 3687 3532
f 3530 3532 3531
f 3532 3686 3534
f 3532 3687 3686
f 3533 3534 3686
f 3533 3686 3688
f 3533 3688 3535
f 3535 3688 3539
f 3535 3539 3538
f 3536 3689 3690
f 3536 3690 3540
f 3536 3539 3691
f 3536 3691 3689
f 3539 3692 3691
f 3539 3688 3693
f 3539 3693 3694
f 3539 3694 3695
f 3539 3695 3696
f 3539 3696 3697
f 3539 3697 3692
f 3540 3690 3698
f 3540 3698 3699
f 3540 3699 3700
f 3540 3700 3541
f 3541 3700 3701
f 3541 3701 3703
f 3541 3703 3542
f 3542 3702 3544
f 3542 3544 3543
f 3542 3703 3704
f 3542 3704 3705
f 3542 3705 3702
f 3544 3702 3545
f 3545 3702 3706
f 3545 3706 3546
f 3546 3706 3707
f 3546 3707 3549
f 3546 3549 3547
f 3547 3549 3548
f 3549 3553 3708
f 3549 3708 3550
f 3549 3707 3709
f 3549 3709 3710
f 3549 3710 3711
f 3549 3711 3712
f 3549 3712 3713
f 3549 3713 3553
f 3550 3708 3553
f 3550 3553 3552
f 3550 3552 3551
f 3553 3713 3714
f 3553 3714 3715
f 3553 3715 3554
f 3554 3715 3716
f 3554 3716 3555
f 3555 3716 3636
f 3555 3636 3556
f 3557 3717 3718
f 3557 3718 3564
f 3557 3563 3719
f 3557 3719 3717
f 3558 3571 3720
f 3558 3720 3721
f 3558 3721 3559
f 3559 3722 3723
f 3559 3723 3562
f 3559 3562 3560
f 3559 3721 3724
f 3559 3724 3722
f 3560 3562 3561
f 3562 3723 3563
f 3563 3723 3719
f 3564 3718 3565
f 3565 3718 3725
f 3565 3725 3567
f 3565 3567 3566
f 3567 3725 3568
f 3568 3725 3726
f 3568 3726 3581
f 3569 3572 3580
f 3569 3580 3570
f 3570 3580 3720
f 3570 3720 3571
f 3573 3727 3579
f 3573 3577 3728
f 3573 3728 3729
f 3573 3729 3727
f 3574 3730 3575
f 3575 3730 3731
f 3575 3731 3732
f 3575 3732 3733
f 3575 3733 3576
f 3576 3728 3577
f 3576 3733 3734
f 3576 3734 3735
f 3576 3735 3736
f 3576 3736 3728
f 3578 3579 3727
f 3578 3727 3737
f 3578 3737 3738
f 3578 3738 3739
f 3578 3739 3740
f 3578 3740 3580
f 3580 3741 3742
f 3580 3742 3743
f 3580 3743 3744
f 3580 3744 3720
f 3580 3740 3741
f 3581 3726 3745
f 3581 3745 3746
f 3581 3746 3747
f 3581 3747 3584
f 3581 3584 3582
f 3583 3584 3585
f 3584 3747 3748
f 3584 3748 3749
f 3584 3749 3585
f 3585 3749 3592
f 3586 3591 3750
f 3586 3750 3587
f 3587 3751 3752
f 3587 3752 3753
f 3587 3753 3588
f 3587 3750 3754
f 3587 3754 3632
f 3587 3632 3755
f 3587 3755 3751
f 3588 3753 3589
f 3589 3753 3756
f 3589 3756 3757
f 3589 3757 3758
f 3590 3633 3759
f 3590 3759 3760
f 3590 3760 3591
f 3591 3760 3754
f 3591 3754 3750
f 3592 3749 3761
f 3592 3761 3594
f 3592 3594 3593
f 3594 3762 3763
f 3594 3763 3764
f 3594 3764 3765
f 3594 3765 3766
f 3594 3766 3767
f 3594 3767 3595
f 3594 3761 3762
f 3595 3767 3766
f 3595 3766 3768
f 3595 3768 3769
f 3595 3769 3596
f 3596 3769 3597
f 3597 3770 3601
f 3597 3601 3600
f 3597 3600 3599
f 3597 3769 3771
f 3597 3771 3772
f 3597 3772 3773
f 3597 3773 3774
f 3597 3774 3775
f 3597 3775 3770
f 3598 3601 3602
f 3601 3770 3776
f 3601 3776 3603
f 3601 3603 3602
f 3603 3777 3778
f 3603 3778 3608
f 3603 3776 3779
f 3603 3779 3780
f 3603 3780 3609
f 3603 3609 3777
f 3606 3608 3609
f 3606 3609 3607
f 3608 3778 3609
f 3609 3780 3611
f 3609 3611 3781
f 3609 3781 3610
f 3609 3778 3777
f 3610 3781 3611
f 3611 3782 3783
f 3611 3783 3784
f 3611 3784 3785
f 3611 3785 3612
f 3611 3780 3782
f 3612 3785 3613
f 3613 3785 3786
f 3613 3786 3618
f 3613 3618 3614
f 3614 3618 3615
f 3615 3618 3617
f 3615 3617 3616
f 3618 3786 3787
f 3618 3787 3788
f 3618 3788 3619
f 3619 3788 3620
f 3620 3788 3624
f 3620 3624 3789
f 3620 3789 3622
f 3620 3622 3621
f 3622 3789 3623
f 3623 3789 3624
f 3624 3788 3790
f 3624 3790 3625
f 3625 3628 3626
f 3625 3790 3791
f 3625 3791 3628
f 3628 3791 3792
f 3628 3792 3793
f 3628 3793 3794
f 3628 3794 3629
f 3629 3794 3755
f 3629 3755 3630
f 3630 3755 3631
f 3631 3755 3632
f 3632 3754 3760
f 3632 3760 3759
f 3632 3759 3633
f 3634 3795 3796
f 3634 3796 3797
f 3634 3797 3635
f 3635 3797 3645
f 3636 3716 3798
f 3636 3798 3638
f 3637 3639 3799
f 3637 3799 3800
f 3637 3800 3640
f 3638 3798 3801
f 3638 3801 3802
f 3638 3802 3639
f 3639 3802 3799
f 3640 3800 3803
f 3640 3803 3804
f 3640 3804 3641
f 3641 3805 3642
f 3641 3804 3805
f 3642 3805 3796
f 3642 3796 3795
f 3642 3795 3644
f 3642 3644 3643
f 3645 3797 3796
f 3645 3796 3806
f 3645 3806 3646
f 3646 3806 3807
f 3646 3807 3808
f 3646 3808 3809
f 3646 3809 3810
f 3646 3810 3811
f 3646 3811 3812
f 3646 3812 3647
f 3647 3812 3648
f 3648 3812 3649
f 3649 3812 3650
f 3650 3812 3651
f 3651 3812 3652
f 3652 3813 3814
f 3652 3814 3815
f 3652 3815 3653
f 3652 3812 3811
f 3652 3811 3813
f 3653 3816 3655
f 3653 3655 3654
f 3653 3815 3817
f 3653 3817 3816
f 3655 3816 3656
f 3656 3816 3818
f 3656 3818 3657
f 3657 3818 3819
f 3657 3819 3658
f 3658 3819 3659
f 3659 3819 3662
f 3659 3662 3660
f 3660 3662 3661
f 3662 3820 3663
f 3662 3819 3821
f 3662 3821 3822
f 3662 3822 3823
f 3662 3823 3824
f 3662 3824 3820
f 3663 3820 3664
f 3664 3825 3667
f 3664 3820 3826
f 3664 3826 3825
f 3665 3668 3827
f 3665 3827 3828
f 3665 3828 3666
f 3667 3825 3668
f 3668 3825 3829
f 3668 3829 3830
f 3668 3830 3831
f 3668 3831 3827
f 3669 3832 3673
f 3669 3672 3832
f 3670 3833 3834
f 3670 3834 3835
f 3670 3835 3671
f 3670 3836 3833
f 3671 3835 3672
f 3672 3835 3837
f 3672 3837 3838
f 3672 3838 3839
f 3672 3839 3840
f 3672 3840 3841
f 3672 3841 3832
f 3673 3832 3841
f 3673 3841 3674
f 3674 3841 3840
f 3674 3840 3675
f 3675 3840 3842
f 3675 3842 3676
f 3676 3842 3840
f 3676 3840 3843
f 3676 3843 3844
f 3676 3844 3680
f 3680 3845 3682
f 3680 3682 3681
f 3680 3844 3846
f 3680 3846 3847
f 3680 3847 3848
f 3680 3848 3845
f 3682 3845 3848
f 3682 3848 3849
f 3682 3849 3850
f 3682 3850 3851
f 3682 3851 3852
f 3682 3852 3683
f 3683 3852 3853
f 3683 3853 3684
f 3684 3853 3854
f 3684 3854 3855
f 3684 3855 3685
f 3685 3855 3856
f 3685 3856 3857
f 3685 3857 3858
f 3685 3858 3686
f 3686 3858 3859
f 3686 3859 3688
f 3688 3859 3693
f 3689 3691 3692
f 3689 3692 3697
f 3689 3697 3860
f 3689 3860 3690
f 3690 3860 3699
f 3690 3699 3698
f 3693 3859 3857
f 3693 3857 3861
f 3693 3861 3862
f 3693 3862 3694
f 3694 3862 3695
f 3695 3862 3863
f 3695 3863 3696
f 3696 3863 3697
f 3697 3864 3865
f 3697 3865 3866
f 3697 3866 3699
f 3697 3699 3860
f 3697 3863 3867
f 3697 3867 3864
f 3699 3866 3868
f 3699 3868 3700
f 3700 3868 3869
f 3700 3869 3870
f 3700 3870 3701
f 3701 3870 3871
f 3701 3871 3703
f 3702 3705 3872
f 3702 3872 3706
f 3703 3871 3873
f 3703 3873 3874
f 3703 3874 3872
f 3703 3872 3704
f 3704 3872 3705
f 3706 3709 3707
f 3706 3872 3709
f 3709 3872 3874
f 3709 3874 3710
f 3710 3874 3870
f 3710 3870 3875
f 3710 3875 3876
f 3710 3876 3877
f 3710 3877 3878
f 3710 3878 3711
f 3711 3878 3712
f 3712 3878 3713
f 3713 3878 3879
f 3713 3879 3714
f 3714 3879 3715
f 3715 3879 3880
f 3715 3880 3716
f 3716 3880 3881
f 3716 3881 3798
f 3717 3719 3882
f 3717 3882 3883
f 3717 3883 3884
f 3717 3884 3885
f 3717 3885 3718
f 3718 3885 3745
f 3718 3745 3725
f 3719 3723 3883
f 3719 3883 3882
f 3720 3744 3721
f 3721 3744 3886
f 3721 3886 3724
f 3722 3887 3888
f 3722 3888 3889
f 3722 3889 3723
f 3722 3724 3887
f 3723 3889 3890
f 3723 3890 3883
f 3724 3886 3891
f 3724 3891 3887
f 3725 3745 3726
f 3727 3729 3892
f 3727 3892 3893
f 3727 3893 3737
f 3728 3736 3894
f 3728 3894 3895
f 3728 3895 3896
f 3728 3896 3729
f 3729 3896 3895
f 3729 3895 3893
f 3729 3893 3892
f 3732 3897 3898
f 3732 3898 3733
f 3733 3898 3734
f 3734 3898 3899
f 3734 3899 3900
f 3734 3900 3735
f 3735 3900 3901
f 3735 3901 3895
f 3735 3895 3902
f 3735 3902 3736
f 3736 3902 3894
f 3737 3893 3738
f 3738 3893 3903
f 3738 3903 3739
f 3739 3903 3740
f 3740 3903 3904
f 3740 3904 3905
f 3740 3905 3741
f 3741 3905 3906
f 3741 3906 3742
f 3742 3906 3907
f 3742 3907 3908
f 3742 3908 3743
f 3743 3908 3744
f 3744 3908 3907
f 3744 3907 3909
f 3744 3909 3886
f 3745 3885 3910
f 3745 3910 3911
f 3745 3911 3746
f 3746 3911 3912
f 3746 3912 3913
f 3746 3913 3914
f 3746 3914 3915
f 3746 3915 3916
f 3746 3916 3747
f 3747 3916 3748
f 3748 3917 3749
f 3748 3916 3762
f 3748 3762 3917
f 3749 3917 3918
f 3749 3918 3762
f 3749 3762 3761
f 3751 3919 3752
f 3751 3755 3919
f 3752 3919 3753
f 3753 3919 3920
f 3753 3920 3921
f 3753 3921 3922
f 3753 3922 3923
f 3753 3923 3756
f 3755 3794 3924
f 3755 3924 3919
f 3756 3923 3757
f 3757 3923 3758
f 3758 3923 3925
f 3762 3916 3914
f 3762 3914 3926
f 3762 3926 3763
f 3762 3918 3917
f 3763 3927 3764
f 3763 3926 3927
f 3764 3927 3928
f 3764 3928 3929
f 3764 3929 3930
f 3764 3930 3765
f 3765 3931 3932
f 3765 3932 3768
f 3765 3768 3766
f 3765 3930 3933
f 3765 3933 3934
f 3765 3934 3935
f 3765 3935 3936
f 3765 3936 3931
f 3768 3937 3771
f 3768 3771 3769
f 3768 3932 3937
f 3770 3938 3776
f 3770 3775 3939
f 3770 3939 3940
f 3770 3940 3938
f 3771 3937 3932
f 3771 3932 3772
f 3772 3932 3931
f 3772 3931 3941
f 3772 3941 3773
f 3773 3941 3942
f 3773 3942 3943
f 3773 3943 3944
f 3773 3944 3774
f 3774 3944 3775
f 3775 3944 3939
f 3776 3938 3945
f 3776 3945 3779
f 3779 3945 3780
f 3780 3945 3946
f 3780 3946 3947
f 3780 3947 3948
f 3780 3948 3782
f 3782 3948 3949
f 3782 3949 3950
f 3782 3950 3783
f 3783 3950 3951
f 3783 3951 3784
f 3784 3951 3952
f 3784 3952 3953
f 3784 3953 3954
f 3784 3954 3955
f 3784 3955 3785
f 3785 3955 3954
f 3785 3954 3786
f 3786 3954 3787
f 3787 3956 3957
f 3787 3957 3788
f 3787 3954 3956
f 3788 3957 3958
f 3788 3958 3959
f 3788 3959 3790
f 3790 3959 3960
f 3790 3960 3792
f 3790 3792 3791
f 3792 3960 3961
f 3792 3961 3919
f 3792 3919 3962
f 3792 3962 3793
f 3793 3962 3794
f 3794 3962 3924
f 3796 3805 3807
f 3796 3807 3806
f 3798 3963 3964
f 3798 3964 3801
f 3798 3881 3963
f 3799 3802 3801
f 3799 3801 3965
f 3799 3965 3800
f 3800 3965 3966
f 3800 3966 3967
f 3800 3967 3803
f 3801 3964 3966
f 3801 3966 3965
f 3803 3967 3968
f 3803 3968 3804
f 3804 3968 3805
f 3805 3968 3969
f 3805 3969 3970
f 3805 3970 3807
f 3807 3970 3808
f 3808 3970 3809
f 3809 3971 3972
f 3809 3972 3810
f 3809 3970 3973
f 3809 3973 3971
f 3810 3972 3974
f 3810 3974 3811
f 3811 3974 3813
f 3813 3975 3976
f 3813 3976 3814
f 3813 3974 3975
f 3814 3976 3977
f 3814 3977 3978
f 3814 3978 3815
f 3815 3978 3979
f 3815 3979 3817
f 3816 3817 3818
f 3817 3979 3819
f 3817 3819 3818
f 3819 3979 3980
f 3819 3980 3981
f 3819 3981 3982
f 3819 3982 3821
f 3820 3824 3983
f 3820 3983 3984
f 3820 3984 3826
f 3821 3982 3985
f 3821 3985 3986
f 3821 3986 3987
f 3821 3987 3822
f 3822 3987 3823
f 3823 3987 3983
f 3823 3983 3824
f 3825 3826 3988
f 3825 3988 3989
f 3825 3989 3990
f 3825 3990 3829
f 3826 3983 3989
f 3826 3989 3988
f 3826 3984 3983
f 3827 3831 3991
f 3827 3991 3992
f 3827 3992 3828
f 3829 3990 3993
f 3829 3993 3830
f 3830 3993 3989
f 3830 3989 3994
f 3830 3994 3995
f 3830 3995 3831
f 3831 3995 3996
f 3831 3996 3991
f 3833 3836 3997
f 3833 3997 3834
f 3834 3997 3835
f 3835 3998 3999
f 3835 3999 3837
f 3835 3997 4000
f 3835 4000 4001
f 3835 4001 3998
f 3836 4002 3997
f 3837 3999 3838
f 3838 3999 3839
f 3839 3846 3844
f 3839 3844 3843
f 3839 3843 3840
f 3839 3999 4003
f 3839 4003 4004
f 3839 4004 3846
f 3846 4004 3847
f 3847 3849 3848
f 3847 4004 4005
f 3847 4005 4006
f 3847 4006 4007
f 3847 4007 3849
f 3849 4007 4008
f 3849 4008 3850
f 3850 4009 3851
f 3850 4008 4009
f 3851 4010 3853
f 3851 3853 3852
f 3851 4009 4010
f 3853 4010 4011
f 3853 4011 4012
f 3853 4012 3854
f 3854 4012 4013
f 3854 4013 3855
f 3855 4013 3856
f 3856 4013 3861
f 3856 3861 3857
f 3857 3859 3858
f 3861 4013 4014
f 3861 4014 3862
f 3862 4015 3863
f 3862 4014 4016
f 3862 4016 4015
f 3863 4015 3867
f 3864 3867 3865
f 3865 3867 4017
f 3865 4017 3870
f 3865 3870 4018
f 3865 4018 3869
f 3865 3869 3866
f 3866 3869 3868
f 3867 4015 4019
f 3867 4019 4020
f 3867 4020 4021
f 3867 4021 4017
f 3869 4018 3870
f 3870 3873 3871
f 3870 4017 4022
f 3870 4022 3875
f 3870 3874 3873
f 3875 4022 4023
f 3875 4023 4024
f 3875 4024 3876
f 3876 4024 4025
f 3876 4025 4026
f 3876 4026 4027
f 3876 4027 3877
f 3877 4028 3878
f 3877 4027 4029
f 3877 4029 4028
f 3878 4030 4031
f 3878 4031 3879
f 3878 4028 4029
f 3878 4029 4032
f 3878 4032 4030
f 3879 4031 4033
f 3879 4033 3880
f 3880 4033 4034
f 3880 4034 4035
f 3880 4035 4036
f 3880 4036 3881
f 3881 4036 4037
f 3881 4037 3963
f 3883 3890 4038
f 3883 4038 4039
f 3883 4039 3910
f 3883 3910 3884
f 3884 3910 3885
f 3886 3909 4040
f 3886 4040 3891
f 3887 4041 3888
f 3887 3891 4042
f 3887 4042 4041
f 3888 4041 4038
f 3888 4038 4043
f 3888 4043 3889
f 3889 4043 3890
f 3890 4043 4038
f 3891 4044 4042
f 3891 4040 4045
f 3891 4045 4046
f 3891 4046 4044
f 3893 3895 4047
f 3893 4047 3901
f 3893 3901 4048
f 3893 4048 4049
f 3893 4049 4050
f 3893 4050 4051
f 3893 4051 3903
f 3894 3902 3895
f 3895 3901 4047
f 3897 4052 4053
f 3897 4053 3899
f 3897 3899 3898
f 3899 4053 4054
f 3899 4054 3900
f 3900 4054 4048
f 3900 4048 3901
f 3903 4051 4055
f 3903 4055 3905
f 3903 3905 3904
f 3905 4055 4056
f 3905 4056 3906
f 3906 4056 3907
f 3907 4056 4057
f 3907 4057 3909
f 3909 4057 4040
f 3910 4039 4058
f 3910 4058 3911
f 3911 4058 3912
f 3912 4058 4059
f 3912 4059 3913
f 3913 3927 3914
f 3913 4059 4060
f 3913 4060 3927
f 3914 3927 3926
f 3914 3916 3915
f 3919 3924 3962
f 3919 3961 3920
f 3920 3961 4061
f 3920 4061 4062
f 3920 4062 3921
f 3921 4062 3922
f 3922 4062 3923
f 3923 4062 4063
f 3923 4063 4064
f 3923 4064 4065
f 3923 4065 4066
f 3923 4066 4067
f 3923 4067 4068
f 3923 4068 4069
f 3923 4069 3925
f 3927 4060 4070
f 3927 4070 3928
f 3928 4070 3929
f 3929 4070 4071
f 3929 4071 4072
f 3929 4072 4073
f 3929 4073 4074
f 3929 4074 3930
f 3930 4074 4075
f 3930 4075 4076
f 3930 4076 4077
f 3930 4077 4078
f 3930 4078 4079
f 3930 4079 3933
f 3931 4080 4081
f 3931 4081 3942
f 3931 3942 3941
f 3931 3936 3935
f 3931 3935 4082
f 3931 4082 4083
f 3931 4083 4080
f 3933 4079 3934
f 3934 4079 4084
f 3934 4084 4082
f 3934 4082 3935
f 3938 4085 3945
f 3938 3940 4086
f 3938 4086 4087
f 3938 4087 4085
f 3939 3944 3940
f 3940 3944 4088
f 3940 4088 4081
f 3940 4081 4089
f 3940 4089 4087
f 3940 4087 4086
f 3942 4081 3943
f 3943 4081 4088
f 3943 4088 3944
f 3945 4085 4087
f 3945 4087 4090
f 3945 4090 3946
f 3946 3949 3948
f 3946 3948 3947
f 3946 4090 4087
f 3946 4087 4091
f 3946 4091 3949
f 3949 4092 3950
f 3949 4091 4093
f 3949 4093 4094
f 3949 4094 4092
f 3950 4092 4095
f 3950 4095 3951
f 3951 4095 4096
f 3951 4096 3952
f 3952 4096 4097
f 3952 4097 4098
f 3952 4098 3953
f 3953 4098 3956
f 3953 3956 3954
f 3956 4098 4099
f 3956 4099 4100
f 3956 4100 3957
f 3957 4100 4101
f 3957 4101 3958
f 3958 4101 4102
f 3958 4102 4103
f 3958 4103 4104
f 3958 4104 3961
f 3958 3961 4105
f 3958 4105 3960
f 3958 3960 3959
f 3960 4105 3961
f 3961 4104 4106
f 3961 4106 4107
f 3961 4107 4061
f 3963 4037 4108
f 3963 4108 4109
f 3963 4109 4110
f 3963 4110 3966
f 3963 3966 3964
f 3966 4110 4111
f 3966 4111 3967
f 3967 4111 4112
f 3967 4112 3968
f 3968 4112 4113
f 3968 4113 4114
f 3968 4114 4115
f 3968 4115 3969
f 3969 4115 4116
f 3969 4116 3970
f 3970 4116 3973
f 3971 4117 4118
f 3971 4118 4119
f 3971 4119 3975
f 3971 3975 4120
f 3971 4120 3972
f 3971 3973 4121
f 3971 4121 4117
f 3972 4120 3974
f 3973 4116 4121
f 3974 4120 3975
f 3975 4119 3976
f 3976 4119 4122
f 3976 4122 3977
f 3977 4122 4123
f 3977 4123 4124
f 3977 4124 4125
f 3977 4125 4126
f 3977 4126 3978
f 3978 4127 3979
f 3978 4126 4127
f 3979 4127 4128
f 3979 4128 4129
f 3979 4129 3980
f 3980 4129 3981
f 3981 4129 4128
f 3981 4128 4130
f 3981 4130 3982
f 3982 4130 3985
f 3983 3987 4131
f 3983 4131 4132
f 3983 4132 4133
f 3983 4133 4134
f 3983 4134 3994
f 3983 3994 4135
f 3983 4135 3989
f 3985 4130 4136
f 3985 4136 4137
f 3985 4137 3987
f 3985 3987 3986
f 3987 4137 4131
f 3989 3993 3990
f 3989 4135 3994
f 3991 3996 3992
f 3992 3996 4138
f 3992 4138 4139
f 3994 4134 3995
f 3995 4134 4140
f 3995 4140 3996
f 3996 4140 4138
f 3997 4002 4141
f 3997 4141 4142
f 3997 4142 4143
f 3997 4143 4144
f 3997 4144 4145
f 3997 4145 4146
f 3997 4146 4147
f 3997 4147 4148
f 3997 4148 4000
f 3998 4149 4150
f 3998 4150 3999
f 3998 4001 4148
f 3998 4148 4149
f 3999 4150 4006
f 3999 4006 4151
f 3999 4151 4003
f 4000 4148 4001
f 4003 4151 4004
f 4004 4151 4005
f 4005 4151 4006
f 4006 4150 4152
f 4006 4152 4008
f 4006 4008 4007
f 4008 4152 4153
f 4008 4153 4009
f 4009 4154 4155
f 4009 4155 4013
f 4009 4013 4011
f 4009 4011 4010
f 4009 4153 4156
f 4009 4156 4154
f 4011 4013 4012
f 4013 4155 4016
f 4013 4016 4014
f 4015 4016 4157
f 4015 4157 4158
f 4015 4158 4019
f 4016 4155 4157
f 4017 4023 4022
f 4017 4021 4159
f 4017 4159 4160
f 4017 4160 4023
f 4019 4158 4157
f 4019 4157 4161
f 4019 4161 4162
f 4019 4162 4163
f 4019 4163 4020
f 4020 4163 4164
f 4020 4164 4021
f 4021 4164 4159
f 4023 4165 4024
f 4023 4160 4166
f 4023 4166 4167
f 4023 4167 4168
f 4023 4168 4165
f 4024 4165 4168
f 4024 4168 4025
f 4025 4168 4169
f 4025 4169 4026
f 4026 4169 4170
f 4026 4170 4027
f 4027 4170 4171
f 4027 4171 4029
f 4029 4171 4170
f 4029 4170 4172
f 4029 4172 4173
f 4029 4173 4032
f 4030 4032 4174
f 4030 4174 4031
f 4031 4175 4034
f 4031 4034 4033
f 4031 4174 4035
f 4031 4035 4175
f 4032 4173 4176
f 4032 4176 4174
f 4034 4175 4035
f 4035 4174 4108
f 4035 4108 4037
f 4035 4037 4036
f 4038 4041 4177
f 4038 4177 4178
f 4038 4178 4179
f 4038 4179 4039
f 4039 4179 4058
f 4040 4057 4180
f 4040 4180 4046
f 4040 4046 4045
f 4041 4042 4044
f 4041 4044 4181
f 4041 4181 4182
f 4041 4182 4183
f 4041 4183 4184
f 4041 4184 4185
f 4041 4185 4177
f 4044 4046 4181
f 4046 4186 4181
f 4046 4180 4187
f 4046 4187 4188
f 4046 4188 4189
f 4046 4189 4190
f 4046 4190 4186
f 4048 4054 4049
f 4049 4191 4192
f 4049 4192 4051
f 4049 4051 4050
f 4049 4054 4193
f 4049 4193 4194
f 4049 4194 4191
f 4051 4192 4195
f 4051 4195 4055
f 4052 4196 4053
f 4053 4196 4197
f 4053 4197 4198
f 4053 4198 4199
f 4053 4199 4200
f 4053 4200 4054
f 4054 4200 4201
f 4054 4201 4193
f 4055 4202 4203
f 4055 4203 4056
f 4055 4195 4202
f 4056 4203 4204
f 4056 4204 4057
f 4057 4204 4188
f 4057 4188 4187
f 4057 4187 4180
f 4058 4179 4059
f 4059 4205 4060
f 4059 4179 4206
f 4059 4206 4205
f 4060 4205 4207
f 4060 4207 4208
f 4060 4208 4209
f 4060 4209 4070
f 4061 4107 4210
f 4061 4210 4062
f 4062 4211 4063
f 4062 4210 4107
f 4062 4107 4211
f 4063 4212 4213
f 4063 4213 4214
f 4063 4214 4215
f 4063 4215 4064
f 4063 4211 4212
f 4064 4215 4065
f 4065 4216 4217
f 4065 4217 4218
f 4065 4218 4219
f 4065 4219 4220
f 4065 4220 4066
f 4065 4215 4214
f 4065 4214 4216
f 4066 4220 4067
f 4067 4220 4068
f 4070 4209 4071
f 4071 4209 4208
f 4071 4208 4221
f 4071 4221 4072
f 4072 4221 4185
f 4072 4185 4222
f 4072 4222 4223
f 4072 4223 4224
f 4072 4224 4073
f 4073 4225 4076
f 4073 4076 4074
f 4073 4224 4226
f 4073 4226 4225
f 4074 4076 4075
f 4076 4225 4078
f 4076 4078 4077
f 4078 4225 4227
f 4078 4227 4228
f 4078 4228 4079
f 4079 4228 4084
f 4080 4229 4230
f 4080 4230 4081
f 4080 4083 4082
f 4080 4082 4229
f 4081 4230 4231
f 4081 4231 4232
f 4081 4232 4089
f 4082 4084 4233
f 4082 4233 4229
f 4084 4228 4233
f 4087 4089 4234
f 4087 4234 4235
f 4087 4235 4094
f 4087 4094 4091
f 4089 4232 4234
f 4091 4094 4093
f 4092 4236 4095
f 4092 4094 4236
f 4094 4237 4238
f 4094 4238 4239
f 4094 4239 4240
f 4094 4240 4241
f 4094 4241 4242
f 4094 4242 4243
f 4094 4243 4244
f 4094 4244 4245
f 4094 4245 4236
f 4094 4235 4234
f 4094 4234 4237
f 4095 4236 4096
f 4096 4236 4245
f 4096 4245 4244
f 4096 4244 4246
f 4096 4246 4247
f 4096 4247 4248
f 4096 4248 4097
f 4097 4248 4099
f 4097 4099 4098
f 4099 4248 4249
f 4099 4249 4250
f 4099 4250 4251
f 4099 4251 4252
f 4099 4252 4100
f 4100 4252 4251
f 4100 4251 4253
f 4100 4253 4102
f 4100 4102 4101
f 4102 4253 4254
f 4102 4254 4255
f 4102 4255 4104
f 4102 4104 4103
f 4104 4255 4256
f 4104 4256 4257
f 4104 4257 4106
f 4106 4257 4107
f 4107 4257 4211
f 4108 4174 4176
f 4108 4176 4258
f 4108 4258 4259
f 4108 4259 4260
f 4108 4260 4109
f 4109 4261 4110
f 4109 4260 4262
f 4109 4262 4263
f 4109 4263 4264
f 4109 4264 4265
f 4109 4265 4261
f 4110 4261 4111
f 4111 4261 4113
f 4111 4113 4112
f 4113 4261 4266
f 4113 4266 4267
f 4113 4267 4268
f 4113 4268 4114
f 4114 4268 4115
f 4115 4268 4116
f 4116 4268 4121
f 4117 4269 4118
f 4117 4121 4269
f 4118 4270 4271
f 4118 4271 4119
f 4118 4269 4270
f 4119 4271 4272
f 4119 4272 4273
f 4119 4273 4274
f 4119 4274 4275
f 4119 4275 4123
f 4119 4123 4122
f 4121 4276 4269
f 4121 4268 4276
f 4123 4275 4124
f 4124 4277 4278
f 4124 4278 4279
f 4124 4279 4280
f 4124 4280 4281
f 4124 4281 4282
f 4124 4282 4126
f 4124 4126 4125
f 4124 4275 4277
f 4126 4282 4283
f 4126 4283 4127
f 4127 4283 4128
f 4128 4283 4136
f 4128 4136 4130
f 4131 4137 4284
f 4131 4284 4285
f 4131 4285 4133
f 4131 4133 4132
f 4133 4285 4286
f 4133 4286 4287
f 4133 4287 4288
f 4133 4288 4140
f 4133 4140 4134
f 4136 4283 4289
f 4136 4289 4290
f 4136 4290 4137
f 4137 4290 4291
f 4137 4291 4284
f 4138 4140 4292
f 4138 4292 4293
f 4138 4293 4294
f 4138 4294 4295
f 4138 4295 4139
f 4140 4288 4296
f 4140 4296 4292
f 4142 4297 4143
f 4143 4297 4144
f 4144 4297 4145
f 4145 4298 4299
f 4145 4299 4300
f 4145 4300 4146
f 4145 4297 4301
f 4145 4301 4302
f 4145 4302 4303
f 4145 4303 4298
f 4146 4300 4147
f 4147 4300 4299
f 4147 4299 4304
f 4147 4304 4305
f 4147 4305 4306
f 4147 4306 4148
f 4148 4306 4307
f 4148 4307 4308
f 4148 4308 4149
f 4149 4308 4307
f 4149 4307 4150
f 4150 4307 4309
f 4150 4309 4310
f 4150 4310 4156
f 4150 4156 4311
f 4150 4311 4152
f 4152 4311 4156
f 4152 4156 4153
f 4154 4312 4155
f 4154 4156 4313
f 4154 4313 4314
f 4154 4314 4312
f 4155 4312 4157
f 4156 4310 4315
f 4156 4315 4316
f 4156 4316 4313
f 4157 4312 4161
f 4159 4164 4163
f 4159 4163 4317
f 4159 4317 4318
f 4159 4318 4319
f 4159 4319 4320
f 4159 4320 4321
f 4159 4321 4166
f 4159 4166 4160
f 4161 4312 4322
f 4161 4322 4323
f 4161 4323 4162
f 4162 4324 4163
f 4162 4323 4324
f 4163 4324 4481
f 4163 4481 4325
f 4163 4325 4326
f 4163 4326 4317
f 4166 4321 4320
f 4166 4320 4327
f 4166 4327 4328
f 4166 4328 4168
f 4166 4168 4167
f 4168 4329 4169
f 4168 4328 4319
f 4168 4319 4330
f 4168 4330 4331
f 4168 4331 4329
f 4169 4329 4332
f 4169 4332 4170
f 4170 4332 4172
f 4172 4332 4173
f 4173 4332 4176
f 4176 4332 4333
f 4176 4333 4334
f 4176 4334 4335
f 4176 4335 4258
f 4177 4185 4221
f 4177 4221 4336
f 4177 4336 4178
f 4178 4336 4179
f 4179 4336 4206
f 4181 4186 4182
f 4182 4186 4183
f 4183 4337 4184
f 4183 4186 4338
f 4183 4338 4337
f 4184 4337 4339
f 4184 4339 4185
f 4185 4339 4340
f 4185 4340 4222
f 4186 4190 4338
f 4188 4204 4341
f 4188 4341 4342
f 4188 4342 4189
f 4189 4342 4343
f 4189 4343 4190
f 4190 4344 4338
f 4190 4343 4345
f 4190 4345 4346
f 4190 4346 4347
f 4190 4347 4344
f 4191 4194 4348
f 4191 4348 4192
f 4192 4349 4350
f 4192 4350 4195
f 4192 4348 4351
f 4192 4351 4352
f 4192 4352 4353
f 4192 4353 4354
f 4192 4354 4349
f 4193 4355 4356
f 4193 4356 4194
f 4193 4201 4355
f 4194 4356 4357
f 4194 4357 4348
f 4195 4350 4202
f 4197 4358 4198
f 4198 4358 4359
f 4198 4359 4360
f 4198 4360 4199
f 4199 4360 4361
f 4199 4361 4200
f 4200 4361 4201
f 4201 4361 4362
f 4201 4362 4363
f 4201 4363 4364
f 4201 4364 4355
f 4202 4350 4203
f 4203 4350 4365
f 4203 4365 4341
f 4203 4341 4204
f 4205 4206 4207
f 4206 4336 4221
f 4206 4221 4208
f 4206 4208 4207
f 4211 4366 4212
f 4211 4257 4367
f 4211 4367 4366
f 4212 4366 4368
f 4212 4368 4213
f 4213 4368 4369
f 4213 4369 4214
f 4214 4369 4216
f 4216 4369 4370
f 4216 4370 4371
f 4216 4371 4372
f 4216 4372 4373
f 4216 4373 4374
f 4216 4374 4375
f 4216 4375 4217
f 4217 4375 4218
f 4218 4374 4376
f 4218 4376 4377
f 4218 4377 4378
f 4218 4378 4379
f 4218 4379 4380
f 4218 4380 4219
f 4218 4375 4374
f 4219 4380 4220
f 4222 4340 4223
f 4223 4340 4381
f 4223 4381 4224
f 4224 4381 4382
f 4224 4382 4226
f 4225 4226 4227
f 4226 4382 4383
f 4226 4383 4227
f 4227 4384 4228
f 4227 4383 4384
f 4228 4384 4385
f 4228 4385 4233
f 4229 4233 4230
f 4230 4233 4386
f 4230 4386 4387
f 4230 4387 4231
f 4231 4387 4388
f 4231 4388 4389
f 4231 4389 4232
f 4232 4389 4234
f 4233 4385 4390
f 4233 4390 4391
f 4233 4391 4392
f 4233 4392 4393
f 4233 4393 4394
f 4233 4394 4386
f 4234 4395 4237
f 4234 4389 4396
f 4234 4396 4397
f 4234 4397 4395
f 4237 4395 4398
f 4237 4398 4238
f 4238 4398 4399
f 4238 4399 4400
f 4238 4400 4239
f 4239 4400 4401
f 4239 4401 4402
f 4239 4402 4240
f 4240 4402 4403
f 4240 4403 4241
f 4241 4403 4242
f 4242 4404 4249
f 4242 4249 4243
f 4242 4403 4405
f 4242 4405 4406
f 4242 4406 4404
f 4243 4407 4244
f 4243 4249 4407
f 4244 4407 4247
f 4244 4247 4246
f 4247 4407 4248
f 4248 4407 4249
f 4249 4404 4408
f 4249 4408 4409
f 4249 4409 4410
f 4249 4410 4411
f 4249 4411 4412
f 4249 4412 4413
f 4249 4413 4251
f 4249 4251 4250
f 4251 4413 4367
f 4251 4367 4254
f 4251 4254 4253
f 4254 4367 4414
f 4254 4414 4255
f 4255 4414 4257
f 4255 4257 4256
f 4257 4414 4367
f 4258 4415 4259
f 4258 4335 4415
f 4259 4415 4335
f 4259 4335 4416
f 4259 4416 4417
f 4259 4417 4260
f 4260 4417 4263
f 4260 4263 4262
f 4261 4265 4418
f 4261 4418 4266
f 4263 4417 4419
f 4263 4419 4420
f 4263 4420 4421
f 4263 4421 4264
f 4264 4421 4422
f 4264 4422 4423
f 4264 4423 4424
f 4264 4424 4418
f 4264 4418 4265
f 4266 4418 4425
f 4266 4425 4276
f 4266 4276 4267
f 4267 4276 4268
f 4269 4426 4270
f 4269 4276 4426
f 4270 4423 4271
f 4270 4426 4276
f 4270 4276 4424
f 4270 4424 4423
f 4271 4423 4427
f 4271 4427 4428
f 4271 4428 4429
f 4271 4429 4272
f 4272 4429 4430
f 4272 4430 4273
f 4273 4430 4431
f 4273 4431 4277
f 4273 4277 4274
f 4274 4277 4275
f 4276 4425 4424
f 4277 4431 4278
f 4278 4432 4433
f 4278 4433 4434
f 4278 4434 4435
f 4278 4435 4436
f 4278 4436 4279
f 4278 4431 4432
f 4279 4436 4437
f 4279 4437 4280
f 4280 4437 4438
f 4280 4438 4289
f 4280 4289 4283
f 4280 4283 4281
f 4281 4283 4282
f 4284 4291 4439
f 4284 4439 4285
f 4285 4439 4440
f 4285 4440 4441
f 4285 4441 4442
f 4285 4442 4443
f 4285 4443 4444
f 4285 4444 4445
f 4285 4445 4286
f 4286 4445 4287
f 4287 4445 4446
f 4287 4446 4447
f 4287 4447 4288
f 4288 4447 4448
f 4288 4448 4296
f 4289 4438 4449
f 4289 4449 4290
f 4290 4449 4439
f 4290 4439 4291
f 4292 4296 4450
f 4292 4450 4293
f 4293 4450 4451
f 4293 4451 4294
f 4294 4451 4452
f 4294 4452 4295
f 4296 4448 4453
f 4296 4453 4454
f 4296 4454 4455
f 4296 4455 4450
f 4297 4456 4301
f 4298 4303 4457
f 4298 4457 4458
f 4298 4458 4459
f 4298 4459 4460
f 4298 4460 4461
f 4298 4461 4462
f 4298 4462 4463
f 4298 4463 4299
f 4299 4463 4304
f 4301 4456 4302
f 4302 4456 4464
f 4302 4464 4465
f 4302 4465 4466
f 4302 4466 4467
f 4302 4467 4458
f 4302 4458 4457
f 4302 4457 4303
f 4304 4463 4468
f 4304 4468 4305
f 4305 4469 4306
f 4305 4468 4469
f 4306 4469 4470
f 4306 4470 4471
f 4306 4471 4307
f 4307 4471 4309
f 4309 4471 4472
f 4309 4472 4310
f 4310 4316 4315
f 4310 4472 4473
f 4310 4473 4316
f 4312 4314 4474
f 4312 4474 4475
f 4312 4475 4322
f 4313 4316 4314
f 4314 4316 4476
f 4314 4476 4477
f 4314 4477 4478
f 4314 4478 4474
f 4316 4473 4479
f 4316 4479 4476
f 4317 4326 4480
f 4317 4480 4318
f 4318 4480 4319
f 4319 4481 4482
f 4319 4482 4483
f 4319 4483 4484
f 4319 4484 4485
f 4319 4485 4486
f 4319 4486 4487
f 4319 4487 4488
f 4319 4488 4331
f 4319 4331 4330
f 4319 4328 4327
f 4319 4327 4320
f 4319 4480 4326
f 4319 4326 4325
f 4319 4325 4481
f 4322 4475 4323
f 4323 4475 4489
f 4323 4489 4490
f 4323 4490 4491
f 4323 4491 4324
f 4324 4491 4481
f 4329 4331 4492
f 4329 4492 4332
f 4331 4488 4493
f 4331 4493 4494
f 4331 4494 4495
f 4331 4495 4496
f 4331 4496 4497
f 4331 4497 4492
f 4332 4492 4498
f 4332 4498 4499
f 4332 4499 4333
f 4333 4499 4500
f 4333 4500 4334
f 4334 4500 4335
f 4335 4500 4501
f 4335 4501 4502
f 4335 4502 4416
f 4337 4338 4503
f 4337 4503 4504
f 4337 4504 4339
f 4338 4344 4505
f 4338 4505 4682
f 4338 4682 4503
f 4339 4504 4506
f 4339 4506 4340
f 4340 4506 4504
f 4340 4504 4381
f 4341 4365 4507
f 4341 4507 4508
f 4341 4508 4509
f 4341 4509 4342
f 4342 4509 4510
f 4342 4510 4343
f 4343 4510 4511
f 4343 4511 4345
f 4344 4347 4512
f 4344 4512 4513
f 4344 4513 4505
f 4345 4511 4514
f 4345 4514 4515
f 4345 4515 4516
f 4345 4516 4517
f 4345 4517 4346
f 4346 4517 4347
f 4347 4517 4516
f 4347 4516 4518
f 4347 4518 4519
f 4347 4519 4512
f 4348 4357 4520
f 4348 4520 4521
f 4348 4521 4351
f 4349 4522 4350
f 4349 4354 4522
f 4350 4522 4365
f 4351 4521 4523
f 4351 4523 4352
f 4352 4523 4353
f 4353 4523 4521
f 4353 4521 4524
f 4353 4524 4354
f 4354 4524 4525
f 4354 4525 4526
f 4354 4526 4522
f 4355 4364 4527
f 4355 4527 4356
f 4356 4527 4528
f 4356 4528 4357
f 4357 4528 4520
f 4359 4529 4360
f 4360 4529 4530
f 4360 4530 4362
f 4360 4362 4361
f 4362 4530 4531
f 4362 4531 4363
f 4363 4531 4364
f 4364 4531 4532
f 4364 4532 4533
f 4364 4533 4527
f 4365 4522 4526
f 4365 4526 4507
f 4366 4367 4534
f 4366 4534 4535
f 4366 4535 4536
f 4366 4536 4537
f 4366 4537 4368
f 4367 4413 4412
f 4367 4412 4534
f 4368 4537 4369
f 4369 4537 4538
f 4369 4538 4539
f 4369 4539 4370
f 4370 4539 4538
f 4370 4538 4540
f 4370 4540 4541
f 4370 4541 4542
f 4370 4542 4371
f 4371 4542 4543
f 4371 4543 4544
f 4371 4544 4372
f 4372 4544 4545
f 4372 4545 4546
f 4372 4546 4547
f 4372 4547 4373
f 4373 4547 4374
f 4374 4548 4549
f 4374 4549 4550
f 4374 4550 4376
f 4374 4547 4548
f 4376 4551 4552
f 4376 4552 4553
f 4376 4553 4377
f 4376 4550 4551
f 4377 4553 4554
f 4377 4554 4378
f 4378 4554 4379
f 4379 4554 4555
f 4379 4555 4556
f 4379 4556 4380
f 4380 4556 4557
f 4381 4504 4558
f 4381 4558 4559
f 4381 4559 4382
f 4382 4560 4561
f 4382 4561 4383
f 4382 4559 4560
f 4383 4561 4562
f 4383 4562 4390
f 4383 4390 4385
f 4383 4385 4384
f 4386 4394 4563
f 4386 4563 4387
f 4387 4563 4388
f 4388 4563 4389
f 4389 4563 4577
f 4389 4577 4564
f 4389 4564 4396
f 4390 4393 4392
f 4390 4392 4391
f 4390 4562 4565
f 4390 4565 4566
f 4390 4566 4567
f 4390 4567 4568
f 4390 4568 4569
f 4390 4569 4570
f 4390 4570 4571
f 4390 4571 4393
f 4393 4571 4572
f 4393 4572 4573
f 4393 4573 4574
f 4393 4574 4575
f 4393 4575 4576
f 4393 4576 4577
f 4393 4577 4394
f 4394 4577 4563
f 4395 4397 4578
f 4395 4578 4398
f 4396 4564 4577
f 4396 4577 4576
f 4396 4576 4579
f 4396 4579 4397
f 4397 4579 4578
f 4398 4578 4399
f 4399 4580 4581
f 4399 4581 4400
f 4399 4578 4580
f 4400 4581 4401
f 4401 4581 4402
f 4402 4581 4582
f 4402 4582 4403
f 4403 4582 4583
f 4403 4583 4584
f 4403 4584 4405
f 4404 4406 4408
f 4405 4584 4406
f 4406 4409 4408
f 4406 4584 4585
f 4406 4585 4409
f 4409 4585 4586
f 4409 4586 4745
f 4409 4745 4587
f 4409 4587 4588
f 4409 4588 4410
f 4410 4588 4411
f 4411 4588 4412
f 4412 4588 4587
f 4412 4587 4589
f 4412 4589 4536
f 4412 4536 4535
f 4412 4535 4534
f 4416 4502 4590
f 4416 4590 4417
f 4417 4590 4591
f 4417 4591 4419
f 4418 4424 4425
f 4419 4591 4420
f 4420 4591 4592
f 4420 4592 4422
f 4420 4422 4421
f 4422 4592 4593
f 4422 4593 4594
f 4422 4594 4423
f 4423 4594 4595
f 4423 4595 4427
f 4427 4595 4428
f 4428 4596 4597
f 4428 4597 4598
f 4428 4598 4429
f 4428 4595 4596
f 4429 4598 4597
f 4429 4597 4430
f 4430 4597 4599
f 4430 4599 4431
f 4431 4599 4754
f 4431 4754 4600
f 4431 4600 4432
f 4432 4600 4601
f 4432 4601 4602
f 4432 4602 4433
f 4433 4602 4603
f 4433 4603 4604
f 4433 4604 4605
f 4433 4605 4606
f 4433 4606 4434
f 4434 4606 4435
f 4435 4606 4605
f 4435 4605 4607
f 4435 4607 4608
f 4435 4608 4609
f 4435 4609 4436
f 4436 4609 4610
f 4436 4610 4437
f 4437 4610 4611
f 4437 4611 4438
f 4438 4611 4612
f 4438 4612 4613
f 4438 4613 4449
f 4439 4449 4614
f 4439 4614 4440
f 4440 4614 4441
f 4441 4614 4615
f 4441 4615 4616
f 4441 4616 4617
f 4441 4617 4442
f 4442 4617 4618
f 4442 4618 4619
f 4442 4619 4443
f 4443 4619 4444
f 4444 4619 4618
f 4444 4618 4445
f 4445 4618 4620
f 4445 4620 4446
f 4446 4620 4621
f 4446 4621 4447
f 4447 4621 4622
f 4447 4622 4453
f 4447 4453 4448
f 4449 4613 4615
f 4449 4615 4614
f 4450 4455 4451
f 4451 4455 4623
f 4451 4623 4624
f 4451 4624 4452
f 4453 4622 4625
f 4453 4625 4626
f 4453 4626 4627
f 4453 4627 4454
f 4454 4627 4455
f 4455 4627 4623
f 4456 4628 4629
f 4456 4629 4464
f 4458 4467 4630
f 4458 4630 4631
f 4458 4631 4632
f 4458 4632 4633
f 4458 4633 4459
f 4459 4633 4460
f 4460 4633 4634
f 4460 4634 4635
f 4460 4635 4636
f 4460 4636 4637
f 4460 4637 4461
f 4461 4637 4638
f 4461 4638 4462
f 4462 4638 4639
f 4462 4639 4640
f 4462 4640 4641
f 4462 4641 4642
f 4462 4642 4463
f 4463 4642 4641
f 4463 4641 4643
f 4463 4643 4468
f 4464 4629 4644
f 4464 4644 4645
f 4464 4645 4465
f 4465 4645 4466
f 4466 4645 4646
f 4466 4646 4467
f 4467 4646 4647
f 4467 4647 4648
f 4467 4648 4630
f 4468 4643 4469
f 4469 4649 4650
f 4469 4650 4651
f 4469 4651 4470
f 4469 4643 4649
f 4470 4650 4652
f 4470 4652 4653
f 4470 4653 4654
f 4470 4654 4477
f 4470 4477 4479
f 4470 4479 4655
f 4470 4655 4471
f 4470 4651 4650
f 4471 4655 4473
f 4471 4473 4472
f 4473 4655 4479
f 4474 4478 4475
f 4475 4478 4477
f 4475 4477 4656
f 4475 4656 4657
f 4475 4657 4489
f 4476 4479 4477
f 4477 4654 4657
f 4477 4657 4656
f 4481 4490 4658
f 4481 4658 4482
f 4481 4491 4490
f 4482 4658 4657
f 4482 4657 4483
f 4483 4657 4659
f 4483 4659 4660
f 4483 4660 4661
f 4483 4661 4662
f 4483 4662 4484
f 4484 4662 4663
f 4484 4663 4485
f 4485 4663 4486
f 4486 4663 4664
f 4486 4664 4665
f 4486 4665 4487
f 4487 4666 4488
f 4487 4665 4667
f 4487 4667 4666
f 4488 4666 4493
f 4489 4658 4490
f 4489 4657 4658
f 4492 4497 4498
f 4493 4666 4668
f 4493 4668 4494
f 4494 4668 4669
f 4494 4669 4495
f 4495 4670 4496
f 4495 4669 4671
f 4495 4671 4672
f 4495 4672 4670
f 4496 4670 4497
f 4497 4670 4672
f 4497 4672 4673
f 4497 4673 4674
f 4497 4674 4498
f 4498 4674 4499
f 4499 4674 4673
f 4499 4673 4675
f 4499 4675 4500
f 4500 4675 4501
f 4501 4673 4676
f 4501 4676 4502
f 4501 4675 4673
f 4502 4676 4677
f 4502 4677 4678
f 4502 4678 4679
f 4502 4679 4680
f 4502 4680 4681
f 4502 4681 4590
f 4503 4682 4683
f 4503 4683 4684
f 4503 4684 4504
f 4504 4684 4558
f 4505 4513 4685
f 4505 4685 4682
f 4507 4526 4686
f 4507 4686 4508
f 4508 4687 4688
f 4508 4688 4509
f 4508 4686 4765
f 4508 4765 4612
f 4508 4612 4762
f 4508 4762 4687
f 4509 4688 4510
f 4510 4688 4689
f 4510 4689 4511
f 4511 4689 4514
f 4512 4519 4690
f 4512 4690 4513
f 4513 4690 4691
f 4513 4691 4692
f 4513 4692 4685
f 4514 4689 4515
f 4515 4689 4687
f 4515 4687 4762
f 4515 4762 4607
f 4515 4607 4605
f 4515 4605 4516
f 4516 4605 4604
f 4516 4604 4518
f 4518 4693 4694
f 4518 4694 4519
f 4518 4604 4760
f 4518 4760 4693
f 4519 4694 4693
f 4519 4693 4695
f 4519 4695 4690
f 4520 4527 4533
f 4520 4533 4625
f 4520 4625 4620
f 4520 4620 4618
f 4520 4618 4521
f 4520 4528 4527
f 4521 4696 4524
f 4521 4618 4768
f 4521 4768 4697
f 4521 4697 4696
f 4524 4696 4698
f 4524 4698 4525
f 4525 4698 4686
f 4525 4686 4526
f 4529 4699 4530
f 4530 4699 4700
f 4530 4700 4701
f 4530 4701 4702
f 4530 4702 4532
f 4530 4532 4531
f 4532 4702 4703
f 4532 4703 4704
f 4532 4704 4533
f 4533 4704 4772
f 4533 4772 4625
f 4536 4589 4705
f 4536 4705 4537
f 4537 4706 4538
f 4537 4705 4706
f 4538 4706 4707
f 4538 4707 4708
f 4538 4708 4709
f 4538 4709 4540
f 4540 4709 4541
f 4541 4710 4711
f 4541 4711 4712
f 4541 4712 4713
f 4541 4713 4543
f 4541 4543 4542
f 4541 4709 4710
f 4543 4713 4714
f 4543 4714 4715
f 4543 4715 4544
f 4544 4715 4545
f 4545 4715 4546
f 4546 4715 4716
f 4546 4716 4547
f 4547 4716 4548
f 4548 4716 4715
f 4548 4715 4717
f 4548 4717 4549
f 4549 4717 4718
f 4549 4718 4719
f 4549 4719 4720
f 4549 4720 4550
f 4550 4720 4551
f 4551 4720 4721
f 4551 4721 4552
f 4552 4721 4553
f 4553 4721 4554
f 4554 4721 4555
f 4555 4557 4556
f 4555 4721 4790
f 4555 4790 4644
f 4555 4644 4628
f 4555 4628 4557
f 4558 4684 4559
f 4559 4684 4683
f 4559 4683 4722
f 4559 4722 4560
f 4560 4723 4561
f 4560 4722 4724
f 4560 4724 4567
f 4560 4567 4723
f 4561 4723 4562
f 4562 4723 4566
f 4562 4566 4565
f 4566 4723 4567
f 4567 4724 4725
f 4567 4725 4726
f 4567 4726 4727
f 4567 4727 4568
f 4568 4727 4728
f 4568 4728 4569
f 4569 4728 4570
f 4570 4729 4730
f 4570 4730 4731
f 4570 4731 4572
f 4570 4572 4571
f 4570 4728 4732
f 4570 4732 4729
f 4572 4731 4573
f 4573 4731 4733
f 4573 4733 4734
f 4573 4734 4574
f 4574 4734 4735
f 4574 4735 4736
f 4574 4736 4737
f 4574 4737 4738
f 4574 4738 4739
f 4574 4739 4580
f 4574 4580 4740
f 4574 4740 4576
f 4574 4576 4575
f 4576 4740 4579
f 4578 4579 4580
f 4579 4740 4580
f 4580 4739 4581
f 4581 4739 4582
f 4582 4739 4583
f 4583 4739 4741
f 4583 4741 4742
f 4583 4742 4743
f 4583 4743 4584
f 4584 4743 4586
f 4584 4586 4585
f 4586 4743 4744
f 4586 4744 4708
f 4586 4708 4745
f 4587 4745 4589
f 4589 4745 4708
f 4589 4708 4707
f 4589 4707 4705
f 4590 4681 4746
f 4590 4746 4747
f 4590 4747 4591
f 4591 4747 4592
f 4592 4747 4593
f 4593 4748 4749
f 4593 4749 4594
f 4593 4747 4748
f 4594 4749 4596
f 4594 4596 4595
f 4596 4749 4750
f 4596 4750 4751
f 4596 4751 4597
f 4597 4751 4752
f 4597 4752 4599
f 4599 4752 4753
f 4599 4753 4754
f 4600 4754 4755
f 4600 4755 4601
f 4601 4756 4602
f 4601 4755 4757
f 4601 4757 4758
f 4601 4758 4756
f 4602 4756 4603
f 4603 4759 4760
f 4603 4760 4761
f 4603 4761 4604
f 4603 4756 4759
f 4604 4761 4760
f 4607 4762 4763
f 4607 4763 4608
f 4608 4763 4609
f 4609 4763 4610
f 4610 4763 4764
f 4610 4764 4611
f 4611 4764 4612
f 4612 4765 4613
f 4612 4764 4762
f 4613 4765 4615
f 4615 4765 4616
f 4616 4765 4766
f 4616 4766 4617
f 4617 4766 4767
f 4617 4767 4618
f 4618 4767 4768
f 4620 4625 4622
f 4620 4622 4621
f 4623 4627 4626
f 4623 4626 4769
f 4623 4769 4770
f 4623 4770 4771
f 4623 4771 4624
f 4625 4772 4626
f 4626 4772 4773
f 4626 4773 4769
f 4628 4644 4629
f 4630 4648 4774
f 4630 4774 4631
f 4631 4775 4776
f 4631 4776 4632
f 4631 4774 4777
f 4631 4777 4775
f 4632 4776 4778
f 4632 4778 4779
f 4632 4779 4633
f 4633 4779 4634
f 4634 4779 4778
f 4634 4778 4635
f 4635 4778 4636
f 4636 4778 4637
f 4637 4639 4638
f 4637 4778 4780
f 4637 4780 4781
f 4637 4781 4639
f 4639 4782 4640
f 4639 4781 4783
f 4639 4783 4784
f 4639 4784 4785
f 4639 4785 4782
f 4640 4782 4641
f 4641 4782 4786
f 4641 4786 4787
f 4641 4787 4788
f 4641 4788 4643
f 4643 4788 4789
f 4643 4789 4649
f 4644 4790 4645
f 4645 4790 4646
f 4646 4790 4647
f 4647 4790 4648
f 4648 4790 4774
f 4649 4789 4791
f 4649 4791 4653
f 4649 4653 4650
f 4650 4653 4652
f 4653 4792 4657
f 4653 4657 4654
f 4653 4791 4793
f 4653 4793 4794
f 4653 4794 4792
f 4657 4792 4795
f 4657 4795 4796
f 4657 4796 4797
f 4657 4797 4659
f 4659 4797 4660
f 4660 4797 4796
f 4660 4796 4798
f 4660 4798 4799
f 4660 4799 4661
f 4661 4799 4662
f 4662 4800 4663
f 4662 4799 4801
f 4662 4801 4800
f 4663 4800 4802
f 4663 4802 4664
f 4664 4802 4665
f 4665 4802 4667
f 4666 4667 4668
f 4667 4802 4803
f 4667 4803 4668
f 4668 4803 4669
f 4669 4803 4804
f 4669 4804 4671
f 4671 4677 4672
f 4671 4804 4805
f 4671 4805 4806
f 4671 4806 4677
f 4672 4677 4676
f 4672 4676 4673
f 4677 4806 4805
f 4677 4805 4807
f 4677 4807 4808
f 4677 4808 4809
f 4677 4809 4680
f 4677 4680 4678
f 4678 4680 4679
f 4680 4748 4681
f 4680 4809 4810
f 4680 4810 4811
f 4680 4811 4812
f 4680 4812 4813
f 4680 4813 4814
f 4680 4814 4815
f 4680 4815 4816
f 4680 4816 4748
f 4681 4748 4746
f 4682 4817 4683
f 4682 4685 4818
f 4682 4818 4817
f 4683 4817 4722
f 4685 4692 4818
f 4686 4698 4697
f 4686 4697 4768
f 4686 4768 4765
f 4687 4689 4688
f 4690 4695 4691
f 4691 4695 4692
f 4692 4695 4693
f 4692 4693 4819
f 4692 4819 4820
f 4692 4820 4821
f 4692 4821 4818
f 4693 4760 4863
f 4693 4863 4819
f 4696 4697 4698
f 4700 4704 4703
f 4700 4703 4702
f 4700 4702 4701
f 4700 4771 4772
f 4700 4772 4704
f 4705 4707 4706
f 4708 4744 4709
f 4709 4822 4823
f 4709 4823 4710
f 4709 4744 4822
f 4710 4823 4824
f 4710 4824 4825
f 4710 4825 4826
f 4710 4826 4712
f 4710 4712 4711
f 4712 4826 4827
f 4712 4827 4828
f 4712 4828 4713
f 4713 4828 4714
f 4714 4828 4829
f 4714 4829 4715
f 4715 4829 4717
f 4717 4829 4828
f 4717 4828 4830
f 4717 4830 4831
f 4717 4831 4832
f 4717 4832 4718
f 4718 4832 4833
f 4718 4833 4834
f 4718 4834 4719
f 4719 4834 4835
f 4719 4835 4720
f 4720 4835 4721
f 4721 4835 4836
f 4721 4836 4882
f 4721 4882 4790
f 4722 4817 4837
f 4722 4837 4724
f 4724 4728 4726
f 4724 4726 4725
f 4724 4837 4838
f 4724 4838 4839
f 4724 4839 4840
f 4724 4840 4728
f 4726 4728 4727
f 4728 4841 4732
f 4728 4840 4842
f 4728 4842 4843
f 4728 4843 4841
f 4729 4732 4730
f 4730 4732 4731
f 4731 4732 4844
f 4731 4844 4733
f 4732 4841 4844
f 4733 4735 4734
f 4733 4844 4845
f 4733 4845 4735
f 4735 4845 4846
f 4735 4846 4736
f 4736 4847 4737
f 4736 4846 4848
f 4736 4848 4849
f 4736 4849 4847
f 4737 4847 4738
f 4738 4847 4739
f 4739 4847 4850
f 4739 4850 4851
f 4739 4851 4852
f 4739 4852 4853
f 4739 4853 4741
f 4741 4853 4854
f 4741 4854 4855
f 4741 4855 4743
f 4741 4743 4742
f 4743 4855 4744
f 4744 4855 4856
f 4744 4856 4822
f 4746 4748 4747
f 4748 4816 4857
f 4748 4857 4749
f 4749 4857 4858
f 4749 4858 4750
f 4750 4859 4753
f 4750 4753 4752
f 4750 4752 4751
f 4750 4858 4859
f 4753 4859 4860
f 4753 4860 4754
f 4754 4860 4861
f 4754 4861 4755
f 4755 4861 4757
f 4756 4758 4759
f 4757 4862 4863
f 4757 4863 4760
f 4757 4760 4759
f 4757 4759 4758
f 4757 4861 4864
f 4757 4864 4862
f 4762 4764 4763
f 4765 4768 4766
f 4766 4768 4767
f 4769 4773 4771
f 4769 4771 4770
f 4771 4773 4772
f 4774 4790 4865
f 4774 4865 4777
f 4775 4866 4867
f 4775 4867 4776
f 4775 4777 4868
f 4775 4868 4866
f 4776 4867 4869
f 4776 4869 4870
f 4776 4870 4871
f 4776 4871 4872
f 4776 4872 4778
f 4777 4865 4868
f 4778 4872 4780
f 4780 4872 4871
f 4780 4871 4781
f 4781 4871 4783
f 4782 4785 4873
f 4782 4873 4874
f 4782 4874 4875
f 4782 4875 4786
f 4783 4876 4785
f 4783 4785 4784
f 4783 4871 4877
f 4783 4877 4876
f 4785 4878 4873
f 4785 4876 4879
f 4785 4879 4878
f 4786 4875 4880
f 4786 4880 4881
f 4786 4881 4791
f 4786 4791 4787
f 4787 4791 4789
f 4787 4789 4788
f 4790 4882 4865
f 4791 4881 4793
f 4792 4794 4795
f 4793 4881 4880
f 4793 4880 4796
f 4793 4796 4795
f 4793 4795 4794
f 4796 4880 4798
f 4798 4880 4799
f 4799 4880 4883
f 4799 4883 4801
f 4800 4801 4884
f 4800 4884 4802
f 4801 4883 4885
f 4801 4885 4886
f 4801 4886 4884
f 4802 4884 4803
f 4803 4805 4804
f 4803 4884 4805
f 4805 4884 4887
f 4805 4887 4888
f 4805 4888 4889
f 4805 4889 4890
f 4805 4890 4891
f 4805 4891 4807
f 4807 4892 4808
f 4807 4891 4893
f 4807 4893 4892
f 4808 4892 4810
f 4808 4810 4809
f 4810 4892 4894
f 4810 4894 4895
f 4810 4895 4896
f 4810 4896 4897
f 4810 4897 4811
f 4811 4897 4812
f 4812 4897 4898
f 4812 4898 4813
f 4813 4898 4899
f 4813 4899 4900
f 4813 4900 4901
f 4813 4901 4858
f 4813 4858 4902
f 4813 4902 4814
f 4814 4902 4816
f 4814 4816 4815
f 4816 4902 4857
f 4817 4818 4903
f 4817 4903 4837
f 4818 4821 4904
f 4818 4904 4903
f 4819 4905 4904
f 4819 4904 4820
f 4819 4863 4936
f 4819 4936 4905
f 4820 4904 4821
f 4822 4824 4823
f 4822 4856 4906
f 4822 4906 4907
f 4822 4907 4908
f 4822 4908 4909
f 4822 4909 4910
f 4822 4910 4825
f 4822 4825 4824
f 4825 4910 4826
f 4826 4910 4827
f 4827 4910 4831
f 4827 4831 4828
f 4828 4831 4830
f 4831 4910 4911
f 4831 4911 4833
f 4831 4833 4832
f 4833 4911 4912
f 4833 4912 4913
f 4833 4913 4914
f 4833 4914 4915
f 4833 4915 4916
f 4833 4916 4917
f 4833 4917 4834
f 4834 4917 4836
f 4834 4836 4835
f 4836 4917 4941
f 4836 4941 4882
f 4837 4903 4918
f 4837 4918 4838
f 4838 4918 4839
f 4839 4918 4840
f 4840 4918 4919
f 4840 4919 4920
f 4840 4920 4842
f 4841 4843 4921
f 4841 4921 4844
f 4842 4920 4922
f 4842 4922 4843
f 4843 4922 4923
f 4843 4923 4921
f 4844 4921 4845
f 4845 4921 4848
f 4845 4848 4846
f 4847 4851 4850
f 4847 4849 4924
f 4847 4924 4851
f 4848 4925 4849
f 4848 4921 4926
f 4848 4926 4927
f 4848 4927 4925
f 4849 4925 4928
f 4849 4928 4924
f 4851 4924 4852
f 4852 4929 4853
f 4852 4924 4930
f 4852 4930 4931
f 4852 4931 4929
f 4853 4929 4854
f 4854 4906 4856
f 4854 4856 4855
f 4854 4929 4931
f 4854 4931 4932
f 4854 4932 4906
f 4857 4902 4858
f 4858 4901 4859
f 4859 4901 4933
f 4859 4933 4860
f 4860 4933 4934
f 4860 4934 4861
f 4861 4934 4935
f 4861 4935 4864
f 4862 4935 4863
f 4862 4864 4935
f 4863 4935 4936
f 4865 4882 4868
f 4866 4937 4938
f 4866 4938 4939
f 4866 4939 4940
f 4866 4940 4869
f 4866 4869 4867
f 4866 4868 4941
f 4866 4941 4942
f 4866 4942 4943
f 4866 4943 4937
f 4868 4882 4941
f 4869 4940 4944
f 4869 4944 4877
f 4869 4877 4871
f 4869 4871 4870
f 4873 4878 4874
f 4874 4945 4946
f 4874 4946 4875
f 4874 4878 4879
f 4874 4879 4944
f 4874 4944 4947
f 4874 4947 4948
f 4874 4948 4949
f 4874 4949 4945
f 4875 4950 4883
f 4875 4883 4880
f 4875 4946 4950
f 4876 4877 4944
f 4876 4944 4879
f 4883 4950 4886
f 4883 4886 4885
f 4884 4886 4951
f 4884 4951 4952
f 4884 4952 4953
f 4884 4953 4954
f 4884 4954 4955
f 4884 4955 4887
f 4886 4950 4956
f 4886 4956 4951
f 4887 4955 4888
f 4888 4955 4889
f 4889 4955 4957
f 4889 4957 4958
f 4889 4958 4959
f 4889 4959 4890
f 4890 4959 4960
f 4890 4960 4961
f 4890 4961 4893
f 4890 4893 4891
f 4892 4893 4961
f 4892 4961 4896
f 4892 4896 4894
f 4894 4896 4895
f 4896 4961 4962
f 4896 4962 4897
f 4897 4962 4963
f 4897 4963 4964
f 4897 4964 4965
f 4897 4965 4901
f 4897 4901 4899
f 4897 4899 4898
f 4899 4901 4900
f 4901 4965 4966
f 4901 4966 4967
f 4901 4967 4933
f 4903 4968 4918
f 4903 4904 4969
f 4903 4969 4970
f 4903 4970 4968
f 4904 4905 4969
f 4905 4936 5014
f 4905 5014 4971
f 4905 4971 4972
f 4905 4972 4969
f 4906 4932 4907
f 4907 4932 4973
f 4907 4973 4974
f 4907 4974 4908
f 4908 4974 4975
f 4908 4975 4910
f 4908 4910 4909
f 4910 4975 4911
f 4911 4975 4912
f 4912 4975 4976
f 4912 4976 4977
f 4912 4977 4913
f 4913 4977 4978
f 4913 4978 4979
f 4913 4979 4980
f 4913 4980 4981
f 4913 4981 4982
f 4913 4982 4983
f 4913 4983 4984
f 4913 4984 4985
f 4913 4985 4914
f 4914 4985 4986
f 4914 4986 4987
f 4914 4987 4915
f 4915 4987 4988
f 4915 4988 4916
f 4916 4988 5028
f 4916 5028 4942
f 4916 4942 4941
f 4916 4941 4917
f 4918 4968 4989
f 4918 4989 4919
f 4919 4989 4990
f 4919 4990 4991
f 4919 4991 4920
f 4920 4992 4922
f 4920 4991 4993
f 4920 4993 4994
f 4920 4994 4992
f 4921 4923 4926
f 4922 4992 4923
f 4923 4995 4926
f 4923 4992 4996
f 4923 4996 4997
f 4923 4997 4998
f 4923 4998 4999
f 4923 4999 5000
f 4923 5000 4995
f 4924 4928 5001
f 4924 5001 5002
f 4924 5002 4930
f 4925 4927 4928
f 4926 4995 4927
f 4927 4995 5003
f 4927 5003 4928
f 4928 5003 5001
f 4930 5002 5001
f 4930 5001 5003
f 4930 5003 4995
f 4930 4995 5004
f 4930 5004 5005
f 4930 5005 5006
f 4930 5006 4973
f 4930 4973 5007
f 4930 5007 4931
f 4931 5007 5008
f 4931 5008 4932
f 4932 5008 4973
f 4933 4967 5009
f 4933 5009 4934
f 4934 5009 5010
f 4934 5010 5011
f 4934 5011 5012
f 4934 5012 4935
f 4935 5012 4936
f 4936 5012 5013
f 4936 5013 5014
f 4937 4943 5015
f 4937 5015 5016
f 4937 5016 5017
f 4937 5017 4938
f 4938 5018 4939
f 4938 5017 5019
f 4938 5019 5020
f 4938 5020 5021
f 4938 5021 5022
f 4938 5022 5023
f 4938 5023 5024
f 4938 5024 5025
f 4938 5025 5018
f 4939 5018 5026
f 4939 5026 5027
f 4939 5027 4940
f 4940 5027 4944
f 4942 5028 4943
f 4943 5028 5015
f 4944 5027 4948
f 4944 4948 4947
f 4945 4949 4956
f 4945 4956 4946
f 4946 4956 4950
f 4948 5027 5029
f 4948 5029 5030
f 4948 5030 4949
f 4949 5030 5031
f 4949 5031 4956
f 4951 4956 4952
f 4952 4956 5032
f 4952 5032 5033
f 4952 5033 5034
f 4952 5034 5035
f 4952 5035 4953
f 4953 4955 4954
f 4953 5035 4955
f 4955 5035 4957
f 4956 5031 5033
f 4956 5033 5032
f 4957 5035 5036
f 4957 5036 5037
f 4957 5037 4958
f 4958 5038 5039
f 4958 5039 5040
f 4958 5040 4960
f 4958 4960 4959
f 4958 5037 5038
f 4960 5040 4961
f 4961 5040 4962
f 4962 5040 4963
f 4963 5041 5042
f 4963 5042 4964
f 4963 5040 5041
f 4964 5042 5043
f 4964 5043 4965
f 4965 5043 5044
f 4965 5044 5009
f 4965 5009 4966
f 4966 5009 4967
f 4968 4970 5045
f 4968 5045 4989
f 4969 4972 5046
f 4969 5046 5047
f 4969 5047 4970
f 4970 5047 4990
f 4970 4990 5045
f 4971 5048 4972
f 4971 5014 5074
f 4971 5074 5048
f 4972 5048 5049
f 4972 5049 5046
f 4973 5006 5050
f 4973 5050 4974
f 4973 5008 5007
f 4974 5050 4976
f 4974 4976 4975
f 4976 5050 5006
f 4976 5006 5051
f 4976 5051 4979
f 4976 4979 4978
f 4976 4978 4977
f 4979 5051 5052
f 4979 5052 4980
f 4980 5052 5053
f 4980 5053 5054
f 4980 5054 4981
f 4981 5054 5055
f 4981 5055 4982
f 4982 5055 5075
f 4982 5075 5021
f 4982 5021 5020
f 4982 5020 4983
f 4983 4988 4987
f 4983 4987 4986
f 4983 4986 4985
f 4983 4985 4984
f 4983 5020 5028
f 4983 5028 4988
f 4989 5045 4990
f 4990 5047 5046
f 4990 5046 5049
f 4990 5049 4991
f 4991 5049 5048
f 4991 5048 4993
f 4992 4994 5056
f 4992 5056 4996
f 4993 5057 4994
f 4993 5048 5058
f 4993 5058 5059
f 4993 5059 5057
f 4994 5057 5056
f 4995 5000 5060
f 4995 5060 5061
f 4995 5061 5004
f 4996 5056 5062
f 4996 5062 5063
f 4996 5063 4997
f 4997 5063 5064
f 4997 5064 5065
f 4997 5065 4998
f 4998 5065 5066
f 4998 5066 5000
f 4998 5000 4999
f 5000 5066 5060
f 5004 5061 5005
f 5005 5061 5060
f 5005 5060 5067
f 5005 5067 5051
f 5005 5051 5006
f 5009 5044 5068
f 5009 5068 5010
f 5010 5068 5069
f 5010 5069 5011
f 5011 5070 5012
f 5011 5069 5071
f 5011 5071 5070
f 5012 5072 5013
f 5012 5070 5072
f 5013 5072 5073
f 5013 5073 5074
f 5013 5074 5014
f 5015 5028 5020
f 5015 5020 5016
f 5016 5020 5017
f 5017 5020 5019
f 5018 5025 5026
f 5021 5075 5022
f 5022 5075 5076
f 5022 5076 5023
f 5023 5077 5024
f 5023 5076 5078
f 5023 5078 5077
f 5024 5077 5079
f 5024 5079 5026
f 5024 5026 5025
f 5026 5079 5080
f 5026 5080 5081
f 5026 5081 5029
f 5026 5029 5027
f 5029 5081 5082
f 5029 5082 5030
f 5030 5082 5031
f 5031 5082 5083
f 5031 5083 5033
f 5033 5083 5084
f 5033 5084 5034
f 5034 5084 5082
f 5034 5082 5080
f 5034 5080 5085
f 5034 5085 5086
f 5034 5086 5087
f 5034 5087 5088
f 5034 5088 5089
f 5034 5089 5090
f 5034 5090 5035
f 5035 5090 5089
f 5035 5089 5036
f 5036 5089 5088
f 5036 5088 5038
f 5036 5038 5037
f 5038 5088 5087
f 5038 5087 5039
f 5039 5087 5041
f 5039 5041 5040
f 5041 5087 5091
f 5041 5091 5092
f 5041 5092 5093
f 5041 5093 5094
f 5041 5094 5095
f 5041 5095 5096
f 5041 5096 5042
f 5042 5096 5043
f 5043 5096 5097
f 5043 5097 5098
f 5043 5098 5099
f 5043 5099 5044
f 5044 5099 5071
f 5044 5071 5068
f 5048 5074 5106
f 5048 5106 5058
f 5051 5067 5052
f 5052 5067 5100
f 5052 5100 5101
f 5052 5101 5053
f 5053 5101 5100
f 5053 5100 5102
f 5053 5102 5119
f 5053 5119 5078
f 5053 5078 5076
f 5053 5076 5054
f 5054 5076 5075
f 5054 5075 5055
f 5056 5057 5103
f 5056 5103 5062
f 5057 5059 5103
f 5058 5104 5105
f 5058 5105 5059
f 5058 5106 5133
f 5058 5133 5104
f 5059 5105 5103
f 5060 5066 5107
f 5060 5107 5108
f 5060 5108 5067
f 5062 5103 5063
f 5063 5103 5105
f 5063 5105 5104
f 5063 5104 5109
f 5063 5109 5110
f 5063 5110 5064
f 5064 5110 5065
f 5065 5111 5066
f 5065 5110 5109
f 5065 5109 5111
f 5066 5111 5112
f 5066 5112 5113
f 5066 5113 5107
f 5067 5108 5114
f 5067 5114 5115
f 5067 5115 5100
f 5068 5071 5069
f 5070 5071 5073
f 5070 5073 5072
f 5071 5099 5073
f 5073 5099 5074
f 5074 5099 5098
f 5074 5098 5106
f 5077 5078 5116
f 5077 5116 5117
f 5077 5117 5118
f 5077 5118 5079
f 5078 5119 5117
f 5078 5117 5116
f 5079 5118 5085
f 5079 5085 5080
f 5080 5082 5081
f 5082 5084 5083
f 5085 5118 5120
f 5085 5120 5121
f 5085 5121 5086
f 5086 5121 5087
f 5087 5121 5120
f 5087 5120 5091
f 5091 5120 5122
f 5091 5122 5093
f 5091 5093 5092
f 5093 5122 5123
f 5093 5123 5124
f 5093 5124 5094
f 5094 5124 5125
f 5094 5125 5095
f 5095 5125 5126
f 5095 5126 5127
f 5095 5127 5096
f 5096 5127 5097
f 5097 5127 5128
f 5097 5128 5098
f 5098 5128 5129
f 5098 5129 5106
f 5100 5130 5102
f 5100 5115 5130
f 5102 5131 5143
f 5102 5143 5119
f 5102 5130 5131
f 5104 5132 5109
f 5104 5133 5151
f 5104 5151 5132
f 5106 5129 5134
f 5106 5134 5133
f 5107 5113 5114
f 5107 5114 5108
f 5109 5132 5111
f 5111 5135 5112
f 5111 5132 5135
f 5112 5135 5136
f 5112 5136 5137
f 5112 5137 5113
f 5113 5137 5138
f 5113 5138 5114
f 5114 5138 5130
f 5114 5130 5115
f 5117 5119 5139
f 5117 5139 5140
f 5117 5140 5118
f 5118 5140 5141
f 5118 5141 5142
f 5118 5142 5120
f 5119 5143 5139
f 5120 5142 5144
f 5120 5144 5122
f 5122 5144 5145
f 5122 5145 5146
f 5122 5146 5147
f 5122 5147 5123
f 5123 5147 5148
f 5123 5148 5124
f 5124 5148 5125
f 5125 5148 5133
f 5125 5133 5134
f 5125 5134 5149
f 5125 5149 5126
f 5126 5149 5127
f 5127 5149 5128
f 5128 5149 5129
f 5129 5149 5134
f 5130 5138 5150
f 5130 5150 5131
f 5131 5150 5132
f 5131 5132 5151
f 5131 5151 5143
f 5132 5150 5136
f 5132 5136 5135
f 5133 5148 5151
f 5136 5150 5137
f 5137 5150 5138
f 5139 5143 5152
f 5139 5152 5153
f 5139 5153 5141
f 5139 5141 5140
f 5141 5153 5145
f 5141 5145 5144
f 5141 5144 5142
f 5143 5151 5152
f 5145 5153 5154
f 5145 5154 5146
f 5146 5155 5147
f 5146 5154 5156
f 5146 5156 5155
f 5147 5155 5151
f 5147 5151 5148
f 5151 5155 5156
f 5151 5156 5152
f 5152 5156 5154
f 5152 5154 5153
