# https://github.com/mikedh/trimesh
v -0.40763023 -0.15980405 0.13947007
v -0.40115249 -0.03120483 0.14506379
v 0.40118283 0.36144167 -0.14516294
v -0.39696857 -0.37896407 -0.14657155
v -0.40012673 0.29221350 0.14573607
v -0.41857153 0.62229019 -0.09904169
v -0.40624833 0.68843687 0.14122428
v 0.40734443 -0.29677925 -0.13946523
v -0.41856596 -0.03610318 -0.10172790
v 0.38852027 0.79005301 -0.14709783
v 0.41775468 0.73748994 -0.11872397
v 0.05913983 0.89084870 -0.14743173
v -0.41175514 0.02282917 -0.13308564
v -0.41642499 0.76953226 -0.12308692
v -0.09158750 0.90518826 0.13686892
v 0.41531006 -0.42918834 0.12526879
v -0.11674309 -0.89008188 0.14738819
v -0.32971781 -0.90056670 0.10258201
v 0.40733233 0.29677925 0.13946226
v 0.40733233 0.05022421 0.13946226
v 0.40989417 0.79002535 0.13082567
v -0.39286333 -0.83071530 0.11285072
v 0.17310376 0.91464305 0.11685419
v -0.40001172 -0.65501219 -0.14574358
v -0.39629504 0.64399207 -0.14664397
v -0.05506100 -0.90805483 -0.13354863
v -0.31590348 0.90957808 -0.12267787
v 0.23026511 0.89016277 -0.14738464
v -0.40115249 0.20470630 0.14506379
v 0.39705074 0.52050501 0.14659315
v 0.30610207 -0.91056645 -0.12303526
v -0.14181174 -0.89281529 0.14738828
v -0.32276425 -0.90191543 0.12439968
v 0.41802242 0.53876865 0.10239048
v -0.40763023 0.33330595 0.13947007
v 0.39638174 -0.39743039 0.14665133
v -0.09721956 0.88715851 -0.14730045
v 0.33841622 -0.85227114 -0.14726561
v 0.11387546 -0.88890821 0.14740041
v 0.01810817 -0.91498792 0.10200248
v -0.37462267 -0.84258646 0.14049236
v -0.40763023 -0.08675073 -0.13947007
v 0.41385543 -0.26786169 0.12931904
v 0.39562762 -0.36073625 -0.14674966
v 0.40732411 0.71681875 -0.13947627
v -0.18290451 -0.90514278 -0.13692555
v -0.39549679 0.26029173 -0.14675497
v -0.41434330 -0.49006122 -0.12923518
v -0.41277409 -0.44325924 -0.13213252
v -0.39696640 0.71227050 -0.14657202
v 0.40115169 0.37896407 -0.14497994
v 0.39530891 -0.73511696 0.14687359
v -0.40064222 0.10527399 0.14538485
v -0.39696857 0.38809592 -0.14657155
v -0.12397232 0.90298992 0.13990965
v 0.23715249 0.90514272 -0.13692555
v 0.37647986 0.84605062 0.14640070
v -0.33954906 0.85239840 -0.14725281
v -0.39756206 0.07802855 -0.14649107
v 0.41531006 0.02282917 0.12526879
v -0.33593297 -0.87287515 0.14627032
v 0.41827103 0.33699003 -0.11181903
v 0.41670194 0.60449445 -0.12256540
v -0.39515612 -0.76251286 0.14632308
v -0.41175514 -0.01369750 0.13308564
v -0.25293884 -0.91483510 -0.11098880
v -0.40221113 -0.06848752 0.14379831
v -0.40012673 0.57986104 0.14573607
v -0.40763023 0.16893592 -0.13947007
v 0.15040131 -0.89860564 0.14521044
v 0.39462480 -0.67964751 0.14693005
v 0.27826527 -0.90244836 0.14081523
v -0.19629751 0.89162105 -0.14741416
v 0.40112787 -0.31504232 0.14497305
v 0.32436284 -0.90136409 0.13640682
v -0.41856912 0.06392321 -0.10038461
v 0.40733233 0.03196086 0.13946226
v 0.06408338 0.91400099 -0.12193468
v 0.22176506 -0.89451772 0.14726603
v 0.40942678 0.13240924 -0.13673894
v 0.37911448 0.65795636 -0.14726944
v -0.07747138 -0.90750843 0.13409354
v -0.36462253 -0.86927342 -0.12244894
v -0.10528506 -0.91231948 -0.12808132
v -0.41706789 -0.14154075 0.12290233
v 0.13213825 -0.90676039 0.13477609
v 0.39512220 0.26481801 0.14714365
v -0.40763023 0.60725629 -0.13947007
v -0.40763023 -0.42462233 0.13947007
v 0.40734443 -0.33330595 -0.13946520
v 0.39543059 -0.41092500 0.14679226
v -0.41175514 0.23285769 0.13308564
v 0.06821653 0.90676039 0.13477609
v -0.36452889 0.88391012 -0.09969925
v -0.40763023 -0.25112075 -0.13947007
v -0.40763023 0.04109254 -0.13947007
v -0.40763023 0.27851593 -0.13947007
v -0.15094189 0.87781596 -0.14727537
v -0.41857237 0.00814871 0.09251990
v 0.34219268 -0.89815336 -0.12851542
v 0.39049613 -0.05022832 -0.14698453
v -0.41856501 0.15055826 0.10210864
v 0.34409177 0.89741945 0.11866865
v -0.40763023 0.40635926 -0.13947007
v 0.40733233 -0.29677925 0.13946226
v -0.01396850 -0.90676039 0.13477609
v -0.41874725 0.29209331 0.11009210
v -0.02926267 -0.91476488 -0.11404513
v 0.41750607 0.46114936 -0.11992889
v 0.41630051 -0.37699497 0.12346167
v 0.41670218 -0.61791402 0.12256002
v 0.40013671 0.01480021 -0.14565699
v 0.39638171 0.36049804 0.14665133
v -0.39062718 0.82481301 0.14482194
v 0.30443108 0.89555562 -0.14682822
v -0.40625772 0.82556391 -0.11272840
v -0.14181174 0.90674686 -0.13479403
v -0.06875852 -0.90337956 -0.13898475
v 0.10930900 0.90518826 0.13686892
v -0.19660175 -0.90340453 0.13895562
v -0.41358984 -0.52287352 -0.13030690
v 0.12300669 0.90340453 0.13895562
v 0.40733233 -0.08675073 0.13946226
v 0.13670400 0.90514278 -0.13692555
v -0.02310017 0.90676039 0.13477609
v -0.40763023 -0.57986104 -0.13947007
v -0.39500493 -0.16893446 0.14707957
v -0.41579661 0.73054153 -0.12518142
v 0.38158932 -0.64023453 0.14726922
v -0.18290451 -0.90518826 0.13686892
v -0.19660175 -0.91231948 -0.12808134
v -0.40528387 -0.05022422 -0.14230439
v 0.17929612 -0.89580357 -0.14697637
v 0.40216699 0.68030959 -0.14387617
v -0.41539007 0.25670686 -0.12587649
v 0.39511406 0.44288594 0.14719360
v -0.40844390 -0.22535446 0.13862544
v 0.29662558 -0.89287555 -0.14730133
v -0.39887846 -0.45106441 -0.14621390
v -0.40009332 -0.41439474 -0.14556520
v -0.10528506 -0.90337956 -0.13898475
v 0.40734118 0.42462233 -0.13946417
v -0.41578567 -0.48854467 0.12519123
v -0.41860849 0.74964470 0.09843399
v -0.41620126 -0.61818218 0.12436954
v 0.40429381 0.07305335 0.14355478
v -0.40012673 -0.64834899 0.14573608
v 0.41531006 -0.49311042 0.12526879
v -0.41175514 0.26938409 0.13308562
v -0.40763023 0.21459405 -0.13947007
v -0.40763023 0.62551934 0.13947007
v 0.41048831 0.80326998 -0.12333311
v 0.40555689 0.80775827 0.13405165
v -0.40763023 0.36983231 -0.13947007
v -0.41578567 0.47484699 -0.12519123
v -0.40763023 -0.17806768 0.13947007
v -0.38641301 -0.79974133 -0.14691059
v -0.41350526 -0.67117220 0.13122849
v -0.33119375 -0.85901392 -0.14724852
v -0.02766600 -0.90337956 -0.13898475
v 0.41802514 -0.06138933 -0.10132345
v 0.40516746 0.48397902 -0.14226249
v -0.41873872 0.69022208 -0.10931899
v 0.40733233 0.15067232 0.13946225
v 0.31490499 0.90438199 0.13312881
v 0.41658282 0.46114931 0.12304258
v 0.40734386 -0.19633077 -0.13946520
v 0.25021952 -0.91499412 -0.10102027
v 0.10056522 -0.91301519 -0.12613781
v 0.40733233 -0.15980408 0.13946226
v 0.41531006 0.51593935 0.12526879
v 0.36050281 0.88339591 0.12223615
v 0.11387493 -0.90340453 0.13895562
v 0.23263209 -0.89283597 -0.14738528
v -0.05049516 -0.90676039 0.13477609
v -0.28797227 -0.89625102 0.14677869
v -0.40105486 0.75336349 0.14488201
v -0.27865681 0.89805967 0.14595863
v -0.40270734 0.17978120 -0.14493141
v 0.40734032 0.62551928 -0.13946421
v -0.40763023 -0.14154077 0.13947007
v -0.39052671 0.26020902 0.14702357
v 0.16866495 -0.90676039 0.13477607
v 0.40115321 -0.63465106 -0.14498025
v -0.00483683 0.89745772 0.14642240
v 0.41670725 -0.22220089 -0.12256628
v -0.41472822 0.63921702 0.12822808
v 0.40517014 -0.05479005 -0.14226301
v -0.41620195 -0.66937995 -0.12436756
v -0.37844089 0.39267084 -0.14727175
v 0.38385388 0.18715060 0.14725563
v -0.41718578 0.60880005 -0.12243004
v 0.18893345 0.91265762 0.12701514
v 0.37774369 -0.25619566 0.14727359
v -0.36268023 0.86674780 0.14435597
v -0.14181174 -0.90340453 0.13895562
v -0.41856715 -0.28565252 0.10119072
v 0.39640871 -0.09608516 -0.14665242
v -0.41131961 -0.77561855 -0.12291412
v 0.40162399 0.68080497 0.14450151
v -0.40064225 0.62525940 -0.14538482
v 0.41229105 0.55283093 0.13219777
v 0.34240851 -0.87459105 -0.14716294
v -0.36553869 -0.86947405 -0.06384059
v -0.02284550 0.91385871 0.12237831
v 0.39551717 0.22377738 -0.14684935
v 0.18692826 -0.90258688 0.14067025
v 0.41531411 -0.08675075 -0.12527356
v -0.39695701 0.72595322 -0.14657402
v -0.23300681 -0.91270369 -0.12758878
v 0.38116693 -0.84336090 0.14690515
v 0.29460219 -0.89183223 0.14731191
v 0.41229194 0.35193348 -0.13220139
v -0.40763023 -0.57986104 0.13947007
v -0.40882269 0.33787176 -0.13816981
v -0.40763023 -0.03196085 -0.13947007
v -0.40957677 0.76467621 0.13681400
v -0.40760291 -0.70760953 0.13950408
v 0.41301405 0.55246621 -0.13131915
v 0.31371063 -0.89860809 0.14472578
v 0.41531006 -0.10958001 0.12526879
v 0.40516782 0.47484702 -0.14226265
v -0.40137839 -0.80199158 0.13385093
v 0.38037220 0.82369590 0.14734073
v -0.39696768 0.71683455 0.14657174
v -0.40064222 -0.32443398 -0.14538485
v 0.40017101 -0.14154077 -0.14582711
v 0.41229102 0.21422932 0.13219778
v -0.40763023 -0.05022421 0.13947007
v -0.40763023 0.67117774 0.13947007
v -0.40763023 -0.50680774 -0.13947007
v 0.05146431 -0.91262829 -0.12709858
v 0.39640883 -0.24219209 -0.14665277
v 0.41627181 0.17399025 -0.12374242
v 0.40421072 0.73053366 -0.14363830
v -0.11898300 0.90514272 -0.13692555
v -0.26950487 -0.91146964 0.12872639
v 0.35136816 0.87590063 0.14437827
v -0.32280797 -0.90461916 -0.07142457
v -0.41277409 -0.34281096 -0.13213250
v -0.39696857 -0.39722767 0.14657155
v 0.40112787 -0.54333466 0.14497305
v 0.40605462 -0.61540449 0.14118432
v -0.40763023 -0.31504232 0.13947007
v -0.41175514 0.11414593 -0.13308564
v 0.41670218 -0.08522446 0.12256003
v 0.38400027 -0.35153985 0.14723349
v 0.40733233 0.38809592 0.13946226
v 0.41317543 0.06392169 0.12982436
v -0.28905985 0.90073377 -0.14280729
v -0.14181176 0.91483116 -0.12017793
v 0.30624983 0.91403276 -0.08912680
v 0.41128305 0.15067232 -0.13313180
v -0.34764898 -0.88106108 0.13252233
v 0.39438394 -0.55408168 -0.14669612
v 0.41128498 -0.17806770 -0.13313203
v 0.41572309 0.70032579 0.12445572
v 0.39524785 -0.78057742 -0.14673521
v -0.19660175 -0.90337956 -0.13898475
v -0.40763023 0.15067232 -0.13947007
v 0.09475578 -0.91497028 -0.10590348
v -0.40012673 -0.06848752 -0.14573607
v 0.41196996 0.10311753 0.13156666
v 0.39177215 0.80778319 -0.14665389
v 0.40734294 0.07761914 -0.13946496
v 0.40733233 -0.39722767 0.13946225
v -0.40012673 0.02739500 0.14573607
v -0.41175514 -0.12327768 -0.13308564
v -0.41609120 0.43677449 0.12496106
v -0.40012676 0.17350200 0.14573607
v -0.38298601 0.01826350 0.14726391
v 0.40941983 -0.03196085 0.13673875
v 0.13169111 -0.90292948 -0.13997486
v 0.41531596 -0.31047663 -0.12527369
v -0.41365454 -0.28308180 0.12976575
v -0.41289493 -0.74731028 -0.13059995
v -0.12811449 -0.90258688 0.14067025
v -0.40763065 0.72596157 0.13946955
v 0.40017188 -0.65748048 -0.14582747
v 0.38368648 -0.19660418 0.14724544
v 0.39309841 0.15691513 0.14704670
v 0.41752192 0.66409218 -0.11995906
v -0.41175514 0.51593935 -0.13308564
v 0.41586149 -0.10958001 -0.12448767
v 0.41607764 0.66166925 0.12410323
v 0.15933676 0.91197985 0.12842196
v -0.39609170 -0.14178915 -0.14673206
v -0.39887843 -0.29582596 -0.14621390
v -0.41175514 -0.06848752 0.13308564
v -0.22346011 0.91169870 0.12888706
v -0.39696857 -0.12327769 0.14657155
v 0.41225472 0.75367147 -0.13212541
v -0.39629504 0.41528165 -0.14664397
v -0.39339083 -0.18566015 0.14718053
v -0.38402680 0.10327527 -0.14726344
v 0.20975700 0.90229362 0.14217858
v 0.39562768 -0.45198223 -0.14674965
v 0.41229296 0.19596651 -0.13220152
v 0.40734524 -0.59812468 -0.13946523
v 0.00429483 -0.90337956 -0.13898475
v -0.40763023 0.37896407 0.13947007
v -0.36962521 0.86697400 -0.13799143
v 0.10017700 0.90518826 0.13686892
v 0.40942675 0.05935587 -0.13673888
v -0.02030421 -0.88155103 -0.14727610
v 0.39973712 0.79041278 0.14402148
v -0.38729075 -0.81757921 -0.14494599
v -0.41876781 -0.01079732 -0.10899974
v 0.09601735 0.90747905 -0.13413464
v -0.33593735 0.90053594 -0.12534182
v -0.35124165 0.87570548 0.14629488
v -0.41856766 0.72027498 -0.10087817
v -0.08778580 0.90582752 -0.13604994
v -0.39696857 -0.62551934 -0.14657155
v 0.08647973 -0.91145611 0.12882806
v -0.07640572 0.90149897 -0.14185518
v -0.06266186 0.91443622 0.11975388
v 0.40065396 0.31479350 0.14547586
v -0.40113583 0.56159776 0.14488690
v -0.41656032 -0.37935412 -0.12398849
v 0.40734318 -0.03196087 -0.13946490
v 0.39546931 -0.50686139 0.14691354
v 0.21282554 -0.89580256 -0.14697662
v 0.39067915 0.35160619 -0.14693820
v 0.11387494 0.90674686 -0.13479403
v 0.37796474 -0.47422925 -0.14727075
v -0.38424844 -0.35139254 -0.14724436
v 0.40067655 0.56134862 -0.14548355
v -0.39696857 -0.08675073 -0.14657155
v -0.39537507 0.47935560 -0.14685827
v 0.40733233 -0.33330595 0.13946225
v 0.39707890 -0.30591074 -0.14659548
v 0.39352459 -0.05778631 0.14724302
v 0.02712400 0.90514278 -0.13692555
v -0.40225145 -0.37184942 0.14396587
v -0.12303075 -0.91166610 -0.12895969
v -0.41856700 0.66918290 0.10119104
v 0.40734118 0.44288594 -0.13946418
v -0.39629504 0.49788538 0.14664397
v 0.41808099 0.05675175 -0.10487823
v 0.40405005 -0.76906121 0.14318970
v -0.10528506 0.91235471 0.12798227
v -0.38902617 -0.79786247 0.14529367
v -0.04592930 -0.89738703 -0.14644681
v -0.41175520 -0.70764709 -0.13308550
v 0.40067711 0.27826682 -0.14548330
v -0.39344189 0.53265846 0.14709325
v -0.32179970 -0.89585763 0.13857982
v -0.40115246 -0.10577011 0.14506380
v 0.41670832 -0.42309737 -0.12256636
v -0.39213178 0.85059041 0.12392404
v 0.41271007 -0.78060311 0.13101077
v 0.23259667 -0.91231865 -0.12808366
v -0.39621723 -0.72618574 -0.14664674
v 0.02297695 0.90750843 0.13409354
v 0.40733233 0.13240926 0.13946226
v 0.05678946 -0.90202475 -0.14099751
v 0.26962653 0.91488129 0.11078998
v 0.03172888 -0.91431957 -0.12074086
v 0.41385540 -0.19480844 0.12931909
v -0.20072609 0.91401082 0.12186291
v 0.40181172 0.82237870 0.13340336
v -0.41856655 -0.66919851 -0.10115610
v -0.11675075 0.88994348 0.14734836
v -0.40981394 0.23742346 -0.13676891
v 0.41301480 -0.69857299 0.13131471
v -0.40738636 0.79687631 -0.13602628
v 0.39638171 0.38829866 0.14665133
v -0.41856915 0.36526677 0.10038744
v -0.28736690 -0.91217101 -0.12721132
v 0.39634347 -0.75316262 0.14665966
v -0.40064225 0.31478238 -0.14538482
v -0.40762973 -0.67117608 -0.13947071
v 0.41586128 -0.00000004 -0.12448774
v -0.40564668 0.00322414 -0.14219120
v -0.33433878 0.87139374 0.14723453
v 0.41019255 0.29569432 -0.13537812
v 0.41531512 -0.26481840 -0.12527362
v 0.09484290 -0.90442556 -0.13779651
v 0.01342650 0.89860564 0.14521044
v 0.39707866 0.13240926 -0.14659496
v -0.39365456 0.35785368 0.14691725
v -0.41857117 0.70774329 0.09966429
v 0.40734375 -0.08675075 -0.13946500
v -0.40763023 -0.59812468 -0.13947007
v 0.41727799 0.18179135 0.12050962
v -0.41175514 -0.21459407 -0.13308564
v -0.40894696 0.46049762 0.13802490
v 0.41531006 0.26938409 0.12526880
v -0.41857088 -0.11467591 -0.09928867
v -0.39549679 0.34247708 0.14675497
v 0.40733233 0.53420293 0.13946226
v 0.13188359 -0.91385871 0.12237831
v -0.40491080 -0.80598003 0.06456228
v 0.40733233 -0.43375409 0.13946226
v 0.40115321 -0.67117780 -0.14498025
v -0.40763023 -0.20089650 -0.13947007
v -0.41350332 -0.56159770 -0.13123304
v 0.37828127 0.03464728 0.14727221
v -0.37864313 -0.20919320 -0.14727095
v -0.40763199 0.71683353 -0.13946788
v -0.39500889 -0.45201907 0.14706236
v -0.41434327 -0.17655115 -0.12923525
v 0.39638174 -0.65311742 0.14665133
v 0.40733233 -0.50680774 0.13946226
v 0.40733233 -0.10501406 0.13946226
v -0.40058571 -0.74355233 -0.14499903
v -0.14168787 0.91273892 0.12746747
v 0.40733233 0.08675073 0.13946226
v 0.40733901 0.66204631 -0.13946398
v 0.37904590 0.45711291 -0.14727014
v -0.18728369 0.91194677 -0.12850142
v -0.40012673 -0.21915999 -0.14573607
v 0.37503910 -0.80251229 -0.14727210
v 0.06985378 -0.91296059 0.12645139
v -0.39568403 -0.32417408 0.14668825
v 0.40016976 0.54790050 -0.14582762
v 0.39707851 0.44288597 -0.14659502
v 0.39595911 -0.85018229 0.12076249
v 0.06781048 -0.90747905 -0.13413465
v 0.40862244 -0.68877548 -0.13796370
v 0.20684464 -0.89504790 0.14718081
v -0.40113583 -0.27851593 -0.14488690
v 0.37774271 -0.44695273 0.14727359
v -0.40113583 -0.63465106 0.14488690
v 0.41819349 0.31614295 0.10883030
v -0.41350332 0.49767625 -0.13123304
v 0.25081709 -0.91232181 0.12807481
v 0.39283600 -0.22916597 0.14691728
v 0.15974413 0.88853246 0.14736876
v -0.40978044 -0.54333466 0.13682222
v 0.39500046 -0.13330558 0.14686492
v 0.11428100 -0.90747905 -0.13413465
v 0.39705074 -0.21459405 0.14659315
v 0.16866414 0.89025778 -0.14737211
v 0.41630054 0.08478158 0.12346163
v -0.39696857 0.40179348 -0.14657155
v -0.04116158 0.90247875 0.14145543
v 0.18692826 -0.90674686 -0.13479403
v 0.20062551 -0.90518826 0.13686892
v -0.07747138 0.90750843 0.13409352
v 0.41586450 -0.59355867 -0.12448791
v 0.00429483 0.91231948 -0.12808132
v 0.14126974 0.89745772 0.14642240
v -0.03227142 0.91323990 -0.12684703
v -0.35202250 -0.88270271 0.11359696
v 0.19605975 -0.89853656 -0.14525287
v 0.40733233 -0.52507108 0.13946226
v -0.23769450 0.90248638 -0.14077222
v 0.39705074 0.05022422 0.14659315
v 0.39560100 0.48850912 0.14674909
v 0.41386119 -0.52659392 -0.12932500
v 0.41820577 -0.48235640 -0.10846194
v 0.02242825 -0.89676613 0.14681046
v -0.38875112 -0.59913373 0.14725791
v 0.35184911 0.89346921 -0.00251171
v -0.41633862 -0.59355867 0.12437837
v -0.40225145 -0.38607872 0.14396587
v 0.27886286 -0.90426892 -0.13820937
v -0.40763023 0.18719923 0.13947007
v 0.41128194 0.31504229 -0.13313106
v -0.41773263 -0.08767514 0.12070089
v -0.40763023 -0.29677925 0.13947007
v -0.39947101 -0.48988235 -0.14596957
v -0.39947101 -0.52373332 -0.14596957
v 0.41585755 0.33787167 0.12448218
v -0.17571737 -0.91402376 0.12156414
v -0.39696857 -0.34243768 0.14657155
v 0.22303070 0.90298963 0.13990998
v 0.40605459 0.33232260 0.14118433
v -0.33794945 0.90257931 0.05698111
v 0.39638174 0.62531662 0.14665133
v 0.39518613 -0.37896508 -0.14703088
v -0.41633865 -0.23688811 0.12437835
v 0.38368523 -0.86181492 -0.13179800
v 0.20478527 -0.90747905 -0.13413465
v -0.38396016 -0.71448690 0.14725472
v 0.39640883 -0.32397124 -0.14665277
v -0.02473742 -0.91296059 0.12645139
v -0.29897508 0.90110171 0.14198999
v 0.25035936 0.90297484 0.13992596
v 0.41630054 0.23155232 0.12346162
v -0.41856712 0.43175930 -0.10119078
v 0.41531378 -0.02282918 -0.12527360
v 0.39524019 -0.25568652 -0.14693205
v 0.41626909 -0.57480615 0.12373649
v -0.05026935 -0.89806896 0.14595526
v -0.41678208 0.07962162 -0.12335188
v 0.41531095 0.43831998 -0.12527309
v 0.40162399 -0.63514674 0.14450151
v 0.07883260 -0.90149891 -0.14185521
v 0.16018648 -0.88960087 -0.14737250
v 0.37739545 0.75737101 0.14726765
v -0.39519322 0.45203561 0.14688389
v 0.39640883 -0.28744483 -0.14665277
v 0.41627508 -0.33738306 -0.12374274
v -0.40763023 0.60725623 0.13947007
v -0.39500552 0.46830577 0.14666264
v 0.39891985 0.10404858 0.14627273
v -0.28413337 0.91484118 0.10956151
v 0.33774096 0.88702762 -0.14503998
v 0.40011081 0.18830286 0.14565083
v -0.41279581 -0.77932078 -0.02194246
v 0.26454845 -0.90895689 0.13311483
v 0.40067691 0.32392490 -0.14548340
v 0.41802824 -0.57948673 -0.09924984
v 0.39577436 -0.47028106 0.14668728
v -0.41175514 0.62551934 -0.13308564
v 0.39707866 -0.00456584 -0.14659496
v 0.05866610 -0.90750843 0.13409354
v 0.41034579 0.77161282 0.13302234
v -0.35525599 -0.87236422 0.13080911
v 0.38411769 0.71501225 0.14723080
v -0.23312727 -0.90337932 -0.13898502
v 0.41679761 -0.05022421 0.12217425
v 0.40014827 -0.45658350 0.14582023
v -0.39568403 -0.10501406 -0.14668825
v 0.16866495 -0.90337956 -0.13898475
v 0.12300669 0.91235471 0.12798227
v -0.40064225 0.57046938 -0.14538482
v -0.30469358 -0.89316255 0.14718467
v -0.17920056 0.87766969 0.14727548
v -0.40763023 -0.62551934 -0.13947007
v 0.39707798 0.64834899 -0.14659512
v 0.21474162 -0.90750825 0.13409385
v 0.33473894 0.90307713 -0.06712499
v 0.40517014 -0.04565839 -0.14226304
v -0.29256091 0.88642645 -0.14722452
v -0.41578567 -0.44745168 0.12519123
v 0.40733233 0.27851593 0.13946226
v 0.32519546 0.89751339 -0.14492345
v -0.40115249 -0.19708677 0.14506379
v 0.41670221 0.15343644 0.12255999
v 0.06379692 -0.88799047 -0.14732708
v -0.41749430 -0.19798382 -0.12165760
v 0.40941983 -0.47028106 0.13673875
v -0.21486630 -0.89013910 0.14731400
v -0.39496005 -0.54333466 0.14723229
v 0.00452065 -0.89806896 0.14595526
v -0.31316999 0.90019268 0.14306717
v -0.37862185 0.87054580 0.02037668
v -0.25211698 -0.90445077 0.13776591
v -0.25976804 0.90446281 0.13775244
v 0.40733233 -0.22372594 0.13946225
v 0.29588786 -0.90384597 -0.13787523
v -0.38230944 -0.71325302 -0.14726007
v 0.40942395 -0.48155400 -0.13674840
v 0.33382416 -0.87165385 0.14723313
v 0.39707869 -0.01826334 -0.14659496
v 0.40733233 0.00456583 0.13946226
v 0.41607761 -0.21421707 0.12410325
v -0.39568403 -0.13697501 0.14668825
v 0.41128501 -0.14154077 -0.13313200
v -0.10568053 0.89900112 -0.14464077
v 0.41128060 0.31504232 0.13312875
v 0.24171901 -0.90337127 -0.13899440
v -0.39696857 0.05022422 -0.14657155
v 0.38325492 0.86332864 0.06703220
v 0.40734217 0.17806773 -0.13946477
v 0.40014827 -0.17806768 0.14582023
v 0.02230870 0.89194453 -0.14743008
v 0.34122962 0.87365741 0.14710587
v 0.14126974 0.90809411 0.13349146
v 0.39560100 -0.27855152 0.14674909
v 0.32053027 0.90816826 -0.11977769
v 0.40733233 0.24198925 0.13946226
v 0.41670406 0.21306907 -0.12256564
v 0.14819171 0.91249985 -0.12751079
v -0.21441750 0.90292948 -0.13997489
v -0.41426688 0.31886274 0.12894996
v -0.13237602 -0.89162105 -0.14741416
v -0.38639072 0.68420529 0.14724788
v 0.41229200 -0.71647066 0.13219570
v 0.41802511 0.22169222 0.10132344
v 0.40733233 0.11414593 0.13946226
v 0.40515292 -0.48854467 0.14225981
v 0.35834897 0.86569297 0.14611684
v -0.40113583 0.09131650 0.14488690
v 0.41423610 0.79713196 0.09181494
v -0.40763056 0.70770317 0.13946967
v 0.39705074 0.50680774 0.14659315
v -0.41866982 -0.22372442 -0.10705891
v -0.40763023 0.47941291 -0.13947007
v 0.39560100 -0.42458677 0.14674909
v 0.40734515 -0.36983237 -0.13946536
v 0.33523771 -0.88780344 -0.14615580
v -0.25134107 0.90337163 -0.13899401
v -0.39947098 0.36913058 0.14596958
v 0.41585752 0.12784342 0.12448218
v -0.22399694 0.90258676 0.14067034
v 0.13247117 -0.91102457 -0.12933183
v -0.41856760 0.47484684 0.10122755
v 0.41670510 0.07609412 -0.12256613
v 0.40734443 -0.26025236 -0.13946529
v -0.41175514 -0.19633076 0.13308564
v -0.41175514 0.55246621 0.13308564
v -0.33220136 0.88391411 -0.14689772
v 0.39532828 -0.26936609 -0.14692639
v 0.35240778 -0.88499969 -0.13785182
v 0.41752997 0.71476656 -0.11990543
v 0.40734443 -0.24198927 -0.13946532
v -0.33232692 0.89717400 -0.13988040
v -0.40634200 0.79848123 0.13729131
v -0.40763023 -0.15980408 -0.13947007
v 0.04081634 0.91463494 0.12020654
v 0.40733233 0.48854467 0.13946226
v 0.40734521 -0.38809592 -0.13946533
v -0.15099651 -0.91461617 -0.12058593
v 0.39710864 -0.81702143 -0.14363553
v 0.40115196 0.26025233 -0.14497980
v -0.41578567 -0.32417405 0.12519124
v 0.36911261 -0.88173926 -0.12291086
v 0.41823098 -0.46332487 0.10981800
v -0.40109199 -0.78098482 -0.14169598
v -0.08697492 0.91441888 0.12058969
v 0.21325162 0.90202475 -0.14099757
v -0.18747026 0.90337956 -0.13898475
v 0.40734369 -0.15980411 -0.13946491
v 0.40215108 -0.06848752 0.14387268
v 0.31652200 -0.89250124 -0.14707775
v 0.41128638 -0.72597724 -0.13313507
v 0.41407999 0.79790926 -0.08533596
v -0.41856718 -0.36269575 0.10119060
v 0.41626912 -0.13648582 0.12373646
v 0.40733233 -0.56159770 0.13946226
v -0.41135955 0.75632745 -0.13385482
v -0.40064222 -0.36096066 -0.14538485
v -0.38466600 0.84752738 -0.14098841
v -0.41578567 -0.63008535 -0.12519123
v -0.39824519 -0.28656223 0.14641042
v -0.03972623 -0.91296059 0.12645139
v 0.37370327 0.87375814 0.10845242
v -0.40411776 -0.21377802 0.14306146
v 0.41128060 -0.06848752 0.13312875
v -0.13724600 -0.90514278 -0.13692555
v 0.39640871 -0.06828467 -0.14665242
v -0.41857031 0.39722738 -0.09976017
v 0.40386149 0.77155751 -0.14272977
v -0.40113583 0.68030936 -0.14488690
v -0.35519862 -0.86536956 -0.14005469
v -0.39696857 0.29677925 -0.14657155
v -0.39965016 -0.79808515 -0.13836230
v 0.37859055 -0.79616606 0.14725749
v -0.01396850 -0.90250129 -0.14075708
v 0.07734816 0.90514278 -0.13692555
v -0.41175514 -0.01369750 -0.13308564
v 0.39707851 0.42462233 -0.14659502
v 0.39855531 0.75428396 -0.14631395
v -0.40763023 0.44288594 -0.13947007
v 0.41819304 0.38938445 -0.10857049
v 0.41531411 -0.06392170 -0.12527354
v -0.39560246 -0.82600117 -0.10756283
v 0.39517492 -0.79920149 0.14657345
v -0.41860768 -0.72620308 0.08800051
v -0.23447998 0.91495919 -0.10655569
v 0.05908487 0.90514278 -0.13692555
v -0.40012673 0.22829200 -0.14573608
v -0.41877747 0.12772365 -0.11009864
v -0.00940267 0.90676039 0.13477609
v 0.39707828 0.62551934 -0.14659505
v 0.41229710 -0.65327889 -0.13220261
v -0.40750843 -0.72594517 -0.13953540
v -0.41871440 0.02794517 0.11348750
v 0.41301709 0.09588230 -0.13132007
v 0.39690027 0.75332290 0.14657938
v -0.34297332 0.90006363 -0.06786063
v -0.39629504 0.44309506 -0.14664397
v 0.40420014 0.74170256 -0.14315775
v 0.41301480 -0.59812468 0.13131472
v 0.04082154 0.89284551 -0.14738391
v -0.28791332 -0.90866059 0.13152319
v -0.41856635 0.21958196 -0.10173023
v -0.37007594 -0.86406833 0.04404962
v -0.40009332 0.01479353 -0.14556520
v 0.41572466 0.53596842 0.12445106
v 0.41630533 -0.19436340 -0.12346742
v -0.41277412 0.41586405 0.13213249
v -0.40763023 -0.12327769 0.13947007
v -0.40063980 -0.67143404 0.14538604
v -0.39797017 -0.81347734 -0.12930614
v -0.02276724 -0.91102457 -0.12933183
v 0.41803733 0.73549640 0.10108593
v -0.40763023 0.52507108 0.13947007
v -0.40763023 0.65291470 0.13947007
v 0.40734294 0.00456581 -0.13946488
v -0.38495088 0.74980342 -0.14719170
v 0.11796114 0.91422623 -0.12149747
v -0.40064222 -0.34217778 -0.14538485
v 0.41755268 -0.76184952 -0.11976705
v 0.38903233 -0.86258191 -0.02369225
v 0.40077427 -0.81753969 0.14117540
v -0.21486486 -0.91231948 -0.12808143
v 0.39989740 0.77139175 0.14535636
v 0.34399578 0.82304156 0.14727594
v -0.40763023 -0.44288594 0.13947007
v -0.38478035 -0.28096062 -0.14722924
v 0.38302276 -0.85664642 0.13940617
v 0.41630664 -0.44419006 -0.12346747
v -0.06007399 0.90292948 -0.13997486
v -0.40824196 -0.79081750 0.11912766
v 0.40733460 0.73506314 0.13947915
v 0.41670218 0.04261880 0.12256004
v 0.17779669 0.89745772 0.14642242
v -0.39495608 -0.52507108 0.14724390
v -0.40763023 -0.33330593 0.13947007
v -0.26975691 -0.90267438 0.14024527
v 0.36149636 0.83455104 0.14716665
v -0.41277412 -0.65254140 -0.13213249
v 0.40733233 -0.12327769 0.13946226
v -0.40250915 -0.76309097 -0.14322983
v -0.41656032 0.68069941 0.12398848
v 0.39509857 0.66918421 0.14666368
v -0.40763023 0.19633076 -0.13947007
v 0.41531006 0.43832001 0.12526877
v -0.41578570 0.43375409 -0.12519123
v -0.40762573 -0.68943077 -0.13947567
v -0.38879588 0.83634835 -0.14272718
v -0.41339257 -0.76737744 0.12157626
v -0.33901092 -0.87306488 -0.14591394
v 0.36227533 -0.85602170 -0.14718238
v 0.41626909 -0.40228260 0.12373649
v -0.38050455 -0.82473481 0.14640406
v -0.30589017 -0.90163720 0.13906994
v -0.00483683 -0.91231948 -0.12808132
v -0.41578567 0.05935587 -0.12519123
v 0.40733233 0.17806768 0.13946228
v 0.39403132 -0.39556739 -0.14686538
v 0.41531062 0.48397869 -0.12527311
v -0.38880658 -0.21353842 0.14722584
v -0.40763035 0.69857264 -0.13946991
v 0.39549077 -0.29672766 0.14684923
v 0.39551780 -0.61633629 -0.14684948
v 0.22053269 0.91473925 -0.11938891
v 0.27882546 -0.89367515 -0.14731909
v -0.36787376 -0.86068678 0.13240680
v 0.40072295 -0.74395978 -0.14546168
v -0.40064222 0.07787907 0.14538485
v -0.14180283 0.88279891 0.14727546
v -0.03679765 -0.90805483 -0.13354863
v 0.39707562 0.66204619 -0.14659484
v -0.39629504 0.37004143 -0.14664397
v 0.38408205 -0.63640368 -0.14725778
v 0.36078390 -0.88245326 0.13505709
v -0.26955628 -0.91266149 -0.12767757
v -0.40002435 0.82851940 0.13307469
v -0.24226147 0.89745778 0.14642239
v -0.41871724 -0.53598917 0.10865583
v 0.40011054 0.30629343 -0.14591637
v 0.39515203 -0.00456717 0.14705220
v -0.41678211 0.00656833 -0.12335187
v 0.23258686 -0.90340430 0.13895589
v 0.23275797 -0.87373197 -0.14727470
v -0.40012673 0.00913167 0.14573607
v -0.41718578 0.33484969 -0.12243006
v -0.39497167 -0.56159770 0.14718002
v 0.36863321 0.82888949 -0.14726673
v -0.39505142 0.51594144 0.14698459
v -0.13724600 0.90258688 0.14067025
v -0.02265302 0.90292948 -0.13997486
v -0.39346430 -0.04263207 0.14705653
v 0.40733984 0.64378291 -0.13946410
v 0.40069386 -0.72620869 -0.14547597
v 0.41385543 -0.23438001 0.12931906
v -0.41578567 0.61182201 0.12519123
v -0.41856915 -0.57529002 0.10037947
v 0.41318136 -0.46571520 -0.12982862
v 0.41814044 0.10496772 0.10738443
v -0.24375801 -0.89580107 -0.14697699
v -0.40763023 -0.35156927 0.13947007
v -0.39805672 0.84375596 0.02201377
v 0.40862072 -0.12394331 -0.13796334
v -0.41350332 0.05935588 0.13123304
v 0.10573896 0.91432565 0.12007626
v -0.15094331 -0.89853656 -0.14525287
v -0.33246252 0.89620095 0.14246735
v 0.40734527 -0.57986104 -0.13946521
v 0.40017188 -0.64834899 -0.14582747
v 0.39705074 0.12327769 0.14659315
v 0.39512861 -0.11414583 0.14710987
v 0.38219985 -0.72040772 -0.14726028
v 0.39707881 -0.08218500 -0.14659494
v -0.41434330 0.36221728 0.12923519
v 0.40017065 0.09588230 -0.14582728
v 0.40733233 -0.65291470 0.13946225
v 0.13213825 -0.89745772 0.14642240
v 0.35487360 -0.86785394 0.14692201
v 0.41802552 0.28561813 0.10131598
v 0.23727149 0.91461033 0.11689483
v 0.41586369 -0.50224203 -0.12448783
v -0.38397446 0.56151682 0.14725496
v -0.41706789 -0.50680774 -0.12290232
v -0.00076602 0.44360220 -0.14727500
v -0.41706789 -0.47028106 0.12290233
v -0.41633862 0.41092500 -0.12437837
v -0.41294989 -0.32167909 -0.13141830
v 0.18692826 0.90514278 -0.13692555
v 0.32418439 -0.87199599 -0.14718258
v 0.41585755 0.00000000 0.12448218
v 0.35673299 0.88981491 0.06412720
v -0.41719052 -0.69097281 -0.12241106
v -0.40566781 0.73642319 -0.14217459
v 0.40014827 0.20546231 0.14582023
v 0.39707899 -0.58442700 -0.14659546
v -0.40113580 0.53420293 -0.14488691
v 0.39519203 -0.57985902 0.14697279
v -0.41649020 0.15067245 0.12372849
v 0.39282912 -0.18781817 -0.14705080
v 0.41802692 0.63922113 0.10050976
v 0.41607764 -0.25074378 0.12410323
v 0.41196993 0.16703942 0.13156673
v -0.26038542 0.91273940 -0.12746909
v -0.39484882 0.65284950 0.14714000
v 0.39352581 -0.07918867 0.14723796
v 0.40942946 -0.61638778 -0.13673933
v 0.03514802 -0.91294312 0.12639447
v -0.41857240 -0.52169031 -0.09684537
v -0.16007505 0.90676039 0.13477609
v 0.39707899 -0.57072932 -0.14659548
v -0.40763023 0.39722767 0.13947007
v 0.39705074 0.03196085 0.14659315
v -0.40763023 -0.10501406 -0.13947007
v 0.00459907 0.89162105 -0.14741416
v 0.40909582 -0.78085065 -0.13646999
v -0.02310017 0.89860564 0.14521044
v -0.24243873 0.91195273 -0.12848704
v -0.41578567 -0.03196085 -0.12519123
v -0.34280333 0.87418425 -0.14712793
v -0.41719091 0.71967638 0.12240958
v -0.40763023 0.55246627 -0.13947007
v 0.04061051 -0.88853246 0.14736876
v 0.39640862 -0.16000697 -0.14665258
v 0.40429384 -0.34700352 0.14355476
v -0.41877180 0.11871167 0.10997047
v 0.41700429 -0.38941416 -0.12183527
v -0.14637750 0.90258688 0.14067025
v 0.40115142 0.53420293 -0.14498004
v 0.40851134 0.75401086 0.13801503
v -0.40763023 -0.51593935 0.13947007
v 0.31360891 0.87949288 -0.14725882
v -0.40763023 -0.46114931 -0.13947007
v -0.00491760 -0.91408426 0.12127456
v -0.38866097 0.84097779 0.14114544
v -0.41175514 0.11414594 0.13308564
v -0.34282646 0.88679498 0.14203019
v -0.41718578 -0.05176802 0.12243006
v 0.41647211 -0.15950790 -0.12296167
v -0.41578567 -0.40179342 -0.12519123
v 0.41128382 0.11414593 -0.13313197
v -0.36117840 0.85600811 -0.14718586
v 0.40221480 0.82020009 -0.13549529
v -0.40763023 0.66204625 -0.13947007
v 0.40014827 -0.69857293 0.14582023
v 0.39640859 0.05955874 -0.14665242
v 0.41128194 0.33330593 -0.13313106
v 0.40112615 0.71682471 0.14497414
v -0.35570723 0.87309104 -0.14422943
v 0.40354326 0.45658350 0.14471425
v -0.41175514 0.31504232 -0.13308564
v 0.16866493 0.90337956 -0.13898475
v 0.07800178 0.88960439 -0.14738119
v 0.29671574 -0.91129583 0.12594038
v 0.17779669 0.90676039 0.13477609
v 0.39514485 0.25568652 0.14705250
v 0.25085041 -0.91233784 -0.12802972
v -0.38917643 0.21320274 0.14723405
v -0.07332032 0.88518208 -0.14727448
v -0.41539004 0.51239389 0.12587649
v -0.41872808 0.75109315 -0.10435156
v 0.07734816 -0.89281529 0.14738828
v -0.40450653 -0.72550780 0.14325418
v 0.20369188 0.89580357 -0.14697637
v -0.41633862 -0.46571532 -0.12437836
v -0.40113583 -0.56159776 -0.14488690
v 0.30325904 0.90767741 -0.13084032
v -0.41277412 0.04146583 0.13213249
v 0.40734440 -0.35156927 -0.13946518
v -0.05768104 0.88858217 0.14732681
v -0.31820202 0.89651877 -0.14675367
v 0.02332659 -0.90442556 -0.13779649
v -0.37834314 -0.41291159 0.14727396
v -0.41175514 0.57072932 0.13308564
v 0.41531006 0.49767625 0.12526879
v 0.40734375 -0.06848753 -0.13946500
v -0.18681684 -0.88959885 -0.14735872
v 0.41301602 0.26025233 -0.13131930
v 0.40733233 0.26025233 0.13946225
v -0.38668641 -0.31392506 -0.14723416
v 0.36959076 -0.85393685 0.14674808
v 0.41631320 -0.75727886 0.12360287
v 0.03168985 0.89745772 0.14642240
v -0.41055590 0.81475854 -0.07754850
v -0.39629504 0.58920205 -0.14664397
v -0.37254378 0.87686378 -0.01369750
v 0.36743912 0.85615432 -0.14677209
v 0.39707890 -0.34243771 -0.14659546
v -0.39629504 0.60746539 0.14664397
v -0.40113583 0.27851593 0.14488690
v 0.41128400 0.02282917 -0.13313191
v -0.39500129 0.14154075 -0.14706269
v 0.02255817 -0.90676039 0.13477609
v -0.40980160 0.49071437 0.13678856
v -0.12354869 -0.90337956 -0.13898475
v 0.40550452 -0.79891318 0.13939485
v 0.38017938 0.84668070 -0.14593762
v 0.14157397 -0.89162105 -0.14741416
v -0.36081055 0.87924504 -0.13349925
v -0.03230790 0.89068484 -0.14739485
v 0.34357917 -0.89261836 0.13798769
v -0.21486497 -0.90337956 -0.13898477
v 0.39622110 -0.43399230 -0.14673281
v -0.39341891 -0.07915197 0.14711957
v 0.00471361 0.90750843 0.13409354
v -0.40763023 -0.46114931 0.13947007
v -0.41877192 0.50021040 0.10960781
v 0.31487897 -0.90154779 -0.13949171
v 0.41802517 0.48144636 0.10132331
v 0.41804239 -0.77090073 0.09897806
v 0.41813332 -0.13240921 -0.10727401
v 0.31435633 0.91192704 0.07635523
v 0.38700485 0.84304821 0.13918921
v 0.35792369 -0.87363166 -0.14445920
v 0.40115216 0.04109256 -0.14497983
v 0.25085318 0.89024812 -0.14734009
v 0.39545721 -0.10958000 -0.14679240
v -0.39629504 -0.26959321 0.14664397
v -0.30513951 -0.90384656 -0.13585149
v -0.40763023 -0.26938406 0.13947007
v 0.40733233 -0.25112075 0.13946226
v -0.39629504 -0.19612165 -0.14664397
v 0.41585755 0.38301307 0.12448219
v -0.38376972 0.18008368 -0.14726436
v 0.41128060 0.68030936 0.13312875
v -0.40763023 -0.49767625 0.13947007
v 0.39707807 0.63921702 -0.14659509
v -0.35970822 -0.81960177 0.14724435
v -0.13338305 -0.91477418 -0.11745490
v 0.37904876 -0.15925160 0.14727235
v -0.41718578 0.58744907 -0.12243006
v 0.26062846 -0.90266591 -0.14026473
v 0.40016970 0.59355903 -0.14582764
v 0.40733233 0.57072932 0.13946225
v -0.40672845 0.78077447 0.13935725
v 0.38582495 0.85986745 -0.06522842
v -0.40763023 0.35156927 0.13947007
v 0.13244249 0.89162105 -0.14741416
v 0.01342650 -0.91372645 0.12319434
v -0.00422129 -0.87742007 0.14727528
v 0.40733233 0.51593935 0.13946225
v -0.38655972 0.86089253 -0.11215807
v 0.39516786 0.29677579 0.14705154
v 0.04995322 0.90676039 0.13477609
v -0.39549679 -0.43379346 0.14675497
v -0.17104304 -0.90516275 0.13690065
v 0.39705074 -0.33330593 0.14659315
v 0.32455534 -0.90646642 -0.12303966
v -0.40763023 -0.40635926 0.13947007
v 0.39891988 -0.26121774 0.14627273
v 0.37865245 -0.01955215 -0.14727049
v -0.38441339 0.28071171 0.14725901
v -0.41244313 -0.54523361 -0.13152818
v 0.25103751 0.91200125 0.12837048
v -0.11898300 -0.90340453 0.13895562
v -0.20647854 0.90586269 0.13600498
v 0.36375830 -0.88753337 0.10903478
v 0.15040131 -0.90337956 -0.13898475
v -0.41706789 0.45201769 -0.12290232
v -0.41706789 -0.15980408 -0.12290232
v -0.41857255 0.32621360 -0.09264267
v 0.18774471 0.91482627 -0.11795732
v -0.16007507 -0.89745772 0.14642240
v 0.06834645 0.89676613 0.14681046
v 0.39511734 0.27851593 0.14717448
v -0.39388409 -0.09424312 0.14687711
v 0.40733230 -0.68030936 0.13946228
v -0.37080255 -0.83726406 -0.14619623
v -0.39535162 -0.57980162 0.14692295
v -0.05962684 0.90518826 0.13686892
v -0.03413831 -0.89654469 -0.14669195
v 0.39950141 0.16821094 0.14604519
v -0.39887843 0.03100754 -0.14621390
v -0.37460306 0.85389560 -0.14442782
v -0.39524204 0.78996354 -0.14639825
v -0.41434330 0.53571957 0.12923518
v -0.39696848 -0.67117739 -0.14657158
v -0.38482425 0.01610634 -0.14720973
v 0.05990293 -0.91491222 -0.11058384
v 0.41128060 -0.17806767 0.13312875
v -0.37883526 -0.38352937 -0.14727139
v -0.23507147 0.91392910 0.12105453
v -0.40786743 0.78151125 -0.13789207
v 0.40733233 0.01826334 0.13946226
v 0.41738620 0.64387184 -0.12081721
v -0.17833869 0.89860564 0.14521043
v -0.10528506 0.90340453 0.13895562
v 0.11441154 -0.91169876 0.12888685
v 0.36085939 0.86852860 -0.14382927
v -0.40113583 -0.12327769 -0.14488690
v -0.37268868 0.87422651 -0.12238210
v 0.41128063 -0.63465106 0.13312873
v -0.39866841 0.63921702 0.14650129
v -0.41175514 0.02282917 0.13308564
v -0.39629504 0.67096865 0.14664397
v -0.30101976 -0.91446149 0.06788401
v 0.18692824 -0.91235471 0.12798227
v -0.38047200 -0.78143162 0.14726405
v 0.41229340 -0.74388868 -0.13221240
v 0.41792962 0.76296180 -0.06677978
v -0.38371211 -0.66233546 0.14725970
v 0.09677869 -0.90615731 0.13560563
v -0.40012676 0.51593930 -0.14573607
v -0.41434330 -0.60877281 -0.12923519
v -0.41620126 -0.08495630 -0.12436955
v -0.23772018 -0.89022881 0.14737305
v 0.40733233 0.40635926 0.13946226
v 0.41229057 0.68067396 -0.13219972
v -0.41875362 0.44899675 0.10869510
v -0.40113583 0.49767625 -0.14488690
v 0.36566371 0.85392642 0.14712837
v 0.40734378 -0.10501406 -0.13946497
v -0.17377301 0.90514272 -0.13692555
v 0.39511871 -0.02282918 0.14716595
v 0.39277524 0.60268962 0.14714567
v 0.39562771 -0.50677228 -0.14674965
v 0.41585755 -0.33787170 0.12448218
v 0.40078321 -0.84575182 0.03133258
v -0.41350332 0.07761915 0.13123304
v -0.41078705 0.16437003 0.13507037
v -0.40113583 -0.65748048 0.14488690
v -0.38077620 -0.84892023 0.12015592
v -0.39388409 0.12491687 -0.14687711
v 0.37956852 0.63008571 -0.14726610
v 0.27908173 0.89969355 0.14511478
v -0.41656065 0.69818330 0.12398747
v -0.05049436 0.89025491 -0.14735609
v -0.39362422 0.78996742 0.14707866
v -0.41784215 -0.75112921 -0.05460842
v -0.38823831 0.06400670 0.14714146
v 0.40734443 -0.31504232 -0.13946521
v -0.41175514 -0.10501406 0.13308564
v -0.41864783 0.23285805 0.10705078
v -0.41175514 0.13240924 0.13308564
v -0.28771263 0.90814847 0.13374454
v 0.09268588 -0.88917196 -0.14733230
v 0.41128093 0.53420293 -0.13313098
v 0.38844627 0.78405058 0.14680806
v -0.11441672 -0.89024860 -0.14735004
v 0.39562765 -0.59816015 -0.14674965
v 0.39578587 0.73507506 0.14668873
v -0.12352756 0.89040780 -0.14739008
v 0.40115213 0.11414593 -0.14497985
v -0.38439742 0.16255073 0.14726274
v -0.07811596 -0.89806896 0.14595526
v 0.38376319 0.55463141 0.14726424
v 0.38756505 0.82869363 -0.14604805
v -0.41875300 0.55741221 0.11062817
v -0.14161547 -0.91197985 0.12842196
v -0.41856337 0.19176500 -0.10225758
v 0.38268790 -0.84737295 -0.14532159
v -0.40434393 0.14610651 0.14359964
v -0.39517078 -0.15069237 0.14693762
v 0.20352243 0.90947431 -0.13195312
v -0.17767444 -0.88950074 0.14738427
v -0.39629504 -0.15959494 -0.14664397
v -0.39696857 -0.61638772 0.14657155
v -0.40012673 -0.26481801 -0.14573608
v 0.40113896 0.69857222 -0.14497757
v 0.15953307 0.90340453 0.13895562
v -0.39688674 0.77079701 -0.14654376
v 0.33873796 0.87094945 -0.14711222
v 0.37844232 -0.29939380 -0.14727026
v -0.27129772 0.90930152 0.13222818
v -0.03223182 -0.90340453 0.13895562
v -0.39629364 -0.68964821 -0.14664419
v 0.30520540 -0.91460538 -0.03530557
v -0.21505187 0.91194677 -0.12850139
v 0.41128063 -0.31504229 0.13312873
v -0.01287459 0.88343310 -0.14727542
v -0.38634247 -0.83417076 0.13296528
v 0.29687378 0.90154982 0.14230148
v 0.41585836 0.41092497 -0.12448712
v -0.26054221 0.88819706 0.14732237
v -0.41277412 -0.63502437 0.13213247
v -0.30248716 -0.88848615 -0.14728366
v 0.40017185 -0.47028106 -0.14582749
v -0.40380585 -0.74467468 0.14331521
v -0.07813963 -0.89194453 -0.14743008
v 0.40734440 -0.22372593 -0.13946532
v -0.40062842 -0.70743990 -0.14539167
v -0.35748303 0.85305554 0.14722621
v -0.39517078 0.18721931 0.14693762
v -0.41437680 0.75187308 0.12916949
v -0.36229035 -0.85126913 -0.14507127
v 0.40017009 0.39266199 -0.14582749
v 0.40245235 0.78983665 -0.14265151
v 0.39898413 -0.79909319 -0.14542350
v -0.04136348 0.90337956 -0.13898475
v 0.01342650 -0.91231948 -0.12808134
v -0.39805397 0.84366786 -0.08666775
v 0.38407743 0.53595245 -0.14725977
v 0.40734297 -0.01369751 -0.13946487
v 0.39577436 0.14154075 0.14668728
v 0.40516889 0.16437000 -0.14226294
v 0.41423491 -0.81077135 0.08928217
v 0.40734524 -0.43375406 -0.13946532
v 0.40733233 0.42462233 0.13946226
v -0.40165070 0.47991377 0.14442120
v -0.39537507 0.15974677 -0.14685826
v -0.41678423 -0.73961431 0.12230312
v -0.41856912 0.19176649 0.10038456
v -0.41350332 -0.36983231 0.13123305
v 0.40733233 -0.37896407 0.13946226
v -0.41620126 -0.12148316 0.12436952
v -0.40763023 0.50680774 0.13947007
v -0.41678208 0.21259160 0.12335190
v -0.40113583 0.04109254 0.14488690
v 0.39318833 0.17135473 -0.14693302
v -0.37890798 0.72014266 0.14727065
v -0.41578567 0.28308165 -0.12519123
v -0.06894508 -0.91194677 -0.12850142
v 0.40733233 -0.20546231 0.13946228
v 0.40164748 0.34194157 -0.14450783
v 0.02099699 0.91341341 -0.12530358
v -0.40113583 -0.01369750 -0.14488690
v -0.41578567 0.19176501 -0.12519123
v -0.34775409 -0.88670796 -0.09430798
v -0.16880088 -0.90747905 -0.13413465
v -0.04136348 0.91235471 0.12798227
v 0.15040131 -0.91231948 -0.12808132
v 0.41658670 -0.04109252 -0.12304907
v 0.41128278 0.27851593 -0.13313116
v -0.41578567 0.66204625 0.12519123
v 0.39705104 0.69857138 0.14659309
v -0.41759312 -0.72668010 -0.12119807
v 0.39638171 0.65311742 0.14665133
v -0.32898366 -0.90059191 -0.11803481
v 0.39141423 0.85175806 0.10114802
v 0.14953551 -0.87766778 0.14727551
v -0.41856915 -0.16436999 0.10038760
v -0.41856745 0.61057651 0.10124381
v -0.23311453 -0.90519434 0.13686137
v -0.41175514 -0.36070076 -0.13308564
v 0.38378236 0.26228720 -0.14726527
v 0.39707869 0.07761915 -0.14659496
v -0.40763023 0.38809592 -0.13947007
v 0.38311210 0.85887289 0.12737072
v -0.41866216 -0.00058542 0.11432292
v 0.40734196 0.24198924 -0.13946420
v 0.11844067 0.89281529 0.14738826
v -0.39496472 -0.48854470 0.14721382
v 0.39562753 -0.20542684 -0.14674966
v 0.41607744 0.62589604 -0.12410804
v 0.33203515 -0.89761090 -0.13932231
v 0.40734118 0.46114928 -0.13946421
v -0.33432314 -0.88756466 -0.13723379
v 0.37796563 -0.52902007 -0.14727050
v -0.40624830 0.06035993 -0.14122431
v 0.39628306 -0.85255730 0.08651096
v 0.41585946 0.23690702 -0.12448715
v 0.16854633 0.91270435 -0.12758647
v -0.41633862 -0.51137358 0.12437838
v 0.32064152 0.87060302 0.14723979
v -0.27845371 0.90829450 -0.13329487
v -0.41277415 -0.38772261 0.13213247
v -0.41678211 -0.40504232 0.12335185
v 0.41128698 -0.54333472 -0.13313217
v -0.16920693 -0.89738703 -0.14644681
v -0.10528506 -0.90340453 0.13895562
v -0.38380313 0.85918581 -0.13119127
v -0.41876128 0.30965620 -0.11278872
v 0.28721148 0.90310645 -0.13919379
v 0.41802689 -0.31047681 -0.10051733
v 0.40693814 -0.82930851 0.11711426
v -0.39947104 0.33260420 -0.14596955
v -0.39549679 0.21455467 -0.14675497
v -0.39529622 -0.68943495 0.14680305
v -0.39512050 0.84863049 0.08231269
v 0.04082154 -0.90674686 -0.13479403
v 0.33167693 -0.90548283 0.04863259
v 0.41301730 0.04109254 -0.13132012
v -0.41578567 0.21915999 -0.12519123
v -0.41856912 -0.40179175 -0.10038467
v 0.08933958 0.91467792 -0.11916697
v -0.32348344 0.89051354 0.14704275
v 0.39549077 -0.52501947 0.14684922
v -0.33374909 -0.88614106 0.13881482
v 0.39619356 -0.56183594 0.14673193
v 0.40733233 -0.05022422 0.13946226
v 0.40740970 -0.83160591 0.06113966
v -0.39568403 0.55246621 -0.14668825
v -0.01396850 0.91231948 -0.12808132
v -0.40113580 0.15980406 0.14488691
v -0.40763023 -0.53420293 -0.13947007
v -0.09158750 -0.90518826 0.13686892
v -0.40165070 0.05885505 0.14442122
v -0.41539040 0.70416182 -0.12587553
v -0.40978596 -0.68940991 0.13681346
v 0.26873901 -0.91199791 -0.12830161
v 0.39950138 -0.24126430 0.14604521
v -0.08408017 -0.91454524 0.11940216
v 0.40733233 0.35156927 0.13946226
v -0.40763023 -0.42462233 -0.13947007
v -0.41175514 0.58899295 0.13308564
v -0.10528506 -0.91235471 0.12798226
v -0.40763023 0.07761916 -0.13947007
v 0.33936760 0.85158360 0.14725286
v 0.39088839 0.68030924 -0.14679529
v -0.21644866 -0.91239172 0.12775247
v 0.41302073 -0.67117774 -0.13132057
v -0.41718578 0.64223909 -0.12243006
v -0.38450253 -0.83174527 -0.13955881
v 0.40011081 -0.19522713 0.14565083
v -0.40165070 0.11364509 -0.14442122
v 0.41811568 0.57072908 -0.10726069
v -0.39947101 -0.60859388 -0.14596957
v 0.41822493 -0.54611742 -0.10889505
v -0.37852514 0.29030854 -0.14727171
v 0.03625570 0.90676039 0.13477609
v -0.32336867 -0.87877953 -0.14703296
v -0.05049729 0.91417825 -0.12608393
v 0.35388276 0.87758219 -0.14128907
v -0.34505710 0.88762784 -0.13836759
v -0.41633862 0.38352999 -0.12437836
v 0.41607764 0.36107776 0.12410323
v -0.38390046 -0.01374940 0.14726178
v -0.39487270 0.77169985 0.14685276
v 0.37911844 0.60221821 -0.14726989
v 0.41825867 0.14531744 -0.11291453
v -0.41633865 -0.58442700 -0.12437836
v 0.39894348 0.18816371 -0.14627771
v -0.25880364 -0.89733511 -0.14612994
v 0.40118438 -0.54259408 -0.14516307
v -0.26958656 -0.90334243 -0.13902310
v 0.31360900 -0.88033307 0.14724094
v 0.39705074 -0.15980406 0.14659315
v -0.41718578 0.39877144 0.12243006
v 0.41802689 0.06392282 0.10051356
v 0.37941608 0.09123030 0.14726658
v 0.05908487 -0.89745772 0.14642240
v -0.38412499 -0.37896419 0.14719722
v -0.41679099 0.78092277 0.11893902
v -0.41682935 -0.71267390 0.12346374
v 0.38651985 -0.83342010 0.14642079
v -0.37852052 -0.62000376 -0.14727199
v 0.40605459 0.64279962 0.14118433
v 0.04995322 0.89860564 0.14521044
v -0.41578570 0.15067233 -0.12519123
v -0.41472822 0.47484699 0.12822807
v -0.40763023 -0.47941294 -0.13947007
v -0.41869998 -0.29905879 -0.10927593
v 0.26913053 0.90512121 -0.13695718
v -0.41175514 0.28764769 0.13308564
v 0.38392583 0.73519558 -0.14724843
v 0.25721711 0.88909292 0.14732067
v -0.03225336 -0.89032346 0.14741023
v 0.25136831 0.91165018 -0.12899515
v -0.38395002 -0.12531425 -0.14724649
v 0.40306842 0.20616902 -0.14432624
v -0.40357581 0.42494377 0.14375402
v -0.41175514 0.09588231 -0.13308564
v 0.39300761 0.82723469 0.13984819
v -0.40763023 0.64378291 -0.13947007
v 0.40605462 0.37081560 0.14118432
v -0.39253855 -0.59438664 -0.14698695
v -0.38390967 -0.56164670 -0.14725232
v -0.39887837 0.32322070 0.14621392
v 0.40734524 -0.51593935 -0.13946530
v 0.41802433 0.70275289 0.10173572
v 0.40304732 0.22443283 0.14432117
v -0.39629504 -0.47007194 -0.14664397
v -0.40012676 0.59355903 0.14573607
v 0.41821626 0.67728424 0.10874638
v -0.40763023 0.58899295 -0.13947007
v 0.40605462 0.60823953 0.14118432
v 0.41531006 0.29221341 0.12526877
v 0.39577436 0.53420293 0.14668728
v -0.39629474 0.69878179 -0.14664401
v -0.38731527 -0.77860498 -0.14716798
v 0.04082154 -0.89853656 -0.14525287
v 0.40734521 -0.45201769 -0.13946533
v -0.39887437 0.73604745 0.14621806
v 0.36496836 0.88136911 -0.11767795
v -0.41633865 0.18209811 0.12437836
v -0.40113583 0.35156927 -0.14488690
v 0.29008231 0.91119558 0.12670428
v -0.40894699 0.29743093 -0.13802488
v 0.41128680 -0.40635926 -0.13313220
v 0.38773304 -0.86429179 0.05222147
v -0.39696857 -0.30591074 0.14657155
v -0.39746508 0.40727088 0.14662687
v 0.41622886 0.77428287 -0.11939802
v -0.41773263 0.55154181 -0.12070087
v 0.38421404 0.57056421 -0.14722960
v -0.39696857 -0.41549075 0.14657155
v 0.37142634 -0.86632687 -0.14037691
v 0.41752601 -0.78911591 -0.10780583
v -0.39696857 -0.57986104 -0.14657155
v -0.41360766 0.73730159 0.13027817
v -0.38919473 0.23423986 0.14723042
v 0.39015830 0.47978878 -0.14709583
v -0.37770104 -0.85016185 -0.12890115
v 0.07902317 -0.91293049 -0.12655409
v -0.30635157 -0.90827066 0.12504441
v 0.01342587 0.87816244 0.14727539
v 0.40774450 0.81932449 0.10746225
v -0.41175514 0.57072932 -0.13308564
v 0.26259398 -0.89543581 0.14703146
v 0.00429483 -0.90676039 0.13477609
v 0.23715249 0.90520364 0.13684981
v 0.27831787 -0.91181284 0.12877160
v -0.12354869 -0.91235471 0.12798227
v -0.39887846 -0.17711438 -0.14621389
v 0.41802785 -0.15067706 0.09987546
v 0.40017068 0.02739500 -0.14582726
v -0.41678211 -0.26225489 0.12335183
v 0.28534746 -0.91459495 -0.11581871
v 0.41301516 0.36983231 -0.13131924
v -0.40221113 0.26025233 0.14379831
v 0.39514649 0.40636069 0.14708503
v -0.39887846 -0.43470743 -0.14621390
v 0.18984236 -0.91450077 -0.11953115
v -0.30585587 -0.86951941 0.14724958
v 0.01342650 0.90337956 -0.13898475
v 0.39223352 0.29226437 -0.14707442
v 0.39705110 0.71683687 -0.14659563
v -0.40355781 0.83309597 0.10800490
v 0.39511451 0.42462233 0.14719093
v -0.41718578 0.03954874 -0.12243006
v 0.40861148 -0.01436291 0.13796248
v -0.08702173 -0.90337956 -0.13898475
v 0.39233890 0.84470910 0.12488724
v 0.39551711 0.24193780 -0.14684935
v -0.41175514 0.00456583 0.13308564
v 0.40471837 0.58864045 0.14295782
v 0.02230869 -0.89194453 -0.14743008
v 0.41791594 -0.78215426 -0.05913152
v 0.38391438 0.37894371 -0.14725401
v 0.41229147 0.69820613 -0.13219772
v -0.40115249 0.24274527 0.14506379
v 0.34677824 -0.88023978 0.14566429
v 0.39509857 -0.62352574 0.14666367
v -0.12354869 0.91235471 0.12798226
v 0.40112787 0.06392170 0.14497305
v -0.41620126 0.66384065 -0.12436956
v 0.23196749 -0.91495281 0.10721096
v 0.30249041 -0.87032580 -0.14727132
v -0.35051808 -0.88036811 -0.13208690
v 0.41585755 0.62095362 0.12448219
v -0.41856715 -0.60011941 -0.10119065
v -0.40012673 0.00000000 0.14573607
v -0.06419270 -0.90447736 0.13850151
v -0.30315676 -0.91316354 0.10169791
v 0.40065396 -0.36094958 0.14547586
v -0.30558252 0.90174937 -0.14078461
v 0.33244413 0.90414888 -0.02947794
v -0.39568403 -0.03196086 -0.14668825
v -0.41678211 -0.21327721 0.12335189
v -0.37685287 0.85086244 0.14520895
v -0.40978044 0.13240926 -0.13682222
v -0.41875300 0.58404672 0.11062817
v 0.39551789 -0.68949252 -0.14684950
v 0.38724992 -0.81810802 0.14702226
v -0.17833349 0.91463494 0.12020654
v -0.27188775 -0.91489053 0.10747761
v 0.38110146 -0.87103283 0.11981591
v -0.41633862 -0.56562829 0.12437838
v -0.41879240 -0.02838990 0.10963929
v -0.26774502 0.87859452 -0.14727616
v -0.38531724 0.13637359 0.14724366
v 0.39707848 0.46114931 -0.14659502
v 0.40733233 -0.57986104 0.13946226
v -0.40038568 -0.78087038 0.14238799
v 0.39891985 -0.44385144 0.14627273
v -0.41856337 -0.05935587 -0.10225759
v -0.40763023 0.46114931 -0.13947007
v 0.40999368 -0.79950827 -0.13170238
v 0.41802800 0.19038330 0.09988367
v -0.37889314 0.72020513 -0.14726999
v 0.15040131 -0.90676039 0.13477609
v 0.31251022 0.90208530 -0.13900204
v 0.22325772 0.91197985 0.12842189
v -0.07789016 0.89745772 0.14642240
v 0.09447125 0.88720131 0.14733894
v 0.39864165 -0.84899342 -0.07911789
v -0.41879827 -0.13880591 -0.11106657
v -0.37323290 0.83374220 0.14723758
v -0.36853075 -0.81688803 -0.14724988
v -0.24720545 -0.91305232 0.12601484
v -0.40113583 -0.01369750 0.14488690
v -0.34083766 -0.83142501 0.14727058
v -0.41585752 -0.76521027 0.08674997
v -0.30488756 -0.91319948 -0.10581566
v 0.40822116 -0.82718396 -0.11215612
v 0.36945122 -0.86798143 0.14125773
v 0.41802207 0.59812438 0.10239083
v 0.37790519 -0.08275490 -0.14727110
v 0.38597986 0.63920838 0.14725989
v -0.25390056 0.91436750 0.11987187
v -0.39629504 0.30570164 0.14664397
v 0.40734440 -0.27851593 -0.13946527
v 0.36920124 -0.88331342 -0.05087529
v 0.41586450 -0.56616360 -0.12448793
v 0.22965416 0.88903660 0.14732316
v -0.09615353 -0.89024860 -0.14735004
v -0.20116757 0.89450061 0.14724477
v -0.38152346 0.48398262 0.14727190
v -0.38844684 -0.75206572 -0.14719312
v -0.37892523 -0.17205478 -0.14727072
v -0.08702173 -0.91231948 -0.12808134
v -0.39696857 -0.36070076 0.14657155
v 0.04082154 0.91231948 -0.12808134
v -0.39501533 0.46115038 -0.14704175
v -0.40113583 0.13240926 0.14488690
v 0.41812995 -0.02282918 0.10726681
v 0.40731612 -0.75332671 0.13950136
v 0.41128072 0.57072926 -0.13313101
v 0.29621536 -0.90287334 0.13940603
v 0.26795253 -0.88202161 -0.14727889
v 0.41630054 -0.16177326 0.12346163
v 0.41531006 0.57529533 0.12526879
v -0.40765059 0.81226492 -0.12793887
v -0.37219903 0.83435076 -0.14706168
v 0.39318743 0.80843067 0.14533719
v 0.30301324 0.91466922 0.04313330
v 0.41694036 -0.24181561 -0.12220822
v 0.40734524 -0.56159776 -0.13946524
v 0.40164891 -0.40685523 -0.14450829
v 0.30299300 0.91375744 0.10918307
v -0.41872787 -0.68928033 0.10731269
v 0.40734035 0.51593930 -0.13946405
v -0.40894699 0.30525905 0.13802488
v 0.41683042 -0.52050537 0.12247708
v 0.39894468 -0.52603579 -0.14627796
v -0.19660175 -0.89014107 0.14732322
v 0.39640865 -0.03216374 -0.14665242
v 0.39707839 0.60725629 -0.14659503
v 0.22268659 -0.90442544 -0.13779661
v -0.41663963 0.78962064 -0.10766628
v -0.19203600 0.90518826 0.13686892
v -0.17833869 0.90676039 0.13477607
v -0.41656032 0.37935412 0.12398849
v 0.41802689 -0.10958001 0.10051566
v 0.25086525 -0.90340644 0.13895336
v -0.39597332 0.84749818 -0.01369844
v 0.40734524 -0.49767628 -0.13946532
v -0.40411779 0.22290991 0.14306144
v 0.34594315 0.89749557 0.09017456
v 0.41802689 -0.59355861 0.10051581
v -0.41277412 0.25074747 0.13213249
v 0.40067652 0.58011019 -0.14548358
v -0.20675665 -0.91498673 -0.10223380
v 0.26970646 0.91456985 -0.11909852
v 0.33483395 0.90297896 0.03526472
v 0.41626912 0.41141421 0.12373646
v 0.20635377 -0.91457754 0.11938863
v -0.40624830 -0.30691478 -0.14122431
v 0.38411945 0.14888601 -0.14726022
v 0.08647973 0.90676039 0.13477609
v -0.41633862 -0.34700343 0.12437837
v -0.39013085 -0.73708624 0.14680535
v 0.38385659 0.33032882 -0.14726238
v -0.37888214 -0.34575880 0.14727259
v -0.40624830 0.44188187 0.14122432
v 0.38405252 -0.31679371 0.14725956
v 0.33194974 -0.89088786 0.14682212
v -0.41110066 0.81330717 -0.03650296
v -0.40221113 -0.23285769 -0.14379829
v 0.41802743 -0.49667326 0.10013054
v 0.16866495 -0.91231948 -0.12808132
v 0.28755420 0.89067161 -0.14736773
v 0.40734035 0.49767625 -0.13946405
v 0.11387493 0.89853650 -0.14525290
v 0.41128173 0.38809592 -0.13313107
v -0.39887840 -0.54428798 -0.14621390
v 0.39817408 -0.78175074 0.14632151
v 0.00279831 -0.89048195 -0.14738612
v 0.40733233 -0.41549075 0.13946226
v -0.41175514 -0.03196086 0.13308564
v 0.40733191 0.69857055 0.13946281
v 0.34480208 -0.89900988 0.12117725
v 0.38487661 0.06607632 0.14715363
v -0.39903727 0.11871200 0.14624709
v 0.10469727 -0.91437876 0.11832539
v -0.38991836 -0.64491218 -0.14694002
v 0.40733233 0.66204625 0.13946226
v 0.39513832 -0.04109110 0.14714326
v 0.40732709 -0.73508930 0.13946907
v 0.34288314 0.89921749 -0.09811149
v -0.40763023 -0.37896407 -0.13947007
v -0.40528384 -0.59812468 0.14230439
v 0.33405045 0.88814360 0.14605960
v -0.41426691 0.35688049 -0.12894996
v -0.40362045 -0.80900061 0.10844789
v -0.40624830 0.42562637 -0.14122432
v -0.40512672 -0.64151484 -0.14205517
v -0.41133988 0.81248295 0.00866664
v -0.37789980 0.87130231 0.10765982
v 0.30939126 -0.91333014 0.08693880
v 0.41572469 -0.55070066 0.12445101
v 0.12599036 -0.91469818 -0.11413308
v 0.41229105 -0.36033604 0.13219777
v 0.41779107 0.76858789 0.10886357
v 0.38479897 0.86126173 -0.10134773
v 0.40325713 0.83157581 -0.10288357
v -0.39568403 -0.23285769 0.14668825
v 0.39663184 -0.85085833 -0.11265734
v -0.33831447 0.90227330 -0.10181376
v -0.41856337 0.63921696 0.10225759
v 0.41531006 0.25112078 0.12526879
v 0.33824196 -0.90285355 -0.06006999
v -0.39629495 0.69878191 0.14664398
v -0.40064222 0.09562240 -0.14538483
v -0.39168155 -0.83312297 0.04425961
v -0.41175514 0.68030936 -0.13308564
v 0.28736377 0.91217172 -0.12749493
v -0.41856712 -0.20346759 0.10119075
v -0.34461698 -0.85549241 0.14720693
v 0.34078500 -0.90172750 0.08663627
v 0.26815921 0.90719455 0.13474385
v 0.41531006 0.64378291 0.12526879
v -0.22400342 0.88280481 0.14727584
v 0.40942842 -0.21002798 -0.13673940
v 0.39560100 0.01366194 0.14674909
v 0.40734118 0.40635923 -0.13946415
v 0.41802692 0.24523097 -0.10051597
v -0.40763023 -0.24198925 0.13947007
v 0.37076718 0.86651611 0.13469023
v -0.41865411 0.51776892 -0.10606139
v -0.33775806 0.90116811 0.12160434
v 0.41225106 -0.81752747 -0.07813007
v -0.40558723 -0.76252854 0.13922614
v -0.39887846 -0.39627439 -0.14621389
v 0.36355916 -0.88794881 0.04872961
v 0.39707890 -0.22372593 -0.14659546
v -0.39078698 -0.23285769 -0.14680164
v -0.41718578 -0.30436698 0.12243005
v -0.41350332 0.09588231 0.13123304
v -0.30963746 -0.91204524 -0.03319403
v -0.19605203 -0.91495550 0.10747066
v 0.35174665 0.85276067 -0.14726020
v -0.37875459 -0.85313970 -0.02835197
v -0.39696857 -0.25112075 0.14657155
v -0.37724760 -0.80662948 0.14727536
v 0.31601888 0.89463651 0.14687864
v -0.41857055 0.66219902 -0.09957848
v -0.40763023 -0.08675073 0.13947007
v -0.31745964 0.86734480 -0.14727287
v 0.20519131 0.91235471 0.12798226
v 0.16866493 -0.89745772 0.14642240
v 0.08191390 0.91372645 0.12319434
v 0.33149922 0.89842701 0.13534746
v 0.05900411 0.91408426 0.12127456
v 0.38421828 -0.86858380 -0.11145135
v 0.40734196 0.22372593 -0.13946418
v -0.41856915 -0.11871157 0.10038766
v 0.09561131 0.89738703 -0.14644682
v 0.27116278 -0.91496879 0.10576265
v -0.29352516 -0.91494137 0.00007941
v 0.38378841 0.20343037 -0.14726412
v -0.38393921 -0.84588856 0.00950145
v -0.20116749 0.90514278 -0.13692555
v 0.38430333 -0.82921755 -0.14713711
v -0.38189206 0.81736875 -0.14726429
v 0.41764912 -0.79272628 -0.00864247
v -0.41718578 -0.42616621 -0.12243003
v -0.40115252 0.54409069 0.14506376
v -0.41350332 -0.65291470 0.13123304
v -0.41578567 -0.15980406 0.12519124
v -0.01419431 -0.89806896 0.14595526
v -0.41866264 0.10206424 -0.10808212
v 0.41802207 -0.68030959 0.10239080
v 0.38593781 0.37442333 0.14726627
v 0.35936314 0.87806726 0.13512070
v -0.09527819 0.88908237 0.14730030
v -0.39696857 -0.25112078 -0.14657155
v -0.39754537 -0.70725930 0.14649554
v -0.39681727 0.80786061 -0.14416163
v 0.41802219 0.51137358 0.10239071
v 0.34111455 -0.90155888 -0.02343382
v 0.39549077 0.24204084 0.14684923
v 0.11364803 -0.89799780 -0.14598706
v -0.40964702 0.81082624 0.12423938
v -0.40113583 0.01826334 0.14488690
v -0.39517075 0.62553936 0.14693762
v 0.40115198 0.15067229 -0.14497998
v -0.30975375 -0.91221035 0.03267723
v -0.41856441 0.27840149 -0.10210916
v -0.41620126 -0.05201865 -0.12436957
v 0.39640895 -0.48874751 -0.14665277
v -0.24225375 0.90675670 0.13478099
v 0.18749303 -0.88237053 0.14727595
v 0.22421898 0.90582746 -0.13605002
v 0.39705074 -0.37896407 0.14659315
v -0.38922700 -0.05095194 -0.14713530
v 0.41802943 0.61534262 -0.09811298
v -0.04592930 -0.90903711 -0.13297494
v -0.40978047 -0.52963698 0.13682219
v 0.38441312 0.70077455 -0.14724532
v -0.41856915 -0.44745162 0.10038764
v -0.39609170 0.19657914 -0.14673206
v -0.35995129 -0.87542152 -0.00464860
v -0.39537507 0.60719895 -0.14685826
v -0.37795672 0.38407502 0.14727333
v -0.31204480 0.91356266 -0.08706396
v -0.34248909 0.90027422 -0.02675998
v 0.41531006 -0.67574358 0.12526877
v 0.41253644 0.80511063 -0.03419273
v -0.05718955 -0.91488814 -0.11144883
v -0.22590341 0.89654398 -0.14669219
v -0.41175514 -0.23285769 -0.13308564
v 0.18667878 0.89194453 -0.14743008
v -0.39591238 0.84739763 -0.04968934
v -0.39696857 0.38809592 0.14657156
v 0.41531006 0.59812468 0.12526877
v -0.12811449 0.90514272 -0.13692555
v -0.39497328 -0.47028106 0.14717188
v 0.37854156 0.86289465 -0.13090977
v 0.41802689 0.43832004 0.10051583
v 0.41700587 -0.73377723 0.12179519
v -0.38432449 -0.41563767 -0.14718796
v -0.41871440 -0.53931880 -0.11348752
v -0.34830609 -0.85861075 -0.14671019
v -0.38170972 0.63011879 -0.14726742
v 0.39640880 -0.70749962 -0.14665280
v 0.04660947 0.91499054 -0.10128488
v 0.39434838 0.46958500 0.14713050
v 0.38473243 0.04351292 -0.14722811
v -0.31818783 -0.88418835 0.14676832
v -0.39328408 -0.81640816 0.13496651
v 0.40014687 -0.71683586 0.14582080
v 0.41802916 0.19953087 -0.09916143
v -0.25138900 -0.90804917 -0.13355692
v 0.27094862 -0.87566859 0.14727542
v -0.37843841 -0.30134499 0.14727229
v -0.40675175 -0.80081534 -0.06599848
v -0.27936104 0.91480863 -0.11118840
v 0.39562735 -0.12324220 -0.14674945
v 0.41802949 0.16177744 -0.09693775
v 0.35243970 -0.89582407 0.01454248
v -0.41814590 0.77770239 -0.06406198
v 0.08483887 -0.91496384 0.10744318
v -0.15094331 -0.90674686 -0.13479403
v -0.39379731 0.80912352 0.14647584
v 0.40345612 0.83128953 0.06813269
v -0.41875365 0.24501002 -0.10869515
v 0.40733233 0.47028106 0.13946225
v -0.39743096 0.82567382 -0.13759999
v 0.39551684 0.51588786 -0.14684935
v 0.40551513 -0.14285468 0.14213732
v -0.41350332 -0.26938409 -0.13123304
v -0.39887843 0.24294254 -0.14621390
v 0.39639643 -0.76261067 -0.14664593
v 0.25114715 -0.89284867 -0.14738347
v 0.40733233 0.62551934 0.13946225
v 0.01799235 0.91481590 0.11745133
v -0.41856486 -0.48622414 -0.10164177
v -0.37892923 -0.44869769 -0.14727050
v 0.41229105 0.19669546 0.13219777
v 0.40354326 -0.66661203 0.14471425
v -0.41110328 0.20427582 0.13445172
v -0.34989500 0.89573151 0.01369750
v 0.26916030 0.89029878 -0.14732054
v 0.37339240 -0.87980020 0.07927258
v 0.40733233 0.44288594 0.13946228
v 0.41802585 -0.45416668 -0.10116632
v -0.40754807 0.82370085 0.05343616
v -0.37669015 0.86463195 0.13306694
v 0.41815627 -0.72782707 -0.10623361
v 0.12397508 0.87278134 0.14727491
v 0.38202980 -0.74982625 -0.14725119
v -0.31056565 0.91146845 0.12158792
v 0.41229105 -0.45165297 0.13219777
v -0.41175514 -0.06848752 -0.13308564
v 0.12757251 0.90514278 -0.13692555
v -0.00528398 0.90292954 -0.13997485
v -0.38166636 0.57537645 -0.14726748
v -0.09548844 -0.88949001 0.14736128
v 0.39705074 0.08675073 0.14659315
v 0.40246373 0.83380759 0.00087736
v -0.29381794 0.88913643 0.14732152
v -0.23224479 -0.91488594 0.11054422
v -0.41718578 0.34089381 0.12243004
v -0.31221959 0.87807673 0.14726637
v -0.27101099 -0.87577480 0.14727588
v -0.26831284 0.90041351 -0.14385009
v 0.16978376 -0.91448611 0.11977880
v 0.32484302 0.90725064 0.11231122
v 0.41802797 -0.38809580 0.09988362
v -0.40763023 -0.18719923 -0.13947007
v -0.41678208 -0.10633101 -0.12335189
v 0.41810685 -0.64378279 -0.10726523
v 0.38735443 -0.60703832 0.14723024
v -0.11349281 -0.91498399 0.10302297
v -0.35376933 -0.86485684 0.14104630
v -0.41856652 0.05355519 0.10126409
v -0.41856840 0.32176259 0.10075521
v 0.41586348 -0.36578283 -0.12448782
v 0.31710044 -0.90942997 0.12109935
v 0.31160012 -0.91380620 0.00784612
v -0.15842201 -0.90951920 0.13187885
v 0.41802546 -0.17096525 -0.10131717
v 0.15040131 -0.91372645 0.12319434
v 0.30327386 0.91467744 -0.04698418
v -0.41861862 -0.71117353 -0.09804545
v 0.41811374 0.53420317 -0.10726100
v -0.33589819 -0.89331055 0.12448787
v -0.05966582 -0.91432673 0.12065929
v 0.30747613 -0.91383421 -0.08457798
v -0.38416290 0.53241563 -0.14725503
v -0.02593647 0.87888169 0.14727539
v -0.41851282 -0.73810774 -0.00019822
v -0.31030050 0.91436267 -0.04565612
v 0.40118375 -0.17732696 -0.14516340
v 0.41802207 0.25568658 0.10239083
v 0.41229048 0.58862871 -0.13220122
v 0.41802537 -0.35359851 0.10131643
v -0.11566827 0.91498798 0.10224956
v 0.34608334 0.88774133 0.13614482
v 0.21494962 -0.91453207 -0.11981978
v 0.41670218 -0.65138835 0.12256002
v 0.39527997 0.84621936 -0.03256341
v -0.14158486 0.89799780 -0.14598705
v 0.41531006 0.47941291 0.12526879
v 0.41802242 0.56616354 0.10239048
v -0.21385954 0.88074142 -0.14727597
v 0.19605975 0.90258688 0.14067025
v 0.34551796 0.89310926 -0.13188465
v -0.20573331 -0.89024109 -0.14731954
v 0.41658810 -0.28764769 -0.12304919
v 0.41802543 -0.09385308 -0.10131665
v -0.25995266 -0.87755054 -0.14727581
v -0.41856915 -0.39669341 0.10038303
v 0.41802889 -0.63784784 0.09915636
v -0.00479003 0.91441888 0.12058970
v -0.40763023 -0.47941291 0.13947007
v 0.38736096 0.85787565 0.03259502
v 0.40735981 -0.76252830 -0.13939615
v 0.36882538 -0.88350445 -0.01393983
v 0.39619356 0.34267589 0.14673193
v -0.31953821 -0.89503115 -0.14268664
v -0.38915360 0.43105745 0.14720088
v 0.41802889 -0.20865902 -0.09915744
v -0.39340588 -0.05782272 0.14717601
v 0.41827136 0.11959314 -0.11181990
v 0.23257521 -0.91145003 0.12884004
v 0.41324887 -0.81394440 0.02393344
v -0.41683292 -0.75847983 -0.09849711
v -0.41856912 -0.44745162 -0.10038720
v 0.05081924 0.87766546 0.14727546
v -0.41656029 0.16932599 -0.12398852
v 0.40358695 -0.84077638 -0.00354684
v -0.40763023 -0.25568652 0.13947007
v -0.40882272 -0.40179342 -0.13816980
v 0.41530475 0.73958009 0.12526907
v -0.35453337 0.88946873 -0.12251350
v -0.30839300 0.91428792 0.07239281
v 0.38402486 0.11417509 -0.14723417
v 0.35729945 -0.83278263 -0.14726648
v -0.08886640 0.91488492 -0.11810013
v 0.41816840 -0.61351866 -0.10845336
v 0.41808638 -0.18640040 0.10525916
v -0.39540216 0.84313446 -0.12433847
v 0.41815862 0.28081790 -0.10947374
v -0.41857153 0.41241142 0.09888946
v -0.36785817 -0.86678451 0.11186474
v -0.41863871 -0.33330578 -0.10704819
v -0.28822857 -0.90245736 -0.14035051
v -0.41856718 -0.32616916 0.10119063
v -0.38234702 -0.48492697 -0.14725937
v -0.41500679 0.79967594 0.08468118
v 0.41802713 -0.26495203 0.10038017
v 0.38646701 0.32548311 0.14726171
v 0.41585812 0.51137352 -0.12448716
v -0.38234189 -0.52868921 -0.14726433
v 0.41802952 -0.40803152 -0.09847595
v 0.40734032 0.60725623 -0.13946417
v -0.40763023 -0.61638778 0.13947007
v -0.39985305 -0.81779474 -0.02541930
v -0.40106225 0.75335121 -0.14489093
v 0.38868171 0.77043927 -0.14716648
v -0.29752794 0.91188657 -0.12380148
v 0.37795573 -0.57591408 -0.14727156
v -0.41867477 -0.36365142 -0.10808542
v -0.16635367 0.91483200 -0.11908834
v 0.41063088 -0.54214621 0.13450199
v 0.41586471 -0.70314014 -0.12448782
v -0.31319019 0.91432309 -0.00360682
v -0.40763023 0.26025233 -0.13947007
v -0.40796041 -0.79563385 -0.10566684
v -0.15966900 0.90747905 -0.13413465
v 0.00500605 -0.91498595 -0.10268982
v 0.15040153 0.89024860 -0.14735004
v -0.37794951 -0.85407907 -0.09898452
v 0.41802531 -0.22575925 0.10132295
v 0.39500040 0.57252789 0.14686494
v 0.37846172 0.12062442 0.14727032
v -0.37977153 0.86947900 -0.07601671
v -0.38412806 0.68206036 -0.14725082
v 0.37876287 0.08100584 -0.14727084
v -0.26246977 -0.89261478 0.14735354
v -0.39495942 -0.50680780 0.14723445
v 0.15040131 0.90337956 -0.13898475
v 0.41363615 -0.80333894 0.12161791
v -0.27912280 -0.89159387 -0.14741339
v -0.41857165 -0.17806214 -0.09817869
v 0.41806820 -0.68310428 -0.10429952
v -0.38404682 0.75168121 0.14724408
v -0.34358653 -0.89030963 -0.04203618
v 0.41802689 0.39266157 0.10051572
v -0.22856300 0.90903783 -0.13297379
v 0.41710204 0.78113985 0.05436011
v 0.09561131 -0.89745772 0.14642242
v 0.41802788 0.49170473 -0.09984158
v -0.35154918 -0.83666068 -0.14726284
v -0.09797765 -0.91498631 -0.10257841
v 0.41811964 -0.31332445 0.10639129
v -0.40763023 -0.56159776 0.13947007
v -0.32196558 -0.84976864 0.14727019
v -0.38474250 0.35400569 -0.14723198
v -0.38639107 0.42985797 -0.14724620
v 0.40761799 -0.81632161 -0.13033515
v 0.40742087 0.82147032 0.03410194
v 0.11327739 0.87755144 -0.14727546
v 0.29025757 0.88170451 0.14727183
v -0.41277415 0.53382963 -0.13213247
v -0.41857198 0.57241625 -0.09835447
v 0.40733233 0.50224203 0.13946226
v 0.05049214 -0.91472566 0.11340190
v -0.32946599 -0.90063673 0.06560191
v 0.37850648 0.42729858 -0.14726971
v -0.03604868 0.91499144 0.10110255
v 0.41802832 0.35104567 0.09941633
v 0.24081978 -0.88923800 0.14736052
v 0.41802689 0.01826221 0.10051356
v 0.30890769 0.91429758 0.00135609
v 0.40112787 0.55246621 0.14497305
v -0.12069536 0.91484475 -0.11908643
v -0.06277347 -0.88116032 0.14727569
v -0.39537507 0.66198897 -0.14685826
v -0.39629501 0.27830684 -0.14664397
v -0.22465028 -0.88959873 -0.14735872
v 0.34231660 -0.90105623 -0.09659165
v -0.37840107 -0.08214206 -0.14727196
v -0.41604725 -0.76527750 0.03536630
v -0.41856480 0.08686496 0.10210882
v 0.39549547 0.49772972 -0.14691357
v 0.39802474 -0.83635241 0.13543954
v -0.41856661 0.47691593 -0.10142604
v 0.39514056 -0.09588375 0.14712825
v 0.24152814 0.91483867 -0.11646807
v -0.41856685 -0.56492466 -0.10125433
v -0.41678211 -0.24911830 -0.12335187
v -0.40012673 -0.21002799 -0.14573608
v 0.41802689 -0.35613483 -0.10051752
v 0.20524961 0.91498679 0.10237531
v -0.41743430 -0.42443714 0.12201317
v 0.14524457 -0.91499108 0.10121467
v -0.00600163 0.91498893 -0.10174429
v 0.40312713 0.83181506 -0.06683882
v 0.40967098 -0.82569754 -0.03899109
v -0.41818160 0.77943861 0.04046407
v 0.37238106 -0.88071001 -0.08532628
v 0.38224372 -0.76625150 0.14724810
v -0.17541966 -0.91457391 -0.11946116
v -0.03252089 -0.91498685 0.10245962
v -0.36144888 -0.84638613 0.14638969
v -0.00057777 -0.42620254 -0.14727500
v 0.35895777 -0.83937323 0.14727072
v 0.41229302 0.71718234 0.13219343
v 0.37828141 -0.38533291 0.14727326
v 0.08609255 0.89906216 0.14459611
v 0.41803041 0.68951279 -0.09750128
v 0.40733233 -0.27851596 0.13946225
v 0.36379981 0.88357919 0.03136183
v -0.29551852 -0.91482455 -0.06664983
v 0.41229710 -0.63428682 -0.13220261
v 0.04160511 -0.90446556 0.13774796
v -0.41855714 0.36094803 -0.10266999
v -0.21970245 0.91499287 0.10048962
v -0.16007505 0.89745772 0.14642242
v 0.41814572 0.31047657 -0.10989618
v 0.08104493 0.91499132 0.10116880
v 0.04082154 0.90337956 -0.13898475
v -0.16030197 0.89799780 -0.14598705
v -0.38927755 -0.83739889 -0.06433225
v -0.41856349 -0.61638784 0.10225749
v 0.41802689 -0.54790026 0.10051567
v -0.40431997 -0.80761111 0.01587899
v -0.35949609 0.88606322 0.12324805
v -0.37550208 0.79504269 -0.14726964
v 0.41812775 0.02282912 -0.10726646
v 0.25086135 0.90338230 -0.13898152
v -0.40978044 -0.14154075 -0.13682222
v -0.15095404 -0.91494024 0.10799749
v -0.10528506 0.90805483 -0.13354863
v 0.39372930 -0.85620326 -0.05196083
v 0.40065396 -0.59787589 0.14547588
v 0.38256577 -0.87082601 0.01501806
v -0.41856304 -0.08218488 -0.10225780
v 0.40734613 -0.70770651 -0.13946529
v -0.33647409 0.90349448 0.09243282
v -0.41857094 0.02229887 -0.09928894
v 0.03813259 -0.87787217 -0.14727539
v -0.39568403 -0.50680774 -0.14668825
v -0.34501517 -0.88898534 0.02884941
v -0.37830162 -0.25556874 0.14727330
v -0.38397193 0.09588097 0.14725961
v -0.05791165 -0.89733535 -0.14612937
v 0.41802874 -0.06528939 0.09915402
v -0.38879535 0.85789186 0.05166963
v 0.36421850 0.88325602 -0.07656772
v 0.37883842 -0.70766401 0.14726952
v -0.38405204 0.32420373 -0.14723687
v -0.41856912 0.52963710 0.10035924
v -0.41856915 -0.24655497 0.10038733
v 0.41802824 0.36031985 -0.09923567
v 0.19521149 -0.87776965 -0.14727566
v -0.06858081 0.91344279 -0.12716846
v -0.21486470 -0.90340453 0.13895561
v 0.37292850 0.79869699 0.14727734
v -0.38468114 -0.63219148 0.14726397
v -0.38531482 -0.00973327 -0.14725290
v 0.36418173 0.88339871 -0.04123038
v 0.39494744 0.83974183 -0.12704831
v 0.40431455 -0.42005652 -0.14355919
v -0.41841781 0.77512890 -0.01368767
v 0.41802791 -0.26341248 -0.09984861
v 0.41802588 -0.51808441 -0.10116030
v 0.12420363 -0.88090891 -0.14727551
v 0.41802788 0.43059108 -0.09983843
v -0.37841374 -0.67569774 -0.14727108
v 0.41802889 0.14459164 0.09900796
v -0.38406706 0.49939439 -0.14726223
v 0.20425464 0.87288696 -0.14727487
v -0.36900285 0.88022250 0.07631904
v 0.14125925 0.91498125 -0.10457118
v -0.37809712 0.23677382 -0.14727227
v 0.19753160 0.88311702 0.14727554
v 0.37759337 -0.14612432 -0.14727217
v -0.41857192 -0.06848548 0.09818736
v -0.41856843 0.15739264 -0.10075490
v -0.32615131 -0.90282691 -0.00256679
v 0.41626912 -0.29172423 0.12373646
v -0.24837324 0.89034408 -0.14739129
v -0.37788567 -0.11929262 0.14727360
v -0.41294989 -0.28951499 -0.13141830
v 0.39850980 -0.83738780 -0.13227215
v -0.38789931 0.06903502 -0.14707851
v -0.38469335 -0.84481961 0.08355197
v 0.41802716 -0.71634138 0.10038988
v 0.14092237 0.91491938 0.11201203
v 0.07734816 -0.90340453 0.13895562
v -0.37043536 0.87891740 -0.04739048
v -0.19952029 0.91486907 -0.11539553
v 0.38403478 0.22198614 0.14726432
v 0.38226646 0.68397462 0.14726499
v -0.41678208 -0.18007015 0.12335189
v -0.31332752 0.91409099 0.03098529
v 0.38378197 -0.41751331 -0.14726028
v 0.37888083 0.86870307 -0.00573806
v -0.06047188 -0.87775213 -0.14727539
v -0.37808874 0.32025212 0.14727247
v 0.38416302 -0.66936636 -0.14725612
v -0.35070544 0.83093822 -0.14727704
v 0.41802841 0.09625739 -0.09924555
v -0.37911126 0.04608403 -0.14727150
v -0.35658202 -0.87874663 0.07434379
v 0.30058387 -0.91472679 0.04725121
v 0.07734488 -0.87252992 0.14727493
v -0.37919116 -0.25522542 -0.14727141
v 0.41802689 -0.42786419 0.10051851
v 0.38945547 -0.48857787 0.14720114
v 0.38369411 -0.54539382 0.14726914
v 0.37790459 -0.33854976 -0.14727132
v -0.41867822 0.26481837 0.10968293
v -0.14276314 -0.87276804 0.14727491
v 0.16046299 -0.91498697 -0.10252959
v -0.15154147 -0.87754405 -0.14727536
v 0.37781963 -0.22776933 -0.14727227
v 0.38402495 0.01372674 -0.14723332
v 0.35390475 -0.89312452 -0.12097032
v 0.37777001 0.51069033 0.14727379
v -0.37841251 0.59552920 0.14727341
v -0.41856939 -0.49324793 0.10024744
v -0.41856331 -0.65292317 0.10224032
v 0.41750583 0.77922684 0.00451637
v -0.41856912 -0.26346993 -0.10037153
v -0.15911695 0.91473323 0.11906157
v -0.17835981 0.89040780 -0.14739008
v -0.38541248 0.04133788 0.14725260
v 0.00026432 0.10995902 0.14727500
v -0.36373779 0.88472784 0.04401114
v -0.00051157 0.01440899 -0.14727500
v 0.39562690 0.40632376 -0.14674948
v 0.41802689 -0.01826217 -0.10051333
v 0.40108183 0.83189988 0.12276619
v -0.37627733 -0.75885630 0.14727238
v 0.41783971 -0.78541887 0.04969033
v 0.03626113 0.87183344 -0.14727493
v -0.41856337 -0.63465124 -0.10225758
v -0.19660175 -0.91145611 0.12882806
f 1218 1083 1739
f 1135 1346 1154
f 1346 1135 1125
f 1807 1125 239
f 1807 204 1125
f 1941 1600 1807
f 1135 1154 1739
f 1135 1391 239
f 1125 1135 239
f 1537 1807 239
f 1941 1807 1537
f 1739 1154 1218
f 926 1739 1083
f 1135 1739 926
f 1391 1135 926
f 1874 239 1391
f 1537 239 1874
f 1557 1941 1537
f 307 975 1210
f 1386 975 307
f 157 1386 307
f 1813 1092 975
f 1386 1813 975
f 1277 1386 157
f 159 719 1621
f 1813 159 1621
f 1621 1092 1813
f 719 159 1218
f 159 1083 1218
f 1406 1386 1277
f 642 680 1788
f 503 1634 1777
f 642 1788 199
f 614 642 199
f 1746 199 1788
f 1746 1788 1634
f 503 1036 1634
f 710 614 199
f 276 710 199
f 1746 276 199
f 1036 1746 1634
f 1133 276 1746
f 1036 503 1710
f 1210 1300 652
f 652 1300 1792
f 652 1792 1884
f 1777 1884 1540
f 1777 1540 1559
f 680 1210 652
f 307 1210 680
f 1788 680 652
f 1634 652 1884
f 1634 1788 652
f 1777 1634 1884
f 307 680 642
f 157 307 642
f 157 642 614
f 1277 157 614
f 1277 614 710
f 1406 1277 710
f 1406 710 407
f 407 710 276
f 1300 83 1792
f 1884 1792 204
f 1540 1884 204
f 975 1300 1210
f 83 640 1346
f 83 1346 1125
f 1125 1792 83
f 204 1792 1125
f 1600 1540 1807
f 1540 204 1807
f 1092 1621 640
f 1092 1300 975
f 640 83 1300
f 1092 640 1300
f 719 1218 1154
f 719 640 1621
f 719 1154 1346
f 640 719 1346
f 1406 407 354
f 546 1406 354
f 546 1088 1073
f 1930 546 1073
f 1930 1073 984
f 1930 984 24
f 1483 1930 24
f 314 1243 1483
f 1214 1243 314
f 1243 1214 1263
f 1930 1483 1243
f 662 276 1133
f 1133 1746 1703
f 1703 1746 1036
f 800 345 1133
f 345 662 1133
f 1703 800 1133
f 716 345 800
f 363 800 1703
f 1710 363 1703
f 1703 1036 1710
f 189 716 800
f 373 716 189
f 189 800 363
f 708 373 189
f 1999 708 189
f 1999 189 363
f 1999 363 1710
f 629 523 1494
f 1494 708 629
f 629 708 1999
f 1011 523 629
f 1348 1011 629
f 1348 629 1999
f 1228 385 1011
f 1348 1228 1011
f 407 276 662
f 354 407 662
f 546 354 1088
f 1088 354 662
f 1088 662 345
f 1088 345 716
f 1073 1088 716
f 373 1073 716
f 984 1073 373
f 24 984 373
f 24 373 708
f 708 1494 24
f 314 1483 1494
f 1483 24 1494
f 523 314 1494
f 1011 1214 523
f 1214 314 523
f 1214 1011 385
f 385 1263 1214
f 1296 1264 1263
f 1473 1773 1264
f 1773 465 1903
f 1903 1768 1773
f 1768 1903 464
f 1269 1656 1768
f 1656 1269 139
f 1264 1243 1263
f 126 385 1228
f 1850 1228 1348
f 398 126 1228
f 398 1228 1850
f 960 398 1620
f 1620 398 1850
f 816 1620 1850
f 121 1192 960
f 121 960 1620
f 816 121 1620
f 231 121 791
f 1655 791 816
f 791 121 816
f 48 231 791
f 48 791 1655
f 872 1248 48
f 872 840 1248
f 1747 872 1655
f 872 48 1655
f 49 840 872
f 1747 49 872
f 126 1263 385
f 1296 1263 126
f 1264 1296 873
f 873 1296 126
f 873 126 398
f 1473 1264 873
f 1192 1473 960
f 873 398 960
f 1473 873 960
f 1773 1473 465
f 121 465 1192
f 465 1473 1192
f 465 121 231
f 1903 465 231
f 1248 464 48
f 464 1903 231
f 464 231 48
f 1269 1768 464
f 1269 464 1248
f 840 1269 1248
f 49 139 840
f 139 1269 840
f 1656 139 1319
f 1319 1619 1656
f 1531 988 1619
f 988 1531 4
f 988 4 627
f 327 988 627
f 327 688 226
f 887 327 226
f 988 1656 1619
f 1564 1201 49
f 1564 49 1747
f 847 1752 1201
f 847 1201 1564
f 1564 1747 1181
f 1181 847 1564
f 320 1752 847
f 1488 1752 320
f 1782 320 1181
f 320 847 1181
f 1141 1488 320
f 1141 320 1782
f 1141 1782 240
f 240 1782 1765
f 795 240 1765
f 1249 1945 795
f 1945 1455 795
f 1249 795 1765
f 1986 1249 1765
f 1201 1319 49
f 1319 139 49
f 1619 1319 140
f 1752 140 1201
f 140 1319 1201
f 1531 1619 140
f 1531 140 1752
f 1531 1752 1488
f 4 1531 1488
f 627 4 1488
f 627 1488 1141
f 688 327 627
f 627 1141 240
f 688 627 240
f 688 240 795
f 226 688 795
f 288 887 1455
f 887 226 1455
f 226 795 1455
f 696 887 288
f 1065 1969 696
f 1969 1065 1574
f 1969 1574 1534
f 1852 400 413
f 400 1534 413
f 400 1852 929
f 1407 400 929
f 1407 929 1311
f 1407 1311 1063
f 1534 400 1969
f 1986 1945 1249
f 1649 1945 1986
f 95 1649 1851
f 1851 1649 1986
f 582 1609 1851
f 1609 95 1851
f 1851 1986 582
f 535 387 582
f 387 1609 582
f 535 1688 397
f 397 387 535
f 535 582 1804
f 403 1688 535
f 403 535 1804
f 604 403 967
f 1384 967 1804
f 967 403 1804
f 423 696 288
f 288 1455 1945
f 1945 423 288
f 1065 696 423
f 423 1945 1649
f 1649 1065 423
f 1065 1649 95
f 1574 1065 95
f 1534 1574 1466
f 1466 1574 95
f 1466 95 1609
f 1534 1466 413
f 1466 1609 387
f 413 1466 387
f 387 1852 413
f 1852 387 397
f 929 1852 397
f 1688 929 397
f 403 1311 1688
f 1311 929 1688
f 1311 403 604
f 1063 1311 604
f 287 1407 1063
f 517 1842 1256
f 1842 517 329
f 1842 329 262
f 262 1593 1842
f 1355 1921 1593
f 1256 1407 287
f 1921 1842 1593
f 1892 604 967
f 1892 967 1384
f 390 1384 1804
f 1689 268 1384
f 268 1892 1384
f 390 1689 1384
f 821 268 1689
f 1012 821 1689
f 42 821 1012
f 1689 390 1898
f 1012 1689 1898
f 1587 1672 1012
f 1672 42 1012
f 1373 1587 1012
f 1373 1012 1898
f 132 1672 1587
f 9 1587 1373
f 826 132 1587
f 216 132 826
f 826 1587 9
f 646 216 826
f 646 826 308
f 308 826 9
f 1892 1063 604
f 287 1063 1892
f 1256 287 997
f 997 287 1892
f 997 1892 268
f 517 1256 997
f 997 268 821
f 517 997 821
f 42 517 821
f 329 517 42
f 262 329 42
f 262 42 1672
f 1593 262 132
f 262 1672 132
f 1593 132 1355
f 1355 132 216
f 1921 1355 1123
f 1123 1355 216
f 1123 216 646
f 1083 1803 1766
f 1803 1730 1230
f 1730 768 1230
f 1166 1977 774
f 926 1083 1766
f 370 926 1766
f 370 1391 926
f 66 1391 370
f 66 370 744
f 1874 1391 66
f 1557 1537 1874
f 1803 1230 1232
f 1766 1803 1232
f 744 1766 1232
f 370 1766 744
f 1631 1230 768
f 1631 1232 1230
f 744 1232 1631
f 744 1631 66
f 1450 66 210
f 1874 66 1450
f 1557 1874 1450
f 768 1840 514
f 514 1631 768
f 210 1631 514
f 1631 210 66
f 1450 210 692
f 1840 1727 909
f 514 1840 909
f 692 514 909
f 210 514 692
f 1450 692 131
f 1727 884 259
f 909 1727 259
f 131 909 259
f 692 909 131
f 1450 131 1863
f 1126 46 1166
f 46 884 1166
f 259 884 46
f 1863 46 1126
f 131 259 46
f 1863 131 46
f 1450 1863 608
f 1641 1166 774
f 1641 1126 1166
f 608 1126 1641
f 1126 608 1863
f 1730 1803 1083
f 159 1730 1083
f 1406 1813 1386
f 1813 1730 159
f 546 1813 1406
f 1730 1813 546
f 1840 768 1730
f 1730 1727 1840
f 1727 1977 884
f 1977 1727 1730
f 1977 1166 884
f 1930 1977 546
f 1977 1730 546
f 1768 1866 1773
f 1656 1866 1768
f 1866 1243 1264
f 1866 1264 1773
f 696 1969 887
f 988 1866 1656
f 327 1866 988
f 887 1866 327
f 1969 1866 887
f 1842 1407 1256
f 1921 1992 1842
f 1992 1407 1842
f 1977 571 774
f 1086 1960 1907
f 1960 344 1907
f 305 644 978
f 1475 644 305
f 1814 608 936
f 1450 608 1814
f 774 571 635
f 635 1641 774
f 936 1641 635
f 936 608 1641
f 571 1046 902
f 635 571 902
f 336 635 902
f 336 936 635
f 1814 336 84
f 936 336 1814
f 1046 1403 141
f 902 1046 141
f 84 902 141
f 336 902 84
f 1814 84 1408
f 1403 1086 1329
f 141 1403 1329
f 1408 141 1329
f 84 141 1408
f 1607 1408 1119
f 1814 1408 1607
f 1086 1907 118
f 1329 1086 118
f 1119 1329 118
f 1408 1329 1119
f 1595 1907 344
f 1595 26 1907
f 26 118 1907
f 1119 118 26
f 1119 26 1607
f 26 1595 1607
f 1607 108 1790
f 160 739 978
f 739 1595 344
f 739 344 978
f 739 160 681
f 108 1607 1595
f 1595 739 108
f 739 681 108
f 108 724 1790
f 160 978 644
f 681 160 644
f 681 644 724
f 681 724 108
f 1977 1046 571
f 1977 1960 1403
f 1977 1403 1046
f 1403 1960 1086
f 978 344 1960
f 305 978 1960
f 1977 1930 1243
f 1243 1866 1977
f 1866 1960 1977
f 1866 305 1960
f 400 1866 1969
f 1992 400 1407
f 1992 1866 400
f 1904 1600 1941
f 1966 1904 1828
f 18 1966 1828
f 18 446 1966
f 1705 446 18
f 1185 254 1705
f 254 446 1705
f 1585 1904 1941
f 1828 1904 1585
f 33 1705 18
f 348 1705 33
f 1185 1705 348
f 1941 1557 1585
f 1828 1585 1003
f 1351 1828 1003
f 18 1828 1351
f 1302 33 18
f 1302 18 1351
f 723 348 33
f 723 33 1302
f 348 521 1627
f 1185 348 1627
f 1627 61 1185
f 521 348 723
f 1887 503 1777
f 700 1492 223
f 1843 503 1887
f 1887 394 1843
f 1390 1843 394
f 1390 394 1492
f 1390 1492 700
f 718 1390 700
f 700 223 1371
f 1371 718 700
f 1710 503 1843
f 718 1371 1530
f 654 1843 1390
f 1108 1390 718
f 1108 654 1390
f 718 1530 1085
f 1108 718 1085
f 22 1948 1029
f 22 1029 1078
f 1887 1777 1559
f 1887 1559 1512
f 1512 394 1887
f 394 1512 1948
f 1492 394 1948
f 1492 1948 22
f 1628 22 1078
f 1628 1492 22
f 223 1492 1628
f 223 343 1371
f 1530 1371 64
f 1530 64 1085
f 1540 1600 1559
f 1512 1559 673
f 1948 1512 673
f 1948 673 1966
f 1948 1966 1764
f 1029 1948 1764
f 41 1029 735
f 1029 1764 735
f 41 1078 1029
f 673 1600 1904
f 673 1559 1600
f 673 1904 1966
f 1764 1966 446
f 512 446 254
f 512 1764 446
f 1693 735 512
f 735 1764 512
f 1865 735 1693
f 1865 41 735
f 254 1185 61
f 61 1693 254
f 1693 512 254
f 1542 1628 722
f 1628 1078 722
f 1628 1542 343
f 223 1628 343
f 1371 343 1005
f 1371 1005 64
f 1085 64 1459
f 1078 41 722
f 343 1542 1005
f 64 1005 1996
f 1459 64 1996
f 1865 1693 1516
f 935 722 41
f 935 41 1865
f 935 1542 722
f 61 1516 1693
f 1389 1865 1516
f 1389 935 1865
f 1996 1005 935
f 1005 1542 935
f 1321 61 1627
f 61 1321 1817
f 1516 61 1817
f 1389 1516 1817
f 1627 521 1321
f 1996 935 1389
f 654 1710 1843
f 1241 654 1108
f 1108 1085 870
f 870 1241 1108
f 1428 654 1241
f 1241 870 218
f 1241 218 1196
f 1428 1241 1196
f 1710 654 1984
f 1984 654 1428
f 158 1984 1428
f 158 1428 1196
f 1984 158 1566
f 1885 1710 1984
f 1885 1999 1710
f 145 1984 1082
f 1984 1566 1082
f 145 1885 1984
f 1348 1999 1885
f 145 1082 1776
f 765 1348 1885
f 1885 145 457
f 457 765 1885
f 145 1776 1489
f 457 145 1489
f 218 870 1575
f 218 1575 1175
f 1196 218 1175
f 1196 1175 679
f 158 1196 679
f 1028 158 679
f 1566 158 1028
f 147 1566 1028
f 425 1566 147
f 1082 1566 425
f 1776 1082 425
f 1776 425 1064
f 1776 1064 1489
f 477 870 1459
f 870 1085 1459
f 1575 870 477
f 147 1028 1008
f 1028 679 1008
f 425 147 1920
f 425 1920 1064
f 1489 1064 455
f 1175 1575 477
f 679 1175 1008
f 1920 147 1008
f 455 1064 1920
f 477 1459 1996
f 1008 1175 477
f 765 1850 1348
f 1365 765 457
f 457 1489 214
f 214 1365 457
f 1365 214 1816
f 816 1850 765
f 747 765 1365
f 1365 1816 431
f 747 1365 431
f 816 765 1983
f 765 747 1983
f 1596 747 431
f 838 1160 1596
f 1160 747 1596
f 1983 747 1160
f 933 1160 838
f 1983 1655 816
f 1983 1160 143
f 1734 143 933
f 143 1160 933
f 1598 1747 1983
f 1747 1655 1983
f 1983 143 793
f 793 1598 1983
f 913 793 1734
f 793 143 1734
f 1598 793 529
f 695 529 913
f 529 793 913
f 214 1489 976
f 214 976 755
f 1816 214 755
f 1816 755 538
f 431 1816 538
f 431 538 704
f 1596 431 704
f 704 838 1596
f 838 704 1800
f 1800 933 838
f 933 1800 1149
f 1149 1734 933
f 1734 1149 1615
f 1615 913 1734
f 913 1615 402
f 402 695 913
f 976 1489 455
f 755 976 455
f 402 1615 880
f 1855 1598 529
f 89 529 695
f 89 1855 529
f 1747 1598 1731
f 1181 1747 1731
f 1731 1598 1855
f 1164 1731 1855
f 956 1855 89
f 956 1164 1855
f 1163 1164 956
f 623 1181 1731
f 1110 1731 1163
f 1731 1164 1163
f 1110 623 1731
f 623 1782 1181
f 1458 623 1110
f 769 1458 1110
f 1765 1782 623
f 1767 1765 623
f 1767 623 1458
f 705 1458 769
f 1767 1458 611
f 244 611 705
f 611 1458 705
f 197 1986 1765
f 197 1765 1767
f 1767 611 1535
f 1535 197 1767
f 463 1535 244
f 1535 611 244
f 695 402 952
f 952 89 695
f 89 952 1293
f 1293 956 89
f 956 1293 241
f 241 458 956
f 458 1163 956
f 335 1110 1163
f 335 1163 458
f 1409 769 335
f 769 1110 335
f 769 1409 468
f 468 705 769
f 705 468 416
f 416 244 705
f 244 416 1288
f 1288 463 244
f 458 241 1239
f 1239 335 458
f 335 1239 1409
f 1293 952 880
f 241 1293 880
f 1239 241 880
f 1461 1409 1239
f 468 1409 1461
f 1633 416 1461
f 416 468 1461
f 1288 416 1633
f 952 402 880
f 1461 1239 880
f 275 197 1535
f 275 1535 463
f 1914 1986 197
f 197 275 1314
f 1314 1914 197
f 927 1314 275
f 474 1914 1314
f 1525 1314 1751
f 1314 927 1751
f 1525 474 1314
f 137 474 1525
f 1515 1986 1914
f 1515 1804 582
f 582 1986 1515
f 1356 1914 474
f 1515 1914 1356
f 633 1356 137
f 1356 474 137
f 1956 1515 1356
f 1356 633 595
f 595 1956 1356
f 1804 1515 1138
f 1138 1515 1956
f 1956 595 156
f 1138 1956 1567
f 1956 156 1
f 1567 1956 1
f 463 1288 630
f 630 275 463
f 927 275 630
f 927 630 925
f 927 925 1541
f 1751 927 1541
f 1541 1525 1751
f 1525 1541 1504
f 1504 137 1525
f 137 1504 633
f 595 633 532
f 127 156 294
f 156 595 532
f 156 532 294
f 1060 1 127
f 1 156 127
f 633 1504 729
f 532 633 729
f 630 1288 1633
f 630 1633 1905
f 925 630 1905
f 1541 925 1905
f 729 1504 1905
f 1504 1541 1905
f 294 532 729
f 1944 1060 127
f 127 294 1944
f 1554 390 1138
f 390 1804 1138
f 1138 1567 85
f 85 1554 1138
f 1567 1 181
f 85 1567 181
f 1554 85 1112
f 85 181 678
f 1112 85 678
f 462 1554 1112
f 1112 678 1039
f 1039 462 1112
f 390 1554 1939
f 1939 1898 390
f 1939 1554 462
f 462 1039 1545
f 1939 1373 1898
f 845 1939 462
f 462 1545 289
f 289 845 462
f 1939 9 1373
f 845 1366 1939
f 845 289 229
f 9 1939 99
f 99 1939 1366
f 845 229 1477
f 1366 845 1477
f 99 1901 9
f 1146 99 1366
f 65 1366 1477
f 65 1146 1366
f 552 181 1060
f 181 1 1060
f 181 552 291
f 678 181 291
f 678 291 349
f 1039 678 349
f 911 1545 973
f 1545 1039 349
f 1545 349 973
f 1545 911 67
f 289 1545 67
f 760 229 1742
f 229 289 67
f 229 67 1742
f 229 760 2
f 1477 229 2
f 1388 1477 2
f 65 1477 1388
f 1742 67 911
f 1388 2 1224
f 1944 552 1060
f 291 552 1944
f 349 291 1944
f 973 349 1944
f 1224 2 760
f 911 973 1944
f 1224 760 1742
f 1742 911 1944
f 1351 1003 1363
f 1363 671 1351
f 1302 1351 671
f 671 723 1302
f 671 1363 237
f 706 671 237
f 1003 1585 1557
f 1363 1003 1680
f 1387 1363 1680
f 237 1363 1387
f 542 237 1387
f 542 706 237
f 1680 1003 1557
f 1207 1387 1680
f 1387 1207 1140
f 1140 542 1387
f 1680 1557 1538
f 1207 1680 1538
f 1918 1140 1207
f 2000 1207 1538
f 120 1918 1207
f 120 1207 2000
f 1538 1557 1450
f 2000 1538 467
f 130 2000 467
f 130 467 953
f 130 120 2000
f 1893 1538 1450
f 1893 467 1538
f 467 1893 1699
f 953 467 1699
f 176 723 671
f 176 521 723
f 176 671 706
f 1799 176 706
f 1683 176 1799
f 1013 1799 542
f 1799 706 542
f 1013 542 1140
f 537 1013 1140
f 537 1140 1918
f 1433 537 1918
f 1433 1918 120
f 1062 130 953
f 1062 1433 120
f 1062 120 130
f 953 1699 970
f 970 1062 953
f 1321 521 176
f 1321 176 1683
f 1683 1817 1321
f 1683 1799 1013
f 1389 1817 1683
f 1683 1013 537
f 1975 537 1433
f 1683 537 1975
f 1975 1433 1062
f 1062 970 1975
f 1389 1683 1996
f 1975 1996 1683
f 1975 477 1996
f 1008 477 1975
f 1008 1975 1920
f 1615 1149 880
f 755 455 538
f 1149 1800 880
f 1944 294 729
f 729 1905 1944
f 1742 1944 1224
f 1990 1224 1944
f 1893 1450 1814
f 1893 1814 1692
f 1699 1893 1056
f 196 1699 1056
f 1310 1056 1893
f 1310 1893 1692
f 962 277 1310
f 277 196 1056
f 277 1056 1310
f 1203 1310 1692
f 1167 962 1310
f 1167 1310 1203
f 1199 1203 1692
f 1193 1203 1199
f 1193 1199 82
f 1193 1167 1203
f 1864 1692 1814
f 1199 1692 1864
f 1199 1864 1706
f 1706 82 1199
f 82 1706 1350
f 1864 1814 1607
f 631 1706 1864
f 1706 631 175
f 1350 1706 175
f 1864 1607 1790
f 479 631 1864
f 1072 631 479
f 1072 175 631
f 841 479 1864
f 479 841 106
f 106 1072 479
f 970 1699 196
f 32 970 196
f 17 277 962
f 277 32 196
f 17 32 277
f 1676 17 1167
f 17 962 1167
f 1193 82 1052
f 1052 1676 1193
f 1676 1167 1193
f 1052 82 1350
f 1052 1350 1837
f 487 1350 175
f 1837 1350 487
f 487 175 1072
f 1254 487 1072
f 1568 1072 106
f 1568 1254 1072
f 1975 970 32
f 1975 32 17
f 1676 1975 17
f 1975 1676 1837
f 1676 1052 1837
f 1837 487 1254
f 947 1837 1254
f 947 1254 1568
f 455 1920 1975
f 704 538 455
f 1800 704 880
f 1837 455 1975
f 947 455 1837
f 455 947 704
f 880 704 947
f 1944 1905 1990
f 557 1965 980
f 1965 985 980
f 1947 1965 557
f 1947 59 1511
f 295 1947 1511
f 899 295 1030
f 295 1965 1947
f 646 308 750
f 375 646 750
f 1901 750 308
f 1901 308 9
f 1327 13 750
f 13 375 750
f 1901 1327 750
f 96 13 1327
f 76 1327 1901
f 725 96 1327
f 1156 96 725
f 725 1327 76
f 488 1156 725
f 1204 1156 488
f 488 725 76
f 1569 1259 488
f 1259 1204 488
f 488 76 1569
f 658 245 1569
f 245 1259 1569
f 1358 245 658
f 1940 658 1569
f 375 1921 1123
f 674 985 1921
f 674 1921 375
f 1123 646 375
f 980 985 674
f 674 375 13
f 13 980 674
f 980 13 96
f 96 557 980
f 1156 1947 557
f 1156 557 96
f 1947 1156 59
f 59 1156 1204
f 1511 59 1204
f 1511 1204 1259
f 1212 295 1511
f 1030 295 1212
f 1511 1259 245
f 1212 1511 245
f 1212 245 1358
f 1358 899 1030
f 1030 1212 1358
f 657 1936 1174
f 1936 657 1650
f 1936 1650 47
f 1216 47 1839
f 1107 931 899
f 1174 931 1599
f 1174 1936 931
f 47 1216 1936
f 931 295 899
f 1358 658 1246
f 260 1358 1246
f 1246 658 1940
f 1749 260 1246
f 69 260 1749
f 1749 1246 1940
f 1124 69 1749
f 1124 713 179
f 179 69 1124
f 1749 1940 1057
f 1124 1749 1057
f 1180 150 713
f 1180 713 1124
f 672 1180 1124
f 672 1124 1057
f 1180 365 150
f 365 1180 1644
f 1644 135 365
f 1644 1180 672
f 1787 365 135
f 1586 135 1644
f 1644 672 1586
f 1118 1787 135
f 97 1787 1118
f 1118 135 1586
f 260 899 1358
f 260 1107 899
f 179 931 1107
f 69 1107 260
f 69 179 1107
f 1599 931 179
f 713 1599 179
f 150 1174 1599
f 150 1599 713
f 365 657 150
f 657 1174 150
f 1650 657 365
f 1650 365 1787
f 47 1650 1787
f 97 47 1787
f 1839 47 97
f 1216 1839 641
f 1216 641 372
f 1912 1216 372
f 1912 1173 1818
f 741 190 1818
f 190 741 54
f 293 190 437
f 190 54 437
f 1819 190 293
f 1169 1285 1118
f 1285 97 1118
f 1169 1118 1586
f 968 1169 1586
f 858 1285 1169
f 858 1169 754
f 215 858 754
f 754 1169 968
f 1491 215 754
f 754 968 1877
f 1877 1491 754
f 1222 154 1491
f 1877 1222 1491
f 637 1877 968
f 1144 154 1222
f 1222 1877 637
f 794 1144 1222
f 104 1144 794
f 794 1222 637
f 1493 104 794
f 715 1493 794
f 794 637 483
f 483 715 794
f 1285 1839 97
f 641 1839 1285
f 372 641 1285
f 372 1285 858
f 1173 1912 372
f 372 858 215
f 1173 372 215
f 1818 1173 1283
f 1491 1283 215
f 1283 1173 215
f 741 1818 1283
f 1283 1491 154
f 741 1283 154
f 1144 741 154
f 54 741 1144
f 104 54 1144
f 104 293 437
f 437 54 104
f 1493 1819 293
f 1493 293 104
f 1411 1819 667
f 1010 1708 1932
f 1189 1675 1708
f 1675 1189 520
f 1932 1411 330
f 1411 1932 1819
f 649 1493 715
f 966 649 715
f 966 715 483
f 1374 649 966
f 155 1374 966
f 966 483 1847
f 1847 155 966
f 583 1374 155
f 427 583 155
f 427 155 1847
f 1527 427 1847
f 283 427 1527
f 283 1527 1824
f 1291 1824 1527
f 829 1824 1291
f 1291 1527 1825
f 938 1305 1291
f 1305 829 1291
f 1825 938 1291
f 1819 1493 667
f 667 1493 649
f 1374 667 649
f 1411 667 1374
f 583 1411 1374
f 330 1411 583
f 1932 330 1017
f 1017 330 583
f 1017 583 427
f 1010 1932 1017
f 1017 427 283
f 1010 1017 283
f 1708 1010 804
f 1010 283 1824
f 804 1010 1824
f 1189 1708 804
f 804 1824 829
f 1189 804 829
f 520 1189 829
f 520 829 1305
f 1601 1675 892
f 1622 1601 201
f 1838 1622 25
f 1276 1377 1797
f 209 1377 50
f 1377 1276 50
f 1622 1675 1601
f 1797 1622 1838
f 1272 1305 938
f 192 1272 938
f 88 1272 192
f 938 1825 6
f 192 938 6
f 1209 508 192
f 508 88 192
f 6 1209 192
f 1261 508 1209
f 1544 1209 6
f 1343 1261 1209
f 851 1261 1343
f 1343 1209 1544
f 163 1513 1343
f 1513 851 1343
f 163 1343 1544
f 1195 1513 163
f 730 1513 1195
f 163 1544 312
f 312 1544 1925
f 401 730 1195
f 128 401 1195
f 312 1195 163
f 312 128 1195
f 892 1675 520
f 520 1305 1272
f 892 520 1272
f 88 892 1272
f 1601 892 88
f 201 1601 88
f 201 88 508
f 25 1622 201
f 201 508 1261
f 25 201 1261
f 851 25 1261
f 1838 25 851
f 1797 1838 639
f 639 1838 851
f 639 851 1513
f 1276 1797 639
f 639 1513 730
f 1276 639 730
f 401 1276 730
f 401 209 50
f 50 1276 401
f 686 1377 209
f 1068 1889 686
f 1889 1068 982
f 1562 1889 1576
f 1889 982 1576
f 717 1421 1562
f 717 628 1421
f 628 981 1421
f 1562 1963 1889
f 1421 1963 1562
f 981 849 1421
f 849 1963 1421
f 849 58 1963
f 856 58 849
f 856 827 58
f 827 1546 58
f 686 1889 1377
f 58 1546 1963
f 801 401 128
f 868 128 312
f 1639 868 312
f 1639 312 1925
f 14 626 868
f 626 801 128
f 626 128 868
f 14 990 626
f 1437 14 868
f 1639 1437 868
f 990 14 1437
f 1437 367 990
f 891 1437 1639
f 1465 1639 1925
f 367 1437 1420
f 116 1420 1437
f 891 116 1437
f 891 1639 1465
f 1465 1925 1495
f 116 1646 1420
f 1098 116 891
f 1611 891 1465
f 1443 1465 1495
f 801 686 209
f 801 209 401
f 1778 686 801
f 1778 801 626
f 1068 686 1778
f 990 1068 626
f 1068 1778 626
f 982 1068 990
f 367 982 990
f 1420 1576 367
f 1576 982 367
f 1646 1562 1576
f 717 1562 1646
f 1646 1576 1420
f 116 1761 1646
f 891 1611 1098
f 1465 1443 1611
f 1761 628 717
f 717 1646 1761
f 1761 116 1098
f 1098 949 1761
f 1168 628 1761
f 1168 1761 949
f 1796 949 1098
f 1796 1098 1611
f 302 849 981
f 1168 981 628
f 1168 302 981
f 998 302 1168
f 949 998 1168
f 1952 1796 1611
f 1443 1952 1611
f 1443 893 1952
f 302 856 849
f 597 1546 827
f 597 878 1546
f 602 878 597
f 878 528 1546
f 878 1353 528
f 998 906 302
f 998 949 94
f 94 949 1796
f 906 856 302
f 998 1754 906
f 1754 998 94
f 666 94 1796
f 1952 666 1796
f 893 1604 1952
f 1506 1754 94
f 666 1506 94
f 1604 666 1952
f 906 1221 856
f 1221 597 827
f 1221 827 856
f 1221 906 1754
f 602 597 1221
f 1221 1754 310
f 602 1221 310
f 310 1754 1506
f 310 878 602
f 27 878 310
f 1506 27 310
f 1506 1603 27
f 666 1603 1506
f 666 1711 1603
f 1604 1711 666
f 1786 1711 1604
f 1353 878 27
f 1780 1353 27
f 1780 27 1603
f 985 1965 1921
f 1965 1992 1921
f 1992 1965 295
f 931 1992 295
f 190 1912 1818
f 190 1216 1912
f 190 792 1216
f 1819 792 190
f 1932 792 1819
f 1708 792 1932
f 1675 792 1708
f 98 1797 1377
f 98 1377 1724
f 1622 792 1675
f 1797 98 1622
f 1889 1963 1377
f 528 1367 1546
f 1367 1963 1546
f 1367 1377 1963
f 1367 1724 1377
f 1943 1724 1367
f 1724 1988 98
f 73 1988 1724
f 1353 250 528
f 250 1684 528
f 1684 1367 528
f 1943 1367 1684
f 1943 1608 1724
f 449 1608 1943
f 1608 569 1724
f 569 73 1724
f 1988 1883 98
f 1780 1162 250
f 250 1353 1780
f 1635 1162 1780
f 1603 1635 1780
f 1162 1684 250
f 811 1684 1162
f 1635 811 1162
f 1711 1635 1603
f 587 1943 1684
f 587 1684 811
f 825 587 811
f 1635 655 811
f 655 825 811
f 1711 655 1635
f 449 1943 587
f 449 1809 1608
f 825 1809 449
f 449 587 825
f 655 1809 825
f 1786 655 1711
f 1809 569 1608
f 1075 569 1809
f 655 1075 1809
f 655 1953 1075
f 1560 73 569
f 617 73 1560
f 1560 569 1075
f 1075 1953 1560
f 412 617 1560
f 1953 412 1560
f 1988 73 617
f 1020 1988 617
f 412 1020 617
f 412 1783 1020
f 1953 1783 412
f 1883 1988 1020
f 1020 1789 1883
f 1783 1789 1020
f 1936 1992 931
f 792 1936 1216
f 792 1992 1936
f 98 792 1622
f 866 792 98
f 866 1077 792
f 1077 1998 792
f 1049 37 98
f 866 98 37
f 1077 866 1034
f 1034 907 1077
f 1721 98 1883
f 1721 1049 98
f 554 37 1049
f 37 316 866
f 316 699 866
f 699 1034 866
f 907 759 1077
f 759 1674 1077
f 1789 1721 1883
f 1789 117 1721
f 1789 251 117
f 251 1789 1783
f 117 1614 1721
f 1614 1049 1721
f 236 1049 1614
f 251 1614 117
f 251 1836 1614
f 1836 236 1614
f 554 1049 236
f 236 1894 554
f 1836 1894 236
f 1758 1894 1836
f 1894 313 554
f 313 316 37
f 313 37 554
f 1894 1758 313
f 1758 1917 313
f 1917 699 316
f 1917 316 313
f 1096 1034 699
f 1219 1096 699
f 1219 699 1917
f 1758 1219 1917
f 1758 1857 1219
f 907 1034 1096
f 759 907 1096
f 445 759 1096
f 445 1096 1219
f 1857 445 1219
f 1190 1674 759
f 1190 759 445
f 1857 1190 445
f 1332 1146 65
f 663 99 1146
f 1001 1146 1332
f 663 1146 1001
f 99 76 1901
f 1694 99 663
f 875 1694 663
f 875 663 1001
f 76 99 1694
f 1694 875 772
f 76 1694 1844
f 1694 772 1026
f 1844 1694 1026
f 1844 1026 1536
f 102 1940 1569
f 1569 76 1844
f 102 1569 1844
f 833 102 1844
f 1844 1536 833
f 833 1536 843
f 806 102 833
f 1041 833 843
f 1041 806 833
f 1349 65 1388
f 1332 65 1349
f 753 1332 1349
f 1582 1332 753
f 1001 1332 1582
f 267 1001 1582
f 1115 1001 267
f 875 1001 1115
f 1194 875 1115
f 772 875 1194
f 737 772 1194
f 1026 772 737
f 578 1026 737
f 1536 1026 578
f 53 1536 578
f 843 1536 53
f 1481 843 53
f 1412 843 1481
f 1041 843 1412
f 1388 1224 1349
f 267 1582 271
f 1582 753 271
f 1115 267 1989
f 1115 1989 1037
f 1194 1115 1037
f 737 1194 1037
f 578 737 1906
f 1906 53 578
f 1412 1481 1368
f 271 753 1349
f 271 1349 1224
f 1989 267 271
f 1906 737 1037
f 1368 1481 1906
f 1481 53 1906
f 1027 806 1059
f 806 1041 1059
f 1109 1940 102
f 1282 102 806
f 1282 1109 102
f 1282 806 1027
f 1057 1940 1109
f 1282 1027 460
f 1109 672 1057
f 1109 1282 1114
f 1282 460 1659
f 1114 1282 1659
f 1040 672 1109
f 1040 1109 1114
f 92 1114 1445
f 1114 1659 1445
f 92 1040 1114
f 1448 1040 92
f 1974 1586 1040
f 1586 672 1040
f 1040 1448 1974
f 149 1974 1448
f 1695 1586 1974
f 1695 968 1586
f 107 1695 1974
f 1251 107 1974
f 1251 1974 149
f 1059 1041 1412
f 1191 1027 1059
f 270 1027 1191
f 460 1027 270
f 460 270 1090
f 460 1090 29
f 1659 460 29
f 1445 1659 29
f 1338 92 1445
f 1338 1448 92
f 1317 1448 1338
f 1317 149 1448
f 897 149 1317
f 897 1251 149
f 1051 1059 1368
f 1059 1412 1368
f 1051 1191 1059
f 270 1191 1051
f 1445 29 865
f 1298 1445 865
f 1338 1445 1298
f 1317 1338 182
f 897 1317 182
f 897 182 959
f 1090 270 1051
f 29 1090 865
f 182 1338 1298
f 865 1090 1051
f 182 1298 959
f 1430 107 1251
f 1695 107 570
f 570 107 1430
f 1695 570 1681
f 35 1681 570
f 968 1695 369
f 782 369 1681
f 369 1695 1681
f 1681 35 944
f 944 782 1681
f 369 637 968
f 1440 369 782
f 301 1440 782
f 1763 637 369
f 1235 1763 369
f 1235 369 1440
f 819 1440 301
f 819 1235 1440
f 677 1235 819
f 483 637 1763
f 269 1763 677
f 1763 1235 677
f 1258 269 677
f 5 1251 897
f 1398 1430 5
f 1430 1251 5
f 1265 1430 1398
f 1265 570 1430
f 391 35 1265
f 35 570 1265
f 382 944 391
f 944 35 391
f 944 382 588
f 782 944 588
f 301 782 588
f 301 588 1612
f 1612 819 301
f 819 1612 1289
f 1289 677 819
f 1258 677 1289
f 897 959 5
f 1258 1289 1740
f 1961 1398 959
f 1398 5 959
f 1961 1265 1398
f 391 1265 1961
f 1602 588 382
f 1612 588 1602
f 1289 1612 1602
f 1602 382 1961
f 382 391 1961
f 1740 1289 1602
f 592 483 1763
f 1016 592 1763
f 1016 1763 269
f 269 1258 1462
f 1847 483 592
f 1247 592 1016
f 388 1016 269
f 269 1462 388
f 1247 1016 388
f 1913 1847 592
f 914 1913 592
f 592 1247 914
f 1113 867 901
f 914 1247 901
f 867 914 901
f 1527 1847 1913
f 867 1913 914
f 683 867 1113
f 1913 1825 1527
f 1913 867 983
f 983 867 683
f 1913 983 1055
f 1055 983 596
f 1139 1825 1913
f 1359 1913 1055
f 1359 1139 1913
f 881 1055 596
f 881 1359 1055
f 498 388 494
f 388 1462 494
f 388 498 1106
f 1106 901 1247
f 1247 388 1106
f 901 1106 339
f 339 1113 901
f 1113 339 757
f 757 683 1113
f 1565 683 347
f 683 757 347
f 1565 983 683
f 596 983 1565
f 319 596 1565
f 881 596 319
f 68 881 319
f 1462 1258 1740
f 494 1462 1740
f 1405 1106 498
f 1106 1405 339
f 790 319 1565
f 68 319 790
f 1405 498 494
f 339 1405 757
f 1565 347 790
f 494 1740 1405
f 347 757 1405
f 790 347 1405
f 1202 1359 881
f 6 1825 1139
f 1139 1359 764
f 764 1359 1202
f 764 1202 497
f 1507 6 1139
f 187 1139 764
f 187 1507 1139
f 764 497 151
f 151 187 764
f 1507 1544 6
f 1544 1507 337
f 1507 187 1131
f 337 1507 1131
f 230 1131 684
f 1131 187 684
f 1925 1544 337
f 337 1131 711
f 7 711 230
f 711 1131 230
f 383 1925 337
f 1033 337 711
f 383 337 1033
f 580 1033 7
f 1033 711 7
f 1925 383 1860
f 383 1033 828
f 278 828 580
f 828 1033 580
f 1202 881 68
f 1270 1202 68
f 497 1202 1270
f 497 1270 896
f 497 896 1583
f 151 497 1583
f 151 1583 1000
f 812 684 1000
f 187 151 1000
f 684 187 1000
f 1002 684 812
f 1002 230 684
f 7 230 1002
f 1510 580 7
f 580 1510 225
f 225 278 580
f 572 7 1002
f 1510 7 572
f 1982 68 790
f 1982 1270 68
f 896 1270 1982
f 896 1982 1583
f 572 1002 812
f 1117 1510 572
f 225 1510 1117
f 1000 1583 812
f 812 1583 1982
f 572 812 1982
f 1860 383 144
f 1297 144 828
f 144 383 828
f 1297 828 278
f 144 1297 1091
f 1769 1860 144
f 1240 1769 144
f 144 1091 1240
f 942 1240 217
f 1240 1091 217
f 1495 1925 1860
f 603 1240 942
f 1665 1495 1860
f 1665 1860 1769
f 1581 1769 1240
f 1581 1240 603
f 1665 770 1495
f 1176 1665 1769
f 1325 1176 1769
f 1325 1769 1581
f 745 1325 1581
f 278 225 1280
f 1280 1297 278
f 177 1297 1280
f 177 217 1091
f 1091 1297 177
f 217 177 1225
f 1225 942 217
f 942 1225 1035
f 1035 603 942
f 603 1035 1642
f 1642 1581 603
f 1495 770 1443
f 745 1581 1642
f 745 1642 114
f 770 1665 1909
f 1909 1665 1176
f 351 1176 1325
f 351 1325 745
f 351 745 842
f 541 1443 770
f 1909 541 770
f 1496 1176 351
f 541 893 1443
f 1934 1909 1176
f 1496 1934 1176
f 1666 1496 351
f 1666 842 1357
f 351 842 1666
f 177 1280 1806
f 177 1806 1225
f 842 745 114
f 1280 225 1117
f 1806 1280 1117
f 114 1642 1385
f 842 114 1385
f 1357 842 1385
f 195 1666 1357
f 1225 1806 1035
f 1642 1035 1385
f 1089 1357 1385
f 195 1357 1089
f 376 311 1089
f 311 195 1089
f 1385 1035 1806
f 376 1089 1682
f 541 1909 1991
f 1991 1909 1934
f 1888 1496 1666
f 541 1660 893
f 541 1991 1660
f 1496 1888 1934
f 311 1888 195
f 1888 1666 195
f 1604 893 1660
f 1991 1934 471
f 1900 471 1934
f 1934 1888 1900
f 1528 1900 1888
f 311 844 1888
f 844 1528 1888
f 471 1660 1991
f 1528 844 775
f 1786 1604 1660
f 1957 1786 1660
f 1957 1660 471
f 1900 1755 471
f 1670 1900 1528
f 775 540 1670
f 775 1670 1528
f 1755 1957 471
f 1900 1670 1755
f 540 480 1670
f 500 1755 1670
f 844 311 376
f 1183 376 1682
f 1183 844 376
f 1183 540 775
f 775 844 1183
f 480 540 1679
f 540 1183 1682
f 540 1682 1679
f 1906 1037 1989
f 1368 1906 1990
f 271 1224 1990
f 1990 1906 1989
f 1989 271 1990
f 1051 1368 1990
f 865 1051 1990
f 1990 1298 865
f 1298 1990 959
f 1961 959 1990
f 1405 1740 1602
f 522 1117 1982
f 1117 572 1982
f 1385 1806 1682
f 1682 1089 1385
f 1081 1682 1806
f 1679 1682 1081
f 1520 1806 1117
f 1520 1081 1806
f 1520 1117 522
f 480 1042 1670
f 500 1670 1042
f 1397 500 1071
f 500 1042 1071
f 543 1397 1071
f 1589 1397 543
f 1755 1878 1957
f 1878 1755 500
f 500 1397 1878
f 1589 290 989
f 989 1397 1589
f 1589 590 290
f 1878 1786 1957
f 989 1878 1397
f 963 361 290
f 590 963 290
f 1878 655 1786
f 989 290 1878
f 290 361 1878
f 1438 361 963
f 1362 361 1438
f 1439 1362 1438
f 1953 655 1878
f 361 1362 1878
f 1987 1362 1439
f 817 1987 1439
f 1783 1953 1878
f 1716 1783 1878
f 1878 1987 1716
f 1362 1987 1878
f 178 1042 480
f 1679 178 480
f 178 1679 1081
f 178 543 1071
f 1071 1042 178
f 178 1081 543
f 746 1589 543
f 1081 746 543
f 746 1081 1520
f 746 590 1589
f 590 746 1520
f 590 1404 963
f 1404 590 1520
f 1404 1520 522
f 1404 1438 963
f 1404 993 1438
f 993 1439 1438
f 993 1404 522
f 1879 522 738
f 817 1439 993
f 1879 817 993
f 993 522 1879
f 1602 1961 1990
f 1982 790 1405
f 1405 1602 1990
f 1709 1982 1405
f 1303 1709 1405
f 522 1982 738
f 1709 738 1982
f 1573 738 1709
f 364 738 1573
f 877 1573 1709
f 408 1987 817
f 817 835 408
f 835 758 408
f 251 1783 1716
f 408 1716 1987
f 758 1341 408
f 758 55 1341
f 1836 251 1716
f 408 1341 1716
f 55 342 1341
f 55 994 342
f 1716 1758 1836
f 1341 342 1716
f 994 15 342
f 15 615 342
f 441 615 15
f 342 615 1716
f 977 317 441
f 1830 1857 1758
f 1830 1758 1716
f 615 1830 1716
f 615 317 1830
f 317 615 441
f 977 1127 317
f 977 438 1127
f 317 1127 1830
f 125 205 1127
f 438 125 1127
f 1127 205 1830
f 125 1733 205
f 659 1733 125
f 205 1733 1830
f 835 817 1879
f 758 835 738
f 835 1879 738
f 55 758 738
f 55 738 364
f 364 994 55
f 364 1573 994
f 1573 15 994
f 1381 441 15
f 1573 1381 15
f 1381 1573 877
f 1381 977 441
f 1381 877 977
f 877 438 977
f 824 125 438
f 438 877 1709
f 438 1709 824
f 824 659 125
f 185 659 824
f 824 1709 185
f 1334 1902 1278
f 1902 534 1278
f 534 357 1278
f 1043 491 534
f 1928 905 273
f 1928 273 1580
f 724 1097 1790
f 300 644 1475
f 724 644 300
f 724 300 1097
f 1790 1097 359
f 879 1475 1334
f 300 1475 879
f 359 1097 879
f 1097 300 879
f 359 232 986
f 986 1790 359
f 879 1334 1278
f 1177 879 1278
f 232 359 1177
f 359 879 1177
f 357 1177 1278
f 232 1177 357
f 232 357 420
f 232 420 986
f 986 1301 261
f 357 534 491
f 420 357 491
f 420 491 1301
f 420 1301 986
f 379 491 1043
f 1301 491 379
f 169 1301 379
f 169 261 1301
f 261 169 1499
f 379 1043 1580
f 433 379 1580
f 169 379 433
f 169 433 1499
f 1976 261 1499
f 273 433 1580
f 591 433 273
f 433 591 1499
f 305 1902 1475
f 1475 1902 1334
f 1902 1043 534
f 1928 1043 1902
f 1928 1580 1043
f 1866 1902 305
f 1928 1902 1866
f 1978 1866 1992
f 133 1916 447
f 1916 323 447
f 1417 939 1652
f 734 939 1417
f 1976 1499 1128
f 905 492 965
f 273 905 965
f 1128 273 965
f 591 273 1128
f 1128 1499 591
f 1976 1128 1468
f 492 133 518
f 965 492 518
f 1468 965 518
f 1128 965 1468
f 1976 1468 1320
f 439 133 447
f 439 518 133
f 1468 518 439
f 1320 1468 439
f 168 1320 1718
f 168 1976 1320
f 1074 1976 168
f 476 447 323
f 476 439 447
f 476 1320 439
f 476 1718 1320
f 323 174 1436
f 1436 476 323
f 353 1718 1436
f 1718 476 1436
f 353 864 168
f 1718 353 168
f 174 1652 556
f 1436 174 556
f 353 1436 556
f 353 556 864
f 864 1197 168
f 556 1652 939
f 864 556 939
f 864 939 1197
f 168 1197 1315
f 1707 168 1315
f 1074 168 1707
f 459 939 734
f 1315 1197 459
f 1197 939 459
f 1928 492 905
f 1928 1916 492
f 1916 133 492
f 752 174 323
f 752 323 1916
f 752 1652 174
f 1417 1652 752
f 752 1669 1345
f 752 1345 1417
f 1345 1757 38
f 1669 1757 1345
f 1669 414 1757
f 1928 742 1916
f 1866 742 1928
f 1781 742 1866
f 742 1962 1916
f 1916 1962 752
f 1962 780 752
f 1669 752 780
f 1155 1781 1866
f 326 1155 1866
f 1973 1958 1866
f 1973 1866 1070
f 1958 326 1866
f 1938 1978 1992
f 1866 1978 1070
f 1395 1938 1992
f 1992 958 1395
f 586 1152 620
f 545 734 138
f 459 734 545
f 31 1315 545
f 1315 459 545
f 31 1707 1315
f 915 138 620
f 545 138 915
f 31 545 915
f 31 915 955
f 1707 31 955
f 1074 1707 1509
f 915 620 1152
f 955 915 1152
f 955 1152 100
f 955 100 1841
f 1841 1707 955
f 1509 1707 1841
f 1578 1074 1509
f 1578 1698 1074
f 1841 100 1980
f 599 586 203
f 586 100 1152
f 586 599 100
f 1980 100 599
f 1861 1509 1841
f 1861 1400 1509
f 1578 1509 1400
f 1400 1737 1578
f 1980 599 612
f 1861 1841 1980
f 1861 1980 612
f 138 734 1417
f 1345 138 1417
f 620 138 1345
f 797 620 1345
f 1345 38 797
f 586 620 797
f 203 586 797
f 38 203 797
f 38 921 203
f 720 921 38
f 1757 720 38
f 1757 1058 720
f 1757 1561 1058
f 414 1561 1757
f 1669 258 414
f 414 609 1561
f 1095 609 414
f 258 1095 414
f 1651 258 1669
f 599 203 921
f 1294 921 720
f 921 612 599
f 1294 612 921
f 1294 475 612
f 475 1552 612
f 1552 1861 612
f 690 1737 1400
f 1058 1294 720
f 1383 1861 1552
f 1895 1861 1383
f 1895 1400 1861
f 690 1400 1895
f 1058 475 1294
f 1058 1946 475
f 1505 1552 475
f 1946 1505 475
f 1383 1552 1505
f 1561 1946 1058
f 609 1946 1561
f 736 1651 1669
f 1859 690 1895
f 690 1859 1750
f 1392 1505 1946
f 1383 1505 1392
f 1392 1529 1383
f 1529 1859 1383
f 1859 1895 1383
f 1820 1946 609
f 1820 1392 1946
f 1563 1750 1859
f 1095 1820 609
f 1375 1820 1095
f 1392 1820 1375
f 1295 1392 1375
f 1529 1392 1295
f 1335 1859 1529
f 1335 1563 1859
f 823 1375 1095
f 823 1095 258
f 823 1295 1375
f 823 689 1295
f 1335 1529 1295
f 823 258 1651
f 1736 823 1651
f 689 823 1736
f 689 1335 1295
f 1736 1651 736
f 1006 1736 736
f 689 1736 1006
f 1006 1667 689
f 1667 1335 689
f 1962 1360 780
f 732 742 1781
f 1047 732 1781
f 780 736 1669
f 762 736 780
f 1623 780 1360
f 742 777 279
f 742 279 1962
f 762 780 1623
f 396 1360 1962
f 396 1962 279
f 184 777 742
f 184 742 732
f 762 1006 736
f 621 1006 762
f 1667 1006 621
f 1899 621 762
f 1899 762 1623
f 1785 1667 621
f 1785 621 1899
f 1785 1805 1667
f 1805 1335 1667
f 1805 1563 1335
f 1899 1623 1360
f 421 1899 1360
f 1785 1899 421
f 421 1805 1785
f 421 1360 396
f 1208 421 396
f 1208 1805 421
f 279 1208 396
f 661 1208 279
f 777 661 279
f 1805 1208 661
f 1690 1805 661
f 184 661 777
f 1875 661 184
f 1875 1690 661
f 814 1875 184
f 814 184 732
f 1759 1875 814
f 1690 1875 1759
f 506 1690 1759
f 814 732 1047
f 299 814 1047
f 442 1759 814
f 442 814 299
f 442 506 1759
f 326 1023 1155
f 1781 818 803
f 803 1047 1781
f 255 818 1781
f 255 1781 1155
f 1155 1231 255
f 1432 1231 1155
f 1023 1432 1155
f 1588 1023 326
f 1084 1588 326
f 297 1084 326
f 818 776 803
f 299 1047 803
f 776 299 803
f 442 299 776
f 776 1401 442
f 1401 506 442
f 255 1425 818
f 1425 776 818
f 1401 776 1425
f 1215 506 1401
f 1425 255 1231
f 1165 1425 1231
f 1401 1425 1165
f 1215 1401 1165
f 1927 506 1215
f 1432 1165 1231
f 452 1165 1432
f 1266 452 1432
f 452 1215 1165
f 1927 1215 452
f 1266 1432 1023
f 1023 1444 1266
f 1444 789 1266
f 789 452 1266
f 1927 452 789
f 1444 1023 1588
f 1588 547 1444
f 547 789 1444
f 547 453 789
f 453 1927 789
f 453 1664 1927
f 547 1588 1084
f 1084 766 547
f 766 453 547
f 766 1664 453
f 1279 766 1084
f 1279 1084 297
f 1279 698 766
f 1664 766 698
f 1973 473 1958
f 1958 297 326
f 910 297 1958
f 727 1958 473
f 44 473 1973
f 895 44 1973
f 478 895 1973
f 478 1973 1070
f 332 478 1070
f 1924 910 1958
f 1958 1426 1924
f 1426 1958 727
f 1279 297 910
f 1104 1279 910
f 698 1279 1104
f 1104 350 698
f 350 1774 1664
f 350 1664 698
f 1104 910 1924
f 1426 1286 1924
f 1286 350 1924
f 350 1104 1924
f 727 607 1426
f 607 1286 1426
f 607 834 1286
f 834 350 1286
f 1774 350 834
f 607 727 473
f 473 585 607
f 585 834 607
f 585 1696 834
f 1696 1853 834
f 1853 1774 834
f 585 473 44
f 44 876 585
f 876 1696 585
f 876 44 895
f 895 90 876
f 90 496 876
f 496 1696 876
f 1853 1696 496
f 90 895 478
f 478 1038 90
f 1038 496 90
f 1038 274 496
f 274 1171 496
f 1171 1853 496
f 1038 478 332
f 332 8 1038
f 8 274 1038
f 1978 598 1070
f 807 1978 1938
f 485 598 1978
f 807 1150 1978
f 495 332 1070
f 495 1070 598
f 1978 233 485
f 1978 1533 233
f 1150 1533 1978
f 831 1712 807
f 831 807 1938
f 8 332 495
f 495 1399 8
f 1399 1728 8
f 1728 274 8
f 1171 274 1728
f 1728 1926 1171
f 1399 495 598
f 598 594 1399
f 594 378 1399
f 378 1728 1399
f 1926 1728 378
f 233 594 485
f 594 598 485
f 233 601 594
f 601 378 594
f 601 1424 378
f 1424 1926 378
f 1533 601 233
f 1533 1087 601
f 1087 1424 601
f 1087 186 1424
f 186 1741 1424
f 1741 1926 1424
f 1150 1087 1533
f 1150 1521 1087
f 1521 186 1087
f 807 167 1150
f 167 1521 1150
f 676 186 1521
f 676 1521 167
f 1741 186 676
f 167 807 1712
f 256 167 1712
f 676 167 256
f 256 846 676
f 846 1700 676
f 1700 1741 676
f 618 256 1712
f 618 1712 831
f 846 256 618
f 958 101 1395
f 1395 1636 1938
f 924 1636 1395
f 227 831 1938
f 1636 227 1938
f 1395 198 924
f 1395 781 198
f 636 781 1395
f 636 1395 101
f 1434 101 958
f 958 509 549
f 549 1434 958
f 101 527 188
f 188 636 101
f 1434 527 101
f 618 831 227
f 553 618 227
f 846 618 553
f 553 918 846
f 918 1700 846
f 771 553 227
f 771 227 1636
f 771 918 553
f 284 918 771
f 198 1019 924
f 771 1636 924
f 1019 771 924
f 284 771 1019
f 1729 918 284
f 781 384 198
f 384 1019 198
f 284 1019 384
f 208 284 384
f 1729 284 208
f 384 781 636
f 883 384 636
f 208 384 883
f 651 208 883
f 1729 208 651
f 161 1729 651
f 883 636 188
f 527 651 188
f 651 883 188
f 527 1129 651
f 1129 161 651
f 321 527 1434
f 1129 527 321
f 321 484 1129
f 484 1994 1129
f 1994 161 1129
f 509 1100 549
f 321 1434 549
f 1100 321 549
f 484 321 1100
f 1100 374 484
f 374 1994 484
f 40 1864 1790
f 40 841 1864
f 946 841 40
f 841 946 1307
f 106 841 1307
f 815 946 40
f 946 815 900
f 1307 946 900
f 815 40 1827
f 1876 900 815
f 40 1790 986
f 40 986 1640
f 1827 40 1640
f 415 510 1827
f 510 815 1827
f 1876 815 510
f 1640 986 261
f 415 1827 1640
f 415 1640 315
f 1951 415 315
f 1951 510 415
f 315 1640 1482
f 315 1482 1009
f 1009 1951 315
f 1856 1640 261
f 1482 1640 1856
f 1009 1482 995
f 173 1009 995
f 1856 261 1976
f 393 1482 1856
f 393 995 1482
f 86 995 393
f 86 173 995
f 539 106 1307
f 1568 106 539
f 947 1568 539
f 454 1307 900
f 539 1307 454
f 454 900 1876
f 830 454 1876
f 1238 1876 510
f 1238 830 1876
f 1238 510 1951
f 869 1238 1951
f 1811 1951 1009
f 1811 869 1951
f 1811 1009 173
f 39 1811 173
f 785 173 86
f 785 39 173
f 830 947 454
f 947 539 454
f 1968 947 830
f 830 1238 1968
f 1968 1238 869
f 1968 869 1811
f 1968 1811 39
f 1968 39 1137
f 39 785 1137
f 129 1968 1137
f 880 947 424
f 424 947 1968
f 424 1968 1972
f 1972 1968 129
f 1869 880 424
f 1869 1461 880
f 194 1461 1869
f 194 1633 1461
f 1463 194 1869
f 1905 1633 194
f 1990 1905 194
f 1990 194 937
f 1701 393 1856
f 1378 393 1701
f 86 393 1378
f 1685 1701 1856
f 183 1701 1685
f 1378 1701 183
f 1454 1685 1856
f 1004 1685 1454
f 183 1685 1004
f 207 183 1004
f 1967 1976 1074
f 1967 1344 1976
f 1344 1856 1976
f 1344 1454 1856
f 440 1004 1454
f 440 1454 525
f 440 207 1004
f 1967 1074 1698
f 1454 1344 1744
f 1744 525 1454
f 751 525 1744
f 1744 1344 428
f 1442 1744 428
f 1442 751 1744
f 1556 1344 1967
f 428 1344 1556
f 428 1556 504
f 504 1442 428
f 1556 1967 1497
f 504 1556 1309
f 72 504 1309
f 70 86 1378
f 785 86 70
f 1137 785 70
f 1548 1378 183
f 70 1378 1548
f 1548 1137 70
f 1548 183 207
f 1590 1548 207
f 440 525 422
f 422 207 440
f 1590 207 422
f 79 525 751
f 422 525 79
f 1832 751 1442
f 1832 79 751
f 1442 504 1306
f 1306 1832 1442
f 1306 504 72
f 1306 72 212
f 212 1632 1306
f 1137 1548 1590
f 79 1590 422
f 1590 79 1832
f 1632 1590 1832
f 1632 1832 1306
f 1911 1632 1862
f 1632 643 1862
f 1137 1911 129
f 1137 1590 1911
f 1911 1590 1632
f 1972 129 1691
f 1971 424 1972
f 1463 1869 247
f 937 194 280
f 1990 937 813
f 333 1990 813
f 399 1990 333
f 399 333 1485
f 937 1848 813
f 1021 399 1485
f 1556 1497 861
f 861 1309 1556
f 1497 1697 861
f 1416 72 1309
f 1416 1309 861
f 1967 1698 1178
f 1967 1178 1497
f 75 220 1697
f 220 1416 861
f 220 861 1697
f 1698 1578 1638
f 1638 1178 1698
f 1497 1178 1517
f 1697 1497 1517
f 1697 1517 1479
f 908 75 1479
f 75 1697 1479
f 1178 1638 1532
f 1178 1532 1517
f 1638 1578 1737
f 1532 1662 1517
f 1662 964 1517
f 1479 1517 964
f 964 743 1479
f 743 908 1479
f 1897 1638 1737
f 1638 1897 1532
f 212 72 1416
f 220 212 1416
f 1233 212 220
f 75 908 1464
f 1464 220 75
f 1464 1233 220
f 908 743 1339
f 1464 908 1339
f 1897 1287 1532
f 1287 1662 1532
f 1662 1364 964
f 743 964 1364
f 1393 743 1364
f 1393 786 743
f 1897 1737 690
f 1662 1287 1157
f 1157 1364 1662
f 697 1393 1364
f 1750 1897 690
f 1750 1025 1897
f 1287 1897 1025
f 419 1364 1157
f 419 697 1364
f 1846 697 419
f 1287 1025 1188
f 1157 1287 1188
f 419 1157 1172
f 1750 1745 1025
f 1188 1103 1157
f 1103 1172 1157
f 1172 1846 419
f 1563 1745 1750
f 1745 1188 1025
f 1103 1802 1172
f 691 1846 1172
f 1802 691 1172
f 1188 1745 1997
f 1103 1188 1997
f 903 691 1802
f 653 691 903
f 1997 1745 1563
f 917 1103 1997
f 1802 1103 917
f 352 1802 917
f 352 903 1802
f 1474 653 903
f 1474 903 352
f 352 341 1474
f 889 352 917
f 889 1414 341
f 341 352 889
f 1414 371 341
f 1949 917 1997
f 1949 1618 917
f 1618 889 917
f 1618 1486 1414
f 1618 1414 889
f 1486 52 371
f 1486 371 1414
f 1233 1632 212
f 1867 1632 1233
f 643 1632 1867
f 1867 1233 548
f 548 1233 1464
f 786 1339 743
f 548 1464 1339
f 786 548 1339
f 1867 548 786
f 888 786 1393
f 888 1393 697
f 888 1867 786
f 1242 1867 211
f 1867 888 211
f 1867 1242 1361
f 1361 643 1867
f 888 697 211
f 211 697 1846
f 1242 211 1846
f 1242 1846 691
f 1361 1242 691
f 1361 691 653
f 643 1361 653
f 643 653 1474
f 1474 1862 643
f 1862 1474 341
f 371 1862 341
f 52 1862 371
f 573 1486 1618
f 573 1629 1486
f 1629 52 1486
f 1563 1949 1997
f 1949 366 573
f 573 1618 1949
f 366 1629 573
f 366 852 1629
f 1805 1570 1563
f 1570 1949 1563
f 1570 366 1949
f 1570 1605 366
f 1605 974 366
f 974 852 366
f 974 71 852
f 1805 1732 1570
f 1605 1658 974
f 1658 71 974
f 1690 1732 1805
f 1719 1605 1570
f 1719 1570 1732
f 1719 1658 1605
f 784 1658 1719
f 404 1658 784
f 1732 111 1719
f 111 999 1719
f 999 784 1719
f 490 404 784
f 490 784 999
f 1732 1690 506
f 506 1447 1732
f 1447 111 1732
f 243 999 111
f 490 999 243
f 1340 490 243
f 669 111 1447
f 669 243 111
f 1896 243 669
f 129 1911 71
f 1911 1862 52
f 1629 1911 52
f 852 1911 1629
f 71 1911 852
f 71 1658 404
f 129 71 404
f 129 404 490
f 1340 129 490
f 243 1691 1340
f 1691 129 1340
f 1691 243 1896
f 486 669 1447
f 1370 669 486
f 1896 669 1370
f 805 1896 1370
f 1886 1447 506
f 486 1447 1886
f 1886 1498 486
f 625 1370 486
f 1498 625 486
f 625 805 1370
f 1186 805 625
f 1927 1886 506
f 1784 625 1498
f 242 1186 625
f 242 625 1784
f 1927 1467 1886
f 1467 1431 1886
f 1431 1498 1886
f 1784 1498 1431
f 448 1784 1431
f 242 1784 448
f 1184 242 448
f 1467 148 1431
f 405 448 1431
f 148 405 1431
f 405 1184 448
f 322 1184 405
f 1664 1467 1927
f 576 405 148
f 576 322 405
f 613 148 1467
f 536 576 148
f 536 148 613
f 507 576 536
f 1970 1467 1664
f 1970 613 1467
f 1671 536 613
f 516 507 536
f 516 536 1671
f 1671 1372 516
f 805 1972 1691
f 1971 1972 322
f 1972 805 1186
f 322 1972 1184
f 1691 1896 805
f 1972 1186 242
f 1184 1972 242
f 1971 322 576
f 1971 576 507
f 507 424 1971
f 1372 424 516
f 424 507 516
f 1774 1970 1664
f 1970 1671 613
f 16 1671 1970
f 395 1671 16
f 1372 1671 395
f 395 584 1372
f 721 16 1970
f 1476 395 16
f 721 1476 16
f 1476 584 395
f 1476 91 584
f 1687 1970 1774
f 721 1970 1687
f 266 1476 721
f 266 91 1476
f 36 91 266
f 1853 1687 1774
f 110 721 1687
f 110 266 721
f 1111 266 110
f 1111 36 266
f 1592 36 1111
f 1715 1687 1853
f 110 1687 1715
f 1715 1500 110
f 1500 1111 110
f 1352 1592 1111
f 1352 1111 1500
f 1024 1500 1715
f 1024 331 832
f 832 1500 1024
f 1352 1500 832
f 331 954 832
f 1171 1715 1853
f 1171 1815 1715
f 1024 1715 1815
f 1815 1076 1024
f 1076 331 1024
f 1076 74 331
f 74 954 331
f 1942 1076 1815
f 1942 105 1076
f 105 74 1076
f 105 731 74
f 91 424 584
f 91 1869 424
f 584 424 1372
f 1869 91 36
f 1869 36 1592
f 1869 1592 1352
f 247 1869 1352
f 832 247 1352
f 954 247 832
f 74 1463 954
f 1463 247 954
f 731 1463 74
f 1770 1815 1171
f 1926 1770 1171
f 1770 1942 1815
f 1942 1872 105
f 1872 564 731
f 1872 731 105
f 43 1942 1770
f 43 1872 1942
f 43 957 1872
f 957 564 1872
f 809 43 1770
f 928 43 809
f 957 43 928
f 928 1198 957
f 1741 1793 1926
f 1793 1770 1926
f 809 1770 1793
f 763 809 1793
f 763 928 809
f 544 1198 763
f 1198 928 763
f 544 429 1198
f 551 763 1793
f 551 544 763
f 551 1120 544
f 434 429 544
f 1120 434 544
f 1741 1760 1793
f 551 1793 1760
f 360 551 1760
f 360 1120 551
f 360 1211 1120
f 1211 434 1120
f 1700 1760 1741
f 1700 1312 1760
f 1418 987 1760
f 987 360 1760
f 1211 360 987
f 560 1211 987
f 1418 1760 1312
f 170 987 1418
f 560 987 170
f 1234 560 170
f 564 194 731
f 194 1463 731
f 280 194 429
f 957 194 564
f 1198 194 957
f 194 1198 429
f 434 280 429
f 280 434 1211
f 560 280 1211
f 560 937 280
f 937 560 1234
f 918 1312 1700
f 624 1418 1312
f 624 170 1418
f 1648 170 624
f 1648 1234 170
f 1729 1441 918
f 1441 1312 918
f 624 1312 1441
f 1441 221 624
f 709 1648 624
f 221 709 624
f 709 432 1648
f 709 779 432
f 406 709 221
f 406 779 709
f 406 1848 779
f 1908 1441 1729
f 1908 246 1441
f 246 221 1441
f 246 406 221
f 123 406 246
f 123 1848 406
f 123 813 1848
f 1908 1729 161
f 1908 515 246
f 515 634 246
f 634 123 246
f 619 813 123
f 619 123 634
f 1187 634 515
f 619 634 1187
f 1187 1485 333
f 333 619 1187
f 1908 161 1994
f 515 1908 1413
f 1413 272 515
f 272 1187 515
f 272 1485 1187
f 272 1021 1485
f 1994 1833 1413
f 1413 1908 1994
f 798 1328 1413
f 1328 272 1413
f 1328 1021 272
f 1328 749 1021
f 1848 937 779
f 749 399 1021
f 779 937 432
f 432 1234 1648
f 937 1234 432
f 619 333 813
f 792 1558 1992
f 1822 792 1998
f 1077 822 1998
f 860 1822 1998
f 12 860 1998
f 1674 822 1077
f 561 1998 822
f 561 670 1998
f 670 12 1998
f 1555 1822 860
f 1471 1822 1555
f 945 1822 1471
f 1322 822 1674
f 443 1322 1674
f 443 1674 1190
f 443 1190 1857
f 561 822 1322
f 334 561 1322
f 1122 334 1322
f 1122 1322 443
f 1122 443 1857
f 1857 1624 1122
f 670 561 334
f 1882 670 334
f 1122 1410 334
f 1410 1882 334
f 1624 1410 1122
f 12 670 1882
f 656 12 1882
f 656 1882 1410
f 1410 78 656
f 78 1410 1624
f 860 12 656
f 645 860 656
f 78 645 656
f 78 1182 645
f 1624 1182 78
f 1555 860 645
f 645 309 1555
f 1182 309 645
f 1935 1182 1624
f 309 1471 1555
f 309 325 1471
f 309 687 325
f 687 309 1182
f 1182 1935 687
f 325 1673 1471
f 1673 945 1471
f 124 945 1673
f 687 1673 325
f 687 568 124
f 687 124 1673
f 687 1935 568
f 1456 1798 1992
f 1456 1756 1798
f 1992 1979 958
f 1979 1992 1798
f 1626 1979 1798
f 1142 1558 792
f 1558 1456 1992
f 792 1460 1142
f 792 1336 1460
f 1829 1336 792
f 792 411 1829
f 1099 411 792
f 792 1226 1099
f 1226 1292 1099
f 1031 1226 792
f 1822 1031 792
f 1822 81 1031
f 1933 81 1822
f 1933 1597 81
f 1933 1252 1597
f 945 1791 1822
f 1933 1822 1791
f 435 1933 1791
f 28 923 1933
f 756 1252 1933
f 923 1661 1933
f 756 1933 1661
f 839 756 1661
f 839 1539 756
f 1661 1469 839
f 1610 1933 435
f 1610 871 1933
f 871 28 1933
f 871 616 28
f 1791 945 124
f 1801 1791 124
f 568 1801 124
f 435 1791 1801
f 859 435 1801
f 859 1801 568
f 1159 859 568
f 1159 568 1935
f 1935 969 1159
f 1610 435 859
f 796 1610 859
f 796 859 1159
f 1159 969 796
f 871 1610 796
f 796 1061 871
f 1061 616 871
f 969 1061 796
f 969 733 1061
f 1935 1834 969
f 1702 733 969
f 1834 1702 969
f 1591 28 616
f 1591 616 1061
f 1061 733 1591
f 1702 1849 733
f 56 923 28
f 56 28 1591
f 1891 923 56
f 733 56 1591
f 733 1849 56
f 1255 1891 56
f 1849 1255 56
f 1891 1661 923
f 1250 1661 1891
f 1255 1250 1891
f 1255 1451 1250
f 1849 1451 1255
f 252 1451 1849
f 1702 252 1849
f 1250 1469 1661
f 1170 1469 1250
f 1514 1170 1250
f 1451 1514 1250
f 1979 509 958
f 1626 1313 1979
f 1798 853 1626
f 1143 853 1798
f 783 1143 1798
f 1756 783 1798
f 1456 381 1756
f 1979 112 509
f 1313 112 1979
f 922 1313 1626
f 922 1626 853
f 1050 783 1756
f 1050 1756 381
f 112 685 509
f 685 1100 509
f 374 1100 685
f 1890 1994 374
f 898 685 112
f 1313 898 112
f 374 685 898
f 1890 374 898
f 922 898 1313
f 1179 898 922
f 1179 1890 898
f 1179 340 1890
f 304 1179 922
f 304 922 853
f 304 593 340
f 340 1179 304
f 304 853 1143
f 265 304 1143
f 593 304 265
f 593 1964 340
f 265 1143 783
f 664 265 783
f 593 265 664
f 1964 593 664
f 1050 664 783
f 848 664 1050
f 1743 664 848
f 1964 664 1743
f 80 848 1050
f 80 1050 381
f 80 1743 848
f 80 1227 1743
f 1227 1637 1743
f 1637 1964 1743
f 1558 1116 1456
f 206 1558 1142
f 1331 206 1142
f 1558 1229 1116
f 1323 346 1142
f 1584 381 1456
f 1584 1456 1116
f 1102 1584 1116
f 1257 1229 1558
f 1257 1558 206
f 610 1331 1142
f 610 1142 346
f 80 381 1584
f 253 80 1584
f 253 1227 80
f 1102 253 1584
f 1116 559 1102
f 559 234 1102
f 234 1227 253
f 234 253 1102
f 1637 1227 234
f 559 1116 1229
f 1229 298 559
f 298 234 559
f 298 1630 234
f 1630 1637 234
f 1257 298 1229
f 1257 567 298
f 1630 298 567
f 1553 1257 206
f 567 1257 1553
f 1553 1158 567
f 1158 1524 1630
f 1158 1630 567
f 1553 206 1331
f 1147 1553 1331
f 1158 1553 1147
f 1147 1331 610
f 885 1147 610
f 1158 1147 885
f 1524 1158 885
f 885 1762 1524
f 346 885 610
f 1130 885 346
f 1762 885 1130
f 1460 1323 1142
f 1336 324 1460
f 1993 1336 1829
f 748 1323 1460
f 1460 505 748
f 3 324 1336
f 1993 1093 1336
f 647 1993 1829
f 1460 1121 505
f 1121 1460 324
f 324 3 1121
f 1336 51 3
f 1093 51 1336
f 748 377 1323
f 377 1130 346
f 377 346 1323
f 377 1762 1130
f 377 1880 1762
f 461 377 748
f 505 461 748
f 461 1880 377
f 854 461 505
f 1121 854 505
f 854 1880 461
f 62 1880 854
f 1915 1880 62
f 213 854 1121
f 3 213 1121
f 213 62 854
f 213 1915 62
f 1316 213 3
f 51 1316 3
f 1915 213 1316
f 1316 650 1915
f 1472 1316 51
f 1093 1472 51
f 650 1316 1472
f 1523 1472 1093
f 1523 1093 1993
f 1080 650 1472
f 1080 1472 1523
f 1080 1929 650
f 1929 1915 650
f 1523 1993 647
f 142 1523 647
f 1080 1523 142
f 142 489 1080
f 489 1929 1080
f 1099 1299 411
f 1099 1845 1299
f 1647 1845 1099
f 418 647 1829
f 411 418 1829
f 1369 418 411
f 1299 1369 411
f 1292 328 417
f 1292 417 1099
f 1299 162 222
f 222 1369 1299
f 1845 162 1299
f 836 1647 1099
f 836 1099 417
f 1292 1449 328
f 142 647 418
f 338 142 418
f 489 142 338
f 489 109 1929
f 338 418 1369
f 1153 338 1369
f 489 338 1153
f 109 489 1153
f 109 1812 1929
f 1153 1369 222
f 162 728 222
f 109 1153 222
f 728 109 222
f 728 1812 109
f 1470 162 1845
f 728 162 1470
f 1470 1772 728
f 1772 1812 728
f 1470 1845 1647
f 1429 1470 1647
f 1772 1470 1429
f 1704 1812 1772
f 1429 1647 836
f 1044 1429 836
f 1772 1429 1044
f 1704 1772 1044
f 417 1044 836
f 219 1044 417
f 328 219 417
f 219 1704 1044
f 219 1213 1704
f 1415 219 328
f 1449 1415 328
f 1213 219 1415
f 1597 1206 81
f 1226 940 1449
f 1226 1449 1292
f 1435 940 1226
f 1031 1435 1226
f 660 1435 1031
f 81 524 934
f 934 660 1031
f 81 934 1031
f 740 524 81
f 1206 740 81
f 1252 1324 1597
f 134 740 1206
f 1066 134 1206
f 1066 1206 1597
f 1066 1597 1324
f 1714 1415 1449
f 940 1714 1449
f 1714 1213 1415
f 63 1213 1714
f 63 1594 1213
f 1775 1714 940
f 1775 940 1435
f 63 1714 1775
f 1775 1435 660
f 180 1775 660
f 63 1775 180
f 1151 63 180
f 1594 63 1151
f 524 761 934
f 180 660 934
f 761 180 934
f 1151 180 761
f 992 1151 761
f 992 1594 1151
f 761 524 740
f 410 761 740
f 992 761 410
f 282 992 410
f 282 1594 992
f 1871 1594 282
f 410 740 134
f 1015 410 134
f 282 410 1015
f 1015 1871 282
f 1066 1015 134
f 1337 1015 1066
f 600 1871 1337
f 1871 1015 1337
f 1007 1985 1871
f 45 1337 1066
f 45 1066 1324
f 600 1337 45
f 1779 1252 756
f 10 1779 756
f 1069 1539 839
f 1069 996 1539
f 264 10 756
f 1539 894 756
f 894 904 756
f 996 894 1539
f 1779 648 1252
f 1054 264 756
f 1054 756 904
f 1616 904 894
f 996 1616 894
f 235 1324 1252
f 1252 668 235
f 668 1252 648
f 638 648 1779
f 10 638 1779
f 1094 638 10
f 264 1094 10
f 850 264 1054
f 904 1923 1054
f 1923 1502 1503
f 1502 943 1858
f 1502 1858 1503
f 943 1720 1858
f 1923 904 1616
f 1502 1923 1616
f 1910 943 1502
f 1959 1720 1922
f 1720 943 1922
f 1959 1678 1720
f 45 1324 235
f 668 11 235
f 600 45 235
f 11 600 235
f 11 1871 600
f 1007 1871 11
f 648 292 668
f 11 668 292
f 292 1290 11
f 1290 1007 11
f 638 292 648
f 1290 292 638
f 1290 622 1007
f 1606 1985 1007
f 1290 638 1094
f 1094 152 1290
f 152 622 1290
f 622 1606 1007
f 152 1094 264
f 850 152 264
f 152 1503 622
f 1858 1606 622
f 850 1054 1923
f 1923 1503 850
f 1503 152 850
f 1858 622 1503
f 1858 1720 1606
f 1720 1678 1606
f 1469 115 839
f 531 839 115
f 839 501 1069
f 501 839 531
f 1220 996 1069
f 501 1220 1069
f 1170 115 1469
f 1170 874 115
f 1514 874 1170
f 1514 252 874
f 252 565 874
f 1451 252 1514
f 874 1379 115
f 1379 531 115
f 565 1379 874
f 1702 526 252
f 1354 1702 1834
f 531 1726 501
f 531 1379 565
f 1726 531 565
f 252 1487 565
f 1487 1726 565
f 252 526 1487
f 1702 1354 526
f 1726 1220 501
f 1487 1281 1726
f 1487 526 1910
f 526 1922 1910
f 1354 1922 526
f 1354 456 1922
f 1220 1281 1616
f 1220 1616 996
f 1281 1220 1726
f 1502 1616 1281
f 1281 1910 1502
f 1281 1487 1910
f 1922 943 1910
f 1959 1922 456
f 1981 1990 1571
f 1571 1990 1771
f 1981 1405 1990
f 1303 1405 1981
f 1748 1303 1981
f 1668 1748 1981
f 1053 1668 1981
f 1396 1668 1053
f 1382 1748 1668
f 912 1733 659
f 1733 1654 1830
f 1733 912 1654
f 355 1654 912
f 1830 1881 1624
f 1830 1624 1857
f 1654 1881 1830
f 1217 605 355
f 951 605 1217
f 1654 605 1881
f 1654 355 605
f 1551 605 951
f 93 1551 951
f 605 1551 1881
f 1549 1551 93
f 1457 1549 93
f 1551 1549 1881
f 1457 773 1549
f 303 773 1457
f 1881 1935 1624
f 1549 773 1881
f 119 519 773
f 119 773 303
f 119 122 519
f 773 1950 1881
f 122 563 519
f 1881 1950 1935
f 519 1950 773
f 519 563 1950
f 185 1709 1303
f 912 659 185
f 380 912 185
f 185 1303 380
f 355 912 380
f 890 355 380
f 380 1303 890
f 890 1303 1748
f 890 951 1217
f 1217 355 890
f 1245 951 890
f 890 1748 1245
f 1245 93 951
f 971 93 1245
f 1245 1748 971
f 971 1748 1382
f 971 1457 93
f 1870 1457 971
f 971 1382 1870
f 1870 303 1457
f 1870 1382 303
f 1148 1382 1668
f 1382 119 303
f 1382 1148 119
f 1148 122 119
f 444 1148 1668
f 444 563 122
f 1148 444 122
f 1990 399 1237
f 1795 1990 1237
f 1771 1990 1954
f 191 1990 1795
f 1954 1990 191
f 1771 1954 972
f 136 1571 1326
f 1981 1571 136
f 1955 1668 1396
f 1668 1955 1937
f 1937 1955 493
f 694 1937 493
f 493 1955 513
f 1937 430 1668
f 1402 1937 694
f 1402 694 1253
f 1823 1253 694
f 563 1067 286
f 1950 563 286
f 862 23 286
f 1067 862 286
f 1950 1854 1935
f 23 1854 1950
f 286 23 1950
f 193 23 862
f 862 1725 193
f 23 193 1854
f 1725 1547 193
f 1725 296 1547
f 1834 1935 1854
f 193 1547 1854
f 296 1380 1547
f 296 469 1380
f 1423 1834 1854
f 1547 1380 1854
f 1380 788 1854
f 469 1308 1380
f 1308 961 788
f 1308 788 1380
f 1308 481 961
f 1854 358 1423
f 788 358 1854
f 481 1518 961
f 788 961 358
f 961 1518 358
f 1518 1032 1284
f 919 1423 358
f 358 1518 1284
f 444 1668 430
f 444 1067 563
f 444 430 1067
f 703 862 1067
f 430 703 1067
f 703 430 1937
f 703 1725 862
f 1725 703 1937
f 296 1725 1937
f 296 1937 1402
f 469 296 1402
f 1402 1308 469
f 1402 481 1308
f 481 1402 1253
f 1253 1518 481
f 1032 1253 1823
f 1253 1032 1518
f 798 1413 1833
f 550 1328 798
f 550 749 1328
f 550 1522 749
f 1833 1994 1890
f 60 798 1833
f 60 550 798
f 60 77 991
f 991 550 60
f 991 1522 550
f 77 820 1522
f 77 1522 991
f 1833 1890 340
f 340 1236 1833
f 1236 702 1833
f 702 60 1833
f 702 77 60
f 702 20 77
f 20 450 820
f 20 820 77
f 1964 1236 340
f 1236 249 702
f 249 20 702
f 249 1342 20
f 1342 450 20
f 436 249 1236
f 436 409 146
f 436 146 249
f 1342 249 146
f 409 1677 146
f 1964 767 1236
f 436 1236 767
f 767 263 436
f 263 409 436
f 263 499 409
f 499 1677 409
f 1931 767 1964
f 589 263 767
f 589 575 263
f 499 263 575
f 575 778 499
f 1931 1964 1637
f 589 767 1931
f 356 575 589
f 356 778 575
f 356 1101 778
f 399 1480 1237
f 1522 399 749
f 820 399 1522
f 450 399 820
f 1342 1480 450
f 1480 399 450
f 146 1480 1342
f 1677 1480 146
f 1677 1237 1480
f 499 1237 1677
f 778 1795 499
f 1795 1237 499
f 1101 1795 778
f 533 589 1931
f 533 356 589
f 164 356 533
f 164 1101 356
f 164 281 1101
f 1637 1376 1931
f 1376 533 1931
f 1376 386 533
f 386 810 533
f 810 164 533
f 726 979 810
f 979 281 164
f 979 164 810
f 1630 1376 1637
f 386 726 810
f 1657 726 386
f 1657 502 726
f 502 979 726
f 574 228 1657
f 1657 386 1376
f 574 1657 1376
f 228 802 1657
f 802 502 1657
f 1524 574 1630
f 574 1376 1630
f 482 228 574
f 482 1268 228
f 1268 802 228
f 1524 1713 574
f 1713 482 574
f 1713 1508 482
f 566 1268 482
f 1508 566 482
f 1579 1268 566
f 1713 389 1508
f 886 566 1508
f 389 886 1508
f 886 1579 566
f 886 87 863
f 863 1579 886
f 787 1713 1524
f 787 389 1713
f 787 1274 389
f 530 886 389
f 1274 530 389
f 530 87 886
f 972 87 530
f 972 1954 87
f 191 1795 281
f 87 1954 863
f 863 1954 1579
f 281 1795 1101
f 979 191 281
f 191 979 502
f 802 191 502
f 802 1954 191
f 1954 802 1268
f 1579 1954 1268
f 1880 787 1762
f 787 1524 1762
f 426 1274 787
f 19 530 1274
f 19 972 530
f 950 972 19
f 1915 787 1880
f 1915 1831 787
f 1831 426 787
f 555 19 1274
f 555 1274 426
f 318 950 19
f 318 19 555
f 1831 466 426
f 555 426 466
f 470 555 466
f 318 555 470
f 1831 1223 466
f 1200 470 466
f 1223 1200 466
f 1200 1738 470
f 1200 113 1738
f 1915 1808 1831
f 1808 1223 1831
f 1808 930 1223
f 1262 1200 1223
f 930 1262 1223
f 1262 113 1200
f 248 1262 930
f 368 1262 248
f 1808 1915 1929
f 1453 930 1808
f 1453 248 930
f 1014 248 1453
f 1014 368 248
f 1318 368 1014
f 1617 1808 1929
f 1453 1808 1617
f 1617 714 1453
f 1105 1014 1453
f 714 1105 1453
f 1105 1318 1014
f 1326 1318 1105
f 1571 1318 1326
f 1771 972 950
f 1571 1771 1738
f 1771 950 318
f 1738 1771 470
f 1771 318 470
f 113 1571 1738
f 1262 1571 113
f 1571 1262 368
f 1318 1571 368
f 1663 1105 714
f 1663 1326 1105
f 136 1326 1663
f 1812 1617 1929
f 1812 916 1617
f 916 166 1617
f 166 714 1617
f 166 1663 714
f 166 1645 857
f 857 1663 166
f 857 136 1663
f 1645 1625 857
f 1722 166 916
f 1722 1645 166
f 1722 606 1645
f 606 451 1625
f 606 1625 1645
f 1812 1577 916
f 882 1722 916
f 1577 882 916
f 882 606 1722
f 882 1826 606
f 1826 581 451
f 1826 451 606
f 171 882 1577
f 171 1826 882
f 948 1826 171
f 948 581 1826
f 948 30 581
f 1577 1812 1704
f 34 1577 1704
f 34 171 1577
f 675 171 34
f 675 948 171
f 392 948 675
f 392 30 948
f 1275 30 392
f 1213 34 1704
f 1213 1723 34
f 1723 202 675
f 1723 675 34
f 202 392 675
f 1835 1275 392
f 1835 392 202
f 1594 1723 1213
f 1419 202 1723
f 941 202 1419
f 1835 202 941
f 1794 1835 941
f 1981 136 1625
f 451 1981 1625
f 1625 136 857
f 581 1981 451
f 30 1981 581
f 1981 30 1275
f 1275 1053 1981
f 1053 1275 1835
f 1794 1053 1835
f 1394 1723 1594
f 1394 1419 1723
f 1394 1613 1419
f 1333 941 1419
f 1613 1333 1419
f 1333 1794 941
f 1394 1347 1613
f 1273 1333 1613
f 1347 1273 1613
f 1022 1333 1273
f 808 1394 1594
f 1347 1394 808
f 1653 1273 1347
f 472 1273 1653
f 1519 1347 808
f 1519 1653 1347
f 1244 1653 1519
f 1244 472 1653
f 808 1594 1871
f 1271 285 808
f 285 1519 808
f 285 1244 1519
f 1484 1244 285
f 1484 1134 1244
f 1484 712 1134
f 1267 808 1871
f 1985 1267 1871
f 1271 808 1267
f 932 1484 285
f 932 285 1271
f 200 712 1484
f 200 1484 932
f 257 1271 1267
f 932 1271 257
f 1478 932 257
f 200 932 1478
f 1132 200 1478
f 1985 1810 1267
f 1810 682 1267
f 682 1868 257
f 682 257 1267
f 1868 1478 257
f 855 1132 1478
f 855 1478 1868
f 1396 1053 1022
f 1022 1053 1794
f 1022 1794 1333
f 1022 1273 472
f 1396 1022 472
f 1134 1396 1244
f 1396 472 1244
f 712 1955 1396
f 712 1396 1134
f 200 1955 712
f 1132 1955 200
f 1132 513 1955
f 513 1132 855
f 1735 1821 1678
f 1643 1821 1735
f 1735 558 1643
f 558 1136 1643
f 1330 1995 1136
f 1330 1260 1995
f 920 1260 1330
f 1735 1678 1959
f 1136 558 632
f 1145 1330 1136
f 1145 1136 632
f 1145 920 1330
f 1145 632 1526
f 1145 57 920
f 1526 57 1145
f 1753 1868 682
f 701 1868 1753
f 855 1868 701
f 1048 855 701
f 1810 1501 682
f 1501 1753 682
f 1501 837 1753
f 837 701 1753
f 837 1048 701
f 665 1048 837
f 1810 579 1501
f 511 837 1501
f 693 665 837
f 693 837 511
f 579 21 1501
f 511 1501 21
f 693 511 21
f 306 693 21
f 1678 1985 1606
f 1678 1821 1985
f 1810 1985 1821
f 1821 1643 1810
f 1643 579 1810
f 1304 21 579
f 153 21 1304
f 306 21 153
f 1422 306 153
f 1304 579 1643
f 1304 1643 1136
f 1304 1136 1995
f 1995 362 1304
f 362 153 1304
f 1260 362 1995
f 362 1422 153
f 1260 1422 362
f 1205 1161 694
f 1161 1823 694
f 1919 694 493
f 562 1161 1205
f 1018 1205 707
f 1205 694 707
f 1205 1018 577
f 577 562 1205
f 493 1045 1919
f 707 694 1919
f 707 1919 224
f 707 224 57
f 57 1018 707
f 1018 57 1526
f 577 1018 1526
f 1048 513 855
f 1048 493 513
f 493 1048 665
f 1045 493 693
f 493 665 693
f 1045 693 306
f 1422 1045 306
f 1919 1045 1422
f 1422 224 1919
f 224 1422 1260
f 920 224 1260
f 57 224 920
f 1032 1079 1284
f 1427 919 358
f 1284 1427 358
f 1423 1452 1834
f 1427 1686 919
f 1079 165 1284
f 165 1686 1427
f 165 1427 1284
f 1834 456 1354
f 1452 456 1834
f 919 1452 1423
f 919 799 1452
f 1446 799 919
f 1686 1446 919
f 103 1446 1686
f 1550 1717 103
f 1550 103 1686
f 1550 1686 165
f 1717 172 103
f 1717 1572 172
f 456 1452 1873
f 1452 799 1873
f 103 172 1446
f 1873 1735 1959
f 1873 1959 456
f 558 1735 1873
f 1873 799 558
f 799 632 558
f 632 799 1446
f 632 1446 172
f 172 1526 632
f 172 1572 1526
f 1572 577 1526
f 1079 1032 1823
f 1543 1823 1161
f 1543 165 1079
f 1079 1823 1543
f 1490 1161 562
f 1490 1543 1161
f 1490 1717 1550
f 1550 165 1543
f 1543 1490 1550
f 238 577 1572
f 1490 562 1717
f 238 1572 1717
f 562 238 1717
f 562 577 238

