# https://github.com/mikedh/trimesh
v 0.19433287 0.54500782 0.45342207
v -0.32074952 -0.47503784 0.36605012
v 0.58883107 -0.55240154 -0.03457637
v -0.19791321 -0.03073954 0.23116302
v -0.47402030 0.49961352 -0.30556613
v -0.22592144 0.51696324 -0.50842369
v -0.52643615 0.50266111 -0.20114359
v 0.41602501 0.55697924 -0.30322757
v -0.39490470 -0.45811531 0.29593676
v -0.42577180 0.36205241 -0.11381659
v 0.25211182 -0.56039542 -0.51786542
v 0.06001457 -0.47809029 0.48315537
v 0.59470898 -0.54173446 0.01210773
v -0.07708547 0.07374191 -0.32911804
v -0.19299549 -0.53767914 0.55987531
v 0.39586020 0.55127007 -0.29429787
v 0.33932167 0.07063784 0.01403433
v -0.24809000 0.55780083 -0.45657271
v -0.18040162 -0.00550468 0.20751446
v 0.20141438 0.06896361 0.27505031
v 0.46502882 0.55599719 0.23868392
v -0.21388251 0.03013317 0.13388905
v -0.42806858 0.54235756 0.24393420
v -0.40188643 -0.47833726 0.25367236
v 0.10743409 0.08454134 0.31861028
v -0.09727735 -0.47789142 -0.46402514
v -0.28779152 -0.55969495 0.50828964
v -0.53184223 0.54878139 -0.01571226
v 0.26577961 0.55504930 0.45377329
v -0.11513671 -0.18301703 0.41020122
v 0.41630092 0.51839048 0.36910015
v 0.57053083 -0.45303982 -0.15431954
v -0.39631021 -0.56039631 -0.41984805
v 0.22586296 0.51618713 -0.50913179
v -0.18904264 -0.55876505 0.55514014
v -0.31673318 -0.53525478 -0.50209707
v 0.03668778 0.54732502 -0.53033561
v 0.37752250 0.23719759 0.01747995
v -0.24645461 0.09442455 -0.23600534
v -0.23994578 0.47672409 -0.35037708
v 0.40386492 -0.44126683 -0.27248678
v 0.04846397 0.03035786 -0.24205042
v -0.26529336 -0.19985802 -0.45762843
v -0.35656136 0.51472563 0.42965698
v 0.21138750 0.08887991 -0.26333436
v 0.05950696 -0.56030726 0.57879496
v 0.20320356 -0.47648418 -0.42962173
v 0.57037860 -0.44885102 0.15427673
v -0.00593788 -0.46590754 -0.49944219
v -0.44265401 0.50196773 0.34528184
v 0.49771684 0.55427319 0.16588075
v -0.01089950 -0.47168469 0.49590686
v 0.13680755 0.07981375 -0.30584863
v -0.07265541 -0.56035745 -0.57748812
v 0.47486976 -0.56037515 -0.32955974
v -0.30036739 -0.02689485 0.29829216
v -0.39302117 -0.47587454 -0.27284923
v 0.45851070 -0.56039220 -0.34595209
v 0.33385327 0.50979704 0.45188203
v 0.45425764 -0.42533094 -0.20471728
v 0.44321850 0.49056113 -0.33439383
v 0.52114028 -0.53583151 -0.28660092
v -0.41412702 -0.54883122 -0.42690438
v 0.22266769 0.50986636 0.51541263
v 0.18391220 -0.41718510 -0.46042812
v 0.40483233 -0.18209092 0.10946658
v 0.17174278 -0.12709469 0.34484348
v 0.30242240 0.49936855 0.47568825
v -0.59127706 -0.53816700 -0.03745517
v -0.32285082 -0.54945248 0.49683663
v -0.10712208 -0.56033880 -0.57232785
v 0.55133814 0.50523132 -0.12788019
v -0.58814669 -0.55026317 -0.05952881
v 0.31310725 -0.10840324 -0.19668919
v 0.38314906 0.50967133 0.41282257
v 0.31134263 -0.47833723 -0.35869932
v 0.46164677 -0.55375183 0.36164129
v -0.33359554 0.01755557 -0.19028541
v 0.45841423 0.49048135 -0.31457192
v 0.30987480 -0.55963731 -0.49247837
v 0.24843735 0.19599716 -0.11366186
v 0.08335640 -0.55458516 -0.58535635
v -0.42738143 0.55012256 -0.31037536
v -0.22861594 -0.47770742 -0.42987862
v 0.45973319 0.55584610 0.21624988
v -0.34158760 -0.54564285 0.48351890
v 0.49388498 -0.44763830 -0.07594904
v 0.34779024 0.49651584 -0.43945837
v 0.51717871 0.54807246 -0.13042499
v -0.49497661 0.48897529 -0.25321010
v -0.08799231 -0.47835800 0.10649684
v 0.46549806 0.50685644 0.31645152
v 0.51715523 0.50375950 -0.22397649
v 0.15646312 -0.55384696 -0.57410574
v 0.41851404 0.55612761 -0.28757617
v -0.57593292 -0.56037742 -0.05969631
v -0.33091864 0.54574609 -0.34006566
v 0.24963701 -0.46514949 0.41524839
v 0.36812329 -0.56039661 -0.44400600
v -0.17815116 0.51761419 0.52744365
v 0.54874033 -0.56034499 0.19175066
v 0.44616818 0.55251306 -0.22682706
v 0.42188245 -0.46822825 -0.23321688
v -0.51459640 -0.56026673 0.27473781
v -0.46684060 -0.45208997 0.17892118
v -0.13029772 0.55594617 -0.50921655
v -0.40645173 0.48752248 0.37847134
v 0.46362853 0.55643702 -0.21382196
v 0.42912248 -0.54863828 0.41164863
v 0.34776008 -0.46749505 0.35695946
v 0.27609807 0.09034920 0.19309069
v -0.21025588 0.22810882 -0.31161144
v -0.18052477 0.55713981 -0.48444283
v 0.36385781 -0.53771430 -0.46572420
v -0.17697415 0.50434464 0.53433061
v 0.20708036 0.31283364 0.23677404
v 0.26191908 0.55697829 -0.42845443
v -0.33000505 -0.45925748 -0.37579063
v -0.46962720 0.51091325 0.30904692
v -0.15567511 -0.48131791 -0.57163805
v 0.54136860 -0.28326869 -0.14408936
v -0.24305221 0.35604841 0.23278469
v -0.30116916 -0.56040323 0.49082285
v 0.55208004 -0.56039143 -0.16922650
v -0.54310483 -0.29084808 -0.14612074
v -0.29676864 -0.47834411 -0.37996495
v -0.15508674 -0.41710442 -0.56710970
v -0.26515409 -0.44387528 -0.42500934
v -0.37718344 -0.04311543 -0.21880876
v -0.08327503 0.56019366 0.51127678
v -0.18688014 0.03364486 -0.16925436
v -0.11080413 0.31399724 0.41041982
v -0.40414912 0.55802059 -0.30872321
v 0.15073721 0.38506228 -0.30814418
v 0.23638530 0.55681616 0.46190813
v 0.28703550 0.37268588 -0.34039897
v -0.30503207 0.07821482 0.13726516
v -0.45382228 0.51520157 0.32445213
v 0.23856308 0.09759291 0.24359897
v 0.04186460 0.49547923 -0.55805504
v -0.40124059 -0.54718125 0.43759990
v 0.02083108 0.32517838 -0.42958498
v 0.36669496 0.50741857 0.42687815
v 0.39312801 0.55793422 0.30930078
v -0.38219050 -0.54710400 0.45247436
v -0.32168299 0.45000803 0.24047984
v 0.45250592 -0.55403590 0.37465045
v -0.20304137 0.49783623 -0.52296942
v -0.49433446 0.49063709 0.25599867
v 0.42957950 0.54742324 -0.25041083
v -0.29968649 0.40688601 -0.21684423
v -0.41715333 -0.47755259 0.24003725
v 0.08378270 -0.47786751 0.48041007
v 0.55666709 -0.56037742 0.16341168
v 0.45195642 0.50929743 0.33383238
v -0.41669294 -0.44467717 -0.41836119
v 0.27220958 -0.46427324 0.40256023
v -0.23127577 -0.08495727 -0.40454003
v 0.56404567 0.50123006 -0.02550610
v -0.27422902 -0.46428323 -0.41639459
v 0.41491485 -0.54827082 0.42647499
v 0.49771944 -0.40034515 -0.00196271
v -0.18961531 -0.47834992 -0.43323931
v -0.57633448 -0.55239117 -0.14411935
v 0.36062098 -0.46539274 -0.34447578
v -0.27532372 -0.04201808 -0.10682090
v 0.38335177 -0.56039786 -0.43084061
v -0.55943495 -0.56007189 -0.16723320
v 0.49910608 0.55632079 -0.10746489
v 0.16794616 -0.47836414 0.44506711
v -0.11397077 0.50280792 -0.43671378
v -0.16370061 0.18365781 0.19946475
v 0.42866272 0.55824786 0.27332327
v 0.20189735 -0.56040227 -0.53974223
v -0.55255705 0.49505737 0.08650614
v -0.32745978 -0.07965173 -0.32692108
v -0.19534153 -0.56039214 -0.54014355
v 0.38110670 -0.47535485 0.29697981
v 0.19858834 0.55665743 0.47994840
v -0.30874071 0.49135607 -0.29552278
v -0.26928240 0.35141203 -0.16106498
v 0.50369728 -0.54286748 0.31499135
v 0.48284644 -0.54880577 -0.34199119
v 0.19874938 -0.45961562 -0.44550711
v -0.40489811 -0.56030685 0.41657743
v -0.13715649 0.02445097 0.21728663
v -0.01145007 -0.54206741 0.59490895
v -0.31902671 -0.24642326 0.31178117
v 0.52277803 0.48941278 0.18848227
v 0.40504175 0.48298573 0.37563050
v 0.22088143 0.49925983 -0.51554841
v 0.10657110 -0.54981428 -0.58237684
v -0.22112709 0.38037446 -0.41660836
v -0.09840016 -0.42298037 -0.48381042
v -0.58391398 -0.55955499 -0.03586639
v 0.47427830 0.54897493 -0.23800130
v -0.37892288 -0.47832513 0.28973153
v -0.56525582 0.49953696 0.01539963
v 0.14413883 -0.47772911 -0.46623138
v 0.33953273 -0.56039530 -0.46549964
v -0.50282550 0.51118410 0.25120863
v 0.08739354 0.15045431 -0.35301042
v -0.21229352 0.44264418 0.33579022
v -0.14326203 -0.45855907 -0.46452063
v -0.07117298 -0.47813529 0.48276222
v 0.44672674 -0.37002876 0.18570147
v -0.00416656 0.55825156 -0.50997144
v 0.36312115 -0.46392605 0.34233835
v -0.36118981 -0.54083383 0.46806017
v -0.13256288 -0.56035948 0.56730944
v 0.26306361 -0.19059525 -0.33699822
v 0.47716948 -0.55973268 0.33438730
v -0.34482256 0.55832970 0.36310226
v -0.15679878 0.51345026 0.53956485
v 0.00029007 -0.43319875 -0.50646371
v 0.00228857 0.01932159 -0.26147130
v 0.39269495 -0.54607791 0.44425741
v -0.27010691 -0.19132638 -0.32503003
v 0.39641809 0.51152688 0.40188819
v -0.40815583 -0.46270636 0.27251819
v 0.17928828 -0.47716606 -0.44297785
v 0.41841680 -0.56042606 -0.39851910
v 0.03039308 0.51314789 -0.55950177
v 0.04457052 -0.45297569 -0.49910080
v -0.25377139 -0.46824732 -0.42920980
v -0.19602901 0.51588577 -0.52175272
v 0.08074462 0.51356220 -0.55279732
v -0.16288485 0.09877964 -0.29944557
v -0.28558731 0.49700722 0.48667282
v -0.46860409 -0.54310054 -0.36057550
v 0.00585725 0.06287028 0.25164789
v 0.39381179 -0.55992573 0.42946750
v -0.22704354 -0.56039333 0.52735782
v 0.10119594 0.01217450 -0.37717301
v 0.46322340 -0.53880441 -0.36722815
v -0.59165734 -0.54920942 0.03548356
v -0.54325247 0.50835866 -0.15548158
v 0.24118051 0.50147575 0.50758898
v -0.11807163 -0.55282891 0.58053154
v -0.00968204 0.51200843 0.56334192
v -0.40444574 0.55795091 0.30898258
v 0.18836293 -0.47798669 0.43630764
v 0.47017938 -0.55256319 -0.35360777
v 0.15509862 -0.53087699 0.57465017
v 0.32115802 0.37236449 -0.31159720
v -0.20458414 -0.56039631 0.53824162
v 0.47828266 -0.54306316 0.34800693
v 0.22579119 -0.47777051 0.41514239
v -0.00105772 0.55664116 0.51215327
v 0.54981852 -0.55452138 0.21137486
v -0.22497103 -0.53948373 0.54668212
v -0.11684074 -0.53674638 -0.58084244
v 0.32792261 -0.54517770 -0.49396437
v 0.22216049 0.03232708 -0.11679348
v -0.17471869 -0.42311502 -0.46782941
v 0.43100625 -0.56039774 -0.38371196
v -0.38230592 -0.55051762 -0.45105514
v 0.09069480 0.37572616 0.32164448
v 0.36597195 -0.47434705 -0.32336372
v 0.36610407 -0.47827157 0.31144202
v 0.31593123 0.55132657 -0.36370137
v 0.26382381 0.51780647 -0.49189794
v -0.04722660 -0.56028390 -0.58123058
v -0.21095723 -0.55068088 0.55155337
v -0.39679313 -0.47835064 -0.25080198
v -0.46952462 -0.54127485 0.35929406
v 0.18609323 0.55240840 -0.46375635
v -0.46795252 -0.46277171 0.15641797
v 0.01475576 -0.47322375 -0.49271110
v 0.26271260 -0.47835886 0.38649094
v -0.01802237 0.55127096 -0.52908891
v -0.30401772 0.38739705 -0.15740298
v -0.32069591 0.55798727 -0.39265624
v -0.48507157 -0.47725359 -0.07219142
v 0.04721407 0.55906421 0.51142371
v 0.48799610 -0.56038290 0.31325209
v -0.30800220 -0.54640841 0.50906289
v -0.58089882 -0.55981576 0.05355734
v 0.34371847 0.51582760 -0.43828893
v -0.14013581 0.50498903 0.54819405
v 0.41688034 -0.45764074 -0.41944456
v -0.41978034 0.50887567 -0.37473810
v -0.30494410 0.05793926 0.17566261
v 0.34167174 -0.12270731 0.15138870
v -0.26787081 -0.08109941 0.22647560
v -0.47761780 -0.56039220 -0.32258242
v 0.48960188 0.50165302 0.28379476
v 0.23721424 0.55755782 -0.45185190
v 0.51321977 0.51727724 0.21340686
v -0.31754005 0.50879771 0.46537980
v 0.49933639 0.50967157 -0.26249763
v 0.00029339 -0.55939841 -0.58818966
v 0.14779533 -0.45515054 0.47893330
v 0.58365983 -0.56008691 0.04756203
v -0.46472102 -0.56038809 0.34492904
v -0.53005618 0.49040982 0.17203628
v 0.28510728 0.49643156 0.48616949
v -0.15306695 -0.55834073 -0.56950074
v -0.30484274 0.50058174 0.47646248
v -0.38270903 -0.46358201 0.31184873
v 0.46619323 -0.43288210 -0.18045178
v 0.47085139 -0.45967931 0.16368085
v -0.47778735 -0.56028706 0.32933593
v -0.30689311 0.07602943 -0.13497519
v 0.44472161 -0.56026918 -0.36954018
v 0.04762293 -0.56038487 -0.57628918
v 0.43201521 -0.44790640 0.23316187
v 0.00038588 -0.02612750 -0.42284441
v -0.51717013 -0.54412615 -0.29573455
v 0.28774720 0.28612617 0.27069053
v -0.28698093 0.06677699 -0.18810685
v 0.06630045 0.54926711 0.48755896
v -0.44157243 0.54708022 0.22728796
v 0.30332801 0.07861658 -0.14192192
v -0.36244246 -0.13159965 0.13619414
v -0.55156338 -0.32634330 0.15073058
v 0.51896572 0.55586123 -0.06482595
v -0.46230564 0.55065256 0.26170844
v -0.11930085 0.50520927 -0.55263519
v 0.00894388 0.49593660 -0.56278569
v -0.45223740 0.48818183 -0.31933928
v 0.45434833 0.55676281 -0.25079018
v 0.01419010 0.55308354 -0.52769423
v 0.39376125 -0.45807078 -0.29155520
v -0.20288406 -0.53750145 -0.55575836
v 0.57684928 -0.56024277 -0.08512720
v 0.49807012 0.55625445 -0.13045442
v 0.50259745 0.48994964 -0.23613998
v -0.19187365 0.55721581 0.47911063
v 0.03516901 0.50844955 0.56350267
v 0.13099888 -0.47810861 0.46971667
v -0.59046847 -0.44482663 0.00060598
v -0.01716355 -0.47769243 -0.48585245
v 0.55130535 0.51104707 -0.10716844
v 0.34339395 -0.54746270 -0.48211497
v -0.36787227 0.55003983 0.30961022
v 0.20288183 0.50669855 -0.52599722
v 0.42574677 0.49862382 0.36620766
v -0.06543992 -0.43381456 -0.49264595
v 0.38212875 -0.46274278 -0.31151450
v -0.20962824 -0.43553358 -0.45250443
v -0.22576945 -0.55445004 0.54036099
v -0.14256795 0.56022459 0.49362114
v -0.28490040 -0.46477619 0.39365512
v 0.20263413 0.48755696 0.38594311
v -0.33919582 0.55569643 0.39578223
v 0.37990358 0.55145049 -0.30807203
v 0.02649525 -0.56038982 0.58025891
v 0.49570397 -0.46576688 -0.02417126
v -0.19295023 0.01748985 -0.33436301
v 0.51329130 -0.56033492 0.27497172
v 0.49002427 0.50308168 -0.28483108
v 0.27276459 -0.55813253 -0.51894730
v -0.38179797 0.54528856 -0.28463149
v 0.29628962 -0.47813419 -0.37334937
v -0.51367933 -0.49375123 0.29660207
v -0.09686996 -0.56016052 0.57729405
v -0.27399433 0.37056598 0.34824660
v 0.32633293 0.55804539 0.38049597
v 0.37333781 -0.56039327 0.43895689
v 0.44180608 -0.07137160 0.11630183
v -0.35645604 -0.54850632 -0.47070903
v -0.45292234 -0.54794705 -0.38141364
v 0.54160589 -0.55183673 -0.23720108
v -0.22630152 0.55506247 0.45176169
v -0.55069298 0.51869237 0.06647551
v 0.09692270 -0.47184911 -0.48362833
v 0.41874656 -0.49339861 0.42003718
v -0.55247337 -0.54490352 0.21157949
v 0.48349148 0.55784267 0.18898274
v -0.57756341 -0.56023455 0.07288875
v 0.52453464 0.50499523 0.20182413
v 0.29128000 -0.56039798 0.49884531
v 0.06551683 -0.56006098 -0.58064777
v 0.26043913 0.28691962 0.29612887
v -0.54992312 0.51428217 0.10146717
v 0.33846098 0.26976058 0.19035432
v 0.18739809 0.08785656 0.27981564
v 0.17014170 0.00600346 0.21107890
v 0.15278845 -0.47754467 0.45999655
v -0.48176354 0.55574572 0.11657763
v -0.20472714 -0.47834378 0.42577109
v -0.11322291 0.51573217 0.54701793
v 0.57862794 -0.55005908 -0.13111605
v 0.30113190 0.49726981 -0.47543380
v 0.45548570 -0.32549429 0.08092888
v -0.43887028 0.51584899 0.34301916
v -0.37315488 -0.47143543 -0.31193498
v -0.44076836 -0.41829535 0.22930720
v 0.45015705 -0.17767359 -0.25831491
v 0.38181901 0.55487168 0.36047998
v 0.48685154 -0.47684148 -0.04845153
v 0.57652515 -0.56038952 -0.03578645
v 0.45248380 -0.38148808 -0.19449016
v -0.09728578 0.21225277 -0.35998893
v 0.29235941 -0.45515552 0.39385509
v 0.55228913 0.48919830 -0.04822440
v 0.51791054 0.49126858 -0.20214687
v -0.22172964 0.30027050 0.20292193
v -0.02300628 0.55905372 0.51125169
v -0.48896644 -0.44762623 0.08724091
v -0.42357859 0.51773691 0.36046910
v -0.37692106 0.49740717 -0.41718760
v 0.15583503 -0.56006593 0.56485695
v -0.24574102 0.31275430 0.14846368
v -0.24682935 -0.13284698 0.29697511
v -0.13110380 -0.55994540 -0.57037598
v 0.23636830 0.03013243 -0.07170431
v -0.10499581 0.55820119 0.51112038
v -0.31484559 0.55475032 0.36695558
v 0.40279526 0.54918569 -0.34405017
v -0.03621605 0.55995876 -0.51455504
v 0.26025590 -0.54741436 0.53217292
v -0.34448928 0.49258515 -0.43789306
v -0.46531555 -0.47833604 -0.12911904
v 0.41040510 0.50458974 0.38913429
v -0.46548206 -0.47365180 0.13713640
v 0.30102772 -0.55030763 0.51272792
v 0.13171609 0.51603764 -0.54424447
v -0.30259424 0.50955552 -0.47536814
v -0.57738674 -0.55287343 -0.12003066
v -0.33269462 -0.08970078 0.33107603
v -0.48463053 0.55972743 -0.12962240
v -0.34998643 -0.45474261 -0.35959476
v -0.57555234 -0.55999118 -0.08341315
v -0.56885791 -0.54650980 0.17229655
v 0.56446987 -0.56035483 0.13106722
v -0.24082597 0.08141995 -0.04902220
v 0.48082781 -0.46409923 0.13019875
v 0.05472289 -0.53804106 0.58900899
v 0.36231741 0.49076343 -0.42215011
v -0.46413058 -0.41551930 -0.18047939
v -0.31366986 0.36008728 -0.07082831
v -0.27391306 -0.55906117 0.51739013
v 0.09297290 0.37199801 -0.43633783
v -0.51129466 0.55525023 0.12181366
v 0.51127928 0.55890703 -0.08536083
v 0.46448573 -0.47788957 -0.14307395
v 0.31582546 0.07944159 -0.11293870
v 0.31717449 0.49062723 0.45717120
v 0.00074672 -0.26082855 -0.45458046
v -0.48154771 -0.47786605 0.04621454
v 0.01007103 -0.55848819 0.58843207
v 0.48254523 -0.47793770 -0.07139229
v 0.04784035 -0.54890132 -0.59020001
v -0.35306716 0.27186453 -0.20317151
v 0.23891717 0.54829389 -0.42747542
v -0.57954192 -0.36183724 0.00109345
v -0.22572960 0.49601778 -0.51246876
v -0.29970214 0.06920108 -0.16511102
v -0.21400572 -0.47266802 -0.43965998
v -0.45546752 -0.46044526 0.20104675
v 0.58443898 -0.56031722 0.01292326
v 0.49026179 0.55616641 -0.15633211
v -0.47970483 -0.45770240 0.11587503
v -0.24661717 0.55302966 0.42811760
v -0.24218316 0.50562066 -0.50775403
v -0.42638367 -0.47829932 0.21984921
v -0.24565767 0.28549993 0.16925074
v -0.53730488 -0.56038135 0.21485606
v -0.37062281 0.54931462 0.38273227
v 0.29165846 -0.19463816 0.31267646
v 0.47617987 0.55762279 0.20728986
v -0.51085961 0.55800509 0.01800865
v -0.49350885 0.51023310 0.27486011
v 0.28778687 -0.53415954 0.52058029
v 0.38101625 0.55777192 0.33261260
v -0.31282145 -0.47836033 -0.36471006
v -0.14255394 -0.47808853 -0.45106259
v -0.45068970 -0.46278480 -0.19451100
v 0.45661727 -0.28471518 -0.07732962
v -0.02822565 -0.56037492 0.58150810
v 0.41539052 -0.43396589 0.41855228
v 0.23789670 -0.56021816 -0.52749634
v 0.03984537 0.54793805 0.52927941
v 0.58515590 -0.56010300 0.02978779
v -0.05765379 -0.46769390 -0.48383591
v 0.38746503 -0.13777854 -0.07764348
v -0.42755786 0.55098706 0.30861500
v 0.43437907 -0.43676022 -0.23171596
v -0.28423181 -0.55927885 -0.51293534
v -0.09408148 0.55774891 -0.50640219
v 0.46680784 -0.47775042 0.14367972
v -0.34648681 0.55763376 -0.38649970
v 0.57694435 -0.55081069 0.14450954
v 0.41569498 -0.55622661 -0.41580346
v 0.21758512 -0.56039172 -0.52959210
v -0.50859320 0.51725507 0.22508509
v 0.21391229 0.55612725 -0.46356851
v -0.16753621 -0.47642174 -0.44849476
v 0.23757353 0.02995023 0.04756859
v -0.02500683 0.49919379 0.56327099
v 0.03547872 -0.47777402 -0.48477471
v -0.23894350 -0.45091531 -0.44188765
v 0.45132381 -0.47829559 0.16676979
v 0.53565937 -0.56035143 0.22548845
v 0.44926393 0.35020408 0.00913030
v -0.33014750 -0.38024956 -0.36071602
v -0.49000072 0.50536901 -0.28759122
v -0.33277211 0.07545453 -0.04100214
v -0.23181319 0.54349607 -0.43674183
v -0.42959318 -0.56039637 0.38633913
v -0.34211317 0.06878748 -0.00272819
v 0.34314269 -0.47839135 0.33727601
v -0.19496062 0.54404688 0.44973272
v -0.22678584 -0.19580521 -0.35826802
v 0.37544763 -0.54427654 0.45729494
v -0.49211210 0.51764715 -0.26367992
v 0.21316795 0.54393935 -0.44374278
v 0.23804523 -0.47831967 -0.40387699
v -0.04758212 -0.56004131 0.58108461
v 0.28519210 -0.29385501 0.48582345
v 0.17092073 0.36438951 -0.26276487
v -0.43035629 0.55913275 -0.26184738
v 0.37032098 -0.45716241 -0.33328313
v 0.28558695 0.54796833 -0.44909337
v 0.40405470 -0.47781232 -0.24660966
v 0.43939739 0.37333575 -0.07293779
v -0.22535715 0.49978492 0.51562417
v -0.27989259 -0.54044217 -0.52420181
v 0.47624308 0.51057631 -0.30069751
v -0.22751205 -0.53751189 -0.54553342
v -0.21313961 0.55638701 0.46728066
v -0.15024470 -0.47556370 0.46825972
v -0.16730635 -0.55977076 0.56262189
v 0.57132322 -0.55707455 -0.15464132
v -0.56146252 -0.54664987 -0.18993796
v -0.03577496 0.07950824 -0.33223176
v -0.50018811 0.50633407 -0.26082024
v 0.02486952 0.28768381 -0.40934366
v -0.50144231 -0.56039840 -0.28691667
v -0.21360961 0.54869789 0.48454815
v 0.23601639 -0.54512763 0.54235744
v -0.29182446 0.29260027 0.06318853
v 0.30119613 -0.47835684 0.36546609
v -0.18737185 -0.42891884 0.46413147
v 0.42234012 -0.42839184 0.25759733
v -0.14103810 0.50714672 -0.54749805
v 0.29671595 -0.40056789 -0.39513990
v 0.18292263 -0.44047564 -0.46126863
v 0.41529435 0.50849420 -0.38090396
v 0.50947970 0.55975038 0.05380196
v 0.07648661 0.03345488 0.22281447
v -0.43256152 0.55781192 -0.28475797
v 0.49472260 -0.54297131 -0.32666421
v -0.11922697 -0.47213256 -0.46360892
v 0.25262469 0.13035114 -0.25101519
v -0.33404085 -0.42851192 0.35109299
v -0.42289853 -0.27781349 -0.18239239
v 0.30154321 -0.07995106 0.15237042
v 0.47643000 -0.12702157 0.12350805
v 0.49038029 -0.45743954 -0.10328914
v -0.20154306 0.03119071 -0.13713530
v 0.27313808 0.48704237 -0.48421147
v 0.55961508 0.51309562 0.03469844
v -0.45260027 -0.54721773 0.38196638
v 0.35174355 -0.46179605 -0.35706770
v -0.34944636 0.49742708 0.43932217
v -0.33449733 -0.09119906 -0.06335253
v 0.47904855 -0.47737828 0.09420084
v 0.11294041 -0.45230329 0.49057931
v 0.40130931 -0.54819953 -0.43740749
v 0.52661258 -0.54630619 0.27409455
v -0.06940742 0.48829812 -0.54979676
v -0.56478375 0.50500190 0.03598895
v 0.52496010 -0.56032145 0.25161946
v -0.12298798 0.05491396 0.21887985
v -0.37299958 0.49755183 0.42072845
v -0.26214984 0.50978041 -0.49945325
v 0.16954179 -0.56033319 -0.55653661
v -0.45823130 0.49650207 0.32263234
v 0.11334439 0.05865187 0.33081424
v -0.24957371 -0.42102486 0.43427131
v 0.20355773 0.50253755 0.52553082
v -0.39394048 0.49952477 -0.40582696
v -0.26132378 -0.55098403 0.53014338
v 0.23830248 0.54927051 -0.47378775
v -0.49106574 -0.46968752 -0.04952831
v 0.25077534 0.08236220 0.22293244
v -0.51127011 -0.46339726 -0.29758126
v 0.33283418 0.55255967 -0.40673193
v 0.29244578 0.08445887 0.16752373
v 0.50848413 -0.54966104 -0.30725953
v -0.05503301 0.08131111 0.33035997
v 0.36477375 0.55221647 0.31399846
v -0.11821672 -0.47814906 0.47298265
v 0.07151481 0.49726310 0.55570477
v -0.10654806 -0.45015088 -0.47716534
v 0.11661127 -0.06126767 0.43436709
v -0.43796536 0.55708694 0.27142695
v -0.47578108 0.55765057 0.17834823
v -0.32194066 -0.56039774 0.47716561
v 0.29564190 0.55405474 0.37936178
v 0.09526870 0.49659747 -0.55256969
v 0.03552895 -0.47825778 0.48413002
v -0.51167673 0.49619845 0.22792877
v 0.12171426 0.03512172 -0.21887821
v -0.39364401 0.49939594 0.40614218
v 0.28559625 0.55609769 -0.40471756
v 0.17786252 0.55671614 0.47443992
v 0.31105039 -0.44949085 -0.38412288
v 0.58611977 -0.55982441 -0.01233287
v -0.26375031 0.25710964 -0.08475867
v 0.45770976 0.38086599 0.12195215
v -0.18714409 -0.54781693 -0.56259513
v 0.33485299 -0.55134189 0.48740509
v 0.28516650 0.48863596 0.31237975
v 0.11820070 0.55858755 0.48843238
v -0.15638323 -0.45456448 0.57009768
v -0.09514280 0.49830961 -0.55297482
v 0.44783977 -0.42681533 0.21313059
v 0.50764656 0.51163739 0.23746939
v 0.47538400 -0.43899661 -0.15263316
v -0.11877508 0.49644154 0.54936945
v 0.07240798 0.55943376 -0.50780851
v -0.28458652 0.51526779 0.48400244
v 0.44045404 0.50776142 -0.34961408
v 0.31416187 0.51222128 0.46450761
v -0.42426217 -0.30329791 -0.20197724
v 0.42562798 -0.28759551 -0.19961974
v 0.18125203 -0.55398756 0.56377357
v 0.49004817 0.51895291 0.26623443
v 0.25001085 0.49214298 -0.49894452
v -0.41661689 0.55744433 0.28550714
v 0.01181537 0.54851365 0.53255033
v -0.25247988 0.49047846 0.49651474
v 0.35793221 -0.56038040 0.45366132
v 0.50879997 0.54899186 -0.15465243
v 0.18114257 -0.35675928 0.44701108
v 0.34064683 0.09396181 -0.01576921
v 0.47533131 0.54570186 -0.14599539
v -0.23912232 0.51154107 0.50711387
v -0.54957855 0.49773732 0.11940669
v 0.27892086 0.00903813 0.27725333
v -0.50158179 -0.41483343 0.00278542
v -0.44479814 0.51332742 -0.33870393
v -0.44229513 0.55495453 0.25184256
v 0.55617851 0.51330775 0.06012517
v -0.43142596 0.48878837 0.34717974
v -0.31283036 0.51819634 -0.45964184
v -0.30475214 -0.13335781 -0.23721959
v 0.54106724 0.49425766 0.15359220
v -0.41957811 -0.49974057 -0.41965243
v -0.09489156 0.02846808 0.23001355
v 0.47434545 -0.30325243 -0.01448677
v 0.40837559 -0.15289772 -0.01310405
v -0.51782078 0.49055806 0.20185548
v 0.08533844 -0.47835800 -0.09384543
v 0.06527366 0.51900184 0.55060321
v -0.20598504 0.08321487 -0.12397230
v 0.11881287 0.55439860 -0.48400268
v -0.16435745 0.25529614 0.24044134
v 0.40136012 -0.46538144 -0.27159199
v -0.42385229 -0.12138590 0.24388921
v -0.10829417 0.54772896 -0.48732916
v -0.23600493 0.43213159 -0.45109096
v 0.02376767 0.55721503 0.50882399
v 0.55365074 0.51233619 -0.08288906
v -0.04812028 0.51507705 -0.55609548
v 0.21389358 0.55685985 0.46308991
v -0.38298017 -0.56039613 0.43025669
v 0.22284949 0.00523030 0.15177178
v 0.28672537 -0.56040925 -0.50150812
v -0.23398106 0.31405807 0.17674102
v -0.58275747 -0.54118127 0.10314191
v -0.21528465 0.55760664 -0.46757266
v 0.40247887 -0.46567738 0.27276489
v -0.14105766 0.07756615 -0.30426675
v -0.42063257 -0.44163018 -0.24909234
v 0.11724393 -0.47821626 -0.47083652
v -0.24100837 0.27513075 -0.17529410
v 0.10704435 0.07426513 -0.31912324
v 0.26300979 0.54704958 -0.40416464
v -0.31878418 0.26131523 0.23212543
v -0.07108354 -0.54879749 0.58724445
v -0.13577822 0.07628900 0.30706033
v -0.16655457 0.55381501 -0.49813265
v 0.20762450 -0.11331417 0.31308994
v 0.33318883 -0.44894949 -0.36472911
v 0.50900024 0.55865026 -0.04731115
v -0.48756254 0.55784446 -0.10385825
v -0.24932165 0.55745691 0.45199060
v -0.37474528 0.49739403 0.23915391
v 0.24595501 -0.42444754 -0.43139586
v -0.52451837 -0.56028229 -0.25160244
v 0.58024657 -0.55001652 0.11949486
v 0.00366047 -0.08063900 0.34514701
v -0.40573576 -0.44304675 0.27578485
v -0.16618559 0.51137251 -0.53819138
v 0.14241762 0.49689063 -0.54539186
v 0.54991484 0.50191206 0.13235752
v -0.24695088 -0.16329788 0.32507426
v 0.23407073 0.38512495 -0.26968426
v 0.35182166 0.55767012 0.34023649
v -0.04253053 -0.43802226 0.50146234
v 0.24220990 -0.45642611 -0.42079318
v 0.33333081 0.10132381 -0.08690146
v -0.51249969 -0.55589908 0.29896051
v 0.35653806 0.55155689 -0.32872549
v 0.17337511 0.05275172 -0.31122965
v 0.54194468 -0.55923235 -0.22099599
v -0.03610785 -0.47462216 -0.48643756
v -0.13606735 0.02881939 -0.21458937
v -0.56416565 -0.56038648 0.13113219
v 0.32285401 -0.47768053 0.35805678
v -0.18608238 0.07727608 0.28026322
v -0.49733287 0.55446082 0.16546519
v 0.43996549 0.55568087 -0.27386904
v -0.49947420 0.54951560 -0.17536111
v -0.21159732 0.06975705 0.13627166
v 0.43624255 -0.46499577 -0.21134882
v 0.32026380 -0.04906088 -0.00658967
v 0.07659054 -0.43823346 -0.49546498
v 0.10369679 0.28335702 0.38068935
v -0.36263663 0.55696195 -0.32674149
v 0.38180301 -0.44488800 0.32001945
v 0.38239264 -0.54873288 -0.45214319
v -0.32166123 -0.42220932 -0.38268092
v 0.32783192 0.07615068 0.07718232
v -0.16772491 -0.54665041 -0.57116586
v -0.25708386 0.15206888 -0.25545037
v -0.44541854 0.55004096 0.28723896
v 0.11627521 0.03452565 0.20761445
v 0.35702616 0.55758172 0.37434211
v -0.42912942 -0.46776125 -0.22512896
v 0.48915324 0.55052668 0.11391475
v 0.30988675 -0.54778308 -0.50745416
v 0.36115131 0.27403158 0.14096312
v -0.52239746 -0.56038857 0.24803250
v -0.33325055 -0.45551497 0.36819464
v 0.33620101 -0.47561002 -0.35445017
v 0.30916104 0.55776983 -0.39255801
v 0.55114055 0.49731430 0.10718544
v -0.29299513 -0.44618243 -0.40826875
v 0.46422815 0.50982869 -0.31685880
v -0.23421068 0.02797038 0.07646445
v 0.13273317 0.42477855 0.48935646
v 0.00076310 0.36538175 0.34494293
v -0.45197991 -0.47678098 0.17729162
v 0.31193763 -0.45966265 0.38272473
v 0.43059620 -0.56041646 0.38288134
v 0.51096940 0.55411464 0.13195418
v 0.54944432 0.48910862 0.07674673
v -0.53604907 -0.55972260 -0.22652487
v -0.46303836 -0.47827590 0.11838025
v -0.23693605 0.54976094 0.47377056
v -0.51724315 0.44166878 0.00253390
v -0.41806218 -0.56004709 -0.40588894
v -0.47332400 0.48903069 0.29356652
v -0.32456493 0.18235937 -0.18670882
v 0.01156037 0.10253467 -0.34182182
v 0.23761468 0.51785266 0.50264478
v 0.41325298 0.28824067 -0.00014329
v -0.52858371 0.51716387 -0.17638910
v -0.40895700 0.49095231 0.09524825
v 0.48103714 -0.46042100 -0.14189519
v 0.45265654 0.50795585 -0.33397716
v 0.15005425 0.23081359 0.24002492
v 0.43964726 -0.54828703 0.39831698
v 0.45140073 -0.54944587 -0.38314828
v -0.35714298 -0.42026028 -0.33201504
v -0.47512168 0.55645692 0.20224829
v -0.42077157 -0.53914666 0.42165574
v 0.30644882 0.07715148 0.13509856
v -0.18864626 -0.46733651 -0.44904125
v -0.33664921 0.00732639 0.20557003
v -0.45214030 -0.56037426 0.36076361
v 0.36335769 0.50991535 -0.42829964
v 0.58083135 -0.55990237 0.07098530
v 0.58693802 -0.54918498 -0.07122944
v 0.50106716 0.54879540 0.01325504
v 0.42817149 0.51007986 -0.36372969
v -0.58793122 -0.54572767 0.06507311
v 0.05774523 0.55563629 -0.51905251
v 0.39259413 -0.45619154 0.29455650
v 0.18738255 -0.54342276 -0.56252927
v -0.30240214 0.55773407 0.39103168
v 0.58109450 -0.55303574 0.09646989
v 0.51954973 0.54889619 -0.10714710
v 0.05216075 -0.44311878 0.50027907
v 0.57699794 -0.55747163 -0.10141824
v 0.15401612 0.55468524 0.47439566
v -0.41701698 0.54965800 0.26421395
v 0.26162359 0.55567193 -0.45392931
v 0.23124166 -0.44792342 0.43248472
v -0.23337126 -0.05509532 0.23219545
v 0.38073686 0.55796540 -0.33280757
v 0.24889100 0.02595487 -0.02822609
v 0.45183629 -0.46643162 0.19051905
v -0.43909162 -0.47814983 0.20138530
v -0.50253361 -0.44736564 -0.02973219
v -0.11864386 0.07359726 -0.31517977
v -0.01695246 0.07661752 0.33584574
v -0.39065880 0.30512273 0.11075092
v -0.41998127 -0.56013918 0.40272680
v -0.16844599 0.06772455 0.29948372
v -0.13426855 -0.02338723 -0.26103175
v 0.38690117 -0.47835273 -0.26373848
v -0.39811504 -0.53785157 -0.43951577
v 0.12780985 0.32071450 0.27491856
v -0.31533042 0.55373436 0.41843256
v 0.27775425 -0.53769511 -0.52488935
v -0.56593060 0.50312853 -0.02453787
v -0.50865126 0.56063491 0.09565283
v 0.20631376 0.04536260 0.13024825
v 0.41670710 0.40496439 -0.23337308
v 0.15591642 0.15387349 -0.21177307
v -0.47834927 -0.43522152 -0.15471427
v -0.15186462 -0.54985476 0.57590348
v 0.52285743 0.51938725 0.18548797
v -0.44118071 -0.47833574 -0.17955656
v -0.25203466 0.03684983 0.00341089
v 0.30225331 0.40382141 -0.19163348
v 0.55681968 0.51180190 -0.06129536
v 0.09571603 0.55579209 0.51438421
v 0.27832630 0.01876087 -0.26529416
v -0.45171717 0.54767227 -0.20440164
v 0.00099566 -0.38055399 -0.49062443
v -0.34782699 0.55767459 -0.35215357
v -0.11781454 -0.08567321 -0.45169678
v 0.32589677 0.55608994 0.40461487
v -0.28595555 0.50725967 -0.48939547
v -0.24346714 0.02817195 0.04084680
v 0.32226446 -0.56039536 -0.47779009
v 0.12331363 0.55215037 0.51452506
v 0.19068721 0.01648499 0.33445695
v 0.19686244 0.24066266 -0.20987301
v -0.07201453 0.47196499 0.40110219
v -0.31112677 0.29932892 0.01006115
v -0.38189405 0.55814052 0.32889843
v 0.11877428 0.49637663 -0.54944414
v 0.40215832 0.25496265 -0.00323018
v 0.16605674 0.54590279 -0.50693172
v -0.39463678 -0.20316233 -0.16111672
v -0.24205956 0.03068797 -0.03048306
v 0.16588254 0.08533355 -0.29479790
v -0.20274623 0.09226561 -0.26937613
v -0.29629317 0.09592282 -0.17133738
v 0.53550392 0.50438869 0.17597637
v -0.52368265 0.51026320 0.20217006
v -0.22521123 0.02896451 0.10836981
v 0.53393537 0.54783875 0.00139137
v 0.52714437 -0.56023014 -0.25119847
v 0.05057687 0.40999949 -0.47661984
v -0.55024505 0.50813872 -0.13233827
v 0.18824425 0.03332302 -0.15853848
v -0.05715195 -0.47834292 -0.46869493
v -0.13758683 -0.42313057 -0.47578046
v -0.31604511 0.49815068 -0.46412957
v 0.43734068 -0.54829174 -0.40135595
v 0.23317960 0.08231287 -0.24306788
v 0.07104428 -0.46316618 -0.49101126
v -0.29672617 -0.47403085 -0.51236939
v 0.41657421 0.55615580 0.30966845
v -0.17979284 0.54955477 0.49760157
v 0.27368146 0.06824908 0.20372598
v 0.07156676 0.55872244 0.51329374
v -0.22052322 0.07198130 -0.08853171
v -0.33342928 -0.47786301 -0.35582909
v 0.01998786 -0.45220134 0.50338113
v 0.08114959 -0.47830993 -0.47621319
v 0.29065016 0.54640979 -0.37815437
v -0.00236103 0.51350081 -0.56289124
v 0.25153592 -0.54855949 -0.53595209
v 0.56409496 -0.56038296 -0.13114837
v 0.24191366 0.50902879 -0.50700033
v -0.29702076 0.55869716 -0.41703078
v 0.36457717 0.18972094 0.01780669
v -0.27914649 -0.26317960 -0.47807267
v -0.19127542 -0.55726850 -0.55256152
v 0.00164340 0.53815264 0.48941624
v 0.31374136 0.51697350 -0.46009114
v -0.26662451 0.54741544 0.46322083
v -0.45746833 -0.47820446 -0.15506028
v -0.51359946 0.51737469 -0.21228236
v 0.48399624 -0.47813442 0.04762631
v -0.11989893 0.56027055 0.49569875
v 0.49386430 -0.44843352 0.08335918
v 0.35667416 -0.19162542 0.22635320
v -0.25791696 0.14859696 0.25300097
v -0.13810009 -0.18999556 0.50653177
v -0.08336962 -0.47290027 -0.47465190
v 0.09581771 0.55859786 -0.51128775
v 0.42411399 0.54679346 -0.31959313
v -0.28317910 -0.47775841 -0.39507130
v -0.24277546 -0.47837979 -0.41693091
v 0.22797784 -0.28261891 0.39942309
v 0.16419753 -0.47600579 -0.45859957
v -0.33012649 -0.54757243 -0.49196491
v -0.00012259 -0.44383952 0.59039187
v 0.37943161 0.51027828 -0.41556358
v -0.19844715 0.00720458 0.34122851
v -0.30778810 -0.56039280 -0.49016044
v 0.34969407 0.51125962 0.43823475
v 0.34881747 -0.13613307 -0.18206789
v -0.31113312 -0.11864118 0.21473207
v -0.29712284 0.54313552 -0.37269655
v 0.01578296 0.08678915 -0.25079596
v -0.42854863 -0.47830889 -0.20173563
v 0.56901246 -0.54577583 -0.17249160
v 0.13999417 -0.21052504 0.51503819
v -0.26317504 -0.47833088 -0.40481690
v -0.14459585 -0.37263626 0.46472773
v -0.04764184 -0.47787315 0.48618078
v -0.32184470 0.31991136 -0.00021374
v -0.54717433 -0.53874403 -0.22351977
v 0.38163909 0.54486829 -0.37782401
v -0.38446322 -0.46044585 -0.30953503
v 0.18280388 -0.31501958 0.43459058
v 0.22239444 -0.47652501 -0.42126518
v -0.26178455 0.55753893 -0.44046783
v 0.05155945 0.07907952 0.33042064
v 0.14125951 0.56047547 0.49533638
v -0.55308765 0.51578778 -0.06830603
v -0.54106361 0.51293576 0.15556231
v -0.36626169 0.02559221 -0.09828337
v -0.33463770 -0.47829878 0.34640297
v -0.26608840 0.27506599 0.13918404
v 0.00261781 0.23140515 0.28473827
v 0.16441493 0.08171143 0.29260653
v 0.54149252 0.50393879 -0.16497065
v 0.12669621 0.49360737 0.54618216
v 0.55756950 0.48841622 0.00173172
v 0.38122877 0.55551273 -0.35604045
v -0.27541369 0.31950423 0.09134556
v 0.28505054 0.50697523 -0.48902589
v 0.31930545 0.07452086 0.10608936
v -0.12528990 -0.44672242 0.48954758
v -0.21697134 -0.03555507 -0.37127736
v 0.35907009 0.38722724 -0.00439252
v 0.42453581 0.42332044 0.27069366
v -0.53237998 0.51171887 0.17809588
v -0.37995067 0.51861620 -0.40792570
v 0.50062811 -0.44580993 -0.04138166
v 0.22234346 0.02900512 0.09341559
v 0.30683649 0.05583936 0.17591718
v -0.00021207 0.14970025 0.36126262
v 0.08531564 -0.44588006 0.49470446
v -0.37677568 0.51737368 0.41139463
v 0.18304329 -0.45359245 0.45904249
v 0.15493686 0.49669832 0.54153007
v -0.14635266 0.48097712 -0.53267831
v -0.49040648 -0.56038266 0.31018469
v -0.34454367 -0.46336973 0.35996410
v 0.05104911 0.54551917 -0.48932359
v 0.20555547 0.35389009 0.26787749
v -0.18020682 0.08379687 -0.28387722
v -0.35559589 0.55502075 0.33158341
v -0.42510027 -0.44788438 0.25298706
v 0.33274868 0.55806518 -0.38045475
v 0.27877906 -0.24491054 -0.34594330
v 0.17863156 0.51116264 -0.53228575
v -0.17100921 0.45442677 -0.36087626
v -0.26217887 0.50968438 0.49920949
v 0.18656373 0.07943822 -0.27974525
v 0.04799182 -0.17919213 -0.41917810
v -0.35812443 -0.45418930 0.34958854
v -0.20263043 0.51547390 0.51932591
v 0.49367866 -0.32176268 -0.28632286
v 0.08296273 0.08220521 -0.23241217
v -0.47213024 -0.47831807 0.07159159
v -0.34835282 0.36976856 0.00048880
v 0.47731382 0.55400717 0.16657671
v -0.31035310 -0.45111269 0.38332045
v 0.48812258 0.55175912 -0.19795573
v -0.34945509 0.51029140 -0.43902192
v -0.49394876 -0.43670797 0.05959954
v -0.42144719 0.31663653 -0.00078041
v -0.49385142 -0.54245269 0.32790330
v 0.28334206 -0.47629350 -0.38705483
v -0.54050231 -0.55406994 0.23644191
v 0.47853544 0.55606478 -0.17684132
v 0.56125498 -0.54591691 0.19030362
v 0.09532448 0.02373489 -0.23522970
v 0.14833638 -0.16123605 0.38303006
v 0.33650613 0.06279188 -0.08679947
v -0.33485472 0.50292504 0.45514679
v 0.46414372 -0.56022817 0.34833670
v -0.55744249 0.49666601 0.05789597
v -0.20807396 -0.56037509 -0.53877383
v -0.40606105 -0.45819002 -0.27309906
v 0.36332375 0.53769416 0.40065572
v 0.31208444 -0.05006188 -0.31258619
v 0.53679574 -0.26811194 0.14206421
v 0.48415586 0.54869425 -0.21472140
v -0.33452290 0.51146621 -0.44987249
v 0.33189330 -0.45762458 0.37060493
v 0.31456542 0.03874483 -0.18819270
v -0.29824233 0.55569041 -0.39368051
v 0.55432129 -0.55849540 -0.18928462
v -0.29380688 0.28821060 0.29319891
v 0.43314224 -0.47827953 -0.19241470
v -0.52485669 0.55009550 -0.05741001
v 0.01751332 -0.53911281 -0.59409451
v 0.54616261 0.51708102 0.11111933
v -0.20114516 0.55246681 -0.48537809
v -0.06836905 0.36270905 0.31369391
v -0.16142614 0.03202946 0.18618537
v 0.53020918 0.54887658 -0.02746314
v 0.28612036 -0.47755352 0.38063279
v 0.53146374 0.51116651 -0.18072663
v -0.21540503 0.03017016 -0.10084161
v 0.00149273 -0.39218020 -0.58458930
v 0.31611055 0.49593100 -0.46332458
v 0.47891921 -0.47488290 -0.12003797
v 0.00379208 0.34789333 0.44188875
v -0.29041821 0.08244532 0.17117094
v -0.45487401 0.55649471 -0.22694410
v 0.35256547 -0.27558386 0.27141231
v -0.55215424 -0.56036389 0.18003535
v 0.23385526 0.55584103 0.44096953
v -0.04853410 0.49828920 -0.55954170
v -0.16763495 0.55658561 0.47636759
v 0.21341622 -0.54596108 -0.55183572
v 0.26207799 -0.47798398 -0.39566553
v 0.21534064 0.06954348 -0.26372939
v -0.12327588 0.19480252 0.24131259
v -0.27467036 0.06820805 0.20330493
v 0.19026123 0.55420458 -0.48761788
v -0.37109190 -0.45876521 -0.33277282
v -0.21141729 -0.55231601 -0.55002075
v 0.38368690 -0.47835383 0.27394921
v -0.37569454 0.55633724 -0.36429477
v 0.56181943 0.50801063 -0.04465270
v -0.47638828 0.55496180 -0.21520473
v -0.09704063 0.13388424 0.24039406
v -0.39054120 0.55154121 0.29122856
v 0.15601717 -0.45094666 0.56993800
v 0.45110127 -0.47172484 -0.18143934
v 0.50020570 0.48749274 0.23802400
v 0.20827356 0.51113701 -0.40829933
v 0.13115460 -0.56020004 0.56906140
v 0.50253218 -0.44995642 0.03224227
v -0.26623529 -0.36520234 0.40629235
v -0.49711877 0.56029594 0.14287224
v -0.29572895 0.48942634 -0.47226930
v 0.48811284 -0.47785521 0.02261713
v -0.49671289 -0.43915281 -0.06441491
v 0.37007657 0.32171771 0.21180974
v -0.26505169 0.38712284 0.24114110
v -0.51104599 0.55875194 0.07191078
v 0.29374072 -0.37609285 0.50259489
v -0.20438574 -0.30376169 0.40992302
v -0.35677817 -0.42453301 0.32436281
v 0.59482354 -0.54069704 -0.01103550
v -0.13340904 0.41506746 -0.48226255
v 0.05877786 -0.47821710 -0.48036087
v -0.48706996 0.53587097 0.00210715
v 0.51313871 0.55650508 -0.00157515
v -0.14647083 0.55800182 -0.49926746
v 0.00030372 -0.47833917 -0.48113719
v -0.27829629 -0.42259213 0.41255352
v -0.51313078 0.55668306 -0.09882738
v 0.38678616 0.27383235 0.03205150
v 0.27067542 0.55530399 0.40371111
v 0.53723913 -0.54659742 0.24840796
v 0.38951251 0.47352311 0.15461715
v -0.48120633 0.56018692 -0.15859471
v 0.19702236 0.37184095 -0.39929816
v 0.16932264 0.51729077 0.53168827
v -0.46627736 -0.46394578 -0.16706783
v 0.17970826 -0.05296681 0.27033916
v -0.08240148 -0.43660954 0.49527603
v 0.07615571 0.07865721 0.23165455
v -0.34603021 -0.47833219 -0.33889818
v -0.04094644 -0.53897631 0.59088433
v -0.36614320 -0.10058028 0.00057267
v 0.34435701 0.06506630 -0.01599919
v -0.53739023 -0.54726803 -0.24814458
v 0.09334742 0.55039972 -0.48381004
v -0.47499809 -0.55587989 -0.34459940
v -0.34516850 -0.56037098 0.46422461
v -0.04659110 0.51557499 0.55588758
v -0.43142569 -0.56038994 -0.38393795
v -0.53209645 0.49583608 -0.17807236
v -0.05945747 0.55835152 -0.51600564
v 0.41499719 -0.46817619 0.24968594
v -0.09408541 0.14573947 0.34921044
v 0.00505689 0.04925391 -0.25206506
v 0.47895023 -0.43940577 0.14832589
v 0.29543662 -0.54817110 -0.51678723
v -0.47795343 -0.47772372 -0.10052275
v -0.13485526 -0.17303410 -0.39586520
v -0.07159740 0.51140749 -0.55544293
v -0.09518787 0.49632618 0.55244184
v 0.51227802 -0.47508782 0.29696780
v 0.24871376 -0.56039131 0.52115583
v 0.26096612 0.50621080 -0.50022584
v -0.29233971 0.54971904 0.44181207
v -0.00664311 -0.35080329 0.48039493
v 0.29691857 0.55777270 0.40419176
v 0.27762911 -0.42680556 -0.41484383
v 0.51668131 -0.54785150 0.29585686
v 0.14303641 0.56035495 -0.49185425
v 0.22044638 -0.05009160 0.38270795
v -0.37919730 -0.15842593 -0.15195557
v -0.49129745 -0.47694635 -0.01093121
v -0.57142085 -0.47473124 0.15523031
v 0.37574011 0.50616127 -0.24796878
v -0.35653013 -0.46849245 -0.34657317
v -0.30658269 -0.55113643 -0.50793952
v -0.04754712 0.02918967 -0.24069265
v 0.57075042 -0.54748142 0.16751432
v -0.47428685 0.54609567 0.24467985
v 0.35636243 0.55480790 -0.38423315
v 0.51055974 0.55775690 -0.02355973
v -0.35510898 -0.47048143 0.34457275
v -0.04856565 0.49793088 0.55908841
v 0.40563077 -0.02297898 0.10877573
v -0.09607483 0.03337888 -0.22486582
v 0.25911635 0.55879742 0.42677751
v -0.50077277 -0.44813558 0.03178659
v -0.24095619 0.36019507 -0.24171780
v 0.03572942 0.55612731 -0.51116967
v -0.18432665 -0.34057584 -0.43739358
v 0.27130920 0.08172905 -0.19622129
v 0.44098726 -0.33391729 -0.19599855
v -0.52578288 -0.55361593 -0.27398533
v -0.11381110 0.36819848 0.29898739
v -0.36907658 0.17278865 -0.00512660
v -0.01489384 0.54922515 0.53148192
v 0.38254267 -0.47676954 -0.28734741
v -0.47192782 -0.47687078 0.09502980
v -0.25784987 0.03923479 0.25869921
v 0.32824391 0.45563865 0.23871373
v 0.07735531 -0.56007683 0.57898879
v 0.25061733 0.15940318 0.25690073
v -0.48518661 -0.47815812 0.02176799
v 0.34128571 0.14262088 0.09248886
v 0.22338614 -0.56038499 0.53288645
v -0.25095856 -0.55325270 -0.53535080
v 0.34444991 0.49114567 0.43681329
v -0.39376873 -0.55584085 -0.43620056
v -0.39756614 0.55673862 -0.33443928
v -0.34312302 -0.54807407 -0.48214462
v 0.21348184 0.54846466 -0.48486859
v -0.40737602 0.55226004 0.33251658
v -0.32126760 0.55556428 -0.36850718
v -0.32232565 0.55228126 -0.41499352
v 0.23786366 0.36921206 -0.23191220
v 0.42959109 0.50403863 -0.13804175
v 0.21290943 -0.46469972 0.43643200
v 0.00237684 0.48702273 0.55596012
v 0.32047546 -0.06399243 0.31849575
v 0.45888859 0.50968224 -0.00274758
v -0.40300846 -0.31660458 0.40232772
v -0.38046306 -0.47820249 -0.28719747
v 0.37140229 -0.19866991 -0.37637594
v 0.45971441 0.54673779 -0.27328029
v 0.44903848 0.53426003 0.30410793
v 0.41807300 -0.45541933 -0.25067458
v 0.54766279 0.49163529 -0.10104714
v -0.11247601 0.16323544 0.23956317
v -0.02417428 0.50343120 -0.56537741
v 0.26999953 0.24517867 0.07327825
v -0.21249928 0.12094532 0.14488937
v 0.45052320 0.44723698 -0.25468317
v 0.13371480 0.08706694 0.20037992
v -0.10537166 0.25462207 0.38870955
v -0.42697114 0.49865872 0.36429331
v -0.42767417 -0.31593034 0.21223901
v 0.50080550 0.43836430 0.13537021
v 0.52062106 0.55739981 0.02618717
v -0.42695874 0.51752394 -0.35624489
v -0.20535533 0.01043106 -0.17140140
v 0.44992921 -0.54780757 0.38521841
v 0.07810671 0.07724536 -0.32759842
v -0.36947966 -0.47779033 0.31071651
v -0.42898104 -0.19375239 0.00864294
v 0.17241776 0.49060738 -0.52973300
v -0.49219072 -0.31527677 -0.28569400
v -0.31023130 -0.45839608 -0.39100137
v -0.45774305 0.55616343 0.23813608
v -0.37138766 0.44726434 -0.09541799
v 0.29601490 0.51595187 -0.47511494
v -0.26770279 0.01224839 0.00059381
v -0.41751176 0.51019007 0.37661803
v -0.23757552 0.44078621 -0.31438717
v -0.19606510 0.17279498 -0.16142492
v -0.56738764 0.50767344 -0.00115926
v -0.20342126 0.06983287 -0.27235317
v 0.43007991 0.55595112 0.29363531
v -0.28191376 0.55806565 -0.42958045
v -0.02154824 0.09297167 0.25097299
v 0.46682611 -0.42046794 0.17704919
v -0.40746820 0.50938869 -0.39297822
v 0.54242408 -0.56037825 -0.20550212
v -0.00027577 -0.27394617 0.55728734
v 0.33097038 0.07794530 -0.05221034
v 0.00934523 0.43314895 0.51049632
v -0.51065123 0.55305475 -0.13645868
v -0.24699919 -0.54626375 0.53796440
v 0.26769471 0.37578648 -0.21625046
v -0.40126514 0.51908547 0.24067116
v -0.57041770 -0.45507082 -0.15528892
v 0.08913793 0.37361020 -0.31805444
v 0.58172286 -0.53753799 -0.10934959
v 0.02193945 0.44689104 -0.52244008
v 0.28396082 0.51553512 0.48420241
v -0.28651616 -0.06919083 -0.18241784
v 0.00913476 0.37315202 -0.46850136
v -0.16194323 0.03076192 -0.19169936
v -0.32816648 0.07421539 0.07712962
v -0.44161263 -0.32924622 -0.18113320
v 0.49173483 -0.54741669 0.33090118
v -0.55593121 0.50000566 -0.08499695
v 0.29134950 0.31977814 0.13036373
v -0.14484556 0.22467017 0.24066001
v 0.22416760 0.54469866 0.48385242
v -0.55497843 0.50384086 -0.10778143
v -0.45142052 0.36346591 0.00110755
v -0.48383132 0.54936427 0.07201748
v 0.43908772 0.49644071 0.34782794
v -0.49205756 -0.45019090 -0.10273144
v 0.20445037 -0.47836080 0.42021185
v -0.46366486 0.51784480 -0.30803415
v 0.35941318 0.21106522 0.09711267
v 0.39004508 0.43140790 -0.00002606
v 0.27923599 0.42669368 -0.26491037
v 0.59020090 -0.53731310 -0.04452009
v 0.36658835 -0.47047731 0.32900295
v -0.48447862 -0.46026242 -0.13275303
v -0.21716781 0.40934527 0.30150026
v -0.31922022 0.07454773 -0.10606944
v 0.28990409 -0.21100889 -0.30854458
v -0.26058352 0.07560195 -0.21256830
v -0.09234270 0.14703754 -0.34273514
v -0.09596962 0.51695007 -0.54829407
v 0.21139121 0.28752944 0.33453560
v -0.24916859 0.42713928 0.43305463
v 0.01876592 0.54559791 -0.49484801
v 0.12693368 -0.12321261 -0.47331780
v -0.12366280 -0.12740432 0.36012673
v -0.50557107 0.55936617 -0.04646853
v 0.30891472 0.55514908 -0.41994560
v 0.10702844 0.51611942 -0.54751533
v 0.58939832 -0.43080887 -0.00017023
v 0.47353700 0.49125654 -0.29671401
v 0.39823887 0.50888646 -0.40248212
v -0.41121110 -0.47835454 -0.22513480
v 0.48980868 0.40943310 -0.00049588
v 0.50664783 -0.43794850 -0.00420772
v -0.23263153 -0.47802097 0.41397837
v 0.18822913 0.17802559 -0.32317606
v -0.40405884 0.27127177 -0.00377862
v 0.50565130 -0.56036603 -0.28892043
v -0.30232155 -0.02661595 0.00032597
v -0.47398993 0.55844498 -0.18801500
v -0.14081617 0.09331957 0.19502077
v -0.57658535 -0.56038940 0.03583118
v 0.42049932 0.37351230 -0.14814404
v 0.21092336 -0.18845154 -0.36486992
v 0.26606002 -0.16907750 0.31221959
v -0.17958638 0.49708530 -0.53190446
v 0.25151008 -0.44227025 0.41907710
v 0.13335443 -0.55316812 -0.57838702
v -0.56583756 -0.56039321 -0.10568976
v -0.40425745 0.55560428 -0.27939159
v -0.04723074 0.55567265 0.52089614
v -0.24501523 0.07560153 0.23183915
v -0.10058808 0.08754129 -0.32195818
v -0.17546982 0.22584020 -0.20683655
v -0.25766385 0.39648986 -0.39218190
v 0.06898823 0.48814386 -0.54875964
v 0.51462829 0.49445364 0.21822140
v 0.18948615 0.22387208 0.32719216
v -0.36079308 0.35301980 0.24492416
v -0.29711401 -0.47629482 0.51227778
v 0.31597564 0.27998698 0.22952065
v 0.00276156 0.28107166 0.30383939
v -0.24534030 0.22280611 0.13863505
v -0.47509155 0.41775790 -0.12752576
v -0.27505717 -0.25811765 0.36290547
v 0.15406005 -0.43192083 -0.47924456
v 0.35939619 -0.42690867 -0.32334206
v -0.40731102 -0.24474888 -0.17721239
v -0.10906325 0.55311692 -0.51548797
v 0.34749591 0.24617888 -0.19649042
v 0.16584645 0.03443824 0.18936835
v -0.56547606 -0.55950654 0.15493782
v 0.00333507 0.16936843 0.26755536
v -0.45647156 -0.56035614 -0.35577238
v 0.33242193 0.54754454 -0.34295347
v -0.24041490 0.23616703 -0.15320267
v 0.39841905 -0.56040573 -0.41755661
v 0.12043402 0.55686665 -0.50952947
v 0.47108775 -0.47824609 0.11686095
v -0.00167761 -0.07380163 -0.33809972
v -0.45670778 0.50607926 -0.32752615
v -0.57245332 -0.54356474 -0.16365898
v -0.05889126 0.55979455 0.50272483
v 0.43834084 0.55040419 -0.29568291
v 0.11379561 -0.12783006 -0.36417219
v 0.25965628 0.27508825 0.14589244
v 0.26683304 0.22085637 0.26641291
v 0.39108458 0.49225649 0.40144455
v 0.22671659 0.48756605 -0.50381565
v 0.27000335 -0.28242037 0.37158820
v -0.59045202 -0.55891401 0.01231614
v -0.49209136 -0.54423761 -0.33032155
v 0.04162943 -0.56029952 0.58007640
v -0.39354646 0.54929549 0.35620457
v -0.09156983 0.09252685 0.23475122
v 0.57180232 -0.56020910 -0.11203739
v 0.31654674 0.36434996 0.13038737
v 0.38837779 0.21796152 -0.00528708
v -0.48304182 -0.47831216 -0.03352984
v -0.23106180 0.09654343 0.07887089
v 0.13104165 0.43216774 -0.48682293
v -0.44310319 -0.45575026 0.22279431
v 0.00314041 -0.04086441 0.31229222
v -0.30072603 0.36003125 -0.31952253
v -0.18788365 0.18409057 0.32576928
v 0.49839598 0.54978520 -0.17768921
v 0.09213593 0.49557474 0.55218995
v -0.12216279 -0.09739045 0.45868549
v 0.17485620 0.19965322 -0.21110439
v 0.02797267 -0.43848947 -0.50301796
v 0.39758325 0.27731082 -0.10637045
v 0.46596348 -0.46092033 -0.16516596
v -0.23545165 0.30340254 -0.20088862
v -0.28050447 0.54829752 -0.45283678
v -0.37203789 -0.45921487 0.33235523
v 0.48137382 -0.47815061 0.07141770
v -0.09464698 -0.47742248 0.48064375
v -0.55088735 -0.55134881 -0.21193510
v 0.26674694 0.18240479 -0.26472920
v 0.51944470 0.44226870 0.00477771
v 0.09659028 0.18963262 0.35530418
v 0.43074408 0.49170843 -0.35242799
v -0.28299311 -0.53776890 0.52267355
v 0.22612937 0.08968541 -0.11567818
v 0.41633907 0.48975578 -0.36858508
v 0.11236259 -0.53807724 0.58143878
v 0.43650293 -0.46789899 0.21321478
v 0.55358362 0.51220518 0.08303352
v 0.00226506 -0.32592982 -0.47393849
v 0.23413679 0.14300548 -0.11718372
v 0.33161145 0.07760730 0.04203963
v -0.41757581 0.46622005 0.00178357
v 0.31183636 -0.55969167 0.49290475
v 0.20664921 0.36636189 -0.24480067
v -0.00397971 -0.42763597 0.50541419
v 0.44462863 0.55589008 0.24948019
v -0.18069755 -0.25030878 -0.40986890
v -0.02317302 -0.56033605 -0.58322674
v 0.09294174 0.45408201 0.38231191
v -0.08811116 0.28008914 -0.38284415
v 0.00248191 0.24893194 0.39845082
v -0.41496128 -0.46783233 -0.25000247
v -0.59543908 -0.54037613 -0.01031555
v 0.46233892 0.55164635 -0.18936536
v 0.19720909 -0.56038898 0.54406923
v -0.32981345 -0.08648185 0.12452789
v -0.58568841 -0.54839224 -0.08269028
v 0.53834110 0.48779193 -0.14102551
v -0.56422663 -0.56036943 -0.13101663
v 0.32258406 0.16890252 -0.18113445
v -0.11468995 0.37163982 0.43222460
v -0.47568280 -0.32090288 0.01140985
v 0.35701361 0.43143579 -0.35508347
v -0.36044684 0.49055973 -0.42342126
v 0.00437594 0.50314033 0.45211318
v -0.00062972 -0.46225977 -0.59138334
v 0.45703560 -0.55672073 -0.36193526
v -0.11699470 -0.07414596 0.31477836
v -0.24014957 0.11631981 -0.09119477
v -0.55097520 0.48882592 -0.05695859
v -0.53782755 0.48616004 0.14097443
v 0.29306430 0.08776091 -0.16953434
v -0.31243241 -0.09345037 -0.18593100
v -0.31853518 -0.25711346 -0.31703249
v 0.44514188 -0.56039321 0.36071914
v 0.24273099 -0.47836402 0.39816791
v 0.47775805 -0.47819930 -0.09439098
v 0.17714222 -0.40194717 0.46160027
v -0.13797761 0.09901847 -0.21461055
v -0.39621013 -0.13363771 0.01553020
v -0.18017925 0.16612704 -0.31177765
v -0.14630270 0.35757580 0.27666453
v -0.41429964 -0.01584347 0.00088732
v -0.18017995 -0.19638237 -0.39054787
v -0.41283378 0.48667598 -0.36901748
v -0.52888471 0.54648882 0.05287316
v 0.12269301 0.18341674 0.23984146
v 0.30063385 -0.35641697 -0.37781924
v -0.39897293 0.30467489 0.05543262
v 0.29337025 -0.04139380 -0.10745916
v 0.45239338 0.48973587 0.32237983
v 0.15607648 -0.44822845 -0.56984591
v -0.47636390 0.55221963 0.22508423
v -0.24206804 -0.19871902 0.35640720
v 0.43040958 0.36700815 -0.11225602
v -0.37036237 -0.56039274 -0.44136885
v 0.17933708 0.15414636 0.30977684
v 0.32438585 -0.46716467 -0.36786747
v -0.01219180 -0.55995739 0.58594924
v -0.41394481 -0.10235145 -0.23779528
v 0.29720989 -0.45792955 0.51130354
v 0.18020129 0.27933013 0.24037194
v -0.12690844 -0.06988283 -0.30581895
v -0.55136931 -0.55955523 -0.19038737
v 0.26644412 0.25334844 -0.11686988
v 0.31946659 0.20109284 0.18593992
v 0.27075160 -0.11394799 -0.25303355
v 0.40970522 -0.37099811 -0.41243228
v -0.43278056 -0.30381787 -0.14667632
v -0.53220409 0.54842234 0.01624950
v -0.07247784 -0.17972384 -0.41268227
v 0.32738009 0.55611473 0.35451967
v 0.41705567 -0.47832865 -0.21496749
v 0.27909186 -0.14576262 -0.27709454
v 0.15678425 0.51399398 -0.53926361
v 0.37955889 -0.16320901 0.15159339
v 0.32602134 0.37242544 -0.11881873
v 0.48916247 -0.44995055 0.11098515
v 0.36499202 0.18817322 -0.09748248
v 0.05087503 0.49738660 0.55886108
v 0.56471014 0.50947499 0.01278783
v 0.48299524 -0.33861580 -0.01254186
v 0.27414513 -0.44277337 0.40353298
v -0.24159409 0.16281763 -0.10679851
v 0.56286454 0.51297331 -0.01026449
v 0.24174401 -0.14373259 0.31083375
v 0.27336031 -0.07237270 -0.21188836
v 0.27038348 -0.21107635 0.46050888
v -0.24134693 0.20096420 -0.12970768
v 0.49874738 -0.44895142 0.05970203
v 0.32902387 0.33452788 0.00221907
v 0.35316113 0.55793124 -0.35783678
v -0.23472197 0.55510968 -0.46854979
v 0.47593635 0.51210773 0.29956806
v 0.15701145 -0.25617182 -0.42157575
v -0.33390552 0.34298778 0.00015287
v -0.18478145 0.36325333 0.26388961
v -0.41227472 -0.38589722 -0.41319358
v 0.25914225 0.11881729 -0.00212280
v 0.23891844 0.21584983 0.14431162
v 0.40442255 -0.22739474 -0.17705207
v -0.43731162 -0.54843301 0.40136597
v 0.50703144 0.51100743 -0.24030595
v 0.22679816 0.49124864 0.50796831
v 0.54695785 -0.53883153 0.22392218
v -0.50673336 0.55958158 0.04781250
v 0.52345800 0.51002413 -0.20303673
v -0.27448577 0.08495405 -0.19436778
v -0.28863725 -0.33281285 0.49537790
v 0.42898914 0.32268584 -0.00206337
v 0.26273707 0.50239092 0.50089216
v 0.16580626 0.55759674 -0.48641756
v -0.20505513 0.27340743 0.35476470
v -0.43951514 -0.36887318 0.21527563
v -0.26518971 0.08986304 0.20776372
v -0.47451586 -0.43695229 0.14110288
v -0.44072986 -0.56039000 0.37328336
v 0.21628101 0.08521618 0.25672972
v -0.27313772 -0.31211039 0.38263768
v -0.09981403 0.19974506 0.36873427
v -0.22650596 0.08174654 0.24893254
v 0.42097890 -0.53518856 -0.42121235
v -0.02687011 -0.47808510 0.48757818
v 0.28568935 0.55787468 0.42939982
v 0.15905948 -0.36297438 -0.45580852
v 0.39755094 -0.47835508 0.24888128
v -0.33286154 0.07671045 0.03713984
v 0.49271756 0.49066728 -0.26102033
v -0.27850252 0.28759992 0.10986230
v 0.02487250 0.09584842 0.25260434
v 0.27915999 -0.16970435 -0.30426514
v -0.12905769 0.42998624 0.48544121
v -0.28545141 0.55800223 0.41633689
v 0.13959080 0.37395224 -0.42458567
v -0.09117974 0.54469293 0.47416413
v 0.36777422 -0.29954726 -0.27887991
v 0.24870905 0.35936195 0.23015508
v 0.36941537 0.49000448 0.41652572
v -0.37053573 -0.53772777 -0.46060258
v 0.37881517 -0.11793029 -0.00891604
v 0.41285402 0.54507738 -0.27184218
v -0.40628299 0.51115096 0.39191425
v 0.21637680 0.27991882 -0.21135366
v -0.18326735 -0.18867931 0.38343838
v -0.50147581 0.56095052 -0.07141442
v 0.54989213 0.48980224 -0.07143093
v 0.01509914 -0.16619869 0.41579530
v -0.43683738 0.36098856 0.11736766
v 0.02557508 0.28895518 -0.30455706
v -0.32762063 0.07732288 -0.07783905
v -0.50851840 -0.42820981 0.29752699
v 0.25598586 0.02464860 0.00565069
v -0.48012683 -0.26972666 0.28000155
v 0.20708860 -0.43548128 0.44803098
v -0.00465302 -0.19022359 -0.43278956
v 0.38135359 0.44799215 0.12056738
v -0.17923129 0.08433512 -0.16012511
v 0.25072151 0.08086985 -0.22268426
v 0.51253104 0.55591381 0.10616862
v -0.21901584 0.36340863 0.38462418
v -0.58441716 -0.56029558 -0.01264450
v -0.21912540 0.37042949 0.25950789
v -0.22073767 -0.55941701 -0.53867126
v -0.37013727 0.47712696 -0.21306719
v 0.31453100 -0.27749410 0.33962932
v -0.18713853 0.55242777 -0.46483263
v -0.15145397 -0.33954373 -0.55461991
v -0.26420549 -0.56032181 -0.51966029
v -0.35517755 0.43018287 0.35548556
v 0.08148725 0.06635314 0.33438250
v -0.25106424 -0.31185609 -0.37919801
v 0.23909305 0.06781920 0.24717876
v 0.32361668 -0.18872224 0.27044451
v -0.36310476 0.30606654 0.17884558
v -0.26026475 0.31970060 0.12162512
v -0.36627007 0.39899427 0.00259551
v 0.40372351 0.49639794 -0.39267668
v -0.22708610 0.18136291 -0.28338164
v -0.44052514 -0.44089404 -0.21964779
v -0.26243341 0.36230892 -0.20423570
v 0.20924674 0.19630055 -0.16361232
v 0.33372778 -0.56039357 0.46758318
v 0.36993709 -0.39463174 0.32469955
v -0.53213090 -0.54900360 0.26046285
v 0.12196680 -0.44282877 -0.48907211
v -0.56062275 0.50943637 -0.04813858
v -0.08528852 0.27596521 0.26805818
v 0.21605344 -0.42726445 -0.44721627
v -0.51039958 0.55747384 -0.01758450
v 0.04195089 0.07596444 -0.33290851
v -0.37890697 0.36116734 -0.22370946
v 0.34738728 -0.47826624 -0.33478552
v -0.44124252 -0.27595475 0.11909478
v -0.40116632 0.37591976 0.22830939
v -0.32750240 0.54527712 0.33978611
v -0.03020062 -0.43540695 -0.50038189
v -0.33822566 0.30824754 0.24060108
v -0.37602589 -0.12661654 0.07992872
v 0.33557805 -0.08570623 -0.10623597
v -0.45136744 0.54552591 0.17757384
v 0.40425262 0.55661613 -0.32068327
v -0.34157649 -0.29635558 -0.32059845
v 0.38952866 0.46292621 -0.13593537
v -0.25092486 -0.10227846 0.26568210
v 0.25186390 -0.04008859 -0.16436455
v -0.43421677 0.36273149 -0.05608001
v -0.22368269 0.08005131 -0.25003234
v -0.37844813 0.55595177 -0.30805615
v 0.30601713 -0.23293842 0.31871524
v 0.29929575 0.30687749 -0.29880226
v -0.13617204 0.14074484 -0.22386600
v -0.55157918 -0.55853206 0.19581522
v -0.38638666 -0.05553710 0.22187291
v 0.05931537 0.51191276 -0.55670929
v -0.43941721 0.55719590 -0.24470621
v -0.48244601 0.51029807 0.29330096
v -0.05380335 0.37192556 0.44082606
v -0.26670095 0.21690309 -0.28113970
v -0.16782308 0.07032759 -0.29776368
v 0.25706103 -0.12144233 0.25682431
v 0.33243194 -0.31594223 0.33550900
v -0.51700890 -0.21457639 -0.13889386
v -0.46365398 0.55358249 -0.25134453
v 0.35454622 -0.54702556 0.47329861
v -0.27738678 -0.25753930 0.47698501
v 0.02398727 0.44136396 -0.39472735
v 0.01266918 0.50911456 0.56485343
v 0.20053254 0.40360653 0.30866376
v -0.16841711 -0.56039447 -0.55212450
v -0.28361839 0.22496212 0.00351027
v 0.45992491 -0.26352569 -0.01136671
v -0.16887067 0.09897232 0.29922721
v 0.41912165 -0.02169080 -0.00091398
v 0.10406105 0.51190019 0.55120647
v -0.43714038 0.49855945 -0.35195658
v 0.28480676 0.55755687 -0.42763293
v -0.45117101 -0.36714461 -0.17976843
v -0.08064093 0.55764240 -0.51529002
v 0.17824338 0.49739209 0.53300297
v -0.12312036 -0.02647488 0.27009010
v -0.38751006 -0.00058880 0.10478367
v -0.10452759 0.08560243 0.32085508
v -0.20174879 0.49685067 0.52313900
v 0.40370327 0.55553663 0.28495952
v -0.32319671 0.36959198 0.30653426
v -0.11657162 0.35178494 -0.31441918
v 0.21168166 0.47740382 -0.37131944
v -0.24168953 0.30499193 -0.33576378
v -0.29873741 0.26702920 0.00141604
v 0.39340898 -0.20213184 0.18233693
v -0.44136071 0.42433429 0.23580611
v 0.29481825 -0.39914465 -0.50619262
v -0.13399421 0.54648203 0.51805675
v 0.25605682 0.42536935 0.43764734
v 0.39617482 -0.29293284 0.40019536
v 0.28216624 0.24073720 -0.28054559
v -0.23195702 -0.56001490 -0.53549474
v 0.18969481 -0.55892628 -0.55128735
v 0.11254883 -0.02847254 -0.27666265
v -0.43618989 -0.54718560 -0.40305039
v 0.10161240 0.22348095 -0.37779406
v -0.45488498 0.55301917 0.20791034
v 0.11693457 0.35486507 0.43509516
v -0.11512999 0.28458190 -0.27899241
v 0.35524744 0.13665991 0.00259990
v 0.12713704 -0.46404627 -0.48272741
v 0.14785014 -0.42835408 0.47749001
v 0.37248686 0.17556293 -0.00692597
v 0.31536233 0.34723479 0.31312102
v 0.02277431 -0.56029868 -0.58234948
v 0.54417855 0.51217210 -0.14474380
v 0.00066468 -0.00620407 0.40620092
v -0.37925965 -0.44614491 0.30846941
v 0.46322241 -0.53929269 0.36722952
v -0.24128623 0.26325250 -0.31396866
v -0.21257098 0.47721288 0.37063789
v 0.09571500 0.55663073 0.49123096
v 0.08877531 -0.06261716 0.30010334
v 0.14345084 0.10127620 -0.21022651
v 0.53675157 0.51926690 0.15238751
v -0.29071298 0.28494081 -0.29193184
v 0.13569374 0.51308256 0.54566449
v 0.28490892 0.41217220 0.24191266
v -0.14670323 -0.28578651 0.54149818
v -0.22040597 -0.42757624 0.44828409
v -0.16715775 0.37112722 0.41075161
v -0.36364838 -0.56040931 0.44813219
v 0.57911950 -0.56014806 -0.05785447
v 0.49246696 0.55663306 0.14433756
v -0.32316327 -0.18341970 -0.25141835
v 0.49952424 0.49956071 0.26118714
v 0.11627913 0.27732834 -0.25569481
v 0.38076761 0.48892739 -0.40601590
v -0.13407212 0.24085973 -0.25439069
v -0.48879829 -0.36799496 0.01113051
v 0.01802770 -0.53447968 0.59409535
v -0.23517916 -0.04298613 0.18487737
v -0.15871143 0.55430627 0.49989209
v -0.40280318 0.36295080 -0.17187524
v -0.33395904 0.44248062 -0.21417049
v -0.48821485 -0.14998347 -0.12852454
v -0.29546374 -0.47830927 0.37070349
v -0.45394701 -0.47830892 0.15439126
v 0.34790486 -0.08185743 -0.00749192
v -0.34851685 0.11370616 -0.00235986
v -0.24787450 0.06602138 -0.24042903
v 0.28510863 0.23001491 -0.00199349
v -0.00161118 -0.12617724 -0.38058013
v 0.11047948 -0.07826886 -0.32173958
v 0.45836952 -0.09681218 -0.12189949
v 0.19247022 0.03255810 0.16128275
v 0.36725199 -0.47831753 -0.30257228
v -0.48176140 0.40030751 0.00021056
v -0.32863122 0.49605557 -0.45354709
v -0.35105193 0.15230051 -0.09395763
v -0.44417703 -0.56039196 -0.36760202
v -0.21130253 0.51232058 0.40839323
v -0.35509256 0.42675838 -0.35244912
v 0.22818924 0.35525212 0.38822490
v -0.29024875 -0.04369671 0.12095866
v -0.51305115 0.49468979 -0.22138476
v 0.00763707 0.29878145 0.41640416
v -0.38687068 -0.24352321 -0.38652253
v 0.18015197 -0.08156157 0.30145290
v -0.31274602 -0.21617407 -0.30096984
v -0.26906189 0.54868394 0.39953709
v 0.20077977 0.38781351 -0.29404971
v -0.20348924 0.22966295 0.18147606
v -0.58208138 -0.53860831 -0.10759066
v 0.08375662 -0.29903203 0.44373140
v -0.56585336 -0.40548989 0.15417168
v 0.49781239 -0.47119892 -0.00004083
v 0.02522826 0.38961521 -0.35800701
v -0.22241862 -0.13452695 -0.29338527
v 0.43288043 0.50274640 0.12353197
v -0.25403535 0.08015710 0.00018319
v -0.26421607 -0.18188475 0.44897643
v -0.30734158 -0.17422217 -0.28440866
v -0.13209021 0.27705184 -0.36659095
v 0.40156418 -0.42541000 0.29279685
v 0.18110301 -0.27483124 0.42232466
v 0.15195955 0.54762983 -0.46484432
v -0.22177687 -0.05469869 0.38565385
v -0.49541834 0.54618835 0.19346969
v 0.40486881 0.55286956 0.33469230
v -0.22276871 0.33636868 0.23813586
v 0.22447877 0.16430147 0.14279416
v 0.40904230 -0.36883882 0.41238204
v -0.40736023 0.51189369 -0.21308820
v -0.57592863 -0.56025040 0.09012228
v -0.01171808 -0.26928356 0.45524669
v 0.47534496 -0.25041687 -0.27505898
v -0.00192220 0.02722904 0.25554800
v 0.00156833 -0.00468379 0.28192326
v -0.33903331 0.36410558 -0.27890101
v 0.43285644 0.51717496 0.34923667
v 0.40362686 0.37141213 0.22805880
v -0.28862497 0.35337347 -0.11819310
v -0.11185656 0.45934513 -0.39579836
v -0.57891297 -0.54807305 0.13288647
v 0.00231680 -0.12601095 -0.49212384
v 0.27464202 -0.55992943 0.51471043
v 0.16473323 -0.31077117 -0.43584526
v 0.24662217 -0.12703048 0.42632169
v 0.40071362 0.37069544 -0.19267319
v 0.58488804 -0.53646201 0.08419365
v 0.24206190 -0.04610100 -0.20794129
v -0.05504926 0.54232061 -0.48447004
v -0.33520037 -0.06441349 0.00237918
v -0.34500632 -0.12712176 -0.17023852
v 0.29707175 -0.47595009 -0.51228750
v 0.36538261 0.02693649 0.09732867
v 0.21172726 0.43731129 -0.33133695
v -0.10538738 -0.00770093 -0.39353466
v 0.47159377 0.48679423 0.29477495
v -0.24125643 0.33178517 -0.21667531
v 0.57215559 -0.32683736 -0.00031894
v 0.10581189 -0.47828430 0.47342533
v -0.36246511 -0.24708501 0.26416218
v 0.50504994 -0.39308515 -0.29474771
v 0.08688252 0.09964851 0.33053869
v -0.52548599 -0.19120970 0.00094672
v 0.30918947 0.55090028 0.42720580
v -0.35388958 -0.56039882 -0.45682493
v -0.38668332 0.22410941 -0.00370034
v -0.25809056 0.48861390 -0.49133644
v 0.42292216 0.47188970 -0.00243392
v 0.03069748 0.36133775 -0.44528201
v 0.31689668 -0.14878082 0.21425390
v -0.40077740 -0.15677974 -0.06269874
v 0.22853129 0.07017741 0.07335904
v 0.20957603 -0.54417598 0.55332953
v -0.37365401 -0.19546744 0.20830226
v -0.30077991 0.33197707 0.05252149
v 0.55511695 -0.53849256 -0.20418760
v 0.26736858 -0.21618129 -0.46470824
v 0.25317249 0.06916545 -0.00067578
v 0.25503305 -0.00112876 -0.10938774
v 0.32096404 -0.40538985 0.36117795
v -0.14022657 -0.31262416 0.44693649
v -0.41281447 -0.16118529 -0.01966376
v 0.49016753 -0.56036073 -0.31065032
v -0.00032047 -0.36233717 0.57963234
v -0.22816375 0.17260425 0.14077890
v 0.45014644 -0.47833431 -0.15926926
v -0.27582395 0.21131289 0.27081090
v -0.40303445 -0.32033744 -0.40359375
v -0.52722096 -0.24250194 0.14382586
v 0.35711581 -0.55999374 -0.45641661
v 0.15681829 0.03479940 -0.19520637
v -0.09144954 -0.55556524 -0.58337444
v -0.43334204 0.42786202 -0.25189412
v 0.41320452 -0.25825620 0.17916672
v 0.43941790 -0.21137567 -0.00363479
v 0.00209277 -0.31497720 -0.56894046
v 0.50922704 0.56039017 0.08409505
v -0.13762860 0.06369801 -0.21205920
v -0.49212101 -0.15936604 0.13354309
v 0.09883592 -0.17344323 -0.40783003
v -0.13589919 0.18764614 -0.23614115
v 0.01267624 -0.47828710 0.48670492
v 0.35363114 -0.55246657 -0.47021154
v 0.36069134 -0.44181836 0.34329897
v -0.08947007 -0.31223199 -0.44937620
v 0.24451368 -0.12815744 -0.42828029
v 0.20678477 -0.01604656 -0.20347083
v 0.37434089 -0.17870551 -0.18178190
v 0.35321525 -0.14048448 0.35407349
v -0.31063521 0.15279219 0.17951016
v 0.26161018 -0.03714663 0.15075023
v 0.51126027 -0.46266684 -0.29753724
v 0.30498201 0.28305647 -0.00199944
v 0.37882206 0.27372873 0.09195141
v -0.04562189 0.09307546 -0.23551385
v -0.50693101 0.51227808 -0.23828496
v -0.22899829 0.03060410 -0.06464762
v 0.11125208 0.45079967 -0.37448665
v -0.37643811 0.22382225 -0.10076181
v -0.28809720 -0.33273351 -0.49565893
v 0.23621623 0.36747155 -0.37599316
v -0.39152634 -0.15859136 -0.10692316
v -0.40170938 0.29524350 -0.10788728
v -0.48706979 -0.46585482 0.06194198
v 0.24438988 0.32297382 -0.20845327
v 0.55902904 -0.35650522 0.14926241
v 0.00634470 0.20431441 0.37875971
v -0.31152824 0.20951773 0.20956714
v -0.25289854 -0.00559371 0.12469932
v -0.29664490 -0.40516528 0.50591576
v 0.03181982 0.13700940 -0.25831389
v 0.56203854 -0.37504503 -0.15074739
v 0.55841452 0.49556029 0.04338045
v -0.36959714 0.23041461 0.09908099
v 0.49129173 -0.30847770 0.28401285
v 0.20609625 0.27289909 -0.35440776
v 0.30515191 0.13619152 0.17508513
v -0.07450187 0.51259667 0.55435324
v 0.29402694 0.31174058 -0.11405302
v -0.34863362 0.47529539 0.24036102
v 0.10335708 0.00311277 0.38450748
v -0.45566738 -0.42001534 0.20331754
v -0.02780870 0.27365071 -0.38710281
v -0.25840047 -0.47831026 0.39567000
v -0.19849479 -0.45796260 0.44750857
v 0.17617403 0.19259186 0.19146647
v -0.25861576 -0.04381696 -0.18124947
v -0.10912499 0.40941817 -0.35572699
v 0.16923866 0.55164135 0.49948719
v -0.13439652 -0.12137216 -0.34957027
v -0.49870825 -0.35124332 0.29119396
v -0.25458822 -0.13985901 -0.42956585
v 0.50188249 -0.55992687 0.29928288
v 0.33288518 0.50304085 -0.45438465
v 0.26912794 0.17227197 0.00058353
v -0.36862865 0.55761957 0.35642055
v -0.18738660 0.27674705 -0.34345675
v -0.49922955 -0.55745465 -0.31035832
v -0.16060734 -0.43772075 0.47730529
v -0.20543525 0.07893165 0.26384297
v -0.17551591 0.32434750 -0.25492704
v -0.06834407 0.48839569 0.54907417
v -0.45289245 -0.08810443 -0.11855178
v 0.28339851 -0.30903247 -0.49178302
v 0.38113171 0.37192038 -0.23347363
v -0.24870470 -0.56038666 0.52176976
v 0.17225567 0.08894090 -0.17651615
v 0.00280703 0.32097954 0.32157761
v 0.37159100 -0.03420318 -0.21481726
v -0.45176011 0.50289702 0.00324382
v 0.52018398 -0.55926138 -0.27218547
v -0.27044237 0.55109286 -0.41294825
v -0.46946207 0.55360192 0.15318295
v 0.03909573 0.03592588 0.23641188
v 0.41600895 -0.10517628 -0.23801051
v 0.17314576 -0.02316783 0.24065642
v -0.15296759 0.48759073 0.53493875
v 0.41154605 -0.56041032 0.40459549
v 0.11370928 -0.05619750 -0.43136191
v 0.40853512 0.52468371 0.23984417
v -0.50485802 -0.39267135 -0.29497707
v -0.04773895 0.03437742 0.23940399
v -0.17092992 0.38758269 0.30041444
v 0.03009385 0.23806012 -0.28451672
v -0.35671544 -0.47788933 -0.32559249
v 0.02809716 0.34089723 -0.32913420
v -0.27057794 0.17895404 0.00109343
v 0.16256474 0.28649333 0.35837525
v -0.29318458 0.41986302 0.23939377
v 0.21564771 -0.04102194 -0.37754899
v -0.53798395 -0.56039470 -0.20194745
v 0.44860241 0.37863913 -0.02618586
v 0.42935807 -0.47835073 0.19571395
v -0.01983099 -0.53766996 -0.59377885
v -0.23291440 -0.01557989 -0.17273866
v -0.56173253 -0.37471935 -0.15173823
v 0.14852037 -0.27919075 -0.53873044
v -0.26075125 0.12945935 0.00166596
v 0.00160213 -0.22727278 -0.54072851
v -0.44602296 -0.16775787 -0.25559726
v 0.22712505 -0.55225289 -0.54439431
v -0.44824260 -0.24062529 0.01265794
v -0.28771666 -0.07916836 0.16792677
v -0.06523959 -0.54520464 -0.58791339
v 0.50717723 -0.19120882 0.13629358
v 0.39858171 -0.33787259 0.23613416
v -0.10701186 -0.01505432 0.39951932
v 0.03983245 0.28572899 0.39066422
v -0.41173467 -0.03086135 -0.11051265
v -0.31978187 0.07199436 0.10725164
v -0.45513567 -0.19250734 0.26355058
v -0.34692425 0.15338400 0.09257020
v 0.18310888 -0.47835866 -0.41613203
v -0.46579063 -0.27936989 0.01779878
v 0.32894206 -0.09021814 0.07038202
v 0.09401293 -0.55873013 0.57846254
v 0.37281749 -0.03563172 0.21482490
v -0.11576076 -0.47835997 -0.44838575
v 0.11936079 -0.56039208 -0.56444657
v -0.14383616 0.54478049 0.46154228
v -0.23503007 0.51021665 -0.39265046
v -0.57340544 -0.55976701 0.10795397
v 0.14716542 -0.29181892 0.54314870
v 0.48679546 -0.11721732 -0.00113394
v -0.52590293 0.47414556 -0.14031118
v -0.40882352 -0.25823596 0.21266599
v 0.41437027 -0.18101700 0.06477682
v 0.41574824 0.32503644 0.11005514
v -0.24004292 0.40402529 -0.27954149
v -0.47749811 -0.10206087 0.00247537
v -0.15271872 0.55168951 -0.47710872
v -0.18460216 -0.37953341 -0.44957545
v 0.48574165 0.54624361 -0.08730485
v -0.41427594 -0.39900041 0.41419807
v -0.48623121 0.42257440 0.13084681
v 0.20083576 0.44764078 0.34828284
v -0.11731308 0.34687379 -0.43115848
v -0.29590636 -0.40428963 -0.50621229
v -0.18021028 0.48998937 0.52583194
v 0.35305282 0.41521066 0.35308218
v -0.24345805 -0.11584491 0.42037967
v 0.53809953 -0.22047062 -0.00108293
v -0.33720452 -0.33818105 -0.33950803
v 0.48363760 0.42837358 -0.12862335
v 0.13944302 -0.19676094 -0.50903481
v -0.35095751 -0.14547385 0.19499107
v -0.44600755 -0.07846126 0.12030052
v 0.03018156 0.24923551 -0.39328229
v -0.07157511 -0.56038028 0.57589477
v -0.28721237 -0.00333660 -0.28401035
v -0.10617330 0.43142030 0.35481736
v 0.15430403 -0.37578431 0.56120443
v 0.52658767 0.48958689 -0.17739685
v 0.02708195 0.19355401 -0.37231773
v -0.18163309 -0.29783639 -0.42507064
v 0.34727773 0.40644753 0.12609811
v 0.01621941 0.07570344 0.33581069
v 0.36770976 0.49293932 0.24171863
v 0.00621101 0.38974133 0.47463024
v 0.41769713 -0.47807929 0.22600903
v -0.41847742 -0.47600180 0.41902867
v -0.33090836 -0.56039131 -0.47209615
v 0.39955282 -0.01536976 -0.10783586
v -0.35328355 0.45047948 0.14335673
v 0.44355553 -0.28643197 -0.13710028
v -0.36409616 -0.47834891 -0.30597275
v -0.39255410 -0.47782439 0.27450281
v -0.38853315 0.42980567 0.00067365
v 0.48151794 -0.47833481 -0.01935523
v -0.03030410 -0.18990161 0.42919588
v 0.50654453 -0.18808222 -0.13459548
v 0.47204423 0.37974471 0.01413511
v 0.16032606 -0.19528458 -0.39935184
v 0.36825365 0.31335279 -0.21200468
v 0.30688497 -0.30618906 -0.35741994
v 0.42417207 -0.18359026 0.02580067
v -0.00176843 -0.17965835 0.52007729
v 0.08080842 0.23013234 0.25960159
v -0.36224714 -0.16065738 -0.35993850
v 0.20001152 0.51976019 0.42154488
v 0.43127221 -0.31508476 0.18052727
v -0.17455202 -0.47828624 0.44503137
v 0.15505406 -0.36317921 -0.55862534
v 0.00169661 0.41524148 0.37745455
v 0.39273253 -0.28194645 -0.39895314
v 0.13003004 0.36160514 -0.28442085
v 0.35123026 0.41868427 -0.13802540
v 0.00002567 -0.08779399 0.46843815
v -0.38344103 -0.30153066 -0.26125127
v 0.32781777 0.47308978 -0.26422083
v 0.02948105 0.18917380 -0.27007461
v 0.21283683 0.11553314 0.14385964
v -0.38459191 -0.23369983 0.38353962
v 0.44998023 0.42330039 0.22717208
v 0.46249929 -0.20851099 0.26497161
v 0.16905081 -0.22533798 0.40241396
v 0.17833315 0.08683073 0.16765511
v -0.36432880 0.51065409 -0.42715082
v -0.20190065 0.31459740 0.24058011
v 0.37375423 -0.13924754 -0.13173868
v -0.14443423 -0.25037667 -0.53008932
v -0.35603338 -0.47825727 0.32589740
v 0.34968683 -0.35473651 0.33136401
v -0.36062646 -0.15659550 0.35850248
v 0.13715848 0.08048785 0.30521369
v 0.34634206 -0.12241825 -0.34623730
v -0.55870080 -0.27872390 0.00141641
v 0.49097952 -0.37101635 -0.01108595
v 0.12594013 -0.13343742 0.47977546
v -0.15381278 -0.37535825 0.56124049
v -0.08827338 0.06431732 0.33505273
v 0.09774149 0.13648632 0.24036852
v 0.10989904 0.29783815 -0.40471461
v -0.39397806 -0.45456073 -0.29190639
v 0.09786185 -0.56039262 -0.56678802
v 0.29399607 -0.07449342 -0.15399258
v -0.14282325 -0.24977766 0.42560753
v -0.17944522 0.28692389 0.24216850
v 0.56603605 -0.56039226 0.10512625
v -0.50179291 -0.46195921 0.00589937
v 0.00048055 -0.02481452 -0.29837918
v 0.37660143 -0.21505378 0.38086590
v 0.00829261 -0.12108164 0.37828839
v -0.54658294 0.51260686 0.13325563
v 0.00806679 0.40917429 -0.49642342
v 0.50574201 -0.39934358 0.29568616
v 0.45090905 0.55369538 0.27241892
v 0.00291309 0.46289471 0.41460589
v 0.08324960 -0.15638259 0.39566320
v 0.24905288 0.42565563 -0.43128604
v 0.42125088 -0.11451855 0.24045482
v -0.13488118 -0.16467133 -0.49451524
v 0.02459889 0.49325761 -0.43980706
v -0.27054006 0.55817801 0.43459132
v 0.29021344 -0.01397280 -0.00133189
v 0.00268715 0.06406951 -0.34655485
v -0.18804140 0.03331577 0.15803823
v -0.23672238 0.34637856 -0.37233400
v -0.47153914 -0.23828958 -0.27276859
v 0.32222193 -0.53850698 0.49781379
v 0.35024786 0.37291041 -0.27427122
v 0.11027126 -0.56039107 0.56911451
v -0.57916456 -0.55296141 -0.10103782
f 1667 421 2000
f 1667 164 421
f 1667 1290 164
f 1195 1290 1667
f 1355 1667 2000
f 69 73 195
f 1351 195 1499
f 1351 69 195
f 69 1355 73
f 69 1667 1355
f 332 69 1351
f 425 2000 1257
f 425 1355 2000
f 96 1355 425
f 96 73 1355
f 195 73 96
f 332 1667 69
f 332 1195 1667
f 1853 1195 332
f 448 1853 332
f 531 309 1815
f 309 1300 1815
f 580 1300 309
f 286 1300 1071
f 286 1815 1300
f 1300 230 1071
f 580 230 1300
f 527 1326 1402
f 527 906 1326
f 1848 1326 744
f 1848 1402 1326
f 906 1069 744
f 906 744 1326
f 744 1069 685
f 1069 1118 685
f 1069 309 1118
f 580 309 1069
f 580 1069 906
f 531 1118 309
f 685 1118 531
f 1848 744 685
f 164 1290 168
f 1357 421 164
f 1257 421 1357
f 1257 2000 421
f 1290 527 168
f 1195 527 1290
f 1357 164 168
f 168 527 1402
f 1195 906 527
f 168 1402 1848
f 1357 168 1848
f 96 425 1257
f 1499 195 96
f 1195 580 906
f 1195 1838 580
f 1853 1838 1195
f 1222 1214 1082
f 808 1222 1061
f 808 1214 1222
f 791 635 1977
f 578 791 1307
f 791 1097 1307
f 1977 1097 791
f 1214 1038 274
f 1038 578 274
f 1038 791 578
f 1038 635 791
f 1082 1214 274
f 1853 1171 1838
f 125 1171 1853
f 448 125 1853
f 1964 125 448
f 1038 1633 635
f 125 1996 1171
f 1560 1996 125
f 1560 1857 1996
f 1964 1560 125
f 1720 1560 1964
f 1639 1857 1560
f 1720 1639 1560
f 1887 1639 1720
f 1887 1820 1639
f 363 643 1598
f 1074 363 1598
f 1074 1598 748
f 1598 63 748
f 643 63 1598
f 643 799 63
f 33 63 1133
f 33 748 63
f 63 799 1133
f 799 257 1133
f 799 1477 257
f 531 1815 286
f 286 1071 1282
f 1282 1071 230
f 230 363 1282
f 1654 1282 363
f 230 643 363
f 1074 1654 363
f 1848 685 531
f 1257 1357 1848
f 415 811 874
f 1250 1499 96
f 578 1307 274
f 1307 1082 274
f 230 156 643
f 580 156 230
f 1838 156 580
f 1838 1436 156
f 908 1971 1147
f 1517 432 470
f 470 725 1517
f 725 470 899
f 1575 432 1517
f 725 899 1240
f 669 725 1350
f 669 1517 725
f 669 1575 1517
f 1350 1240 265
f 725 1240 1350
f 981 669 1350
f 1350 57 981
f 1350 265 57
f 1971 981 57
f 1971 669 981
f 57 1147 1971
f 1222 415 874
f 1082 415 1222
f 1061 1222 874
f 432 808 1061
f 432 1575 808
f 432 1061 470
f 1061 811 470
f 811 1061 874
f 811 899 470
f 1171 1436 1838
f 1171 1745 1436
f 619 1204 1575
f 1946 1575 669
f 1946 619 1575
f 761 669 1971
f 761 1946 669
f 1575 1214 808
f 1204 1407 1575
f 619 1407 1204
f 549 1407 619
f 1575 1038 1214
f 1407 1038 1575
f 1360 1038 1407
f 1360 1633 1038
f 1407 1871 1360
f 1171 1661 1745
f 1996 1661 1171
f 1857 1661 1996
f 1857 1936 1661
f 1946 549 619
f 1276 549 1946
f 1276 1407 549
f 834 1407 1276
f 1859 1871 1407
f 1859 1407 1728
f 834 1779 1407
f 1779 1728 1407
f 1728 1169 1859
f 1728 1739 1169
f 1398 1936 1857
f 1639 1398 1857
f 1639 1820 1398
f 1096 1779 834
f 1820 129 1398
f 1820 1866 129
f 1381 1820 1887
f 1381 1866 1820
f 1135 36 889
f 1477 36 1135
f 853 36 1477
f 1919 1135 889
f 893 1919 889
f 36 1101 893
f 889 36 893
f 893 1101 481
f 1101 520 481
f 36 520 1101
f 853 520 36
f 1394 33 1133
f 1394 1133 257
f 643 1477 799
f 1394 257 1722
f 1477 362 1722
f 1477 1722 257
f 1477 1135 362
f 1919 362 1135
f 362 1919 1722
f 1074 748 33
f 1923 1065 1842
f 1065 468 859
f 1923 468 1065
f 286 1282 1654
f 265 1147 57
f 265 1923 1147
f 811 1240 899
f 1307 415 1082
f 156 1477 643
f 156 853 1477
f 156 1895 853
f 1436 1895 156
f 718 118 1172
f 734 718 1172
f 126 885 1172
f 734 1172 885
f 388 1147 1923
f 1147 388 908
f 1020 908 388
f 1020 761 908
f 761 1971 908
f 1842 388 1923
f 388 1842 1020
f 1020 1842 1100
f 424 1020 1100
f 1842 1065 1100
f 761 1020 424
f 1100 859 424
f 859 1100 1065
f 118 424 859
f 718 424 118
f 718 761 424
f 498 761 718
f 859 468 118
f 1172 118 468
f 468 126 1172
f 1745 1777 1436
f 1436 1777 1895
f 1745 869 1777
f 1540 1946 1900
f 1900 761 498
f 1509 1900 498
f 1509 1540 1900
f 1372 1540 1509
f 1900 1946 761
f 1661 869 1745
f 1661 43 869
f 1936 43 1661
f 1628 1276 1946
f 1628 834 1276
f 1372 1946 1540
f 1372 1663 1946
f 1663 1628 1946
f 1676 1628 1663
f 1936 1809 43
f 1398 176 1936
f 176 1809 1936
f 218 1676 1663
f 176 158 1809
f 1096 834 1628
f 1708 1096 1628
f 641 1708 1628
f 1371 1708 641
f 641 1628 1676
f 1779 1096 1708
f 1708 559 1779
f 1067 1739 1728
f 1067 1378 1739
f 559 1728 1779
f 559 1067 1728
f 1398 129 176
f 129 1907 176
f 78 1907 129
f 78 129 1866
f 559 1708 1371
f 166 559 1371
f 166 1371 1200
f 1707 1067 559
f 1247 1707 559
f 166 1247 559
f 1506 481 520
f 520 1131 1506
f 520 522 1131
f 853 522 520
f 1595 1506 1131
f 1131 522 1595
f 522 1021 1501
f 522 1501 1595
f 980 1595 1501
f 980 1501 1021
f 522 325 1021
f 177 1021 870
f 177 980 1021
f 325 605 870
f 325 870 1021
f 1506 893 481
f 980 1506 1595
f 84 163 451
f 886 163 84
f 1919 1394 1722
f 126 902 885
f 1654 1074 33
f 468 902 126
f 1848 531 286
f 1250 96 1257
f 1307 91 415
f 415 91 811
f 811 91 1240
f 853 120 522
f 853 127 120
f 1895 127 853
f 522 120 325
f 160 734 885
f 128 734 160
f 885 902 160
f 128 718 734
f 225 902 886
f 902 225 160
f 160 225 128
f 494 128 225
f 886 84 225
f 494 225 84
f 341 128 494
f 1889 128 341
f 451 494 84
f 341 494 451
f 451 163 765
f 341 451 765
f 1889 341 255
f 1505 127 1895
f 1777 1505 1895
f 869 1505 1777
f 869 1958 1505
f 1509 718 128
f 1509 498 718
f 1889 1509 128
f 1115 1509 1889
f 1912 1509 1115
f 43 1958 869
f 43 1989 1958
f 1345 1509 1912
f 218 1663 1372
f 506 1372 1509
f 506 218 1372
f 1345 506 1509
f 1382 506 1345
f 1809 1989 43
f 1672 1676 218
f 1672 218 506
f 1672 641 1676
f 176 929 158
f 1907 929 176
f 1907 350 929
f 1200 1371 641
f 1672 1200 641
f 1804 1200 1672
f 797 1804 1672
f 797 1852 1804
f 1804 166 1200
f 1852 166 1804
f 1002 166 1852
f 1176 166 835
f 1176 1247 166
f 835 166 1774
f 1774 166 1002
f 720 407 298
f 720 252 407
f 120 252 720
f 252 71 407
f 252 1749 71
f 1567 177 870
f 1567 605 720
f 1567 870 605
f 325 720 605
f 325 120 720
f 1567 720 298
f 407 1567 298
f 71 1567 407
f 177 1506 980
f 163 469 490
f 902 163 886
f 177 893 1506
f 163 1875 469
f 468 163 902
f 177 1919 893
f 163 648 1875
f 1240 91 265
f 265 648 1923
f 91 648 265
f 1394 1654 33
f 1923 648 468
f 468 648 163
f 194 848 588
f 255 341 765
f 490 765 163
f 255 765 490
f 204 255 490
f 204 490 469
f 848 255 204
f 1889 255 848
f 469 546 204
f 546 469 1875
f 588 204 546
f 848 204 588
f 26 546 1875
f 588 26 882
f 588 546 26
f 1912 1115 1762
f 1762 1115 1889
f 194 1762 848
f 1762 1889 848
f 1083 1382 1345
f 1345 1912 1762
f 1083 1345 1409
f 1409 1345 1762
f 1809 820 1989
f 158 820 1809
f 1807 506 1382
f 1807 1672 506
f 1807 1401 1672
f 1807 1382 1083
f 929 820 158
f 929 1712 820
f 350 1712 929
f 797 1672 1401
f 1165 1852 797
f 1202 1165 797
f 703 1202 797
f 1749 1861 54
f 252 1861 1749
f 263 54 1861
f 1861 1851 263
f 1364 1851 1861
f 263 1851 1346
f 292 1346 1851
f 54 71 1749
f 26 847 882
f 1875 847 26
f 847 333 702
f 847 1051 333
f 54 1567 71
f 306 263 1346
f 54 177 1567
f 1875 648 847
f 306 54 263
f 306 177 54
f 1972 177 306
f 177 1394 1919
f 286 1654 1394
f 1848 286 1394
f 177 1848 1394
f 120 1861 252
f 120 1364 1861
f 127 1364 120
f 127 1003 1364
f 339 588 882
f 339 194 588
f 339 882 477
f 702 477 847
f 1534 477 702
f 1534 339 477
f 818 339 1534
f 49 702 333
f 1534 702 49
f 49 333 1051
f 215 1534 49
f 818 1534 215
f 882 847 477
f 1505 1003 127
f 1958 1753 1505
f 1505 1753 1003
f 818 194 339
f 818 1762 194
f 1337 1762 818
f 441 1762 1337
f 1958 1856 1753
f 1989 1856 1958
f 441 1409 1762
f 1493 1409 441
f 820 1699 1989
f 1989 1699 1856
f 1646 1409 1493
f 1807 1083 1409
f 1646 1807 1409
f 1288 1807 1646
f 1712 308 820
f 820 308 1699
f 1288 1401 1807
f 1978 1401 1288
f 1978 797 1401
f 1102 797 1978
f 216 1102 1978
f 1299 1351 1499
f 773 236 278
f 665 371 1688
f 665 773 371
f 236 1351 1299
f 236 332 1351
f 773 332 236
f 1250 236 1299
f 278 236 1250
f 371 773 278
f 1879 665 1688
f 1698 665 1879
f 426 1698 1280
f 1098 665 1698
f 1098 1698 426
f 773 665 332
f 1098 332 665
f 1669 332 1098
f 1669 448 332
f 1250 1299 1499
f 371 278 1250
f 704 1698 1879
f 1280 1698 704
f 1010 426 1280
f 704 1879 1688
f 1010 1280 704
f 1550 426 1010
f 369 426 1550
f 369 1098 426
f 460 369 1550
f 971 369 460
f 1522 369 971
f 356 369 1522
f 460 1550 1010
f 1522 971 729
f 729 971 460
f 104 1522 729
f 356 1522 104
f 356 104 698
f 969 698 943
f 969 356 698
f 943 698 104
f 303 969 943
f 266 303 295
f 266 969 303
f 266 356 969
f 635 1112 1977
f 1977 1112 1128
f 1112 442 1128
f 1112 1781 442
f 1112 967 1781
f 967 401 1781
f 635 967 1112
f 1633 967 635
f 1977 1128 1097
f 442 1781 961
f 1781 401 961
f 401 1123 961
f 401 455 1123
f 401 1454 455
f 356 1098 369
f 1489 1098 356
f 1489 1669 1098
f 1808 1669 1489
f 316 448 1669
f 316 1964 448
f 1808 316 1669
f 1491 316 1808
f 1746 1964 316
f 1746 1720 1964
f 1756 1720 1746
f 1491 1746 316
f 1868 1746 1491
f 1868 1756 1746
f 1756 1887 1720
f 1904 1887 1756
f 704 1688 371
f 1128 1307 1097
f 704 371 1250
f 1123 745 961
f 442 961 1128
f 417 1641 745
f 739 790 1641
f 943 104 729
f 295 303 943
f 767 266 295
f 556 266 767
f 1455 556 767
f 1918 266 556
f 1455 767 295
f 1918 556 1440
f 502 556 1455
f 1440 556 502
f 1918 1440 763
f 795 1440 502
f 763 1440 795
f 185 763 795
f 141 763 185
f 1918 763 141
f 185 795 502
f 661 141 185
f 145 141 661
f 1918 141 145
f 455 745 1123
f 455 417 745
f 1454 417 455
f 1454 268 417
f 1454 105 268
f 268 1641 417
f 268 739 1641
f 105 739 268
f 1454 1799 105
f 105 452 739
f 105 1799 452
f 452 790 739
f 452 1310 790
f 1799 1310 452
f 1799 389 1310
f 1452 389 1799
f 1310 458 790
f 1310 152 458
f 1310 949 152
f 389 949 1310
f 949 24 152
f 949 220 24
f 949 688 220
f 389 688 949
f 220 1924 24
f 1489 356 266
f 1918 1489 266
f 1891 1489 1918
f 1891 1808 1489
f 220 9 1924
f 688 9 220
f 9 197 1924
f 9 300 197
f 1611 300 9
f 688 1611 9
f 1360 1531 1633
f 1871 1531 1360
f 967 1454 401
f 1633 1454 967
f 1633 1531 1454
f 1454 1452 1799
f 1531 1452 1454
f 1531 1161 1452
f 1452 688 389
f 1452 1044 688
f 1883 1717 1161
f 1146 1808 1891
f 1491 1808 1146
f 1859 1531 1871
f 1169 1531 1859
f 1169 1536 1531
f 1531 1883 1161
f 1731 1883 1531
f 315 1531 1536
f 315 1731 1531
f 1950 1491 1146
f 1868 1491 1950
f 1739 1378 1169
f 1536 1169 1378
f 654 1904 1756
f 1868 654 1756
f 1961 1868 1950
f 1961 654 1868
f 422 654 1961
f 1904 1381 1887
f 1904 1579 1381
f 654 1551 1904
f 1904 1551 1579
f 1128 961 1307
f 460 1010 704
f 790 458 1641
f 152 24 458
f 1924 197 24
f 1168 1959 197
f 661 185 502
f 1107 917 1959
f 2 1640 917
f 1625 145 661
f 1918 145 209
f 209 145 1625
f 1072 209 1625
f 592 1072 1625
f 86 209 1072
f 1268 209 86
f 592 86 1072
f 70 86 592
f 70 592 123
f 1268 86 70
f 1268 70 277
f 277 70 123
f 1268 277 1331
f 27 277 123
f 1331 277 27
f 300 1168 197
f 300 1323 1168
f 1611 1323 300
f 688 1044 1611
f 1323 1959 1168
f 1323 1107 1959
f 1323 957 1107
f 1044 1323 1611
f 1044 957 1323
f 957 944 1107
f 1044 548 957
f 944 917 1107
f 730 957 548
f 730 944 957
f 944 2 917
f 730 2 944
f 730 964 2
f 964 730 548
f 964 1640 2
f 1787 1891 1918
f 1268 1918 209
f 1787 1918 1268
f 548 1052 964
f 1034 1052 548
f 964 344 1640
f 964 1052 344
f 1161 1044 1452
f 1044 1161 1717
f 1717 188 1044
f 1457 548 1044
f 188 1457 1044
f 1457 1034 548
f 188 1273 1457
f 1447 1891 1787
f 1447 1146 1891
f 1563 1146 1447
f 1731 1717 1883
f 1563 1950 1146
f 1563 1675 1950
f 1536 1378 1067
f 315 1903 1731
f 1354 315 1536
f 896 315 1354
f 896 1903 315
f 1354 1860 896
f 188 1717 1731
f 896 1731 1903
f 896 188 1731
f 896 406 188
f 406 692 188
f 1675 1961 1950
f 1898 422 1961
f 1675 1898 1961
f 1707 1536 1067
f 1707 1354 1536
f 1707 1658 1354
f 1658 1707 1247
f 1551 766 1579
f 1658 1860 1354
f 654 422 1551
f 56 1551 422
f 1551 56 766
f 1860 285 896
f 961 91 1307
f 745 91 961
f 295 943 729
f 1641 91 745
f 458 91 1641
f 458 24 91
f 24 197 91
f 1959 917 197
f 917 1640 197
f 197 1640 91
f 661 502 1455
f 592 1625 661
f 344 1801 1640
f 233 1823 123
f 1331 27 434
f 434 27 123
f 576 1331 434
f 1823 434 123
f 576 434 1823
f 1192 1331 576
f 1268 1331 1192
f 1192 576 1823
f 251 1268 1192
f 342 1823 233
f 342 1192 1823
f 251 1192 342
f 342 233 246
f 251 342 264
f 264 342 246
f 15 251 264
f 35 264 246
f 15 264 35
f 344 1052 1801
f 1052 1243 1801
f 1052 573 1243
f 1034 573 1052
f 573 1623 1243
f 1623 382 1243
f 1623 1802 382
f 1623 536 1802
f 609 1268 251
f 609 1787 1268
f 1967 1787 609
f 609 251 15
f 1043 1034 1457
f 573 1034 1623
f 1623 903 536
f 1034 903 1623
f 1043 903 1034
f 1967 1447 1787
f 1622 1447 1967
f 1622 1563 1447
f 1392 1273 188
f 692 1392 188
f 1273 1043 1457
f 1273 1392 1043
f 1392 1482 1043
f 1563 881 1675
f 881 1563 1622
f 406 896 1542
f 1542 896 285
f 692 1482 1392
f 881 1898 1675
f 1176 823 1247
f 823 1658 1247
f 1786 1658 823
f 823 736 1786
f 1658 1635 1860
f 1658 1786 1635
f 1635 1786 22
f 19 1635 1994
f 1635 285 1860
f 1542 285 786
f 1635 786 285
f 4 786 1635
f 19 4 1635
f 1681 422 1898
f 1681 56 422
f 892 56 1681
f 729 460 704
f 1455 295 729
f 1640 1801 91
f 1801 382 91
f 233 123 592
f 1243 382 1801
f 524 586 1939
f 525 15 35
f 525 35 246
f 809 15 525
f 210 525 246
f 210 809 525
f 357 239 210
f 609 15 809
f 239 809 210
f 609 809 239
f 609 239 357
f 1802 1939 382
f 536 1939 1802
f 536 524 1939
f 536 1816 524
f 536 903 1816
f 1816 928 524
f 928 586 524
f 903 928 1816
f 928 1325 586
f 928 1063 1325
f 903 1063 928
f 1043 1738 903
f 1482 1974 1043
f 1043 1974 1738
f 1482 30 1974
f 692 1233 1482
f 406 1233 692
f 1366 1233 406
f 1316 1898 881
f 30 1482 1233
f 4 1542 786
f 4 1578 1366
f 1578 19 186
f 19 1578 4
f 1542 1366 406
f 4 1366 1542
f 1898 1316 1681
f 1864 892 1681
f 1316 1864 1681
f 729 704 1250
f 661 1455 729
f 233 592 661
f 661 1250 1257
f 661 729 1250
f 661 1848 177
f 661 1257 1848
f 1906 246 233
f 382 1939 91
f 1906 210 246
f 1939 586 91
f 586 205 91
f 205 904 91
f 904 1461 91
f 348 472 1906
f 1461 1759 91
f 1325 205 586
f 1906 357 210
f 472 511 1906
f 1461 52 1759
f 675 609 357
f 675 357 1906
f 511 675 1906
f 1066 675 511
f 1066 511 472
f 187 472 1397
f 187 1066 472
f 890 1066 187
f 890 187 1634
f 1063 205 1325
f 1063 904 205
f 1063 695 904
f 695 1461 904
f 695 1090 1343
f 695 52 1461
f 695 1343 52
f 1066 609 675
f 890 609 1066
f 890 1967 609
f 1741 1967 890
f 1738 1090 903
f 1738 1689 1090
f 903 1090 1063
f 1622 1967 1741
f 1188 1622 1741
f 1090 695 1063
f 1974 1689 1738
f 30 1927 1974
f 1927 1689 1974
f 1188 881 1622
f 1934 881 1188
f 1980 1233 687
f 687 1233 1366
f 1233 1927 30
f 1233 1980 1927
f 1485 1927 1980
f 1316 881 1934
f 1316 1934 1945
f 1839 1578 644
f 1839 1692 1578
f 687 1366 1311
f 1311 1366 1578
f 1578 1692 1311
f 1316 1945 1864
f 1610 1864 1945
f 1882 1659 1272
f 1882 1075 1659
f 747 803 1368
f 1368 1206 1882
f 747 1368 1272
f 1882 1272 1368
f 747 1272 1651
f 875 1773 1659
f 875 1659 7
f 1773 529 90
f 1773 90 1659
f 529 499 90
f 508 499 529
f 1773 508 529
f 1025 1773 875
f 709 1025 875
f 1248 1025 709
f 1773 1561 508
f 1025 1561 1773
f 845 237 1882
f 1210 845 1882
f 237 754 1075
f 1882 237 1075
f 754 7 1075
f 1191 237 845
f 1053 845 1210
f 1053 1191 845
f 754 875 7
f 1191 709 754
f 1191 754 237
f 1075 7 1659
f 754 709 875
f 681 1191 1053
f 681 423 1191
f 1191 1058 709
f 423 1058 1191
f 709 1058 1248
f 803 1524 1368
f 914 1206 1368
f 1524 914 1368
f 1180 803 747
f 914 1210 1206
f 803 28 1524
f 1180 28 803
f 993 914 1524
f 28 993 1524
f 1206 1210 1882
f 914 1053 1210
f 914 993 1053
f 993 1483 1053
f 28 1234 993
f 28 1527 1234
f 1234 1483 993
f 1053 1483 681
f 1527 1048 1234
f 916 1866 1381
f 1245 1780 1776
f 1245 1776 1723
f 10 1637 1780
f 1637 446 1780
f 1211 1544 968
f 1544 10 1780
f 968 1780 1245
f 968 1544 1780
f 1656 321 1383
f 1750 321 1656
f 1659 90 1750
f 90 5 1750
f 90 499 5
f 5 321 1750
f 1529 1637 1750
f 1750 1693 1529
f 1272 1659 1750
f 1272 1750 1637
f 1272 1637 10
f 1651 1272 1544
f 1544 1272 10
f 1651 1544 1211
f 1340 1925 1174
f 1186 575 1383
f 1186 933 575
f 499 1216 5
f 5 1289 321
f 1216 1289 5
f 1289 1573 321
f 1289 636 1573
f 1216 636 1289
f 1216 544 83
f 636 1164 1573
f 1216 83 636
f 321 1573 1383
f 1573 282 1383
f 1164 282 1573
f 83 1164 636
f 282 1186 1383
f 83 1134 1164
f 83 133 1134
f 544 133 83
f 544 1258 133
f 1164 1186 282
f 1023 1186 1164
f 1134 1023 1164
f 1023 933 1186
f 133 1546 1134
f 1258 1546 133
f 1258 354 1546
f 1561 1216 499
f 1561 499 508
f 1025 1008 1561
f 1561 544 1216
f 1025 817 1008
f 1248 817 1025
f 1561 514 544
f 1561 1553 514
f 1008 1553 1561
f 1553 1008 817
f 817 1687 1553
f 1553 1687 514
f 514 1258 544
f 1258 514 1687
f 1687 354 1258
f 1058 817 1248
f 681 1174 423
f 1058 1687 817
f 423 1687 1058
f 423 1174 1687
f 1687 1174 1502
f 1483 1234 1827
f 1048 1827 1234
f 1483 1827 681
f 1827 1340 1174
f 1174 681 1827
f 78 1644 1907
f 78 311 1644
f 916 78 1866
f 304 78 916
f 1224 304 916
f 304 450 78
f 450 311 78
f 304 838 450
f 838 311 450
f 503 916 1381
f 503 500 916
f 500 1488 916
f 916 1488 1224
f 1653 304 1224
f 1653 838 304
f 1653 750 838
f 1120 1653 1643
f 1643 500 503
f 1653 1224 1488
f 500 1653 1488
f 500 1643 1653
f 446 1556 750
f 446 1619 1556
f 750 1556 721
f 1780 446 1776
f 1776 750 1653
f 1776 446 750
f 1120 1776 1653
f 1723 1776 1120
f 1693 1312 1619
f 1529 1693 446
f 1693 1619 446
f 1637 1529 446
f 272 1696 181
f 962 1434 433
f 433 1434 905
f 603 905 1587
f 905 829 1587
f 433 905 603
f 1362 575 403
f 575 1362 1656
f 1362 414 1656
f 1263 1656 414
f 1263 414 656
f 1652 656 414
f 1652 1036 656
f 1693 1750 1656
f 1383 575 1656
f 1693 1656 1312
f 1312 1656 1263
f 1638 151 180
f 1502 1174 1638
f 1174 272 1638
f 1174 433 272
f 272 433 1696
f 272 151 1638
f 151 272 1518
f 1925 1514 1174
f 433 1514 962
f 1174 1514 433
f 420 822 1036
f 933 1955 403
f 933 403 575
f 403 1955 1362
f 1023 484 933
f 1955 414 1362
f 1955 966 414
f 484 1139 1955
f 933 484 1955
f 966 986 414
f 1139 966 1955
f 986 1652 414
f 966 1139 986
f 484 273 1139
f 986 849 1652
f 986 640 849
f 1139 640 986
f 1652 849 1036
f 849 420 1036
f 640 420 849
f 1139 1322 640
f 1139 867 1322
f 273 867 1139
f 273 989 867
f 640 1322 420
f 867 1183 1322
f 1134 715 1023
f 1546 715 1134
f 715 819 1023
f 1546 354 715
f 1023 819 484
f 97 354 180
f 354 97 715
f 715 97 819
f 484 1138 273
f 819 1138 484
f 819 97 1138
f 97 897 1138
f 1138 989 273
f 1138 897 989
f 180 897 97
f 354 1687 1502
f 1502 180 354
f 180 1502 1638
f 1181 350 1907
f 311 1226 1644
f 1446 1226 311
f 1226 39 1644
f 1644 1181 1907
f 1545 1181 1644
f 39 1545 1644
f 837 1181 1545
f 838 1446 311
f 553 1852 1165
f 1002 1852 553
f 650 1002 553
f 650 858 1002
f 131 553 1165
f 1495 553 131
f 1495 650 553
f 835 812 1176
f 428 1674 835
f 1674 812 835
f 858 428 1774
f 428 835 1774
f 428 858 1367
f 858 1774 1002
f 838 721 1446
f 750 721 838
f 1446 39 1226
f 721 39 1446
f 39 837 1545
f 721 837 39
f 1516 837 721
f 1516 1379 837
f 650 1367 858
f 1422 1179 1427
f 1179 1422 650
f 1422 1367 650
f 1179 650 1495
f 1855 1674 428
f 1367 1855 428
f 1422 1855 1367
f 1422 1844 1855
f 1619 1613 1556
f 1556 112 1516
f 1613 112 1556
f 1613 1814 112
f 112 1379 1516
f 1556 1516 721
f 1321 671 1262
f 671 603 1284
f 1284 603 1427
f 1284 1427 1179
f 671 1284 1262
f 1262 1284 1179
f 603 1587 1568
f 603 1568 1844
f 1427 603 1422
f 603 1844 1422
f 1995 1263 193
f 1312 1586 1619
f 1995 1312 1263
f 1619 1586 1613
f 1312 1995 1586
f 1586 1814 1613
f 1814 1586 1995
f 1113 1518 1714
f 1714 1818 1113
f 1818 1714 1321
f 1886 1113 1818
f 272 181 1518
f 1696 671 181
f 671 1696 603
f 1321 181 671
f 1714 181 1321
f 1518 181 1714
f 433 603 1696
f 1724 449 656
f 656 449 148
f 1036 1724 656
f 193 1263 656
f 953 40 1178
f 180 1886 1178
f 1886 180 151
f 151 1518 1113
f 151 1113 1886
f 822 1724 1036
f 822 569 1724
f 1322 1431 569
f 569 457 1724
f 569 6 457
f 1431 6 569
f 449 1724 457
f 6 449 457
f 1431 996 6
f 1431 666 996
f 6 148 449
f 6 226 148
f 996 226 6
f 420 1322 822
f 867 1829 1183
f 989 1829 867
f 1829 989 897
f 1322 569 822
f 1183 911 1322
f 1183 1829 911
f 1322 18 1431
f 911 18 1322
f 501 1829 1878
f 911 501 18
f 1829 501 911
f 18 501 1431
f 501 666 1431
f 666 1504 996
f 1504 666 501
f 897 180 40
f 40 180 1178
f 1829 897 1878
f 1878 897 40
f 1878 40 953
f 1181 1557 350
f 947 228 1557
f 1557 668 350
f 228 668 1557
f 350 792 1712
f 668 792 350
f 792 14 1712
f 792 1261 14
f 1181 947 1557
f 837 947 1181
f 1755 1202 703
f 1110 703 797
f 1110 1755 703
f 1202 131 1165
f 1495 131 1202
f 1755 1495 1202
f 1377 1495 1755
f 1379 228 837
f 1379 1227 228
f 228 792 668
f 228 1261 792
f 1261 228 1227
f 1379 395 1227
f 947 837 228
f 1758 1262 1549
f 1262 1179 1549
f 1549 1495 1377
f 1549 1179 1495
f 112 395 1379
f 1814 395 112
f 1814 1677 395
f 1677 1348 395
f 1632 1818 1262
f 1632 1262 1758
f 1677 1995 1894
f 1995 1677 1814
f 193 1894 1995
f 1894 1348 1677
f 1818 1321 1262
f 1602 1818 1632
f 1584 1818 1602
f 1046 656 148
f 148 942 1046
f 942 148 1254
f 193 656 1046
f 1894 193 1046
f 1584 1886 1818
f 953 1886 1584
f 953 1178 1886
f 953 1584 1805
f 1697 953 1805
f 226 1254 148
f 996 677 226
f 996 113 677
f 226 689 1254
f 226 677 689
f 942 1254 689
f 113 1888 677
f 689 538 942
f 1050 106 689
f 677 1050 689
f 1888 1050 677
f 106 538 689
f 538 319 942
f 106 319 538
f 106 1277 319
f 1888 106 1050
f 1888 655 106
f 1277 1228 319
f 106 655 1277
f 319 610 942
f 319 1228 610
f 655 482 1277
f 1878 1504 501
f 1504 113 996
f 1504 1878 171
f 171 1878 953
f 1504 1888 113
f 953 1697 171
f 1504 171 1888
f 1888 171 655
f 14 528 1712
f 528 1993 1712
f 1993 308 1712
f 528 751 1993
f 1772 1377 1110
f 1377 1755 1110
f 1102 1110 797
f 1772 1110 1102
f 1079 1102 216
f 1079 1772 1102
f 898 1772 1079
f 1227 14 1261
f 1227 528 14
f 1227 751 528
f 395 1911 1227
f 1227 1911 751
f 1549 1377 1772
f 1758 1549 1772
f 1948 1758 1772
f 1948 1772 1788
f 1788 1772 898
f 1348 1800 395
f 395 1800 1911
f 1800 1905 1911
f 1632 1758 1948
f 1841 1632 1948
f 1841 1602 1632
f 1487 1602 1841
f 1894 1800 1348
f 1894 142 1800
f 1894 1201 142
f 142 530 1800
f 1584 1487 1843
f 1487 1584 1602
f 1671 1584 1843
f 1671 1805 1584
f 564 942 610
f 942 564 1046
f 564 1982 1046
f 564 1198 1982
f 564 1012 1198
f 1198 1012 1154
f 1154 320 1198
f 1201 1046 1982
f 1046 1201 1894
f 1697 1564 1990
f 1805 1564 1697
f 1805 1671 1564
f 1277 1576 1228
f 482 1576 1277
f 610 1084 564
f 1228 1084 610
f 1576 655 1706
f 655 1576 482
f 1228 1076 1084
f 1576 1076 1228
f 1576 1706 1076
f 1084 1012 564
f 1084 659 1012
f 1076 659 1084
f 1076 271 659
f 1076 412 271
f 1706 412 1076
f 659 1154 1012
f 659 863 1154
f 659 271 863
f 207 412 1706
f 412 207 271
f 1154 863 320
f 1231 207 1706
f 1706 655 171
f 1697 1990 171
f 1706 171 1990
f 1990 1231 1706
f 979 565 747
f 175 979 747
f 1892 175 747
f 1892 747 1651
f 1369 175 1892
f 296 1369 1892
f 647 296 1892
f 647 1892 1589
f 596 647 1589
f 979 366 565
f 366 979 175
f 376 366 175
f 198 1180 747
f 565 198 747
f 1180 1408 28
f 198 1408 1180
f 565 1408 198
f 565 1384 1408
f 366 1384 565
f 366 804 1384
f 804 366 376
f 804 1041 1384
f 1408 1527 28
f 1408 464 1527
f 1384 464 1408
f 1384 1444 464
f 1384 1041 1444
f 464 1048 1527
f 1041 1212 1444
f 1041 804 1212
f 1444 1048 464
f 633 376 175
f 1981 376 633
f 1981 633 1369
f 915 1981 1369
f 915 1369 296
f 932 915 296
f 633 175 1369
f 436 804 376
f 436 376 1981
f 915 436 1981
f 915 1035 436
f 707 1035 915
f 707 915 932
f 1682 707 932
f 436 381 804
f 1035 381 436
f 804 381 1212
f 1682 591 707
f 1035 707 1830
f 707 591 1830
f 840 296 647
f 840 932 296
f 596 840 647
f 488 840 596
f 201 596 149
f 201 488 596
f 840 1682 932
f 840 488 1682
f 465 201 149
f 1391 1682 488
f 1104 488 201
f 1104 1391 488
f 749 465 149
f 1554 465 749
f 465 1104 201
f 318 1104 465
f 1682 762 591
f 762 1682 1391
f 1387 1723 1791
f 1387 1245 1723
f 794 1387 1791
f 1211 968 1387
f 1486 1211 1387
f 794 1486 1387
f 1387 968 1245
f 1512 1486 794
f 1512 1532 1486
f 1892 1651 1486
f 1486 1651 1211
f 755 1925 1340
f 1532 1892 1486
f 1532 1589 1892
f 1589 149 596
f 749 149 1589
f 639 749 1589
f 639 571 749
f 1507 639 1589
f 1507 1589 1532
f 1507 107 639
f 1444 1212 1048
f 1212 1827 1048
f 1827 1212 755
f 755 1340 1827
f 1035 1830 381
f 591 1538 1830
f 1212 381 755
f 1830 755 381
f 1830 1538 755
f 755 1538 1921
f 1538 683 1921
f 1538 1194 683
f 1554 318 465
f 762 1538 591
f 762 1600 1538
f 1391 1600 762
f 1391 1173 1600
f 1104 1173 1391
f 318 1173 1104
f 1173 313 1600
f 1173 637 313
f 318 637 1173
f 318 590 637
f 722 590 318
f 1600 313 1538
f 637 23 313
f 637 783 23
f 590 783 637
f 590 624 783
f 313 1194 1538
f 23 1194 313
f 23 783 1194
f 624 1027 783
f 783 1027 1194
f 119 1554 749
f 119 749 571
f 722 318 1554
f 138 119 571
f 119 722 1554
f 50 138 571
f 387 138 50
f 722 119 138
f 479 722 138
f 639 50 571
f 1160 50 639
f 402 50 1160
f 402 387 50
f 479 138 387
f 1177 402 1160
f 1137 479 387
f 402 1137 387
f 722 624 590
f 479 624 722
f 107 1160 639
f 1177 1160 107
f 402 1302 1137
f 479 241 624
f 1137 241 479
f 1177 1302 402
f 1177 1480 1302
f 241 1027 624
f 461 1302 1480
f 241 830 1027
f 1137 830 241
f 1302 830 1137
f 1480 1177 107
f 598 1480 107
f 598 939 1480
f 1480 939 461
f 1465 503 1381
f 1579 1465 1381
f 1203 1465 1579
f 766 283 1579
f 1579 1867 1203
f 283 1867 1579
f 283 137 1867
f 1007 137 283
f 1018 283 766
f 56 1124 766
f 766 1124 1018
f 1869 1120 1643
f 1643 503 1465
f 1869 1643 1465
f 1869 1465 1203
f 1867 1869 1203
f 137 1869 1867
f 1767 1869 137
f 1767 137 1007
f 1767 1007 1453
f 1791 1120 1869
f 1791 1723 1120
f 1512 794 1791
f 1767 1791 1869
f 1785 1791 1767
f 1785 1512 1791
f 674 1512 1785
f 1744 674 1785
f 991 674 1744
f 962 1732 1434
f 905 1732 829
f 1434 1732 905
f 829 1732 534
f 829 534 1587
f 1732 925 534
f 1267 1532 1512
f 1267 1512 1535
f 1535 1512 674
f 1583 1267 1535
f 991 1535 674
f 1583 1535 991
f 1925 1921 1514
f 755 1921 1925
f 1514 1921 1732
f 1514 1732 962
f 1921 925 1732
f 1921 1513 925
f 1921 1846 1513
f 1846 1040 1513
f 1797 146 1921
f 1921 146 1846
f 1583 1532 1267
f 1583 1507 1532
f 358 1507 1583
f 568 107 1507
f 558 568 1507
f 558 1507 1230
f 977 558 1230
f 1230 1507 358
f 299 977 1230
f 1194 1027 683
f 683 1797 1921
f 1027 336 683
f 683 336 1797
f 830 336 1027
f 1302 1813 830
f 461 1813 1302
f 830 948 336
f 1813 948 830
f 1813 213 948
f 461 213 1813
f 336 948 1533
f 213 1533 948
f 336 1533 1797
f 213 410 1533
f 1533 146 1797
f 598 107 568
f 939 598 568
f 44 568 558
f 44 939 568
f 939 346 461
f 346 939 44
f 461 346 213
f 558 977 44
f 44 801 346
f 44 977 801
f 346 410 213
f 977 290 801
f 1089 801 290
f 346 777 410
f 801 777 346
f 299 290 977
f 299 1089 290
f 299 616 1089
f 873 1089 616
f 801 1471 777
f 1089 1471 801
f 616 299 229
f 812 823 1176
f 1674 823 812
f 1674 1308 823
f 1308 736 823
f 1007 283 1018
f 736 841 1786
f 841 22 1786
f 1308 841 736
f 841 710 22
f 1308 710 841
f 22 1994 1635
f 710 1994 22
f 1453 1007 1018
f 1260 1018 1124
f 1018 1260 1453
f 1459 1260 1124
f 1817 1459 1124
f 1124 56 892
f 706 1124 892
f 706 1817 1124
f 892 796 706
f 1855 1308 1674
f 1844 1308 1855
f 1844 1742 1308
f 1742 1156 1308
f 1308 1156 710
f 880 1767 1453
f 880 1785 1767
f 1744 1785 880
f 1459 1453 1260
f 1459 880 1453
f 1817 880 1459
f 1570 1817 706
f 1313 1744 880
f 1570 880 1817
f 1313 880 1570
f 1587 534 1568
f 534 1271 1568
f 534 1467 1271
f 1844 1271 1742
f 1568 1271 1844
f 1467 918 1271
f 918 459 1271
f 459 1666 1271
f 1271 1666 1742
f 1666 172 1742
f 399 1666 459
f 399 652 1666
f 399 1975 652
f 1451 991 1744
f 1451 1744 1313
f 534 925 1467
f 1513 1040 405
f 1513 918 1467
f 925 1513 1467
f 405 122 664
f 1040 122 405
f 1513 405 918
f 405 459 918
f 664 459 405
f 664 399 459
f 664 1684 399
f 122 1684 664
f 1684 1956 399
f 122 1500 1684
f 1956 1975 399
f 1684 1435 1956
f 1500 1435 1684
f 358 1583 991
f 358 991 1451
f 1498 358 1451
f 1846 1223 1040
f 1040 1500 122
f 1223 1500 1040
f 1846 203 1223
f 146 203 1846
f 1223 1435 1500
f 1223 1840 1435
f 229 299 1230
f 1230 358 1498
f 626 229 1230
f 1624 1230 1498
f 1581 626 1230
f 1581 519 626
f 1896 1581 1230
f 1533 203 146
f 777 1664 410
f 1533 1614 203
f 410 1614 1533
f 410 1664 1614
f 1664 1655 1614
f 1471 1664 777
f 1089 1991 1471
f 1471 1991 1664
f 873 1991 1089
f 1991 456 1664
f 1991 682 456
f 873 682 1991
f 873 746 682
f 456 1655 1664
f 682 365 456
f 746 365 682
f 456 365 1655
f 746 523 365
f 365 505 1655
f 365 523 505
f 523 329 505
f 954 229 626
f 954 616 229
f 873 616 954
f 632 954 626
f 954 632 746
f 746 873 954
f 632 626 519
f 532 746 632
f 746 532 523
f 958 519 1581
f 632 958 532
f 958 632 519
f 855 532 958
f 532 329 523
f 329 532 855
f 1994 998 19
f 1249 1994 710
f 1994 1249 998
f 998 186 19
f 998 567 186
f 1249 567 998
f 1578 186 644
f 567 644 186
f 1249 1303 567
f 1570 706 796
f 676 796 892
f 676 1570 796
f 892 1968 676
f 1968 892 1864
f 1580 676 1968
f 1156 1249 710
f 1742 172 1156
f 1156 172 1249
f 172 1153 1249
f 172 1017 1153
f 1153 1026 1249
f 1026 1303 1249
f 1078 1313 1570
f 1458 1313 1078
f 1580 1570 676
f 1078 1570 1580
f 1666 1208 172
f 1666 652 1208
f 1208 1017 172
f 652 1525 1208
f 1208 1525 1017
f 1159 1313 1458
f 1159 1451 1313
f 1956 1380 1975
f 1435 1380 1956
f 1975 1525 652
f 1380 1525 1975
f 1380 1119 1525
f 1840 1380 1435
f 1840 1119 1380
f 1624 1498 1451
f 1624 1451 132
f 132 1451 1159
f 1359 1624 132
f 203 1840 1223
f 203 1614 1908
f 203 1908 1840
f 1908 1119 1840
f 1470 1230 1624
f 1470 1624 1359
f 1470 1896 1230
f 1834 1896 1470
f 614 1834 1470
f 1085 614 1470
f 329 1013 505
f 505 1877 1655
f 1013 1877 505
f 1614 828 1908
f 1655 828 1614
f 1655 1877 828
f 1877 1473 828
f 115 1581 1896
f 100 1581 115
f 100 958 1581
f 958 100 855
f 855 1013 329
f 1834 115 1896
f 214 115 1834
f 115 214 100
f 1636 855 100
f 855 1636 1013
f 280 214 1834
f 214 1591 100
f 1591 1636 100
f 1013 343 1877
f 1636 343 1013
f 214 280 1591
f 1591 343 1636
f 614 280 1834
f 383 280 614
f 280 383 1591
f 343 877 1877
f 1591 877 343
f 877 1473 1877
f 1591 409 877
f 383 614 1085
f 409 1591 383
f 877 409 1473
f 567 1303 644
f 1303 1839 644
f 1303 1184 1839
f 1691 1692 1839
f 1839 231 1691
f 1184 231 1839
f 584 1580 1968
f 1968 1864 1610
f 1968 1610 793
f 793 584 1968
f 1026 1184 1303
f 1153 1281 1026
f 1026 1281 1184
f 1078 1580 584
f 937 1078 584
f 937 1458 1078
f 1784 1458 937
f 937 584 793
f 1017 1281 1153
f 1017 919 1281
f 1525 919 1017
f 1525 1270 919
f 1349 1458 1784
f 1349 1159 1458
f 1119 997 1525
f 997 1270 1525
f 997 1825 1270
f 997 738 1825
f 1555 1359 132
f 1660 132 1159
f 1660 1159 1349
f 1555 132 1660
f 1006 1555 1660
f 1908 997 1119
f 1908 828 1941
f 1908 738 997
f 1908 1941 738
f 1555 1470 1359
f 828 1985 1941
f 1916 1555 1006
f 1819 1085 1470
f 1190 1470 1555
f 1190 1819 1470
f 1190 1555 1916
f 1143 1819 1190
f 492 1819 1143
f 1473 1363 828
f 1473 1291 1363
f 828 1363 1985
f 1291 871 1363
f 1795 383 1085
f 130 409 383
f 1795 130 383
f 409 130 1473
f 1795 1085 1819
f 1795 1259 130
f 130 1291 1473
f 130 1259 1291
f 1108 1795 1819
f 1073 1795 1108
f 1259 1795 1073
f 492 1108 1819
f 492 1073 1108
f 1291 400 871
f 1121 1259 1073
f 1259 400 1291
f 1259 1121 400
f 492 240 1073
f 1073 240 1121
f 240 492 1143
f 400 249 871
f 1121 249 400
f 1851 994 292
f 1364 994 1851
f 1608 292 994
f 306 1608 445
f 994 445 1608
f 1364 445 994
f 374 306 445
f 445 82 374
f 1608 1346 292
f 1972 306 374
f 1972 374 82
f 306 1346 1608
f 1051 493 269
f 1051 1047 493
f 1047 1870 861
f 487 1972 1876
f 861 1870 670
f 847 648 1051
f 648 1047 1051
f 648 1870 1047
f 487 177 1972
f 393 58 124
f 58 487 824
f 1364 82 445
f 1003 1390 1364
f 1364 192 82
f 1364 1390 192
f 1003 1940 1390
f 269 49 1051
f 1318 49 269
f 1318 215 49
f 269 224 1318
f 224 269 493
f 818 215 1318
f 224 493 1047
f 713 1318 224
f 713 818 1318
f 852 224 1047
f 713 224 852
f 1047 861 852
f 861 367 852
f 713 852 367
f 1753 1940 1003
f 1753 1854 1940
f 1337 818 713
f 1463 1337 713
f 1701 1337 1463
f 1701 441 1337
f 1856 1854 1753
f 1856 1902 1854
f 956 1493 441
f 1433 441 1701
f 1433 956 441
f 1757 956 1433
f 1699 1902 1856
f 1699 1232 1902
f 956 1646 1493
f 1288 1646 1293
f 1293 956 1757
f 1293 1646 956
f 308 1836 1699
f 1699 1836 1232
f 308 234 1836
f 1647 1978 1288
f 1647 1288 1293
f 1597 1978 1647
f 42 216 1978
f 1597 42 1978
f 82 192 1972
f 192 1390 1256
f 1390 94 1256
f 1876 1972 192
f 1876 192 1256
f 94 1876 1256
f 570 1876 94
f 1390 776 94
f 94 776 570
f 174 570 1596
f 1596 570 776
f 861 670 367
f 487 1876 174
f 1870 199 670
f 174 1876 570
f 199 1870 888
f 1870 221 888
f 824 487 11
f 648 510 1870
f 58 824 167
f 167 824 200
f 1523 713 367
f 367 1604 1523
f 1604 367 670
f 1274 1604 199
f 1274 1523 1604
f 1463 1523 1274
f 670 199 1604
f 1274 199 888
f 1463 1274 65
f 540 1274 888
f 65 1274 540
f 184 888 221
f 540 888 184
f 1463 713 1523
f 1930 1757 1433
f 1293 1757 1930
f 1293 1930 1252
f 1647 1293 1252
f 234 1847 1836
f 1836 1763 1232
f 1836 1847 1763
f 1748 1597 1764
f 1748 597 1597
f 174 1596 1014
f 776 1014 1596
f 1390 1014 776
f 1858 174 1014
f 174 1858 487
f 11 487 474
f 474 487 1858
f 474 1858 864
f 1014 864 1858
f 1014 1709 864
f 1709 802 864
f 11 474 864
f 663 11 353
f 353 11 864
f 864 802 353
f 1870 47 221
f 1870 910 47
f 1870 510 910
f 824 11 663
f 510 355 1015
f 1015 355 970
f 648 76 510
f 510 76 355
f 648 1650 76
f 167 200 99
f 256 167 1285
f 58 167 256
f 648 798 1650
f 124 58 1187
f 648 1411 798
f 393 124 865
f 648 1743 1411
f 1390 1709 1014
f 1390 1590 1709
f 1940 1590 1390
f 221 47 184
f 1526 540 184
f 1526 65 540
f 910 184 47
f 1526 184 910
f 696 1526 910
f 684 1526 696
f 510 696 910
f 696 510 1015
f 1092 684 696
f 1092 696 1015
f 539 684 1092
f 1092 1015 970
f 1854 1821 1940
f 1940 1821 1590
f 1526 1463 65
f 684 1463 1526
f 1701 1463 684
f 1386 1701 684
f 951 1701 1932
f 1932 1701 1386
f 1386 684 539
f 1902 1734 1854
f 1854 1734 1821
f 1252 1930 1433
f 1252 1433 951
f 951 1433 1701
f 211 1252 951
f 1225 211 951
f 1232 1763 1902
f 1902 1763 1734
f 1405 1647 1252
f 1405 1252 1412
f 1412 1252 1469
f 1469 1252 211
f 1469 211 1225
f 1847 816 983
f 1847 983 1763
f 1705 1647 1405
f 1705 1597 1647
f 1705 1764 1597
f 1425 1705 1405
f 1543 1764 1705
f 1543 1705 1425
f 1736 1543 1388
f 1973 1543 1425
f 1388 1543 1973
f 788 1388 1992
f 788 1736 1388
f 663 353 1081
f 802 1081 353
f 727 663 1081
f 80 663 727
f 1709 1081 802
f 1709 727 1081
f 727 253 80
f 1709 253 727
f 824 80 253
f 335 824 253
f 1709 335 253
f 1709 114 335
f 824 663 80
f 200 824 335
f 99 200 1747
f 1760 200 335
f 1760 1747 200
f 335 114 1760
f 114 1747 1760
f 99 1747 717
f 114 717 1747
f 76 1530 731
f 256 1285 222
f 1650 259 1530
f 1650 1530 76
f 1411 517 798
f 798 1122 1650
f 1740 58 55
f 1246 58 1740
f 1187 58 1246
f 1187 1246 843
f 1743 992 1411
f 648 1375 1743
f 648 1926 1375
f 1926 444 1375
f 601 1092 970
f 601 970 355
f 539 1092 601
f 1709 281 114
f 1590 281 1709
f 1590 1406 281
f 76 1396 355
f 601 355 1396
f 539 601 679
f 731 1396 76
f 679 601 1396
f 1275 539 679
f 1386 539 1275
f 679 1396 731
f 1530 557 731
f 557 679 731
f 1275 557 515
f 1275 679 557
f 1530 165 557
f 1530 259 165
f 515 165 259
f 515 557 165
f 1650 340 259
f 340 515 259
f 340 1275 515
f 1821 1406 1590
f 1821 1942 1406
f 1932 1386 1275
f 1474 1932 1275
f 1734 1942 1821
f 1148 1942 1734
f 1225 1932 1474
f 1225 951 1932
f 1765 1225 1474
f 1439 1765 1474
f 1763 1148 1734
f 1763 1963 1148
f 74 1425 1405
f 1412 1469 1225
f 74 1412 895
f 74 1405 1412
f 895 1412 1765
f 1765 1412 1225
f 1973 74 895
f 1537 1973 895
f 1957 1537 895
f 1957 895 1765
f 478 1537 1957
f 478 1642 1537
f 1478 1642 478
f 983 1963 1763
f 816 1826 983
f 983 1832 1963
f 983 1826 1832
f 1973 1425 74
f 1537 1388 1973
f 712 1992 1388
f 712 1388 1537
f 712 1537 1642
f 167 99 717
f 562 167 717
f 1285 167 562
f 114 562 717
f 114 281 562
f 281 1460 562
f 222 1285 486
f 486 1285 562
f 562 1460 486
f 850 222 486
f 256 222 850
f 1460 850 486
f 760 256 850
f 850 235 760
f 281 850 1460
f 281 235 850
f 58 256 305
f 305 256 760
f 58 305 1365
f 1365 305 760
f 235 1365 760
f 243 58 1365
f 243 55 58
f 235 243 1365
f 1375 438 1743
f 1743 1029 992
f 1375 1005 438
f 393 865 326
f 1926 392 444
f 1122 340 1650
f 324 340 1122
f 324 1275 340
f 41 1275 324
f 281 1718 1769
f 1406 1718 281
f 281 1769 235
f 1122 653 324
f 798 653 1122
f 517 653 798
f 41 324 653
f 1411 103 517
f 1151 653 517
f 1151 41 653
f 1151 517 103
f 480 1151 103
f 480 41 1151
f 1411 711 103
f 711 1411 992
f 480 103 711
f 1029 711 992
f 60 711 1029
f 60 480 711
f 394 480 60
f 301 60 1029
f 1320 1029 1743
f 301 1029 1320
f 394 60 301
f 438 1320 1743
f 756 1320 438
f 613 1320 756
f 613 301 1320
f 394 301 613
f 1942 959 1406
f 959 1718 1406
f 1474 1275 41
f 394 41 480
f 1117 1474 41
f 1117 41 394
f 620 1474 1117
f 1922 620 1117
f 1922 1117 394
f 471 613 87
f 471 394 613
f 471 1922 394
f 1965 471 87
f 1420 471 1965
f 645 471 1420
f 1148 1690 1942
f 1148 390 1690
f 1942 1690 959
f 620 1439 1474
f 478 1957 1439
f 1439 620 1922
f 1439 1922 471
f 478 1439 471
f 1752 478 471
f 1752 646 478
f 1569 1752 471
f 645 1569 471
f 1963 1832 390
f 1963 390 1148
f 1957 1765 1439
f 1832 1648 390
f 1648 1928 390
f 646 1478 478
f 1826 1920 1648
f 1826 1648 1832
f 1571 1881 1648
f 1571 1648 1920
f 183 55 243
f 235 183 243
f 235 545 183
f 235 1769 545
f 545 55 183
f 1740 55 545
f 1246 1740 583
f 545 583 1740
f 545 62 583
f 1769 62 545
f 583 62 1246
f 843 1246 1828
f 1187 843 701
f 701 843 364
f 62 1828 1246
f 62 843 1828
f 62 364 843
f 1769 364 62
f 364 1733 701
f 1769 1733 364
f 701 1733 1187
f 1733 990 1187
f 124 1187 990
f 865 124 526
f 900 124 990
f 526 124 900
f 1733 900 990
f 1733 32 900
f 326 865 1304
f 393 326 1626
f 326 1304 781
f 1769 32 1733
f 1718 32 1769
f 1718 1789 32
f 1005 756 438
f 552 1005 1375
f 552 756 1005
f 552 613 756
f 87 613 552
f 1926 349 392
f 1926 1670 349
f 87 1375 444
f 87 552 1375
f 392 87 444
f 349 934 392
f 934 87 392
f 162 934 1242
f 934 1965 87
f 1965 934 162
f 1242 934 349
f 1242 349 1670
f 959 1789 1718
f 959 121 1789
f 121 1715 1789
f 390 1928 1690
f 1690 1928 121
f 1690 121 959
f 1928 1899 121
f 121 1899 1715
f 1648 1881 1928
f 1928 1881 1899
f 384 865 526
f 1304 865 384
f 384 1197 1304
f 1197 781 1304
f 900 384 526
f 900 1197 384
f 32 1197 900
f 770 1626 326
f 3 393 1626
f 602 393 3
f 1197 326 781
f 770 1220 1626
f 1220 3 1626
f 3 1045 602
f 1197 770 326
f 1220 1045 3
f 1197 1220 770
f 1220 1237 1045
f 32 1220 1197
f 32 1237 1220
f 1789 1237 32
f 1789 1715 1237
f 1373 177 487
f 1373 661 177
f 1520 661 1373
f 1520 233 661
f 1999 233 1520
f 1373 487 58
f 1130 1999 1520
f 1976 1373 58
f 1976 58 393
f 1999 1906 233
f 348 1906 1999
f 1353 1999 1130
f 1087 1130 1520
f 595 12 91
f 12 170 91
f 12 1716 170
f 170 1215 91
f 1759 595 91
f 46 348 1999
f 1301 348 46
f 12 153 1716
f 348 1397 472
f 443 1397 348
f 1126 46 1999
f 1873 1126 1999
f 443 187 1397
f 1634 187 443
f 1634 443 348
f 430 348 1301
f 430 1634 348
f 430 890 1634
f 430 1301 46
f 1126 430 46
f 1334 1126 1873
f 1334 430 1126
f 860 1759 52
f 1343 860 52
f 860 595 1759
f 860 1343 780
f 860 780 595
f 1090 780 1343
f 780 12 595
f 12 938 153
f 780 938 12
f 1909 1741 890
f 1028 430 1334
f 1028 890 430
f 1909 890 1028
f 1689 1668 1090
f 1090 1668 780
f 1668 938 780
f 1880 1188 1741
f 1880 1741 1909
f 1927 1485 1689
f 1485 1668 1689
f 1485 1986 1668
f 901 1934 1188
f 901 1188 1880
f 687 1986 1980
f 687 1616 1986
f 1485 1980 1986
f 1945 1934 1966
f 1966 1934 901
f 1831 1616 1692
f 1831 543 1616
f 1616 687 1311
f 1616 1311 1692
f 589 1610 1945
f 1610 589 1798
f 589 1945 1966
f 496 1373 1976
f 360 1520 1373
f 91 1022 648
f 270 1022 91
f 1022 1464 648
f 270 535 1022
f 1215 1374 91
f 373 1087 1520
f 1374 270 91
f 1716 331 170
f 1032 1999 1353
f 331 380 170
f 170 242 1215
f 404 1032 1353
f 621 404 1353
f 1334 1873 1999
f 1334 1999 1032
f 244 1334 1032
f 1028 1334 244
f 244 1032 404
f 244 404 621
f 940 170 380
f 293 940 380
f 1605 940 293
f 1605 1376 940
f 170 940 242
f 561 1716 153
f 938 561 153
f 938 1605 561
f 561 331 1716
f 561 293 331
f 561 1605 293
f 331 293 380
f 1668 1605 938
f 1605 1668 629
f 629 1376 1605
f 1668 909 629
f 1668 1679 909
f 1986 1953 1668
f 1986 975 1953
f 1953 1679 1668
f 67 1986 1616
f 1986 67 975
f 678 67 1662
f 1966 1702 589
f 543 723 1833
f 543 1833 1616
f 1833 1062 1616
f 1616 1662 67
f 1616 1062 1662
f 1095 1798 589
f 1798 1095 826
f 589 1702 1095
f 154 496 1976
f 648 1324 876
f 1850 1324 648
f 1850 1287 1324
f 876 1926 648
f 276 1373 496
f 1464 1850 648
f 566 276 496
f 1835 360 1373
f 535 504 1022
f 504 260 1022
f 270 1000 535
f 1215 248 1374
f 1730 621 1353
f 1730 244 621
f 1028 244 1730
f 1730 1353 1130
f 533 1730 1130
f 533 1130 1087
f 1700 1087 373
f 413 533 1087
f 466 533 413
f 1399 533 466
f 413 1087 1700
f 466 413 1700
f 1376 1492 940
f 242 1142 1215
f 940 1142 242
f 1492 1142 940
f 1376 629 1492
f 1142 248 1215
f 1492 785 1142
f 785 248 1142
f 1492 1255 785
f 248 98 1374
f 785 98 248
f 785 1255 98
f 1374 157 270
f 98 157 1374
f 1255 157 98
f 1255 1421 157
f 157 1000 270
f 1399 1730 533
f 1399 1028 1730
f 1042 1028 1399
f 1042 1909 1028
f 1679 887 909
f 629 1255 1492
f 909 887 629
f 629 1421 1255
f 887 1298 1421
f 887 1421 629
f 1737 1421 1298
f 512 1909 1042
f 512 1880 1909
f 1953 1253 887
f 1298 1253 462
f 1298 887 1253
f 462 1547 1298
f 1953 887 1679
f 1426 1880 512
f 1426 901 1880
f 975 1424 1953
f 975 67 1424
f 67 678 1424
f 1424 1253 1953
f 678 1558 1424
f 1424 1558 1253
f 1702 1966 901
f 1702 901 1426
f 1768 935 491
f 1768 1992 1872
f 491 1992 1768
f 1768 662 935
f 678 1662 1558
f 1062 1558 1662
f 1833 662 1768
f 1833 379 662
f 1833 1768 1558
f 1833 1558 1062
f 550 1558 1768
f 1095 634 826
f 1095 1144 634
f 1144 1095 1702
f 101 496 154
f 351 276 566
f 1850 495 1287
f 1464 1917 1850
f 741 1835 1373
f 535 705 504
f 260 178 1022
f 504 1221 260
f 1341 373 1520
f 627 1520 360
f 627 1562 1520
f 507 1562 627
f 232 360 1835
f 507 627 360
f 418 1700 373
f 466 1700 418
f 418 373 1341
f 1997 418 1341
f 1997 466 418
f 1399 466 1997
f 606 1341 1520
f 1997 1341 606
f 1562 606 1520
f 1562 1997 606
f 535 740 705
f 740 987 705
f 987 740 1737
f 705 110 504
f 987 110 705
f 1737 1761 987
f 110 987 1761
f 1737 1521 1761
f 504 208 1221
f 110 208 504
f 1761 208 110
f 1221 716 260
f 1761 1221 208
f 1761 716 1221
f 1521 716 1761
f 157 396 1000
f 1421 396 157
f 1000 740 535
f 396 740 1000
f 396 1737 740
f 1737 396 1421
f 473 1042 1399
f 507 1399 1562
f 473 507 368
f 473 1399 507
f 1686 1042 473
f 1399 1997 1562
f 1009 1863 1960
f 1298 1559 1737
f 1298 1503 1559
f 1559 1960 1737
f 1960 1521 1737
f 1559 1009 1960
f 1960 1863 1521
f 1593 512 1686
f 512 1042 1686
f 1547 1511 1009
f 1511 879 1009
f 879 1751 1009
f 1503 1298 1547
f 462 1511 1547
f 1547 1009 1503
f 1503 1009 1559
f 1979 512 1593
f 1979 1426 512
f 1642 1478 1872
f 66 1872 1884
f 1872 1478 1884
f 284 1727 550
f 1727 284 1414
f 66 284 1872
f 1414 284 66
f 1558 1511 1253
f 1727 1558 550
f 1558 1727 1511
f 879 1511 1727
f 1727 1414 879
f 879 1414 1588
f 1253 1511 462
f 1702 1766 1144
f 1144 1766 1988
f 1766 1426 1979
f 1766 1702 1426
f 1872 1992 712
f 1872 712 1642
f 1768 1872 550
f 550 1872 284
f 634 1144 1874
f 1874 1144 1988
f 876 1037 1926
f 1287 560 1324
f 1976 393 453
f 294 1976 453
f 427 154 1976
f 495 483 1287
f 1850 789 495
f 1810 276 351
f 978 1373 276
f 212 978 276
f 147 741 1373
f 978 77 1373
f 147 1373 77
f 1612 147 77
f 247 77 978
f 247 1612 77
f 217 360 232
f 507 360 217
f 368 507 217
f 161 232 1835
f 161 217 232
f 368 217 161
f 161 1835 109
f 368 161 109
f 759 1835 741
f 109 1835 759
f 368 109 759
f 1166 741 147
f 759 741 1166
f 1166 368 759
f 1612 368 1166
f 1612 1166 147
f 789 302 495
f 495 302 483
f 1185 1080 302
f 1185 302 789
f 1185 206 1080
f 667 1464 1022
f 1077 1917 1464
f 667 1077 1464
f 667 537 1077
f 1678 537 667
f 1678 667 775
f 1917 1335 1850
f 1077 307 1917
f 537 307 1077
f 307 1335 1917
f 537 611 307
f 1335 789 1850
f 611 789 1335
f 307 611 1335
f 611 1185 789
f 206 1185 611
f 716 775 178
f 716 178 260
f 1521 1678 716
f 178 667 1022
f 178 775 667
f 716 1678 775
f 473 368 1612
f 1983 1686 473
f 1086 473 1612
f 1983 473 1086
f 386 645 1420
f 1938 386 206
f 386 878 1416
f 386 1416 1080
f 206 386 1080
f 1863 537 1678
f 1678 1521 1863
f 1863 611 537
f 1863 206 611
f 1863 1938 206
f 1792 1686 1983
f 1792 1593 1686
f 1884 1569 386
f 1884 1752 1569
f 1884 1933 1752
f 1569 645 386
f 1588 66 1751
f 1751 386 1938
f 1751 66 386
f 66 1884 386
f 1009 1751 1863
f 879 1588 1751
f 1751 1938 1863
f 1952 1593 1792
f 1952 1979 1593
f 1884 1478 646
f 1884 646 1933
f 1933 646 1752
f 1414 66 1588
f 1988 551 361
f 1988 1952 1862
f 551 1988 1862
f 1979 1952 1766
f 1988 1766 1952
f 1571 1109 361
f 1881 1571 361
f 1881 361 551
f 1109 1874 361
f 361 1874 1988
f 476 294 453
f 1037 1670 1926
f 769 1976 294
f 453 393 602
f 427 485 154
f 973 154 1103
f 973 101 154
f 48 973 1103
f 563 351 566
f 1056 563 566
f 1443 1086 1056
f 1086 563 1056
f 250 496 101
f 1056 566 496
f 1443 1056 496
f 973 250 101
f 1443 496 250
f 973 1443 250
f 48 1443 973
f 247 978 212
f 1205 212 276
f 182 1205 276
f 1205 247 212
f 247 1205 182
f 1086 247 182
f 182 276 1810
f 1093 1810 351
f 563 1093 351
f 1093 182 1810
f 1086 1093 563
f 1086 182 1093
f 1033 1037 876
f 1428 1033 876
f 1428 876 1324
f 878 1428 1324
f 878 1324 560
f 1428 162 1033
f 1037 1033 1670
f 1033 1242 1670
f 1033 162 1242
f 483 429 1287
f 1416 560 1287
f 429 1416 1287
f 302 429 483
f 1080 1416 429
f 1080 429 302
f 1416 878 560
f 48 1086 1443
f 48 1983 1086
f 1783 1983 48
f 1086 1612 247
f 386 162 1428
f 386 1428 878
f 386 1965 162
f 1965 386 1420
f 984 1783 1715
f 1783 1792 1983
f 984 1792 1783
f 1899 1862 984
f 1899 984 1715
f 984 1952 1792
f 1952 984 1862
f 1881 1862 1899
f 1881 551 1862
f 778 1976 769
f 13 476 453
f 1704 778 769
f 13 294 476
f 294 1704 769
f 13 1704 294
f 1237 13 1045
f 13 602 1045
f 13 453 602
f 686 1976 778
f 686 427 1976
f 485 427 686
f 1103 154 485
f 1704 686 778
f 1704 48 686
f 48 485 686
f 48 1103 485
f 1237 48 1704
f 1237 1783 48
f 1237 1704 13
f 1715 1783 1237
f 751 1528 1993
f 1993 234 308
f 1528 234 1993
f 1528 1167 234
f 42 1079 216
f 42 898 1079
f 960 898 42
f 974 42 1597
f 960 42 974
f 202 751 1911
f 202 1528 751
f 1528 202 1167
f 1788 898 960
f 1800 530 1905
f 1905 1599 1911
f 1905 1970 1599
f 530 1970 1905
f 1911 1599 202
f 1630 1487 1841
f 1630 1841 1948
f 1201 1726 142
f 435 142 1726
f 1970 530 142
f 435 1970 142
f 1196 1671 1843
f 1487 1196 1843
f 1943 1487 1630
f 1943 1196 1487
f 1982 844 1201
f 1198 844 1982
f 1264 1198 140
f 844 1198 1264
f 1264 1309 844
f 1726 1201 844
f 435 1726 844
f 1775 1564 1671
f 1775 1671 1196
f 271 323 863
f 207 323 271
f 863 223 320
f 323 223 863
f 207 1231 323
f 320 140 1198
f 320 223 140
f 323 37 223
f 323 1114 37
f 1231 1114 323
f 1231 945 1114
f 223 1552 140
f 37 1552 223
f 1114 774 37
f 945 774 1114
f 1552 1264 140
f 37 774 1552
f 945 615 774
f 1552 227 1264
f 774 227 1552
f 945 1070 615
f 227 594 1264
f 227 883 1236
f 774 883 227
f 615 883 774
f 615 1070 883
f 945 1231 1990
f 1775 1990 1564
f 1990 1070 945
f 1167 672 234
f 234 672 700
f 672 53 700
f 53 836 700
f 700 1847 234
f 836 955 700
f 960 974 597
f 1617 960 597
f 597 974 1597
f 1617 597 1748
f 1824 1617 1748
f 1824 1748 846
f 846 1748 1764
f 202 672 1167
f 202 53 672
f 202 1244 53
f 1244 836 53
f 807 1788 960
f 807 1948 1788
f 807 960 1617
f 1824 807 1617
f 1519 1317 807
f 1599 1244 202
f 1599 1793 1244
f 1970 1793 1599
f 1630 1948 807
f 1317 1630 807
f 827 1630 1317
f 1481 1630 827
f 435 1472 1970
f 1059 1793 1970
f 1472 1059 1970
f 1943 134 1196
f 513 1943 1630
f 1943 513 134
f 513 1630 1481
f 1342 513 1481
f 1264 594 1309
f 594 831 1309
f 831 690 1309
f 690 1170 1309
f 844 1309 435
f 1309 1472 435
f 1309 1059 1472
f 1775 1196 134
f 1711 1775 134
f 1585 1775 1711
f 1665 134 513
f 134 1665 1711
f 227 1236 594
f 1236 831 594
f 883 1286 1236
f 1286 1070 651
f 1286 883 1070
f 1236 419 831
f 1286 419 1236
f 419 690 831
f 1094 1286 651
f 419 1413 690
f 1286 1413 419
f 1286 833 1413
f 1094 833 1286
f 690 1413 1170
f 1094 1450 833
f 1413 952 1170
f 833 952 1413
f 1450 1019 833
f 1990 1775 1070
f 1775 1680 1070
f 651 1070 1680
f 651 1680 1094
f 1775 1031 1680
f 1031 1775 1585
f 1680 1450 1094
f 267 1680 1031
f 1680 267 1450
f 509 267 1031
f 267 1019 1450
f 955 1016 700
f 700 816 1847
f 700 1016 816
f 45 1016 955
f 45 851 1016
f 1016 851 816
f 851 1496 816
f 1496 1116 816
f 1332 1824 846
f 1332 846 254
f 254 1764 1543
f 254 846 1764
f 254 1543 1736
f 1332 254 408
f 408 254 1736
f 1735 408 788
f 1735 1332 408
f 1735 788 1490
f 788 408 1736
f 1992 1490 788
f 1244 955 836
f 1244 45 955
f 1244 547 45
f 45 547 851
f 1327 547 1244
f 547 1496 851
f 547 1116 1496
f 1519 807 1824
f 1338 1519 1824
f 1338 1824 1332
f 81 1519 1338
f 1437 1332 1735
f 1437 1338 1332
f 1812 1338 1437
f 1812 81 1338
f 1793 1594 1244
f 1594 1327 1244
f 1793 1548 1594
f 827 1317 1519
f 1403 827 1519
f 1403 1481 827
f 81 1403 1519
f 1645 81 1812
f 1645 1403 81
f 1770 1403 1645
f 1059 1778 1793
f 1778 1548 1793
f 1778 136 1548
f 513 1342 1665
f 1782 1342 1481
f 1342 693 1665
f 1140 1342 1782
f 1342 1140 693
f 1193 1140 1782
f 1481 1403 1782
f 1796 1782 1403
f 1796 1193 1782
f 1297 1309 1170
f 1309 1987 1059
f 1309 1297 1987
f 1987 1778 1059
f 1987 1297 554
f 1297 623 554
f 1987 136 1778
f 693 1711 1665
f 1219 1711 693
f 1193 693 1140
f 1193 1219 693
f 1170 337 1297
f 952 337 1170
f 833 337 952
f 833 1019 337
f 1297 337 191
f 1019 34 337
f 1019 1136 34
f 337 34 191
f 191 866 1297
f 34 866 191
f 1136 577 34
f 866 623 1297
f 34 262 866
f 577 262 34
f 866 1088 623
f 866 262 1088
f 1088 554 623
f 1088 926 554
f 262 926 1088
f 262 1175 926
f 267 1136 1019
f 267 489 1136
f 509 489 267
f 447 509 1031
f 489 577 1136
f 489 288 577
f 509 288 489
f 509 447 288
f 1031 673 447
f 288 784 577
f 447 784 288
f 447 117 784
f 447 673 117
f 577 784 262
f 784 1175 262
f 784 516 1175
f 117 516 784
f 117 1574 516
f 673 1574 117
f 673 599 1574
f 862 599 673
f 673 1031 1585
f 862 673 1585
f 1947 1711 1219
f 862 1711 1947
f 862 1585 1711
f 1116 988 816
f 816 988 1826
f 1116 1370 988
f 1370 314 988
f 314 439 988
f 988 976 1920
f 439 976 988
f 988 1920 1826
f 439 697 976
f 697 1189 976
f 1189 630 1068
f 1189 1068 976
f 976 1068 1920
f 547 1358 1116
f 1358 1370 1116
f 1358 547 1327
f 1358 314 1370
f 314 697 439
f 1358 697 314
f 1358 1417 697
f 697 630 1189
f 697 1603 630
f 1417 1603 697
f 1606 1603 1417
f 1358 1327 1278
f 1594 1278 1327
f 1278 1594 1548
f 1278 1417 1358
f 1278 1319 1417
f 1770 1796 1403
f 1417 1306 1606
f 136 245 1548
f 1548 1931 1278
f 245 1998 1548
f 1998 1931 1548
f 1998 1822 1931
f 813 1193 1796
f 1415 813 1796
f 1931 1319 1278
f 1770 1429 1796
f 1429 1415 1796
f 1429 930 1415
f 1004 554 385
f 554 1004 1987
f 1987 1361 136
f 1004 88 1987
f 1361 1987 431
f 88 431 1987
f 1631 1361 431
f 136 1361 245
f 1361 1998 245
f 1193 813 1219
f 813 1947 1219
f 813 1944 1947
f 1099 1947 1944
f 1541 1099 1944
f 1415 1944 813
f 930 1944 1415
f 930 1218 1944
f 1218 1541 1944
f 926 385 554
f 1175 385 926
f 516 872 1175
f 1574 1235 516
f 599 1235 1574
f 599 732 1235
f 862 732 599
f 1175 1004 385
f 1175 872 1004
f 1235 872 516
f 88 1004 1811
f 872 1811 1004
f 872 279 1811
f 1235 279 872
f 1235 581 279
f 732 581 1235
f 732 950 581
f 279 88 1811
f 581 768 279
f 950 1105 581
f 88 768 431
f 279 768 88
f 581 891 768
f 581 1105 891
f 768 891 431
f 891 1631 431
f 1105 907 891
f 1947 1283 862
f 1283 261 862
f 862 261 732
f 261 950 732
f 699 1283 1947
f 261 1430 950
f 1283 1430 261
f 1947 347 699
f 1430 1105 950
f 1283 699 1430
f 1430 907 1105
f 1430 924 907
f 699 924 1430
f 699 787 924
f 699 347 787
f 1099 347 1947
f 16 347 1099
f 1068 1571 1920
f 1319 1306 1417
f 832 1306 1319
f 753 832 1319
f 1703 1931 1822
f 1251 1931 1703
f 1251 1319 1931
f 1251 1393 1319
f 1319 1448 753
f 1393 518 1319
f 518 1448 1319
f 518 1849 1448
f 1849 497 1448
f 1631 1333 1361
f 806 1998 1361
f 1361 1157 806
f 1157 1361 61
f 61 1333 1330
f 61 1361 1333
f 1157 61 79
f 1998 806 1822
f 1703 1822 806
f 1238 1157 79
f 806 1251 1703
f 1901 1393 1251
f 1901 518 1393
f 1901 1251 806
f 1157 1901 806
f 1725 1541 1218
f 1849 1241 1929
f 907 1239 891
f 1515 1631 1239
f 891 1239 1631
f 1239 541 1515
f 1333 1631 1515
f 1239 907 541
f 924 411 907
f 787 411 924
f 787 1539 411
f 347 1539 787
f 347 16 1539
f 541 1333 1515
f 907 772 541
f 411 772 907
f 411 1539 884
f 16 8 1539
f 16 95 8
f 541 772 1333
f 411 884 772
f 8 884 1539
f 772 1330 1333
f 772 617 1330
f 884 617 772
f 8 1292 884
f 95 1292 8
f 61 1330 617
f 617 757 61
f 884 757 617
f 884 735 757
f 884 1292 735
f 757 79 61
f 757 735 79
f 1292 1149 735
f 735 1238 79
f 735 521 1238
f 1149 521 735
f 1099 1479 16
f 102 1099 1141
f 1099 150 1479
f 102 150 1099
f 16 1479 95
f 95 708 1292
f 1479 708 95
f 150 708 1479
f 1292 708 1149
f 150 322 708
f 102 322 150
f 1352 108 102
f 322 1149 708
f 1238 1466 1157
f 1149 322 196
f 102 196 322
f 108 196 102
f 1541 1141 1099
f 1352 102 1141
f 1890 631 1141
f 631 1352 1141
f 631 972 1352
f 1725 1141 1541
f 1145 1141 1725
f 1145 1890 1141
f 328 398 1157
f 328 1157 1466
f 1901 1157 398
f 1910 1901 398
f 1910 1356 1901
f 1356 1152 1901
f 518 1241 1849
f 1241 518 1901
f 1484 1241 1901
f 1484 1328 1241
f 397 1328 1484
f 1484 1901 1152
f 923 1328 397
f 521 352 1238
f 352 1466 1238
f 1149 352 521
f 1149 291 352
f 1149 196 291
f 108 985 196
f 1352 985 108
f 1352 965 985
f 352 291 1466
f 196 1441 291
f 196 985 1441
f 93 398 328
f 291 328 1466
f 291 1441 328
f 985 93 1441
f 985 1445 93
f 985 965 1445
f 1441 93 328
f 93 1445 398
f 1890 169 631
f 1352 972 965
f 631 454 972
f 169 327 631
f 972 1314 965
f 454 1314 972
f 631 327 454
f 965 1314 1445
f 454 628 1314
f 327 628 454
f 1314 1001 1445
f 1314 628 1001
f 327 89 628
f 169 89 327
f 169 779 89
f 437 779 169
f 921 1356 1910
f 1445 1910 398
f 1445 1001 1910
f 628 921 1001
f 628 1609 921
f 628 89 1609
f 72 1152 1356
f 1001 921 1910
f 921 1609 1356
f 89 72 1609
f 779 72 89
f 779 334 72
f 1609 72 1356
f 72 334 1152
f 1145 680 1890
f 1106 680 1145
f 771 1106 1145
f 680 317 1890
f 1049 1106 771
f 1890 437 169
f 317 437 1890
f 437 317 779
f 680 999 317
f 1106 999 680
f 1049 999 1106
f 1049 842 999
f 779 658 334
f 317 658 779
f 658 317 814
f 317 999 814
f 159 923 397
f 334 658 1152
f 658 1484 1152
f 658 814 1484
f 814 397 1484
f 999 1024 814
f 1024 1423 159
f 999 1423 1024
f 842 1423 999
f 159 397 1024
f 814 1024 397
f 159 1423 923
f 1184 1468 231
f 231 1831 1691
f 1692 1691 1831
f 1468 1064 1831
f 1468 1831 231
f 1064 543 1831
f 1914 793 1610
f 1610 1508 1914
f 1610 1798 1508
f 1508 912 1914
f 1719 912 1508
f 1281 1468 1184
f 1281 1969 1468
f 1468 1969 1064
f 1281 1935 1969
f 1935 1385 1969
f 937 793 1914
f 937 1914 912
f 1719 937 912
f 1329 1784 937
f 1329 937 1719
f 919 1935 1281
f 1270 1935 919
f 1865 1349 1784
f 1865 1784 1329
f 714 1865 1329
f 1865 1660 1349
f 738 258 1825
f 1825 800 1270
f 258 800 1825
f 1270 800 1935
f 1006 1660 1865
f 1601 1006 1865
f 1601 1916 1006
f 1601 1865 714
f 1941 258 738
f 1941 1347 258
f 1985 1347 1941
f 737 1916 1601
f 1418 1143 1190
f 587 1418 1190
f 737 1190 1916
f 1315 1190 737
f 1315 587 1190
f 871 312 1363
f 1363 1347 1985
f 1363 312 1347
f 1565 240 1143
f 240 625 1121
f 240 1565 625
f 1121 625 249
f 249 657 871
f 625 657 249
f 330 1565 1143
f 1565 475 625
f 1565 330 475
f 625 475 657
f 1418 330 1143
f 657 312 871
f 657 275 312
f 475 275 657
f 330 1418 649
f 330 649 475
f 649 1418 587
f 475 649 857
f 275 857 312
f 475 857 275
f 1572 587 1315
f 1572 649 587
f 815 649 1572
f 649 815 857
f 857 1615 312
f 857 815 1615
f 1158 1954 1279
f 1954 1649 1279
f 1064 723 543
f 1064 1158 723
f 723 379 1833
f 723 1279 379
f 1158 1279 723
f 572 1508 1798
f 25 1508 572
f 25 1719 1508
f 1962 25 572
f 826 572 1798
f 920 1962 826
f 1962 572 826
f 378 920 20
f 1803 1949 1954
f 1969 1158 1064
f 1969 1385 1158
f 1385 1803 1158
f 1803 1954 1158
f 1395 25 1962
f 1395 1719 25
f 1395 1329 1719
f 1395 1962 920
f 1395 920 378
f 1935 758 1385
f 800 758 1935
f 800 1400 758
f 758 1803 1385
f 758 1400 1803
f 1845 714 1329
f 1266 1329 1395
f 1845 1329 1266
f 800 116 1400
f 800 946 116
f 258 1566 800
f 800 1566 946
f 1601 714 1845
f 1657 1601 1845
f 258 1893 1566
f 1347 1893 258
f 1347 345 1893
f 1657 737 1601
f 922 1315 737
f 941 922 737
f 1577 941 737
f 312 1615 1347
f 1615 608 1347
f 608 782 1347
f 782 1937 1347
f 1937 345 1347
f 782 1 1937
f 782 600 1
f 1572 1315 922
f 825 815 1572
f 815 608 1615
f 608 815 825
f 1620 1572 922
f 825 1572 1620
f 608 913 782
f 913 608 825
f 941 1620 922
f 825 1620 1060
f 1060 1620 941
f 1806 825 1060
f 1806 913 825
f 782 913 1806
f 1060 941 1577
f 1806 600 782
f 1729 491 935
f 491 1735 1490
f 1729 1735 491
f 491 1490 1992
f 1279 1649 379
f 1954 805 1649
f 1649 662 379
f 1649 805 662
f 1954 1949 805
f 805 935 662
f 805 1729 935
f 1949 1729 805
f 1456 378 20
f 20 1510 1456
f 139 1456 1510
f 1510 20 634
f 579 139 1510
f 579 1510 856
f 111 579 856
f 1510 634 856
f 20 920 826
f 826 634 20
f 1729 1437 1735
f 1812 1437 1729
f 1685 1812 1729
f 1155 1812 1685
f 1803 1685 1949
f 1949 1685 1729
f 1127 378 1456
f 1127 1395 378
f 1127 1456 139
f 111 139 579
f 1127 139 111
f 1794 1127 111
f 1155 1645 1812
f 1803 1438 1685
f 1438 1155 1685
f 1294 1155 1438
f 1400 1438 1803
f 1400 1294 1438
f 116 1294 1400
f 1404 1295 1127
f 310 375 1295
f 1229 1845 1266
f 1266 1395 1127
f 1295 1266 1127
f 1295 375 1266
f 1229 1266 375
f 1475 1207 1294
f 1207 1155 1294
f 1475 1305 1207
f 946 1475 116
f 1475 1294 116
f 1229 1657 1845
f 1657 1229 375
f 1607 1657 375
f 946 1621 1475
f 1566 1621 946
f 607 1566 1893
f 1566 607 1621
f 1592 737 1657
f 1592 1442 737
f 297 1449 1592
f 1442 1577 737
f 1449 1442 1592
f 345 607 1893
f 345 1055 607
f 1055 593 607
f 600 179 1
f 179 660 1
f 1 1011 1937
f 660 1011 1
f 660 135 1011
f 1937 1055 345
f 1937 1111 1055
f 1011 1111 1937
f 1011 29 1111
f 135 29 1011
f 1111 1462 1055
f 29 1462 1111
f 574 1577 1442
f 574 1060 1577
f 1060 574 1806
f 179 1806 574
f 1806 179 600
f 1209 574 64
f 1209 179 574
f 64 574 1442
f 64 752 1209
f 179 1209 660
f 238 64 1442
f 752 64 238
f 1209 135 660
f 1449 238 1442
f 1449 752 238
f 1209 29 135
f 29 1209 752
f 1449 1199 752
f 1199 29 752
f 1199 1449 297
f 630 17 1068
f 1339 719 1710
f 1339 1710 17
f 582 856 936
f 582 111 856
f 764 582 936
f 764 936 1710
f 927 764 1710
f 936 1874 1710
f 927 1710 719
f 1710 1874 1109
f 634 936 856
f 936 634 1874
f 630 1603 17
f 1603 1339 17
f 1603 1129 1339
f 1129 719 1339
f 868 1129 1603
f 868 1217 1129
f 868 1603 1606
f 1794 111 582
f 1794 582 764
f 1129 927 719
f 1129 764 927
f 1129 1794 764
f 1129 1404 1794
f 1217 1404 1129
f 1404 1127 1794
f 1155 1770 1645
f 38 1217 868
f 1306 38 868
f 38 1771 1217
f 1054 1771 38
f 728 377 1404
f 728 1404 1217
f 1771 728 1217
f 1269 310 1295
f 1269 1295 1404
f 377 1269 1404
f 1207 1770 1155
f 1207 1429 1770
f 1305 1429 1207
f 1305 930 1429
f 728 1039 377
f 1269 1607 310
f 1607 1269 1039
f 1039 1269 377
f 1695 1607 1039
f 1607 375 310
f 1913 930 1305
f 1913 1218 930
f 1913 1494 1218
f 1621 1913 1305
f 1125 1057 1913
f 1057 1494 1913
f 1621 1305 1475
f 607 1125 1621
f 1125 1913 1621
f 1125 1915 1057
f 1897 1657 1607
f 931 1607 1695
f 1897 1607 931
f 1897 1592 1657
f 440 297 1592
f 1897 1132 1592
f 1132 440 1592
f 1476 1132 1897
f 190 1476 1897
f 1296 1476 190
f 607 1915 1125
f 585 1582 1915
f 593 1410 607
f 593 359 1410
f 1410 585 607
f 607 585 1915
f 1410 694 585
f 1410 724 694
f 359 724 1410
f 694 467 585
f 694 391 467
f 724 391 694
f 440 68 297
f 29 1199 618
f 1055 1091 593
f 1462 1091 1055
f 29 1721 1462
f 29 618 1721
f 1462 1721 1091
f 618 68 440
f 1091 359 593
f 1091 821 359
f 1721 821 1091
f 59 618 440
f 618 59 1721
f 59 440 1132
f 59 894 1721
f 821 1721 894
f 894 59 1132
f 982 821 894
f 821 724 359
f 821 982 724
f 143 1132 1476
f 143 894 1132
f 894 143 982
f 75 143 1476
f 982 143 75
f 391 724 982
f 1199 68 618
f 68 1199 297
f 1710 1571 17
f 17 1571 1068
f 1571 1710 1109
f 1306 868 1606
f 832 1054 38
f 832 38 1306
f 753 1054 832
f 1054 1885 1771
f 1448 1054 753
f 1885 1054 1448
f 1885 1448 497
f 497 604 1885
f 604 497 1929
f 1849 1929 497
f 1771 1885 728
f 1885 1039 728
f 1885 1695 1039
f 604 1695 1885
f 1494 1725 1218
f 1951 1695 604
f 1951 604 1162
f 1951 931 1695
f 1951 1713 931
f 1713 1951 1030
f 190 1897 931
f 1389 190 931
f 1213 190 1389
f 1389 931 1713
f 1673 1725 1494
f 1673 1145 1725
f 542 1145 1673
f 726 542 1673
f 542 771 1145
f 1754 542 726
f 1057 1673 1494
f 1837 1673 1057
f 1837 85 1673
f 85 963 1673
f 963 726 1673
f 963 1627 726
f 1582 1837 1915
f 1837 1057 1915
f 1582 173 1837
f 173 1344 1837
f 1837 1344 85
f 173 1984 1344
f 85 370 963
f 463 370 85
f 1344 21 85
f 1984 21 1344
f 585 144 1582
f 467 144 585
f 467 1683 144
f 391 1683 467
f 391 31 1683
f 144 854 1582
f 1683 854 144
f 338 190 1213
f 338 416 190
f 31 416 338
f 1694 1683 31
f 1582 1182 173
f 854 1182 1582
f 1694 338 1213
f 1694 31 338
f 1683 1150 854
f 1150 1683 1694
f 1182 854 1150
f 155 1213 1389
f 155 1694 1213
f 1694 155 1150
f 1984 1182 1150
f 1182 1984 173
f 92 155 1389
f 1150 155 92
f 92 1389 1713
f 1432 92 1713
f 1432 1150 92
f 1984 1432 622
f 1984 1150 1432
f 75 1476 1296
f 219 982 75
f 391 982 219
f 219 75 1296
f 31 219 416
f 219 31 391
f 416 1296 190
f 416 219 1296
f 1241 604 1929
f 1241 1162 604
f 1162 1241 1328
f 743 1162 1328
f 1790 743 1328
f 1790 1328 923
f 642 189 1162
f 733 1162 743
f 691 1162 733
f 642 1162 691
f 189 1030 1951
f 1629 1713 1030
f 189 1951 1162
f 189 1265 1030
f 542 1163 771
f 771 1163 1049
f 1163 842 1049
f 842 1163 555
f 1163 638 555
f 542 638 1163
f 1754 638 542
f 1754 1336 638
f 1336 1754 995
f 638 743 1790
f 638 1336 743
f 842 1419 1423
f 555 1419 842
f 1790 923 1419
f 1423 1419 923
f 1419 555 1790
f 555 638 1790
f 963 51 1627
f 370 51 963
f 726 1497 1754
f 726 742 1497
f 1627 742 726
f 742 51 1618
f 51 810 1618
f 51 742 1627
f 642 839 189
f 1618 810 839
f 1754 1497 995
f 1497 742 995
f 742 1618 995
f 691 1618 642
f 1618 839 642
f 995 1618 691
f 1336 733 743
f 1336 995 733
f 995 691 733
f 287 1713 1629
f 1984 622 21
f 21 463 85
f 622 287 1629
f 463 612 289
f 21 612 463
f 612 21 622
f 612 1629 1030
f 622 1629 612
f 51 370 810
f 370 289 810
f 463 289 370
f 372 1265 189
f 612 1030 1265
f 289 1265 372
f 289 612 1265
f 839 372 189
f 810 372 839
f 289 372 810
f 287 1432 1713
f 1432 287 622

