# https://github.com/mikedh/trimesh
v -0.50143397 -0.49995229 0.19139104
v -0.23168981 -0.39465797 0.45555103
v 0.32686993 -0.23816240 0.30559665
v -0.09233675 0.15495212 -0.38449922
v 0.16019700 -0.17952301 0.13380399
v -0.42643040 0.39441895 0.04984577
v 0.07084853 -0.09935097 0.36722738
v -0.10769945 -0.35962132 0.48688662
v -0.39560816 -0.18253876 -0.22862369
v -0.23108886 -0.36625013 -0.45377654
v -0.10069217 -0.18034546 0.23660155
v 0.08414030 -0.70564002 0.15365671
v 0.10861282 0.25352457 -0.35761291
v -0.09249520 0.40142524 -0.38466364
v -0.25711900 -0.11908825 -0.30692366
v 0.51283085 -0.62292755 0.26444519
v 0.26556101 0.31690937 -0.23768978
v -0.43111718 -0.36468962 -0.30012855
v -0.23290062 -0.49286407 -0.45974711
v -0.30751047 -0.18251699 -0.32022253
v -0.33464110 -0.70564073 -0.33282393
v -0.50914335 -0.22928722 0.08887357
v 0.00892675 0.27451319 0.38460881
v -0.49037603 -0.30236089 -0.18796638
v -0.32626086 0.69489902 -0.20310985
v 0.19491889 0.35213438 0.30809325
v 0.34289885 0.23947343 -0.05098354
v -0.09340786 0.30291367 0.38445011
v -0.09237848 0.23946588 -0.38455543
v -0.10970245 -0.49164930 0.49331641
v 0.23142631 -0.23930915 0.39251053
v -0.10728539 -0.61173207 -0.49435192
v 0.14926466 -0.42258376 -0.45696199
v -0.34862956 0.57745308 -0.23848437
v -0.33971351 -0.34460187 -0.38917321
v -0.09226597 0.52113658 -0.38482130
v 0.45192444 -0.47934532 -0.06455699
v -0.17077422 -0.68027872 0.47409308
v -0.49928337 -0.42258406 0.18879709
v -0.34861314 0.50000560 -0.23834975
v -0.42610464 0.09150913 0.05016994
v 0.25745064 -0.35885423 -0.38990191
v -0.33562332 -0.18251841 0.29929051
v 0.26193750 -0.51405281 0.39541945
v 0.26532024 0.13380963 0.23774777
v -0.44425949 -0.23917094 -0.25517896
v -0.49419650 -0.34482267 0.18809915
v 0.15494797 -0.13505973 0.29641572
v -0.11351940 0.68896735 -0.35026106
v -0.34550408 -0.56337953 -0.39576375
v -0.43603423 -0.61862117 -0.30487302
v 0.31173083 -0.13115847 -0.07121534
v 0.19031216 -0.18172610 0.11088748
v -0.09201491 0.07751298 -0.38447773
v 0.26535016 0.32397115 0.23808230
v -0.50224817 -0.69110924 -0.16209783
v -0.52909350 -0.69061363 -0.00704354
v -0.23425236 -0.49966812 0.45936266
v -0.35235873 0.70533061 -0.09201425
v -0.10755007 -0.44939134 -0.49210212
v -0.23372351 -0.54927564 -0.46045750
v 0.26555794 0.09860891 -0.23725483
v -0.04922727 -0.70564002 -0.21088709
v 0.03695006 -0.70564193 0.44072759
v 0.26327315 -0.56336814 -0.39514723
v 0.26555488 0.42958969 -0.23794153
v 0.26531139 0.27465525 0.23801884
v 0.19480284 0.04928699 -0.30781123
v -0.52417392 -0.68173081 -0.09828316
v 0.41615468 -0.42912021 -0.19022220
v -0.27952811 -0.18267958 0.35385528
v 0.19136409 -0.17919998 0.06328219
v -0.15155806 -0.70564002 0.17333342
v -0.34865719 0.57039899 0.23826963
v 0.20890984 -0.18250556 -0.33946919
v -0.04152605 -0.20798583 0.46461761
v -0.34418410 -0.43663442 0.39292899
v -0.19198674 0.02113878 0.35733172
v 0.31619427 0.49294072 0.15042873
v 0.26411763 0.65048361 -0.23542389
v 0.40773860 -0.29596320 -0.18564640
v 0.11293612 -0.12083081 0.34007657
v -0.09258533 0.57760471 -0.38478547
v -0.22755088 -0.18256007 -0.37992111
v -0.34856728 0.04228497 0.23725611
v 0.32485792 0.63917851 -0.12153960
v -0.34871224 0.52113819 0.23812398
v 0.25729331 -0.38632515 0.39234850
v 0.19487508 0.11270016 -0.30786756
v -0.24539471 0.70217204 0.26376489
v 0.45286256 -0.61945212 -0.06392407
v -0.34098068 -0.67954427 -0.39431664
v -0.27794775 0.02113916 -0.30761975
v -0.53452229 -0.47806737 -0.06695304
v -0.25632244 -0.69404799 0.43528458
v -0.29742536 -0.18180834 -0.02770147
v 0.17930737 0.70554268 0.22627528
v 0.42293930 -0.68490714 0.16766980
v 0.05636972 0.70479518 0.31312025
v -0.53231972 -0.42296645 -0.06688960
v -0.42610228 0.21855706 -0.05099018
v -0.35883287 0.64998412 0.21675158
v -0.38777879 0.69476312 0.05223342
v -0.11529810 -0.18288909 0.42326644
v -0.05816023 -0.18278649 0.42571393
v -0.46834457 -0.18278132 0.00700055
v 0.27802333 -0.21317056 -0.34207585
v -0.34859833 0.14086968 0.23742895
v 0.35325035 -0.56343794 -0.30522665
v -0.04008690 0.70564002 0.00046489
v -0.22349061 -0.70564002 -0.04442906
v -0.37342837 -0.70550776 0.32433143
v 0.14061090 -0.70564002 -0.06716612
v -0.15339158 -0.18173397 -0.23396866
v 0.00891413 0.02114250 0.38441810
v -0.14394361 -0.18255769 -0.41025344
v 0.29867750 -0.66519916 0.35789716
v 0.19547914 0.57039934 -0.30810383
v -0.49725789 -0.39542243 -0.18988593
v 0.10872757 0.54930133 -0.35786459
v 0.41926205 -0.57047403 -0.19182171
v -0.25271150 -0.18178049 0.15462372
v 0.31605181 -0.02069720 -0.14949594
v -0.52649367 -0.33122429 0.06370321
v -0.34868523 0.26060185 0.23759535
v 0.42610601 -0.69526899 -0.11971900
v 0.40305033 -0.24464485 0.18189427
v 0.28413570 -0.18281648 -0.27732235
v 0.51922119 -0.64087397 0.24634698
v -0.36561415 -0.23018198 -0.34762758
v -0.32348365 0.69105858 0.21816039
v -0.46542633 -0.19657952 -0.17151017
v 0.20156874 0.70560479 -0.20005603
v 0.01011570 0.30988082 -0.38451344
v -0.53411412 -0.46449545 0.06641833
v 0.15428321 0.67667317 0.31341013
v -0.42632121 0.30252609 0.04995028
v 0.45305648 -0.54216486 0.06384484
v 0.26525092 0.09155823 0.23770189
v 0.35387993 -0.24106781 -0.26834911
v -0.31882158 -0.14356092 0.19940639
v 0.37840086 -0.49584445 0.26340696
v -0.49220794 -0.30549949 0.18413451
v 0.00446268 -0.67363679 0.49340302
v -0.29794693 -0.70563787 0.37124583
v -0.33712357 -0.14668547 -0.11255715
v -0.49150106 -0.25235978 0.16767295
v -0.34855032 0.38734406 -0.23815666
v -0.44791543 -0.70534825 -0.22969076
v 0.30787483 -0.19113298 0.28054905
v 0.32365596 -0.66586679 0.33284312
v 0.23043188 -0.08447103 -0.27186614
v 0.14658052 -0.18169533 0.16725448
v -0.23412889 -0.18070832 0.15333132
v 0.34086612 -0.27577060 0.29634604
v -0.17181450 -0.15269497 -0.20194219
v 0.18453801 -0.16197300 -0.00704232
v -0.22537100 -0.16699199 0.13760100
v 0.19516255 0.34507993 -0.30800354
v 0.30337143 -0.70478302 0.31811604
v 0.26216033 -0.59859872 0.39576042
v 0.06708060 -0.15340100 -0.20799500
v 0.03279573 -0.70493758 -0.46510771
v -0.40648845 -0.11697216 0.08380029
v 0.43749109 -0.65942150 0.20358580
v 0.10997767 -0.16827759 -0.16808069
v -0.00881951 -0.14936471 -0.23743196
v 0.50058794 -0.59109890 0.27206233
v 0.50914961 -0.55728054 0.24913612
v -0.10680709 -0.16851324 -0.21989065
v 0.01935100 -0.15912400 -0.22876801
v 0.14656200 -0.17249200 0.13497300
v 0.21780798 -0.10943118 -0.27556205
v 0.09671205 -0.12600251 -0.34191051
v -0.07235525 -0.17568766 0.23242439
v -0.19269700 -0.17288899 -0.17676599
v 0.08096997 -0.14780444 -0.22060242
v 0.13428804 -0.66694421 0.46436745
v -0.26568508 -0.16924316 -0.04904527
v 0.00515552 -0.16868229 0.22331749
v 0.44770637 -0.55497205 0.19057511
v 0.08731037 -0.15256026 -0.20153826
v 0.05962879 -0.15318623 -0.21531081
v 0.05265225 -0.69558114 -0.47445500
v -0.02290811 -0.16892910 0.22474763
v -0.36326978 -0.67637688 -0.37488177
v -0.21178949 -0.16749068 -0.15358548
v 0.41657662 -0.37244788 0.20076425
v 0.35749912 -0.21660998 0.24885021
v -0.52910894 -0.69062126 0.01400795
v 0.25103930 0.69285905 -0.19632405
v 0.17715135 -0.15209979 -0.08843084
v -0.40888900 -0.18249984 0.20187508
v 0.18411000 -0.16197300 -0.03521160
v 0.09438717 -0.18172766 0.22015429
v 0.46771997 -0.54573768 0.23826909
v -0.23966627 -0.16845901 0.11079919
v -0.13484952 -0.16823882 0.20791771
v -0.21647069 -0.15209538 0.16127659
v 0.47003481 -0.66385990 0.20162566
v -0.18221238 -0.16740292 -0.18160248
v 0.43224916 -0.67661387 0.13549638
v -0.46186918 -0.20576297 -0.19783822
v 0.09501526 -0.17567392 -0.19004560
v -0.27350816 -0.15680547 -0.00704148
v 0.37705964 -0.67701930 0.25944945
v 0.17869280 -0.18280211 0.36599591
v 0.23701076 -0.19599891 0.36124873
v -0.32544684 0.67535400 -0.23947449
v 0.49850804 -0.54963470 0.25361064
v -0.34596261 -0.08241337 -0.23961590
v 0.19638172 -0.23915118 -0.41270480
v 0.49624717 -0.59390163 0.19330564
v 0.01849174 0.64288574 0.38228250
v 0.25920367 -0.68932462 -0.38932565
v 0.31203219 0.67976904 0.09919392
v 0.31238237 -0.70120180 -0.31655979
v -0.24052100 -0.16630501 -0.11142100
v -0.20657299 -0.17313600 0.16254500
v 0.28425527 -0.10617490 -0.19607587
v -0.33436257 -0.69003737 0.39463225
v 0.03700875 -0.14762308 -0.24852031
v 0.02465349 -0.51975274 0.49424899
v -0.13656320 -0.15701331 0.21371435
v 0.44890648 -0.67968470 -0.07007907
v -0.37954053 0.67721903 -0.15195438
v -0.27780500 -0.04801032 -0.30755541
v -0.34935459 0.61384588 -0.23763947
v -0.43743595 -0.69096917 -0.28901222
v 0.25488922 -0.12110315 0.22812942
v -0.09312993 -0.16870397 -0.22275318
v 0.15897800 -0.16101700 0.11911100
v 0.03358416 -0.22386011 0.46957806
v 0.13127089 -0.15431128 -0.15844809
v 0.17867908 -0.14210628 -0.26242781
v 0.07862554 -0.23073271 -0.45953289
v 0.32895330 -0.70181072 -0.29790491
v -0.48181581 -0.68929750 -0.21598297
v 0.27147201 -0.70057201 -0.35775599
v 0.34206125 -0.68915123 0.30727038
v 0.19104099 -0.15141000 -0.06338090
v -0.04401986 -0.19505759 -0.45249236
v 0.20791125 -0.14758296 0.08208779
v 0.14479844 -0.16007076 0.13359919
v 0.38981423 -0.66478384 -0.24034756
v -0.22355017 -0.22180779 -0.43840304
v -0.36323339 -0.67558384 0.37522873
v 0.18207897 -0.16365139 -0.04894644
v 0.27722919 0.64014733 0.21814992
v -0.19824253 -0.68243635 0.46656862
v -0.43834224 -0.19246866 -0.20932348
v 0.48623225 -0.54265410 0.21202582
v 0.23174810 -0.22792250 -0.38939908
v -0.16258122 -0.16785185 0.19160119
v 0.53113902 -0.61268198 0.23239700
v 0.01898110 -0.16906171 0.22142394
v -0.07797526 -0.09670460 0.38365659
v -0.33424622 -0.18553266 0.32070524
v -0.16361222 -0.16359480 -0.19513835
v 0.30734181 -0.19733715 -0.29510334
v 0.10316979 -0.16904804 0.17791879
v -0.05107393 -0.70292079 0.47711989
v 0.15699358 -0.15294498 -0.13069750
v 0.31944525 -0.11802241 0.09729890
v -0.34080577 0.70537591 -0.12478589
v -0.41218129 -0.70448381 0.28903851
v 0.05330689 -0.14761265 0.23607549
v 0.08164234 -0.70326185 -0.45569235
v -0.33821267 -0.26019514 -0.38014904
v -0.42449909 -0.22562051 -0.28296101
v 0.15287825 -0.13441564 -0.29821709
v -0.13558000 -0.17704500 -0.21831200
v -0.48506862 -0.70349205 -0.16698165
v 0.13546300 -0.16481100 0.14788900
v 0.47929159 -0.66765344 0.24650317
v 0.32792431 -0.68913758 0.32185057
v 0.29583392 -0.18255036 0.25527170
v -0.05107014 -0.14825830 0.23940136
v -0.40692756 -0.20552950 -0.28755760
v 0.18399800 -0.15925100 -0.06338090
v -0.22537100 -0.17069200 0.13760100
v -0.24348049 -0.15178372 0.13270031
v -0.23662050 0.69632459 -0.28685495
v 0.16565311 -0.16915835 -0.09541941
v 0.35105616 -0.69246972 0.29284522
v -0.10741100 -0.17869300 -0.23239700
v 0.26558873 0.35916480 -0.23777901
v -0.26830700 -0.16712600 0.00704232
v -0.24052100 -0.16963699 -0.11142100
v 0.04335690 -0.15164085 -0.22082575
v -0.47242820 -0.70257187 0.19700083
v 0.01585704 -0.70544761 -0.46694645
v 0.26804143 -0.13741286 -0.16494466
v -0.26340669 -0.70526767 0.40996796
v -0.26139501 -0.17406701 -0.07780970
v -0.27642599 -0.18859300 -0.37324300
v 0.09497951 -0.16814072 -0.18135625
v -0.13052076 -0.67767215 0.48593953
v 0.20538312 -0.18176614 0.01379954
v 0.32433310 -0.08677118 -0.12109784
v -0.02290300 -0.16119599 0.22808599
v -0.28548348 -0.19405819 0.38038424
v 0.43167943 -0.50704885 0.21831365
v -0.49147916 -0.20564114 0.11149094
v -0.48789102 -0.25911742 -0.18185349
v -0.40987974 0.64026558 -0.11420767
v 0.52605647 -0.57930291 0.23245843
v -0.07920353 -0.16887771 -0.22408110
v 0.17866749 -0.16872334 0.06311051
v 0.17641300 -0.16216400 0.07777850
v -0.28197670 -0.14833431 -0.06976776
v -0.19195300 -0.16116700 -0.17594101
v 0.12690087 -0.11449674 -0.33629644
v 0.42407057 -0.52970994 0.23256697
v -0.45871842 -0.70139331 0.22555973
v 0.18750112 -0.20914543 0.40512463
v -0.04184054 0.68945569 -0.35701805
v -0.26501599 -0.17331199 -0.06338090
v -0.07557992 0.68100154 0.36606371
v 0.52760154 -0.62705380 0.22739306
v -0.00937569 -0.14756617 0.26548415
v 0.20691948 -0.08401009 -0.29554084
v -0.26493606 -0.14763960 0.12441677
v 0.19545315 -0.12575397 -0.28142318
v 0.18421100 -0.16197300 0.03521160
v 0.11112382 -0.09455533 -0.35444975
v 0.12403978 -0.16826487 -0.15399279
v -0.05106064 -0.17077018 -0.22458018
v -0.42265522 -0.07610813 0.06642645
v -0.26778063 -0.68043804 0.43726155
v -0.12755838 -0.16879570 0.21067171
v -0.04149812 -0.18183529 0.25254652
v -0.02864584 -0.19392213 0.45081142
v -0.02341308 -0.18185808 -0.25170863
v 0.01931821 -0.14826956 -0.24067509
v 0.15917300 -0.17466100 -0.11907900
v -0.31810263 -0.69940507 0.39133051
v 0.04761497 -0.16326970 0.21196389
v -0.19142978 0.70362812 0.29386103
v 0.10936403 -0.17464776 -0.17633332
v 0.31313673 0.69132000 0.02051433
v 0.42576474 -0.55709028 0.23858680
v -0.23512080 -0.18134597 -0.15376097
v -0.37872520 -0.18251975 -0.25600004
v 0.18698099 -0.17429000 -0.04812550
v -0.15061900 -0.17302500 -0.20434700
v 0.45026711 -0.68002903 0.05903886
v -0.00882195 -0.14919002 0.23802157
v 0.14788130 -0.41530690 0.45717135
v -0.21451722 -0.69264859 0.45664415
v 0.31247711 -0.13554452 0.00458433
v 0.02075975 -0.07964037 -0.38200238
v -0.26526582 -0.16119049 0.06306875
v 0.17576139 -0.69297493 -0.43593791
v 0.08245071 -0.69962555 0.46206099
v 0.28964829 -0.66585892 -0.36687106
v -0.26583472 -0.16993517 0.04904748
v 0.13821647 -0.17970964 -0.16188926
v 0.18445300 -0.16197300 -0.02112700
v 0.47751680 -0.58643663 0.18021789
v 0.34080255 -0.10477034 0.00874336
v 0.01194585 -0.11539468 -0.37294796
v 0.50573820 -0.55677021 0.21333326
v -0.23206206 -0.15211505 0.14582498
v 0.02731318 -0.14761332 0.24969485
v 0.12359118 -0.69360662 -0.45750389
v -0.22478899 -0.15260001 0.15258799
v 0.19517386 -0.66406578 -0.43346706
v -0.15577137 -0.16730966 -0.19647743
v -0.36188683 0.70326430 0.09217725
v 0.44782335 -0.64035887 0.16959323
v 0.50842816 -0.66640770 0.22964589
v 0.34902495 -0.18996964 0.21081686
v 0.34808820 -0.38718668 0.30231306
v 0.06132160 -0.17572932 -0.20939261
v 0.15320891 -0.18266982 0.37976384
v 0.32372504 -0.12670547 -0.04280664
v 0.51391464 -0.56946278 0.25298148
v 0.18837409 -0.17804994 -0.06961425
v 0.28799412 0.68388093 0.15702434
v -0.17756800 -0.17423099 0.18948200
v -0.31572962 -0.09342594 0.26880682
v -0.04402620 -0.70536721 -0.46968365
v 0.16413717 -0.70473635 -0.42188936
v -0.24119546 0.67295396 0.31418282
v -0.35343650 0.68454105 -0.18337545
v 0.16220830 -0.16767694 0.10494895
v 0.03144374 -0.15220508 -0.23015802
v -0.26830700 -0.17014100 0.00704232
v -0.17166795 -0.11457168 0.35387471
v 0.42477694 -0.43555716 0.21012132
v 0.26559535 0.27465701 -0.23760448
v -0.09307729 -0.16880634 0.22261393
v 0.10627185 0.60486138 0.35887760
v 0.36570746 -0.19062823 0.18518941
v 0.25503713 -0.21980491 -0.37020603
v -0.18253550 0.69063711 0.32862416
v 0.34111300 0.63309801 -0.06249315
v 0.18228726 -0.68864274 0.43570367
v -0.51967978 -0.67410129 -0.12113560
v 0.50855106 -0.64432847 0.25653961
v 0.45097890 -0.68096560 0.02494276
v -0.22336900 -0.15262000 -0.15150000
v -0.19768578 -0.16735466 -0.16775103
v 0.48498502 -0.66139650 0.20167084
v 0.38880852 -0.18314035 -0.00430132
v -0.09925426 0.61898750 0.38394412
v -0.46342003 -0.18958396 -0.14009532
v 0.09530621 -0.18178013 -0.22396679
v 0.40681568 -0.61832178 0.24017833
v 0.06160490 -0.17255101 0.20737600
v 0.07568950 -0.15202300 -0.20704700
v 0.41778588 -0.45474541 0.22218809
v -0.19008225 -0.14902382 0.19563496
v 0.44299129 -0.54617989 0.20428050
v -0.14877726 -0.69076353 0.47640786
v -0.25654343 -0.16383204 0.07898434
v 0.11662900 -0.17554700 0.17474200
v -0.09965325 0.66448981 -0.37426549
v 0.39222541 -0.48072237 0.23833664
v -0.25724596 -0.15249185 -0.10573254
v 0.39523682 -0.19389690 0.11301648
v 0.41200328 -0.70561254 -0.09050231
v 0.18854800 -0.17528901 0.03521160
v -0.27980143 -0.17892811 -0.00704003
v 0.52045286 -0.58424532 0.21582818
v -0.26501301 -0.17327499 0.06338090
v 0.02760611 -0.69258052 -0.48415965
v -0.51104927 -0.70544893 -0.01041288
v -0.43985909 -0.70475477 0.24694075
v 0.47003022 -0.56262088 0.18467996
v -0.03699318 -0.17085473 0.22470947
v 0.52262056 -0.58220845 0.24942084
v 0.42276901 -0.69236732 0.14948468
v -0.26705664 -0.18173307 -0.11130664
v 0.01441677 -0.67444593 -0.49313322
v 0.12923411 -0.15865232 0.16121195
v -0.15516913 -0.14794205 0.22273152
v -0.27595535 -0.69714302 0.41947344
v -0.50213587 -0.60548306 0.19139078
v 0.39840510 -0.70415199 -0.16921678
v -0.23896140 -0.16140357 0.11947142
v 0.49822900 -0.54207999 0.23239700
v -0.14012635 -0.18175715 0.23696485
v -0.04383658 -0.67942572 -0.49301636
v -0.14966500 -0.18005700 -0.21831200
v 0.35769680 -0.67749214 -0.29269019
v 0.40257537 -0.18913734 -0.03524582
v -0.38014650 -0.18290119 0.26576725
v 0.09610809 -0.16524799 0.18149236
v 0.34933278 -0.66174906 0.30712879
v 0.13202800 -0.18100201 0.17605799
v 0.11742326 -0.15424983 -0.17236555
v 0.14584699 -0.16215201 -0.13456900
v 0.16961700 -0.16211100 -0.09121580
v 0.50012696 -0.65675342 0.25548825
v -0.25226599 -0.14829193 -0.13905796
v -0.40920323 -0.12467767 0.02799512
v 0.45433339 -0.58283561 0.16337985
v 0.45076180 -0.68298918 -0.02805807
v -0.50712913 -0.67761004 0.16615561
v -0.27334249 -0.15705723 -0.03520842
v 0.15060239 -0.16897434 -0.12268550
v 0.08256453 -0.15306871 0.20227638
v -0.36903816 -0.14112131 -0.10629681
v -0.51230949 -0.21896751 -0.04913773
v 0.07474820 -0.16209801 -0.19966300
v -0.21206985 -0.14880936 0.17594807
v 0.04343227 -0.15163268 0.22089484
v -0.25803131 -0.15549213 -0.09137923
v -0.10664301 -0.16875526 0.21939948
v -0.20001328 -0.15261097 -0.17332588
v -0.50118750 -0.61075509 -0.19336827
v 0.51306701 -0.58359498 0.26096499
v 0.10424743 -0.14767289 -0.20728996
v 0.39766803 -0.70559692 -0.14339177
v -0.49562642 -0.19704862 0.05668939
v -0.17779300 -0.16142800 -0.18909401
v -0.27255139 -0.15693018 -0.05336023
v 0.06950810 -0.14343412 -0.32160705
v -0.27344689 -0.15685204 -0.02112921
v -0.23767599 -0.17205900 0.11971900
v -0.42463225 -0.26119128 0.29318258
v 0.14802845 0.70537072 0.25856590
v 0.37014928 -0.70429444 -0.22569552
v -0.23807079 -0.68952763 0.45052728
v 0.18222488 -0.19631849 -0.39559388
v 0.17321999 -0.17440400 -0.09121580
v 0.25749445 -0.70280856 -0.36725545
v -0.48713440 -0.22096889 0.15806587
v 0.13762258 -0.16815503 -0.13942094
v 0.20608486 -0.14767039 -0.06726751
v 0.19694099 -0.10766070 -0.29679728
v -0.28453565 0.65956193 -0.29376376
v -0.38290775 -0.70083588 -0.32986978
v -0.36949784 -0.19447850 -0.31134683
v -0.25157619 -0.16838577 -0.09102735
v 0.12536386 -0.14936946 0.18513085
v -0.34208441 -0.70550632 0.35416770
v 0.13332503 -0.18285096 0.39363435
v -0.02291055 -0.14928506 -0.23777658
v 0.51579726 -0.57107431 0.21768160
v 0.43868238 -0.69005591 0.09429151
v -0.37213454 0.66375887 -0.18205248
v -0.06512921 -0.16558345 0.22507703
v -0.27802902 0.07043528 -0.30764836
v -0.45186526 -0.18262698 -0.11165379
v -0.12328450 -0.13650374 0.34345815
v -0.51825392 -0.24156630 0.01788763
v -0.27926695 -0.17964494 -0.04923654
v 0.43899605 -0.54024380 0.21982947
v -0.32553536 -0.18593432 -0.32955989
v -0.17529599 -0.19816293 0.43680021
v -0.20678900 -0.17275301 -0.16275799
v 0.10385900 -0.17817099 0.19014300
v -0.18754135 -0.13040863 0.33258247
v -0.26416698 -0.16100134 -0.06406946
v 0.48414400 -0.67438900 0.23239700
v 0.44132832 -0.64532411 0.23507994
v 0.44707480 -0.60285950 0.15381473
v 0.28341097 0.69338500 -0.13741854
v -0.43868428 -0.70173413 -0.26113752
v 0.17864157 -0.16942538 -0.06309495
v 0.43757388 -0.54577661 0.12506069
v -0.25195885 -0.18172868 -0.13908498
v 0.42508519 -0.69451749 0.12682761
v -0.49394605 -0.34495226 -0.18870226
v -0.32485372 -0.21555540 -0.37803587
v -0.53500247 -0.67170697 0.03552743
v 0.29412815 -0.12905633 0.14340276
v -0.12246900 -0.17357500 -0.21769300
v -0.50052291 -0.45773333 0.19009422
v 0.50730520 -0.54676807 0.23548993
v 0.16588020 -0.20057188 0.40977186
v 0.09683388 -0.19871989 0.43598768
v 0.33906662 -0.18259650 0.18543212
v -0.26675558 -0.16950712 -0.03514300
v 0.19221771 -0.14983630 -0.00704187
v -0.14907172 -0.11595730 0.35934693
v 0.07778950 -0.17779395 -0.20511033
v 0.04657820 -0.17470600 0.21702500
v 0.36500168 -0.25558695 0.25231346
v -0.27641183 -0.18150027 -0.08225398
v 0.29390135 -0.24134071 0.33872777
v -0.12163151 -0.16035873 -0.21624993
v -0.48757073 -0.68696028 0.20716114
v 0.28546894 -0.70160753 -0.34155664
v -0.27407563 -0.15624717 0.04919252
v -0.29469556 -0.14755902 -0.01404787
v 0.44394433 -0.69239819 0.03521625
v 0.26374108 -0.63988048 0.39327776
v -0.15055600 -0.17300400 0.20444199
v 0.18875900 -0.17528400 0.00704232
v -0.52226603 -0.69367111 -0.08277466
v -0.27859825 0.14791748 0.30736938
v 0.18871300 -0.17528500 0.02112700
v 0.07195210 -0.19437954 0.43752629
v -0.39801222 -0.69175142 0.33254093
v 0.31649515 0.40845183 -0.14963807
v 0.40668911 -0.69619483 -0.18491194
v -0.16323371 -0.08755516 0.36549312
v -0.26795867 -0.15044037 0.07523423
v -0.38458341 -0.70550305 -0.31103179
v 0.07732634 -0.09392019 -0.36593390
v 0.07797930 -0.16883013 -0.19394819
v -0.16983511 -0.17929055 -0.20413621
v 0.19339468 -0.18144836 0.07741588
v 0.49782991 -0.66776621 0.21573314
v 0.34511051 -0.21480733 -0.26756036
v -0.48028955 -0.70495492 0.17203189
v 0.18855000 -0.17528801 -0.03521160
v 0.18698201 -0.17425799 0.04817020
v -0.43076774 -0.70310014 0.26764575
v -0.25049537 -0.15160167 0.11592127
v 0.39034957 -0.69004077 0.22817902
v -0.21823329 -0.70533782 -0.43541211
v 0.42828086 -0.67613578 -0.15074275
v 0.41393763 -0.19722819 0.05632730
v -0.34324053 0.67647547 -0.21577278
v 0.19151463 -0.18173419 0.09154632
v 0.43819481 -0.54228789 0.18408465
v 0.17702200 -0.17317900 0.07746550
v 0.34373415 -0.30966520 0.29830831
v -0.20600300 -0.17922200 -0.17605799
v -0.04442681 -0.12269063 0.37027130
v -0.22069301 -0.17299600 -0.14861999
v -0.26720673 -0.16939066 -0.02110815
v 0.18453699 -0.16197300 0.00704232
v 0.39341685 -0.64079022 0.24494870
v 0.19352245 0.61907601 0.30965722
v -0.32097819 -0.10448723 -0.25855559
v 0.20754175 -0.10200644 0.29085165
v -0.01081411 -0.14754646 -0.26448989
v -0.52206540 -0.69775701 0.03521680
v -0.01601271 -0.19515507 -0.45262498
v 0.32441524 -0.12089467 0.07036927
v -0.21164800 -0.17036299 0.15332100
v 0.43362761 -0.69283086 -0.10634440
v 0.49495000 -0.63510668 0.26836202
v 0.26553595 0.04930184 -0.23716660
v 0.16842082 -0.15190259 -0.11759575
v 0.14051749 -0.70558345 0.42881501
v -0.27973336 -0.18182537 0.08333558
v -0.00011341 -0.70373714 0.47348115
v 0.01223080 -0.17681912 0.23248342
v -0.25060585 -0.12368668 0.30539247
v -0.17781600 -0.17400600 -0.18962599
v 0.47005901 -0.54412597 0.21831200
v 0.11039572 -0.69237339 0.46308371
v 0.00889154 -0.20789105 -0.46531847
v -0.48599538 -0.70531821 0.14792405
v -0.28171620 -0.21401401 -0.40199110
v -0.36717838 -0.69269347 0.36192942
v 0.13329338 0.69621789 0.29782081
v -0.10850380 -0.54921442 0.49447504
v 0.00526632 -0.15988100 0.22802000
v -0.47839847 -0.21991584 0.18460228
v 0.29510373 -0.09760988 0.18442599
v 0.41740558 -0.20101297 0.02788135
v -0.05796724 -0.14824310 -0.23952243
v -0.23305431 -0.15211128 -0.14200205
v -0.30759719 0.66659409 -0.26578590
v 0.48414400 -0.54030502 0.23239700
v -0.52431327 -0.67779589 0.10278288
v -0.29617739 -0.14754291 0.04514187
v 0.44051901 -0.65382099 0.21968400
v -0.13224486 -0.16873690 -0.20922722
v 0.14081654 -0.15398557 0.15088487
v -0.53162104 -0.68566316 0.06019552
v 0.22108598 -0.18472964 0.34614781
v 0.15212375 -0.18028688 -0.14780927
v -0.22038500 -0.16237700 0.14826000
v 0.44803986 -0.67315197 0.07868708
v -0.12938350 -0.11375728 0.36598715
v 0.16340400 -0.16394500 -0.10563500
v 0.15934099 -0.16098300 -0.11805800
v -0.09329891 -0.15655659 0.22895718
v -0.24737599 -0.16176000 -0.10618700
v 0.04087465 0.68232292 0.35630521
v 0.39036393 -0.19903976 -0.15494730
v -0.01661386 -0.69050181 0.48714793
v 0.14089061 -0.70560461 -0.42756513
v 0.24657866 -0.69338334 -0.39401546
v -0.28336814 -0.70513058 0.39905801
v 0.34746867 -0.34484568 -0.29855347
v -0.14205404 -0.19277953 -0.43939093
v 0.10508600 -0.16225800 -0.17689900
v 0.09031072 -0.15712745 0.18809041
v -0.22241533 -0.66049600 -0.46290141
v 0.06835858 -0.68056989 0.47949770
v -0.21988501 -0.16120601 -0.14795600
v 0.38867778 -0.69578964 -0.21853815
v 0.51214272 -0.59852225 0.26791191
v 0.17558736 -0.18059342 -0.11245888
v 0.36211574 -0.20961608 0.23200727
v 0.50933909 -0.65877730 0.24510585
v -0.19687340 -0.16913976 0.16701563
v 0.03919448 -0.65906894 0.48970792
v -0.28461230 -0.23862301 -0.40975341
v -0.31044912 0.67859095 0.25137705
v 0.15103328 -0.23490912 0.43785408
v -0.45417932 -0.21868019 -0.22653912
v 0.16340400 -0.17236300 -0.10563500
v 0.43192405 -0.42501506 0.13242006
v -0.22696769 -0.18178315 0.19636936
v 0.03346170 -0.16197000 0.21931200
v 0.28891987 0.70406204 -0.02160274
v 0.31961539 -0.18770401 0.25140068
v -0.34845066 -0.69200373 0.38106328
v 0.04253007 -0.14505360 -0.32270584
v -0.43657020 -0.21229360 -0.25040531
v 0.09718557 0.67920303 -0.34305036
v 0.45675713 -0.56516039 0.17669483
v 0.33568412 -0.08496757 -0.07897369
v -0.07238246 -0.67960948 0.49260962
v -0.49800238 -0.70552212 -0.09985807
v -0.27893591 -0.14768165 0.09684608
v -0.46374029 -0.68998116 0.24616244
v -0.26724330 -0.16941071 0.02110488
v -0.21263102 -0.69164646 -0.45808879
v 0.33528703 0.66600621 0.00685297
v -0.23100583 -0.09519013 -0.33383864
v -0.40941593 -0.18395139 0.22569752
v -0.15544714 -0.16867562 0.19606884
v 0.26161709 -0.45093453 -0.39333311
v -0.23107241 -0.08576781 0.33464196
v -0.05015487 -0.09793651 -0.38386333
v 0.44944927 -0.61280614 0.25418556
v -0.28177270 -0.14817825 0.06575658
v 0.13071799 -0.17554200 0.16066401
v -0.19732551 -0.18064657 0.19009492
v -0.42672324 0.64319813 0.03967297
v -0.27642599 -0.17652500 0.02112700
v 0.13268106 -0.14795946 -0.17988288
v -0.09332620 -0.17665800 -0.23239700
v -0.29463404 -0.14756155 0.01407087
v 0.34263805 -0.70425129 -0.27064872
v 0.41808662 -0.20185803 -0.00539075
v -0.21341714 -0.19479997 -0.42111957
v 0.13546300 -0.17168500 0.14788900
v -0.50589025 -0.20732377 0.02898509
v -0.34545439 -0.53520030 -0.39554530
v 0.23938982 -0.70482272 -0.37436405
v 0.11598890 -0.16735503 -0.16005746
v -0.24325773 -0.15477903 -0.12096374
v -0.20586081 -0.16189916 0.16343960
v -0.05831201 -0.18184397 -0.25133178
v 0.26796487 -0.12636808 -0.19604005
v -0.26042676 -0.15389735 0.09580991
v 0.28048205 -0.69959188 0.35286534
v 0.38898510 -0.58003277 0.25349605
v 0.34263030 -0.67586434 -0.31234515
v 0.13857859 -0.16787556 0.14028849
v 0.26033792 -0.18310177 0.30430984
v 0.13028955 -0.67351735 -0.46456125
v 0.02027579 0.70491147 0.32242340
v 0.46495673 -0.54861569 0.20404598
v 0.26729491 -0.14585947 -0.10672009
v -0.23813508 -0.11013561 0.32318261
v -0.12096068 -0.15244602 0.22675629
v -0.26268381 -0.14603445 0.23853816
v -0.30970275 -0.68999058 0.40917844
v -0.15008365 0.70525801 -0.30800784
v 0.45862779 -0.65321338 0.18713310
v -0.25278059 -0.18422085 -0.37559107
v 0.09076370 -0.17280599 0.19057600
v 0.18142763 -0.15068074 0.08442508
v -0.05107220 -0.16131200 0.22811601
v 0.28162235 -0.70558852 -0.32389075
v -0.40811092 -0.19980752 0.27933216
v -0.23503888 -0.60538632 0.45970923
v 0.18349919 -0.15695806 0.06656936
v -0.22008801 -0.17922200 -0.16197300
v -0.08263868 -0.20910139 0.46546987
v 0.07794754 -0.18262687 0.40824771
v 0.41153362 -0.22745124 0.14191036
v 0.16895950 -0.15506458 0.10544887
v -0.45473519 -0.18399763 0.13159114
v 0.37944549 -0.23964730 0.22353892
v -0.17944430 -0.14785373 0.21200845
v -0.12357388 -0.12221569 -0.36229843
v -0.47411036 -0.69164109 0.22416469
v 0.41960919 -0.22115944 -0.10623893
v 0.20192555 -0.70558506 -0.39587742
v 0.42263389 -0.49997669 0.22944544
v -0.42647773 0.47888869 0.04981388
v 0.05261885 -0.69411832 0.47699142
v -0.07206772 -0.69477338 0.48325649
v -0.13998422 -0.15476723 -0.21428108
v 0.20991759 -0.70528710 0.39574632
v 0.43703511 -0.68182266 0.11317379
v -0.20828182 -0.19469588 0.42263636
v 0.17601600 -0.16220400 -0.07784300
v -0.25724387 -0.15917818 -0.07725597
v -0.07601052 -0.21461745 -0.47005564
v 0.12420271 -0.13204284 -0.31838468
v 0.03343560 -0.17392500 0.22021900
v 0.17066665 -0.15427181 -0.10549944
v 0.17493866 -0.18161646 0.12486241
v 0.37702984 -0.21150729 -0.21002015
v -0.41991833 -0.69305718 -0.30850884
v 0.44386965 -0.69226950 0.04932352
v -0.16444358 -0.15612744 0.19971043
v 0.31389454 -0.68908942 0.33587468
v 0.41712046 -0.59421980 0.24200287
v -0.36619964 -0.69387424 -0.36012667
v -0.49339890 -0.69281387 0.18648648
v -0.47947332 -0.20652384 -0.15701760
v -0.24600944 0.70512450 -0.24882987
v -0.19952980 -0.70511842 0.44190514
v 0.14611299 -0.17796500 0.14788900
v 0.41358757 -0.66372007 0.22446832
v -0.49594417 -0.69216996 -0.18229829
v -0.06513220 -0.16575415 -0.22501448
v -0.19769731 -0.18310034 -0.40151355
v -0.30704108 0.64398938 0.27850419
v -0.26685682 -0.16960263 0.03513682
v 0.24224028 0.68747902 0.22314596
v 0.39994529 -0.24180539 -0.18832609
v 0.03319801 -0.17597669 -0.22073570
v -0.23294000 -0.16086100 -0.13296200
v -0.41799495 -0.67249155 0.32124287
v -0.11696222 -0.67473531 -0.48982468
v 0.45046461 -0.57588059 0.24714488
v 0.53112501 -0.59859699 0.23239700
v 0.46789199 -0.67069995 0.22576050
v -0.07923757 -0.14919510 -0.23797624
v -0.19645528 -0.18070623 -0.19002435
v -0.19549990 -0.17580253 0.17606452
v -0.01128240 0.67414069 0.37108263
v 0.51997370 -0.61784291 0.21128921
v 0.39397696 -0.50712365 0.23940149
v 0.18875900 -0.17528400 -0.00704232
v 0.06111542 -0.15689562 0.20769413
v 0.34260032 0.00707196 0.05176118
v 0.20148116 -0.69482368 -0.41795754
v -0.51312423 -0.70480013 -0.04164053
v -0.34512275 -0.50005990 -0.39501294
v 0.39420721 -0.20864049 0.16984169
v -0.27934277 0.47889280 0.30738050
v -0.49660775 -0.21290679 -0.11210315
v -0.31952062 -0.12312720 0.24533261
v -0.28448117 -0.11338016 -0.29009727
v 0.24771632 -0.69115001 0.39607507
v -0.34872928 0.38736299 0.23782542
v 0.36913583 -0.22417171 -0.23621529
v -0.20360316 0.65268075 -0.34898603
v 0.14299320 -0.19844559 0.42078593
v 0.31208208 -0.11544383 0.12832130
v 0.28002986 -0.19854054 0.32391348
v -0.53123260 -0.68714052 -0.03181315
v -0.39196771 0.66442281 0.14597969
v 0.44354704 -0.67528462 -0.09416622
v -0.26139200 -0.17408100 0.07772760
v -0.17750600 -0.16190299 0.18959001
v -0.12242400 -0.17356300 0.21772601
v 0.42436051 -0.70375538 -0.07836423
v -0.37956905 -0.67698216 -0.35861880
v -0.38246608 0.68972915 -0.10339322
v -0.47882542 -0.19746752 0.12949848
v 0.19368894 -0.14873643 0.03520180
v 0.19280317 -0.14861377 -0.03520384
v 0.40391141 -0.69048315 -0.20384352
v -0.16413383 -0.69709140 0.46531695
v -0.29512131 -0.18582745 -0.35543135
v 0.09803949 0.68886644 0.33195731
v 0.39195797 -0.60330999 0.25046563
v 0.52503121 -0.60579747 0.25023651
v 0.15660463 -0.15302785 0.12781899
v 0.40296844 -0.70555264 0.13766223
v 0.14652900 -0.17287900 -0.13471600
v 0.36459127 -0.67889827 0.28095505
v -0.51311439 -0.70481956 0.01408389
v 0.45047203 -0.68242157 -0.04937978
v 0.42004576 -0.32343790 0.15965594
v -0.09254431 0.46479860 -0.38470674
v 0.43857759 -0.59924984 0.12235656
v 0.42399380 -0.51402634 0.23083209
v 0.00526632 -0.15991899 -0.22811100
v 0.52287465 -0.59807920 0.21354319
v -0.41512996 -0.11311945 -0.06807584
v -0.10726751 -0.15579738 0.22900528
v -0.15037562 -0.16131637 0.20355293
v -0.00085516 -0.20210458 0.46053615
v -0.28960106 0.67134380 0.28005469
v 0.45111027 -0.68284744 0.00000128
v -0.09810904 -0.14760408 -0.25449228
v -0.43457189 -0.69968408 -0.27383056
v -0.07924150 -0.16038200 -0.22790299
v 0.11075652 -0.18180437 -0.20704524
v -0.17144267 -0.14757615 -0.22600350
v -0.27967691 -0.17906690 0.03519625
v -0.07214961 -0.18733682 -0.44124746
v 0.38874978 -0.70559549 0.17942984
v -0.07196648 -0.12641984 0.36596456
v 0.20483112 0.65970325 0.29085711
v 0.18509500 -0.15303239 -0.07509447
v 0.25246122 0.65352672 0.24677727
v -0.00268317 -0.13556118 -0.35301340
v 0.43680683 -0.57722086 0.14082244
v 0.43263191 -0.62767941 0.24280845
v 0.05527608 -0.13704282 0.33766770
v 0.16359806 -0.66063023 -0.45206290
v 0.41891870 -0.40973628 0.21081513
v -0.04315202 -0.67908114 0.49299729
v -0.51086748 -0.69554508 -0.11391180
v 0.23644504 -0.66472137 -0.40952510
v -0.07288673 -0.17568953 -0.23242883
v -0.45232859 -0.70564282 -0.17385074
v 0.17691299 -0.17318100 -0.07746550
v 0.10319227 -0.15336767 -0.18550161
v 0.16402520 -0.70527762 0.42103025
v -0.24809100 -0.17339100 -0.10629000
v 0.09447630 -0.15260500 -0.19373900
v -0.24825700 -0.17827401 -0.11971900
v 0.15191306 -0.14593795 0.26083374
v 0.09037890 -0.16204201 -0.18979600
v 0.14799249 -0.69337064 -0.45053428
v -0.19165559 -0.07128830 -0.35747766
v 0.14848697 -0.36627960 -0.45360464
v -0.09327431 0.18313870 0.38439918
v -0.18275347 0.69067341 -0.32840890
v -0.11390206 -0.18173420 -0.24873975
v -0.39486483 0.63880742 -0.15861161
v -0.21256658 0.68079871 0.32421777
v -0.24178484 -0.19674312 0.40984160
v 0.23146412 -0.66597819 0.41249019
v 0.34425929 -0.19588567 0.23775408
v -0.03698813 -0.69863319 0.47918320
v -0.05264180 -0.12564950 -0.36676207
v 0.39254153 -0.66175860 0.23903312
v -0.02290500 -0.14918752 0.23803864
v 0.07634594 -0.16290528 0.19936299
v 0.36218271 -0.70558649 0.22883748
v 0.32578942 -0.70562613 -0.26956064
v -0.31017277 -0.21990702 0.38976288
v -0.03681166 0.65191525 -0.38389492
v -0.23270690 -0.14376800 -0.27988297
v -0.50061375 -0.70554513 0.08608959
v -0.26735240 -0.16934775 -0.00703805
v -0.42733192 -0.18421109 0.19437402
v -0.26885721 -0.20006418 0.39854789
v -0.45347285 -0.70536762 -0.21699281
v 0.00526478 -0.14919481 0.23808469
v 0.32104772 -0.11422212 -0.09941488
v -0.17039751 -0.70560610 0.44326434
v -0.50868946 -0.22767414 -0.08949754
v -0.21414043 -0.13413568 0.31146586
v -0.29948887 -0.18181801 0.02096917
v 0.08212370 0.66344464 0.35808140
v 0.39655161 -0.55643934 0.24249856
v -0.23790500 -0.16406500 -0.11971900
v 0.18435991 -0.11201927 0.30555320
v 0.12580271 -0.20402661 0.43340233
v 0.37749714 -0.69223148 -0.24747321
v 0.40936211 -0.69878101 0.16617674
v 0.12412725 0.68719745 -0.32128426
v 0.05912118 -0.67753065 -0.48328108
v -0.15000111 -0.16063932 -0.20273004
v -0.10754742 -0.69134921 0.48538426
v -0.09340654 -0.70302683 -0.47632718
v 0.02606317 -0.13712196 -0.34598368
v -0.20595001 -0.16111900 -0.16192099
v 0.32425332 0.64512289 0.12125860
v 0.25571117 -0.70542240 0.36042559
v -0.01687656 -0.11259893 -0.37775517
v -0.32800195 -0.19716240 -0.35650474
v 0.43570423 -0.67679715 -0.12430319
v 0.33011910 -0.11075020 -0.07025957
v -0.26831424 0.70549721 -0.22427244
v -0.16374899 -0.17147000 -0.19444001
v 0.27816081 0.70528364 -0.06467432
v -0.00890371 -0.17109913 0.22475462
v 0.07616491 -0.17386872 0.20086417
v -0.26230866 -0.17877525 0.09749843
v 0.11997999 -0.16689713 0.16401666
v -0.33705133 -0.14672242 0.11395723
v 0.10852837 0.60275114 -0.35790536
v 0.45708057 -0.55161816 0.23266612
v 0.50457877 -0.61284703 0.27436692
v -0.26961502 -0.19419120 -0.38896295
v 0.14454602 -0.23024035 -0.44008109
v 0.30422625 0.68571723 -0.10400666
v -0.51150775 -0.70414883 0.06243619
v -0.15675600 -0.18263112 0.40962437
v 0.48362762 -0.54720861 0.25246102
v -0.52223182 -0.69754457 -0.02112806
v 0.17326801 -0.17427400 0.09152050
v 0.23819064 0.69823647 0.19697843
v -0.37387040 0.63556558 -0.19512494
v -0.28746361 0.67871195 -0.27323669
v 0.23027095 -0.69058871 -0.40632433
v -0.29899815 -0.70500571 0.38879865
v 0.39667693 -0.19734560 -0.12732030
v 0.05833776 -0.18181182 -0.23726666
v 0.52226728 -0.62823999 0.25091872
v -0.40314364 -0.69201803 -0.32665616
v -0.38208082 -0.19461435 0.29883939
v -0.22522709 -0.12608099 -0.31713250
v -0.40080047 -0.18703051 -0.25197631
v -0.12685132 -0.18157212 -0.23330469
v -0.45460460 -0.68060338 -0.26883078
v 0.12208322 -0.18170975 0.19311485
v 0.46976548 -0.60609353 0.17144233
v 0.23849154 0.68521518 -0.23239739
v 0.27202407 0.68730640 -0.17617095
v -0.41399494 -0.09563061 -0.09489291
v 0.49593177 -0.66684890 0.24971052
v 0.10970151 -0.14756410 0.21089315
v 0.20700859 0.70113736 0.22303730
v -0.07044285 -0.69271517 -0.48527008
v 0.36789060 -0.67563665 -0.27668387
v -0.40076146 0.68762285 -0.01912610
v 0.43719336 -0.62197262 0.13939045
v 0.49822900 -0.67293799 0.23239700
v 0.26439190 -0.68439025 0.38808325
v 0.51880574 -0.64791465 0.23238824
v -0.46801072 -0.18276682 -0.03538630
v 0.19813624 0.69041526 0.26256678
v 0.28624323 -0.12235068 0.17273666
v 0.42530069 -0.70514137 -0.05707430
v -0.38768145 -0.12147246 0.14097959
v 0.34282357 0.04234680 -0.05049383
v 0.28632700 -0.68966722 -0.36304373
v -0.49303579 -0.19979741 -0.08480757
v 0.38005105 -0.70530152 -0.20512970
v -0.01595762 -0.68942297 -0.48899773
v -0.11423211 -0.19742320 0.45208994
v 0.21125586 -0.20922117 -0.39148822
v 0.26455417 0.67571807 -0.20962349
v -0.07859959 0.69319761 -0.35096404
v 0.31896484 -0.18303221 0.23186769
v 0.10428588 -0.14356065 0.30755144
v -0.38293871 -0.69227922 -0.34641171
v -0.43454519 -0.67248476 -0.30340025
v 0.09817842 -0.70559043 -0.44266754
v -0.52065307 -0.26039398 -0.05165561
v 0.43001437 -0.64661175 0.22954376
v 0.22417320 -0.70493907 -0.38556394
v -0.07919119 -0.16511410 0.22447719
v -0.51642621 -0.69665408 0.08451600
v -0.04442013 -0.14314447 0.34037897
v -0.38767189 -0.66664499 0.35199240
v -0.19132626 0.47184056 -0.35799953
v -0.42167777 -0.19288284 -0.23962313
v -0.27352709 -0.15678622 0.02112796
v -0.02976942 -0.18272881 0.42548648
v 0.42476571 -0.57514638 0.24129984
v 0.42540321 -0.70546806 0.01409266
v 0.24734114 -0.10257116 -0.24970640
v 0.04697694 -0.16402802 -0.21110591
v 0.02447409 -0.15386280 0.23055433
v 0.41362610 -0.20211075 0.08451366
v 0.33435065 -0.20014077 0.26489314
v -0.46850985 -0.22912912 0.20963208
v -0.41994742 -0.69453919 0.30540642
v 0.28204009 -0.14546058 -0.06891070
v 0.18871699 -0.17528500 -0.02112700
v 0.35499066 -0.70555156 -0.24126671
v 0.48414400 -0.67231101 0.21831200
v 0.33813107 -0.19688393 -0.25317618
v -0.05106820 -0.17141476 0.22552843
v -0.37820542 -0.14343119 0.05730521
v 0.11853507 -0.14793025 -0.19371377
v 0.19629189 -0.14814980 0.05139924
v 0.03499303 -0.19350153 -0.44597283
v 0.18445601 -0.16197300 0.02112700
v -0.44119385 -0.18665555 0.18112285
v 0.31040165 0.63243312 -0.16127704
v -0.28040314 -0.14760409 -0.09765739
v 0.16960554 -0.15281479 0.11531150
v 0.16456197 -0.08424994 -0.32510254
v 0.43945059 -0.56184310 0.15874119
v -0.03698876 -0.14843331 -0.23921028
v -0.34848443 0.30990896 -0.23804319
v -0.10462625 -0.28771481 -0.48110268
v 0.37468258 -0.19489837 -0.18222757
v -0.19192936 -0.16123702 0.17741112
v 0.25608581 -0.19484615 0.34140924
v -0.49600720 -0.19730535 -0.05621357
v 0.47767606 -0.61643624 0.26747307
v -0.43800348 -0.18254268 -0.15240510
v -0.07211982 -0.70535642 0.46949604
v 0.12431350 -0.70397353 -0.44207212
v 0.27955502 -0.18281704 0.28136650
v -0.50644398 -0.70069182 0.11232913
v 0.34378749 0.63279277 -0.00125831
v -0.35743555 -0.18305101 0.28909054
v 0.01367658 0.68625700 0.35922295
v -0.14230046 -0.69355989 -0.47559088
v 0.33752847 0.66176069 -0.03498134
v 0.39168730 -0.44541630 0.23576961
v -0.22547922 -0.16783208 -0.13772467
v -0.18791139 -0.22799405 -0.45219773
v 0.43543401 -0.52550179 0.21047568
v 0.20712516 -0.68477637 0.42381147
v 0.12839100 -0.14302370 -0.29283467
v -0.27836618 -0.04057993 0.30718151
v 0.31487325 0.68696851 -0.06444238
v -0.20880805 -0.14765973 0.19317064
v 0.09983113 -0.09698547 0.35861149
v 0.17828460 0.70142537 0.25066170
v 0.16077155 -0.69057846 -0.44662789
v 0.33704528 -0.18267624 -0.19574472
v 0.16259192 -0.14766712 -0.15093178
v 0.04633300 -0.17482300 -0.21696800
v 0.04221839 0.70522618 -0.31531316
v 0.01156994 -0.12387102 0.36666715
v -0.29356563 -0.14442289 -0.22278304
v -0.21543106 0.68813050 -0.31363127
v 0.16728060 0.69377613 0.28309521
v 0.15942800 -0.17431900 0.11945200
v -0.42363331 -0.19877262 0.25234753
v -0.27646708 -0.17852746 0.05649990
v -0.02293294 -0.17070904 -0.22439378
v -0.04401797 -0.69477874 -0.48327336
v -0.15654638 -0.22363450 -0.45936859
v -0.08621765 -0.19244058 0.44811428
v 0.00527163 -0.14943102 -0.23749073
v 0.30651167 0.67565382 0.13125736
v -0.42787823 -0.31024972 0.29712284
v -0.02290849 -0.17835775 0.23560464
v 0.17428200 -0.17827700 0.10563500
v 0.43258551 -0.54228330 0.23123878
v 0.26525769 0.17606495 0.23785166
v -0.23324201 -0.17455500 0.13326500
v -0.22818995 -0.18951805 -0.40325525
v 0.15365753 -0.69090825 0.44970050
v -0.07157697 -0.14857754 0.23840083
v -0.41970053 -0.20285957 -0.26576445
v 0.30873746 0.67023700 -0.13774794
v -0.40884611 -0.09562723 0.11249227
v -0.28374746 0.69242632 0.25612786
v -0.03699213 -0.17072733 -0.22451025
v -0.40056074 0.62725228 0.14730377
v -0.34167287 0.65032274 -0.24088411
v 0.42758581 -0.69011366 -0.13403906
v -0.21395548 -0.15257065 -0.15948679
v 0.19270523 -0.14893149 -0.02112410
v 0.01915490 -0.17370212 -0.22353968
v -0.35929942 -0.70556521 0.33834654
v 0.08997072 0.70537114 0.29531237
v 0.19121464 -0.14769231 -0.09767567
v 0.18220107 -0.16404688 0.04929590
v 0.27221274 -0.68964934 -0.37715134
v 0.42529294 -0.70541990 0.04231880
v 0.20988436 -0.68075490 -0.42246518
v -0.38229468 -0.69285434 0.34683612
v 0.15045401 -0.19681607 -0.41528219
v 0.38358462 -0.18287754 -0.06513443
v -0.34635386 -0.61253148 0.39466405
v -0.39310640 -0.12390764 0.11119588
v -0.12599185 -0.14613183 0.31172347
v -0.29386282 -0.14439085 0.22282790
v -0.46691877 -0.23792519 -0.21572027
v 0.40228173 -0.57682896 0.24122976
v 0.15274787 -0.14599602 -0.26259428
v 0.21830553 -0.14210638 -0.22287269
v -0.40340531 -0.70030051 0.30966374
v 0.45407307 -0.65160668 0.24115616
v 0.11903895 0.65301979 0.34908956
v -0.01583609 -0.70533311 -0.46964884
v 0.19228555 -0.14980605 0.02112434
v -0.18488854 -0.18405654 0.40855286
v 0.45150325 -0.55180180 0.21816477
v -0.25179124 -0.16984351 0.09106296
v -0.47272232 -0.66318548 -0.24071731
v -0.10679055 -0.19567928 -0.45137724
v -0.22307375 -0.18172494 -0.17873850
v -0.24310139 -0.20951901 -0.42120603
v 0.03931281 0.66261935 -0.37036195
v -0.28771588 -0.10441072 0.29322946
v 0.43298057 -0.22758296 -0.01753155
v -0.05539811 0.70543599 -0.32304958
v 0.10852764 -0.01300150 -0.35738090
v 0.17243955 -0.66093665 0.44687685
v -0.18632804 -0.15290657 -0.18665557
v -0.39631653 0.68239582 0.08554503
v 0.31580272 0.07743426 0.15043983
v 0.28813764 -0.13687660 -0.12776656
v 0.15606594 0.64267021 0.33016276
v -0.18862094 0.70471007 -0.29114294
v -0.30982539 -0.18557973 -0.34311026
v -0.15690176 -0.13801549 0.33193469
v -0.37697420 0.63565105 0.18959154
v -0.42454299 -0.22075041 0.27949446
v 0.43938172 -0.69477326 0.07087755
v 0.31890547 -0.68968904 -0.33032423
v -0.39120281 -0.20495448 -0.30349258
v -0.35573637 -0.12828709 -0.18324883
v 0.14421581 -0.15310150 -0.14401571
v -0.35304618 -0.14105058 -0.14944123
v -0.24760100 -0.16194400 0.10614000
v -0.00881832 -0.16055800 -0.22777601
v -0.26234201 -0.17755200 -0.09155020
v 0.21409802 -0.12866376 -0.25784689
v 0.10096085 -0.14680564 -0.27982408
v -0.27353466 -0.15679930 0.00704152
v -0.26529288 0.63089651 -0.31615338
v -0.32566166 -0.69424969 -0.39492184
v 0.42402768 -0.67135608 0.20019656
v -0.42456776 0.65496612 -0.00932725
v -0.06982620 0.65160459 0.38313380
v -0.23334999 -0.17438300 -0.13349600
v 0.41952080 -0.63380527 -0.18876113
v -0.24201892 -0.70549566 -0.42350161
v -0.33853182 -0.18551943 -0.31511155
v 0.45437825 -0.66171211 0.21827513
v -0.24399428 -0.66134101 0.45345464
v 0.00507337 -0.17145184 -0.22355184
v -0.38487759 -0.22576961 -0.32689229
v 0.41737273 -0.21845508 0.10956885
v 0.31129622 0.68892777 0.06401052
v -0.29304001 -0.70552462 -0.39238441
v -0.26391429 -0.69067192 -0.43464646
v -0.27934253 0.56893140 -0.30740210
v 0.19496427 0.19015299 -0.30791202
v 0.19224949 -0.18178092 -0.09865249
v -0.40051892 -0.09289439 -0.14256255
v 0.35937274 -0.18325011 -0.16124931
v 0.05359470 -0.14769122 -0.23330650
v 0.26954564 -0.12325193 0.20015912
v -0.41248593 -0.66910166 -0.32682428
v -0.29568383 -0.18177402 0.05782073
v -0.25528380 -0.19898845 -0.40418527
v 0.51579267 -0.56069547 0.23239724
v 0.01935100 -0.16616599 -0.22282800
v -0.41570094 0.66799903 -0.04911516
v 0.43080169 -0.45947787 0.19625010
v 0.01993919 0.68965608 -0.35299903
v 0.17686401 0.68978363 -0.28490299
v -0.33463874 -0.14428024 0.16657455
v 0.25538358 -0.18268365 -0.30352861
v -0.23406382 0.65420449 -0.33024985
v 0.37130660 -0.20792045 0.21390180
v 0.10801234 0.54930425 0.35821685
v -0.27092865 -0.14762859 -0.12156755
v -0.49404755 -0.19525108 0.00697737
v -0.37344858 0.66341698 0.18049242
v 0.44242898 -0.55579883 0.23481011
v 0.05328990 -0.20079343 0.44960856
v -0.25153974 -0.14628582 -0.24182907
v -0.39689100 -0.12155786 -0.10861192
v 0.19461718 0.16197129 0.30802268
v -0.39607227 0.67480206 0.11214868
v 0.07786965 -0.22427450 0.45838246
v -0.13345923 0.65372938 0.37124613
v 0.29525122 -0.19577931 0.30419248
v 0.12676705 0.68058050 0.32541636
v 0.10532386 -0.69293416 -0.46434298
v 0.26397753 -0.11218604 -0.22423860
v 0.30288124 -0.68891692 -0.34701061
v 0.31278127 -0.11394633 -0.13001624
v 0.41018385 -0.64073485 0.23516300
v 0.31928495 0.68584603 -0.02107600
v -0.02338758 0.70541561 0.32383958
v 0.19118699 -0.15144999 0.00704232
v -0.38058016 -0.14380836 0.02172219
v -0.27849340 0.26765099 -0.30761489
v -0.24542351 -0.18287009 0.37671003
v 0.23794815 -0.19390269 -0.35795546
v -0.35854524 0.65720904 -0.21171202
v -0.09144928 0.00080880 -0.38446063
v 0.37676612 -0.67817467 -0.26021880
v -0.14075461 -0.18652825 0.42561176
v -0.01618612 -0.11861510 0.37225613
v 0.46941519 -0.55848593 0.25003046
v 0.31117266 -0.70538896 -0.29916340
v 0.07893969 -0.19959949 -0.44222143
v -0.19648765 -0.20091328 -0.43355432
v 0.15295754 -0.11301135 -0.32255456
v 0.22335361 0.66787618 0.26648217
v -0.28816438 -0.66467291 0.42773864
v -0.08633593 -0.12598543 -0.36565480
v -0.32065970 0.70524955 -0.16349885
v -0.32865524 -0.13552471 -0.21050383
v 0.26095718 -0.22235161 0.36610880
v -0.35535598 -0.14137296 0.14149927
v 0.32903522 -0.12193611 -0.01474521
v -0.00886961 -0.17119133 -0.22460191
v -0.43627903 -0.61907083 0.30450505
v 0.23382439 -0.11690332 -0.25373647
v -0.36824510 -0.23181668 0.34542188
v -0.40236130 -0.70542127 -0.29610759
v -0.29842010 -0.12778457 -0.25839800
v 0.17880386 -0.18175538 -0.13754408
v 0.29493615 0.66815066 -0.16811523
v 0.11570261 -0.23227304 0.45024362
v 0.24282956 -0.12877989 -0.22896291
v 0.26385751 -0.19598353 -0.33593175
v 0.20294517 -0.14649205 0.20447959
v 0.43447405 -0.64717633 0.14256701
v 0.03345610 -0.16196400 -0.21884800
v -0.34735933 -0.21942133 -0.36061600
v -0.14955969 0.70528543 0.30776140
v -0.36925995 -0.14011236 0.11317725
v -0.16251296 -0.67339593 -0.47833124
v -0.44194248 -0.20302686 -0.22655751
v -0.09337400 -0.69957155 0.47805828
v -0.29266661 0.70133322 0.22230199
v 0.04972627 -0.21624801 -0.46247724
v 0.31075788 -0.08435203 -0.15881701
v -0.49651986 -0.19707271 -0.02804656
v -0.31518438 -0.70526576 -0.37991804
v -0.16937503 -0.18177642 -0.21890561
v 0.12092955 0.65211570 -0.34826797
v -0.19689578 -0.09483165 0.35301933
v -0.50554132 -0.69442141 0.14071517
v -0.45554489 -0.19972777 0.19876114
v 0.29888067 -0.70240450 -0.32677871
v -0.51006973 -0.69161248 -0.13557462
v 0.32913819 -0.12227810 0.03709970
v 0.36116773 -0.69887841 -0.26004255
v 0.37849244 -0.69088364 0.24736272
v -0.06467935 -0.14396913 -0.33842751
v -0.37615198 -0.14349641 -0.06428418
v 0.19543482 0.53521591 -0.30808702
v 0.19651085 -0.23845005 0.41253138
v 0.13766110 -0.12350205 0.32227653
v -0.52142859 -0.28041276 0.06527424
v 0.09423284 -0.18077812 0.20412661
v -0.33765116 -0.70458561 -0.36410308
v 0.45306042 -0.62074655 0.16209243
v -0.23455426 -0.14767440 0.16576488
v 0.26516744 0.59008646 0.23881753
v 0.40592691 -0.66538799 -0.21237308
v 0.07430030 0.64507544 -0.36722404
v -0.27891475 0.42960253 -0.30755255
v 0.26548764 -0.03491630 -0.23700982
v -0.24120326 -0.14764193 -0.16694286
v -0.33985597 -0.20010088 0.35046297
v 0.37669525 -0.19030987 0.15644823
v 0.40470076 -0.69368213 0.19722991
v -0.49474013 -0.22782247 -0.14233351
v -0.40945619 -0.12207872 0.05753676
v 0.47470587 -0.63486493 0.18284255
v 0.06319011 -0.12695321 -0.35037431
v 0.06804950 0.68733209 0.34292123
v 0.16617379 -0.18177466 -0.16919352
v -0.42597777 0.00075755 0.05041430
v 0.42455196 -0.70550436 -0.02705738
v 0.26174286 -0.14627223 0.10541300
v 0.43214050 -0.69694066 -0.09166671
v -0.28419054 -0.22826643 0.40805399
v -0.37186608 0.69127011 0.13508645
v 0.23706791 -0.21058635 0.37737289
v 0.44045568 -0.65801388 0.19029874
v 0.34268236 0.60848880 0.05411009
v 0.26554281 0.47888917 -0.23804444
v -0.01062732 0.67786217 -0.36865291
v -0.49295557 -0.19958134 0.08485754
v 0.00876199 -0.04190329 0.38430524
v -0.26616099 -0.66673100 -0.44023356
v 0.11676874 -0.18301900 -0.40103149
v 0.23901284 0.64673376 -0.26284829
v 0.44049138 -0.69546998 0.01407283
v -0.03723531 -0.18274784 -0.42565221
v 0.31614023 0.05634862 -0.14963150
v -0.34121683 -0.18256359 -0.29597789
v 0.47750127 -0.65438944 0.25544217
v -0.10857630 0.70510876 0.32170039
v 0.30075431 -0.21525712 0.32098979
v -0.45738873 -0.70560998 0.20059320
v 0.17034189 -0.22384068 0.42368552
v 0.04476780 -0.11162239 -0.36820939
v -0.23790500 -0.17196900 -0.11971900
v 0.30517516 -0.21997532 -0.32049698
v 0.49591938 -0.61726928 0.19345225
v -0.42461613 -0.09892017 0.03392771
v -0.01618714 -0.09263222 0.38395151
v -0.01504766 -0.23365350 0.47555158
v -0.38273779 -0.12254864 -0.14917699
v -0.01440084 -0.14605504 0.32050657
v 0.35017383 -0.42944321 0.30340010
v 0.31562760 -0.20508029 0.29698020
v -0.33902827 -0.22100104 0.36980993
v 0.34138912 -0.08440506 0.05741034
v 0.02522893 -0.70318490 0.47005758
v 0.05618325 -0.70553637 -0.45714968
v -0.27079546 -0.13897000 -0.26275107
v 0.31630522 0.23240080 -0.14964534
v 0.30018526 -0.13462259 -0.09828719
v -0.12678903 -0.22825734 0.46856979
v -0.19812921 -0.14763720 -0.20947653
v 0.33225513 0.65812576 0.07735151
v -0.32468805 -0.12406628 -0.23774236
v -0.14430767 -0.20110533 0.44908053
v -0.18382390 -0.69569004 0.46158746
v 0.29504710 -0.13625981 0.10679428
v -0.53573102 -0.52803183 0.06655603
v -0.34575140 -0.63986039 -0.39421257
v 0.02685479 -0.19650309 0.45155945
v 0.02462586 -0.60076696 -0.49450219
v -0.18502963 -0.69986767 -0.45708701
v 0.34301758 0.53522706 0.05198656
v 0.41827825 -0.67975134 -0.18279153
v -0.40583950 0.66923678 -0.08851153
v -0.36221510 0.70548880 0.03979667
v -0.24219160 -0.70306653 0.42789593
v -0.37805948 -0.14057374 0.08490306
v -0.40328419 -0.22336441 0.30753291
v -0.17098749 -0.17961566 0.20415780
v -0.38967383 0.69228631 -0.06546029
v 0.30713773 -0.18294249 -0.25184488
v -0.11964177 -0.07482568 -0.37813282
v -0.27831405 0.19016492 -0.30762747
v 0.29980144 -0.68908268 0.34993920
v 0.11033472 -0.18445180 0.40757114
v 0.16816151 -0.16389354 0.09305116
v -0.35074481 -0.69368571 -0.37597826
v -0.14280687 -0.17853408 0.21829922
v 0.29346070 -0.14468230 -0.03277007
v -0.34272742 -0.11807013 0.22503342
v 0.37847662 -0.18272600 0.07944015
v 0.42666709 -0.70023698 0.09877708
v -0.19364408 -0.12148520 -0.34099177
v -0.28930411 -0.13027941 0.26338652
v 0.00528470 -0.69881010 -0.47877923
v -0.02465744 0.64566702 0.38478073
v 0.37963948 -0.64029896 0.26473764
v -0.28997150 -0.68910837 0.42100194
v -0.40605211 0.68377525 0.01592976
v 0.44053984 -0.69554335 -0.04225179
v 0.09855313 -0.14234929 -0.31152827
v -0.42558575 0.62570947 -0.05691842
v -0.43581644 -0.49983889 0.30454245
v 0.26306254 -0.61250699 -0.39482367
v 0.13548478 -0.09208824 0.34153271
v 0.20287175 0.70148617 -0.22621614
v -0.39746472 -0.18376674 0.24790794
v 0.06670623 -0.18134877 0.22178943
v 0.40960214 -0.22335826 -0.14593904
v -0.23062749 -0.33797351 0.45172381
v -0.32598570 -0.70523596 0.37113181
v -0.46613556 -0.18325382 -0.07804499
v 0.06987757 -0.18285432 -0.41347405
v -0.35866567 0.69394433 -0.15033595
v -0.46649852 -0.18285607 0.07073238
v -0.43286684 -0.18384035 -0.18374434
v -0.41201848 0.67340541 0.05222119
v -0.19120899 -0.14437154 -0.30210176
v 0.49393350 -0.57272166 0.26408160
v -0.42599329 -0.09376800 -0.01702347
v 0.00861955 -0.18292759 -0.42753404
v 0.22467887 0.68822944 0.24004363
v 0.04106405 -0.18167624 0.23454541
v -0.10887535 0.68711436 0.35545287
v 0.44074303 -0.30239403 0.06410014
v 0.13785648 -0.18180710 -0.17849143
v -0.35845003 -0.19853516 0.32990018
v -0.30841082 -0.69087589 -0.40910241
v -0.51331353 -0.22154589 0.05668768
v 0.03489452 -0.18292238 0.42374685
v -0.34591988 -0.50001156 0.39442611
v 0.20661804 -0.18176192 0.04352898
v 0.48726386 -0.56254393 0.19623294
v 0.18855031 -0.68959969 -0.43145755
v -0.18903729 0.60629779 0.35908762
v 0.31642938 -0.66480881 -0.34017864
v 0.26741463 -0.70505661 -0.34543175
v -0.15885428 -0.11775314 -0.35747114
v -0.09597042 -0.67578983 0.49281916
v -0.52810633 -0.68506646 0.08153591
v 0.43256316 -0.22633550 0.02065170
v -0.29681402 -0.19835469 -0.37960339
v -0.32421026 -0.14494959 -0.17734632
v -0.17621142 0.66191298 0.35618916
v 0.19590093 0.08439049 -0.30701259
v -0.31396553 -0.66541231 0.41271123
v 0.26556984 0.16200393 -0.23737803
v 0.14823177 -0.35326001 0.45271659
v -0.34855413 -0.01401164 0.23713639
v -0.22251186 -0.14546247 0.27692145
v -0.51038897 -0.21437520 -0.00772502
v 0.19206703 -0.14761756 0.11983515
v 0.27989730 -0.70560992 0.32821402
v 0.10870044 0.48592377 -0.35784331
v -0.30210778 0.70544457 0.19092883
v 0.02407236 -0.28865996 0.48082373
v -0.43873686 -0.19887279 0.22692585
v -0.14735584 0.68758899 0.34464005
v -0.09625234 0.63003194 -0.38409913
v -0.38760963 -0.70559376 0.30806103
v -0.34548587 -0.59855402 -0.39561084
v -0.24076557 -0.69151384 -0.44775003
v -0.11962369 -0.22619337 -0.46986374
v -0.33727086 0.70540595 0.13406391
v 0.19483516 0.29577842 0.30806866
v -0.45935860 -0.69153517 -0.25054982
v 0.43805563 -0.69820476 -0.01239808
v -0.04505586 0.68082666 0.36582282
v 0.41221300 -0.35908422 -0.18848236
v 0.11068979 -0.22656342 -0.45020291
v 0.16019700 -0.17973800 -0.13380399
v -0.10166478 -0.12278356 0.36659700
v 0.15159485 -0.14753528 0.18371955
v 0.20690081 -0.18176639 -0.06969767
v 0.19506758 0.29579049 -0.30799022
v -0.25287479 -0.18079841 0.12480985
v -0.49447986 -0.69865143 0.16214120
v -0.41173550 -0.12216406 0.00101303
v -0.27645922 -0.17662959 -0.02855891
v 0.29492524 -0.12364516 -0.15468399
v -0.29301274 0.70552117 -0.19640356
v 0.15079479 -0.49258196 0.45936263
v 0.26521429 0.67413616 0.21077073
v 0.09204900 -0.66490793 -0.47533637
v -0.02344868 0.69297999 0.35120478
v -0.36590910 -0.18343295 -0.28088841
v -0.25120637 -0.14763056 0.15101728
v -0.28545168 -0.69166875 -0.42152569
v 0.39391819 -0.53500938 0.24291795
v 0.33036366 -0.21416824 0.28928766
v -0.41398004 -0.70561618 0.27105048
v 0.36334831 -0.69356477 0.26823819
v 0.32463595 -0.18258248 0.21166836
v -0.34083140 -0.39511290 -0.39270380
v 0.34307837 0.54922354 -0.05140022
v 0.19720419 0.61203235 -0.30689198
v -0.41100058 -0.12291660 -0.03490297
v 0.34066352 -0.10100667 -0.03791923
v -0.19222677 0.54226065 0.35769647
v 0.13940200 -0.08606017 -0.33966169
v 0.35230076 -0.18257906 0.15596484
v -0.19596623 -0.18177970 0.20911857
v -0.17055812 -0.19648723 -0.43568337
v 0.40500954 -0.33303410 0.20357634
v -0.37990025 -0.14394678 -0.02116035
v 0.05826761 -0.14633322 0.30457175
v -0.27359426 -0.15688182 0.03520779
v 0.21449839 0.65488136 -0.28429043
v 0.26174241 -0.47217515 0.39417902
v 0.22794536 0.63312721 0.27571663
v 0.20855023 -0.14773099 0.00707448
v 0.17603031 -0.12440707 -0.29949945
v 0.10798866 0.22536683 0.35785681
v 0.19202748 -0.14973092 -0.04929218
v -0.21164800 -0.16715200 0.15332100
v -0.23339500 -0.16129600 0.13268501
v -0.41409823 0.64836937 0.09442020
v -0.30608037 -0.66546839 -0.41738543
v 0.27496064 -0.21589106 0.34723806
v -0.03698769 -0.14841011 0.23932172
v 0.42606533 -0.47919017 0.22395766
v 0.44703141 -0.37981808 0.06342025
v 0.36597329 -0.18263410 -0.12124474
v -0.07271707 -0.24065907 0.47673059
v 0.20955126 -0.19471231 0.37655768
v -0.19230479 -0.04072621 0.35701069
v -0.01255243 -0.13717535 0.35029885
v -0.35472596 -0.10953814 -0.21643405
v 0.13092883 0.70530033 -0.27500209
v 0.01053347 0.56345886 -0.38463053
v 0.21009406 -0.12483047 0.26807103
v -0.30211797 0.69009584 -0.24189630
v -0.12793818 -0.69640040 0.47565421
v -0.16510676 0.65486503 -0.36325130
v 0.10867399 0.41550338 -0.35776442
v 0.19506297 0.41551274 0.30807257
v -0.53575301 -0.60277158 0.06682450
v -0.27111623 -0.18254372 -0.35308999
v 0.03082214 -0.09392222 0.37809899
v 0.35072318 -0.47144422 0.30534774
v 0.26533216 0.45777199 0.23835222
v 0.24534184 -0.14623521 -0.14846848
v -0.24206105 0.64194328 0.32871547
v -0.07467207 -0.18180482 0.25253934
v -0.34860584 0.09155101 0.23733729
v -0.49619398 -0.67792422 -0.19708528
v 0.15249933 0.67702347 -0.31492123
v 0.42253548 -0.70545697 0.07130833
v 0.43300164 -0.23361024 0.06279254
v 0.36011273 -0.69322509 -0.27431637
v -0.35615835 -0.20212509 -0.33618382
v -0.19782525 -0.70554191 -0.44180182
v -0.34867802 0.45777535 0.23800185
v -0.08662006 -0.18274605 0.42496791
v -0.22166647 -0.18115178 0.16859414
v 0.34899658 -0.61243522 0.30925554
v 0.43471828 -0.24515863 -0.06503218
v -0.38098326 -0.21346816 0.32290104
v 0.35077381 -0.19516484 -0.22627568
v 0.39125961 -0.21029954 -0.18157934
v -0.12032600 -0.08277888 0.37750825
v -0.19095363 0.01409512 -0.35770610
v -0.27984583 -0.17893341 0.00704141
v 0.19378932 -0.14482079 -0.23787408
v -0.10791989 -0.61207128 0.49428213
v -0.33835384 0.66921890 0.23194647
v -0.14634831 0.68946862 -0.34142432
v -0.19209464 0.37323502 0.35760888
v 0.25379291 -0.28617737 0.38470694
v 0.34305581 0.45777136 -0.05122424
v -0.47789863 -0.66516572 0.23162955
v -0.51782084 -0.67810899 0.12651862
v 0.01798750 -0.18178591 -0.25196823
v 0.04294815 -0.70465386 0.46009433
v -0.22809879 0.69339383 0.29737407
v 0.18053050 -0.13679230 0.27526188
v 0.19521582 0.39438233 -0.30802771
v 0.18474370 -0.70545769 -0.40887412
v -0.06536050 0.70343322 0.33271745
v 0.16096318 -0.10056289 0.32518235
v 0.01021051 0.39438999 -0.38457119
v 0.42612010 -0.40191087 0.18450294
v 0.34703812 -0.34693897 0.29923114
v 0.42374030 -0.20876957 -0.04611642
v -0.12196000 -0.16186300 0.21712500
v -0.29390272 0.70024037 -0.22235928
v 0.26227587 -0.55632943 0.39582175
v 0.28099844 -0.68561572 0.37140855
v -0.09250773 -0.09850132 -0.38191742
v -0.23960350 -0.70562154 0.41154009
v -0.11186253 -0.15450850 -0.22812693
v 0.28837404 0.66284132 0.18575725
v 0.00824367 -0.01816266 -0.38439530
v 0.19501895 0.23945242 -0.30793026
v -0.49790996 -0.22725506 0.12994674
v 0.41984335 -0.69231743 -0.15851872
v 0.34779868 -0.22703995 0.27281505
v -0.17963634 -0.14594132 0.29589492
v -0.39941296 0.07738207 -0.14914601
v -0.25826523 0.67168123 -0.30616066
v 0.04498544 -0.12045678 0.36168763
v -0.18141967 -0.16904385 0.18072088
v 0.34268144 0.11273152 0.05182043
v 0.23700806 -0.18281464 -0.32298076
v 0.18104893 -0.09834458 -0.31347284
v 0.11584841 -0.20116663 -0.43347782
v 0.19419682 -0.03831850 -0.30806935
v -0.03877028 -0.21781543 -0.47043601
v 0.20190388 -0.18788315 -0.36702254
v 0.06207340 -0.16232200 -0.20586200
v -0.27874964 0.22540231 0.30740511
v 0.34281427 0.22540864 0.05175508
v -0.14998615 -0.14391978 -0.32126340
v -0.53570223 -0.59859931 -0.06785684
v -0.27905697 0.36621365 0.30739418
v -0.21645364 -0.14766680 -0.18643796
v -0.09816476 -0.14759833 0.25186893
v -0.27920282 0.42255291 0.30739990
v 0.19518393 0.48593134 0.30808645
v 0.16989478 0.70523381 -0.24583247
v -0.24816300 -0.17337500 0.10624000
v -0.06916457 0.66632295 -0.37721384
v -0.14306825 -0.70533127 0.45712718
v 0.19206202 -0.14397500 0.24205001
v 0.25031510 0.70556182 -0.12716001
v 0.36644053 -0.18268304 0.12153149
v 0.10797251 0.40847787 0.35806477
v 0.14473973 -0.29569390 0.44886622
v -0.39406195 0.67163384 -0.12680131
v 0.19538362 0.50000840 -0.30807525
v 0.15122686 -0.16757748 0.12369003
v 0.09803919 -0.70554340 0.44311044
v -0.34900531 0.61165154 0.23786020
v 0.19807780 -0.18249634 0.34868976
v -0.43805596 -0.18256311 0.15458988
v -0.34768248 0.68326950 0.19882107
v -0.30136895 0.63296920 -0.28558847
v 0.31676582 0.56933630 -0.14916462
v 0.32253462 -0.70503706 0.29689285
v -0.25423050 -0.16827613 -0.08250633
v 0.20544767 -0.18178049 -0.04157562
v -0.39755327 -0.06990638 0.15321124
v 0.00991845 0.14087163 -0.38439304
v 0.35162765 -0.70523804 0.25401580
v -0.32228041 0.64654320 -0.26241741
v 0.15084046 -0.57789475 0.46046919
v -0.22165582 -0.21460879 0.43668503
v 0.10768864 -0.01329167 0.35769013
v -0.19516218 -0.18172617 -0.20600790
v -0.27890649 0.30284846 0.30742723
v 0.16950054 -0.14750212 0.14744970
v -0.21510589 -0.42742264 -0.46254161
v 0.19445997 0.08462927 0.30802616
v 0.26439852 0.69209784 0.17630292
v -0.48668557 -0.70560020 0.12883121
v -0.35350066 -0.12573244 0.19291069
v 0.26555359 0.22536790 -0.23750618
v -0.47467783 -0.70429599 -0.18464108
v 0.41336042 -0.20044506 -0.07848550
v -0.12148163 -0.18161835 0.23625691
v 0.27529478 0.70509702 0.07909194
v -0.39982051 0.23948188 0.14851512
v 0.44214484 -0.31737798 -0.06427316
v 0.31629631 0.57037985 0.15040341
v -0.52908111 -0.36635244 -0.06476774
v 0.28194663 -0.08524320 -0.20904329
v 0.21609589 -0.69794732 -0.40485445
v 0.19473942 0.23241241 0.30804425
v 0.10854734 0.07041679 -0.35745659
v -0.35856670 0.68783808 0.16897967
v 0.24672678 0.70360821 -0.15968104
v -0.32307196 0.70489728 0.16541244
v -0.27848098 0.08452193 0.30734989
v -0.21269734 -0.11183733 0.33678108
v 0.18226597 0.66794246 0.30474409
v -0.44247633 -0.22655143 0.25416338
v -0.44687316 -0.69457871 0.26498148
v -0.09214538 -0.01163132 0.38434157
v -0.52870363 -0.69055706 -0.05656992
v 0.45282638 -0.61233819 0.06294845
v 0.42758459 -0.36513743 0.13709791
v -0.50929278 -0.66654629 -0.16201672
v -0.13157097 -0.14757095 0.24174500
v 0.48099566 -0.59146816 0.26676229
v 0.10857961 0.16199501 -0.35752162
v -0.27122843 0.69546729 -0.26105085
v -0.09325766 0.52816665 0.38469020
v 0.39583459 -0.68498313 -0.22239704
v -0.07212967 -0.70533490 -0.46971020
v -0.30995813 -0.18303588 0.33651337
v 0.39007911 -0.39342526 0.23195520
v 0.23190452 -0.12411872 0.24798343
v 0.43353397 -0.49333501 0.19824854
v -0.37235790 -0.09479158 0.19515802
v 0.19440991 0.00708003 0.30794641
v 0.01001455 0.22537415 -0.38445476
v 0.42720431 -0.65846932 0.21835046
v 0.29140177 -0.14387424 0.06404745
v 0.02574493 -0.52023852 -0.49413711
v 0.10863563 0.33804262 -0.35768414
v 0.32223272 -0.18276110 -0.22442256
v 0.39218882 -0.18941408 -0.09929823
v 0.39739478 -0.20161673 0.13855623
v 0.43792084 -0.65794635 0.17179628
v -0.19117333 0.30283207 -0.35789672
v -0.21239288 0.70556903 0.26665604
v -0.16820693 -0.18178669 0.22374487
v -0.32991913 0.64675528 0.25482407
v 0.45650584 -0.66080749 0.20456772
v 0.23396324 0.70519060 0.16824481
v 0.08824422 0.70521390 -0.29940543
v -0.34938177 -0.07741310 0.23579597
v 0.32547751 0.66185808 -0.09388498
v 0.31564209 -0.01398634 0.15052167
v 0.43560228 -0.52435809 0.18425305
v -0.39571661 -0.66921765 -0.34378490
v 0.02488016 -0.27413982 -0.47918865
v 0.39404604 -0.62672460 0.24756455
v -0.21342608 0.70556831 -0.26644537
v -0.03016421 -0.13982965 -0.34839043
v 0.14665616 -0.14804274 -0.16569379
v 0.15213303 -0.60551602 -0.45961699
v 0.34612238 -0.69519484 -0.29359859
v -0.34836981 0.14087836 -0.23780435
v -0.43597236 -0.55638695 -0.30572209
v -0.16060235 -0.70396537 -0.46012709
v 0.26554278 0.00705425 -0.23709495
v -0.26037806 0.70549083 0.23211583
v 0.25302464 -0.27448404 -0.38377988
v 0.31281376 -0.09415966 0.15300010
v 0.11704981 0.70555282 0.27589077
v 0.31621951 0.14084677 -0.14964101
v -0.18074919 -0.22686510 0.45381701
v -0.05939451 -0.19394584 0.45081976
v -0.27968097 -0.18092357 -0.06332847
v -0.09242243 0.32396799 -0.38461071
v -0.39393324 -0.19195540 -0.27951777
v -0.20933294 0.64995003 0.34584618
v 0.31030890 0.64082944 0.16074975
v -0.36660829 0.70521402 -0.00704532
v 0.32360661 -0.19781636 -0.27793989
v -0.42756587 -0.31664941 -0.29843006
v 0.06502128 -0.70507330 0.45482925
v 0.38352633 -0.70559043 -0.18580200
v 0.24233299 -0.14471647 0.17668633
v -0.02608617 -0.70547563 0.46761751
v -0.50214291 -0.54881638 0.19178428
v -0.08247653 -0.67774040 -0.49297103
v -0.41596279 -0.70552880 -0.27998286
v 0.51684040 -0.64072222 0.21950072
v 0.33401984 -0.70562106 0.27304867
v -0.52957165 -0.37365377 0.06482083
v -0.50056505 -0.65574610 0.19144742
v -0.27870306 0.35214844 -0.30759412
v -0.46215063 -0.18329264 0.09926274
v 0.12630467 -0.14467005 0.29035342
v -0.44323269 -0.70557666 0.22865500
v -0.42637941 0.53528404 -0.05088461
v 0.18171281 -0.19359629 0.39092401
v -0.53530473 -0.66438061 -0.00910210
v 0.35076565 -0.42273808 -0.30238861
v 0.34296367 0.44369066 0.05192714
v -0.47749466 -0.20300628 0.15314105
v -0.12883008 -0.70560586 -0.45646954
v 0.02667848 -0.18173921 0.24989355
v -0.13808572 -0.14763340 -0.24002099
v -0.52183723 -0.69770646 0.04932835
v 0.25528511 -0.31659001 -0.38727802
v 0.25186020 -0.09189916 0.24997467
v 0.27706593 0.69967955 0.11896019
v 0.28623646 0.64644653 -0.20113052
v -0.21139561 -0.66286844 0.46571881
v 0.29628122 -0.10777237 -0.17431484
v 0.50498521 -0.65183240 0.21125749
v 0.00883339 0.37314871 0.38470638
v -0.53197867 -0.41533440 0.06626584
v 0.34285110 0.13389449 -0.05076059
v 0.35290596 -0.61923587 -0.30489072
v -0.27815977 0.12678333 -0.30764207
v 0.08189774 -0.13565293 0.33418992
v 0.41233212 -0.70505190 -0.11317813
v 0.32721394 -0.09100159 0.10895620
v 0.28168392 -0.19264984 -0.31163669
v -0.19146480 0.59122992 -0.35800320
v 0.27930424 0.70543557 0.02935215
v 0.36035603 -0.19231769 -0.20012537
v 0.17576765 -0.21775194 -0.41763741
v 0.01036918 0.47883525 -0.38458601
v -0.46514621 -0.19611363 0.17027546
v -0.34356979 -0.65914732 0.39504951
v -0.19198965 0.09860267 0.35735992
v 0.19492969 0.14789452 -0.30786538
v -0.52426594 -0.31033650 -0.06660420
v -0.09341960 0.42257276 0.38455877
v 0.34288841 0.33806229 0.05182203
v -0.40006456 0.54972792 0.14862359
v 0.43395516 -0.48032635 0.13439201
v 0.02330142 -0.59696478 0.49467847
v -0.27781895 -0.01408293 -0.30767253
v -0.33884838 -0.30992910 0.38614780
v 0.08132201 -0.14783804 0.22406273
v -0.11378103 -0.70020062 -0.47596845
v 0.33615559 0.66529852 0.04268716
v -0.19202572 0.18310797 0.35743123
v 0.41174704 -0.70552874 0.11157097
v 0.22706637 -0.69045860 0.40825918
v -0.22920811 -0.28172231 0.44682732
v 0.26036200 -0.42957807 0.39300996
v 0.31638718 0.32392597 -0.14964539
v 0.26300314 -0.08122966 -0.23934665
v 0.12964047 -0.16732167 -0.14605986
v -0.07871290 -0.14375089 0.33810395
v -0.28126743 -0.18177921 0.11645033
v 0.22754654 -0.14112952 0.21621180
v -0.34871152 0.32395348 0.23770690
v 0.23410212 -0.70553350 0.37745655
v -0.27909765 0.50002623 -0.30750990
v -0.24138261 -0.42869928 -0.45226750
v -0.29708204 -0.14752887 -0.04397611
v -0.10710854 -0.29298797 0.48121637
v 0.38848388 -0.18323581 0.03255390
v -0.34816244 -0.02072320 -0.23762143
v 0.43933707 -0.69471598 -0.07042982
v -0.42539743 -0.27594191 -0.29465398
v -0.33691585 -0.30361328 -0.38687220
v 0.00892561 0.09873617 0.38444531
v -0.10967187 -0.18288459 -0.42481798
v 0.22633956 0.70420796 -0.18790630
v 0.28562269 -0.24043675 -0.34685001
v 0.10794610 0.07040972 0.35770372
v -0.17134756 -0.18311378 -0.40994397
v -0.10805885 -0.14293742 -0.33594269
v -0.22838169 -0.30982664 -0.45013338
v 0.26555929 0.39437020 -0.23785524
v -0.18459797 -0.68769860 -0.46878481
v -0.50561965 -0.70551252 -0.06696350
v 0.23971596 -0.14261037 -0.19232526
v -0.47891605 -0.22226979 -0.18443289
v -0.43814990 -0.68667626 0.29423949
v 0.41847605 -0.50004327 -0.19141003
v -0.00202659 -0.18179682 0.25050741
v -0.48694739 -0.70544451 -0.13651213
v -0.45447847 -0.67679888 0.27056324
v 0.18477999 -0.70556045 0.40674627
v 0.27491915 0.70240372 -0.10253223
v 0.23708911 -0.18271145 0.32324162
v -0.23506503 -0.54928899 0.45991999
v 0.00969487 0.56304300 0.38466766
v 0.02494133 -0.43660441 0.49149567
v -0.45500967 -0.21884277 0.22644545
v 0.20523986 -0.18176080 -0.01403842
v -0.39992180 0.45712444 0.14874358
v -0.41166711 -0.18265314 -0.20997679
v -0.19214265 0.46479869 0.35766703
v 0.45132309 -0.46358734 0.06387968
v -0.34360170 -0.45071632 -0.39412183
v -0.39958757 0.02115169 0.14857806
v -0.39959711 0.12723784 0.14882402
v 0.16259950 -0.18172620 0.15211067
v 0.25976601 -0.40159026 -0.39161882
v 0.41262981 -0.70067239 -0.14057858
v -0.10964575 -0.42906597 0.49088120
v 0.25014952 0.70548797 0.13660146
v -0.10685207 -0.36690173 -0.48754397
v 0.45597500 -0.55997300 0.24180600
v 0.26534268 0.52819288 0.23848256
v -0.43162733 -0.36652613 0.29969203
v 0.20804547 -0.14672828 -0.19560920
v -0.43341789 -0.42274937 -0.30285260
v -0.37473902 -0.11980840 0.16907050
v 0.34147280 -0.28271833 -0.29695359
v -0.47335768 -0.18355073 0.04079699
v 0.34297380 0.35214514 -0.05107982
v 0.02648192 -0.69033349 0.48580492
v -0.10886389 0.70461810 -0.32214072
v 0.02700397 -0.43526790 -0.49117500
v 0.06413612 0.68380207 -0.34904838
v -0.33887520 -0.26110595 0.37990037
v -0.01115219 0.70417148 -0.33043340
v -0.34650245 -0.56344283 0.39499089
v -0.49730179 -0.38735521 0.18841155
v 0.26535571 0.22538131 0.23788324
v -0.39927503 -0.01400866 -0.14928235
v 0.50176328 -0.54538256 0.21981871
v -0.30778942 -0.22896303 -0.39393401
v -0.25428379 -0.22820012 0.42513880
v 0.25559890 -0.33691499 0.38922060
v 0.14675830 -0.30254743 -0.44872656
v 0.20718081 0.70554590 0.19769968
v 0.18641718 0.65791744 -0.30751449
v -0.43658286 -0.56329298 0.30491531
v -0.23371603 -0.60551935 -0.46027026
v -0.30562139 -0.09056347 -0.27914536
v -0.34846017 0.22539586 -0.23789977
v 0.02359839 -0.14285663 0.33540565
v 0.27763182 -0.09553931 0.21506354
v 0.00893457 0.18308902 0.38453972
v -0.39993331 0.35214961 0.14848052
v -0.29341888 -0.18174267 -0.07936518
v 0.15068373 -0.47868258 -0.45893443
v -0.43493584 -0.48544794 -0.30509463
v 0.38695636 -0.21557519 0.19651859
v 0.45328897 -0.55646521 -0.06438637
v 0.00171007 -0.14610292 -0.31956798
v -0.42619935 0.33822203 -0.05112273
v 0.22783035 -0.09893348 0.27196014
v -0.26043898 0.68732965 0.28749374
v 0.15191409 -0.54208112 -0.45985040
v 0.31589711 0.18305093 0.15041108
v 0.02403301 -0.35341665 -0.48652694
v -0.43712920 -0.70554376 -0.24574468
v -0.39971101 0.41563007 -0.14913873
v -0.19102982 0.10562909 -0.35774323
v 0.26525384 0.04226540 0.23762064
v 0.34296271 -0.03413311 -0.04809867
v 0.34985110 -0.56240231 0.30876029
v 0.10798445 0.14789744 0.35779426
v 0.19435731 -0.05457431 0.30795753
v -0.37724185 -0.10308760 -0.18456957
v -0.10742200 -0.53513324 -0.49450344
v -0.19202635 0.27463582 0.35753602
v -0.46662617 -0.70417333 -0.20290785
v 0.26505250 -0.65819764 -0.39168623
v -0.43425295 -0.42961162 0.30235541
v -0.53568578 -0.53513676 -0.06757755
v -0.27951571 0.54227710 0.30733395
v -0.50179082 -0.53512412 -0.19241363
v -0.25960550 -0.23045155 -0.42246205
v 0.15644678 0.64297163 -0.33001003
v 0.44772699 -0.39217556 -0.06560215
v -0.26489663 -0.09431318 0.31412116
v 0.10799676 0.48592708 0.35816020
v 0.01054414 0.05567272 -0.38420507
v 0.15964384 -0.18258443 -0.37343481
v 0.40724465 -0.28914401 0.19057971
v 0.08245152 -0.69103718 -0.47129819
v -0.22598055 -0.26012096 -0.44547337
v -0.22044100 -0.17333999 0.14833100
v -0.50511241 -0.70558679 0.04216715
v 0.26532257 0.38734663 0.23822097
v 0.19477148 0.00705481 -0.30776557
v -0.19126767 0.39437631 -0.35795355
v -0.01406020 -0.24125089 -0.47675169
v -0.19112565 0.20425099 -0.35778686
v 0.43520424 -0.53482240 0.15619825
v -0.34858510 0.45073423 -0.23826511
v 0.38701895 -0.69014764 -0.23297252
v -0.25634691 -0.13964266 0.27509165
v -0.39954346 0.18312091 -0.14904551
v 0.20906356 -0.20902856 0.39265320
v 0.12596124 -0.70304286 0.44573560
v -0.42650178 0.56341684 0.04994411
v 0.26553750 0.53522944 -0.23816441
v 0.31613386 0.40137967 0.15040998
v -0.40604922 -0.22847056 -0.30640289
v -0.39969876 0.29576442 -0.14898974
v -0.50709873 -0.69064265 -0.14778027
v -0.28016159 0.60323340 0.30701444
v -0.26855430 -0.70549148 -0.40854514
v -0.34823793 0.05637344 -0.23773625
v 0.29193196 -0.14485539 0.02524363
v 0.43971729 -0.63686025 0.11582843
v 0.01263894 0.64208877 -0.38359776
v 0.19529845 0.45071921 -0.30805159
v -0.09330411 -0.15638569 -0.22919762
v -0.42625684 0.44372258 -0.05123162
v -0.53413767 -0.66172165 -0.06690921
v -0.36301091 0.70536947 -0.04766022
v -0.09306943 0.07749362 0.38434377
v -0.19139870 0.53521848 -0.35804310
v 0.26518902 -0.02074456 0.23751134
v -0.34868878 0.19719316 0.23747456
v -0.34856519 0.54226452 -0.23846267
v 0.23865835 -0.70563298 -0.35657486
v -0.35842770 -0.70450073 -0.34254324
v -0.39980242 0.53450239 -0.14918651
v -0.48355153 -0.27435866 0.19445561
v -0.16051197 -0.66445607 0.47929010
v 0.18135148 -0.14766468 -0.12980473
v 0.10795605 0.31691819 0.35795736
v 0.35266736 -0.50012583 -0.30463430
v 0.35046452 -0.51385772 0.30728397
v -0.23365279 -0.45061854 0.45785144
v -0.42603517 0.09867287 -0.05093050
v 0.20717183 0.68823719 -0.25858578
v 0.26414704 -0.14361635 0.14821306
v -0.11059003 -0.70551878 0.46315178
v -0.48154876 -0.19767763 -0.12059613
v -0.42590484 -0.00635984 -0.05092610
v -0.50001848 -0.45769325 -0.19144607
v 0.06101817 0.64428627 0.37082762
v -0.27838728 0.02115677 0.30728632
v 0.19530469 0.55629033 0.30809698
v -0.21244006 -0.18271150 0.39315143
v -0.21933980 -0.70355213 0.43843460
v -0.27201188 0.65522808 0.30698499
v 0.33124325 -0.69087023 -0.31653351
v -0.13135692 0.65554118 -0.37187892
v 0.31600934 0.29572988 0.15037937
v 0.11598176 -0.16013747 0.17474204
v 0.12496758 -0.18177927 -0.19321601
v -0.26682428 -0.08747642 -0.31398606
v 0.44490418 -0.55935097 0.17490870
v -0.42622623 0.19695131 0.04990914
v 0.00913984 0.47186157 0.38470560
v 0.26282135 -0.50695056 -0.39463177
v -0.34161747 -0.37321720 0.39038375
v 0.31651706 0.49297807 -0.14969404
v -0.08647847 -0.18178584 -0.25034750
v -0.00192338 -0.18514989 0.43496841
v 0.37587133 -0.70558745 0.20651293
v 0.26547295 0.59071267 -0.23833747
v -0.31206268 -0.19558950 0.36704701
v 0.02367317 -0.35973349 0.48701823
v 0.09175133 -0.67187119 0.47510716
v 0.33072740 -0.22660214 -0.29787967
v -0.46807703 -0.69159156 -0.23568343
f 400 1271 866
f 1940 1665 56
f 273 56 773
f 1825 56 273
f 1825 1940 56
f 1825 1271 1940
f 1825 866 1271
f 866 1825 676
f 1529 238 773
f 1641 238 1905
f 1641 773 238
f 1641 273 773
f 869 1641 1905
f 869 273 1641
f 869 1825 273
f 903 238 2000
f 1905 238 903
f 57 811 947
f 1819 1662 554
f 797 1662 1819
f 797 811 1662
f 947 797 429
f 947 811 797
f 429 57 947
f 69 400 866
f 69 866 554
f 676 554 866
f 1819 554 676
f 473 51 1127
f 473 1708 51
f 1910 1708 473
f 1127 962 1449
f 1127 1449 2000
f 1127 51 962
f 400 1940 1271
f 400 1665 1940
f 1597 1665 400
f 1597 473 1665
f 1597 1910 473
f 1665 1529 773
f 1665 773 56
f 1665 473 1529
f 1529 1127 238
f 473 1127 1529
f 238 1127 2000
f 1950 69 554
f 1950 554 1662
f 811 1950 1662
f 1743 811 57
f 1950 400 69
f 1743 1950 811
f 1597 400 1950
f 1597 1950 1743
f 1973 1884 1910
f 1910 1884 1708
f 1908 1910 1597
f 94 1910 1908
f 94 1973 1910
f 1973 1852 1884
f 119 1852 1973
f 119 18 1852
f 527 18 119
f 100 1973 94
f 100 119 1973
f 1648 119 100
f 1648 527 119
f 527 1725 18
f 24 1725 527
f 1115 1725 24
f 1115 46 1725
f 662 46 1115
f 1776 527 1648
f 1776 24 527
f 1294 305 24
f 1294 24 1776
f 1294 1821 305
f 305 1115 24
f 1821 1115 305
f 997 907 1776
f 466 907 997
f 1434 466 997
f 1434 997 509
f 907 1294 1776
f 907 801 1294
f 768 1821 1294
f 1971 768 1294
f 1971 1294 801
f 1821 203 1115
f 132 203 1821
f 768 132 1821
f 408 132 768
f 408 768 1971
f 203 662 1115
f 1971 507 408
f 985 801 907
f 1040 907 466
f 1040 985 907
f 1263 1040 466
f 1263 466 1434
f 1198 1263 1434
f 985 1971 801
f 985 1395 1971
f 1040 1395 985
f 1040 978 1395
f 1263 978 1040
f 1198 978 1263
f 1198 106 978
f 1395 507 1971
f 994 818 766
f 1958 994 766
f 766 186 1370
f 766 818 186
f 1282 766 1370
f 1958 766 1282
f 1370 186 92
f 1894 1449 522
f 149 1449 1894
f 149 2000 1449
f 962 229 848
f 962 848 522
f 962 522 1449
f 229 995 761
f 1732 522 848
f 1894 522 1732
f 1732 229 761
f 1732 848 229
f 1244 761 957
f 1244 1732 761
f 957 761 1183
f 563 957 495
f 563 1244 957
f 957 994 495
f 957 1699 994
f 563 495 1958
f 1958 495 994
f 21 563 1958
f 869 1905 903
f 149 903 2000
f 869 903 149
f 869 149 1894
f 429 797 1819
f 676 1825 869
f 111 676 869
f 111 1819 676
f 111 429 1819
f 1699 818 994
f 51 1444 1699
f 1708 1444 51
f 1708 50 1444
f 818 1351 186
f 1699 1351 818
f 1444 1351 1699
f 1351 92 186
f 962 995 229
f 51 995 962
f 995 1183 761
f 51 1183 995
f 1183 1699 957
f 51 1699 1183
f 1708 702 50
f 1884 798 702
f 1884 702 1708
f 1884 1839 798
f 1852 1839 1884
f 1852 1477 1839
f 18 1477 1852
f 18 35 1477
f 1725 35 18
f 1725 1808 35
f 130 1808 1725
f 130 269 1808
f 130 1254 269
f 46 1807 1725
f 46 270 1807
f 270 1938 1807
f 1807 130 1725
f 1171 130 1807
f 1938 1171 1807
f 1534 1254 130
f 662 671 46
f 1258 671 662
f 671 270 46
f 1090 270 671
f 1005 671 1258
f 1090 279 270
f 671 1005 1090
f 270 279 1938
f 279 1149 1938
f 1090 1720 279
f 1090 960 1720
f 1005 960 1090
f 1005 9 960
f 1938 1149 1171
f 1720 1149 279
f 960 344 1720
f 9 344 960
f 496 1534 1171
f 1149 496 1171
f 1720 496 1149
f 1720 1469 496
f 344 1469 1720
f 1171 1534 130
f 496 1167 1534
f 496 1319 1167
f 1469 1319 496
f 203 1258 662
f 203 251 1258
f 203 1399 251
f 132 1399 203
f 132 1042 1399
f 408 1042 132
f 507 1042 408
f 251 1005 1258
f 251 1836 1005
f 1399 1836 251
f 1836 9 1005
f 1042 1836 1399
f 465 1203 1332
f 465 1332 1152
f 1150 1332 1902
f 1332 1150 1152
f 1042 1882 1836
f 146 465 1152
f 1152 1150 1426
f 1150 1511 1236
f 1276 841 1203
f 1276 1480 841
f 1488 1480 1276
f 1488 1461 1480
f 1395 1882 507
f 978 1882 1395
f 978 96 1882
f 106 96 978
f 1276 1203 465
f 507 1882 1042
f 1276 465 146
f 1179 1332 1203
f 1179 1902 1332
f 1866 1902 1179
f 1866 1805 1902
f 1902 1511 1150
f 1902 211 1511
f 1805 211 1902
f 1403 1480 1461
f 1403 841 1480
f 1403 967 841
f 1972 967 1403
f 1972 1866 967
f 841 967 1203
f 967 1179 1203
f 967 1866 1179
f 21 1958 1282
f 1282 1370 1160
f 92 1160 1370
f 1264 1282 1160
f 92 1411 1160
f 21 1282 1264
f 1174 1160 1411
f 1174 1264 1160
f 1174 1411 1471
f 1942 1174 1471
f 1942 1471 1175
f 1166 1175 1445
f 1166 1942 1175
f 563 1732 1244
f 21 1264 1174
f 21 1732 563
f 869 1894 1732
f 111 1732 21
f 111 869 1732
f 92 1501 1411
f 1351 1501 92
f 1444 1501 1351
f 1501 1471 1411
f 1501 1175 1471
f 1501 1313 1175
f 1501 1875 1313
f 1444 1875 1501
f 50 1875 1444
f 50 61 1875
f 1313 1445 1175
f 1313 649 1445
f 1875 649 1313
f 702 61 50
f 798 61 702
f 798 19 61
f 1839 19 798
f 1801 19 1839
f 1477 1801 1839
f 35 10 1477
f 1477 10 1801
f 1254 528 269
f 528 1868 269
f 269 659 1808
f 1868 659 269
f 35 1816 10
f 1808 1816 35
f 659 1816 1808
f 659 1911 1816
f 1911 1920 1816
f 1911 246 1920
f 927 528 1254
f 1534 927 1254
f 528 1425 1868
f 927 1425 528
f 927 825 1425
f 1143 825 927
f 1868 612 659
f 1425 612 1868
f 1425 941 612
f 1425 296 941
f 825 296 1425
f 825 1521 296
f 612 1911 659
f 1185 1911 612
f 941 1185 612
f 296 725 941
f 1521 725 296
f 1185 1130 1911
f 941 725 1185
f 1130 246 1911
f 1185 1087 1130
f 725 1087 1185
f 725 84 1087
f 1521 84 725
f 1534 512 927
f 1167 512 1534
f 344 1319 1469
f 512 1143 927
f 1167 20 512
f 1319 20 1167
f 20 1143 512
f 1069 1346 1245
f 1245 1346 591
f 20 825 1143
f 20 1521 825
f 1319 1129 20
f 1245 1340 1069
f 803 1340 1245
f 1202 1069 1340
f 1340 803 15
f 1129 1632 20
f 1202 1340 898
f 898 1340 15
f 20 1632 1521
f 898 15 959
f 1836 435 9
f 1882 435 1836
f 1426 1150 1236
f 1236 1511 1346
f 9 525 344
f 435 525 9
f 146 1152 1426
f 1426 1236 1069
f 1197 146 1426
f 1030 146 1197
f 1069 1236 1346
f 344 1129 1319
f 525 1129 344
f 1290 1426 1069
f 457 1426 1290
f 457 1197 1426
f 525 343 1129
f 435 875 525
f 1599 1069 1202
f 1290 1069 1599
f 705 1197 457
f 525 1164 343
f 875 1164 525
f 875 1326 1164
f 912 1164 1326
f 912 781 1164
f 912 705 781
f 621 457 1290
f 457 781 705
f 457 621 781
f 1802 1276 146
f 1802 1488 1276
f 549 1488 1802
f 1802 146 311
f 311 146 1030
f 96 1718 1882
f 96 510 1718
f 1882 543 435
f 1718 543 1882
f 96 1462 510
f 425 1462 96
f 479 1802 311
f 462 1802 479
f 481 1802 462
f 481 549 1802
f 205 549 481
f 543 1155 435
f 543 295 1155
f 1718 295 543
f 1718 318 295
f 510 318 1718
f 510 179 318
f 1462 179 510
f 1462 537 179
f 1462 587 537
f 425 587 1462
f 425 900 587
f 517 295 318
f 517 754 295
f 179 517 318
f 179 479 517
f 537 479 179
f 537 462 479
f 587 462 537
f 587 481 462
f 900 481 587
f 900 205 481
f 421 1030 1197
f 470 1030 421
f 754 1030 470
f 754 311 1030
f 517 311 754
f 311 517 479
f 435 873 875
f 1155 873 435
f 1155 497 873
f 295 497 1155
f 295 1623 497
f 497 638 873
f 497 421 638
f 497 470 421
f 1623 470 497
f 1623 754 470
f 754 1623 295
f 421 705 638
f 421 1197 705
f 873 1326 875
f 873 289 1326
f 218 1326 289
f 218 912 1326
f 218 705 912
f 218 638 705
f 638 289 873
f 638 218 289
f 1346 211 591
f 1346 1511 211
f 211 1876 591
f 1805 1876 211
f 591 1876 1245
f 1805 227 1876
f 1805 1782 227
f 1876 803 1245
f 1876 1985 803
f 227 1985 1876
f 1985 15 803
f 1985 682 15
f 15 682 959
f 227 682 1985
f 680 1818 1354
f 1709 1354 1818
f 1818 1257 1709
f 1257 1050 1709
f 1747 1709 1050
f 1747 1050 1785
f 1050 783 1785
f 576 1445 680
f 576 1166 1445
f 1535 576 680
f 1535 680 1354
f 1535 1166 576
f 1709 1535 1354
f 1747 1535 1709
f 1942 21 1174
f 63 1942 1166
f 63 21 1942
f 63 1166 1535
f 63 1535 1747
f 63 111 21
f 649 680 1445
f 649 1818 680
f 649 1257 1818
f 1875 1257 649
f 1875 32 1257
f 61 1903 32
f 61 32 1875
f 1257 783 1050
f 32 783 1257
f 1801 1635 19
f 19 1903 61
f 19 60 1903
f 1635 60 19
f 10 1635 1801
f 10 1847 1635
f 1635 1847 60
f 1920 1054 1816
f 1816 1847 10
f 1816 1036 1847
f 1077 1036 1816
f 1054 1077 1816
f 1077 1446 1036
f 246 1054 1920
f 1077 646 1446
f 646 1128 1446
f 1130 699 246
f 1087 699 1130
f 699 1230 246
f 1087 775 699
f 84 775 1087
f 1230 1054 246
f 699 775 1230
f 1230 1486 1054
f 775 1486 1230
f 775 1814 1486
f 1486 1077 1054
f 1486 646 1077
f 1814 646 1486
f 1814 116 646
f 646 1810 1128
f 116 1810 646
f 898 959 1401
f 1521 114 84
f 1632 114 1521
f 1344 1202 898
f 1632 1265 114
f 851 898 1401
f 851 1344 898
f 1401 959 1376
f 84 1814 775
f 84 114 1814
f 1749 851 1401
f 1596 1376 1421
f 1596 1401 1376
f 114 116 1814
f 114 883 116
f 1749 1401 1596
f 114 961 883
f 1596 1421 741
f 847 1749 1596
f 1815 1596 741
f 343 733 1129
f 343 586 733
f 1164 586 343
f 1164 1053 586
f 1053 651 586
f 1053 621 651
f 1053 781 621
f 781 1053 1164
f 1599 1202 1344
f 1098 1290 1599
f 403 1098 651
f 403 1290 1098
f 403 621 1290
f 621 403 651
f 1129 788 1632
f 1129 584 788
f 733 584 1129
f 733 514 584
f 586 514 733
f 586 187 514
f 187 923 514
f 187 1098 923
f 187 651 1098
f 651 187 586
f 1098 472 923
f 1098 1599 472
f 584 176 788
f 514 176 584
f 514 404 176
f 404 312 176
f 404 472 312
f 404 923 472
f 923 404 514
f 1137 1599 1344
f 472 1137 312
f 472 1599 1137
f 1632 566 1265
f 788 566 1632
f 788 607 566
f 176 607 788
f 176 201 607
f 201 478 607
f 201 1137 478
f 201 312 1137
f 312 201 176
f 156 1344 851
f 1137 156 478
f 1137 1344 156
f 607 931 566
f 259 478 156
f 478 931 607
f 478 259 931
f 1265 446 114
f 566 446 1265
f 566 346 446
f 931 346 566
f 931 369 346
f 369 919 346
f 369 259 919
f 259 369 931
f 749 851 1749
f 919 851 749
f 919 156 851
f 156 919 259
f 446 961 114
f 446 272 961
f 346 272 446
f 346 627 272
f 627 919 749
f 919 627 346
f 272 531 961
f 627 531 272
f 627 545 531
f 627 749 545
f 545 1749 1574
f 545 749 1749
f 682 879 1376
f 879 1421 1376
f 879 1365 1421
f 1545 1365 879
f 1421 1365 741
f 1545 1223 1365
f 227 879 682
f 1782 879 227
f 1782 1545 879
f 682 1376 959
f 783 921 1785
f 783 1731 921
f 1672 921 971
f 1731 971 921
f 383 971 1076
f 383 1672 971
f 971 445 1076
f 1122 1076 987
f 1122 383 1076
f 445 987 1076
f 921 1747 1785
f 1672 1747 921
f 63 1747 1672
f 63 1672 383
f 63 383 1122
f 63 1122 292
f 113 111 63
f 32 1731 783
f 1731 445 971
f 32 445 1731
f 32 1353 445
f 1903 1353 32
f 445 436 987
f 1353 436 445
f 1903 1682 1353
f 60 1682 1903
f 60 1859 1682
f 1847 1859 60
f 1847 1893 1859
f 1446 755 1036
f 755 1926 1036
f 755 1591 1926
f 1036 1893 1847
f 1036 1926 1893
f 1926 1700 1893
f 1128 755 1446
f 1128 853 755
f 755 242 1591
f 853 242 755
f 242 595 1591
f 1591 610 1926
f 595 610 1591
f 1815 741 1234
f 1810 853 1128
f 1275 1815 1234
f 1810 1317 853
f 1275 1234 890
f 853 1317 242
f 1703 1275 890
f 1317 595 242
f 890 926 1703
f 1317 1404 595
f 926 859 1703
f 961 286 883
f 847 1596 1815
f 1574 1749 847
f 883 1810 116
f 883 1992 1810
f 286 1992 883
f 286 695 1992
f 1948 1574 847
f 695 868 1992
f 847 1815 1275
f 787 1948 847
f 1948 787 849
f 1992 1317 1810
f 1992 707 1317
f 868 707 1992
f 620 787 847
f 787 774 849
f 787 620 774
f 868 328 707
f 593 847 1275
f 620 847 593
f 620 328 774
f 707 334 1317
f 328 334 707
f 328 1094 334
f 1887 1275 1703
f 593 1275 1887
f 1034 620 593
f 620 1094 328
f 620 1034 1094
f 1094 1075 334
f 501 1034 593
f 1034 1075 1094
f 1034 501 1075
f 334 1404 1317
f 1075 1240 334
f 1887 1703 859
f 167 501 593
f 501 1154 1075
f 501 167 1154
f 531 286 961
f 531 170 286
f 170 545 1574
f 545 170 531
f 170 695 286
f 170 231 695
f 231 1574 1948
f 231 170 1574
f 231 868 695
f 231 308 868
f 308 1948 849
f 308 231 1948
f 308 774 868
f 774 308 849
f 774 328 868
f 1240 1075 1154
f 1365 1572 741
f 1572 1234 741
f 1572 890 1234
f 1572 687 890
f 1365 687 1572
f 1223 687 1365
f 1223 1576 687
f 687 926 890
f 687 352 926
f 1576 352 687
f 529 190 594
f 629 594 1750
f 629 529 594
f 833 57 429
f 833 190 57
f 594 833 1922
f 594 190 833
f 1750 594 1922
f 944 1750 1922
f 944 629 1750
f 1001 629 944
f 1001 1423 629
f 624 1423 1001
f 624 1001 1046
f 899 1001 944
f 1046 1001 899
f 899 944 1922
f 1638 1046 899
f 1555 624 1046
f 1555 1046 1268
f 461 1268 1460
f 461 1460 767
f 1638 1268 1046
f 611 1268 1638
f 1460 611 570
f 1460 1268 611
f 570 767 1460
f 291 767 570
f 291 546 767
f 742 546 291
f 1323 291 570
f 315 291 1323
f 315 742 291
f 678 742 315
f 1826 678 1660
f 1743 57 190
f 529 1743 190
f 1520 529 629
f 1520 629 1423
f 624 1520 1423
f 1520 1743 529
f 1520 1597 1743
f 461 1555 1268
f 440 1555 461
f 440 461 1736
f 1520 624 1555
f 440 1520 1555
f 1730 1520 440
f 1736 461 767
f 1736 767 546
f 1554 1736 546
f 440 1736 1554
f 1554 546 742
f 1554 742 678
f 1241 440 1554
f 1874 440 1241
f 1874 1730 440
f 1826 1554 678
f 1241 1554 1826
f 1350 1597 1520
f 1350 1908 1597
f 1350 94 1908
f 135 94 1350
f 1730 1350 1520
f 1 1350 1730
f 1 135 1350
f 532 135 1
f 1874 1386 1730
f 1386 1 1730
f 1386 532 1
f 1907 532 1386
f 135 100 94
f 1759 100 135
f 1735 100 1759
f 1735 1648 100
f 124 1648 1735
f 39 135 532
f 39 1759 135
f 1864 1759 39
f 1864 1735 1759
f 47 1735 1864
f 47 124 1735
f 1907 39 532
f 1907 1864 39
f 1850 1864 1907
f 1850 47 1864
f 124 1776 1648
f 1280 1776 124
f 509 1776 1280
f 509 997 1776
f 1412 509 1280
f 22 1412 1280
f 143 124 47
f 143 1280 124
f 147 1280 143
f 1280 1578 22
f 147 1578 1280
f 1960 147 143
f 490 1578 147
f 617 490 147
f 1015 147 1960
f 617 147 1015
f 1081 47 1850
f 1081 143 47
f 1081 1960 143
f 1659 1015 1960
f 1659 1833 1015
f 701 1434 509
f 1412 701 509
f 701 1198 1434
f 477 701 1412
f 1311 1412 22
f 1311 477 1412
f 304 1311 22
f 701 1855 1198
f 477 1855 701
f 1855 106 1198
f 477 1398 1855
f 1311 1398 477
f 1311 1738 1398
f 304 1738 1311
f 1578 304 22
f 820 304 1578
f 1746 1578 490
f 1746 820 1578
f 1772 490 617
f 1772 1746 490
f 304 820 1738
f 1015 1269 617
f 617 1269 1772
f 1833 1269 1015
f 820 738 1738
f 1746 738 820
f 1772 738 1746
f 1922 833 429
f 111 1922 429
f 1638 1922 111
f 1638 899 1922
f 1740 315 1323
f 1323 570 611
f 1323 611 1638
f 430 315 1740
f 430 678 315
f 1660 678 430
f 1822 1826 1660
f 573 1660 430
f 1822 1660 573
f 1474 573 430
f 266 573 1474
f 266 1822 573
f 1016 1822 266
f 782 1822 1016
f 1474 430 1740
f 1119 1016 266
f 558 1016 1119
f 558 782 1016
f 1443 266 1474
f 1443 1119 266
f 558 1119 1443
f 112 558 1443
f 1108 558 112
f 613 1003 1108
f 1101 1108 112
f 613 1108 1101
f 499 613 1101
f 669 613 499
f 669 247 613
f 1241 1826 1822
f 1241 1822 782
f 1003 782 558
f 1003 1241 782
f 1003 558 1108
f 1111 1241 1003
f 1863 1241 1111
f 1863 1874 1241
f 247 1003 613
f 1773 1003 247
f 1111 1003 1773
f 1773 247 669
f 1773 669 221
f 1414 1874 1863
f 1414 1386 1874
f 77 1386 1414
f 77 1907 1386
f 1990 1907 77
f 1990 1850 1907
f 1659 1960 1081
f 483 1659 1081
f 1146 1659 483
f 1361 1146 483
f 1243 483 1081
f 1243 1361 483
f 1541 1361 1243
f 1783 1850 1990
f 1783 1081 1850
f 1861 1081 1783
f 1861 1243 1081
f 1336 1243 1861
f 1398 106 1855
f 738 1618 1738
f 1218 1461 1488
f 1218 458 1461
f 1023 458 1218
f 1023 1295 458
f 1360 1295 1023
f 1360 164 1295
f 1112 164 1360
f 106 909 96
f 1398 909 106
f 1398 1184 909
f 1738 1184 1398
f 1618 1184 1738
f 1256 1112 1360
f 1618 1796 1184
f 937 1256 1360
f 1833 1440 1269
f 1772 1618 738
f 1772 1028 1618
f 1269 1028 1772
f 1269 901 1028
f 1440 901 1269
f 1440 193 901
f 1440 683 193
f 1028 901 1618
f 901 193 1618
f 982 1112 1256
f 683 1390 193
f 1238 982 1256
f 1853 982 1238
f 193 1796 1618
f 1390 449 193
f 1238 1256 937
f 1192 1853 1238
f 1192 1639 1853
f 1440 1833 1659
f 1073 1440 1659
f 1146 1073 1659
f 1146 730 1073
f 1073 683 1440
f 730 1146 1361
f 1073 1390 683
f 730 1390 1073
f 1361 958 730
f 1541 958 1361
f 730 449 1390
f 730 958 449
f 958 1048 449
f 958 1410 1048
f 1410 958 1541
f 1410 43 1048
f 1410 258 43
f 1243 1410 1541
f 1243 1336 1291
f 1291 1410 1243
f 1300 1972 1403
f 1300 1403 1329
f 1300 1329 329
f 1329 1461 458
f 1329 458 1295
f 1329 1403 1461
f 329 1329 1295
f 329 1295 164
f 1092 329 164
f 1092 164 1112
f 1625 329 1092
f 1840 329 1625
f 1840 1300 329
f 982 1092 1112
f 1625 1092 982
f 1625 982 1853
f 1677 1625 1853
f 1432 1625 1677
f 1432 1840 1625
f 1677 1853 1639
f 1373 1677 1639
f 1695 1677 1373
f 1432 1677 1695
f 1323 1638 111
f 73 1323 111
f 73 1740 1323
f 1474 1740 73
f 73 1443 1474
f 1101 112 1443
f 145 499 1101
f 145 1443 73
f 145 1101 1443
f 1394 669 499
f 221 669 1394
f 337 221 1394
f 722 221 337
f 145 1394 499
f 953 1394 145
f 953 337 1394
f 722 337 953
f 644 722 953
f 1381 722 644
f 644 953 145
f 439 644 294
f 439 1381 644
f 330 1381 439
f 294 644 145
f 95 439 294
f 330 439 95
f 1573 294 145
f 1359 294 1573
f 1359 95 294
f 486 330 95
f 486 95 1359
f 1429 221 722
f 1429 1773 221
f 1111 1773 1429
f 1233 1111 1429
f 1233 722 1381
f 1233 1429 722
f 731 1111 1233
f 731 1863 1111
f 1233 1381 330
f 1830 1863 731
f 1169 1233 330
f 731 1233 1169
f 1169 330 486
f 1830 1414 1863
f 1966 77 1414
f 58 1414 1830
f 1966 1414 58
f 2 1990 77
f 2 77 1966
f 1393 1990 2
f 896 1336 1861
f 896 1861 1304
f 1304 1861 1783
f 1393 1783 1990
f 1790 1783 1393
f 1304 1783 1790
f 1790 1869 1304
f 696 1488 549
f 696 1218 1488
f 625 1218 696
f 625 1023 1218
f 937 1023 625
f 937 1360 1023
f 1796 603 1184
f 689 937 625
f 677 937 689
f 909 425 96
f 909 1546 425
f 1184 852 909
f 909 693 1546
f 852 693 909
f 1184 1074 852
f 603 1074 1184
f 1158 549 205
f 1158 696 549
f 1006 696 1158
f 1490 696 1006
f 1490 625 696
f 548 625 1490
f 689 548 353
f 689 625 548
f 677 689 562
f 1546 900 425
f 1546 389 900
f 693 389 1546
f 693 679 389
f 852 679 693
f 852 777 679
f 1074 777 852
f 1074 357 777
f 1074 427 357
f 603 427 1074
f 603 814 427
f 603 935 814
f 1796 935 603
f 288 900 389
f 288 205 900
f 288 1158 205
f 679 288 389
f 679 1158 288
f 679 1006 1158
f 777 1006 679
f 777 1490 1006
f 357 1490 777
f 357 548 1490
f 353 357 427
f 353 548 357
f 417 427 814
f 417 353 427
f 562 689 353
f 562 353 417
f 709 562 417
f 709 677 562
f 935 417 814
f 935 1126 417
f 935 1604 1126
f 1126 709 417
f 1153 1126 1604
f 1153 709 1126
f 574 709 1153
f 197 1153 1604
f 1192 1238 937
f 141 1639 1192
f 1373 1639 141
f 193 122 1796
f 449 122 193
f 449 665 122
f 323 937 677
f 323 1192 937
f 1470 1192 323
f 141 1192 1470
f 1114 141 1470
f 1796 1459 935
f 122 1459 1796
f 323 677 709
f 1284 1114 1470
f 721 1114 1284
f 1459 1604 935
f 574 1153 442
f 574 323 709
f 282 574 442
f 282 323 574
f 1470 323 282
f 1459 197 1604
f 1459 482 197
f 1459 1086 482
f 122 1086 1459
f 122 154 1086
f 122 1538 154
f 665 1538 122
f 442 197 482
f 442 1153 197
f 1499 482 1086
f 1499 442 482
f 1499 282 442
f 364 282 1499
f 364 1470 282
f 1284 1470 364
f 1060 721 1284
f 802 1373 141
f 1048 665 449
f 1048 43 665
f 258 1673 43
f 1114 802 141
f 1377 802 1114
f 1377 1114 721
f 1132 1377 1931
f 1931 1377 721
f 606 1132 1931
f 1673 665 43
f 1673 71 665
f 71 1485 665
f 1433 1931 721
f 606 1931 1433
f 719 606 908
f 1291 258 1410
f 1336 1996 1291
f 1996 1336 896
f 1291 1673 258
f 1291 1996 1673
f 896 302 1996
f 902 896 1304
f 902 302 896
f 1996 71 1673
f 1996 302 71
f 1304 1869 902
f 302 1220 71
f 302 902 1220
f 886 902 1869
f 902 886 1220
f 1630 886 1869
f 1695 1373 802
f 382 1695 802
f 1432 1695 382
f 1058 1432 382
f 382 802 1377
f 1975 1432 1058
f 1132 382 1377
f 1058 382 1132
f 1058 1132 1914
f 1914 1132 606
f 719 1914 606
f 686 1914 719
f 686 1058 1914
f 1509 1058 686
f 78 1058 1509
f 78 1975 1058
f 1573 145 73
f 906 1573 73
f 1978 1359 1573
f 1978 486 1359
f 770 1978 1573
f 906 770 1573
f 350 486 1978
f 350 1978 770
f 1348 350 770
f 250 350 1348
f 1348 770 906
f 38 250 1348
f 824 1348 906
f 38 1348 824
f 1606 824 906
f 416 824 1606
f 416 38 824
f 416 1961 38
f 1516 416 1606
f 298 416 1516
f 1516 1606 1970
f 1755 486 350
f 1755 1169 486
f 731 1169 1755
f 1755 350 250
f 1961 250 38
f 1961 1755 250
f 1961 731 1755
f 1548 731 1961
f 615 731 1548
f 615 1830 731
f 298 1961 416
f 1548 1961 298
f 30 1830 615
f 30 58 1830
f 30 1966 58
f 1845 1966 30
f 1845 2 1966
f 8 2 1845
f 8 1393 2
f 1630 1869 1790
f 1716 1630 1790
f 1803 1393 8
f 1803 1790 1393
f 1716 1790 1803
f 1343 1716 1803
f 154 281 1086
f 154 1921 281
f 154 1538 1921
f 158 1086 281
f 158 1499 1086
f 632 281 1921
f 632 158 281
f 632 1499 158
f 632 364 1499
f 367 364 632
f 199 367 632
f 199 364 367
f 199 1284 364
f 468 1284 199
f 1060 1284 468
f 1538 597 1921
f 1538 219 597
f 1538 789 219
f 665 789 1538
f 665 691 789
f 665 1485 691
f 1498 1921 597
f 1498 632 1921
f 706 597 219
f 706 1498 597
f 706 632 1498
f 706 199 632
f 468 199 706
f 789 657 219
f 657 706 219
f 1038 657 789
f 1038 706 657
f 1038 468 706
f 414 468 1038
f 414 1060 468
f 740 1060 414
f 691 1585 789
f 691 381 1585
f 1485 381 691
f 1485 1362 381
f 1485 1690 1362
f 1585 1038 789
f 815 1585 381
f 815 1038 1585
f 414 1038 815
f 740 815 763
f 740 414 815
f 1362 254 381
f 254 815 381
f 763 815 254
f 438 740 763
f 1362 684 254
f 1362 552 684
f 1690 552 1362
f 1690 1371 552
f 843 684 552
f 843 254 684
f 843 763 254
f 438 843 224
f 438 763 843
f 1371 198 552
f 198 843 552
f 224 843 198
f 1371 331 198
f 1371 816 331
f 1568 331 816
f 1568 198 331
f 1568 224 198
f 720 224 1568
f 71 1690 1485
f 71 1220 1690
f 1433 721 1060
f 908 606 1433
f 1657 719 908
f 1433 1060 740
f 1657 908 516
f 1220 1977 1690
f 1581 908 1433
f 516 908 1581
f 1977 444 1690
f 1581 740 438
f 1581 1433 740
f 1666 1581 438
f 1144 516 1581
f 1690 444 1371
f 1977 945 444
f 1144 1581 1113
f 1666 438 224
f 1113 1581 1666
f 508 1144 1113
f 444 816 1371
f 444 1643 816
f 444 1527 1643
f 945 1527 444
f 720 1666 224
f 1113 1666 1600
f 1630 752 886
f 886 1977 1220
f 886 752 1977
f 1630 513 752
f 513 1630 1716
f 752 1124 1977
f 752 513 1124
f 513 945 1124
f 1124 945 1977
f 390 516 1144
f 513 1225 945
f 513 1347 1225
f 539 390 1144
f 539 1144 508
f 634 539 508
f 1347 104 1225
f 1347 988 104
f 1225 104 945
f 1347 513 1716
f 1347 1716 1343
f 988 1347 1343
f 686 719 1657
f 1267 686 1657
f 1509 686 1267
f 1267 1657 516
f 390 1267 516
f 561 1267 390
f 1509 1267 561
f 561 390 539
f 1544 539 634
f 1544 561 539
f 1544 1509 561
f 1661 1509 1544
f 1661 78 1509
f 12 111 113
f 12 73 111
f 1970 906 73
f 1043 1970 73
f 64 1043 73
f 1729 1043 64
f 64 73 12
f 1970 1606 906
f 1729 262 1043
f 920 1516 1970
f 920 298 1516
f 1259 920 1970
f 1422 920 1259
f 1043 1259 1970
f 748 1259 1043
f 675 1259 748
f 675 1422 1259
f 262 748 1043
f 865 748 262
f 865 675 748
f 889 262 1729
f 865 262 889
f 641 889 1729
f 641 865 889
f 641 1729 604
f 1422 298 920
f 1548 298 1422
f 1548 1422 675
f 865 1548 675
f 1781 1548 865
f 1781 615 1548
f 1781 865 144
f 144 865 641
f 223 615 1781
f 223 30 615
f 1832 30 223
f 30 1832 1845
f 1997 1845 1832
f 1997 8 1845
f 1507 1343 1803
f 1439 8 1997
f 1439 1803 8
f 1331 1803 1439
f 1331 1507 1803
f 471 1568 816
f 1643 471 816
f 1643 11 471
f 1643 1527 11
f 842 1568 471
f 842 720 1568
f 1600 720 842
f 1600 1666 720
f 11 393 471
f 637 471 393
f 637 842 471
f 1600 842 637
f 1795 508 1113
f 11 1000 393
f 11 175 1000
f 11 1527 175
f 1000 637 393
f 1089 637 1000
f 1089 1600 637
f 1795 1113 1600
f 175 505 1000
f 1089 1000 505
f 175 1022 505
f 1527 1022 175
f 1527 332 1022
f 728 505 1022
f 278 505 728
f 278 1089 505
f 321 1089 278
f 321 1600 1089
f 1002 1600 321
f 1002 1795 1600
f 332 432 1022
f 432 728 1022
f 1503 728 432
f 1503 278 728
f 321 278 1503
f 1333 1002 321
f 432 1082 185
f 332 1082 432
f 301 432 185
f 892 432 301
f 892 1503 432
f 321 1503 892
f 1082 933 185
f 1082 1824 933
f 332 1824 1082
f 933 301 185
f 348 301 933
f 348 892 301
f 321 892 348
f 945 104 1527
f 1455 634 508
f 988 1537 104
f 988 1078 1537
f 104 1537 1527
f 1455 508 1795
f 855 1455 1795
f 1078 105 1537
f 1078 1717 105
f 1537 105 1527
f 105 332 1527
f 585 1795 1002
f 585 855 1795
f 1717 1007 105
f 1717 333 1007
f 105 1007 332
f 1510 1002 1333
f 1510 585 1002
f 1226 585 1510
f 333 1993 1007
f 1007 1824 332
f 734 988 1343
f 734 1343 1507
f 1078 988 734
f 1717 1078 734
f 76 734 1507
f 734 76 1717
f 76 1507 1331
f 333 1717 76
f 76 844 333
f 844 76 1331
f 333 844 1993
f 1544 634 1455
f 257 1544 1455
f 257 1455 855
f 1661 1544 257
f 585 257 855
f 1330 257 585
f 1312 257 1330
f 1312 1661 257
f 115 1661 1312
f 1330 585 1226
f 1866 1943 1805
f 1582 1943 1866
f 1582 1707 1943
f 1972 1582 1866
f 1967 1582 1972
f 1932 1707 1582
f 1932 1877 1707
f 1987 101 1967
f 101 1932 1967
f 1967 1932 1582
f 1939 1877 1932
f 1939 1035 1877
f 137 1888 101
f 1888 1939 101
f 101 1939 1932
f 1895 1035 1939
f 1895 148 1035
f 1895 1929 148
f 6 1949 1888
f 1949 1895 1888
f 1888 1895 1939
f 1959 1929 1895
f 1959 40 1929
f 1959 1956 40
f 1741 1949 746
f 1741 1959 1949
f 1959 1895 1949
f 306 884 1959
f 1612 884 306
f 884 950 1959
f 1612 226 884
f 34 1956 1959
f 950 34 1959
f 504 950 884
f 226 504 884
f 950 228 34
f 1222 1096 228
f 950 1222 228
f 504 1222 950
f 579 1096 1222
f 1935 1385 1741
f 1162 1385 1935
f 1385 1959 1741
f 1385 306 1959
f 1357 306 1385
f 1188 1357 1385
f 1162 1188 1385
f 1357 1612 306
f 1612 819 226
f 819 1397 226
f 386 1222 504
f 226 386 504
f 226 1397 386
f 819 265 1397
f 386 579 1222
f 973 1188 1162
f 1363 1357 1188
f 1357 819 1612
f 1357 1363 819
f 973 1363 1188
f 973 1951 1363
f 973 1723 1951
f 819 59 265
f 1363 59 819
f 1363 1951 59
f 1943 93 1805
f 1707 506 1943
f 1707 1762 506
f 93 1782 1805
f 1943 506 93
f 93 1545 1782
f 1762 1896 506
f 1877 1366 1707
f 1707 1366 1762
f 1035 1219 1877
f 1877 1219 1366
f 1035 1737 1219
f 1219 1927 1366
f 1737 1688 1219
f 148 1737 1035
f 1929 1288 148
f 148 1288 1737
f 1288 1925 1737
f 1929 1800 1288
f 40 1800 1929
f 1956 1800 40
f 1956 1176 1800
f 1800 1004 1288
f 1176 1953 1800
f 1096 1628 228
f 579 209 1096
f 228 1620 34
f 1628 1620 228
f 209 622 1628
f 209 1628 1096
f 34 1176 1956
f 1620 1176 34
f 1628 622 1620
f 622 494 1620
f 622 951 494
f 1620 1159 1176
f 494 1159 1620
f 494 1583 1159
f 1583 1194 1159
f 1159 1767 1176
f 209 1515 622
f 1515 951 622
f 1515 1669 951
f 1569 1669 1515
f 1569 930 1669
f 951 1583 494
f 951 1669 1583
f 1669 283 1583
f 930 769 1669
f 1669 769 283
f 1583 1070 1194
f 1583 283 1070
f 386 25 579
f 386 1235 25
f 1397 1235 386
f 265 1235 1397
f 579 25 209
f 25 1515 209
f 25 1569 1515
f 25 1464 1569
f 1235 1464 25
f 1464 930 1569
f 1545 54 1223
f 1896 54 1545
f 506 1545 93
f 506 1896 1545
f 1927 4 1896
f 1896 4 54
f 1927 29 4
f 1366 1896 1762
f 1366 1927 1896
f 1688 29 1927
f 1688 1719 29
f 1219 1688 1927
f 1925 1719 1688
f 1925 14 1719
f 1004 14 1925
f 1004 836 14
f 1737 1925 1688
f 1288 1004 1925
f 1004 36 836
f 1953 36 1004
f 1953 83 36
f 1953 1004 1800
f 807 1517 1767
f 1767 83 1953
f 1517 83 1767
f 1517 1981 83
f 1981 1442 83
f 1176 1767 1953
f 1159 1194 1767
f 1194 807 1767
f 882 1517 807
f 882 1550 1517
f 1550 1981 1517
f 1550 49 1981
f 769 1702 283
f 1070 807 1194
f 283 1142 1070
f 1702 1142 283
f 1070 882 807
f 1070 1142 882
f 1142 723 882
f 723 1550 882
f 1550 1858 49
f 723 1858 1550
f 930 1702 769
f 1702 723 1142
f 930 110 1702
f 265 1464 1235
f 59 110 265
f 1951 110 59
f 1723 110 1951
f 265 110 1464
f 1464 110 930
f 54 1916 1223
f 1223 1916 1576
f 1626 1916 54
f 4 1626 54
f 4 1679 1626
f 29 1679 4
f 29 134 1679
f 1719 134 29
f 1719 1564 134
f 14 1564 1719
f 836 1564 14
f 836 1771 1564
f 36 1771 836
f 83 1513 36
f 36 1513 1771
f 1981 419 1442
f 419 1605 1442
f 1442 897 83
f 1605 897 1442
f 83 897 1513
f 897 1946 1513
f 897 1310 1946
f 49 419 1981
f 49 991 419
f 991 1605 419
f 991 317 1605
f 317 897 1605
f 317 1310 897
f 1862 1310 317
f 1858 991 49
f 1858 1134 991
f 1134 317 991
f 1134 1862 317
f 1134 1067 1862
f 1702 110 723
f 723 1134 1858
f 110 1134 723
f 110 1067 1134
f 41 1972 1300
f 41 1967 1972
f 1840 41 1300
f 1841 41 1840
f 85 1840 1432
f 1528 1840 85
f 1528 1841 1840
f 1987 1967 41
f 1841 1987 41
f 1645 1987 1841
f 108 1841 1528
f 1955 1841 108
f 1955 1645 1841
f 137 101 1987
f 137 1987 1645
f 1881 137 1645
f 125 1645 1955
f 1798 1645 125
f 1798 1881 1645
f 6 1888 137
f 746 1949 6
f 6 137 1881
f 1835 746 6
f 1835 6 1881
f 805 1881 1798
f 805 1835 1881
f 1536 1835 805
f 1935 1741 746
f 1779 746 1835
f 1779 1935 746
f 87 1835 1536
f 87 1779 1835
f 74 1779 87
f 692 1162 1935
f 1500 1935 1779
f 1500 692 1935
f 1500 1400 692
f 1382 1162 692
f 1400 1382 692
f 1500 1138 1400
f 1205 1138 1500
f 1095 1500 1779
f 812 1500 1095
f 812 1205 1500
f 1145 1095 1779
f 1199 1095 1145
f 1199 812 1095
f 74 1145 1779
f 1616 1145 74
f 102 1145 1616
f 1145 102 1199
f 1619 1199 102
f 102 1549 1619
f 1691 102 1616
f 1691 1549 102
f 1382 973 1162
f 1400 103 1382
f 1138 103 1400
f 1382 1723 973
f 1382 1358 1723
f 103 1358 1382
f 1138 370 103
f 370 1138 1205
f 370 1358 103
f 1305 1205 812
f 1653 812 1199
f 1653 1305 812
f 1305 370 1205
f 1619 1653 1199
f 1305 1447 370
f 1653 1447 1305
f 1975 85 1432
f 1656 85 1975
f 1656 1528 85
f 1656 1975 78
f 555 1528 1656
f 555 108 1528
f 555 1955 108
f 1594 1955 555
f 1774 555 1656
f 1787 1594 555
f 1594 125 1955
f 1633 1798 125
f 1633 125 1594
f 1904 1633 1594
f 1598 805 1798
f 1601 1536 805
f 1598 1798 1633
f 1601 805 1598
f 1551 1598 1633
f 1551 1601 1598
f 87 1536 800
f 74 87 1909
f 800 1536 1601
f 1909 87 800
f 1837 800 1601
f 1482 1909 800
f 776 1616 74
f 776 1691 1616
f 660 1549 1691
f 1941 74 1909
f 1941 776 74
f 660 1691 776
f 845 660 776
f 1979 776 1941
f 1979 845 776
f 1979 1941 1526
f 1979 1890 845
f 385 1979 1526
f 1418 1909 1482
f 1418 1941 1909
f 1526 1941 1418
f 370 1447 1358
f 131 1619 1549
f 1653 1655 1447
f 1619 1655 1653
f 1619 1438 1655
f 131 1438 1619
f 131 1260 1438
f 1260 1711 1438
f 1655 1438 1447
f 660 131 1549
f 1260 131 660
f 1093 660 845
f 660 1093 1260
f 1093 1711 1260
f 1093 90 1711
f 1093 1890 90
f 1890 1093 845
f 385 1890 1979
f 385 1558 1890
f 1890 1558 90
f 1774 1656 78
f 1952 1774 78
f 1952 78 1661
f 1787 555 1774
f 881 1774 1952
f 881 1787 1774
f 1904 1594 1787
f 1551 1633 1904
f 1551 1904 28
f 881 1904 1787
f 28 1904 881
f 1837 1601 1551
f 1837 1551 1777
f 1777 1551 28
f 1482 800 1837
f 1670 1482 1837
f 1670 1837 1777
f 885 1526 1721
f 885 385 1526
f 1721 1526 1418
f 1721 1427 885
f 1427 1721 1418
f 1207 1427 1418
f 1441 1427 1207
f 407 1482 1670
f 407 1418 1482
f 1207 1418 407
f 1358 110 1723
f 1447 110 1358
f 1438 110 1447
f 1438 1711 110
f 1689 110 1711
f 385 885 1558
f 1558 1689 90
f 90 1689 1711
f 1558 339 1689
f 885 339 1558
f 885 397 339
f 397 1255 339
f 397 1441 1255
f 339 1255 1689
f 1441 1321 1255
f 397 885 1427
f 1441 397 1427
f 1407 1441 1207
f 1441 1407 1321
f 115 1952 1661
f 1809 1952 115
f 1809 881 1952
f 1880 881 1809
f 23 28 881
f 23 881 1880
f 1758 28 23
f 1758 1777 28
f 1988 1777 1758
f 1670 1777 1988
f 1831 1670 1988
f 407 1163 1207
f 319 1207 1163
f 319 1407 1207
f 1163 407 1379
f 1451 319 1163
f 1831 407 1670
f 1379 407 1831
f 1451 1163 1379
f 790 1451 1379
f 1689 1255 110
f 1321 110 1255
f 1321 1216 110
f 1562 1216 1321
f 1407 1562 1321
f 1407 319 1562
f 319 1451 1562
f 1562 1468 1216
f 1451 1468 1562
f 1451 790 1468
f 1378 1122 987
f 1122 1378 292
f 987 436 1378
f 292 1378 428
f 436 428 1378
f 163 292 428
f 184 163 428
f 1339 163 184
f 428 918 184
f 268 184 1919
f 268 1339 184
f 918 1919 184
f 1210 268 1919
f 1339 292 163
f 996 1339 268
f 996 268 1210
f 1339 63 292
f 996 63 1339
f 642 63 996
f 436 918 428
f 1353 918 436
f 918 1467 1919
f 1353 1467 918
f 1353 1705 1467
f 1353 1891 1705
f 1467 1210 1919
f 1682 1891 1353
f 1859 1883 1682
f 1883 1891 1682
f 1893 33 1859
f 1893 880 33
f 1859 33 1883
f 1926 610 1700
f 610 1261 1700
f 1261 236 1700
f 1893 1871 880
f 1700 1871 1893
f 1700 236 1871
f 236 1453 1871
f 610 1026 1261
f 1261 1229 236
f 595 1404 610
f 362 859 926
f 1404 1026 610
f 362 922 859
f 362 1325 922
f 1404 1396 1026
f 1325 1297 922
f 1026 1229 1261
f 1026 1396 1229
f 1229 1453 236
f 1229 1589 1453
f 1396 1589 1229
f 1396 1314 1589
f 334 1556 1404
f 1240 1556 334
f 1240 1170 1556
f 1079 167 593
f 167 839 1154
f 167 1079 839
f 1170 1100 1556
f 922 1887 859
f 222 593 1887
f 335 593 222
f 335 1079 593
f 1079 171 839
f 1079 335 171
f 1556 1396 1404
f 1100 780 1556
f 670 1887 922
f 222 1887 670
f 388 335 222
f 335 388 171
f 780 955 1556
f 1181 388 222
f 670 922 1297
f 222 670 480
f 480 670 1297
f 1556 1314 1396
f 1556 955 1314
f 1157 222 480
f 1181 222 1157
f 1157 480 1384
f 177 1181 1157
f 174 480 1297
f 1384 480 174
f 955 1917 1314
f 955 409 1917
f 475 177 1157
f 1170 1154 839
f 1170 1240 1154
f 1187 839 171
f 1187 1170 839
f 1170 1187 1100
f 1253 171 388
f 1253 1187 171
f 1187 780 1100
f 1187 1253 780
f 388 290 1253
f 780 1066 955
f 1253 1066 780
f 1253 1011 1066
f 290 388 1181
f 290 1011 1253
f 1066 375 955
f 1011 375 1066
f 1593 1011 183
f 1011 1593 375
f 183 290 1181
f 290 183 1011
f 183 162 1593
f 375 540 955
f 1593 540 375
f 1593 467 540
f 467 565 540
f 177 183 1181
f 412 183 177
f 412 162 183
f 162 467 1593
f 162 412 467
f 540 409 955
f 565 204 540
f 877 467 182
f 877 565 467
f 565 877 204
f 877 297 204
f 182 412 177
f 412 182 467
f 182 874 877
f 540 850 409
f 204 850 540
f 297 340 204
f 647 877 871
f 647 297 877
f 297 647 340
f 647 166 340
f 475 182 177
f 871 182 475
f 871 874 182
f 874 871 877
f 926 352 362
f 352 1325 362
f 352 564 1325
f 1576 564 352
f 1576 1135 564
f 1325 564 1297
f 564 174 1297
f 564 326 174
f 1135 326 564
f 366 1210 715
f 715 878 366
f 642 996 1044
f 1044 1210 366
f 1044 996 1210
f 878 1044 366
f 642 1044 878
f 1561 642 384
f 384 878 1063
f 384 642 878
f 354 384 1063
f 1561 354 1417
f 1561 384 354
f 796 1561 1417
f 744 1561 796
f 1417 1107 796
f 1957 744 999
f 1650 744 796
f 1650 999 744
f 1107 1650 796
f 1957 642 744
f 1957 63 642
f 113 63 1957
f 744 642 1561
f 729 113 1957
f 895 113 729
f 1467 715 1210
f 1467 1705 715
f 1705 863 715
f 715 1063 878
f 715 863 1063
f 863 354 1063
f 863 1417 354
f 863 368 1417
f 1705 368 863
f 368 1107 1417
f 368 867 1107
f 368 1387 867
f 1705 1387 368
f 1705 65 1387
f 1891 65 1705
f 1891 1989 65
f 1883 1989 1891
f 1883 685 1989
f 880 1843 33
f 880 42 1843
f 33 685 1883
f 1843 685 33
f 1453 942 1871
f 942 212 1871
f 942 1770 212
f 1871 42 880
f 1871 1751 42
f 212 1751 1871
f 212 1712 1751
f 1589 942 1453
f 1314 1109 1589
f 1589 1109 942
f 1314 1917 1109
f 1109 1770 942
f 1109 487 1770
f 1917 487 1109
f 1917 1592 487
f 1917 75 1592
f 1770 989 212
f 487 989 1770
f 487 1592 989
f 989 253 212
f 1057 1157 1384
f 756 1384 174
f 1384 756 1057
f 174 313 756
f 1117 1157 1057
f 1117 475 1157
f 409 75 1917
f 1117 1057 271
f 271 1057 756
f 1231 756 313
f 756 1231 271
f 409 850 75
f 1547 1117 235
f 235 271 1495
f 235 1117 271
f 1495 271 1231
f 850 1587 75
f 1984 1587 850
f 1984 1299 1587
f 324 235 1495
f 1299 1193 1587
f 1156 235 324
f 1547 235 1156
f 1118 1547 1156
f 1156 324 173
f 204 1984 850
f 340 1984 204
f 166 704 340
f 704 647 453
f 704 166 647
f 1024 871 475
f 453 871 1024
f 871 453 647
f 340 1409 1984
f 704 1409 340
f 704 358 1409
f 327 358 704
f 327 1794 358
f 1794 704 234
f 1794 327 704
f 1024 475 1117
f 694 453 1024
f 234 453 694
f 453 234 704
f 1794 631 358
f 491 631 1794
f 491 831 631
f 454 1794 1151
f 454 491 1794
f 491 454 831
f 454 463 831
f 1704 234 694
f 1151 234 1704
f 234 1151 1794
f 358 1299 1409
f 631 1299 358
f 831 1454 631
f 463 1454 831
f 463 336 1454
f 636 454 263
f 636 463 454
f 463 636 336
f 1547 1024 1117
f 694 1024 1547
f 1065 1151 1704
f 263 1151 1065
f 1151 263 454
f 263 601 636
f 1409 1299 1984
f 631 1246 1299
f 1454 1246 631
f 336 1246 1454
f 336 654 1246
f 1851 694 1547
f 1851 1704 694
f 1065 1704 1851
f 1962 263 1065
f 601 263 1962
f 654 1178 1246
f 1851 1547 1118
f 1962 1065 1851
f 1525 1962 1851
f 1103 1962 1525
f 636 663 336
f 636 635 663
f 635 284 663
f 663 654 336
f 284 654 663
f 284 488 654
f 758 636 601
f 758 635 636
f 455 635 758
f 455 284 635
f 284 455 488
f 455 870 488
f 455 753 870
f 753 523 870
f 758 192 455
f 192 753 455
f 488 1178 654
f 870 1178 488
f 870 379 1178
f 523 379 870
f 248 379 523
f 248 345 379
f 280 753 857
f 280 523 753
f 248 523 280
f 248 571 345
f 248 194 571
f 194 1018 571
f 194 359 1018
f 359 793 1018
f 359 157 793
f 1103 601 1962
f 1103 758 601
f 1103 192 758
f 857 192 1103
f 192 857 753
f 857 241 280
f 241 248 280
f 241 1497 248
f 1497 194 248
f 1497 822 194
f 822 359 194
f 822 1099 359
f 1099 157 359
f 1099 538 157
f 379 1457 1178
f 345 1457 379
f 345 1624 1457
f 571 1624 345
f 1018 1624 571
f 1018 1834 1624
f 793 1834 1018
f 492 857 1103
f 492 241 857
f 1497 241 492
f 822 1497 492
f 1494 538 1099
f 326 313 174
f 1135 1483 326
f 326 1483 313
f 1483 1231 313
f 1483 1032 1231
f 1135 1032 1483
f 1135 1590 1032
f 1135 1924 1590
f 1231 1588 1495
f 1032 1588 1231
f 1588 493 1495
f 493 324 1495
f 1032 1590 1588
f 1590 322 1588
f 493 173 324
f 1588 322 493
f 322 173 493
f 322 152 173
f 1590 152 322
f 1957 999 703
f 999 1650 952
f 1107 952 1650
f 643 999 952
f 703 999 643
f 489 1957 703
f 1420 1957 489
f 489 643 215
f 489 703 643
f 1105 489 215
f 239 489 1105
f 489 239 1420
f 984 239 1105
f 547 239 984
f 547 1420 239
f 1212 547 984
f 729 1957 1420
f 895 729 1228
f 729 1420 547
f 1228 729 1270
f 1270 547 1212
f 547 1270 729
f 217 1228 1270
f 1148 1270 1212
f 217 1270 1148
f 895 1228 237
f 1980 217 1148
f 237 217 1980
f 237 1228 217
f 237 697 895
f 1727 113 895
f 1727 895 1019
f 476 113 1727
f 1727 1019 986
f 423 113 476
f 1301 113 423
f 1107 867 952
f 867 643 952
f 867 215 643
f 867 1906 215
f 1387 1906 867
f 1906 1105 215
f 1906 356 1105
f 356 984 1105
f 1387 356 1906
f 356 1212 984
f 356 1419 1212
f 1387 1419 356
f 1387 1761 1419
f 65 1761 1387
f 65 109 1761
f 1419 1148 1212
f 1419 1980 1148
f 1419 712 1980
f 1419 1761 712
f 1989 109 65
f 1989 1964 109
f 685 1964 1989
f 685 1744 1964
f 1843 1744 685
f 42 1744 1843
f 42 645 1744
f 212 253 1712
f 396 1712 253
f 396 1812 1712
f 1712 1812 1751
f 1751 645 42
f 1751 1854 645
f 1812 1854 1751
f 1327 1854 1812
f 1327 1999 1854
f 989 1221 253
f 1592 1221 989
f 75 1221 1592
f 1221 396 253
f 1221 1250 396
f 396 107 1812
f 1250 107 396
f 75 1587 1221
f 1299 128 1193
f 1249 1156 1242
f 1249 1118 1156
f 1587 1250 1221
f 1587 1193 1250
f 1193 1766 1250
f 1193 128 1766
f 1766 107 1250
f 107 1327 1812
f 1766 1327 107
f 1766 260 1327
f 128 260 1766
f 1327 260 1999
f 128 1724 260
f 1364 1724 128
f 260 1724 1999
f 1724 569 1999
f 1364 1021 1724
f 1684 1021 1364
f 1820 1851 1118
f 1525 1851 1820
f 1299 1364 128
f 1820 1118 1249
f 1299 1684 1364
f 1246 1684 1299
f 293 1525 1820
f 708 1820 1249
f 293 1820 708
f 1211 708 1249
f 1246 1064 1684
f 1178 1064 1246
f 1140 1525 293
f 718 1525 1140
f 1178 1180 1064
f 1457 1180 1178
f 1457 1506 1180
f 1140 293 1463
f 1756 708 220
f 708 1756 293
f 1756 1463 293
f 1463 1213 1140
f 718 1103 1525
f 492 1103 718
f 1494 1099 822
f 1017 492 718
f 1372 492 1017
f 1372 822 492
f 1494 822 1372
f 1017 718 1342
f 1140 1342 718
f 1457 1110 1506
f 1624 1110 1457
f 1834 1110 1624
f 1834 406 1110
f 52 1017 1342
f 52 1372 1017
f 1213 1342 1140
f 377 1372 52
f 1239 1372 377
f 351 1372 1239
f 905 1342 1213
f 905 52 1342
f 929 52 905
f 377 52 929
f 173 1242 1156
f 152 1242 173
f 1590 1289 152
f 1924 1289 1590
f 1924 1710 1289
f 1010 1249 1242
f 152 1010 1242
f 152 1793 1010
f 1289 1793 152
f 1010 1211 1249
f 1793 1211 1010
f 1211 220 708
f 1793 1649 1211
f 1649 220 1211
f 1289 1649 1793
f 1710 123 1289
f 1649 1756 220
f 1649 1262 1756
f 1289 123 1649
f 123 1262 1649
f 1213 1756 1262
f 1213 1463 1756
f 1262 300 1213
f 123 300 1262
f 905 1213 300
f 929 1481 377
f 1481 1239 377
f 300 674 905
f 674 929 905
f 123 674 300
f 123 1898 674
f 1019 895 697
f 1706 237 1980
f 697 237 1706
f 712 1706 1980
f 1019 697 1273
f 1533 697 1706
f 1273 697 1533
f 712 447 1706
f 447 1533 1706
f 915 1019 1273
f 485 1019 915
f 972 1533 447
f 972 1273 1533
f 972 1224 1273
f 1224 915 1273
f 1930 485 915
f 986 1019 485
f 476 1727 441
f 652 485 1930
f 986 485 652
f 1930 1671 652
f 823 986 652
f 560 986 823
f 560 1727 986
f 441 1727 560
f 1671 823 652
f 1764 476 1844
f 1579 441 560
f 1844 441 1579
f 1844 476 441
f 823 1356 560
f 1356 1579 560
f 1097 1844 1579
f 126 1844 1097
f 126 1764 1844
f 577 1097 1579
f 1097 928 126
f 1301 423 981
f 423 476 1764
f 981 423 817
f 598 1764 126
f 1303 1764 598
f 1303 423 1764
f 817 423 1303
f 928 598 126
f 1806 817 1303
f 1806 981 817
f 1383 981 1806
f 1383 1301 981
f 1450 1301 1383
f 598 813 1303
f 813 1806 1303
f 813 225 1806
f 225 1383 1806
f 225 834 1383
f 834 460 1383
f 460 1450 1383
f 460 846 1450
f 1761 447 712
f 1761 972 447
f 972 245 1224
f 1761 245 972
f 1224 245 915
f 245 1930 915
f 109 245 1761
f 109 121 245
f 245 1671 1930
f 121 1165 245
f 245 1286 1671
f 1286 823 1671
f 245 1165 1286
f 1286 1356 823
f 1286 1165 1356
f 1356 577 1579
f 577 928 1097
f 1165 577 1356
f 1165 928 577
f 1165 91 928
f 121 91 1165
f 121 1886 91
f 928 813 598
f 928 91 813
f 1964 121 109
f 1964 1823 121
f 1744 1823 1964
f 1744 70 1823
f 1823 1886 121
f 1823 37 1886
f 70 37 1823
f 1452 70 1744
f 645 1452 1744
f 1452 1913 70
f 1452 1646 1913
f 70 1913 37
f 1999 140 1854
f 1854 81 645
f 140 81 1854
f 140 806 81
f 81 1452 645
f 806 779 81
f 760 779 806
f 779 1392 81
f 81 1646 1452
f 1392 1646 81
f 1392 743 1646
f 743 1540 1646
f 1540 1133 1646
f 1999 569 140
f 1021 569 1724
f 1684 1542 1021
f 569 806 140
f 569 1021 806
f 1021 1542 806
f 1064 1542 1684
f 1064 1769 1542
f 1180 1769 1064
f 1542 760 806
f 1769 760 1542
f 1769 1037 760
f 1180 1037 1769
f 760 1543 779
f 1037 1543 760
f 1037 640 1543
f 1180 640 1037
f 1506 640 1180
f 1506 954 640
f 1543 1392 779
f 1543 640 1392
f 640 954 1392
f 954 743 1392
f 1110 1685 1506
f 406 448 1110
f 1506 1685 954
f 1110 1642 1685
f 1685 743 954
f 1642 743 1685
f 1642 448 1567
f 448 1642 1110
f 448 698 1567
f 406 698 448
f 743 1642 1540
f 1642 1567 1540
f 1567 1133 1540
f 1567 698 1133
f 361 1239 1481
f 674 1481 929
f 674 1898 1481
f 1898 361 1481
f 91 225 813
f 91 834 225
f 91 460 834
f 91 846 460
f 602 64 12
f 1615 64 602
f 604 1729 64
f 1615 1726 64
f 144 641 604
f 1338 604 64
f 1857 604 1338
f 1857 144 604
f 1557 1338 64
f 747 1338 1557
f 747 1857 1338
f 1726 1557 64
f 747 1557 1726
f 355 747 1726
f 650 747 355
f 355 1726 1615
f 1998 650 355
f 609 355 1615
f 609 1998 355
f 1781 144 658
f 658 144 1857
f 658 1857 747
f 650 658 747
f 1998 658 650
f 1781 658 1998
f 1629 1781 1998
f 1629 223 1781
f 1465 1832 223
f 1465 223 1629
f 349 1997 1832
f 1431 1997 349
f 349 1832 1465
f 233 1331 1439
f 1206 233 1439
f 1611 1997 1431
f 1611 1439 1997
f 1439 1611 1206
f 1248 1206 1611
f 666 256 757
f 338 757 541
f 338 666 757
f 469 666 338
f 541 411 338
f 541 1391 411
f 794 338 411
f 794 469 338
f 1391 934 411
f 893 411 934
f 893 794 411
f 464 794 893
f 1784 794 464
f 934 1281 726
f 1391 1281 934
f 1391 195 1281
f 450 648 726
f 648 934 726
f 648 893 934
f 464 893 648
f 726 261 450
f 726 515 261
f 1281 515 726
f 969 464 648
f 969 1784 464
f 933 605 180
f 1824 605 933
f 616 933 180
f 904 933 616
f 904 348 933
f 321 348 904
f 605 256 180
f 1824 1748 605
f 1012 180 256
f 1012 616 180
f 1012 904 616
f 365 904 1012
f 365 321 904
f 1878 1333 321
f 605 757 256
f 605 1406 757
f 1748 1406 605
f 1012 256 666
f 469 1012 666
f 1489 321 365
f 1489 1878 321
f 1406 541 757
f 267 1012 469
f 267 365 1012
f 862 1878 1489
f 1406 1391 541
f 267 469 794
f 1489 365 267
f 1748 1391 1406
f 1784 267 794
f 1763 862 1489
f 1748 195 1391
f 735 500 1748
f 993 267 1784
f 993 1489 267
f 993 1763 1489
f 500 195 1748
f 500 376 195
f 1739 993 1784
f 82 1763 993
f 1007 1413 1824
f 1007 1993 1413
f 1878 1510 1333
f 1068 1226 1510
f 1993 1352 1413
f 1413 1748 1824
f 1068 1510 1878
f 1413 735 1748
f 1584 1068 1878
f 1352 1201 1413
f 1584 1878 862
f 1413 557 735
f 1201 557 1413
f 7 862 1763
f 7 1584 862
f 535 557 1206
f 557 535 735
f 1061 7 1763
f 535 1206 1248
f 535 1368 735
f 735 1368 500
f 1061 1763 82
f 233 844 1331
f 1352 844 233
f 844 1352 1993
f 1201 1352 233
f 1201 233 1206
f 1201 1206 557
f 1330 1226 1068
f 1522 1330 1068
f 1312 1330 1522
f 1522 1068 1584
f 7 1522 1584
f 7 1312 1522
f 1631 1312 7
f 1631 115 1312
f 1631 7 1061
f 1436 12 1734
f 1827 602 12
f 1827 12 1799
f 750 1827 1799
f 925 12 1436
f 925 1799 12
f 1934 1615 602
f 872 602 1827
f 1088 1934 602
f 1088 602 872
f 399 1088 872
f 399 872 1827
f 1056 1827 750
f 1056 399 1827
f 1789 1056 750
f 609 1615 1934
f 178 609 1934
f 1088 178 1934
f 1136 1088 399
f 1056 1136 399
f 887 1136 1056
f 161 1136 887
f 161 1629 1136
f 1570 1629 161
f 178 1998 609
f 1629 1998 178
f 1136 178 1088
f 1629 178 1136
f 44 1629 1570
f 44 1465 1629
f 1492 1465 44
f 88 349 1791
f 1431 349 88
f 1870 1431 88
f 1791 1465 1492
f 1791 349 1465
f 661 1248 1611
f 1278 661 1611
f 1324 661 1278
f 1870 1611 1431
f 1552 1611 1870
f 1278 1611 1552
f 31 1278 1552
f 387 948 1369
f 387 1083 948
f 309 310 582
f 310 948 582
f 310 1369 948
f 737 387 1369
f 727 1369 310
f 727 737 1369
f 309 572 1104
f 309 72 572
f 582 72 309
f 582 567 72
f 948 567 582
f 948 580 567
f 1083 580 948
f 1083 53 580
f 157 553 793
f 157 588 553
f 588 556 553
f 588 1027 556
f 1027 424 556
f 1027 325 424
f 325 572 424
f 325 1104 572
f 732 309 1104
f 732 310 309
f 538 588 157
f 538 1217 588
f 1217 1027 588
f 1217 1123 1027
f 1123 325 1027
f 1123 821 325
f 821 1104 325
f 821 1025 1104
f 1025 732 1104
f 727 310 732
f 1435 737 727
f 553 1834 793
f 553 299 1834
f 556 299 553
f 424 299 556
f 424 1415 299
f 572 1415 424
f 72 1415 572
f 1494 1217 538
f 1123 1217 1494
f 243 732 1025
f 243 727 732
f 1435 727 243
f 567 1415 72
f 821 1123 1494
f 515 418 261
f 515 963 418
f 1281 963 515
f 195 963 1281
f 936 1983 418
f 1983 261 418
f 1983 450 261
f 498 450 1983
f 498 648 450
f 969 648 498
f 418 690 936
f 418 452 690
f 963 452 418
f 713 274 700
f 274 690 700
f 274 437 690
f 437 936 690
f 437 1983 936
f 498 1983 437
f 700 172 713
f 700 771 172
f 690 771 700
f 690 153 771
f 452 153 690
f 963 153 452
f 1614 244 172
f 244 713 172
f 628 713 244
f 628 274 713
f 628 437 274
f 1456 437 628
f 1456 498 437
f 1456 969 498
f 172 1072 1614
f 172 5 1072
f 771 5 172
f 771 1842 5
f 153 1842 771
f 387 232 1072
f 232 1614 1072
f 829 1614 232
f 829 244 1614
f 1634 244 829
f 1634 628 244
f 1456 628 1634
f 1072 1083 387
f 1072 759 1083
f 5 759 1072
f 1842 759 5
f 1031 387 737
f 1031 232 387
f 1031 829 232
f 1634 829 1031
f 1607 1456 1251
f 759 53 1083
f 1435 1031 737
f 1435 1634 1031
f 1251 1456 1634
f 1842 53 759
f 1728 1634 1435
f 1728 1251 1634
f 1739 1784 969
f 876 1739 969
f 1279 993 1739
f 1279 82 993
f 376 1617 195
f 376 207 1617
f 876 969 1456
f 48 1739 876
f 1279 1739 48
f 1559 48 876
f 1563 1279 48
f 1617 963 195
f 1607 876 1456
f 1559 876 1607
f 913 48 1559
f 913 1563 48
f 1617 1829 963
f 963 1829 153
f 1514 1559 1607
f 592 1559 1514
f 592 913 1559
f 153 1045 1842
f 1829 1045 153
f 1829 714 1045
f 1617 630 1829
f 1797 1607 1251
f 1675 1607 1797
f 1514 1607 1675
f 914 535 1248
f 535 914 1368
f 1368 808 500
f 914 808 1368
f 661 914 1248
f 808 914 661
f 534 808 1324
f 808 661 1324
f 500 534 376
f 808 534 500
f 376 1742 207
f 534 1742 376
f 316 1324 1278
f 316 534 1324
f 1742 534 316
f 316 1278 1933
f 316 1933 1742
f 207 1508 1617
f 1742 1508 207
f 1508 1742 1933
f 1933 1278 31
f 1508 630 1617
f 1563 1388 1279
f 1901 1388 1563
f 1901 1631 1388
f 1678 1631 1901
f 1901 1563 913
f 1901 913 592
f 1889 592 1514
f 1889 1901 592
f 1388 1061 82
f 1631 1061 1388
f 1388 82 1279
f 830 12 113
f 830 113 1788
f 1106 113 1009
f 1531 113 1106
f 1531 1788 113
f 1009 113 1301
f 1734 12 894
f 854 12 830
f 1994 12 854
f 894 12 1994
f 1627 1734 894
f 1622 1436 1734
f 160 1436 1622
f 276 160 1622
f 276 764 160
f 1789 750 1799
f 804 1789 1799
f 976 1799 925
f 976 804 1799
f 710 925 1436
f 1571 925 710
f 976 925 1571
f 1367 1436 160
f 1367 710 1436
f 1367 1571 710
f 764 1367 160
f 151 764 276
f 887 1056 1789
f 887 1789 804
f 161 887 551
f 976 887 804
f 551 887 976
f 551 976 1571
f 117 551 1571
f 161 551 117
f 117 1571 1367
f 1539 161 117
f 1899 161 1539
f 1899 1570 161
f 151 1367 764
f 151 117 1367
f 1539 117 151
f 1965 1570 1899
f 1965 44 1570
f 1492 44 1965
f 1523 1492 1965
f 374 88 1791
f 1566 88 374
f 1566 1870 88
f 1334 1492 1523
f 1334 1791 1492
f 374 1791 1334
f 155 544 583
f 3 544 155
f 3 1322 544
f 1237 31 1552
f 1237 1552 544
f 1502 1237 544
f 583 1870 1566
f 544 1870 583
f 544 1552 1870
f 1025 821 1494
f 580 1415 567
f 1944 1494 1372
f 1681 1494 1944
f 1681 1025 1494
f 1681 243 1025
f 1302 243 1681
f 580 1609 1415
f 1349 1302 1681
f 299 406 1834
f 299 1804 406
f 1415 1804 299
f 1415 1374 1804
f 1609 1374 1415
f 351 1944 1372
f 1272 1944 351
f 1272 1681 1944
f 596 1681 1272
f 264 1681 596
f 264 1349 1681
f 1239 361 351
f 361 1272 351
f 1302 1435 243
f 1969 1435 1302
f 1728 1435 1969
f 1797 1251 1728
f 1842 1476 53
f 277 1476 1842
f 1182 1797 1728
f 230 1797 1182
f 53 536 1484
f 1476 536 53
f 980 1728 1969
f 1182 1728 980
f 53 1609 580
f 53 1484 1609
f 277 992 1476
f 530 1302 1349
f 530 1969 1302
f 980 1969 530
f 809 530 1349
f 809 1349 264
f 1045 277 1842
f 230 1675 1797
f 1829 1039 714
f 1039 810 714
f 714 1208 1045
f 810 1208 714
f 810 1322 1208
f 1045 150 277
f 150 1208 1335
f 1208 150 1045
f 1335 1322 3
f 1322 1335 1208
f 150 668 277
f 992 277 668
f 1473 1335 3
f 1335 1014 150
f 1335 1473 1014
f 150 1014 668
f 1306 1933 31
f 1933 1306 1508
f 1508 208 630
f 208 1508 1306
f 1306 31 1237
f 630 1039 1829
f 208 1039 630
f 208 1237 1039
f 1306 1237 208
f 1039 1502 810
f 1237 1502 1039
f 1322 1502 544
f 810 1502 1322
f 1337 264 596
f 1337 1765 264
f 795 1765 1337
f 795 1697 1765
f 1879 230 1182
f 618 1182 980
f 1879 1182 618
f 1697 1879 618
f 1697 1954 1879
f 1713 980 530
f 1713 618 980
f 1697 618 1713
f 1713 530 809
f 1765 1713 809
f 1765 809 264
f 1697 1713 1765
f 1889 1514 1675
f 1752 1901 1889
f 1954 1901 1752
f 1954 1678 1901
f 230 1752 1675
f 1752 1889 1675
f 1879 1752 230
f 1954 1752 1879
f 1375 1788 1531
f 1009 1301 1450
f 1316 1009 1450
f 550 1009 1316
f 550 1106 1009
f 762 1106 550
f 1147 1106 762
f 1147 1531 1106
f 503 1531 1147
f 503 1375 1531
f 846 1316 1450
f 846 402 1316
f 402 550 1316
f 762 347 1147
f 347 633 1147
f 633 503 1147
f 751 1375 503
f 916 854 830
f 1293 1994 854
f 575 1994 1293
f 916 830 434
f 1293 854 916
f 98 1293 916
f 98 1161 1293
f 772 575 1293
f 526 1788 1375
f 526 830 1788
f 434 830 526
f 751 526 1375
f 751 202 526
f 202 434 526
f 98 916 434
f 285 1622 1734
f 240 1622 285
f 240 276 1622
f 1475 1734 1627
f 285 1734 1475
f 832 285 1475
f 1274 1627 894
f 1475 1627 1274
f 1274 206 1475
f 206 832 1475
f 575 894 1994
f 1274 894 575
f 633 751 503
f 633 1945 751
f 1663 1945 633
f 1663 837 1945
f 138 837 1663
f 138 524 837
f 1161 772 1293
f 202 98 434
f 202 1687 98
f 1687 1161 98
f 1680 772 1161
f 1252 1687 202
f 165 1680 1161
f 1307 1161 1687
f 165 1161 1307
f 1945 202 751
f 1945 1252 202
f 626 1680 165
f 1252 371 1687
f 998 1680 626
f 1945 974 1252
f 974 371 1252
f 974 1283 371
f 837 974 1945
f 520 1283 974
f 837 520 974
f 860 520 837
f 860 459 520
f 524 860 837
f 860 1033 459
f 451 276 240
f 451 151 276
f 1539 151 451
f 832 451 285
f 451 240 285
f 1380 832 206
f 1380 451 832
f 1380 1539 451
f 827 1539 1380
f 711 1539 827
f 711 1899 1539
f 891 1274 575
f 891 206 1274
f 891 1380 206
f 589 1380 891
f 1701 1380 589
f 827 1380 1701
f 772 891 575
f 1214 589 891
f 410 589 1214
f 410 1701 589
f 410 827 1701
f 1116 711 827
f 1214 891 772
f 765 827 410
f 765 1116 827
f 1008 1116 765
f 998 772 1680
f 998 1214 772
f 861 1214 998
f 861 410 1214
f 765 410 861
f 519 998 626
f 861 998 519
f 688 765 861
f 784 765 688
f 784 1008 765
f 1838 524 138
f 1838 1780 524
f 1780 1698 1928
f 1676 303 1055
f 1780 1676 1698
f 1676 1504 303
f 1780 1189 1676
f 1189 1504 1676
f 1189 413 1504
f 524 1033 860
f 524 1928 1033
f 1928 1986 1033
f 1928 581 1986
f 581 181 1986
f 581 415 181
f 415 511 1125
f 1928 1698 581
f 1698 415 581
f 1698 1055 415
f 1055 511 415
f 1055 1698 1676
f 1780 1928 524
f 1472 711 911
f 1472 1899 711
f 142 1899 1472
f 142 1965 1899
f 142 1523 1965
f 1052 1523 142
f 792 142 1472
f 420 142 792
f 1052 142 420
f 911 711 1116
f 342 911 1116
f 342 1116 1008
f 314 911 342
f 314 1472 911
f 838 1472 314
f 838 792 1472
f 745 792 838
f 1504 792 745
f 1504 420 792
f 413 420 1504
f 413 1052 420
f 1084 314 342
f 1055 1084 511
f 1055 314 1084
f 303 314 1055
f 303 838 314
f 303 745 838
f 1504 745 303
f 1200 1008 784
f 1200 342 1008
f 511 1200 1125
f 511 1084 1200
f 1084 342 1200
f 1838 664 1780
f 1505 664 1838
f 1505 1664 664
f 1646 1505 1913
f 1487 1674 188
f 391 1052 413
f 864 1052 391
f 188 1674 864
f 835 1487 188
f 664 1189 1780
f 391 413 1189
f 664 1565 1189
f 1565 391 1189
f 1565 864 391
f 1664 1565 664
f 1565 188 864
f 1664 188 1565
f 835 188 1664
f 1052 1334 1523
f 1674 1334 1052
f 1674 374 1334
f 1566 374 1674
f 864 1674 1052
f 1532 1172 1408
f 1646 1408 1505
f 1408 1664 1505
f 1133 1408 1646
f 1133 1424 1408
f 1424 1532 1408
f 127 739 1918
f 127 1885 739
f 1918 1487 835
f 736 1918 835
f 736 127 1918
f 1408 835 1664
f 1408 736 835
f 1172 736 1408
f 1580 3 155
f 542 155 583
f 1580 155 542
f 189 1580 542
f 1487 1566 1674
f 1487 583 1566
f 542 583 1487
f 739 189 542
f 1918 542 1487
f 739 542 1918
f 1609 422 1374
f 1374 578 1804
f 1374 1013 578
f 422 1013 1374
f 422 1172 1013
f 1804 698 406
f 1804 619 698
f 578 619 1804
f 1013 1172 1532
f 698 1424 1133
f 698 619 1424
f 619 1532 1424
f 619 578 1532
f 578 1013 1532
f 1476 373 536
f 536 395 1484
f 373 395 536
f 1484 1292 1609
f 395 1292 1484
f 395 373 1195
f 1885 1195 739
f 395 1885 799
f 1195 1885 395
f 1609 1686 422
f 1292 1686 1609
f 1292 799 1686
f 1292 395 799
f 799 1885 127
f 1686 799 736
f 736 799 127
f 1172 1686 736
f 1686 1172 422
f 1473 3 1580
f 1014 1473 1580
f 992 373 1476
f 992 888 373
f 668 888 992
f 1014 888 668
f 888 189 655
f 1014 189 888
f 189 1014 1580
f 373 655 1195
f 373 888 655
f 1195 655 739
f 655 189 739
f 1337 596 1272
f 361 1337 1272
f 1898 1337 361
f 1898 795 1337
f 347 550 402
f 347 762 550
f 1663 347 402
f 1663 633 347
f 846 1663 402
f 91 1663 846
f 1886 1663 91
f 1886 138 1663
f 724 1307 1687
f 1692 1307 724
f 1692 165 1307
f 1168 165 1692
f 1168 626 165
f 371 724 1687
f 1986 459 1033
f 1986 673 459
f 786 1692 200
f 786 1168 1692
f 200 1692 724
f 371 1296 724
f 1283 1296 371
f 964 1296 1283
f 520 964 1283
f 459 964 520
f 459 360 964
f 673 360 459
f 673 431 360
f 1020 200 405
f 1020 786 200
f 405 200 724
f 1296 405 724
f 964 1328 1296
f 360 1328 964
f 360 213 1328
f 431 1416 360
f 568 1020 405
f 405 1757 568
f 1757 1296 1328
f 1757 405 1296
f 1416 213 360
f 1757 372 568
f 1328 791 1757
f 791 1733 1757
f 213 791 1328
f 213 840 791
f 213 426 840
f 1416 426 213
f 1416 502 426
f 791 320 1733
f 1120 1168 786
f 1120 626 1168
f 1120 519 626
f 688 519 1120
f 688 861 519
f 275 1120 786
f 1320 1120 275
f 1041 1120 1320
f 1041 688 1120
f 1667 688 1041
f 1667 784 688
f 1227 784 1667
f 518 786 1020
f 275 786 518
f 1320 275 968
f 1041 1320 599
f 1402 1227 1667
f 975 1020 568
f 975 518 1020
f 968 518 975
f 968 275 518
f 456 1320 968
f 599 1320 456
f 940 1041 599
f 168 1041 940
f 168 1667 1041
f 1667 168 1402
f 372 975 568
f 656 975 372
f 656 968 975
f 1757 977 372
f 977 656 372
f 656 456 968
f 401 456 656
f 1733 977 1757
f 977 129 656
f 129 401 656
f 401 599 456
f 956 401 129
f 956 16 401
f 16 599 401
f 940 599 16
f 653 940 16
f 653 168 940
f 474 168 653
f 168 474 1402
f 378 474 433
f 378 1402 474
f 320 977 1733
f 320 129 977
f 320 956 129
f 791 255 320
f 255 956 320
f 255 828 956
f 828 16 956
f 840 255 791
f 840 785 255
f 785 828 255
f 828 653 16
f 426 785 840
f 426 307 785
f 307 828 785
f 307 433 828
f 433 653 828
f 433 474 653
f 502 307 426
f 1186 307 502
f 378 307 1186
f 378 433 307
f 37 138 1886
f 37 1838 138
f 181 673 1986
f 415 717 181
f 1125 717 415
f 181 431 673
f 717 431 181
f 1125 608 717
f 717 1416 431
f 717 252 1416
f 608 252 717
f 252 363 1416
f 252 1867 363
f 363 502 1416
f 1200 939 1125
f 1200 1848 939
f 1848 1200 784
f 1848 196 939
f 1848 1227 196
f 1227 1848 784
f 939 608 1125
f 939 196 608
f 946 1227 1402
f 196 252 608
f 196 623 252
f 196 946 623
f 946 196 1227
f 210 946 1402
f 623 1867 252
f 623 443 1867
f 946 443 623
f 946 210 443
f 363 1186 502
f 1186 169 378
f 169 1402 378
f 169 210 1402
f 1867 1186 363
f 1867 533 1186
f 443 533 1867
f 533 169 1186
f 210 533 443
f 533 210 169
f 1913 1838 37
f 1913 1505 1838
f 1916 1135 1576
f 1626 1652 1916
f 1916 1652 1135
f 1679 1668 1626
f 1626 1668 1652
f 1679 13 1668
f 134 13 1679
f 134 1683 13
f 1564 1683 134
f 1771 1518 1564
f 1564 1518 1683
f 1771 1437 1518
f 1513 1437 1771
f 1513 120 1437
f 1310 1131 1946
f 1946 1287 1513
f 1946 1131 1287
f 1513 1287 938
f 1131 1860 1287
f 938 120 1513
f 1860 672 1287
f 1287 1266 938
f 672 1266 1287
f 1862 1190 1310
f 1310 1190 1131
f 1190 1860 1131
f 1862 1067 1190
f 1067 1860 1190
f 1067 1694 1860
f 1694 672 1860
f 1694 917 672
f 110 1694 1067
f 110 1512 1694
f 110 133 1512
f 133 1603 1512
f 110 1608 133
f 1652 1924 1135
f 1652 68 1924
f 1652 1428 68
f 89 1428 1652
f 1668 89 1652
f 13 1177 1668
f 1668 1775 89
f 1668 1177 1775
f 13 1577 1177
f 1683 1458 13
f 13 1458 1577
f 1683 159 1458
f 1683 1560 159
f 1518 1560 1683
f 1518 1947 1560
f 1437 1947 1518
f 1437 1613 1947
f 120 1613 1437
f 120 1277 1613
f 120 118 1277
f 1266 1912 938
f 917 1912 1266
f 917 1530 1912
f 938 118 120
f 1912 118 938
f 1912 1479 118
f 1530 1873 1912
f 1912 1873 1479
f 1873 1491 1479
f 672 917 1266
f 1694 1512 917
f 1512 1530 917
f 1512 1191 1530
f 1512 1603 1191
f 1530 1191 1873
f 1603 1968 1191
f 1191 1491 1873
f 1191 1968 1491
f 1389 1968 1603
f 1968 1389 965
f 133 1389 1603
f 133 1654 1811
f 1608 1654 133
f 110 932 1608
f 110 1768 932
f 1768 667 932
f 68 1710 1924
f 68 600 1710
f 1428 600 68
f 1428 62 600
f 89 62 1428
f 62 1318 600
f 1710 1318 123
f 600 1318 1710
f 62 1715 1318
f 123 983 1898
f 1318 983 123
f 1318 1760 983
f 1715 1760 1318
f 1775 62 89
f 1775 1430 62
f 1177 1430 1775
f 1177 1640 1430
f 1577 1640 1177
f 1430 1715 62
f 1430 1341 1715
f 1640 1341 1430
f 1341 1760 1715
f 1341 27 1760
f 392 1640 1577
f 1458 392 1577
f 1458 17 392
f 159 17 1458
f 392 1341 1640
f 392 1792 1341
f 17 1792 392
f 1792 27 1341
f 1792 1856 27
f 159 287 17
f 1560 287 159
f 1560 1817 287
f 66 1817 1560
f 1947 66 1560
f 287 1792 17
f 66 559 1817
f 287 559 1792
f 1817 559 287
f 559 1856 1792
f 1553 1856 559
f 1947 1309 66
f 1613 1309 1947
f 1613 1936 1309
f 1277 1936 1613
f 118 1936 1277
f 1936 1991 1309
f 1309 559 66
f 1309 1991 559
f 1936 1621 1991
f 1991 1553 559
f 1991 1478 1553
f 1621 1478 1991
f 118 1995 1936
f 1479 1995 118
f 1315 1995 1479
f 1491 1315 1479
f 1968 1315 1491
f 1315 80 1995
f 965 80 1315
f 80 1754 1995
f 990 1754 80
f 1995 1621 1936
f 966 1754 990
f 966 1247 1754
f 1754 1621 1995
f 1754 1029 1621
f 1754 1247 1029
f 1029 86 1621
f 1091 1029 1247
f 1091 86 1029
f 1091 1696 86
f 86 1478 1621
f 86 398 1478
f 86 1696 398
f 1696 1059 398
f 1059 1051 398
f 1968 965 1315
f 133 965 1389
f 133 1811 965
f 1811 191 965
f 1811 1654 191
f 965 990 80
f 191 990 965
f 1654 966 191
f 191 966 990
f 1654 521 966
f 1608 521 1654
f 1608 1828 521
f 521 1247 966
f 521 1091 1247
f 521 943 1091
f 932 1828 1608
f 1828 943 521
f 932 943 1828
f 932 1059 943
f 667 1059 932
f 943 1696 1091
f 943 1059 1696
f 667 1215 1059
f 1059 1215 1051
f 1215 681 1051
f 398 1047 1478
f 1051 1047 398
f 1051 681 1047
f 1813 1809 115
f 1813 115 1631
f 1900 1880 1809
f 1900 1809 1813
f 1496 1880 1900
f 1496 23 1880
f 1963 1758 23
f 1963 23 1496
f 1610 1988 1758
f 1610 1758 1963
f 1915 1988 1610
f 1196 1988 1915
f 1196 1831 1988
f 214 1379 1831
f 1379 214 790
f 1049 790 214
f 639 1049 214
f 1974 214 1831
f 639 214 1974
f 394 1831 1196
f 1974 1831 394
f 910 639 1974
f 910 1974 394
f 1121 910 394
f 1872 1846 110
f 1216 1102 110
f 1216 716 1102
f 1102 1714 110
f 716 99 1102
f 1714 97 110
f 97 1872 110
f 1714 484 97
f 99 826 1102
f 1298 826 99
f 1468 716 1216
f 1468 1049 716
f 1049 1468 790
f 1049 639 716
f 639 99 716
f 1298 639 910
f 639 1298 99
f 826 1298 910
f 826 910 1121
f 1636 1813 1678
f 1813 1631 1678
f 1204 1900 1636
f 1204 1496 1900
f 1651 1496 1204
f 1900 1813 1636
f 1448 1496 1651
f 26 1963 1448
f 1448 1963 1496
f 1519 1610 26
f 26 1610 1963
f 1602 1610 1519
f 1602 1915 1610
f 1976 1915 1602
f 1976 1196 1915
f 136 1121 1141
f 136 1209 1121
f 1976 394 1196
f 590 394 1976
f 590 1141 394
f 1658 136 1141
f 1658 1141 590
f 856 1658 590
f 1493 590 1976
f 1493 856 590
f 1232 856 1493
f 1141 1121 394
f 110 1846 1768
f 1846 1644 1768
f 1872 1693 1846
f 97 970 1872
f 1102 614 1714
f 826 614 1102
f 826 1209 614
f 1209 136 614
f 614 484 1714
f 614 1071 484
f 1071 614 136
f 136 1658 1071
f 1071 1062 484
f 484 1062 97
f 1071 1658 979
f 1071 979 1062
f 1658 856 979
f 1062 970 97
f 1062 979 970
f 979 1232 1405
f 1232 979 856
f 979 1405 970
f 1209 826 1121
f 1586 1139 795
f 1897 1954 1697
f 1139 139 1897
f 1139 1897 1697
f 795 1139 1697
f 1897 1678 1954
f 1897 1636 1678
f 139 1636 1897
f 1595 1892 1586
f 1892 1085 45
f 1892 1865 1085
f 1139 45 139
f 1892 45 1139
f 1586 1892 1139
f 45 1636 139
f 45 1204 1636
f 1085 1204 45
f 1865 1204 1085
f 1865 1651 1204
f 1778 1982 1595
f 1982 55 67
f 1982 1865 1892
f 1982 67 1865
f 1595 1982 1892
f 67 1651 1865
f 67 1448 1651
f 55 1448 67
f 55 26 1448
f 1745 1937 1778
f 1937 1524 1923
f 1937 55 1982
f 1937 1923 55
f 1778 1937 1982
f 1923 26 55
f 1923 1519 26
f 1524 1519 1923
f 1355 79 1745
f 79 1849 1524
f 79 1524 1937
f 1647 1849 79
f 1745 79 1937
f 1647 79 1355
f 1524 1602 1519
f 1849 1602 1524
f 1849 1976 1602
f 1308 1647 1355
f 1308 924 1647
f 1345 924 1308
f 1345 216 924
f 1647 1285 1849
f 249 1285 1647
f 1575 1466 249
f 1722 249 1647
f 1575 249 1722
f 1080 380 1722
f 380 1575 1722
f 924 1722 1647
f 216 1080 924
f 1080 1722 924
f 1285 1976 1849
f 1285 1493 1976
f 858 1493 1285
f 858 1232 1493
f 249 858 1285
f 858 249 1466
f 1846 1753 1644
f 1768 341 667
f 1768 1173 341
f 1644 1173 1768
f 1644 216 1173
f 1753 216 1644
f 1173 216 1345
f 341 1215 667
f 341 681 1215
f 341 1786 681
f 1173 1786 341
f 1786 1173 1345
f 970 949 1872
f 970 778 949
f 1693 1872 949
f 1693 1637 1846
f 949 1637 1693
f 1637 949 1466
f 949 778 1466
f 1637 1466 1575
f 1846 380 1753
f 1637 380 1846
f 380 1637 1575
f 1753 380 1080
f 216 1753 1080
f 1405 778 970
f 778 1405 858
f 1405 1232 858
f 1466 778 858
f 983 795 1898
f 983 1586 795
f 1760 1586 983
f 1595 1586 1760
f 27 1595 1760
f 27 1778 1595
f 1856 1778 27
f 1856 1745 1778
f 1553 1745 1856
f 1553 1355 1745
f 1478 1355 1553
f 1047 1355 1478
f 1047 1308 1355
f 1047 1786 1308
f 1786 1345 1308
f 681 1786 1047

