v 0.00925733 0.231744 0.273332
v 0.027772 0.231744 0.270924
v 0.00925733 0.250272 0.273279
v -0.00925733 0.231744 0.273332
v 0.00925733 -0.918024 0.268195
v 0.0463401 0.231744 0.268463
v 0.027772 0.250272 0.270871
v 0.027772 -0.918024 0.265787
v -0.00925733 0.250272 0.273279
v 0.0463401 0.268801 0.267821
v 0.00925733 0.268801 0.272637
v -0.027772 0.231744 0.270924
v -0.00925733 -0.918024 0.268195
v 0.00925733 -0.93192 0.263914
v 0.027772 -0.931093 0.262684
v 0.0463401 -0.929769 0.261506
v 0.0598783 -0.928446 0.260436
v 0.0649083 0.231744 0.265573
v 0.0463401 0.250272 0.268409
v 0.0463401 -0.918024 0.263326
v -0.027772 0.250272 0.270871
v -0.00925733 0.268801 0.272637
v -0.0463401 0.268801 0.267821
v 0.0463401 0.287329 0.267018
v 0.027772 0.287329 0.26948
v 0.0649083 0.250272 0.26552
v 0.0649083 0.268801 0.264878
v 0.00925733 0.287329 0.271834
v -0.0463401 0.231744 0.268463
v -0.027772 -0.918024 0.265787
v -0.0598783 -0.928446 0.260436
v -0.0463401 -0.929769 0.261506
v -0.027772 -0.931093 0.262684
v -0.00925733 -0.93192 0.263914
v 0.00925733 -0.937049 0.250376
v 0.027772 -0.936056 0.250376
v 0.0463401 -0.934898 0.250376
v 0.083423 -0.932251 0.247647
v 0.101991 -0.930431 0.244008
v 0.112854 -0.928281 0.241761
v 0.0712225 -0.918024 0.258884
v 0.0619652 -0.918024 0.260864
v 0.0793561 0.231744 0.261774
v 0.0712225 -0.899495 0.259045
v -0.0463401 0.250272 0.268409
v -0.00925733 0.287329 0.271834
v -0.027772 0.287329 0.26948
v -0.0463401 0.287329 0.267018
v -0.0649083 0.268801 0.264878
v -0.0649083 0.250272 0.26552
v 0.0649083 0.287329 0.264075
v 0.0463401 0.305858 0.26568
v 0.00925733 0.305858 0.270496
v 0.0793026 0.250272 0.261721
v 0.0785 0.268801 0.261399
v 0.0774833 0.287329 0.260971
v -0.0649083 0.231744 0.265573
v -0.0463401 -0.918024 0.263326
v -0.101991 -0.930431 0.244008
v -0.083423 -0.932251 0.247647
v -0.0619652 -0.918024 0.260864
v -0.0712225 -0.918024 0.258884
v -0.112854 -0.928281 0.241761
v -0.0463401 -0.934898 0.250376
v -0.027772 -0.936056 0.250376
v -0.00925733 -0.937049 0.250376
v 0.0649083 -0.937545 0.231808
v 0.083423 -0.937379 0.231808
v 0.101991 -0.935394 0.231808
v 0.119596 -0.93192 0.232397
v 0.139074 -0.929935 0.225654
v 0.148492 -0.927453 0.222658
v 0.122914 -0.918024 0.238069
v 0.113603 -0.918024 0.242082
v 0.101991 -0.918024 0.246898
v 0.083423 -0.918024 0.25439
v 0.129817 0.240843 0.241065
v 0.129817 0.241173 0.241065
v 0.083423 -0.899495 0.25455
v -0.00925733 0.305858 0.270496
v -0.0463401 0.305858 0.26568
v -0.0649083 0.287329 0.264075
v -0.0785 0.268801 0.261399
v -0.0774833 0.287329 0.260971
v -0.0793026 0.250272 0.261721
v -0.0793561 0.231744 0.261774
v 0.0757174 0.305858 0.260276
v 0.0649083 0.305858 0.262684
v 0.0588616 0.338945 0.260276
v 0.0463401 0.324552 0.2637
v 0.027772 0.324552 0.266162
v 0.00925733 0.324552 0.26857
v 0.08856 0.250272 0.257921
v 0.0877573 0.268801 0.2576
v 0.0867406 0.287329 0.257172
v -0.0712225 -0.899495 0.259045
v -0.139074 -0.929935 0.225654
v -0.119596 -0.93192 0.232397
v -0.101991 -0.935394 0.231808
v -0.083423 -0.937379 0.231808
v -0.083423 -0.918024 0.25439
v -0.101991 -0.918024 0.246898
v -0.113603 -0.918024 0.242082
v -0.122914 -0.918024 0.238069
v -0.148492 -0.927453 0.222658
v -0.0649083 -0.937545 0.231808
v 0.120506 -0.937545 0.21324
v 0.139074 -0.935063 0.21324
v 0.175515 -0.932085 0.194672
v 0.155876 -0.930431 0.21233
v 0.168933 -0.928942 0.205534
v 0.179207 -0.918024 0.199167
v 0.169896 -0.918024 0.206337
v 0.157856 -0.918024 0.215594
v 0.148545 -0.918024 0.222711
v 0.139074 -0.918024 0.228918
v 0.139074 -0.899495 0.229079
v 0.122914 -0.899495 0.238176
v 0.137201 0.233398 0.236303
v 0.137201 0.248618 0.236249
v 0.129389 0.253581 0.240905
v 0.122111 0.248618 0.244062
v 0.101991 0.250272 0.252356
v -0.00925733 0.324552 0.26857
v -0.0649083 0.305858 0.262684
v -0.027772 0.324552 0.266162
v -0.0463401 0.324552 0.2637
v -0.0588616 0.338945 0.260276
v -0.0757174 0.305858 0.260276
v -0.0877573 0.268801 0.2576
v -0.0867406 0.287329 0.257172
v -0.08856 0.250272 0.257921
v -0.129817 0.241173 0.241065
v -0.129817 0.240843 0.241065
v -0.083423 -0.899495 0.25455
v 0.118419 0.287329 0.244062
v 0.116653 0.305858 0.243313
v 0.114138 0.324552 0.242296
v 0.0817106 0.323063 0.255888
v 0.0743797 0.31595 0.259687
v 0.0712225 0.328357 0.258991
v 0.0649618 0.323063 0.260811
v 0.0649618 0.344239 0.258349
v 0.0547413 0.351353 0.259527
v 0.0476779 0.344239 0.261292
v 0.027772 0.343081 0.264075
v 0.00925733 0.343081 0.266429
v 0.128693 0.268801 0.240637
v -0.168933 -0.928942 0.205534
v -0.155876 -0.930431 0.21233
v -0.175515 -0.932085 0.194672
v -0.139074 -0.935063 0.21324
v -0.120506 -0.937545 0.21324
v -0.122914 -0.899495 0.238176
v -0.139074 -0.918024 0.228918
v -0.139074 -0.899495 0.229079
v -0.148545 -0.918024 0.222711
v -0.157856 -0.918024 0.215594
v -0.169896 -0.918024 0.206337
v -0.179207 -0.918024 0.199167
v 0.176157 -0.937049 0.176157
v 0.157642 -0.936221 0.194725
v 0.139074 -0.937545 0.194725
v 0.194671 -0.932085 0.175515
v 0.188411 -0.9301 0.188411
v 0.189909 -0.918024 0.189909
v 0.183381 0.231744 0.202431
v 0.174123 0.231744 0.209548
v 0.152773 0.231744 0.225922
v 0.152719 0.250272 0.225868
v 0.139074 0.268801 0.23427
v -0.00925733 0.343081 0.266429
v -0.027772 0.343081 0.264075
v -0.0649618 0.323063 0.260811
v -0.0712225 0.328357 0.258991
v -0.0743797 0.31595 0.259687
v -0.0476779 0.344239 0.261292
v -0.0547413 0.351353 0.259527
v -0.0649618 0.344239 0.258349
v -0.0817106 0.323063 0.255888
v -0.114138 0.324552 0.242296
v -0.116653 0.305858 0.243313
v -0.118419 0.287329 0.244062
v -0.128693 0.268801 0.240637
v -0.129389 0.253581 0.240905
v -0.101991 0.250272 0.252356
v -0.122111 0.248618 0.244062
v -0.137201 0.248618 0.236249
v -0.137201 0.233398 0.236303
v 0.127676 0.287329 0.240209
v 0.12591 0.305858 0.23946
v 0.123395 0.324552 0.23839
v 0.112319 0.337125 0.241547
v 0.083423 0.343081 0.252731
v 0.083423 0.361609 0.249841
v 0.0649083 0.361609 0.255674
v 0.0423268 0.356481 0.260329
v 0.00925733 0.361609 0.263754
v 0.0649083 0.380138 0.25241
v 0.0463401 0.380138 0.255781
v 0.0476779 0.362106 0.25867
v 0.0014983 0.390395 0.259848
v 0.139074 0.287329 0.23336
v -0.188411 -0.9301 0.188411
v -0.189909 -0.918024 0.189909
v -0.194671 -0.932085 0.175515
v -0.176157 -0.937049 0.176157
v -0.157642 -0.936221 0.194725
v -0.139074 -0.937545 0.194725
v -0.152773 0.231744 0.225922
v -0.174123 0.231744 0.209548
v -0.183381 0.231744 0.202431
v 0.194725 -0.936221 0.157642
v 0.194725 -0.937545 0.139074
v 0.21324 -0.937545 0.120506
v 0.225654 -0.929935 0.139074
v 0.21233 -0.930431 0.155876
v 0.205534 -0.928942 0.168933
v 0.21324 -0.935063 0.139074
v 0.199166 -0.918024 0.179207
v 0.20243 0.231744 0.183381
v 0.19312 0.231744 0.19312
v 0.19312 0.250272 0.19312
v 0.183327 0.250272 0.202377
v 0.17407 0.250272 0.209494
v 0.161495 0.268801 0.218377
v 0.152184 0.268801 0.225494
v -0.0014983 0.390395 0.259848
v -0.00925733 0.361609 0.263754
v -0.0649083 0.361609 0.255674
v -0.083423 0.361609 0.249841
v -0.083423 0.343081 0.252731
v -0.0423268 0.356481 0.260329
v -0.0476779 0.362106 0.25867
v -0.0463401 0.380138 0.255781
v -0.0649083 0.380138 0.25241
v -0.112319 0.337125 0.241547
v -0.123395 0.324552 0.23839
v -0.12591 0.305858 0.23946
v -0.127676 0.287329 0.240209
v -0.139074 0.268801 0.23427
v -0.139074 0.287329 0.23336
v -0.152719 0.250272 0.225868
v 0.139074 0.305858 0.231808
v 0.137897 0.343081 0.227955
v 0.135703 0.361609 0.226511
v 0.119329 0.343246 0.237801
v 0.110392 0.349533 0.240744
v 0.103329 0.343246 0.24449
v 0.107931 0.361609 0.239674
v 0.10167 0.381792 0.238604
v 0.0851888 0.381792 0.2454
v 0.0808009 0.398667 0.243848
v 0.0280395 0.379973 0.258242
v 0.0280395 0.362106 0.261239
v 0.0138592 0.385928 0.259045
v 0.0649083 0.398667 0.248824
v 0.0463401 0.398667 0.252303
v 0.00829414 0.397343 0.257547
v 0.00925733 0.417195 0.253052
v 0.00925733 0.435724 0.248664
v 0.00310361 0.46484 0.241493
v 0.027772 0.398667 0.254764
v 0.151542 0.287329 0.225012
v -0.205534 -0.928942 0.168933
v -0.199166 -0.918024 0.179207
v -0.19312 0.231744 0.19312
v -0.20243 0.231744 0.183381
v -0.21233 -0.930431 0.155876
v -0.225654 -0.929935 0.139074
v -0.21324 -0.935063 0.139074
v -0.194725 -0.936221 0.157642
v -0.21324 -0.937545 0.120506
v -0.194725 -0.937545 0.139074
v -0.17407 0.250272 0.209494
v -0.183327 0.250272 0.202377
v -0.19312 0.250272 0.19312
v 0.231808 -0.937545 0.0649084
v 0.231808 -0.937379 0.0834231
v 0.231808 -0.935394 0.101991
v 0.232396 -0.93192 0.119596
v 0.244008 -0.930431 0.101991
v 0.241761 -0.928281 0.112854
v 0.222657 -0.927453 0.148492
v 0.206337 -0.918024 0.169896
v 0.209547 0.231744 0.174124
v 0.202377 0.250272 0.183327
v 0.215594 -0.918024 0.157856
v 0.202002 0.268801 0.182846
v 0.192692 0.268801 0.192692
v 0.182846 0.268801 0.202003
v 0.172946 0.287329 0.208638
v 0.160853 0.287329 0.217895
v -0.0138592 0.385928 0.259045
v -0.00310361 0.46484 0.241493
v -0.00925733 0.435724 0.248664
v -0.00925733 0.417195 0.253052
v -0.00829414 0.397343 0.257547
v -0.027772 0.398667 0.254764
v -0.0463401 0.398667 0.252303
v -0.0280395 0.379973 0.258242
v -0.0280395 0.362106 0.261239
v -0.107931 0.361609 0.239674
v -0.110392 0.349533 0.240744
v -0.0808009 0.398667 0.243848
v -0.0851888 0.381792 0.2454
v -0.10167 0.381792 0.238604
v -0.103329 0.343246 0.24449
v -0.0649083 0.398667 0.248824
v -0.119329 0.343246 0.237801
v -0.135703 0.361609 0.226511
v -0.137897 0.343081 0.227955
v -0.139074 0.305858 0.231808
v -0.152184 0.268801 0.225494
v -0.151542 0.287329 0.225012
v -0.161495 0.268801 0.218377
v 0.150472 0.305858 0.224156
v 0.14084 0.32571 0.228223
v 0.148171 0.332658 0.22239
v 0.147154 0.343081 0.221641
v 0.120506 0.361609 0.234377
v 0.14496 0.361609 0.219929
v 0.133134 0.380138 0.224745
v 0.120506 0.380138 0.230952
v 0.0925733 0.389071 0.241012
v 0.101991 0.398667 0.235072
v 0.0769482 0.412563 0.242243
v 0.0658715 0.418188 0.244169
v 0.0603599 0.431753 0.24235
v 0.0539921 0.444161 0.240851
v 0.0463401 0.417195 0.248236
v 0.027772 0.435724 0.246309
v 0.0416312 0.447139 0.241654
v 0.027772 0.450282 0.242564
v 0.00925733 0.455411 0.243473
v 0.00925733 0.471789 0.238604
v 0.00925733 0.491475 0.232504
v 0.00337116 0.520426 0.222979
v 0.0154645 0.462193 0.240691
v -0.222657 -0.927453 0.148492
v -0.206337 -0.918024 0.169896
v -0.202377 0.250272 0.183327
v -0.209547 0.231744 0.174124
v -0.215594 -0.918024 0.157856
v -0.241761 -0.928281 0.112854
v -0.244008 -0.930431 0.101991
v -0.232396 -0.93192 0.119596
v -0.231808 -0.935394 0.101991
v -0.231808 -0.937379 0.0834231
v -0.231808 -0.937545 0.0649084
v -0.182846 0.268801 0.202003
v -0.192692 0.268801 0.192692
v -0.202002 0.268801 0.182846
v 0.250376 -0.937049 0.00925734
v 0.231808 -0.937545 -0.0649084
v 0.250376 -0.936056 0.027772
v 0.250376 -0.934898 0.0463402
v 0.247647 -0.932251 0.0834231
v 0.260436 -0.928446 0.0598784
v 0.258884 -0.918024 0.0712762
v 0.254389 -0.918024 0.0834231
v 0.246898 -0.918024 0.101991
v 0.242082 -0.918024 0.113603
v 0.238068 -0.918024 0.122914
v 0.228918 -0.918024 0.139074
v 0.222711 -0.918024 0.148546
v 0.225922 0.231744 0.152773
v 0.209494 0.250272 0.17407
v 0.218377 0.268801 0.161495
v 0.208638 0.287329 0.172946
v 0.201521 0.287329 0.182204
v 0.19221 0.287329 0.19221
v 0.182203 0.287329 0.201521
v 0.171822 0.305858 0.207782
v -0.00337116 0.520426 0.222979
v -0.00925733 0.491475 0.232504
v -0.00925733 0.471789 0.238604
v -0.0154645 0.462193 0.240691
v -0.00925733 0.455411 0.243473
v -0.027772 0.450282 0.242564
v -0.0416312 0.447139 0.241654
v -0.0539921 0.444161 0.240851
v -0.027772 0.435724 0.246309
v -0.0463401 0.417195 0.248236
v -0.120506 0.361609 0.234377
v -0.101991 0.398667 0.235072
v -0.0925733 0.389071 0.241012
v -0.0769482 0.412563 0.242243
v -0.120506 0.380138 0.230952
v -0.0603599 0.431753 0.24235
v -0.0658715 0.418188 0.244169
v -0.14496 0.361609 0.219929
v -0.147154 0.343081 0.221641
v -0.133134 0.380138 0.224745
v -0.148171 0.332658 0.22239
v -0.14084 0.32571 0.228223
v -0.150472 0.305858 0.224156
v -0.160853 0.287329 0.217895
v -0.172946 0.287329 0.208638
v 0.179528 0.324552 0.199434
v 0.156304 0.32571 0.217093
v 0.149241 0.320416 0.223193
v 0.157642 0.343081 0.213614
v 0.167381 0.353999 0.204357
v 0.131154 0.393538 0.22346
v 0.154485 0.380138 0.208691
v 0.142392 0.380138 0.217949
v 0.121737 0.399328 0.226564
v 0.116225 0.417195 0.224691
v 0.101991 0.417195 0.230684
v 0.0832624 0.418188 0.238229
v 0.083423 0.435724 0.233681
v 0.0727208 0.424805 0.240691
v 0.0658715 0.437047 0.239514
v 0.0649083 0.454253 0.235019
v 0.0566142 0.501567 0.222872
v 0.0463401 0.472781 0.233413
v 0.0471963 0.453756 0.239032
v 0.027772 0.459546 0.239888
v 0.027772 0.472781 0.235875
v 0.027772 0.491475 0.230149
v 0.0463401 0.503717 0.223621
v 0.00941786 0.511327 0.225601
v 0.00941786 0.527374 0.219608
v 0.00925733 0.547061 0.211849
v -0.222711 -0.918024 0.148546
v -0.228918 -0.918024 0.139074
v -0.238068 -0.918024 0.122914
v -0.209494 0.250272 0.17407
v -0.225922 0.231744 0.152773
v -0.260436 -0.928446 0.0598784
v -0.242082 -0.918024 0.113603
v -0.246898 -0.918024 0.101991
v -0.254389 -0.918024 0.0834231
v -0.258884 -0.918024 0.0712762
v -0.247647 -0.932251 0.0834231
v -0.250376 -0.934898 0.0463402
v -0.250376 -0.936056 0.027772
v -0.250376 -0.937049 0.00925734
v -0.231808 -0.937545 -0.0649084
v -0.182203 0.287329 0.201521
v -0.19221 0.287329 0.19221
v -0.201521 0.287329 0.182204
v -0.208638 0.287329 0.172946
v -0.218377 0.268801 0.161495
v 0.250376 -0.937049 -0.00925734
v 0.263914 -0.93192 0.00925734
v 0.21324 -0.937545 -0.120506
v 0.231808 -0.937379 -0.0834231
v 0.262683 -0.931093 0.027772
v 0.261506 -0.929769 0.0463402
v 0.268195 -0.918024 0.00925734
v 0.265787 -0.918024 0.027772
v 0.263325 -0.918024 0.0463402
v 0.260864 -0.918024 0.0619653
v 0.259045 -0.899495 0.0712762
v 0.25455 -0.899495 0.0834231
v 0.261774 0.231744 0.0793563
v 0.241065 0.240843 0.129817
v 0.238175 -0.899495 0.122914
v 0.229079 -0.899495 0.139074
v 0.236303 0.233563 0.137201
v 0.236249 0.248618 0.137201
v 0.225868 0.250272 0.152719
v 0.225493 0.268801 0.152184
v 0.217895 0.287329 0.160853
v 0.224156 0.305858 0.150472
v 0.207781 0.305858 0.171823
v 0.200665 0.305858 0.18108
v 0.191354 0.305858 0.191354
v 0.18108 0.305858 0.200665
v -0.00941786 0.511327 0.225601
v -0.00925733 0.547061 0.211849
v -0.00941786 0.527374 0.219608
v -0.0463401 0.503717 0.223621
v -0.027772 0.491475 0.230149
v -0.027772 0.472781 0.235875
v -0.027772 0.459546 0.239888
v -0.0471963 0.453756 0.239032
v -0.0463401 0.472781 0.233413
v -0.0566142 0.501567 0.222872
v -0.0649083 0.454253 0.235019
v -0.0658715 0.437047 0.239514
v -0.131154 0.393538 0.22346
v -0.101991 0.417195 0.230684
v -0.116225 0.417195 0.224691
v -0.121737 0.399328 0.226564
v -0.0727208 0.424805 0.240691
v -0.083423 0.435724 0.233681
v -0.0832624 0.418188 0.238229
v -0.142392 0.380138 0.217949
v -0.154485 0.380138 0.208691
v -0.167381 0.353999 0.204357
v -0.157642 0.343081 0.213614
v -0.179528 0.324552 0.199434
v -0.156304 0.32571 0.217093
v -0.149241 0.320416 0.223193
v -0.171822 0.305858 0.207782
v 0.188839 0.343081 0.188839
v 0.177816 0.343081 0.198096
v 0.174605 0.360782 0.197347
v 0.163742 0.380138 0.201575
v 0.16096 0.398667 0.199434
v 0.138057 0.399328 0.216825
v 0.128746 0.405946 0.222016
v 0.112747 0.429107 0.223193
v 0.109055 0.441349 0.221641
v 0.0966936 0.450282 0.224156
v 0.0848677 0.455576 0.22742
v 0.0787675 0.472781 0.224424
v 0.0747542 0.482873 0.222765
v 0.0649083 0.472781 0.229293
v 0.0689751 0.49528 0.220678
v 0.063624 0.50868 0.217628
v 0.0602529 0.542098 0.205802
v 0.0502464 0.554506 0.20318
v 0.0463401 0.528532 0.214257
v 0.0463401 0.512982 0.220143
v 0.0463401 0.491475 0.227688
v 0.063624 0.489986 0.224263
v 0.027772 0.528532 0.216772
v 0.027772 0.547061 0.209441
v 0.027772 0.558145 0.204785
v 0.00925733 0.560792 0.205962
v -0.229079 -0.899495 0.139074
v -0.236303 0.233563 0.137201
v -0.241065 0.240843 0.129817
v -0.238175 -0.899495 0.122914
v -0.225868 0.250272 0.152719
v -0.236249 0.248618 0.137201
v -0.261506 -0.929769 0.0463402
v -0.260864 -0.918024 0.0619653
v -0.263325 -0.918024 0.0463402
v -0.265787 -0.918024 0.027772
v -0.268195 -0.918024 0.00925734
v -0.25455 -0.899495 0.0834231
v -0.261774 0.231744 0.0793563
v -0.259045 -0.899495 0.0712762
v -0.262683 -0.931093 0.027772
v -0.263914 -0.93192 0.00925734
v -0.250376 -0.937049 -0.00925734
v -0.21324 -0.937545 -0.120506
v -0.231808 -0.937379 -0.0834231
v -0.18108 0.305858 0.200665
v -0.191354 0.305858 0.191354
v -0.200665 0.305858 0.18108
v -0.217895 0.287329 0.160853
v -0.207781 0.305858 0.171823
v -0.224156 0.305858 0.150472
v -0.225493 0.268801 0.152184
v 0.250376 -0.936056 -0.027772
v 0.263914 -0.93192 -0.00925734
v 0.194725 -0.937545 -0.139074
v 0.176157 -0.937049 -0.176157
v 0.194725 -0.936221 -0.157642
v 0.21324 -0.935063 -0.139074
v 0.231808 -0.935394 -0.101991
v 0.247647 -0.932251 -0.0834231
v 0.250376 -0.934898 -0.0463402
v 0.268195 -0.918024 -0.00925734
v 0.273332 0.231744 -0.00925734
v 0.273278 0.231744 0.00925734
v 0.270924 0.231744 0.027772
v 0.268462 0.231744 0.0463402
v 0.265573 0.231744 0.0649084
v 0.265519 0.250272 0.0649084
v 0.26172 0.250272 0.0793028
v 0.241065 0.241173 0.129817
v 0.240905 0.253581 0.129389
v 0.234269 0.268801 0.139074
v 0.23336 0.287329 0.139074
v 0.225012 0.287329 0.151542
v 0.231808 0.305858 0.139074
v 0.228223 0.32571 0.14084
v 0.223193 0.320416 0.149241
v 0.217092 0.32571 0.156305
v 0.199434 0.324552 0.179528
v 0.190177 0.324552 0.190177
v -0.00925733 0.560792 0.205962
v -0.027772 0.558145 0.204785
v -0.027772 0.547061 0.209441
v -0.027772 0.528532 0.216772
v -0.0463401 0.491475 0.227688
v -0.0463401 0.512982 0.220143
v -0.0463401 0.528532 0.214257
v -0.0502464 0.554506 0.20318
v -0.0602529 0.542098 0.205802
v -0.063624 0.50868 0.217628
v -0.0689751 0.49528 0.220678
v -0.063624 0.489986 0.224263
v -0.0649083 0.472781 0.229293
v -0.0848677 0.455576 0.22742
v -0.0747542 0.482873 0.222765
v -0.0787675 0.472781 0.224424
v -0.128746 0.405946 0.222016
v -0.138057 0.399328 0.216825
v -0.16096 0.398667 0.199434
v -0.109055 0.441349 0.221641
v -0.112747 0.429107 0.223193
v -0.0966936 0.450282 0.224156
v -0.163742 0.380138 0.201575
v -0.174605 0.360782 0.197347
v -0.177816 0.343081 0.198096
v -0.188839 0.343081 0.188839
v 0.198096 0.343081 0.177816
v 0.187126 0.361609 0.187127
v 0.185896 0.373024 0.185896
v 0.177334 0.379642 0.191193
v 0.172946 0.398667 0.190123
v 0.169682 0.417195 0.187608
v 0.149562 0.411074 0.204892
v 0.140198 0.417195 0.210243
v 0.135489 0.435724 0.20837
v 0.132439 0.450613 0.205962
v 0.122165 0.455741 0.21035
v 0.119596 0.435393 0.218056
v 0.102526 0.455576 0.220089
v 0.113549 0.486016 0.20532
v 0.0920382 0.46269 0.22223
v 0.101991 0.472781 0.214792
v 0.10274 0.491971 0.208156
v 0.0819247 0.489986 0.217414
v 0.0842791 0.510831 0.208798
v 0.065818 0.52936 0.208691
v 0.0726673 0.536142 0.20334
v 0.065818 0.547723 0.201093
v 0.0613231 0.579817 0.187822
v 0.0528684 0.592225 0.184826
v 0.0378855 0.556656 0.20409
v 0.0450024 0.547723 0.206765
v 0.0465542 0.585276 0.189428
v 0.0405075 0.594872 0.186163
v 0.027772 0.567409 0.200611
v 0.00925733 0.570056 0.201789
v -0.241065 0.241173 0.129817
v -0.234269 0.268801 0.139074
v -0.240905 0.253581 0.129389
v -0.265573 0.231744 0.0649084
v -0.268462 0.231744 0.0463402
v -0.270924 0.231744 0.027772
v -0.268195 -0.918024 -0.00925734
v -0.273278 0.231744 0.00925734
v -0.273332 0.231744 -0.00925734
v -0.26172 0.250272 0.0793028
v -0.265519 0.250272 0.0649084
v -0.263914 -0.93192 -0.00925734
v -0.250376 -0.936056 -0.027772
v -0.231808 -0.935394 -0.101991
v -0.21324 -0.935063 -0.139074
v -0.194725 -0.936221 -0.157642
v -0.176157 -0.937049 -0.176157
v -0.194725 -0.937545 -0.139074
v -0.250376 -0.934898 -0.0463402
v -0.247647 -0.932251 -0.0834231
v -0.190177 0.324552 0.190177
v -0.199434 0.324552 0.179528
v -0.225012 0.287329 0.151542
v -0.231808 0.305858 0.139074
v -0.217092 0.32571 0.156305
v -0.223193 0.320416 0.149241
v -0.228223 0.32571 0.14084
v -0.23336 0.287329 0.139074
v 0.262683 -0.931093 -0.027772
v 0.139074 -0.937545 -0.194725
v 0.157642 -0.936221 -0.194725
v 0.175515 -0.932085 -0.194672
v 0.194671 -0.932085 -0.175515
v 0.120506 -0.937545 -0.21324
v 0.225654 -0.929935 -0.139074
v 0.232396 -0.93192 -0.119596
v 0.244008 -0.930431 -0.101991
v 0.260436 -0.928446 -0.0598784
v 0.261506 -0.929769 -0.0463402
v 0.265787 -0.918024 -0.027772
v 0.270924 0.231744 -0.027772
v 0.273278 0.250272 -0.00925734
v 0.273278 0.250272 0.00925734
v 0.27087 0.250272 0.027772
v 0.268409 0.250272 0.0463402
v 0.26782 0.268801 0.0463402
v 0.264877 0.268801 0.0649084
v 0.261399 0.268801 0.0784466
v 0.257921 0.250272 0.0885601
v 0.2576 0.268801 0.0877574
v 0.244062 0.248618 0.122111
v 0.252356 0.250272 0.101991
v 0.240637 0.268801 0.128693
v 0.240209 0.287329 0.127676
v 0.23946 0.305858 0.125911
v 0.227955 0.343081 0.137897
v 0.22239 0.332658 0.148171
v 0.213614 0.343081 0.157642
v -0.00925733 0.570056 0.201789
v -0.0378855 0.556656 0.20409
v -0.027772 0.567409 0.200611
v -0.0450024 0.547723 0.206765
v -0.0405075 0.594872 0.186163
v -0.0465542 0.585276 0.189428
v -0.0528684 0.592225 0.184826
v -0.0613231 0.579817 0.187822
v -0.065818 0.547723 0.201093
v -0.0726673 0.536142 0.20334
v -0.065818 0.52936 0.208691
v -0.0842791 0.510831 0.208798
v -0.0819247 0.489986 0.217414
v -0.102526 0.455576 0.220089
v -0.0920382 0.46269 0.22223
v -0.101991 0.472781 0.214792
v -0.10274 0.491971 0.208156
v -0.119596 0.435393 0.218056
v -0.122165 0.455741 0.21035
v -0.132439 0.450613 0.205962
v -0.135489 0.435724 0.20837
v -0.140198 0.417195 0.210243
v -0.149562 0.411074 0.204892
v -0.169682 0.417195 0.187608
v -0.172946 0.398667 0.190123
v -0.177334 0.379642 0.191193
v -0.113549 0.486016 0.20532
v -0.185896 0.373024 0.185896
v -0.187126 0.361609 0.187127
v -0.198096 0.343081 0.177816
v 0.204357 0.353999 0.167381
v 0.197347 0.360782 0.174605
v 0.191193 0.379642 0.177334
v 0.184344 0.385432 0.184344
v 0.167595 0.428279 0.185949
v 0.182257 0.398667 0.182257
v 0.158445 0.435062 0.190979
v 0.147154 0.423482 0.203073
v 0.1448 0.435724 0.201253
v 0.165187 0.440687 0.18413
v 0.15288 0.454253 0.188946
v 0.138806 0.455741 0.19922
v 0.129442 0.462855 0.203768
v 0.120078 0.491971 0.198899
v 0.109376 0.498423 0.20318
v 0.0910214 0.517448 0.203287
v 0.0786605 0.5239 0.205855
v 0.0970146 0.505041 0.205748
v 0.0842791 0.52936 0.201253
v 0.083423 0.547061 0.194137
v 0.0932154 0.556822 0.185682
v 0.0664601 0.567244 0.191729
v 0.073684 0.574523 0.185254
v 0.0664601 0.585276 0.183006
v 0.083423 0.598015 0.169415
v 0.066032 0.60397 0.173214
v 0.0605739 0.615551 0.168933
v 0.050835 0.627958 0.165455
v 0.0384741 0.631267 0.167274
v 0.027772 0.584118 0.193013
v 0.027772 0.605956 0.182257
v 0.027772 0.596691 0.187127
v 0.00925733 0.584118 0.195421
v -0.244062 0.248618 0.122111
v -0.252356 0.250272 0.101991
v -0.257921 0.250272 0.0885601
v -0.240637 0.268801 0.128693
v -0.2576 0.268801 0.0877574
v -0.268409 0.250272 0.0463402
v -0.27087 0.250272 0.027772
v -0.273278 0.250272 0.00925734
v -0.265787 -0.918024 -0.027772
v -0.260436 -0.928446 -0.0598784
v -0.261506 -0.929769 -0.0463402
v -0.262683 -0.931093 -0.027772
v -0.273278 0.250272 -0.00925734
v -0.270924 0.231744 -0.027772
v -0.261399 0.268801 0.0785001
v -0.264877 0.268801 0.0649084
v -0.26782 0.268801 0.0463402
v -0.244008 -0.930431 -0.101991
v -0.232396 -0.93192 -0.119596
v -0.225654 -0.929935 -0.139074
v -0.194671 -0.932085 -0.175515
v -0.175515 -0.932085 -0.194672
v -0.157642 -0.936221 -0.194725
v -0.120506 -0.937545 -0.21324
v -0.139074 -0.937545 -0.194725
v -0.213614 0.343081 0.157642
v -0.22239 0.332658 0.148171
v -0.23946 0.305858 0.125911
v -0.240209 0.287329 0.127676
v -0.227955 0.343081 0.137897
v 0.139074 -0.935063 -0.21324
v 0.139074 -0.929935 -0.225654
v 0.155876 -0.930431 -0.21233
v 0.168933 -0.928942 -0.205534
v 0.188411 -0.9301 -0.188411
v 0.205534 -0.928942 -0.168933
v 0.21233 -0.930431 -0.155876
v 0.0649083 -0.937545 -0.231808
v 0.083423 -0.937379 -0.231808
v 0.101991 -0.935394 -0.231808
v 0.222657 -0.927453 -0.148492
v 0.241761 -0.928281 -0.112854
v 0.258884 -0.918024 -0.0712762
v 0.260864 -0.918024 -0.0619653
v 0.263325 -0.918024 -0.0463402
v 0.268462 0.231744 -0.0463402
v 0.27087 0.250272 -0.027772
v 0.26782 0.268801 -0.0463402
v 0.272636 0.268801 -0.00925734
v 0.272636 0.268801 0.00925734
v 0.269479 0.287329 0.027772
v 0.267018 0.287329 0.0463402
v 0.264075 0.287329 0.0649084
v 0.260971 0.287329 0.0774834
v 0.257172 0.287329 0.0867407
v 0.244062 0.287329 0.118419
v 0.243312 0.305858 0.116653
v 0.242296 0.324552 0.114138
v 0.23839 0.324552 0.123396
v 0.221641 0.343081 0.147154
v 0.22651 0.361609 0.135703
v -0.00925733 0.584118 0.195421
v -0.027772 0.584118 0.193013
v -0.027772 0.596691 0.187127
v -0.027772 0.605956 0.182257
v -0.0384741 0.631267 0.167274
v -0.0605739 0.615551 0.168933
v -0.066032 0.60397 0.173214
v -0.083423 0.598015 0.169415
v -0.0664601 0.585276 0.183006
v -0.050835 0.627958 0.165455
v -0.073684 0.574523 0.185254
v -0.0932154 0.556822 0.185682
v -0.0664601 0.567244 0.191729
v -0.083423 0.547061 0.194137
v -0.0842791 0.52936 0.201253
v -0.0786605 0.5239 0.205855
v -0.0910214 0.517448 0.203287
v -0.0970146 0.505041 0.205748
v -0.109376 0.498423 0.20318
v -0.129442 0.462855 0.203768
v -0.15288 0.454253 0.188946
v -0.165187 0.440687 0.18413
v -0.138806 0.455741 0.19922
v -0.1448 0.435724 0.201253
v -0.147154 0.423482 0.203073
v -0.158445 0.435062 0.190979
v -0.167595 0.428279 0.185949
v -0.182257 0.398667 0.182257
v -0.184344 0.385432 0.184344
v -0.120078 0.491971 0.198899
v -0.191193 0.379642 0.177334
v -0.197347 0.360782 0.174605
v -0.204357 0.353999 0.167381
v 0.219928 0.361609 0.14496
v 0.208691 0.380138 0.154485
v 0.201574 0.380138 0.163743
v 0.199434 0.398667 0.16096
v 0.190123 0.398667 0.172946
v 0.187608 0.417195 0.169682
v 0.185949 0.428279 0.167595
v 0.18413 0.440687 0.165187
v 0.172518 0.454253 0.172518
v 0.16904 0.472781 0.16904
v 0.167167 0.482707 0.167167
v 0.162137 0.454253 0.181776
v 0.156679 0.472947 0.179047
v 0.149883 0.46666 0.186645
v 0.140037 0.472947 0.191889
v 0.134419 0.491475 0.189
v 0.131315 0.503221 0.186592
v 0.121041 0.509508 0.190979
v 0.114299 0.528532 0.187555
v 0.111409 0.537962 0.185521
v 0.101991 0.528532 0.193923
v 0.10274 0.510831 0.200986
v 0.100439 0.545241 0.187448
v 0.0933759 0.59421 0.167328
v 0.083423 0.584118 0.176478
v 0.066032 0.621506 0.163314
v 0.0729349 0.611084 0.166365
v 0.0643732 0.640035 0.15304
v 0.0577914 0.650457 0.149241
v 0.0463401 0.653766 0.151275
v 0.0453234 0.638381 0.16096
v 0.0311967 0.666339 0.147529
v 0.027772 0.641855 0.162726
v 0.027772 0.632591 0.168077
v 0.027772 0.621176 0.174177
v 0.00925733 0.621176 0.176585
v 0.00925733 0.608272 0.183434
v 0.00925733 0.599007 0.188304
v -0.244062 0.287329 0.118419
v -0.257172 0.287329 0.0867407
v -0.272636 0.268801 0.00925734
v -0.263325 -0.918024 -0.0463402
v -0.241761 -0.928281 -0.112854
v -0.260864 -0.918024 -0.0619653
v -0.258884 -0.918024 -0.0712762
v -0.27087 0.250272 -0.027772
v -0.272636 0.268801 -0.00925734
v -0.26782 0.268801 -0.0463402
v -0.268462 0.231744 -0.0463402
v -0.260971 0.287329 0.0774834
v -0.264075 0.287329 0.0649084
v -0.267018 0.287329 0.0463402
v -0.269479 0.287329 0.027772
v -0.222657 -0.927453 -0.148492
v -0.205534 -0.928942 -0.168933
v -0.21233 -0.930431 -0.155876
v -0.188411 -0.9301 -0.188411
v -0.139074 -0.935063 -0.21324
v -0.168933 -0.928942 -0.205534
v -0.155876 -0.930431 -0.21233
v -0.139074 -0.929935 -0.225654
v -0.0649083 -0.937545 -0.231808
v -0.101991 -0.935394 -0.231808
v -0.083423 -0.937379 -0.231808
v -0.221641 0.343081 0.147154
v -0.23839 0.324552 0.123396
v -0.242296 0.324552 0.114138
v -0.243312 0.305858 0.116653
v -0.22651 0.361609 0.135703
v 0.119596 -0.93192 -0.232397
v 0.112854 -0.928281 -0.241761
v 0.148492 -0.927453 -0.222658
v 0.101991 -0.930431 -0.244008
v 0.179207 -0.918024 -0.199167
v 0.189909 -0.918024 -0.189909
v 0.199166 -0.918024 -0.179207
v 0.00925733 -0.937049 -0.250376
v 0.027772 -0.936056 -0.250376
v 0.0463401 -0.934898 -0.250376
v 0.083423 -0.932251 -0.247647
v 0.206337 -0.918024 -0.169896
v 0.215594 -0.918024 -0.157856
v 0.222711 -0.918024 -0.148546
v 0.228918 -0.918024 -0.139074
v 0.238068 -0.918024 -0.122914
v 0.242082 -0.918024 -0.113603
v 0.246898 -0.918024 -0.101991
v 0.254389 -0.918024 -0.0834231
v 0.259045 -0.899495 -0.0712762
v 0.265573 0.231744 -0.0649084
v 0.268409 0.250272 -0.0463402
v 0.265519 0.250272 -0.0649084
v 0.264877 0.268801 -0.0649084
v 0.267018 0.287329 -0.0463402
v 0.269479 0.287329 -0.027772
v 0.271834 0.287329 -0.00925734
v 0.271834 0.287329 0.00925734
v 0.270496 0.305858 0.00925734
v 0.26568 0.305858 0.0463402
v 0.262683 0.305858 0.0649084
v 0.260275 0.305858 0.0757175
v 0.255887 0.323063 0.0817107
v 0.241547 0.337125 0.112319
v 0.237801 0.343246 0.119329
v 0.234376 0.361609 0.120506
v 0.224744 0.380138 0.133134
v -0.00925733 0.599007 0.188304
v -0.00925733 0.608272 0.183434
v -0.00925733 0.621176 0.176585
v -0.027772 0.621176 0.174177
v -0.027772 0.632591 0.168077
v -0.027772 0.641855 0.162726
v -0.0311967 0.666339 0.147529
v -0.0463401 0.653766 0.151275
v -0.0453234 0.638381 0.16096
v -0.0729349 0.611084 0.166365
v -0.066032 0.621506 0.163314
v -0.0934294 0.59421 0.167328
v -0.083423 0.584118 0.176478
v -0.0577914 0.650457 0.149241
v -0.0643732 0.640035 0.15304
v -0.111409 0.537962 0.185521
v -0.100439 0.545241 0.187448
v -0.101991 0.528532 0.193923
v -0.10274 0.510831 0.200986
v -0.114299 0.528532 0.187555
v -0.140037 0.472947 0.191889
v -0.131315 0.503221 0.186592
v -0.134419 0.491475 0.189
v -0.162137 0.454253 0.181776
v -0.149883 0.46666 0.186645
v -0.156679 0.472947 0.179047
v -0.167167 0.482707 0.167167
v -0.16904 0.472781 0.16904
v -0.172518 0.454253 0.172518
v -0.18413 0.440687 0.165187
v -0.185949 0.428279 0.167595
v -0.187608 0.417195 0.169682
v -0.190123 0.398667 0.172946
v -0.121041 0.509508 0.190979
v -0.199434 0.398667 0.16096
v -0.201574 0.380138 0.163743
v -0.208691 0.380138 0.154485
v -0.219928 0.361609 0.14496
v 0.22346 0.393538 0.131155
v 0.217948 0.380138 0.142392
v 0.216825 0.399328 0.138057
v 0.204892 0.411074 0.149562
v 0.190979 0.435062 0.158445
v 0.201253 0.435724 0.1448
v 0.20837 0.435724 0.135489
v 0.205962 0.450613 0.132439
v 0.188946 0.454253 0.15288
v 0.181775 0.454253 0.162137
v 0.146833 0.479068 0.184291
v 0.179046 0.472947 0.156679
v 0.18429 0.479068 0.146833
v 0.181882 0.491475 0.14373
v 0.171608 0.489986 0.157749
v 0.169468 0.506199 0.151703
v 0.164063 0.495115 0.164064
v 0.151702 0.506199 0.169468
v 0.157749 0.489986 0.171609
v 0.143729 0.491475 0.181883
v 0.147957 0.518606 0.166579
v 0.144907 0.528532 0.164278
v 0.135649 0.528532 0.171395
v 0.123556 0.528532 0.180652
v 0.131796 0.540775 0.168451
v 0.119489 0.545572 0.175408
v 0.115262 0.561785 0.16995
v 0.110713 0.574192 0.166472
v 0.1067 0.584118 0.163636
v 0.114192 0.596857 0.150579
v 0.101188 0.601654 0.157054
v 0.096533 0.616378 0.151168
v 0.0908074 0.628785 0.147208
v 0.0784465 0.634079 0.150525
v 0.0701523 0.646487 0.146673
v 0.0649083 0.671468 0.132439
v 0.0528149 0.684537 0.12864
v 0.0465007 0.677754 0.135649
v 0.0463401 0.66303 0.145388
v 0.0188357 0.667663 0.148385
v 0.00925733 0.658398 0.155341
v 0.0261131 0.659391 0.152452
v 0.040454 0.688011 0.131155
v 0.027772 0.689996 0.132546
v 0.0261131 0.675107 0.142606
v 0.00925733 0.677919 0.143141
v 0.00925733 0.644006 0.163957
v 0.00925733 0.634741 0.169308
v -0.260275 0.305858 0.0757175
v -0.271834 0.287329 0.00925734
v -0.265573 0.231744 -0.0649084
v -0.254389 -0.918024 -0.0834231
v -0.246898 -0.918024 -0.101991
v -0.242082 -0.918024 -0.113603
v -0.238068 -0.918024 -0.122914
v -0.259045 -0.899495 -0.0712762
v -0.268409 0.250272 -0.0463402
v -0.271834 0.287329 -0.00925734
v -0.269479 0.287329 -0.027772
v -0.264877 0.268801 -0.0649084
v -0.265519 0.250272 -0.0649084
v -0.267018 0.287329 -0.0463402
v -0.262683 0.305858 0.0649084
v -0.26568 0.305858 0.0463402
v -0.270496 0.305858 0.00925734
v -0.228918 -0.918024 -0.139074
v -0.222711 -0.918024 -0.148546
v -0.215594 -0.918024 -0.157856
v -0.206337 -0.918024 -0.169896
v -0.199166 -0.918024 -0.179207
v -0.189909 -0.918024 -0.189909
v -0.119596 -0.93192 -0.232397
v -0.179207 -0.918024 -0.199167
v -0.148492 -0.927453 -0.222658
v -0.112854 -0.928281 -0.241761
v -0.101991 -0.930431 -0.244008
v -0.00925733 -0.937049 -0.250376
v -0.083423 -0.932251 -0.247647
v -0.0463401 -0.934898 -0.250376
v -0.027772 -0.936056 -0.250376
v -0.237801 0.343246 0.119329
v -0.241547 0.337125 0.112319
v -0.255887 0.323063 0.0817107
v -0.234376 0.361609 0.120506
v -0.224744 0.380138 0.133134
v 0.0598783 -0.928446 -0.260436
v 0.0712225 -0.918024 -0.258884
v 0.083423 -0.918024 -0.25439
v 0.101991 -0.918024 -0.246898
v 0.113603 -0.918024 -0.242082
v 0.122914 -0.918024 -0.238069
v 0.139074 -0.918024 -0.228918
v 0.148545 -0.918024 -0.222711
v 0.157856 -0.918024 -0.215594
v 0.169896 -0.918024 -0.206337
v 0.183381 0.231744 -0.202431
v 0.19312 0.231744 -0.19312
v 0.20243 0.231744 -0.183381
v 0.00925733 -0.93192 -0.263914
v 0.027772 -0.931093 -0.262684
v 0.0463401 -0.929769 -0.261506
v 0.209547 0.231744 -0.174124
v 0.225922 0.231744 -0.152773
v 0.229079 -0.899495 -0.139074
v 0.236303 0.233563 -0.137201
v 0.241065 0.240843 -0.129817
v 0.238175 -0.899495 -0.122914
v 0.25455 -0.899495 -0.0834231
v 0.261774 0.231744 -0.0793563
v 0.26172 0.250272 -0.0793028
v 0.261399 0.268801 -0.0784466
v 0.260971 0.287329 -0.0774834
v 0.264075 0.287329 -0.0649084
v 0.26568 0.305858 -0.0463402
v 0.270496 0.305858 -0.00925734
v 0.268569 0.324552 0.00925734
v 0.266161 0.324552 0.027772
v 0.2637 0.324552 0.0463402
v 0.260275 0.338945 0.0588617
v 0.26081 0.323063 0.0649619
v 0.258991 0.328357 0.0712227
v 0.259687 0.31595 0.0743798
v 0.25273 0.343081 0.0834231
v 0.24449 0.343246 0.103329
v 0.240744 0.349533 0.110392
v 0.239674 0.361609 0.107931
v 0.238604 0.381792 0.10167
v 0.230952 0.380138 0.120506
v -0.00925733 0.634741 0.169308
v -0.00925733 0.644006 0.163957
v -0.00925733 0.658398 0.155341
v -0.0261131 0.659391 0.152452
v -0.0463401 0.66303 0.145388
v -0.0188357 0.667663 0.148385
v -0.0261131 0.675107 0.142659
v -0.027772 0.689996 0.132546
v -0.040454 0.688011 0.131155
v -0.0784465 0.634079 0.150525
v -0.096533 0.616378 0.151168
v -0.101188 0.601654 0.157054
v -0.114192 0.596857 0.150579
v -0.1067 0.584118 0.163636
v -0.110713 0.574192 0.166472
v -0.0908074 0.628785 0.147208
v -0.0701523 0.646487 0.146673
v -0.0465007 0.677754 0.135649
v -0.0528149 0.684537 0.12864
v -0.0649083 0.671468 0.132439
v -0.115262 0.561785 0.16995
v -0.119489 0.545572 0.175408
v -0.131796 0.540775 0.168451
v -0.144907 0.528532 0.164278
v -0.135649 0.528532 0.171395
v -0.123556 0.528532 0.180652
v -0.146833 0.479068 0.184291
v -0.143729 0.491475 0.181883
v -0.147957 0.518606 0.166579
v -0.151702 0.506199 0.169468
v -0.157749 0.489986 0.171609
v -0.18429 0.479068 0.146833
v -0.179046 0.472947 0.156679
v -0.181775 0.454253 0.162137
v -0.164063 0.495115 0.164064
v -0.169468 0.506199 0.151703
v -0.171608 0.489986 0.157749
v -0.181882 0.491475 0.14373
v -0.188946 0.454253 0.15288
v -0.205962 0.450613 0.132439
v -0.20837 0.435724 0.135489
v -0.201253 0.435724 0.1448
v -0.190979 0.435062 0.158445
v -0.204892 0.411074 0.149562
v -0.216825 0.399328 0.138057
v -0.22346 0.393538 0.131155
v -0.217948 0.380138 0.142392
v 0.226564 0.399328 0.121737
v 0.222015 0.405946 0.128747
v 0.210243 0.417195 0.140198
v 0.203073 0.423482 0.147154
v 0.21035 0.455741 0.122165
v 0.203768 0.462855 0.129442
v 0.19922 0.455741 0.138807
v 0.191889 0.472947 0.140037
v 0.186645 0.46666 0.149883
v 0.188999 0.491475 0.134419
v 0.186591 0.503221 0.131315
v 0.166578 0.518606 0.147957
v 0.151328 0.543422 0.151328
v 0.14801 0.555829 0.14801
v 0.13993 0.548219 0.158284
v 0.127623 0.553182 0.165241
v 0.121094 0.567079 0.162565
v 0.120452 0.583457 0.15379
v 0.121737 0.604136 0.140037
v 0.108947 0.609264 0.146566
v 0.126552 0.589081 0.14587
v 0.102419 0.622003 0.143087
v 0.111677 0.630936 0.130138
v 0.1006 0.638215 0.133402
v 0.0934829 0.649796 0.130405
v 0.0748613 0.668324 0.130245
v 0.0562931 0.705216 0.111623
v 0.0300194 0.75253 0.0875969
v 0.00925733 0.668655 0.148974
v 0.0276114 0.75253 0.088239
v 0.0170699 0.722918 0.111035
v 0.00925733 0.691981 0.133884
v -0.00925733 0.677919 0.143141
v -0.259687 0.31595 0.0743798
v -0.261774 0.231744 -0.0793563
v -0.25455 -0.899495 -0.0834231
v -0.241065 0.240843 -0.129817
v -0.238175 -0.899495 -0.122914
v -0.229079 -0.899495 -0.139074
v -0.270496 0.305858 -0.00925734
v -0.26568 0.305858 -0.0463402
v -0.264075 0.287329 -0.0649084
v -0.260971 0.287329 -0.0774834
v -0.261399 0.268801 -0.0785001
v -0.26172 0.250272 -0.0793028
v -0.258991 0.328357 0.0712227
v -0.26081 0.323063 0.0649619
v -0.260275 0.338945 0.0588617
v -0.2637 0.324552 0.0463402
v -0.266161 0.324552 0.027772
v -0.268569 0.324552 0.00925734
v -0.236303 0.233563 -0.137201
v -0.225922 0.231744 -0.152773
v -0.209547 0.231744 -0.174124
v -0.20243 0.231744 -0.183381
v -0.19312 0.231744 -0.19312
v -0.183381 0.231744 -0.202431
v -0.169896 -0.918024 -0.206337
v -0.157856 -0.918024 -0.215594
v -0.148545 -0.918024 -0.222711
v -0.139074 -0.918024 -0.228918
v -0.122914 -0.918024 -0.238069
v -0.0598783 -0.928446 -0.260436
v -0.113603 -0.918024 -0.242082
v -0.101991 -0.918024 -0.246898
v -0.083423 -0.918024 -0.25439
v -0.0712225 -0.918024 -0.258884
v -0.00925733 -0.93192 -0.263914
v -0.0463401 -0.929769 -0.261506
v -0.027772 -0.931093 -0.262684
v -0.240744 0.349533 0.110392
v -0.24449 0.343246 0.103329
v -0.25273 0.343081 0.0834231
v -0.239674 0.361609 0.107931
v -0.230952 0.380138 0.120506
v -0.238604 0.381792 0.10167
v 0.00925733 -0.918024 -0.268195
v 0.027772 -0.918024 -0.265787
v 0.0463401 -0.918024 -0.263326
v 0.0619652 -0.918024 -0.260864
v 0.0712225 -0.899495 -0.259045
v 0.083423 -0.899495 -0.25455
v 0.0793561 0.231744 -0.261774
v 0.129817 0.240843 -0.241065
v 0.122914 -0.899495 -0.238176
v 0.139074 -0.899495 -0.229079
v 0.137201 0.233398 -0.236303
v 0.152773 0.231744 -0.225922
v 0.174123 0.231744 -0.209548
v 0.183327 0.250272 -0.202377
v 0.19312 0.250272 -0.19312
v 0.202377 0.250272 -0.183327
v 0.209494 0.250272 -0.17407
v 0.225868 0.250272 -0.152719
v 0.236249 0.248618 -0.137201
v 0.241065 0.241173 -0.129817
v 0.257921 0.250272 -0.0885601
v 0.2576 0.268801 -0.0877574
v 0.257172 0.287329 -0.0867407
v 0.260275 0.305858 -0.0757175
v 0.262683 0.305858 -0.0649084
v 0.260275 0.338945 -0.0588617
v 0.2637 0.324552 -0.0463402
v 0.266161 0.324552 -0.027772
v 0.268569 0.324552 -0.00925734
v 0.266429 0.343081 0.00925734
v 0.264075 0.343081 0.027772
v 0.261292 0.344239 0.047678
v 0.259526 0.351353 0.0547414
v 0.258349 0.344239 0.0649619
v 0.255673 0.361609 0.0649084
v 0.249841 0.361609 0.0834231
v 0.245399 0.381792 0.0851889
v 0.241012 0.389071 0.0925734
v -0.00925733 0.668655 0.148974
v -0.00925733 0.691981 0.133884
v -0.0170699 0.722918 0.111035
v -0.0276114 0.75253 0.088239
v -0.0748613 0.668324 0.130245
v -0.108947 0.609264 0.146566
v -0.102419 0.622003 0.143087
v -0.121737 0.604136 0.140037
v -0.126552 0.589081 0.14587
v -0.120452 0.583457 0.15379
v -0.121094 0.567079 0.162565
v -0.0934829 0.649796 0.130405
v -0.1006 0.638215 0.133402
v -0.111677 0.630936 0.130138
v -0.0562931 0.705216 0.111623
v -0.127623 0.553182 0.165241
v -0.14801 0.555829 0.14801
v -0.151328 0.543422 0.151328
v -0.191889 0.472947 0.140037
v -0.186645 0.46666 0.149883
v -0.186591 0.503221 0.131315
v -0.166578 0.518606 0.147957
v -0.188999 0.491475 0.134419
v -0.19922 0.455741 0.138807
v -0.203768 0.462855 0.129442
v -0.21035 0.455741 0.122165
v -0.222015 0.405946 0.128747
v -0.210243 0.417195 0.140198
v -0.203073 0.423482 0.147154
v -0.226564 0.399328 0.121737
v 0.235072 0.398667 0.101991
v 0.224691 0.417195 0.116225
v 0.223193 0.429107 0.112747
v 0.221641 0.441349 0.109055
v 0.218056 0.435393 0.119596
v 0.20532 0.486016 0.11355
v 0.198899 0.491971 0.120078
v 0.190979 0.509508 0.121041
v 0.187554 0.528532 0.114299
v 0.185521 0.537962 0.111409
v 0.180652 0.528532 0.123556
v 0.171394 0.528532 0.135649
v 0.164277 0.528532 0.144907
v 0.168451 0.540775 0.131797
v 0.165241 0.553182 0.127623
v 0.162565 0.567079 0.121095
v 0.152505 0.56559 0.135168
v 0.149401 0.576674 0.131155
v 0.14587 0.589081 0.126553
v 0.133509 0.599007 0.133509
v 0.131154 0.576674 0.149402
v 0.135168 0.56559 0.152505
v 0.129281 0.611415 0.129282
v 0.113282 0.651615 0.113282
v 0.105844 0.643344 0.125643
v 0.1006 0.656909 0.119489
v 0.0953558 0.67031 0.113336
v 0.0872222 0.662203 0.125696
v 0.0819782 0.675438 0.119436
v 0.0766806 0.688342 0.113121
v 0.0464472 0.75253 0.0798379
v 0.00925733 0.75253 0.0913427
v 0.00470893 0.72391 0.111837
v -0.241065 0.241173 -0.129817
v -0.268569 0.324552 -0.00925734
v -0.262683 0.305858 -0.0649084
v -0.266161 0.324552 -0.027772
v -0.2637 0.324552 -0.0463402
v -0.260275 0.338945 -0.0588617
v -0.260275 0.305858 -0.0757175
v -0.257172 0.287329 -0.0867407
v -0.2576 0.268801 -0.0877574
v -0.257921 0.250272 -0.0885601
v -0.249841 0.361609 0.0834231
v -0.255673 0.361609 0.0649084
v -0.258349 0.344239 0.0649619
v -0.259526 0.351353 0.0547414
v -0.261292 0.344239 0.047678
v -0.264075 0.343081 0.027772
v -0.266429 0.343081 0.00925734
v -0.236249 0.248618 -0.137201
v -0.225868 0.250272 -0.152719
v -0.209494 0.250272 -0.17407
v -0.202377 0.250272 -0.183327
v -0.19312 0.250272 -0.19312
v -0.183327 0.250272 -0.202377
v -0.174123 0.231744 -0.209548
v -0.152773 0.231744 -0.225922
v -0.139074 -0.899495 -0.229079
v -0.137201 0.233398 -0.236303
v -0.129817 0.240843 -0.241065
v -0.122914 -0.899495 -0.238176
v -0.0619652 -0.918024 -0.260864
v -0.0463401 -0.918024 -0.263326
v -0.027772 -0.918024 -0.265787
v -0.00925733 -0.918024 -0.268195
v -0.083423 -0.899495 -0.25455
v -0.0793561 0.231744 -0.261774
v -0.0712225 -0.899495 -0.259045
v -0.241012 0.389071 0.0925734
v -0.245399 0.381792 0.0851889
v 0.00925733 0.231744 -0.273332
v 0.027772 0.231744 -0.270924
v 0.0463401 0.231744 -0.268463
v 0.0649083 0.231744 -0.265573
v 0.0649083 0.250272 -0.26552
v 0.0793026 0.250272 -0.261721
v 0.129817 0.241173 -0.241065
v 0.137201 0.248618 -0.236249
v 0.152719 0.250272 -0.225868
v 0.17407 0.250272 -0.209494
v 0.182846 0.268801 -0.202003
v 0.192692 0.268801 -0.192692
v 0.202002 0.268801 -0.182846
v 0.218377 0.268801 -0.161495
v 0.225493 0.268801 -0.152184
v 0.234269 0.268801 -0.139074
v 0.240905 0.253581 -0.129389
v 0.244062 0.248618 -0.122111
v 0.252356 0.250272 -0.101991
v 0.240637 0.268801 -0.128693
v 0.244062 0.287329 -0.118419
v 0.243312 0.305858 -0.116653
v 0.242296 0.324552 -0.114138
v 0.255887 0.323063 -0.0817107
v 0.259687 0.31595 -0.0743798
v 0.258991 0.328357 -0.0712227
v 0.26081 0.323063 -0.0649619
v 0.258349 0.344239 -0.0649619
v 0.259526 0.351353 -0.0547414
v 0.261292 0.344239 -0.047678
v 0.264075 0.343081 -0.027772
v 0.266429 0.343081 -0.00925734
v 0.259847 0.390395 0.0014983
v 0.263754 0.361609 0.00925734
v 0.260329 0.356481 0.0423804
v 0.25867 0.362106 0.047678
v 0.25578 0.380138 0.0463402
v 0.252409 0.380138 0.0649084
v 0.243848 0.398667 0.0808011
v -0.00470893 0.72391 0.111837
v -0.00925733 0.75253 0.0913427
v -0.0464472 0.75253 0.0798379
v -0.0766806 0.688342 0.113121
v -0.0819782 0.675438 0.119436
v -0.0872222 0.662203 0.125696
v -0.129281 0.611415 0.129282
v -0.131154 0.576674 0.149402
v -0.133509 0.599007 0.133509
v -0.135168 0.56559 0.152505
v -0.105844 0.643344 0.125643
v -0.0953558 0.67031 0.113336
v -0.1006 0.656909 0.119489
v -0.113282 0.651615 0.113282
v -0.165241 0.553182 0.127623
v -0.168451 0.540775 0.131797
v -0.164277 0.528532 0.144907
v -0.14587 0.589081 0.126553
v -0.149401 0.576674 0.131155
v -0.152505 0.56559 0.135168
v -0.162565 0.567079 0.121095
v -0.171394 0.528532 0.135649
v -0.180652 0.528532 0.123556
v -0.185521 0.537962 0.111409
v -0.187554 0.528532 0.114299
v -0.190979 0.509508 0.121041
v -0.198899 0.491971 0.120078
v -0.20532 0.486016 0.11355
v -0.218056 0.435393 0.119596
v -0.221641 0.441349 0.109055
v -0.223193 0.429107 0.112747
v -0.224691 0.417195 0.116225
v -0.235072 0.398667 0.101991
v 0.242242 0.412563 0.0769483
v 0.230684 0.417195 0.101991
v 0.233681 0.435724 0.0834231
v 0.224156 0.450282 0.0966937
v 0.220089 0.455576 0.102526
v 0.214791 0.472781 0.101991
v 0.20318 0.498423 0.109376
v 0.193922 0.528532 0.101991
v 0.187447 0.545241 0.100439
v 0.185682 0.556822 0.0932155
v 0.167327 0.59421 0.0933761
v 0.166471 0.574192 0.110713
v 0.16995 0.561785 0.115262
v 0.175408 0.545572 0.119489
v 0.153789 0.583457 0.120452
v 0.150579 0.596857 0.114192
v 0.140037 0.604136 0.121737
v 0.130138 0.630936 0.111677
v 0.125643 0.643344 0.105844
v 0.119489 0.656909 0.1006
v 0.113335 0.67031 0.0953559
v 0.107717 0.664023 0.107717
v 0.0890416 0.682717 0.108413
v 0.0960514 0.689996 0.0960516
v 0.0833159 0.69529 0.101884
v 0.0776438 0.707698 0.0954095
v 0.0651223 0.75253 0.0651224
v -0.244062 0.248618 -0.122111
v -0.240905 0.253581 -0.129389
v -0.252356 0.250272 -0.101991
v -0.266429 0.343081 -0.00925734
v -0.264075 0.343081 -0.027772
v -0.26081 0.323063 -0.0649619
v -0.258991 0.328357 -0.0712227
v -0.259687 0.31595 -0.0743798
v -0.261292 0.344239 -0.047678
v -0.259526 0.351353 -0.0547414
v -0.258349 0.344239 -0.0649619
v -0.255887 0.323063 -0.0817107
v -0.242296 0.324552 -0.114138
v -0.243312 0.305858 -0.116653
v -0.244062 0.287329 -0.118419
v -0.240637 0.268801 -0.128693
v -0.252409 0.380138 0.0649084
v -0.243848 0.398667 0.0808011
v -0.260329 0.356481 0.0423804
v -0.263754 0.361609 0.00925734
v -0.25578 0.380138 0.0463402
v -0.25867 0.362106 0.047678
v -0.259847 0.390395 0.0014983
v -0.234269 0.268801 -0.139074
v -0.225493 0.268801 -0.152184
v -0.218377 0.268801 -0.161495
v -0.202002 0.268801 -0.182846
v -0.192692 0.268801 -0.192692
v -0.182846 0.268801 -0.202003
v -0.17407 0.250272 -0.209494
v -0.152719 0.250272 -0.225868
v -0.137201 0.248618 -0.236249
v -0.129817 0.241173 -0.241065
v -0.0649083 0.231744 -0.265573
v -0.0463401 0.231744 -0.268463
v -0.027772 0.231744 -0.270924
v -0.00925733 0.231744 -0.273332
v -0.0793026 0.250272 -0.261721
v -0.0649083 0.250272 -0.26552
v 0.00925733 0.250272 -0.273279
v 0.027772 0.250272 -0.270871
v 0.0463401 0.250272 -0.268409
v 0.0463401 0.268801 -0.267821
v 0.0649083 0.268801 -0.264878
v 0.0785 0.268801 -0.261399
v 0.08856 0.250272 -0.257921
v 0.122111 0.248618 -0.244062
v 0.129389 0.253581 -0.240905
v 0.101991 0.250272 -0.252356
v 0.139074 0.268801 -0.23427
v 0.152184 0.268801 -0.225494
v 0.161495 0.268801 -0.218377
v 0.172946 0.287329 -0.208638
v 0.182203 0.287329 -0.201521
v 0.19221 0.287329 -0.19221
v 0.201521 0.287329 -0.182204
v 0.208638 0.287329 -0.172946
v 0.217895 0.287329 -0.160853
v 0.225012 0.287329 -0.151542
v 0.23336 0.287329 -0.139074
v 0.240209 0.287329 -0.127676
v 0.23946 0.305858 -0.125911
v 0.23839 0.324552 -0.123396
v 0.241547 0.337125 -0.112319
v 0.25273 0.343081 -0.0834231
v 0.249841 0.361609 -0.0834231
v 0.255673 0.361609 -0.0649084
v 0.260329 0.356481 -0.0423804
v 0.263754 0.361609 -0.00925734
v 0.252409 0.380138 -0.0649084
v 0.25578 0.380138 -0.0463402
v 0.25867 0.362106 -0.047678
v 0.259847 0.390395 -0.0014983
v 0.259045 0.385928 0.0138593
v 0.241493 0.46484 0.00310362
v 0.248664 0.435724 0.00925734
v 0.253051 0.417195 0.00925734
v 0.257546 0.397343 0.00829415
v 0.254764 0.398667 0.027772
v 0.252302 0.398667 0.0463402
v 0.258242 0.379973 0.0280396
v 0.248824 0.398667 0.0649084
v -0.0545808 0.75253 0.0735771
v -0.0776438 0.707698 0.0954095
v -0.0890416 0.682717 0.108413
v -0.0833159 0.69529 0.101884
v -0.140037 0.604136 0.121737
v -0.130138 0.630936 0.111677
v -0.0960514 0.689996 0.0960516
v -0.107717 0.664023 0.107717
v -0.113335 0.67031 0.0953559
v -0.119489 0.656909 0.1006
v -0.125643 0.643344 0.105844
v -0.16995 0.561785 0.115262
v -0.175408 0.545572 0.119489
v -0.150579 0.596857 0.114192
v -0.153789 0.583457 0.120452
v -0.166471 0.574192 0.110713
v -0.167327 0.59421 0.0934296
v -0.185682 0.556822 0.0932155
v -0.187447 0.545241 0.100439
v -0.193922 0.528532 0.101991
v -0.20318 0.498423 0.109376
v -0.214791 0.472781 0.101991
v -0.220089 0.455576 0.102526
v -0.224156 0.450282 0.0966937
v -0.233681 0.435724 0.0834231
v -0.242242 0.412563 0.0769483
v -0.230684 0.417195 0.101991
v 0.24069 0.424805 0.072721
v 0.235018 0.454253 0.0649084
v 0.22742 0.455576 0.0848679
v 0.222229 0.46269 0.0920383
v 0.222764 0.482873 0.0747544
v 0.208156 0.491971 0.102687
v 0.217413 0.489986 0.0819248
v 0.208798 0.510831 0.0842792
v 0.205748 0.505041 0.0970148
v 0.203287 0.517448 0.0910216
v 0.200986 0.510831 0.102687
v 0.201253 0.52936 0.0842792
v 0.194136 0.547061 0.0834231
v 0.201093 0.547723 0.0658181
v 0.191728 0.567244 0.0664602
v 0.187822 0.579817 0.0613232
v 0.185254 0.574523 0.0736841
v 0.176478 0.584118 0.0834231
v 0.151167 0.616378 0.0965332
v 0.157053 0.601654 0.101189
v 0.163635 0.584118 0.1067
v 0.183006 0.585276 0.0664602
v 0.169414 0.598015 0.0834231
v 0.163314 0.621506 0.0660321
v 0.150525 0.634079 0.0784466
v 0.147208 0.628785 0.0908075
v 0.146565 0.609264 0.108948
v 0.143087 0.622003 0.102419
v 0.133402 0.638215 0.1006
v 0.130405 0.649796 0.0934831
v 0.119436 0.675438 0.0819783
v 0.108412 0.682717 0.0890417
v 0.125696 0.662203 0.0872223
v 0.101884 0.69529 0.0833161
v 0.0954093 0.707698 0.0776439
v 0.0900048 0.702238 0.0900049
v 0.0798377 0.75253 0.0464472
v -0.259847 0.390395 -0.0014983
v -0.263754 0.361609 -0.00925734
v -0.255673 0.361609 -0.0649084
v -0.249841 0.361609 -0.0834231
v -0.25273 0.343081 -0.0834231
v -0.260329 0.356481 -0.0423804
v -0.25867 0.362106 -0.047678
v -0.25578 0.380138 -0.0463402
v -0.252409 0.380138 -0.0649084
v -0.241547 0.337125 -0.112319
v -0.23839 0.324552 -0.123396
v -0.23946 0.305858 -0.125911
v -0.240209 0.287329 -0.127676
v -0.23336 0.287329 -0.139074
v -0.248824 0.398667 0.0649084
v -0.252302 0.398667 0.0463402
v -0.258242 0.379973 0.0280396
v -0.259045 0.385928 0.0138593
v -0.254764 0.398667 0.027772
v -0.257546 0.397343 0.00829415
v -0.253051 0.417195 0.00925734
v -0.248664 0.435724 0.00925734
v -0.241493 0.46484 0.00310362
v -0.225012 0.287329 -0.151542
v -0.217895 0.287329 -0.160853
v -0.208638 0.287329 -0.172946
v -0.201521 0.287329 -0.182204
v -0.19221 0.287329 -0.19221
v -0.182203 0.287329 -0.201521
v -0.172946 0.287329 -0.208638
v -0.161495 0.268801 -0.218377
v -0.152184 0.268801 -0.225494
v -0.139074 0.268801 -0.23427
v -0.129389 0.253581 -0.240905
v -0.122111 0.248618 -0.244062
v -0.101991 0.250272 -0.252356
v -0.08856 0.250272 -0.257921
v -0.0463401 0.250272 -0.268409
v -0.027772 0.250272 -0.270871
v -0.00925733 0.250272 -0.273279
v -0.0785 0.268801 -0.261399
v -0.0649083 0.268801 -0.264878
v -0.0463401 0.268801 -0.267821
v 0.00925733 0.268801 -0.272637
v 0.027772 0.287329 -0.26948
v 0.0463401 0.287329 -0.267018
v 0.0649083 0.287329 -0.264075
v 0.0774833 0.287329 -0.260971
v 0.0877573 0.268801 -0.2576
v 0.128693 0.268801 -0.240637
v 0.139074 0.287329 -0.23336
v 0.151542 0.287329 -0.225012
v 0.160853 0.287329 -0.217895
v 0.150472 0.305858 -0.224156
v 0.171822 0.305858 -0.207782
v 0.18108 0.305858 -0.200665
v 0.191354 0.305858 -0.191354
v 0.200665 0.305858 -0.18108
v 0.207781 0.305858 -0.171823
v 0.224156 0.305858 -0.150472
v 0.231808 0.305858 -0.139074
v 0.227955 0.343081 -0.137897
v 0.22651 0.361609 -0.135703
v 0.237801 0.343246 -0.119329
v 0.240744 0.349533 -0.110392
v 0.24449 0.343246 -0.103329
v 0.239674 0.361609 -0.107931
v 0.238604 0.381792 -0.10167
v 0.245399 0.381792 -0.0851889
v 0.243848 0.398667 -0.0808011
v 0.258242 0.379973 -0.0280396
v 0.259045 0.385928 -0.0138593
v 0.248824 0.398667 -0.0649084
v 0.252302 0.398667 -0.0463402
v 0.257546 0.397343 -0.00829415
v 0.253051 0.417195 -0.00925734
v 0.248664 0.435724 -0.00925734
v 0.241493 0.46484 -0.00310362
v 0.254764 0.398667 -0.027772
v 0.222978 0.520426 0.00337117
v 0.232503 0.491475 0.00925734
v 0.238604 0.471789 0.00925734
v 0.24069 0.462193 0.0154646
v 0.243473 0.455411 0.00925734
v 0.242563 0.450282 0.027772
v 0.241654 0.447139 0.0415778
v 0.240851 0.444161 0.0539922
v 0.246309 0.435724 0.027772
v 0.248235 0.417195 0.0463402
v 0.242349 0.431753 0.06036
v 0.244169 0.418022 0.0658716
v -0.0651223 0.75253 0.0651224
v -0.0900048 0.702238 0.0900049
v -0.146565 0.609264 0.108948
v -0.133402 0.638215 0.1006
v -0.147208 0.628785 0.0908075
v -0.143087 0.622003 0.102419
v -0.0954093 0.707698 0.0776439
v -0.101884 0.69529 0.0833161
v -0.108412 0.682717 0.0890417
v -0.119436 0.675438 0.0819783
v -0.125696 0.662203 0.0872223
v -0.130405 0.649796 0.0934831
v -0.151167 0.616378 0.0965332
v -0.157053 0.601654 0.101189
v -0.163635 0.584118 0.1067
v -0.163314 0.621506 0.0660321
v -0.169414 0.598015 0.0834231
v -0.183006 0.585276 0.0664602
v -0.176478 0.584118 0.0834231
v -0.150525 0.634079 0.0784466
v -0.201093 0.547723 0.0658181
v -0.194136 0.547061 0.0834231
v -0.185254 0.574523 0.0736841
v -0.187822 0.579817 0.0613232
v -0.191728 0.567244 0.0664602
v -0.201253 0.52936 0.0842792
v -0.200986 0.510831 0.10274
v -0.205748 0.505041 0.0970148
v -0.208798 0.510831 0.0842792
v -0.217413 0.489986 0.0819248
v -0.208156 0.491971 0.10274
v -0.203287 0.517448 0.0910216
v -0.222818 0.482873 0.0747544
v -0.222229 0.46269 0.0920383
v -0.22742 0.455576 0.0848679
v -0.235018 0.454253 0.0649084
v -0.24069 0.424805 0.072721
v 0.239513 0.437047 0.0658716
v 0.222871 0.501567 0.0566142
v 0.229293 0.472781 0.0649084
v 0.224423 0.472781 0.0787141
v 0.224263 0.489986 0.0636241
v 0.220678 0.49528 0.0689752
v 0.217627 0.50868 0.0636241
v 0.208691 0.52936 0.0658181
v 0.205855 0.5239 0.0786606
v 0.20334 0.536142 0.0726674
v 0.205802 0.542098 0.060253
v 0.184825 0.592225 0.0528685
v 0.173214 0.60397 0.0660321
v 0.166364 0.611084 0.072935
v 0.165455 0.627958 0.0508351
v 0.15304 0.640035 0.0643733
v 0.168933 0.615551 0.060574
v 0.146672 0.646487 0.0701524
v 0.130245 0.668324 0.0748614
v 0.113121 0.688342 0.0766807
v 0.111623 0.705216 0.0562932
v 0.0882389 0.75253 0.0276115
v -0.241493 0.46484 -0.00310362
v -0.248664 0.435724 -0.00925734
v -0.253051 0.417195 -0.00925734
v -0.257546 0.397343 -0.00829415
v -0.254764 0.398667 -0.027772
v -0.252302 0.398667 -0.0463402
v -0.259045 0.385928 -0.0138593
v -0.258242 0.379973 -0.0280396
v -0.239674 0.361609 -0.107931
v -0.240744 0.349533 -0.110392
v -0.243848 0.398667 -0.0808011
v -0.245399 0.381792 -0.0851889
v -0.238604 0.381792 -0.10167
v -0.24449 0.343246 -0.103329
v -0.248824 0.398667 -0.0649084
v -0.237801 0.343246 -0.119329
v -0.22651 0.361609 -0.135703
v -0.227955 0.343081 -0.137897
v -0.231808 0.305858 -0.139074
v -0.244169 0.418022 0.0658716
v -0.242349 0.431753 0.06036
v -0.240851 0.444161 0.0539922
v -0.248235 0.417195 0.0463402
v -0.246309 0.435724 0.027772
v -0.241654 0.447139 0.0415778
v -0.242563 0.450282 0.027772
v -0.243473 0.455411 0.00925734
v -0.238604 0.471789 0.00925734
v -0.232503 0.491475 0.00925734
v -0.222978 0.520426 0.00337117
v -0.24069 0.462193 0.0154646
v -0.224156 0.305858 -0.150472
v -0.207781 0.305858 -0.171823
v -0.200665 0.305858 -0.18108
v -0.191354 0.305858 -0.191354
v -0.18108 0.305858 -0.200665
v -0.171822 0.305858 -0.207782
v -0.150472 0.305858 -0.224156
v -0.160853 0.287329 -0.217895
v -0.151542 0.287329 -0.225012
v -0.139074 0.287329 -0.23336
v -0.128693 0.268801 -0.240637
v -0.0877573 0.268801 -0.2576
v -0.00925733 0.268801 -0.272637
v -0.0774833 0.287329 -0.260971
v -0.0649083 0.287329 -0.264075
v -0.0463401 0.287329 -0.267018
v -0.027772 0.287329 -0.26948
v 0.00925733 0.287329 -0.271834
v 0.00925733 0.305858 -0.270496
v 0.0463401 0.305858 -0.26568
v 0.0649083 0.305858 -0.262684
v 0.0757174 0.305858 -0.260276
v 0.0867406 0.287329 -0.257172
v 0.118419 0.287329 -0.244062
v 0.127676 0.287329 -0.240209
v 0.139074 0.305858 -0.231808
v 0.14084 0.32571 -0.228223
v 0.149241 0.320416 -0.223193
v 0.156304 0.32571 -0.217093
v 0.179528 0.324552 -0.199434
v 0.188839 0.343081 -0.188839
v 0.190177 0.324552 -0.190177
v 0.199434 0.324552 -0.179528
v 0.217092 0.32571 -0.156305
v 0.223193 0.320416 -0.149241
v 0.228223 0.32571 -0.14084
v 0.22239 0.332658 -0.148171
v 0.221641 0.343081 -0.147154
v 0.234376 0.361609 -0.120506
v 0.219928 0.361609 -0.14496
v 0.224744 0.380138 -0.133134
v 0.241012 0.389071 -0.0925734
v 0.230952 0.380138 -0.120506
v 0.235072 0.398667 -0.101991
v 0.242242 0.412563 -0.0769483
v 0.24069 0.424805 -0.072721
v 0.244169 0.418022 -0.0658716
v 0.242349 0.431753 -0.06036
v 0.240851 0.444161 -0.0539922
v 0.248235 0.417195 -0.0463402
v 0.246309 0.435724 -0.027772
v 0.241654 0.447139 -0.0415778
v 0.242563 0.450282 -0.027772
v 0.243473 0.455411 -0.00925734
v 0.238604 0.471789 -0.00925734
v 0.232503 0.491475 -0.00925734
v 0.222978 0.520426 -0.00337117
v 0.24069 0.462193 -0.0154646
v 0.2256 0.511327 0.00941787
v 0.211848 0.547061 0.00925734
v 0.219607 0.527374 0.00941787
v 0.223621 0.503717 0.0463402
v 0.230149 0.491475 0.027772
v 0.235875 0.472781 0.027772
v 0.239888 0.459546 0.027772
v 0.239032 0.453756 0.0471964
v 0.233413 0.472781 0.0463402
v -0.073577 0.75253 0.0545808
v -0.130245 0.668324 0.0748614
v -0.0798377 0.75253 0.0464472
v -0.113121 0.688342 0.0766807
v -0.168933 0.615551 0.060574
v -0.166364 0.611084 0.072935
v -0.15304 0.640035 0.0643733
v -0.165455 0.627958 0.0508351
v -0.173214 0.60397 0.0660321
v -0.184825 0.592225 0.0528685
v -0.146672 0.646487 0.0701524
v -0.205802 0.542098 0.060253
v -0.20334 0.536142 0.0726674
v -0.205855 0.5239 0.0786606
v -0.217627 0.50868 0.0636241
v -0.220678 0.49528 0.0689752
v -0.208691 0.52936 0.0658181
v -0.222871 0.501567 0.0566142
v -0.224263 0.489986 0.0636241
v -0.229293 0.472781 0.0649084
v -0.239513 0.437047 0.0658716
v 0.220142 0.512982 0.0463402
v 0.214256 0.528532 0.0463402
v 0.20318 0.554506 0.0502465
v 0.227687 0.491475 0.0463402
v 0.189427 0.585276 0.0465543
v 0.186163 0.594872 0.0405075
v 0.167274 0.631267 0.0384741
v 0.16096 0.638381 0.0453235
v 0.151274 0.653766 0.0463402
v 0.149241 0.650457 0.0577915
v 0.132439 0.671468 0.0649084
v 0.128639 0.684537 0.052815
v 0.132546 0.689996 0.027772
v 0.111034 0.722918 0.0170699
v 0.0913425 0.75253 0.00925734
v 0.131154 0.688011 0.040454
v -0.24069 0.462193 -0.0154646
v -0.243473 0.455411 -0.00925734
v -0.222978 0.520426 -0.00337117
v -0.232503 0.491475 -0.00925734
v -0.238604 0.471789 -0.00925734
v -0.242563 0.450282 -0.027772
v -0.241654 0.447139 -0.0415778
v -0.240851 0.444161 -0.0539922
v -0.246309 0.435724 -0.027772
v -0.248235 0.417195 -0.0463402
v -0.234376 0.361609 -0.120506
v -0.235072 0.398667 -0.101991
v -0.241012 0.389071 -0.0925734
v -0.242242 0.412563 -0.0769483
v -0.230952 0.380138 -0.120506
v -0.242349 0.431753 -0.06036
v -0.244169 0.418022 -0.0658716
v -0.24069 0.424805 -0.072721
v -0.219928 0.361609 -0.14496
v -0.221641 0.343081 -0.147154
v -0.224744 0.380138 -0.133134
v -0.22239 0.332658 -0.148171
v -0.228223 0.32571 -0.14084
v -0.233413 0.472781 0.0463402
v -0.239032 0.453756 0.0471964
v -0.239888 0.459546 0.027772
v -0.235875 0.472781 0.027772
v -0.230149 0.491475 0.027772
v -0.223621 0.503717 0.0463402
v -0.2256 0.511327 0.00941787
v -0.219607 0.527374 0.00941787
v -0.211848 0.547061 0.00925734
v -0.223193 0.320416 -0.149241
v -0.217092 0.32571 -0.156305
v -0.199434 0.324552 -0.179528
v -0.188839 0.343081 -0.188839
v -0.190177 0.324552 -0.190177
v -0.179528 0.324552 -0.199434
v -0.156304 0.32571 -0.217093
v -0.149241 0.320416 -0.223193
v -0.14084 0.32571 -0.228223
v -0.139074 0.305858 -0.231808
v -0.127676 0.287329 -0.240209
v -0.118419 0.287329 -0.244062
v -0.0867406 0.287329 -0.257172
v -0.00925733 0.287329 -0.271834
v -0.0757174 0.305858 -0.260276
v -0.0649083 0.305858 -0.262684
v -0.0463401 0.305858 -0.26568
v -0.00925733 0.305858 -0.270496
v 0.00925733 0.324552 -0.26857
v 0.027772 0.324552 -0.266162
v 0.0463401 0.324552 -0.2637
v 0.0588616 0.338945 -0.260276
v 0.0649618 0.323063 -0.260811
v 0.0712225 0.328357 -0.258991
v 0.0743797 0.31595 -0.259687
v 0.0817106 0.323063 -0.255888
v 0.114138 0.324552 -0.242296
v 0.116653 0.305858 -0.243313
v 0.12591 0.305858 -0.23946
v 0.137897 0.343081 -0.227955
v 0.148171 0.332658 -0.22239
v 0.157642 0.343081 -0.213614
v 0.177816 0.343081 -0.198096
v 0.198096 0.343081 -0.177816
v 0.187126 0.361609 -0.187127
v 0.213614 0.343081 -0.157642
v 0.204357 0.353999 -0.167381
v 0.22346 0.393538 -0.131155
v 0.208691 0.380138 -0.154485
v 0.217948 0.380138 -0.142392
v 0.226564 0.399328 -0.121737
v 0.224691 0.417195 -0.116225
v 0.230684 0.417195 -0.101991
v 0.221641 0.441349 -0.109055
v 0.233681 0.435724 -0.0834231
v 0.235018 0.454253 -0.0649084
v 0.239513 0.437047 -0.0658716
v 0.222871 0.501567 -0.0566142
v 0.233413 0.472781 -0.0463402
v 0.239032 0.453756 -0.0471964
v 0.239888 0.459546 -0.027772
v 0.235875 0.472781 -0.027772
v 0.230149 0.491475 -0.027772
v 0.223621 0.503717 -0.0463402
v 0.2256 0.511327 -0.00941787
v 0.219607 0.527374 -0.00941787
v 0.211848 0.547061 -0.00925734
v 0.205962 0.560792 0.00925734
v 0.204785 0.558145 0.027772
v 0.20944 0.547061 0.027772
v 0.216771 0.528532 0.027772
v -0.128639 0.684537 0.052815
v -0.132439 0.671468 0.0649084
v -0.111623 0.705216 0.0562932
v -0.0875968 0.75253 0.0300195
v -0.149241 0.650457 0.0577915
v -0.151274 0.653766 0.0463402
v -0.16096 0.638381 0.0453235
v -0.167274 0.631267 0.0384741
v -0.186163 0.594872 0.0405075
v -0.189427 0.585276 0.0465543
v -0.20318 0.554506 0.0502465
v -0.214256 0.528532 0.0463402
v -0.220142 0.512982 0.0463402
v -0.227687 0.491475 0.0463402
v 0.206765 0.547723 0.0450024
v 0.204089 0.556656 0.0378855
v 0.193013 0.584118 0.027772
v 0.187126 0.596691 0.027772
v 0.182257 0.605956 0.027772
v 0.168077 0.632591 0.027772
v 0.162726 0.641855 0.027772
v 0.147529 0.666339 0.0311967
v 0.174177 0.621176 0.027772
v 0.145388 0.66303 0.0463402
v 0.135649 0.677754 0.0465007
v 0.133883 0.691981 0.00925734
v 0.142606 0.675107 0.0261132
v 0.0913425 0.75253 -0.00925734
v 0.111837 0.72391 0.00465543
v -0.239888 0.459546 -0.027772
v -0.211848 0.547061 -0.00925734
v -0.219607 0.527374 -0.00941787
v -0.2256 0.511327 -0.00941787
v -0.223621 0.503717 -0.0463402
v -0.230149 0.491475 -0.027772
v -0.235875 0.472781 -0.027772
v -0.239032 0.453756 -0.0471964
v -0.233413 0.472781 -0.0463402
v -0.222871 0.501567 -0.0566142
v -0.235018 0.454253 -0.0649084
v -0.239513 0.437047 -0.0658716
v -0.22346 0.393538 -0.131155
v -0.226564 0.399328 -0.121737
v -0.230684 0.417195 -0.101991
v -0.224691 0.417195 -0.116225
v -0.233681 0.435724 -0.0834231
v -0.221641 0.441349 -0.109055
v -0.217948 0.380138 -0.142392
v -0.208691 0.380138 -0.154485
v -0.204357 0.353999 -0.167381
v -0.213614 0.343081 -0.157642
v -0.216771 0.528532 0.027772
v -0.20944 0.547061 0.027772
v -0.204785 0.558145 0.027772
v -0.205962 0.560792 0.00925734
v -0.198096 0.343081 -0.177816
v -0.177816 0.343081 -0.198096
v -0.187126 0.361609 -0.187127
v -0.157642 0.343081 -0.213614
v -0.148171 0.332658 -0.22239
v -0.137897 0.343081 -0.227955
v -0.12591 0.305858 -0.23946
v -0.116653 0.305858 -0.243313
v -0.114138 0.324552 -0.242296
v -0.0817106 0.323063 -0.255888
v -0.0743797 0.31595 -0.259687
v -0.0712225 0.328357 -0.258991
v -0.0649618 0.323063 -0.260811
v -0.0588616 0.338945 -0.260276
v -0.0463401 0.324552 -0.2637
v -0.027772 0.324552 -0.266162
v -0.00925733 0.324552 -0.26857
v 0.00925733 0.343081 -0.266429
v 0.027772 0.343081 -0.264075
v 0.0476779 0.344239 -0.261292
v 0.0547413 0.351353 -0.259527
v 0.0649618 0.344239 -0.258349
v 0.0649083 0.361609 -0.255674
v 0.083423 0.361609 -0.249841
v 0.083423 0.343081 -0.252731
v 0.112319 0.337125 -0.241547
v 0.123395 0.324552 -0.23839
v 0.147154 0.343081 -0.221641
v 0.135703 0.361609 -0.226511
v 0.167381 0.353999 -0.204357
v 0.174605 0.360782 -0.197347
v 0.197347 0.360782 -0.174605
v 0.185896 0.373024 -0.185896
v 0.201574 0.380138 -0.163743
v 0.199434 0.398667 -0.16096
v 0.216825 0.399328 -0.138057
v 0.222015 0.405946 -0.128747
v 0.223193 0.429107 -0.112747
v 0.218056 0.435393 -0.119596
v 0.20532 0.486016 -0.11355
v 0.220089 0.455576 -0.102526
v 0.224156 0.450282 -0.0966937
v 0.22742 0.455576 -0.0848679
v 0.224423 0.472781 -0.0787141
v 0.222764 0.482873 -0.0747544
v 0.229293 0.472781 -0.0649084
v 0.217627 0.50868 -0.0636241
v 0.205802 0.542098 -0.060253
v 0.20318 0.554506 -0.0502465
v 0.214256 0.528532 -0.0463402
v 0.220142 0.512982 -0.0463402
v 0.227687 0.491475 -0.0463402
v 0.224263 0.489986 -0.0636241
v 0.220678 0.49528 -0.0689752
v 0.216771 0.528532 -0.027772
v 0.20944 0.547061 -0.027772
v 0.204785 0.558145 -0.027772
v 0.205962 0.560792 -0.00925734
v 0.201788 0.570056 0.00925734
v 0.200611 0.567409 0.027772
v -0.131154 0.688011 0.040454
v -0.135649 0.677754 0.0465007
v -0.0882389 0.75253 0.0276115
v -0.145388 0.66303 0.0463402
v -0.147529 0.666339 0.0311967
v -0.168077 0.632591 0.027772
v -0.174177 0.621176 0.027772
v -0.182257 0.605956 0.027772
v -0.162726 0.641855 0.027772
v -0.187126 0.596691 0.027772
v -0.193013 0.584118 0.027772
v -0.204089 0.556656 0.0378855
v -0.206765 0.547723 0.0450024
v 0.195421 0.584118 0.00925734
v 0.188304 0.599007 0.00925734
v 0.183434 0.608272 0.00925734
v 0.176585 0.621176 0.00925734
v 0.169307 0.634741 0.00925734
v 0.163956 0.644006 0.00925734
v 0.155341 0.658398 0.00925734
v 0.152452 0.659391 0.0261132
v 0.148385 0.667663 0.0188357
v 0.143141 0.677919 0.00925734
v 0.133883 0.691981 -0.00925734
v 0.0882389 0.75253 -0.0276115
v 0.111837 0.72391 -0.00465543
v 0.111034 0.722918 -0.0170699
v -0.205962 0.560792 -0.00925734
v -0.204785 0.558145 -0.027772
v -0.20944 0.547061 -0.027772
v -0.216771 0.528532 -0.027772
v -0.227687 0.491475 -0.0463402
v -0.220142 0.512982 -0.0463402
v -0.214256 0.528532 -0.0463402
v -0.20318 0.554506 -0.0502465
v -0.205802 0.542098 -0.060253
v -0.217627 0.50868 -0.0636241
v -0.220678 0.49528 -0.0689752
v -0.222818 0.482873 -0.0747544
v -0.224263 0.489986 -0.0636241
v -0.229293 0.472781 -0.0649084
v -0.22742 0.455576 -0.0848679
v -0.222015 0.405946 -0.128747
v -0.216825 0.399328 -0.138057
v -0.199434 0.398667 -0.16096
v -0.223193 0.429107 -0.112747
v -0.224156 0.450282 -0.0966937
v -0.220089 0.455576 -0.102526
v -0.20532 0.486016 -0.11355
v -0.218056 0.435393 -0.119596
v -0.201574 0.380138 -0.163743
v -0.197347 0.360782 -0.174605
v -0.200611 0.567409 0.027772
v -0.201788 0.570056 0.00925734
v -0.174605 0.360782 -0.197347
v -0.167381 0.353999 -0.204357
v -0.185896 0.373024 -0.185896
v -0.147154 0.343081 -0.221641
v -0.123395 0.324552 -0.23839
v -0.135703 0.361609 -0.226511
v -0.112319 0.337125 -0.241547
v -0.083423 0.343081 -0.252731
v -0.083423 0.361609 -0.249841
v -0.0649083 0.361609 -0.255674
v -0.0649618 0.344239 -0.258349
v -0.0547413 0.351353 -0.259527
v -0.0476779 0.344239 -0.261292
v -0.027772 0.343081 -0.264075
v -0.00925733 0.343081 -0.266429
v 0.0014983 0.390395 -0.259848
v 0.00925733 0.361609 -0.263754
v 0.0423268 0.356481 -0.260329
v 0.0463401 0.380138 -0.255781
v 0.0649083 0.380138 -0.25241
v 0.107931 0.361609 -0.239674
v 0.110392 0.349533 -0.240744
v 0.0808009 0.398667 -0.243848
v 0.0851888 0.381792 -0.2454
v 0.10167 0.381792 -0.238604
v 0.103329 0.343246 -0.24449
v 0.119329 0.343246 -0.237801
v 0.14496 0.361609 -0.219929
v 0.120506 0.361609 -0.234377
v 0.133134 0.380138 -0.224745
v 0.154485 0.380138 -0.208691
v 0.163742 0.380138 -0.201575
v 0.177334 0.379642 -0.191193
v 0.191193 0.379642 -0.177334
v 0.184344 0.385432 -0.184344
v 0.190123 0.398667 -0.172946
v 0.187608 0.417195 -0.169682
v 0.204892 0.411074 -0.149562
v 0.210243 0.417195 -0.140198
v 0.20837 0.435724 -0.135489
v 0.205962 0.450613 -0.132439
v 0.21035 0.455741 -0.122165
v 0.214791 0.472781 -0.101991
v 0.203768 0.462855 -0.129442
v 0.198899 0.491971 -0.120078
v 0.20318 0.498423 -0.109376
v 0.222229 0.46269 -0.0920383
v 0.208156 0.491971 -0.102687
v 0.217413 0.489986 -0.0819248
v 0.208798 0.510831 -0.0842792
v 0.208691 0.52936 -0.0658181
v 0.20334 0.536142 -0.0726674
v 0.201093 0.547723 -0.0658181
v 0.187822 0.579817 -0.0613232
v 0.184825 0.592225 -0.0528685
v 0.204089 0.556656 -0.0378855
v 0.206765 0.547723 -0.0450024
v 0.189427 0.585276 -0.0465543
v 0.186163 0.594872 -0.0405075
v 0.200611 0.567409 -0.027772
v 0.201788 0.570056 -0.00925734
v -0.132546 0.689996 0.027772
v -0.0913425 0.75253 0.00925734
v -0.111034 0.722918 0.0170699
v -0.148385 0.667663 0.0188357
v -0.155341 0.658398 0.00925734
v -0.152452 0.659391 0.0261132
v -0.142606 0.675107 0.0261132
v -0.143141 0.677919 0.00925734
v -0.169307 0.634741 0.00925734
v -0.176585 0.621176 0.00925734
v -0.183434 0.608272 0.00925734
v -0.163956 0.644006 0.00925734
v -0.188304 0.599007 0.00925734
v -0.195421 0.584118 0.00925734
v 0.195421 0.584118 -0.00925734
v 0.188304 0.599007 -0.00925734
v 0.183434 0.608272 -0.00925734
v 0.176585 0.621176 -0.00925734
v 0.169307 0.634741 -0.00925734
v 0.163956 0.644006 -0.00925734
v 0.155341 0.658398 -0.00925734
v 0.148973 0.668655 0.00925734
v 0.143141 0.677919 -0.00925734
v 0.142606 0.675107 -0.0261132
v 0.132546 0.689996 -0.027772
v 0.0875968 0.75253 -0.0300195
v 0.131154 0.688011 -0.040454
v -0.201788 0.570056 -0.00925734
v -0.204089 0.556656 -0.0378855
v -0.200611 0.567409 -0.027772
v -0.206765 0.547723 -0.0450024
v -0.186163 0.594872 -0.0405075
v -0.189427 0.585276 -0.0465543
v -0.184825 0.592225 -0.0528685
v -0.187822 0.579817 -0.0613232
v -0.201093 0.547723 -0.0658181
v -0.20334 0.536142 -0.0726674
v -0.208691 0.52936 -0.0658181
v -0.208798 0.510831 -0.0842792
v -0.217413 0.489986 -0.0819248
v -0.208156 0.491971 -0.10274
v -0.214791 0.472781 -0.101991
v -0.222229 0.46269 -0.0920383
v -0.21035 0.455741 -0.122165
v -0.205962 0.450613 -0.132439
v -0.20837 0.435724 -0.135489
v -0.210243 0.417195 -0.140198
v -0.204892 0.411074 -0.149562
v -0.190123 0.398667 -0.172946
v -0.191193 0.379642 -0.177334
v -0.187608 0.417195 -0.169682
v -0.203768 0.462855 -0.129442
v -0.20318 0.498423 -0.109376
v -0.198899 0.491971 -0.120078
v -0.177334 0.379642 -0.191193
v -0.163742 0.380138 -0.201575
v -0.154485 0.380138 -0.208691
v -0.14496 0.361609 -0.219929
v -0.184344 0.385432 -0.184344
v -0.119329 0.343246 -0.237801
v -0.120506 0.361609 -0.234377
v -0.133134 0.380138 -0.224745
v -0.110392 0.349533 -0.240744
v -0.103329 0.343246 -0.24449
v -0.0649083 0.380138 -0.25241
v -0.107931 0.361609 -0.239674
v -0.10167 0.381792 -0.238604
v -0.0851888 0.381792 -0.2454
v -0.0808009 0.398667 -0.243848
v -0.0423804 0.356481 -0.260329
v -0.00925733 0.361609 -0.263754
v -0.0463401 0.380138 -0.255781
v -0.0476779 0.362106 -0.25867
v -0.0014983 0.390395 -0.259848
v 0.00310361 0.46484 -0.241493
v 0.00925733 0.435724 -0.248664
v 0.00925733 0.417195 -0.253052
v 0.00829414 0.397343 -0.257547
v 0.027772 0.398667 -0.254764
v 0.0463401 0.398667 -0.252303
v 0.0138592 0.385928 -0.259045
v 0.0280395 0.379973 -0.258242
v 0.0280395 0.362106 -0.261239
v 0.0649083 0.398667 -0.248824
v 0.101991 0.398667 -0.235072
v 0.0925733 0.389071 -0.241012
v 0.0769482 0.412563 -0.242243
v 0.120506 0.380138 -0.230952
v 0.131154 0.393538 -0.22346
v 0.142392 0.380138 -0.217949
v 0.16096 0.398667 -0.199434
v 0.172946 0.398667 -0.190123
v 0.169682 0.417195 -0.187608
v 0.182257 0.398667 -0.182257
v 0.185949 0.428279 -0.167595
v 0.190979 0.435062 -0.158445
v 0.203073 0.423482 -0.147154
v 0.201253 0.435724 -0.1448
v 0.18413 0.440687 -0.165187
v 0.188946 0.454253 -0.15288
v 0.19922 0.455741 -0.138807
v 0.191889 0.472947 -0.140037
v 0.188999 0.491475 -0.134419
v 0.186591 0.503221 -0.131315
v 0.190979 0.509508 -0.121041
v 0.187554 0.528532 -0.114299
v 0.200986 0.510831 -0.102687
v 0.203287 0.517448 -0.0910216
v 0.205748 0.505041 -0.0970148
v 0.185521 0.537962 -0.111409
v 0.193922 0.528532 -0.101991
v 0.205855 0.5239 -0.0786606
v 0.201253 0.52936 -0.0842792
v 0.194136 0.547061 -0.0834231
v 0.185682 0.556822 -0.0932155
v 0.191728 0.567244 -0.0664602
v 0.185254 0.574523 -0.0736841
v 0.183006 0.585276 -0.0664602
v 0.169414 0.598015 -0.0834231
v 0.173214 0.60397 -0.0660321
v 0.168933 0.615551 -0.060574
v 0.165455 0.627958 -0.0508351
v 0.167274 0.631267 -0.0384741
v 0.193013 0.584118 -0.027772
v 0.182257 0.605956 -0.027772
v 0.187126 0.596691 -0.027772
v -0.133883 0.691981 0.00925734
v -0.0913425 0.75253 -0.00925734
v -0.111837 0.72391 0.00465543
v -0.148973 0.668655 0.00925734
v -0.155341 0.658398 -0.00925734
v -0.143141 0.677919 -0.00925734
v -0.169307 0.634741 -0.00925734
v -0.176585 0.621176 -0.00925734
v -0.183434 0.608272 -0.00925734
v -0.163956 0.644006 -0.00925734
v -0.188304 0.599007 -0.00925734
v -0.195421 0.584118 -0.00925734
v 0.174177 0.621176 -0.027772
v 0.168077 0.632591 -0.027772
v 0.162726 0.641855 -0.027772
v 0.152452 0.659391 -0.0261132
v 0.147529 0.666339 -0.0311967
v 0.148385 0.667663 -0.0188357
v 0.148973 0.668655 -0.00925734
v 0.111623 0.705216 -0.0562932
v 0.0798377 0.75253 -0.0464472
v 0.128639 0.684537 -0.052815
v 0.145388 0.66303 -0.0463402
v 0.135649 0.677754 -0.0465007
v -0.193013 0.584118 -0.027772
v -0.187126 0.596691 -0.027772
v -0.182257 0.605956 -0.027772
v -0.167274 0.631267 -0.0384741
v -0.168933 0.615551 -0.060574
v -0.173214 0.60397 -0.0660321
v -0.169414 0.598015 -0.0834231
v -0.183006 0.585276 -0.0664602
v -0.165455 0.627958 -0.0508351
v -0.185254 0.574523 -0.0736841
v -0.185682 0.556822 -0.0932155
v -0.191728 0.567244 -0.0664602
v -0.194136 0.547061 -0.0834231
v -0.201253 0.52936 -0.0842792
v -0.205855 0.5239 -0.0786606
v -0.205748 0.505041 -0.0970148
v -0.203287 0.517448 -0.0910216
v -0.19922 0.455741 -0.138807
v -0.188946 0.454253 -0.15288
v -0.18413 0.440687 -0.165187
v -0.201253 0.435724 -0.1448
v -0.203073 0.423482 -0.147154
v -0.190979 0.435062 -0.158445
v -0.185949 0.428279 -0.167595
v -0.182257 0.398667 -0.182257
v -0.186591 0.503221 -0.131315
v -0.188999 0.491475 -0.134419
v -0.191889 0.472947 -0.140037
v -0.200986 0.510831 -0.10274
v -0.193922 0.528532 -0.101991
v -0.185521 0.537962 -0.111409
v -0.187554 0.528532 -0.114299
v -0.190979 0.509508 -0.121041
v -0.172946 0.398667 -0.190123
v -0.16096 0.398667 -0.199434
v -0.131154 0.393538 -0.22346
v -0.142392 0.380138 -0.217949
v -0.169682 0.417195 -0.187608
v -0.120506 0.380138 -0.230952
v -0.0649083 0.398667 -0.248824
v -0.0463401 0.398667 -0.252303
v -0.0925733 0.389071 -0.241012
v -0.101991 0.398667 -0.235072
v -0.0769482 0.412563 -0.242243
v -0.0280395 0.379973 -0.258242
v -0.0138592 0.385928 -0.259045
v -0.027772 0.398667 -0.254764
v -0.00829414 0.397343 -0.257547
v -0.00925733 0.417195 -0.253052
v -0.00925733 0.435724 -0.248664
v -0.00310361 0.46484 -0.241493
v 0.00925733 0.471789 -0.238604
v 0.0154645 0.462193 -0.240691
v 0.00925733 0.455411 -0.243473
v 0.00337116 0.520426 -0.222979
v 0.00925733 0.491475 -0.232504
v 0.027772 0.450282 -0.242564
v 0.0416312 0.447139 -0.241654
v 0.0539921 0.444161 -0.240851
v 0.027772 0.435724 -0.246309
v 0.0463401 0.417195 -0.248236
v 0.0603599 0.431753 -0.24235
v 0.0658715 0.418188 -0.244169
v 0.121737 0.399328 -0.226564
v 0.101991 0.417195 -0.230684
v 0.116225 0.417195 -0.224691
v 0.0727208 0.424805 -0.240691
v 0.083423 0.435724 -0.233681
v 0.0832624 0.418188 -0.238229
v 0.128746 0.405946 -0.222016
v 0.138057 0.399328 -0.216825
v 0.149562 0.411074 -0.204892
v 0.167595 0.428279 -0.185949
v 0.165187 0.440687 -0.18413
v 0.172518 0.454253 -0.172518
v 0.16904 0.472781 -0.16904
v 0.167167 0.482707 -0.167167
v 0.181775 0.454253 -0.162137
v 0.179046 0.472947 -0.156679
v 0.186645 0.46666 -0.149883
v 0.18429 0.479068 -0.146833
v 0.181882 0.491475 -0.14373
v 0.171608 0.489986 -0.157749
v 0.169468 0.506199 -0.151703
v 0.166578 0.518606 -0.147957
v 0.164277 0.528532 -0.144907
v 0.171394 0.528532 -0.135649
v 0.180652 0.528532 -0.123556
v 0.168451 0.540775 -0.131797
v 0.175408 0.545572 -0.119489
v 0.16995 0.561785 -0.115262
v 0.166471 0.574192 -0.110713
v 0.167327 0.59421 -0.0933761
v 0.187447 0.545241 -0.100439
v 0.176478 0.584118 -0.0834231
v 0.163314 0.621506 -0.0660321
v 0.166364 0.611084 -0.072935
v 0.15304 0.640035 -0.0643733
v 0.149241 0.650457 -0.0577915
v 0.151274 0.653766 -0.0463402
v 0.16096 0.638381 -0.0453235
v -0.133883 0.691981 -0.00925734
v -0.0882389 0.75253 -0.0276115
v -0.111034 0.722918 -0.0170699
v -0.111837 0.72391 -0.00465543
v -0.148973 0.668655 -0.00925734
v -0.148385 0.667663 -0.0188357
v -0.147529 0.666339 -0.0311967
v -0.152452 0.659391 -0.0261132
v -0.162726 0.641855 -0.027772
v -0.142606 0.675107 -0.0261132
v -0.168077 0.632591 -0.027772
v -0.174177 0.621176 -0.027772
v 0.130245 0.668324 -0.0748614
v 0.0954093 0.707698 -0.0776439
v 0.073577 0.75253 -0.0545808
v 0.113121 0.688342 -0.0766807
v 0.132439 0.671468 -0.0649084
v -0.151274 0.653766 -0.0463402
v -0.16096 0.638381 -0.0453235
v -0.163314 0.621506 -0.0660321
v -0.166364 0.611084 -0.072935
v -0.167327 0.59421 -0.0934296
v -0.176478 0.584118 -0.0834231
v -0.149241 0.650457 -0.0577915
v -0.15304 0.640035 -0.0643733
v -0.187447 0.545241 -0.100439
v -0.181775 0.454253 -0.162137
v -0.186645 0.46666 -0.149883
v -0.179046 0.472947 -0.156679
v -0.167167 0.482707 -0.167167
v -0.16904 0.472781 -0.16904
v -0.172518 0.454253 -0.172518
v -0.165187 0.440687 -0.18413
v -0.167595 0.428279 -0.185949
v -0.169468 0.506199 -0.151703
v -0.171608 0.489986 -0.157749
v -0.181882 0.491475 -0.14373
v -0.180652 0.528532 -0.123556
v -0.171394 0.528532 -0.135649
v -0.164277 0.528532 -0.144907
v -0.166578 0.518606 -0.147957
v -0.18429 0.479068 -0.146833
v -0.166471 0.574192 -0.110713
v -0.16995 0.561785 -0.115262
v -0.175408 0.545572 -0.119489
v -0.168451 0.540775 -0.131797
v -0.138057 0.399328 -0.216825
v -0.149562 0.411074 -0.204892
v -0.128746 0.405946 -0.222016
v -0.121737 0.399328 -0.226564
v -0.0658715 0.418188 -0.244169
v -0.0603599 0.431753 -0.24235
v -0.0539921 0.444161 -0.240851
v -0.0463401 0.417195 -0.248236
v -0.116225 0.417195 -0.224691
v -0.101991 0.417195 -0.230684
v -0.0832624 0.418188 -0.238229
v -0.083423 0.435724 -0.233681
v -0.0727208 0.424805 -0.240691
v -0.027772 0.435724 -0.246309
v -0.0416312 0.447139 -0.241654
v -0.027772 0.450282 -0.242564
v -0.00925733 0.455411 -0.243473
v -0.0154645 0.462193 -0.240691
v -0.00925733 0.471789 -0.238604
v -0.00925733 0.491475 -0.232504
v -0.00337116 0.520426 -0.222979
v 0.027772 0.472781 -0.235875
v 0.027772 0.459546 -0.239888
v 0.027772 0.491475 -0.230149
v 0.00925733 0.547061 -0.211849
v 0.00941786 0.527374 -0.219608
v 0.00941786 0.511327 -0.225601
v 0.0463401 0.503717 -0.223621
v 0.0471963 0.453756 -0.239032
v 0.0463401 0.472781 -0.233413
v 0.0566142 0.501567 -0.222872
v 0.0649083 0.454253 -0.235019
v 0.0658715 0.437047 -0.239514
v 0.109055 0.441349 -0.221641
v 0.112747 0.429107 -0.223193
v 0.0848677 0.455576 -0.22742
v 0.0966936 0.450282 -0.224156
v 0.119596 0.435393 -0.218056
v 0.122165 0.455741 -0.21035
v 0.132439 0.450613 -0.205962
v 0.135489 0.435724 -0.20837
v 0.140198 0.417195 -0.210243
v 0.147154 0.423482 -0.203073
v 0.158445 0.435062 -0.190979
v 0.1448 0.435724 -0.201253
v 0.15288 0.454253 -0.188946
v 0.162137 0.454253 -0.181776
v 0.156679 0.472947 -0.179047
v 0.146833 0.479068 -0.184291
v 0.143729 0.491475 -0.181883
v 0.157749 0.489986 -0.171609
v 0.151702 0.506199 -0.169468
v 0.164063 0.495115 -0.164064
v 0.151328 0.543422 -0.151328
v 0.14801 0.555829 -0.14801
v 0.165241 0.553182 -0.127623
v 0.162565 0.567079 -0.121095
v 0.153789 0.583457 -0.120452
v 0.163635 0.584118 -0.1067
v 0.150579 0.596857 -0.114192
v 0.157053 0.601654 -0.101189
v 0.151167 0.616378 -0.0965332
v 0.147208 0.628785 -0.0908075
v 0.150525 0.634079 -0.0784466
v 0.146672 0.646487 -0.0701524
v -0.132546 0.689996 -0.027772
v -0.0798377 0.75253 -0.0464472
v -0.111623 0.705216 -0.0562932
v -0.128639 0.684537 -0.052815
v -0.131154 0.688011 -0.040454
v -0.145388 0.66303 -0.0463402
v 0.130405 0.649796 -0.0934831
v 0.125696 0.662203 -0.0872223
v 0.119436 0.675438 -0.0819783
v 0.101884 0.69529 -0.0833161
v 0.0960514 0.689996 -0.0960516
v 0.0900048 0.702238 -0.0900049
v 0.0651223 0.75253 -0.0651224
v 0.108412 0.682717 -0.0890417
v -0.150525 0.634079 -0.0784466
v -0.151167 0.616378 -0.0965332
v -0.157053 0.601654 -0.101189
v -0.150579 0.596857 -0.114192
v -0.163635 0.584118 -0.1067
v -0.147208 0.628785 -0.0908075
v -0.146672 0.646487 -0.0701524
v -0.135649 0.677754 -0.0465007
v -0.132439 0.671468 -0.0649084
v -0.146833 0.479068 -0.184291
v -0.156679 0.472947 -0.179047
v -0.162137 0.454253 -0.181776
v -0.164063 0.495115 -0.164064
v -0.151702 0.506199 -0.169468
v -0.157749 0.489986 -0.171609
v -0.143729 0.491475 -0.181883
v -0.15288 0.454253 -0.188946
v -0.132439 0.450613 -0.205962
v -0.135489 0.435724 -0.20837
v -0.1448 0.435724 -0.201253
v -0.158445 0.435062 -0.190979
v -0.151328 0.543422 -0.151328
v -0.14801 0.555829 -0.14801
v -0.153789 0.583457 -0.120452
v -0.162565 0.567079 -0.121095
v -0.165241 0.553182 -0.127623
v -0.147154 0.423482 -0.203073
v -0.140198 0.417195 -0.210243
v -0.122165 0.455741 -0.21035
v -0.119596 0.435393 -0.218056
v -0.109055 0.441349 -0.221641
v -0.112747 0.429107 -0.223193
v -0.0658715 0.437047 -0.239514
v -0.0649083 0.454253 -0.235019
v -0.0566142 0.501567 -0.222872
v -0.0463401 0.472781 -0.233413
v -0.0471963 0.453756 -0.239032
v -0.0966936 0.450282 -0.224156
v -0.0848677 0.455576 -0.22742
v -0.027772 0.459546 -0.239888
v -0.027772 0.472781 -0.235875
v -0.027772 0.491475 -0.230149
v -0.0463401 0.503717 -0.223621
v -0.00941786 0.511327 -0.225601
v -0.00941786 0.527374 -0.219608
v -0.00925733 0.547061 -0.211849
v 0.0463401 0.491475 -0.227688
v 0.00925733 0.560792 -0.205962
v 0.027772 0.558145 -0.204785
v 0.027772 0.547061 -0.209441
v 0.027772 0.528532 -0.216772
v 0.0463401 0.512982 -0.220143
v 0.0463401 0.528532 -0.214257
v 0.0502464 0.554506 -0.20318
v 0.0602529 0.542098 -0.205802
v 0.063624 0.50868 -0.217628
v 0.0689751 0.49528 -0.220678
v 0.063624 0.489986 -0.224263
v 0.0649083 0.472781 -0.229293
v 0.0747542 0.482873 -0.222765
v 0.0787675 0.472781 -0.224424
v 0.102526 0.455576 -0.220089
v 0.113549 0.486016 -0.20532
v 0.0920382 0.46269 -0.22223
v 0.129442 0.462855 -0.203768
v 0.138806 0.455741 -0.19922
v 0.140037 0.472947 -0.191889
v 0.149883 0.46666 -0.186645
v 0.134419 0.491475 -0.189
v 0.131315 0.503221 -0.186592
v 0.147957 0.518606 -0.166579
v 0.144907 0.528532 -0.164278
v 0.131796 0.540775 -0.168451
v 0.127623 0.553182 -0.165241
v 0.121094 0.567079 -0.162565
v 0.135168 0.56559 -0.152505
v 0.131154 0.576674 -0.149402
v 0.126552 0.589081 -0.14587
v 0.133509 0.599007 -0.133509
v 0.14587 0.589081 -0.126553
v 0.149401 0.576674 -0.131155
v 0.152505 0.56559 -0.135168
v 0.140037 0.604136 -0.121737
v 0.146565 0.609264 -0.108948
v 0.143087 0.622003 -0.102419
v 0.130138 0.630936 -0.111677
v 0.133402 0.638215 -0.1006
v -0.0651223 0.75253 -0.0651224
v -0.0954093 0.707698 -0.0776439
v -0.113121 0.688342 -0.0766807
v -0.130245 0.668324 -0.0748614
v 0.125643 0.643344 -0.105844
v 0.119489 0.656909 -0.1006
v 0.113335 0.67031 -0.0953559
v 0.0833159 0.69529 -0.101884
v 0.0776438 0.707698 -0.0954095
v 0.107717 0.664023 -0.107717
v 0.0953558 0.67031 -0.113336
v 0.0890416 0.682717 -0.108413
v 0.0545808 0.75253 -0.0735771
v -0.146565 0.609264 -0.108948
v -0.143087 0.622003 -0.102419
v -0.140037 0.604136 -0.121737
v -0.14587 0.589081 -0.126553
v -0.130405 0.649796 -0.0934831
v -0.133402 0.638215 -0.1006
v -0.130138 0.630936 -0.111677
v -0.140037 0.472947 -0.191889
v -0.149883 0.46666 -0.186645
v -0.131315 0.503221 -0.186592
v -0.147957 0.518606 -0.166579
v -0.134419 0.491475 -0.189
v -0.138806 0.455741 -0.19922
v -0.129442 0.462855 -0.203768
v -0.144907 0.528532 -0.164278
v -0.127623 0.553182 -0.165241
v -0.13993 0.548219 -0.158284
v -0.152505 0.56559 -0.135168
v -0.149401 0.576674 -0.131155
v -0.133509 0.599007 -0.133509
v -0.126552 0.589081 -0.14587
v -0.131154 0.576674 -0.149402
v -0.135168 0.56559 -0.152505
v -0.121094 0.567079 -0.162565
v -0.113549 0.486016 -0.20532
v -0.102526 0.455576 -0.220089
v -0.0787675 0.472781 -0.224424
v -0.0747542 0.482873 -0.222765
v -0.0649083 0.472781 -0.229293
v -0.063624 0.50868 -0.217628
v -0.0602529 0.542098 -0.205802
v -0.0502464 0.554506 -0.20318
v -0.0463401 0.528532 -0.214257
v -0.0463401 0.512982 -0.220143
v -0.0463401 0.491475 -0.227688
v -0.063624 0.489986 -0.224263
v -0.0689751 0.49528 -0.220678
v -0.0920382 0.46269 -0.22223
v -0.027772 0.528532 -0.216772
v -0.027772 0.547061 -0.209441
v -0.027772 0.558145 -0.204785
v -0.00925733 0.560792 -0.205962
v 0.00925733 0.570056 -0.201789
v 0.0378855 0.556656 -0.20409
v 0.027772 0.567409 -0.200611
v 0.0450024 0.547723 -0.206765
v 0.0405075 0.594872 -0.186163
v 0.0465542 0.585276 -0.189428
v 0.0528684 0.592225 -0.184826
v 0.0613231 0.579817 -0.187822
v 0.065818 0.547723 -0.201093
v 0.0726673 0.536142 -0.20334
v 0.065818 0.52936 -0.208691
v 0.0842791 0.510831 -0.208798
v 0.0819247 0.489986 -0.217414
v 0.101991 0.472781 -0.214792
v 0.10274 0.491971 -0.208156
v 0.109376 0.498423 -0.20318
v 0.120078 0.491971 -0.198899
v 0.121041 0.509508 -0.190979
v 0.114299 0.528532 -0.187555
v 0.111409 0.537962 -0.185521
v 0.123556 0.528532 -0.180652
v 0.135649 0.528532 -0.171395
v 0.119489 0.545572 -0.175408
v 0.115262 0.561785 -0.16995
v 0.110713 0.574192 -0.166472
v 0.120452 0.583457 -0.15379
v 0.114192 0.596857 -0.150579
v 0.121737 0.604136 -0.140037
v 0.129281 0.611415 -0.129282
v 0.113282 0.651615 -0.113282
v -0.0464472 0.75253 -0.0798379
v -0.0776438 0.707698 -0.0954095
v -0.0900048 0.702238 -0.0900049
v -0.0960514 0.689996 -0.0960516
v -0.101884 0.69529 -0.0833161
v -0.108412 0.682717 -0.0890417
v -0.119436 0.675438 -0.0819783
v -0.125696 0.662203 -0.0872223
v 0.0766806 0.688342 -0.113121
v 0.0464472 0.75253 -0.0798379
v 0.1006 0.656909 -0.119489
v 0.0934829 0.649796 -0.130405
v 0.0872222 0.662203 -0.125696
v 0.0819782 0.675438 -0.119436
v -0.129281 0.611415 -0.129282
v -0.119489 0.656909 -0.1006
v -0.125643 0.643344 -0.105844
v -0.113335 0.67031 -0.0953559
v -0.113282 0.651615 -0.113282
v -0.121041 0.509508 -0.190979
v -0.120078 0.491971 -0.198899
v -0.135649 0.528532 -0.171395
v -0.123556 0.528532 -0.180652
v -0.111409 0.537962 -0.185521
v -0.114299 0.528532 -0.187555
v -0.131796 0.540775 -0.168451
v -0.115262 0.561785 -0.16995
v -0.119489 0.545572 -0.175408
v -0.121737 0.604136 -0.140037
v -0.114192 0.596857 -0.150579
v -0.120452 0.583457 -0.15379
v -0.110713 0.574192 -0.166472
v -0.109376 0.498423 -0.20318
v -0.101991 0.472781 -0.214792
v -0.10274 0.491971 -0.208156
v -0.0819247 0.489986 -0.217414
v -0.0842791 0.510831 -0.208798
v -0.065818 0.52936 -0.208691
v -0.0726673 0.536142 -0.20334
v -0.065818 0.547723 -0.201093
v -0.0613231 0.579817 -0.187822
v -0.0528684 0.592225 -0.184826
v -0.0378855 0.556656 -0.20409
v -0.0450024 0.547723 -0.206765
v -0.0465542 0.585276 -0.189428
v -0.0405075 0.594872 -0.186163
v -0.027772 0.567409 -0.200611
v -0.00925733 0.570056 -0.201789
v 0.00925733 0.584118 -0.195421
v 0.027772 0.584118 -0.193013
v 0.027772 0.596691 -0.187127
v 0.027772 0.605956 -0.182257
v 0.0384741 0.631267 -0.167274
v 0.0605739 0.615551 -0.168933
v 0.066032 0.60397 -0.173214
v 0.083423 0.598015 -0.169415
v 0.0664601 0.585276 -0.183006
v 0.050835 0.627958 -0.165455
v 0.073684 0.574523 -0.185254
v 0.0932154 0.556822 -0.185682
v 0.0664601 0.567244 -0.191729
v 0.083423 0.547061 -0.194137
v 0.0842791 0.52936 -0.201253
v 0.0786605 0.5239 -0.205855
v 0.0970146 0.505041 -0.205748
v 0.0910214 0.517448 -0.203287
v 0.10274 0.510831 -0.200986
v 0.101991 0.528532 -0.193923
v 0.100439 0.545241 -0.187448
v 0.0933759 0.59421 -0.167328
v 0.1067 0.584118 -0.163636
v 0.101188 0.601654 -0.157054
v 0.096533 0.616378 -0.151168
v 0.108947 0.609264 -0.146566
v 0.111677 0.630936 -0.130138
v 0.105844 0.643344 -0.125643
v -0.0300194 0.75253 -0.0875969
v -0.0562931 0.705216 -0.111623
v -0.0748613 0.668324 -0.130245
v -0.0766806 0.688342 -0.113121
v -0.0833159 0.69529 -0.101884
v -0.0890416 0.682717 -0.108413
v -0.0953558 0.67031 -0.113336
v -0.107717 0.664023 -0.107717
v 0.0748613 0.668324 -0.130245
v 0.0562931 0.705216 -0.111623
v 0.0276114 0.75253 -0.088239
v 0.1006 0.638215 -0.133402
v 0.0908074 0.628785 -0.147208
v -0.111677 0.630936 -0.130138
v -0.1006 0.656909 -0.119489
v -0.105844 0.643344 -0.125643
v -0.0934294 0.59421 -0.167328
v -0.0932154 0.556822 -0.185682
v -0.100439 0.545241 -0.187448
v -0.101991 0.528532 -0.193923
v -0.108947 0.609264 -0.146566
v -0.096533 0.616378 -0.151168
v -0.101188 0.601654 -0.157054
v -0.1067 0.584118 -0.163636
v -0.10274 0.510831 -0.200986
v -0.0910214 0.517448 -0.203287
v -0.0970146 0.505041 -0.205748
v -0.0786605 0.5239 -0.205855
v -0.0842791 0.52936 -0.201253
v -0.083423 0.547061 -0.194137
v -0.0664601 0.567244 -0.191729
v -0.073684 0.574523 -0.185254
v -0.0664601 0.585276 -0.183006
v -0.083423 0.598015 -0.169415
v -0.066032 0.60397 -0.173214
v -0.0605739 0.615551 -0.168933
v -0.050835 0.627958 -0.165455
v -0.0384741 0.631267 -0.167274
v -0.027772 0.584118 -0.193013
v -0.027772 0.605956 -0.182257
v -0.027772 0.596691 -0.187127
v -0.00925733 0.584118 -0.195421
v 0.00925733 0.599007 -0.188304
v 0.00925733 0.608272 -0.183434
v 0.00925733 0.621176 -0.176585
v 0.027772 0.621176 -0.174177
v 0.027772 0.632591 -0.168077
v 0.027772 0.641855 -0.162726
v 0.0311967 0.666339 -0.147529
v 0.0463401 0.653766 -0.151275
v 0.0453234 0.638381 -0.16096
v 0.066032 0.621506 -0.163314
v 0.0729349 0.611084 -0.166365
v 0.083423 0.584118 -0.176478
v 0.0577914 0.650457 -0.149241
v 0.0643732 0.640035 -0.15304
v 0.0784465 0.634079 -0.150525
v 0.102419 0.622003 -0.143087
v -0.0276114 0.75253 -0.088239
v -0.040454 0.688011 -0.131155
v -0.0528149 0.684537 -0.12864
v -0.0649083 0.671468 -0.132439
v -0.0701523 0.646487 -0.146673
v -0.0784465 0.634079 -0.150525
v -0.0908074 0.628785 -0.147208
v -0.0934829 0.649796 -0.130405
v -0.0872222 0.662203 -0.125696
v -0.0819782 0.675438 -0.119436
v 0.0701523 0.646487 -0.146673
v 0.0649083 0.671468 -0.132439
v 0.0528149 0.684537 -0.12864
v 0.027772 0.689996 -0.132546
v 0.0170699 0.722918 -0.111035
v 0.00925733 0.75253 -0.0913427
v 0.040454 0.688011 -0.131155
v -0.1006 0.638215 -0.133402
v -0.102419 0.622003 -0.143087
v -0.066032 0.621506 -0.163314
v -0.083423 0.584118 -0.176478
v -0.0729349 0.611084 -0.166365
v -0.0643732 0.640035 -0.15304
v -0.0577914 0.650457 -0.149241
v -0.0463401 0.653766 -0.151275
v -0.0453234 0.638381 -0.16096
v -0.0311967 0.666339 -0.147529
v -0.027772 0.641855 -0.162726
v -0.027772 0.632591 -0.168077
v -0.027772 0.621176 -0.174177
v -0.00925733 0.621176 -0.176585
v -0.00925733 0.608272 -0.183434
v -0.00925733 0.599007 -0.188304
v 0.00925733 0.634741 -0.169308
v 0.00925733 0.644006 -0.163957
v 0.00925733 0.658398 -0.155341
v 0.0261131 0.659391 -0.152452
v 0.0463401 0.66303 -0.145388
v 0.0188357 0.667663 -0.148385
v 0.00925733 0.677919 -0.143141
v 0.0261131 0.675107 -0.142606
v 0.0465007 0.677754 -0.135649
v -0.00925733 0.75253 -0.0913427
v -0.0170699 0.722918 -0.111035
v -0.027772 0.689996 -0.132546
v -0.0463401 0.66303 -0.145388
v -0.0465007 0.677754 -0.135649
v 0.00925733 0.691981 -0.133884
v 0.00470893 0.72391 -0.111837
v -0.0188357 0.667663 -0.148385
v -0.00925733 0.658398 -0.155341
v -0.0261131 0.659391 -0.152452
v -0.0261131 0.675107 -0.142659
v -0.00925733 0.644006 -0.163957
v -0.00925733 0.634741 -0.169308
v 0.00925733 0.668655 -0.148974
v -0.00925733 0.677919 -0.143141
v -0.00470893 0.72391 -0.111837
v -0.00925733 0.691981 -0.133884
v -0.00925733 0.668655 -0.148974
f 1 2 7
f 1 7 3
f 1 3 9
f 1 9 4
f 1 4 13
f 1 13 5
f 1 5 8
f 1 8 2
f 2 6 19
f 2 19 7
f 2 8 20
f 2 20 6
f 3 7 10
f 3 10 11
f 3 11 22
f 3 22 9
f 4 9 21
f 4 21 12
f 4 12 30
f 4 30 13
f 5 13 34
f 5 34 14
f 5 14 15
f 5 15 16
f 5 16 17
f 5 17 8
f 6 18 26
f 6 26 19
f 6 20 18
f 7 19 10
f 8 17 20
f 9 22 23
f 9 23 21
f 10 24 25
f 10 25 11
f 10 19 26
f 10 26 27
f 10 27 51
f 10 51 24
f 11 25 28
f 11 28 46
f 11 46 22
f 12 21 45
f 12 45 29
f 12 29 58
f 12 58 30
f 13 30 31
f 13 31 32
f 13 32 33
f 13 33 34
f 14 34 66
f 14 66 35
f 14 35 36
f 14 36 37
f 14 37 15
f 15 37 16
f 16 37 38
f 16 38 17
f 17 38 39
f 17 39 40
f 17 40 41
f 17 41 42
f 17 42 20
f 18 43 26
f 18 20 42
f 18 42 44
f 18 44 43
f 21 23 45
f 22 46 47
f 22 47 23
f 23 47 48
f 23 48 82
f 23 82 49
f 23 49 50
f 23 50 45
f 24 51 52
f 24 52 25
f 25 52 53
f 25 53 28
f 26 43 54
f 26 54 55
f 26 55 27
f 27 55 56
f 27 56 51
f 28 53 80
f 28 80 46
f 29 45 50
f 29 50 57
f 29 57 58
f 30 58 31
f 31 59 60
f 31 60 32
f 31 58 61
f 31 61 62
f 31 62 63
f 31 63 59
f 32 60 64
f 32 64 33
f 33 64 34
f 34 64 65
f 34 65 66
f 35 66 106
f 35 106 67
f 35 67 68
f 35 68 36
f 36 68 37
f 37 68 38
f 38 68 69
f 38 69 39
f 39 70 71
f 39 71 40
f 39 69 70
f 40 72 73
f 40 73 74
f 40 74 75
f 40 75 76
f 40 76 41
f 40 71 72
f 41 76 79
f 41 79 44
f 41 44 42
f 43 77 78
f 43 78 54
f 43 44 79
f 43 79 75
f 43 75 77
f 46 80 47
f 47 80 81
f 47 81 48
f 48 81 82
f 49 83 50
f 49 82 84
f 49 84 83
f 50 85 86
f 50 86 57
f 50 83 85
f 51 56 87
f 51 87 88
f 51 88 52
f 52 88 89
f 52 89 90
f 52 90 91
f 52 91 92
f 52 92 53
f 53 92 124
f 53 124 80
f 54 78 93
f 54 93 94
f 54 94 55
f 55 94 95
f 55 95 56
f 56 95 87
f 57 86 96
f 57 96 61
f 57 61 58
f 59 63 97
f 59 97 98
f 59 98 99
f 59 99 60
f 60 99 100
f 60 100 64
f 61 96 62
f 62 101 63
f 62 96 135
f 62 135 101
f 63 101 102
f 63 102 103
f 63 103 104
f 63 104 105
f 63 105 97
f 64 100 65
f 65 100 66
f 66 100 106
f 67 106 153
f 67 153 209
f 67 209 274
f 67 274 273
f 67 273 350
f 67 350 440
f 67 440 542
f 67 542 652
f 67 652 780
f 67 780 779
f 67 779 911
f 67 911 793
f 67 793 668
f 67 668 664
f 67 664 553
f 67 553 448
f 67 448 355
f 67 355 278
f 67 278 215
f 67 215 214
f 67 214 163
f 67 163 107
f 67 107 68
f 68 107 69
f 69 108 70
f 69 107 108
f 70 108 71
f 71 108 109
f 71 109 110
f 71 110 111
f 71 111 72
f 72 112 113
f 72 113 114
f 72 114 115
f 72 115 116
f 72 116 73
f 72 111 112
f 73 116 117
f 73 117 77
f 73 77 118
f 73 118 74
f 74 118 77
f 74 77 75
f 75 79 76
f 77 119 78
f 77 117 119
f 78 119 120
f 78 120 121
f 78 121 122
f 78 122 123
f 78 123 93
f 80 124 81
f 81 125 82
f 81 124 126
f 81 126 127
f 81 127 128
f 81 128 125
f 82 125 129
f 82 129 84
f 83 84 131
f 83 131 130
f 83 130 132
f 83 132 85
f 84 129 131
f 85 132 133
f 85 133 86
f 86 133 134
f 86 134 102
f 86 102 135
f 86 135 96
f 87 95 136
f 87 136 137
f 87 137 138
f 87 138 139
f 87 139 140
f 87 140 88
f 88 140 141
f 88 141 142
f 88 142 89
f 89 141 143
f 89 143 144
f 89 144 90
f 89 142 141
f 90 144 145
f 90 145 146
f 90 146 91
f 91 146 92
f 92 146 147
f 92 147 172
f 92 172 124
f 93 123 121
f 93 121 94
f 94 121 148
f 94 148 136
f 94 136 95
f 97 149 150
f 97 150 151
f 97 151 152
f 97 152 98
f 97 105 149
f 98 152 99
f 99 152 153
f 99 153 100
f 100 153 106
f 101 135 102
f 102 134 103
f 103 154 104
f 103 134 154
f 104 155 105
f 104 154 134
f 104 134 156
f 104 156 155
f 105 155 157
f 105 157 158
f 105 158 159
f 105 159 160
f 105 160 149
f 107 161 162
f 107 162 108
f 107 163 161
f 108 162 109
f 109 164 165
f 109 165 111
f 109 111 110
f 109 162 161
f 109 161 164
f 111 165 166
f 111 166 112
f 112 166 167
f 112 167 113
f 113 167 114
f 114 167 168
f 114 168 169
f 114 169 115
f 115 117 116
f 115 169 119
f 115 119 117
f 119 169 120
f 120 169 170
f 120 170 171
f 120 171 121
f 121 171 148
f 121 123 122
f 124 172 173
f 124 173 126
f 125 174 175
f 125 175 176
f 125 176 129
f 125 128 174
f 126 173 127
f 127 173 177
f 127 177 178
f 127 178 128
f 128 178 179
f 128 179 175
f 128 175 174
f 129 176 180
f 129 180 181
f 129 181 182
f 129 182 183
f 129 183 131
f 130 131 183
f 130 183 184
f 130 184 185
f 130 185 132
f 132 185 186
f 132 186 133
f 133 187 185
f 133 185 188
f 133 188 189
f 133 189 134
f 133 186 187
f 134 189 156
f 136 148 190
f 136 190 191
f 136 191 137
f 137 191 138
f 138 191 192
f 138 192 193
f 138 193 139
f 139 193 194
f 139 194 140
f 140 194 141
f 141 194 195
f 141 195 196
f 141 196 143
f 143 196 144
f 144 197 198
f 144 198 147
f 144 147 146
f 144 146 145
f 144 196 199
f 144 199 200
f 144 200 201
f 144 201 197
f 147 198 202
f 147 202 228
f 147 228 172
f 148 171 203
f 148 203 190
f 149 204 151
f 149 151 150
f 149 160 205
f 149 205 204
f 151 204 206
f 151 206 207
f 151 207 208
f 151 208 152
f 152 208 153
f 153 208 207
f 153 207 209
f 155 156 157
f 156 189 157
f 157 189 210
f 157 210 158
f 158 210 211
f 158 211 212
f 158 212 159
f 159 212 160
f 160 212 205
f 161 213 164
f 161 163 214
f 161 214 215
f 161 215 213
f 164 216 217
f 164 217 218
f 164 218 165
f 164 213 219
f 164 219 216
f 165 218 166
f 166 218 220
f 166 220 221
f 166 221 222
f 166 222 167
f 167 222 223
f 167 223 224
f 167 224 225
f 167 225 168
f 168 225 170
f 168 170 169
f 170 225 291
f 170 291 226
f 170 226 227
f 170 227 171
f 171 227 203
f 172 178 173
f 172 228 229
f 172 229 178
f 173 178 177
f 175 179 230
f 175 230 231
f 175 231 232
f 175 232 176
f 176 232 180
f 178 229 233
f 178 233 234
f 178 234 235
f 178 235 236
f 178 236 230
f 178 230 179
f 180 232 237
f 180 237 181
f 181 238 239
f 181 239 182
f 181 237 238
f 182 239 240
f 182 240 183
f 183 240 184
f 184 241 185
f 184 240 242
f 184 242 241
f 185 241 188
f 185 187 186
f 188 210 189
f 188 241 243
f 188 243 210
f 190 203 244
f 190 244 191
f 191 244 245
f 191 245 192
f 192 245 246
f 192 246 247
f 192 247 193
f 193 247 248
f 193 248 249
f 193 249 194
f 194 249 248
f 194 248 195
f 195 248 250
f 195 250 251
f 195 251 252
f 195 252 253
f 195 253 199
f 195 199 196
f 197 201 254
f 197 254 255
f 197 255 198
f 198 255 254
f 198 254 256
f 198 256 202
f 199 253 257
f 199 257 258
f 199 258 200
f 200 258 256
f 200 256 254
f 200 254 201
f 202 259 260
f 202 260 261
f 202 261 262
f 202 262 295
f 202 295 228
f 202 256 258
f 202 258 263
f 202 263 259
f 203 227 264
f 203 264 244
f 204 205 265
f 204 265 206
f 205 266 265
f 205 212 267
f 205 267 268
f 205 268 266
f 206 265 269
f 206 269 270
f 206 270 271
f 206 271 272
f 206 272 207
f 207 272 273
f 207 273 274
f 207 274 209
f 210 243 275
f 210 275 211
f 211 275 276
f 211 276 212
f 212 276 277
f 212 277 267
f 213 215 219
f 215 278 279
f 215 279 280
f 215 280 219
f 216 218 217
f 216 219 281
f 216 281 282
f 216 282 283
f 216 283 284
f 216 284 218
f 218 284 220
f 219 280 281
f 220 284 285
f 220 285 221
f 221 286 368
f 221 368 287
f 221 287 223
f 221 223 222
f 221 285 288
f 221 288 286
f 223 287 289
f 223 289 290
f 223 290 291
f 223 291 224
f 224 291 225
f 226 291 292
f 226 292 293
f 226 293 264
f 226 264 227
f 228 294 229
f 228 295 296
f 228 296 297
f 228 297 298
f 228 298 299
f 228 299 300
f 228 300 294
f 229 294 301
f 229 301 302
f 229 302 233
f 230 236 231
f 231 303 304
f 231 304 232
f 231 236 305
f 231 305 306
f 231 306 307
f 231 307 303
f 232 304 308
f 232 308 237
f 233 302 301
f 233 301 234
f 234 301 235
f 235 301 294
f 235 294 300
f 235 300 236
f 236 300 309
f 236 309 305
f 237 308 304
f 237 304 310
f 237 310 238
f 238 310 311
f 238 311 312
f 238 312 239
f 239 313 240
f 239 312 313
f 240 313 242
f 241 314 243
f 241 242 314
f 242 315 314
f 242 313 315
f 243 314 316
f 243 316 351
f 243 351 275
f 244 264 317
f 244 317 318
f 244 318 245
f 245 318 319
f 245 319 320
f 245 320 246
f 246 321 247
f 246 320 322
f 246 322 323
f 246 323 321
f 247 321 248
f 248 321 250
f 250 321 251
f 251 321 324
f 251 324 325
f 251 325 252
f 252 325 253
f 253 325 326
f 253 326 327
f 253 327 257
f 257 327 328
f 257 328 329
f 257 329 330
f 257 330 331
f 257 331 258
f 258 331 263
f 259 263 260
f 260 331 332
f 260 332 261
f 260 263 331
f 261 332 330
f 261 330 333
f 261 333 334
f 261 334 335
f 261 335 262
f 262 336 337
f 262 337 338
f 262 338 375
f 262 375 295
f 262 335 339
f 262 339 336
f 264 293 317
f 265 270 269
f 265 266 340
f 265 340 270
f 266 341 340
f 266 268 341
f 267 277 268
f 268 277 342
f 268 342 429
f 268 429 343
f 268 343 344
f 268 344 341
f 270 340 345
f 270 345 346
f 270 346 347
f 270 347 271
f 271 347 348
f 271 348 273
f 271 273 272
f 273 348 349
f 273 349 350
f 275 351 276
f 276 351 277
f 277 351 352
f 277 352 353
f 277 353 342
f 278 354 279
f 278 355 446
f 278 446 354
f 279 354 356
f 279 356 357
f 279 357 358
f 279 358 280
f 280 358 282
f 280 282 281
f 282 359 283
f 282 358 359
f 283 360 361
f 283 361 362
f 283 362 363
f 283 363 364
f 283 364 284
f 283 359 360
f 284 364 365
f 284 365 366
f 284 366 288
f 284 288 285
f 286 367 464
f 286 464 368
f 286 288 367
f 287 368 289
f 288 366 367
f 289 368 464
f 289 464 369
f 289 369 370
f 289 370 371
f 289 371 372
f 289 372 290
f 290 372 291
f 291 372 373
f 291 373 292
f 292 373 471
f 292 471 374
f 292 374 317
f 292 317 293
f 295 375 376
f 295 376 377
f 295 377 378
f 295 378 379
f 295 379 296
f 296 379 380
f 296 380 381
f 296 381 382
f 296 382 383
f 296 383 297
f 297 383 384
f 297 384 299
f 297 299 298
f 299 384 300
f 300 384 309
f 303 385 304
f 303 307 385
f 304 385 310
f 305 386 387
f 305 387 306
f 305 309 388
f 305 388 386
f 306 387 307
f 307 389 385
f 307 387 389
f 309 384 382
f 309 382 390
f 309 390 391
f 309 391 388
f 310 385 311
f 311 392 393
f 311 393 312
f 311 385 394
f 311 394 392
f 312 393 395
f 312 395 396
f 312 396 313
f 313 397 315
f 313 396 397
f 314 315 398
f 314 398 316
f 315 397 398
f 316 398 399
f 316 399 351
f 317 374 400
f 317 400 401
f 317 401 402
f 317 402 318
f 318 402 319
f 319 403 320
f 319 402 401
f 319 401 400
f 319 400 403
f 320 403 404
f 320 404 322
f 321 323 405
f 321 405 324
f 322 406 407
f 322 407 405
f 322 405 323
f 322 404 406
f 324 405 408
f 324 408 325
f 325 408 326
f 326 408 409
f 326 409 410
f 326 410 327
f 327 410 411
f 327 411 412
f 327 412 413
f 327 413 328
f 328 413 329
f 329 413 414
f 329 414 330
f 330 414 415
f 330 415 416
f 330 416 417
f 330 417 418
f 330 418 333
f 330 332 331
f 333 418 334
f 334 418 419
f 334 419 335
f 335 419 339
f 336 339 419
f 336 419 420
f 336 420 421
f 336 421 337
f 337 421 422
f 337 422 423
f 337 423 338
f 338 423 424
f 338 424 425
f 338 425 473
f 338 473 375
f 340 341 344
f 340 344 426
f 340 426 427
f 340 427 428
f 340 428 345
f 342 353 429
f 343 429 529
f 343 529 430
f 343 430 344
f 344 430 426
f 345 431 346
f 345 428 432
f 345 432 433
f 345 433 434
f 345 434 435
f 345 435 431
f 346 431 436
f 346 436 348
f 346 348 347
f 348 436 349
f 349 436 437
f 349 437 438
f 349 438 439
f 349 439 350
f 350 439 541
f 350 541 440
f 351 399 441
f 351 441 442
f 351 442 352
f 352 442 353
f 353 442 443
f 353 443 444
f 353 444 445
f 353 445 529
f 353 529 429
f 354 446 552
f 354 552 447
f 354 447 356
f 355 448 449
f 355 449 446
f 356 447 357
f 357 447 450
f 357 450 451
f 357 451 358
f 358 451 359
f 359 451 452
f 359 452 453
f 359 453 454
f 359 454 455
f 359 455 360
f 360 455 456
f 360 456 457
f 360 457 361
f 361 457 362
f 362 457 458
f 362 458 459
f 362 459 363
f 363 460 364
f 363 459 460
f 364 460 459
f 364 459 461
f 364 461 365
f 365 461 366
f 366 461 462
f 366 462 367
f 367 462 463
f 367 463 464
f 369 464 465
f 369 465 572
f 369 572 466
f 369 466 370
f 370 466 467
f 370 467 468
f 370 468 469
f 370 469 371
f 371 469 470
f 371 470 372
f 372 470 373
f 373 470 471
f 374 471 400
f 375 472 376
f 375 473 474
f 375 474 472
f 376 475 476
f 376 476 377
f 376 472 475
f 377 477 478
f 377 478 378
f 377 476 477
f 378 478 379
f 379 478 380
f 380 478 479
f 380 479 381
f 381 479 382
f 382 479 480
f 382 480 481
f 382 481 482
f 382 482 483
f 382 483 390
f 382 384 383
f 385 389 484
f 385 484 394
f 386 388 485
f 386 485 486
f 386 486 487
f 386 487 387
f 387 487 389
f 388 391 488
f 388 488 489
f 388 489 490
f 388 490 485
f 389 487 484
f 390 483 488
f 390 488 391
f 392 394 484
f 392 484 491
f 392 491 492
f 392 492 493
f 392 493 393
f 393 493 494
f 393 494 395
f 395 494 495
f 395 495 496
f 395 496 497
f 395 497 396
f 396 497 397
f 397 498 399
f 397 399 398
f 397 497 496
f 397 496 495
f 397 495 498
f 399 498 544
f 399 544 441
f 400 471 499
f 400 499 500
f 400 500 403
f 403 500 404
f 404 500 501
f 404 501 502
f 404 502 406
f 405 407 406
f 405 406 503
f 405 503 504
f 405 504 505
f 405 505 408
f 406 502 503
f 408 505 409
f 409 505 506
f 409 506 410
f 410 506 507
f 410 507 411
f 411 507 412
f 412 507 508
f 412 508 509
f 412 509 415
f 412 415 413
f 413 415 414
f 415 509 510
f 415 510 511
f 415 511 512
f 415 512 416
f 416 513 514
f 416 514 515
f 416 515 516
f 416 516 517
f 416 517 518
f 416 518 422
f 416 422 519
f 416 519 417
f 416 512 520
f 416 520 513
f 417 519 421
f 417 421 420
f 417 420 419
f 417 419 418
f 421 519 422
f 422 518 521
f 422 521 424
f 422 424 423
f 424 521 425
f 425 522 523
f 425 523 524
f 425 524 579
f 425 579 473
f 425 521 522
f 426 525 427
f 426 430 526
f 426 526 525
f 427 525 428
f 428 525 527
f 428 527 528
f 428 528 432
f 430 529 530
f 430 530 526
f 431 531 436
f 431 435 532
f 431 532 533
f 431 533 534
f 431 534 535
f 431 535 531
f 432 528 527
f 432 527 433
f 433 536 434
f 433 527 537
f 433 537 536
f 434 536 538
f 434 538 435
f 435 538 532
f 436 531 437
f 437 531 539
f 437 539 540
f 437 540 438
f 438 540 439
f 439 540 646
f 439 646 541
f 440 541 543
f 440 543 542
f 441 544 545
f 441 545 442
f 442 545 443
f 443 545 546
f 443 546 548
f 443 548 444
f 444 547 445
f 444 548 549
f 444 549 547
f 445 550 529
f 445 547 657
f 445 657 550
f 446 449 551
f 446 551 552
f 447 552 560
f 447 560 452
f 447 452 450
f 448 553 554
f 448 554 555
f 448 555 556
f 448 556 557
f 448 557 449
f 449 557 558
f 449 558 559
f 449 559 551
f 450 452 451
f 452 560 561
f 452 561 562
f 452 562 563
f 452 563 453
f 453 563 564
f 453 564 454
f 454 564 565
f 454 565 455
f 455 565 456
f 456 565 458
f 456 458 457
f 458 565 566
f 458 566 567
f 458 567 568
f 458 568 459
f 459 568 462
f 459 462 461
f 462 568 463
f 463 568 569
f 463 569 570
f 463 570 464
f 464 570 465
f 465 570 571
f 465 571 572
f 466 572 467
f 467 572 573
f 467 573 574
f 467 574 575
f 467 575 576
f 467 576 577
f 467 577 468
f 468 577 469
f 469 577 499
f 469 499 578
f 469 578 470
f 470 578 471
f 471 578 499
f 472 474 475
f 473 579 580
f 473 580 581
f 473 581 582
f 473 582 474
f 474 582 475
f 475 481 583
f 475 583 476
f 475 582 584
f 475 584 481
f 476 583 480
f 476 480 477
f 477 480 478
f 478 480 479
f 480 583 481
f 481 584 585
f 481 585 586
f 481 586 587
f 481 587 588
f 481 588 589
f 481 589 590
f 481 590 591
f 481 591 482
f 482 592 489
f 482 489 488
f 482 488 483
f 482 591 593
f 482 593 594
f 482 594 592
f 484 492 491
f 484 487 595
f 484 595 596
f 484 596 597
f 484 597 492
f 485 490 598
f 485 598 599
f 485 599 486
f 486 595 487
f 486 599 595
f 489 592 600
f 489 600 598
f 489 598 490
f 492 597 601
f 492 601 493
f 493 602 603
f 493 603 494
f 493 601 602
f 494 603 495
f 495 544 498
f 495 603 604
f 495 604 544
f 499 577 605
f 499 605 606
f 499 606 500
f 500 606 501
f 501 606 607
f 501 607 608
f 501 608 502
f 502 608 503
f 503 609 610
f 503 610 611
f 503 611 504
f 503 608 609
f 504 611 505
f 505 611 612
f 505 612 613
f 505 613 614
f 505 614 615
f 505 615 616
f 505 616 507
f 505 507 506
f 507 617 508
f 507 616 618
f 507 618 617
f 508 617 509
f 509 617 619
f 509 619 510
f 510 619 620
f 510 620 511
f 511 620 621
f 511 621 622
f 511 622 513
f 511 513 520
f 511 520 512
f 513 622 623
f 513 623 514
f 514 623 624
f 514 624 515
f 515 624 625
f 515 625 626
f 515 626 627
f 515 627 628
f 515 628 516
f 516 629 630
f 516 630 517
f 516 628 631
f 516 631 632
f 516 632 629
f 517 630 522
f 517 522 521
f 517 521 518
f 522 630 629
f 522 629 523
f 523 629 633
f 523 633 634
f 523 634 524
f 524 634 693
f 524 693 579
f 525 526 527
f 526 530 635
f 526 635 527
f 527 635 537
f 529 550 636
f 529 636 530
f 530 636 637
f 530 637 635
f 531 535 539
f 532 538 638
f 532 638 533
f 533 638 639
f 533 639 640
f 533 640 534
f 534 640 535
f 535 641 646
f 535 646 540
f 535 540 539
f 535 640 642
f 535 642 643
f 535 643 641
f 536 537 538
f 537 635 644
f 537 644 645
f 537 645 638
f 537 638 538
f 541 647 543
f 541 646 647
f 542 543 648
f 542 648 649
f 542 649 650
f 542 650 651
f 542 651 652
f 543 647 653
f 543 653 654
f 543 654 648
f 544 604 655
f 544 655 545
f 545 655 546
f 546 655 604
f 546 604 656
f 546 656 548
f 547 549 657
f 548 656 549
f 549 658 657
f 549 656 659
f 549 659 660
f 549 660 661
f 549 661 658
f 550 657 662
f 550 662 636
f 551 559 552
f 552 559 663
f 552 663 560
f 553 664 554
f 554 665 666
f 554 666 667
f 554 667 555
f 554 664 668
f 554 668 665
f 555 667 556
f 556 667 669
f 556 669 670
f 556 670 557
f 557 670 671
f 557 671 558
f 558 671 672
f 558 672 673
f 558 673 559
f 559 673 663
f 560 663 673
f 560 673 672
f 560 672 674
f 560 674 675
f 560 675 561
f 561 675 802
f 561 802 676
f 561 676 677
f 561 677 562
f 562 677 563
f 563 677 678
f 563 678 679
f 563 679 564
f 564 679 566
f 564 566 565
f 566 679 680
f 566 680 681
f 566 681 682
f 566 682 567
f 567 683 568
f 567 682 684
f 567 684 683
f 568 685 569
f 568 683 686
f 568 686 685
f 569 686 683
f 569 683 684
f 569 684 687
f 569 687 570
f 569 685 686
f 570 687 571
f 571 687 688
f 571 688 573
f 571 573 572
f 573 688 689
f 573 689 690
f 573 690 574
f 574 690 691
f 574 691 575
f 575 691 576
f 576 691 577
f 577 691 692
f 577 692 605
f 579 693 695
f 579 695 580
f 580 694 581
f 580 695 694
f 581 694 696
f 581 696 585
f 581 585 582
f 582 585 584
f 585 696 586
f 586 696 694
f 586 694 697
f 586 697 698
f 586 698 699
f 586 699 587
f 587 699 700
f 587 700 701
f 587 701 702
f 587 702 703
f 587 703 588
f 588 703 704
f 588 704 589
f 589 705 593
f 589 593 590
f 589 704 705
f 590 593 591
f 592 706 600
f 592 594 707
f 592 707 706
f 593 708 594
f 593 705 709
f 593 709 708
f 594 708 707
f 595 599 598
f 595 598 710
f 595 710 711
f 595 711 712
f 595 712 713
f 595 713 714
f 595 714 715
f 595 715 596
f 596 715 597
f 597 715 716
f 597 716 717
f 597 717 718
f 597 718 601
f 598 600 706
f 598 706 719
f 598 719 710
f 601 718 602
f 602 718 720
f 602 720 721
f 602 721 603
f 603 721 604
f 604 722 656
f 604 721 722
f 605 692 723
f 605 723 724
f 605 724 606
f 606 724 607
f 607 724 725
f 607 725 726
f 607 726 608
f 608 726 609
f 609 726 610
f 610 727 611
f 610 726 728
f 610 728 727
f 611 727 729
f 611 729 730
f 611 730 612
f 612 730 613
f 613 731 732
f 613 732 614
f 613 730 731
f 614 732 733
f 614 733 734
f 614 734 735
f 614 735 615
f 615 735 618
f 615 618 616
f 617 618 620
f 617 620 619
f 618 735 736
f 618 736 737
f 618 737 620
f 620 737 621
f 621 737 622
f 622 737 623
f 623 738 739
f 623 739 624
f 623 737 740
f 623 740 738
f 624 739 625
f 625 739 741
f 625 741 742
f 625 742 626
f 626 742 743
f 626 743 744
f 626 744 627
f 627 744 743
f 627 743 745
f 627 745 746
f 627 746 628
f 628 632 631
f 628 746 747
f 628 747 748
f 628 748 749
f 628 749 750
f 628 750 751
f 628 751 632
f 629 632 752
f 629 752 633
f 632 753 754
f 632 754 752
f 632 751 753
f 633 752 755
f 633 755 634
f 634 755 817
f 634 817 693
f 635 637 756
f 635 756 757
f 635 757 758
f 635 758 644
f 636 759 637
f 636 662 759
f 637 759 760
f 637 760 758
f 637 758 757
f 637 757 756
f 638 645 761
f 638 761 639
f 639 761 762
f 639 762 640
f 640 762 763
f 640 763 642
f 641 764 765
f 641 765 766
f 641 766 767
f 641 767 646
f 641 643 769
f 641 769 764
f 642 763 643
f 643 763 768
f 643 768 895
f 643 895 769
f 644 758 760
f 644 760 770
f 644 770 645
f 645 770 771
f 645 771 772
f 645 772 761
f 646 767 653
f 646 653 647
f 648 654 773
f 648 773 774
f 648 774 649
f 649 774 775
f 649 775 776
f 649 776 650
f 650 776 651
f 651 776 777
f 651 777 778
f 651 778 779
f 651 779 780
f 651 780 652
f 653 767 766
f 653 766 654
f 654 766 765
f 654 765 773
f 656 722 781
f 656 781 782
f 656 782 659
f 657 658 662
f 658 783 784
f 658 784 662
f 658 661 785
f 658 785 783
f 659 782 660
f 660 782 661
f 661 782 785
f 662 784 759
f 665 786 666
f 665 668 786
f 666 786 787
f 666 787 788
f 666 788 789
f 666 789 790
f 666 790 667
f 667 790 791
f 667 791 792
f 667 792 669
f 668 793 794
f 668 794 795
f 668 795 786
f 669 791 796
f 669 796 797
f 669 797 671
f 669 671 670
f 669 792 791
f 671 797 672
f 672 797 798
f 672 798 799
f 672 799 800
f 672 800 674
f 674 800 801
f 674 801 675
f 675 801 940
f 675 940 802
f 676 802 803
f 676 803 804
f 676 804 805
f 676 805 677
f 677 805 680
f 677 680 678
f 678 680 679
f 680 805 806
f 680 806 807
f 680 807 808
f 680 808 681
f 681 808 809
f 681 809 682
f 682 809 684
f 684 809 810
f 684 810 811
f 684 811 687
f 687 811 688
f 688 811 812
f 688 812 689
f 689 812 813
f 689 813 814
f 689 814 690
f 690 815 691
f 690 814 816
f 690 816 815
f 691 815 692
f 692 815 723
f 693 817 695
f 694 695 818
f 694 818 697
f 695 817 818
f 697 699 698
f 697 818 819
f 697 819 820
f 697 820 821
f 697 821 699
f 699 822 823
f 699 823 824
f 699 824 825
f 699 825 700
f 699 821 826
f 699 826 822
f 700 825 827
f 700 827 828
f 700 828 829
f 700 829 701
f 701 828 830
f 701 830 702
f 701 829 828
f 702 831 832
f 702 832 703
f 702 830 831
f 703 832 704
f 704 832 833
f 704 833 834
f 704 834 835
f 704 835 705
f 705 835 709
f 706 707 708
f 706 708 719
f 708 709 835
f 708 835 719
f 710 719 711
f 711 719 836
f 711 836 712
f 712 837 838
f 712 838 713
f 712 836 839
f 712 839 837
f 713 838 840
f 713 840 841
f 713 841 714
f 714 841 715
f 715 841 842
f 715 842 843
f 715 843 716
f 716 843 844
f 716 844 845
f 716 845 717
f 717 845 718
f 718 845 720
f 719 835 846
f 719 846 836
f 720 845 847
f 720 847 848
f 720 848 721
f 721 848 722
f 722 848 849
f 722 849 781
f 723 815 850
f 723 850 851
f 723 851 852
f 723 852 724
f 724 852 725
f 725 852 853
f 725 853 854
f 725 854 726
f 726 854 855
f 726 855 728
f 727 732 729
f 727 728 732
f 728 855 856
f 728 856 857
f 728 857 858
f 728 858 732
f 729 732 731
f 729 731 730
f 732 858 859
f 732 859 860
f 732 860 861
f 732 861 733
f 733 861 862
f 733 862 863
f 733 863 864
f 733 864 734
f 734 864 735
f 735 864 865
f 735 865 866
f 735 866 736
f 736 866 867
f 736 867 868
f 736 868 737
f 737 868 869
f 737 869 870
f 737 870 871
f 737 871 738
f 737 738 740
f 738 871 741
f 738 741 739
f 741 870 742
f 741 871 870
f 742 870 743
f 743 870 872
f 743 872 869
f 743 869 873
f 743 873 874
f 743 874 745
f 745 874 746
f 746 874 873
f 746 873 747
f 747 873 875
f 747 875 876
f 747 876 748
f 748 876 749
f 749 876 875
f 749 875 750
f 750 875 877
f 750 877 878
f 750 878 879
f 750 879 880
f 750 880 751
f 751 880 879
f 751 879 881
f 751 881 882
f 751 882 883
f 751 883 884
f 751 884 753
f 752 754 755
f 753 884 885
f 753 885 886
f 753 886 887
f 753 887 754
f 754 887 755
f 755 887 956
f 755 956 817
f 759 784 888
f 759 888 760
f 760 888 889
f 760 889 899
f 760 899 770
f 761 772 762
f 762 772 763
f 763 772 890
f 763 890 896
f 763 896 768
f 764 891 765
f 764 769 898
f 764 898 891
f 765 892 773
f 765 891 893
f 765 893 894
f 765 894 892
f 768 896 897
f 768 897 895
f 769 895 1050
f 769 1050 898
f 770 899 771
f 771 899 900
f 771 900 901
f 771 901 772
f 772 901 902
f 772 902 890
f 773 892 775
f 773 775 774
f 775 892 903
f 775 903 904
f 775 904 905
f 775 905 776
f 776 905 904
f 776 904 906
f 776 906 777
f 777 907 778
f 777 906 908
f 777 908 909
f 777 909 910
f 777 910 907
f 778 907 779
f 779 907 912
f 779 912 913
f 779 913 911
f 781 849 914
f 781 914 782
f 782 914 785
f 783 915 916
f 783 916 917
f 783 917 888
f 783 888 784
f 783 785 915
f 785 914 918
f 785 918 915
f 786 795 919
f 786 919 787
f 787 920 921
f 787 921 789
f 787 789 788
f 787 919 922
f 787 922 920
f 789 921 923
f 789 923 924
f 789 924 790
f 790 924 791
f 791 924 925
f 791 925 796
f 793 911 1070
f 793 1070 926
f 793 926 794
f 794 926 927
f 794 927 928
f 794 928 929
f 794 929 795
f 795 929 922
f 795 922 919
f 796 925 930
f 796 930 931
f 796 931 932
f 796 932 933
f 796 933 934
f 796 934 797
f 797 934 935
f 797 935 936
f 797 936 937
f 797 937 798
f 798 937 1101
f 798 1101 938
f 798 938 799
f 799 938 939
f 799 939 800
f 800 939 801
f 801 939 941
f 801 941 940
f 802 940 803
f 803 940 941
f 803 941 942
f 803 942 1106
f 803 1106 943
f 803 943 944
f 803 944 804
f 804 944 945
f 804 945 946
f 804 946 805
f 805 946 806
f 806 946 947
f 806 947 948
f 806 948 807
f 807 948 808
f 808 948 949
f 808 949 950
f 808 950 809
f 809 950 810
f 810 950 811
f 811 950 812
f 812 950 813
f 813 950 951
f 813 951 952
f 813 952 814
f 814 952 953
f 814 953 816
f 815 816 850
f 816 953 954
f 816 954 955
f 816 955 850
f 817 956 819
f 817 819 818
f 819 956 957
f 819 957 820
f 820 957 958
f 820 958 959
f 820 959 821
f 821 960 961
f 821 961 962
f 821 962 963
f 821 963 964
f 821 964 826
f 821 959 960
f 822 965 823
f 822 826 966
f 822 966 965
f 823 965 824
f 824 965 966
f 824 966 967
f 824 967 825
f 825 967 968
f 825 968 827
f 826 964 963
f 826 963 969
f 826 969 970
f 826 970 966
f 827 968 828
f 828 971 972
f 828 972 973
f 828 973 830
f 828 968 967
f 828 967 971
f 830 973 831
f 831 973 974
f 831 974 833
f 831 833 832
f 833 974 835
f 833 835 834
f 835 974 973
f 835 973 971
f 835 971 975
f 835 975 846
f 836 976 839
f 836 846 977
f 836 977 978
f 836 978 976
f 837 979 838
f 837 839 976
f 837 976 980
f 837 980 981
f 837 981 979
f 838 843 842
f 838 842 840
f 838 979 982
f 838 982 983
f 838 983 984
f 838 984 844
f 838 844 843
f 840 842 841
f 844 984 985
f 844 985 986
f 844 986 987
f 844 987 845
f 845 987 988
f 845 988 847
f 846 975 989
f 846 989 977
f 847 988 990
f 847 990 991
f 847 991 848
f 848 991 849
f 849 991 992
f 849 992 993
f 849 993 914
f 850 955 994
f 850 994 995
f 850 995 851
f 851 995 994
f 851 994 853
f 851 853 852
f 853 994 996
f 853 996 997
f 853 997 855
f 853 855 854
f 855 997 856
f 856 997 998
f 856 998 857
f 857 998 999
f 857 999 1000
f 857 1000 1001
f 857 1001 1002
f 857 1002 1003
f 857 1003 860
f 857 860 859
f 857 859 858
f 860 1004 862
f 860 862 861
f 860 1003 1005
f 860 1005 1006
f 860 1006 1007
f 860 1007 1008
f 860 1008 1009
f 860 1009 1010
f 860 1010 1011
f 860 1011 1012
f 860 1012 1013
f 860 1013 1004
f 862 1004 864
f 862 864 863
f 864 1004 1013
f 864 1013 865
f 865 1013 866
f 866 1011 1014
f 866 1014 1015
f 866 1015 1016
f 866 1016 1017
f 866 1017 869
f 866 869 868
f 866 868 867
f 866 1013 1012
f 866 1012 1011
f 869 1017 1016
f 869 1016 1015
f 869 1015 1018
f 869 1018 1019
f 869 1019 1020
f 869 1020 1021
f 869 1021 873
f 869 872 870
f 873 1021 1022
f 873 1022 1023
f 873 1023 1024
f 873 1024 1025
f 873 1025 1026
f 873 1026 1027
f 873 1027 875
f 875 1027 877
f 877 1028 878
f 877 1027 1028
f 878 1028 1029
f 878 1029 1030
f 878 1030 1031
f 878 1031 1032
f 878 1032 879
f 879 1032 881
f 881 1033 1034
f 881 1034 1035
f 881 1035 882
f 881 1032 1036
f 881 1036 1037
f 881 1037 1038
f 881 1038 1039
f 881 1039 1033
f 882 1040 1041
f 882 1041 883
f 882 1035 1034
f 882 1034 1040
f 883 1041 885
f 883 885 884
f 885 958 957
f 885 957 886
f 885 1041 1122
f 885 1122 958
f 886 957 956
f 886 956 887
f 888 917 1042
f 888 1042 889
f 889 1042 899
f 890 902 1043
f 890 1043 1051
f 890 1051 896
f 891 898 1044
f 891 1044 893
f 892 894 1045
f 892 1045 1046
f 892 1046 1047
f 892 1047 1048
f 892 1048 903
f 893 1049 894
f 893 1044 1049
f 894 1049 1204
f 894 1204 1045
f 895 897 1050
f 896 1051 1052
f 896 1052 897
f 897 1053 1054
f 897 1054 1050
f 897 1052 1055
f 897 1055 1210
f 897 1210 1053
f 898 1050 1054
f 898 1054 1044
f 899 1042 900
f 900 1042 1056
f 900 1056 1057
f 900 1057 901
f 901 1057 902
f 902 1057 1058
f 902 1058 1043
f 903 1048 1059
f 903 1059 1060
f 903 1060 1061
f 903 1061 1062
f 903 1062 1063
f 903 1063 904
f 904 1063 1064
f 904 1064 906
f 906 1064 908
f 907 910 1065
f 907 1065 912
f 908 910 909
f 908 1064 1066
f 908 1066 1067
f 908 1067 910
f 910 1067 1068
f 910 1068 1069
f 910 1069 1065
f 911 913 1070
f 912 1065 1069
f 912 1069 1071
f 912 1071 913
f 913 1071 1072
f 913 1072 1073
f 913 1073 1070
f 914 993 918
f 915 918 1074
f 915 1074 1075
f 915 1075 916
f 916 1076 1042
f 916 1042 917
f 916 1075 1076
f 918 1077 1074
f 918 993 1078
f 918 1078 1077
f 920 922 1079
f 920 1079 1080
f 920 1080 1081
f 920 1081 1082
f 920 1082 1083
f 920 1083 1084
f 920 1084 921
f 921 1084 1085
f 921 1085 1086
f 921 1086 1087
f 921 1087 1088
f 921 1088 923
f 922 929 1079
f 923 1088 1089
f 923 1089 924
f 924 1089 1090
f 924 1090 1091
f 924 1091 925
f 925 1091 930
f 926 1092 927
f 926 1070 1236
f 926 1236 1092
f 927 1092 928
f 928 1092 1093
f 928 1093 1094
f 928 1094 929
f 929 1094 1079
f 930 1091 931
f 931 1091 1095
f 931 1095 1096
f 931 1096 932
f 932 1097 933
f 932 1096 1098
f 932 1098 1097
f 933 1097 934
f 934 1097 1099
f 934 1099 1100
f 934 1100 935
f 935 1100 1099
f 935 1099 936
f 936 1101 937
f 936 1099 1102
f 936 1102 1101
f 938 1101 1102
f 938 1102 939
f 939 1102 941
f 941 1102 1103
f 941 1103 1104
f 941 1104 942
f 942 1104 1105
f 942 1105 1106
f 943 1106 1107
f 943 1107 944
f 944 1107 1108
f 944 1108 945
f 945 1108 947
f 945 947 946
f 947 1108 1273
f 947 1273 1109
f 947 1109 948
f 948 1109 1110
f 948 1110 1111
f 948 1111 1112
f 948 1112 949
f 949 1113 1114
f 949 1114 1115
f 949 1115 950
f 949 1112 1113
f 950 1115 951
f 951 1115 1116
f 951 1116 952
f 952 1116 1117
f 952 1117 1118
f 952 1118 953
f 953 1118 954
f 954 1118 1119
f 954 1119 1120
f 954 1120 1121
f 954 1121 994
f 954 994 955
f 958 1122 960
f 958 960 959
f 960 1122 1123
f 960 1123 961
f 961 1123 1124
f 961 1124 1125
f 961 1125 962
f 962 1126 963
f 962 1125 1124
f 962 1124 1127
f 962 1127 1128
f 962 1128 1129
f 962 1129 1130
f 962 1130 1126
f 963 1126 969
f 966 970 1131
f 966 1131 967
f 967 1132 1133
f 967 1133 1134
f 967 1134 1135
f 967 1135 1136
f 967 1136 971
f 967 1131 1137
f 967 1137 1132
f 969 1138 970
f 969 1126 1139
f 969 1139 1140
f 969 1140 1141
f 969 1141 1138
f 970 1138 1131
f 971 973 972
f 971 1136 1142
f 971 1142 1143
f 971 1143 1144
f 971 1144 1145
f 971 1145 1146
f 971 1146 1147
f 971 1147 977
f 971 977 975
f 975 977 989
f 976 1148 981
f 976 981 980
f 976 978 1149
f 976 1149 1148
f 977 1147 1146
f 977 1146 1145
f 977 1145 1150
f 977 1150 1151
f 977 1151 1152
f 977 1152 1149
f 977 1149 978
f 979 981 982
f 981 1148 982
f 982 1153 1154
f 982 1154 1155
f 982 1155 985
f 982 985 983
f 982 1148 1149
f 982 1149 1152
f 982 1152 1151
f 982 1151 1156
f 982 1156 1157
f 982 1157 1158
f 982 1158 1159
f 982 1159 1153
f 983 985 984
f 985 1155 1160
f 985 1160 1161
f 985 1161 1162
f 985 1162 1163
f 985 1163 1164
f 985 1164 986
f 986 1164 1165
f 986 1165 987
f 987 1165 990
f 987 990 988
f 990 1166 1167
f 990 1167 992
f 990 992 991
f 990 1165 1166
f 992 1167 1168
f 992 1168 993
f 993 1168 1167
f 993 1167 1078
f 994 1169 1170
f 994 1170 996
f 994 1121 1169
f 996 1170 997
f 997 1170 1171
f 997 1171 1172
f 997 1172 998
f 998 1172 999
f 999 1172 1000
f 1000 1172 1171
f 1000 1171 1170
f 1000 1170 1001
f 1001 1170 1173
f 1001 1173 1174
f 1001 1174 1175
f 1001 1175 1002
f 1002 1175 1176
f 1002 1176 1177
f 1002 1177 1005
f 1002 1005 1003
f 1005 1177 1176
f 1005 1176 1006
f 1006 1176 1007
f 1007 1176 1178
f 1007 1178 1179
f 1007 1179 1008
f 1008 1179 1009
f 1009 1179 1180
f 1009 1180 1181
f 1009 1181 1010
f 1010 1181 1011
f 1011 1181 1014
f 1014 1181 1015
f 1015 1181 1182
f 1015 1182 1183
f 1015 1183 1018
f 1018 1183 1184
f 1018 1184 1019
f 1019 1184 1020
f 1020 1184 1185
f 1020 1185 1021
f 1021 1185 1186
f 1021 1186 1022
f 1022 1186 1023
f 1023 1187 1188
f 1023 1188 1025
f 1023 1025 1024
f 1023 1186 1189
f 1023 1189 1187
f 1025 1188 1190
f 1025 1190 1026
f 1026 1190 1191
f 1026 1191 1192
f 1026 1192 1193
f 1026 1193 1194
f 1026 1194 1027
f 1027 1194 1028
f 1028 1194 1029
f 1029 1194 1030
f 1030 1036 1031
f 1030 1194 1195
f 1030 1195 1196
f 1030 1196 1036
f 1031 1036 1032
f 1033 1197 1034
f 1033 1039 1197
f 1034 1197 1283
f 1034 1283 1124
f 1034 1124 1123
f 1034 1123 1040
f 1036 1196 1198
f 1036 1198 1037
f 1037 1198 1199
f 1037 1199 1200
f 1037 1200 1038
f 1038 1200 1039
f 1039 1201 1283
f 1039 1283 1197
f 1039 1200 1284
f 1039 1284 1201
f 1040 1123 1122
f 1040 1122 1041
f 1042 1076 1202
f 1042 1202 1056
f 1043 1058 1208
f 1043 1208 1051
f 1044 1054 1203
f 1044 1203 1049
f 1045 1204 1046
f 1046 1204 1203
f 1046 1203 1205
f 1046 1205 1047
f 1047 1206 1048
f 1047 1205 1206
f 1048 1206 1205
f 1048 1205 1207
f 1048 1207 1059
f 1049 1203 1204
f 1051 1208 1052
f 1052 1209 1055
f 1052 1208 1209
f 1053 1210 1211
f 1053 1211 1212
f 1053 1212 1054
f 1054 1213 1203
f 1054 1212 1213
f 1055 1209 1210
f 1056 1202 1214
f 1056 1214 1215
f 1056 1215 1216
f 1056 1216 1057
f 1057 1216 1217
f 1057 1217 1218
f 1057 1218 1219
f 1057 1219 1058
f 1058 1219 1347
f 1058 1347 1208
f 1059 1207 1060
f 1060 1207 1220
f 1060 1220 1221
f 1060 1221 1061
f 1061 1221 1222
f 1061 1222 1223
f 1061 1223 1062
f 1062 1223 1063
f 1063 1223 1064
f 1064 1223 1224
f 1064 1224 1225
f 1064 1225 1066
f 1066 1226 1067
f 1066 1225 1226
f 1067 1226 1227
f 1067 1227 1228
f 1067 1228 1229
f 1067 1229 1230
f 1067 1230 1068
f 1068 1231 1069
f 1068 1230 1232
f 1068 1232 1233
f 1068 1233 1234
f 1068 1234 1235
f 1068 1235 1231
f 1069 1231 1071
f 1070 1073 1236
f 1071 1231 1237
f 1071 1237 1072
f 1072 1237 1238
f 1072 1238 1236
f 1072 1236 1073
f 1074 1239 1075
f 1074 1077 1239
f 1075 1239 1240
f 1075 1240 1241
f 1075 1241 1076
f 1076 1241 1202
f 1077 1242 1239
f 1077 1078 1167
f 1077 1167 1243
f 1077 1243 1244
f 1077 1244 1242
f 1079 1094 1245
f 1079 1245 1246
f 1079 1246 1247
f 1079 1247 1248
f 1079 1248 1080
f 1080 1248 1249
f 1080 1249 1250
f 1080 1250 1081
f 1081 1250 1082
f 1082 1250 1251
f 1082 1251 1252
f 1082 1252 1083
f 1083 1253 1084
f 1083 1252 1253
f 1084 1253 1252
f 1084 1252 1254
f 1084 1254 1085
f 1085 1254 1086
f 1086 1254 1255
f 1086 1255 1256
f 1086 1256 1087
f 1087 1256 1257
f 1087 1257 1089
f 1087 1089 1088
f 1089 1257 1393
f 1089 1393 1258
f 1089 1258 1259
f 1089 1259 1090
f 1090 1259 1091
f 1091 1259 1260
f 1091 1260 1261
f 1091 1261 1095
f 1092 1245 1093
f 1092 1236 1378
f 1092 1378 1245
f 1093 1245 1094
f 1095 1261 1262
f 1095 1262 1096
f 1096 1262 1263
f 1096 1263 1098
f 1097 1098 1099
f 1098 1263 1264
f 1098 1264 1099
f 1099 1264 1102
f 1102 1264 1103
f 1103 1264 1265
f 1103 1265 1266
f 1103 1266 1104
f 1104 1266 1105
f 1105 1267 1268
f 1105 1268 1106
f 1105 1266 1267
f 1106 1268 1269
f 1106 1269 1107
f 1107 1269 1270
f 1107 1270 1271
f 1107 1271 1272
f 1107 1272 1273
f 1107 1273 1108
f 1109 1273 1415
f 1109 1415 1274
f 1109 1274 1275
f 1109 1275 1110
f 1110 1275 1111
f 1111 1275 1276
f 1111 1276 1277
f 1111 1277 1112
f 1112 1277 1278
f 1112 1278 1114
f 1112 1114 1113
f 1114 1278 1279
f 1114 1279 1280
f 1114 1280 1116
f 1114 1116 1115
f 1116 1118 1117
f 1116 1280 1118
f 1118 1280 1119
f 1119 1280 1120
f 1120 1281 1282
f 1120 1282 1121
f 1120 1280 1281
f 1121 1282 1169
f 1124 1283 1127
f 1126 1130 1139
f 1127 1283 1201
f 1127 1201 1128
f 1128 1201 1284
f 1128 1284 1129
f 1129 1284 1285
f 1129 1285 1286
f 1129 1286 1130
f 1130 1140 1139
f 1130 1286 1140
f 1131 1138 1287
f 1131 1287 1137
f 1132 1288 1134
f 1132 1134 1133
f 1132 1137 1289
f 1132 1289 1288
f 1134 1288 1290
f 1134 1290 1291
f 1134 1291 1292
f 1134 1292 1135
f 1135 1292 1136
f 1136 1292 1293
f 1136 1293 1142
f 1137 1287 1294
f 1137 1294 1295
f 1137 1295 1296
f 1137 1296 1289
f 1138 1141 1287
f 1140 1287 1141
f 1140 1286 1297
f 1140 1297 1287
f 1142 1298 1143
f 1142 1293 1298
f 1143 1298 1144
f 1144 1298 1299
f 1144 1299 1145
f 1145 1299 1300
f 1145 1300 1150
f 1150 1300 1151
f 1151 1300 1156
f 1153 1301 1154
f 1153 1159 1301
f 1154 1301 1302
f 1154 1302 1160
f 1154 1160 1155
f 1156 1300 1157
f 1157 1303 1158
f 1157 1300 1304
f 1157 1304 1303
f 1158 1303 1159
f 1159 1305 1301
f 1159 1303 1305
f 1160 1302 1301
f 1160 1301 1306
f 1160 1306 1161
f 1161 1306 1307
f 1161 1307 1308
f 1161 1308 1309
f 1161 1309 1162
f 1162 1310 1311
f 1162 1311 1163
f 1162 1309 1310
f 1163 1311 1164
f 1164 1311 1165
f 1165 1311 1310
f 1165 1310 1309
f 1165 1309 1166
f 1166 1309 1167
f 1167 1309 1312
f 1167 1312 1243
f 1169 1282 1313
f 1169 1313 1314
f 1169 1314 1170
f 1170 1314 1315
f 1170 1315 1316
f 1170 1316 1317
f 1170 1317 1173
f 1173 1318 1174
f 1173 1317 1318
f 1174 1176 1175
f 1174 1318 1319
f 1174 1319 1179
f 1174 1179 1178
f 1174 1178 1176
f 1179 1320 1321
f 1179 1321 1322
f 1179 1322 1323
f 1179 1323 1324
f 1179 1324 1325
f 1179 1325 1180
f 1179 1319 1320
f 1180 1325 1181
f 1181 1325 1182
f 1182 1184 1183
f 1182 1325 1326
f 1182 1326 1327
f 1182 1327 1328
f 1182 1328 1329
f 1182 1329 1330
f 1182 1330 1331
f 1182 1331 1332
f 1182 1332 1189
f 1182 1189 1333
f 1182 1333 1334
f 1182 1334 1185
f 1182 1185 1184
f 1185 1334 1333
f 1185 1333 1186
f 1186 1333 1189
f 1187 1189 1335
f 1187 1335 1191
f 1187 1191 1188
f 1188 1191 1190
f 1189 1332 1335
f 1191 1336 1337
f 1191 1337 1192
f 1191 1335 1336
f 1192 1337 1193
f 1193 1337 1338
f 1193 1338 1339
f 1193 1339 1340
f 1193 1340 1194
f 1194 1340 1341
f 1194 1341 1342
f 1194 1342 1343
f 1194 1343 1195
f 1195 1343 1196
f 1196 1343 1482
f 1196 1482 1628
f 1196 1628 1778
f 1196 1778 1912
f 1196 1912 2034
f 1196 2034 2146
f 1196 2146 2262
f 1196 2262 2383
f 1196 2383 2502
f 1196 2502 2611
f 1196 2611 2712
f 1196 2712 2794
f 1196 2794 2871
f 1196 2871 2934
f 1196 2934 2961
f 1196 2961 2919
f 1196 2919 2861
f 1196 2861 2785
f 1196 2785 2700
f 1196 2700 2600
f 1196 2600 2489
f 1196 2489 2364
f 1196 2364 2238
f 1196 2238 2124
f 1196 2124 2010
f 1196 2010 1879
f 1196 1879 1877
f 1196 1877 1720
f 1196 1720 1565
f 1196 1565 1425
f 1196 1425 1286
f 1196 1286 1424
f 1196 1424 1344
f 1196 1344 1198
f 1198 1344 1199
f 1199 1344 1200
f 1200 1345 1423
f 1200 1423 1284
f 1200 1344 1345
f 1202 1241 1214
f 1203 1213 1346
f 1203 1346 1205
f 1205 1346 1220
f 1205 1220 1207
f 1208 1347 1209
f 1209 1348 1210
f 1209 1347 1349
f 1209 1349 1350
f 1209 1350 1351
f 1209 1351 1348
f 1210 1348 1352
f 1210 1352 1211
f 1211 1352 1353
f 1211 1353 1354
f 1211 1354 1212
f 1212 1354 1355
f 1212 1355 1213
f 1213 1355 1346
f 1214 1241 1356
f 1214 1356 1357
f 1214 1357 1358
f 1214 1358 1216
f 1214 1216 1215
f 1216 1358 1359
f 1216 1359 1217
f 1217 1359 1360
f 1217 1360 1361
f 1217 1361 1218
f 1218 1361 1219
f 1219 1361 1362
f 1219 1362 1486
f 1219 1486 1347
f 1220 1346 1363
f 1220 1363 1221
f 1221 1363 1364
f 1221 1364 1365
f 1221 1365 1222
f 1222 1365 1366
f 1222 1366 1223
f 1223 1366 1367
f 1223 1367 1224
f 1224 1367 1225
f 1225 1367 1368
f 1225 1368 1512
f 1225 1512 1369
f 1225 1369 1227
f 1225 1227 1226
f 1227 1369 1370
f 1227 1370 1228
f 1228 1371 1229
f 1228 1370 1372
f 1228 1372 1371
f 1229 1371 1230
f 1230 1371 1373
f 1230 1373 1374
f 1230 1374 1232
f 1231 1235 1375
f 1231 1375 1376
f 1231 1376 1377
f 1231 1377 1378
f 1231 1378 1237
f 1232 1374 1373
f 1232 1373 1233
f 1233 1379 1234
f 1233 1373 1380
f 1233 1380 1379
f 1234 1379 1381
f 1234 1381 1235
f 1235 1381 1375
f 1236 1238 1378
f 1237 1378 1238
f 1239 1241 1240
f 1239 1242 1356
f 1239 1356 1241
f 1242 1244 1356
f 1243 1312 1382
f 1243 1382 1244
f 1244 1382 1383
f 1244 1383 1356
f 1245 1384 1385
f 1245 1385 1246
f 1245 1378 1519
f 1245 1519 1384
f 1246 1385 1386
f 1246 1386 1247
f 1247 1386 1387
f 1247 1387 1248
f 1248 1387 1249
f 1249 1387 1251
f 1249 1251 1250
f 1251 1387 1388
f 1251 1388 1389
f 1251 1389 1390
f 1251 1390 1252
f 1252 1390 1255
f 1252 1255 1254
f 1255 1390 1391
f 1255 1391 1256
f 1256 1391 1392
f 1256 1392 1393
f 1256 1393 1257
f 1258 1393 1394
f 1258 1394 1259
f 1259 1394 1395
f 1259 1395 1396
f 1259 1396 1260
f 1260 1396 1261
f 1261 1396 1397
f 1261 1397 1262
f 1262 1397 1398
f 1262 1398 1399
f 1262 1399 1263
f 1263 1399 1400
f 1263 1400 1264
f 1264 1400 1401
f 1264 1401 1402
f 1264 1402 1265
f 1265 1402 1400
f 1265 1400 1266
f 1266 1400 1403
f 1266 1403 1404
f 1266 1404 1267
f 1267 1404 1268
f 1268 1405 1406
f 1268 1406 1407
f 1268 1407 1408
f 1268 1408 1269
f 1268 1404 1405
f 1269 1408 1409
f 1269 1409 1410
f 1269 1410 1270
f 1270 1409 1411
f 1270 1411 1412
f 1270 1412 1271
f 1270 1410 1409
f 1271 1412 1413
f 1271 1413 1414
f 1271 1414 1272
f 1272 1414 1273
f 1273 1414 1415
f 1274 1277 1275
f 1274 1415 1555
f 1274 1555 1416
f 1274 1416 1417
f 1274 1417 1277
f 1275 1277 1276
f 1277 1417 1418
f 1277 1418 1419
f 1277 1419 1420
f 1277 1420 1421
f 1277 1421 1279
f 1277 1279 1278
f 1279 1421 1280
f 1280 1421 1422
f 1280 1422 1281
f 1281 1422 1282
f 1282 1422 1313
f 1284 1423 1424
f 1284 1424 1285
f 1285 1424 1286
f 1286 1425 1297
f 1287 1426 1427
f 1287 1427 1428
f 1287 1428 1294
f 1287 1297 1425
f 1287 1425 1426
f 1288 1289 1296
f 1288 1296 1290
f 1290 1429 1291
f 1290 1296 1429
f 1291 1430 1292
f 1291 1429 1431
f 1291 1431 1299
f 1291 1299 1430
f 1292 1430 1293
f 1293 1430 1432
f 1293 1432 1299
f 1293 1299 1298
f 1294 1433 1295
f 1294 1428 1434
f 1294 1434 1435
f 1294 1435 1433
f 1295 1433 1296
f 1296 1433 1436
f 1296 1436 1429
f 1299 1437 1438
f 1299 1438 1439
f 1299 1439 1300
f 1299 1432 1430
f 1299 1431 1440
f 1299 1440 1441
f 1299 1441 1442
f 1299 1442 1443
f 1299 1443 1437
f 1300 1439 1304
f 1301 1307 1306
f 1301 1305 1307
f 1303 1304 1439
f 1303 1439 1444
f 1303 1444 1445
f 1303 1445 1446
f 1303 1446 1447
f 1303 1447 1448
f 1303 1448 1449
f 1303 1449 1307
f 1303 1307 1305
f 1307 1450 1308
f 1307 1449 1450
f 1308 1450 1451
f 1308 1451 1309
f 1309 1451 1452
f 1309 1452 1453
f 1309 1453 1454
f 1309 1454 1312
f 1312 1454 1455
f 1312 1455 1382
f 1313 1422 1456
f 1313 1456 1457
f 1313 1457 1314
f 1314 1457 1315
f 1315 1457 1316
f 1316 1457 1456
f 1316 1456 1458
f 1316 1458 1459
f 1316 1459 1460
f 1316 1460 1318
f 1316 1318 1317
f 1318 1460 1461
f 1318 1461 1462
f 1318 1462 1319
f 1319 1462 1321
f 1319 1321 1320
f 1321 1462 1322
f 1322 1462 1463
f 1322 1463 1464
f 1322 1464 1465
f 1322 1465 1466
f 1322 1466 1467
f 1322 1467 1468
f 1322 1468 1469
f 1322 1469 1326
f 1322 1326 1325
f 1322 1325 1324
f 1322 1324 1323
f 1326 1469 1327
f 1327 1468 1328
f 1327 1469 1468
f 1328 1467 1470
f 1328 1470 1330
f 1328 1330 1329
f 1328 1468 1467
f 1330 1470 1331
f 1331 1470 1471
f 1331 1471 1472
f 1331 1472 1335
f 1331 1335 1332
f 1335 1472 1473
f 1335 1473 1336
f 1336 1473 1474
f 1336 1474 1475
f 1336 1475 1476
f 1336 1476 1477
f 1336 1477 1339
f 1336 1339 1338
f 1336 1338 1337
f 1339 1478 1341
f 1339 1341 1340
f 1339 1477 1479
f 1339 1479 1478
f 1341 1478 1342
f 1342 1478 1480
f 1342 1480 1481
f 1342 1481 1343
f 1343 1481 1482
f 1344 1424 1423
f 1344 1423 1345
f 1346 1483 1484
f 1346 1484 1363
f 1346 1355 1485
f 1346 1485 1483
f 1347 1486 1487
f 1347 1487 1349
f 1348 1351 1488
f 1348 1488 1489
f 1348 1489 1490
f 1348 1490 1352
f 1349 1487 1350
f 1350 1487 1491
f 1350 1491 1492
f 1350 1492 1351
f 1351 1492 1493
f 1351 1493 1489
f 1351 1489 1488
f 1352 1490 1494
f 1352 1494 1495
f 1352 1495 1496
f 1352 1496 1497
f 1352 1497 1353
f 1353 1497 1354
f 1354 1497 1498
f 1354 1498 1484
f 1354 1484 1355
f 1355 1484 1485
f 1356 1499 1357
f 1356 1383 1500
f 1356 1500 1499
f 1357 1499 1359
f 1357 1359 1358
f 1359 1501 1502
f 1359 1502 1362
f 1359 1362 1361
f 1359 1361 1360
f 1359 1499 1503
f 1359 1503 1504
f 1359 1504 1501
f 1362 1502 1505
f 1362 1505 1629
f 1362 1629 1486
f 1363 1484 1506
f 1363 1506 1364
f 1364 1506 1507
f 1364 1507 1508
f 1364 1508 1509
f 1364 1509 1365
f 1365 1509 1366
f 1366 1509 1367
f 1367 1509 1510
f 1367 1510 1511
f 1367 1511 1368
f 1368 1511 1512
f 1369 1512 1513
f 1369 1513 1370
f 1370 1513 1514
f 1370 1514 1372
f 1371 1372 1373
f 1372 1514 1515
f 1372 1515 1373
f 1373 1515 1380
f 1375 1381 1516
f 1375 1516 1376
f 1376 1516 1517
f 1376 1517 1518
f 1376 1518 1377
f 1377 1518 1519
f 1377 1519 1378
f 1379 1380 1381
f 1380 1515 1520
f 1380 1520 1521
f 1380 1521 1516
f 1380 1516 1381
f 1382 1455 1500
f 1382 1500 1383
f 1384 1519 1668
f 1384 1668 1522
f 1384 1522 1523
f 1384 1523 1385
f 1385 1523 1524
f 1385 1524 1386
f 1386 1524 1388
f 1386 1388 1387
f 1388 1524 1525
f 1388 1525 1526
f 1388 1526 1527
f 1388 1527 1389
f 1389 1527 1677
f 1389 1677 1528
f 1389 1528 1390
f 1390 1529 1530
f 1390 1530 1391
f 1390 1528 1531
f 1390 1531 1529
f 1391 1530 1532
f 1391 1532 1392
f 1392 1532 1533
f 1392 1533 1534
f 1392 1534 1394
f 1392 1394 1393
f 1394 1534 1535
f 1394 1535 1536
f 1394 1536 1537
f 1394 1537 1395
f 1395 1537 1396
f 1396 1537 1538
f 1396 1538 1539
f 1396 1539 1397
f 1397 1539 1540
f 1397 1540 1541
f 1397 1541 1398
f 1398 1541 1542
f 1398 1542 1399
f 1399 1403 1400
f 1399 1542 1403
f 1400 1402 1401
f 1403 1542 1543
f 1403 1543 1404
f 1404 1543 1544
f 1404 1544 1405
f 1405 1544 1406
f 1406 1545 1546
f 1406 1546 1407
f 1406 1544 1545
f 1407 1546 1547
f 1407 1547 1408
f 1408 1547 1409
f 1409 1547 1548
f 1409 1548 1549
f 1409 1549 1411
f 1411 1549 1412
f 1412 1550 1551
f 1412 1551 1415
f 1412 1415 1414
f 1412 1414 1413
f 1412 1549 1552
f 1412 1552 1553
f 1412 1553 1554
f 1412 1554 1550
f 1415 1551 1555
f 1416 1556 1417
f 1416 1555 1706
f 1416 1706 1557
f 1416 1557 1558
f 1416 1558 1559
f 1416 1559 1560
f 1416 1560 1561
f 1416 1561 1562
f 1416 1562 1556
f 1417 1556 1563
f 1417 1563 1418
f 1418 1563 1419
f 1419 1563 1420
f 1420 1563 1556
f 1420 1556 1562
f 1420 1562 1421
f 1421 1562 1564
f 1421 1564 1422
f 1422 1564 1456
f 1425 1565 1566
f 1425 1566 1426
f 1426 1567 1427
f 1426 1566 1568
f 1426 1568 1567
f 1427 1567 1434
f 1427 1434 1428
f 1429 1569 1440
f 1429 1440 1431
f 1429 1436 1570
f 1429 1570 1569
f 1433 1435 1436
f 1434 1567 1571
f 1434 1571 1572
f 1434 1572 1436
f 1434 1436 1435
f 1436 1572 1573
f 1436 1573 1574
f 1436 1574 1575
f 1436 1575 1570
f 1437 1443 1576
f 1437 1576 1577
f 1437 1577 1438
f 1438 1577 1446
f 1438 1446 1439
f 1439 1446 1444
f 1440 1569 1578
f 1440 1578 1579
f 1440 1579 1441
f 1441 1579 1443
f 1441 1443 1442
f 1443 1579 1580
f 1443 1580 1576
f 1444 1446 1445
f 1446 1577 1576
f 1446 1576 1580
f 1446 1580 1581
f 1446 1581 1582
f 1446 1582 1583
f 1446 1583 1584
f 1446 1584 1585
f 1446 1585 1447
f 1447 1585 1449
f 1447 1449 1448
f 1449 1585 1450
f 1450 1586 1587
f 1450 1587 1452
f 1450 1452 1451
f 1450 1585 1586
f 1452 1587 1588
f 1452 1588 1589
f 1452 1589 1590
f 1452 1590 1591
f 1452 1591 1453
f 1453 1591 1454
f 1454 1591 1455
f 1455 1591 1590
f 1455 1590 1500
f 1456 1592 1458
f 1456 1564 1592
f 1458 1593 1594
f 1458 1594 1459
f 1458 1592 1593
f 1459 1594 1460
f 1460 1594 1595
f 1460 1595 1461
f 1461 1595 1596
f 1461 1596 1597
f 1461 1597 1462
f 1462 1597 1598
f 1462 1598 1599
f 1462 1599 1600
f 1462 1600 1601
f 1462 1601 1602
f 1462 1602 1463
f 1463 1602 1603
f 1463 1603 1604
f 1463 1604 1465
f 1463 1465 1464
f 1465 1604 1605
f 1465 1605 1606
f 1465 1606 1607
f 1465 1607 1608
f 1465 1608 1609
f 1465 1609 1466
f 1466 1610 1611
f 1466 1611 1471
f 1466 1471 1612
f 1466 1612 1467
f 1466 1609 1613
f 1466 1613 1614
f 1466 1614 1615
f 1466 1615 1616
f 1466 1616 1617
f 1466 1617 1610
f 1467 1612 1470
f 1470 1612 1471
f 1471 1611 1610
f 1471 1610 1618
f 1471 1618 1472
f 1472 1618 1473
f 1473 1619 1617
f 1473 1617 1620
f 1473 1620 1474
f 1473 1618 1619
f 1474 1621 1475
f 1474 1620 1621
f 1475 1621 1476
f 1476 1622 1623
f 1476 1623 1479
f 1476 1479 1477
f 1476 1621 1624
f 1476 1624 1622
f 1478 1479 1480
f 1479 1625 1626
f 1479 1626 1627
f 1479 1627 1481
f 1479 1481 1480
f 1479 1623 1625
f 1481 1627 1482
f 1482 1627 1626
f 1482 1626 1628
f 1483 1485 1484
f 1484 1498 1506
f 1486 1492 1487
f 1486 1629 1630
f 1486 1630 1492
f 1487 1492 1491
f 1489 1493 1631
f 1489 1631 1632
f 1489 1632 1633
f 1489 1633 1490
f 1490 1633 1494
f 1492 1630 1634
f 1492 1634 1635
f 1492 1635 1636
f 1492 1636 1637
f 1492 1637 1631
f 1492 1631 1493
f 1494 1633 1638
f 1494 1638 1495
f 1495 1638 1639
f 1495 1639 1640
f 1495 1640 1496
f 1496 1640 1641
f 1496 1641 1497
f 1497 1641 1498
f 1498 1641 1642
f 1498 1642 1506
f 1499 1500 1643
f 1499 1643 1644
f 1499 1644 1503
f 1500 1590 1643
f 1501 1504 1645
f 1501 1645 1502
f 1502 1645 1646
f 1502 1646 1505
f 1503 1644 1646
f 1503 1646 1645
f 1503 1645 1504
f 1505 1646 1644
f 1505 1644 1647
f 1505 1647 1648
f 1505 1648 1649
f 1505 1649 1650
f 1505 1650 1651
f 1505 1651 1779
f 1505 1779 1629
f 1506 1642 1507
f 1507 1642 1652
f 1507 1652 1653
f 1507 1653 1508
f 1508 1653 1654
f 1508 1654 1509
f 1509 1654 1655
f 1509 1655 1656
f 1509 1656 1510
f 1510 1656 1511
f 1511 1656 1657
f 1511 1657 1658
f 1511 1658 1659
f 1511 1659 1513
f 1511 1513 1512
f 1513 1659 1660
f 1513 1660 1661
f 1513 1661 1514
f 1514 1661 1662
f 1514 1662 1515
f 1515 1662 1663
f 1515 1663 1664
f 1515 1664 1665
f 1515 1665 1520
f 1516 1521 1666
f 1516 1666 1517
f 1517 1666 1667
f 1517 1667 1518
f 1518 1667 1668
f 1518 1668 1519
f 1520 1665 1821
f 1520 1821 1669
f 1520 1669 1521
f 1521 1669 1670
f 1521 1670 1671
f 1521 1671 1666
f 1522 1668 1822
f 1522 1822 1672
f 1522 1672 1525
f 1522 1525 1523
f 1523 1525 1524
f 1525 1672 1673
f 1525 1673 1674
f 1525 1674 1675
f 1525 1675 1526
f 1526 1675 1676
f 1526 1676 1527
f 1527 1676 1832
f 1527 1832 1677
f 1528 1677 1530
f 1528 1530 1531
f 1529 1531 1530
f 1530 1677 1678
f 1530 1678 1532
f 1532 1678 1679
f 1532 1679 1533
f 1533 1679 1680
f 1533 1680 1681
f 1533 1681 1534
f 1534 1681 1535
f 1535 1681 1682
f 1535 1682 1683
f 1535 1683 1684
f 1535 1684 1536
f 1536 1684 1685
f 1536 1685 1537
f 1537 1685 1538
f 1538 1685 1686
f 1538 1686 1687
f 1538 1687 1539
f 1539 1687 1688
f 1539 1688 1540
f 1540 1688 1541
f 1541 1688 1689
f 1541 1689 1542
f 1542 1689 1543
f 1543 1689 1544
f 1544 1689 1690
f 1544 1690 1545
f 1545 1690 1691
f 1545 1691 1692
f 1545 1692 1546
f 1546 1692 1693
f 1546 1693 1694
f 1546 1694 1547
f 1547 1694 1693
f 1547 1693 1548
f 1548 1552 1549
f 1548 1693 1695
f 1548 1695 1696
f 1548 1696 1697
f 1548 1697 1698
f 1548 1698 1552
f 1550 1554 1699
f 1550 1699 1551
f 1551 1699 1700
f 1551 1700 1555
f 1552 1698 1701
f 1552 1701 1702
f 1552 1702 1553
f 1553 1702 1700
f 1553 1700 1699
f 1553 1699 1554
f 1555 1703 1704
f 1555 1704 1705
f 1555 1705 1706
f 1555 1700 1702
f 1555 1702 1707
f 1555 1707 1703
f 1557 1706 1866
f 1557 1866 1708
f 1557 1708 1709
f 1557 1709 1710
f 1557 1710 1711
f 1557 1711 1712
f 1557 1712 1558
f 1558 1712 1713
f 1558 1713 1714
f 1558 1714 1715
f 1558 1715 1716
f 1558 1716 1559
f 1559 1716 1717
f 1559 1717 1561
f 1559 1561 1560
f 1561 1717 1562
f 1562 1717 1564
f 1564 1717 1715
f 1564 1715 1718
f 1564 1718 1719
f 1564 1719 1592
f 1565 1720 1566
f 1566 1721 1571
f 1566 1571 1568
f 1566 1720 1721
f 1567 1568 1571
f 1569 1722 1578
f 1569 1570 1722
f 1570 1575 1723
f 1570 1723 1724
f 1570 1724 1725
f 1570 1725 1722
f 1571 1721 1726
f 1571 1726 1727
f 1571 1727 1728
f 1571 1728 1573
f 1571 1573 1572
f 1573 1728 1729
f 1573 1729 1730
f 1573 1730 1731
f 1573 1731 1574
f 1574 1731 1575
f 1575 1731 1723
f 1578 1722 1732
f 1578 1732 1733
f 1578 1733 1581
f 1578 1581 1734
f 1578 1734 1579
f 1579 1734 1580
f 1580 1734 1581
f 1581 1735 1736
f 1581 1736 1737
f 1581 1737 1738
f 1581 1738 1582
f 1581 1733 1732
f 1581 1732 1724
f 1581 1724 1739
f 1581 1739 1735
f 1582 1740 1741
f 1582 1741 1584
f 1582 1584 1583
f 1582 1738 1742
f 1582 1742 1743
f 1582 1743 1744
f 1582 1744 1740
f 1584 1745 1746
f 1584 1746 1585
f 1584 1741 1745
f 1585 1747 1748
f 1585 1748 1749
f 1585 1749 1750
f 1585 1750 1586
f 1585 1746 1751
f 1585 1751 1747
f 1586 1750 1752
f 1586 1752 1753
f 1586 1753 1587
f 1587 1754 1588
f 1587 1753 1754
f 1588 1754 1589
f 1589 1754 1755
f 1589 1755 1756
f 1589 1756 1590
f 1590 1756 1643
f 1592 1719 1718
f 1592 1718 1757
f 1592 1757 1593
f 1593 1757 1715
f 1593 1715 1758
f 1593 1758 1759
f 1593 1759 1596
f 1593 1596 1760
f 1593 1760 1594
f 1594 1760 1595
f 1595 1760 1596
f 1596 1759 1761
f 1596 1761 1762
f 1596 1762 1598
f 1596 1598 1597
f 1598 1762 1599
f 1599 1762 1763
f 1599 1763 1764
f 1599 1764 1765
f 1599 1765 1601
f 1599 1601 1600
f 1601 1765 1603
f 1601 1603 1602
f 1603 1766 1604
f 1603 1765 1766
f 1604 1766 1605
f 1605 1766 1767
f 1605 1767 1607
f 1605 1607 1606
f 1607 1768 1613
f 1607 1613 1608
f 1607 1767 1768
f 1608 1613 1609
f 1610 1617 1619
f 1610 1619 1618
f 1613 1768 1614
f 1614 1769 1770
f 1614 1770 1615
f 1614 1768 1769
f 1615 1771 1772
f 1615 1772 1616
f 1615 1770 1773
f 1615 1773 1771
f 1616 1772 1774
f 1616 1774 1775
f 1616 1775 1617
f 1617 1775 1621
f 1617 1621 1620
f 1621 1775 1624
f 1622 1776 1623
f 1622 1624 1775
f 1622 1775 1776
f 1623 1776 1625
f 1625 1776 1626
f 1626 1776 1628
f 1628 1777 1778
f 1628 1776 1775
f 1628 1775 1777
f 1629 1779 1780
f 1629 1780 1781
f 1629 1781 1782
f 1629 1782 1783
f 1629 1783 1784
f 1629 1784 1785
f 1629 1785 1630
f 1630 1785 1786
f 1630 1786 1634
f 1631 1637 1632
f 1632 1787 1788
f 1632 1788 1633
f 1632 1637 1789
f 1632 1789 1790
f 1632 1790 1791
f 1632 1791 1787
f 1633 1788 1792
f 1633 1792 1638
f 1634 1786 1635
f 1635 1786 1636
f 1636 1786 1785
f 1636 1785 1784
f 1636 1784 1637
f 1637 1784 1793
f 1637 1793 1789
f 1638 1792 1788
f 1638 1788 1794
f 1638 1794 1639
f 1639 1794 1795
f 1639 1795 1796
f 1639 1796 1640
f 1640 1796 1797
f 1640 1797 1641
f 1641 1797 1642
f 1642 1797 1652
f 1643 1756 1798
f 1643 1798 1799
f 1643 1799 1800
f 1643 1800 1801
f 1643 1801 1644
f 1644 1801 1647
f 1647 1801 1649
f 1647 1649 1648
f 1649 1801 1802
f 1649 1802 1650
f 1650 1802 1800
f 1650 1800 1803
f 1650 1803 1804
f 1650 1804 1805
f 1650 1805 1651
f 1651 1806 1807
f 1651 1807 1808
f 1651 1808 1916
f 1651 1916 1779
f 1651 1805 1809
f 1651 1809 1806
f 1652 1797 1810
f 1652 1810 1653
f 1653 1810 1654
f 1654 1810 1811
f 1654 1811 1812
f 1654 1812 1655
f 1655 1812 1813
f 1655 1813 1656
f 1656 1813 1657
f 1657 1813 1814
f 1657 1814 1815
f 1657 1815 1658
f 1658 1815 1816
f 1658 1816 1817
f 1658 1817 1659
f 1659 1817 1818
f 1659 1818 1660
f 1660 1818 1819
f 1660 1819 1661
f 1661 1819 1820
f 1661 1820 1662
f 1662 1820 1821
f 1662 1821 1665
f 1662 1665 1664
f 1662 1664 1663
f 1666 1671 1667
f 1667 1671 1668
f 1668 1671 1822
f 1669 1821 1958
f 1669 1958 1823
f 1669 1823 1670
f 1670 1823 1824
f 1670 1824 1825
f 1670 1825 1671
f 1671 1825 1826
f 1671 1826 1822
f 1672 1822 1959
f 1672 1959 1827
f 1672 1827 1673
f 1673 1827 1828
f 1673 1828 1829
f 1673 1829 1674
f 1674 1829 1675
f 1675 1829 1830
f 1675 1830 1831
f 1675 1831 1676
f 1676 1831 1832
f 1677 1832 1833
f 1677 1833 1678
f 1678 1833 1834
f 1678 1834 1679
f 1679 1834 1835
f 1679 1835 1680
f 1680 1835 1682
f 1680 1682 1681
f 1682 1835 1836
f 1682 1836 1837
f 1682 1837 1838
f 1682 1838 1839
f 1682 1839 1683
f 1683 1839 1684
f 1684 1839 1840
f 1684 1840 1841
f 1684 1841 1685
f 1685 1841 1686
f 1686 1841 1840
f 1686 1840 1842
f 1686 1842 1687
f 1687 1842 1688
f 1688 1842 1843
f 1688 1843 1844
f 1688 1844 1845
f 1688 1845 1689
f 1689 1845 1690
f 1690 1845 1846
f 1690 1846 1847
f 1690 1847 1691
f 1691 1848 1692
f 1691 1847 1849
f 1691 1849 1850
f 1691 1850 1848
f 1692 1848 1693
f 1693 1848 1695
f 1695 1848 1696
f 1696 1851 1697
f 1696 1848 1852
f 1696 1852 1851
f 1697 1851 1698
f 1698 1851 1853
f 1698 1853 1854
f 1698 1854 1701
f 1701 1854 1855
f 1701 1855 1856
f 1701 1856 1857
f 1701 1857 1858
f 1701 1858 1859
f 1701 1859 1702
f 1702 1859 1707
f 1703 1707 1704
f 1704 1859 1860
f 1704 1860 1705
f 1704 1707 1859
f 1705 1860 1858
f 1705 1858 1861
f 1705 1861 1862
f 1705 1862 1863
f 1705 1863 1706
f 1706 1864 1865
f 1706 1865 1866
f 1706 1863 1867
f 1706 1867 1864
f 1708 1868 1709
f 1708 1866 2002
f 1708 2002 1869
f 1708 1869 1870
f 1708 1870 1868
f 1709 1871 1872
f 1709 1872 1710
f 1709 1868 1871
f 1710 1873 1874
f 1710 1874 1711
f 1710 1872 1873
f 1711 1874 1712
f 1712 1874 1713
f 1713 1874 1875
f 1713 1875 1714
f 1714 1875 1715
f 1715 1875 1876
f 1715 1876 1758
f 1715 1757 1718
f 1715 1717 1716
f 1720 1877 1726
f 1720 1726 1721
f 1722 1725 1732
f 1723 1731 1724
f 1724 1731 1878
f 1724 1878 1739
f 1724 1732 1725
f 1726 1877 1879
f 1726 1879 1880
f 1726 1880 1727
f 1727 1880 1728
f 1728 1880 1729
f 1729 1880 1878
f 1729 1878 1730
f 1730 1878 1731
f 1735 1881 1882
f 1735 1882 1736
f 1735 1739 1883
f 1735 1883 1884
f 1735 1884 1881
f 1736 1882 1885
f 1736 1885 1886
f 1736 1886 1737
f 1737 1886 1743
f 1737 1743 1742
f 1737 1742 1738
f 1739 1878 1887
f 1739 1887 1883
f 1740 1888 1889
f 1740 1889 1741
f 1740 1744 1743
f 1740 1743 1888
f 1741 1889 1745
f 1743 1886 1888
f 1745 1889 1890
f 1745 1890 1751
f 1745 1751 1746
f 1747 1751 1748
f 1748 1891 1892
f 1748 1892 1749
f 1748 1751 1890
f 1748 1890 1893
f 1748 1893 1891
f 1749 1892 1752
f 1749 1752 1750
f 1752 1892 1894
f 1752 1894 1895
f 1752 1895 1896
f 1752 1896 1755
f 1752 1755 1754
f 1752 1754 1753
f 1755 1800 1897
f 1755 1897 1756
f 1755 1896 1894
f 1755 1894 1800
f 1756 1799 1798
f 1756 1897 1799
f 1758 1871 1898
f 1758 1898 1899
f 1758 1899 1900
f 1758 1900 1767
f 1758 1767 1763
f 1758 1763 1762
f 1758 1762 1761
f 1758 1761 1759
f 1758 1876 1901
f 1758 1901 1871
f 1763 1767 1764
f 1764 1767 1766
f 1764 1766 1765
f 1767 1900 1768
f 1768 1773 1769
f 1768 1900 1902
f 1768 1902 1903
f 1768 1903 1904
f 1768 1904 1771
f 1768 1771 1773
f 1769 1773 1770
f 1771 1904 1905
f 1771 1905 1906
f 1771 1906 1907
f 1771 1907 1772
f 1772 1907 1774
f 1774 1907 1908
f 1774 1908 1775
f 1775 1908 1909
f 1775 1909 1777
f 1777 1909 1778
f 1778 1910 1911
f 1778 1911 1912
f 1778 1909 1913
f 1778 1913 1910
f 1779 1914 1915
f 1779 1915 1780
f 1779 1916 1917
f 1779 1917 1918
f 1779 1918 1914
f 1780 1915 1919
f 1780 1919 1920
f 1780 1920 1921
f 1780 1921 1922
f 1780 1922 1781
f 1781 1922 1923
f 1781 1923 1783
f 1781 1783 1782
f 1783 1923 1784
f 1784 1923 1793
f 1787 1924 1788
f 1787 1791 1924
f 1788 1924 1794
f 1789 1925 1926
f 1789 1926 1790
f 1789 1793 1927
f 1789 1927 1925
f 1790 1926 1791
f 1791 1926 1928
f 1791 1928 1924
f 1793 1923 1921
f 1793 1921 1929
f 1793 1929 1930
f 1793 1930 1931
f 1793 1931 1927
f 1794 1924 1795
f 1795 1932 1933
f 1795 1933 1796
f 1795 1924 1934
f 1795 1934 1932
f 1796 1933 1935
f 1796 1935 1936
f 1796 1936 1797
f 1797 1936 1810
f 1799 1897 1800
f 1800 1894 1937
f 1800 1937 1938
f 1800 1938 1803
f 1800 1802 1801
f 1803 1938 1804
f 1804 1938 1939
f 1804 1939 1805
f 1805 1939 1809
f 1806 1809 1939
f 1806 1939 1940
f 1806 1940 1941
f 1806 1941 1807
f 1807 1941 1942
f 1807 1942 1943
f 1807 1943 1808
f 1808 1943 1944
f 1808 1944 1945
f 1808 1945 2037
f 1808 2037 1916
f 1810 1936 1946
f 1810 1946 1947
f 1810 1947 1948
f 1810 1948 1811
f 1811 1948 1812
f 1812 1948 1949
f 1812 1949 1950
f 1812 1950 1813
f 1813 1950 1814
f 1814 1950 1949
f 1814 1949 1951
f 1814 1951 1815
f 1815 1951 1816
f 1816 1951 1952
f 1816 1952 1953
f 1816 1953 1954
f 1816 1954 1955
f 1816 1955 1818
f 1816 1818 1817
f 1818 1955 1819
f 1819 1955 1956
f 1819 1956 1820
f 1820 1956 1957
f 1820 1957 1821
f 1821 1957 1958
f 1822 1826 1959
f 1823 1958 1960
f 1823 1960 1824
f 1824 1960 1961
f 1824 1961 1962
f 1824 1962 1825
f 1825 1962 1826
f 1826 1962 1963
f 1826 1963 1959
f 1827 1959 1963
f 1827 1963 1828
f 1828 1963 2078
f 1828 2078 1964
f 1828 1964 1829
f 1829 1964 1965
f 1829 1965 1966
f 1829 1966 1967
f 1829 1967 1830
f 1830 1967 1968
f 1830 1968 1969
f 1830 1969 1970
f 1830 1970 1831
f 1831 1970 1971
f 1831 1971 1972
f 1831 1972 1973
f 1831 1973 1833
f 1831 1833 1832
f 1833 1973 1974
f 1833 1974 1834
f 1834 1974 1835
f 1835 1974 1975
f 1835 1975 1836
f 1836 1975 1976
f 1836 1976 1837
f 1837 1976 1838
f 1838 1976 1839
f 1839 1976 1977
f 1839 1977 1978
f 1839 1978 1840
f 1840 1979 1842
f 1840 1978 1980
f 1840 1980 1979
f 1842 1979 1981
f 1842 1981 1846
f 1842 1846 1843
f 1843 1846 1844
f 1844 1846 1845
f 1846 1981 1847
f 1847 1981 1982
f 1847 1982 1849
f 1848 1850 1983
f 1848 1983 1852
f 1849 1984 1985
f 1849 1985 1983
f 1849 1983 1850
f 1849 1982 1984
f 1851 1852 1986
f 1851 1986 1853
f 1852 1983 1986
f 1853 1986 1987
f 1853 1987 1988
f 1853 1988 1854
f 1854 1988 1989
f 1854 1989 1990
f 1854 1990 1855
f 1855 1857 1856
f 1855 1990 1991
f 1855 1991 1992
f 1855 1992 1857
f 1857 1992 1858
f 1858 1992 1991
f 1858 1991 1993
f 1858 1993 1994
f 1858 1994 1995
f 1858 1995 1861
f 1858 1860 1859
f 1861 1995 1862
f 1862 1995 1996
f 1862 1996 1863
f 1863 1996 1867
f 1864 1867 1996
f 1864 1996 1997
f 1864 1997 1998
f 1864 1998 1865
f 1865 1998 1999
f 1865 1999 2000
f 1865 2000 1866
f 1866 2001 2002
f 1866 2000 2001
f 1868 1870 1871
f 1869 2002 2119
f 1869 2119 2003
f 1869 2003 2004
f 1869 2004 2005
f 1869 2005 2006
f 1869 2006 1870
f 1870 2006 1871
f 1871 1901 1872
f 1871 2006 1898
f 1872 1901 1876
f 1872 1876 1873
f 1873 1876 1874
f 1874 1876 1875
f 1878 2007 2008
f 1878 2008 1887
f 1878 1880 1879
f 1878 1879 2009
f 1878 2009 2007
f 1879 2010 2009
f 1881 1886 1885
f 1881 1885 1882
f 1881 1884 1886
f 1883 1887 2011
f 1883 2011 1884
f 1884 2011 2012
f 1884 2012 2013
f 1884 2013 2014
f 1884 2014 1886
f 1886 2015 2016
f 1886 2016 2017
f 1886 2017 1888
f 1886 2014 2015
f 1887 2008 2011
f 1888 1893 1889
f 1888 2017 1894
f 1888 1894 1891
f 1888 1891 1893
f 1889 1893 1890
f 1891 1894 1892
f 1894 2017 2018
f 1894 2018 2019
f 1894 2019 1942
f 1894 1942 2020
f 1894 2020 1937
f 1894 1896 1895
f 1898 2006 1899
f 1899 2006 2005
f 1899 2005 2021
f 1899 2021 1900
f 1900 2021 2022
f 1900 2022 1903
f 1900 1903 1902
f 1903 2022 2023
f 1903 2023 2024
f 1903 2024 2025
f 1903 2025 1904
f 1904 2026 2027
f 1904 2027 2028
f 1904 2028 1906
f 1904 1906 1905
f 1904 2025 2029
f 1904 2029 2026
f 1906 2028 2030
f 1906 2030 1907
f 1907 2030 2031
f 1907 2031 1909
f 1907 1909 1908
f 1909 2031 1913
f 1910 2032 1911
f 1910 1913 2028
f 1910 2028 2033
f 1910 2033 2032
f 1911 2032 1912
f 1912 2032 2035
f 1912 2035 2147
f 1912 2147 2034
f 1913 2031 2030
f 1913 2030 2028
f 1914 2036 1915
f 1914 1918 2036
f 1915 2036 1919
f 1916 2037 2038
f 1916 2038 2039
f 1916 2039 1917
f 1917 2040 2041
f 1917 2041 1918
f 1917 2039 2040
f 1918 2042 2036
f 1918 2041 2042
f 1919 2036 2043
f 1919 2043 1920
f 1920 2043 1921
f 1921 2043 2044
f 1921 2044 2045
f 1921 2045 2046
f 1921 2046 2047
f 1921 2047 1929
f 1921 1923 1922
f 1924 1928 2048
f 1924 2048 1934
f 1925 2049 1926
f 1925 1927 2050
f 1925 2050 2051
f 1925 2051 2049
f 1926 2049 1928
f 1927 1931 2052
f 1927 2052 2053
f 1927 2053 2050
f 1928 2049 2048
f 1929 2047 1931
f 1929 1931 1930
f 1931 2047 2046
f 1931 2046 2052
f 1932 1934 2048
f 1932 2048 2054
f 1932 2054 2055
f 1932 2055 2056
f 1932 2056 1933
f 1933 2056 2057
f 1933 2057 1935
f 1935 2057 1948
f 1935 1948 1947
f 1935 1947 1946
f 1935 1946 1936
f 1937 2020 1941
f 1937 1941 1940
f 1937 1940 1939
f 1937 1939 1938
f 1941 2020 1942
f 1942 2019 2058
f 1942 2058 1944
f 1942 1944 1943
f 1944 2058 1945
f 1945 2059 2060
f 1945 2060 2061
f 1945 2061 2149
f 1945 2149 2037
f 1945 2058 2059
f 1948 2057 2062
f 1948 2062 1949
f 1949 2063 1951
f 1949 2062 2064
f 1949 2064 2063
f 1951 2063 2065
f 1951 2065 2066
f 1951 2066 1952
f 1952 2066 1953
f 1953 2066 1954
f 1954 2066 2067
f 1954 2067 1955
f 1955 2067 2068
f 1955 2068 1956
f 1956 2068 2069
f 1956 2069 1957
f 1957 2069 1960
f 1957 1960 1958
f 1960 2069 2070
f 1960 2070 2071
f 1960 2071 2072
f 1960 2072 1961
f 1961 2072 2073
f 1961 2073 2074
f 1961 2074 2075
f 1961 2075 1962
f 1962 2075 2076
f 1962 2076 2077
f 1962 2077 2078
f 1962 2078 1963
f 1964 2078 2190
f 1964 2190 2079
f 1964 2079 2080
f 1964 2080 1965
f 1965 2080 1966
f 1966 2080 2081
f 1966 2081 2082
f 1966 2082 1967
f 1967 2082 2083
f 1967 2083 1969
f 1967 1969 1968
f 1969 2083 2084
f 1969 2084 2085
f 1969 2085 2086
f 1969 2086 1970
f 1970 2086 1971
f 1971 2086 2087
f 1971 2087 1972
f 1972 2087 2088
f 1972 2088 1974
f 1972 1974 1973
f 1974 2088 1975
f 1975 2089 1976
f 1975 2088 2090
f 1975 2090 2089
f 1976 2089 1977
f 1977 2089 2091
f 1977 2091 1978
f 1978 2091 2092
f 1978 2092 1980
f 1979 1980 2093
f 1979 2093 1982
f 1979 1982 1981
f 1980 2094 2093
f 1980 2092 2094
f 1982 2093 2095
f 1982 2095 1984
f 1983 2096 2097
f 1983 2097 2098
f 1983 2098 1986
f 1983 1985 1984
f 1983 1984 2096
f 1984 2095 2096
f 1986 2098 1987
f 1987 2099 1988
f 1987 2098 2099
f 1988 2099 1989
f 1989 2100 2101
f 1989 2101 2102
f 1989 2102 2103
f 1989 2103 1990
f 1989 2099 2098
f 1989 2098 2100
f 1990 2103 2104
f 1990 2104 1991
f 1991 2104 2105
f 1991 2105 2106
f 1991 2106 2107
f 1991 2107 1993
f 1993 2108 2109
f 1993 2109 2110
f 1993 2110 2111
f 1993 2111 2112
f 1993 2112 1999
f 1993 1999 2113
f 1993 2113 1994
f 1993 2107 2114
f 1993 2114 2115
f 1993 2115 2108
f 1994 2113 1998
f 1994 1998 1997
f 1994 1997 1996
f 1994 1996 1995
f 1998 2113 1999
f 1999 2112 2116
f 1999 2116 2001
f 1999 2001 2000
f 2001 2116 2002
f 2002 2117 2118
f 2002 2118 2119
f 2002 2116 2117
f 2003 2119 2236
f 2003 2236 2120
f 2003 2120 2121
f 2003 2121 2004
f 2004 2022 2005
f 2004 2121 2022
f 2005 2022 2021
f 2007 2122 2123
f 2007 2123 2011
f 2007 2011 2008
f 2007 2009 2010
f 2007 2010 2122
f 2010 2124 2122
f 2011 2123 2125
f 2011 2125 2012
f 2012 2014 2013
f 2012 2125 2126
f 2012 2126 2014
f 2014 2127 2128
f 2014 2128 2129
f 2014 2129 2015
f 2014 2126 2130
f 2014 2130 2127
f 2015 2129 2131
f 2015 2131 2132
f 2015 2132 2133
f 2015 2133 2017
f 2015 2017 2016
f 2017 2133 2134
f 2017 2134 2018
f 2018 2134 2059
f 2018 2059 2058
f 2018 2058 2019
f 2022 2121 2023
f 2023 2121 2135
f 2023 2135 2024
f 2024 2136 2137
f 2024 2137 2025
f 2024 2135 2136
f 2025 2137 2138
f 2025 2138 2029
f 2026 2139 2140
f 2026 2140 2027
f 2026 2029 2138
f 2026 2138 2139
f 2027 2140 2141
f 2027 2141 2142
f 2027 2142 2028
f 2028 2142 2141
f 2028 2141 2143
f 2028 2143 2144
f 2028 2144 2033
f 2032 2033 2144
f 2032 2144 2259
f 2032 2259 2145
f 2032 2145 2147
f 2032 2147 2035
f 2034 2147 2145
f 2034 2145 2148
f 2034 2148 2146
f 2036 2042 2044
f 2036 2044 2043
f 2037 2149 2150
f 2037 2150 2151
f 2037 2151 2152
f 2037 2152 2038
f 2038 2152 2040
f 2038 2040 2039
f 2040 2045 2153
f 2040 2153 2041
f 2040 2152 2154
f 2040 2154 2045
f 2041 2153 2044
f 2041 2044 2042
f 2044 2153 2045
f 2045 2154 2155
f 2045 2155 2156
f 2045 2156 2157
f 2045 2157 2158
f 2045 2158 2159
f 2045 2159 2160
f 2045 2160 2161
f 2045 2161 2162
f 2045 2162 2046
f 2046 2163 2052
f 2046 2162 2160
f 2046 2160 2163
f 2048 2049 2164
f 2048 2164 2165
f 2048 2165 2166
f 2048 2166 2055
f 2048 2055 2054
f 2049 2051 2164
f 2050 2053 2167
f 2050 2167 2051
f 2051 2167 2164
f 2052 2163 2168
f 2052 2168 2053
f 2053 2168 2169
f 2053 2169 2170
f 2053 2170 2171
f 2053 2171 2164
f 2053 2164 2167
f 2055 2166 2172
f 2055 2172 2056
f 2056 2173 2062
f 2056 2062 2057
f 2056 2172 2173
f 2059 2134 2133
f 2059 2133 2060
f 2060 2133 2174
f 2060 2174 2175
f 2060 2175 2061
f 2061 2175 2264
f 2061 2264 2149
f 2062 2173 2064
f 2063 2064 2176
f 2063 2176 2177
f 2063 2177 2065
f 2064 2178 2176
f 2064 2173 2178
f 2065 2177 2179
f 2065 2179 2066
f 2066 2179 2067
f 2067 2180 2068
f 2067 2179 2181
f 2067 2181 2180
f 2068 2180 2070
f 2068 2070 2069
f 2070 2180 2182
f 2070 2182 2071
f 2071 2182 2183
f 2071 2183 2072
f 2072 2183 2073
f 2073 2183 2184
f 2073 2184 2185
f 2073 2185 2186
f 2073 2186 2075
f 2073 2075 2074
f 2075 2186 2187
f 2075 2187 2076
f 2076 2187 2188
f 2076 2188 2189
f 2076 2189 2077
f 2077 2189 2078
f 2078 2189 2190
f 2079 2191 2192
f 2079 2192 2082
f 2079 2082 2080
f 2079 2190 2310
f 2079 2310 2191
f 2080 2082 2081
f 2082 2192 2193
f 2082 2193 2194
f 2082 2194 2195
f 2082 2195 2084
f 2082 2084 2083
f 2084 2195 2085
f 2085 2196 2197
f 2085 2197 2086
f 2085 2195 2198
f 2085 2198 2199
f 2085 2199 2200
f 2085 2200 2196
f 2086 2197 2201
f 2086 2201 2087
f 2087 2201 2197
f 2087 2197 2202
f 2087 2202 2088
f 2088 2202 2090
f 2089 2090 2203
f 2089 2203 2091
f 2090 2202 2204
f 2090 2204 2205
f 2090 2205 2203
f 2091 2203 2206
f 2091 2206 2207
f 2091 2207 2092
f 2092 2207 2208
f 2092 2208 2094
f 2093 2094 2209
f 2093 2209 2095
f 2094 2208 2210
f 2094 2210 2209
f 2095 2209 2096
f 2096 2209 2211
f 2096 2211 2212
f 2096 2212 2213
f 2096 2213 2097
f 2097 2213 2098
f 2098 2213 2214
f 2098 2214 2215
f 2098 2215 2216
f 2098 2216 2217
f 2098 2217 2100
f 2100 2217 2101
f 2101 2218 2102
f 2101 2217 2219
f 2101 2219 2220
f 2101 2220 2221
f 2101 2221 2218
f 2102 2104 2103
f 2102 2218 2222
f 2102 2222 2104
f 2104 2222 2105
f 2105 2222 2106
f 2106 2222 2218
f 2106 2218 2223
f 2106 2223 2224
f 2106 2224 2115
f 2106 2115 2114
f 2106 2114 2107
f 2108 2115 2225
f 2108 2225 2226
f 2108 2226 2109
f 2109 2226 2227
f 2109 2227 2228
f 2109 2228 2229
f 2109 2229 2230
f 2109 2230 2110
f 2110 2231 2232
f 2110 2232 2111
f 2110 2230 2233
f 2110 2233 2234
f 2110 2234 2231
f 2111 2232 2117
f 2111 2117 2116
f 2111 2116 2112
f 2115 2224 2225
f 2117 2232 2231
f 2117 2231 2118
f 2118 2231 2235
f 2118 2235 2236
f 2118 2236 2119
f 2120 2236 2251
f 2120 2251 2135
f 2120 2135 2121
f 2122 2126 2125
f 2122 2125 2123
f 2122 2124 2237
f 2122 2237 2126
f 2124 2238 2239
f 2124 2239 2237
f 2126 2240 2241
f 2126 2241 2242
f 2126 2242 2130
f 2126 2237 2243
f 2126 2243 2244
f 2126 2244 2240
f 2127 2130 2248
f 2127 2248 2245
f 2127 2245 2246
f 2127 2246 2128
f 2128 2246 2129
f 2129 2246 2247
f 2129 2247 2249
f 2129 2249 2131
f 2130 2242 2241
f 2130 2241 2248
f 2131 2249 2250
f 2131 2250 2132
f 2132 2250 2174
f 2132 2174 2133
f 2135 2251 2252
f 2135 2252 2136
f 2136 2252 2253
f 2136 2253 2137
f 2137 2253 2254
f 2137 2254 2138
f 2138 2254 2255
f 2138 2255 2139
f 2139 2255 2256
f 2139 2256 2140
f 2140 2256 2257
f 2140 2257 2141
f 2141 2257 2381
f 2141 2381 2258
f 2141 2258 2143
f 2143 2258 2144
f 2144 2258 2381
f 2144 2381 2259
f 2145 2259 2260
f 2145 2260 2261
f 2145 2261 2148
f 2146 2148 2261
f 2146 2261 2263
f 2146 2263 2262
f 2149 2264 2266
f 2149 2266 2150
f 2150 2265 2151
f 2150 2266 2265
f 2151 2265 2267
f 2151 2267 2155
f 2151 2155 2152
f 2152 2155 2154
f 2155 2267 2156
f 2156 2267 2265
f 2156 2265 2268
f 2156 2268 2269
f 2156 2269 2270
f 2156 2270 2157
f 2157 2270 2271
f 2157 2271 2272
f 2157 2272 2273
f 2157 2273 2274
f 2157 2274 2158
f 2158 2275 2159
f 2158 2274 2275
f 2159 2275 2276
f 2159 2276 2160
f 2160 2162 2161
f 2160 2276 2277
f 2160 2277 2278
f 2160 2278 2279
f 2160 2279 2163
f 2163 2169 2168
f 2163 2279 2169
f 2164 2171 2280
f 2164 2280 2281
f 2164 2281 2282
f 2164 2282 2283
f 2164 2283 2284
f 2164 2284 2165
f 2165 2284 2166
f 2166 2285 2286
f 2166 2286 2172
f 2166 2284 2287
f 2166 2287 2285
f 2169 2279 2278
f 2169 2278 2170
f 2170 2288 2280
f 2170 2280 2171
f 2170 2278 2289
f 2170 2289 2290
f 2170 2290 2288
f 2172 2286 2173
f 2173 2286 2178
f 2174 2250 2175
f 2175 2250 2374
f 2175 2374 2264
f 2176 2178 2291
f 2176 2291 2292
f 2176 2292 2177
f 2177 2292 2293
f 2177 2293 2294
f 2177 2294 2179
f 2178 2286 2295
f 2178 2295 2291
f 2179 2294 2181
f 2180 2181 2296
f 2180 2296 2182
f 2181 2297 2296
f 2181 2294 2298
f 2181 2298 2297
f 2182 2296 2299
f 2182 2299 2300
f 2182 2300 2183
f 2183 2300 2299
f 2183 2299 2184
f 2184 2301 2185
f 2184 2299 2302
f 2184 2302 2303
f 2184 2303 2304
f 2184 2304 2305
f 2184 2305 2301
f 2185 2301 2187
f 2185 2187 2186
f 2187 2306 2307
f 2187 2307 2190
f 2187 2190 2189
f 2187 2189 2188
f 2187 2301 2308
f 2187 2308 2309
f 2187 2309 2306
f 2190 2307 2310
f 2191 2310 2437
f 2191 2437 2311
f 2191 2311 2312
f 2191 2312 2313
f 2191 2313 2314
f 2191 2314 2315
f 2191 2315 2316
f 2191 2316 2317
f 2191 2317 2192
f 2192 2317 2318
f 2192 2318 2319
f 2192 2319 2193
f 2193 2319 2318
f 2193 2318 2194
f 2194 2318 2317
f 2194 2317 2316
f 2194 2316 2195
f 2195 2316 2320
f 2195 2320 2198
f 2196 2204 2197
f 2196 2200 2204
f 2197 2204 2202
f 2198 2321 2322
f 2198 2322 2199
f 2198 2320 2323
f 2198 2323 2321
f 2199 2322 2200
f 2200 2322 2324
f 2200 2324 2204
f 2203 2205 2325
f 2203 2325 2326
f 2203 2326 2206
f 2204 2324 2325
f 2204 2325 2205
f 2206 2326 2325
f 2206 2325 2327
f 2206 2327 2207
f 2207 2327 2208
f 2208 2327 2328
f 2208 2328 2210
f 2209 2210 2211
f 2210 2328 2329
f 2210 2329 2330
f 2210 2330 2212
f 2210 2212 2211
f 2212 2331 2213
f 2212 2330 2331
f 2213 2331 2332
f 2213 2332 2333
f 2213 2333 2214
f 2214 2333 2215
f 2215 2333 2334
f 2215 2334 2335
f 2215 2335 2216
f 2216 2335 2336
f 2216 2336 2337
f 2216 2337 2219
f 2216 2219 2217
f 2218 2221 2223
f 2219 2338 2339
f 2219 2339 2340
f 2219 2340 2220
f 2219 2337 2338
f 2220 2340 2341
f 2220 2341 2342
f 2220 2342 2221
f 2221 2343 2344
f 2221 2344 2345
f 2221 2345 2225
f 2221 2225 2224
f 2221 2224 2223
f 2221 2342 2346
f 2221 2346 2347
f 2221 2347 2343
f 2225 2345 2344
f 2225 2344 2348
f 2225 2348 2226
f 2226 2348 2227
f 2227 2348 2349
f 2227 2349 2350
f 2227 2350 2228
f 2228 2350 2351
f 2228 2351 2352
f 2228 2352 2229
f 2229 2352 2351
f 2229 2351 2353
f 2229 2353 2354
f 2229 2354 2230
f 2230 2234 2233
f 2230 2354 2355
f 2230 2355 2356
f 2230 2356 2357
f 2230 2357 2358
f 2230 2358 2359
f 2230 2359 2234
f 2231 2234 2360
f 2231 2360 2235
f 2234 2361 2362
f 2234 2362 2360
f 2234 2359 2361
f 2235 2360 2251
f 2235 2251 2236
f 2237 2239 2363
f 2237 2363 2243
f 2238 2364 2491
f 2238 2491 2365
f 2238 2365 2363
f 2238 2363 2239
f 2240 2366 2241
f 2240 2244 2366
f 2241 2366 2492
f 2241 2492 2367
f 2241 2367 2372
f 2241 2372 2248
f 2243 2363 2244
f 2244 2368 2492
f 2244 2492 2366
f 2244 2363 2488
f 2244 2488 2368
f 2245 2248 2372
f 2245 2372 2369
f 2245 2369 2370
f 2245 2370 2246
f 2246 2370 2371
f 2246 2371 2247
f 2247 2371 2373
f 2247 2373 2249
f 2249 2373 2374
f 2249 2374 2250
f 2251 2360 2362
f 2251 2362 2252
f 2252 2362 2361
f 2252 2361 2253
f 2253 2361 2254
f 2254 2361 2375
f 2254 2375 2376
f 2254 2376 2255
f 2255 2376 2377
f 2255 2377 2256
f 2256 2377 2257
f 2257 2378 2379
f 2257 2379 2380
f 2257 2380 2381
f 2257 2377 2378
f 2259 2381 2380
f 2259 2380 2379
f 2259 2379 2260
f 2260 2379 2261
f 2261 2379 2263
f 2262 2382 2383
f 2262 2263 2384
f 2262 2384 2382
f 2263 2379 2385
f 2263 2385 2386
f 2263 2386 2384
f 2264 2374 2266
f 2265 2266 2387
f 2265 2387 2268
f 2266 2374 2387
f 2268 2270 2269
f 2268 2387 2388
f 2268 2388 2389
f 2268 2389 2390
f 2268 2390 2270
f 2270 2391 2392
f 2270 2392 2393
f 2270 2393 2394
f 2270 2394 2271
f 2270 2390 2395
f 2270 2395 2391
f 2271 2394 2396
f 2271 2396 2397
f 2271 2397 2398
f 2271 2398 2272
f 2272 2397 2399
f 2272 2399 2273
f 2272 2398 2397
f 2273 2400 2401
f 2273 2401 2274
f 2273 2399 2400
f 2274 2401 2275
f 2275 2402 2289
f 2275 2289 2276
f 2275 2401 2403
f 2275 2403 2402
f 2276 2289 2277
f 2277 2289 2278
f 2280 2288 2281
f 2281 2288 2404
f 2281 2404 2405
f 2281 2405 2406
f 2281 2406 2282
f 2282 2406 2407
f 2282 2407 2408
f 2282 2408 2283
f 2283 2408 2284
f 2284 2408 2409
f 2284 2409 2410
f 2284 2410 2287
f 2285 2295 2286
f 2285 2287 2295
f 2287 2410 2411
f 2287 2411 2295
f 2288 2290 2412
f 2288 2412 2413
f 2288 2413 2414
f 2288 2414 2404
f 2289 2402 2403
f 2289 2403 2415
f 2289 2415 2416
f 2289 2416 2417
f 2289 2417 2418
f 2289 2418 2290
f 2290 2418 2419
f 2290 2419 2412
f 2291 2295 2420
f 2291 2420 2421
f 2291 2421 2292
f 2292 2421 2293
f 2293 2421 2422
f 2293 2422 2423
f 2293 2423 2294
f 2294 2423 2422
f 2294 2422 2298
f 2295 2411 2424
f 2295 2424 2420
f 2296 2297 2299
f 2297 2302 2299
f 2297 2298 2422
f 2297 2422 2425
f 2297 2425 2303
f 2297 2303 2302
f 2301 2305 2426
f 2301 2426 2427
f 2301 2427 2308
f 2303 2428 2304
f 2303 2425 2428
f 2304 2428 2305
f 2305 2428 2429
f 2305 2429 2430
f 2305 2430 2426
f 2306 2309 2431
f 2306 2431 2307
f 2307 2431 2432
f 2307 2432 2310
f 2308 2427 2432
f 2308 2432 2431
f 2308 2431 2309
f 2310 2432 2427
f 2310 2427 2433
f 2310 2433 2434
f 2310 2434 2435
f 2310 2435 2436
f 2310 2436 2437
f 2311 2438 2439
f 2311 2439 2440
f 2311 2440 2312
f 2311 2437 2554
f 2311 2554 2441
f 2311 2441 2442
f 2311 2442 2438
f 2312 2440 2443
f 2312 2443 2444
f 2312 2444 2445
f 2312 2445 2446
f 2312 2446 2313
f 2313 2446 2447
f 2313 2447 2315
f 2313 2315 2314
f 2315 2447 2316
f 2316 2447 2320
f 2320 2447 2445
f 2320 2445 2448
f 2320 2448 2449
f 2320 2449 2323
f 2321 2450 2322
f 2321 2323 2451
f 2321 2451 2452
f 2321 2452 2450
f 2322 2450 2324
f 2323 2449 2453
f 2323 2453 2454
f 2323 2454 2455
f 2323 2455 2451
f 2324 2450 2325
f 2325 2450 2456
f 2325 2456 2457
f 2325 2457 2327
f 2327 2457 2458
f 2327 2458 2329
f 2327 2329 2328
f 2329 2458 2459
f 2329 2459 2330
f 2330 2459 2460
f 2330 2460 2461
f 2330 2461 2335
f 2330 2335 2331
f 2331 2335 2332
f 2332 2335 2334
f 2332 2334 2333
f 2335 2461 2462
f 2335 2462 2463
f 2335 2463 2464
f 2335 2464 2336
f 2336 2464 2465
f 2336 2465 2466
f 2336 2466 2338
f 2336 2338 2337
f 2338 2466 2465
f 2338 2465 2467
f 2338 2467 2468
f 2338 2468 2339
f 2339 2468 2340
f 2340 2468 2469
f 2340 2469 2470
f 2340 2470 2471
f 2340 2471 2472
f 2340 2472 2473
f 2340 2473 2474
f 2340 2474 2346
f 2340 2346 2342
f 2340 2342 2341
f 2343 2347 2349
f 2343 2349 2344
f 2344 2349 2348
f 2346 2474 2473
f 2346 2473 2472
f 2346 2472 2475
f 2346 2475 2476
f 2346 2476 2477
f 2346 2477 2478
f 2346 2478 2479
f 2346 2479 2351
f 2346 2351 2480
f 2346 2480 2347
f 2347 2480 2351
f 2347 2351 2350
f 2347 2350 2349
f 2351 2479 2481
f 2351 2481 2353
f 2353 2481 2354
f 2354 2481 2479
f 2354 2479 2355
f 2355 2482 2483
f 2355 2483 2356
f 2355 2479 2482
f 2356 2483 2357
f 2357 2483 2482
f 2357 2482 2358
f 2358 2484 2485
f 2358 2485 2486
f 2358 2486 2487
f 2358 2487 2359
f 2358 2482 2484
f 2359 2376 2375
f 2359 2375 2361
f 2359 2487 2486
f 2359 2486 2379
f 2359 2379 2377
f 2359 2377 2376
f 2363 2365 2491
f 2363 2491 2488
f 2364 2489 2490
f 2364 2490 2488
f 2364 2488 2491
f 2367 2492 2493
f 2367 2493 2494
f 2367 2494 2495
f 2367 2495 2496
f 2367 2496 2372
f 2368 2497 2494
f 2368 2494 2493
f 2368 2493 2492
f 2368 2488 2497
f 2369 2372 2496
f 2369 2496 2498
f 2369 2498 2370
f 2370 2499 2389
f 2370 2389 2371
f 2370 2498 2499
f 2371 2389 2388
f 2371 2388 2373
f 2373 2388 2374
f 2374 2388 2387
f 2377 2379 2378
f 2379 2486 2385
f 2382 2384 2500
f 2382 2500 2383
f 2383 2501 2502
f 2383 2500 2503
f 2383 2503 2501
f 2384 2386 2485
f 2384 2485 2504
f 2384 2504 2500
f 2385 2486 2485
f 2385 2485 2386
f 2389 2499 2390
f 2390 2499 2498
f 2390 2498 2496
f 2390 2496 2494
f 2390 2494 2505
f 2390 2505 2506
f 2390 2506 2395
f 2391 2507 2508
f 2391 2508 2392
f 2391 2395 2507
f 2392 2508 2393
f 2393 2508 2507
f 2393 2507 2509
f 2393 2509 2394
f 2394 2509 2510
f 2394 2510 2396
f 2395 2506 2505
f 2395 2505 2511
f 2395 2511 2512
f 2395 2512 2507
f 2396 2510 2397
f 2397 2417 2513
f 2397 2513 2416
f 2397 2416 2399
f 2397 2510 2509
f 2397 2509 2417
f 2399 2416 2400
f 2400 2416 2415
f 2400 2415 2403
f 2400 2403 2401
f 2404 2414 2405
f 2405 2514 2406
f 2405 2414 2515
f 2405 2515 2516
f 2405 2516 2514
f 2406 2410 2409
f 2406 2409 2407
f 2406 2514 2517
f 2406 2517 2518
f 2406 2518 2519
f 2406 2519 2411
f 2406 2411 2410
f 2407 2409 2408
f 2411 2519 2520
f 2411 2520 2521
f 2411 2521 2424
f 2412 2522 2523
f 2412 2523 2524
f 2412 2524 2413
f 2412 2419 2418
f 2412 2418 2417
f 2412 2417 2525
f 2412 2525 2526
f 2412 2526 2527
f 2412 2527 2528
f 2412 2528 2522
f 2413 2524 2414
f 2414 2529 2516
f 2414 2516 2515
f 2414 2524 2529
f 2416 2513 2417
f 2417 2509 2530
f 2417 2530 2531
f 2417 2531 2532
f 2417 2532 2533
f 2417 2533 2527
f 2417 2527 2526
f 2417 2526 2525
f 2420 2424 2421
f 2421 2534 2422
f 2421 2424 2535
f 2421 2535 2534
f 2422 2534 2536
f 2422 2536 2537
f 2422 2537 2425
f 2424 2521 2535
f 2425 2537 2428
f 2426 2430 2538
f 2426 2538 2539
f 2426 2539 2540
f 2426 2540 2541
f 2426 2541 2427
f 2427 2541 2433
f 2428 2537 2429
f 2429 2537 2542
f 2429 2542 2543
f 2429 2543 2430
f 2430 2543 2544
f 2430 2544 2545
f 2430 2545 2546
f 2430 2546 2538
f 2433 2541 2435
f 2433 2435 2434
f 2435 2541 2547
f 2435 2547 2436
f 2436 2547 2540
f 2436 2540 2548
f 2436 2548 2549
f 2436 2549 2550
f 2436 2550 2437
f 2437 2550 2551
f 2437 2551 2552
f 2437 2552 2553
f 2437 2553 2554
f 2438 2555 2556
f 2438 2556 2439
f 2438 2442 2557
f 2438 2557 2555
f 2439 2556 2440
f 2440 2556 2443
f 2441 2554 2658
f 2441 2658 2558
f 2441 2558 2559
f 2441 2559 2560
f 2441 2560 2442
f 2442 2561 2557
f 2442 2560 2561
f 2443 2556 2562
f 2443 2562 2444
f 2444 2562 2445
f 2445 2562 2563
f 2445 2563 2564
f 2445 2564 2565
f 2445 2565 2566
f 2445 2566 2448
f 2445 2447 2446
f 2448 2566 2453
f 2448 2453 2449
f 2450 2452 2456
f 2451 2455 2567
f 2451 2567 2568
f 2451 2568 2452
f 2452 2568 2456
f 2453 2566 2565
f 2453 2565 2454
f 2454 2565 2569
f 2454 2569 2570
f 2454 2570 2567
f 2454 2567 2455
f 2456 2568 2567
f 2456 2567 2571
f 2456 2571 2572
f 2456 2572 2573
f 2456 2573 2574
f 2456 2574 2575
f 2456 2575 2458
f 2456 2458 2457
f 2458 2575 2576
f 2458 2576 2577
f 2458 2577 2459
f 2459 2577 2460
f 2460 2577 2578
f 2460 2578 2574
f 2460 2574 2573
f 2460 2573 2579
f 2460 2579 2580
f 2460 2580 2463
f 2460 2463 2462
f 2460 2462 2461
f 2463 2467 2465
f 2463 2465 2464
f 2463 2580 2581
f 2463 2581 2582
f 2463 2582 2583
f 2463 2583 2584
f 2463 2584 2585
f 2463 2585 2586
f 2463 2586 2470
f 2463 2470 2469
f 2463 2469 2468
f 2463 2468 2467
f 2470 2586 2587
f 2470 2587 2471
f 2471 2587 2472
f 2472 2587 2588
f 2472 2588 2475
f 2475 2588 2589
f 2475 2589 2476
f 2476 2589 2477
f 2477 2589 2590
f 2477 2590 2478
f 2478 2590 2591
f 2478 2591 2592
f 2478 2592 2479
f 2479 2592 2593
f 2479 2593 2594
f 2479 2594 2595
f 2479 2595 2596
f 2479 2596 2597
f 2479 2597 2482
f 2482 2597 2484
f 2484 2598 2485
f 2484 2597 2598
f 2485 2598 2504
f 2488 2490 2599
f 2488 2599 2497
f 2489 2599 2490
f 2489 2600 2601
f 2489 2601 2602
f 2489 2602 2603
f 2489 2603 2599
f 2494 2604 2505
f 2494 2496 2495
f 2494 2497 2599
f 2494 2599 2603
f 2494 2603 2604
f 2500 2504 2598
f 2500 2598 2597
f 2500 2597 2596
f 2500 2596 2605
f 2500 2605 2606
f 2500 2606 2607
f 2500 2607 2503
f 2501 2608 2609
f 2501 2609 2610
f 2501 2610 2611
f 2501 2611 2502
f 2501 2503 2608
f 2503 2607 2612
f 2503 2612 2608
f 2505 2604 2511
f 2507 2512 2613
f 2507 2613 2509
f 2509 2614 2615
f 2509 2615 2616
f 2509 2616 2617
f 2509 2617 2530
f 2509 2613 2618
f 2509 2618 2614
f 2511 2619 2512
f 2511 2604 2620
f 2511 2620 2602
f 2511 2602 2621
f 2511 2621 2619
f 2512 2619 2613
f 2514 2516 2517
f 2516 2529 2517
f 2517 2622 2623
f 2517 2623 2624
f 2517 2624 2520
f 2517 2520 2518
f 2517 2529 2524
f 2517 2524 2523
f 2517 2523 2522
f 2517 2522 2625
f 2517 2625 2626
f 2517 2626 2627
f 2517 2627 2628
f 2517 2628 2622
f 2518 2520 2519
f 2520 2624 2629
f 2520 2629 2630
f 2520 2630 2631
f 2520 2631 2632
f 2520 2632 2633
f 2520 2633 2521
f 2521 2633 2535
f 2522 2528 2634
f 2522 2634 2625
f 2527 2533 2635
f 2527 2635 2634
f 2527 2634 2528
f 2530 2617 2636
f 2530 2636 2637
f 2530 2637 2531
f 2531 2638 2532
f 2531 2637 2638
f 2532 2638 2533
f 2533 2638 2635
f 2534 2535 2536
f 2535 2633 2639
f 2535 2639 2640
f 2535 2640 2536
f 2536 2640 2631
f 2536 2631 2630
f 2536 2630 2641
f 2536 2641 2642
f 2536 2642 2643
f 2536 2643 2644
f 2536 2644 2542
f 2536 2542 2537
f 2538 2546 2539
f 2539 2546 2645
f 2539 2645 2540
f 2540 2645 2646
f 2540 2646 2647
f 2540 2647 2648
f 2540 2648 2649
f 2540 2649 2548
f 2540 2547 2541
f 2542 2644 2543
f 2543 2644 2643
f 2543 2643 2544
f 2544 2643 2545
f 2545 2643 2650
f 2545 2650 2651
f 2545 2651 2646
f 2545 2646 2546
f 2546 2646 2645
f 2548 2649 2549
f 2549 2649 2652
f 2549 2652 2550
f 2550 2652 2551
f 2551 2652 2552
f 2552 2652 2653
f 2552 2653 2654
f 2552 2654 2553
f 2553 2654 2655
f 2553 2655 2656
f 2553 2656 2554
f 2554 2657 2658
f 2554 2656 2657
f 2555 2563 2556
f 2555 2557 2659
f 2555 2659 2563
f 2556 2563 2562
f 2557 2561 2659
f 2558 2658 2754
f 2558 2754 2660
f 2558 2660 2661
f 2558 2661 2662
f 2558 2662 2663
f 2558 2663 2559
f 2559 2663 2561
f 2559 2561 2560
f 2561 2564 2659
f 2561 2663 2664
f 2561 2664 2564
f 2563 2659 2564
f 2564 2664 2665
f 2564 2665 2666
f 2564 2666 2667
f 2564 2667 2668
f 2564 2668 2669
f 2564 2669 2670
f 2564 2670 2671
f 2564 2671 2565
f 2565 2671 2672
f 2565 2672 2673
f 2565 2673 2569
f 2567 2570 2674
f 2567 2674 2675
f 2567 2675 2571
f 2569 2674 2570
f 2569 2673 2676
f 2569 2676 2674
f 2571 2675 2572
f 2572 2675 2677
f 2572 2677 2573
f 2573 2677 2678
f 2573 2678 2579
f 2574 2578 2576
f 2574 2576 2575
f 2576 2578 2577
f 2579 2678 2679
f 2579 2679 2680
f 2579 2680 2581
f 2579 2581 2580
f 2581 2680 2679
f 2581 2679 2582
f 2582 2679 2583
f 2583 2679 2681
f 2583 2681 2682
f 2583 2682 2584
f 2584 2682 2585
f 2585 2682 2683
f 2585 2683 2587
f 2585 2587 2586
f 2587 2683 2684
f 2587 2684 2588
f 2588 2684 2685
f 2588 2685 2686
f 2588 2686 2687
f 2588 2687 2688
f 2588 2688 2689
f 2588 2689 2690
f 2588 2690 2691
f 2588 2691 2692
f 2588 2692 2693
f 2588 2693 2694
f 2588 2694 2590
f 2588 2590 2589
f 2590 2694 2693
f 2590 2693 2591
f 2591 2692 2593
f 2591 2593 2592
f 2591 2693 2692
f 2593 2695 2696
f 2593 2696 2595
f 2593 2595 2594
f 2593 2692 2695
f 2595 2696 2697
f 2595 2697 2596
f 2596 2697 2698
f 2596 2698 2699
f 2596 2699 2605
f 2600 2700 2701
f 2600 2701 2702
f 2600 2702 2703
f 2600 2703 2601
f 2601 2703 2602
f 2602 2703 2621
f 2602 2620 2603
f 2603 2620 2604
f 2605 2699 2704
f 2605 2704 2705
f 2605 2705 2706
f 2605 2706 2606
f 2606 2706 2607
f 2607 2706 2612
f 2608 2612 2609
f 2609 2707 2708
f 2609 2708 2610
f 2609 2612 2706
f 2609 2706 2709
f 2609 2709 2710
f 2609 2710 2711
f 2609 2711 2707
f 2610 2708 2611
f 2611 2708 2712
f 2613 2619 2703
f 2613 2703 2618
f 2614 2713 2616
f 2614 2616 2615
f 2614 2618 2714
f 2614 2714 2713
f 2616 2713 2715
f 2616 2715 2716
f 2616 2716 2636
f 2616 2636 2617
f 2618 2703 2717
f 2618 2717 2718
f 2618 2718 2719
f 2618 2719 2714
f 2619 2621 2703
f 2622 2720 2623
f 2622 2628 2720
f 2623 2720 2721
f 2623 2721 2629
f 2623 2629 2624
f 2625 2634 2626
f 2626 2722 2627
f 2626 2634 2723
f 2626 2723 2722
f 2627 2722 2628
f 2628 2724 2720
f 2628 2722 2724
f 2629 2721 2720
f 2629 2720 2725
f 2629 2725 2630
f 2630 2725 2726
f 2630 2726 2641
f 2631 2640 2639
f 2631 2639 2632
f 2632 2639 2633
f 2634 2635 2727
f 2634 2727 2723
f 2635 2728 2729
f 2635 2729 2727
f 2635 2638 2637
f 2635 2637 2730
f 2635 2730 2731
f 2635 2731 2716
f 2635 2716 2732
f 2635 2732 2733
f 2635 2733 2734
f 2635 2734 2735
f 2635 2735 2736
f 2635 2736 2728
f 2636 2716 2731
f 2636 2731 2637
f 2637 2731 2730
f 2641 2726 2737
f 2641 2737 2642
f 2642 2737 2643
f 2643 2737 2738
f 2643 2738 2650
f 2646 2651 2739
f 2646 2739 2740
f 2646 2740 2741
f 2646 2741 2647
f 2647 2742 2743
f 2647 2743 2744
f 2647 2744 2745
f 2647 2745 2746
f 2647 2746 2655
f 2647 2655 2747
f 2647 2747 2648
f 2647 2741 2748
f 2647 2748 2749
f 2647 2749 2742
f 2648 2747 2654
f 2648 2654 2653
f 2648 2653 2652
f 2648 2652 2649
f 2650 2738 2651
f 2651 2738 2750
f 2651 2750 2739
f 2654 2747 2655
f 2655 2746 2751
f 2655 2751 2657
f 2655 2657 2656
f 2657 2751 2658
f 2658 2752 2753
f 2658 2753 2754
f 2658 2751 2752
f 2660 2755 2757
f 2660 2757 2661
f 2660 2754 2832
f 2660 2832 2755
f 2661 2756 2662
f 2661 2757 2756
f 2662 2756 2758
f 2662 2758 2665
f 2662 2665 2663
f 2663 2665 2664
f 2665 2758 2666
f 2666 2758 2756
f 2666 2756 2759
f 2666 2759 2760
f 2666 2760 2761
f 2666 2761 2667
f 2667 2761 2762
f 2667 2762 2763
f 2667 2763 2764
f 2667 2764 2765
f 2667 2765 2668
f 2668 2766 2669
f 2668 2765 2766
f 2669 2767 2672
f 2669 2672 2670
f 2669 2766 2767
f 2670 2672 2671
f 2672 2768 2673
f 2672 2767 2769
f 2672 2769 2768
f 2673 2768 2676
f 2674 2676 2768
f 2674 2768 2675
f 2675 2768 2770
f 2675 2770 2771
f 2675 2771 2677
f 2677 2771 2682
f 2677 2682 2681
f 2677 2681 2679
f 2677 2679 2678
f 2682 2771 2772
f 2682 2772 2773
f 2682 2773 2774
f 2682 2774 2775
f 2682 2775 2776
f 2682 2776 2684
f 2682 2684 2683
f 2684 2776 2774
f 2684 2774 2685
f 2685 2774 2777
f 2685 2777 2686
f 2686 2778 2687
f 2686 2777 2778
f 2687 2779 2780
f 2687 2780 2689
f 2687 2689 2688
f 2687 2778 2779
f 2689 2780 2690
f 2690 2780 2781
f 2690 2781 2782
f 2690 2782 2783
f 2690 2783 2691
f 2691 2783 2692
f 2692 2783 2695
f 2695 2783 2698
f 2695 2698 2696
f 2696 2698 2697
f 2698 2784 2704
f 2698 2704 2699
f 2698 2783 2784
f 2700 2785 2786
f 2700 2786 2787
f 2700 2787 2701
f 2701 2787 2788
f 2701 2788 2789
f 2701 2789 2702
f 2702 2790 2791
f 2702 2791 2703
f 2702 2789 2790
f 2703 2791 2792
f 2703 2792 2717
f 2704 2784 2705
f 2705 2784 2706
f 2706 2784 2709
f 2707 2711 2793
f 2707 2793 2708
f 2708 2793 2794
f 2708 2794 2712
f 2709 2784 2710
f 2710 2784 2795
f 2710 2795 2796
f 2710 2796 2797
f 2710 2797 2798
f 2710 2798 2711
f 2711 2798 2793
f 2713 2714 2719
f 2713 2719 2715
f 2715 2799 2716
f 2715 2719 2799
f 2716 2799 2732
f 2717 2800 2801
f 2717 2801 2718
f 2717 2792 2802
f 2717 2802 2800
f 2718 2801 2719
f 2719 2801 2803
f 2719 2803 2799
f 2720 2726 2725
f 2720 2724 2726
f 2722 2804 2805
f 2722 2805 2726
f 2722 2726 2724
f 2722 2723 2727
f 2722 2727 2806
f 2722 2806 2807
f 2722 2807 2808
f 2722 2808 2809
f 2722 2809 2804
f 2726 2805 2737
f 2727 2808 2806
f 2727 2729 2810
f 2727 2810 2808
f 2728 2736 2811
f 2728 2811 2812
f 2728 2812 2810
f 2728 2810 2729
f 2732 2799 2733
f 2733 2799 2813
f 2733 2813 2814
f 2733 2814 2815
f 2733 2815 2734
f 2734 2815 2736
f 2734 2736 2735
f 2736 2815 2816
f 2736 2816 2811
f 2737 2805 2817
f 2737 2817 2818
f 2737 2818 2738
f 2738 2818 2750
f 2739 2750 2818
f 2739 2818 2740
f 2740 2818 2819
f 2740 2819 2820
f 2740 2820 2749
f 2740 2749 2748
f 2740 2748 2741
f 2742 2749 2821
f 2742 2821 2822
f 2742 2822 2743
f 2743 2822 2823
f 2743 2823 2824
f 2743 2824 2825
f 2743 2825 2826
f 2743 2826 2744
f 2744 2827 2828
f 2744 2828 2745
f 2744 2826 2829
f 2744 2829 2830
f 2744 2830 2827
f 2745 2828 2752
f 2745 2752 2751
f 2745 2751 2746
f 2749 2820 2821
f 2752 2828 2827
f 2752 2827 2753
f 2753 2827 2831
f 2753 2831 2832
f 2753 2832 2754
f 2755 2833 2757
f 2755 2832 2902
f 2755 2902 2833
f 2756 2757 2834
f 2756 2834 2759
f 2757 2833 2834
f 2759 2761 2760
f 2759 2834 2835
f 2759 2835 2836
f 2759 2836 2837
f 2759 2837 2761
f 2761 2838 2839
f 2761 2839 2840
f 2761 2840 2841
f 2761 2841 2762
f 2761 2837 2842
f 2761 2842 2838
f 2762 2841 2843
f 2762 2843 2844
f 2762 2844 2845
f 2762 2845 2763
f 2763 2844 2846
f 2763 2846 2764
f 2763 2845 2844
f 2764 2847 2848
f 2764 2848 2765
f 2764 2846 2847
f 2765 2848 2766
f 2766 2849 2770
f 2766 2770 2767
f 2766 2848 2850
f 2766 2850 2849
f 2767 2770 2769
f 2768 2769 2770
f 2770 2849 2850
f 2770 2850 2851
f 2770 2851 2852
f 2770 2852 2774
f 2770 2774 2773
f 2770 2773 2771
f 2771 2773 2772
f 2774 2852 2853
f 2774 2853 2844
f 2774 2844 2854
f 2774 2854 2779
f 2774 2779 2778
f 2774 2778 2777
f 2774 2776 2775
f 2779 2854 2855
f 2779 2855 2780
f 2780 2855 2781
f 2781 2856 2857
f 2781 2857 2858
f 2781 2858 2782
f 2781 2855 2854
f 2781 2854 2856
f 2782 2858 2859
f 2782 2859 2783
f 2783 2859 2784
f 2784 2859 2860
f 2784 2860 2795
f 2785 2861 2862
f 2785 2862 2863
f 2785 2863 2864
f 2785 2864 2786
f 2786 2865 2788
f 2786 2788 2787
f 2786 2864 2865
f 2788 2865 2866
f 2788 2866 2867
f 2788 2867 2868
f 2788 2868 2802
f 2788 2802 2790
f 2788 2790 2789
f 2790 2802 2791
f 2791 2802 2792
f 2793 2798 2869
f 2793 2869 2794
f 2794 2870 2871
f 2794 2869 2870
f 2795 2860 2796
f 2796 2860 2872
f 2796 2872 2873
f 2796 2873 2869
f 2796 2869 2797
f 2797 2869 2798
f 2799 2803 2874
f 2799 2874 2813
f 2800 2803 2801
f 2800 2802 2803
f 2802 2868 2803
f 2803 2868 2867
f 2803 2867 2875
f 2803 2875 2876
f 2803 2876 2874
f 2804 2809 2805
f 2805 2809 2817
f 2806 2808 2807
f 2808 2810 2812
f 2808 2812 2811
f 2808 2811 2816
f 2808 2816 2877
f 2808 2877 2878
f 2808 2878 2879
f 2808 2879 2880
f 2808 2880 2817
f 2808 2817 2809
f 2813 2881 2814
f 2813 2874 2881
f 2814 2881 2882
f 2814 2882 2883
f 2814 2883 2877
f 2814 2877 2884
f 2814 2884 2815
f 2815 2884 2816
f 2816 2884 2877
f 2817 2885 2886
f 2817 2886 2887
f 2817 2887 2821
f 2817 2821 2820
f 2817 2820 2819
f 2817 2819 2818
f 2817 2880 2885
f 2821 2887 2886
f 2821 2886 2888
f 2821 2888 2822
f 2822 2888 2823
f 2823 2888 2889
f 2823 2889 2890
f 2823 2890 2824
f 2824 2890 2878
f 2824 2878 2891
f 2824 2891 2825
f 2825 2891 2878
f 2825 2878 2892
f 2825 2892 2893
f 2825 2893 2826
f 2826 2830 2829
f 2826 2893 2894
f 2826 2894 2895
f 2826 2895 2896
f 2826 2896 2897
f 2826 2897 2898
f 2826 2898 2830
f 2827 2830 2899
f 2827 2899 2831
f 2830 2900 2901
f 2830 2901 2899
f 2830 2898 2900
f 2831 2899 2902
f 2831 2902 2832
f 2833 2903 2835
f 2833 2835 2834
f 2833 2902 2951
f 2833 2951 2903
f 2835 2903 2904
f 2835 2904 2836
f 2836 2904 2905
f 2836 2905 2906
f 2836 2906 2837
f 2837 2906 2907
f 2837 2907 2908
f 2837 2908 2909
f 2837 2909 2910
f 2837 2910 2911
f 2837 2911 2842
f 2838 2912 2913
f 2838 2913 2839
f 2838 2842 2912
f 2839 2913 2840
f 2840 2913 2912
f 2840 2912 2854
f 2840 2854 2841
f 2841 2854 2914
f 2841 2914 2843
f 2842 2911 2910
f 2842 2910 2915
f 2842 2915 2916
f 2842 2916 2912
f 2843 2914 2844
f 2844 2853 2852
f 2844 2852 2846
f 2844 2914 2854
f 2846 2852 2847
f 2847 2852 2851
f 2847 2851 2850
f 2847 2850 2848
f 2854 2857 2856
f 2854 2912 2917
f 2854 2917 2873
f 2854 2873 2857
f 2857 2873 2918
f 2857 2918 2858
f 2858 2918 2859
f 2859 2918 2873
f 2859 2873 2872
f 2859 2872 2860
f 2861 2919 2920
f 2861 2920 2921
f 2861 2921 2862
f 2862 2921 2863
f 2863 2921 2922
f 2863 2922 2923
f 2863 2923 2924
f 2863 2924 2925
f 2863 2925 2926
f 2863 2926 2927
f 2863 2927 2928
f 2863 2928 2864
f 2864 2928 2866
f 2864 2866 2865
f 2866 2928 2867
f 2867 2927 2926
f 2867 2926 2875
f 2867 2928 2927
f 2869 2873 2917
f 2869 2917 2929
f 2869 2929 2930
f 2869 2930 2931
f 2869 2931 2870
f 2870 2931 2871
f 2871 2932 2933
f 2871 2933 2934
f 2871 2931 2935
f 2871 2935 2932
f 2874 2876 2936
f 2874 2936 2925
f 2874 2925 2937
f 2874 2937 2881
f 2875 2926 2876
f 2876 2926 2936
f 2877 2938 2894
f 2877 2894 2893
f 2877 2893 2939
f 2877 2939 2878
f 2877 2883 2882
f 2877 2882 2925
f 2877 2925 2924
f 2877 2924 2938
f 2878 2890 2880
f 2878 2880 2879
f 2878 2939 2892
f 2880 2890 2889
f 2880 2889 2885
f 2881 2937 2882
f 2882 2937 2925
f 2885 2889 2886
f 2886 2889 2888
f 2892 2939 2893
f 2894 2938 2940
f 2894 2940 2895
f 2895 2940 2896
f 2896 2940 2938
f 2896 2938 2897
f 2897 2941 2942
f 2897 2942 2943
f 2897 2943 2944
f 2897 2944 2898
f 2897 2938 2941
f 2898 2944 2943
f 2898 2943 2945
f 2898 2945 2946
f 2898 2946 2947
f 2898 2947 2948
f 2898 2948 2900
f 2899 2901 2902
f 2900 2948 2949
f 2900 2949 2950
f 2900 2950 2951
f 2900 2951 2901
f 2901 2951 2902
f 2903 2951 2950
f 2903 2950 2904
f 2904 2950 2949
f 2904 2949 2905
f 2905 2952 2907
f 2905 2907 2906
f 2905 2949 2973
f 2905 2973 2952
f 2907 2952 2953
f 2907 2953 2908
f 2908 2953 2954
f 2908 2954 2955
f 2908 2955 2909
f 2909 2956 2910
f 2909 2955 2954
f 2909 2954 2957
f 2909 2957 2958
f 2909 2958 2959
f 2909 2959 2932
f 2909 2932 2935
f 2909 2935 2956
f 2910 2956 2915
f 2912 2916 2917
f 2915 2929 2916
f 2915 2956 2960
f 2915 2960 2931
f 2915 2931 2930
f 2915 2930 2929
f 2916 2929 2917
f 2919 2961 2962
f 2919 2962 2963
f 2919 2963 2920
f 2920 2945 2964
f 2920 2964 2965
f 2920 2965 2921
f 2920 2963 2945
f 2921 2965 2942
f 2921 2942 2922
f 2922 2942 2923
f 2923 2942 2941
f 2923 2941 2924
f 2924 2941 2938
f 2925 2936 2926
f 2931 2960 2935
f 2932 2966 2933
f 2932 2959 2966
f 2933 2966 2934
f 2934 2966 2967
f 2934 2967 2976
f 2934 2976 2961
f 2935 2960 2956
f 2942 2965 2964
f 2942 2964 2943
f 2943 2964 2945
f 2945 2968 2969
f 2945 2969 2970
f 2945 2970 2946
f 2945 2963 2971
f 2945 2971 2968
f 2946 2972 2973
f 2946 2973 2947
f 2946 2970 2969
f 2946 2969 2972
f 2947 2973 2949
f 2947 2949 2948
f 2952 2973 2972
f 2952 2972 2953
f 2953 2972 2969
f 2953 2969 2954
f 2954 2969 2978
f 2954 2978 2974
f 2954 2974 2957
f 2957 2974 2958
f 2958 2966 2959
f 2958 2974 2978
f 2958 2978 2975
f 2958 2975 2977
f 2958 2977 2966
f 2961 2976 2977
f 2961 2977 2962
f 2962 2977 2963
f 2963 2977 2971
f 2966 2977 2976
f 2966 2976 2967
f 2968 2978 2969
f 2968 2971 2975
f 2968 2975 2978
f 2971 2977 2975
