# https://github.com/mikedh/trimesh
v 0.07960157 0.67157727 0.02134360
v 0.06892285 -0.58945239 0.25923231
v -0.06197984 0.66160834 -0.13019800
v -0.06931899 0.94057387 -0.08304845
v 0.13028289 0.93454248 -0.02359241
v 0.01885450 0.13887990 -0.13324858
v -0.01068942 0.91820836 0.10061134
v -0.10317873 0.94044662 0.05710356
v -0.13478611 0.93279201 -0.03224061
v -0.06008655 0.42508122 -0.07772738
v 0.12285108 -0.93718201 0.21072116
v 0.13901126 0.33179158 0.11498838
v 0.20871593 0.24040636 0.00218146
v -0.08430202 0.92970723 0.03494895
v -0.02739851 0.16328627 -0.14601317
v -0.09889226 0.94017351 0.04689267
v -0.00911102 0.91137385 0.09938945
v 0.06163313 -0.93699092 -0.23501518
v -0.08230123 0.84755409 0.01910711
v -0.13373312 0.93149000 0.03760521
v -0.11237399 0.20287672 -0.18926767
v 0.07378663 0.31870532 0.09368051
v -0.13429433 0.92810440 -0.05069642
v 0.26832038 -0.36526832 0.00323106
v 0.10778446 0.38276187 -0.02828977
v 0.01273770 0.93415362 0.11506861
v -0.08222032 0.55852145 0.01546669
v -0.09454291 0.66687399 -0.00011766
v 0.11768647 0.15479568 0.10476101
v -0.01033921 0.44495112 0.09852801
v -0.09936024 0.91132861 0.00938832
v -0.09553876 0.92010468 -0.01401709
v 0.03419608 0.14499733 -0.13857262
v -0.26835749 -0.86331463 -0.00239278
v 0.03177715 0.92550355 0.13982868
v 0.14675876 0.90301901 0.01164544
v -0.06119311 -0.93780321 0.23469371
v 0.00418782 0.46324542 0.09632975
v -0.05318632 0.94074398 0.10974770
v 0.08496547 0.72141755 0.00562714
v 0.03198979 0.88304019 -0.07160826
v 0.12208206 -0.88987583 0.23775457
v 0.08419077 0.87899280 0.12099797
v 0.14432861 0.91810405 -0.00467508
v -0.06111244 0.94053733 0.08349130
v 0.12711152 0.93718624 0.02323812
v 0.24314484 -0.88953781 -0.11052558
v -0.17420845 0.33532497 -0.04181137
v -0.08622166 0.25660583 -0.10538159
v 0.07381691 0.91655737 -0.12582430
v -0.04170885 0.83228624 -0.05878023
v -0.04585634 -0.90063167 0.26171282
v 0.05232304 0.94031042 0.09306899
v 0.08012120 0.90771741 0.03157692
v -0.01976094 0.89731568 0.08752650
v -0.12170035 -0.91549969 -0.23175406
v -0.05862316 0.94092500 -0.10807356
v 0.08414813 0.88748038 0.02377982
v 0.19111256 0.29644752 0.00923853
v 0.09080031 0.90714061 -0.00953522
v -0.02607569 0.48911458 -0.07286430
v 0.02469511 0.91172421 0.08536842
v -0.00015083 0.48094812 -0.09489823
v 0.11630132 0.13649392 0.04286725
v 0.12596962 0.93695724 -0.03712437
v 0.13054892 0.93407071 -0.00482798
v 0.02089316 0.48694995 0.07878923
v 0.07000594 0.13705111 -0.10887960
v -0.11766212 0.93993324 -0.02926465
v 0.00268865 0.91135544 0.10098042
v 0.08331272 0.60376370 0.01538059
v -0.23778689 -0.92215472 -0.10099827
v 0.04847229 0.93998796 0.12220296
v 0.01207697 0.87887782 -0.09110779
v -0.12680437 0.91104829 0.07536171
v 0.06558598 0.61613947 0.12748884
v -0.09838199 0.87776935 -0.00362377
v 0.10611787 0.94048858 -0.05529868
v 0.18979754 -0.04778958 0.19063497
v 0.01109081 0.92370737 0.10262676
v -0.09442697 0.82230973 0.00175221
v 0.00803508 0.50679541 -0.08724783
v -0.10396414 0.92942929 -0.09658521
v -0.07844850 0.45242944 0.03887359
v 0.01060221 0.92514139 -0.10204577
v -0.08541092 0.16912636 -0.13322769
v 0.05924109 0.50621492 -0.03562219
v 0.08495596 0.43311408 -0.05310303
v 0.14588621 0.90414178 -0.02064521
v 0.18632628 -0.90885371 -0.18875462
v -0.01449992 0.14542925 -0.14237696
v 0.13988307 -0.91251755 0.22275610
v 0.10436955 0.62957358 -0.09869473
v -0.04661651 0.84053582 0.13907814
v -0.01214716 0.58691680 -0.08510595
v -0.01187092 0.80318785 -0.08523078
v 0.00455056 0.75623775 -0.08676340
v -0.09385747 0.55399299 -0.00144938
v 0.11272805 0.93472147 0.01431440
v -0.11028034 0.76068085 0.09549103
v 0.12786321 0.42836115 -0.08011502
v 0.06724951 0.69660139 -0.02706647
v 0.14577809 0.83305347 0.01521654
v -0.04197389 0.94051558 0.12040377
v 0.03469237 0.92415774 -0.13896729
v 0.08519509 0.51166701 0.00775439
v -0.01735255 0.25068766 0.15299895
v 0.04206096 0.93858379 -0.12444356
v -0.09454781 0.78915954 -0.00004437
v -0.09674567 0.92052633 -0.10979811
v -0.02709148 0.51454240 -0.07169882
v -0.14567851 0.91570705 0.00472567
v -0.12838642 0.15373260 -0.08079604
v -0.13934760 0.91714877 0.04434566
v 0.02607361 0.51033688 -0.07102261
v -0.19668326 -0.92881244 0.15923733
v 0.11724465 0.93611097 0.00039098
v 0.00167199 0.20809299 0.16360065
v 0.09807864 0.13850032 0.09802535
v -0.00571302 0.90189904 0.09971654
v 0.02023854 0.77498919 -0.07715921
v 0.16749424 -0.41205233 -0.20838839
v -0.17539890 -0.92877108 0.18331538
v -0.04047035 0.92856944 -0.13696004
v -0.06960450 0.14403281 -0.12599705
v 0.08458707 0.94035709 -0.05164402
v -0.01450657 0.53054780 -0.08360983
v -0.12049559 0.93914258 0.05696311
v 0.11952008 -0.92885369 -0.22398293
v -0.08102751 0.19761339 -0.12595251
v -0.09561786 0.88840789 0.00946415
v -0.08833464 0.93735862 -0.10310224
v 0.07438911 0.64744759 0.02888551
v -0.09361009 0.49762905 -0.00244062
v -0.01214716 0.71861082 -0.08510595
v 0.08411054 0.75153774 0.01356771
v -0.01309731 0.74212587 -0.08456027
v -0.13349567 -0.90245533 0.22985601
v 0.02417390 0.92814296 0.09414338
v -0.08299506 0.93232244 0.11350301
v 0.13027486 0.15577073 -0.08168980
v 0.10298527 0.92843539 -0.09807003
v -0.09603754 0.92155904 0.01523215
v -0.01214715 0.69979739 -0.08510593
v -0.00427493 0.93103421 0.11362140
v 0.00200587 0.41675484 -0.10757788
v 0.09624266 0.34601930 -0.06459998
v -0.00439853 0.56810522 -0.08688628
v -0.07077517 0.93542933 -0.05728523
v 0.07993390 -0.93464369 -0.23196194
v 0.08807380 0.94051081 -0.07474427
v -0.07921346 0.94056880 0.09588505
v -0.01881691 0.93534046 0.11753407
v 0.08808365 0.93758929 -0.10166126
v 0.11099765 0.94038093 -0.04211294
v 0.12291921 0.93927360 -0.05158434
v -0.11421381 0.94048125 0.04425342
v 0.06748193 0.94025844 0.10910250
v -0.15083623 0.26368070 0.01232655
v -0.08864398 0.46193683 -0.01550950
v -0.14308694 0.13870500 -0.02151141
v -0.12922271 0.40435040 -0.09093886
v 0.15503193 -0.94259435 0.17386678
v 0.17883325 -0.94303775 -0.13702501
v 0.09888474 0.92748463 0.10291027
v 0.13259368 0.93020970 0.05081617
v 0.14653353 -0.94181681 -0.18385582
v 0.00070628 0.53054363 0.09429198
v -0.01421796 0.91411352 0.14563577
v 0.13171342 -0.23486866 -0.23391248
v -0.07419185 0.68798751 0.02476326
v 0.08479976 0.62454379 0.00468121
v -0.00612675 0.78630286 -0.08688141
v -0.04248105 -0.92920661 0.24944226
v 0.14083400 0.14637254 -0.04780006
v 0.06321684 0.94046730 -0.09556159
v -0.16903223 0.14854193 0.16665050
v 0.01978952 0.59606177 -0.07759637
v -0.11463553 0.15189293 -0.10609091
v -0.09847630 0.85950303 -0.00000742
v 0.02752824 0.71853262 -0.06940362
v 0.02238434 0.93575233 -0.12837662
v 0.05758879 -0.92035836 -0.25268218
v 0.04357929 0.15398724 0.14707266
v 0.10141308 0.92613208 0.00480024
v 0.23297052 -0.66372484 -0.13337331
v -0.03342430 0.93984866 0.10420363
v 0.09616212 0.94056433 -0.04449896
v 0.00436194 0.90652841 -0.10002463
v 0.04932819 0.93609303 -0.07775321
v 0.16542549 -0.92643374 0.19485718
v -0.08646704 0.42194435 0.05739355
v 0.00476411 0.53041565 -0.08674214
v -0.02570675 0.68761140 -0.07305121
v -0.19698016 -0.93974382 0.13631245
v 0.10505460 0.17583959 0.11612021
v -0.04850195 0.93894649 0.08611798
v -0.10409077 0.31671965 0.07978173
v -0.10347140 0.93848193 -0.03099227
v 0.06602323 0.81812596 0.03783758
v 0.13067921 0.13789761 -0.00794472
v 0.14405450 0.69857121 0.01357597
v -0.11717192 0.93365240 0.00523916
v -0.18781118 0.25363797 -0.07906002
v -0.06296311 0.92401606 -0.04927420
v -0.05281055 0.14041613 -0.12684433
v 0.02896263 0.93991888 -0.11721064
v -0.03286615 0.91521251 0.14258973
v 0.10106786 0.17004363 -0.12067187
v -0.00174171 0.16719674 0.17296787
v 0.26511347 -0.83928162 -0.03685961
v -0.11567018 0.40010813 0.00820034
v 0.07862732 0.69213516 0.02312206
v -0.10766078 -0.93376303 0.22344886
v -0.11498434 0.17086317 -0.11066888
v -0.09551252 0.09177969 -0.23482426
v 0.24972294 -0.92338479 -0.06472366
v -0.05699173 0.46522650 0.04923736
v -0.08038677 0.92925692 -0.03679130
v 0.07833994 0.93149453 -0.11691595
v 0.00168900 0.88839889 -0.09923010
v -0.04030606 0.90003484 -0.14165966
v 0.00538831 0.15375237 0.16460396
v -0.05367580 0.45265093 -0.06363848
v 0.02718608 0.24048506 -0.12688881
v 0.09039817 0.13543306 0.07598290
v 0.17825893 -0.78416640 -0.20010431
v 0.02920864 0.91498482 -0.07799195
v 0.11282576 0.93449312 -0.01411701
v 0.11967816 0.93735516 0.05838279
v 0.06057486 0.94049698 -0.08283140
v -0.13058424 0.15370336 0.07663900
v 0.11109829 0.39906123 -0.00715926
v 0.21811189 -0.89153522 -0.15390694
v 0.07965877 0.53957748 -0.01387981
v 0.01886903 0.86913472 0.08589239
v -0.09143819 0.93560219 0.10076955
v -0.23615357 -0.93626153 0.06113457
v 0.03148783 0.13544069 0.11642538
v 0.09780536 0.15602978 -0.12069304
v -0.17378820 0.16094337 0.00523587
v -0.02280224 0.93358320 -0.13436860
v -0.05418957 0.94042152 -0.09068342
v 0.08526698 0.64335746 0.00790189
v -0.10279781 0.92380691 0.00970707
v -0.06080044 0.29138038 -0.18284610
v 0.07286972 0.94056672 -0.10659721
v -0.02800621 0.34261307 -0.17481890
v 0.00454923 0.71861076 -0.08676354
v 0.08316457 0.93634790 0.10843017
v -0.14470665 0.15117812 0.05444165
v -0.03967289 0.93924099 -0.09559317
v -0.08363932 0.19365083 0.12631224
v 0.01410829 0.93307513 -0.11505055
v 0.07013997 0.93195581 -0.04669217
v 0.10491379 0.15752634 0.11558469
v -0.04525384 0.92861760 0.07206738
v -0.09501675 0.15902907 0.11469235
v 0.13880746 0.92577994 0.03225239
v -0.04562436 0.49310580 0.13343737
v -0.08158579 0.94053495 0.06327383
v 0.15371701 0.16349079 -0.00115071
v -0.12016699 0.93086439 -0.07256477
v -0.11563174 0.14445327 -0.08964689
v 0.11351480 0.93875748 0.03141791
v 0.24763198 -0.90740007 0.09183114
v 0.19001444 -0.44839835 0.19044255
v 0.04909977 0.92497176 0.06746665
v 0.03501007 0.17560662 -0.13964726
v 0.23274550 -0.78610414 0.13370585
v 0.07763476 0.94056249 -0.06320163
v 0.13111028 0.15494797 0.06625862
v 0.12624733 0.14389971 0.06075811
v 0.06963514 0.93964642 0.07263554
v 0.12009838 0.93112236 0.07243563
v 0.00236821 0.23651111 -0.13666865
v 0.02637264 -0.92245054 0.25547078
v -0.13527995 0.93297684 -0.01865774
v 0.10438398 0.14801356 -0.11305415
v -0.11254442 0.43116161 0.09851169
v 0.08683582 0.47006661 0.01365926
v 0.12304536 0.34361899 -0.00854034
v 0.02842932 0.93079883 -0.08989006
v 0.09816042 -0.93512303 -0.22605078
v 0.01811552 0.76888841 -0.14443395
v 0.20774615 0.22071736 -0.05488328
v 0.15986297 0.27618036 0.11556412
v -0.09276124 0.17965268 0.12379937
v -0.17221956 0.30090144 -0.07951584
v -0.02909541 0.47670758 0.07195295
v -0.20501092 0.18182237 -0.09413303
v 0.15064763 -0.92612416 0.20714813
v 0.12244261 0.93864894 -0.01411429
v -0.02159152 0.53888506 0.07741094
v -0.06708993 0.14776996 0.12193422
v 0.11433720 -0.92393631 0.23081802
v 0.14250973 0.16601388 -0.06751306
v -0.08601135 0.92378092 -0.02683957
v -0.14064157 0.85879356 0.04258553
v 0.07871567 0.94065946 -0.08815147
v -0.13855763 0.15876293 -0.06676380
v 0.18733476 -0.83767289 -0.19267477
v -0.12565829 0.16678074 -0.09122873
v 0.08517113 0.70052296 0.00649716
v -0.09297847 0.39248818 -0.05715286
v 0.12058847 0.72325391 -0.08049468
v 0.10900857 0.13622487 0.06123226
v 0.09110680 0.87013394 0.00368546
v 0.00078859 0.49347594 0.09465966
v 0.20666344 -0.90308619 0.16597147
v 0.00454923 0.58691680 -0.08676354
v 0.06243538 0.14370687 -0.12655032
v -0.05845713 -0.88941485 -0.26098362
v -0.10272314 0.14779799 -0.11656573
v 0.11529122 0.93882817 -0.06567240
v 0.12131849 0.16653149 0.09681958
v -0.10944539 0.93625879 0.08233704
v 0.01802241 0.87473327 0.14616139
v -0.10540434 0.29051489 0.08565006
v 0.01867365 0.89806968 -0.08710930
v -0.11709618 0.16037247 0.20160608
v -0.09728729 0.90196484 0.01024161
v 0.01338411 0.55803645 -0.08413438
v 0.23224488 -0.48583615 -0.13474335
v -0.12986414 0.92276919 0.06398632
v -0.00240143 0.84983683 -0.09587430
v 0.05928187 -0.85290271 0.26162082
v -0.09447926 0.63395059 -0.00004648
v -0.01594885 0.80357033 0.08244913
v -0.09569044 0.94046712 0.07207011
v 0.05157405 0.14136289 0.12879016
v -0.06493807 0.15646033 -0.13510010
v 0.12081890 0.13894932 -0.05337119
v 0.25788081 -0.89257824 -0.06921571
v 0.06946298 0.91488063 0.12949173
v 0.05693010 0.94053864 0.10628180
v -0.09684034 -0.91347885 0.24369073
v -0.04608112 0.45809758 0.06844244
v 0.06683829 0.17775297 -0.13058479
v 0.08979534 0.14477426 0.11634815
v -0.15324929 0.15974431 0.06887513
v 0.08263446 0.16374555 -0.12923250
v 0.02386204 0.15761331 0.15881118
v 0.07910778 0.62489533 0.02231382
v -0.21575566 -0.93892407 -0.11014887
v 0.13211933 0.16991976 0.06133239
v -0.19027396 -0.59498954 0.19010662
v -0.16024718 0.15083908 -0.02110709
v 0.04995582 0.22500989 0.20750551
v 0.02108171 0.61138141 0.14143135
v 0.10988479 0.13719802 0.08005477
v -0.24193040 -0.93618864 0.04117176
v -0.10084038 0.91137278 -0.00321238
v 0.07296365 0.78780717 0.03035507
v -0.15989332 -0.92786604 0.19723237
v 0.13942319 0.92676800 -0.02825999
v -0.02291503 0.13553120 0.08018345
v -0.09432622 0.53995728 -0.00102243
v -0.08165296 0.16068317 0.12506562
v 0.08512878 0.57644653 0.00974004
v 0.02372442 0.15385731 -0.14395957
v -0.20054528 -0.94354832 0.07555766
v -0.09447926 0.68098384 -0.00004648
v -0.07612249 0.68568742 -0.02274672
v -0.01410020 -0.94316077 0.23262572
v 0.00669279 0.49192014 -0.08912139
v -0.09310056 0.90751606 -0.01455442
v 0.09366474 0.92153144 -0.11355421
v 0.01813226 0.42196006 0.10177453
v 0.09500241 -0.90438908 0.24750873
v 0.10850198 0.93992507 -0.02848892
v 0.09791950 0.93980098 0.08685735
v -0.14204960 0.14265969 0.02810014
v -0.00096331 0.58679301 0.09437034
v 0.09553821 0.94046098 -0.06290869
v 0.00454922 0.68098378 -0.08676354
v 0.07879685 0.49299234 0.02362699
v 0.01102436 0.81216240 -0.08581363
v 0.08347914 0.86921090 0.02248750
v -0.12906870 0.27217144 0.06661681
v -0.06176966 0.93424439 0.12348696
v -0.18627928 -0.94229174 -0.14108774
v -0.10386950 0.93154347 0.01927010
v 0.04967200 0.14269370 -0.13110194
v 0.14486735 -0.83244878 -0.22546130
v 0.16700380 0.16420779 -0.02177963
v -0.04778055 0.14435233 0.13345297
v 0.10001197 0.94064492 0.04684868
v -0.00012510 0.67628050 0.09453532
v -0.03263979 0.93078274 -0.08862142
v -0.15273166 0.25205204 -0.01216906
v 0.01739535 0.71861076 -0.07967316
v 0.00456725 0.14546740 -0.14211914
v 0.01645117 0.57666487 -0.08143145
v 0.26504648 -0.90810192 0.00252950
v 0.11291154 0.94081819 0.04411382
v -0.14510196 0.91554463 -0.01412470
v 0.09578896 0.25496185 -0.10053086
v 0.00454922 0.66217077 -0.08676353
v -0.14248766 -0.93771797 0.19541733
v 0.14035507 0.92640978 0.01395391
v -0.15314913 -0.87474835 0.21969169
v 0.25507170 -0.92470765 0.01964887
v -0.25286129 0.09385881 0.01186034
v 0.02320240 0.35604843 0.17149760
v 0.10899226 0.87768519 0.09940345
v -0.10089418 0.94000679 0.03690116
v -0.00041945 0.92464590 0.10347530
v 0.09606601 0.91828454 0.01244904
v 0.07561618 0.46977049 0.03093122
v -0.14909442 0.15551706 -0.04672665
v 0.04614993 0.92485756 -0.06471576
v -0.26231062 -0.88910007 0.05255114
v -0.24560814 -0.90306461 0.09972076
v 0.06216330 0.93376780 -0.12373096
v -0.24601839 -0.82612795 -0.10518737
v 0.08525366 0.88749152 -0.01431036
v 0.01833038 0.66269040 -0.07890456
v 0.07624451 0.93192005 0.11792449
v 0.07267478 0.94033879 -0.07587106
v -0.20408936 -0.94290996 0.10430983
v -0.23652968 -0.93016040 0.08433647
v 0.04292196 -0.94203132 -0.23172019
v -0.15388800 0.19233203 0.07240351
v 0.06665105 0.74754155 0.12947951
v 0.07781778 0.15069389 0.12806122
v 0.13486437 0.28168094 -0.00184539
v 0.15652247 0.15268309 -0.01014960
v -0.04205882 0.22157317 0.14719458
v 0.09730918 0.91122395 0.00105873
v 0.00062548 0.66208476 0.09435491
v -0.05354612 0.73041934 -0.13497433
v 0.11776000 0.33580187 0.01111589
v -0.02570699 0.73079723 -0.07305098
v -0.07121902 0.13783000 -0.11125720
v -0.26040342 -0.04980825 0.06484014
v -0.16889033 0.20630376 -0.00523080
v 0.10094779 0.45251131 0.10178316
v -0.00449086 0.82443595 0.09256484
v -0.06400281 -0.92170125 0.25087062
v 0.03640786 0.16949846 0.15587211
v 0.06012118 0.93044037 -0.05523412
v -0.08116109 0.90987855 -0.12308618
v -0.01421090 0.14978674 0.16408426
v -0.07045703 0.94065988 -0.09457791
v -0.08607800 0.93928355 0.04943534
v -0.13936837 0.31066319 0.00811256
v -0.12270865 0.36738735 -0.00998543
v -0.01352267 0.83972985 -0.08524942
v -0.17185700 0.16254574 -0.01360724
v 0.12184359 0.93966717 -0.02820169
v -0.12037101 0.30341256 0.06191244
v 0.08272530 0.79591471 -0.00674659
v 0.05081863 0.92720467 -0.13507195
v -0.20666318 0.22406150 -0.05434803
v -0.01879554 0.93178713 0.13484277
v -0.10299815 0.92640632 0.09948722
v -0.06824172 0.09949722 0.24205701
v -0.01798081 0.82075548 -0.08036781
v 0.07256255 0.16981737 0.13675214
v -0.00280112 -0.33917609 -0.26840210
v 0.13455299 0.14231935 0.03301477
v 0.14037825 0.17046125 0.03143327
v 0.08867934 0.16343084 0.12671444
v -0.23943922 -0.94034189 0.00463860
v 0.00037250 0.13553211 -0.10777135
v 0.06740008 -0.33471653 -0.25963452
v -0.17355987 0.16914308 0.02318237
v 0.10402853 0.14621434 0.10923404
v 0.07889821 0.40098646 -0.06905387
v -0.16578124 0.07954451 -0.19684529
v -0.16163900 0.19623438 0.04796361
v -0.07122939 -0.46678451 -0.25854990
v -0.15704338 0.15553132 0.04236463
v -0.16377753 0.15412427 0.02501600
v -0.03430207 0.14524511 0.14956786
v 0.03826205 0.48636374 0.06375937
v -0.01147506 0.31729373 -0.12270568
v 0.08986126 0.13975447 -0.11090063
v -0.09431330 0.58662510 0.00070380
v -0.09177183 0.91540748 0.11585651
v 0.09911033 0.92578757 -0.00876071
v 0.25972068 -0.46253964 -0.06703988
v 0.00504863 0.14014165 0.14963366
v -0.14578883 -0.94254863 -0.18066777
v 0.16328925 0.17700459 -0.01263073
v 0.13203439 0.88426739 0.06648289
v 0.13880701 0.92988127 -0.00479792
v -0.19090413 -0.86576575 0.18950146
v -0.02336422 0.93845624 -0.12276740
v -0.03195349 0.16066286 0.16240138
v 0.03099458 0.04899055 0.26398814
v -0.12247305 0.93992603 0.03251925
v 0.08006364 0.13639614 0.09990837
v -0.03221436 0.93270266 0.13388702
v -0.22298037 -0.94198376 0.07191897
v -0.07417167 0.13552099 -0.08360923
v 0.25209481 -0.92646044 -0.03807155
v -0.18830298 0.16470596 -0.13370408
v 0.26739147 -0.86467230 0.01860195
v -0.09072695 0.73127687 0.11351016
v 0.22826841 -0.94030839 -0.07066371
v 0.14807703 0.14332743 -0.02366245
v -0.06977005 -0.17142957 0.25909123
v -0.02916946 0.93984205 0.11828563
v -0.12742130 0.50428408 0.06108983
v 0.15623838 -0.94344312 -0.15317127
v -0.01410250 0.88772893 -0.09080090
v 0.13939871 0.92448258 -0.03787522
v 0.14599550 0.17245652 0.01336115
v -0.00471306 0.93176389 0.13571320
v 0.08148701 0.90593475 -0.02092659
v -0.07061681 0.89500815 0.03655997
v -0.02120819 0.91494370 0.08889791
v 0.18843652 -0.90520054 0.18842381
v -0.22434804 -0.84260434 0.14666116
v -0.09739883 0.21476611 -0.11383240
v 0.06643466 0.93039560 0.05847106
v -0.04853431 0.93332171 0.13113590
v -0.03295331 0.14582370 -0.14062099
v 0.00909230 0.79511368 -0.08631742
v 0.10559219 0.94082934 -0.07270986
v 0.25151238 -0.93031079 -0.00944324
v -0.07159228 0.38879710 -0.07862343
v -0.01134614 0.90195686 -0.09598618
v -0.23244162 -0.07656576 -0.13432686
v -0.09841182 0.36057910 -0.13992633
v -0.00510478 0.93559778 0.12231368
v 0.01000177 0.83118540 -0.08742573
v -0.08506913 0.55866951 -0.11416792
v -0.09130552 0.13632366 -0.09956440
v -0.00203715 0.60584962 0.09370322
v 0.15612155 -0.93060374 -0.19635911
v 0.14769523 0.15443876 0.00799511
v -0.07792003 0.14327680 0.10025059
v 0.03812676 0.93893331 0.09650210
v 0.08877026 0.85024601 0.00818802
v 0.07752049 0.56340772 0.02475027
v 0.08285529 0.60573041 -0.00609637
v -0.04446546 0.94046438 -0.10723463
v -0.09629349 0.84059626 0.00111337
v -0.01823534 0.92078370 -0.09136198
v 0.14338392 0.90517712 0.03358836
v -0.03617407 0.94029623 -0.12075914
v 0.03694205 0.90554070 -0.14254588
v 0.02028884 0.53982610 -0.07711080
v -0.00906052 0.42868048 -0.10408361
v 0.01735226 0.29607195 0.13295898
v -0.09098565 0.27892679 -0.09493768
v 0.01888310 0.62524706 -0.07842676
v 0.14342214 0.15459758 0.02361178
v -0.16692606 -0.93889683 -0.17379020
v -0.05584196 0.92720842 0.05906208
v -0.18906958 -0.27390391 -0.19128993
v -0.01373740 0.72434551 -0.14394815
v 0.15898460 0.20083125 -0.02648528
v -0.11086877 0.35916135 0.13128191
v -0.09447931 0.75623614 -0.00004758
v -0.04783913 0.93534768 -0.08025088
v -0.11295711 0.19803986 -0.10260041
v 0.07352970 0.76566601 0.02996473
v -0.00160923 0.56813401 0.09402273
v -0.06337775 -0.94351280 -0.20413800
v 0.13911493 0.15582377 0.04001370
v 0.18703921 -0.65695196 -0.19319808
v -0.26220468 -0.91424114 -0.01351196
v -0.09490924 0.92949617 0.02476591
v -0.11708516 0.93504542 0.01886994
v -0.09232739 0.83252072 -0.11433645
v 0.09964697 0.86068040 -0.10828561
v 0.01307299 0.17515889 -0.14645880
v 0.13220157 0.80817866 -0.06354889
v -0.01663147 0.66996557 -0.08169970
v -0.10686774 0.80613637 0.10008841
v 0.13289663 -0.01380330 -0.23329642
v 0.00203434 0.79855186 0.09317579
v -0.26223630 -0.82851791 -0.05555320
v -0.01215533 0.54930800 -0.08510195
v -0.25277096 -0.92246890 0.04933250
v -0.00958747 0.91450274 -0.10030022
v -0.25074294 -0.92886412 -0.03293425
v 0.13580513 0.19874763 0.02400697
v 0.11103323 0.93341208 -0.08340375
v 0.00240616 0.81207967 0.09315471
v 0.09944458 -0.94348282 0.19243529
v 0.03119912 0.93901473 -0.10286506
v -0.14929487 0.17255680 -0.05145055
v 0.10739975 0.94056582 0.05834637
v -0.09263596 0.49042869 -0.10645676
v 0.00133227 0.86029357 0.09796108
v -0.08464309 0.93901211 -0.05082204
v -0.24964342 -0.69694620 -0.09621129
v 0.12905829 0.17345899 -0.08976057
v -0.20325932 -0.89857525 -0.17145047
v -0.07521720 0.52605271 0.11993938
v -0.08013199 0.94060898 -0.07019290
v 0.02841020 0.63611794 0.07241365
v 0.15175329 0.23195191 0.14713919
v -0.14300258 0.65446687 -0.01499466
v 0.04430126 0.94045383 0.10695928
v -0.12605809 0.13625939 -0.03416884
v -0.13415937 -0.27815339 0.23258151
v 0.11499602 0.15668944 -0.10576122
v 0.07329997 0.51490402 0.02998069
v -0.10903766 0.94033903 0.06831998
v 0.06230929 0.94058615 0.08369170
v -0.08070575 0.31377169 -0.09277380
v 0.01372087 0.93012941 0.13880520
v 0.05299283 0.13670439 -0.10870147
v 0.11335266 0.14054939 -0.07541737
v -0.17523259 0.18257326 -0.00279124
v 0.13221674 0.14840838 -0.06755122
v 0.07040861 -0.64665395 -0.25879541
v -0.02545632 -0.90433651 -0.26409653
v 0.14312077 0.61160076 -0.00501461
v -0.07766514 0.48620620 -0.02158585
v -0.24084403 -0.89407068 -0.11429825
v -0.01216538 0.76572680 -0.08509706
v -0.10692789 0.94046766 -0.04436745
v -0.13629594 0.14409809 -0.05123679
v 0.08025833 0.14639662 -0.12377893
v -0.01388352 0.13763700 0.14322858
v -0.24577510 -0.93523741 0.02353131
v -0.02498308 0.59162670 -0.07376332
v -0.16865493 0.36880246 0.01079442
v 0.08505800 0.49294949 0.00446653
v -0.12535593 0.93845171 0.04710228
v -0.13228995 -0.94027567 -0.19964686
v 0.12913395 0.90152353 -0.07214259
v -0.09702721 -0.94329906 0.20469160
v -0.06316901 0.16050529 0.13961616
v -0.16572998 0.14662342 -0.00524264
v 0.24691495 -0.92380393 0.07498675
v -0.13314205 0.45986435 0.04936842
v -0.12404621 0.66506803 -0.07344157
v -0.09604584 0.94083947 -0.07169326
v 0.20093609 -0.75100839 -0.17730652
v 0.03749236 0.93700647 0.12793803
v -0.00441024 0.44573718 -0.09959359
v -0.13361257 -0.68585682 0.23286714
v 0.22770113 -0.90982121 -0.13355197
v -0.14897057 0.14516428 -0.03461209
v -0.16177201 0.14590394 0.01026144
v 0.13406858 -0.61574930 0.23258361
v -0.02284267 0.92798871 0.09400191
v 0.08427322 0.58909047 0.00062456
v 0.00099148 0.70913792 0.09420357
v 0.20429364 -0.94184071 -0.11810795
v 0.07260347 0.41335347 -0.13719393
v 0.09137192 0.37593961 -0.06309897
v -0.05006087 0.14847878 -0.13861364
v 0.01064285 0.85044354 0.08967026
v 0.07051036 -0.65972888 0.25879461
v 0.25979674 -0.21275698 -0.06674732
v -0.01588288 0.44914484 -0.09351177
v 0.10006527 0.93396318 -0.01926442
v -0.23338623 -0.48074651 0.13281356
v 0.05763011 0.94083500 -0.10989832
v -0.04834248 0.16014524 0.15162285
v 0.23901092 -0.94076806 0.01439515
v 0.16233057 0.17827673 -0.03366708
v 0.18180618 -0.94354695 -0.11492615
v 0.01621486 0.36600041 0.11421441
v 0.08014783 0.69509399 -0.01300906
v 0.01735807 0.48511103 -0.13924456
v -0.08243660 -0.92206997 -0.24562010
v 0.14028770 0.92669553 -0.01883757
v 0.19351751 -0.93062693 -0.15961987
v -0.09447926 0.74212801 -0.00004634
v -0.21052648 -0.89936680 0.16193961
v 0.04380431 0.94046664 -0.10743595
v -0.01338737 0.39331377 0.11476785
v 0.10959847 0.21974522 -0.18479343
v -0.10788934 0.94055468 -0.06953840
v 0.19748348 -0.87775791 -0.18178943
v -0.01401453 0.87893212 0.09088512
v 0.10049783 0.72562683 0.10495036
v -0.09007298 0.45594931 -0.11079880
v -0.09415645 0.48336595 -0.00338889
v 0.11745828 0.13702913 0.20929457
v -0.07339648 0.33690372 -0.16250221
v 0.13652800 -0.93741214 -0.20012546
v 0.26008120 -0.04475937 -0.06586994
v -0.09451778 0.65291595 -0.00008379
v 0.11636470 0.80177128 0.08879950
v -0.01915551 0.04912051 -0.26542079
v 0.03449402 0.73594910 0.06693706
v -0.08739011 0.91121864 0.02147499
v 0.13649103 0.14103211 0.01437565
v -0.10064133 0.18335573 -0.12192173
v 0.08724871 0.92300111 -0.01863809
v -0.11921369 0.13736062 -0.05295528
v -0.07057461 -0.30266148 0.25881088
v -0.06670187 0.28084397 -0.10612363
v -0.01121528 0.47777259 0.08740041
v 0.15017691 0.16084632 -0.05173891
v 0.06653058 0.40736985 0.07300369
v 0.08022521 0.53510928 0.02011423
v -0.02073073 0.17066450 0.17228475
v -0.20415992 -0.94019622 0.12420209
v -0.24596274 -0.93557847 -0.01372993
v -0.13770957 0.16494086 0.09125969
v 0.08479976 0.68098378 0.00468121
v 0.14013848 0.89170569 -0.04489221
v 0.13499361 0.47208220 0.03903903
v -0.09393849 0.61534035 -0.00154256
v -0.02348257 -0.93017393 0.25081161
v 0.00019638 0.86911625 -0.09812813
v 0.08336604 0.94065446 0.06996024
v 0.08352741 -0.93003947 0.23716764
v 0.18952800 -0.15647073 0.19089670
v -0.10947410 0.42497912 -0.00141793
v -0.22519086 -0.92259276 -0.12839228
v 0.06778018 0.87362635 0.04111736
v -0.07238578 0.91557688 0.12733127
v 0.10565069 0.42407414 0.00413782
v -0.10935904 0.35516953 -0.03774069
v 0.23585312 -0.92008811 -0.10625176
v 0.18760803 0.04985888 0.18972595
v -0.05047358 0.94020635 -0.11974251
v 0.11148787 0.19841474 -0.10648567
v -0.10824396 0.89945531 0.10031164
v 0.14530902 0.14473948 -0.00308712
v -0.01164501 0.51148278 -0.08541674
v -0.05255202 0.13561019 -0.10810023
v 0.02267670 0.93354893 0.10343890
v 0.01976893 0.75649714 -0.07761017
v 0.10816627 0.89875907 -0.10036393
v 0.07813048 0.57994682 -0.01581749
v 0.01828855 0.78859466 0.14493905
v -0.13705292 0.30081999 -0.01673219
v -0.02407379 0.93689692 -0.10811929
v -0.19079083 -0.85447371 -0.18946522
v -0.06345445 0.94045949 0.09578666
v -0.20462909 -0.94352287 -0.05927128
v -0.11630598 0.14043035 -0.07275605
v 0.01529485 0.36327800 -0.11202060
v 0.08285475 0.73742586 -0.00609819
v -0.15622512 -0.94269878 0.17142959
v -0.00351666 0.84100068 0.09509341
v -0.04579423 0.94075388 0.09862557
v 0.09768663 0.26316163 0.08849646
v 0.11008230 0.93086386 0.08853799
v -0.03502680 0.68647766 -0.13983330
v 0.07799432 0.64806068 -0.01602220
v -0.06628884 0.94000864 0.07130222
v 0.08206780 0.92838466 0.04194264
v 0.03955407 -0.93042928 -0.24875082
v -0.03499127 0.18639311 0.16162068
v 0.23908868 -0.89198965 0.11876362
v -0.08258092 -0.92872185 0.23911488
v -0.22802822 0.15127221 0.05922346
v 0.19266230 -0.85570538 0.18762699
v -0.14480095 0.78776789 0.01765557
v -0.14390875 0.13666119 -0.00335036
v 0.09645202 0.88837093 0.00169073
v 0.12901948 -0.38949853 -0.23516567
v 0.07795709 0.77303386 -0.01609113
v -0.00901403 0.42333195 0.10611010
v -0.14679931 0.83734560 -0.00506024
v 0.00341845 0.44371814 -0.14570445
v 0.05238860 0.34810427 0.10085047
v 0.15335611 0.21601464 -0.00928495
v 0.01678464 0.39403921 0.10681619
v 0.08356867 0.84643286 -0.01182080
v 0.06182413 0.93795657 -0.06758665
v -0.04205557 0.79857457 0.13995224
v 0.15023176 0.23865435 -0.01294101
v -0.00615230 0.46790868 0.14065251
v -0.06044356 0.84133911 -0.13428231
v -0.13449027 -0.47125027 0.23232715
v -0.00335902 0.49522802 -0.08968560
v -0.09399851 0.93918926 -0.04050902
v 0.18927243 -0.26428691 -0.19111785
v 0.10863221 0.51313263 -0.09136360
v -0.12984459 0.55737156 -0.05813804
v -0.11767787 0.93616056 -0.01424566
v 0.08884978 0.92175877 0.02604901
v -0.06955063 0.47240105 0.12210783
v 0.13380308 -0.18403457 0.23274004
v -0.17378436 -0.94000912 0.16412587
v 0.04971405 0.93434095 0.07890000
v -0.13344847 0.93011796 0.04978278
v -0.15377924 0.34576881 -0.08579085
v 0.02445927 0.79344463 -0.07272445
v -0.13639282 -0.75297296 -0.23105936
v 0.26083282 -0.90307021 0.04701934
v -0.01001449 0.18518691 -0.14688623
v 0.07615636 -0.89242977 -0.25581044
v 0.00475082 0.51638430 -0.08675560
v -0.00014848 0.64806098 0.09457083
v 0.12260683 0.32480225 -0.03131426
v -0.11163387 0.61709285 -0.09003214
v -0.11139935 0.13549127 -0.01175254
v -0.09374597 0.77508110 0.00162373
v 0.02597744 0.61265540 -0.07109230
v 0.02596123 0.10193045 -0.24881895
v 0.22904453 -0.93717736 0.08058584
v -0.09451778 0.69994920 -0.00008379
v -0.18003729 0.12177014 -0.16576062
v -0.06382199 0.91628104 -0.13212122
v -0.26404691 -0.89399785 -0.03745818
v 0.04724958 0.43293646 0.08752585
v 0.01833039 0.64283776 -0.07890455
v -0.08976533 0.94128180 -0.08773236
v -0.25366834 -0.92075491 -0.05093786
v 0.13684824 0.91778600 -0.05367515
v 0.20279777 -0.94342297 -0.09097605
v -0.08568233 -0.93909794 0.22417833
v -0.09366570 0.71390748 0.00178498
v 0.12314612 -0.94329268 -0.18443190
v -0.25083789 -0.91651481 0.07281567
v 0.11169322 0.18601547 0.19560254
v 0.01202818 0.90499240 0.09652726
v -0.01214715 0.60573047 -0.08510593
v 0.09896097 0.22209041 -0.10953808
v -0.07436356 0.80720955 0.02458947
v 0.05880536 -0.94349998 -0.21221273
v -0.00278379 0.51176208 0.09275763
v 0.05874132 0.91669571 -0.04835549
v 0.01684560 0.77493453 0.08186512
v 0.08014855 0.55869639 -0.01300775
v -0.09792466 0.93097657 -0.02327449
v -0.14252177 -0.88564354 -0.22683622
v 0.06741812 0.37450555 0.08228679
v -0.05969456 0.49248487 -0.12753758
v -0.08959880 0.14166906 -0.11649884
v 0.23123512 -0.92908508 0.10266884
v 0.22294836 -0.90194893 0.14464395
v -0.11946590 -0.91738361 0.23175417
v 0.11045961 0.47012737 -0.08791552
v -0.02560190 -0.75931692 -0.26658091
v -0.03050936 -0.92988652 -0.25021920
v 0.07159297 0.91811079 -0.03361136
v -0.00769838 0.92943275 -0.11063316
v -0.02431525 0.39791656 -0.10116308
v -0.05334518 0.91917461 0.13638303
v -0.09499139 0.15577380 -0.12704678
v -0.02555767 0.34752083 0.12234577
v -0.02107742 0.56811780 -0.07736003
v 0.08907103 -0.94353199 -0.20030917
v -0.00126475 0.46662259 -0.09758881
v -0.14011443 0.53037483 -0.02056503
v -0.14538483 0.87957060 -0.02340583
v -0.12491108 0.21994239 0.09127168
v 0.17210507 -0.94355679 0.11400535
v -0.05455255 0.89010769 0.13712858
v -0.14552423 0.24455591 0.04681123
v 0.08850177 0.94097382 0.09563431
v 0.07864533 0.62475228 -0.01530997
v 0.00443211 -0.87862927 -0.26810098
v -0.10818361 0.93846905 0.02898104
v 0.07183890 0.74213392 0.03153254
v 0.02339235 0.92999494 -0.13819706
v 0.04207580 0.89956892 0.14118661
v 0.15028353 0.22261143 -0.03342101
v 0.06116315 0.90601653 -0.13437927
v -0.09636642 0.15736398 -0.21256864
v 0.09464663 0.94065374 0.07086746
v 0.21147463 -0.94251293 0.10025527
v 0.09451828 0.71383858 -0.10986029
v 0.01812153 0.30390474 -0.11987517
v 0.08024944 0.72331417 0.02007180
v -0.11608413 0.46667454 0.08027434
v -0.26840270 -0.36098403 -0.00071288
v -0.12030389 0.93321747 0.06977035
v -0.06536832 0.19102272 0.13959619
v -0.07562815 0.93201649 -0.04739815
v -0.18786511 -0.78663152 0.19238725
v -0.23038712 -0.93716168 -0.07563815
v -0.14410685 0.91607499 0.02362633
v -0.15442799 0.17080338 0.08040804
v -0.11565568 0.92294067 0.08999129
v 0.09660491 0.94068229 -0.08802737
v -0.23097171 -0.89346147 0.13445325
v -0.06313269 0.70356119 0.13043527
v -0.09231126 0.38598171 0.06600310
v 0.08444510 0.58382946 -0.11498475
v 0.06214935 0.93296927 0.12454383
v 0.01004093 0.83037728 0.08795623
v -0.01925136 0.86767209 0.14588594
v 0.26853392 -0.00597244 0.00153105
v -0.06465527 0.62523979 -0.12794627
v -0.06691592 -0.77529085 0.25978193
v 0.13981490 0.04896780 -0.22666566
v -0.08589642 0.87438244 -0.01871693
v 0.07158767 0.94070524 0.09598652
v -0.02554574 0.81735134 -0.14401308
v -0.12804946 0.14425337 -0.06748050
v 0.00295820 0.47882441 0.09364865
v 0.12088864 0.15076196 -0.09162349
v -0.23229371 -0.92244095 0.11227107
v -0.18985616 -0.75841200 -0.19044095
v -0.14539005 -0.91928929 0.21589853
v -0.07407467 0.74955827 0.02488616
v 0.00478262 0.13715726 -0.12771748
v 0.00941688 0.93153483 -0.13604102
v -0.02495950 0.70920420 -0.07377931
v -0.23623174 -0.93931866 -0.04872421
v -0.09352791 0.13979056 0.07175463
v -0.15968809 0.23372655 0.00977316
v 0.13196483 -0.79001302 -0.23348336
v 0.02980835 0.19851623 0.15314573
v 0.08517113 0.55797601 0.00649041
v -0.01093394 0.86974269 -0.09080878
v 0.08119248 0.45901057 -0.02491998
v 0.08758578 0.66812593 -0.11451261
v -0.10064821 -0.92503935 -0.23507987
v 0.12627549 0.31242582 0.00193259
v -0.12684835 0.33531007 -0.12686506
v 0.04894543 0.46079129 0.06229066
v 0.01546980 0.91724724 -0.09254617
v -0.09427630 0.80312812 0.00091973
v -0.23311910 -0.27457148 -0.13332580
v -0.01116237 0.68222487 -0.08574516
v 0.01078591 0.26481679 -0.13093930
v -0.12262751 0.18210796 0.10316201
v -0.10272986 0.89189762 -0.10573182
v -0.01992568 0.65516758 0.14233947
v 0.21193309 -0.94352615 -0.05196261
v -0.10081010 -0.88947213 -0.24724606
v -0.14228675 0.91431510 -0.03475882
v -0.07192244 0.85707808 0.12845457
v 0.05393296 0.17465760 0.14612235
v 0.07129271 0.33005685 0.16620514
v -0.15097852 0.42201209 -0.02325871
v -0.15824179 0.19328438 0.15707068
v -0.08777159 0.59732479 -0.11291767
v -0.00499558 0.93461204 -0.12694648
v 0.00326022 0.87577909 0.09853606
v -0.02407230 0.32008809 0.13137850
v -0.09914219 0.94053859 -0.05537069
v 0.07579705 0.84509516 0.03051117
v 0.11469309 0.13534786 0.00287246
v 0.00117228 0.72801763 0.09397794
v -0.12762944 0.74132174 -0.06908625
v 0.04643339 0.53489506 0.13442704
v 0.23405954 -0.35724080 -0.13155271
v 0.01823275 0.34089729 -0.11421573
v 0.10500208 -0.83466214 0.24609879
v -0.10011257 0.13653429 -0.08031996
v -0.13116734 0.92031944 -0.06500095
v 0.06285250 -0.90428072 0.25724396
v -0.07198441 -0.03979542 0.25835791
v 0.07920317 -0.94306701 0.21405487
v -0.08036339 0.94083625 0.08049777
v 0.06225273 0.13525982 0.10027499
v 0.04064529 -0.94352275 0.21651243
v -0.18886019 -0.06637733 -0.19148044
v -0.05772538 0.49953061 0.04140496
v -0.00302061 0.88938552 0.09927458
v 0.13307354 -0.89460820 -0.23164290
v 0.08285281 0.75624347 -0.00610466
v -0.14104055 0.75053191 -0.03389951
v 0.04246457 -0.93671465 0.24155533
v 0.04776738 0.40323836 0.09286452
v 0.16392229 -0.89286894 0.21020250
v -0.07736584 0.52207243 -0.11851424
v 0.03302235 0.14188038 0.13795137
v 0.05536337 0.78986925 -0.13528292
v -0.21864772 -0.92267567 0.13691714
v -0.10216414 0.64474142 0.10128605
v 0.07812492 0.82017350 -0.01670450
v -0.14335960 0.45103386 0.01097162
v 0.07371011 0.51023781 0.12038837
v -0.14308953 0.27382651 -0.01814075
v 0.07165612 0.62676162 -0.12370506
v -0.09583202 0.94081652 0.08856517
v 0.08503372 0.83905530 -0.11947307
v -0.10662670 0.16012020 -0.11967412
v -0.02013328 0.70447731 0.14317396
v -0.02253378 0.72331029 0.07650068
v 0.23145072 -0.84155089 0.13580577
v 0.12686388 0.93682814 0.00936444
v 0.00755503 0.69979745 -0.08674264
v -0.13228975 0.24543755 0.07629377
v 0.19095537 -0.80971515 0.18939246
v -0.08394155 0.47083327 0.01724480
v 0.12145431 0.24163587 0.03399219
v -0.10885135 0.15325525 0.09554831
v 0.01762921 0.33427364 0.12212446
v -0.00209092 0.81576997 -0.08969417
v 0.08951541 0.90682614 0.01876180
v -0.07762361 0.76565760 -0.02118132
v 0.13576649 0.85131687 -0.05691315
v -0.25811538 -0.54715723 -0.07261947
v 0.11600862 0.17337890 -0.10995071
v 0.06126308 -0.92719883 0.24764991
v 0.00808448 0.23307995 0.15440738
v -0.04552757 0.92014718 -0.06498417
v 0.02401697 0.86302704 -0.14498435
v -0.13494869 0.93222278 0.02387536
v -0.23786531 -0.46574739 -0.12480056
v 0.02159519 0.44361156 0.09476431
v -0.15568757 0.19385393 -0.03334269
v -0.18320771 -0.92156065 -0.18437093
v 0.13463703 -0.43363380 0.23216975
v 0.15811551 0.35733214 0.06847879
v -0.00809298 0.36707988 0.12183928
v 0.01800337 0.49360740 -0.07963745
v -0.12306623 0.93974388 -0.04310360
v 0.05133409 0.58142179 -0.13339433
v 0.00062627 0.74674940 0.09435474
v 0.02306375 0.93703055 0.12737596
v -0.12599839 0.66180164 0.06965195
v 0.09220619 0.19537227 -0.12085796
v 0.02887326 0.13572413 -0.10859853
v 0.05466413 0.42302254 -0.07939152
v -0.04162701 0.33226022 0.11724001
v 0.01739535 0.73742443 -0.07967316
v -0.00470254 0.33528253 0.12961833
v 0.09759098 0.75775146 -0.10813460
v 0.03066637 0.93875486 0.11287445
v -0.24618128 -0.74264479 0.10522649
v -0.13628742 0.83967274 -0.05510050
v 0.22808863 -0.92112088 0.12404321
v 0.04789969 0.57696009 0.05437693
v 0.00046543 0.39799619 -0.11238964
v -0.09812512 0.13544837 -0.05782617
v 0.04769941 0.37624136 0.09711199
v -0.23384601 -0.26045704 0.13206565
v 0.05248473 0.39580965 0.15204017
v -0.09560153 0.35943601 0.07386999
v -0.02044731 0.78456908 -0.07786708
v -0.00985998 0.25870293 -0.13196807
v -0.14761001 -0.91776317 -0.21461751
v 0.07824928 0.67151123 -0.01576451
v 0.13437614 -0.50385398 -0.23234802
v 0.06276018 0.86893642 -0.13371074
v -0.08150459 0.60617930 0.01645422
v 0.06498744 0.70680779 0.12953752
v -0.18970430 -0.17478971 -0.19065529
v 0.02406887 0.69941187 -0.07316901
v 0.19014682 0.21402507 0.10372718
v 0.24145958 -0.92477989 -0.08684535
v 0.08931604 0.67911988 0.11342357
v 0.09394456 0.44346142 -0.11139964
v 0.07538392 0.27718076 0.18217202
v -0.08943456 0.24964060 0.18479489
v -0.13149044 0.62551540 -0.05751908
v -0.09955421 0.44780567 0.00939902
v -0.14823881 0.34136891 0.09763470
v -0.07786351 0.17326792 0.13480015
v 0.08105239 -0.92161351 -0.24586840
v 0.06748851 0.45481837 -0.12544665
v -0.24741720 -0.92370790 -0.07422079
v -0.06770557 0.47804686 0.03288499
v -0.14666277 0.88228595 0.01348626
v -0.06414867 0.22665064 -0.12065727
v 0.17586233 0.30812317 0.06581659
v 0.11215632 0.36482361 0.01241106
v -0.02636171 0.13577694 0.11801156
v 0.07232070 0.34680933 0.08594436
v 0.00623870 0.60641295 -0.08685261
v -0.13554043 0.93196785 -0.00935052
v -0.02586182 0.54653817 -0.07290840
v -0.22419776 -0.82046008 -0.14679806
v 0.26360562 -0.90358967 -0.03125601
v -0.14769070 0.27465662 0.13147682
v 0.12390560 0.14589784 0.07994749
v 0.10707968 -0.84735715 -0.24530272
v 0.00453109 0.77510720 -0.08676487
v -0.03319740 0.13770005 -0.12799712
v 0.25800061 -0.36327434 0.07308104
v 0.13911925 -0.92324275 -0.21788165
v -0.14644831 0.28534985 0.00755649
v 0.04873265 0.15809155 -0.13843885
v 0.20945705 -0.93919730 0.11937023
v -0.24805523 -0.85969633 0.10079697
v 0.01507439 0.47466061 -0.08441410
v 0.08746946 0.93991339 0.05497582
v 0.23073748 -0.20953326 0.13710724
v 0.25906819 -0.68406177 0.06956787
v -0.21937418 -0.94046372 0.09084731
v 0.14371590 0.25484607 -0.02719603
v 0.09286320 0.32416075 0.05555757
v -0.01352104 0.75434560 0.14458749
v 0.06853708 0.71052736 0.03484087
v 0.14711419 -0.84319180 0.22401260
v 0.13754487 0.69191688 -0.04485830
v 0.07886802 0.71875900 -0.01504166
v 0.02746800 0.74079847 0.14240433
v -0.08959791 0.34749320 -0.07470889
v -0.13646762 0.01282970 0.23140092
v -0.14919296 0.38944641 -0.06412658
v -0.07270113 0.57519400 0.12233000
v 0.26837391 -0.73436683 0.00197547
v -0.23192485 -0.11343662 0.13533157
v -0.06014079 0.90432793 -0.04771614
v -0.02869423 0.42951256 -0.09283909
v 0.00050157 -0.68781757 0.26841074
v 0.07122982 0.32116616 -0.09193615
v 0.22003923 -0.92811805 -0.12536566
v -0.21715860 0.10432717 -0.12384390
v 0.02027803 0.93201774 -0.10099430
v 0.11037825 0.41892871 0.10706303
v -0.14465196 0.21859594 0.07150725
v -0.08849905 0.74084669 -0.11531219
v -0.16319443 0.16899221 0.06023831
v -0.00054023 0.28093159 0.14390607
v 0.03548385 0.35280779 -0.17031555
v 0.00073408 -0.80383426 0.26839918
v 0.03494421 0.92587632 0.08105762
v 0.11001226 0.26531655 -0.07985467
v -0.11205178 0.57445759 -0.08836116
v -0.12517814 0.83578503 0.07650950
v 0.01680927 0.43307570 -0.09865215
v 0.09418347 0.13529804 -0.06352627
v -0.16264105 0.16575371 -0.02981994
v -0.10796208 0.23287870 -0.09487974
v 0.11056305 0.19755438 0.10202890
v 0.00494336 -0.94039768 -0.23928404
v 0.13269053 -0.69158185 -0.23331979
v 0.14381619 0.65593058 -0.00625653
v 0.12299924 0.18788327 0.07814119
v 0.26839271 -0.16221417 -0.00051519
v -0.04927180 0.90143037 0.05845411
v -0.13820215 -0.79621041 -0.22989027
v 0.08996057 0.54703391 0.11032752
v 0.18871999 -0.61212611 -0.19164941
v 0.14809945 0.43111181 0.02311816
v 0.04997307 0.92712480 0.13568178
v 0.00454922 0.62454379 -0.08676354
v -0.25946620 -0.13401242 0.06834161
v 0.00656718 0.56551391 0.14194578
v -0.07984357 0.43623522 0.12493055
v -0.03412611 0.29010895 0.13413280
v -0.03761621 -0.94269359 0.23184673
v 0.04042227 0.49025723 0.13535443
v 0.13015816 0.51694602 0.05608574
v -0.09988599 0.90198654 -0.00341667
v 0.08513299 0.47455129 -0.00537763
v 0.18797973 -0.20806108 0.19232911
v 0.00308529 0.54777610 -0.08668546
v -0.00892124 -0.85461658 0.26811036
v -0.10257713 0.55980021 0.09903560
v 0.16551773 0.14496888 -0.17118748
v -0.21129973 0.05360964 -0.15884043
v 0.16248596 -0.91282755 -0.20498805
v 0.07289859 0.84548330 -0.02405666
v -0.11509953 0.39089337 -0.01125449
v 0.26497108 0.05117971 -0.01821713
v 0.05545618 0.91377831 0.05597826
v 0.12383764 0.13606122 -0.03036246
v -0.07801670 0.03302266 0.25607666
v 0.15530385 0.20003910 -0.15722392
v -0.08932878 0.87873679 0.11749715
v -0.10058487 0.42316777 -0.02677229
v 0.07923472 -0.94253731 -0.21767096
v -0.13281739 0.38483533 0.09600505
v 0.22998218 -0.94333386 -0.00424728
v 0.06234955 0.89674836 -0.04067173
v 0.01184620 0.17950895 0.16771533
v -0.08800281 0.87261045 0.01556176
v 0.18934327 -0.45966747 -0.19099945
v 0.12702852 0.93781155 0.04156275
v 0.08517113 0.66144526 0.00649718
v 0.17382693 0.34858611 0.02079314
v -0.10222295 0.40112054 -0.12180986
v -0.02021353 -0.90210646 0.26531306
v 0.11341872 0.23130609 -0.09089066
v -0.08448123 0.43856028 -0.04926036
v -0.10739399 0.52711260 -0.09274851
v 0.13341425 0.93018192 -0.04969947
v 0.24442367 0.09239202 -0.06815644
v 0.06276991 0.70699012 -0.13065228
v 0.00408829 0.42023936 0.15322703
v -0.09822512 0.46607056 0.00035700
v -0.13595381 0.73753506 0.05172017
v 0.05822204 0.47844419 -0.03845758
v -0.13525657 0.28512570 0.03647524
v 0.12800148 0.16229747 0.08149854
v 0.00003969 0.21398549 -0.21668264
v -0.00103775 0.69047910 0.09440663
v 0.23010266 -0.84101069 -0.13783854
v -0.13062383 0.34719247 0.00221431
v -0.09598647 0.45971897 0.10477252
v -0.07429204 -0.55063093 0.25766161
v -0.07544759 0.52682549 0.02340657
v -0.16923286 0.16847830 0.04098509
v 0.13491310 0.14763920 0.04972192
v -0.13556176 -0.70167965 -0.23155579
v -0.16799244 -0.90300930 0.20471230
v -0.13019590 0.78566819 0.06677694
v 0.13572322 0.81406790 0.05539253
v -0.10924339 0.16982405 0.11536570
v 0.16130899 -0.94169968 -0.17210166
v -0.07910367 0.82158792 0.12334645
v -0.14580601 0.30428365 -0.11987295
v 0.06730328 0.89784271 0.04399288
v 0.11426421 0.67741209 -0.08823992
v 0.11274459 0.59239209 -0.08794323
v 0.09503113 0.21109219 0.11402766
v -0.11198965 0.13548972 0.02077593
v 0.12981701 0.92181587 0.06588684
v -0.08128720 0.49572879 0.01673153
v 0.03492380 0.40406802 -0.15435894
v -0.09762549 0.78985739 -0.10891240
v -0.14074904 0.81957918 0.03979469
v 0.17675692 -0.93011099 -0.17991142
v 0.10277330 0.35729355 0.13876683
v 0.00203741 -0.08993222 -0.26845264
v 0.05896921 0.49157917 0.04410710
v -0.13649742 0.70032281 -0.04801085
v 0.13721214 0.04059849 0.22945842
v 0.06853713 0.61116672 0.03484081
v 0.17452759 0.34058288 -0.03421444
v -0.13492006 -0.04363446 0.23204833
v -0.12852424 0.61316103 0.06340138
v 0.11306819 0.29687569 -0.06096333
v 0.11828070 0.91974771 -0.08704831
v -0.20729008 -0.92603081 -0.15043084
v 0.07933436 0.94087273 0.08454762
v -0.03215517 0.91887599 -0.07758877
v 0.05371061 -0.84463829 -0.26257849
v 0.00236417 -0.14628161 0.26843899
v -0.01789888 -0.93983662 -0.23911232
v 0.00454923 0.73742443 -0.08676352
v -0.14450404 0.70603687 -0.00042036
v 0.13637945 -0.94254565 0.18980870
v -0.19303428 0.27650547 0.04151468
v 0.23261523 -0.60734278 -0.13405274
v -0.13966858 0.50313783 0.01877500
v 0.09500328 0.45283425 -0.00438762
v -0.17479554 -0.64274818 0.20295949
v 0.00113541 -0.91728497 0.26075825
v 0.02398737 -0.93928611 0.23933934
v -0.15235254 0.17486687 -0.16999096
v 0.22769934 0.04496294 0.13911209
v 0.06693780 -0.46636295 -0.25982535
v 0.00135172 -0.48006299 0.26846421
v 0.16478547 -0.88341391 -0.21035199
v -0.06094857 0.93691534 -0.06969201
v -0.25955012 0.03355916 0.06634504
v -0.08213335 0.41569871 -0.06506305
v -0.09183735 0.60056180 -0.00483464
v -0.18377769 0.21247029 0.11578273
v -0.19358940 0.28020805 -0.03062995
v 0.10779341 0.28523514 0.04181254
v 0.13388708 0.51595187 -0.04707264
v -0.08828101 0.86632097 -0.11800598
v -0.00378989 0.83114147 -0.09252729
v -0.15645035 0.22750156 -0.01719441
v 0.09470339 0.44475359 0.01800084
v -0.21233886 0.12049673 0.12251739
v 0.08147188 0.93142670 -0.03448371
v 0.02859414 0.65277767 -0.06826751
v -0.11775746 0.14160554 0.05228034
v -0.02133739 0.91577423 -0.14438422
v -0.12142548 -0.93235564 -0.21694638
v 0.01070547 0.85792166 -0.08994550
v -0.11316253 0.26077035 0.08840211
v 0.19216436 -0.16708018 -0.18816641
v 0.07056732 0.74304909 -0.02358844
v -0.00228810 0.57733202 -0.14213581
v 0.09933745 -0.93939996 0.21838118
v 0.01479970 0.91687119 -0.14449775
v 0.09606179 0.93714011 0.03785423
v 0.10459638 0.63890648 0.09911728
v -0.23119074 -0.65344119 -0.13635942
v 0.17848957 -0.94140822 -0.15510240
v -0.11089952 0.43429264 -0.09919239
v 0.13076739 0.43617311 0.06977389
v -0.13098054 0.33098087 -0.01287727
v -0.20767204 -0.64679527 0.16863145
v -0.06387091 0.38538834 -0.15092795
v 0.06260289 -0.94146860 0.22874457
v 0.23153895 -0.54679906 -0.13569856
v 0.12475785 0.30622497 -0.14145198
v 0.03405194 0.44975060 -0.07592702
v 0.00003311 -0.21783367 0.26846305
v -0.08776809 0.23667292 -0.11111573
v -0.09755653 0.25301176 -0.17950636
v 0.00068871 0.92389804 -0.10267806
v -0.13301931 0.43882969 -0.06362763
v 0.20122500 -0.80424702 -0.17691414
v -0.04926357 0.13673629 0.10292833
v -0.01450517 0.65276420 -0.08361052
v 0.14200562 0.25753850 -0.14555670
v -0.00096248 0.54916286 0.09437051
v -0.10097210 0.42419210 0.02640485
v 0.18977547 -0.25529361 0.19073258
v 0.03200352 -0.75608718 -0.26571867
v -0.06723692 0.92015535 0.04306696
v -0.12258802 0.16480613 0.10180711
v 0.08525638 0.77505767 0.00789233
v 0.06942205 0.79576302 -0.02471877
v 0.05097658 0.31540307 0.10968443
v 0.07495078 0.87040704 -0.02454898
v -0.13375393 0.88853973 -0.06305298
v -0.18806314 -0.70147216 -0.19210832
v -0.09565128 0.67803347 -0.10813554
v 0.09235653 0.13548349 -0.03591616
v -0.25577942 -0.89038557 -0.07725246
v -0.14375533 -0.82675475 0.22633137
v -0.11147644 0.70710772 -0.09265342
v -0.03785158 0.43121281 0.09608068
v 0.11249435 0.79180437 -0.09348945
v -0.22196546 0.18246050 -0.04147612
v -0.13149568 -0.52436495 -0.23398331
v -0.12322669 0.11319226 0.21438454
v 0.12904719 0.72351694 0.06666843
v 0.14433120 0.83250183 -0.02519616
v 0.13225932 0.46877500 -0.04900395
v -0.19143426 -0.00215830 0.18907167
v 0.19859061 -0.92758882 0.15865365
v 0.10063247 0.42591563 -0.02637799
v -0.19012143 -0.42912367 -0.19022848
v 0.01819466 0.52148670 -0.07901870
v 0.09491041 0.93684119 -0.03180609
v 0.14479432 0.78830183 0.01831549
v 0.13773967 0.91263288 0.05156978
v -0.04083735 0.25922343 0.13769546
v -0.23900814 -0.33752862 -0.12262394
v 0.01316816 0.45424041 -0.09355273
v 0.08611272 0.79890990 -0.11819791
v -0.07373210 0.37321669 0.08795217
v 0.07008552 -0.27805838 0.25891593
v 0.23393029 -0.78551620 -0.13127364
v 0.16307150 0.38750041 -0.01053305
v -0.15783763 -0.94340283 -0.14921373
v 0.08578826 0.86914843 -0.01131344
v 0.07803597 0.43726742 0.12585685
v -0.06694952 0.93431365 -0.12056167
v -0.07353739 0.02349836 -0.25802419
v -0.18816280 -0.74424648 0.19217241
v -0.07748268 0.72801858 -0.02133020
v 0.09297197 0.32323995 -0.07758661
v 0.13575102 0.17721500 0.04324555
v -0.12483867 0.87773210 0.07845302
v 0.03181715 0.53682530 -0.13819489
v 0.13030051 -0.44874701 -0.23456635
v -0.01988471 0.63222665 -0.14190620
v -0.06592830 0.58001512 0.03312339
v 0.23698990 -0.93772900 -0.05166284
v 0.12154018 0.86672616 -0.08300244
v -0.02328624 0.05638989 0.26321718
v -0.00156815 0.37778497 -0.11615034
v 0.07447910 -0.07857501 0.25760266
v -0.08267354 0.81433260 -0.01582697
v -0.13449052 -0.22165824 0.23235792
v 0.18925689 -0.56096107 -0.19104171
v 0.00468774 -0.62225342 0.26834965
v 0.02979883 0.62549978 -0.13999178
v -0.11802075 -0.94355923 -0.16622083
v 0.01563107 -0.92293280 -0.25667590
v -0.07525107 -0.71988833 -0.25726762
v -0.20150943 -0.94105148 -0.12592117
v -0.06298966 0.21594444 -0.20682390
v -0.06825498 0.38855746 0.14763811
v -0.23937407 0.13540764 -0.01830914
v 0.20032753 -0.55879784 0.17809404
v 0.19932517 -0.40446112 -0.17950782
v -0.00463874 0.92657834 -0.14075761
v 0.07052017 -0.35776892 0.25878072
v -0.02596288 0.46333528 -0.07753664
v -0.08081760 0.15205924 -0.13259488
v -0.18331949 -0.94242710 0.14463459
v -0.01116234 0.62330276 -0.08574518
v -0.06457040 0.65903389 0.12886874
v -0.07171814 0.94076294 -0.10532019
v 0.01270293 0.20966171 -0.14004320
v -0.09344579 -0.93807262 -0.22296852
v 0.12451767 0.26627773 0.15681027
v -0.17683329 0.10144937 0.17841816
v -0.07203913 0.61943227 0.12363518
v 0.07739788 0.23445705 -0.11350569
v 0.13340138 -0.36880219 0.23293135
v -0.01663147 0.63556230 -0.08169971
v -0.09203053 0.52560920 -0.00468893
v -0.10573306 0.14200746 -0.09978873
v 0.13146329 -0.13612354 -0.23400284
v 0.06265720 0.15342480 0.13712713
v -0.07058307 -0.93708152 -0.23281635
v 0.19921149 -0.93780011 -0.13676894
v -0.06042394 0.46875691 -0.04408300
v -0.10918844 0.25840211 -0.08139584
v -0.23370871 -0.76352924 -0.13196486
v 0.18966924 -0.66919297 0.19073848
v -0.00022676 -0.93448740 0.24750705
v 0.06478011 0.65509129 0.12865937
v -0.02248811 0.50546074 0.07660688
v 0.02608117 0.56494600 -0.07098075
v -0.13973086 0.68210226 0.03529890
v -0.09429495 0.51148975 -0.00136836
v 0.10713901 -0.94283813 -0.20429571
v 0.02018427 0.68090856 -0.07721175
v 0.18966237 -0.50920302 -0.19067788
v -0.05027287 0.58898187 -0.13394453
v -0.10179494 -0.94316083 -0.20157231
v 0.23678498 -0.27813587 0.12664877
v 0.00012739 -0.56540281 -0.26846218
v 0.23498441 -0.94164294 -0.02860078
v 0.06757110 0.15616512 -0.13220733
v 0.08891109 -0.74448162 -0.25240347
v 0.14909847 0.41863999 -0.03759813
v 0.06719311 0.55244672 -0.02712642
v -0.24059696 0.04762400 -0.11249354
v -0.13321036 -0.19348086 -0.23306957
v -0.06957933 -0.29783824 -0.25903076
v 0.11400028 0.47738111 0.08291041
v -0.13368303 -0.94350576 0.17487095
v 0.03657260 0.92981929 -0.07953462
v 0.02769733 0.69378227 0.14161856
v -0.04663925 -0.94089472 -0.23475081
v -0.03637296 0.43125305 -0.14502884
v 0.14134930 0.56161600 -0.01633404
v -0.10711508 0.28709960 0.16174328
v 0.11692431 0.14389104 0.09682579
v 0.09370164 0.91237277 0.11443723
v 0.19518833 0.25567394 0.05893785
v 0.03588722 0.80057269 0.06560414
v -0.19017470 -0.90956777 0.18462723
v 0.13448776 -0.66912955 0.23231298
v 0.02895265 0.46206021 0.07951147
v -0.26751691 0.04039964 0.00329965
v -0.11689211 0.86178875 -0.08985158
v 0.00454922 0.64335746 -0.08676353
v 0.25976366 -0.60541689 0.06701815
v 0.00173058 0.12022828 0.24500559
v -0.06859702 -0.38539436 -0.25931036
v 0.07746466 0.47395611 0.11760202
v -0.00699912 -0.01921075 -0.26836219
v -0.00404812 0.51645827 0.14110619
v 0.16267906 0.14044675 0.17570321
v -0.09766264 0.44598362 -0.01530300
v 0.26839215 -0.44776189 0.00095931
v 0.08038222 0.26189473 0.10827362
v 0.12084179 -0.94020665 -0.20446153
v -0.07781256 0.13546436 0.03318970
v -0.09377687 0.72799307 0.00156393
v -0.09840290 0.89249074 -0.00624958
v -0.07473339 0.64014393 0.02420740
v 0.07175722 -0.14220424 0.25840154
v 0.11541244 0.30773550 0.14800639
v -0.06760091 -0.20771928 -0.25962996
v -0.00012511 0.63395059 0.09453533
v 0.26059487 -0.38308591 -0.06397653
v -0.02251952 0.67627579 0.07651571
v -0.23243023 -0.14167771 -0.13434623
v 0.14316660 0.45301077 -0.00919492
v 0.21832488 -0.93697637 -0.10738775
v -0.07138403 0.93387341 0.05481495
v -0.26036009 -0.62343454 0.06502920
v -0.07846098 0.90300155 -0.02924106
v -0.02729737 0.33357993 -0.11005272
v 0.05784717 0.30233023 -0.18008003
v 0.23276126 -0.07643340 0.13374837
v 0.07588944 0.43415728 0.04954378
v 0.07078955 0.19291896 0.13321170
v 0.14353158 0.78872365 -0.02577220
v -0.13373686 -0.02128778 -0.23273951
v -0.13304694 0.26904696 -0.14833492
v -0.10198408 -0.81520599 0.24734156
v -0.18885072 -0.22700024 -0.19153568
v -0.01153041 0.85998070 0.09068624
v 0.17737159 0.25223869 -0.10226992
v 0.23453665 0.13285056 0.05549344
v 0.09308615 0.80334926 0.11311680
v 0.10634552 0.23201463 0.09110592
v -0.12468350 -0.63595766 0.23739983
v 0.01696352 0.81686997 -0.14534178
v -0.09603237 0.68534970 0.10793154
v 0.04173039 0.44783100 -0.13798419
v 0.26836878 -0.08150587 -0.00101956
v 0.00619126 0.32604834 -0.12193067
v -0.26833287 -0.43571806 0.00376916
v 0.06506687 -0.72317469 0.26023278
v -0.23290068 -0.41134703 0.13364553
v 0.12857594 0.76231670 -0.06896506
v 0.02418758 0.84241211 -0.07567819
v 0.23536377 -0.93732762 0.06108356
v 0.02456222 0.81677330 -0.07318222
v 0.02149093 0.14362851 0.14861788
v 0.15655111 0.15403412 -0.03542366
v -0.18975516 -0.40045217 0.19069624
v -0.23109001 -0.52826244 -0.13652670
v 0.16997246 -0.94301283 0.15552731
v 0.00831414 -0.94331008 0.22971314
v 0.18768968 -0.34872741 0.19262114
v -0.25062394 0.08032336 -0.05847046
v -0.13384718 -0.13815653 -0.23269275
v -0.19014560 -0.45215556 0.19035622
v -0.02445457 0.45560679 0.08527530
v -0.16811664 0.29964721 0.08893429
v -0.26837760 -0.12623753 0.00115355
v -0.00098623 0.78461516 0.09436855
v -0.21866935 -0.93493766 0.11237790
v -0.02464536 0.80285364 -0.07411256
v 0.00044588 0.82858187 0.14655375
v 0.23250468 -0.10425562 -0.13428031
v 0.04015329 0.45205107 0.13776839
v 0.06588338 0.75002450 -0.12988041
v 0.13104635 0.25159854 -0.05171128
v -0.06129179 0.13543820 0.06905352
v -0.02570678 0.61791646 -0.07305118
v -0.13336748 -0.73484462 0.23304215
v 0.13078530 0.64331341 -0.06011336
v -0.04888836 0.54744959 -0.13363366
v -0.10141341 0.40038338 0.12278003
v -0.08392975 0.84567046 -0.01752837
v -0.14177135 0.62232733 0.02041132
v 0.04310287 0.90555185 -0.06188911
v 0.08695693 0.83119756 0.00784628
v 0.14228784 0.86393297 0.03670106
v 0.14023787 0.53846735 0.02074094
v -0.11606707 0.82281584 -0.08985327
v -0.22350101 -0.77956027 0.14788458
v -0.12756927 0.37039885 -0.11009628
v 0.09665054 0.90191346 0.00247061
v 0.18748671 -0.11631247 -0.19277784
v 0.21207692 -0.92247224 -0.14768863
v 0.15092033 0.37383106 -0.07288570
v -0.06727968 0.80041069 -0.03159046
v -0.26190889 0.01608329 -0.05968008
v 0.23294666 -0.14245526 0.13346784
v 0.23219006 -0.65415502 0.13470043
v -0.04012257 0.10743339 -0.24537708
v -0.10439947 0.19319960 0.11235340
v 0.07054514 0.14135519 0.11812388
v -0.13027784 0.31767845 0.13152440
v -0.10570680 0.38732785 0.03759922
v -0.07098585 -0.36825323 0.25870121
v -0.14509109 0.74972874 0.00714678
v -0.05273199 0.17626247 -0.13631649
v 0.07292375 0.53404695 -0.12143376
v -0.12037962 0.36839089 0.01952055
v 0.13083166 0.38432407 0.09937076
v -0.10528390 -0.83381265 -0.24599800
v 0.14690417 0.87049544 -0.00937015
v -0.18979354 -0.16085732 0.19066605
v 0.19300762 0.03419308 -0.18704639
v 0.09325075 0.26787865 -0.17669386
v -0.14322445 0.79695117 -0.02812624
v -0.13375080 -0.08157549 -0.23272431
v 0.25999424 -0.62694848 -0.06626774
v -0.01853000 0.86205739 -0.14595325
v 0.06998017 0.60418308 -0.02419633
v -0.26209620 -0.91172379 0.02391301
v -0.07541237 0.63601059 -0.02347334
v -0.11869343 0.93874860 -0.05827725
v 0.11162443 0.16519506 -0.20283759
v 0.10275135 0.50847328 0.09745889
v -0.00151219 -0.49444494 -0.26841000
v -0.25890145 -0.23347265 -0.06993650
v -0.16132846 -0.94353348 0.14375718
v -0.10312434 0.92359167 -0.00435532
v 0.18172885 -0.92895412 0.17687742
v -0.01025189 0.35217333 -0.11643481
v -0.20715360 0.21742541 0.06042155
v 0.01069947 0.67435455 -0.14355707
v 0.00117221 0.61984050 0.09397797
v 0.21526922 0.19601162 0.05438109
v 0.17706387 -0.72743571 -0.20109160
v 0.14213300 0.73873520 -0.02920331
v -0.05557387 0.75017607 0.13465284
v 0.01553333 0.88797742 0.09104507
v -0.01335379 0.38848975 -0.16255331
v -0.22774018 0.06872585 0.12886846
v 0.15426669 0.19073868 -0.00479354
v -0.26251626 -0.83305889 0.05485082
v -0.06933410 -0.10513996 0.25924760
v 0.20111296 -0.91435355 -0.16638169
v -0.06231074 0.87737197 -0.13397412
v 0.23440270 -0.42522317 -0.13078253
v 0.22337043 -0.93824303 -0.08969022
v -0.13406351 -0.31678471 -0.23256001
v 0.18902475 -0.50355077 0.19133428
v 0.00651103 0.91451353 0.14616820
v -0.08547228 0.33638215 0.08787125
v -0.01849585 0.22994399 0.15789291
v 0.26841405 -0.58697635 0.00019391
v -0.20921274 0.23844415 0.00122015
v -0.17407262 -0.89777273 -0.20157166
v 0.06178176 0.86614996 0.13401176
v 0.06800537 0.13553587 0.07723968
v 0.06438706 0.20802459 -0.20875120
v -0.03306076 0.89776200 -0.07425036
v -0.05171833 0.93406409 -0.12908643
v -0.18521942 0.31608790 0.00545853
v 0.25634873 0.01676528 0.07896236
v -0.13538317 0.18837570 -0.06998535
v -0.06211802 0.45656070 -0.12837033
v 0.13285391 -0.28832173 -0.23325709
v -0.19012079 -0.28354755 0.19036448
v 0.11496393 0.13547051 0.02375362
v 0.07024480 0.26979756 -0.10557148
v -0.04150579 0.43740475 0.14150223
v -0.13564540 -0.58670586 0.23170683
v 0.02814396 0.73977196 -0.06874734
v 0.12279414 0.84466165 0.08073780
v -0.19068597 -0.01942799 -0.18967883
v -0.02494702 0.76124460 -0.07379799
v 0.03940442 0.90257716 0.07065818
v -0.07063037 -0.43400007 0.25881866
v -0.18930832 -0.64509952 -0.19099066
v 0.07891941 0.51742756 -0.01519124
v -0.16395059 0.37782961 -0.02687373
v 0.12387779 0.10816254 -0.21580346
v -0.23897305 -0.66555160 0.12144686
v -0.13962582 0.59226555 -0.02959447
v 0.05352326 0.66758710 -0.13379128
v 0.12417588 0.92765647 -0.06840214
v 0.02665822 0.72371310 -0.14226986
v -0.13566229 0.93179303 0.00455963
v -0.05640233 0.17580925 0.15023062
v -0.13466817 0.42393261 0.07056586
v -0.23466544 -0.33454174 0.13078159
v -0.14634424 0.22650723 -0.15481977
v 0.10283004 0.39911175 0.01759515
v -0.10971566 0.34041998 0.05955323
v -0.04035342 0.80787480 0.05864819
v 0.07131368 -0.43815657 0.25855666
v -0.13384126 -0.37211451 -0.23269688
v -0.22289437 -0.94320607 0.04718547
v -0.06403094 -0.60514045 0.26066133
v 0.09767446 0.84121120 0.10991513
v -0.00652551 0.30761677 0.13790353
v -0.13475062 -0.40540421 0.23218976
v -0.13485737 -0.64043194 -0.23204063
v 0.12111260 0.60342437 0.07544775
v 0.08529304 0.32925987 -0.15933016
v 0.13304274 -0.63076484 -0.23307405
v 0.23430622 -0.29175636 -0.13122146
v 0.25045651 -0.92683566 0.04689299
v 0.07276817 0.28939137 0.10454649
v -0.04214188 0.48082212 -0.05777410
v 0.09751586 0.40215641 -0.04382058
v -0.03987399 0.16361006 -0.22825445
v 0.10660424 0.94047439 0.07221892
v 0.25887907 -0.81473786 0.07015494
v 0.22669622 0.15764660 -0.05708253
v -0.12608840 0.50894642 -0.06399333
v -0.02316367 0.86166793 -0.07978296
v 0.13363136 0.30115771 -0.02141277
v -0.25551832 -0.92512769 0.00472447
v -0.03372664 0.93016070 0.08584613
v -0.02117470 0.76595074 0.07780580
v 0.18894666 -0.01827898 -0.19139032
v 0.08480048 0.23668863 0.11327101
v 0.26012838 -0.12289365 -0.06568395
v -0.02443797 0.77031857 -0.14338793
v 0.13990521 0.08917884 0.21314971
v -0.06001725 -0.83889675 0.26130480
v 0.07298193 0.12699251 -0.23136705
v 0.09994319 0.93164653 0.02400593
v 0.25455356 -0.82420546 -0.08282029
v -0.25985697 -0.21692076 0.06693228
v -0.17321436 0.33222398 0.05011361
v 0.08604928 0.03887977 0.25271171
v 0.13292909 -0.24087510 0.23325889
v -0.07768758 0.46136209 -0.03115289
v 0.12137864 0.35626033 -0.12329824
v 0.24670210 0.11440886 -0.00369985
v 0.12835807 0.76744640 0.06979191
v -0.26836038 -0.03601715 0.00042159
v 0.18031345 0.08802844 -0.18107152
v 0.06518423 -0.69890338 -0.26015338
v 0.06472199 0.67126143 0.03856684
v -0.13138764 -0.42589638 -0.23418443
v 0.23061723 -0.34580198 0.13733596
v -0.09769100 0.32132852 -0.07266720
v 0.12655760 0.55487311 -0.06464498
v 0.06760050 0.54462564 0.03576877
v -0.02486583 0.33143082 0.17870732
v 0.07026845 -0.11461097 -0.25876394
v 0.03333467 0.84062964 0.07016521
v -0.06900260 -0.72039700 0.25925472
v 0.06152738 -0.01921689 0.26128879
v 0.00003310 -0.34810615 0.26846305
v -0.26595375 -0.48795703 -0.03893087
v -0.23413378 -0.01282539 -0.13166052
v 0.13333441 -0.07625712 -0.23297703
v 0.25939211 -0.20924123 0.06850706
v 0.07654856 0.49150616 -0.01812706
v -0.19013712 -0.34462747 0.19034469
v -0.12766176 0.78914130 -0.07124487
v 0.06037228 0.45546916 -0.05386478
v 0.19629127 -0.69510877 -0.18337311
v -0.08021382 0.93144089 -0.11563957
v -0.06856073 -0.12755485 -0.25937781
v -0.26356721 -0.29848799 0.05257547
v -0.18967082 -0.49964273 0.19081606
v 0.13989198 0.25498304 -0.00218966
v 0.19007368 -0.31166917 -0.19034764
v 0.23480332 0.08547757 0.10112467
v 0.15313447 -0.75644237 0.21954927
v 0.18861000 -0.35780048 -0.19170406
v 0.05996794 0.57512468 0.12957019
v 0.23770311 -0.93980759 0.03608713
v 0.23464738 -0.72501034 -0.13013121
v 0.11861572 0.90908277 0.08808935
v -0.19015676 -0.37208787 -0.19022192
v 0.25896090 -0.54729688 -0.06972220
v 0.00279163 -0.81889266 -0.26825616
v 0.00025113 0.89828485 -0.14750387
v 0.06941792 -0.20734762 0.25912166
v 0.04930723 0.13556428 0.10836808
v -0.07019743 -0.23682112 0.25890902
v -0.02437983 0.28537595 -0.12018496
v 0.19021963 -0.94226336 0.13666731
v -0.07055230 -0.05376794 -0.25876868
v 0.07948936 0.81574237 0.02253522
v -0.13877235 0.89557832 0.04922577
v -0.16740857 0.19911565 0.02056302
v 0.10680529 -0.90844297 -0.24096468
v -0.02454809 0.84236711 0.07709920
v -0.01976105 0.27085859 0.14537649
v 0.13510442 -0.12737624 0.23194930
v 0.06371057 0.78750885 0.13180576
v 0.03010537 -0.89185596 0.26525587
v -0.12695630 0.47266278 -0.06065203
v -0.01153116 0.18858626 0.17039415
v 0.03806468 0.47913548 -0.05942286
v 0.09091044 0.29277918 0.08340751
v -0.22494555 -0.71627998 0.14585997
v -0.11916468 0.91005075 -0.08703623
v 0.07024109 -0.58488327 -0.25882787
v -0.07472552 0.70315725 -0.12368941
v 0.08462326 0.05032963 -0.25163835
v 0.13408533 0.59801716 -0.04998373
v 0.11790064 0.55495405 0.07957932
v -0.23324619 -0.04831148 0.13308692
v 0.08800013 0.88965666 -0.11840534
v -0.24210905 0.09941831 0.06805882
v 0.01698093 0.59669220 0.08176149
v -0.22507852 -0.88622582 -0.14521529
v -0.19079839 0.04822375 0.18706658
v -0.13960814 0.18436845 0.09006496
v -0.15189050 0.41482291 0.03089974
v 0.26835948 -0.24244297 -0.00185559
v 0.10423441 0.14176370 -0.09570178
v 0.15605514 0.39432240 0.04108159
v -0.26023838 -0.55010712 0.06564764
v 0.07003326 0.91651940 0.04308899
v -0.23496626 0.01420076 0.13033865
v 0.25936782 -0.75390780 0.06841134
v 0.02199884 0.29484794 0.19046190
v -0.25954884 -0.38723630 0.06799743
v 0.26037332 -0.76198030 -0.06479964
v -0.00078902 0.28864354 -0.13057849
v -0.13566056 -0.77998412 0.23152298
v 0.09821547 0.76576841 0.10786072
v 0.09124227 0.39685291 0.13189583
v 0.08544789 0.48562202 -0.11205339
v -0.24399254 -0.80597925 0.11034577
v -0.22457354 -0.71061432 -0.14637308
v 0.07121675 0.83117825 0.12824224
v 0.19004521 0.28196380 -0.04730069
v 0.13612862 0.27920258 -0.02969424
v -0.22534777 0.18333799 0.01409912
v -0.13459703 -0.09951728 0.23227242
v -0.23053880 -0.40078944 -0.13738413
v -0.05375531 -0.83253247 -0.26261932
v 0.04569849 0.94034648 -0.09319703
v -0.18992248 -0.54678088 0.19050764
v 0.15121008 0.18089028 -0.05135923
v -0.26828933 -0.64781624 0.00345391
v 0.13324261 -0.33976778 -0.23303908
v 0.11039873 0.40153590 -0.11474440
v 0.26836091 -0.66329569 0.00254474
v -0.09524316 0.64472562 -0.10778040
v 0.02077604 0.25654039 0.14189427
v -0.26833794 -0.21962819 -0.00117167
v 0.09576859 0.59128177 0.10607397
v 0.25966808 0.05973027 0.04202378
v 0.13721606 0.57999331 0.03917262
v -0.03739052 0.40395051 0.10191541
v 0.00151278 -0.16862616 -0.26844344
v 0.20470709 -0.94346595 0.07460820
v 0.11281617 0.82967824 -0.09409557
v -0.16426669 0.26145187 -0.11681237
v -0.18258905 -0.94353634 0.11498855
v -0.02775975 0.47628215 -0.13776241
v -0.22507221 -0.94347066 0.02093560
v 0.08109832 0.13542630 -0.08553164
v -0.08016999 0.78044039 0.12190565
v 0.07032290 -0.52371138 -0.25890055
v -0.25969681 -0.40334111 -0.06714991
v 0.13783857 -0.18577240 -0.23024495
v -0.23212193 -0.20740123 -0.13482071
v -0.18935871 -0.09951342 0.19105418
v 0.11659038 0.37497652 -0.00492025
v 0.25702953 0.02682952 -0.07609522
v -0.01134134 -0.00658240 0.26814103
v 0.00180806 -0.07456253 0.26845947
v 0.13647568 -0.74428767 -0.23082192
v -0.13830487 0.47120339 -0.02341680
v -0.18987261 -0.11804579 -0.19049734
v -0.05544157 0.21209934 0.21009432
v 0.02464247 0.65272564 0.14142418
v -0.02251950 0.62924242 0.07651573
v 0.21148723 -0.92844534 0.13974635
v 0.21429513 0.11364840 -0.12338827
v 0.07854468 0.37210682 -0.14834726
v 0.11063584 -0.75871265 0.24373677
v 0.19062358 -0.61737931 0.18982221
v -0.07085112 -0.49586144 0.25877491
v -0.23214559 -0.59382540 -0.13478027
v 0.13368078 -0.30249542 0.23278704
v -0.09684683 0.49240381 0.10262468
v -0.00120606 0.16190401 -0.15087529
v 0.15865479 0.18657857 0.15964787
v -0.06681213 0.43443066 0.07675504
v -0.11312951 -0.87558717 0.24265990
v -0.02702479 0.38033801 0.16328259
v 0.23250370 -0.03435085 -0.13416280
v -0.02697980 0.21015558 0.15891272
v 0.22745113 0.17871265 0.00034198
v 0.18974595 0.10009536 0.16447590
v 0.02228395 0.40320471 -0.10067071
v -0.18965603 -0.58892393 -0.19066975
v 0.23198381 0.04419246 -0.13253447
v 0.23234245 -0.72503108 0.13440107
v -0.00120156 0.18759426 0.22486775
v 0.03744980 0.03343080 -0.26512870
v 0.26271021 -0.30286059 -0.05606817
v 0.13244653 0.67142278 0.05784333
v 0.19023995 -0.10006785 0.19016747
v -0.19094235 -0.32083201 -0.18948174
v -0.26430130 -0.69090879 -0.04414884
v -0.04194496 0.55013651 0.13586791
v 0.03575006 0.51806998 0.06572346
v -0.11065891 0.20479701 0.18968695
v -0.08045269 -0.77976841 -0.25544375
v -0.00098516 0.76552916 0.09436561
v -0.18985237 -0.82358712 0.19046138
v -0.06853253 -0.53724945 -0.25936070
v 0.00056921 -0.63101441 -0.26844975
v -0.01270968 0.25184217 0.20478953
v 0.13622965 -0.07118808 0.23123458
v 0.01716895 0.55755240 0.08159979
v -0.01416370 0.13721453 -0.12799172
v -0.04306864 0.48661804 0.05623597
v -0.14647485 -0.83785892 -0.22439359
v 0.06981070 -0.03606605 -0.25899252
v 0.06914696 -0.19459260 -0.25919434
v 0.02568370 0.68582559 0.07477704
v 0.01176728 0.13560568 0.12672192
v -0.26073211 -0.76152486 -0.06323417
v 0.26016590 -0.12711200 0.06579895
v -0.01416101 0.92798841 0.10304164
v -0.13034686 0.55839998 0.05741329
v 0.00595338 0.30565110 -0.18848048
v 0.18982165 -0.06672172 -0.19057766
v 0.06593148 -0.40459889 -0.26009506
v 0.17099327 -0.55996156 0.20567577
v -0.07509229 0.56326586 -0.02379694
v -0.11045677 0.46895823 -0.08778755
v 0.13779765 -0.79972029 0.23013565
v 0.10152449 0.55243737 -0.09933710
v -0.15628928 0.37558016 0.05829519
v -0.10415414 0.60020012 0.09819883
v -0.06879792 0.94084275 0.11089867
v -0.12501155 -0.93363905 0.21331085
v 0.07203174 0.09815246 0.24136883
v 0.19253454 -0.76317155 0.18767209
v 0.26827762 -0.79743099 0.00432195
v -0.18091023 0.21549627 -0.11786567
v -0.10370711 0.85039276 0.10425161
v -0.26162207 -0.47524005 0.06068859
v 0.13387309 -0.94355357 -0.16531304
v 0.07345809 0.58505160 0.02976782
v -0.26133201 -0.69857299 0.06097650
v -0.22578953 0.13497663 -0.08178794
v 0.11285786 0.68656099 0.09026409
v -0.02574488 0.25977498 -0.20062022
v -0.12520632 0.33526915 0.02632891
v -0.13142939 -0.25487047 -0.23410481
v -0.05623822 -0.92462116 -0.25076997
v -0.01918169 0.21971169 -0.13608243
v -0.26834357 -0.56358570 -0.00006496
v -0.18016507 0.25382063 0.09605465
v -0.15853588 -0.92793876 -0.19830078
v -0.19246499 -0.48376349 -0.18780217
v 0.26034826 -0.05312887 0.06506329
v -0.11041981 0.93380433 -0.08468675
v -0.23319586 -0.59994376 0.13299204
v -0.11602896 -0.94334823 0.19358401
v 0.07365511 -0.79625928 -0.25766274
v -0.13596240 -0.53231430 0.23141104
v -0.01147126 -0.94353306 -0.21835431
v -0.26033801 -0.61887300 -0.06499542
v -0.19034861 -0.22216533 0.19015040
v -0.07722303 -0.89323419 0.25537729
v 0.23254599 -0.49422204 0.13409136
v 0.23483154 -0.57503796 0.12990740
v 0.16069542 0.31557903 -0.09267505
v 0.05716503 0.83071405 -0.13532978
v -0.06688203 0.34829354 -0.08856244
v -0.07330318 0.40497354 0.08187558
v 0.00176947 -0.41368133 0.26847130
v 0.03978251 0.25722209 -0.19922444
v -0.07829844 0.33413556 0.16148384
v -0.01267350 0.48795912 -0.08401343
v 0.23534323 -0.16809194 -0.12908347
v 0.00056068 -0.74905115 0.26843622
v 0.13325128 -0.49419352 0.23309354
v 0.14360611 0.74311775 0.02190016
v -0.26017523 -0.06794700 -0.06559068
v -0.00636892 -0.92355871 -0.25666398
v -0.05873615 0.15413645 0.22722247
v -0.18970332 -0.04807459 0.19073638
v -0.01725923 0.52165294 -0.14031564
v 0.23188512 -0.01625856 0.13525045
v -0.05977061 0.50028038 -0.03913980
v 0.13230057 -0.01697161 0.23365134
v -0.07733107 0.42463386 -0.13088581
v -0.09430042 0.56822240 -0.00090873
v -0.13937430 -0.47529441 -0.22928563
v -0.14240855 0.23716490 0.15401356
v 0.26044118 -0.69654047 -0.06463993
v -0.23265688 -0.54148549 0.13405128
v -0.10855475 0.52639353 0.09158437
v -0.03427779 0.91002464 0.07421417
v 0.23182550 -0.22930041 -0.13545379
v -0.21677889 -0.94229239 -0.08929644
v -0.10522190 0.30444768 -0.15617231
v 0.02360314 -0.94209778 -0.23662993
v 0.08479968 0.53518444 0.00468091
v 0.12822565 -0.94355786 0.15661852
v 0.25969443 -0.51827568 0.06733264
v -0.23293941 -0.18444268 0.13354690
v 0.03482080 -0.90040064 -0.26368245
v -0.20135634 0.16888972 0.11209074
v 0.25950259 -0.43814456 0.06800584
v -0.02880221 0.13550237 -0.10791017
v 0.18904327 -0.00140008 0.19141434
v -0.11913990 0.71091360 0.08235330
v 0.07273559 0.36232546 -0.08127939
v -0.11006369 0.75413257 -0.09522312
v 0.06860228 -0.51335907 0.25933388
v -0.02226124 0.58219993 0.07677151
v -0.03670353 0.36918205 0.11090537
v 0.03302903 0.13803023 -0.12707435
v -0.10215113 0.29206413 -0.07744651
v -0.06456883 0.76738358 -0.13099188
v 0.03019779 0.16604926 -0.22893709
v -0.06574069 -0.94353062 0.20792675
v -0.26213700 -0.77380770 0.05666219
v 0.21076755 -0.94353098 0.04406679
v -0.17685392 -0.94355315 -0.10731640
v 0.10906886 0.23053193 0.18125002
v -0.00393002 -0.42099175 -0.26838794
v 0.00004878 -0.55059266 0.26845986
v 0.19001442 -0.71553433 0.19036357
v -0.13441454 0.12596865 -0.20258173
v -0.05161482 0.28975618 0.18629019
v -0.02991129 0.65277088 -0.06890331
v 0.14102764 0.49683475 -0.00412639
v -0.07059519 -0.60338247 -0.25875852
v 0.05526759 0.49253872 -0.12960494
v 0.04161227 0.13553600 -0.08398440
v -0.26006436 -0.15341452 -0.06613670
v -0.26827416 -0.73283678 0.00348516
v -0.03259684 0.60428703 0.13919589
v 0.23242901 -0.41907889 0.13428128
v 0.13292645 -0.71341515 0.23319785
v 0.12673511 -0.55419618 0.23633644
v 0.08529073 0.81264997 0.00429092
v -0.08563534 0.37025845 -0.07183485
v -0.06584877 -0.66417211 0.26015043
v -0.13475063 -0.33955684 0.23218974
v -0.26506761 -0.30394837 -0.04414621
v 0.09062187 0.28917348 -0.09158079
v -0.18813817 -0.69459999 0.19216074
v -0.12963332 0.04341077 -0.23335291
v 0.26456660 -0.29350835 0.04691687
v 0.26837578 -0.51745236 -0.00359073
v 0.08408193 0.79450172 0.01410364
v 0.25707641 -0.86830968 0.07563181
v 0.13703769 0.63167512 0.04256903
v 0.18931435 -0.21739279 -0.19100711
v 0.13437180 -0.56504172 -0.23232028
v -0.06576638 0.80299181 -0.13109510
v 0.05757839 0.15931728 0.22598033
v -0.13455354 -0.16044931 0.23231322
v 0.04169736 0.83018208 0.14022732
v -0.00311593 -0.69559717 -0.26838195
v 0.19645312 0.18351854 -0.11172447
v 0.20621690 0.15041049 0.11478733
v -0.18354878 0.03130301 -0.19602397
v -0.07169217 -0.66452688 -0.25847769
v 0.06350137 -0.79137212 0.26055303
v -0.22743101 -0.94333988 -0.02292817
v 0.19035502 -0.30201885 0.19010814
v -0.13406353 -0.57916677 -0.23256001
v -0.00165951 -0.25487468 -0.26844552
v -0.18778849 -0.93362021 -0.16247323
v -0.18758608 -0.53524244 -0.19265206
v 0.11332124 0.35581896 -0.03261964
v -0.18905413 -0.80932146 -0.19112179
v 0.13582022 0.19451386 -0.07065888
v 0.18908356 -0.39596596 0.19135731
v 0.00003309 -0.28368062 0.26846305
v -0.14137624 0.57053018 0.01569072
v -0.26827189 -0.80012488 -0.00141687
v 0.00889281 0.51198781 0.08766814
v 0.06867667 -0.26490125 -0.25927547
v -0.13339722 0.06464843 0.22634497
f 594 1989 1212
f 594 996 1989
f 552 996 1874
f 1989 996 552
f 552 1321 1989
f 996 1574 1874
f 566 806 581
f 566 581 701
f 1046 870 899
f 806 1046 899
f 1985 581 899
f 581 806 899
f 581 1985 701
f 72 870 1046
f 899 870 735
f 899 735 1985
f 72 713 345
f 1917 72 345
f 870 72 1917
f 1917 735 870
f 1212 382 1348
f 1348 345 713
f 713 1212 1348
f 1942 1348 382
f 1942 345 1348
f 1917 345 1942
f 735 1917 1942
f 1989 1321 382
f 382 1212 1989
f 1942 382 1321
f 1574 996 594
f 733 1574 594
f 733 594 1727
f 733 1727 1057
f 1992 733 1057
f 1378 893 1057
f 893 1992 1057
f 1026 1874 1574
f 824 1574 733
f 733 1835 824
f 1992 1835 733
f 1118 1835 1992
f 893 1118 1992
f 786 1118 893
f 802 566 34
f 34 577 802
f 1997 577 34
f 1840 577 1997
f 1955 1840 1997
f 72 1046 1294
f 617 72 1294
f 1294 1046 806
f 802 1294 806
f 806 566 802
f 416 617 1294
f 577 1294 802
f 416 1294 577
f 1840 1378 416
f 1840 416 577
f 1727 713 617
f 617 713 72
f 416 1727 617
f 1057 1727 416
f 1057 416 1378
f 1212 713 1727
f 594 1212 1727
f 1747 893 1378
f 1747 1291 893
f 1260 1596 1291
f 1260 1291 1747
f 1596 1260 1799
f 1799 1812 1596
f 1291 786 893
f 1291 1182 786
f 1596 1620 1182
f 1596 1182 1291
f 1812 1620 1596
f 1821 1840 1955
f 1758 1883 1821
f 592 1378 1840
f 592 1840 1821
f 1883 1260 592
f 1883 592 1821
f 592 1747 1378
f 1747 592 1260
f 1799 1260 1883
f 1477 1812 1799
f 1477 1990 1812
f 1875 1990 1477
f 1987 1620 1812
f 1990 1987 1812
f 1875 1910 1300
f 1875 1300 1990
f 1872 1883 1758
f 1872 986 1883
f 986 1872 1671
f 986 1799 1883
f 1671 993 986
f 993 1477 986
f 986 1477 1799
f 993 1875 1477
f 1308 1875 993
f 1693 1308 1753
f 1910 1875 1308
f 1308 1660 1910
f 1693 1660 1308
f 1614 1660 1693
f 1820 1614 1693
f 1567 1614 1820
f 1779 1671 1467
f 865 1779 1467
f 1779 993 1671
f 1964 1314 1779
f 1964 1779 865
f 1779 1753 993
f 1314 1753 1779
f 1753 1308 993
f 1314 1693 1753
f 1820 1693 1314
f 914 1820 1314
f 914 554 1820
f 1455 554 914
f 1781 1032 1455
f 554 1567 1820
f 1455 1869 554
f 1032 1399 1455
f 1764 1545 1964
f 1954 1545 1764
f 1486 1954 1764
f 1964 914 1314
f 1545 914 1964
f 1954 1781 1545
f 1545 1781 914
f 1440 1781 1954
f 1781 1455 914
f 1440 1032 1781
f 1440 1789 1032
f 526 949 1789
f 949 526 1592
f 1789 1482 1032
f 949 1535 1789
f 1452 949 1592
f 1656 1900 1486
f 1900 526 1440
f 1900 1440 1954
f 1900 1954 1486
f 1672 1900 1515
f 1900 1656 1515
f 526 1900 1672
f 526 1789 1440
f 1592 526 1672
f 1321 552 485
f 1874 1026 628
f 1874 628 485
f 485 552 1874
f 1345 485 628
f 1345 1321 485
f 1250 1390 628
f 628 1026 1250
f 1026 56 1250
f 1345 628 1390
f 1250 56 908
f 1250 908 1363
f 1250 1363 1390
f 908 666 1363
f 908 921 666
f 1390 1363 563
f 1345 1390 563
f 666 1870 1374
f 1363 666 1374
f 1374 563 1363
f 563 1374 1405
f 1405 1374 1870
f 1405 1217 1882
f 563 1405 1882
f 1217 1405 833
f 1405 1870 833
f 1870 614 833
f 833 1901 1217
f 614 1901 833
f 1345 1942 1321
f 824 56 1026
f 1574 824 1026
f 1835 1529 824
f 1118 1529 1835
f 921 908 56
f 921 56 824
f 1529 921 824
f 1825 1529 1118
f 786 1825 1118
f 921 313 666
f 313 1870 666
f 1529 313 921
f 1529 1754 313
f 1754 1529 1825
f 832 1754 1825
f 614 1870 313
f 851 614 313
f 1754 851 313
f 832 1695 1754
f 1695 851 1754
f 786 1347 1825
f 1182 1347 786
f 1182 1983 1347
f 1620 1983 1182
f 1620 1951 1983
f 1347 832 1825
f 1983 1979 1347
f 1979 832 1347
f 1829 1979 1983
f 1951 1829 1983
f 1300 1987 1990
f 1951 1620 1987
f 1300 1828 1987
f 473 1300 1910
f 1828 1951 1987
f 1300 473 1828
f 473 1544 1828
f 1951 1392 1829
f 1392 1951 1828
f 1544 1392 1828
f 473 1910 1660
f 1421 1660 1614
f 1660 1421 473
f 1421 1614 1567
f 1400 1421 1567
f 1421 1944 473
f 461 1421 1400
f 1944 1544 473
f 461 1944 1421
f 1869 1567 554
f 1455 1399 1869
f 1482 1399 1032
f 1400 1567 1869
f 1399 1436 1869
f 1436 1400 1869
f 1482 1436 1399
f 1482 1681 1436
f 1988 1400 1436
f 1681 1769 1436
f 1400 1988 461
f 1769 1988 1436
f 1535 1482 1789
f 949 1452 1535
f 1535 1681 1482
f 1452 1702 1535
f 1535 1702 1681
f 1452 1325 1702
f 1325 1423 1702
f 1702 1202 1681
f 1681 1202 1769
f 1423 1202 1702
f 566 701 1636
f 1636 1539 566
f 1539 1636 623
f 579 623 352
f 1539 623 579
f 701 1985 465
f 1636 701 465
f 623 465 1775
f 623 1636 465
f 352 1775 1615
f 352 623 1775
f 238 352 1615
f 238 579 352
f 238 812 579
f 422 812 238
f 414 422 892
f 812 422 414
f 465 1985 1775
f 496 238 1615
f 1074 422 496
f 422 238 496
f 1488 1074 421
f 1488 892 422
f 1488 422 1074
f 892 1488 961
f 362 496 1615
f 362 1074 496
f 421 1074 362
f 1488 421 700
f 961 1488 700
f 195 961 700
f 1615 1775 362
f 421 362 1773
f 1773 700 421
f 195 700 1773
f 195 1773 1358
f 1985 735 1775
f 1358 1773 1546
f 670 961 116
f 116 961 195
f 1413 670 116
f 781 116 1358
f 116 195 1358
f 123 116 781
f 1413 116 123
f 739 781 1546
f 781 1358 1546
f 739 123 781
f 123 739 355
f 1183 1413 123
f 1183 123 355
f 894 1183 355
f 566 1539 34
f 413 34 1539
f 1561 34 413
f 1997 34 1561
f 1940 1997 1561
f 1940 1955 1997
f 1539 579 413
f 413 579 812
f 1069 413 414
f 413 812 414
f 1069 1561 413
f 1561 1069 1746
f 1746 1940 1561
f 1014 1940 1746
f 414 892 875
f 875 892 961
f 1069 414 875
f 516 1069 875
f 1069 516 1746
f 1014 1746 1508
f 1746 516 1508
f 875 961 670
f 516 875 670
f 670 1413 489
f 516 670 489
f 1827 516 489
f 869 1508 1827
f 1508 516 1827
f 1326 1508 869
f 489 1413 1183
f 402 489 1183
f 1295 1827 489
f 1295 489 402
f 869 1827 1295
f 869 1295 1742
f 1742 1326 869
f 1758 1821 1955
f 1864 1758 1955
f 1955 1940 1864
f 1864 1940 1014
f 1864 1014 1600
f 1758 1864 1444
f 1444 1864 1600
f 1716 1014 1508
f 1600 1014 1716
f 1878 1444 1600
f 1878 1600 1265
f 1600 1716 1265
f 1326 1716 1508
f 1966 1716 1326
f 1265 1716 1966
f 1265 1966 1225
f 1265 1225 347
f 1966 1326 1497
f 1225 1966 640
f 1872 1758 1444
f 1872 1444 1734
f 1872 1734 1861
f 1671 1872 1861
f 1861 1467 1671
f 1734 1444 1878
f 1734 1913 657
f 1861 1734 657
f 1734 1878 1913
f 657 1913 1683
f 347 1878 1265
f 1756 1878 347
f 1913 1878 1756
f 1683 1913 1756
f 1483 657 1683
f 347 1225 1589
f 1881 1756 1589
f 1756 347 1589
f 1683 1756 1881
f 1483 1683 771
f 865 1467 1739
f 1682 1964 865
f 1469 1861 657
f 1739 1467 1861
f 1739 1861 1469
f 1682 865 1739
f 1682 1739 1608
f 1608 1739 1469
f 1483 1469 657
f 1676 1469 1476
f 1676 1608 1469
f 1476 1469 1483
f 1585 1608 1676
f 1619 1476 1483
f 1963 1476 1619
f 1963 1676 1476
f 1963 1585 1676
f 1964 1682 1764
f 1648 1764 1682
f 1124 1764 1648
f 1486 1764 1124
f 1021 1682 1608
f 1021 1648 1682
f 1124 1648 1923
f 1923 1648 1021
f 1585 1021 1608
f 1884 1923 1021
f 1021 1585 1884
f 1923 1884 1531
f 1585 1963 602
f 1585 602 1341
f 1884 1585 1341
f 1884 1341 1977
f 1531 1884 1977
f 436 1486 1124
f 1656 1486 436
f 1088 436 1124
f 436 1088 1723
f 1736 436 1723
f 1088 1124 1923
f 1088 1923 1531
f 1305 1736 1723
f 1782 1088 1531
f 1723 1088 1782
f 1903 1723 1782
f 1305 1723 1903
f 1752 1531 1977
f 1752 1782 1531
f 1208 1782 1752
f 1208 1903 1782
f 1084 1305 1208
f 1305 1903 1208
f 362 1775 735
f 1546 1773 362
f 1939 1402 1546
f 362 735 1942
f 1921 1942 1345
f 1921 362 1942
f 1546 362 1921
f 1546 1921 1939
f 1402 739 1546
f 400 739 1402
f 355 739 400
f 894 355 400
f 1879 400 1402
f 1855 400 1879
f 1855 894 400
f 830 894 1855
f 138 894 830
f 214 1879 630
f 1855 1879 214
f 214 830 1855
f 830 214 337
f 809 214 630
f 751 214 809
f 337 214 751
f 1879 1402 1939
f 630 1879 1939
f 1939 809 630
f 37 809 1939
f 37 751 809
f 440 751 37
f 440 337 751
f 37 1939 1128
f 37 1128 174
f 174 440 37
f 52 440 174
f 174 1128 707
f 1160 174 707
f 1160 52 174
f 1479 365 1939
f 365 1128 1939
f 707 1128 365
f 707 365 1380
f 707 1380 1226
f 1226 1160 707
f 138 402 894
f 402 1183 894
f 1805 402 138
f 1295 402 1805
f 1742 1295 1454
f 1805 830 337
f 1805 138 830
f 1454 1295 1805
f 1742 1454 884
f 1805 337 1885
f 1644 1805 1885
f 1454 1805 1644
f 1885 337 440
f 884 1454 1644
f 1885 440 52
f 1885 52 1644
f 52 1160 1135
f 1644 52 1135
f 1102 1644 1135
f 1102 884 1644
f 884 1102 1897
f 1326 1742 1497
f 640 1966 1497
f 1461 1225 640
f 1589 1225 1461
f 1742 884 1497
f 1668 640 1497
f 640 1962 1461
f 1668 1497 884
f 1962 640 1668
f 1616 1461 1962
f 1897 1668 884
f 1668 1897 1091
f 1091 1962 1668
f 1343 1616 1962
f 1343 1962 1091
f 771 1683 1881
f 1589 1461 1616
f 1178 1881 1589
f 1798 1881 1178
f 1798 771 1881
f 1178 1589 1616
f 1595 771 1798
f 1178 1616 1945
f 1798 1178 1945
f 1798 1945 1231
f 1231 1595 1798
f 1945 1616 1343
f 1619 1483 771
f 1619 771 1595
f 1523 1963 1619
f 1523 1619 1595
f 693 1963 1523
f 1892 1595 1231
f 1523 1595 1892
f 1523 1892 1670
f 1670 693 1523
f 1995 693 1670
f 602 1963 693
f 1341 602 1699
f 1977 1341 504
f 1699 602 693
f 504 1341 1699
f 1699 693 1995
f 1699 1995 1271
f 1271 504 1699
f 1216 504 1271
f 1562 1752 1977
f 944 1208 1752
f 944 1084 1208
f 1562 1977 504
f 944 1752 1562
f 1562 504 1216
f 1786 944 1562
f 944 1786 1785
f 1786 1562 1216
f 1982 1592 1138
f 1592 1672 1138
f 471 1982 1138
f 1138 800 471
f 1982 1452 1592
f 1947 471 800
f 1416 1515 1656
f 1398 1672 1515
f 1481 1398 1515
f 1481 1515 1416
f 404 1481 1416
f 404 1351 1481
f 1481 1094 1398
f 1865 1094 1481
f 1351 1865 1481
f 1398 1138 1672
f 1398 1094 1138
f 1865 499 1094
f 800 1138 1094
f 499 800 1094
f 499 1228 800
f 1299 1865 1351
f 1299 1351 1751
f 291 499 1865
f 291 1865 1299
f 455 291 1299
f 1573 1299 1751
f 1573 455 1299
f 1859 499 291
f 455 1859 291
f 1859 455 204
f 1238 455 1573
f 204 455 1238
f 1772 1859 204
f 289 1772 204
f 289 204 1238
f 411 1109 642
f 1109 348 642
f 348 450 632
f 348 1109 450
f 1109 411 587
f 611 450 1109
f 1859 1228 499
f 1109 587 995
f 995 611 1109
f 995 437 611
f 1609 1228 1859
f 1243 437 995
f 1609 1859 1772
f 289 1189 1772
f 48 289 1238
f 48 1238 1580
f 625 48 1580
f 1598 48 625
f 784 1189 289
f 48 784 289
f 1598 1085 48
f 1085 784 48
f 926 1085 1598
f 1967 1452 1982
f 1967 1982 471
f 471 216 1967
f 1947 216 471
f 1325 1452 1967
f 858 216 1947
f 216 1325 1967
f 1518 216 858
f 858 1629 1518
f 686 1325 216
f 1518 686 216
f 686 1423 1325
f 632 161 348
f 161 642 348
f 632 755 161
f 692 889 620
f 161 601 642
f 601 692 620
f 601 620 642
f 794 601 161
f 755 794 161
f 1371 179 264
f 264 941 1371
f 736 941 264
f 736 1019 941
f 692 1019 736
f 736 889 692
f 601 1019 692
f 601 794 1019
f 1371 827 314
f 1371 531 827
f 941 531 1371
f 941 497 531
f 1019 497 941
f 531 435 827
f 435 125 827
f 497 435 531
f 651 332 125
f 206 651 125
f 206 125 435
f 725 206 435
f 725 435 497
f 1430 1019 794
f 520 651 206
f 1063 520 206
f 1063 206 725
f 1927 1063 725
f 1927 725 497
f 497 1019 1430
f 91 520 1063
f 1833 91 1063
f 1833 1063 1927
f 466 1833 1927
f 1953 466 1927
f 497 1953 1927
f 1430 1953 497
f 1947 800 1228
f 21 1228 1609
f 1228 858 1947
f 21 858 1228
f 1609 1273 21
f 1453 1273 1609
f 1918 1273 1453
f 1349 858 21
f 1273 1349 21
f 1918 246 1273
f 1349 1629 858
f 1273 1867 1349
f 1867 1273 246
f 1349 1173 1629
f 1349 1867 1173
f 620 889 301
f 301 411 620
f 642 620 411
f 1582 301 303
f 301 113 303
f 1582 587 301
f 587 411 301
f 1582 995 587
f 1243 995 1582
f 1772 1453 1609
f 966 159 391
f 1453 1772 1189
f 179 303 264
f 303 113 264
f 113 889 736
f 736 264 113
f 113 301 889
f 303 179 215
f 303 215 560
f 1582 303 560
f 1110 1582 560
f 1377 1582 1110
f 1243 1582 1377
f 391 1243 1377
f 966 391 1377
f 1936 966 1377
f 1936 731 966
f 179 1371 314
f 970 179 314
f 179 970 215
f 86 690 838
f 690 970 838
f 690 215 970
f 560 215 690
f 560 690 517
f 560 517 1110
f 49 1377 1110
f 549 1377 49
f 1377 549 1936
f 1357 86 838
f 838 314 827
f 838 827 1357
f 838 970 314
f 690 86 130
f 517 690 130
f 1272 1110 517
f 49 1110 1272
f 332 1357 125
f 1357 827 125
f 1525 86 332
f 86 1357 332
f 130 86 1525
f 1049 517 130
f 1272 517 1049
f 49 1272 1049
f 694 549 49
f 332 651 1525
f 1871 1049 1525
f 130 1525 1049
f 694 49 1049
f 15 651 520
f 1525 651 15
f 1525 15 788
f 1525 788 1871
f 1049 1871 1025
f 1700 1049 1025
f 694 1049 1700
f 1802 15 91
f 15 520 91
f 788 15 1802
f 1025 1871 276
f 1700 1025 1741
f 1918 681 246
f 527 1266 681
f 681 248 246
f 1266 248 681
f 1844 1867 246
f 248 1844 246
f 1558 248 1266
f 1558 1266 1406
f 1406 761 1558
f 910 1189 784
f 162 1509 1085
f 1509 784 1085
f 1275 162 1085
f 926 1275 1085
f 1918 1453 1189
f 910 1918 1189
f 1662 731 1936
f 717 1264 1662
f 1264 731 1662
f 784 1509 910
f 448 1176 1264
f 448 1264 717
f 1159 1509 162
f 1262 162 1275
f 681 1918 527
f 527 1918 910
f 1083 717 1662
f 1509 527 910
f 1961 717 1083
f 1159 527 1509
f 305 717 1961
f 305 1141 717
f 1141 448 717
f 1148 1141 305
f 1262 1159 162
f 712 1141 1148
f 712 212 1141
f 1426 712 1148
f 1936 549 607
f 607 1662 1936
f 1662 607 1083
f 1159 1266 527
f 524 305 1961
f 524 1235 305
f 1148 305 1235
f 1162 1148 1235
f 1908 1159 1262
f 1262 678 1908
f 1426 1148 1162
f 607 549 694
f 1083 607 1890
f 1961 1083 1890
f 1961 1890 524
f 1908 1266 1159
f 10 1235 524
f 224 1235 10
f 224 1162 1235
f 1446 607 694
f 1446 1890 607
f 524 1890 836
f 1406 1266 1908
f 524 836 10
f 1583 1406 1908
f 478 1446 1700
f 1446 694 1700
f 1549 1890 1446
f 836 1890 1549
f 10 836 1090
f 224 10 1090
f 224 1090 1356
f 478 1700 1741
f 1446 478 1549
f 836 1549 1338
f 836 1338 1018
f 547 836 146
f 836 1018 146
f 547 1090 836
f 639 655 547
f 655 1090 547
f 1788 1275 926
f 1788 1712 1275
f 1788 926 964
f 1788 1633 1712
f 843 1633 1788
f 1788 1223 843
f 776 843 1601
f 1601 843 1996
f 1849 1262 1275
f 1712 1849 1275
f 1633 1849 1712
f 776 1163 1633
f 843 776 1633
f 776 1105 1163
f 1601 1105 776
f 1849 678 1262
f 1633 589 1849
f 1163 589 1633
f 1105 530 1163
f 1652 1426 1162
f 160 1426 1652
f 160 1168 1426
f 589 678 1849
f 616 160 1652
f 616 679 160
f 679 1168 160
f 616 134 679
f 1163 958 589
f 1370 1385 616
f 1385 134 616
f 530 958 1163
f 358 1370 1848
f 1848 98 358
f 1909 98 1848
f 928 530 1105
f 1236 480 1848
f 480 1909 1848
f 1583 1908 678
f 1376 1162 224
f 1376 1652 1162
f 589 1583 678
f 589 826 1583
f 1376 616 1652
f 1906 616 1376
f 826 589 958
f 1906 1370 616
f 1848 1370 1906
f 1499 958 530
f 928 1389 530
f 826 1774 1583
f 1627 1376 224
f 1906 1376 1627
f 1906 1627 111
f 1499 1904 826
f 1499 826 958
f 1056 1906 111
f 1848 1906 1056
f 1389 1499 530
f 840 1848 1056
f 624 1848 840
f 1583 1774 1406
f 61 1627 1356
f 1627 224 1356
f 1904 1774 826
f 111 1627 61
f 127 1056 111
f 1389 1255 1499
f 1774 761 1406
f 842 655 639
f 1356 1090 655
f 63 1895 842
f 1895 1356 842
f 1356 655 842
f 1895 61 1356
f 772 1895 63
f 724 61 1895
f 1895 772 724
f 111 61 724
f 127 111 724
f 1499 1255 1904
f 1056 127 578
f 840 1056 578
f 840 578 148
f 840 148 95
f 624 840 95
f 599 1040 1601
f 599 1601 1502
f 635 1040 599
f 1204 635 599
f 1219 1204 599
f 1219 954 1204
f 936 1204 954
f 954 1219 1524
f 793 1105 1040
f 1040 1105 1601
f 635 793 1040
f 1296 635 1204
f 936 1296 1204
f 793 928 1105
f 635 1762 793
f 635 1292 1762
f 1296 1292 635
f 1098 1296 1931
f 1931 1296 936
f 1762 883 928
f 1762 928 793
f 706 1236 1540
f 1540 328 706
f 1540 684 328
f 364 684 1540
f 364 28 684
f 363 28 364
f 1296 1719 1292
f 799 363 364
f 1098 1719 1296
f 799 364 1327
f 1327 1431 810
f 810 799 1327
f 1327 669 1431
f 883 1389 928
f 1236 1848 1540
f 1762 3 883
f 1292 3 1762
f 1719 744 3
f 1292 1719 3
f 1098 432 1719
f 1496 1540 624
f 1540 1848 624
f 1540 1496 1949
f 364 1540 1949
f 364 1949 194
f 898 364 194
f 432 744 1719
f 434 1327 898
f 1327 364 898
f 1333 1389 883
f 3 1333 883
f 1278 1949 1369
f 1949 1496 1369
f 744 1333 3
f 573 1949 1278
f 194 1949 573
f 555 744 432
f 1333 1255 1389
f 815 624 95
f 815 1496 624
f 1359 1496 815
f 1369 1496 1359
f 744 1551 1333
f 915 194 573
f 144 194 915
f 144 898 194
f 135 898 144
f 135 434 898
f 137 434 135
f 1534 1677 954
f 1677 936 954
f 1534 954 1524
f 1015 1677 1534
f 1015 1534 760
f 844 1015 760
f 844 1290 1015
f 1677 1931 936
f 1015 1507 1677
f 1417 1507 1015
f 1417 1015 1290
f 1717 918 1417
f 1290 1717 1417
f 1677 1198 1931
f 1507 1198 1677
f 1417 1241 569
f 1417 569 1507
f 918 1241 1417
f 984 669 1327
f 558 669 984
f 1937 1098 1198
f 1198 1098 1931
f 795 558 984
f 109 795 984
f 109 984 1514
f 1514 1340 109
f 1340 913 109
f 569 1975 1198
f 1507 569 1198
f 1340 81 913
f 1501 81 1340
f 1501 541 81
f 1501 180 541
f 180 1501 886
f 886 77 180
f 918 443 1241
f 1445 1432 886
f 1432 77 886
f 1937 432 1098
f 1975 1937 1198
f 770 1975 569
f 51 1501 1514
f 1501 1340 1514
f 1241 770 569
f 1564 770 1241
f 1501 51 886
f 443 1564 1241
f 1445 886 1089
f 1327 434 1593
f 984 1327 1593
f 1514 984 1593
f 1489 1514 1593
f 1593 1024 1489
f 51 1514 1489
f 770 888 1975
f 1578 51 1634
f 1578 1089 51
f 1089 886 51
f 1937 1642 432
f 1642 555 432
f 434 137 1593
f 1642 1937 1975
f 1975 888 1642
f 51 1489 459
f 449 51 459
f 1537 888 770
f 1634 51 449
f 1537 770 1564
f 222 1537 1564
f 1578 1634 508
f 618 1593 137
f 173 1024 618
f 1024 1593 618
f 96 1024 173
f 96 1489 1024
f 982 459 96
f 459 1489 96
f 449 459 1242
f 459 982 1242
f 326 449 1242
f 326 1634 449
f 905 326 708
f 1634 326 905
f 222 1696 1537
f 905 708 221
f 508 905 221
f 508 1634 905
f 922 942 1290
f 922 1290 844
f 922 844 397
f 942 922 23
f 9 23 922
f 1055 278 397
f 278 9 922
f 278 922 397
f 942 1717 1290
f 1877 83 1717
f 263 1717 942
f 263 1877 1717
f 23 263 942
f 23 1001 1541
f 1541 263 23
f 9 1001 23
f 9 69 1001
f 278 69 9
f 777 69 278
f 1055 777 278
f 1717 110 918
f 83 110 1717
f 263 674 1877
f 777 199 69
f 777 1547 823
f 823 199 777
f 805 83 1877
f 636 805 1877
f 636 1877 674
f 674 263 1541
f 1001 619 1541
f 932 674 1541
f 619 932 1541
f 619 199 773
f 69 619 1001
f 69 199 619
f 110 443 918
f 367 1432 1445
f 367 353 1131
f 1131 1432 367
f 110 1680 443
f 83 132 110
f 132 1680 110
f 199 823 773
f 823 298 219
f 219 591 773
f 823 219 773
f 367 1445 298
f 32 367 298
f 1547 32 823
f 32 298 823
f 32 353 367
f 1547 353 32
f 805 132 83
f 596 805 636
f 591 149 596
f 932 596 636
f 636 674 932
f 591 596 932
f 591 932 773
f 932 619 773
f 801 1564 443
f 1680 1324 801
f 1680 801 443
f 1680 1361 1324
f 591 868 149
f 868 205 149
f 205 1445 1089
f 219 1445 205
f 219 205 868
f 868 591 219
f 298 1445 219
f 1361 57 1324
f 1361 1680 132
f 1361 132 805
f 445 1361 805
f 805 4 445
f 4 596 1233
f 4 805 596
f 596 149 1233
f 222 1564 801
f 990 1089 1578
f 124 222 801
f 1579 124 801
f 1579 801 1324
f 1233 990 559
f 205 1089 990
f 205 990 1233
f 205 1233 149
f 57 720 1324
f 720 1579 1324
f 540 720 57
f 540 243 252
f 243 559 252
f 4 243 445
f 243 540 57
f 57 1361 445
f 243 57 445
f 243 1233 559
f 4 1233 243
f 1214 990 1578
f 124 1249 222
f 124 242 1249
f 1579 544 124
f 544 490 242
f 544 242 124
f 559 390 252
f 390 732 252
f 990 1214 559
f 1214 390 559
f 544 1579 720
f 732 490 544
f 544 720 540
f 540 732 544
f 732 540 252
f 1249 1696 222
f 508 221 525
f 580 542 525
f 525 1578 508
f 542 1214 1578
f 542 1578 525
f 242 1354 1249
f 929 1354 242
f 490 929 242
f 732 929 490
f 835 929 732
f 835 542 580
f 542 835 732
f 542 732 390
f 542 390 1214
f 1656 436 1234
f 1234 1416 1656
f 1234 436 1736
f 404 1416 1234
f 404 1234 1725
f 1559 1234 1736
f 1559 1725 1234
f 1245 1725 1559
f 1351 404 752
f 752 404 1725
f 1725 1245 752
f 1728 1559 1736
f 1728 1736 1305
f 1365 1559 1728
f 1245 1559 1365
f 1365 177 1245
f 1084 1728 1305
f 2000 1728 1084
f 1365 1728 2000
f 1751 1351 752
f 1925 752 1245
f 1751 752 1550
f 1550 752 1925
f 1550 1573 1751
f 1237 1550 1925
f 1873 1550 1237
f 1221 1573 1550
f 1873 1221 1550
f 1221 1238 1573
f 1580 1238 1221
f 450 241 632
f 1925 1245 177
f 611 241 450
f 611 468 241
f 927 1925 177
f 437 1705 611
f 1705 468 611
f 1237 1925 927
f 1485 1221 1873
f 643 632 241
f 475 643 241
f 475 241 468
f 475 468 1180
f 474 475 1180
f 1099 474 1180
f 872 341 1099
f 1705 1180 468
f 472 1180 1705
f 1099 1180 472
f 424 1099 472
f 872 1099 424
f 1097 424 472
f 901 437 1243
f 1705 437 901
f 472 1705 901
f 848 472 901
f 1237 927 1911
f 901 1243 391
f 391 159 901
f 1873 1237 1911
f 1059 1873 1911
f 1485 1873 1059
f 1649 1580 1221
f 1485 1649 1221
f 1649 625 1580
f 1042 1649 1485
f 625 1649 1852
f 1852 1649 1042
f 1730 926 625
f 926 1598 625
f 1730 625 1852
f 643 755 632
f 475 373 643
f 373 755 643
f 755 1194 794
f 373 1194 755
f 251 1248 373
f 1248 1194 373
f 900 1248 232
f 232 980 900
f 1194 1430 794
f 1248 1430 1194
f 900 1430 1248
f 535 900 980
f 1495 1430 900
f 900 535 1495
f 1277 1495 535
f 1277 535 295
f 295 387 1277
f 357 1430 1495
f 1277 357 1495
f 1277 1052 357
f 387 1052 1277
f 476 1052 387
f 476 622 1052
f 1365 2000 1301
f 1301 177 1365
f 321 177 1301
f 1145 2000 1084
f 1084 944 1145
f 1145 458 2000
f 1301 2000 458
f 1902 321 1301
f 1902 1301 458
f 1145 944 1785
f 1337 1145 1785
f 458 1145 1337
f 1420 458 1337
f 1902 458 1420
f 476 444 622
f 475 474 373
f 474 251 373
f 341 251 1099
f 251 474 1099
f 872 702 232
f 232 251 341
f 872 232 341
f 872 1729 702
f 1729 872 424
f 1097 1729 424
f 1097 472 848
f 159 848 901
f 976 1097 848
f 159 966 1066
f 1171 848 159
f 1171 380 848
f 380 976 848
f 731 1066 966
f 1066 1171 159
f 232 1248 251
f 1285 232 702
f 1729 1285 702
f 1729 917 1285
f 917 1186 1285
f 1729 845 917
f 845 1729 1097
f 976 845 1097
f 1252 976 380
f 1171 452 380
f 319 1252 380
f 452 319 380
f 980 232 1285
f 1186 980 1285
f 258 980 1186
f 1519 1186 917
f 1519 917 845
f 1252 845 976
f 258 535 980
f 359 295 535
f 258 359 535
f 1186 288 258
f 288 359 258
f 288 1043 359
f 288 1186 1519
f 1519 253 288
f 1043 288 253
f 845 1252 1519
f 1252 253 1519
f 631 387 295
f 1043 631 359
f 631 295 359
f 1043 1606 631
f 253 867 1043
f 867 1606 1043
f 867 253 429
f 429 253 1252
f 1313 429 1252
f 1313 1252 319
f 1127 1313 319
f 631 659 387
f 107 429 1313
f 1708 107 1313
f 1127 1708 1313
f 1127 1100 1708
f 927 177 321
f 1824 1911 927
f 1824 927 321
f 1408 1059 1911
f 1039 1911 1824
f 1039 1408 1911
f 1824 321 1790
f 1790 321 1902
f 1039 1824 1790
f 1408 1039 1948
f 659 476 387
f 1606 659 631
f 867 749 1606
f 749 867 429
f 1808 749 429
f 1830 1039 1790
f 1039 1830 1948
f 659 491 476
f 1606 491 659
f 1606 749 491
f 749 699 491
f 1713 699 749
f 1790 1902 1815
f 1571 1808 429
f 1571 429 107
f 444 476 491
f 699 444 491
f 699 210 444
f 1815 1902 1420
f 699 1713 210
f 1713 749 1808
f 118 1713 1808
f 1571 118 1808
f 1830 1790 1815
f 1738 1948 1830
f 447 1066 731
f 447 1171 1066
f 1521 1485 1059
f 447 731 1264
f 1485 1521 1042
f 1176 447 1264
f 1150 1852 1042
f 1607 1730 1852
f 1607 1852 1150
f 1730 964 926
f 634 964 1730
f 634 1730 1607
f 1059 1408 1521
f 1868 1171 447
f 452 1171 1868
f 1868 1611 452
f 1868 447 1176
f 557 1042 1521
f 448 1527 1176
f 1527 1868 1176
f 1527 1611 1868
f 1150 1042 557
f 1141 212 1527
f 1141 1527 448
f 1500 1150 557
f 1607 1150 280
f 452 198 319
f 1611 198 452
f 1570 198 1611
f 1023 1570 1611
f 1527 1522 1611
f 1522 1023 1611
f 1522 1527 212
f 877 1023 1522
f 712 1281 212
f 1281 1522 212
f 192 1522 1281
f 280 1150 1500
f 1426 1041 712
f 1041 1281 712
f 280 1500 1126
f 198 1570 319
f 1317 1023 877
f 1350 1500 557
f 877 1522 192
f 1891 1317 877
f 1891 877 192
f 84 1281 1041
f 84 192 1281
f 1126 1177 280
f 1570 1009 319
f 1127 319 1009
f 1317 1570 1023
f 1891 192 1804
f 1500 1350 1126
f 1804 192 84
f 1009 1570 1317
f 1934 1009 1317
f 839 1009 1934
f 1317 1768 1934
f 1891 1768 1317
f 1804 1297 1768
f 1804 1768 1891
f 1588 1126 1350
f 1297 1804 338
f 1009 931 1127
f 839 931 1009
f 672 1934 1768
f 931 1618 1127
f 1618 1100 1127
f 931 1011 1618
f 839 1011 931
f 1934 999 839
f 999 1011 839
f 672 999 1934
f 1297 759 1768
f 759 672 1768
f 1297 1484 30
f 1297 30 759
f 1894 1521 1408
f 557 1521 1894
f 1350 557 1894
f 1894 1408 1948
f 1894 1948 1665
f 1894 1665 1806
f 1806 1350 1894
f 1588 1350 1806
f 1738 1665 1948
f 1167 1588 1806
f 1223 1788 964
f 1223 964 634
f 1223 634 506
f 1843 1223 506
f 1996 843 1223
f 1996 1223 1843
f 1209 1996 1843
f 1607 280 864
f 634 1607 864
f 634 864 506
f 1914 1843 506
f 1136 1843 1914
f 1843 1136 1853
f 1853 1209 1843
f 1168 1041 1426
f 864 280 1177
f 1801 864 1177
f 1801 506 864
f 1914 506 1801
f 1168 978 1041
f 978 84 1041
f 779 1177 1126
f 679 978 1168
f 779 1801 1177
f 1196 978 679
f 134 1196 679
f 1385 1196 134
f 1385 1179 1196
f 595 1914 1801
f 358 1179 1370
f 1179 1385 1370
f 98 27 358
f 27 1179 358
f 1914 595 1136
f 1086 1136 595
f 1909 27 98
f 27 1909 480
f 1334 27 480
f 1030 1334 480
f 1853 1136 1086
f 218 1804 84
f 1588 779 1126
f 1047 84 978
f 1047 218 84
f 1047 978 1196
f 1196 950 1047
f 1179 950 1196
f 595 1801 779
f 779 260 595
f 27 1334 1179
f 218 338 1804
f 1834 338 218
f 779 1588 260
f 950 1834 218
f 218 1047 950
f 950 1382 1834
f 294 1382 950
f 595 260 1822
f 294 950 1179
f 1334 294 1179
f 1822 1086 595
f 1933 294 1334
f 1086 1822 1956
f 338 290 1484
f 1484 1297 338
f 1834 290 338
f 260 1588 769
f 1834 1382 290
f 1822 260 1424
f 1484 38 30
f 1588 1167 769
f 695 1484 290
f 38 1484 695
f 695 890 38
f 1382 695 290
f 1382 309 695
f 309 890 695
f 1424 260 769
f 819 309 1382
f 294 819 1382
f 168 819 294
f 1280 168 294
f 1822 1424 1125
f 562 1280 294
f 562 294 1933
f 374 562 1933
f 1956 1822 1125
f 1502 1601 1996
f 1502 1996 1209
f 1005 1502 1209
f 1384 599 1502
f 1384 1502 1005
f 1219 599 1384
f 1219 1384 1169
f 1384 1929 1169
f 1524 1219 1169
f 1005 1209 962
f 1929 1384 1005
f 100 1169 1929
f 962 1209 1853
f 1005 962 1463
f 1463 1929 1005
f 1929 1463 501
f 100 1929 501
f 1030 480 1236
f 706 1030 1236
f 1853 1086 1366
f 328 1030 706
f 328 1433 1030
f 962 1853 1366
f 684 1433 328
f 1360 962 1366
f 28 171 1433
f 28 1433 684
f 1360 1463 962
f 171 28 363
f 171 363 799
f 810 171 799
f 1463 876 501
f 669 895 1431
f 1433 1334 1030
f 876 1463 1360
f 1431 171 810
f 1431 895 171
f 501 876 1556
f 1792 1933 1334
f 1366 1086 1956
f 1792 1334 1433
f 171 1439 1433
f 1439 1792 1433
f 171 972 1439
f 895 972 171
f 919 1366 1956
f 1360 1366 919
f 971 876 1360
f 971 1360 919
f 1556 876 971
f 1556 971 1077
f 1792 532 1933
f 532 374 1933
f 1792 1437 1552
f 1552 532 1792
f 791 1437 1792
f 791 1792 1439
f 431 791 1439
f 1439 1174 389
f 389 431 1439
f 972 1174 1439
f 972 647 1174
f 972 935 647
f 1003 935 972
f 754 1534 1524
f 754 1524 1169
f 754 1169 1184
f 1199 754 1184
f 760 1534 754
f 1199 760 754
f 760 1199 299
f 299 1199 1106
f 844 760 1048
f 1048 760 299
f 1704 1048 299
f 299 1330 1704
f 100 1184 1169
f 1106 1199 1184
f 1106 1184 574
f 1330 299 1106
f 1330 1106 1860
f 574 1184 100
f 1860 1106 574
f 1432 131 77
f 722 1330 1860
f 1860 1147 722
f 895 669 558
f 1777 100 501
f 895 558 795
f 913 817 109
f 817 795 109
f 574 100 1777
f 81 817 913
f 1188 574 1777
f 541 19 81
f 19 817 81
f 1188 1860 574
f 180 19 541
f 1860 1188 923
f 77 1154 180
f 1154 19 180
f 1860 923 1147
f 1154 77 131
f 131 513 1154
f 1777 501 1556
f 795 817 895
f 1188 1777 767
f 923 1188 94
f 1154 513 19
f 1147 923 847
f 1638 972 895
f 817 1612 895
f 1638 895 1612
f 767 1777 1556
f 19 1612 817
f 94 1188 767
f 1707 1612 19
f 513 1707 19
f 1117 1707 513
f 847 923 94
f 767 1556 1077
f 329 1638 1612
f 329 1612 1707
f 1117 676 1707
f 676 1456 1707
f 881 847 94
f 1117 1915 55
f 55 676 1117
f 208 847 881
f 1003 972 1638
f 1638 1826 1003
f 1638 1487 1826
f 329 1487 1638
f 329 576 1487
f 767 1077 730
f 439 584 329
f 584 576 329
f 767 730 1490
f 439 329 1707
f 1707 740 439
f 94 767 1490
f 1456 740 1707
f 1456 590 740
f 881 94 1490
f 676 930 590
f 676 590 1456
f 55 951 676
f 951 930 676
f 169 208 881
f 112 844 1048
f 397 844 112
f 112 1048 871
f 871 1048 1704
f 114 871 1704
f 325 114 1704
f 1605 1055 397
f 1605 397 112
f 992 1605 112
f 992 112 871
f 783 20 114
f 20 992 871
f 20 871 114
f 325 783 114
f 1704 1330 75
f 75 325 1704
f 75 1330 722
f 873 75 722
f 1605 777 1055
f 203 777 1605
f 992 203 1605
f 992 493 568
f 568 203 992
f 20 493 992
f 783 627 493
f 783 493 20
f 325 866 128
f 128 627 783
f 325 128 783
f 873 866 75
f 866 325 75
f 157 493 627
f 128 157 627
f 1131 131 1432
f 353 31 322
f 322 131 1131
f 353 322 1131
f 722 1147 481
f 1547 31 353
f 245 31 1547
f 203 1547 777
f 203 245 1547
f 568 245 203
f 493 852 568
f 383 245 568
f 852 383 568
f 873 317 866
f 317 605 866
f 457 317 873
f 457 873 722
f 457 722 481
f 852 493 157
f 157 16 407
f 407 852 157
f 8 16 157
f 8 157 128
f 128 605 8
f 605 128 866
f 968 330 317
f 330 605 317
f 968 317 457
f 968 457 237
f 31 688 322
f 688 513 131
f 688 131 322
f 143 688 31
f 143 31 245
f 143 567 688
f 567 14 688
f 852 567 383
f 143 245 383
f 567 143 383
f 567 852 407
f 14 567 407
f 407 446 14
f 481 140 457
f 140 237 457
f 446 407 16
f 8 446 16
f 605 330 8
f 261 446 8
f 330 261 8
f 946 261 330
f 968 946 330
f 152 946 968
f 237 152 968
f 688 1284 513
f 1147 847 715
f 481 1147 715
f 837 715 847
f 14 1284 688
f 446 1443 14
f 1443 1284 14
f 261 1443 446
f 140 381 1854
f 381 140 715
f 140 481 715
f 837 381 715
f 261 746 1443
f 946 746 261
f 946 45 746
f 152 45 946
f 152 1854 734
f 734 45 152
f 237 140 1854
f 152 237 1854
f 1284 1117 513
f 553 1117 1284
f 257 1117 553
f 746 553 1443
f 553 1284 1443
f 45 257 746
f 257 553 746
f 45 197 257
f 837 519 381
f 734 197 45
f 1854 39 734
f 741 197 734
f 39 741 734
f 381 519 104
f 104 39 381
f 39 1854 381
f 1915 514 55
f 208 837 847
f 1915 1117 257
f 257 1637 1915
f 1637 514 1915
f 197 1637 257
f 741 1637 197
f 741 187 1637
f 187 645 1637
f 495 505 104
f 495 104 519
f 495 519 837
f 495 837 208
f 187 741 39
f 104 187 39
f 505 187 104
f 514 120 55
f 120 951 55
f 514 17 120
f 1637 645 514
f 645 7 514
f 7 17 514
f 645 1842 7
f 187 1842 645
f 1842 187 505
f 153 1842 505
f 153 528 145
f 145 1842 153
f 456 528 153
f 153 505 495
f 456 153 495
f 511 528 456
f 511 456 169
f 456 495 208
f 456 208 169
f 1901 1346 1112
f 1217 1901 1112
f 1112 1882 1217
f 1919 1882 1112
f 818 1882 1919
f 1346 748 1919
f 1112 1346 1919
f 818 1919 423
f 423 1919 748
f 1924 748 1346
f 1924 183 748
f 423 18 818
f 18 748 183
f 18 423 748
f 1149 818 18
f 841 818 1149
f 18 183 1044
f 150 18 1044
f 1149 18 150
f 811 841 1386
f 1862 841 811
f 284 1149 150
f 284 1386 841
f 284 841 1149
f 284 150 1044
f 1044 1706 284
f 1386 1429 811
f 284 129 1386
f 129 1429 1386
f 129 284 1706
f 811 682 167
f 811 167 1862
f 682 129 1065
f 1429 129 682
f 682 811 1429
f 1065 129 952
f 1862 563 1882
f 1862 1345 563
f 1862 1882 818
f 1862 818 841
f 1862 507 662
f 851 1346 1901
f 851 1901 614
f 832 1283 1695
f 1924 1346 851
f 1695 1215 851
f 1215 1924 851
f 1880 1215 1695
f 1283 1880 1695
f 1924 789 183
f 789 1924 1215
f 1283 1395 1880
f 1044 183 789
f 1215 1061 789
f 1880 1061 1215
f 789 1706 1044
f 789 1061 1706
f 902 1061 1880
f 902 1880 1395
f 952 129 1706
f 1061 952 1706
f 902 385 1061
f 1395 1787 902
f 1061 385 952
f 385 1232 952
f 1979 1283 832
f 1658 1283 1979
f 1979 613 1658
f 613 1979 1829
f 1829 1718 613
f 1658 1395 1283
f 1658 1113 1395
f 613 1113 1658
f 1623 1113 613
f 1718 1623 613
f 1787 1395 1113
f 1778 1392 1544
f 1392 1718 1829
f 1778 1718 1392
f 1230 1778 1544
f 1718 1974 1623
f 1778 1974 1718
f 1028 1974 1778
f 1230 1028 1778
f 1332 1028 1230
f 1944 1230 1544
f 461 1846 1944
f 1846 1230 1944
f 461 467 1846
f 1846 1332 1230
f 757 1332 1846
f 467 757 1846
f 1759 757 467
f 1584 1759 467
f 757 122 1332
f 1769 1837 1988
f 1988 467 461
f 1988 1999 467
f 1837 1999 1988
f 1999 1584 467
f 1999 170 1584
f 1837 170 1999
f 1837 1780 170
f 1372 1780 1837
f 1423 1836 1202
f 1666 1837 1769
f 1202 1666 1769
f 1836 1666 1202
f 1666 1372 1837
f 1666 1673 1372
f 1836 1673 1666
f 575 1673 1836
f 1862 167 1187
f 507 1862 1187
f 682 1065 533
f 1187 167 533
f 167 682 533
f 1139 533 1065
f 1200 1187 533
f 1261 1187 1200
f 1261 507 1187
f 1139 1200 533
f 90 1200 1139
f 668 1261 1200
f 1563 668 1200
f 90 1563 1200
f 1563 1512 668
f 662 507 164
f 920 662 808
f 164 507 1261
f 648 164 1375
f 648 662 164
f 808 662 648
f 1375 1261 668
f 1261 1375 164
f 1442 808 648
f 502 920 808
f 920 1393 1151
f 1375 668 1512
f 1375 1512 1093
f 1093 648 1375
f 1093 1442 648
f 1566 808 1442
f 502 808 1566
f 641 1093 1512
f 920 502 1335
f 920 1335 1393
f 1442 1093 718
f 1442 718 1035
f 1566 1442 1035
f 1566 1035 502
f 641 718 1093
f 217 502 1035
f 498 1335 217
f 1335 502 217
f 1393 1335 498
f 1393 498 523
f 523 1151 1393
f 1058 523 498
f 1058 395 523
f 1139 1065 952
f 952 1232 1139
f 302 1232 385
f 902 227 385
f 227 302 385
f 1787 227 902
f 1232 90 1139
f 675 1563 90
f 675 234 1563
f 675 90 1232
f 302 675 1232
f 1276 302 227
f 637 1276 227
f 234 1512 1563
f 675 1175 234
f 1175 675 302
f 1175 302 1276
f 234 641 1512
f 1319 1175 1276
f 1319 1276 637
f 47 718 641
f 47 641 234
f 47 234 1175
f 1319 1647 1175
f 1035 718 47
f 47 334 1035
f 217 1035 334
f 334 498 217
f 1058 498 334
f 1647 334 47
f 1647 211 334
f 1647 47 1175
f 1319 1740 1647
f 1058 500 395
f 211 1058 334
f 211 500 1058
f 211 1647 1740
f 1858 211 1740
f 1740 1087 1858
f 1554 227 1787
f 1554 1787 1113
f 1113 1679 1554
f 565 1679 1113
f 1623 565 1113
f 1623 1120 565
f 637 227 1554
f 1679 637 1554
f 565 186 1679
f 1120 1222 186
f 1120 186 565
f 1691 1319 637
f 1691 637 1679
f 186 1691 1679
f 1691 1740 1319
f 1691 1912 1740
f 186 1912 1691
f 1536 1912 186
f 1222 1536 186
f 1912 1087 1740
f 1761 1087 1912
f 1761 1912 1536
f 1572 1761 1536
f 1974 1120 1623
f 1342 1120 1974
f 1342 1974 1028
f 1388 1342 1028
f 1028 1155 1388
f 1155 1028 1332
f 1342 1222 1120
f 1342 1268 1222
f 1268 1342 1388
f 1155 324 1388
f 1268 1388 324
f 1268 1694 1222
f 1694 1536 1222
f 324 1694 1268
f 324 483 1694
f 1572 1536 1694
f 1969 1572 1694
f 483 1969 1694
f 483 1427 1969
f 122 1155 1332
f 757 1688 122
f 1759 1688 757
f 1759 1685 1688
f 1584 1685 1759
f 122 1353 1155
f 1353 122 1688
f 1353 1565 1155
f 1688 938 1353
f 1685 938 1688
f 1565 324 1155
f 1353 938 1565
f 1624 938 1685
f 1565 483 324
f 1438 483 1565
f 938 1438 1565
f 1817 1438 938
f 1817 938 1624
f 1427 483 1438
f 1438 24 1427
f 24 1438 1817
f 774 1685 1584
f 170 774 1584
f 170 1973 774
f 1780 1973 170
f 1253 1973 1780
f 774 1624 1685
f 1973 1916 774
f 1253 1916 1973
f 1916 1624 774
f 1896 1916 1253
f 1916 654 1624
f 654 1817 1624
f 1896 654 1916
f 1896 1641 654
f 654 1731 1817
f 654 1116 1731
f 1641 1116 654
f 1253 1780 1372
f 1372 1511 1253
f 1673 1511 1372
f 1673 1845 1511
f 575 1845 1673
f 1639 1845 575
f 1491 1253 1511
f 1845 1491 1511
f 1807 1845 1639
f 1896 1253 1491
f 1845 1807 1491
f 1641 1896 1491
f 1807 683 1491
f 683 1641 1491
f 1807 1784 683
f 1465 1116 1641
f 683 1465 1641
f 882 1465 683
f 1345 1862 1921
f 948 1939 1921
f 1862 662 846
f 1921 1862 846
f 662 920 846
f 585 948 1921
f 846 920 1941
f 1770 846 1941
f 948 1479 1939
f 1380 365 1479
f 1227 1479 948
f 1380 1479 1227
f 277 1380 1227
f 1226 1380 277
f 1711 1226 277
f 955 1227 948
f 955 277 1227
f 943 277 988
f 277 955 988
f 948 585 945
f 1267 948 945
f 955 948 1267
f 988 955 1267
f 710 1267 945
f 988 1267 710
f 370 988 710
f 370 943 988
f 1256 945 585
f 296 710 1256
f 710 945 1256
f 370 710 296
f 1220 585 1921
f 11 585 1220
f 11 1256 585
f 296 1256 11
f 92 296 11
f 1220 1921 163
f 11 1220 292
f 11 292 92
f 1711 1160 1226
f 1711 1135 1160
f 327 1135 1711
f 1135 327 1102
f 1711 277 943
f 1984 1102 327
f 1897 1102 1984
f 327 1711 943
f 370 327 943
f 940 1984 327
f 370 42 940
f 327 370 940
f 1796 940 1850
f 1984 940 1796
f 42 370 296
f 42 296 92
f 42 92 957
f 42 957 1079
f 1079 940 42
f 1850 940 1079
f 1796 1850 1687
f 1091 1897 1468
f 1897 1984 1468
f 653 1091 1468
f 653 1343 1091
f 2 1343 653
f 1468 1984 1796
f 1468 1796 1958
f 1414 1468 1958
f 1414 653 1468
f 644 653 1414
f 2 653 644
f 1796 1687 1958
f 1945 1343 2
f 1945 1932 1231
f 1932 1945 2
f 1613 1231 1932
f 1959 2 644
f 1932 2 1959
f 1898 1932 1959
f 997 1613 1898
f 1613 1932 1898
f 1613 1892 1231
f 1355 1892 1613
f 1670 1892 1355
f 1318 1670 1355
f 1318 1995 1670
f 1368 1613 997
f 1355 1613 1368
f 1800 1355 1368
f 1800 1318 1355
f 1697 1271 1318
f 1271 1995 1318
f 1697 1216 1271
f 1216 1697 1434
f 1318 1800 1651
f 1651 1697 1318
f 1697 1651 780
f 1434 1697 780
f 1669 1785 1786
f 1339 1216 1434
f 1339 1786 1216
f 1669 1786 1339
f 1434 780 1709
f 1339 1434 1709
f 1339 1709 1831
f 1907 1339 1831
f 1669 1339 1907
f 1478 1921 846
f 1941 920 1151
f 1701 1478 846
f 846 1770 860
f 846 860 1068
f 1068 1701 846
f 1941 1151 660
f 860 1770 798
f 1701 1068 1793
f 1793 1068 1016
f 1016 829 1793
f 1690 1941 660
f 1941 1690 1472
f 1472 1770 1941
f 798 1770 1472
f 860 798 828
f 1068 860 828
f 1016 1068 828
f 266 828 633
f 828 798 633
f 266 1016 828
f 403 660 523
f 660 1151 523
f 403 1690 660
f 1690 403 1625
f 633 1472 1625
f 1472 1690 1625
f 798 1472 633
f 395 403 523
f 403 787 1625
f 787 633 1625
f 163 1921 1478
f 191 1220 163
f 292 1220 191
f 163 1478 1548
f 191 163 1548
f 515 191 1548
f 1478 1701 1306
f 1548 1478 1306
f 310 515 1548
f 310 1548 1306
f 1306 1701 1793
f 829 310 1306
f 829 1306 1793
f 750 1016 266
f 750 829 1016
f 829 750 973
f 266 633 787
f 266 787 1971
f 1971 750 266
f 1971 973 750
f 1631 973 1971
f 270 973 1631
f 1737 270 1631
f 403 395 787
f 500 787 395
f 500 1971 787
f 1631 1971 500
f 1858 500 211
f 1858 1631 500
f 1858 1737 1631
f 1087 1737 1858
f 292 191 957
f 92 292 957
f 753 1079 957
f 1850 1079 977
f 1687 1850 977
f 957 191 515
f 977 1079 753
f 1857 1687 977
f 753 515 310
f 753 957 515
f 973 310 829
f 753 310 973
f 977 753 973
f 977 973 270
f 270 1857 977
f 1814 270 1737
f 1073 1814 1737
f 1073 1517 1814
f 1419 1517 1073
f 1419 1887 1517
f 1073 1737 1087
f 1073 1087 1761
f 1073 1761 1419
f 1419 1761 1572
f 1958 1687 1946
f 1379 1414 1958
f 1379 1958 1946
f 1797 1414 1379
f 644 1414 1797
f 1687 1857 1946
f 1814 1857 270
f 1946 1857 1814
f 1517 1379 1814
f 1379 1946 1814
f 1797 1379 1517
f 1887 1797 1517
f 1922 1887 1419
f 1886 1887 1922
f 1926 1886 1922
f 1922 1419 1572
f 1922 1572 1969
f 1427 1922 1969
f 1926 1922 1427
f 1847 644 1797
f 1847 1959 644
f 1568 1898 1847
f 1898 1959 1847
f 267 1898 1568
f 267 997 1898
f 1847 1797 1352
f 1847 1352 1568
f 1887 1352 1797
f 1352 1887 1886
f 1886 1568 1352
f 267 1568 1886
f 1661 1957 1064
f 1957 1886 1926
f 1064 1957 1926
f 1968 1391 1064
f 1391 1661 1064
f 24 1926 1427
f 1064 1926 24
f 1968 1064 24
f 1817 1968 24
f 997 267 1994
f 1368 997 1994
f 1480 1368 1994
f 1480 1800 1368
f 1800 1480 1986
f 1957 267 1886
f 1994 267 1957
f 1661 1994 1957
f 1661 1480 1994
f 1986 1480 1661
f 1674 1391 1968
f 1674 1072 1391
f 1841 1516 1674
f 1072 1674 1516
f 1968 1817 1731
f 1674 1968 1731
f 1116 1674 1731
f 1841 1674 1116
f 1282 1800 1986
f 1651 1800 1282
f 1133 1651 1282
f 780 1651 1133
f 711 780 1133
f 1391 1986 1661
f 1391 1282 1986
f 1072 1282 1391
f 1133 1282 1072
f 711 1133 1072
f 711 1072 1516
f 1841 1448 1516
f 1876 1448 1841
f 1905 1448 1876
f 1581 1905 1876
f 1465 1841 1116
f 1465 1876 1841
f 882 1876 1465
f 882 1581 1876
f 1709 780 711
f 1819 1709 711
f 1831 1709 1819
f 79 1831 1819
f 1907 1831 79
f 1928 1907 79
f 1819 711 1516
f 1448 1819 1516
f 79 1819 1448
f 1905 79 1448
f 1928 79 1905
f 1816 1423 686
f 797 686 1518
f 1629 797 1518
f 1629 1938 797
f 1816 686 797
f 1816 1836 1423
f 1938 1645 797
f 1720 1816 797
f 1645 1720 797
f 1816 1720 1836
f 1720 575 1836
f 1599 1720 1645
f 1645 1542 1599
f 1720 885 575
f 1599 885 1720
f 1542 1137 1599
f 393 91 1833
f 896 393 1833
f 896 1833 466
f 6 393 896
f 1935 33 6
f 1007 1935 6
f 6 896 466
f 1007 6 466
f 466 1953 1007
f 1935 384 33
f 1007 384 1935
f 609 384 1007
f 1953 609 1007
f 312 384 609
f 68 312 609
f 1953 1776 68
f 1953 68 609
f 1108 1776 1953
f 1293 1108 1953
f 621 312 68
f 479 621 68
f 1776 479 68
f 479 1732 279
f 1732 479 1776
f 1108 1732 1776
f 610 1732 1108
f 610 891 1732
f 1293 333 1108
f 333 612 610
f 333 610 1108
f 1144 333 1293
f 934 1144 1293
f 934 201 1144
f 175 612 333
f 175 333 1144
f 1144 503 175
f 201 503 1144
f 201 723 503
f 1173 1938 1629
f 1867 1893 1173
f 1844 1893 1867
f 1577 1938 1173
f 1893 1577 1173
f 1844 1447 1893
f 1447 1533 1893
f 1577 1542 1938
f 1542 1645 1938
f 1533 673 1577
f 1533 1577 1893
f 1577 673 1542
f 1533 1279 673
f 1269 1279 1533
f 1542 1146 1137
f 673 1146 1542
f 1279 1146 673
f 1802 91 393
f 788 1802 571
f 1362 788 571
f 1871 788 1362
f 276 1871 1362
f 916 1025 276
f 916 276 225
f 1741 1025 916
f 361 393 6
f 6 33 361
f 361 1802 393
f 571 1802 361
f 571 361 269
f 1362 571 269
f 225 276 1362
f 862 1741 916
f 33 384 1067
f 1067 361 33
f 269 361 1067
f 225 1362 339
f 1362 269 339
f 1587 916 225
f 862 916 1587
f 384 312 1394
f 1067 384 1394
f 339 1067 1394
f 339 269 1067
f 1367 339 1006
f 1367 225 339
f 1587 225 1367
f 1394 312 621
f 342 1394 621
f 339 1394 342
f 339 342 1006
f 816 1367 1006
f 398 1587 1367
f 240 621 479
f 479 279 240
f 240 342 621
f 209 342 240
f 1006 342 209
f 721 209 987
f 1006 209 721
f 816 1006 721
f 398 1367 816
f 816 1161 398
f 1104 398 1161
f 1965 1587 398
f 1965 398 1104
f 1210 1965 1104
f 603 987 209
f 209 240 279
f 603 209 279
f 1732 891 603
f 279 1732 603
f 141 891 610
f 141 610 612
f 593 603 891
f 891 141 593
f 987 603 593
f 1993 721 593
f 721 987 593
f 1161 816 721
f 1161 721 1993
f 1494 1104 1161
f 1210 1104 1494
f 1210 1494 1750
f 612 297 141
f 696 297 612
f 696 612 175
f 593 141 297
f 1993 593 297
f 1993 297 1757
f 1993 1757 856
f 1494 1161 1993
f 1494 1993 856
f 1075 1494 856
f 1750 1494 1075
f 427 1075 1684
f 427 1750 1075
f 427 1635 1750
f 1101 1844 248
f 1558 1101 248
f 761 1197 1558
f 1558 1197 1101
f 1101 1447 1844
f 1622 1447 1101
f 1795 1622 1101
f 1197 1795 1101
f 1622 1533 1447
f 1269 1533 1622
f 862 478 1741
f 478 862 1466
f 939 1549 1466
f 1549 478 1466
f 1549 939 737
f 737 1338 1549
f 547 146 1107
f 1107 639 547
f 939 1466 862
f 1811 1338 737
f 1018 1338 1811
f 146 1018 1811
f 1107 146 1811
f 1464 1197 761
f 1270 1315 1107
f 1092 939 862
f 1930 939 1092
f 737 939 1930
f 1811 737 1930
f 1008 1107 1811
f 1270 1107 1008
f 862 1587 1092
f 1197 649 1795
f 1008 1811 1930
f 1008 1930 470
f 649 1197 1464
f 1464 1045 649
f 1678 1270 1008
f 1092 1587 1965
f 1930 1092 1328
f 147 1930 1328
f 650 1930 147
f 470 1930 650
f 649 1760 1795
f 470 650 1628
f 88 1008 470
f 88 470 1628
f 1045 1037 649
f 88 1678 1008
f 1328 1092 1965
f 1328 1965 1210
f 792 147 1210
f 147 1328 1210
f 1795 1653 1622
f 1991 650 147
f 1795 1760 1653
f 25 1628 650
f 650 1991 25
f 233 1628 25
f 649 1037 1760
f 1307 88 1628
f 716 1307 233
f 1307 1628 233
f 1307 906 88
f 1224 1307 716
f 1224 906 1307
f 1635 1210 1750
f 792 1210 1635
f 282 792 909
f 792 1635 909
f 1653 1269 1622
f 1991 147 792
f 282 1991 792
f 1783 1991 282
f 25 1991 1783
f 1783 233 25
f 1037 101 1760
f 831 101 1037
f 1635 427 909
f 1653 1888 1269
f 1760 1513 1653
f 101 1513 1760
f 1396 1513 101
f 101 1304 1396
f 842 639 1315
f 639 1107 1315
f 665 761 1774
f 842 1315 1070
f 1070 63 842
f 1904 665 1774
f 63 1070 366
f 366 772 63
f 772 366 82
f 724 772 82
f 790 724 82
f 193 724 790
f 127 724 193
f 1255 1331 1904
f 1134 127 193
f 578 127 1134
f 394 148 323
f 148 578 1134
f 148 1134 323
f 148 394 311
f 95 148 311
f 665 1464 761
f 1315 1270 1070
f 1070 1270 1714
f 366 1070 1000
f 115 1000 1714
f 1000 1070 1714
f 1904 1331 665
f 1309 82 115
f 82 366 1000
f 82 1000 115
f 1309 790 82
f 193 790 1309
f 546 193 1309
f 546 1309 115
f 1134 193 546
f 323 1134 546
f 1383 323 546
f 1255 1002 1331
f 394 323 1383
f 178 311 394
f 178 394 1383
f 665 1952 1464
f 1952 1045 1464
f 1270 1678 1714
f 1714 1678 1170
f 87 1714 1170
f 1331 1952 665
f 115 1714 87
f 1526 1952 1331
f 1397 115 87
f 1397 546 115
f 1331 1002 1526
f 1383 546 1397
f 1538 796 1383
f 796 178 1383
f 1678 906 1170
f 1675 87 1170
f 87 1675 1597
f 1397 87 1597
f 235 1397 1597
f 822 1397 235
f 729 1397 822
f 1538 1383 1397
f 1538 1397 729
f 906 1678 88
f 1952 1745 1045
f 1037 1045 1745
f 1675 1170 906
f 906 1224 1132
f 1132 1675 906
f 1526 1745 1952
f 1526 775 1745
f 878 1526 1002
f 1851 1526 878
f 1745 831 1037
f 775 831 1745
f 1526 1851 775
f 1192 1851 878
f 831 1304 101
f 775 1240 1304
f 775 1304 831
f 1663 1240 775
f 1663 775 1851
f 1192 1663 1851
f 1721 1663 1192
f 1304 1441 1396
f 1304 1950 1441
f 1240 1950 1304
f 1407 1950 1240
f 1407 1240 1663
f 1721 1407 1663
f 1721 615 1407
f 1333 1344 1255
f 1054 95 311
f 815 95 1054
f 1123 815 1054
f 1359 815 1123
f 1333 1551 1344
f 1418 1359 1123
f 1418 1278 1369
f 1369 1359 1418
f 399 1278 1418
f 399 573 1278
f 376 573 399
f 915 573 376
f 555 1551 744
f 555 1604 1551
f 975 915 376
f 144 915 975
f 249 144 975
f 135 144 249
f 1218 135 249
f 137 135 1218
f 1344 1002 1255
f 796 1054 178
f 1054 311 178
f 1054 796 550
f 1123 1054 550
f 804 1123 550
f 1418 1123 804
f 804 550 1247
f 418 1418 804
f 399 1418 418
f 418 804 1247
f 1387 399 418
f 376 399 1387
f 418 1247 1387
f 975 376 1387
f 975 1387 1033
f 975 1033 392
f 249 975 392
f 392 1033 181
f 1010 249 392
f 1218 249 1010
f 1590 392 181
f 1010 392 1590
f 1344 967 1002
f 1247 550 796
f 1602 1344 1551
f 102 1033 1247
f 1033 1387 1247
f 1604 1166 1551
f 1166 1602 1551
f 102 181 1033
f 1602 967 1344
f 1247 796 1538
f 1247 1538 745
f 745 1538 850
f 1027 1247 745
f 1027 102 1247
f 664 102 1027
f 1254 181 102
f 1081 1254 102
f 102 664 1081
f 1493 1166 1604
f 1590 181 1254
f 967 878 1002
f 967 93 878
f 729 646 539
f 1538 729 539
f 850 1538 539
f 907 93 967
f 907 967 1602
f 1166 907 1602
f 861 907 1166
f 1493 861 1166
f 1493 1012 861
f 1254 1081 738
f 93 1192 878
f 1191 93 907
f 861 1191 907
f 861 306 1191
f 1012 306 861
f 1498 1721 1192
f 1498 1192 93
f 1191 1498 93
f 306 1080 1191
f 1498 615 1721
f 1114 615 1498
f 1080 1114 1498
f 1080 1498 1191
f 1080 202 1114
f 306 1555 1080
f 1555 202 1080
f 1470 1555 306
f 285 1604 555
f 285 555 1642
f 97 137 1218
f 97 618 137
f 1062 618 97
f 1062 173 618
f 888 285 1642
f 888 1462 285
f 173 1062 521
f 521 96 173
f 982 96 521
f 982 521 378
f 982 378 529
f 1242 982 529
f 1462 888 1537
f 991 1462 1537
f 326 1242 529
f 326 529 1251
f 708 326 1251
f 74 708 1251
f 1696 991 1537
f 320 221 74
f 221 708 74
f 727 1218 1010
f 97 1218 727
f 727 1010 1590
f 121 97 727
f 1062 97 121
f 521 1062 121
f 521 121 785
f 521 785 1473
f 378 521 1473
f 1471 529 1473
f 529 378 1473
f 1251 529 1471
f 41 74 1251
f 1251 1471 41
f 1696 545 991
f 320 74 41
f 285 1493 1604
f 960 1493 285
f 727 1590 121
f 121 1590 1287
f 1287 785 121
f 1462 960 285
f 1462 1889 960
f 1473 785 1287
f 1140 1471 1473
f 1889 1462 991
f 991 1029 1889
f 1471 1140 41
f 545 1029 991
f 1152 1503 41
f 1287 1590 1254
f 1287 1254 758
f 1889 1316 960
f 1140 1473 1287
f 1140 1287 963
f 1029 969 1889
f 41 1140 1289
f 1152 41 1289
f 545 857 1029
f 953 1254 738
f 953 758 1254
f 960 1316 1493
f 1316 1012 1493
f 1287 758 453
f 963 1287 453
f 969 1316 1889
f 765 1140 963
f 1029 1724 570
f 570 969 1029
f 1322 1140 765
f 1289 1140 1322
f 857 1724 1029
f 417 512 1289
f 512 1152 1289
f 417 1289 1322
f 1316 1298 1012
f 1771 1298 1316
f 1771 1316 969
f 570 1771 969
f 728 570 1724
f 756 1322 308
f 417 1322 756
f 1470 306 1012
f 1470 1012 1298
f 572 1470 1298
f 1771 572 1298
f 1771 985 572
f 570 1336 1771
f 1336 985 1771
f 728 1336 570
f 728 629 1336
f 1451 1555 1470
f 572 1451 1470
f 572 1303 1451
f 985 1303 572
f 1530 1303 985
f 704 1530 985
f 629 985 1336
f 704 985 629
f 89 1530 704
f 189 580 525
f 525 221 189
f 912 189 320
f 189 221 320
f 1354 1257 1696
f 1696 1249 1354
f 1354 897 1257
f 929 897 1354
f 929 254 897
f 835 254 929
f 1274 85 254
f 1274 254 835
f 1274 580 189
f 1274 189 85
f 1274 835 580
f 85 189 912
f 1257 545 1696
f 228 912 320
f 228 320 41
f 228 41 1503
f 897 854 1257
f 105 545 1257
f 854 105 1257
f 254 182 897
f 182 854 897
f 254 207 182
f 85 1095 254
f 1095 586 207
f 1095 207 254
f 912 1095 85
f 912 283 1095
f 283 586 1095
f 283 912 228
f 1403 283 228
f 454 545 105
f 207 108 182
f 108 454 105
f 105 854 182
f 108 105 182
f 283 1755 586
f 1403 190 1755
f 1403 1755 283
f 412 190 1403
f 412 228 1503
f 412 1403 228
f 442 412 820
f 412 1503 820
f 586 671 207
f 671 108 207
f 671 586 1755
f 820 1503 1152
f 834 820 1152
f 857 545 454
f 454 50 857
f 454 415 50
f 108 415 454
f 412 766 190
f 766 231 190
f 442 766 412
f 255 442 820
f 255 820 834
f 108 658 415
f 658 247 415
f 247 220 415
f 658 108 671
f 176 247 658
f 658 671 1755
f 176 658 1755
f 1755 231 176
f 1755 190 231
f 420 231 766
f 50 1724 857
f 834 1152 512
f 512 417 60
f 415 220 50
f 220 368 50
f 247 154 220
f 271 766 442
f 255 271 442
f 126 271 255
f 834 1246 255
f 1246 126 255
f 1246 834 691
f 834 512 691
f 512 60 691
f 231 300 176
f 300 154 247
f 300 247 176
f 300 231 420
f 151 300 420
f 271 151 420
f 271 420 766
f 50 368 1724
f 368 728 1724
f 430 60 1510
f 60 417 756
f 60 756 1510
f 142 728 368
f 154 368 220
f 154 142 368
f 188 126 1246
f 1310 188 1246
f 656 371 1310
f 1310 1246 691
f 656 1310 691
f 691 482 656
f 60 430 482
f 691 60 482
f 154 874 142
f 874 583 142
f 874 154 300
f 522 583 874
f 874 300 151
f 271 375 151
f 522 874 151
f 375 522 151
f 375 271 126
f 126 188 375
f 78 522 375
f 188 78 375
f 371 155 1310
f 155 188 1310
f 1211 629 728
f 142 1211 728
f 583 1211 142
f 1603 629 1211
f 522 315 583
f 1603 1211 583
f 315 1603 583
f 482 229 656
f 229 451 371
f 229 371 656
f 293 451 229
f 156 1603 315
f 315 522 78
f 188 155 78
f 156 315 78
f 155 156 78
f 156 155 65
f 155 451 65
f 371 451 155
f 807 704 629
f 807 509 704
f 509 89 704
f 1603 807 629
f 1164 807 1603
f 1164 1603 156
f 1164 509 807
f 356 89 509
f 1164 156 65
f 451 5 65
f 5 356 509
f 509 1164 65
f 5 509 65
f 667 44 89
f 667 89 356
f 667 488 44
f 5 451 293
f 293 66 5
f 66 488 667
f 667 356 5
f 66 667 5
f 1639 575 885
f 1532 1639 885
f 1657 885 1599
f 1599 1137 1657
f 1657 1532 885
f 1137 1794 1657
f 1657 1813 1532
f 503 1475 175
f 723 428 503
f 1532 1807 1639
f 1532 1813 1807
f 1657 1794 1813
f 1813 1784 1807
f 1794 1165 1813
f 1632 1165 1794
f 1654 1165 1632
f 1165 1784 1813
f 1165 1142 1784
f 1654 1142 1165
f 882 683 1784
f 1142 882 1784
f 696 175 1475
f 1475 503 428
f 386 1475 428
f 297 696 1757
f 661 696 1475
f 661 1475 386
f 661 1757 696
f 556 1757 661
f 1560 556 486
f 556 661 486
f 856 1757 556
f 556 1560 763
f 763 856 556
f 1279 1457 1146
f 768 856 763
f 1075 856 768
f 768 1684 1075
f 1269 1888 1279
f 1888 1457 1279
f 1146 1980 1137
f 486 661 386
f 386 428 486
f 1457 1980 1146
f 1888 1749 1457
f 1980 1794 1137
f 1457 286 1980
f 1457 1749 286
f 1749 13 286
f 1749 59 13
f 1632 1794 1980
f 1980 286 1632
f 286 1809 1632
f 286 13 1809
f 1809 1654 1632
f 1888 1653 1513
f 1513 1207 1888
f 1320 1207 1513
f 1320 1513 1396
f 1207 1749 1888
f 59 1749 1207
f 357 1953 1430
f 1052 1839 357
f 1839 239 357
f 1839 1052 622
f 622 484 1839
f 1293 1953 357
f 1576 1293 357
f 1698 1576 357
f 239 1698 357
f 484 1474 1839
f 959 239 1839
f 1474 959 1839
f 239 331 1698
f 959 331 239
f 1586 934 1293
f 1586 1293 1576
f 947 1576 1698
f 1520 947 1698
f 331 1520 1698
f 1373 1520 331
f 1576 307 64
f 64 1586 1576
f 226 307 1576
f 494 226 1576
f 494 1576 947
f 494 947 1520
f 340 494 1520
f 351 307 226
f 119 351 226
f 119 226 494
f 340 469 119
f 119 494 340
f 273 64 307
f 351 273 307
f 1060 273 351
f 469 1409 119
f 1409 1060 351
f 1409 351 119
f 934 689 201
f 689 723 201
f 689 934 1586
f 1586 462 689
f 462 1586 64
f 64 1181 462
f 1181 64 273
f 1337 1785 492
f 1420 1337 492
f 444 484 622
f 492 1785 1669
f 1420 492 1856
f 1420 1856 1976
f 492 1669 1650
f 492 1650 1856
f 1976 1856 680
f 1650 1669 1907
f 1650 1907 1205
f 1643 1650 1205
f 1856 1650 1643
f 1643 680 1856
f 1100 1763 107
f 1100 107 1708
f 548 1763 1100
f 184 331 959
f 989 1763 903
f 548 1288 1626
f 1626 1763 548
f 426 1520 1373
f 1373 331 184
f 1373 184 924
f 460 1373 924
f 903 1450 924
f 1450 460 924
f 1763 1450 903
f 1763 1640 1450
f 1763 1428 1640
f 1763 1626 1428
f 426 340 1520
f 1373 460 426
f 460 464 426
f 1450 464 460
f 1193 1450 1640
f 742 1428 1626
f 1715 742 1626
f 464 340 426
f 256 469 340
f 464 256 340
f 196 256 464
f 1193 1111 196
f 196 464 1450
f 1450 1193 196
f 1640 1460 1193
f 1428 742 1460
f 1428 1460 1640
f 1239 979 742
f 1239 742 1715
f 272 273 1060
f 1172 272 1060
f 29 316 1409
f 316 1172 1060
f 316 1060 1409
f 256 29 469
f 29 1409 469
f 346 272 1172
f 1115 346 1172
f 316 1115 1172
f 29 256 196
f 316 29 196
f 1115 1329 346
f 1115 316 1111
f 1111 316 196
f 582 1329 1115
f 979 582 1115
f 1111 1460 1115
f 1111 1193 1460
f 979 1115 1460
f 742 979 1460
f 1239 427 979
f 427 1684 979
f 723 689 534
f 689 462 551
f 534 689 551
f 564 462 1181
f 551 462 564
f 1181 273 272
f 510 534 551
f 510 551 463
f 463 551 564
f 463 564 1329
f 346 564 1181
f 1181 272 346
f 1329 564 346
f 510 463 582
f 582 1560 510
f 582 463 1329
f 763 1560 582
f 1684 768 763
f 979 1684 763
f 979 763 582
f 287 1435 1364
f 223 484 444
f 210 223 444
f 1153 223 210
f 1713 118 1153
f 1713 1153 210
f 989 118 1571
f 989 107 1763
f 989 1571 107
f 343 184 959
f 343 959 1474
f 1474 484 223
f 343 1474 223
f 1976 1815 1420
f 343 223 1153
f 1153 441 343
f 118 903 1153
f 903 441 1153
f 989 903 118
f 1830 1815 349
f 1830 349 1738
f 343 441 184
f 924 184 441
f 903 924 441
f 349 1815 1976
f 1738 349 1038
f 813 349 1976
f 1943 349 813
f 1038 349 1943
f 813 1976 680
f 1038 1943 1364
f 1435 1038 1364
f 680 1425 813
f 813 1425 1803
f 598 1943 1803
f 1943 813 1803
f 1364 1943 598
f 1618 548 1100
f 981 548 1618
f 1011 981 1618
f 999 981 1011
f 663 981 999
f 672 764 663
f 672 663 999
f 759 764 672
f 369 764 759
f 30 994 369
f 30 369 759
f 663 762 981
f 1288 548 981
f 762 1288 981
f 663 1020 762
f 764 1020 663
f 956 1020 764
f 956 764 369
f 369 803 956
f 994 803 369
f 1288 22 1626
f 1053 22 762
f 762 22 1288
f 762 825 1053
f 762 1020 825
f 825 1020 956
f 697 825 956
f 803 697 956
f 803 1449 697
f 911 1449 803
f 1492 1022 1323
f 22 1715 1626
f 1076 1715 22
f 1076 22 1053
f 825 1076 1053
f 1744 1022 1201
f 697 1610 825
f 1610 697 1449
f 1323 1022 1744
f 1076 1239 1715
f 433 1239 1076
f 1051 433 1076
f 825 1051 1076
f 1051 825 1610
f 233 1610 716
f 1449 1244 1610
f 1244 716 1610
f 1096 1323 1744
f 1244 1224 716
f 438 1323 1096
f 909 427 1239
f 433 282 909
f 433 909 1239
f 1201 1435 12
f 282 433 1051
f 1051 1783 282
f 1528 1201 12
f 1610 1783 1051
f 1528 1744 1201
f 233 1783 1610
f 1096 1744 1528
f 1263 438 1096
f 12 1435 287
f 1528 12 998
f 1528 998 1733
f 1121 1263 1733
f 1528 1733 1263
f 1096 1528 1263
f 405 1665 1738
f 405 1806 1665
f 1806 405 1167
f 1167 405 1022
f 925 405 1738
f 1022 1492 1167
f 925 1738 1038
f 1022 405 925
f 1201 1022 925
f 925 1038 1435
f 925 1435 1201
f 38 994 30
f 1998 309 819
f 1998 819 168
f 562 1832 1280
f 38 1415 994
f 769 1167 1492
f 67 477 1415
f 890 1415 38
f 890 67 1415
f 1129 769 1492
f 67 890 309
f 1129 1424 769
f 1823 477 67
f 1823 67 1998
f 67 309 1998
f 937 1424 1129
f 168 1832 1823
f 168 1823 1998
f 1832 168 1280
f 1125 1424 937
f 1726 1017 1832
f 1832 562 374
f 1726 1832 374
f 1415 911 803
f 803 994 1415
f 477 1203 911
f 477 911 1415
f 1823 1203 477
f 1017 1664 1823
f 1832 1017 1823
f 1689 1125 937
f 350 1125 1689
f 911 410 1449
f 1422 1492 1323
f 1203 410 911
f 1129 1492 1422
f 377 410 1203
f 965 1129 1422
f 604 377 1203
f 1823 604 1203
f 965 937 1129
f 1664 604 1823
f 1017 538 1664
f 1017 1863 538
f 410 281 1244
f 410 1244 1449
f 1422 1323 438
f 1132 1224 281
f 1132 281 626
f 1675 1132 626
f 281 410 377
f 626 281 377
f 1543 965 1422
f 106 1675 626
f 1597 1675 106
f 106 626 377
f 106 377 604
f 1920 1597 106
f 1920 235 1597
f 106 604 698
f 1920 106 698
f 1664 698 604
f 965 1543 1119
f 1119 937 965
f 904 822 235
f 904 235 1920
f 538 904 698
f 904 1920 698
f 538 698 1664
f 1119 1689 937
f 360 729 822
f 360 822 904
f 360 904 538
f 1765 1689 1119
f 646 729 360
f 360 538 1863
f 1863 71 360
f 71 646 360
f 281 1224 1244
f 1401 1422 438
f 1422 1401 1543
f 1722 1119 1543
f 1765 1119 1722
f 1401 438 1263
f 1401 1263 705
f 1130 1401 705
f 1543 1401 1130
f 1722 1543 1130
f 1621 1722 1767
f 1765 1722 1621
f 1441 705 1121
f 705 1263 1121
f 1950 705 1441
f 1130 705 1950
f 1506 1130 1950
f 1407 1506 1950
f 1767 1130 1506
f 1767 1722 1130
f 1407 1767 1506
f 615 1767 1407
f 532 1726 374
f 350 1956 1125
f 350 919 1956
f 919 350 1791
f 919 1791 1404
f 1404 971 919
f 1082 971 1404
f 1077 971 1082
f 1726 532 1552
f 1437 597 1552
f 597 1726 1552
f 791 597 1437
f 431 597 791
f 431 1838 597
f 1174 1838 389
f 1838 431 389
f 647 1838 1174
f 687 1838 647
f 935 687 647
f 1003 687 935
f 597 1206 1017
f 597 1017 1726
f 350 1689 76
f 350 76 1381
f 1791 350 1381
f 1838 1659 597
f 1791 1381 1404
f 1078 1659 1838
f 1078 1838 687
f 1031 1082 1404
f 1206 1863 1017
f 133 344 1206
f 1659 133 597
f 133 1206 597
f 1031 1404 1381
f 1078 213 1659
f 853 1078 687
f 1082 1031 425
f 539 646 71
f 71 1863 1206
f 76 1689 1765
f 539 71 172
f 850 539 172
f 172 71 344
f 344 71 1206
f 76 1765 1259
f 244 850 172
f 745 850 244
f 244 172 344
f 244 344 133
f 1381 76 1259
f 1157 745 244
f 1157 1027 745
f 1 1157 133
f 1157 244 133
f 1659 1 133
f 1036 1381 1259
f 703 1027 1157
f 703 664 1027
f 703 1157 1
f 213 703 1
f 213 1 1659
f 1036 1031 1381
f 304 664 703
f 304 703 213
f 40 664 304
f 1081 664 40
f 304 213 863
f 40 304 863
f 863 213 1078
f 677 1031 1036
f 136 738 40
f 738 1081 40
f 853 136 863
f 136 40 863
f 863 1078 853
f 425 1031 677
f 1765 1621 1259
f 1866 1036 1259
f 677 1036 1866
f 1818 1259 1972
f 1259 1621 1972
f 1818 1866 1259
f 1302 1866 1818
f 677 1866 1302
f 615 1972 1767
f 1972 1621 1767
f 1972 615 1114
f 1114 1818 1972
f 202 1818 1114
f 202 1302 1818
f 1899 1302 202
f 1899 202 1555
f 1487 821 1826
f 740 880 439
f 880 584 439
f 590 652 740
f 652 880 740
f 318 881 1490
f 236 652 590
f 930 236 590
f 951 1557 930
f 1557 236 930
f 1569 169 881
f 1569 881 318
f 1826 821 1003
f 821 687 1003
f 730 1077 1082
f 576 821 1487
f 576 1412 821
f 584 1412 576
f 880 1412 584
f 1978 1490 730
f 1667 1412 880
f 652 1667 880
f 652 236 1667
f 318 1490 1978
f 1557 1594 236
f 1412 561 687
f 1412 687 821
f 1082 425 1710
f 730 1082 1710
f 730 1710 1978
f 1667 200 1412
f 1594 714 1667
f 236 1594 1667
f 318 1978 1575
f 1594 1190 714
f 318 1575 855
f 561 853 687
f 1412 354 561
f 1412 200 354
f 1748 1978 1710
f 714 933 1667
f 933 200 1667
f 1575 1978 1748
f 43 335 1575
f 335 855 1575
f 953 738 136
f 561 136 853
f 1743 425 677
f 953 136 1286
f 758 953 1286
f 354 1286 561
f 1286 136 561
f 1710 425 1743
f 453 758 1286
f 453 1286 1970
f 1970 1286 354
f 1710 1743 1459
f 453 1970 1960
f 1960 963 453
f 1960 1970 1703
f 1703 1970 354
f 1703 354 200
f 1748 1710 1459
f 1504 963 1960
f 1504 765 963
f 933 1504 1703
f 1504 1960 1703
f 933 1703 200
f 1748 1459 1617
f 537 765 1504
f 537 1504 933
f 1617 1575 1748
f 308 765 537
f 1322 765 308
f 537 933 379
f 308 537 379
f 379 933 714
f 1575 1617 43
f 58 308 379
f 756 308 58
f 1190 58 714
f 58 379 714
f 1459 1743 685
f 1591 1617 685
f 1617 1459 685
f 43 1617 406
f 677 1302 1655
f 1743 677 1655
f 685 1743 1655
f 1185 685 1655
f 1591 685 1185
f 487 406 1591
f 1617 1591 406
f 487 1692 406
f 1655 1302 1899
f 1899 1555 1451
f 1311 1899 1451
f 1311 1655 1899
f 1185 1655 1311
f 1303 1311 1451
f 1303 103 1311
f 103 1185 1311
f 1530 103 1303
f 1505 1185 103
f 1591 1185 1505
f 1505 103 1530
f 487 1591 1505
f 89 36 1530
f 1505 1530 36
f 36 543 1505
f 543 487 1505
f 1557 951 814
f 17 70 120
f 814 951 120
f 70 814 120
f 814 70 80
f 80 139 62
f 62 814 80
f 1842 408 7
f 70 17 7
f 408 70 7
f 80 70 408
f 145 80 408
f 408 1842 145
f 26 80 145
f 528 26 145
f 511 26 528
f 608 26 511
f 608 511 1569
f 511 169 1569
f 1594 1557 62
f 62 1557 814
f 35 1569 855
f 1569 318 855
f 1103 1594 62
f 139 1103 62
f 80 726 139
f 726 80 26
f 1013 726 26
f 1004 1013 26
f 1004 26 608
f 608 35 1004
f 608 1569 35
f 1143 1190 1594
f 268 1143 1594
f 268 1594 1103
f 782 268 1103
f 726 536 139
f 536 782 1103
f 536 1103 139
f 35 638 1004
f 1122 73 638
f 35 1122 638
f 35 855 1122
f 600 53 536
f 53 782 536
f 536 726 1013
f 1013 600 536
f 1013 73 600
f 1013 1004 638
f 73 1013 638
f 1735 54 1190
f 1143 1735 1190
f 335 1122 855
f 518 1735 1143
f 518 1143 268
f 782 518 268
f 782 606 274
f 274 518 782
f 879 1122 335
f 879 73 1122
f 606 782 53
f 600 336 53
f 336 158 887
f 887 606 53
f 336 887 53
f 158 879 419
f 73 336 600
f 73 158 336
f 158 73 879
f 983 756 58
f 983 58 54
f 54 58 1190
f 335 43 1410
f 983 54 778
f 409 983 778
f 54 1735 747
f 778 54 747
f 518 747 1735
f 1071 747 518
f 250 158 419
f 419 335 1410
f 419 879 335
f 274 1071 518
f 709 1071 274
f 606 1213 274
f 1213 709 274
f 1213 606 887
f 849 1213 887
f 849 887 250
f 887 158 250
f 1510 756 983
f 983 409 1510
f 409 430 1510
f 1410 43 406
f 185 430 409
f 482 430 185
f 1646 185 409
f 1646 409 778
f 1646 778 747
f 1258 1646 747
f 419 165 250
f 419 1410 165
f 388 396 1258
f 265 1646 1258
f 396 265 1258
f 1258 747 1071
f 388 1258 1071
f 709 859 1071
f 859 1630 588
f 588 388 1071
f 859 588 1071
f 372 743 1630
f 1213 859 709
f 1213 372 859
f 372 1630 859
f 372 165 743
f 372 849 165
f 372 1213 849
f 849 250 165
f 1195 1692 487
f 1410 406 1692
f 117 293 229
f 229 482 185
f 117 229 185
f 185 99 117
f 99 974 117
f 99 185 1646
f 1646 265 99
f 46 974 99
f 265 46 99
f 275 1692 1195
f 275 743 1692
f 743 275 1630
f 743 165 1692
f 165 1410 1692
f 1156 46 265
f 265 396 1156
f 396 230 1156
f 396 388 588
f 230 396 588
f 1630 275 230
f 230 588 1630
f 44 36 89
f 487 543 1312
f 1312 1195 487
f 401 36 44
f 488 401 44
f 974 66 117
f 66 293 117
f 974 401 488
f 974 488 66
f 401 543 36
f 259 543 401
f 46 401 974
f 46 259 401
f 259 1312 543
f 259 166 1312
f 1156 259 46
f 166 259 1156
f 166 1195 1312
f 275 166 230
f 166 1156 230
f 275 1195 166
f 1425 1810 1981
f 1686 1810 1229
f 1981 1810 1686
f 1229 1905 1581
f 1686 1458 1981
f 1686 1581 1766
f 1686 1229 1581
f 1654 1766 1142
f 1654 1458 1766
f 1458 1686 1766
f 1766 1581 882
f 1766 882 1142
f 719 1205 1928
f 1907 1928 1205
f 1643 1205 719
f 1643 1810 1425
f 1425 680 1643
f 1643 719 1810
f 1928 1905 1229
f 1229 719 1928
f 1810 719 1229
f 428 723 534
f 262 428 534
f 510 486 262
f 486 428 262
f 510 262 534
f 486 510 1560
f 287 1364 598
f 1803 1981 1034
f 1034 598 1803
f 1411 287 1034
f 287 598 1034
f 287 1411 1050
f 1034 1553 1411
f 59 1411 13
f 1050 1411 59
f 1553 1981 1458
f 1553 1034 1981
f 13 1553 1809
f 1411 1553 13
f 1809 1458 1654
f 1809 1553 1458
f 1981 1803 1425
f 1050 12 287
f 12 1050 998
f 1320 1733 1158
f 1733 998 1158
f 1396 1121 1320
f 1396 1441 1121
f 1733 1320 1121
f 1207 1158 59
f 1158 1050 59
f 998 1050 1158
f 1320 1158 1207

