# https://github.com/mikedh/trimesh
v 0.07010320 -0.91789550 -0.05133208
v 0.39282900 0.77983230 0.08141033
v -0.40989095 -0.22437242 0.07116685
v -0.17454961 0.91727078 -0.03199444
v 0.41042757 0.26602006 -0.05287502
v -0.40362185 0.09237885 0.07852807
v -0.41207266 0.85791862 0.05269429
v 0.37791014 0.60927534 -0.07447050
v 0.21233992 0.90391248 -0.06288029
v 0.39751810 0.12468494 0.08026961
v -0.08223265 -0.92135531 0.04001226
v 0.41092470 0.57696974 0.06593832
v 0.40261123 0.31741986 -0.06295692
v 0.40937886 -0.23458239 0.07367135
v -0.39101848 -0.14299722 -0.06977823
v -0.40960184 -0.32298499 0.07249272
v 0.28198305 -0.86399138 0.08194830
v -0.09279002 0.92267632 0.04103689
v 0.40901464 0.26775500 0.07468972
v 0.41096094 0.59543628 -0.05170505
v 0.40901467 0.66465747 0.07468972
v -0.40115994 -0.56833047 -0.06331931
v 0.40109804 0.63163197 -0.06337561
v -0.38248396 0.35433733 0.08317943
v 0.07360701 -0.92047209 0.06089528
v -0.38279355 0.64621472 0.08318945
v -0.12934709 0.87972522 -0.07080813
v -0.40960184 -0.20760575 0.07249272
v -0.30871767 -0.86814624 -0.06249519
v -0.39842448 -0.84177816 0.06030671
v 0.40869227 0.84460104 0.07370785
v 0.21764503 0.91186792 0.06514569
v 0.40005502 -0.73373294 0.07945041
v -0.40975484 0.86759931 0.06660299
v 0.39865294 0.44720691 0.07996206
v 0.20888987 -0.90353024 0.05152722
v -0.40362182 0.28621501 0.07852807
v 0.14364037 0.91689765 0.06681221
v -0.38469741 0.62063766 -0.07194600
v 0.40901467 -0.45220900 0.07468971
v 0.41289297 0.23086335 0.05025676
v -0.10244450 0.87678277 -0.07123181
v 0.18588816 -0.90668231 -0.05202313
v -0.38488328 0.70606601 -0.07161366
v -0.40960184 0.70619404 0.07249272
v -0.38121295 0.20965941 0.08333586
v 0.41213760 0.82614809 0.05903154
v -0.39129657 -0.80754429 0.08159128
v -0.32602152 -0.87154639 0.06105482
v 0.36869842 0.84893912 -0.07174698
v 0.39345393 0.01392145 0.08106496
v 0.39865297 -0.52089733 0.07996205
v 0.40937886 0.42076889 0.07367135
v 0.22457089 0.86917126 -0.07157429
v 0.40752152 -0.09684197 0.07592841
v -0.06876606 -0.91643441 -0.05292971
v 0.41229254 0.41544470 -0.04055640
v 0.07843070 0.92298996 -0.04244504
v 0.24002662 -0.84912032 -0.07232217
v 0.14775445 0.91503704 -0.05543596
v 0.40930784 -0.78854257 0.07304959
v 0.41216943 0.76809049 0.05821319
v -0.27151814 0.90181553 0.07706624
v 0.40992427 0.55686259 0.07103969
v -0.41229144 0.17764115 0.05763153
v -0.32764354 -0.84429562 0.08245631
v 0.39865297 -0.38244253 0.07996205
v -0.03250123 0.92287767 0.06510242
v -0.16546543 0.91793311 0.05100880
v 0.40005505 -0.54912692 0.07945040
v 0.25882402 0.85998100 0.08336124
v 0.24736348 0.90991199 0.02823687
v -0.38199285 -0.85182422 0.06011952
v 0.39801267 -0.63830972 -0.06497388
v 0.37823594 0.51689059 0.08336105
v -0.41295558 0.77805424 0.04847719
v -0.29426914 0.86168706 0.08335841
v -0.35705087 -0.85469967 0.07650475
v 0.05089618 -0.90092003 -0.06700201
v -0.39735970 -0.71527231 0.08030659
v -0.39565271 0.01407470 -0.06667446
v -0.39702883 0.57697874 -0.06563494
v 0.40963867 -0.27221793 0.07237398
v 0.24693784 0.88912004 0.08167911
v -0.00483783 0.92355186 -0.04811130
v 0.41206405 -0.51859987 -0.04434064
v 0.39954787 0.79853982 -0.06383010
v 0.41092470 -0.03223005 0.06593832
v -0.23583049 0.87812835 0.08335332
v 0.40606305 0.83080310 0.07775810
v 0.34106079 -0.86513746 0.06809567
v 0.40579647 -0.33221501 0.07792109
v -0.31830958 0.89350486 0.07505034
v -0.40960184 0.10622430 0.07249272
v -0.41181850 0.58906913 0.06212759
v 0.40752155 0.37390307 0.07592840
v -0.39997056 -0.03223005 0.07947621
v -0.41223302 0.63448715 -0.04384112
v 0.40454784 -0.10607436 -0.06176540
v -0.37318960 0.11703211 -0.07723998
v -0.37860957 -0.80964863 -0.07203460
v 0.40678936 -0.19904654 0.07651386
v -0.33897072 0.05613966 -0.08250398
v -0.03514400 -0.89883286 0.08259558
v -0.14303686 -0.91355234 0.06122841
v 0.40781438 0.08314870 0.07718957
v 0.35851398 -0.85989511 -0.04725541
v -0.39997056 -0.65989029 0.07947620
v 0.08779293 -0.91954619 0.06061057
v -0.32202268 -0.87355816 -0.03785558
v 0.40897089 -0.25375858 -0.05744641
v 0.38339236 -0.82706159 -0.06684245
v -0.40960184 0.06930324 0.07249272
v -0.40560147 0.45236099 0.07804006
v -0.39286941 0.28160897 -0.06808294
v -0.39723983 0.00249869 0.08033457
v -0.24020319 -0.88875234 0.07827432
v -0.10474314 0.90447021 -0.06584968
v 0.41312507 0.84162700 -0.01873679
v 0.15316556 -0.90848601 -0.05822174
v -0.39735502 0.80768502 0.08030768
v -0.41298512 0.79390359 -0.03096012
v 0.00066950 -0.89963180 -0.06798810
v -0.38013008 0.88268727 0.07662710
v -0.38449422 -0.56624752 -0.07287595
v -0.40560147 0.26775500 0.07804006
v -0.39997056 0.39236367 0.07947620
v 0.40640086 0.37448606 -0.05968270
v 0.04618281 0.92165416 -0.05080169
v 0.00456440 -0.92387289 0.06018772
v -0.28418648 0.89930010 -0.05791268
v -0.08720256 0.92157978 0.06027236
v 0.05101268 0.92277718 0.06400267
v 0.39204237 -0.57875276 0.08147354
v -0.28512427 0.90227550 0.07222875
v -0.29202127 0.88980383 -0.06368854
v 0.39345393 0.31852105 0.08106496
v -0.03693532 0.91328323 -0.06141147
v 0.40963867 -0.17068470 0.07237398
v -0.22766818 -0.89309609 -0.05866596
v -0.21525234 0.89698917 0.08100323
v -0.41165099 0.56074917 0.06017374
v -0.37100646 0.88955790 -0.05255726
v 0.40963867 0.10622429 0.07237398
v 0.38289744 0.83936930 0.08298906
v 0.41071957 -0.59574044 0.06698539
v -0.40931752 -0.45607486 0.07382246
v 0.26255655 0.90222842 0.07734682
v -0.29564720 0.89658934 0.07518747
v -0.40060627 0.86929756 0.07741779
v 0.40579644 0.30467600 0.07792109
v 0.31852734 0.85865140 0.08335502
v -0.22119637 -0.86123115 -0.07103962
v 0.40781441 0.09237885 0.07718956
v 0.40848911 0.06330132 -0.05770944
v -0.12481774 -0.91664839 0.05228588
v 0.41192371 0.04161235 0.05975879
v 0.40005502 0.33698174 0.07945041
v -0.38009629 -0.40144217 0.08334783
v 0.39865294 0.24521752 0.07996206
v 0.06049372 0.91480768 0.07563972
v -0.16409999 -0.89856046 -0.06382994
v -0.10181928 -0.89093792 -0.06892517
v -0.41286954 -0.47989959 0.05028877
v -0.40960184 0.60466093 0.07249272
v 0.40963867 -0.52143604 0.07237399
v -0.40989095 -0.51051176 0.07116685
v -0.38199252 -0.75163007 0.08316129
v -0.40958983 0.16263920 -0.05607691
v -0.39997056 -0.33683005 0.07947620
v -0.05107585 -0.90864503 0.07968063
v -0.40872812 0.87389702 0.02307165
v 0.40571478 0.01306832 -0.06068220
v 0.13382472 0.91337001 -0.05806068
v 0.37832490 0.88770562 -0.05476810
v -0.40889502 0.23545150 -0.05759417
v -0.41090795 0.15237576 0.06604577
v -0.19043112 0.91053939 -0.05835031
v 0.28095809 -0.88571364 -0.04397089
v -0.36284590 -0.85848755 0.05964594
v -0.40455011 0.51087397 -0.06154021
v 0.40892678 -0.75223678 -0.05754219
v -0.36669362 -0.83799958 0.08095744
v -0.40989095 -0.00284492 0.07116683
v -0.39151931 0.24454445 -0.06925528
v 0.32862455 0.89723009 0.06262122
v 0.38069621 -0.12786692 0.08330582
v 0.17997894 0.91069800 0.07476816
v -0.39947826 0.68773961 -0.06395102
v -0.41024438 0.12007801 -0.05375605
v -0.39594069 0.52250487 -0.06625813
v -0.40362185 0.15237576 0.07852807
v 0.38931918 -0.74715000 0.08218527
v -0.38283119 0.79036099 0.08310509
v -0.39104080 -0.41990703 -0.06973443
v 0.41303769 -0.42433739 -0.02905412
v -0.14841619 -0.87848705 -0.07008579
v -0.03233546 0.92319441 -0.04784551
v -0.38346693 0.84814447 -0.06978315
v -0.16157436 -0.90693992 0.07603799
v -0.40143710 0.81597376 -0.06306858
v 0.34703791 0.88859910 0.07722221
v 0.38036361 0.48475540 0.08330411
v -0.39997056 0.10622429 0.07947621
v 0.40868446 0.87380600 -0.03244778
v 0.40962839 0.10522480 -0.05598542
v 0.09690465 0.90843105 0.07955099
v 0.40572935 0.50312704 0.07697710
v 0.39156708 -0.04865902 0.08166638
v 0.16152944 0.91579169 -0.05042692
v 0.40469161 -0.67771190 0.07792971
v 0.39709845 0.54005766 -0.06559622
v 0.40992424 0.48302013 0.07103975
v -0.40893322 -0.11068750 0.07485019
v -0.22359510 -0.90045476 -0.01859349
v -0.41269001 0.45236075 0.05438560
v 0.41203046 0.33024636 0.05862744
v -0.40468630 0.53031838 0.07833253
v 0.40963867 0.59543067 0.07237399
v -0.39192802 0.22622615 -0.06876330
v 0.40378940 -0.62296933 0.07845941
v -0.40362185 -0.51682103 0.07852807
v 0.17552361 0.89111930 -0.06852649
v 0.31920910 -0.84332973 -0.06988695
v -0.18462744 0.91058993 0.07478092
v -0.13563134 0.88642788 0.08334760
v -0.31036475 0.89787459 -0.05158784
v -0.41070056 -0.49406707 -0.05262296
v -0.40960184 -0.48912999 0.07249272
v -0.38321421 0.52620304 0.08312313
v -0.40560147 0.67388803 0.07804007
v -0.39740753 -0.00453440 -0.06541327
v 0.39345393 0.64158189 0.08106496
v -0.40893322 0.33698174 0.07485019
v -0.16148761 0.91572499 -0.05036237
v -0.08765648 0.91920042 -0.05000987
v 0.30921841 0.89273000 0.07727882
v 0.41092470 0.02315175 0.06593832
v -0.39277333 -0.10628619 0.08141949
v 0.10778774 -0.91878986 -0.03032151
v -0.40024126 0.88141870 -0.03242781
v -0.40960187 -0.65527499 0.07249272
v -0.39997056 -0.19837531 0.07947620
v 0.31379363 0.90080273 -0.03247559
v -0.30466208 0.89475417 0.07546335
v -0.39956057 -0.43836793 -0.06397042
v 0.02240103 -0.91921562 -0.05520998
v 0.36949950 0.26932105 0.08337042
v 0.19882073 -0.88228959 0.08222605
v 0.41031668 -0.79853612 -0.05379761
v 0.40963867 0.22621806 0.07237399
v -0.06463968 0.91306287 0.07759962
v -0.41303253 -0.74097282 -0.02926123
v -0.40891010 -0.45682666 -0.05756490
v -0.41293776 -0.14299478 -0.03110558
v -0.39049256 -0.75547671 -0.06920338
v 0.22613412 0.90552199 -0.06054684
v -0.12467554 -0.90505934 0.07961153
v 0.41025421 -0.43375212 -0.05372533
v 0.37056229 -0.10253427 0.08337469
v 0.39865297 0.22567932 0.07996204
v -0.21247758 -0.90244764 -0.03954905
v -0.25419608 0.89209926 0.08082052
v 0.14805642 -0.88987589 0.08249601
v -0.18760030 -0.90543509 -0.05601392
v -0.08768465 -0.91269958 0.07534999
v 0.40757242 -0.83509123 0.00468519
v -0.40229380 0.05880655 0.07892130
v 0.11532170 0.91995287 0.06130150
v -0.40960184 -0.18914506 0.07249272
v -0.16822781 0.88740337 0.08323904
v -0.41291538 0.70993525 0.04944985
v -0.40795803 -0.23622100 0.07615707
v -0.09567077 -0.87014621 0.08336523
v -0.03263356 -0.91490054 0.07567748
v 0.11917659 0.88824415 -0.06998921
v 0.07861730 0.91426629 0.07506982
v 0.40901467 0.68311852 0.07468972
v -0.38829154 -0.84760153 0.06870089
v -0.40960184 -0.66450548 0.07249272
v -0.05087090 0.91917169 0.06997950
v 0.40893584 0.75347340 0.07438710
v 0.09662347 0.91903013 -0.05011141
v 0.40005502 -0.24452707 0.07945041
v -0.39997056 0.42005432 0.07947621
v 0.40895224 -0.67835456 -0.05748882
v -0.40960217 0.79849702 0.07249168
v 0.29085556 0.90071881 0.06940550
v -0.03240443 0.91319978 0.07786912
v 0.06580102 0.92232960 0.06325350
v 0.41092470 0.35544270 0.06593832
v 0.25399739 -0.88011569 -0.06393017
v 0.40752152 0.03699720 0.07592841
v -0.41304016 0.61187404 -0.02893384
v 0.39153585 0.42917550 -0.06917201
v 0.30122775 -0.87707752 -0.05301667
v 0.40244293 -0.76274198 0.07886761
v -0.23696409 0.90176088 0.07902455
v 0.41266701 -0.72706813 -0.03877411
v -0.38270414 -0.49374524 0.08322808
v -0.12465712 -0.89766037 -0.06649378
v -0.39343017 0.33698174 0.08106945
v 0.39476895 0.23629899 -0.06708422
v 0.40572584 -0.05906631 -0.06066826
v -0.38186732 0.87724233 -0.06171181
v -0.35512361 -0.44330043 -0.08112618
v -0.10938077 0.92177540 -0.02908175
v 0.10618760 -0.91046232 -0.06065147
v 0.17570309 -0.86796433 0.08338322
v 0.40901467 -0.46143901 0.07468972
v -0.34673610 0.81402308 -0.07635450
v 0.40897986 -0.16145556 -0.05742885
v 0.39037535 -0.46143901 0.08171891
v -0.33678162 0.89627004 0.06093952
v 0.00028724 -0.00852463 0.08336150
v 0.36372051 0.88923705 0.07324998
v -0.40931752 -0.09759105 0.07382246
v -0.41068444 0.39268184 -0.05268588
v 0.35389796 -0.55501157 -0.08089992
v -0.39997056 -0.67835122 0.07947621
v -0.33561176 -0.84259629 -0.06909022
v -0.05105095 -0.91346574 -0.06078451
v 0.01848243 0.92213267 -0.05172611
v 0.40229183 0.71777982 -0.06247860
v -0.39152408 0.17099452 -0.06927707
v -0.35797176 -0.83371353 -0.06950168
v 0.31798959 -0.85668892 0.08116022
v -0.39863193 -0.84330857 -0.01369508
v 0.40378943 0.58158499 0.07845941
v -0.38384256 0.72458267 0.08297845
v -0.40362185 0.04161235 0.07852807
v 0.28434369 0.85799599 -0.07244719
v 0.30949321 -0.87748623 0.05107032
v -0.10613638 -0.91170782 0.07512487
v -0.38950762 0.76936799 -0.06901775
v 0.27252463 -0.86393017 -0.06777193
v 0.41218022 -0.11991800 0.05682041
v -0.23649284 -0.88584000 -0.06350122
v -0.40960184 -0.15222406 0.07249272
v -0.41090795 0.23544830 0.06604577
v -0.40960184 -0.07838153 0.07249272
v -0.40564308 -0.80734318 0.07684857
v -0.35498801 -0.85217023 -0.06210399
v 0.09954429 0.88718820 0.08336838
v 0.38986319 -0.31084147 -0.07041033
v 0.06931294 -0.90073711 0.08179087
v -0.40746221 0.31852105 0.07599302
v -0.39343017 0.31852108 0.08106945
v 0.14966144 -0.91345596 -0.04012777
v -0.19981967 0.91431874 -0.04586946
v -0.40568748 -0.01376945 0.07700397
v 0.40901464 -0.15683900 0.07468972
v -0.39720634 -0.69682837 -0.06542749
v -0.22338514 -0.89860147 -0.04870778
v -0.40714628 0.19853060 -0.05903638
v -0.40229186 -0.58605140 -0.06276362
v -0.07075766 0.92351514 -0.04103970
v -0.40884632 0.87335908 0.04875692
v -0.40746221 0.54927897 0.07599302
v -0.32355523 0.86271119 0.08331080
v -0.39733842 -0.35991609 -0.06545179
v -0.40568748 -0.53066629 0.07700397
v 0.40005502 0.47543633 0.07945041
v 0.37052059 -0.07128048 0.08338246
v -0.39593035 -0.12578823 0.08062068
v -0.41025159 -0.09684294 -0.05373360
v 0.41192392 0.78926170 0.05975662
v 0.05910638 -0.92227745 0.06037117
v -0.38766751 0.48156634 -0.07131210
v -0.39997056 -0.29990876 0.07947621
v 0.41037339 0.63235170 0.06824890
v -0.20639354 0.90245044 -0.06370365
v 0.13440806 0.89905673 -0.06722718
v 0.39869592 -0.43375689 -0.06457336
v -0.34597453 0.86467153 0.08304340
v 0.35518736 0.88691843 -0.06060535
v 0.30011693 -0.87010169 0.07862885
v -0.39864001 -0.84330624 0.02306804
v -0.41279945 -0.66434610 0.05095652
v 0.18858767 -0.88467747 -0.06654740
v 0.40781441 0.43390000 0.07718956
v 0.36545774 -0.02165893 -0.07985263
v -0.26092058 -0.88475144 -0.06050204
v 0.40900871 -0.76921207 -0.05696576
v 0.26244372 -0.88983041 -0.05240131
v 0.41092661 -0.77062529 0.06592593
v -0.39735970 0.56773931 0.08030659
v -0.03245531 -0.91564608 -0.05901854
v -0.41042769 -0.28432426 -0.05287471
v 0.06139644 0.91621500 -0.05760319
v 0.40963867 -0.47528431 0.07237399
v -0.38269821 -0.30913925 0.08326006
v 0.41022983 0.61389846 -0.05380053
v 0.39712876 0.50313616 -0.06557899
v -0.40225101 -0.77054691 -0.06278525
v -0.40961683 -0.01477988 -0.05601274
v -0.19409004 -0.88294536 0.08193672
v -0.40960184 -0.61373907 0.07249272
v -0.40560147 0.18468200 0.07804007
v 0.29486161 0.89108181 0.07907571
v 0.40579647 -0.11991800 0.07792107
v -0.40523079 0.85951477 0.07786657
v 0.38751090 -0.37053695 -0.07166145
v 0.26316139 0.89536321 -0.06339249
v -0.39740330 -0.08761550 -0.06541453
v 0.40901467 -0.58143300 0.07468972
v 0.07328437 0.87813282 -0.07109768
v 0.40579569 0.80311197 0.07792155
v 0.41308376 0.84946078 0.03559295
v 0.34340683 0.85994309 -0.07087116
v -0.41193551 -0.70604205 0.05963667
v 0.09774875 0.92067415 0.06238303
v -0.40926868 -0.40184355 0.07315467
v -0.13385896 -0.91261071 -0.05504898
v -0.03255334 -0.92266339 0.06408924
v 0.40968880 -0.59549129 -0.05660159
v -0.36229473 0.35186154 -0.07891493
v -0.35002023 -0.70931393 -0.08038511
v -0.41276610 -0.12905055 0.05117711
v 0.39281857 0.81712490 0.08141206
v -0.41284579 0.85162789 -0.03009765
v 0.22624496 0.89185160 -0.06682577
v -0.39682549 0.74115151 -0.06546792
v -0.15106352 0.91195780 -0.05903162
v 0.40929893 0.05127242 0.07307348
v 0.29117677 0.90182424 -0.05005432
v 0.16156146 0.91376960 0.07236770
v 0.39282900 -0.18934879 0.08141035
v 0.39282900 -0.15202034 0.08141033
v 0.40886414 -0.20944102 -0.05753850
v 0.40572935 0.17083669 0.07697709
v -0.39997056 0.25390926 0.07947621
v 0.40901467 -0.14760900 0.07468972
v -0.38572019 0.88659698 -0.04978973
v 0.39223799 0.37390307 0.08164243
v -0.33629394 -0.86811614 0.06370765
v 0.36747649 -0.52466303 0.08337163
v -0.41298380 0.01715757 0.04753198
v 0.03192214 0.90824431 -0.06455947
v -0.08766592 0.90903437 -0.06351253
v -0.05084107 0.92348349 -0.04540559
v -0.35357010 0.55831176 -0.07867614
v -0.39896023 0.87911618 0.06713459
v -0.27468884 -0.88710392 -0.05300234
v 0.40005502 -0.26298770 0.07945041
v -0.40960184 0.65081203 0.07249272
v 0.40734363 -0.83489323 -0.03283164
v -0.39823639 -0.61444479 -0.06485151
v -0.39821869 -0.66059864 -0.06482708
v -0.27708384 -0.87500834 -0.06256902
v 0.40752152 0.00930630 0.07592841
v -0.34104809 0.86266512 -0.07023183
v 0.24472666 -0.89300078 -0.05412190
v -0.38495225 0.68787503 -0.07167582
v -0.40926868 0.02275048 0.07315467
v 0.39223799 0.76157570 0.08164244
v -0.39728290 -0.54913074 -0.06548232
v 0.21337140 -0.90110916 -0.04657149
v 0.35566035 0.89313173 0.06069580
v 0.41071305 -0.38266015 -0.05257434
v 0.39543876 -0.48573315 -0.06665622
v 0.41071954 0.17129844 0.06698540
v -0.39664760 -0.38272229 -0.06594489
v 0.31648037 0.89975715 0.05817901
v 0.40934488 0.86148328 0.07292105
v 0.40929893 0.33741152 0.07307348
v 0.39243150 0.88391823 -0.05116656
v 0.40469161 0.18993635 0.07792972
v -0.41026950 -0.02488190 0.07017075
v -0.11535111 0.91330141 0.07531913
v -0.41297427 -0.53995043 0.04758726
v -0.38323838 0.88875806 -0.03250615
v -0.14532401 0.91934246 -0.03911084
v -0.22567658 0.91239542 0.04866038
v 0.01429809 0.90824378 -0.06459577
v 0.41023609 0.44774914 -0.05378164
v -0.38351363 -0.82701188 0.08145056
v -0.40561077 -0.80111468 -0.06108284
v -0.29229599 -0.86660212 -0.06545521
v 0.40888193 0.57697546 -0.05762026
v 0.38516337 0.17575301 -0.07262661
v -0.39402544 0.86307573 -0.06433832
v -0.23097196 -0.89005935 0.07854780
v -0.41178593 0.76133543 0.06033009
v 0.39583513 -0.84231979 0.06928236
v 0.39997965 -0.40018517 -0.06414495
v 0.41285992 -0.58137566 0.05058961
v -0.39997056 0.35544270 0.07947620
v 0.40724707 0.78008634 -0.05888795
v 0.40963867 -0.54912692 0.07237398
v -0.41024417 -0.39683083 -0.05375659
v 0.39723700 0.35545149 -0.06551551
v 0.39155221 0.02300019 -0.06928882
v -0.38924524 -0.60322285 -0.07052270
v -0.36976379 -0.12723811 0.08337336
v 0.38111293 0.60647124 0.08330177
v -0.38339326 0.11654143 0.08300222
v 0.40752152 -0.18452999 0.07592841
v 0.40959340 0.34518844 -0.05606867
v 0.40923983 -0.82725137 -0.04986118
v 0.09679267 0.91566783 0.07147803
v -0.38347745 0.05268167 -0.07349279
v 0.38969082 0.56927860 -0.06992105
v 0.41233885 -0.13965654 -0.04327473
v -0.38269067 0.03238210 0.08329295
v 0.40901467 -0.12914850 0.07468972
v -0.40858760 -0.82511109 0.07170773
v 0.39751810 0.06930325 0.08026961
v 0.39569598 0.70530832 -0.06611747
v -0.41194150 0.44289866 -0.04549405
v 0.40690157 -0.81619430 0.07599753
v -0.39343017 -0.38298130 0.08106945
v 0.32652885 -0.87234497 -0.01807028
v 0.21839957 -0.87682778 -0.06835006
v 0.40378940 0.48928201 0.07845941
v 0.38054895 0.05114627 0.08330830
v -0.41020924 0.66928297 -0.05386331
v -0.16183415 -0.91100174 0.06057444
v 0.40005502 -0.42913306 0.07945041
v 0.38461930 0.86537015 -0.06591441
v -0.41290194 0.47996297 0.04993920
v -0.40560150 0.12007000 0.07804005
v -0.34940478 -0.86191100 0.06707869
v 0.40752152 -0.49836051 0.07592843
v 0.40109882 0.75161529 -0.06325001
v -0.39195687 -0.19837871 -0.06877208
v 0.39751810 0.10622430 0.08026961
v 0.37618715 -0.73251528 -0.07551403
v 0.40901467 0.14776051 0.07468972
v 0.08992726 -0.91779095 -0.04981969
v -0.38424432 -0.78384358 -0.07144447
v 0.40378940 0.20775768 0.07845941
v 0.31847563 0.88938695 -0.06247336
v -0.40120342 -0.78821921 -0.06330543
v 0.39037535 0.46159101 0.08171891
v -0.41286954 0.39697865 0.05028878
v -0.41136780 -0.38877428 0.06400496
v 0.04159207 0.91529179 0.07572485
v 0.41092470 -0.61373907 0.06593832
v 0.13631876 -0.91211331 -0.05457003
v -0.06869920 0.92261064 0.06301577
v -0.37474430 0.26406398 -0.07640556
v 0.39735952 -0.13599910 0.08030663
v 0.36469060 -0.84879708 -0.06239893
v 0.39706618 0.88480610 -0.01355646
v 0.41192371 -0.32759994 0.05975879
v -0.38268501 0.40620899 0.08331330
v 0.39174613 0.67839962 0.08196846
v 0.24963623 0.90907043 0.05771391
v -0.41290009 -0.31378633 0.05000419
v -0.39277333 -0.01355556 0.08141949
v -0.40960261 -0.75680852 0.07249023
v -0.26062363 -0.88976192 0.07088320
v 0.04115595 -0.91403276 0.07681684
v -0.41097236 0.31852522 -0.05165426
v -0.39739490 -0.12453704 -0.06541939
v 0.24461441 0.90648663 -0.05834985
v 0.38505188 -0.53500187 -0.07264416
v 0.39254144 0.55146849 0.08120734
v -0.35442048 0.88567650 -0.06175642
v 0.38925761 0.58485627 -0.07027778
v 0.39254147 0.26532921 0.08120734
v -0.40878558 0.87377793 -0.01368136
v 0.40005502 -0.28144807 0.07945041
v -0.41021547 0.57697666 -0.05384562
v 0.38611209 -0.50760043 -0.07194987
v -0.14299257 0.91872078 0.05992121
v 0.33352467 0.05859372 -0.08254119
v -0.41301122 -0.65149945 -0.03009498
v -0.14773461 -0.89644837 0.08111135
v -0.41210908 -0.67969841 -0.04409363
v 0.20250964 -0.90488452 -0.02298954
v -0.39997053 0.37390307 0.07947621
v 0.26398078 -0.89012110 0.06079473
v -0.40893406 -0.19837764 -0.05751790
v -0.39343017 0.68773371 0.08106945
v -0.34430507 0.87986058 0.08082417
v -0.39709437 -0.73379028 -0.06545035
v -0.40960184 -0.64142996 0.07249272
v 0.14646508 -0.91292363 0.06410714
v 0.38500232 0.27013445 -0.07246155
v 0.39006773 0.10927632 -0.07023704
v -0.38274744 -0.51329041 0.08313274
v 0.39055920 0.16162950 0.08266105
v 0.40005502 -0.29990876 0.07945041
v 0.39345393 -0.20760575 0.08106496
v -0.05387269 -0.92319947 0.04978248
v -0.39997056 0.77080595 0.07947620
v 0.32470953 -0.86908191 0.07534265
v 0.39832050 -0.38367355 -0.06482384
v 0.41092470 0.61389107 0.06593832
v 0.38924420 -0.65195954 -0.07042973
v 0.14504534 -0.89656031 -0.06590055
v -0.40960228 0.07955845 -0.05604727
v -0.41286954 -0.10145724 0.05028877
v 0.38054898 -0.17038099 0.08330830
v 0.20725757 0.89848453 0.08076204
v 0.29868793 -0.85436785 0.08264938
v -0.29536232 0.87273097 -0.07001929
v -0.41291279 0.36928800 0.04986338
v 0.40822309 -0.55871373 -0.05828325
v -0.40960184 -0.49836051 0.07249272
v 0.40565372 -0.45594198 -0.06076095
v 0.40901467 -0.06453610 0.07468972
v 0.33838212 0.89691544 -0.03130201
v -0.39297724 0.36412290 -0.06808456
v 0.40901467 0.13853000 0.07468971
v -0.41162345 0.55390394 -0.04637065
v -0.41193551 -0.68758166 0.05963667
v -0.39735970 -0.73373294 0.08030659
v -0.08774938 -0.89834011 0.08224039
v 0.06671936 -0.88823390 -0.06976585
v -0.22178492 -0.90067738 0.04757689
v 0.00923750 0.92222542 -0.05188197
v 0.13168758 0.91919678 0.05975135
v -0.34582675 -0.84359580 0.08179393
v 0.39282897 0.62332505 0.08141035
v -0.38926375 0.79080844 -0.06925312
v 0.30060661 -0.86070669 -0.06675435
v -0.40960184 0.62312132 0.07249272
v -0.39896315 0.06872411 -0.06480365
v -0.40961361 0.84444833 0.07235435
v 0.40911105 -0.83328652 -0.01367346
v 0.40895435 -0.69681621 -0.05748565
v -0.39997056 0.51235729 0.07947621
v 0.40816668 -0.75135320 0.07510372
v 0.39154431 0.41095650 -0.06917922
v -0.41023976 -0.73376882 -0.05376703
v -0.41057476 0.82183838 -0.05181293
v 0.02309906 -0.92329991 0.06421547
v 0.34436789 0.87980664 -0.06541489
v 0.16640943 -0.90815055 0.07473313
v 0.22597721 0.91164488 -0.04724022
v 0.33342379 -0.86872524 -0.05118081
v -0.01389932 0.91321164 0.07792323
v 0.40236977 -0.53990042 -0.06270755
v -0.39343017 -0.58604825 0.08106945
v -0.35936621 -0.85927242 -0.04925655
v 0.41212159 0.00458230 0.05923077
v 0.40752152 0.00007600 0.07592841
v 0.39231879 -0.58050346 -0.06873995
v -0.25457293 0.90503496 0.07622214
v -0.39997053 -0.46605405 0.07947621
v -0.40960184 0.35544270 0.07249272
v -0.25477281 -0.89253247 0.05414061
v -0.39600229 0.46583235 -0.06647135
v 0.39312673 0.81698972 -0.06673998
v 0.36194572 -0.84963197 0.07902224
v 0.39730224 0.25391823 -0.06547591
v 0.37109777 -0.82705712 0.08303025
v -0.40960184 -0.30913925 0.07249272
v 0.40378943 -0.59527868 0.07845941
v 0.38346317 0.87886971 -0.06044655
v -0.41117120 0.05072835 0.06557224
v 0.40901467 -0.21683624 0.07468972
v 0.40752152 0.31852108 0.07592842
v -0.16387507 0.89931709 -0.06624233
v -0.39613041 0.26409137 -0.06617693
v -0.10613222 0.92041355 0.06137723
v 0.00504202 -0.92303330 -0.04932586
v -0.41065961 0.68804604 -0.05277735
v -0.41211787 0.26123214 0.05854474
v 0.40400839 0.11802951 -0.06188444
v 0.34883481 -0.24379157 -0.08217439
v -0.31811213 0.89893717 0.06145469
v -0.19385779 0.91008329 0.07473621
v 0.40963867 -0.73373294 0.07237398
v -0.40926871 0.17043540 0.07315467
v -0.39997056 -0.40144226 0.07947621
v 0.40572935 0.63235170 0.07697709
v -0.10364434 -0.91863686 -0.04125258
v -0.35515469 0.88662678 0.07773238
v -0.40893322 0.00930630 0.07485019
v 0.32732809 0.87188268 -0.06903399
v -0.20177568 -0.89751720 0.07539897
v -0.15465775 0.91376817 0.07249057
v 0.40559897 -0.73466587 -0.06081677
v 0.08777120 -0.88995975 -0.06928385
v -0.40960184 0.43851525 0.07249272
v 0.40816766 -0.41906819 0.07510235
v -0.35050964 -0.25014576 -0.08217911
v -0.23020175 0.88146776 -0.06949321
v -0.21624267 -0.89864278 0.06758779
v -0.37035227 0.88868874 0.07385105
v -0.01391671 -0.91575736 -0.05948564
v 0.38094729 0.79880017 0.08325223
v -0.41286954 -0.59989369 0.05028878
v -0.13148700 -0.87956703 0.08328240
v -0.08754894 -0.91931307 0.06128698
v 0.40963867 0.12468494 0.07237399
v -0.39723983 -0.62077683 0.08033457
v 0.15313351 -0.90659392 0.07723820
v -0.41302627 0.12221767 -0.02944360
v 0.20854206 -0.89622712 0.07552356
v 0.38521749 0.74312472 -0.07110430
v 0.11543531 0.91321319 0.07537793
v 0.41281971 0.32008433 -0.03637789
v 0.38311511 -0.85024703 0.07124346
v 0.38917300 -0.41595861 -0.07051218
v -0.38279653 -0.63045013 0.08307791
v 0.40245131 -0.14299649 -0.06263182
v 0.38408506 0.67155576 -0.07204802
v -0.39277333 -0.69702584 0.08141948
v 0.39865297 0.29029155 0.07996205
v 0.41306099 0.41107771 -0.00708532
v 0.39735952 -0.44535831 0.08030663
v -0.32777035 0.88165694 0.08089869
v -0.01856020 0.90126902 -0.06731024
v -0.41026950 0.08588164 0.07017075
v -0.40746221 -0.69681191 0.07599302
v 0.30938444 0.89894819 -0.05042609
v -0.41300738 0.85104954 0.02733662
v 0.40752152 -0.34606031 0.07592841
v 0.36982992 -0.85566413 0.06534675
v 0.40734223 0.03448695 -0.05878749
v -0.41235137 0.49851644 -0.04217309
v 0.41303912 0.65431154 -0.02899674
v 0.40378940 0.69696391 0.07845941
v -0.29380530 -0.88236374 -0.03296674
v 0.26268008 -0.86165512 0.08319027
v 0.40469161 -0.40080294 0.07792971
v -0.41302568 -0.80498409 -0.02645548
v -0.15235788 0.90035826 0.08120552
v 0.07814344 -0.91349727 0.07486855
v 0.40901467 0.67388803 0.07468972
v 0.07901370 0.89964736 0.08237959
v 0.05562256 0.90014791 0.08233637
v -0.01385682 0.92270744 0.06594347
v -0.31036431 -0.87369227 0.07228796
v 0.37994540 0.88624966 0.07403917
v -0.20733687 0.91371584 0.06029426
v -0.08733226 -0.90755576 -0.06389462
v 0.40901467 0.72465467 0.07468972
v 0.40487507 -0.64195645 0.07823713
v 0.22163960 0.88003725 0.08326454
v 0.40896037 -0.36452222 -0.05746704
v 0.40963867 -0.38298130 0.07237399
v 0.41279024 0.47638360 -0.03694367
v -0.39730534 -0.47528878 -0.06547081
v -0.38419488 0.42018571 -0.07316411
v 0.35083607 0.27929351 -0.08082655
v 0.19033368 0.91349137 -0.05134875
v 0.41287845 -0.23988190 0.05039099
v 0.38354599 0.39713529 0.08304397
v -0.37347290 -0.84667665 -0.06159737
v 0.40241298 -0.77856499 0.07887840
v 0.26262268 0.90678579 0.06726316
v -0.27141455 0.89785737 -0.06135565
v -0.37741676 0.59054679 -0.07477035
v -0.24816117 0.86279464 -0.07231352
v 0.40610823 0.87419409 -0.04999618
v -0.39852118 0.48410630 0.07999603
v 0.40775847 -0.65678418 -0.05830383
v 0.38291016 -0.23301084 -0.07375268
v -0.39904842 -0.83678144 0.07378067
v 0.12439419 -0.89079523 -0.06824044
v -0.39738220 -0.17991872 -0.06542669
v 0.39274415 0.46621701 -0.06807551
v -0.17197694 0.90835071 -0.06150302
v 0.38877243 -0.56002373 0.08260733
v 0.38073322 -0.59833813 -0.07429072
v -0.40958905 -0.64246720 -0.05608017
v 0.36882809 0.88933527 -0.05610628
v -0.34687674 -0.65985733 -0.08056556
v 0.33540156 -0.86052883 -0.06061154
v 0.39200366 0.33668214 -0.06894010
v -0.40237114 0.05084841 -0.06269653
v 0.40166748 0.86473322 -0.06141825
v -0.00733253 -0.92427748 -0.04480709
v -0.00396334 0.91449809 -0.06081694
v -0.39664069 -0.40171000 -0.06594962
v 0.02166528 -0.92412907 -0.04011567
v -0.22614625 0.90965694 0.07262333
v -0.21683368 -0.88807935 0.08012514
v 0.39714336 0.48467577 -0.06557050
v 0.22304793 -0.90054131 0.03806771
v -0.41288751 0.80315048 0.05008863
v -0.38268992 -0.32759994 0.08329713
v -0.32759720 0.89316577 -0.05752295
v -0.12444519 0.91943514 0.06136022
v 0.41018525 0.66187912 -0.05355955
v -0.23531452 0.90833110 -0.05616321
v -0.36215869 0.22198181 -0.07962351
v -0.21694323 0.91096830 -0.05457206
v -0.41022304 0.46621096 -0.05382229
v -0.12454797 -0.91395462 0.06821433
v -0.39997053 0.61389107 0.07947621
v 0.41309869 -0.41387013 0.03700759
v -0.40362185 0.27698499 0.07852807
v -0.33684096 0.88106138 -0.06534255
v -0.40221277 0.42929304 -0.06285628
v -0.41024151 0.63696700 0.07094949
v 0.41092470 0.50312704 0.06593832
v 0.39280927 0.39237452 -0.06807237
v 0.41150564 0.84522063 0.06070303
v -0.36577708 0.87485176 -0.06499947
v 0.31408060 -0.87080258 0.07623681
v 0.35747057 -0.78837949 -0.07626909
v 0.06920639 -0.90880179 -0.06333007
v 0.40901467 -0.08299670 0.07468971
v 0.40901467 0.25852451 0.07468972
v -0.16753158 -0.88562375 0.08233724
v 0.41256380 -0.39802220 -0.04082819
v 0.36450171 0.77975011 -0.07630000
v 0.38471112 0.76145804 -0.07140738
v 0.36402833 -0.34130543 -0.07995132
v 0.39282900 -0.34585655 0.08141033
v 0.38483813 0.72453761 -0.07153414
v 0.24106263 -0.87288666 0.08233321
v -0.38445640 0.76659626 0.08286735
v -0.06940428 -0.90712595 -0.06483712
v -0.39327854 -0.84735882 0.04110154
v -0.40960184 -0.47528431 0.07249272
v -0.38581961 -0.65527529 0.08246432
v 0.39450851 -0.84646088 -0.02267094
v -0.37364319 -0.17891181 -0.07756832
v -0.24845809 -0.89234334 -0.05371554
v 0.40579647 0.27698499 0.07792107
v -0.24823757 -0.87506729 -0.06679057
v 0.40127623 -0.78070867 -0.06319303
v 0.11604501 -0.91256547 0.07383970
v 0.39036468 -0.00126352 -0.06999604
v -0.36228341 0.85021919 0.08346000
v 0.11767048 0.92133200 -0.02994489
v -0.40456834 0.21630251 0.07798909
v -0.41024306 -0.43836513 -0.05376005
v 0.33563942 0.88939744 -0.06119158
v -0.11671671 0.91317469 -0.05947379
v 0.34295142 -0.86673963 0.05111536
v 0.35294759 -0.84150195 -0.06731533
v -0.38122192 -0.19647358 0.08331370
v 0.21695551 -0.88230067 0.08134489
v -0.41069821 -0.62329197 -0.05263021
v -0.40893322 -0.62758452 0.07485019
v -0.41242462 -0.26615337 -0.04136892
v -0.14125010 0.91042727 0.07757602
v -0.41070282 0.28114781 0.06708179
v 0.04141945 -0.92310774 0.06300408
v 0.27981201 0.89937872 -0.05966721
v 0.37385267 -0.47474274 -0.07736289
v -0.19228122 -0.85817522 -0.07188665
v -0.13386370 0.91327238 -0.05813929
v 0.40444916 -0.50297916 -0.06187960
v -0.40960184 0.72003949 0.07249272
v -0.06895240 -0.91370881 0.07510716
v -0.39997056 -0.56758732 0.07947620
v 0.39216802 -0.84726858 -0.04288623
v 0.19360913 -0.90602934 -0.03978440
v -0.40861377 -0.83407265 0.04116309
v 0.41092470 -0.40144226 0.06593832
v 0.40903652 -0.41221973 -0.05690629
v 0.40005502 -0.17068470 0.07945041
v 0.40961474 -0.63118911 -0.05602056
v -0.40961206 -0.13477959 -0.05602407
v -0.39799821 0.67001659 -0.06492890
v 0.18855721 -0.89966315 0.07750352
v -0.39388272 -0.04990048 -0.06775094
v 0.39476001 -0.19333099 -0.06707273
v 0.05059816 -0.91477883 -0.05853232
v 0.28179482 0.88383204 -0.06712113
v 0.39282900 -0.36472467 0.08141033
v 0.40963867 -0.29067832 0.07237399
v 0.00461065 -0.91577965 -0.05951202
v -0.39997056 -0.31836969 0.07947621
v -0.39852118 -0.41934258 0.07999603
v -0.41299850 0.82220006 -0.03020707
v -0.39735973 -0.14299393 0.08030658
v 0.40963867 0.44774568 0.07237399
v 0.36930174 -0.67322838 0.08337548
v 0.40469161 -0.03286937 0.07792971
v -0.29039279 0.88416356 0.08129021
v 0.36365634 0.87804449 0.08027077
v -0.40960184 0.46620607 0.07249272
v -0.17069858 0.91447908 0.06844859
v -0.36118117 -0.65527219 0.08336148
v 0.39183620 -0.02482789 -0.06880341
v -0.11934467 -0.86684316 -0.07137003
v -0.06028267 0.87754154 -0.07113872
v -0.39997056 -0.21683624 0.07947621
v -0.39100486 -0.26996940 0.08169644
v 0.41253865 0.68313599 -0.03990650
v 0.08314437 0.92313504 0.03179493
v 0.36952046 0.39232028 -0.07710537
v -0.35915741 -0.81561589 0.08346962
v -0.37944612 -0.85326540 -0.03042142
v 0.12108973 -0.91650850 -0.04560820
v 0.17854184 0.91601664 -0.04614314
v -0.38519618 -0.43992543 -0.07245652
v 0.39642140 0.52184844 -0.06607863
v -0.39947596 0.70619994 -0.06392861
v -0.01847187 0.92359322 -0.04722313
v -0.40887955 -0.27174652 0.07449778
v -0.40001211 0.84469599 0.07941396
v 0.41303137 0.71191084 -0.02932720
v 0.38147095 0.20208302 0.08333243
v -0.24939616 -0.89195603 0.07091717
v 0.40005502 0.59543067 0.07945041
v -0.40893871 0.03238472 -0.05750880
v 0.37600020 0.48151833 -0.07545728
v 0.39220241 0.78005368 -0.06765421
v 0.39442062 -0.84682393 0.02771572
v -0.41286954 -0.34144533 0.05028878
v -0.41280001 -0.78486866 0.05039568
v 0.40893590 0.22622125 -0.05751455
v -0.41178092 0.05571621 -0.04572316
v -0.39997056 -0.50297570 0.07947621
v -0.27103058 -0.86440712 0.08201349
v -0.40960187 0.72926998 0.07249272
v -0.25676778 0.89348626 -0.06450304
v -0.41062883 -0.82807106 -0.01079755
v 0.37597296 0.89033145 0.03070308
v 0.07851414 0.92131412 0.06326478
v 0.39194307 -0.25376213 -0.06877676
v 0.40714738 0.41082793 -0.05903462
v 0.40963867 -0.43836331 0.07237399
v -0.40228751 -0.67835724 -0.06273109
v -0.38849708 -0.25429615 -0.07093573
v -0.05661853 -0.88441283 0.08337753
v -0.39988565 0.87776846 -0.05298627
v 0.38104519 0.30089581 0.08328340
v 0.40717426 0.68774182 -0.05898795
v 0.29920390 -0.87798673 0.06856194
v -0.10607532 0.91860789 -0.05048177
v -0.40960184 -0.33683008 0.07249272
v -0.38450563 0.86562341 0.08103956
v -0.39603192 0.13392402 -0.06636680
v -0.40234941 -0.29991123 -0.06271632
v 0.40005502 0.05084265 0.07945041
v 0.02328819 0.92298520 0.06516915
v -0.17133628 -0.90703559 -0.05723520
v -0.40039548 0.88055426 0.05507750
v -0.39701155 0.59543961 -0.06563452
v -0.39729440 -0.51221037 -0.06547707
v 0.40929893 0.40202370 0.07307349
v 0.03512415 0.92441034 -0.03483498
v -0.35544914 -0.76424336 -0.07774497
v 0.40752536 0.81694955 0.07592431
v 0.13895604 0.92015845 0.03963891
v -0.38121405 0.01201987 0.08333371
v -0.39997053 -0.35529068 0.07947621
v -0.40960184 -0.35529068 0.07249272
v 0.39204237 -0.66182530 0.08147354
v 0.41291976 -0.07373812 0.04947406
v -0.22614224 0.89911216 -0.06405846
v 0.39282900 0.72445095 0.08141034
v -0.39850152 -0.77005380 0.08000110
v 0.41306293 -0.33565706 0.02593351
v 0.14310907 0.90590531 0.08021795
v 0.13402644 -0.91071808 0.07499427
v -0.21073072 -0.86056983 0.08334879
v 0.28307119 -0.87785769 0.07643311
v 0.40714979 0.39236748 -0.05903156
v -0.41291538 0.73937410 0.04944983
v 0.17962781 0.89886016 0.08123665
v 0.41092470 0.54004872 0.06593832
v 0.17311963 -0.91000861 -0.03159531
v 0.40752152 0.77080595 0.07592843
v -0.39997053 0.46620607 0.07947621
v 0.23549020 -0.87804163 -0.06675427
v 0.37446234 -0.27494764 -0.07712178
v 0.18001355 0.90710205 -0.06191633
v -0.40217423 0.54005718 -0.06290127
v -0.27553007 -0.88780087 0.03969939
v -0.39995298 -0.26424056 -0.06416128
v 0.16580999 -0.91119146 0.05004289
v 0.31822863 -0.86121285 -0.06383560
v -0.39829895 0.11615488 -0.06483958
v 0.23538397 0.90952080 0.06788120
v 0.41298503 0.80355859 -0.03082207
v -0.04973609 -0.91939276 0.06741139
v -0.33678317 0.89178967 0.07480345
v -0.39997056 0.75234532 0.07947621
v 0.16355741 0.91815442 0.04947800
v 0.40617418 0.76364362 -0.06055355
v 0.39150169 0.17992724 0.08218195
v 0.41299731 -0.67048723 0.04724432
v -0.40357280 0.88065833 0.00486469
v -0.06962021 -0.89950556 0.08221336
v -0.28189218 -0.88297343 0.06909120
v -0.40891376 -0.41990563 -0.05755771
v 0.29028872 -0.88334465 0.05142224
v 0.41203046 -0.49624023 0.05862748
v -0.40872642 0.87388170 0.03695635
v -0.39096001 0.10448352 -0.06922059
v 0.40901467 0.15699100 0.07468972
v 0.39345393 -0.02299975 0.08106496
v 0.41192371 -0.34606031 0.05975879
v -0.39997056 0.43851525 0.07947621
v 0.39345393 0.50312704 0.08106496
v 0.11544350 0.90864855 -0.06319931
v 0.39228949 -0.83347225 0.07813112
v 0.39209673 0.86882859 0.07966287
v -0.06892841 0.90802854 -0.06464560
v 0.40901467 -0.56758732 0.07468972
v -0.37387314 0.15093493 -0.07723098
v -0.41292325 -0.41907763 0.04944909
v 0.41298258 0.52163857 0.04758509
v 0.27300525 -0.88132477 -0.05931537
v 0.12460806 -0.90691549 -0.06188230
v 0.40761220 -0.83509916 0.04148558
v 0.36750281 -0.44979817 0.08337137
v 0.40992427 0.52323431 0.07103972
v 0.41237038 0.80775845 0.05842759
v 0.40633032 -0.83081090 0.07480330
v 0.40763009 -0.83360225 0.05851122
v 0.40365142 -0.79997218 0.07880616
v -0.41030571 -0.82898587 0.02023773
v 0.41308019 -0.25430503 -0.02589533
v -0.41081858 -0.17488095 -0.05222899
v 0.40711933 0.87593693 -0.01373062
v 0.16171397 0.89741844 0.08199862
v -0.27111116 0.90631485 -0.05193001
v -0.40926871 0.56814063 0.07315467
v -0.39997053 0.07853353 0.07947621
v 0.05816342 -0.92253768 -0.04191494
v 0.17993627 0.91563696 0.06125994
v 0.41071957 -0.67881298 0.06698538
v 0.40287259 0.82848793 -0.06215052
v -0.40895995 0.48309731 -0.05705666
v 0.00459593 0.91323012 0.07791694
v 0.19846728 0.90658396 -0.06144549
v 0.40243179 -0.23529951 -0.06264956
v -0.37479019 -0.51306635 -0.07674021
v -0.39734885 -0.31837329 -0.06544607
v -0.41284862 -0.72917885 0.05049997
v 0.17077391 -0.90898293 -0.04953402
v -0.17993365 0.91457534 -0.05025610
v 0.40916285 0.81561965 -0.05667277
v 0.41299856 0.85026711 0.01151403
v -0.39997056 -0.05069065 0.07947621
v 0.41223592 0.18613614 -0.04371677
v -0.28344145 0.90429461 -0.04706227
v -0.30896971 -0.87595230 -0.05012308
v -0.06794193 -0.92099476 0.06067960
v 0.40901467 -0.50759101 0.07468971
v -0.36569956 0.08013681 -0.07951765
v 0.41227975 0.29236004 -0.04334608
v 0.41121829 0.85814655 -0.04555796
v 0.03021223 0.89504355 0.08328162
v 0.40752152 -0.05069065 0.07592841
v 0.32313001 0.89704233 -0.05041266
v -0.40997005 0.87008655 -0.03273549
v -0.41303292 0.57840616 -0.02917119
v 0.40817541 0.46586773 -0.05836017
v -0.40893820 -0.15222523 -0.05750978
v 0.07851990 0.91538149 -0.05803649
v 0.26587903 -0.88341254 0.07743707
v -0.35116711 -0.14373361 -0.08237347
v 0.40579647 -0.48912999 0.07792107
v -0.40868050 0.76157570 0.07385661
v 0.40745881 0.84452766 -0.05852825
v 0.40929893 0.29126009 0.07307347
v 0.32049224 -0.87307400 0.06272802
v -0.10610338 -0.91760951 0.06126093
v 0.41297555 0.55844122 0.04772646
v 0.34238905 -0.82326996 0.08336657
v 0.22615135 0.90387046 0.07873030
v -0.30079919 0.90168971 0.06156180
v 0.40526322 0.87360913 0.06939866
v -0.40960184 0.37390307 0.07249272
v -0.19706841 -0.90445662 0.06591129
v -0.39945212 -0.82449400 0.07851250
v -0.40759468 0.66465747 0.07742625
v 0.39194968 -0.16608045 -0.06877904
v -0.41023335 0.30006495 -0.05379025
v -0.38064241 -0.47292602 0.08334540
v -0.40960184 -0.04146035 0.07249272
v 0.41203621 -0.36418760 0.05984955
v -0.37142846 -0.85403132 0.07051893
v 0.38225845 0.74112791 0.08315647
v 0.10621753 -0.89798665 0.08195088
v 0.41203046 0.28409511 0.05862742
v -0.40960187 -0.74757802 0.07249272
v 0.41071957 -0.63173795 0.06698536
v 0.19671105 0.91327125 0.06704754
v 0.36949614 0.89071715 0.06002114
v -0.24453916 0.89878511 -0.06313931
v 0.39395478 -0.84689951 0.05054507
v -0.35650030 0.45433363 -0.07917153
v 0.39810190 0.59615886 -0.06497975
v -0.39948267 0.65081853 -0.06399659
v 0.39244199 -0.81688285 0.08122019
v 0.41281971 -0.14775783 0.05095287
v 0.37497014 0.44927144 -0.07586421
v 0.38552389 -0.11069702 -0.07252575
v 0.39397231 0.68774295 -0.06698655
v -0.38269269 0.37851837 0.08328556
v -0.40960184 -0.05992095 0.07249272
v -0.39597777 0.82485300 0.08061054
v 0.40963867 0.06930325 0.07237399
v 0.40901467 -0.65989029 0.07468972
v -0.31049135 0.90137941 -0.02973719
v 0.40572935 0.35544270 0.07697709
v -0.39997056 -0.48451474 0.07947621
v -0.36525980 0.87397379 0.08109802
v 0.38120157 -0.76882428 0.08327392
v -0.15233764 0.87988168 -0.07064623
v -0.39149347 -0.23546383 -0.06931084
v -0.07817630 -0.92070502 -0.04275702
v -0.41061166 0.52621067 -0.05167940
v 0.38401118 -0.60958469 0.08298583
v 0.38614941 0.31392550 -0.07181149
v -0.10621447 -0.89806932 0.08188754
v 0.24448882 -0.89546531 -0.03178369
v -0.29093045 -0.88104314 -0.05097821
v -0.33015728 0.89802778 -0.04028660
v 0.37176061 0.24431488 -0.07751828
v -0.38061181 -0.02903206 0.08330008
v 0.03693415 0.92260611 0.06519810
v 0.36972317 -0.08267199 -0.07865573
v -0.39818266 0.39166117 -0.06492741
v -0.40220603 0.44775400 -0.06286388
v -0.41303098 -0.05312696 -0.02927511
v 0.37357196 -0.39673677 -0.07723340
v 0.38368598 -0.84363312 -0.05938767
v 0.40818158 0.42963228 -0.05835019
v -0.41013154 -0.80785263 0.06817392
v 0.40572935 0.02315175 0.07697710
v -0.41290119 -0.19299726 0.04964568
v 0.24218379 -0.89417726 0.06752616
v -0.25838611 0.90850770 -0.03295447
v -0.41304111 0.52733785 -0.02882704
v -0.38450792 -0.58605081 -0.07289609
v 0.38507360 0.79838663 -0.07083570
v 0.39187750 -0.72240829 0.08130658
v 0.41192371 -0.09684196 0.05975879
v -0.39187932 0.34622300 -0.06875729
v 0.38054892 0.08746015 0.08330830
v -0.28905135 -0.88345337 0.05312821
v -0.20249829 -0.90465087 0.05258976
v -0.09707749 0.90091109 0.08180065
v 0.39345393 -0.08761176 0.08106496
v -0.35493711 0.72442389 -0.07731009
v -0.18886803 0.89874440 0.08110280
v -0.40746221 0.13391507 0.07599302
v 0.41159272 -0.54289216 -0.04583658
v -0.39835081 -0.03291259 -0.06480103
v 0.40963867 -0.13837899 0.07237398
v 0.40941951 -0.18329599 -0.05651645
v -0.37421927 -0.00410653 -0.07750030
v 0.36526275 0.87384939 -0.06583273
v 0.35131356 0.00889597 -0.08238155
v -0.38172060 -0.08833311 0.08318966
v -0.40891567 -0.71530151 -0.05756001
v 0.39318091 0.88190585 0.06819811
v 0.40752155 -0.36452091 0.07592840
v 0.26344827 -0.89067161 -0.03445110
v -0.40889880 0.21699110 -0.05758676
v 0.40898636 -0.02299657 -0.05741603
v -0.38328347 0.29528531 0.08312029
v 0.38055101 -0.39251539 0.08330185
v -0.30668187 -0.85792905 0.08183360
v 0.40344787 0.51916057 0.07836416
v -0.40956855 0.76977384 -0.05613940
v 0.41071954 0.18883534 0.06698540
v 0.17062868 -0.90235078 -0.06159369
v 0.03482565 -0.91261822 -0.06159686
v 0.34447283 0.53062397 -0.07894441
v -0.38269362 0.43389997 0.08328174
v -0.39997056 0.30006069 0.07947620
v -0.41098583 0.14314757 -0.05159301
v 0.40237382 0.18930297 -0.06270730
v -0.40673274 -0.38233158 0.07656301
v -0.39997053 -0.28144807 0.07947621
v 0.41300052 0.71595883 0.04703802
v -0.40894598 -0.05992150 -0.05749458
v 0.40487859 -0.81564313 -0.06068000
v 0.33227959 -0.81706655 -0.07454299
v -0.37545881 -0.54254115 -0.07656932
v 0.39282900 -0.68778545 0.08141033
v 0.34947097 -0.30326390 -0.08202272
v 0.39748874 0.88434666 0.03210257
v 0.33893344 0.89692223 0.03942072
v -0.40960184 0.30006069 0.07249272
v 0.19984709 -0.90205175 -0.05088395
v -0.38194138 -0.28905326 0.08321327
v 0.41310313 -0.61483639 0.03768293
v -0.30788612 0.89100337 -0.06230245
v -0.18926094 0.89973199 -0.06523377
v 0.40454310 -0.12453548 -0.06177080
v 0.05084604 0.90927780 -0.06356738
v -0.39997056 0.02315175 0.07947621
v 0.40005502 -0.47528431 0.07945041
v -0.32973674 -0.87130928 0.03948554
v -0.20698155 0.90893644 0.07587074
v -0.11548357 0.89855158 0.08238808
v 0.40030837 0.84437472 0.07933932
v -0.40960830 0.81695914 0.07247211
v 0.39518601 -0.84603566 0.00010777
v -0.37789199 -0.35784185 -0.07543188
v 0.39097211 -0.70605361 -0.06952482
v -0.41023993 -0.69682437 -0.05376719
v -0.36064565 0.89303964 -0.03180816
v -0.01828872 0.92468005 0.04834850
v 0.11528060 0.91827315 -0.05046057
v 0.39551327 -0.21744214 -0.06662212
v 0.34398431 -0.86627233 -0.03620771
v -0.27126458 0.88097644 0.08300920
v 0.40781441 0.71080899 0.07718955
v 0.02386838 -0.88460207 0.08339739
v -0.37590522 -0.39146441 -0.07630400
v -0.23967598 -0.85619098 0.08338159
v -0.41143513 0.53543347 0.06322759
v -0.41304645 0.03128104 -0.02854900
v -0.39997053 -0.08761176 0.07947621
v 0.39115524 0.15238605 -0.06968120
v 0.08887675 0.92229301 0.05212906
v 0.27196196 0.88138443 0.08249652
v 0.41301930 0.61639917 -0.02980171
v 0.38389108 -0.44509146 -0.07318117
v -0.38121256 -0.43103495 0.08333586
v 0.41023242 0.51236248 -0.05379300
v 0.27986875 -0.88526267 0.06772008
v 0.04106218 0.81360435 -0.07675723
v -0.04138993 -0.92339593 -0.04506768
v -0.39700240 0.88491839 0.04101109
v -0.40107119 0.49461561 -0.06341802
v -0.27134469 -0.88813251 0.06236862
v 0.40245488 0.39103925 0.07886332
v 0.38290080 -0.63674307 0.08318537
v 0.40235350 0.27658460 -0.06259506
v -0.40960184 -0.13376369 0.07249272
v 0.40901467 -0.07376640 0.07468971
v -0.41017222 0.84484541 -0.05372589
v -0.39997053 0.19852731 0.07947621
v 0.31788027 -0.87145942 -0.05609531
v 0.30578223 0.87114382 -0.07009055
v 0.16120572 0.91845173 -0.02922638
v 0.02252792 0.91429722 0.07712199
v 0.35268795 0.12239096 -0.08174418
v -0.01098184 -0.89810926 0.08283715
v -0.38410130 0.66233289 -0.07209112
v -0.40362185 0.40620899 0.07852807
v 0.20808896 0.91308779 -0.04890306
v -0.32633710 -0.86828220 0.07651766
v 0.39717153 0.44775465 -0.06555413
v -0.41023940 -0.65989447 -0.05376956
v 0.16273199 0.90868485 -0.06171646
v 0.39949188 0.73389095 -0.06388254
v -0.18139470 -0.90762639 0.06302586
v -0.39659929 -0.53040683 -0.06597298
v 0.41302833 0.25860485 -0.02925756
v 0.32585156 0.88092351 0.08120812
v 0.41071954 0.20821944 0.06698540
v 0.39106062 -0.55836076 -0.06970223
v -0.39996380 -0.75218016 0.07947827
v 0.40752152 -0.71527231 0.07592841
v 0.40378943 -0.31375450 0.07845941
v -0.39821887 -0.83996844 -0.05398433
v 0.38261068 -0.29529354 0.08329036
v -0.41305411 -0.60866702 -0.02810224
v -0.40896034 0.83080310 0.07479640
v -0.08904345 -0.91689849 -0.05162723
v -0.08320750 0.89109248 -0.06986540
v 0.40953964 -0.08362553 -0.05591470
v 0.22683264 -0.89493114 -0.05637012
v -0.34504223 -0.08909429 -0.08280552
v -0.40960184 0.19852732 0.07249272
v 0.40109807 0.65009099 -0.06335606
v -0.40819916 -0.75189400 -0.05832413
v -0.39528233 0.88591492 -0.01233620
v 0.39190695 0.37391374 -0.06872995
v -0.26491079 0.90739757 0.05956320
v -0.19029965 -0.89893633 0.07755464
v -0.38978833 -0.45220879 0.08207518
v 0.39494148 -0.35394102 -0.06706495
v 0.39563668 -0.29082510 -0.06668834
v 0.37496156 -0.85340273 -0.05075550
v 0.41025090 -0.34144828 -0.05460400
v 0.41041091 0.70906907 -0.05292526
v -0.39149141 -0.06898451 -0.06932601
v -0.10534726 -0.90972805 -0.06136057
v 0.39904571 0.88194716 0.05218804
v -0.41304612 -0.29647261 -0.02856879
v 0.29950640 0.89093924 -0.06284345
v 0.40752152 -0.69681191 0.07592842
v -0.41301998 0.76407808 -0.02976668
v 0.24441378 0.89084631 -0.06661445
v 0.34747452 -0.85007250 0.08022949
v 0.12465843 -0.89767349 0.08155368
v 0.40901467 -0.53528148 0.07468971
v 0.40127146 0.88171703 0.00390534
v -0.40229380 0.59416425 0.07892130
v 0.40237340 -0.52143967 -0.06270435
v 0.22543873 -0.89871663 0.06127004
v -0.01368366 -0.92290664 0.06526640
v -0.17557254 0.87968075 -0.07051352
v -0.12927090 0.91115552 0.07748598
v -0.41093665 0.70620430 -0.05180723
v 0.38328591 -0.04962888 -0.07362059
v 0.41177705 -0.71504742 0.06041328
v -0.21256919 -0.88480151 -0.06593306
v -0.40816826 0.28194767 -0.05837167
v -0.38121894 0.67117453 0.08332264
v -0.41070282 0.21744019 0.06708179
v 0.09688615 -0.91240072 0.07511187
v 0.41099924 -0.19376017 0.06545939
v 0.41297555 0.59543055 0.04772654
v 0.40024966 -0.27222130 -0.06420304
v -0.41070506 0.74605638 -0.05216576
v 0.35347676 -0.12927175 -0.08204249
v 0.37699488 0.54648829 -0.07494257
v -0.40893322 -0.11991800 0.07485019
v 0.39223763 0.84226578 -0.06661794
v 0.35408860 -0.65658021 -0.08040373
v 0.27612191 0.90110886 0.07663872
v 0.00140427 0.88643616 0.08338545
v -0.39607328 -0.21684004 -0.06633697
v 0.37698627 0.70181692 -0.07443617
v 0.39224610 -0.75653023 -0.06836861
v -0.40893322 0.49851200 0.07485019
v 0.13871150 0.87887400 0.08335784
v 0.38509539 0.65096158 -0.07179607
v -0.39109957 0.18930499 -0.06969739
v -0.01389692 -0.91523081 0.07597946
v 0.41091636 0.63698399 -0.05070175
v -0.19015653 -0.89070684 -0.06469545
v -0.37787539 -0.09009404 -0.07568890
v -0.41024205 -0.47528613 -0.05376318
v -0.38079518 0.88890696 0.05614293
v 0.40900740 0.32931188 -0.05696347
v 0.41130158 -0.81696850 0.05645954
v 0.15234579 0.90028107 -0.06613384
v -0.41066188 0.65112615 -0.05277091
v -0.38472676 0.40160486 -0.07260977
v 0.10342143 0.87409943 -0.07147329
v 0.39282900 -0.22586294 0.08141034
v -0.08561826 0.92296624 -0.02945178
v 0.41267055 -0.47026163 0.05209984
v -0.38246939 -0.84315073 0.07717812
v -0.38250110 -0.56761765 0.08311457
v 0.40397051 0.74132288 0.07863015
v 0.37364808 -0.85534441 -0.03135782
v -0.12410124 -0.91715997 -0.02941857
v 0.39099783 -0.68758684 -0.06953882
v -0.41244113 0.68095154 0.05728836
v -0.37491989 -0.73486477 -0.07594201
v -0.40814918 0.25555956 -0.05830962
v -0.40775266 0.79941636 -0.05902012
v -0.40207595 0.83409446 -0.06275427
v -0.39997053 0.72465467 0.07947621
v -0.38445637 0.15739658 0.08286736
v 0.38567182 0.63236243 -0.07146680
v 0.41299117 -0.73119098 0.04729498
v -0.40960184 0.39236367 0.07249272
v 0.40898374 -0.00453453 -0.05742112
v -0.15670940 -0.02711624 -0.08328927
v -0.40893322 -0.59989399 0.07485020
v 0.41238660 -0.81255710 -0.03369621
v -0.38273153 0.18468665 0.08321501
v 0.20773134 0.90945119 0.07446823
v 0.41057155 0.86953861 0.00427338
v 0.09570763 0.92244369 -0.03013809
v -0.40550077 0.37485030 -0.06095267
v -0.40931752 0.74236602 0.07382244
v 0.14753310 -0.72564960 -0.08026966
v 0.41092470 0.69696397 0.06593832
v -0.39806467 0.61316931 -0.06498286
v 0.41094717 0.36376113 -0.05098373
v -0.36909378 -0.21682572 -0.07864527
v 0.41310421 -0.54418260 -0.01812983
v -0.38152382 0.82388830 -0.07122998
v -0.40989095 0.41251823 0.07116685
v 0.39043444 0.08918100 -0.06955176
v 0.39223799 -0.00453915 0.08164244
v 0.41256601 0.38750702 -0.03945381
v 0.06752977 0.90040892 -0.06751886
v -0.18919471 0.91564023 0.05907616
v 0.41230166 -0.79574418 0.05750738
v -0.40835896 -0.54884458 0.07547954
v 0.37432334 0.86513060 0.08201996
v -0.05051956 0.90792656 0.08035398
v -0.40887493 0.33698767 -0.05763342
v -0.40759468 -0.36913598 0.07742625
v -0.40926868 -0.25335604 0.07315468
v 0.39282900 0.53102201 0.08141034
v -0.33850086 -0.86135542 0.07628897
v -0.02698617 0.87806720 -0.07110435
v -0.41309911 0.55938119 0.03696284
v -0.12485188 0.92026860 -0.04193876
v 0.38335782 0.58174074 0.08307893
v 0.41305974 0.32275841 0.02858761
v 0.41304526 -0.69226086 -0.02860472
v -0.37724379 -0.62794769 -0.07569885
v -0.27497888 0.86138350 -0.07201558
v -0.39240757 -0.45702913 -0.06844661
v -0.39343017 -0.54912692 0.08106945
v -0.41126984 -0.51209497 -0.05102674
v 0.38382158 0.88838261 0.05418940
v 0.41164073 -0.23068412 -0.04623792
v 0.39118725 0.29083830 -0.06961771
v 0.40875408 0.87384975 0.02307213
v -0.40224823 0.75470895 -0.06248253
v -0.41244796 0.26759419 -0.04166304
v 0.41299528 0.67814982 0.04717443
v 0.17383063 -0.89072591 0.08127306
v 0.03764759 -0.87596536 -0.07069978
v -0.41058442 0.00931117 -0.05295182
v 0.39722627 -0.61147070 -0.06549079
v 0.08771674 -0.90824509 -0.06298269
v -0.38120672 0.24277706 0.08334381
v 0.41288593 -0.27226284 0.05032378
v -0.40926868 0.25350797 0.07315467
v 0.39488831 0.04248541 -0.06703004
v 0.38981941 -0.53572184 0.08191383
v -0.05068640 0.92334819 0.05970021
v 0.40672651 -0.31451663 -0.05941073
v -0.41302171 -0.47742712 -0.02965496
v 0.38095105 0.70158839 0.08331563
v -0.29034999 -0.87029368 0.07959560
v 0.39101413 -0.66912496 -0.06956330
v -0.41280872 0.19890819 -0.03632260
v 0.41273770 -0.65709001 -0.03821314
v -0.36270085 0.85095775 -0.07175277
v -0.38117388 0.37852240 -0.07413425
v 0.39423278 0.88636398 0.01427780
v 0.38814595 0.42437637 0.08256121
v 0.38190702 -0.80507261 -0.07079768
v 0.40951735 -0.47928572 -0.05596594
v 0.35499850 0.89310390 -0.04756772
v -0.38637319 0.54026651 -0.07131081
v -0.38418043 0.64168841 -0.07266717
v 0.39701766 0.61389995 -0.06559972
v -0.40964997 -0.60213405 -0.05564537
v -0.02780303 -0.90056568 -0.06751065
v 0.41068262 0.55820364 -0.05269260
v -0.38274536 0.09699048 0.08320754
v -0.36135960 0.60281521 0.08336148
v -0.31848088 0.88146585 -0.06619865
v -0.36005095 0.02515965 -0.08102193
v 0.36369303 -0.16311394 -0.08021388
v 0.41232768 0.74119025 0.05807130
v 0.35393691 0.63684225 -0.07804632
v 0.00504296 0.88408333 -0.07072898
v 0.40579647 -0.32298499 0.07792108
v -0.38063866 -0.16173075 0.08330625
v 0.39071396 0.06158780 -0.06969500
v 0.39544582 -0.46664703 -0.06665209
v 0.41302910 -0.36023003 -0.02922039
v -0.11769010 -0.91380024 -0.05468863
v 0.41280252 -0.57725692 -0.03647820
v -0.39718568 -0.63449728 -0.06549307
v -0.23994699 -0.89636719 -0.03895695
v 0.11746554 0.89904380 0.08219617
v -0.35078314 0.18231225 -0.08141528
v -0.41005707 0.86458045 -0.05205242
v -0.34105468 -0.86485970 -0.05393913
v 0.09810764 0.91021639 -0.06276418
v 0.36377379 0.08342532 -0.07988872
v -0.39024380 -0.33494946 -0.07008222
v -0.40893078 -0.23529926 -0.05752436
v 0.30095091 0.90283954 0.03885157
v -0.40901828 -0.25220588 -0.05694185
v -0.39593032 -0.18116984 0.08062068
v -0.41290009 -0.45224059 0.05000418
v 0.25211096 -0.88927531 0.07570247
v 0.35476065 0.31934389 -0.08001223
v -0.38126078 0.70428807 0.08328774
v -0.20331180 0.87906218 -0.07046328
v -0.30917844 0.88235492 0.08132475
v 0.40962866 0.08876994 -0.05598480
v -0.41021189 0.61390096 -0.05385662
v 0.39345393 -0.41067269 0.08106496
v -0.38268504 0.05084265 0.08331329
v -0.40230197 -0.84061456 0.00466282
v 0.39174613 0.14324898 0.08196846
v -0.40960184 -0.29067832 0.07249272
v 0.41192371 -0.01376945 0.05975879
v -0.23337536 0.91129965 -0.04020537
v 0.34401178 0.87166148 0.08223490
v 0.40572935 0.54004872 0.07697709
v 0.36369845 -0.82419693 -0.07094419
v 0.41284087 -0.52610886 0.05072622
v -0.41267011 0.85826916 0.00197133
v -0.24451153 0.90920210 0.06591155
v -0.38248658 -0.68026429 0.08312307
v -0.40960184 0.78003603 0.07249272
v -0.38484171 0.56104815 -0.07207166
v -0.38581961 -0.05530581 0.08246432
v 0.39488205 -0.08848081 -0.06703552
v 0.40755460 -0.83512396 0.02308366
v 0.22706963 0.91204470 0.05137268
v -0.40961102 -0.78908527 0.07246312
v -0.38891256 0.32788819 -0.07060060
v 0.34163108 0.89485914 0.06508280
v 0.34221163 -0.37815830 -0.08178651
v 0.40752152 0.65542698 0.07592842
v -0.32771209 -0.86719853 -0.05898528
v 0.40099636 -0.83612937 -0.05660572
v 0.41293702 0.48183143 0.04917026
v 0.41104183 0.86601615 0.05286850
v -0.39343017 0.13391507 0.08106945
v 0.41309467 0.02584867 0.03255185
v 0.38096014 -0.62758332 -0.07440391
v -0.08178739 -0.92144245 -0.01994686
v -0.39739907 -0.10607609 -0.06541698
v 0.20759480 -0.90244198 0.06365671
v -0.37051335 0.56024081 0.08338685
v -0.38269067 -0.34606028 0.08329295
v -0.41303968 0.16510530 -0.02885741
v 0.35548514 -0.85949868 0.06829941
v -0.14311115 -0.89975011 -0.06461640
v 0.40963867 -0.25375733 0.07237399
v 0.03237709 0.92108595 -0.05222834
v -0.38269189 0.07391834 0.08328903
v 0.20768310 -0.89064479 -0.06324129
v -0.41070282 -0.53021401 0.06708179
v 0.41259551 0.77528918 -0.03965732
v -0.40960184 0.51235729 0.07249272
v 0.39117399 0.21699576 -0.06965119
v 0.39704368 0.88429874 -0.03177106
v 0.27875078 0.90481430 0.06701011
v -0.39048120 0.80527800 -0.06864537
v 0.22256196 0.81264603 -0.07675046
v -0.41184187 0.12898509 0.06009162
v 0.36904269 0.81915665 -0.07478087
v 0.24540734 0.90564990 0.07634956
v -0.40893322 -0.58604825 0.07485019
v -0.38331139 0.46143550 0.08310156
v -0.41288579 -0.07376638 0.05014598
v -0.05009224 -0.88499486 -0.07015860
v 0.40895081 0.15237877 -0.05748545
v 0.17044169 -0.85919678 -0.07180398
v 0.41284302 -0.49211159 -0.03614646
v 0.23541220 -0.88811004 0.07838321
v 0.41278291 -0.10805614 -0.03739586
v -0.41310894 0.41330981 -0.01884669
v -0.39997065 0.78926522 0.07947618
v -0.39928830 -0.84211993 -0.03220588
v -0.38966674 0.88186049 0.07429598
v 0.33537403 -0.86152458 0.07722811
v 0.41202834 0.65318042 0.05918146
v -0.17079663 0.90691227 0.07859926
v 0.40378943 -0.60912400 0.07845941
v 0.41284078 0.41370806 0.05023640
v 0.41301408 0.21605800 -0.03005132
v 0.40568781 0.17059512 -0.06151887
v 0.00463699 -0.91939360 0.07096773
v -0.41156152 -0.55835706 0.06109133
v 0.26454875 0.90684330 -0.05291053
v -0.41023168 -0.07716908 -0.05495631
v -0.25392938 0.90785271 -0.05309881
v -0.38576016 -0.78405458 0.08247146
v -0.38422593 0.72707510 -0.07160414
v -0.37449342 0.29917380 -0.07656617
v 0.02318933 -0.91305578 0.07788488
v 0.35337812 -0.69891274 -0.08029805
v -0.41288841 -0.75680274 0.05005852
v 0.24603440 -0.89507347 0.05075846
v 0.39114869 0.13392532 -0.06968957
v 0.38085520 0.33663979 0.08327265
v 0.37432763 -0.84539926 0.07840292
v -0.40960184 -0.73373294 0.07249272
v 0.41284642 0.44781002 0.05067597
v 0.41281024 0.74953955 -0.03725965
v 0.41309866 -0.76983804 0.03520376
v -0.39821714 0.31782433 -0.06490137
v -0.41284278 -0.15424551 0.04992000
v -0.35540950 0.89235407 -0.04956434
v -0.31473413 -0.82220346 0.08336248
v -0.39277333 0.54906511 0.08141949
v 0.41303584 -0.75709051 -0.02909558
v -0.41293505 -0.37102038 0.04901646
v 0.04173994 0.92429006 0.04644541
v 0.40823475 -0.71492940 -0.05826794
v -0.02778905 0.88771331 0.08339847
v 0.04121676 0.88435394 -0.07069817
v 0.40246660 -0.04145853 -0.06261800
v -0.41049054 0.78779262 -0.05242281
v -0.41145152 0.41544721 -0.04683539
v -0.38514447 -0.85019052 -0.05234126
v 0.34991041 0.42231777 -0.07961636
v 0.41079110 0.53584981 -0.05234207
v 0.17752853 -0.90695363 0.07412025
v -0.27179268 -0.87998146 0.07735510
v -0.41011924 -0.82943600 -0.03224790
v 0.19803725 0.91529667 0.04829531
v -0.41292396 0.20389371 0.04938129
v 0.41306332 -0.11530285 0.02557759
v 0.00074309 -0.37269127 -0.08183511
v 0.41302282 -0.16975138 -0.02976137
v -0.37465137 0.52299225 -0.07574875
v 0.40110165 0.67000967 -0.06333162
v -0.39343017 -0.53066629 0.08106945
v 0.33671302 0.89531493 -0.05028625
v 0.30588031 0.81383276 -0.07670848
v -0.36315721 -0.04716646 -0.08050390
v -0.38898596 -0.02375723 -0.07057551
v 0.07293928 0.92341918 0.05192423
v 0.40937886 0.46549153 0.07367131
v -0.14241740 -0.90884066 0.07581093
v 0.41141096 0.39062962 0.06382061
v -0.40960184 0.48466671 0.07249272
v -0.41304651 -0.09222750 -0.02849660
v 0.41211298 -0.27436626 -0.04405219
v 0.29470274 0.87114912 0.08331510
v 0.22389413 -0.89439577 0.07341266
v 0.01092877 -0.92473847 0.02285774
v -0.41293505 0.50956935 0.04901647
v 0.39489096 -0.07002053 -0.06703110
v 0.18909389 -0.89815748 -0.06100984
v 0.10564116 -0.91815066 0.06007447
v -0.40926871 -0.71567357 0.07315467
v 0.00511280 -0.90779650 0.08039663
v 0.38261026 -0.26760271 0.08329196
v -0.40960184 -0.43836331 0.07249272
v 0.20101775 0.89003116 -0.06813379
v 0.40963867 0.24467875 0.07237399
v -0.41289315 -0.63219953 0.05007496
v 0.41289634 0.09702787 0.05022335
v -0.37708732 -0.11949552 -0.07634483
v 0.39293078 -0.72645897 -0.06778212
v 0.40005502 0.41082406 0.07945041
v -0.15003791 -0.91352266 -0.03982804
v 0.41309160 -0.03069325 0.03431727
v 0.38180962 -0.24293809 0.08323649
v 0.39282900 -0.50317943 0.08141033
v -0.18117522 -0.90871614 0.03642594
v -0.41295978 0.65379351 0.04852569
v -0.25478739 -0.87645960 0.08048414
v -0.29842159 -0.87844700 0.06698795
v 0.41021255 0.79856038 -0.05384757
v -0.30919340 -0.87744731 0.05131323
v 0.19385925 0.90482610 0.07935756
v 0.24551155 0.90997207 -0.03902234
v 0.41256982 0.04618528 -0.04112897
v -0.39024243 0.74129069 0.08193651
v 0.40344787 0.56093609 0.07836416
v 0.41298258 0.19847661 0.04758512
v -0.40926868 -0.67794997 0.07315468
v 0.02535498 -0.89782953 -0.06845274
v 0.31954500 -0.87401837 -0.04188634
v -0.40560147 0.58158499 0.07804007
v 0.41306180 0.27865103 0.02705388
v -0.38325262 -0.65354466 -0.07327304
v -0.34167862 0.89366162 -0.05453881
v -0.14636654 -0.91439468 0.03843897
v 0.38217035 -0.42712083 0.08317774
v 0.41301814 0.35277438 -0.02975604
v -0.41302189 -0.39929986 -0.02964683
v 0.07604285 -0.92191648 0.03922256
v -0.41098195 -0.55835837 -0.05161019
v -0.32441673 0.89930218 0.03905622
v -0.39343017 0.22621806 0.08106945
v -0.20442200 -0.90044636 -0.05421234
v -0.15223806 -0.90944058 -0.05666966
v 0.29081473 0.90428859 -0.03250553
v -0.41290009 -0.50755876 0.05000418
v -0.04893802 0.89902127 -0.06820899
v -0.39997056 -0.43836331 0.07947620
v -0.41211787 0.31641465 0.05854474
v 0.05990937 -0.91448742 0.07496710
v 0.39282900 0.35564643 0.08141033
v -0.02309680 0.91586584 -0.05929103
v -0.40890649 0.18007000 -0.05757170
v -0.19160776 -0.90656394 -0.04124577
v 0.28481552 0.89262474 0.07880002
v 0.41070402 0.24436279 -0.05260964
v 0.00727762 0.92487633 -0.02969456
v -0.39343017 -0.23529693 0.08106945
v -0.17274484 -0.87928176 -0.06955894
v 0.40669835 0.78975791 0.07715765
v -0.38593110 0.50313306 -0.07168393
v 0.13598357 0.91976678 -0.04078212
v 0.41297555 0.63235158 0.04772656
v 0.27697808 0.90598041 0.05261767
v -0.27111518 0.88216168 -0.06803618
v 0.40752152 -0.01376945 0.07592841
v -0.39723304 0.30006981 -0.06552032
v -0.41286954 -0.00915430 0.05028877
v 0.21083795 -0.85026860 -0.07249401
v -0.39752719 0.88433772 0.02302595
v 0.33701020 -0.84345824 -0.06821369
v 0.09025715 0.89897686 -0.06795602
v 0.37364236 -0.19888654 -0.07733653
v -0.40937245 -0.34017643 -0.05662027
v -0.38273555 -0.68126893 -0.07370412
v -0.40221959 0.41083232 -0.06284873
v -0.41304794 0.34036642 -0.02848865
v -0.39946276 0.78005117 -0.06384322
v 0.41267055 0.25811669 0.05209981
v -0.39997056 -0.25375733 0.07947620
v -0.05100323 0.91553080 -0.05887899
v 0.36971590 -0.02761494 0.08338046
v 0.40901467 -0.11068750 0.07468972
v 0.39345393 -0.10607229 0.08106496
v 0.41155723 -0.41990292 0.06112646
v 0.41248736 -0.64582098 0.05564799
v -0.41082180 -0.03642213 -0.05221578
v -0.41304898 0.67350519 -0.02840612
v -0.40960184 0.42466950 0.07249272
v -0.41299635 -0.43836492 -0.03056002
v -0.37440312 -0.47661397 -0.07690199
v 0.34761554 -0.60282469 -0.08081840
v 0.41292807 0.15885755 0.04928783
v -0.38843605 -0.83094335 -0.06373987
v 0.32763612 0.89258313 0.07473328
v -0.41097006 -0.31580499 -0.05120154
v -0.40216640 0.63236040 -0.06288606
v -0.37012994 -0.85684532 0.04086183
v -0.39997056 0.17083669 0.07947620
v 0.11804458 -0.87053806 0.08336504
v -0.41171944 -0.79093456 -0.04611205
v -0.07871742 -0.87564576 -0.07071437
v -0.17044623 -0.91027933 -0.04034620
v -0.28287652 0.90535414 -0.03263069
v -0.39197263 0.03239261 -0.06876972
v -0.41304880 0.29653990 -0.02843476
v 0.41244987 -0.69686502 0.05832485
v -0.41272232 0.83069885 0.05155628
v -0.38111359 -0.85267955 0.00468706
v -0.39605492 -0.28145170 -0.06634820
v 0.36763415 -0.72268426 0.08338086
v -0.35129637 -0.31755558 -0.08194751
v 0.38878348 0.19964454 -0.07106770
v 0.00928107 0.92475212 0.04857361
v 0.41301736 0.51422554 -0.02987762
v 0.39436004 -0.33265051 -0.06736699
v -0.41304958 -0.23891412 -0.02838441
v 0.05996507 0.92343533 -0.04522281
v -0.41300446 0.23564443 -0.03031061
v 0.41293588 -0.38218206 0.04872909
v -0.41140357 0.03417666 0.06388116
v -0.06750672 0.91850156 -0.05238030
v 0.41300887 0.44553432 -0.03008289
v 0.41255343 -0.81439757 0.02758446
v 0.29949328 -0.83015460 -0.07380021
v 0.04941330 -0.89772958 0.08284492
v 0.40893960 0.20776084 -0.05750738
v 0.41218269 -0.04431637 -0.04412872
v 0.37670597 0.51034766 -0.07516240
v -0.38121009 -0.36642253 0.08334016
v -0.38473523 0.75222421 -0.07144988
v 0.41197070 0.86270815 -0.01587291
v -0.41306332 -0.53442836 -0.02749185
v 0.40717858 -0.57682097 -0.05899479
v -0.41299847 -0.80563307 0.01348665
v 0.35242617 0.68068534 -0.07772270
v -0.39997053 -0.64142990 0.07947621
v -0.40926871 -0.56798857 0.07315467
v -0.40217790 0.72466201 -0.06279912
v 0.19640866 -0.87173605 -0.07025085
v 0.34893894 -0.43778571 -0.08148879
v 0.35326752 0.73631859 -0.07724624
v -0.39598489 -0.49374971 -0.06638917
v 0.38265494 -0.79409212 0.08312473
v -0.40079302 0.85199255 -0.06272124
v 0.34876502 -0.85897398 -0.05693941
v 0.41271281 0.01853950 -0.03857698
v -0.39997056 0.65081203 0.07947621
v -0.02309391 -0.92393738 -0.04608709
v -0.39015836 -0.71353745 -0.06983711
v 0.32655150 -0.84497207 0.08284467
v -0.38513941 -0.25247356 0.08259884
v 0.41290578 -0.07075547 -0.03547592
v -0.38496816 0.84378523 0.08261032
v 0.40838233 0.87463582 0.04073944
v 0.00461657 0.92273593 0.06599836
v 0.41281730 -0.30434394 0.05101864
v 0.41287655 0.06477544 0.05045389
v -0.25626728 -0.72571951 -0.08021469
v -0.39997056 0.63235170 0.07947620
v 0.14094950 -0.91517401 -0.00829757
v 0.12927046 0.91094929 0.07753570
v 0.25860944 0.86985022 -0.07132891
v 0.41306323 0.78007489 0.02559921
v 0.39813021 0.55779988 -0.06496774
v -0.40002322 -0.78895527 0.07946012
v 0.41155723 0.37390307 0.06112647
v -0.34663421 0.32055977 -0.08053371
v -0.41099557 -0.11530363 -0.05154855
v -0.38194135 -0.21846138 0.08321327
v -0.00187661 0.42767012 0.08336150
v -0.34810635 -0.40699542 -0.08163747
v -0.39593032 -0.60576385 0.08062068
v -0.40456834 0.23613377 0.07798909
v 0.41024926 -0.61374253 -0.05374031
v -0.34547737 0.40035781 -0.07995787
v -0.34694949 -0.86506516 0.05276865
v -0.31569433 0.85984987 -0.07180804
v 0.41309777 0.36689383 0.03868786
v 0.41281971 -0.44312733 0.05095288
v -0.41278410 0.37419817 -0.03654162
v -0.39852118 -0.06971163 0.07999603
v 0.16826236 -0.88253790 -0.06861313
v 0.35053763 0.21269687 -0.08132651
v 0.37567702 0.89037144 -0.02655675
v 0.41302285 0.15343428 -0.02975939
v 0.05808100 -0.92307055 -0.02066011
v -0.41296566 -0.57478362 0.04830398
v -0.31817803 -0.85301524 -0.06741823
v 0.35166785 -0.74888366 -0.07873987
v -0.04605133 -0.72699285 -0.08024798
v -0.05082268 0.92412734 0.03997258
v -0.41309634 0.14855261 0.03641709
v 0.41280740 -0.81190425 0.00175958
v -0.03328263 0.92449641 -0.02808904
v -0.39152142 0.20761956 -0.06926512
v -0.41300634 0.06804772 0.04652302
v -0.07882847 0.90101039 0.08190531
v 0.41291824 -0.21045770 0.04940611
v -0.29858902 0.90173203 -0.04762904
v 0.41288769 -0.31682158 -0.03514547
v -0.40932506 -0.82963914 0.05901283
v -0.23528919 -0.89656276 0.06126001
v 0.40752152 0.64619696 0.07592843
v 0.13698092 -0.86680382 -0.07131121
v 0.07440257 -0.87914097 0.08335932
v -0.09458718 0.87973499 0.08336038
v 0.41192371 0.30929095 0.05975879
v 0.40992427 -0.30749267 0.07103971
v 0.26522017 -0.84230351 -0.07280939
v -0.36983395 -0.71793604 0.08339073
v 0.38085634 -0.48469579 0.08326766
v 0.41299987 -0.01459441 -0.03040206
v -0.36247382 -0.05991613 0.08336145
v -0.24623090 -0.89515817 0.03892741
v 0.38368914 -0.77684498 -0.07200749
v -0.34787160 -0.86508471 -0.03153776
v 0.40999389 0.49001634 -0.05437447
v 0.37212107 -0.85607374 0.00685991
v -0.33415192 -0.01928630 -0.08308402
v 0.41302806 -0.20513228 -0.02943255
v 0.04111997 -0.92318237 -0.04482396
v 0.41289297 0.12927000 0.05025676
v 0.41305232 0.56980389 -0.02818966
v -0.41021365 0.59543920 -0.05385127
v -0.41294414 -0.24657935 0.04865202
v 0.35165912 -0.50611490 -0.08119551
v -0.36806771 0.48973137 0.08336938
v -0.02372756 -0.92425531 0.04632066
v -0.37007815 -0.59828079 0.08338097
v 0.38614291 -0.13838713 -0.07208070
v 0.41192356 -0.75219363 0.05976037
v -0.16250281 0.81367600 -0.07674304
v -0.37628609 0.89029956 0.01922884
v 0.40468323 0.30151761 -0.06139086
v 0.38054898 0.23514482 0.08330830
v -0.38472247 0.61881554 0.08278260
v -0.41293642 -0.28510383 0.04918428
v 0.36969259 0.01711392 0.08337525
v -0.24195254 -0.84924787 -0.07250150
v -0.41301784 0.08680768 -0.02985985
v -0.36031771 -0.78052467 0.08336146
v -0.41288775 0.42479032 0.05008033
v -0.20903108 0.91427475 -0.02663878
v 0.39223799 -0.70604205 0.08164244
v 0.29292101 -0.83324474 0.08336741
v -0.26233932 -0.89098984 -0.03846033
v 0.39345393 0.03238205 0.08106496
v 0.25477657 -0.86411852 -0.06872948
v 0.36951101 0.55254918 0.08337198
v 0.10625481 -0.88992929 -0.06889172
v 0.27903488 -0.88684922 -0.02061832
v 0.41175696 0.83074731 -0.04468875
v 0.41295403 0.07746003 -0.03330352
v -0.40892437 0.09699957 -0.05753683
v -0.39732274 0.15238482 -0.06546582
v 0.21928397 -0.85848081 0.08336277
v -0.41291538 0.34072292 0.04944988
v -0.10834924 -0.91885787 0.03872937
v 0.18889178 0.86696708 -0.07206086
v -0.41305920 -0.34270251 -0.02777765
v -0.05944492 -0.92276049 -0.04131068
v -0.41292539 -0.04418529 0.04914084
v 0.41059226 0.73535419 -0.05263133
v -0.17747273 -0.90470380 0.07702574
v -0.39997056 -0.16145432 0.07947620
v 0.41075739 -0.29366446 -0.05196274
v 0.30021787 0.90194827 0.06107067
v -0.41304925 -0.00921751 -0.02836328
v 0.36922482 0.04157216 -0.07867230
v -0.41178593 -0.17092498 0.06033010
v 0.12377767 -0.91712666 0.04884407
v -0.41099250 -0.21683770 -0.05156244
v -0.06031890 0.88567412 0.08338577
v 0.19854145 0.91530305 -0.02933054
v -0.41309598 0.24104048 0.03646625
v -0.40835893 0.68801606 0.07547957
v 0.28632933 -0.85161686 -0.07023496
v 0.41192371 -0.05069065 0.05975879
v -0.35497969 0.89294124 0.06537895
v 0.41286194 -0.55374199 0.05052613
v -0.29752553 -0.84089160 -0.07256763
v -0.41290009 -0.22141951 0.05000418
v 0.41306293 -0.49082008 0.02586988
v -0.38525510 0.59049547 0.08264752
v -0.35336533 0.67154711 -0.07778688
v -0.34700981 -0.35834408 -0.08183728
v -0.12102384 0.92124242 0.04028015
v -0.26898977 -0.85021156 -0.07193483
v -0.39147523 0.08685767 -0.06902451
v 0.36051598 0.76589894 0.08336148
v 0.41286194 -0.17529966 0.05052614
v -0.41306251 -0.69441938 0.02632928
v 0.35771495 -0.86129427 0.05109465
v 0.39345393 -0.06915125 0.08106496
v 0.11099461 0.92177993 0.04089122
v -0.36989582 0.32460225 0.08336978
v -0.41291374 0.10236977 0.04951095
v 0.41231465 -0.78330797 -0.04185379
v -0.40812629 -0.17154972 0.07515946
v -0.41306433 -0.14513206 0.00625402
v 0.37495062 0.35443810 -0.07607187
v -0.38445351 -0.30273929 -0.07293493
v 0.41292611 0.11630496 -0.03373942
v -0.41218057 -0.76799130 -0.04415312
v 0.30147901 -0.87997109 -0.03239133
v -0.01051435 -0.87440997 -0.07081442
v -0.29218963 0.90406144 0.04840364
v -0.41024056 -0.53528577 -0.05376782
v -0.12463767 0.90050817 -0.06669419
v -0.14310370 0.90030515 -0.06637101
v -0.41118965 -0.36913928 -0.05119335
v -0.41247427 -0.57875776 -0.04278943
v -0.41157535 0.72600406 -0.04596479
v -0.33725286 0.26063156 -0.08104755
v 0.08815209 -0.89931965 0.08200440
v 0.15205750 0.87698251 -0.07104059
v 0.38325778 -0.32280916 0.08312152
v -0.34651220 -0.56241935 -0.08100167
v -0.38269719 0.26775470 0.08326470
v -0.36631888 -0.28106937 -0.07957612
v -0.39390901 -0.16193946 -0.06802445
v -0.40887141 0.35544866 -0.05764026
v 0.35605338 0.84910917 0.08344859
v 0.35196912 0.16400608 -0.08159045
v -0.34143659 -0.49811172 -0.08129788
v 0.19488189 -0.90512210 0.06807775
v -0.36114180 0.77384144 -0.07665260
v 0.40378943 0.57235450 0.07845941
v 0.01381705 -0.02537857 -0.08328481
v -0.41299561 0.29118538 0.04700834
v 0.39835510 0.07786057 -0.06480061
v -0.41305044 0.46977550 -0.02835630
v -0.38556391 0.44291288 -0.07204687
v -0.40216896 0.55851775 -0.06290767
v -0.15215732 -0.72589773 -0.08026391
v 0.22610512 -0.89968288 -0.03169614
v 0.36852738 0.12341507 0.08337032
v -0.40960184 -0.41990295 0.07249272
v -0.15665227 0.91888160 0.00770926
v 0.39282900 0.66024601 0.08141034
v 0.06492598 0.87912947 0.08336071
v -0.38974535 0.49897182 0.08192423
v 0.39845988 -0.79724842 -0.06468337
v -0.36849296 -0.53984338 0.08336975
v 0.41280317 -0.45719153 -0.03646195
v -0.09673695 0.91399676 0.07504050
v -0.40282869 -0.81567138 -0.06215925
v 0.33676341 -0.19316784 -0.08255487
v -0.35124880 -0.60695821 -0.08072988
v 0.08341751 -0.92105979 -0.03139046
v -0.41304272 -0.19387090 -0.02867560
v -0.33556375 -0.81610525 -0.07466203
v -0.36909121 0.81641132 0.08341281
v 0.40469164 0.61325175 0.07792970
v 0.13418633 0.81204009 -0.07677254
v -0.36092263 0.74799132 0.08336148
v 0.33656499 -0.09336825 -0.08289546
v -0.00147842 -0.43807104 0.08336150
v 0.36046687 0.36957002 0.08336149
v 0.40895462 0.13391805 -0.05747800
v -0.07851692 0.91473234 0.07505018
v 0.33978054 0.47694063 -0.07937822
v -0.35310331 0.61614209 -0.07822777
v 0.33755285 0.36477998 -0.08024847
v -0.05467222 0.81266725 -0.07676926
v -0.41311491 0.72004032 -0.02052375
v -0.41240948 -0.81108189 0.04856902
v 0.36737946 -0.20760871 0.08336750
v 0.18824756 0.87678897 0.08336125
v -0.41300637 -0.70842272 -0.03006488
v 0.28875732 -0.87426090 -0.06131636
v -0.02070515 -0.87738621 0.08336136
v -0.41291469 0.61663908 0.04926598
v 0.34169194 -0.04666382 -0.08295016
v -0.36504978 0.13853365 0.08336491
v 0.35277742 0.58364385 -0.07845311
v -0.41178593 -0.26322797 0.06033010
v -0.40960076 -0.77063364 0.07249619
v -0.39997053 0.70619404 0.07947621
v 0.05053270 -0.72646850 -0.08025564
v 0.24923338 -0.72526461 -0.08023295
v -0.35051197 0.49746928 -0.07919062
v 0.41301101 -0.62102491 -0.03001074
v -0.26507965 0.81083417 -0.07677590
v -0.27257547 -0.84230512 0.08335936
v 0.18014091 -0.02705585 -0.08328850
v -0.33825594 0.12141010 -0.08207060
v 0.09198914 -0.86063945 -0.07180183
v -0.17133103 -0.86105621 0.08336132
v 0.36758763 -0.58550763 0.08337063
v -0.33638975 -0.19643959 -0.08255227
v 0.36728430 -0.35514095 0.08336904
v 0.36885333 0.64729279 0.08337089
v 0.36732164 0.44628686 0.08337157
v -0.36220819 -0.25375679 0.08336147
v -0.19853827 0.87824082 0.08335874
v -0.40959382 -0.82642764 -0.05224782
f 1703 1950 2000
f 1703 478 1950
f 722 2000 1576
f 722 1703 2000
f 722 1576 910
f 1703 534 478
f 1907 534 1703
f 395 534 1907
f 253 1907 722
f 1907 1703 722
f 1260 395 1907
f 253 1260 1907
f 1529 1571 885
f 1529 1249 1571
f 1529 2000 1249
f 1576 2000 1529
f 1529 885 328
f 328 1576 1529
f 910 1576 328
f 1696 1249 2000
f 1950 1696 2000
f 256 395 1260
f 1711 328 885
f 1696 745 1571
f 1249 1696 1571
f 478 101 1950
f 101 1696 1950
f 101 478 534
f 531 101 534
f 256 936 531
f 531 534 395
f 395 256 531
f 745 343 638
f 1571 745 638
f 1819 885 638
f 885 1571 638
f 1819 1711 885
f 745 326 343
f 101 326 1696
f 326 745 1696
f 101 1955 326
f 531 936 101
f 1337 936 256
f 638 343 1447
f 638 1447 1819
f 321 1447 343
f 326 321 343
f 326 1955 321
f 936 1955 101
f 110 1447 1488
f 1819 1447 110
f 321 1791 1488
f 1488 1447 321
f 1033 1488 29
f 1033 110 1488
f 110 1033 719
f 1791 29 1488
f 1884 29 1791
f 1955 1884 321
f 1884 1791 321
f 628 1260 253
f 1973 628 253
f 1144 628 1973
f 1192 1144 1973
f 571 1192 1973
f 916 1192 571
f 569 571 1973
f 1237 916 571
f 1237 571 569
f 762 1237 569
f 833 762 569
f 833 569 1251
f 1424 833 1251
f 578 256 1260
f 578 1260 628
f 578 628 1144
f 1752 578 1144
f 353 1752 1144
f 353 1144 1192
f 353 1192 916
f 449 916 1237
f 449 1237 762
f 1442 449 762
f 1442 762 833
f 833 448 1442
f 448 833 1424
f 1424 494 448
f 1337 256 578
f 1752 1337 578
f 353 1677 1752
f 1677 353 916
f 1677 916 449
f 1635 1677 449
f 1635 449 1442
f 1442 1384 1635
f 448 1384 1442
f 494 1384 448
f 1752 418 1337
f 1677 418 1752
f 1635 764 1677
f 1384 764 1635
f 1952 1384 494
f 418 936 1337
f 764 418 1677
f 1952 764 1384
f 418 1761 936
f 1915 356 1424
f 1915 1424 1251
f 22 356 1915
f 1642 22 1915
f 1642 1915 1735
f 1735 1911 1642
f 1388 1911 1735
f 228 1388 1408
f 1408 1388 1735
f 1319 228 1408
f 254 1319 1408
f 1692 254 1408
f 356 494 1424
f 1911 457 1642
f 457 22 1642
f 1241 457 1911
f 1241 1911 1388
f 933 1241 1388
f 933 1388 228
f 1745 933 228
f 1745 228 1319
f 739 1745 1319
f 739 1319 254
f 1386 739 254
f 1123 494 356
f 1123 356 22
f 125 1123 22
f 125 22 457
f 457 1169 125
f 1241 1023 1169
f 1241 1169 457
f 1023 1241 933
f 1745 1693 1023
f 1745 1023 933
f 1693 1745 739
f 888 1693 1386
f 1386 1693 739
f 1952 494 1123
f 1123 1921 1952
f 125 1921 1123
f 1169 1921 125
f 1693 1928 1023
f 888 306 1693
f 1023 1928 1921
f 1023 1921 1169
f 306 1928 1693
f 826 254 1692
f 980 826 1692
f 1640 980 1692
f 491 980 1640
f 1914 491 1640
f 1914 1640 1863
f 1676 1914 1863
f 1698 1676 1863
f 1698 1863 1274
f 246 1386 254
f 246 254 826
f 246 826 980
f 195 246 980
f 771 195 980
f 771 980 491
f 1914 463 491
f 463 771 491
f 361 463 1914
f 361 1914 1676
f 1676 1450 361
f 1698 1024 1676
f 1024 1450 1676
f 927 1024 1698
f 888 1386 246
f 888 246 195
f 1201 195 771
f 463 1201 771
f 1201 463 1190
f 1190 463 361
f 1450 1190 361
f 927 1905 1024
f 1905 1450 1024
f 306 888 195
f 195 1774 306
f 1774 195 1201
f 1889 1201 1190
f 1714 1889 1190
f 1714 1190 1450
f 1714 1450 1905
f 1201 1889 1774
f 389 927 1698
f 389 1698 1274
f 835 964 389
f 835 389 1274
f 1453 964 835
f 1719 1453 835
f 1451 1453 1719
f 1954 1875 1719
f 1875 1451 1719
f 575 1875 1954
f 1009 575 1954
f 1009 1954 255
f 255 1045 1009
f 255 1954 1903
f 389 1712 927
f 964 1712 389
f 1453 917 964
f 1451 917 1453
f 1098 917 1451
f 1308 1098 1451
f 1308 1451 1875
f 1308 1875 575
f 526 1308 575
f 757 526 575
f 757 575 1009
f 1045 1924 1009
f 1924 757 1009
f 1712 1923 1905
f 1712 1905 927
f 917 1923 1712
f 964 917 1712
f 1360 1098 1308
f 1360 1308 526
f 526 816 1360
f 816 526 757
f 1924 816 757
f 1923 1714 1905
f 681 1923 917
f 1360 681 1098
f 681 917 1098
f 1924 1048 816
f 1994 681 1360
f 816 1994 1360
f 1048 1994 816
f 681 1714 1923
f 255 854 1045
f 1771 854 255
f 1771 255 1594
f 1594 366 1771
f 255 1903 1594
f 1594 1541 366
f 1113 1541 1594
f 1113 1166 1541
f 1113 1689 1166
f 1871 1689 1113
f 396 1689 1871
f 15 1924 1045
f 854 15 1045
f 1771 556 854
f 556 15 854
f 366 1496 1771
f 1496 556 1771
f 1541 405 366
f 405 1496 366
f 1271 405 1541
f 1166 1271 1541
f 1689 857 1166
f 857 1271 1166
f 1137 857 1689
f 1137 1689 396
f 1588 1137 396
f 232 1588 396
f 1611 15 556
f 1496 1611 556
f 1496 1318 1611
f 405 1318 1496
f 1271 1318 405
f 1587 1271 857
f 1588 1587 857
f 1588 857 1137
f 232 1140 1588
f 1048 1924 15
f 1048 15 1611
f 1318 1257 1611
f 1271 1587 1318
f 1587 1257 1318
f 1587 1588 1140
f 1257 1048 1611
f 1822 1587 1140
f 1822 1257 1587
f 719 444 1849
f 444 383 817
f 1849 444 817
f 1849 817 1443
f 215 1849 1443
f 354 817 140
f 817 338 140
f 354 1443 817
f 262 354 1645
f 140 1292 1645
f 354 140 1645
f 1443 354 262
f 215 1443 262
f 215 262 1656
f 1645 265 1656
f 1645 1317 265
f 1645 1656 262
f 1705 265 930
f 1705 1656 265
f 1317 162 930
f 1317 930 265
f 1614 930 1646
f 1614 1705 930
f 162 1646 930
f 1105 29 479
f 479 450 1105
f 1033 29 1105
f 719 1105 444
f 719 1033 1105
f 479 29 1884
f 936 1761 1955
f 1761 1884 1955
f 444 450 383
f 444 1105 450
f 479 1891 450
f 1891 479 1884
f 819 817 383
f 1891 819 450
f 819 383 450
f 1891 1842 819
f 1761 1891 1884
f 1761 1842 1891
f 338 817 819
f 153 338 819
f 1842 153 819
f 1292 140 338
f 1292 338 153
f 1292 1317 1645
f 841 1317 1292
f 841 1292 153
f 153 1842 841
f 841 1842 1761
f 1938 841 1761
f 1661 162 1317
f 1661 1317 841
f 197 162 1661
f 841 197 1661
f 1761 418 764
f 1952 1761 764
f 1921 1761 1952
f 1938 1761 1921
f 1928 1938 1921
f 1774 1928 306
f 1774 1580 1928
f 1889 1580 1774
f 1580 1889 1714
f 681 1580 1714
f 1994 1580 681
f 1822 1347 1257
f 1994 1048 1257
f 1347 1994 1257
f 414 1614 1646
f 1502 414 1646
f 1502 1646 162
f 414 1440 1334
f 1614 414 1334
f 301 1440 414
f 301 414 1502
f 671 1440 1272
f 1334 1440 671
f 1334 671 1495
f 1272 1440 301
f 301 163 1272
f 1253 1272 732
f 1253 671 1272
f 1495 671 1099
f 671 1253 1099
f 163 732 1272
f 56 732 811
f 1864 1099 56
f 1253 732 56
f 1099 1253 56
f 1864 1495 1099
f 1215 1864 322
f 56 811 322
f 1864 56 322
f 811 1521 322
f 1751 1215 388
f 1215 322 388
f 1521 1425 322
f 1425 388 322
f 769 1751 685
f 1751 388 685
f 685 388 1425
f 123 685 1425
f 1502 162 197
f 877 197 841
f 877 841 1938
f 301 1502 197
f 197 877 301
f 877 163 301
f 1704 732 163
f 1704 163 877
f 1938 1793 877
f 1793 1704 877
f 811 732 1704
f 1521 811 1704
f 1521 1909 1425
f 1521 1704 1909
f 1793 1909 1704
f 1909 123 1425
f 1580 1938 1928
f 1793 1938 1580
f 1347 1580 1994
f 1347 1932 1580
f 910 1465 1007
f 1804 1970 849
f 910 1007 1737
f 1737 722 910
f 1970 1007 849
f 1737 1007 1970
f 1804 507 1117
f 1970 1804 1117
f 1117 507 342
f 903 1737 1970
f 1970 1117 1483
f 903 1970 1483
f 1117 342 1483
f 253 722 1737
f 1548 1737 903
f 903 1483 1981
f 1981 1548 903
f 253 1737 1548
f 1073 1548 552
f 1548 1981 552
f 1465 328 1711
f 1465 910 328
f 1465 1711 378
f 1007 1465 378
f 849 1007 378
f 849 378 812
f 30 812 73
f 30 73 279
f 849 812 30
f 1804 849 30
f 755 1804 30
f 507 1804 755
f 1062 507 755
f 342 507 1062
f 342 1062 48
f 342 48 1768
f 1483 342 1768
f 946 1483 1768
f 1981 1483 946
f 1246 1981 946
f 1246 1073 552
f 552 1981 1246
f 1700 812 1711
f 812 378 1711
f 812 1700 73
f 1330 73 1069
f 279 73 1330
f 755 30 279
f 1330 755 279
f 477 755 1330
f 1062 755 477
f 48 1062 477
f 1768 48 1543
f 168 946 1543
f 946 1768 1543
f 1246 946 168
f 73 1700 180
f 1069 73 180
f 1069 180 78
f 183 1069 78
f 1330 1069 183
f 477 1330 183
f 884 477 183
f 48 477 884
f 1844 48 884
f 1543 48 1844
f 1844 168 1543
f 1184 1711 1819
f 1700 1711 1184
f 1700 1184 1779
f 523 1779 436
f 1779 1184 436
f 180 1700 1779
f 523 180 1779
f 436 1235 1377
f 1377 523 436
f 1377 78 523
f 78 180 523
f 78 1377 616
f 616 183 78
f 884 183 616
f 1184 1819 110
f 436 1184 49
f 1235 436 49
f 1377 1235 66
f 616 1377 66
f 1560 884 616
f 1560 616 66
f 1844 884 1560
f 1184 110 719
f 1621 729 1623
f 49 1184 1623
f 729 49 1623
f 1235 49 729
f 1152 1235 729
f 66 1235 1152
f 66 1152 1560
f 1025 253 1548
f 1025 1895 253
f 1548 1073 1553
f 1025 1548 1553
f 1973 253 1895
f 411 1895 1025
f 411 1025 1603
f 1025 1553 1603
f 609 1895 411
f 710 411 1603
f 710 609 411
f 1895 569 1973
f 379 1895 609
f 1630 379 609
f 1630 609 710
f 379 569 1895
f 242 379 280
f 379 1630 280
f 1609 569 379
f 379 242 579
f 1609 379 579
f 1251 569 1609
f 398 1609 834
f 1609 579 834
f 687 1251 1609
f 1348 687 398
f 687 1609 398
f 610 1073 1246
f 1553 1073 610
f 80 1553 610
f 1603 1553 80
f 710 1603 80
f 710 80 703
f 710 703 320
f 1630 710 320
f 108 1630 320
f 108 242 280
f 280 1630 108
f 1739 242 108
f 579 242 1739
f 834 579 1739
f 834 1739 691
f 691 398 834
f 1775 398 691
f 1348 398 1775
f 1813 610 168
f 610 1246 168
f 80 610 1813
f 80 1813 703
f 320 703 1476
f 814 320 1476
f 108 320 814
f 1739 108 814
f 700 1739 814
f 691 1739 700
f 691 700 1832
f 1775 691 1832
f 1476 703 1813
f 814 1476 875
f 700 814 875
f 168 1844 1813
f 875 1476 1813
f 1832 700 875
f 1790 1251 687
f 687 1348 1518
f 1518 1790 687
f 1915 1251 1790
f 1790 1735 1915
f 1539 1790 1740
f 1790 1518 1740
f 1735 1790 471
f 1370 471 1539
f 471 1790 1539
f 1370 1539 1740
f 471 1370 1507
f 1507 1370 362
f 1648 1735 471
f 1648 471 1507
f 1648 1507 167
f 1507 362 222
f 167 1507 222
f 1408 1735 1648
f 164 1408 1648
f 229 1648 602
f 1648 167 602
f 229 164 1648
f 164 229 813
f 1455 1692 1408
f 1455 1408 164
f 164 813 147
f 1455 164 147
f 1348 1775 637
f 1518 1348 637
f 1518 637 846
f 1740 1518 846
f 1370 1740 846
f 1370 846 1387
f 1370 1387 1584
f 362 1370 1584
f 362 1584 222
f 906 167 222
f 1094 229 602
f 602 167 906
f 1094 602 906
f 813 229 1094
f 643 813 1094
f 1265 147 643
f 147 813 643
f 1331 637 1832
f 637 1775 1832
f 846 637 1331
f 1947 1387 1331
f 1387 846 1331
f 583 1584 1947
f 1584 1387 1947
f 583 906 222
f 222 1584 583
f 300 906 583
f 300 1094 906
f 1066 1094 300
f 1066 643 1094
f 1265 643 1066
f 1947 1331 1832
f 300 583 1947
f 1066 300 1947
f 996 1692 1455
f 1455 147 1606
f 1606 996 1455
f 996 1640 1692
f 996 1606 1941
f 537 996 413
f 996 1941 413
f 1563 1640 996
f 996 537 1563
f 537 413 1163
f 1863 1640 1563
f 941 1563 1374
f 1563 537 1374
f 1374 537 1163
f 902 1863 1563
f 924 902 941
f 902 1563 941
f 550 1863 902
f 16 902 924
f 16 550 902
f 1274 1863 550
f 550 16 651
f 147 1265 1650
f 1606 147 1650
f 865 1606 1650
f 1941 1606 865
f 669 1941 865
f 413 1941 669
f 1163 413 669
f 1163 669 512
f 1163 512 1374
f 940 941 1374
f 170 924 941
f 170 941 940
f 864 16 924
f 864 924 170
f 651 16 864
f 370 651 864
f 1211 1650 1265
f 159 865 1211
f 865 1650 1211
f 669 865 159
f 1732 512 159
f 512 669 159
f 1732 940 1374
f 1374 512 1732
f 1499 940 1732
f 1499 170 940
f 778 170 1499
f 778 864 170
f 392 864 778
f 392 370 864
f 1265 1066 1211
f 1840 1274 550
f 550 651 1467
f 1840 550 1467
f 1840 1719 1274
f 1719 835 1274
f 1980 1840 892
f 1840 1467 892
f 1719 1840 1828
f 1840 1980 1828
f 1375 1828 1980
f 1375 1980 892
f 1885 1719 1828
f 3 1828 273
f 1828 1375 273
f 3 1885 1828
f 1885 1954 1719
f 28 1885 3
f 1954 1885 1119
f 270 1119 28
f 1119 1885 28
f 1903 1954 1119
f 1873 1119 270
f 1902 1873 270
f 1903 1119 1558
f 1119 1873 1558
f 339 1558 1873
f 339 1873 1902
f 1467 651 370
f 1164 1467 370
f 880 892 1164
f 892 1467 1164
f 892 880 1682
f 1375 892 1682
f 273 1375 1682
f 273 1682 1660
f 273 1660 879
f 879 28 3
f 3 273 879
f 243 28 879
f 243 270 28
f 1454 270 243
f 1902 270 1454
f 1902 1454 1868
f 1868 339 1902
f 1176 370 392
f 1176 1164 370
f 880 1164 1176
f 1682 880 1754
f 1772 1660 1754
f 1660 1682 1754
f 879 1660 1772
f 831 879 1772
f 243 879 831
f 1436 1454 831
f 1454 243 831
f 1868 1454 1436
f 1998 880 1176
f 1754 880 1998
f 1772 1754 1998
f 1176 392 1998
f 1772 1998 831
f 419 1903 1558
f 1222 1558 339
f 1222 419 1558
f 1303 419 1222
f 1903 419 595
f 595 1594 1903
f 317 595 214
f 419 1303 214
f 595 419 214
f 1520 1594 595
f 341 595 317
f 341 1520 595
f 1113 1594 1520
f 1088 1520 341
f 1865 1113 1520
f 1067 1865 1088
f 1865 1520 1088
f 1871 1113 1865
f 469 1865 1067
f 1670 1871 1865
f 184 1670 469
f 1670 1865 469
f 351 184 469
f 867 339 1868
f 867 1222 339
f 365 1222 867
f 1303 1222 365
f 1303 365 239
f 214 1303 239
f 239 317 214
f 317 239 1205
f 1205 341 317
f 1784 341 1205
f 1784 1088 341
f 1030 1088 1784
f 1030 1067 1088
f 97 1067 1030
f 97 469 1067
f 351 469 97
f 351 97 551
f 495 867 1436
f 867 1868 1436
f 365 867 495
f 365 495 239
f 1205 239 1143
f 1479 1784 1143
f 1784 1205 1143
f 1030 1784 1479
f 1108 1030 1479
f 97 1030 1108
f 551 97 1108
f 1143 239 495
f 1816 1479 1143
f 1108 1479 1816
f 1143 495 1816
f 963 719 1849
f 1129 963 1218
f 1817 1849 215
f 1817 963 1849
f 645 963 1817
f 896 553 645
f 1218 963 645
f 553 1218 645
f 1817 613 1805
f 1805 896 645
f 645 1817 1805
f 117 896 1805
f 117 1805 483
f 613 215 1618
f 1817 215 613
f 613 1618 1130
f 683 613 1130
f 683 1805 613
f 483 1805 683
f 774 483 683
f 1061 683 1130
f 1264 675 1061
f 675 683 1061
f 675 774 683
f 1618 215 1656
f 1656 1705 1618
f 1240 1130 1618
f 1240 1061 1130
f 1867 1264 1061
f 1867 1061 1240
f 1705 1614 1637
f 1618 1705 1637
f 1637 518 1618
f 1240 1618 518
f 200 1240 518
f 1867 1240 200
f 570 802 200
f 802 1867 200
f 963 1184 719
f 1623 1184 963
f 1129 1623 963
f 1129 1218 979
f 979 1621 1129
f 1621 1623 1129
f 1410 1621 979
f 1410 729 1621
f 1152 729 1410
f 1152 1410 1988
f 1560 1152 1988
f 1575 1218 553
f 1575 979 1218
f 1575 1410 979
f 907 1410 1575
f 1988 1410 907
f 553 896 1620
f 1575 553 1620
f 1202 907 1620
f 907 1575 1620
f 1988 907 1202
f 1620 896 117
f 1202 1620 117
f 117 483 1202
f 950 483 774
f 1202 483 950
f 397 774 675
f 675 1264 397
f 950 774 397
f 1264 1867 802
f 397 1264 802
f 397 802 1992
f 1992 950 397
f 1813 1844 1560
f 1813 1560 1988
f 1813 1988 875
f 1988 1202 950
f 950 875 1988
f 875 950 1992
f 1961 1066 1947
f 1947 1832 1961
f 392 778 1998
f 778 1499 1998
f 1211 1066 1961
f 1961 159 1211
f 1732 159 1961
f 1961 1998 1732
f 1998 1499 1732
f 495 1436 831
f 495 831 1998
f 1816 495 315
f 1637 1614 1334
f 518 1637 105
f 1591 518 105
f 200 518 1591
f 570 200 1591
f 1861 1637 1334
f 156 1637 1861
f 105 1637 156
f 786 105 156
f 1591 105 786
f 258 1591 786
f 258 570 1591
f 1861 1334 1495
f 1054 156 1861
f 1054 786 156
f 334 786 1054
f 334 258 786
f 1103 258 334
f 11 1861 1495
f 689 1861 11
f 1054 1861 689
f 266 1054 689
f 334 1054 266
f 611 334 266
f 1103 334 611
f 11 1495 587
f 11 587 1034
f 689 11 1034
f 845 689 1034
f 266 689 845
f 978 266 845
f 611 266 978
f 1034 587 970
f 845 1034 970
f 171 845 970
f 104 918 171
f 978 845 171
f 918 978 171
f 1831 1215 1598
f 1215 1751 1598
f 1831 587 1495
f 1495 1864 1215
f 1831 1495 1215
f 415 587 1831
f 970 587 415
f 275 970 415
f 275 171 970
f 104 171 275
f 1751 769 1598
f 1286 415 1831
f 1315 415 1286
f 275 415 1315
f 1231 275 1315
f 104 275 1231
f 688 802 570
f 1992 802 688
f 688 570 258
f 274 1992 688
f 688 258 1103
f 274 688 1103
f 274 1103 611
f 918 274 611
f 918 611 978
f 274 918 1975
f 1975 918 104
f 1975 104 1231
f 1961 875 1992
f 1961 1992 274
f 1961 274 1975
f 1832 875 1961
f 315 495 1998
f 1998 1961 315
f 1398 396 1871
f 1398 1871 1204
f 1204 898 1398
f 905 767 898
f 905 898 1204
f 905 621 767
f 1843 905 1204
f 594 621 905
f 594 905 1843
f 1857 594 1843
f 693 1857 1843
f 190 1857 693
f 1161 190 693
f 232 396 1398
f 1398 81 232
f 898 81 1398
f 898 1707 81
f 767 1707 898
f 594 1892 621
f 1857 1892 594
f 1857 984 1892
f 967 984 1857
f 967 1857 190
f 1161 926 190
f 926 967 190
f 81 1140 232
f 1430 1140 81
f 1707 1430 81
f 502 1430 1707
f 767 502 1707
f 621 502 767
f 1036 502 1892
f 1892 502 621
f 984 100 1036
f 984 1036 1892
f 967 100 984
f 926 995 100
f 926 100 967
f 103 1430 502
f 1036 103 502
f 1430 1822 1140
f 100 1990 1036
f 995 1990 100
f 1990 103 1036
f 103 1822 1430
f 1161 693 1500
f 1500 169 1161
f 1500 1655 169
f 1412 355 1655
f 1412 1655 1500
f 1148 355 1412
f 1721 1148 1412
f 1721 176 1148
f 1721 1338 176
f 1394 1338 1721
f 1293 1338 1394
f 1708 1293 1394
f 169 1858 1161
f 1858 926 1161
f 325 1858 169
f 1655 325 169
f 1314 325 1655
f 355 1314 1655
f 1798 1314 355
f 1148 1798 355
f 220 1798 1148
f 176 220 1148
f 185 220 176
f 1338 185 176
f 658 185 1338
f 658 1338 1293
f 115 658 1293
f 995 926 1858
f 325 995 1858
f 220 783 1798
f 185 783 220
f 542 185 658
f 115 1545 542
f 115 542 658
f 325 1445 995
f 1445 325 1314
f 1445 1314 1798
f 783 1445 1798
f 542 783 185
f 995 1445 1990
f 542 1917 783
f 1545 1917 542
f 1917 1445 783
f 1065 1293 1708
f 1679 555 1708
f 555 1065 1708
f 1373 555 1679
f 1925 1373 1679
f 1783 1925 1679
f 1354 1925 1783
f 1354 1783 318
f 1527 318 1783
f 1678 318 1570
f 1570 318 1527
f 791 1678 1570
f 510 791 1570
f 510 1570 1527
f 1669 115 1293
f 1669 1293 1065
f 1669 1065 555
f 1557 1669 555
f 1557 555 1373
f 1373 1127 1484
f 1484 1557 1373
f 1925 1127 1373
f 1925 606 1127
f 1354 606 1925
f 1111 1354 318
f 1111 318 1678
f 1545 115 1669
f 1557 1545 1669
f 1484 1545 1557
f 1127 417 1484
f 606 417 1127
f 1415 417 606
f 1354 1415 606
f 1415 1354 1111
f 1325 1415 1111
f 1325 1111 1678
f 1678 740 1325
f 740 1678 791
f 791 1936 740
f 1484 1770 1545
f 417 1770 1484
f 1325 1778 1415
f 740 1778 1325
f 1936 1079 740
f 1770 1917 1545
f 1415 1778 417
f 1079 1778 740
f 417 1778 1770
f 1112 791 510
f 1935 510 1527
f 785 1112 510
f 785 510 1935
f 1019 785 1935
f 716 1019 1935
f 1217 1019 716
f 181 1217 716
f 181 716 1100
f 1100 716 1122
f 608 962 1100
f 608 1100 1122
f 1937 962 608
f 608 1122 1043
f 565 1937 608
f 565 608 1043
f 646 1112 785
f 646 785 1019
f 369 646 1019
f 1217 369 1019
f 1100 191 181
f 191 1100 962
f 82 1937 565
f 1936 791 1112
f 1079 1936 646
f 369 1079 646
f 1936 1112 646
f 181 1663 1217
f 1663 369 1217
f 1663 181 191
f 1582 1663 191
f 1421 1582 191
f 1421 191 962
f 1421 962 1937
f 1478 1421 1937
f 1478 1937 82
f 82 749 1478
f 1985 1079 369
f 1985 369 1663
f 1663 1582 1985
f 1421 442 1582
f 442 1421 1478
f 749 442 1478
f 442 1985 1582
f 1827 565 1043
f 294 1827 1043
f 1462 1827 294
f 1699 1462 98
f 98 1462 294
f 1324 1699 98
f 1690 1324 98
f 98 294 1690
f 517 1324 1690
f 661 517 1690
f 661 1690 1969
f 1289 661 1969
f 1741 1289 1916
f 1916 1289 1969
f 82 565 1827
f 932 82 1827
f 932 1827 1462
f 1358 932 1462
f 1358 1462 1699
f 1081 1699 1324
f 1081 1324 517
f 855 1081 517
f 855 517 661
f 189 855 661
f 189 661 1289
f 890 189 1289
f 890 1289 1741
f 932 749 82
f 1358 749 932
f 39 749 1358
f 39 1358 1699
f 1699 1422 39
f 1422 1699 1081
f 1081 1232 1422
f 1232 1081 855
f 454 1232 855
f 454 855 189
f 454 189 890
f 44 454 890
f 44 890 1741
f 1544 44 1741
f 1966 749 39
f 1422 1966 39
f 1232 1888 1422
f 1888 1232 454
f 44 1888 454
f 1133 1888 44
f 1133 44 1544
f 1966 442 749
f 1888 1966 1422
f 1300 1741 1916
f 1277 1916 1969
f 1277 1300 1916
f 1154 1393 1300
f 1277 1154 1300
f 122 1569 1154
f 122 1154 1277
f 122 1339 1569
f 201 1339 629
f 866 1339 122
f 629 1339 866
f 1224 1340 629
f 421 1224 629
f 421 629 866
f 1474 421 866
f 421 1446 1224
f 1042 1446 421
f 421 1474 563
f 1042 421 563
f 423 1741 1300
f 1300 1393 423
f 1154 335 1393
f 1569 1680 1154
f 1680 335 1154
f 1680 1569 1339
f 1339 1513 618
f 618 1680 1339
f 201 1513 1339
f 201 629 1340
f 1446 1747 1224
f 1747 1340 1224
f 482 1747 1446
f 1446 919 482
f 919 1446 1042
f 241 919 1042
f 241 1042 563
f 1261 241 563
f 1544 1741 423
f 1733 1544 423
f 335 1930 1733
f 335 1733 1393
f 1733 423 1393
f 618 1930 335
f 1680 618 335
f 201 1362 1513
f 1362 201 1340
f 1340 199 1362
f 482 199 1747
f 199 1340 1747
f 919 305 482
f 305 199 482
f 434 305 919
f 1733 1133 1544
f 1930 1133 1733
f 1513 1930 618
f 1513 311 1930
f 311 1513 1362
f 1414 311 1362
f 199 1414 1362
f 1414 199 305
f 796 1414 305
f 452 311 1414
f 452 1414 796
f 796 560 452
f 560 790 452
f 452 1780 311
f 790 1429 1780
f 790 1780 452
f 311 1987 1930
f 311 1780 1987
f 1429 599 1780
f 434 919 241
f 472 434 241
f 1261 472 241
f 143 305 434
f 143 796 305
f 143 560 796
f 1559 560 143
f 1193 1559 143
f 143 434 472
f 1193 143 472
f 1261 1193 472
f 560 1636 790
f 1559 1636 560
f 1193 1636 1559
f 1106 1636 1193
f 1636 779 790
f 779 1429 790
f 1636 1106 779
f 1193 1092 1106
f 779 1178 1429
f 1178 599 1429
f 1106 227 779
f 227 1178 779
f 1092 1802 227
f 1092 227 1106
f 103 1347 1822
f 1990 1347 103
f 1445 1917 1990
f 1778 1079 1985
f 1987 1888 1133
f 1835 1888 1987
f 1835 1966 1888
f 1987 1133 1930
f 1780 1385 1987
f 599 1385 1780
f 599 1667 1385
f 1385 750 1987
f 1667 750 1385
f 750 1835 1987
f 682 1459 750
f 1459 1835 750
f 1287 1835 1459
f 1287 1097 1835
f 136 599 1178
f 1802 131 136
f 136 1178 227
f 1802 136 227
f 1802 1032 131
f 1706 1032 1802
f 1092 1706 1802
f 1032 1012 131
f 131 1667 136
f 1667 599 136
f 131 748 1667
f 1012 748 131
f 1012 1032 1706
f 1121 1012 1706
f 748 909 1667
f 909 750 1667
f 1012 909 748
f 1012 1542 909
f 1542 1077 909
f 1542 1012 1121
f 1077 682 909
f 682 750 909
f 1077 944 682
f 1542 782 1077
f 782 944 1077
f 1542 1469 782
f 1469 1542 1121
f 1121 1846 1469
f 944 372 1459
f 944 1459 682
f 782 784 944
f 784 372 944
f 1469 784 782
f 1846 784 1469
f 372 1179 1459
f 372 178 1179
f 350 178 372
f 350 372 784
f 350 784 1846
f 1179 1287 1459
f 1179 657 1287
f 759 657 1179
f 178 759 1179
f 350 1027 178
f 1027 759 178
f 1846 4 350
f 4 1027 350
f 657 1097 1287
f 759 424 657
f 235 424 759
f 235 759 1027
f 235 1027 4
f 473 235 4
f 1917 1347 1990
f 1932 1347 1917
f 1835 1968 442
f 442 1968 1985
f 1835 442 1966
f 1097 27 1835
f 27 42 1835
f 42 1968 1835
f 878 1968 42
f 1254 878 42
f 878 1378 1968
f 657 1913 1097
f 1913 27 1097
f 424 1913 657
f 424 842 1913
f 235 473 424
f 473 842 424
f 1942 473 4
f 1913 1912 27
f 842 1912 1913
f 842 828 1912
f 473 1380 842
f 1380 828 842
f 1942 307 473
f 307 1380 473
f 1912 42 27
f 1912 118 42
f 828 118 1912
f 1380 923 828
f 923 118 828
f 307 923 1380
f 118 1254 42
f 440 1254 118
f 440 118 923
f 236 440 923
f 236 923 307
f 1328 236 307
f 357 236 1328
f 1254 993 878
f 993 1254 440
f 993 440 236
f 1724 993 236
f 236 357 1724
f 993 1649 878
f 993 1683 1649
f 1683 993 1724
f 1724 441 1683
f 441 1724 357
f 1328 1797 357
f 1797 441 357
f 1378 878 1649
f 1649 708 1378
f 1683 138 1649
f 138 708 1649
f 138 1654 708
f 441 138 1683
f 441 198 138
f 198 1654 138
f 1797 198 441
f 708 1434 1378
f 1654 770 708
f 198 891 1654
f 891 85 770
f 891 770 1654
f 891 198 1797
f 1797 1659 85
f 1797 85 891
f 438 1871 1670
f 673 1670 184
f 673 438 1670
f 1204 1871 438
f 1723 438 455
f 438 673 455
f 1799 1204 438
f 654 438 1723
f 654 1799 438
f 1723 455 331
f 331 654 1723
f 1799 1843 1204
f 113 1799 654
f 113 654 268
f 654 331 268
f 709 1799 113
f 1900 1843 1799
f 94 1900 709
f 1900 1799 709
f 94 709 6
f 1843 1900 693
f 1795 693 1900
f 1515 1900 94
f 522 1515 94
f 1795 1900 1515
f 1135 1515 522
f 351 551 116
f 184 351 116
f 673 184 116
f 673 116 1182
f 455 673 1182
f 331 455 1182
f 1014 113 268
f 1014 709 113
f 6 709 1014
f 204 94 6
f 522 94 204
f 1135 522 1492
f 116 551 939
f 1182 116 939
f 505 1182 939
f 331 1182 505
f 1464 331 505
f 268 331 1464
f 1505 268 1464
f 1014 268 1505
f 1427 1014 1505
f 1427 204 6
f 6 1014 1427
f 497 204 1427
f 497 522 204
f 1978 1492 497
f 1492 522 497
f 939 551 1108
f 497 1427 1978
f 1108 1816 939
f 1427 1505 1978
f 1500 693 1795
f 177 1795 1515
f 177 1515 1135
f 177 1135 192
f 65 1795 177
f 65 177 668
f 177 192 668
f 1578 1412 1500
f 1500 1795 1578
f 1578 1795 65
f 1258 1578 65
f 399 65 668
f 1258 65 399
f 1878 1412 1578
f 1878 1721 1412
f 1295 1578 1258
f 825 1295 1258
f 340 1878 1578
f 340 1578 1295
f 1776 1295 825
f 1776 340 1295
f 1403 662 340
f 662 1878 340
f 1403 340 1776
f 1878 1708 1721
f 1708 1394 1721
f 126 662 1403
f 1708 1878 1933
f 1933 1878 662
f 1933 662 837
f 37 837 789
f 837 662 126
f 837 126 789
f 1135 1492 192
f 668 192 1701
f 399 668 1701
f 1225 1258 399
f 825 1258 1225
f 1644 1776 825
f 432 1403 1776
f 126 1403 432
f 1492 1978 1342
f 192 1492 1342
f 1701 192 1342
f 1350 1701 1342
f 1350 1225 399
f 399 1701 1350
f 46 1225 1350
f 46 825 1225
f 1401 1644 46
f 1644 825 46
f 1401 432 1776
f 1776 1644 1401
f 1922 432 1401
f 1922 126 432
f 1150 37 789
f 789 126 1922
f 1150 789 1922
f 1350 1342 1978
f 1899 1150 1922
f 46 1350 1978
f 1933 837 1174
f 1174 1651 1933
f 837 37 1174
f 1860 1679 1708
f 1860 1708 1933
f 1860 1933 1651
f 1651 1174 347
f 1860 1651 234
f 234 1651 347
f 600 1679 1860
f 1860 234 644
f 644 600 1860
f 1783 1679 600
f 600 644 1060
f 1783 600 1527
f 1527 600 536
f 600 1060 1345
f 536 600 1345
f 1845 1527 536
f 536 1345 1363
f 1363 1845 536
f 1363 1345 1233
f 679 1845 1691
f 1845 1363 1691
f 1174 37 1160
f 347 1174 1160
f 347 1160 348
f 347 348 302
f 234 347 302
f 234 302 488
f 644 234 488
f 573 644 488
f 1060 644 573
f 127 1060 573
f 1345 1060 127
f 1233 1345 127
f 285 1363 1233
f 988 679 1691
f 1691 1363 285
f 988 1691 285
f 1160 37 1150
f 348 1160 1150
f 348 1150 1899
f 24 302 1899
f 302 348 1899
f 488 302 24
f 1087 488 24
f 573 488 1087
f 127 573 1087
f 547 127 1087
f 547 285 1233
f 1233 127 547
f 1159 285 547
f 1159 988 285
f 24 1899 1087
f 216 1935 1527
f 216 1527 1845
f 216 1845 679
f 114 216 679
f 521 1935 216
f 873 521 216
f 873 216 114
f 521 873 1593
f 1935 521 1599
f 1599 1122 1935
f 1122 716 1935
f 1509 1599 1311
f 521 1593 1311
f 1599 521 1311
f 1203 1599 1509
f 218 1203 1509
f 1379 1122 1599
f 1379 1599 1203
f 359 1203 218
f 1043 1122 1379
f 142 1379 1203
f 142 1203 359
f 1013 142 359
f 95 142 1013
f 95 1379 142
f 1633 95 1013
f 114 679 988
f 873 114 958
f 752 873 958
f 1593 873 752
f 625 1311 1945
f 1311 1593 752
f 1311 752 1945
f 625 1509 1311
f 218 1509 625
f 1561 359 218
f 387 359 1561
f 387 1013 359
f 1633 1013 387
f 1519 114 988
f 1519 988 1159
f 958 114 1519
f 752 958 1519
f 752 1519 1830
f 1830 1945 752
f 230 625 1945
f 230 218 625
f 1561 218 230
f 1498 387 1561
f 1887 387 1498
f 1887 1633 387
f 230 1945 1830
f 1498 1561 230
f 1428 1887 1498
f 1830 1519 1159
f 230 1830 1498
f 1976 294 1043
f 1976 1043 1379
f 1976 1379 95
f 165 95 1283
f 95 1633 1283
f 620 1976 165
f 1976 95 165
f 1619 294 1976
f 792 1976 620
f 792 1619 1976
f 1690 294 1619
f 1619 792 446
f 1336 1619 1063
f 1619 446 1063
f 231 1336 1063
f 1336 1690 1619
f 272 1969 1690
f 272 1690 1336
f 1879 1336 231
f 1336 1879 45
f 272 1336 45
f 953 1969 272
f 908 272 844
f 272 45 844
f 908 953 272
f 787 165 1283
f 787 620 165
f 1762 620 787
f 1762 792 620
f 1750 792 1762
f 446 792 1750
f 1063 446 1750
f 1879 231 576
f 1879 576 1982
f 45 1879 1982
f 1341 45 1982
f 1341 908 844
f 844 45 1341
f 1283 1633 1887
f 1839 1283 1887
f 787 1283 1839
f 1762 787 1839
f 26 1762 1839
f 1750 1762 26
f 1294 1750 26
f 1294 231 1063
f 1063 1750 1294
f 1458 576 1294
f 576 231 1294
f 1982 576 1458
f 330 1982 1458
f 1341 1982 330
f 1839 1887 1428
f 26 1839 1428
f 330 1458 1959
f 1294 26 1428
f 953 908 1355
f 1277 1969 953
f 76 1277 953
f 76 953 484
f 953 1355 484
f 484 1355 1050
f 76 122 1277
f 76 484 1477
f 1477 484 1050
f 122 76 777
f 76 1477 287
f 777 76 287
f 122 777 866
f 1710 712 777
f 712 866 777
f 777 287 1188
f 1188 1710 777
f 1474 866 712
f 622 1710 1252
f 1710 1188 1252
f 712 1710 7
f 34 7 622
f 7 1710 622
f 402 34 622
f 977 563 1474
f 172 1474 712
f 172 977 1474
f 712 7 358
f 983 712 358
f 172 712 983
f 34 358 7
f 150 34 402
f 972 1355 1627
f 1355 908 1341
f 1355 1341 1627
f 1050 1355 972
f 588 1050 972
f 1477 1050 588
f 1528 1477 588
f 287 1477 1528
f 121 287 1528
f 1188 287 121
f 1089 1188 121
f 893 1252 1089
f 1252 1188 1089
f 893 622 1252
f 402 622 893
f 977 1261 563
f 1672 977 172
f 983 1672 172
f 1216 1672 983
f 358 1216 983
f 34 931 358
f 931 1216 358
f 34 443 931
f 150 443 34
f 1627 1341 330
f 810 972 1627
f 810 588 972
f 194 1528 588
f 194 588 810
f 121 1528 194
f 121 194 1956
f 1956 1089 121
f 1089 1956 1756
f 1756 893 1089
f 925 402 893
f 925 893 1756
f 150 1530 443
f 124 1530 925
f 150 402 925
f 1530 150 925
f 1627 330 1959
f 810 1627 1959
f 823 1756 1956
f 823 925 1756
f 1095 925 823
f 1095 124 925
f 194 810 1959
f 194 1959 1956
f 1095 823 375
f 577 1095 375
f 823 1956 360
f 375 823 360
f 707 577 375
f 707 375 360
f 360 1956 77
f 1460 360 77
f 1460 707 360
f 1320 931 443
f 1320 1216 931
f 977 1836 1261
f 1836 977 1672
f 1836 1672 1216
f 1320 1836 1216
f 1320 1530 124
f 1320 443 1530
f 684 1320 124
f 1193 1261 1836
f 1320 1882 1836
f 684 1882 1320
f 684 672 1882
f 684 124 1095
f 684 1095 672
f 1836 1643 1193
f 1882 1643 1836
f 1882 314 1643
f 971 314 1882
f 672 971 1882
f 971 672 577
f 672 1095 577
f 1643 1092 1193
f 665 1643 314
f 971 665 314
f 93 665 971
f 93 971 707
f 971 577 707
f 665 1910 1643
f 1058 1910 665
f 93 1058 665
f 245 1058 93
f 245 93 1460
f 93 707 1460
f 1978 1505 1464
f 315 939 1816
f 315 1464 505
f 505 939 315
f 1978 1464 315
f 1899 1922 1401
f 1401 46 1978
f 1159 547 1830
f 547 1087 1899
f 1773 547 1899
f 1830 547 1773
f 1773 1428 1498
f 1498 1830 1773
f 1959 1458 1294
f 1959 1294 1428
f 1959 1428 1999
f 1956 1959 77
f 871 1460 77
f 1198 871 77
f 1198 77 89
f 77 1959 89
f 1999 89 1959
f 1643 1910 1092
f 1910 1706 1092
f 1058 135 1910
f 149 135 1058
f 149 1058 245
f 135 149 871
f 149 245 1460
f 149 1460 871
f 63 135 871
f 63 871 1198
f 1910 1121 1706
f 135 1263 1910
f 63 1263 135
f 1198 89 263
f 263 63 1198
f 1263 1121 1910
f 474 1121 1263
f 1263 1475 474
f 642 1475 1263
f 642 1263 63
f 642 63 263
f 298 263 89
f 474 1846 1121
f 1475 773 474
f 642 298 1475
f 298 773 1475
f 642 263 298
f 89 1999 141
f 141 298 89
f 773 731 474
f 1185 731 773
f 1185 773 141
f 773 298 141
f 1134 141 1999
f 474 1942 1846
f 474 1368 1942
f 731 1368 474
f 1185 1368 731
f 666 1368 1185
f 666 1185 1134
f 1185 141 1134
f 1134 1999 271
f 1942 4 1846
f 1368 69 1942
f 1368 874 69
f 225 874 1368
f 225 1368 666
f 225 1533 874
f 1134 271 1533
f 1533 225 1134
f 225 666 1134
f 874 676 69
f 1533 676 874
f 676 1533 723
f 1533 271 723
f 1773 1401 1978
f 1899 1401 1773
f 1773 1978 315
f 1999 1428 1809
f 1428 1773 1809
f 1876 1809 1773
f 1876 1773 1566
f 1566 1773 1307
f 226 1999 1809
f 226 271 1999
f 723 271 226
f 69 1890 1942
f 567 1890 69
f 676 567 69
f 836 567 676
f 723 226 836
f 836 676 723
f 1942 1890 307
f 780 1890 567
f 780 567 836
f 1288 780 836
f 470 780 1288
f 470 1288 1186
f 1288 226 1186
f 836 226 1288
f 1131 1186 1809
f 1186 226 1809
f 1890 18 307
f 659 18 1890
f 659 1890 780
f 659 780 470
f 1949 659 470
f 1949 1186 1131
f 1949 470 1186
f 1800 1131 1809
f 18 1328 307
f 132 18 659
f 132 659 1949
f 1964 132 1949
f 1964 1131 1800
f 1964 1949 1131
f 1800 1809 1876
f 541 132 1964
f 252 541 1964
f 1800 1876 252
f 252 1964 1800
f 18 1794 1328
f 18 541 1794
f 541 18 132
f 281 541 252
f 252 1372 281
f 252 1876 1372
f 1794 1797 1328
f 1406 1794 541
f 1406 541 281
f 1566 1372 1876
f 1372 289 281
f 289 68 281
f 289 1372 1566
f 1194 1797 1794
f 68 1194 1794
f 68 1794 1406
f 1406 281 68
f 728 68 289
f 635 728 289
f 1566 1307 635
f 289 1566 635
f 1194 1659 1797
f 68 728 1194
f 769 660 772
f 1598 769 772
f 660 769 685
f 660 685 863
f 863 685 123
f 247 660 863
f 660 247 772
f 1631 1157 247
f 247 863 123
f 1631 247 123
f 1789 772 1824
f 1824 1157 859
f 1824 247 1157
f 247 1824 772
f 79 859 1157
f 1631 79 1157
f 1789 1824 1015
f 1015 859 1
f 859 799 1
f 1015 1824 859
f 79 799 859
f 79 612 799
f 799 1400 530
f 1 799 530
f 1953 1015 1
f 1 530 1953
f 1953 1789 1015
f 612 678 1400
f 612 1400 799
f 530 1400 308
f 1953 530 240
f 678 1853 308
f 678 308 1400
f 308 999 886
f 886 530 308
f 240 530 886
f 1853 756 999
f 1853 999 308
f 886 999 540
f 886 540 349
f 1763 240 886
f 886 349 1763
f 593 540 999
f 756 593 999
f 1983 1909 1793
f 1909 1631 123
f 1909 1397 1631
f 1397 1909 1983
f 1397 79 1631
f 612 79 1397
f 1397 1991 612
f 1991 1397 1983
f 1991 678 612
f 1991 1853 678
f 1983 1356 1991
f 1991 756 1853
f 1807 756 1991
f 1807 593 756
f 1356 1807 1991
f 1580 1983 1793
f 1580 1356 1983
f 1932 1989 1580
f 349 540 120
f 120 540 593
f 1026 120 1156
f 1026 349 120
f 956 349 1026
f 1763 349 956
f 593 1156 120
f 1026 1156 43
f 848 1026 43
f 572 956 848
f 956 1026 848
f 1601 43 1156
f 1175 848 43
f 1175 43 1601
f 1175 1601 1506
f 1175 1506 458
f 458 848 1175
f 572 848 458
f 458 1506 1256
f 458 1256 1939
f 1939 572 458
f 1104 1256 453
f 1939 1256 1104
f 1147 453 385
f 1104 453 1147
f 1854 1104 1147
f 1147 385 179
f 1854 1147 179
f 1807 1785 593
f 1523 1785 1807
f 1523 1807 1356
f 1156 593 1785
f 1601 1156 1785
f 380 1601 1785
f 380 1785 1523
f 1742 380 1523
f 1671 1742 1523
f 1356 1671 1523
f 1742 1506 380
f 1506 1601 380
f 1742 514 1506
f 1671 514 1742
f 1984 1671 1356
f 514 1256 1506
f 959 1256 514
f 1671 59 959
f 1671 959 514
f 1984 59 1671
f 453 1256 959
f 292 453 959
f 1851 292 959
f 59 1851 959
f 1984 1812 59
f 385 453 292
f 998 385 292
f 1851 998 292
f 336 998 1851
f 1812 336 1851
f 1812 1851 59
f 1984 1727 1812
f 179 998 1974
f 179 385 998
f 336 1974 998
f 336 1880 1974
f 1880 336 1812
f 1727 1880 1812
f 1694 1305 1984
f 1829 1356 1580
f 1829 319 1356
f 1580 1743 1829
f 319 1694 1356
f 1356 1694 1984
f 1486 1743 1580
f 1580 1171 1486
f 1951 1580 1989
f 1580 664 1171
f 664 1580 1951
f 1989 1960 1951
f 1977 1960 1989
f 296 179 1974
f 1908 179 296
f 1908 1854 179
f 1880 619 1974
f 619 296 1974
f 1727 619 1880
f 1984 1792 1727
f 1792 1168 1727
f 1632 296 1226
f 513 1908 1632
f 1908 296 1632
f 1226 296 619
f 966 1226 619
f 1727 224 619
f 224 966 619
f 1727 1168 224
f 1792 798 1168
f 634 1632 1226
f 1632 634 1197
f 1197 513 1632
f 634 1226 966
f 765 634 966
f 765 1748 634
f 1748 1197 634
f 765 966 224
f 1673 765 224
f 1168 1673 224
f 1748 544 107
f 107 1197 1748
f 1333 1197 107
f 1821 1197 1333
f 1821 513 1197
f 830 544 1748
f 1748 765 1673
f 830 1748 1673
f 1168 830 1673
f 1168 1472 830
f 798 1472 1168
f 107 544 1268
f 1333 107 1268
f 1115 1268 544
f 1472 1115 544
f 544 830 1472
f 112 1115 1472
f 1472 798 1418
f 1418 112 1472
f 1818 1418 798
f 1792 1818 798
f 1792 528 1310
f 1310 1818 1792
f 815 1333 847
f 1333 1268 847
f 1189 1821 1333
f 1189 1333 815
f 847 1115 1489
f 1115 847 1268
f 112 1489 1115
f 112 1167 1489
f 1418 1167 112
f 1418 1946 1167
f 1818 1946 1418
f 1818 820 1946
f 1310 820 1818
f 447 847 1489
f 1489 500 447
f 447 815 847
f 623 815 447
f 623 1189 815
f 1167 500 1489
f 500 1349 447
f 1349 623 447
f 1946 250 1167
f 1349 500 1167
f 250 1349 1167
f 1796 623 1349
f 820 250 1946
f 820 1901 250
f 1901 1349 250
f 1901 1796 1349
f 1310 384 820
f 1901 820 384
f 384 1562 1901
f 1562 1796 1901
f 182 384 1310
f 1562 384 182
f 1547 1792 1984
f 1984 1305 1547
f 1547 528 1792
f 1494 1305 1694
f 1547 1191 528
f 1191 1612 528
f 1547 1335 1191
f 1305 1411 1335
f 1305 1335 1547
f 1305 592 1411
f 1494 592 1305
f 761 1494 1694
f 1612 1310 528
f 677 1310 1612
f 1494 74 592
f 1399 74 1494
f 1399 1494 761
f 182 1310 677
f 299 182 677
f 1562 182 299
f 1191 1565 1612
f 1565 677 1612
f 1565 299 677
f 1335 624 1191
f 624 1565 1191
f 299 1565 624
f 1383 299 624
f 1411 286 1335
f 286 624 1335
f 1383 624 286
f 286 1413 1383
f 592 753 1411
f 753 286 1411
f 1413 286 753
f 753 592 74
f 74 853 753
f 853 1413 753
f 853 1986 1413
f 1399 853 74
f 1399 1777 853
f 1777 1986 853
f 416 1777 1399
f 416 1986 1777
f 1743 840 1829
f 761 1694 319
f 319 1245 641
f 641 761 319
f 319 558 1245
f 1829 558 319
f 566 558 1829
f 840 566 1829
f 840 461 566
f 1743 1210 840
f 1210 1438 840
f 641 1399 761
f 558 636 1245
f 558 1284 636
f 566 1284 558
f 566 843 1284
f 461 843 566
f 840 1438 461
f 1210 603 1438
f 416 1399 641
f 641 1736 416
f 1736 1441 416
f 1441 1986 416
f 1245 1736 641
f 1245 601 1736
f 601 1441 1736
f 636 601 1245
f 636 1136 601
f 1441 601 1136
f 1361 1441 1136
f 1284 1136 636
f 1284 86 1136
f 86 1361 1136
f 843 86 1284
f 1524 1361 86
f 461 1419 843
f 1524 86 843
f 1419 1524 843
f 1438 1419 461
f 1419 1948 1524
f 603 1419 1438
f 1948 1419 603
f 1171 806 1486
f 1114 1743 1486
f 699 1210 1743
f 1114 699 1743
f 806 403 1486
f 403 1114 1486
f 1266 403 806
f 806 1718 1266
f 345 1718 806
f 1171 345 806
f 374 603 1210
f 374 1210 699
f 1114 486 699
f 403 590 1114
f 590 486 1114
f 259 603 374
f 259 1948 603
f 259 196 1948
f 699 851 374
f 851 259 374
f 851 196 259
f 851 699 486
f 486 803 851
f 196 851 803
f 460 486 590
f 803 486 460
f 460 1439 803
f 1266 736 403
f 736 460 590
f 736 590 403
f 1439 460 736
f 1718 1269 1266
f 1269 736 1266
f 1439 736 1269
f 1407 1269 1718
f 1407 1803 1269
f 1803 1439 1269
f 1407 1718 345
f 1869 1803 1407
f 664 960 1171
f 1951 1675 664
f 1431 1675 1951
f 960 345 1171
f 1267 345 960
f 664 754 960
f 754 913 960
f 1675 754 664
f 1675 1196 754
f 1431 1064 1675
f 1064 858 1675
f 1299 1267 960
f 1299 960 913
f 1022 913 754
f 1196 1022 754
f 858 1196 1675
f 1407 345 1267
f 1869 1407 1267
f 1595 1803 1869
f 1595 1008 1803
f 1299 1869 1267
f 1595 1869 1299
f 111 1299 913
f 1595 1299 111
f 1008 1595 111
f 111 913 1022
f 1390 111 1022
f 1008 111 1390
f 430 1022 1196
f 1390 1022 430
f 430 1823 1390
f 1008 1390 1823
f 430 1196 858
f 858 1139 430
f 1139 1823 430
f 1064 1139 858
f 1581 1823 1139
f 312 1139 1064
f 1581 1139 312
f 1960 1301 1951
f 1431 1951 1301
f 1142 382 1977
f 1960 1110 1301
f 1977 1110 1960
f 1301 1833 1431
f 1064 1431 1833
f 1301 1085 1833
f 1110 1085 1301
f 1480 1085 1110
f 1600 1480 1110
f 1290 1600 1110
f 1290 1110 1977
f 1290 1977 382
f 382 876 1290
f 382 822 876
f 701 1064 1833
f 1180 701 1833
f 1085 1180 1833
f 99 1180 1085
f 1480 99 1085
f 1290 1568 304
f 304 1600 1290
f 876 1568 1290
f 312 1064 701
f 504 312 701
f 1581 312 504
f 504 701 1180
f 1180 1526 504
f 99 1526 1180
f 1255 99 1480
f 1255 1526 99
f 1255 1755 1526
f 1255 1480 1600
f 304 1255 1600
f 304 1755 1255
f 1568 1730 304
f 1730 1755 304
f 876 1149 1568
f 1149 1730 1568
f 1149 1815 1730
f 822 1149 876
f 822 1346 1149
f 1346 1815 1149
f 130 1831 1598
f 1286 1831 130
f 1538 1286 130
f 1315 1286 1538
f 1604 1315 1538
f 1231 1315 1604
f 630 130 1598
f 630 1538 130
f 1546 1538 630
f 1546 1604 1538
f 1200 1604 1546
f 1598 772 1789
f 1598 1641 838
f 838 630 1598
f 554 630 838
f 1546 630 554
f 1728 1200 1546
f 1728 1546 554
f 1598 1789 1641
f 838 1641 368
f 1652 838 368
f 554 838 1652
f 1728 554 1652
f 1728 1652 346
f 1641 1789 1953
f 25 1641 109
f 368 1641 25
f 724 368 25
f 25 109 724
f 1652 368 724
f 346 1652 724
f 346 724 1918
f 1641 1953 240
f 1602 109 1641
f 109 1602 1296
f 724 109 1296
f 1918 724 1296
f 1918 1296 1071
f 1763 1641 240
f 1874 1641 1763
f 1602 1641 1874
f 821 1602 1874
f 1296 1602 821
f 1071 1296 821
f 1071 821 1280
f 580 949 1874
f 949 821 1874
f 264 1280 949
f 1280 821 949
f 1231 1604 1200
f 1200 1975 1231
f 1728 346 1808
f 1200 1728 1808
f 346 1918 1808
f 1702 1918 1071
f 1702 1808 1918
f 1702 1071 1280
f 264 1702 1280
f 1808 1975 1200
f 1961 1975 1808
f 1702 1961 1808
f 869 1702 309
f 1702 869 1993
f 1961 1702 1993
f 315 1961 1971
f 965 1874 1763
f 580 1874 965
f 692 949 580
f 264 949 692
f 1574 632 965
f 632 580 965
f 692 580 632
f 1396 632 1574
f 1396 264 692
f 1396 692 632
f 572 1763 956
f 36 965 776
f 965 1763 572
f 965 572 776
f 965 36 1929
f 1929 1574 965
f 856 1574 1929
f 856 1396 1574
f 1929 36 1497
f 694 1929 1497
f 694 856 1929
f 776 572 1939
f 1285 36 776
f 1285 1497 36
f 1597 1497 1285
f 694 1497 1597
f 776 1939 1104
f 1285 776 1549
f 1120 1285 1549
f 1456 1525 1120
f 1597 1285 1120
f 1525 1597 1120
f 1854 776 1104
f 1549 776 1854
f 574 1120 1549
f 1456 1120 574
f 1456 574 1047
f 1549 1854 981
f 574 1549 981
f 1213 574 981
f 309 1702 264
f 309 264 1396
f 1396 856 249
f 249 309 1396
f 249 856 694
f 249 694 832
f 249 832 1859
f 1859 309 249
f 809 832 1525
f 832 694 1597
f 832 1597 1525
f 1859 832 809
f 809 1525 1456
f 1859 809 720
f 1859 720 1848
f 1047 574 1213
f 1047 809 1456
f 720 809 1047
f 1047 1213 951
f 17 1047 951
f 720 1047 17
f 1848 17 598
f 1848 720 17
f 309 1859 869
f 869 1859 1848
f 869 1848 1713
f 437 1961 1993
f 1001 1961 437
f 1995 1961 1001
f 1971 1961 1995
f 1995 1250 1605
f 1971 1995 1605
f 260 315 1971
f 364 315 260
f 1684 315 364
f 1971 596 260
f 1854 1908 513
f 1854 513 333
f 981 1854 333
f 922 981 333
f 922 1213 981
f 951 1213 922
f 377 951 922
f 17 951 377
f 598 17 377
f 1053 922 333
f 797 922 1053
f 797 1053 589
f 797 377 922
f 327 797 589
f 327 598 377
f 327 377 797
f 1753 1848 598
f 1753 598 327
f 1056 1848 1753
f 1713 1848 1056
f 1056 1096 1713
f 333 513 829
f 91 1053 829
f 1053 333 829
f 1531 589 91
f 589 1053 91
f 1821 829 513
f 1531 327 589
f 1753 327 1531
f 1753 1531 1279
f 1753 1279 1056
f 1896 829 1821
f 1501 91 829
f 1501 829 1896
f 648 1279 1501
f 1279 1531 91
f 1279 91 1501
f 1279 648 650
f 1056 1279 650
f 1746 1056 650
f 1096 1056 1746
f 1078 1896 901
f 1896 1821 901
f 1896 1078 714
f 714 1501 1896
f 1552 714 698
f 1552 648 714
f 648 1501 714
f 650 648 1552
f 1746 650 1082
f 193 1713 1096
f 1821 1189 901
f 698 714 1078
f 698 1078 485
f 991 1552 698
f 991 698 485
f 650 1552 991
f 1082 650 991
f 1006 1746 1082
f 746 1746 1006
f 297 1096 746
f 1096 1746 746
f 193 1096 297
f 267 1189 623
f 1481 1189 267
f 901 1189 1481
f 1000 901 1481
f 1000 1078 901
f 1005 1078 1000
f 485 1078 1005
f 485 1005 1004
f 1004 991 485
f 623 1796 267
f 1796 1481 267
f 1796 1726 1481
f 1726 1000 1481
f 1726 1322 1000
f 1322 1005 1000
f 1322 1004 1005
f 1322 511 1004
f 511 1082 991
f 511 991 1004
f 1726 1369 1322
f 1369 511 1322
f 1369 1006 511
f 1006 1082 511
f 1796 1556 1726
f 1556 1369 1726
f 61 1006 1369
f 61 746 1006
f 1556 1796 1562
f 386 61 1369
f 386 1369 1556
f 386 297 746
f 746 61 386
f 1344 1834 1556
f 386 1556 1834
f 626 297 386
f 626 386 1834
f 626 193 297
f 1993 869 1220
f 1101 1993 1220
f 1170 1713 1847
f 1170 869 1713
f 869 942 1220
f 33 1125 193
f 1125 1713 193
f 1847 1713 1125
f 211 942 1170
f 942 869 1170
f 1220 942 734
f 1220 734 221
f 221 1101 1220
f 652 1101 1534
f 1101 221 1534
f 1344 1556 1562
f 299 1344 1562
f 667 1834 1344
f 626 1834 667
f 33 193 626
f 33 626 667
f 1383 1344 299
f 1291 667 1344
f 1247 667 1291
f 33 667 1247
f 1247 1847 1125
f 1125 33 1247
f 1709 1344 1383
f 1383 976 1709
f 1709 1291 1344
f 1247 1291 1709
f 1276 1247 1709
f 1276 1847 1247
f 1276 1170 1847
f 1017 1709 976
f 1276 1709 1017
f 211 1276 1017
f 211 1170 1276
f 1413 976 1383
f 1091 1017 976
f 1688 1091 976
f 1091 211 1017
f 942 211 1091
f 1986 976 1413
f 1177 976 1986
f 1688 976 1177
f 1074 734 1688
f 734 1091 1688
f 734 942 1091
f 1074 1688 1177
f 1177 539 1074
f 221 734 1074
f 539 221 1074
f 1177 146 539
f 146 652 1534
f 1534 221 539
f 146 1534 539
f 1001 437 1814
f 437 1993 760
f 760 1993 134
f 1405 437 760
f 437 1617 1814
f 1001 1814 313
f 134 1101 652
f 1993 1101 134
f 70 1405 760
f 52 437 1405
f 1617 437 52
f 1049 1814 1617
f 1814 1049 1183
f 1183 313 1814
f 1441 1177 1986
f 1441 487 1177
f 146 1177 487
f 487 406 146
f 406 652 146
f 406 134 652
f 1361 487 1441
f 1361 1883 487
f 994 406 487
f 1883 994 487
f 994 134 406
f 994 760 134
f 490 994 1883
f 70 760 994
f 70 994 490
f 1473 1883 1361
f 1473 490 1883
f 1473 166 1281
f 1281 490 1473
f 70 490 1281
f 166 52 1281
f 1405 70 1281
f 52 1405 1281
f 1524 1886 1361
f 1473 1361 1886
f 1886 982 1473
f 982 1035 166
f 982 166 1473
f 1035 52 166
f 1035 1617 52
f 524 1035 982
f 982 1049 524
f 524 1617 1035
f 1049 1617 524
f 1948 1886 1524
f 1329 982 1886
f 391 982 1329
f 1049 982 391
f 1183 1049 391
f 1782 1329 1886
f 1782 40 310
f 310 391 1329
f 1782 310 1329
f 1183 391 310
f 40 706 313
f 313 1183 310
f 40 313 310
f 1151 1995 1001
f 1001 1638 1151
f 1250 1995 1920
f 1995 1151 861
f 1995 807 1920
f 706 1001 313
f 519 1638 706
f 1638 1001 706
f 1463 1638 519
f 721 1151 1463
f 1151 1638 1463
f 1151 721 67
f 861 1151 67
f 807 1995 861
f 1435 1920 92
f 1920 807 92
f 585 1920 1248
f 1920 1435 1248
f 585 1250 1920
f 196 1886 1948
f 788 1886 196
f 1782 1886 788
f 915 40 1782
f 706 40 915
f 915 519 706
f 1687 915 1782
f 1687 1782 788
f 680 915 1687
f 519 915 680
f 680 1463 519
f 1722 850 788
f 850 1687 788
f 680 1687 850
f 721 680 850
f 721 1463 680
f 1439 788 196
f 1439 196 803
f 1439 1722 788
f 737 850 1722
f 737 721 850
f 67 721 737
f 947 1722 1439
f 947 1068 1722
f 1068 737 1722
f 1146 737 1068
f 67 737 1146
f 861 67 1146
f 987 1068 947
f 1146 1068 987
f 713 1146 987
f 713 861 1146
f 807 861 713
f 947 1439 1803
f 546 987 947
f 713 987 546
f 92 713 546
f 546 1435 92
f 92 807 713
f 1759 546 947
f 1811 546 1759
f 1435 546 1811
f 1248 1435 1811
f 1811 585 1248
f 1616 1971 1605
f 1971 1616 1327
f 1971 428 596
f 564 1250 585
f 445 1605 564
f 1605 1250 564
f 284 1605 445
f 284 1616 1605
f 1327 1616 284
f 586 1971 1327
f 428 1971 586
f 852 596 428
f 429 596 852
f 1008 1402 1759
f 1759 947 1803
f 1008 1759 1803
f 862 1811 1759
f 1402 862 1759
f 585 1811 862
f 862 564 585
f 83 862 1402
f 564 862 83
f 83 445 564
f 1008 743 1402
f 1503 83 1402
f 743 1503 1402
f 445 83 1503
f 1503 284 445
f 14 1503 743
f 284 1503 14
f 14 1327 284
f 1823 743 1008
f 1801 743 1823
f 1801 14 743
f 655 14 1801
f 655 1327 14
f 655 586 1327
f 1297 655 1801
f 102 655 1297
f 102 586 655
f 102 428 586
f 1801 1823 1581
f 1894 1801 1581
f 1297 1801 1894
f 1894 139 1297
f 139 498 1297
f 498 102 1297
f 498 428 102
f 139 852 498
f 852 428 498
f 1581 1083 1894
f 1083 352 139
f 1083 139 1894
f 352 852 139
f 352 429 852
f 260 596 187
f 187 596 429
f 209 1684 364
f 543 187 429
f 401 187 543
f 187 401 1686
f 260 187 1686
f 1132 260 1686
f 1132 364 260
f 1897 364 1132
f 209 364 1897
f 986 209 870
f 986 1684 209
f 1365 1684 986
f 504 1579 1581
f 1083 1581 1579
f 1083 1138 433
f 433 352 1083
f 433 429 352
f 1138 543 433
f 543 429 433
f 1579 504 1526
f 337 1083 1579
f 337 1138 1083
f 506 1138 337
f 337 401 506
f 543 1138 506
f 401 543 506
f 1579 1126 337
f 1126 1685 337
f 401 337 1685
f 1126 55 1685
f 1686 401 1685
f 55 1686 1685
f 1755 1579 1526
f 943 1126 1579
f 943 800 1126
f 800 55 1126
f 1132 1686 55
f 800 1132 55
f 943 1579 1755
f 943 604 1223
f 1223 800 943
f 1223 1132 800
f 1897 1132 1223
f 604 1897 1223
f 1730 1615 1755
f 1615 943 1755
f 1615 1881 943
f 1881 604 943
f 1040 604 1881
f 1040 1897 604
f 209 1897 1040
f 1615 1730 1815
f 88 1881 1615
f 1040 1881 88
f 870 1040 88
f 870 209 1040
f 88 1615 1468
f 1668 870 88
f 1668 88 1468
f 1668 986 870
f 1668 1365 986
f 1967 741 1932
f 741 1786 1932
f 1932 1786 1989
f 1917 1967 1932
f 1778 1967 1770
f 1967 1917 1770
f 1778 1965 1967
f 1985 1965 1778
f 1965 1985 1968
f 1214 1965 1968
f 1158 1965 1214
f 1214 1958 1158
f 1979 1158 1958
f 1378 1214 1968
f 1378 1434 1214
f 1567 1214 1434
f 407 1214 1567
f 407 1326 1214
f 1326 1958 1214
f 1326 1919 1958
f 276 1919 1326
f 770 1434 708
f 475 1434 770
f 614 475 770
f 85 614 770
f 1659 614 85
f 475 439 1567
f 475 1567 1434
f 323 439 475
f 323 475 614
f 1504 439 323
f 323 935 1504
f 1659 935 323
f 323 614 1659
f 1181 1567 439
f 1504 1181 439
f 129 1181 1504
f 935 129 1504
f 1367 407 1567
f 1367 1567 1181
f 1181 390 1367
f 390 1181 129
f 129 1720 390
f 1720 129 935
f 935 58 1720
f 1367 1674 407
f 390 1046 1367
f 1046 1674 1367
f 1720 1046 390
f 1720 58 1046
f 1674 1326 407
f 1046 1448 1674
f 58 283 1046
f 283 1448 1046
f 1353 283 58
f 1674 276 1326
f 276 1674 1448
f 990 276 1448
f 990 1448 283
f 1195 990 283
f 1195 283 1353
f 824 1195 1353
f 373 1919 276
f 373 276 990
f 990 174 373
f 174 990 1195
f 1195 1664 174
f 1664 1195 824
f 1989 1230 568
f 1989 568 1142
f 1142 1977 1989
f 1927 1989 1786
f 1927 1230 1989
f 1572 1967 1965
f 1457 741 1967
f 1958 1433 1979
f 1958 1514 1433
f 1514 1738 1433
f 1514 1744 1738
f 1862 1958 1919
f 1919 223 1862
f 1514 1958 1862
f 54 1514 1862
f 1607 54 1862
f 54 1765 1514
f 1278 1765 54
f 1586 1744 1514
f 1765 332 1514
f 332 1586 1514
f 1765 860 332
f 373 1323 1919
f 174 1323 373
f 174 60 1323
f 60 1238 1323
f 1664 60 174
f 210 1238 60
f 1664 210 60
f 1228 210 1664
f 824 1228 1664
f 1323 223 1919
f 1238 223 1323
f 961 223 1238
f 210 961 1238
f 887 961 210
f 1228 887 210
f 1607 1862 223
f 961 1607 223
f 1021 1607 961
f 742 1021 961
f 742 961 887
f 1228 1877 887
f 1877 742 887
f 1021 9 1607
f 1234 9 1021
f 1234 1021 742
f 1234 742 1877
f 9 422 1607
f 422 54 1607
f 257 422 9
f 257 9 1234
f 633 257 1234
f 1877 633 1234
f 1877 1625 633
f 1278 54 422
f 1278 422 257
f 557 1278 257
f 557 257 633
f 633 1625 557
f 404 1765 1278
f 404 1278 557
f 557 1540 404
f 1625 1540 557
f 1625 1647 1540
f 860 1765 404
f 404 839 860
f 1540 839 404
f 1540 426 839
f 1647 426 1540
f 1230 1449 568
f 1872 1142 568
f 568 1449 1872
f 822 382 1142
f 493 822 1142
f 1872 493 1142
f 1404 493 1872
f 1449 1437 1872
f 1437 1404 1872
f 1449 1364 1437
f 582 1364 1449
f 1230 582 1449
f 1550 582 1230
f 493 173 822
f 1364 1934 1437
f 1550 663 582
f 173 1346 822
f 173 1749 1346
f 1749 1815 1346
f 493 715 173
f 715 1749 173
f 715 493 1404
f 1626 1749 715
f 155 715 1404
f 155 1404 1437
f 1626 715 155
f 155 1856 1626
f 155 1437 1934
f 1934 1461 155
f 1461 1856 155
f 582 1461 1364
f 1461 1934 1364
f 582 206 1461
f 206 1856 1461
f 206 1906 1856
f 663 206 582
f 663 1906 206
f 1963 663 1550
f 1963 1906 663
f 1963 1788 1906
f 741 1107 1786
f 1927 1550 1230
f 1206 1550 1927
f 481 1206 1927
f 1786 481 1927
f 1786 1715 481
f 1786 1510 1715
f 1107 1510 1786
f 1107 303 1510
f 741 581 1107
f 741 1391 581
f 1537 1206 481
f 1162 1537 481
f 1715 1162 481
f 1107 649 303
f 649 1107 581
f 581 1221 649
f 1391 1221 581
f 1963 1550 1206
f 1522 1963 1206
f 1788 1963 1522
f 1522 1206 1537
f 1031 1788 1537
f 1788 1522 1537
f 1031 1537 1162
f 1510 1729 1715
f 1729 1162 1715
f 1031 1162 1729
f 1536 1031 1729
f 303 904 1510
f 904 1729 1510
f 1536 1729 904
f 1658 904 303
f 649 1658 303
f 1536 904 1658
f 1242 1536 1658
f 5 1658 649
f 1221 5 649
f 1242 1658 5
f 1221 1037 5
f 1037 1242 5
f 1967 1904 1457
f 1967 883 1904
f 1572 883 1967
f 1457 1102 1391
f 1457 1391 741
f 766 1102 1457
f 1904 766 1457
f 883 1262 1904
f 794 1262 883
f 1572 627 883
f 627 794 883
f 295 627 1572
f 1084 295 1572
f 1102 1837 1391
f 13 1837 1102
f 766 13 1102
f 492 766 1904
f 492 1904 1262
f 1837 1221 1391
f 1037 1221 1837
f 13 1037 1837
f 697 1037 13
f 1321 697 13
f 1321 13 766
f 766 499 1321
f 499 697 1321
f 499 1639 697
f 499 766 492
f 492 1359 499
f 1359 1639 499
f 128 1359 492
f 128 492 1262
f 128 1366 1359
f 1366 1639 1359
f 128 1262 794
f 952 128 794
f 952 1366 128
f 952 794 627
f 914 952 627
f 914 1366 952
f 57 1366 914
f 705 1366 57
f 914 627 295
f 1116 914 295
f 1116 57 914
f 1116 1725 57
f 1725 705 57
f 1965 1084 1572
f 1965 899 1084
f 1731 899 1965
f 1158 1731 1965
f 1979 1302 1158
f 899 758 1084
f 1302 1731 1158
f 1302 889 1731
f 1979 561 503
f 503 1302 1979
f 1236 295 1084
f 1236 1084 758
f 775 758 899
f 775 899 1731
f 394 775 1731
f 889 394 1731
f 212 889 1302
f 503 1767 1302
f 1767 212 1302
f 1116 295 1236
f 476 1116 1236
f 1725 1116 476
f 1044 476 1236
f 1044 1236 758
f 1725 476 1044
f 738 1725 1044
f 1044 758 775
f 1820 1044 775
f 1820 738 1044
f 394 1820 775
f 394 1212 1820
f 1212 1717 1820
f 1717 738 1820
f 889 1212 394
f 889 1573 1212
f 1573 1717 1212
f 212 1573 889
f 1573 1826 1717
f 1767 1573 212
f 1426 1573 1767
f 1426 1826 1573
f 561 480 503
f 480 1426 1767
f 480 1767 503
f 1826 1426 480
f 1433 8 1979
f 1744 1309 1738
f 8 561 1979
f 1343 8 1433
f 1313 1343 1433
f 1313 1433 1738
f 702 1313 1738
f 1309 702 1738
f 808 1309 1744
f 8 1080 561
f 1423 1080 8
f 1423 8 1343
f 23 1423 1343
f 1313 23 1343
f 1259 23 1313
f 702 1259 1313
f 1583 1259 702
f 1309 1086 702
f 1086 1583 702
f 509 1086 1309
f 509 1309 808
f 808 1239 324
f 324 509 808
f 480 561 1080
f 20 480 1080
f 1826 480 20
f 20 1209 1826
f 1423 20 1080
f 393 20 1423
f 1209 20 393
f 23 393 1423
f 1316 393 23
f 1209 393 1316
f 1316 717 1209
f 1259 1316 23
f 781 1316 1259
f 781 717 1316
f 1583 781 1259
f 881 717 781
f 921 1583 1086
f 921 881 781
f 781 1583 921
f 921 1086 509
f 1270 921 509
f 324 1270 509
f 1270 881 921
f 894 881 1270
f 1239 1866 324
f 1866 1270 324
f 1866 894 1270
f 860 1227 332
f 804 1744 1586
f 332 1227 1586
f 1227 410 1586
f 674 410 1227
f 1586 1516 804
f 410 1516 1586
f 674 631 410
f 50 1516 410
f 1141 50 410
f 631 1141 410
f 695 808 1744
f 804 805 1744
f 805 695 1744
f 900 805 804
f 1516 1124 804
f 1124 900 804
f 1141 520 50
f 1141 653 520
f 695 1239 808
f 695 525 1239
f 805 525 695
f 805 974 525
f 900 974 805
f 87 900 1124
f 647 87 1124
f 647 1124 1516
f 50 1304 1516
f 1304 647 1516
f 1018 647 1304
f 520 1304 50
f 520 768 1304
f 653 768 520
f 467 768 653
f 525 1866 1239
f 1555 894 1866
f 974 1555 1866
f 1866 525 974
f 974 1508 1555
f 489 974 900
f 489 1508 974
f 489 900 87
f 1622 489 87
f 1622 1508 489
f 969 1508 1622
f 1028 1622 87
f 1028 87 647
f 647 1018 1028
f 1855 969 1028
f 969 1622 1028
f 1304 1051 1018
f 1051 1855 1018
f 1855 1028 1018
f 119 969 1855
f 768 1051 1304
f 768 1038 1051
f 1038 1855 1051
f 1038 119 1855
f 1038 1734 119
f 751 1038 768
f 751 768 467
f 751 205 1038
f 205 1734 1038
f 751 467 1511
f 205 751 1511
f 205 1010 1734
f 205 1511 545
f 1010 205 545
f 839 1275 860
f 1275 1227 860
f 1275 839 426
f 711 1275 426
f 1647 711 426
f 244 711 1647
f 533 674 1227
f 533 1227 1275
f 533 1275 711
f 1041 533 711
f 244 1041 711
f 827 631 674
f 827 674 533
f 827 533 1041
f 1585 827 1041
f 1585 1041 244
f 605 1585 244
f 827 376 631
f 376 1141 631
f 376 827 1585
f 1420 376 1585
f 1420 1585 605
f 605 1787 1420
f 763 653 1141
f 763 1141 376
f 175 653 763
f 175 467 653
f 763 376 1420
f 1787 175 763
f 1787 763 1420
f 467 175 1787
f 1511 467 1787
f 545 1511 1787
f 315 1940 248
f 248 1773 315
f 1307 1773 1944
f 1944 1773 1312
f 1312 1773 1996
f 1944 1039 1307
f 344 1944 1312
f 1758 728 635
f 1020 1758 635
f 635 1307 1020
f 1716 1659 1194
f 728 1716 1194
f 728 1758 1716
f 929 1758 1020
f 1229 929 1020
f 1229 1307 1039
f 1020 1307 1229
f 1716 1564 935
f 1716 935 1659
f 1758 929 1716
f 929 1564 1716
f 1039 1944 727
f 538 133 1109
f 1109 929 1229
f 538 1109 1229
f 538 1039 727
f 538 1229 1039
f 929 1109 1564
f 1109 133 1564
f 161 290 133
f 161 133 538
f 161 538 727
f 1564 882 935
f 882 58 935
f 1589 882 1564
f 133 1589 1564
f 133 290 1589
f 726 727 1944
f 912 290 161
f 277 912 161
f 277 161 727
f 277 727 726
f 1353 58 882
f 882 1589 1207
f 1589 912 1207
f 1589 290 912
f 726 1944 344
f 1207 1898 882
f 912 412 1207
f 412 1898 1207
f 412 912 277
f 501 412 277
f 277 207 501
f 207 726 344
f 207 277 726
f 344 1312 1444
f 882 824 1353
f 882 1898 824
f 269 1898 412
f 207 696 501
f 269 412 501
f 696 269 501
f 207 344 1444
f 696 207 1444
f 948 1444 1312
f 1898 938 824
f 938 1898 269
f 615 938 269
f 1764 38 615
f 615 269 696
f 1764 615 696
f 1764 948 38
f 1764 1444 948
f 1764 696 1444
f 315 1684 1841
f 1940 315 1841
f 1841 516 1128
f 1940 1841 1128
f 248 1940 895
f 248 895 1838
f 1962 1773 248
f 1997 1773 1962
f 1852 1773 1997
f 75 1852 1997
f 1996 1773 1852
f 1972 1312 1996
f 71 1972 1996
f 71 1996 1893
f 496 1996 1852
f 1893 1996 1409
f 1011 1312 1972
f 735 1972 71
f 84 735 71
f 1208 84 71
f 1208 71 1596
f 1011 948 1312
f 938 1228 824
f 38 973 938
f 38 938 615
f 38 427 973
f 948 427 38
f 427 948 1011
f 1011 1972 954
f 973 1228 938
f 427 1016 973
f 188 1016 427
f 188 1011 954
f 188 427 1011
f 1624 954 1972
f 1877 1228 973
f 1577 1877 973
f 1577 973 1016
f 1016 1075 1577
f 188 1075 1016
f 188 1624 1075
f 1624 188 954
f 597 1972 735
f 597 1624 1972
f 1577 72 1877
f 1075 32 1577
f 1624 1351 1075
f 1351 32 1075
f 1351 1624 597
f 1057 597 735
f 72 1625 1877
f 1577 1482 72
f 1482 1577 32
f 32 968 1482
f 1351 1057 32
f 1057 968 32
f 1057 1351 597
f 84 1057 735
f 1482 549 72
f 968 549 1482
f 1057 1517 968
f 1517 549 968
f 1517 1057 84
f 148 84 1208
f 72 1647 1625
f 549 1666 72
f 747 1666 549
f 747 549 1517
f 1517 148 747
f 1517 84 148
f 1208 1596 1657
f 1657 1306 1208
f 1306 148 1208
f 72 1452 1647
f 1666 1452 72
f 1666 288 1870
f 1870 1452 1666
f 1512 288 1666
f 747 1512 1666
f 1512 1657 288
f 1306 1657 1512
f 148 1512 747
f 148 1306 1512
f 1841 1684 1365
f 51 1841 1365
f 1850 1841 51
f 928 516 1850
f 516 1841 1850
f 508 516 928
f 106 1128 508
f 1128 516 508
f 527 1128 154
f 1128 106 154
f 1940 1128 527
f 10 1940 527
f 1466 1940 10
f 1749 1493 1815
f 1493 1615 1815
f 639 1468 1615
f 639 1615 1493
f 1668 1468 639
f 640 1668 639
f 639 451 640
f 640 1365 1668
f 451 51 1365
f 451 1365 640
f 238 639 1493
f 451 639 238
f 1118 451 238
f 1118 51 451
f 1118 1850 51
f 1493 1749 1626
f 238 1493 157
f 293 1118 238
f 293 238 157
f 157 425 293
f 293 1850 1118
f 425 928 293
f 928 1850 293
f 1493 1626 1856
f 1856 1760 1493
f 1760 157 1493
f 1760 1090 425
f 425 157 1760
f 1090 928 425
f 1090 508 928
f 1856 1610 1760
f 1610 106 1090
f 1610 1090 1760
f 106 508 1090
f 1906 1610 1856
f 1610 144 154
f 154 106 1610
f 144 527 154
f 1906 1825 1610
f 1825 690 144
f 1825 144 1610
f 690 527 144
f 690 10 527
f 1788 1825 1906
f 1825 607 690
f 607 10 690
f 607 1466 10
f 895 1940 584
f 975 895 584
f 584 1940 1466
f 468 895 975
f 895 468 532
f 895 532 261
f 1838 895 261
f 1838 261 160
f 562 1838 160
f 248 1838 562
f 704 562 818
f 704 920 248
f 704 248 562
f 1695 1825 1788
f 1695 607 1825
f 1695 985 529
f 529 607 1695
f 529 1466 607
f 985 584 1466
f 985 1466 529
f 462 985 1695
f 431 985 462
f 431 584 985
f 431 975 584
f 1536 1788 1031
f 1629 1695 1788
f 1536 1629 1788
f 462 1695 1629
f 1155 462 1629
f 1155 431 462
f 468 431 1155
f 468 975 431
f 1244 1155 1629
f 1244 468 1155
f 532 468 1244
f 41 1629 1536
f 1244 1629 41
f 251 1244 41
f 251 532 1244
f 261 532 251
f 1242 41 1536
f 1242 1634 41
f 1634 1681 41
f 1608 251 41
f 1681 1608 41
f 261 251 1608
f 160 261 1608
f 1681 19 801
f 801 1608 1681
f 160 1608 801
f 562 160 801
f 19 562 801
f 1072 1681 1634
f 1072 19 1681
f 818 19 1072
f 1072 1052 818
f 818 562 19
f 1052 704 818
f 1962 248 920
f 1551 1962 920
f 1417 1997 744
f 1997 1962 744
f 1653 1962 1551
f 1962 1653 435
f 1962 435 744
f 151 920 704
f 920 151 137
f 137 1551 920
f 1551 137 158
f 1551 158 1653
f 744 435 1219
f 744 1219 1613
f 1613 1417 744
f 697 1634 1037
f 1634 1242 1037
f 697 1382 1634
f 1382 1810 1072
f 1382 1072 1634
f 1810 1052 1072
f 1810 151 1052
f 151 704 1052
f 1382 217 1810
f 217 656 1810
f 656 151 1810
f 137 151 656
f 1382 697 1639
f 466 656 217
f 158 137 656
f 158 656 466
f 1781 1382 1639
f 1781 217 1382
f 291 466 217
f 291 217 1781
f 1093 466 291
f 158 466 1093
f 1653 158 1093
f 1366 705 1639
f 705 1781 1639
f 1769 291 1781
f 96 1093 291
f 96 291 1769
f 96 1653 1093
f 435 1653 96
f 705 1535 1781
f 1535 1592 1781
f 1769 1781 1592
f 96 1769 1592
f 1219 96 1592
f 934 1219 1592
f 1219 435 96
f 1535 53 934
f 934 1592 1535
f 53 1613 934
f 1613 1219 934
f 705 1554 1535
f 1554 381 53
f 1554 53 1535
f 1417 1613 53
f 381 1417 53
f 1997 203 75
f 203 1997 535
f 1852 75 1376
f 1417 381 35
f 1997 1417 35
f 535 1997 35
f 515 203 363
f 203 535 363
f 203 515 989
f 989 75 203
f 1376 75 1153
f 75 989 1153
f 559 1852 1376
f 329 1381 1931
f 1381 1852 559
f 559 1628 1931
f 1381 559 1931
f 1725 1554 705
f 868 381 1554
f 35 381 868
f 738 1490 1725
f 1490 1554 1725
f 1590 868 1554
f 1490 1590 1554
f 35 868 1590
f 535 35 1590
f 363 535 1590
f 1717 1490 738
f 213 1590 1490
f 515 363 213
f 363 1590 213
f 1717 997 1490
f 997 793 1490
f 793 213 1490
f 793 515 213
f 208 515 793
f 989 515 208
f 1002 793 997
f 1002 208 793
f 1153 208 1002
f 1153 989 208
f 1826 1055 997
f 1826 997 1717
f 1055 955 997
f 955 1002 997
f 1471 1002 955
f 1471 1376 1153
f 1153 1002 1471
f 1471 559 1376
f 64 955 1055
f 64 1471 955
f 1628 559 1471
f 1628 1471 64
f 1826 1298 1055
f 1298 12 1055
f 12 64 1055
f 12 1628 64
f 12 329 1931
f 1931 1628 12
f 496 1852 1381
f 1070 1893 1409
f 1996 496 617
f 548 1996 1943
f 1409 1996 548
f 1070 1409 945
f 1381 329 897
f 897 496 1381
f 617 496 1957
f 496 897 1957
f 233 1996 617
f 1943 1996 233
f 718 1409 548
f 1199 1409 718
f 1409 1199 945
f 1209 1298 1826
f 219 12 1298
f 219 329 12
f 897 329 219
f 1209 1665 1298
f 1665 591 1298
f 591 219 1298
f 1957 219 591
f 897 219 1957
f 717 1665 1209
f 371 591 1665
f 371 1957 591
f 670 1957 371
f 670 617 1957
f 670 233 617
f 717 1395 1665
f 1395 1532 1665
f 1532 371 1665
f 1806 670 371
f 1806 371 1532
f 1532 1487 1806
f 1806 233 670
f 1487 1943 233
f 1487 233 1806
f 1395 725 21
f 1395 21 1532
f 1487 1532 21
f 21 1943 1487
f 725 548 1943
f 725 1943 21
f 881 1395 717
f 894 1395 881
f 278 725 1395
f 1357 278 1395
f 1357 718 278
f 278 548 725
f 718 548 278
f 1165 1395 894
f 1357 1395 1165
f 1165 1199 1357
f 1199 718 1357
f 733 1199 1165
f 1432 733 1165
f 945 1199 733
f 71 1893 152
f 152 1596 71
f 1243 1596 152
f 1893 686 1926
f 152 1893 1926
f 1470 152 1926
f 1243 152 1470
f 1470 1926 872
f 1893 1070 456
f 686 1893 2
f 1893 456 2
f 420 145 686
f 145 1926 686
f 1371 1926 145
f 730 872 1371
f 872 1926 1371
f 1070 945 1332
f 1070 1332 456
f 408 686 1662
f 686 2 1662
f 686 408 420
f 1187 145 90
f 145 420 90
f 992 145 1187
f 992 1371 145
f 730 992 1145
f 992 730 1371
f 1555 1165 894
f 1555 1766 1165
f 1766 1432 1165
f 1332 733 1432
f 1432 282 1332
f 1332 945 733
f 1508 1766 1555
f 62 1432 1766
f 282 1432 62
f 62 957 282
f 456 1332 282
f 957 456 282
f 969 1766 1508
f 1766 367 62
f 367 957 62
f 367 1662 957
f 2 456 957
f 1662 2 957
f 1003 367 1766
f 1003 1662 367
f 1003 408 1662
f 119 1029 1766
f 119 1766 969
f 1029 409 1003
f 1029 1003 1766
f 409 47 1003
f 47 937 1003
f 937 408 1003
f 420 408 937
f 409 795 47
f 795 90 47
f 90 937 47
f 795 31 90
f 90 420 937
f 31 1187 90
f 1734 1029 119
f 1734 1352 1029
f 1491 795 409
f 1491 465 795
f 465 31 795
f 465 1187 31
f 465 992 1187
f 1010 1352 1734
f 1010 545 1282
f 1352 1010 1282
f 1392 409 1029
f 1392 1029 1352
f 1172 1392 1416
f 1392 1352 1282
f 1392 1282 1416
f 1757 1491 409
f 1757 409 1392
f 1273 1757 1172
f 1757 1392 1172
f 1491 1059 465
f 1145 1059 1273
f 1491 1757 1273
f 1059 1491 1273
f 992 1059 1145
f 1059 992 465
f 1452 244 1647
f 1657 400 288
f 237 1870 288
f 400 237 288
f 400 1596 237
f 1657 1596 400
f 1452 1173 244
f 464 1173 1452
f 464 1452 1870
f 237 186 464
f 464 1870 237
f 1697 186 237
f 1697 237 1243
f 237 1596 1243
f 1173 605 244
f 186 1173 464
f 1485 1173 186
f 1697 1485 186
f 1697 202 1485
f 1243 1470 202
f 202 1697 1243
f 1173 911 1787
f 1173 1787 605
f 1173 459 911
f 459 1173 1485
f 202 459 1485
f 316 459 202
f 316 202 872
f 202 1470 872
f 911 1416 1787
f 459 1076 911
f 1076 1389 911
f 1076 730 1389
f 316 730 1076
f 1076 459 316
f 730 316 872
f 545 1787 1416
f 1282 545 1416
f 911 1172 1416
f 1172 1389 1273
f 1389 1172 911
f 1389 1145 1273
f 1389 730 1145

