# https://github.com/mikedh/trimesh
v -0.44232163 0.59607196 0.17665447
v -0.03637844 0.00116259 -0.52447081
v 0.03193293 0.45640710 -0.35243723
v 0.31319904 0.59519368 -0.16989557
v 0.02654748 0.45693782 -0.37690705
v 0.00264816 -0.14218506 -0.46797007
v -0.17970255 -0.47051764 -0.02372095
v 0.14285146 0.59354842 0.53044063
v -0.39879164 0.59582365 -0.04794529
v 0.28092059 -0.37587950 -0.12492897
v -0.47907102 0.55875373 0.17662542
v 0.01280255 0.59331763 -0.30280271
v 0.22561550 -0.59570539 -0.03485820
v -0.29291835 0.54666275 -0.08833227
v -0.05195098 -0.58461398 -0.15865386
v -0.05302513 0.36434093 -0.59812880
v -0.01286398 0.59235620 -0.23505206
v 0.16961862 -0.48389393 0.33925748
v -0.00013895 -0.09318282 -0.61326212
v 0.24414775 -0.38729075 0.31925341
v -0.36943355 0.59501350 -0.10433003
v -0.39776978 0.59256870 0.39159268
v -0.00036879 -0.22803377 0.48638412
v 0.30958912 0.04486345 0.37512866
v 0.37058109 0.58216065 0.26765284
v 0.07522853 -0.47002450 0.40026161
v -0.47693855 0.17278728 0.02868901
v 0.01871537 0.29945600 -0.61104107
v 0.28320777 0.59581524 0.43970123
v -0.02830314 0.47216177 -0.37080851
v 0.02744427 0.28521952 -0.55617154
v 0.41535592 0.59568882 -0.00497023
v 0.46880141 0.58627969 0.19588694
v -0.00712771 0.23474623 -0.53990936
v -0.34554544 0.59297341 0.46050346
v -0.00657815 -0.27322674 -0.29273698
v -0.07580969 0.08516148 0.53063077
v 0.30200800 0.57616085 0.52244210
v -0.01295642 0.35307470 -0.41465172
v -0.05127931 0.44338673 -0.49294457
v 0.08876518 -0.23396708 -0.27489841
v 0.13097899 0.27938867 0.63548529
v 0.24039331 0.58473122 0.44363761
v 0.00526508 0.33358228 -0.44799444
v -0.22640942 -0.48519668 0.08871148
v -0.00106421 0.04447617 0.53899586
v -0.01908324 -0.27334914 -0.28884229
v -0.14991479 -0.47996968 -0.04805567
v -0.02013504 0.59610021 -0.28664583
v 0.01184723 0.58817697 0.54728538
v 0.24111302 -0.47182873 0.07207899
v -0.08128352 0.09744459 -0.58389872
v -0.06505065 0.57794940 -0.21827473
v 0.30884507 0.56315917 -0.06335469
v 0.27137479 0.59439343 -0.20603576
v -0.00133980 -0.28552881 -0.49548346
v 0.07771359 -0.48622683 0.36946183
v 0.07836758 0.58753926 -0.22259933
v 0.15762603 -0.48520854 -0.03095421
v -0.23055063 0.59614146 0.49949473
v -0.06239900 0.44562900 -0.34891757
v 0.11352365 -0.59232348 -0.12732020
v 0.02669960 0.33772731 -0.46764389
v 0.03477648 0.36934486 -0.46129039
v 0.35262123 0.57425451 0.01215730
v -0.27094886 -0.59568912 0.27147889
v -0.24284029 0.53168565 -0.26254392
v 0.04397688 -0.32182449 -0.30390030
v 0.42802724 0.18815863 0.40402186
v 0.14294901 -0.59250039 -0.11593204
v -0.04842401 0.46061271 -0.36320511
v -0.02598421 0.36244944 -0.36101037
v -0.30199581 0.06139585 -0.06379709
v 0.31545261 -0.58348417 0.20784891
v -0.07452878 0.38954833 -0.47661915
v -0.42059472 0.51268500 0.40022066
v -0.32700965 0.58442783 -0.02560015
v -0.25534660 -0.28558907 -0.03808887
v -0.03479221 0.57347918 0.53404343
v -0.05128520 0.38982213 -0.57714981
v 0.00706812 0.31257010 -0.62172395
v -0.27701727 -0.59415549 0.03754082
v -0.00927991 0.35733956 -0.35217023
v 0.10534143 -0.58468324 0.45830363
v -0.34466055 0.50134099 0.50100577
v 0.00033922 0.36377853 -0.39603356
v -0.34124061 0.58686835 -0.17098345
v 0.00848455 -0.26598802 -0.28395545
v 0.10256153 -0.58548933 -0.14460972
v 0.00998001 0.59593362 0.57349956
v 0.24948700 -0.59075052 -0.02672378
v -0.42892835 0.57984805 -0.04728459
v -0.04045869 -0.48168147 0.39364752
v 0.01538249 0.07101199 -0.54905617
v -0.02321717 0.47046846 -0.41814843
v 0.44480732 0.57538778 -0.01119379
v -0.11773506 0.58897138 -0.29866329
v 0.02802372 -0.11715727 -0.56652606
v 0.00219042 -0.25808802 -0.33925769
v 0.32645363 0.58400357 -0.04590339
v -0.14775613 0.15030593 0.51326853
v -0.47225440 0.48107597 0.28407872
v -0.02581713 -0.09151787 -0.62015253
v 0.27511144 0.58539557 0.41549754
v 0.01261743 -0.14748642 -0.58301830
v -0.20229757 -0.59181869 0.38747236
v -0.30498669 0.57875299 -0.06734706
v 0.05850457 0.41710684 -0.33777323
v -0.24851480 0.59000242 0.44414634
v 0.29999068 0.56639510 0.39021266
v -0.06490544 0.28821382 -0.62701100
v 0.40624523 0.59593087 0.24966711
v 0.18286258 -0.58402979 0.41784862
v 0.14292207 -0.48324245 0.36457255
v -0.03308696 -0.27528217 -0.28854918
v 0.10421460 -0.42344823 -0.21231769
v -0.03023226 0.32781908 -0.45001069
v 0.30613691 0.52073795 0.38587549
v 0.27876151 0.56296241 0.40700388
v -0.05822598 0.34565082 -0.44721326
v 0.00737489 -0.05059036 -0.52927178
v 0.20421758 -0.59586370 0.36179888
v 0.16768514 0.58777863 -0.19591729
v -0.00509236 0.34973475 -0.61136204
v -0.10443798 -0.58347493 -0.14667459
v 0.37666827 0.58482742 0.25447032
v -0.31464744 -0.58223110 0.22062506
v 0.37877285 0.58414322 0.24096788
v -0.05229471 0.34168765 -0.61360240
v -0.27932391 -0.59576988 0.07268471
v 0.10569952 0.59625757 -0.25030002
v 0.28554288 0.59601754 -0.15517421
v 0.30345017 -0.51398236 0.33232903
v 0.32439250 0.59161842 0.38426381
v -0.02732852 0.25903249 -0.53588945
v 0.26104215 0.58846009 0.54477644
v 0.44239160 0.59605956 0.19130541
v 0.40446886 0.59552050 -0.03733725
v -0.00132110 0.38721341 -0.58221310
v -0.01368937 0.16968545 -0.53394043
v -0.12956578 0.21444435 0.63437164
v -0.06696244 0.40587309 -0.53411728
v 0.12677494 -0.48652774 -0.02666081
v 0.02579254 -0.18449312 -0.47010645
v -0.28324488 -0.57877022 0.31391740
v 0.43204054 0.56676871 -0.04608761
v -0.02729848 -0.27598870 -0.30813512
v 0.34061059 0.59629709 -0.09665838
v -0.02510009 -0.39165506 -0.29688892
v -0.27491030 0.29936299 -0.10329644
v -0.03960472 0.58478016 -0.22453949
v -0.07924086 -0.26754060 -0.27561271
v 0.35162202 -0.03932246 0.25848782
v 0.28734499 0.58581960 -0.09983010
v -0.16342309 -0.57920063 0.43625569
v 0.22472207 -0.48586696 0.18376961
v -0.37686825 0.59070057 0.27389187
v -0.00193099 -0.47257116 0.41872895
v -0.03621355 0.49494806 -0.33986923
v -0.06685375 -0.18681332 -0.17736037
v -0.09365302 0.46182087 -0.32504809
v 0.47173589 0.48875436 0.28363904
v -0.09149259 0.59410655 -0.28940421
v -0.38795412 0.58572745 0.42339286
v 0.11838014 -0.48291290 -0.05405470
v -0.07862628 0.29815984 -0.54425329
v 0.10416823 -0.48556921 0.37568435
v 0.30442825 0.58550280 -0.20271765
v -0.07974634 0.01939518 -0.60004503
v -0.23457333 -0.07765256 0.55951560
v -0.05121937 -0.24752659 -0.37962338
v -0.28780556 -0.59582275 0.20396031
v -0.03746102 0.58407807 0.62840629
v -0.32492566 0.58041471 -0.19185123
v -0.49554396 0.22028576 0.15616782
v 0.31460083 -0.58423561 0.10438248
v -0.06177085 0.44579363 -0.42977864
v 0.01489692 0.11520234 -0.62614155
v -0.02670387 0.27148613 -0.52626747
v -0.22865187 -0.35089236 -0.03572663
v 0.29698747 -0.59572792 0.15534073
v 0.11843731 0.59064883 0.60980666
v 0.19481996 -0.48597342 0.29967454
v 0.02767804 0.29943132 -0.58710247
v 0.02969329 -0.16882487 -0.53605407
v 0.31301209 0.58813643 0.50524789
v -0.10315976 0.58683509 -0.22111055
v 0.02195651 0.37295496 -0.36171308
v -0.31648824 0.58443034 -0.04999852
v 0.02691828 0.34532380 -0.57087761
v 0.02490190 -0.29638407 -0.45749930
v -0.15714081 0.58503163 0.60204422
v 0.06451389 -0.00761819 -0.20767814
v -0.23325886 -0.48620573 0.12934141
v 0.00602214 0.18210368 -0.63978302
v 0.39362499 0.59524429 0.37975740
v 0.03245154 0.37180394 -0.23247014
v -0.45770720 0.58692193 0.03836878
v -0.00524191 -0.19905759 -0.42913750
v -0.08840161 0.58545184 0.52870673
v 0.01360536 0.27044848 -0.54862696
v 0.32110628 -0.58265281 0.15628061
v -0.05124931 0.33015975 -0.45860773
v 0.09120733 0.58381665 0.62085634
v 0.12829398 0.10975515 -0.31612033
v -0.06704301 0.38805583 -0.41418225
v 0.37827715 0.57472032 0.14386109
v -0.03858190 -0.39789718 -0.27505919
v -0.02604724 -0.22015645 -0.40901053
v -0.04503199 -0.02836919 -0.52534693
v -0.03712535 -0.59585333 0.44324920
v 0.44071019 0.58813715 0.31373683
v 0.00585942 -0.27786446 -0.29839441
v -0.35480189 0.58364385 0.03861440
v 0.02442148 0.45461833 -0.40354541
v 0.01388061 -0.07711140 -0.60647988
v 0.14400136 0.58476627 0.51579374
v 0.04462431 0.59550679 0.60250300
v 0.05146095 -0.31493127 -0.27426866
v 0.07262984 0.58705866 0.62370265
v -0.29843453 0.48569584 -0.08502289
v 0.01450643 -0.24971841 -0.51671618
v 0.02803829 0.02823689 -0.57858366
v -0.21839729 0.59620744 0.53123409
v 0.32810089 0.58423102 -0.18576439
v -0.44284114 0.58737493 -0.00188444
v -0.13642487 0.56092328 0.51063603
v 0.28732097 0.59578544 0.49825358
v 0.40645984 -0.29304186 0.04668951
v -0.25760052 0.59553903 -0.21281581
v 0.02095920 0.46985292 -0.35071018
v 0.03550577 0.41204274 -0.45469877
v 0.16502686 0.58243078 0.60001040
v 0.02207416 -0.32389566 -0.42721841
v -0.08118560 0.17674007 -0.61009884
v 0.37870905 0.59479302 -0.09180527
v 0.10432886 0.59092247 -0.22106831
v -0.19525807 0.59142262 0.57556915
v -0.00865697 0.07781684 -0.64065373
v -0.05853536 -0.29602838 -0.32135177
v -0.28074053 -0.37483275 0.43805498
v 0.03605490 -0.27357706 -0.44265348
v 0.29988360 -0.57128513 0.28343663
v -0.22573344 -0.16921873 -0.23271345
v 0.11684699 -0.12477897 -0.28755412
v 0.26274252 -0.59398699 0.30795524
v 0.05161323 0.44123349 -0.33806041
v -0.24476548 0.58869612 -0.14562079
v -0.06355083 0.26740864 -0.54630047
v -0.06846211 0.36741674 -0.57633758
v -0.00035551 0.37741381 0.54368532
v -0.27344948 -0.07285435 0.38681555
v 0.17715520 -0.51331854 -0.14691699
v -0.00021395 -0.48119032 -0.09080385
v 0.01165280 -0.02775220 -0.53819555
v 0.01473965 0.21901976 -0.55575860
v -0.01195718 0.29973245 -0.63674462
v -0.11328720 0.05204358 -0.20242855
v 0.33993965 0.59217936 0.46938735
v 0.02674453 -0.24625055 -0.39071101
v -0.05525882 0.19518413 -0.54147702
v 0.02602247 0.41675010 -0.50965989
v -0.13166547 -0.48311067 0.35495067
v -0.40067592 0.59553295 0.26087126
v -0.18983333 0.59540069 0.51030481
v 0.17885707 -0.48686704 0.00291103
v -0.42852682 0.58931482 0.34205568
v 0.02411310 -0.06258287 -0.54755425
v -0.01871896 0.47995466 -0.35115689
v -0.29500082 0.58569795 0.52265686
v -0.19482304 -0.45064297 0.34149042
v 0.31323084 0.59400737 0.48849070
v -0.06521140 -0.13231359 -0.49079970
v -0.06329004 0.16921775 -0.54639083
v 0.35709640 0.59546977 0.42977539
v -0.11932907 0.59571725 -0.27662927
v -0.36403292 0.59048533 0.44260916
v -0.08479642 0.59620643 0.58327621
v 0.01324933 -0.40285239 -0.27480704
v 0.00019650 0.36406729 -0.37573034
v -0.07173719 0.40949041 -0.43420431
v -0.01145169 0.59245223 0.55711287
v 0.37816739 0.56924713 0.09961388
v 0.02908196 -0.11550009 -0.53041458
v -0.07689640 -0.15314634 -0.51393175
v -0.01393091 0.28515637 -0.50938636
v 0.02798893 0.07256097 -0.59055078
v 0.16261302 0.20821419 -0.18561794
v 0.28624716 -0.57271844 0.31439334
v -0.07811082 0.27353394 -0.61218584
v -0.27971020 -0.15314046 -0.04340219
v -0.28994185 0.58721250 -0.21123758
v 0.03801312 -0.35531396 -0.33213022
v -0.28246588 0.58785915 0.41286150
v -0.24684790 0.59253687 -0.23284677
v -0.38463545 0.56926304 -0.12475235
v 0.20087416 0.59600216 -0.20488052
v 0.35907951 0.58744222 0.45671624
v -0.19562884 0.59606844 0.54815829
v 0.03924983 -0.27278537 -0.39061224
v -0.26915914 0.59384388 0.43613866
v 0.04218695 -0.35317299 -0.31289217
v 0.39319783 0.57181895 0.42526191
v 0.37821367 0.59112823 0.42267179
v -0.23658052 -0.45813507 0.27028018
v -0.01319194 0.22775154 -0.64960426
v 0.03320988 0.58582973 0.62682933
v 0.39336163 0.59588957 0.34840739
v 0.26836586 0.05888151 -0.11025509
v 0.23170546 0.59577572 0.47871530
v -0.01411354 0.46646675 -0.44686335
v 0.11689512 0.59543258 0.54376918
v -0.37582940 0.57789338 0.19546472
v 0.11985583 0.58449090 0.51894200
v 0.25894299 0.58812511 0.43134871
v 0.41614190 0.59262538 0.35163417
v 0.36504772 0.59252012 0.00096788
v 0.26811099 0.47505170 -0.11817019
v -0.05903426 0.14312094 -0.63919479
v -0.15632984 0.58250976 0.50753456
v -0.04447059 -0.05111076 -0.51935154
v -0.33970517 0.58932972 0.34507206
v 0.19918172 0.59589654 0.52512652
v -0.24572919 -0.47174081 0.24596968
v -0.32433480 0.59297276 0.38955736
v -0.45362464 0.59253180 0.06526551
v 0.33741158 0.56224775 0.32389963
v -0.06487733 0.59124053 -0.23253396
v 0.07420801 -0.37307301 0.43791568
v -0.02583672 0.29965374 -0.48812863
v -0.06528149 0.43911961 -0.45311090
v -0.23130848 -0.00979944 -0.13685367
v 0.02240163 -0.28207481 -0.28879270
v 0.35430303 0.58887529 0.31399056
v -0.02487638 0.42276815 -0.54949802
v 0.03098874 -0.14312242 -0.52539861
v -0.02451976 -0.46693614 -0.09788945
v -0.01125070 0.11475059 -0.53149617
v -0.06328210 -0.05127415 -0.53104460
v 0.03637522 -0.39195341 -0.27138031
v 0.36553848 0.58752406 0.28520972
v -0.07853333 -0.48491162 -0.07481294
v -0.38400835 0.58444220 0.14334512
v 0.31316066 -0.22802341 0.24597810
v 0.03116916 -0.17316078 -0.50193137
v -0.38083330 0.58303052 0.16970076
v -0.29087141 -0.38408968 0.11203396
v -0.30688232 0.59297520 0.40359214
v -0.01202155 -0.26652253 -0.32030594
v 0.20809193 0.58784413 0.47240376
v 0.05494256 -0.34476188 -0.26520181
v -0.31832951 0.59271324 0.49117848
v 0.48744157 0.50072694 0.15435970
v 0.03629131 -0.32835287 -0.14644589
v -0.45565587 0.59030390 0.24773249
v -0.38739571 0.59623224 0.36071202
v 0.04038151 -0.32267541 -0.37387732
v -0.04895471 0.45953491 -0.38978827
v 0.01149146 -0.09113459 -0.50735813
v 0.39016393 0.59049237 0.14337580
v 0.05132516 -0.45545307 -0.10801897
v -0.40962219 -0.28082359 0.26580635
v 0.03353006 -0.23843929 -0.48009753
v -0.04033258 -0.37429416 -0.33868700
v -0.44346854 0.58607978 0.31379232
v 0.00269923 -0.24141173 -0.53401935
v 0.36302602 0.59599048 -0.06852727
v -0.04961579 -0.37809223 -0.28541997
v -0.21820621 -0.46882576 0.03659529
v 0.25919408 0.59515077 0.45049801
v -0.07735348 0.27655023 -0.56074446
v 0.28987354 0.57928723 0.40138578
v 0.40303162 0.58540010 0.40388203
v 0.46722063 0.57409823 0.24940540
v -0.33628991 0.59499651 -0.05224150
v 0.01043531 0.28551176 -0.62839389
v -0.37822649 0.57472610 0.44406566
v -0.03793576 -0.06803497 -0.50804895
v -0.02507162 -0.22068100 -0.17592615
v 0.19299471 -0.59429967 -0.07599592
v 0.24608013 0.58303440 0.56236976
v -0.05624084 0.03837426 -0.53298038
v -0.05440434 0.59093446 0.61781007
v 0.39083630 0.59239912 0.19491725
v -0.06151268 -0.35088453 -0.28282279
v -0.00056081 -0.48887500 0.51617956
v 0.22435611 -0.48051819 0.05194099
v 0.22672890 0.58628148 0.45565447
v -0.09200904 -0.57896650 0.46666205
v -0.24997157 -0.58527154 -0.04120548
v 0.02946205 0.31532621 -0.51480705
v 0.34200668 0.48816180 -0.01511071
v -0.43128729 0.59586179 0.25626627
v -0.01305038 0.33810201 -0.43523094
v -0.04798455 0.37481481 -0.39002874
v 0.37634364 0.59607065 -0.03175525
v -0.34421358 0.51135904 -0.18753396
v -0.18247980 -0.59223717 0.40426487
v 0.31399244 -0.48126274 -0.02550013
v -0.06635454 -0.30002299 -0.43292922
v -0.41847670 0.59399861 -0.02710260
v -0.25152150 -0.48112860 0.11606199
v -0.37876895 0.58468723 0.24093278
v 0.07848683 -0.48319566 0.38572156
v -0.34031537 0.57664073 0.01356558
v 0.24835350 0.33254313 -0.27347243
v -0.22147720 0.59577835 -0.23523030
v -0.07734353 -0.18257503 -0.51477998
v 0.26240593 0.58409637 -0.12908989
v -0.22943261 -0.13050710 0.55189556
v -0.02672616 0.36402097 -0.39052558
v 0.04083161 -0.28824261 -0.35915586
v 0.30614865 0.30591261 0.39113641
v -0.05312094 -0.23838480 -0.53106612
v -0.11795207 -0.17447768 -0.27666524
v -0.01274735 -0.25663492 -0.52692646
v -0.02588249 0.22132343 -0.53509754
v -0.07921926 0.35039529 -0.55834246
v -0.22326586 -0.18776689 0.54229015
v 0.23297559 0.59608525 -0.19797882
v -0.20782326 0.59528071 -0.19196391
v 0.20411320 -0.32875949 0.38695341
v 0.31182668 0.59624672 -0.13585469
v -0.35555583 0.59627157 0.39063269
v -0.20257343 -0.28701189 -0.06256638
v -0.06259410 0.44323644 -0.40325880
v 0.02392103 0.21392018 -0.61101693
v -0.10183515 -0.44225362 -0.09388023
v -0.26294196 0.57205302 0.41989797
v 0.05839160 0.58513838 -0.22723800
v -0.30295286 0.58838528 -0.09178651
v 0.25259680 -0.47754604 0.10019866
v -0.25159454 -0.47468877 0.22141793
v -0.04171883 0.02100312 -0.63799268
v -0.29157570 -0.32438871 0.26006681
v 0.22291076 0.56366557 -0.15030237
v -0.24724250 0.42967719 0.58223730
v 0.02528476 0.18993154 -0.57669169
v -0.26009095 -0.59544790 0.30080765
v -0.31134605 0.58561611 0.50994873
v 0.22366434 -0.58447212 -0.07252643
v -0.35208559 0.57301253 0.47830445
v -0.08151852 -0.31596172 -0.14105429
v 0.27163649 0.55885398 -0.11473156
v 0.01197741 0.49459106 -0.34156510
v -0.05843987 -0.15673268 -0.58321476
v -0.06727403 -0.59041464 0.46135601
v 0.24341799 -0.53070563 -0.08716142
v 0.23178978 0.59444433 -0.23732235
v -0.02593052 -0.58739227 -0.16011642
v -0.00015583 0.08258811 -0.33100855
v 0.18332617 0.59448558 0.50922203
v 0.37856016 0.59567213 0.30763075
v 0.02615061 -0.58694464 0.47234184
v 0.03960889 0.42703444 -0.39115801
v -0.22777106 -0.35730657 0.34386259
v 0.28697985 0.59199238 0.51591355
v 0.47251695 0.48096368 0.02942720
v -0.05942085 0.01393378 -0.53419238
v 0.02125897 -0.16010156 -0.47669700
v 0.01217880 0.34796518 -0.59926414
v 0.23260972 0.59271175 -0.16443409
v -0.00982717 0.26741445 -0.64455932
v -0.00117078 -0.57061136 0.48443604
v -0.18387690 0.58639872 -0.18430495
v 0.28467211 0.59398210 -0.12857315
v -0.04917278 -0.59582657 -0.12931256
v 0.44558248 0.59569454 0.12404644
v 0.36965695 0.58472693 0.05292023
v -0.12341319 0.59618336 0.55030912
v -0.06811922 0.58699715 0.53318781
v 0.17474151 -0.52188873 0.45678347
v -0.44264954 0.59572643 0.21583533
v 0.14987902 0.58401084 -0.20051819
v -0.16481034 0.59494883 0.57517350
v 0.34029827 0.57881486 0.32578123
v -0.05536752 -0.26165989 -0.36316499
v 0.06687211 0.50187671 -0.32556459
v -0.37930420 0.51387042 0.09921171
v -0.11820457 0.58643675 0.52172792
v -0.22193208 0.59196389 0.56315178
v 0.08184332 0.59586537 0.55781919
v 0.36220866 0.59547955 0.33821884
v -0.10129258 0.57486337 0.51955497
v -0.04850326 -0.48623729 0.36580890
v 0.45676219 0.58923554 0.05145822
v -0.06894928 -0.21867795 -0.45531687
v -0.23930290 -0.30175036 -0.04442726
v 0.23558427 -0.05870411 0.56230342
v 0.01017956 0.15010184 -0.54658628
v 0.02994483 -0.21393155 -0.46180815
v 0.25028247 0.59574699 -0.21083967
v -0.45505226 0.57820177 0.01363086
v -0.06912106 -0.27705398 -0.45544335
v 0.20367701 -0.48618469 0.26004162
v -0.21711843 -0.47806549 0.28623894
v -0.04606159 0.26998046 -0.53364795
v 0.01544920 0.36495996 -0.58274662
v -0.38233620 0.58141649 0.12388001
v -0.06222920 -0.01810407 -0.53624260
v -0.03959481 -0.01274690 -0.63458997
v 0.32671592 0.58687747 0.36353099
v -0.05946327 0.29261103 -0.51346374
v -0.01350557 0.58322227 0.54411757
v -0.31327578 0.13665244 0.38101050
v -0.07363089 -0.23453587 -0.48120803
v 0.19050969 -0.46736181 0.33721465
v -0.02714558 -0.34359318 -0.42040065
v -0.45981526 0.58397031 0.27174690
v -0.35879341 -0.45566115 0.25219825
v -0.24711633 0.57686752 -0.25176257
v 0.40284529 0.59509516 0.16716756
v 0.03806155 -0.26228023 -0.41525194
v 0.17895573 -0.59117055 -0.09476739
v 0.03350194 -0.29131356 -0.31385455
v -0.23539336 0.57948387 0.57036555
v -0.26610467 -0.23502457 -0.03879037
v -0.44219568 0.57045627 0.33243129
v 0.02031620 0.59624982 -0.26265651
v 0.35304302 0.59478432 -0.04071287
v 0.10747869 -0.33277026 0.55197936
v 0.34403658 0.07925136 -0.18840790
v 0.05097749 -0.58883512 -0.15423648
v -0.15757309 -0.37469301 0.37838379
v -0.33969349 0.58535635 0.33330417
v -0.07962219 0.32639074 -0.57646841
v -0.03719861 0.43984902 -0.51680601
v -0.26969168 -0.42345592 -0.11518308
v 0.44172046 0.58831346 0.00186283
v -0.36819202 0.58687586 -0.13342728
v -0.23282266 -0.58102572 0.37985298
v 0.24454987 0.50816017 -0.26468229
v 0.02477333 0.58286130 -0.31568497
v -0.02906861 0.18931873 -0.65123677
v 0.44056752 0.59616178 0.15635557
v -0.32388967 0.59477878 -0.07926087
v 0.18946686 0.58401000 0.48369232
v -0.06799957 0.31970775 -0.33186969
v 0.30348605 -0.59382492 0.18497884
v 0.29884619 0.59200960 0.40823025
v -0.03913500 0.58667934 -0.31268200
v -0.12590504 0.59540582 0.58886302
v 0.31541908 0.56136632 0.36855564
v -0.02446844 -0.03522354 -0.63341361
v 0.02310378 -0.30906373 -0.44572663
v -0.07838087 0.59136254 0.61219060
v -0.06565009 -0.28676331 -0.35892791
v 0.07837591 0.58335626 -0.31018540
v 0.34944686 0.59551048 0.36821997
v 0.01942471 -0.47043821 -0.10129796
v -0.01145281 0.14352137 -0.53302389
v -0.11692515 -0.47158831 -0.07507685
v -0.00049359 0.30055800 -0.49230218
v 0.37551057 0.58469176 0.07789364
v 0.15178742 -0.29377759 0.43213767
v 0.22308761 0.57766974 0.57693899
v 0.32738820 0.57396775 0.34596542
v 0.34865937 0.58477747 -0.01339733
v 0.15165228 -0.25421709 0.44047359
v -0.09071015 0.58574325 -0.30451515
v 0.00477506 -0.11636637 -0.48500147
v -0.41956240 0.58367020 -0.06534611
v 0.07723036 0.59542072 -0.24388866
v 0.03590764 0.39135644 -0.42516541
v -0.06638719 -0.31751519 -0.33390957
v 0.17855445 0.59079742 0.58341050
v 0.21840294 -0.47000381 0.02888135
v 0.22376086 0.59488571 0.55337578
v 0.29776198 0.59465915 -0.18529879
v 0.00130134 -0.30533284 0.47129887
v 0.00732360 0.18351646 -0.54512489
v 0.02469679 -0.46458346 0.41773006
v 0.22966205 -0.13132563 0.55165017
v -0.28448001 -0.58875597 0.28712642
v 0.17901409 0.59588188 0.56273091
v 0.33940777 0.59186816 -0.15890871
v 0.00016477 0.27104491 -0.53565025
v -0.13247858 0.31780732 -0.32194903
v -0.06467295 0.40107203 -0.36202037
v 0.35151497 0.57580763 0.29905465
v 0.05847446 -0.37149888 -0.25266618
v -0.14008185 -0.45518434 -0.06635983
v -0.46768850 0.57308197 0.06266543
v -0.27491441 0.59583896 -0.19577229
v -0.30477038 0.20801897 -0.08670420
v -0.42983538 0.57244945 0.36149615
v 0.28967130 -0.38317180 0.11155759
v -0.07920121 -0.10879008 -0.53865892
v -0.06838366 -0.23416397 -0.51105946
v -0.00088391 0.42284513 -0.54216880
v -0.26069707 -0.00680216 -0.11273477
v 0.02425570 0.04550599 -0.60348213
v 0.01352827 -0.10585019 -0.59810311
v -0.24483414 0.59468096 -0.16608557
v 0.00039345 -0.04573614 -0.62421542
v 0.14497589 -0.48621544 0.34250695
v 0.29924241 0.59579819 0.42424265
v 0.00973383 0.31852069 -0.47316283
v 0.36486369 0.58740896 -0.13727562
v 0.31114769 -0.11192397 -0.01654264
v -0.25799343 0.58811730 -0.13272128
v -0.05484557 0.07155478 -0.53413308
v -0.27224585 0.58813435 -0.12034483
v 0.13551107 -0.57701337 -0.13732198
v -0.43185115 -0.18291526 0.27187321
v -0.35240722 0.58739465 0.31115955
v 0.00004602 0.48195061 0.64532197
v 0.00101216 -0.24556704 -0.36354324
v -0.07289085 -0.05187444 -0.60328519
v -0.04139511 0.21701793 -0.65021056
v -0.01119266 -0.06521520 -0.62506992
v 0.20084758 -0.48756590 0.07226684
v 0.42217305 0.58521760 -0.05186322
v 0.00308103 -0.20876095 -0.55816132
v 0.25026932 -0.50584471 0.40644750
v -0.02759756 -0.35790026 -0.39431813
v -0.08428073 0.58397955 -0.22064628
v 0.02438646 0.44523495 -0.45571527
v 0.24444865 0.58540004 -0.14349878
v -0.30901125 0.37074789 0.38364127
v 0.05175105 -0.58573860 0.47053689
v 0.05888393 0.58468032 -0.31174502
v -0.35570821 0.59239906 0.01404888
v 0.23607562 -0.57620889 0.38083777
v 0.29721478 -0.12627260 0.31363812
v 0.37387151 0.58722067 0.43788460
v -0.20838133 -0.31924736 -0.20157117
v 0.05308882 0.36333656 -0.33805692
v 0.26700470 -0.59586567 0.26625821
v 0.05346454 -0.34932050 -0.13767056
v 0.12992263 0.58699429 -0.20725854
v -0.04450255 0.36614817 -0.34878218
v 0.16055915 0.58631212 0.50809538
v 0.35410964 -0.46938014 0.06087824
v -0.02535759 0.33788121 -0.62247163
v -0.02760631 0.45376006 -0.49040875
v -0.08974840 -0.24454370 -0.15720375
v -0.00752491 -0.37857771 -0.35306349
v -0.43170658 0.59573460 0.02981581
v -0.08991016 0.59579337 -0.24964282
v 0.46685842 0.58435673 0.22208165
v -0.10239644 -0.38925964 0.53609133
v -0.08120086 0.05959902 -0.59744483
v 0.28636518 -0.58689743 0.28906116
v -0.40363070 0.59503198 0.10369357
v 0.03829329 0.40112010 -0.37808159
v 0.37120792 -0.41716254 0.05583534
v 0.14388326 0.07002116 0.51207829
v 0.30546468 0.58357072 0.39014322
v 0.05819981 0.39254859 -0.33823726
v -0.07925312 -0.27391857 -0.15496567
v -0.46770903 0.57430148 0.24640067
v -0.21636972 -0.59582704 -0.03795164
v -0.06328247 0.13882184 -0.54501319
v 0.00088685 0.02095978 -0.53228152
v -0.31621921 -0.58510607 0.19601823
v 0.01822759 0.32642278 -0.60127211
v 0.02395781 0.09747811 -0.56762016
v -0.14888039 0.27977630 0.51143926
v -0.04183418 0.13017234 -0.53183877
v -0.40116277 0.56182027 0.41732305
v -0.29385853 0.09145688 -0.08670758
v -0.01240588 0.31485638 -0.46777564
v 0.16795255 0.56066537 0.49529201
v 0.02433887 -0.36456463 -0.35188711
v -0.16015877 -0.46790278 0.35336652
v 0.01292696 -0.38161460 -0.32749787
v -0.00137357 -0.14344700 0.50265914
v -0.30154637 -0.59024143 0.23651332
v 0.07879402 -0.58793819 0.46469253
v 0.06345836 0.56132185 0.52699786
v 0.01312966 0.59112942 0.62369496
v 0.34045833 0.59575784 -0.13051715
v 0.04093543 0.39469108 -0.34975293
v -0.41683051 0.59557897 0.31730089
v -0.00019477 -0.26824316 -0.51185900
v -0.00129694 -0.43610716 0.43399686
v -0.07490739 0.33868209 -0.49373582
v 0.03243927 0.59098524 0.54804128
v -0.04832193 -0.13243429 -0.47471762
v -0.02983469 -0.25836152 -0.34036797
v -0.05152664 -0.20826855 -0.55633062
v -0.23856828 -0.38933334 0.32196373
v 0.03194027 -0.48195812 0.40269196
v -0.32803822 0.58786428 0.36535585
v -0.00015132 0.47910029 -0.35262626
v 0.22946632 -0.48635423 0.08302965
v -0.05103421 0.22143279 -0.54094571
v -0.09616864 -0.46106905 0.51307505
v -0.06454199 0.20156379 -0.63762051
v 0.02532633 0.14944701 -0.60608196
v -0.38490638 0.59618068 0.32070234
v -0.25146386 0.58431125 0.55785793
v -0.37248021 0.52726626 0.25349864
v 0.08427910 0.58962524 0.53287119
v -0.03567394 0.34779596 -0.34141389
v 0.34195605 0.59559840 0.44573852
v -0.32012382 -0.58418214 0.17097521
v 0.41683108 0.53722972 -0.08851656
v -0.02451212 -0.27687329 -0.50758916
v 0.14760602 -0.06044410 0.48322743
v -0.22887236 0.59544820 -0.18105258
v -0.19317338 0.58749658 0.48286074
v -0.24198310 0.57359022 0.43682536
v 0.22139746 0.58569866 -0.26091534
v -0.04861787 0.41128689 -0.55421495
v -0.29966503 0.59412944 -0.18867947
v -0.19602783 -0.46991923 0.00249927
v -0.30610946 0.37493175 -0.08388745
v 0.02973923 -0.19649333 -0.52593940
v -0.02715880 -0.24577847 -0.36269096
v 0.37280703 0.50749940 0.25326443
v 0.24867322 0.32536578 0.58579171
v -0.26486188 -0.45760846 0.10875904
v -0.07138824 0.30060151 -0.52163917
v 0.16394565 0.59560031 -0.25916123
v 0.43156922 0.57602334 0.35515457
v -0.46826172 0.58376789 0.22185233
v -0.10773598 -0.48507735 -0.05710879
v 0.31600994 0.57866812 0.37486759
v -0.16617668 0.59605169 0.53964728
v -0.01253982 -0.38749281 -0.32456976
v -0.04200909 -0.17433448 -0.44624117
v 0.06453949 -0.48563752 -0.07280418
v -0.48912033 0.48239580 0.15710215
v -0.07973595 0.24816975 -0.57501727
v -0.07486828 0.19225575 -0.56313604
v -0.18492287 -0.46185803 0.47594813
v 0.18954812 -0.36777353 -0.06793880
v 0.02722069 -0.25963572 -0.36444032
v 0.00007052 -0.58785868 -0.15964177
v -0.36549652 0.59527254 0.41755676
v 0.01383734 -0.48572278 0.40090030
v -0.38787571 0.59064209 0.22045624
v -0.36686760 0.58426040 0.06524813
v 0.04163624 -0.48617399 0.38703635
v 0.18475902 -0.37283570 0.38119417
v -0.03901085 -0.08944629 -0.49524036
v 0.02461153 0.26948431 -0.57253981
v 0.19473656 0.57539278 0.58990437
v -0.09083562 0.42575085 -0.32815713
v -0.02668281 -0.10988447 -0.48052317
v 0.37683716 0.58279306 0.22157285
v -0.08280943 0.38891506 -0.22630771
v 0.45265225 0.59259081 0.24765901
v 0.04157690 0.59049678 -0.30813465
v 0.45537466 0.57720679 0.29881012
v -0.19530340 -0.48411062 0.02622938
v 0.03013052 -0.57365155 -0.16727574
v 0.43221286 0.59521145 0.02579695
v 0.00002855 0.36741456 -0.59735996
v -0.41800901 0.58856446 0.36838749
v -0.04841354 -0.10961434 -0.48776355
v 0.30780694 0.56228763 -0.20892969
v -0.07099157 0.42036200 -0.47682482
v -0.36549985 0.59578937 -0.00392357
v -0.41783455 0.59581965 -0.00064552
v 0.00048901 -0.39315307 -0.29856142
v 0.38165686 0.58046174 0.11974973
v -0.04588762 -0.37707371 -0.31138018
v 0.00251862 -0.02571506 -0.62635350
v -0.02641858 -0.29501340 -0.48866561
v -0.27428198 0.56112015 -0.10833529
v -0.37963668 -0.43180403 0.15559225
v 0.27728078 0.58239239 -0.11293896
v -0.02631371 -0.32842624 -0.44507822
v -0.06737516 -0.37072277 -0.26759595
v -0.06320996 0.00004264 -0.62429225
v -0.11934473 0.38087568 -0.32379326
v 0.27619529 -0.59220016 0.01772980
v 0.45534348 0.58556896 0.02609102
v -0.01233055 -0.04033851 -0.52341664
v -0.24503985 -0.47931919 0.09442006
v -0.25548065 -0.47445664 0.16885036
v 0.00697929 0.44052672 -0.50586736
v 0.24270736 -0.48527482 0.11880284
v -0.06764486 -0.27021191 -0.38753670
v -0.38604027 0.59498656 0.06390963
v 0.05675236 -0.28015232 -0.27549464
v 0.41712680 0.58587492 0.37882912
v -0.25617543 -0.57862735 0.35177088
v 0.01175680 0.00049499 -0.62244534
v -0.07482771 -0.20864326 -0.50763875
v -0.09060905 -0.52264255 0.49157992
v 0.33422887 -0.52609825 0.06665289
v 0.00926582 -0.07049143 -0.51777858
v 0.30913910 0.58004779 -0.06788097
v -0.19394973 -0.58479756 -0.09691856
v -0.19882761 -0.48569372 0.29019633
v 0.13099153 -0.58622736 0.44581503
v 0.39161637 0.58473754 -0.10702871
v 0.16017514 -0.58125943 0.43674228
v 0.00364897 0.47191837 -0.37505823
v -0.28506064 0.59604406 0.49393064
v -0.07449991 0.08172557 -0.55762911
v -0.41596434 0.57581204 0.39115816
v -0.31362978 0.59556216 -0.16819356
v 0.12981901 0.20258036 -0.32149535
v 0.24955370 -0.17678767 0.37899393
v 0.31062949 0.12261280 0.38785982
v 0.01332227 0.42247623 -0.52681553
v -0.00500721 0.05080533 -0.63800704
v -0.03996680 0.36236891 -0.40798390
v 0.01275389 0.11786417 -0.54724842
v -0.26566693 -0.58564872 -0.01885106
v -0.12762542 0.46131644 0.62984258
v 0.14039195 0.56031919 -0.19701359
v 0.25535530 0.56230891 0.42558524
v 0.36395359 0.58715606 0.02898942
v 0.00196641 0.24966757 -0.54638463
v 0.04546032 0.41503975 -0.35043338
v -0.02621047 -0.31153888 -0.46792206
v -0.07854671 -0.15089078 -0.54383129
v -0.21610807 0.56099522 -0.15886652
v -0.04294610 0.24722652 -0.53923583
v 0.20756735 0.59185708 0.57040751
v 0.41964576 0.59509671 0.32254151
v -0.01288059 -0.06576406 -0.50947404
v 0.02825463 0.38229936 -0.37680197
v -0.32500401 0.57241541 0.34985235
v -0.34100062 -0.50756419 0.06412766
v 0.46869260 0.58656913 0.11780083
v 0.15629822 0.51446557 0.50575626
v 0.20560431 0.57224852 -0.27359891
v -0.31216460 0.27998266 -0.08583587
v 0.31842527 -0.19168837 0.26226470
v 0.02997780 -0.22545335 -0.50639236
v 0.19553596 -0.45809951 -0.02459475
v -0.28086111 0.58495718 0.53392440
v -0.17770430 0.56180167 -0.28663787
v 0.16677627 0.59555751 0.53025961
v -0.06569485 0.47578305 -0.33884266
v 0.13555697 -0.39600223 0.41377097
v 0.03946463 0.57574183 0.53386331
v -0.47079384 0.58758533 0.16947292
v 0.25071809 -0.41263917 0.03762534
v -0.01421934 0.00059795 -0.63622248
v 0.03063586 -0.42041698 -0.25661132
v 0.02623473 0.29622772 -0.53196812
v 0.15375617 -0.43047842 -0.06934171
v -0.12753291 0.59578454 -0.23480754
v 0.31599867 0.08491486 0.37690723
v -0.10353421 0.59017098 0.61048037
v -0.04181771 0.08464568 -0.64219326
v 0.44073501 0.57867420 0.33244535
v 0.29768726 -0.57818878 0.03241504
v -0.44952545 0.58987588 0.28864267
v -0.30647868 -0.31853238 0.09888912
v 0.03216296 -0.20180939 -0.48648053
v -0.18268728 0.59572989 -0.20635647
v -0.00337639 0.32786489 -0.62196189
v 0.20320198 -0.59002095 0.39267743
v -0.15970188 -0.48428473 -0.02706284
v -0.16405940 -0.46951929 -0.04752189
v 0.34144396 0.56296223 -0.01705444
v 0.34066531 0.38423240 -0.01504394
v 0.00064369 -0.23225038 -0.39030904
v -0.16999821 -0.48493639 -0.00749050
v 0.10185988 0.57957202 -0.30781090
v -0.02841906 -0.24707766 -0.53533942
v -0.01284647 0.44053853 -0.51923072
v 0.13765790 -0.59562421 0.41668919
v -0.03914618 0.46166173 -0.44663659
v 0.38890272 -0.35794699 0.05196715
v 0.37922624 0.06389321 0.11520886
v 0.20095356 -0.48639956 0.02952219
v 0.00550270 -0.35166195 -0.40391117
v 0.03982806 0.43580705 -0.36274037
v 0.28356779 -0.59519124 0.05361674
v -0.40194577 0.59109211 -0.07729791
v 0.39203665 0.59532374 0.05306942
v 0.00829369 0.20719489 -0.63885993
v 0.26106337 -0.36504790 0.29148400
v -0.04044829 0.34895030 -0.42645967
v -0.29981533 -0.08780173 -0.04583037
v -0.05344727 0.30469334 -0.49229613
v -0.01287130 -0.40302187 -0.27726313
v -0.36374670 0.57572800 0.27365091
v 0.39179850 0.59548920 -0.06598072
v -0.03957212 0.25400513 -0.64812171
v -0.05238708 0.59568024 -0.28879321
v -0.05219546 -0.47534508 -0.09107237
v -0.40920857 0.59640759 0.28669283
v -0.39193061 0.59304506 0.19540299
v -0.07302151 0.36166444 -0.46606278
v 0.28024751 0.56805259 0.54163474
v -0.20583510 -0.59581620 0.36600894
v 0.27318513 -0.58120859 -0.01468260
v -0.07837223 -0.58688730 -0.15277475
v 0.23054406 -0.47123364 0.22383040
v 0.27017635 0.56811231 -0.23688312
v -0.05914007 0.11192761 -0.63658053
v -0.00804475 0.10440880 -0.64217967
v -0.19527823 0.59537864 -0.25019881
v 0.34134904 0.58868092 0.34008834
v -0.06104469 0.42865032 -0.50666606
v -0.01530627 -0.48249936 0.40414345
v 0.00079854 0.40613839 -0.56184888
v -0.06479932 0.23434258 -0.63742298
v 0.00226802 0.57352924 -0.22204250
v -0.17719328 -0.48503467 0.00872358
v -0.42358935 0.11635321 -0.09010716
v -0.03553859 0.31461316 -0.63301891
v -0.28533021 -0.35109669 -0.13076314
v 0.40671194 0.59596407 0.08247652
v -0.08113306 0.27274236 -0.58447081
v 0.26654720 -0.57982028 0.33804619
v 0.00440952 0.55396682 0.63794988
v 0.22365995 -0.48619282 0.15185879
v 0.27388376 0.59242237 0.52737314
v -0.07433181 -0.44675297 -0.22817916
v -0.08075338 0.15966120 -0.57608289
v -0.22242756 -0.04073956 -0.11402809
v -0.18790279 0.56118745 -0.17668690
v 0.25812221 0.58721733 -0.23634307
v -0.07878811 0.30007470 -0.59965986
v -0.03438088 0.47233662 -0.35446975
v -0.34751728 0.44249460 -0.19176231
v 0.00135374 0.09179725 -0.53649122
v 0.03090869 0.33784118 -0.53890061
v -0.34905148 0.59508699 0.36410359
v 0.03820658 0.58647460 -0.23069115
v 0.26772046 0.59615982 -0.18214385
v 0.00066283 0.20691812 -0.54228777
v 0.21740499 -0.45873597 0.31072795
v -0.30405846 -0.51312703 0.33178234
v -0.02103885 0.59610140 0.59960818
v -0.02227293 0.57002562 -0.21961828
v 0.02983740 0.38511497 -0.52662379
v 0.00417535 0.13088538 -0.63787681
v 0.02782577 0.11228020 -0.59527814
v -0.28595391 0.58815730 -0.10875862
v -0.31378540 -0.57938319 0.07555874
v -0.22682881 0.58660471 0.45552367
v 0.20804852 0.59529203 0.49267289
v 0.20720124 0.59198499 -0.17867501
v 0.20922935 -0.59576446 -0.05293043
v 0.00895602 0.15620163 -0.63476360
v -0.05440821 0.37848267 -0.35023504
v 0.47085920 0.58738810 0.16958989
v 0.16844238 -0.58002526 -0.12003688
v -0.08726282 -0.37892106 0.41110840
v 0.20185083 -0.47579420 0.00204713
v -0.06438960 0.10513107 -0.54450148
v 0.02043289 -0.21990912 -0.53063989
v -0.00007688 -0.28081778 0.58037782
v -0.06437999 0.38630387 -0.34669867
v 0.13211508 0.59602821 -0.23421623
v -0.27369368 0.24665460 -0.10397803
v -0.07490190 0.39822835 -0.50827217
v 0.14208050 -0.42711341 0.39768231
v -0.03961908 0.28755200 -0.50736046
v 0.43175733 0.59560329 0.28435922
v -0.07989029 -0.48529398 0.36949900
v 0.00872202 0.35990965 -0.41312253
v -0.13115853 0.50023848 -0.31278417
v 0.03477876 0.46131712 -0.22788508
v 0.34843189 0.16192509 0.50507748
v -0.07916263 -0.00537664 -0.56319803
v -0.07722152 0.09734984 -0.61489296
v -0.06752367 0.31645465 -0.49471176
v -0.14034894 0.58735204 0.51793981
v 0.24868959 0.24021864 0.58531362
v -0.29543722 0.34717837 -0.09065571
v 0.19534534 0.59127200 -0.26375529
v -0.27673399 -0.42430806 0.11041866
v -0.27069834 0.58183318 -0.23112096
v -0.30187026 0.18228279 -0.08588392
v 0.36985677 -0.26597589 -0.05861732
v 0.09351354 0.59491724 -0.28668067
v -0.35681918 0.58230567 0.29062432
v 0.33584023 0.05212048 -0.01577187
v -0.28245899 -0.18278162 -0.03184736
v 0.04415513 0.59586114 0.57026589
v -0.30246067 0.59610260 0.46099427
v 0.04496690 -0.35300049 -0.28568947
v -0.08101540 0.21564355 -0.58338654
v 0.24748939 -0.57985139 -0.04957786
v 0.09684550 0.56897908 0.51956415
v -0.46981740 0.58592522 0.19532746
v -0.16749473 0.58565170 -0.28295174
v -0.18131785 -0.37693274 0.36456984
v 0.46734104 -0.07260084 0.15668111
v 0.04171975 0.55819279 -0.22336569
v -0.06229232 0.44275871 -0.37647235
v 0.02407010 0.35969865 -0.34637797
v -0.06438779 0.35848543 -0.44055054
v 0.02595804 -0.23355739 -0.41581243
v -0.05143645 -0.19558002 -0.44200957
v -0.07200042 0.34179339 -0.58922601
v -0.04306844 0.28674126 -0.64110875
v -0.06233173 -0.07769289 -0.51508647
v -0.29999667 0.56210285 0.52738070
v -0.06745832 0.41321829 -0.37793261
v -0.26858610 -0.42952549 0.23482651
v -0.04104981 0.16159943 -0.53361803
v 0.14433345 0.55732423 0.50874472
v 0.05126055 -0.38486594 -0.13016766
v -0.04820937 -0.23106685 -0.40456107
v -0.01139576 0.02579362 -0.63802171
v -0.02681992 -0.22694354 -0.55184317
v -0.07168154 0.59333116 -0.29796648
v 0.33185014 -0.18136044 0.09342925
v 0.10338574 0.57526529 -0.20839924
v -0.37735671 0.58561468 0.25457838
v -0.18082990 0.58032984 0.59431994
v 0.29497221 -0.30581778 0.26071271
v -0.06241104 0.58495671 -0.31110743
v -0.06215443 -0.22476733 -0.43237865
v -0.00991971 0.55022049 -0.32825726
v 0.02370000 -0.26164246 -0.49456900
v 0.30866209 -0.58546799 0.07286404
v -0.04633712 -0.28487554 -0.29202822
v -0.08782353 0.59413815 0.54494977
v 0.16439302 -0.47011238 0.35976660
v -0.14651656 -0.40385452 0.37246865
v -0.26052535 -0.59002167 0.32649869
v -0.00021606 0.48180529 0.54227388
v 0.28321490 -0.34660020 0.26652741
v -0.07785024 -0.22530854 -0.17094301
v -0.05172224 0.37820515 -0.36883679
v -0.10489723 0.10238875 -0.20697446
v 0.02797220 -0.02642345 -0.57524806
v 0.35365820 0.56930548 0.47744185
v 0.01922085 0.04324943 -0.55404258
v 0.01791651 0.37364155 -0.39030090
v -0.04963768 -0.58268404 0.47266617
v 0.04510897 -0.47472447 -0.20611279
v 0.01892749 -0.18437456 -0.55479163
v -0.05313044 -0.15450977 -0.46581265
v -0.29196179 0.57687706 -0.09334662
v -0.28887755 0.59556949 -0.13105054
v 0.33733141 0.58452576 -0.03023335
v 0.01324026 0.45905355 -0.43497396
v -0.03869717 -0.06701240 -0.62527585
v 0.09049768 -0.54923213 -0.16832912
v 0.02846759 -0.05509629 -0.57729656
v -0.40306154 0.59599447 0.07905260
v -0.37267590 0.01404777 0.10025584
v 0.02626753 -0.09090154 -0.53274125
v 0.31199247 -0.28793523 0.10703776
v -0.12428725 -0.58078986 0.45230341
v -0.07284822 0.05280107 -0.55291331
v 0.24549928 0.53231323 0.57334703
v 0.01205900 0.09092434 -0.62845838
v -0.08040574 0.13550831 -0.60977817
v -0.13083565 0.58564895 0.61071241
v 0.02019002 -0.02360475 -0.60638171
v -0.16910447 0.59504253 -0.26299056
v 0.24607317 0.59556323 0.46351093
v 0.14337188 0.58939999 0.60122681
v -0.47158659 0.48820677 0.02811002
v -0.05976439 -0.08422457 -0.61128145
v -0.41943160 0.05873561 0.39936924
v -0.19548528 -0.41593194 -0.04034273
v -0.04542445 -0.28680155 -0.30828911
v -0.24843946 0.59465361 0.53543341
v -0.00056920 -0.02146242 0.52563846
v 0.00175907 -0.59410053 0.46209633
v -0.04114441 -0.37481073 0.43628576
v -0.00057051 0.10299466 0.54794264
v 0.02140933 -0.48546380 -0.08217167
v -0.47945511 0.55729753 0.13725479
v -0.15122657 -0.48575720 0.33841369
v -0.40711132 0.57612479 -0.09282980
v 0.00207150 0.26201332 -0.34003744
v 0.27072373 -0.25465828 -0.01670552
v 0.02525651 0.37774366 -0.40430805
v 0.38977408 0.59530246 0.27527532
v 0.29560745 0.57649684 -0.08371520
v 0.21113285 -0.47827622 0.28429613
v 0.02449599 -0.14327781 -0.49406973
v -0.08005559 0.21510321 -0.61437875
v -0.34879646 0.56037539 0.03734390
v -0.21775395 0.59273815 0.47560412
v 0.30648136 0.41007730 0.38828409
v 0.02752399 0.36489189 -0.42748544
v 0.16301817 0.31911016 -0.18676037
v -0.41964003 0.52128875 -0.08745568
v -0.02601807 0.19442147 -0.53366178
v -0.19137907 -0.04480768 -0.13554764
v 0.24162118 0.56807345 -0.25823182
v 0.00080258 -0.22728154 -0.54532546
v -0.07878485 -0.07312562 -0.58384621
v 0.31164840 -0.58248472 0.23526618
v 0.07197832 -0.59562731 -0.13063495
v -0.08164205 0.34486097 -0.23066396
v -0.07370409 0.40318033 -0.34185407
v -0.30944565 0.24056040 -0.08596697
v 0.02976796 -0.27433321 -0.46941426
v 0.03345164 0.25476819 -0.22774258
v 0.01406213 0.58974630 -0.23231384
v -0.10324268 0.55383390 -0.21368426
v -0.30501068 0.57878017 0.38750836
v 0.44050556 -0.13707010 0.03729546
v 0.23586325 -0.41987786 0.30234978
v -0.06276248 0.07568678 -0.63043994
v -0.07001666 -0.24620657 -0.42821011
v 0.30756336 -0.59175032 0.13058139
v 0.45124170 -0.07209422 0.27851668
v 0.16273874 0.07818685 -0.18384334
v -0.26781651 0.59548795 0.51600081
v -0.05763464 0.36913180 -0.41840521
v 0.25753093 -0.45757976 0.13777027
v -0.04723356 0.42764819 -0.53244668
v 0.03067407 -0.32699332 -0.40297136
v 0.33452910 0.58447897 0.49124011
v -0.08402438 0.44077110 -0.22314063
v 0.01411890 -0.05375557 -0.61125863
v -0.04340854 0.10430288 -0.53098243
v 0.10252316 -0.43169293 -0.09368295
v 0.02781296 -0.27312449 -0.33811578
v -0.25072965 0.59598380 0.46911028
v 0.30637836 0.33846492 0.39014152
v 0.22405358 -0.36020011 0.34830812
v -0.33432031 -0.03213495 -0.17955659
v -0.06464671 0.02589994 -0.62545234
v -0.01314430 -0.11629141 -0.61035889
v 0.22954132 -0.24296941 0.38211745
v 0.16999176 0.55871230 -0.18526827
v -0.09283023 0.34448156 -0.32994133
v -0.05869992 -0.35543802 -0.32041302
v -0.09758609 -0.47932717 -0.08007868
v 0.24112022 -0.47643825 0.16740498
v 0.09229948 -0.50731009 0.49730542
v 0.32676399 -0.16154319 0.25517151
v 0.26833555 -0.37559503 0.23452793
v 0.27321321 -0.09014773 0.37722629
v 0.06724631 0.08610631 0.53261787
v 0.31245488 0.59080637 -0.07795831
v -0.20966901 0.57824367 0.58255547
v 0.27985984 -0.41362920 0.10102255
v 0.19081227 0.56139278 0.47704732
v 0.14991957 0.11122220 0.51396936
v 0.19234598 -0.10559943 -0.14543383
v -0.09452463 0.15678070 -0.21298538
v -0.05239688 -0.33891633 -0.39961487
v 0.40786031 0.59552640 0.12368895
v -0.01834415 0.15619098 -0.64830315
v -0.26853400 -0.20427650 -0.04270997
v 0.34519395 0.06769821 0.31867296
v 0.05290369 0.58546352 0.62638795
v -0.02762137 -0.23193075 -0.38900587
v -0.27580741 -0.59585214 0.24570245
v 0.33720246 0.59492570 -0.06363303
v -0.33687773 -0.40297455 -0.03903311
v 0.17537993 0.58478111 0.49577227
v 0.40601557 0.58471882 -0.08860933
v 0.37943441 0.59513551 0.40419832
v -0.06907272 0.38479263 -0.55735660
v -0.14897530 -0.35620427 0.41776150
v -0.37596112 0.19513392 0.25324643
v 0.02692146 -0.59115237 -0.15203254
v 0.06494546 0.58799708 0.53468752
v -0.08189233 -0.00661578 -0.19585629
v 0.03635116 -0.24638195 -0.44819522
v 0.00000767 -0.30604339 -0.47155708
v -0.07737912 -0.47224018 -0.09046635
v -0.30013049 -0.03590412 -0.05548485
v 0.01380167 0.25945798 -0.63020420
v 0.05057620 -0.12248596 -0.19133373
v -0.40031007 0.58377320 0.40868899
v 0.01248575 0.02526558 -0.62381303
v 0.30220678 -0.22619559 0.27552363
v -0.02321575 0.07150903 -0.52759606
v 0.39041385 0.58968884 0.10459917
v -0.30202553 -0.58182478 0.04637004
v -0.06904926 -0.17843698 -0.47494215
v 0.35886779 0.58131284 -0.15352498
v 0.47073457 0.58771980 0.14345059
v 0.19792354 -0.40030757 -0.05319383
v -0.35028028 0.35776576 -0.19492528
v 0.02756037 0.23026405 -0.58883023
v -0.20774402 -0.35915545 0.36709628
v -0.06036795 -0.25673589 -0.50419015
v 0.41974798 0.52667177 0.39852998
v -0.30699623 0.49446255 0.38475084
v -0.29080188 0.51694119 -0.09335154
v 0.37271088 0.55878186 0.24712479
v 0.21313052 -0.27994475 0.38867265
v 0.02530102 -0.14977427 -0.56134814
v -0.05902173 0.38796934 -0.39032623
v 0.34625590 0.46037024 -0.19148406
v 0.02526675 0.33113566 -0.23757118
v -0.19316134 0.13679516 -0.16982688
v -0.14000824 0.57061219 -0.30113426
v 0.25071123 -0.32994071 -0.01153402
v -0.15422587 0.51420617 0.50628728
v 0.01623406 0.24895605 -0.56134123
v -0.14753759 0.19503425 0.51296139
v -0.47964907 0.28541747 0.02627404
v -0.00424963 -0.36760116 -0.37782437
v -0.09624077 -0.14513537 -0.17855269
v 0.32192031 -0.07279596 -0.01656721
v 0.42852980 0.38398990 -0.09212346
v -0.14838399 0.56271523 -0.19403261
v -0.13304761 -0.58220339 -0.13601427
v 0.26065353 0.13550232 0.43144581
v -0.01379264 0.58995700 -0.31129014
v -0.23727353 -0.48598093 0.17638627
v 0.19767104 0.57218486 -0.16802074
v 0.37101132 0.00734259 0.10055955
v 0.31113577 0.59536797 -0.10286491
v 0.03738774 -0.29664043 -0.29060295
v -0.20103708 -0.48511603 0.04936338
v 0.09100229 0.59515804 0.59920418
v -0.06983797 0.32474026 -0.60440093
v -0.13070914 0.52487302 0.62309819
v -0.19519062 0.20267862 -0.16951156
v -0.01449948 0.56010675 0.53824246
v -0.06974963 -0.18349949 -0.54956537
v 0.06106306 -0.39989364 -0.23727831
v -0.03428859 -0.46095961 0.40885109
v -0.23042780 -0.48426104 0.24726504
v 0.01340066 -0.19740467 -0.44228736
v -0.37371489 0.42951739 0.25319114
v -0.30309975 0.40931690 -0.08388896
v -0.14327055 0.59339905 -0.28095555
v 0.30340287 -0.26803136 0.25994226
v 0.15866783 0.39709660 0.50711137
v -0.07687196 -0.10435048 -0.57738960
v -0.07958116 0.24781381 -0.61395842
v 0.07904311 -0.32945395 -0.25610659
v -0.07121228 -0.27254567 -0.42273587
v -0.37871161 0.59584850 -0.07978282
v -0.06904072 0.41148070 -0.40148440
v -0.33125556 0.56638503 0.50285363
v -0.21701765 -0.29098809 0.38332850
v 0.22093128 -0.48599482 0.20697944
v 0.41642490 0.58655202 -0.06917407
v 0.32480988 0.59564549 0.40206051
v -0.28547111 -0.29252797 0.03212359
v -0.28507277 0.02194769 -0.09093981
v 0.34351432 -0.37740546 0.35524604
v -0.14820726 0.24071589 0.51218063
v 0.15015413 -0.15018132 0.46319678
v -0.02563131 0.40384218 -0.57247537
v -0.19087861 0.06691131 -0.17026919
v 0.32972968 -0.07832597 0.48617184
v 0.02386002 0.35029083 -0.44235587
v 0.38159627 0.57287705 -0.12793981
v 0.03001318 0.42305034 -0.48241913
v -0.34895578 0.59522676 -0.02593625
v -0.30325812 0.59604156 0.42853484
v -0.00149203 -0.43289426 -0.25158021
v 0.24513069 0.59579009 0.53021014
v -0.34829497 0.43020633 0.50452381
v 0.00005205 -0.32205936 -0.45135817
v -0.31030017 0.31762609 -0.08451704
v -0.33752951 0.58645660 -0.00468957
v 0.36271808 0.56028986 0.27317148
v -0.32155791 -0.58231580 0.14250988
v -0.24804528 0.23454776 -0.27317905
v -0.31374866 -0.22162470 0.25841290
v -0.04867726 0.45877057 -0.41604534
v 0.02065577 0.38008371 -0.56202078
v 0.15415427 -0.21885426 0.44645742
v 0.00006973 0.08378796 0.64348435
v -0.47775179 0.39585951 0.28450623
v 0.30150440 0.54714274 0.38904768
v 0.03935684 -0.37028462 -0.28616589
v 0.16474889 0.00443787 -0.18218598
v 0.00379109 0.58210814 -0.31760260
v -0.15749615 -0.25290933 0.43910453
v 0.18128932 -0.47977486 -0.02660211
v 0.04077700 -0.33841568 -0.34829307
v 0.24251068 -0.21100926 0.37519646
v -0.15734723 0.58680290 -0.19661270
v 0.26157960 -0.29321226 -0.01215929
v 0.16305619 0.26055509 -0.18604413
v 0.22881608 -0.41544145 -0.00818804
v 0.34306601 0.51902068 -0.18735951
v 0.00117662 0.46916357 -0.40302753
v -0.00013101 -0.03252177 0.62989354
v 0.04252829 -0.24027619 -0.27894717
v 0.21540952 -0.48542741 0.23686279
v -0.12939578 0.58566469 -0.20769250
v -0.34817755 0.16894935 -0.19365247
v 0.21902804 0.58228719 -0.15799560
v -0.06880216 -0.30547941 -0.39930883
v -0.06455427 0.27970371 -0.53412229
v -0.27098307 0.59566927 -0.15275727
v -0.37730423 0.56375641 0.15061107
v 0.12197401 -0.48561266 0.37086830
v 0.49600044 0.34542856 0.15590468
v 0.01625763 0.44239268 -0.48362026
v 0.03140060 0.29286015 -0.23093688
v -0.22412649 0.58356076 -0.15899689
v 0.29268521 -0.31915864 -0.13670643
v -0.05229073 -0.48523593 -0.07646168
v -0.06344382 0.26035085 -0.63540500
v 0.18551219 0.59664887 -0.22636917
v -0.36457288 0.57623857 0.46107835
v 0.49129716 0.13535650 0.15636712
v -0.28615242 0.05910077 -0.09160895
v 0.45787111 0.58654284 0.27450868
v 0.09264208 -0.47893247 -0.07320838
v -0.00247077 -0.19920181 -0.28652394
v -0.08340064 -0.46281534 0.38502294
v -0.21272738 -0.46343255 0.30762464
v 0.15600121 0.59444815 -0.21805035
v -0.20234813 0.51861566 -0.16941100
v -0.07828023 0.56078988 0.52367038
v -0.06684617 0.35923275 -0.34014034
v 0.24430244 0.07757407 0.57720083
v -0.22174637 -0.48329338 0.26621532
v 0.40540975 0.59572071 0.21917333
v 0.25800484 -0.03871268 -0.09579600
v -0.23320015 -0.32738158 -0.04143073
v -0.01364291 -0.48625118 0.37909541
v -0.07705513 0.32313278 -0.51976693
v -0.07791985 0.37248939 -0.53298801
v 0.47007629 0.57643503 0.08704998
v 0.11977755 -0.02215772 -0.19470054
v -0.28977737 -0.55158412 -0.01406042
v -0.10594926 0.57358670 0.62171417
v 0.01262198 0.06279022 -0.62561512
v 0.07235456 0.56925958 -0.21674021
v -0.02547894 0.36235288 -0.60807896
v 0.02098067 -0.38655460 -0.29436198
v 0.19741586 -0.38969383 0.49641168
v 0.12374620 -0.24930951 -0.12687466
v 0.00653632 -0.48651269 -0.20521574
v 0.19230212 -0.26120991 -0.09907670
v 0.37951583 0.58286101 0.16952112
v 0.19241448 -0.05422794 -0.16057846
v 0.13879937 -0.46173921 0.38530654
v 0.06829447 -0.47430879 -0.08995461
v -0.20137653 0.46195886 -0.16936184
v 0.03937636 0.55151612 -0.32296142
v 0.30298266 -0.58322740 0.26063940
v 0.18428461 0.58442426 -0.18194900
v -0.29708445 -0.59477609 0.11084454
v 0.24172886 -0.46379954 0.19115384
v 0.02941331 -0.08640058 -0.56525290
v -0.05048840 -0.30303293 -0.46263462
v 0.04250768 0.33799461 -0.33743817
v 0.03364305 0.38822651 -0.48830321
v -0.00998166 -0.34057179 0.46348482
v -0.03067962 0.12584765 -0.64709806
v -0.05213559 -0.18155226 -0.57297194
v 0.14088491 -0.36313739 0.42149571
v 0.15779382 -0.59579861 -0.09142669
v -0.19646645 -0.48190823 0.31297934
v 0.32435486 -0.57361591 0.13089605
v 0.10185155 0.59074324 0.53251868
v -0.00067213 -0.21745586 -0.41588023
v -0.11122304 0.34950560 -0.20745130
v -0.05972110 0.16913359 -0.64033526
v 0.16049814 0.24719824 0.50937492
v -0.26171258 -0.36374739 0.05046703
v -0.20653529 -0.39059013 -0.04040100
v -0.04069332 0.59535378 -0.24701659
v -0.24073768 -0.46448863 0.07005882
v 0.26860037 -0.44482866 0.10035894
v -0.37554559 0.59518075 0.03874643
v -0.18689109 -0.34714031 0.39726123
v 0.24503317 -0.58672273 0.35726166
v -0.37543148 0.57895547 0.22154611
v -0.06097715 0.31280285 -0.62194806
v -0.07161513 -0.34805864 0.44348770
v 0.03258068 0.37887365 -0.35049909
v -0.04896341 -0.28383702 -0.48939818
v 0.23242241 -0.10369046 -0.24372137
v -0.16261983 0.05002893 0.50210679
v 0.12942874 0.43503267 0.63104957
v -0.29932478 -0.58649784 0.26057461
v -0.34896132 -0.10974849 0.09524103
v 0.30013955 -0.01138202 -0.06333901
v 0.28376094 -0.20896119 -0.01646540
v -0.45374313 0.59395730 0.09166107
v -0.16227199 -0.00863134 -0.18217793
v -0.14963576 0.31881726 0.51067865
v -0.07987323 -0.07454024 -0.55302078
v 0.05137255 0.46704882 -0.33417085
v 0.00729136 0.36056897 -0.35251957
v 0.04164489 -0.48079264 -0.09475572
v 0.38076562 -0.42842358 0.15640043
v 0.35046047 -0.35071644 -0.04621761
v -0.04732751 0.59638286 0.57888335
v -0.05499508 -0.29920897 -0.29839391
v -0.29504129 -0.12351510 -0.03961133
v -0.31746081 -0.04362652 -0.02437368
v 0.19067816 -0.43685853 -0.04585483
v 0.02880706 -0.00006817 -0.57986432
v 0.06365101 0.59580904 -0.28406134
v 0.06023501 -0.48556361 0.38843387
v -0.23428394 -0.23623866 0.37898767
v -0.16553174 -0.58161086 -0.12091339
v -0.05297078 -0.35803521 -0.35256347
v -0.02844884 -0.19417006 -0.42983821
v 0.03018127 -0.44928774 -0.23386675
v 0.09411175 -0.49104568 -0.19045208
v -0.28639746 0.56406307 -0.22511837
v -0.09081817 -0.59558111 0.44048995
v -0.03473670 -0.48528671 -0.20248912
v 0.03323684 -0.21366642 -0.17990252
v -0.01325426 -0.09102257 -0.49320951
v -0.06816347 0.22155684 -0.55519795
v -0.10218835 -0.28092995 -0.25607210
v 0.29860979 -0.15721416 -0.01618319
v -0.46591881 0.03696141 0.03077840
v -0.33845061 0.58761775 0.48350918
v -0.06812107 -0.29806882 -0.28189147
v -0.47733685 0.18483929 0.28479895
v -0.34429085 0.06763490 0.32050645
v -0.33912772 0.59537590 -0.14218783
v 0.01270740 -0.28891784 -0.48152319
v 0.25962499 0.59438258 -0.15468433
v 0.14972249 -0.10392467 0.47287574
v -0.00588448 -0.01340916 -0.52693641
v 0.14655858 -0.18819112 0.45641410
v -0.17849439 -0.43981269 -0.04677333
v 0.32635567 0.56316251 -0.03869116
v 0.31355786 0.59586596 0.47047079
v -0.09147064 -0.34513715 -0.12861961
v -0.02445062 -0.20873868 -0.42012545
v -0.43258691 -0.24606018 0.15529692
v 0.00173274 0.20835273 0.54604948
v 0.13183227 0.44169360 -0.31701258
v 0.42350784 -0.22110103 0.04159581
v -0.06326111 0.32631502 -0.47582427
v 0.01938130 0.40012759 -0.54295367
v -0.02159673 -0.14567021 -0.60034227
v 0.02687276 0.32173920 -0.49242121
v 0.01370669 0.55955690 0.53839642
v 0.02499936 -0.35180634 -0.37712079
v -0.34742817 -0.05221459 0.26308775
v -0.10686262 -0.39752796 -0.10176782
v -0.11181860 -0.35129935 0.43169725
v -0.36029032 0.00261358 0.25911784
v 0.33456302 -0.12330704 0.25807568
v -0.29464716 0.12139881 -0.08772750
v -0.20732273 0.57886422 0.46695024
v -0.06003067 0.24840941 -0.54854321
v -0.12518485 -0.01921192 -0.30255660
v -0.04593483 -0.21603321 -0.42384791
v -0.35986185 0.57676482 -0.15469278
v 0.33459517 -0.52506572 0.24625732
v 0.23700844 -0.36832508 -0.01850601
v -0.31432858 -0.48105291 -0.02512647
v -0.38389710 0.07295904 0.11967815
v -0.09237356 -0.18891385 -0.16986069
v 0.03756194 0.41706806 -0.42305720
v -0.04101464 -0.10998681 -0.61192656
v -0.22062631 0.56521022 0.45327312
v 0.44442281 0.59496742 0.08018794
v -0.43846807 0.57949495 -0.02458245
v -0.18042096 -0.47952706 0.33610579
v -0.05684621 -0.12493232 -0.59861714
v -0.28713471 -0.01491823 -0.08019744
v 0.33832279 0.00097136 -0.18199801
v 0.22118369 -0.47255114 0.26095814
v 0.09130792 -0.48613963 -0.05117684
v -0.24612929 0.12974910 0.58077472
v -0.33896595 0.59628475 0.42304638
v 0.42872894 0.37095127 0.40488896
v -0.34914118 -0.35736352 0.35705736
v -0.02572119 0.03296293 -0.52564013
v -0.12195045 -0.10396112 -0.28976509
v -0.24330540 0.53395140 0.57439625
v 0.25922698 -0.13522890 0.37989649
v 0.13327800 0.59427649 -0.28184095
v 0.21319288 0.57355899 0.46004254
v 0.03429002 0.41453561 -0.22922038
v 0.48062226 0.55949032 0.16227214
v -0.08009601 -0.04216559 -0.56556416
v -0.07792402 0.12498566 -0.56608754
v 0.16098234 0.15667908 0.51097381
v -0.33450639 -0.52585959 0.24514233
v -0.02866972 -0.15318440 -0.45408839
v 0.02283758 -0.11842804 -0.50750136
v -0.12908944 0.38940969 0.63404655
v 0.36270809 -0.29981670 0.36659506
v 0.27481160 0.00057175 -0.10262166
v -0.40219295 0.59501290 0.16196889
v 0.34818172 0.42902914 0.50473773
v 0.44524905 0.59519041 0.22233684
v -0.12431047 -0.00525072 -0.19894370
v -0.00019845 0.29872212 0.65314889
v -0.07368557 -0.20861548 -0.48103324
v -0.37668347 0.12324549 0.25360972
v 0.02528029 -0.22080760 -0.43899351
v -0.12486626 -0.59498513 0.42964035
v 0.01325242 0.33895984 -0.34024125
v -0.08729675 0.49821672 -0.22022952
v 0.35085675 0.31262323 -0.19551387
v 0.32917780 -0.08451641 -0.17308146
v 0.01445937 0.00412280 -0.54389578
v -0.15637803 0.59588146 -0.22077590
v 0.05121592 -0.47493169 0.40482038
v -0.40478319 0.59540045 0.13082772
v 0.11395627 -0.23346877 0.57686627
v 0.09889615 -0.59583277 0.42947271
v -0.38174039 0.57957232 0.11045725
v 0.04010209 -0.30177417 -0.39626157
v -0.42515680 0.44272217 0.40330681
v -0.13059568 0.30622181 0.63554108
v 0.28645027 -0.04054869 0.37672687
v 0.31839821 0.58485186 -0.05762243
v 0.12753955 0.50214332 0.62659973
v -0.20011595 0.39684063 -0.16921839
v 0.15716061 0.47513667 0.50626802
v -0.09981774 -0.34451380 -0.23902388
v -0.20100123 -0.00388336 -0.16284022
v -0.22986747 -0.48622230 0.22050184
v 0.30669659 0.16939713 0.39374900
v -0.23963894 -0.59580952 -0.00866007
v 0.24838150 -0.59581989 0.00154017
v 0.04130345 -0.29273567 -0.15686117
v -0.31096676 0.27337173 0.38233304
v 0.03322708 -0.37093139 -0.30907732
v -0.02606938 -0.48504966 -0.08274517
v 0.24523459 0.47559148 0.58008713
v -0.33985662 0.56891972 0.31921294
v 0.05165688 0.59428322 -0.24458040
v 0.47795281 0.38897669 0.28505826
v 0.47728616 0.17816509 0.28357822
v 0.00927486 -0.17072995 -0.45476264
v 0.25676757 -0.47963941 -0.10088010
v 0.31735063 -0.17123677 -0.16183425
v -0.00019356 -0.39115569 0.54903060
v -0.07559888 -0.13232638 -0.56629962
v 0.11402829 -0.59583557 -0.10655215
v -0.00198023 -0.08592215 0.51327819
v 0.36237592 0.56726438 0.04828301
v 0.03634067 -0.29377267 -0.42485678
v 0.05228309 -0.41733348 0.42635164
v 0.04284656 -0.16882142 -0.18545207
v -0.06727349 -0.21014309 -0.53515947
v -0.30793104 0.44906223 0.38411891
v -0.09098492 -0.52876204 -0.17660223
v -0.22176601 0.58584118 -0.26202244
v -0.06508650 -0.24841976 -0.40408438
v 0.15849525 0.58721840 -0.28555903
v -0.31895977 -0.57908350 0.11160503
v -0.47795853 0.38938552 0.02750025
v -0.40415874 0.59555763 0.23152223
v -0.02885433 0.47095543 -0.38935062
v -0.00105658 -0.18826000 0.49429739
v -0.46593332 0.59091651 0.11708861
v -0.15973395 0.55798852 0.50090653
v -0.05574035 -0.42776477 -0.24858423
v -0.42505032 -0.21575882 0.04231526
v -0.12885019 0.11765174 0.62897533
v -0.40649545 -0.05815628 0.39173359
v 0.22956835 -0.59587890 0.32800174
v 0.00049239 0.42909759 0.54299283
v 0.36836478 0.59276283 -0.11819459
v -0.13194448 -0.48507324 -0.03981809
v 0.39231220 0.59620750 0.02191039
v 0.28530154 0.58381450 -0.21929218
v -0.45126945 -0.07201488 0.27851456
v 0.01167337 0.29465076 -0.51010299
v 0.24029100 0.00668322 0.57041734
v -0.33715531 -0.16734877 0.08984407
v -0.16399573 -0.35248336 -0.07279439
v -0.47965661 0.30053404 0.28624207
v -0.30136234 0.44853911 -0.08336818
v 0.14793684 -0.02005581 0.49138293
v -0.01323846 0.58819652 0.62727410
v -0.35100868 0.26635712 -0.19535880
v 0.33797032 0.00021018 0.49455974
v 0.35208607 -0.02877297 0.04007724
v 0.34273466 0.52728784 -0.01422792
v -0.26365319 -0.44857028 0.42135519
v 0.30620581 0.22134301 0.39312381
v -0.07305790 -0.24657473 -0.45538172
v -0.38808915 0.58772999 -0.10655564
v 0.16098528 0.20168915 0.51007736
v 0.38086691 -0.21469858 0.37702197
v -0.06502108 -0.47644195 0.38858926
v -0.23857836 -0.01885303 0.56766731
v 0.30649644 0.37102968 0.38919747
v -0.28218728 -0.37466243 0.24832636
v -0.03853325 -0.23614192 -0.27768624
v -0.06022090 0.30819577 -0.23273982
v -0.37926278 0.54687434 0.10633554
v 0.06596529 -0.12018678 0.48937741
v 0.22267605 -0.20025474 -0.22731788
v 0.00021461 0.05468563 -0.53391677
v -0.21272425 -0.38596371 0.34734130
v -0.42958912 0.26647750 0.40547284
v 0.28341585 -0.59581584 0.22767720
v -0.32751799 0.56135482 -0.01008352
v 0.47976124 0.28566930 0.28592372
v 0.24586973 0.45505425 -0.26871812
v 0.19182381 -0.15700783 -0.13054304
v 0.16261156 0.14975157 -0.18485163
v -0.17373052 -0.52122581 0.45765963
v 0.38074678 0.14810529 0.11732826
v 0.47530571 0.56123626 0.20173445
v -0.24527274 0.47521007 -0.26763156
v -0.00462836 0.45798755 -0.47461289
v 0.03485665 0.20934442 -0.22465020
v 0.03782786 -0.25471365 -0.16819027
v -0.21697062 -0.24790947 -0.21754812
v -0.35052240 0.35131773 0.50702828
v -0.05048538 -0.32361576 -0.43196553
v 0.36027968 -0.05450471 0.09124149
v -0.15474261 -0.31844538 0.42592630
v 0.34510088 0.49807829 0.50099880
v 0.03041001 0.44244742 -0.42457739
v 0.24409576 -0.47935566 0.14373295
v 0.29093087 -0.34743610 0.22244251
v 0.23596844 -0.01281298 -0.13114260
v -0.02693720 -0.58609003 0.47300604
v -0.10434339 -0.48608932 0.35664618
v -0.24450886 0.07775618 -0.26471591
v -0.21651714 -0.36622375 -0.04136683
v 0.33849937 0.22820564 -0.01512416
v -0.21573375 -0.25377676 0.52885860
v -0.22852972 -0.22929576 -0.05878360
v 0.30523244 -0.24960367 -0.14918408
v -0.23586585 -0.54539680 -0.08654216
v 0.00007687 0.39584869 0.65085238
v -0.24811327 0.21507297 0.58506376
v -0.00491100 -0.40066314 0.44560823
v -0.12532505 0.00725287 0.61850148
v -0.47632217 -0.01432946 0.15537217
v 0.28735337 -0.34544489 0.44361907
v 0.18565458 -0.46084008 0.47594601
v -0.31138816 -0.20978898 0.46906263
v 0.10019810 -0.42354104 0.52535713
v 0.38090444 0.24474391 0.11919190
v -0.13117522 0.24718677 -0.32222074
v 0.22099748 -0.21526468 0.53678083
v 0.13138844 0.56185371 0.61837739
v 0.03822546 0.50595105 -0.22603855
v 0.24799176 0.25803632 -0.27393797
v 0.13007173 0.36477864 0.63450468
v 0.32882440 0.55545449 0.50655800
v -0.02491362 -0.19994143 -0.57059819
v 0.29760242 -0.53216654 -0.01560529
v 0.42713428 0.17499150 -0.09189082
v 0.43179181 0.59599149 0.05107713
v -0.47011009 0.57836682 0.09245411
v 0.00020655 0.19495384 0.65099394
v -0.19618803 0.58533049 -0.27274647
v 0.41209024 -0.01424164 0.39507592
v -0.24770099 -0.51303273 0.40507001
v 0.38076159 0.07522714 0.18009509
v 0.14006762 0.59606707 0.57079768
v 0.37340695 0.44900072 0.25342670
v -0.05155794 0.44990885 -0.46914789
v -0.38288653 0.14428437 0.10044912
v -0.39921203 -0.11013218 -0.07509981
v 0.10082880 -0.17636618 -0.15550403
v 0.26829886 0.26680022 -0.11422139
v -0.20714076 -0.57189769 0.40744811
v -0.15917733 -0.10374070 0.47140744
v -0.02541372 0.38393986 -0.59121227
v 0.14651208 0.57331377 -0.29796189
v 0.26836810 0.32545561 -0.11519976
v -0.07949288 -0.01993054 -0.59657103
v -0.30860367 0.41003838 0.38369501
v 0.38922465 -0.16838834 -0.06955553
v 0.24705169 0.39771399 -0.27236435
v -0.31385651 0.56078023 -0.04060953
v -0.46930510 0.59016347 0.14330828
v 0.24999323 0.56063485 -0.13215342
v 0.26846001 0.11716785 -0.11124740
v -0.22063757 -0.48390126 0.06549208
v -0.46118346 0.55766177 0.29186627
v -0.31262138 0.17570999 0.38140881
v -0.37680936 0.06617238 0.24750061
v -0.35074466 0.26644021 0.50788540
v 0.02934898 0.31230929 -0.56325120
v 0.35062265 0.25337970 0.50754440
v 0.12847851 0.51664650 -0.31223011
v 0.37421092 0.37717488 0.25294465
v -0.24698167 0.15571657 -0.26997441
v -0.31013849 0.32496563 0.38276371
v -0.30226687 -0.27397111 0.25996864
v 0.04323059 -0.30953282 -0.33697680
v 0.12675773 0.02651276 -0.30779400
v 0.30625546 0.48815027 0.38668621
v -0.24887007 -0.31382042 -0.02883860
v 0.19179952 -0.20926793 -0.11492043
v 0.42956182 0.58848792 -0.02797775
v 0.05237726 -0.42327678 -0.11954311
v 0.34925640 0.39028057 -0.19465061
v 0.18153758 0.57800370 -0.28230369
v -0.38348854 0.21574304 0.09195577
v 0.35482800 -0.50341177 0.15644830
v 0.28794599 -0.36284590 0.17517768
v -0.12853400 -0.46278611 0.36745006
v 0.30625674 0.44901487 0.38761511
v 0.33971518 0.31274632 -0.01500464
v -0.06628066 -0.10476621 -0.50573075
v -0.15584263 -0.20746623 0.44970518
v -0.31504738 0.57678884 0.37414604
v -0.05237083 0.57953244 0.53248268
v -0.24873781 0.29809436 0.58632004
v 0.35040382 0.34493026 0.50736219
v 0.34195948 -0.08340071 0.26120308
v -0.08173569 0.51597482 -0.32616317
v -0.04671234 -0.35720122 -0.37426403
v -0.30738872 0.54104930 0.38323271
v 0.04427094 0.15227740 -0.21978940
v -0.05079845 0.46841440 -0.34768733
v -0.23342459 -0.09084544 -0.24552874
v -0.33275512 -0.10487752 0.27033758
v 0.40927544 -0.28120258 0.26678970
v 0.49618822 0.24820887 0.15520264
v 0.46925241 0.06992090 0.02958494
v 0.11996978 -0.12363159 0.59908873
v -0.36949682 -0.42345786 0.05717416
v -0.19149992 0.56247783 0.47648114
v -0.00025758 0.17611173 -0.33773282
v 0.31874210 -0.16390516 0.47497675
v -0.05990300 -0.02707605 -0.62412202
v 0.40636769 -0.05856637 -0.07940072
v 0.06065802 0.03840325 -0.21118948
v -0.06181379 -0.32452223 -0.28966108
v -0.11331524 -0.05209664 -0.18994617
v -0.28567091 -0.58288831 0.01015784
v -0.25514731 -0.47812590 0.14408110
v -0.24875994 0.37082699 0.58479607
v 0.26820830 0.42946732 -0.11723498
v 0.47790611 0.39578050 0.02853543
v -0.45638841 -0.13607718 0.15488665
v 0.22112706 -0.42374119 0.32685632
v -0.06733145 -0.26505712 -0.48028207
v -0.16990732 -0.48627043 0.30891219
v -0.34911308 0.18257912 0.50615841
v -0.07054999 0.37574062 -0.44136116
v -0.15511864 -0.28670439 0.43281031
v -0.38964963 -0.16805205 0.38134095
v 0.37558678 0.57754987 0.19543870
v -0.36485410 0.56260478 0.07323483
v -0.25182822 -0.18455908 0.37365136
v 0.06233755 -0.04384875 -0.20361543
v -0.02611527 -0.17087352 -0.58754677
v -0.17408423 -0.59583032 -0.07200752
v 0.26922590 -0.42903110 -0.11282419
v -0.37841350 0.58391398 0.09258196
v 0.12814961 0.08950110 0.62692040
v 0.37649333 0.13799539 0.25355348
v -0.29575679 -0.30041933 0.45332021
v 0.12000986 -0.46252203 -0.06906565
v -0.37483123 0.32513389 0.25264162
v 0.46624601 0.55400109 0.03563392
v -0.32599622 -0.44141859 0.34418657
v -0.30109376 -0.34749159 0.11156140
v -0.25289795 -0.47637480 0.19620419
v -0.26891503 0.58009619 0.54712808
v 0.36292639 0.01196294 0.25666261
v 0.42383319 0.46856561 -0.09010870
v 0.16332620 0.50744385 -0.18909959
v -0.16086634 -0.00160456 0.49284971
v -0.35874939 -0.31731662 -0.05174067
v 0.38012543 0.42835912 0.11512492
v 0.17428190 -0.30381390 -0.09220091
v 0.22407714 -0.29434562 0.36968568
v -0.24573785 0.48119920 0.57932216
v -0.36177579 0.59518963 0.33782333
v 0.46720484 0.04978518 0.28232035
v -0.30240932 0.15249366 -0.08259145
v -0.04028381 -0.26610518 -0.51395458
v 0.14353189 -0.47761649 -0.04732994
v 0.30614057 0.26687694 0.39210841
v -0.30050427 -0.27251384 -0.14599562
v 0.12892416 0.19002096 0.63372278
v -0.09975301 -0.38313591 -0.22729152
v -0.00022854 0.52538544 0.54158896
v 0.00181064 0.26753393 0.54530203
v -0.37429547 0.37755832 0.25277513
v 0.46187097 0.58943957 0.09397537
v -0.23296283 -0.59334147 0.35109171
v 0.00486112 -0.13190670 -0.59705526
v -0.05156050 -0.27333266 -0.33662200
v 0.42987823 0.28425246 -0.09315353
v -0.26274806 -0.13185461 0.38004041
v -0.32612383 -0.16351321 0.25773838
v -0.15327697 0.46853831 0.50739646
v -0.37573370 0.59430373 0.29892421
v 0.02494866 0.18127617 -0.60782099
v 0.15993865 0.29918900 0.50855643
v -0.28813115 0.56841862 0.39963654
v 0.18842213 -0.44226009 -0.16910933
v 0.33703497 0.13667651 -0.01564676
v -0.34297431 0.06340130 -0.18719466
v -0.31429949 0.09228684 0.38019463
v -0.39796370 -0.32677436 0.04986936
v -0.17371945 0.58192700 0.49371660
v -0.08075583 0.29880875 -0.57238728
v -0.21175894 -0.42168033 0.33925915
v -0.42464718 0.46240568 -0.08931877
v -0.18810247 -0.44858044 -0.16691259
v 0.00060259 0.15581217 0.54672152
v -0.35376808 0.59568292 -0.11813951
v -0.10380164 -0.47120458 0.37490112
v 0.03101906 -0.48643044 0.10431966
v -0.25776154 -0.59576428 0.01578529
v -0.29537490 -0.59574139 0.15701041
v 0.24720415 0.15551305 0.58222800
v -0.08747415 -0.38118032 -0.11863124
v -0.19689575 0.26632792 -0.16940308
v 0.30450991 -0.25457519 0.46063015
v 0.10364579 -0.47304627 0.39084443
v -0.42903084 0.35883445 0.40478545
v -0.40671787 -0.34406605 0.15540357
v -0.34506577 0.09841149 0.50220001
v 0.06143987 -0.43424186 -0.21712552
v -0.24790454 0.40240252 -0.27159855
v 0.16283570 0.38385665 -0.18767485
v 0.32307342 -0.23472816 0.10331971
v -0.07058576 0.42829543 -0.34536698
v -0.11578553 -0.20850116 0.58247215
v -0.12036793 -0.10444278 0.60253745
v -0.30012035 -0.57265115 0.28121111
v -0.07688250 0.57600141 0.62545753
v -0.37237424 0.56102145 0.24987033
v -0.05450369 -0.05163056 -0.62235183
v -0.24291590 0.05298730 0.57480925
v -0.32713166 -0.22202048 0.09399023
v -0.09781495 0.55528575 -0.31430060
v -0.37319887 0.48158681 0.25324640
v 0.32506773 -0.57179320 0.18190044
v -0.07964174 0.02970069 -0.56651986
v 0.37526870 0.29209256 0.25192159
v -0.22605056 -0.40813628 0.01655756
v 0.00024446 -0.54815465 -0.18104063
v -0.03899879 0.31216386 -0.47417951
v -0.12848838 0.16471608 -0.31981450
v -0.23581025 -0.58177739 -0.06269923
v -0.48936361 0.10799316 0.15458335
v 0.16061428 -0.33576727 0.41855469
v -0.49426734 0.40257794 0.15576087
v -0.06590361 -0.40392482 -0.25626454
v -0.24833103 0.32034764 -0.27388424
v 0.00291221 -0.10948674 -0.30506164
v 0.34145173 0.44267386 -0.01503282
v -0.00007282 -0.15725861 0.60850716
v -0.38015220 0.46845344 0.09634738
v -0.29083920 -0.37416518 0.17524137
v 0.11978631 0.58735275 -0.30097342
v 0.23967178 -0.00706363 -0.25649777
v -0.10917199 -0.30558234 0.55940771
v -0.08340640 0.26055828 -0.22299166
v 0.38492653 -0.37152338 0.26031706
v -0.06530358 0.05200252 -0.62654656
v -0.20642850 -0.32609728 0.51282662
v -0.19883350 0.33260882 -0.16910163
v -0.00029397 -0.16651873 -0.58414042
v 0.42980433 0.28128469 0.40555054
v -0.03996701 0.59133250 0.54673052
v -0.06895742 0.34351650 -0.46734792
v -0.08872552 -0.42082968 -0.10587030
v -0.28893605 -0.01485938 0.38698426
v -0.10335061 -0.42094761 -0.21266630
v 0.42468861 0.45594516 0.40250400
v -0.19565997 -0.39589304 0.49525699
v 0.35897008 -0.45444563 0.25319654
v -0.25431901 -0.48654896 -0.10000350
v 0.45633307 -0.03897822 0.03306164
v 0.34496412 -0.12456912 0.09855653
v -0.09833995 -0.59586734 -0.11463819
v 0.00244042 -0.18505371 -0.57221133
v 0.02685303 0.26745069 -0.59797955
v -0.12402406 -0.37795186 0.39271885
v -0.15096273 0.36444217 0.50957662
v 0.00020187 -0.01201683 -0.32036957
v -0.15197140 0.41682756 0.50855029
v 0.19631806 -0.32758802 -0.07596542
v -0.35045925 0.27291128 0.00187483
v -0.41431436 0.00549955 -0.08387411
v 0.37284121 0.57367826 0.45139816
v -0.33812284 -0.03812842 0.02655887
v -0.01304639 0.33602443 -0.34018371
v 0.15795347 0.43610126 0.50665468
v 0.24468043 0.08417058 -0.26534146
v 0.12662615 0.28630766 -0.32457340
v -0.25934595 -0.25968805 -0.04022787
v -0.09910328 -0.23260783 -0.26902691
v -0.36231813 -0.04419110 0.09157976
v 0.16277592 0.44892192 -0.18856676
v -0.23577088 -0.59583646 0.32787082
v -0.08748507 -0.47604442 -0.19982247
v 0.37960204 0.50048685 0.11066753
v 0.29982087 0.00568282 0.37504721
v -0.31184992 0.22126196 0.38183522
v -0.14051791 0.43383303 -0.31425348
v -0.38068855 0.40951610 0.08974754
v 0.33099878 -0.42389062 -0.03511618
v 0.39801538 -0.11733752 0.38700369
v -0.16096112 -0.03602641 -0.16085693
v 0.01746638 -0.27882430 -0.31192547
v 0.12466704 -0.01271633 0.61604488
v 0.05684432 0.09416915 -0.21495429
v 0.47968563 0.29985744 0.02635721
v 0.17221144 -0.48622045 0.31668031
v 0.24816313 0.40353820 0.58369642
v 0.35032716 0.23430640 -0.19477038
v 0.40665901 -0.34419513 0.15671875
v 0.32360810 -0.44838777 0.34357545
v -0.49660078 0.31713584 0.15500386
v 0.05965245 -0.08620140 -0.19609401
v 0.28627357 -0.59576666 0.09804220
v -0.26341122 -0.36665046 0.28920567
v 0.26830083 0.37736502 -0.11619978
v 0.04778171 -0.59584135 0.44240996
v -0.08665444 0.20893465 -0.21835347
v 0.20056686 -0.57549161 -0.09792293
v 0.00081381 -0.33735541 -0.42876166
v 0.15925652 0.35130674 0.50778925
v -0.06734198 -0.31912792 -0.36762831
v 0.20968044 -0.30547845 0.51762456
v -0.13091233 -0.47915310 -0.05976142
v -0.15355723 -0.59582299 0.40783766
v -0.38243106 0.34415233 0.08670394
v -0.42832527 0.38926435 -0.09206409
v -0.42966643 0.30794343 -0.09326492
v 0.26824570 0.16274665 -0.11230576
v 0.46494937 0.58116966 0.06767037
v 0.47756970 0.19005539 0.02754116
v 0.00797096 -0.59583020 -0.13007060
v 0.38063928 0.34358457 0.11818498
v -0.17694299 -0.51428986 -0.14663233
v -0.28622672 -0.38786453 0.21786541
v -0.35162500 -0.51191670 0.15572333
v -0.30914947 0.57052946 -0.20639099
v -0.05274814 -0.27488512 -0.28130838
v 0.07833362 -0.58507460 -0.15307203
v 0.26822764 0.20829408 -0.11323065
v 0.16531138 -0.59585673 0.39357308
v -0.37988043 -0.22000813 -0.06393142
v -0.24373668 0.56259120 -0.13488896
v -0.04309726 0.05174274 -0.63996446
v 0.37585196 0.07080926 0.25636262
v -0.14360736 -0.59568703 -0.10036936
v 0.49258816 0.42932734 0.15571523
v 0.47722718 0.56273186 0.12729007
v 0.00114843 0.32563785 0.54459506
v 0.29296431 -0.24291761 0.04168579
v -0.19927353 -0.38365668 -0.18509687
v 0.26865736 -0.43127623 0.42485374
v -0.19745864 -0.48623204 0.25904530
v 0.20735651 -0.56738752 0.40979424
v -0.15982585 -0.05266299 0.48224020
v -0.37549409 0.26612574 0.25215203
v 0.02490304 0.14980841 -0.57353359
v -0.38475883 0.27989560 0.08528216
v 0.26803708 0.51412141 -0.11881837
v 0.34680757 0.57089847 -0.17390689
v 0.05624313 0.33558938 -0.21798041
v 0.19369413 -0.48163715 0.32068354
v -0.09457777 -0.29162955 -0.14031830
v -0.30198303 0.04168421 0.38930079
v 0.37587985 0.20870630 0.25270924
v -0.32623705 -0.10465306 0.48381501
v -0.31365296 -0.19437018 -0.15916486
v -0.37017226 -0.26682469 0.37006989
v -0.33738974 -0.00239194 0.49466977
v 0.23309590 0.56361675 0.44332379
v -0.12812135 0.06989444 -0.31263560
v 0.43052012 -0.25409842 0.15661368
v 0.07821190 -0.17852679 -0.28714037
v 0.12522911 0.35869846 -0.32361171
v -0.23172908 0.04628558 0.44639665
v -0.15748148 -0.15609154 0.46055666
v 0.24820229 0.17717217 -0.27098617
v 0.34809893 0.15657446 -0.19239014
v -0.14488299 0.10456529 0.51553005
v 0.03319554 0.35206100 -0.49901706
v 0.21221098 -0.28426495 -0.20990014
v -0.21343854 -0.59089708 -0.07109658
v -0.02649723 -0.12998573 -0.46780464
v 0.04935063 0.59288281 0.54905492
v -0.46744052 0.05206072 0.28241235
v 0.21163988 0.13574515 0.47077796
v 0.14679508 0.02583179 0.50132763
v -0.10762595 -0.10043952 -0.18309247
v -0.31213775 0.59548604 -0.10965432
v -0.31640285 -0.27628502 0.09588605
v -0.38524902 -0.37131935 0.25929177
v 0.33411872 -0.02538926 -0.01646688
v -0.01320309 -0.17114425 -0.44375938
v -0.25474563 -0.04321885 -0.08952852
v 0.20068432 -0.36515212 -0.19047509
v -0.09784985 -0.31300339 -0.24940883
v 0.12311143 -0.05141984 -0.29803026
v 0.01213926 0.23502643 -0.63491172
v 0.41939723 0.05783473 -0.08680509
v 0.00567598 -0.36829522 0.45759916
v -0.20784880 0.58616638 -0.17291597
v -0.00083721 -0.26646793 0.47909349
v 0.30137640 -0.34248981 0.11369022
v -0.42710811 0.16995907 0.40360394
v 0.43170696 -0.18258512 0.27269068
v -0.23957297 -0.00725522 -0.25653452
v -0.32470432 -0.11708545 -0.16985734
v 0.45078003 -0.16352879 0.15654223
v 0.48096862 0.02502179 0.15663497
v 0.34400398 0.07740926 0.50057381
v 0.42196035 0.09008302 0.40121961
v -0.09526812 0.30578870 -0.21674633
v -0.42855492 0.21397744 -0.09245546
v -0.44831192 -0.09415491 0.03622167
f 1402 1868 2000
f 1868 1647 2000
f 1146 1752 904
f 1928 1953 1763
f 1928 1752 1785
f 1928 1763 1752
f 1752 1763 904
f 1647 1993 1953
f 1544 1647 1928
f 2000 1647 1544
f 1928 1647 1953
f 1868 1116 1647
f 1993 1647 1116
f 1315 805 1717
f 1315 390 805
f 1315 1615 390
f 1615 1827 390
f 1508 805 390
f 653 390 1827
f 1508 390 653
f 1827 1615 1968
f 653 1827 1968
f 1615 788 1968
f 1856 528 1790
f 1856 1920 1615
f 1856 1790 1920
f 1441 528 1856
f 1146 528 1441
f 1441 1856 1315
f 1856 1615 1315
f 904 1937 528
f 904 627 1937
f 528 1937 1790
f 1146 904 528
f 1309 1678 180
f 1610 180 1823
f 1352 1823 1055
f 1823 1352 1610
f 1953 1597 1763
f 1763 627 904
f 1763 1597 627
f 1875 1232 78
f 78 1678 488
f 488 1678 1309
f 1613 517 1875
f 1613 1140 517
f 425 1875 488
f 1875 78 488
f 1613 1875 425
f 425 488 1309
f 1993 244 1953
f 1953 244 1597
f 1993 1702 244
f 291 1382 973
f 973 1140 291
f 291 1140 1613
f 913 1980 291
f 1980 1382 291
f 1116 1992 1702
f 1116 1702 1993
f 332 591 913
f 591 1980 913
f 1159 1383 875
f 1980 1159 875
f 1980 1451 1159
f 591 1451 1980
f 1980 875 1382
f 788 1920 1389
f 788 1615 1920
f 1920 1197 1389
f 1932 1389 1197
f 1920 1532 1197
f 1197 1532 125
f 1859 1197 125
f 1859 1932 1197
f 1735 1968 788
f 653 1968 1735
f 1932 788 1389
f 1735 788 1932
f 1790 1880 1920
f 1790 1852 1880
f 1920 1880 1532
f 1055 1823 708
f 1413 708 7
f 1413 1055 708
f 708 858 7
f 858 708 901
f 1413 7 854
f 854 853 48
f 7 853 854
f 853 7 858
f 582 854 48
f 582 1413 854
f 853 1550 48
f 858 1550 853
f 1910 48 1550
f 582 48 1910
f 552 582 1910
f 428 582 552
f 1550 719 1910
f 1910 719 552
f 1937 1504 1765
f 627 1504 1937
f 627 1982 1504
f 1937 1852 1790
f 1937 1765 1852
f 1309 180 1610
f 1557 1610 1352
f 1557 1309 1610
f 425 1309 1557
f 1557 1352 1055
f 1557 1055 1413
f 1429 1413 582
f 1429 1557 1413
f 1429 582 428
f 1416 1557 1429
f 1416 1429 1798
f 1597 415 1876
f 627 1400 1982
f 1597 1400 627
f 1597 1876 1400
f 637 425 1949
f 637 1613 425
f 1613 637 1443
f 1949 1557 1416
f 1949 425 1557
f 244 1460 415
f 244 1702 1460
f 244 415 1597
f 1193 1613 1443
f 1081 1613 1193
f 1974 1081 1193
f 1081 291 1613
f 1081 913 291
f 1702 1436 1460
f 1992 1436 1702
f 332 1081 1505
f 1081 332 913
f 1505 1081 1888
f 1505 1888 1372
f 1888 1081 1974
f 1716 1888 1974
f 1479 1888 1716
f 1479 1372 1888
f 1859 125 889
f 1532 889 125
f 467 1859 889
f 467 889 15
f 15 889 1532
f 1532 1824 15
f 467 15 450
f 15 1824 450
f 1918 467 450
f 1918 450 731
f 450 1824 731
f 1859 1735 1932
f 911 1396 1880
f 911 1543 1396
f 1543 1245 1396
f 1245 208 877
f 1245 1543 208
f 1245 1323 1396
f 1852 911 1880
f 1880 1396 1532
f 1396 1824 1532
f 1396 1323 1824
f 1123 552 719
f 428 552 1123
f 719 342 1123
f 1158 1123 342
f 1123 1158 428
f 1850 428 1158
f 719 1290 342
f 882 342 1290
f 882 1158 342
f 1850 1158 882
f 337 1850 882
f 882 1513 337
f 1513 882 1290
f 1513 254 337
f 508 1599 766
f 766 1336 812
f 766 1599 1336
f 1906 766 1248
f 766 1906 508
f 1248 766 812
f 1908 1137 1698
f 1908 1698 1390
f 565 1908 1390
f 565 1390 1122
f 1280 1599 1137
f 1908 1280 1137
f 760 1122 364
f 364 1122 1390
f 1698 1137 616
f 1137 1599 508
f 364 1390 1698
f 616 1137 508
f 722 364 638
f 722 760 364
f 1192 1698 616
f 638 1698 1192
f 638 364 1698
f 1192 616 867
f 867 508 1906
f 508 867 616
f 1852 1831 911
f 1765 1831 1852
f 1765 767 1831
f 1504 767 1765
f 1504 385 767
f 1982 385 1504
f 1831 1543 911
f 1982 1715 385
f 385 760 368
f 385 1122 760
f 767 385 368
f 1715 565 1122
f 1715 1122 385
f 1543 1831 208
f 208 767 368
f 767 208 1831
f 149 368 760
f 208 368 149
f 877 208 149
f 149 760 722
f 758 149 722
f 877 149 758
f 1798 1429 1850
f 1850 337 1798
f 1798 354 1416
f 354 443 1416
f 998 337 1681
f 998 1798 337
f 1798 998 354
f 1429 428 1850
f 1530 414 589
f 682 1001 414
f 1530 682 414
f 414 1001 860
f 1001 682 1633
f 860 416 1760
f 860 366 416
f 1001 366 860
f 1001 1083 366
f 614 1001 1633
f 1001 614 1083
f 1224 494 400
f 1568 1724 494
f 1098 494 1224
f 1098 1568 494
f 506 1175 1724
f 506 589 1175
f 1568 506 1724
f 487 506 1568
f 1009 1568 1098
f 1009 487 1568
f 783 1530 589
f 1481 589 506
f 1481 783 589
f 487 1481 506
f 400 1336 1599
f 400 494 1336
f 494 1363 1336
f 494 1724 1363
f 1724 1175 1363
f 589 414 1175
f 1175 1760 1363
f 1760 1175 414
f 762 1336 1363
f 1336 762 812
f 1363 700 762
f 1760 700 1363
f 1760 414 860
f 700 1760 416
f 1157 812 762
f 812 1157 1248
f 762 56 1157
f 56 700 676
f 700 56 762
f 676 700 416
f 547 1280 1908
f 547 1908 565
f 1224 400 1280
f 777 1224 1280
f 547 777 1280
f 1534 1098 1224
f 1534 1224 777
f 1280 400 1599
f 240 547 565
f 1772 547 240
f 477 777 547
f 1772 477 547
f 777 171 1534
f 477 171 777
f 999 1098 1534
f 999 1009 1098
f 240 1056 1772
f 681 477 1772
f 171 999 1534
f 999 1437 1009
f 1772 147 681
f 147 1772 1056
f 477 711 171
f 681 711 477
f 171 1143 999
f 171 711 1143
f 999 1143 209
f 1437 209 1417
f 209 1437 999
f 147 349 681
f 681 608 711
f 681 99 608
f 99 681 349
f 711 857 1143
f 711 608 857
f 1143 1347 209
f 1143 857 1347
f 209 1347 1417
f 1982 1400 1404
f 152 1404 1400
f 1876 152 1400
f 1404 1715 1982
f 1381 565 1715
f 1381 240 565
f 1404 1381 1715
f 1924 1381 1404
f 1924 1013 1381
f 152 1924 1404
f 152 1576 1924
f 1876 1576 152
f 1381 1056 240
f 1381 1013 1056
f 1013 147 1056
f 1013 115 147
f 1924 115 1013
f 1576 115 1924
f 115 47 147
f 1576 47 115
f 47 36 147
f 349 147 36
f 47 88 36
f 1576 88 47
f 1576 1298 88
f 1949 1416 443
f 637 1949 651
f 651 1949 443
f 1020 637 651
f 379 1020 651
f 1510 443 354
f 1510 651 443
f 1596 651 1510
f 1596 379 651
f 588 1523 813
f 588 1221 1523
f 408 1211 1530
f 813 446 1211
f 285 1211 408
f 285 813 1211
f 813 1523 446
f 588 813 285
f 1221 1450 1523
f 1530 1211 682
f 1211 1341 682
f 446 1341 1211
f 446 1523 1450
f 446 1734 1341
f 1450 1424 446
f 1341 1633 682
f 1341 1734 1633
f 446 1424 1734
f 1450 1445 1424
f 1445 1118 1424
f 1633 1860 614
f 1734 1860 1633
f 1734 1846 1860
f 1424 1846 1734
f 1118 1771 1424
f 408 1530 783
f 1168 783 1481
f 1168 408 783
f 1168 1481 487
f 1168 285 408
f 273 285 1168
f 1030 273 1168
f 1690 588 285
f 273 1690 285
f 989 487 1009
f 1168 487 989
f 723 1168 989
f 680 273 1030
f 753 1690 273
f 989 1009 1437
f 1030 1168 723
f 680 753 273
f 1437 1391 989
f 1391 1437 1417
f 723 989 1391
f 723 1471 1030
f 1969 1030 1471
f 1969 680 1030
f 742 680 1969
f 742 753 680
f 1979 723 1391
f 1979 1471 723
f 199 1417 1347
f 199 1391 1417
f 1979 1391 199
f 6 1979 1519
f 6 1471 1979
f 6 1969 1471
f 561 1969 6
f 561 742 1969
f 415 1576 1876
f 1460 1833 415
f 415 1298 1576
f 415 1833 1298
f 1443 637 1020
f 160 1443 1020
f 160 1193 1443
f 160 1020 379
f 1161 1193 160
f 1529 160 379
f 1161 160 1529
f 768 501 1712
f 1815 544 1035
f 1712 544 1815
f 501 544 1712
f 544 611 1035
f 501 837 544
f 544 595 611
f 544 761 595
f 837 761 544
f 1374 1084 1221
f 1374 1221 588
f 1467 1084 1374
f 1467 609 1084
f 1467 1655 609
f 959 1655 1467
f 1084 1053 1221
f 992 1374 588
f 609 1053 1084
f 339 1374 992
f 339 1467 1374
f 1655 1712 609
f 500 1467 339
f 500 959 1467
f 1655 768 1712
f 1450 1221 1053
f 609 1815 1053
f 1712 1815 609
f 210 500 339
f 1053 1445 1450
f 1815 1035 1053
f 210 339 321
f 2 500 210
f 1053 103 1445
f 1035 103 1053
f 103 1118 1445
f 1035 611 103
f 772 210 321
f 1411 210 772
f 1411 2 210
f 103 19 1118
f 611 19 103
f 992 588 1690
f 321 339 992
f 753 738 1690
f 738 992 1690
f 378 992 738
f 321 992 378
f 738 753 742
f 1398 738 742
f 818 738 1398
f 818 378 738
f 772 378 818
f 772 321 378
f 1398 742 561
f 772 818 121
f 1436 1833 1460
f 1436 1864 1833
f 1155 1479 1716
f 1155 1716 1974
f 1161 1974 1193
f 1899 1974 1161
f 1155 1974 1899
f 1155 1899 1733
f 193 1155 1733
f 1418 1544 1785
f 605 1418 362
f 1544 1722 2000
f 1722 1544 1418
f 605 1722 1418
f 1553 1722 605
f 1729 1553 605
f 1546 1553 1729
f 1620 1402 2000
f 1620 2000 1722
f 1553 1620 1722
f 1971 1620 1553
f 1546 1971 1553
f 1536 821 933
f 821 1167 933
f 821 1315 1167
f 1922 1536 1252
f 1922 1252 698
f 1922 698 656
f 1470 1922 656
f 1536 1922 821
f 1470 656 127
f 1367 127 669
f 1470 127 1367
f 1812 1470 1367
f 926 1470 1812
f 1708 1441 821
f 1708 1146 1441
f 821 1441 1315
f 764 821 1922
f 764 1708 821
f 510 764 1922
f 1470 510 1922
f 926 510 1470
f 1744 510 926
f 1785 1146 1708
f 1785 1752 1146
f 1803 1708 764
f 1977 1803 764
f 1803 1785 1708
f 362 1803 1977
f 510 1977 764
f 1744 1977 510
f 1458 362 1977
f 1458 1977 1744
f 1740 1458 241
f 1544 1928 1785
f 1418 1785 1803
f 362 1418 1803
f 1817 1254 1976
f 1954 605 362
f 1729 605 1954
f 1954 362 1458
f 1623 1729 1954
f 1740 1954 1458
f 1623 1954 1740
f 1382 1368 1556
f 1368 1703 1775
f 1556 1775 1817
f 1368 1775 1556
f 1775 1254 1817
f 1952 1546 1729
f 1952 1729 1623
f 1870 1877 1368
f 1870 1039 1877
f 875 1870 1382
f 1870 1368 1382
f 1383 1870 875
f 1039 1428 1877
f 1039 1431 1428
f 1368 1428 1703
f 1877 1428 1368
f 1431 1851 1428
f 1955 1546 1952
f 1536 933 1333
f 1167 1315 1717
f 130 933 1167
f 1333 933 130
f 1167 1717 82
f 130 1167 82
f 1795 1717 805
f 82 1717 1795
f 1795 805 1508
f 130 82 1795
f 1252 1536 1333
f 1796 698 1252
f 1796 1252 1333
f 172 698 1796
f 172 656 698
f 1796 1333 130
f 172 127 656
f 669 127 172
f 1812 1367 574
f 145 1812 574
f 145 926 1812
f 1144 669 172
f 1144 1367 669
f 66 1367 1144
f 574 1367 66
f 439 574 66
f 439 145 574
f 926 145 781
f 1017 145 439
f 781 145 1017
f 1641 926 781
f 1641 781 531
f 1879 1017 439
f 1770 1017 1879
f 1770 781 1017
f 531 781 1770
f 1641 531 1650
f 887 531 1770
f 106 531 887
f 1650 531 106
f 1354 714 773
f 966 714 1354
f 773 1663 1354
f 773 45 1663
f 369 1354 1663
f 1823 1354 369
f 369 1663 1205
f 1823 369 708
f 966 1718 714
f 966 774 1718
f 1837 774 966
f 774 995 1746
f 1921 774 1837
f 1921 995 774
f 714 402 773
f 714 1718 402
f 1718 194 402
f 774 1200 1718
f 1746 1200 774
f 402 45 773
f 402 194 45
f 1200 194 1718
f 1746 1506 1200
f 1746 995 433
f 433 995 324
f 995 305 324
f 1746 433 1506
f 433 1214 1506
f 433 324 1214
f 305 1214 324
f 305 1306 1214
f 305 496 1306
f 305 1300 496
f 305 1788 1300
f 683 1788 305
f 1566 1744 926
f 1566 926 1641
f 1788 271 1300
f 1854 1566 728
f 728 1641 1590
f 728 1566 1641
f 1351 1745 347
f 1745 1351 848
f 1232 848 1351
f 1351 347 966
f 1678 1232 1351
f 1351 966 1354
f 1823 1351 1354
f 180 1351 1823
f 180 1678 1351
f 1745 1837 347
f 347 1837 966
f 1837 435 1921
f 435 1575 1921
f 1921 1575 995
f 435 1901 1575
f 995 1901 305
f 1575 1901 995
f 1901 683 305
f 241 1744 1566
f 241 1458 1744
f 1901 456 683
f 456 1582 683
f 683 1582 1788
f 456 1174 1582
f 1228 1174 456
f 1854 241 1566
f 1844 1740 241
f 1844 241 1854
f 1232 1817 1976
f 1232 1976 848
f 973 1232 517
f 973 1817 1232
f 517 1232 1875
f 973 517 1140
f 78 1232 1678
f 848 1837 1745
f 848 1674 1837
f 1674 435 1837
f 1976 1674 848
f 1254 1674 1976
f 1254 1388 1674
f 1732 1388 1254
f 435 456 1901
f 435 1228 456
f 1674 1228 435
f 1674 1388 1228
f 1612 1623 1740
f 419 1623 1612
f 1612 1740 1844
f 973 1556 1817
f 1382 1556 973
f 1703 1774 1775
f 1775 1732 1254
f 1774 1732 1775
f 410 1623 419
f 410 1952 1623
f 1428 252 1703
f 1428 1851 252
f 1703 252 1774
f 1851 1961 252
f 252 1651 1774
f 1961 1941 252
f 1955 1952 170
f 170 1952 410
f 1573 1955 170
f 130 1795 1508
f 1879 439 66
f 1879 66 1144
f 887 1770 1879
f 1650 106 398
f 398 106 887
f 1911 398 887
f 1590 1641 1650
f 1590 1650 155
f 155 1650 398
f 155 398 1911
f 1590 155 1042
f 1484 155 1911
f 1042 155 1484
f 784 1590 1042
f 784 1042 389
f 369 1205 748
f 708 369 748
f 45 1205 1663
f 708 748 901
f 1205 901 748
f 901 1550 858
f 1506 1939 1200
f 194 1205 45
f 1939 194 1200
f 1214 1939 1506
f 1306 1939 1214
f 496 1939 1306
f 496 789 1939
f 1300 789 496
f 1300 1344 789
f 1344 1725 789
f 789 1725 1939
f 1300 271 1344
f 271 1449 1344
f 1449 1725 1344
f 271 666 1449
f 1449 1064 1725
f 1449 666 1064
f 271 1016 666
f 1016 1687 666
f 666 263 1064
f 666 1687 263
f 263 1608 1064
f 1687 1608 263
f 1687 1793 1608
f 728 1590 784
f 689 1854 728
f 642 1854 689
f 689 728 784
f 1228 1357 1174
f 1582 982 1788
f 1174 982 1582
f 1174 1357 982
f 1788 1016 271
f 982 1016 1788
f 1357 524 982
f 982 524 1016
f 1357 1151 524
f 1357 1601 1151
f 524 1862 1016
f 1151 1862 524
f 1151 1430 1862
f 1601 1430 1151
f 642 1844 1854
f 1840 1844 642
f 1228 1601 1357
f 1388 1264 1228
f 1388 1691 1264
f 1228 1728 1601
f 1264 1728 1228
f 1728 1430 1601
f 1840 1612 1844
f 1810 419 1612
f 1810 1612 1840
f 1732 1691 1388
f 1732 1962 1691
f 1774 1962 1732
f 1774 1651 1962
f 410 419 1810
f 1811 410 1810
f 1941 1651 252
f 1961 1751 1941
f 1811 170 410
f 1619 170 1811
f 1619 1573 170
f 1735 1508 653
f 1918 1859 467
f 172 1796 130
f 1144 172 130
f 130 1508 1735
f 1144 130 1735
f 211 1879 1144
f 211 1911 1879
f 1918 1735 1859
f 1911 887 1879
f 211 1395 1911
f 1395 1484 1911
f 1395 1042 1484
f 389 1042 1395
f 447 389 1395
f 447 1395 211
f 1027 389 447
f 1027 784 389
f 1027 447 211
f 1607 1027 211
f 464 1027 1607
f 464 784 1027
f 386 784 464
f 1059 1607 211
f 464 1607 1059
f 1205 1794 901
f 901 1794 1550
f 1550 1794 719
f 719 1794 1290
f 1794 1513 1290
f 194 1794 1205
f 194 1939 1794
f 1064 1608 1725
f 1725 1794 1939
f 1725 1608 1794
f 1608 485 1794
f 1687 1299 1793
f 1016 1299 1687
f 1793 954 1608
f 1793 1299 954
f 1299 1572 954
f 954 485 1608
f 1572 485 954
f 1299 1213 1572
f 1572 93 485
f 1572 1213 93
f 93 1310 485
f 93 897 1310
f 1213 897 93
f 1213 158 897
f 386 689 784
f 1213 677 158
f 1522 642 689
f 1522 689 386
f 1862 1299 1016
f 1862 942 1299
f 942 1213 1299
f 942 1060 1213
f 1430 942 1862
f 1430 1361 942
f 1361 1060 942
f 1060 677 1213
f 1060 1618 677
f 1361 1339 1060
f 1060 1986 1618
f 1339 1986 1060
f 1522 1840 642
f 946 1840 1522
f 1728 1361 1430
f 1264 1361 1728
f 1264 1988 1361
f 1264 23 1988
f 1691 23 1264
f 1361 570 1339
f 1988 570 1361
f 946 1810 1840
f 1835 1810 946
f 1691 1540 23
f 1962 1540 1691
f 1962 668 1540
f 1651 668 1962
f 1651 1525 668
f 1811 1810 1835
f 1941 1525 1651
f 1941 1058 1525
f 1751 1058 1941
f 1274 1619 1811
f 1274 1811 1835
f 902 1868 1402
f 27 902 1402
f 27 1999 902
f 1191 1999 27
f 1191 1914 1999
f 1537 1914 1191
f 1537 1913 1914
f 1537 1789 1913
f 1052 1789 1537
f 1079 1789 1052
f 1448 1079 1052
f 493 1448 1052
f 226 1448 493
f 1448 92 1079
f 562 1065 1079
f 92 562 1079
f 1448 401 92
f 226 401 1448
f 226 757 401
f 902 1783 1868
f 1868 1783 1116
f 73 1870 1383
f 1999 1278 902
f 902 1278 1783
f 968 1867 1759
f 585 1867 968
f 1433 1759 73
f 1914 1562 1999
f 1562 1278 1999
f 1089 1867 585
f 825 1867 1089
f 1249 1867 825
f 1914 1172 1562
f 1913 1172 1914
f 1913 918 1172
f 709 1867 1249
f 709 1249 964
f 1789 918 1913
f 1789 397 918
f 1079 397 1789
f 296 397 1079
f 221 1585 1559
f 1659 1585 221
f 1065 296 1079
f 296 1438 397
f 530 1438 296
f 1569 530 296
f 1569 21 530
f 21 1792 530
f 87 174 397
f 1438 87 397
f 1438 1407 87
f 530 1407 1438
f 1792 1407 530
f 174 1923 397
f 1792 1975 1407
f 87 797 174
f 1407 797 87
f 870 1065 562
f 92 9 562
f 401 9 92
f 1065 1569 296
f 870 1569 1065
f 562 9 870
f 870 1225 1569
f 9 1225 870
f 401 756 9
f 757 756 401
f 1225 21 1569
f 756 1243 9
f 9 375 1225
f 9 1243 375
f 1225 1792 21
f 1225 536 1792
f 1225 375 536
f 756 1250 1243
f 77 1250 1585
f 1792 536 1975
f 1243 77 375
f 1250 77 1243
f 189 77 1659
f 77 1585 1659
f 375 189 536
f 77 189 375
f 1783 1992 1116
f 1783 1609 1992
f 1295 1233 591
f 1238 591 332
f 1238 1295 591
f 1238 662 1295
f 1238 332 1505
f 1233 1159 1451
f 1233 73 1159
f 73 1383 1159
f 1295 73 1233
f 662 73 1295
f 591 1233 1451
f 1278 1609 1783
f 1278 1672 1609
f 1278 1253 1672
f 949 585 968
f 1185 662 1238
f 1185 1433 662
f 1185 1759 1433
f 1209 1759 1185
f 1209 968 1759
f 949 968 1209
f 1433 73 662
f 1562 1253 1278
f 1562 1832 1253
f 1799 949 1209
f 1799 150 949
f 1845 150 1799
f 150 1249 825
f 949 1089 585
f 949 825 1089
f 150 825 949
f 1172 1832 1562
f 1172 1806 1832
f 918 1806 1172
f 1217 709 964
f 1845 964 150
f 1502 964 1845
f 1502 1217 964
f 964 1249 150
f 918 1593 1806
f 397 1593 918
f 397 1394 1593
f 1394 67 1593
f 1329 221 1559
f 1178 221 1329
f 1329 1217 1502
f 1329 1559 1217
f 1302 1178 1329
f 1929 1178 1302
f 1923 1394 397
f 1923 292 1394
f 292 967 1394
f 292 230 967
f 1394 511 67
f 967 511 1394
f 967 295 511
f 230 295 967
f 511 1533 67
f 295 1533 511
f 295 407 1533
f 230 407 295
f 1533 1639 67
f 174 707 1923
f 797 707 174
f 1407 1032 797
f 1975 1032 1407
f 707 292 1923
f 1975 932 1032
f 707 584 292
f 797 584 707
f 797 1282 584
f 1032 1282 797
f 932 603 1032
f 603 932 763
f 584 230 292
f 1032 601 1282
f 603 601 1032
f 1929 763 1178
f 601 763 1929
f 601 603 763
f 1282 594 584
f 1282 248 594
f 601 248 1282
f 248 601 1929
f 584 702 230
f 594 702 584
f 814 1929 1302
f 1288 1929 814
f 1288 248 1929
f 230 702 407
f 594 1288 702
f 248 1288 594
f 702 421 407
f 702 1987 421
f 1288 1987 702
f 1659 221 1178
f 14 1659 1178
f 107 1659 14
f 107 189 1659
f 536 431 1975
f 536 107 431
f 189 107 536
f 1031 107 14
f 107 1031 431
f 932 431 1031
f 431 932 1975
f 763 14 1178
f 763 1031 14
f 932 1031 763
f 1609 1957 1992
f 1992 1957 1436
f 1238 1505 1372
f 258 1238 1372
f 258 1372 1479
f 1022 1238 258
f 1253 1826 1672
f 1672 1957 1609
f 1672 1826 1957
f 1022 1185 1238
f 1136 1185 1022
f 1136 1209 1185
f 1904 1209 1136
f 1253 1626 1826
f 1832 1626 1253
f 1832 578 1626
f 1841 1799 1904
f 1799 1209 1904
f 1998 1799 1841
f 1998 1845 1799
f 769 1121 578
f 1806 578 1832
f 1806 769 578
f 1806 1884 769
f 1348 1502 1845
f 1348 1845 1998
f 744 1502 1348
f 956 161 1884
f 1884 741 769
f 1884 161 741
f 1593 1884 1806
f 67 830 1593
f 1593 956 1884
f 830 956 1593
f 1486 1302 1329
f 1196 1302 1486
f 1108 1502 744
f 1108 1329 1502
f 1486 1329 1108
f 1639 830 67
f 1533 894 1639
f 407 894 1533
f 407 850 894
f 1639 981 830
f 1639 1049 981
f 894 1049 1639
f 850 1490 894
f 894 1490 1049
f 830 1186 956
f 981 1186 830
f 981 1218 1186
f 1049 1218 981
f 1049 841 1218
f 1490 841 1049
f 1490 1277 841
f 1186 1818 956
f 1218 97 1186
f 1218 276 97
f 841 276 1218
f 97 1818 1186
f 187 1277 1093
f 841 640 276
f 1277 187 841
f 914 814 1302
f 1987 814 914
f 1987 1288 814
f 421 850 407
f 465 1987 914
f 421 465 850
f 1987 465 421
f 1196 914 1302
f 1268 914 1196
f 1268 465 914
f 850 1268 1490
f 465 1268 850
f 1277 1268 1196
f 1268 1277 1490
f 1093 1196 1486
f 1277 1196 1093
f 892 844 1097
f 960 892 1097
f 768 434 501
f 1117 434 768
f 1843 434 1117
f 1843 1930 434
f 1097 844 1930
f 1097 1930 1843
f 434 837 501
f 434 1000 837
f 1930 1000 434
f 1930 802 1000
f 844 802 1930
f 844 239 802
f 844 893 239
f 959 169 1655
f 1821 169 959
f 1821 643 169
f 1043 643 1821
f 795 643 1043
f 52 960 643
f 795 52 643
f 169 768 1655
f 459 959 500
f 169 1117 768
f 459 1821 959
f 382 1821 459
f 643 1117 169
f 643 1843 1117
f 1043 1821 382
f 643 1097 1843
f 602 795 1043
f 960 1097 643
f 602 1043 382
f 944 795 602
f 2 459 500
f 1110 944 602
f 1459 459 2
f 1459 382 459
f 1165 382 1459
f 1165 602 382
f 1110 602 1165
f 338 1110 1165
f 655 2 1411
f 655 1459 2
f 1581 1459 655
f 1581 1165 1459
f 919 1165 1581
f 919 338 1165
f 1957 1864 1436
f 1957 451 1864
f 258 1479 1155
f 1714 258 1155
f 1891 258 1714
f 1891 1022 258
f 1714 1155 193
f 319 1340 892
f 690 534 1349
f 690 610 534
f 892 1340 844
f 319 1139 1340
f 1349 1139 319
f 1349 534 1139
f 1340 893 844
f 1340 930 893
f 1139 930 1340
f 534 195 1139
f 534 872 195
f 1046 960 52
f 1468 1046 52
f 912 1046 1468
f 912 235 1046
f 727 235 912
f 977 1073 235
f 977 235 727
f 1468 52 795
f 944 1468 795
f 1046 892 960
f 1046 319 892
f 654 912 1468
f 235 319 1046
f 235 1349 319
f 274 912 654
f 274 727 912
f 235 690 1349
f 1073 690 235
f 654 1468 944
f 261 727 274
f 660 944 1110
f 660 654 944
f 996 654 660
f 996 274 654
f 261 274 996
f 1080 261 996
f 1080 996 140
f 338 660 1110
f 551 660 338
f 551 996 660
f 140 996 551
f 571 1080 140
f 924 1080 571
f 1826 451 1957
f 1826 1710 451
f 1700 1022 1891
f 1700 1136 1022
f 1595 1136 1700
f 1595 1904 1136
f 111 991 1291
f 899 610 690
f 899 880 610
f 1291 880 899
f 991 880 1291
f 1360 991 111
f 1360 903 991
f 880 306 610
f 610 306 534
f 880 463 306
f 991 463 880
f 991 257 463
f 903 257 991
f 306 872 534
f 257 376 463
f 726 1073 977
f 726 1222 1073
f 906 1222 726
f 906 290 1222
f 916 290 906
f 1787 916 906
f 1787 906 371
f 166 1787 371
f 1399 977 727
f 1073 899 690
f 977 1399 726
f 1222 899 1073
f 1435 726 1399
f 1222 1291 899
f 290 1291 1222
f 371 906 726
f 249 726 1435
f 249 371 726
f 290 111 1291
f 1281 371 249
f 916 111 290
f 166 371 1281
f 715 166 1281
f 916 1360 111
f 1399 727 261
f 688 1399 261
f 1435 1399 688
f 1281 249 497
f 503 715 1281
f 815 1435 688
f 497 1435 815
f 497 249 1435
f 417 261 1080
f 417 688 261
f 815 688 417
f 135 497 815
f 179 497 135
f 34 815 417
f 135 815 34
f 924 417 1080
f 34 417 924
f 810 135 34
f 577 135 810
f 577 179 135
f 876 715 503
f 876 961 715
f 952 1281 497
f 952 503 1281
f 876 503 952
f 952 497 179
f 330 876 952
f 1825 876 330
f 286 952 179
f 330 952 286
f 663 1825 330
f 286 179 577
f 553 330 286
f 663 330 553
f 578 538 1626
f 1626 1710 1826
f 1626 1066 1710
f 538 1066 1626
f 1871 1066 538
f 1577 1998 1841
f 1091 1904 1595
f 1091 1841 1904
f 1091 1577 1841
f 1287 1577 1091
f 1577 1287 1184
f 903 851 257
f 635 851 903
f 526 916 1787
f 166 526 1787
f 418 526 166
f 1311 418 166
f 1312 418 1311
f 1207 1360 916
f 526 1207 916
f 1311 166 715
f 526 990 1207
f 418 990 526
f 418 250 990
f 1150 250 418
f 1312 1150 418
f 142 1150 1312
f 1207 129 1360
f 990 129 1207
f 16 129 990
f 250 16 990
f 80 16 250
f 1150 80 250
f 706 80 1150
f 142 706 1150
f 129 903 1360
f 129 635 903
f 129 1319 635
f 16 1319 129
f 16 1652 1319
f 80 1652 16
f 80 1237 1652
f 706 1237 80
f 706 335 1237
f 635 124 851
f 1319 124 635
f 1319 751 124
f 1652 751 1319
f 1652 139 751
f 1237 139 1652
f 1237 898 139
f 335 898 1237
f 961 1311 715
f 678 1311 961
f 1422 678 961
f 1849 678 1422
f 1312 1311 678
f 885 678 1849
f 987 1849 120
f 987 885 1849
f 950 1312 678
f 75 950 678
f 885 75 678
f 1727 885 987
f 1727 75 885
f 206 1727 1103
f 950 142 1312
f 281 75 1727
f 206 281 1727
f 755 950 75
f 281 755 75
f 1422 961 876
f 203 1849 1422
f 120 1849 203
f 1103 1727 987
f 1825 1422 876
f 203 1422 1825
f 874 203 117
f 874 120 203
f 874 987 120
f 874 1103 987
f 117 203 1825
f 663 117 1825
f 394 874 117
f 39 874 394
f 44 117 663
f 394 117 44
f 578 1121 538
f 769 1304 1121
f 1088 947 1304
f 769 1088 1304
f 741 1088 769
f 1121 1304 538
f 1226 281 206
f 1182 1103 395
f 1182 206 1103
f 947 939 1304
f 1182 1226 206
f 1182 994 1226
f 579 1182 1021
f 579 994 1182
f 579 1021 939
f 947 579 939
f 947 1088 579
f 1304 696 538
f 803 1103 874
f 1304 632 696
f 395 1103 803
f 939 632 1304
f 1021 1182 395
f 939 1021 632
f 696 1871 538
f 696 632 72
f 411 395 803
f 72 395 411
f 72 1021 395
f 72 632 1021
f 39 803 874
f 411 803 39
f 83 696 72
f 696 83 1871
f 86 411 39
f 280 411 86
f 280 72 411
f 83 72 280
f 1087 1348 1998
f 744 1348 1087
f 1087 1998 1577
f 1184 1087 1577
f 197 1087 1184
f 197 744 1087
f 1465 744 197
f 1105 706 142
f 1105 335 706
f 527 335 1105
f 527 861 335
f 335 590 898
f 861 590 335
f 755 896 950
f 331 755 281
f 177 331 281
f 896 1105 142
f 896 142 950
f 755 40 896
f 755 1645 40
f 331 1645 755
f 896 527 1105
f 896 40 527
f 331 863 1645
f 177 863 331
f 1255 863 177
f 40 636 527
f 1645 636 40
f 1645 863 636
f 1255 95 863
f 636 861 527
f 863 1594 636
f 863 311 1594
f 95 311 863
f 636 775 861
f 636 1594 775
f 956 1697 161
f 741 1809 1088
f 161 1697 832
f 1809 994 579
f 1809 579 1088
f 426 281 1226
f 426 177 281
f 985 1226 994
f 985 426 1226
f 1809 985 994
f 161 1809 741
f 161 61 1809
f 161 832 61
f 1809 61 985
f 1255 177 426
f 358 1255 426
f 358 426 985
f 71 358 985
f 71 985 61
f 1701 71 61
f 832 1701 61
f 1697 159 832
f 1701 917 71
f 832 159 1701
f 358 95 1255
f 358 1539 95
f 71 1539 358
f 71 30 1539
f 71 917 30
f 159 917 1701
f 917 269 30
f 159 269 917
f 1539 1273 95
f 1539 793 1273
f 30 793 1539
f 269 793 30
f 269 686 793
f 159 686 269
f 159 445 686
f 1465 1108 744
f 957 1108 1465
f 957 1486 1108
f 1629 1486 957
f 928 1486 1629
f 1818 1697 956
f 560 1008 1818
f 1818 1008 1697
f 1697 1010 159
f 1008 1010 1697
f 1008 541 1010
f 541 1199 1010
f 1010 445 159
f 1199 1263 1010
f 97 560 1818
f 97 163 560
f 276 163 97
f 276 640 163
f 187 640 841
f 617 187 1093
f 187 617 640
f 53 617 1093
f 560 1002 1008
f 163 1002 560
f 640 1002 163
f 617 328 640
f 328 617 53
f 53 1093 1486
f 1002 881 1008
f 640 881 1002
f 640 1353 881
f 328 1353 640
f 928 53 1486
f 151 53 928
f 881 541 1008
f 328 151 1353
f 151 328 53
f 881 49 541
f 1353 49 881
f 49 1199 541
f 1353 17 49
f 151 17 1353
f 17 151 928
f 17 928 900
f 1828 1402 1620
f 1971 1828 1620
f 1054 1971 1546
f 1828 27 1402
f 175 27 1828
f 1405 175 1828
f 1405 1828 1971
f 1990 1971 1054
f 1990 1405 1971
f 1191 27 175
f 1898 1191 175
f 1558 175 1405
f 1558 1898 175
f 1583 1558 1405
f 1583 1405 1990
f 1537 1191 1898
f 1830 1537 1898
f 1259 1898 1558
f 1259 1830 1898
f 1802 1259 1558
f 1802 1558 1583
f 1497 1259 1802
f 725 1537 1830
f 725 1052 1537
f 1063 1052 725
f 102 1830 1259
f 102 725 1830
f 652 725 102
f 652 11 725
f 1497 102 1259
f 76 102 1497
f 518 102 76
f 1063 583 1052
f 1637 583 1063
f 583 493 1052
f 583 198 493
f 326 198 583
f 1371 583 1637
f 1371 326 583
f 493 639 226
f 198 639 493
f 326 639 198
f 639 757 226
f 326 1038 639
f 1371 1038 326
f 1371 645 1038
f 11 1063 725
f 1541 1637 1063
f 1660 1541 1063
f 835 1063 11
f 835 1660 1063
f 980 835 11
f 1541 1371 1637
f 835 1 1660
f 980 1 835
f 980 473 1
f 1660 1492 1541
f 1660 1 1492
f 1541 645 1371
f 1541 1492 645
f 1 1476 1492
f 1664 652 102
f 652 718 11
f 718 980 11
f 509 652 1664
f 847 509 1664
f 355 718 652
f 509 355 652
f 365 847 1664
f 718 473 980
f 355 473 718
f 355 393 473
f 509 393 355
f 847 393 509
f 393 1538 473
f 847 883 393
f 365 883 847
f 365 675 883
f 518 1664 102
f 365 1664 518
f 586 518 76
f 586 267 518
f 267 365 518
f 796 586 76
f 796 752 586
f 267 675 365
f 752 267 586
f 73 1039 1870
f 73 1442 1039
f 73 1646 1442
f 1442 1431 1039
f 1442 1666 1431
f 1666 1406 1431
f 1482 1406 1666
f 1406 1851 1431
f 1406 1950 1851
f 1784 1950 1406
f 1054 1546 1955
f 1804 1054 1955
f 1867 1646 1759
f 1867 1684 1646
f 1759 1646 73
f 1442 1482 1666
f 1646 1482 1442
f 1646 1152 1482
f 1684 1152 1646
f 1482 505 1406
f 1152 505 1482
f 1152 1665 505
f 1152 1883 1665
f 505 1784 1406
f 1804 1990 1054
f 1726 1990 1804
f 1867 1944 1684
f 1684 1942 1152
f 1944 1942 1684
f 1944 1742 1942
f 1942 1883 1152
f 1942 1511 1883
f 1742 1511 1942
f 1742 1673 1511
f 1583 1990 1726
f 1667 1583 1726
f 1912 1944 1867
f 709 1912 1867
f 709 1885 1912
f 1217 1885 709
f 1912 1742 1944
f 1912 1768 1742
f 1885 1768 1912
f 1885 1216 1768
f 1768 1673 1742
f 1768 620 1673
f 1768 1656 620
f 1216 1656 1768
f 1598 1802 1583
f 1598 1583 1667
f 1247 1802 1598
f 1247 1497 1802
f 1074 479 1836
f 1559 1885 1217
f 1559 1836 1885
f 1585 1074 1836
f 1585 1836 1559
f 1836 1216 1885
f 1836 1819 1216
f 479 1819 1836
f 1283 1819 479
f 1283 694 1819
f 694 1515 1819
f 1819 1531 1216
f 1216 1531 1656
f 1819 1177 1531
f 1515 1177 1819
f 85 1497 1247
f 85 76 1497
f 85 377 76
f 639 1356 757
f 639 778 1356
f 1038 778 639
f 1356 756 757
f 1038 1737 778
f 645 1737 1038
f 1731 1578 479
f 1731 1737 1578
f 1737 1495 1578
f 735 1737 1731
f 1356 623 756
f 778 735 1356
f 1737 735 778
f 1074 1731 479
f 214 1731 1074
f 214 735 1731
f 1356 214 623
f 735 214 1356
f 405 1074 1585
f 405 214 1074
f 1250 623 405
f 623 1250 756
f 623 214 405
f 1250 405 1585
f 1 884 1476
f 473 884 1
f 1578 1283 479
f 1495 499 1578
f 499 1283 1578
f 499 343 1283
f 343 346 1283
f 645 1495 1737
f 1492 1495 645
f 1492 499 1495
f 1492 343 499
f 1476 343 1492
f 1476 346 343
f 346 884 313
f 884 346 1476
f 313 694 1283
f 346 313 1283
f 473 1538 884
f 393 264 1538
f 883 264 393
f 1538 734 884
f 675 692 883
f 884 1359 313
f 884 734 1359
f 734 403 1359
f 1538 403 734
f 264 403 1538
f 264 1005 403
f 264 157 1005
f 883 157 264
f 883 1777 157
f 692 1777 883
f 313 1359 694
f 1359 1814 694
f 1359 403 1814
f 403 1005 1814
f 1005 878 1814
f 1005 157 878
f 1814 878 694
f 157 971 878
f 1777 971 157
f 1777 606 971
f 878 1515 694
f 971 1515 878
f 971 606 1515
f 661 796 76
f 1162 796 661
f 22 752 796
f 267 692 675
f 267 356 692
f 752 356 267
f 22 356 752
f 22 796 1162
f 1162 164 22
f 356 1757 692
f 22 424 356
f 164 424 22
f 164 732 424
f 692 606 1777
f 1757 606 692
f 356 921 1757
f 424 921 356
f 606 525 1515
f 1757 525 606
f 1757 322 525
f 921 322 1757
f 732 1456 424
f 1515 820 1177
f 525 820 1515
f 525 322 820
f 322 685 820
f 921 685 322
f 424 685 921
f 424 325 685
f 1456 325 424
f 820 1699 1177
f 820 1692 1699
f 685 1692 820
f 685 325 1692
f 1456 348 325
f 164 1162 661
f 377 661 76
f 661 377 164
f 1293 377 85
f 442 1293 85
f 164 277 732
f 277 164 377
f 277 377 1293
f 35 277 1293
f 35 1293 442
f 1227 442 85
f 277 1456 732
f 277 35 1456
f 1403 35 442
f 1403 442 1227
f 352 1403 1227
f 993 1227 85
f 1456 1244 348
f 35 1244 1456
f 35 975 1244
f 1403 975 35
f 1403 352 975
f 352 1227 440
f 1950 1961 1851
f 1784 1961 1950
f 1804 1955 1816
f 1816 1955 1573
f 1455 1804 1816
f 505 1961 1784
f 505 101 1961
f 1665 101 505
f 1665 1190 101
f 1883 1190 1665
f 1455 1726 1804
f 1617 1726 1455
f 1883 1235 1190
f 1511 1235 1883
f 1511 659 1235
f 1673 659 1511
f 1673 1373 659
f 1617 1667 1726
f 1694 1667 1617
f 620 1373 1673
f 620 1863 1373
f 1656 1863 620
f 1656 1865 1863
f 1694 1598 1667
f 1719 1598 1694
f 1719 1247 1598
f 437 1247 1719
f 429 704 1177
f 704 1446 1177
f 1531 1865 1656
f 1531 1776 1865
f 1177 1446 1531
f 1446 1776 1531
f 1756 1247 437
f 1756 85 1247
f 993 85 1756
f 1461 993 1756
f 1692 1094 1699
f 325 1094 1692
f 325 348 1094
f 1094 1780 1699
f 348 1780 1094
f 348 294 1780
f 1699 429 1177
f 1780 429 1699
f 294 429 1780
f 440 1227 993
f 1244 294 348
f 352 794 975
f 440 794 352
f 440 270 794
f 1244 301 294
f 975 301 1244
f 270 1102 794
f 294 301 429
f 975 1113 301
f 794 1113 975
f 301 704 429
f 301 109 704
f 1113 109 301
f 1102 1113 794
f 1102 60 1113
f 704 934 1446
f 109 934 704
f 1113 934 109
f 1113 1075 934
f 60 1075 1113
f 934 1434 1446
f 934 1075 1434
f 270 440 993
f 829 270 993
f 829 993 1747
f 270 829 1102
f 1747 993 1461
f 829 1747 1102
f 693 1747 1461
f 1747 1057 1102
f 1747 693 1057
f 516 693 1461
f 1057 60 1102
f 1057 224 60
f 693 224 1057
f 693 481 224
f 516 481 693
f 1131 516 1461
f 516 1131 481
f 1961 1365 1751
f 1961 1965 1365
f 1965 37 1365
f 1545 1455 1816
f 1619 1816 1573
f 1545 1816 1619
f 101 1965 1961
f 141 1455 1545
f 141 1617 1455
f 1498 1617 141
f 1498 1694 1617
f 1719 1694 1498
f 1473 1719 1498
f 437 1719 1473
f 1446 1709 1776
f 1709 1188 1776
f 1208 1461 1756
f 806 437 1473
f 806 1756 437
f 1208 1756 806
f 1446 1434 1709
f 1075 703 1434
f 60 703 1075
f 60 265 703
f 224 265 60
f 1434 703 1709
f 1709 1542 1188
f 1709 1786 1542
f 703 1786 1709
f 265 1786 703
f 1786 320 1542
f 265 320 1786
f 1542 227 1188
f 320 227 1542
f 320 962 227
f 962 480 227
f 480 484 227
f 481 299 224
f 481 238 299
f 1131 238 481
f 1006 1461 1208
f 1006 1131 1461
f 1131 1006 238
f 299 265 224
f 299 721 265
f 238 721 299
f 238 475 721
f 1006 475 238
f 192 1006 1208
f 721 320 265
f 1006 192 475
f 1047 192 1208
f 721 962 320
f 721 470 962
f 475 470 721
f 475 542 470
f 192 542 475
f 192 1047 542
f 1316 1047 1208
f 470 480 962
f 1047 843 542
f 843 1047 1316
f 1365 37 1751
f 37 1058 1751
f 37 46 1058
f 37 1061 46
f 1258 1545 1619
f 1258 1619 1274
f 101 37 1965
f 101 1791 37
f 1190 1791 101
f 1190 1419 1791
f 1791 1061 37
f 1638 141 1545
f 1638 1545 1258
f 1235 1419 1190
f 659 1767 1235
f 1373 1767 659
f 1373 1935 1767
f 1235 1767 1419
f 1480 141 1638
f 1480 1498 141
f 1863 1935 1373
f 1863 251 1935
f 1865 251 1863
f 1865 1548 251
f 1616 1498 1480
f 1616 1473 1498
f 1188 1303 1776
f 1776 1548 1865
f 1776 1018 1548
f 1303 1018 1776
f 1303 1766 1018
f 1616 806 1473
f 607 806 1616
f 607 1208 806
f 1813 1208 607
f 227 1303 1188
f 484 1303 227
f 480 200 484
f 470 200 480
f 470 1014 200
f 470 278 1014
f 542 278 470
f 843 278 542
f 484 200 1303
f 843 546 278
f 546 1316 1813
f 546 843 1316
f 200 471 1303
f 1014 471 200
f 471 1693 1303
f 1014 1848 471
f 278 1848 1014
f 278 1380 1848
f 546 1380 278
f 546 383 1380
f 383 546 1813
f 1303 79 1766
f 1693 79 1303
f 471 1848 1693
f 79 1210 1766
f 1848 79 1693
f 383 927 1380
f 383 173 927
f 79 504 1210
f 1848 504 79
f 1848 282 504
f 1380 282 1848
f 1380 927 282
f 173 1561 927
f 927 90 282
f 1813 1316 1208
f 908 1813 607
f 173 1813 908
f 173 383 1813
f 1561 173 908
f 1918 731 1153
f 731 749 1153
f 1824 749 731
f 1086 1153 523
f 1086 1918 1153
f 749 523 1153
f 1036 523 749
f 1036 749 1824
f 1086 523 1925
f 1036 1925 523
f 89 1086 1925
f 62 1086 89
f 1524 1086 62
f 1036 89 1925
f 1524 1918 1086
f 1245 1392 1323
f 1392 1245 838
f 1392 1028 1323
f 1392 1805 1028
f 838 1805 1392
f 1805 838 1212
f 1681 337 550
f 1681 550 361
f 1323 1028 1824
f 361 550 1377
f 1028 1036 1824
f 1028 1393 1036
f 1805 1393 1028
f 1805 116 1393
f 1513 1062 254
f 550 337 254
f 254 1062 550
f 1377 550 1062
f 1062 724 1377
f 1328 1377 724
f 361 1377 1328
f 724 1454 1297
f 724 1297 1328
f 1111 361 1328
f 361 1111 1681
f 1111 1328 1297
f 234 1248 545
f 1248 234 1906
f 667 722 638
f 665 638 1192
f 638 665 667
f 1427 1192 867
f 1192 1427 665
f 234 867 1906
f 234 1106 867
f 293 667 665
f 1512 667 293
f 293 302 1512
f 1427 867 1106
f 1427 1266 665
f 1266 293 665
f 1106 357 1427
f 357 1266 1427
f 1266 302 293
f 1266 68 302
f 357 1675 1266
f 1675 68 1266
f 877 279 1245
f 279 877 758
f 758 722 667
f 279 838 1245
f 279 758 1320
f 1320 758 667
f 279 340 838
f 1512 1320 667
f 1320 340 279
f 1512 1261 1320
f 1261 340 1320
f 340 1212 838
f 340 581 1212
f 1261 581 340
f 302 1261 1512
f 302 976 1261
f 976 581 1261
f 976 351 581
f 68 976 302
f 68 219 976
f 219 351 976
f 351 1223 581
f 219 1223 351
f 1212 116 1805
f 630 354 998
f 998 1681 1111
f 366 222 416
f 945 366 1083
f 366 945 222
f 945 1083 614
f 1157 545 1248
f 1408 1157 56
f 222 676 416
f 545 1157 191
f 1408 191 1157
f 1408 56 1011
f 1090 191 1408
f 1011 676 222
f 676 1011 56
f 1011 1090 1408
f 945 827 222
f 1347 1483 1215
f 1483 1347 988
f 545 1527 234
f 191 1527 545
f 1090 242 191
f 242 1527 191
f 242 513 1527
f 1011 363 1090
f 363 1156 1090
f 1156 242 1090
f 1156 513 242
f 222 827 1011
f 827 363 1011
f 1156 988 513
f 363 491 1156
f 491 1483 1156
f 1483 988 1156
f 827 849 363
f 849 491 363
f 349 1889 99
f 1889 1112 99
f 730 99 1112
f 99 730 608
f 260 608 730
f 608 260 857
f 988 857 260
f 857 988 1347
f 1527 1106 234
f 1527 1496 1106
f 1496 357 1106
f 1112 515 412
f 1889 515 1112
f 300 730 412
f 730 1112 412
f 513 260 300
f 260 730 300
f 988 260 513
f 412 1675 357
f 1675 515 68
f 1496 412 357
f 515 1675 412
f 513 1496 1527
f 513 300 1496
f 300 412 1496
f 349 213 1889
f 213 349 36
f 36 88 213
f 213 333 1889
f 88 333 213
f 1298 1275 88
f 333 1204 515
f 515 1889 333
f 88 1275 333
f 1204 68 515
f 1204 219 68
f 333 779 1204
f 1275 779 333
f 1204 779 219
f 1275 41 779
f 779 1223 219
f 1397 379 1596
f 1510 354 630
f 1648 1397 1596
f 1322 1596 1510
f 1648 1596 1322
f 630 1322 1510
f 1860 1029 614
f 1424 105 1846
f 1771 105 1424
f 1118 593 1771
f 614 710 945
f 1029 710 614
f 1181 1846 105
f 1846 1029 1860
f 1846 1181 1029
f 1771 98 105
f 98 1181 105
f 593 98 1771
f 1029 185 710
f 1181 185 1029
f 1181 336 185
f 98 336 1181
f 98 284 336
f 1215 199 1347
f 1519 1979 1215
f 1979 199 1215
f 144 1215 491
f 1519 1215 144
f 460 1519 144
f 460 6 1519
f 1072 6 460
f 6 1072 561
f 1472 561 1072
f 710 827 945
f 710 849 827
f 491 1215 1483
f 710 345 849
f 144 491 849
f 185 345 710
f 345 144 849
f 460 144 345
f 336 345 185
f 336 1072 345
f 1072 460 345
f 284 1472 336
f 1472 1072 336
f 1833 1959 1298
f 1298 1959 1275
f 1959 41 1275
f 1833 245 1959
f 1529 379 1397
f 1648 1529 1397
f 1161 1529 1648
f 837 782 761
f 19 593 1118
f 611 216 19
f 611 1109 216
f 595 1109 611
f 255 772 121
f 1411 772 255
f 1489 1411 255
f 593 1335 98
f 216 593 19
f 216 1335 593
f 216 1037 1335
f 268 786 1040
f 1109 1037 216
f 268 121 786
f 761 1109 595
f 761 1048 1109
f 1048 1037 1109
f 1023 268 1037
f 1023 255 268
f 255 121 268
f 782 1048 761
f 1385 255 1023
f 1385 1489 255
f 1335 284 98
f 1335 1040 284
f 268 1040 1335
f 1037 268 1335
f 1048 1023 1037
f 1385 1023 1048
f 1398 561 359
f 786 1398 359
f 786 818 1398
f 818 786 121
f 1040 1472 284
f 1040 359 1472
f 359 561 1472
f 786 359 1040
f 1864 1983 1833
f 1833 1983 245
f 1864 1676 1983
f 1314 193 1733
f 89 604 62
f 1036 604 89
f 70 62 604
f 70 1524 62
f 253 604 1036
f 941 70 604
f 604 253 941
f 253 1905 941
f 253 448 1905
f 1343 1524 70
f 1343 70 941
f 514 1343 941
f 380 1343 514
f 937 1343 380
f 1905 514 941
f 380 514 1905
f 1393 253 1036
f 1393 1781 253
f 116 1781 1393
f 1454 143 165
f 1297 165 1741
f 165 1297 1454
f 1741 1111 1297
f 143 1761 165
f 1741 165 1761
f 1741 840 1111
f 143 59 1761
f 840 1741 1761
f 1384 840 1761
f 266 1265 59
f 1265 1761 59
f 1384 1761 1265
f 943 1265 266
f 1384 1265 828
f 943 828 1265
f 581 116 1212
f 1223 116 581
f 1223 1981 116
f 1223 1967 1981
f 630 998 1111
f 116 1981 1781
f 1111 729 630
f 1754 630 729
f 729 1111 840
f 1866 1754 729
f 729 840 1171
f 1171 840 1384
f 779 41 1223
f 41 1967 1223
f 41 1580 1967
f 1322 630 1754
f 1324 1322 1754
f 1679 1322 1324
f 1324 1754 1866
f 1959 1580 41
f 245 1580 1959
f 245 1364 1580
f 1899 1161 1648
f 1679 1648 1322
f 1588 1648 1679
f 1135 1648 1588
f 1364 245 1983
f 1983 1839 1364
f 1676 1839 1983
f 1314 1733 1899
f 1135 1899 1648
f 1326 1899 1135
f 1326 1314 1899
f 1262 1314 1326
f 1606 1262 1326
f 937 380 441
f 1905 441 380
f 13 937 441
f 1905 448 441
f 978 13 441
f 91 13 978
f 1509 13 91
f 448 978 441
f 888 1509 91
f 978 888 91
f 448 1634 978
f 1634 888 978
f 1781 1520 253
f 1520 448 253
f 1736 1520 1781
f 1271 1384 828
f 399 448 1520
f 399 1634 448
f 1736 399 1520
f 1886 399 1736
f 1981 1736 1781
f 1981 10 1736
f 1981 1289 10
f 1967 1289 1981
f 1171 1384 1271
f 1440 729 1171
f 1866 729 1440
f 1440 1171 1271
f 1187 1866 1440
f 10 1886 1736
f 1967 1614 1289
f 1580 1614 1967
f 1269 1866 1187
f 1269 1324 1866
f 1269 1067 1324
f 1370 1324 1067
f 1370 1679 1324
f 1364 1521 1580
f 1580 1521 1614
f 1364 1488 1521
f 1308 1135 1588
f 1401 1679 1370
f 1401 1588 1679
f 1308 1588 1401
f 600 1308 1401
f 1839 1488 1364
f 1839 1452 1488
f 1308 1326 1135
f 1606 1326 1308
f 1475 1606 1308
f 1369 1475 1308
f 1194 1308 600
f 1369 1308 1194
f 1978 1369 1194
f 1379 1886 10
f 1289 1379 10
f 1289 969 1379
f 1614 969 1289
f 1657 969 1614
f 229 1379 969
f 1657 1421 969
f 1521 1657 1614
f 1488 1657 1521
f 1488 1713 1657
f 1657 1095 1421
f 1452 1713 1488
f 1713 1095 1657
f 1857 1095 1713
f 1509 1524 937
f 937 1524 1343
f 1524 1735 1918
f 1547 1735 1524
f 1547 1144 1735
f 1927 1144 1547
f 1927 211 1144
f 1903 211 1927
f 1547 1524 1900
f 629 1547 1900
f 1900 1524 1509
f 1584 629 1900
f 1494 1903 1927
f 122 1927 1547
f 1059 211 1903
f 862 1494 1927
f 454 464 1059
f 454 1059 1903
f 621 454 1903
f 621 464 454
f 1125 464 621
f 1125 386 464
f 670 621 1903
f 1125 621 670
f 670 1903 1494
f 84 670 1494
f 1125 670 84
f 1794 1062 1513
f 1062 1454 724
f 1794 1454 1062
f 1794 143 1454
f 485 57 1794
f 485 1310 57
f 57 596 1794
f 596 495 1794
f 596 1893 495
f 897 733 1310
f 158 733 897
f 733 736 1310
f 158 572 733
f 1310 736 57
f 733 684 736
f 572 684 733
f 684 1491 736
f 572 1491 684
f 736 1387 57
f 1491 1387 736
f 1387 404 57
f 26 404 1387
f 1491 26 1387
f 1528 26 1491
f 404 167 57
f 404 1801 167
f 26 1801 404
f 1528 1801 26
f 1528 833 1801
f 677 572 158
f 677 1528 572
f 1624 386 1125
f 572 1528 1491
f 1624 1522 386
f 1618 1528 677
f 1986 1528 1618
f 1339 570 1986
f 1986 329 1528
f 570 329 1986
f 329 833 1528
f 521 946 1522
f 521 1522 1624
f 570 555 329
f 570 559 555
f 1988 559 570
f 23 559 1988
f 23 1257 559
f 1412 1257 23
f 1493 1835 946
f 1493 946 521
f 1525 1579 668
f 668 1579 1540
f 1540 1412 23
f 1579 1412 1540
f 1579 1236 1412
f 1707 1835 1493
f 1058 1579 1525
f 1058 701 1579
f 1058 1560 701
f 1707 1274 1835
f 1890 1274 1707
f 1509 937 13
f 1900 1509 869
f 181 1584 1900
f 852 1927 122
f 113 1927 852
f 1940 113 852
f 790 1494 862
f 790 84 1494
f 472 84 790
f 472 1125 84
f 792 790 862
f 472 790 792
f 792 862 1927
f 113 792 1927
f 1940 472 113
f 472 792 113
f 143 612 266
f 1794 612 143
f 143 266 59
f 612 866 266
f 866 943 266
f 1794 495 1229
f 1794 156 909
f 1229 156 1794
f 1794 909 612
f 495 1276 1229
f 1893 183 495
f 183 1071 495
f 167 596 57
f 167 1284 596
f 833 951 1801
f 1801 1284 167
f 1801 1327 1284
f 951 1327 1801
f 1284 114 596
f 1284 1327 114
f 596 18 1893
f 114 18 596
f 114 1015 18
f 1327 1015 114
f 951 1015 1327
f 1015 507 18
f 1893 1948 183
f 18 1948 1893
f 18 507 1948
f 1015 1723 507
f 951 1723 1015
f 951 737 1723
f 507 925 1948
f 1622 1624 1125
f 1622 1125 472
f 1321 1624 1622
f 833 737 951
f 833 1342 737
f 1829 737 1342
f 1829 422 737
f 329 1342 833
f 329 555 1342
f 555 1829 1342
f 1321 521 1624
f 1909 521 1321
f 555 422 1829
f 555 1180 422
f 559 1180 555
f 559 1119 1180
f 1257 1119 559
f 1909 1493 521
f 1627 1493 1909
f 1257 1267 1119
f 1579 1410 1236
f 1257 799 1267
f 1412 799 1257
f 1236 799 1412
f 1627 1707 1493
f 573 1707 1627
f 1579 701 1410
f 489 1890 1707
f 489 1707 573
f 1555 1890 489
f 869 1509 770
f 770 1509 888
f 869 770 846
f 1900 869 1012
f 888 846 770
f 1634 846 888
f 176 1900 1012
f 1012 869 846
f 539 1584 181
f 1099 181 1900
f 1099 1900 176
f 246 1547 629
f 644 246 629
f 644 289 246
f 1331 629 1584
f 644 629 1331
f 1331 243 644
f 243 289 644
f 74 1584 539
f 1085 1584 74
f 1331 1584 1085
f 133 289 243
f 1358 122 1547
f 624 122 1358
f 624 852 122
f 624 1940 852
f 615 1940 624
f 907 1547 246
f 1358 1547 907
f 624 1358 907
f 133 624 907
f 133 615 624
f 289 907 246
f 133 907 289
f 612 387 866
f 866 567 943
f 387 567 866
f 567 828 943
f 1271 828 567
f 612 687 387
f 51 387 687
f 836 1271 567
f 432 51 687
f 51 567 387
f 836 567 51
f 1355 51 432
f 1355 836 51
f 1132 836 1355
f 612 776 687
f 909 776 612
f 776 432 687
f 909 1604 776
f 909 1124 1604
f 156 1124 909
f 156 1334 1124
f 1229 1334 156
f 1104 432 776
f 1104 776 1604
f 1124 1104 1604
f 1334 1104 1124
f 1104 1355 432
f 1132 1355 1104
f 1453 1276 495
f 1071 1453 495
f 183 925 1071
f 1276 890 1229
f 1453 890 1276
f 925 1453 1071
f 1096 1453 925
f 890 1334 1229
f 1096 890 1453
f 890 1127 1334
f 1096 1127 890
f 1948 925 183
f 1723 925 507
f 1723 1096 925
f 1897 615 133
f 1897 1938 615
f 615 472 1940
f 615 1622 472
f 1938 1622 615
f 1938 1321 1622
f 836 1440 1271
f 1187 1440 836
f 587 836 1132
f 1989 1187 836
f 1989 836 587
f 1686 1132 1104
f 1686 1104 1334
f 1127 1686 1334
f 1686 587 1132
f 1686 1989 587
f 873 1127 1096
f 873 1096 20
f 1019 1127 873
f 1605 1686 1127
f 1019 1605 1127
f 1007 1605 1019
f 737 1115 1723
f 422 1115 737
f 1115 20 1723
f 422 1755 1115
f 20 1096 1723
f 1115 873 20
f 1115 1755 873
f 1234 1938 1897
f 1234 1621 1938
f 1621 1909 1321
f 1621 1321 1938
f 1041 1187 1989
f 1041 1269 1187
f 1936 1269 1041
f 1936 1067 1269
f 1370 1067 1936
f 1808 1936 1041
f 1041 1989 1686
f 1605 1041 1686
f 1219 1041 1605
f 344 1041 1219
f 1007 1019 873
f 1219 1605 1007
f 1164 344 1219
f 1180 1755 422
f 1180 1119 1755
f 1755 1007 873
f 1755 1219 1007
f 1164 1219 1755
f 1119 1164 1755
f 1267 1164 1119
f 1800 1627 1909
f 1800 1909 1621
f 1003 1936 1808
f 1401 1370 1936
f 1003 1401 1936
f 625 826 1164
f 625 1126 826
f 799 1164 1267
f 799 625 1164
f 1462 625 799
f 1128 625 1462
f 1236 1462 799
f 1410 1462 1236
f 573 1627 1711
f 1711 1627 1800
f 1239 573 1711
f 1128 1499 625
f 1410 1128 1462
f 701 1128 1410
f 701 1499 1128
f 1560 1499 701
f 1239 489 573
f 1563 489 1239
f 1563 1555 489
f 846 785 1012
f 785 846 1634
f 176 1012 785
f 202 181 1099
f 539 181 202
f 176 1345 1099
f 1345 202 1099
f 202 1820 539
f 1820 74 539
f 1345 1820 202
f 785 1345 176
f 1685 1820 1345
f 1685 1345 785
f 1439 1820 1685
f 1439 1331 1085
f 1439 243 1331
f 1439 133 243
f 1439 1085 74
f 1820 1439 74
f 399 785 1634
f 399 634 785
f 1886 634 399
f 1886 647 634
f 634 1685 785
f 1378 1685 634
f 1855 1685 1378
f 647 1378 634
f 1855 133 1439
f 1855 1897 133
f 1855 1439 1685
f 1379 647 1886
f 1379 864 647
f 1379 229 864
f 864 1378 647
f 1896 1378 864
f 1896 1842 1378
f 229 1896 864
f 1842 1897 1855
f 1842 1234 1897
f 1842 1855 1378
f 1896 1704 1842
f 1474 1621 1234
f 1842 1474 1234
f 1704 1474 1842
f 969 1421 229
f 344 1808 1041
f 229 1958 1896
f 1164 826 344
f 1958 1704 1896
f 1571 1800 1474
f 1571 1474 1704
f 1991 1571 1704
f 1474 1800 1621
f 1858 1401 1003
f 1858 600 1401
f 344 1003 1808
f 1126 1003 344
f 1126 1858 1003
f 1432 1858 1126
f 826 1126 344
f 625 1432 1126
f 1991 1887 1571
f 1571 1711 1800
f 1887 1239 1711
f 1887 1711 1571
f 1564 600 1858
f 1564 1194 600
f 1564 1978 1194
f 1600 1564 1858
f 1202 1564 1600
f 1696 1858 1432
f 1696 1600 1858
f 153 1600 1696
f 153 1202 1600
f 1748 1202 153
f 625 1696 1432
f 1499 1696 625
f 1499 153 1696
f 1882 153 1499
f 1640 1239 1887
f 1640 1563 1239
f 1421 1958 229
f 1958 1991 1704
f 1095 1994 1421
f 1421 1994 1958
f 1095 983 1994
f 1994 1991 1958
f 1994 1100 1991
f 983 1100 1994
f 1100 1887 1991
f 1095 1857 983
f 1995 983 1857
f 1995 1100 983
f 1995 1758 1100
f 1100 1640 1887
f 1758 1640 1100
f 1000 782 837
f 1000 1163 782
f 802 1163 1000
f 239 1317 802
f 239 1045 1317
f 893 1045 239
f 1489 655 1411
f 802 1317 1163
f 919 1581 94
f 782 1385 1048
f 1163 1385 782
f 1163 223 1385
f 223 1489 1385
f 592 223 1163
f 223 1025 1489
f 1025 655 1489
f 1317 592 1163
f 1025 1581 655
f 94 1581 1025
f 1317 287 592
f 287 94 1025
f 1045 287 1317
f 658 94 287
f 1045 931 287
f 658 919 94
f 287 223 592
f 287 1025 223
f 931 658 287
f 451 1676 1864
f 451 205 1676
f 893 178 1045
f 930 178 893
f 1139 938 930
f 195 938 1139
f 804 338 919
f 490 338 804
f 490 551 338
f 490 140 551
f 571 140 490
f 178 931 1045
f 804 919 658
f 931 804 658
f 930 691 178
f 691 931 178
f 1943 804 931
f 1943 490 804
f 938 691 930
f 195 691 938
f 195 1778 691
f 438 490 1943
f 438 571 490
f 872 1778 195
f 872 427 1778
f 438 256 571
f 256 924 571
f 691 1943 931
f 1778 1943 691
f 1778 438 1943
f 427 438 1778
f 1710 205 451
f 1710 798 205
f 306 1984 872
f 463 1984 306
f 463 1160 1984
f 463 376 1160
f 257 81 376
f 256 34 924
f 810 34 256
f 201 577 810
f 1173 256 438
f 1984 427 872
f 1984 1173 427
f 1173 1189 256
f 1189 810 256
f 1160 1173 1984
f 1160 1861 1173
f 1861 739 1173
f 739 1189 1173
f 739 201 1189
f 201 810 1189
f 376 1861 1160
f 739 31 201
f 839 577 201
f 28 1861 376
f 28 184 1861
f 31 839 201
f 839 1554 577
f 81 28 376
f 427 1173 438
f 184 739 1861
f 184 31 739
f 184 1668 31
f 1668 839 31
f 1554 286 577
f 1554 553 286
f 598 663 553
f 839 391 1554
f 1425 553 1554
f 1871 1485 1066
f 1485 1337 1066
f 1066 798 1710
f 1066 1874 798
f 1337 1874 1066
f 1947 1091 1270
f 1947 1287 1091
f 851 81 257
f 851 657 81
f 124 657 851
f 124 461 657
f 124 751 461
f 139 498 751
f 139 898 1256
f 81 657 28
f 657 184 28
f 461 190 657
f 498 190 461
f 751 498 461
f 498 1256 190
f 139 1256 498
f 898 1423 1256
f 590 1423 898
f 657 1668 184
f 1668 920 839
f 920 391 839
f 190 1668 657
f 190 920 1668
f 1256 920 190
f 1256 929 920
f 1423 929 1256
f 801 929 1423
f 801 262 929
f 44 663 598
f 955 394 44
f 955 39 394
f 391 1425 1554
f 1425 598 553
f 1425 63 598
f 63 44 598
f 63 1240 44
f 1240 955 44
f 1077 955 1240
f 920 1966 391
f 1966 1425 391
f 1966 63 1425
f 1966 64 63
f 64 1240 63
f 929 1966 920
f 1338 64 1966
f 64 1077 1240
f 929 1338 1966
f 64 564 1077
f 1338 232 64
f 232 564 64
f 262 1338 929
f 262 1242 1338
f 1242 232 1338
f 232 1444 564
f 86 39 955
f 1376 83 280
f 83 1485 1871
f 83 1376 1485
f 1376 986 1485
f 1077 1068 955
f 1026 955 1068
f 1026 86 955
f 1026 280 86
f 188 280 1026
f 188 1376 280
f 188 986 1376
f 1068 819 1026
f 819 188 1026
f 986 1337 1485
f 1362 986 188
f 564 1068 1077
f 819 1362 188
f 564 646 1068
f 646 819 1068
f 646 1362 819
f 646 674 1362
f 1444 646 564
f 1444 455 646
f 986 628 1337
f 1362 628 986
f 1362 674 628
f 646 811 674
f 674 650 628
f 811 650 674
f 811 108 650
f 1337 1960 1874
f 628 1960 1337
f 650 1960 628
f 1947 1184 1287
f 197 1184 1947
f 1465 197 1947
f 1807 1465 1947
f 861 801 590
f 590 801 1423
f 861 775 801
f 1594 1286 775
f 1594 1034 618
f 311 1034 1594
f 95 1034 311
f 775 262 801
f 775 1242 262
f 775 1286 1242
f 618 1286 1594
f 1242 618 232
f 618 1242 1286
f 618 1444 232
f 618 1603 1444
f 1034 1603 618
f 1273 1034 95
f 1034 215 1603
f 1273 215 1034
f 793 215 1273
f 793 5 215
f 793 231 5
f 686 231 793
f 445 231 686
f 1603 455 1444
f 215 455 1603
f 215 5 455
f 5 868 455
f 5 3 868
f 231 3 5
f 455 868 646
f 868 811 646
f 868 247 811
f 3 247 868
f 3 1375 247
f 231 1375 3
f 445 1375 231
f 445 478 1375
f 247 108 811
f 247 1420 108
f 1375 1420 247
f 478 1420 1375
f 1878 957 1465
f 1750 957 1878
f 1750 1629 957
f 807 1629 1750
f 1010 1330 445
f 1263 1330 1010
f 1263 533 1330
f 1330 478 445
f 533 746 1330
f 746 622 1330
f 622 548 1330
f 548 478 1330
f 548 1670 478
f 548 859 1670
f 900 928 1629
f 1199 12 1263
f 49 12 1199
f 49 519 12
f 17 519 49
f 17 1092 519
f 1092 17 900
f 984 900 1629
f 12 533 1263
f 922 900 984
f 922 1092 900
f 12 746 533
f 519 746 12
f 1092 922 519
f 519 1386 746
f 519 1516 1386
f 922 1516 519
f 430 922 984
f 1318 430 984
f 746 1386 622
f 922 430 1516
f 1318 984 1629
f 1318 58 430
f 1386 548 622
f 1516 563 1386
f 430 563 1516
f 430 58 563
f 1386 970 548
f 563 970 1386
f 1004 1318 1629
f 1004 58 1318
f 970 859 548
f 563 131 970
f 58 131 563
f 58 237 131
f 237 58 1004
f 1004 1629 807
f 205 1873 1676
f 1873 1839 1676
f 1314 1714 193
f 1101 1891 1714
f 1262 1714 1314
f 1101 1714 1262
f 798 1963 205
f 205 1963 1873
f 1589 1700 1891
f 288 1700 1589
f 288 1595 1700
f 1589 1891 1101
f 1874 1630 798
f 1874 406 1630
f 1630 1963 798
f 1270 1595 288
f 1270 1091 1595
f 1078 1947 1270
f 108 1960 650
f 108 1420 1960
f 1960 406 1874
f 1960 1658 406
f 1420 1658 1960
f 1807 1947 1078
f 478 1670 1420
f 1670 1587 1420
f 1670 532 1587
f 1420 1587 1658
f 1878 1465 1807
f 970 1838 859
f 859 1653 1670
f 859 1838 1653
f 970 1463 1838
f 131 1463 970
f 237 948 131
f 237 631 948
f 631 237 1004
f 1838 1463 1653
f 131 948 1463
f 1463 1535 1653
f 1463 716 1535
f 948 716 1463
f 631 1301 948
f 1301 716 948
f 1653 1683 1670
f 1535 1683 1653
f 716 1683 1535
f 1301 1292 716
f 1683 532 1670
f 1683 824 532
f 716 965 1683
f 1292 965 716
f 965 824 1683
f 631 1004 807
f 474 631 807
f 631 474 1301
f 1120 807 1750
f 123 807 1120
f 123 474 807
f 474 123 1301
f 1332 123 1120
f 123 1292 1301
f 1201 1120 1750
f 1332 1120 1201
f 123 297 1292
f 123 1332 297
f 1201 1750 436
f 1332 936 297
f 936 1332 1201
f 1873 1452 1839
f 1873 522 1452
f 1606 1101 1262
f 309 1101 1606
f 1662 1101 309
f 309 1606 1475
f 309 1475 1369
f 972 309 1369
f 1782 309 972
f 1782 1662 309
f 1963 1964 1873
f 1873 1964 522
f 1963 1895 1964
f 1662 1589 1101
f 288 1589 1915
f 1915 1589 1662
f 1926 288 1915
f 1782 1915 1662
f 1611 1915 1782
f 1611 1926 1915
f 1630 1895 1963
f 1630 1487 1895
f 406 1487 1630
f 1649 288 1926
f 1649 1270 288
f 1649 1078 1270
f 1654 1078 1649
f 1611 1649 1926
f 1689 1649 1611
f 1689 1654 1649
f 1658 1682 406
f 406 1682 1487
f 1902 1078 1654
f 1902 1807 1078
f 1720 1807 1902
f 856 1654 1689
f 856 1902 1654
f 856 1720 1902
f 1587 1682 1658
f 1587 1183 1682
f 532 1183 1587
f 532 1272 1183
f 754 1272 532
f 1720 1878 1807
f 318 1750 1878
f 1945 1750 318
f 436 1750 1945
f 318 1878 1720
f 1834 1720 856
f 1834 318 1720
f 392 318 1834
f 392 1945 318
f 54 1945 392
f 965 705 824
f 1292 705 965
f 1292 449 705
f 297 449 1292
f 824 1082 532
f 705 1082 824
f 297 420 449
f 705 449 1082
f 449 915 1082
f 420 492 449
f 1082 915 891
f 492 915 449
f 1082 891 532
f 492 55 915
f 915 1552 891
f 55 1552 915
f 891 754 532
f 891 1552 754
f 1552 168 754
f 1279 1201 436
f 1279 936 1201
f 1661 436 1945
f 936 420 297
f 936 462 420
f 1279 462 936
f 619 1279 436
f 619 436 1661
f 619 462 1279
f 409 619 1661
f 420 923 492
f 462 923 420
f 462 1409 923
f 619 1409 462
f 444 1661 1945
f 409 1661 444
f 765 409 444
f 923 55 492
f 619 409 1409
f 1409 132 923
f 409 132 1409
f 409 466 132
f 466 409 765
f 55 168 1552
f 923 168 55
f 923 569 168
f 132 569 923
f 765 154 466
f 132 4 569
f 132 423 4
f 466 423 132
f 154 423 466
f 154 1203 423
f 154 765 444
f 54 444 1945
f 1070 444 54
f 1070 154 444
f 787 1070 54
f 1070 1203 154
f 1070 1130 1203
f 1130 1070 787
f 1985 1713 1452
f 522 1985 1452
f 972 1369 1978
f 1895 1635 1964
f 1964 1985 522
f 1964 1635 1985
f 1773 1635 1895
f 1487 1773 1895
f 1682 1195 1487
f 1487 1195 1773
f 1183 1195 1682
f 1183 1749 1195
f 1272 1749 1183
f 1272 1241 1749
f 1241 699 1749
f 1565 54 392
f 168 225 754
f 569 225 168
f 4 225 569
f 754 1946 1272
f 754 225 1946
f 4 576 225
f 423 576 4
f 423 673 576
f 1203 673 423
f 1203 148 673
f 225 576 1946
f 576 1169 1946
f 673 1169 576
f 673 599 1169
f 673 1549 599
f 148 1549 673
f 1946 1241 1272
f 1169 1241 1946
f 1169 599 1241
f 599 1549 1241
f 1549 791 1241
f 1241 791 699
f 1414 54 1565
f 1500 787 54
f 100 54 1414
f 100 1500 54
f 1500 1130 787
f 855 1414 1565
f 1033 100 1414
f 1033 1414 855
f 1130 148 1203
f 1130 1145 148
f 1500 1145 1130
f 100 1145 1500
f 558 1033 855
f 100 520 1145
f 1033 520 100
f 1145 367 148
f 520 367 1145
f 558 520 1033
f 148 236 1549
f 367 236 148
f 520 396 367
f 558 396 520
f 317 396 558
f 236 791 1549
f 367 879 236
f 396 879 367
f 236 1148 791
f 879 1148 236
f 396 138 879
f 317 138 396
f 317 32 138
f 791 1148 699
f 879 1230 1148
f 138 1230 879
f 1985 1857 1713
f 1985 1706 1857
f 1635 1706 1985
f 1635 1917 1706
f 1773 1917 1635
f 1773 1892 1917
f 1195 1892 1773
f 1195 1721 1892
f 699 146 1749
f 1749 1721 1195
f 1749 458 1721
f 146 458 1749
f 1148 1230 699
f 1230 146 699
f 1230 613 146
f 138 613 1230
f 138 1680 613
f 32 1680 138
f 1680 146 613
f 1680 96 146
f 1680 529 96
f 32 529 1680
f 96 458 146
f 96 1743 458
f 46 1129 1058
f 1058 1973 1560
f 1129 1973 1058
f 1129 648 1973
f 1061 1129 46
f 1258 1274 1890
f 1738 1258 1890
f 1791 1129 1061
f 1791 1469 1129
f 1419 1469 1791
f 1419 1570 1469
f 1129 1469 1134
f 1764 1258 1738
f 1764 1638 1258
f 1419 1350 1570
f 1767 1350 1419
f 1767 1779 1350
f 1935 1779 1767
f 42 1638 1764
f 42 1480 1638
f 1935 1907 1779
f 251 1907 1935
f 251 1220 1907
f 1548 1220 251
f 1616 1480 1631
f 1631 1480 42
f 1366 1616 1631
f 1766 671 1018
f 1548 1872 1220
f 1018 1872 1548
f 1018 1503 1872
f 671 1503 1018
f 671 823 1503
f 671 979 823
f 607 1616 1366
f 1501 607 1366
f 1210 1426 1766
f 504 1426 1210
f 504 50 1426
f 282 50 504
f 282 90 50
f 927 672 90
f 1561 672 927
f 50 834 1426
f 50 679 834
f 90 679 50
f 90 974 679
f 90 218 974
f 672 218 90
f 672 307 218
f 1426 671 1766
f 834 671 1426
f 679 1970 834
f 974 1970 679
f 307 1142 218
f 834 1154 671
f 1970 1154 834
f 1970 482 1154
f 974 482 1970
f 218 482 974
f 218 1206 482
f 218 220 1206
f 1142 220 218
f 1154 979 671
f 1154 695 979
f 482 695 1154
f 220 204 1206
f 695 1346 979
f 482 1346 695
f 672 1561 908
f 307 672 908
f 1142 307 908
f 1142 908 607
f 220 607 1501
f 220 1142 607
f 204 220 1501
f 1628 204 1501
f 1134 1972 648
f 1972 1973 648
f 1129 1134 648
f 1555 1738 1890
f 1305 1738 1555
f 1469 1972 1134
f 1570 1972 1469
f 1797 1764 1738
f 1797 1738 1305
f 963 1764 1797
f 963 42 1764
f 713 42 963
f 713 1631 42
f 1894 1366 1631
f 1894 1631 713
f 823 1133 1503
f 1514 1501 1366
f 1044 740 1514
f 740 1501 1514
f 1514 1366 1894
f 979 997 823
f 979 314 997
f 314 217 997
f 217 633 997
f 997 664 823
f 633 664 997
f 633 1147 664
f 633 452 1147
f 664 1133 823
f 1147 1133 664
f 1147 537 1133
f 1147 452 537
f 350 1464 1133
f 537 350 1133
f 537 935 350
f 452 935 537
f 452 323 935
f 182 204 1628
f 1346 314 979
f 482 312 1346
f 1206 312 482
f 204 182 1206
f 312 314 1346
f 1206 1643 312
f 182 1643 1206
f 182 1628 1051
f 314 8 217
f 312 8 314
f 312 1643 8
f 182 1051 1643
f 233 1051 1628
f 8 633 217
f 8 831 633
f 1643 831 8
f 1643 575 831
f 1643 566 575
f 1051 566 1643
f 1051 233 566
f 740 1628 1501
f 233 1628 740
f 831 452 633
f 831 323 452
f 575 323 831
f 566 233 740
f 575 816 323
f 566 816 575
f 816 566 740
f 1198 800 842
f 1560 1882 1499
f 1973 1882 1560
f 1972 1882 1973
f 1972 1198 1882
f 1198 24 1882
f 1198 842 24
f 1996 1555 1563
f 1996 1305 1555
f 1198 1507 800
f 1567 1507 1198
f 963 1797 958
f 958 1305 1996
f 958 1797 1305
f 1350 1972 1570
f 1350 1198 1972
f 1350 1567 1198
f 1350 1762 1567
f 1779 1762 1350
f 1779 413 1762
f 1669 963 958
f 713 963 1669
f 1695 713 1669
f 1907 413 1779
f 1907 1114 413
f 1907 1574 1114
f 1220 1574 1907
f 1220 1076 1574
f 1695 1894 713
f 1477 1894 1695
f 1133 1956 1503
f 1872 1076 1220
f 1872 1688 1076
f 1503 1688 1872
f 1956 1677 1688
f 1956 1688 1503
f 1956 808 1677
f 808 118 1677
f 1514 1894 1477
f 1602 1514 1477
f 1602 1044 1514
f 1602 886 1044
f 119 1260 118
f 104 372 119
f 119 110 1260
f 372 110 119
f 104 540 372
f 110 543 1260
f 649 543 110
f 649 720 543
f 372 649 110
f 540 649 372
f 1464 1956 1133
f 1464 388 1956
f 350 388 1464
f 350 310 388
f 935 310 350
f 323 1246 935
f 388 43 1956
f 388 1050 43
f 310 1050 388
f 1246 310 935
f 43 808 1956
f 43 315 808
f 43 370 315
f 1050 370 43
f 808 119 118
f 104 119 808
f 315 104 808
f 310 228 1050
f 1246 228 310
f 1246 910 228
f 315 29 104
f 370 29 315
f 1050 29 370
f 1050 228 29
f 910 457 228
f 104 597 540
f 29 597 104
f 228 1415 29
f 29 1415 597
f 228 272 1415
f 228 186 272
f 457 186 228
f 186 457 38
f 556 740 1044
f 816 568 323
f 816 740 556
f 568 1246 323
f 568 816 556
f 381 556 1044
f 568 381 1246
f 381 568 556
f 381 136 1246
f 886 381 1044
f 136 381 886
f 136 910 1246
f 910 136 886
f 886 38 910
f 457 910 38
f 1632 886 1602
f 38 886 1632
f 972 1978 1564
f 1202 972 1564
f 865 972 1202
f 865 1782 972
f 1748 1642 1202
f 1642 865 1202
f 1141 1931 1748
f 1931 1642 1748
f 1882 1748 153
f 1141 1748 1882
f 24 1141 1882
f 842 1141 24
f 1997 1563 1640
f 1997 1996 1563
f 1591 1782 865
f 1591 1611 1782
f 1625 1611 1591
f 1642 1591 865
f 1739 1591 1642
f 1951 1591 1739
f 1951 1625 1591
f 1141 1739 1931
f 1739 1642 1931
f 800 1141 842
f 800 1739 1141
f 1507 1739 800
f 1507 1951 1739
f 1567 1951 1507
f 1997 958 1996
f 69 958 1997
f 1625 1689 1611
f 1919 1689 1625
f 1822 1625 1951
f 1822 1919 1625
f 1762 1822 1951
f 1762 1951 1567
f 413 1822 1762
f 69 1669 958
f 1847 1669 69
f 1847 1695 1669
f 1919 856 1689
f 1753 856 1919
f 1671 1919 1822
f 1671 1753 1919
f 1114 1822 413
f 1114 1671 1822
f 1574 1671 1114
f 1076 1671 1574
f 1457 1477 1695
f 1457 1695 1847
f 1753 1834 856
f 1881 1834 1753
f 1881 392 1834
f 1526 1565 392
f 1526 392 1881
f 1644 1753 1671
f 1644 1881 1753
f 712 1881 1644
f 1730 1881 712
f 118 327 1677
f 1644 1671 1076
f 1688 1644 1076
f 1677 1644 1688
f 1677 712 1644
f 327 712 1677
f 1853 1602 1477
f 1176 1869 1602
f 1853 1477 1457
f 1602 1853 1176
f 65 855 1565
f 65 558 855
f 1526 65 1565
f 809 65 1526
f 317 558 65
f 809 317 65
f 283 1526 1881
f 283 554 1526
f 1526 469 809
f 554 469 1526
f 809 1551 317
f 469 1551 809
f 469 871 1551
f 554 871 469
f 1166 554 283
f 1551 32 317
f 554 905 871
f 1166 905 554
f 1730 207 1881
f 1325 207 1730
f 207 283 1881
f 207 759 283
f 1166 283 759
f 360 759 207
f 1325 360 207
f 384 1325 1730
f 759 1138 1166
f 360 1138 759
f 1325 512 360
f 384 512 1325
f 1166 1138 905
f 360 512 1138
f 327 1251 712
f 327 580 1251
f 341 25 1251
f 580 341 1251
f 334 341 580
f 1179 1730 712
f 1251 1179 712
f 743 1730 1179
f 128 743 1179
f 126 128 1179
f 25 1179 1251
f 25 126 1179
f 334 453 341
f 743 384 1730
f 25 1069 126
f 341 1069 25
f 341 453 1069
f 743 1307 384
f 128 1307 743
f 128 112 1307
f 126 112 128
f 1069 112 126
f 453 953 1069
f 453 817 953
f 1260 543 118
f 502 557 543
f 720 502 543
f 134 502 720
f 649 134 720
f 649 1231 134
f 540 1231 649
f 543 327 118
f 557 327 543
f 557 476 327
f 895 476 557
f 502 895 557
f 476 580 327
f 334 580 476
f 895 334 476
f 502 549 895
f 134 549 502
f 1231 549 134
f 895 483 334
f 549 483 895
f 1231 1149 549
f 1231 275 1149
f 483 453 334
f 483 308 453
f 549 308 483
f 549 196 308
f 1149 196 549
f 1149 373 196
f 373 303 1176
f 308 817 453
f 308 316 817
f 196 316 308
f 196 780 316
f 373 780 196
f 186 38 1632
f 597 1231 540
f 1107 186 1632
f 597 697 1231
f 1415 697 597
f 1415 259 697
f 272 259 1415
f 272 1107 259
f 186 1107 272
f 1632 1024 1107
f 697 275 1231
f 259 1107 1024
f 1024 1632 1602
f 697 298 275
f 259 298 697
f 298 259 1024
f 1869 1024 1602
f 1869 298 1024
f 275 304 1149
f 275 626 304
f 298 626 275
f 626 298 1869
f 303 1869 1176
f 626 1869 303
f 304 626 303
f 373 304 303
f 304 373 1149
f 1706 1995 1857
f 1706 1294 1995
f 1294 1758 1995
f 1758 1997 1640
f 1917 1294 1706
f 1917 1705 1294
f 1294 1518 1758
f 1705 1518 1294
f 1518 69 1997
f 1518 1997 1758
f 1892 1705 1917
f 1285 1705 1892
f 1705 1586 1518
f 1285 1586 1705
f 1586 69 1518
f 1586 1847 69
f 1721 1285 1892
f 1721 1933 1285
f 1517 1586 1285
f 1933 1517 1285
f 1586 1457 1847
f 1517 1457 1586
f 1313 353 458
f 1313 1934 353
f 458 1933 1721
f 458 353 1933
f 1592 162 353
f 1933 162 1517
f 353 162 1933
f 1853 1457 1517
f 162 1853 1517
f 1176 1853 162
f 1551 750 32
f 871 750 1551
f 871 1636 750
f 905 1636 871
f 750 529 32
f 905 1447 1636
f 529 771 96
f 750 771 529
f 1636 771 750
f 1636 486 771
f 1447 486 1636
f 96 771 1743
f 771 486 1743
f 486 1916 1743
f 1447 1916 486
f 1916 1769 1313
f 1447 1769 1916
f 1743 1313 458
f 1916 1313 1743
f 512 535 1138
f 384 137 512
f 1307 137 384
f 1138 1447 905
f 1138 468 1447
f 535 468 1138
f 512 137 535
f 468 1769 1447
f 468 822 1769
f 468 1170 822
f 535 1170 468
f 535 940 1170
f 137 940 535
f 137 33 940
f 1313 822 1934
f 822 1313 1769
f 822 1170 1934
f 1170 1466 1934
f 1170 940 1466
f 940 1592 1466
f 940 33 1592
f 1592 353 1466
f 1934 1466 353
f 1069 953 112
f 1307 1478 137
f 112 1478 1307
f 112 745 1478
f 953 745 112
f 817 212 953
f 953 1296 745
f 953 747 1296
f 212 747 953
f 374 1296 747
f 1478 33 137
f 1478 641 33
f 641 745 374
f 745 641 1478
f 745 1296 374
f 1592 374 162
f 747 162 374
f 641 374 1592
f 33 641 1592
f 717 780 1176
f 780 373 1176
f 316 780 717
f 817 845 212
f 316 845 817
f 845 316 717
f 747 845 162
f 845 1176 162
f 845 717 1176
f 747 212 845

