v 0.0231863 0.147005 0.455522
v 0.0387033 0.147005 0.454452
v 0.0387033 0.162506 0.454363
v 0.0231863 0.162506 0.455344
v 0.00766931 0.162506 0.454452
v -0.0696481 0.147005 0.449726
v 0.0231863 -0.565211 0.455522
v 0.0637623 0.147005 0.449458
v 0.0387033 -0.565211 0.454452
v 0.0712533 0.162506 0.447853
v 0.0628705 0.171568 0.449191
v 0.0387033 0.178007 0.453025
v 0.0231863 0.178007 0.454096
v -0.0772282 0.169541 0.449012
v -0.0777633 0.159287 0.449102
v -0.0779416 0.147005 0.449102
v -0.0696481 -0.565211 0.449726
v 0.00766931 -0.580712 0.454542
v 0.0231863 -0.580712 0.455433
v 0.131627 0.147005 0.435725
v 0.131627 0.162506 0.435636
v 0.0637623 -0.565211 0.449458
v 0.0387033 -0.580712 0.454363
v 0.0541311 -0.580712 0.451331
v 0.139831 0.171211 0.433674
v 0.0686671 0.177173 0.447229
v 0.0539527 0.177173 0.450172
v 0.0392383 0.193747 0.450618
v 0.0344227 0.203763 0.449726
v 0.0231863 0.193508 0.451777
v 0.00766931 0.178007 0.453204
v -0.0838274 0.163699 0.448121
v -0.0668835 0.172403 0.449369
v -0.0710749 0.177769 0.448299
v -0.0696481 0.193508 0.44598
v -0.085165 0.193508 0.444286
v -0.085165 0.178007 0.446605
v -0.0857001 0.147005 0.447942
v -0.0779416 -0.565211 0.449102
v -0.0778524 -0.580712 0.449102
v -0.0776741 -0.588463 0.449102
v -0.0696481 -0.589178 0.449369
v -0.0387033 -0.591801 0.45035
v 0.00766931 -0.595379 0.451777
v 0.0222945 -0.597644 0.451688
v 0.0378115 -0.596571 0.451331
v 0.140366 0.147005 0.433852
v 0.140188 0.162506 0.433852
v 0.131627 -0.580712 0.435725
v 0.0715208 -0.580712 0.447853
v 0.0541311 -0.591325 0.450172
v 0.0630489 -0.589059 0.44928
v 0.147946 0.162506 0.431266
v 0.145806 0.177053 0.43082
v 0.147055 0.193508 0.427699
v 0.136086 0.181584 0.432871
v 0.131181 0.177053 0.434566
v 0.11611 0.178007 0.437508
v 0.0539527 0.193747 0.447675
v 0.0589467 0.181823 0.448477
v 0.0446782 0.198993 0.448656
v 0.0231863 0.20424 0.449815
v 0.111562 0.203644 0.434209
v 0.116467 0.20889 0.431801
v 0.0392383 0.209009 0.447318
v 0.0387033 0.224511 0.443038
v 0.0231863 0.224511 0.444197
v 0.0231863 0.21199 0.447764
v 0.00766931 0.202571 0.449369
v -0.000980958 0.201497 0.449102
v 0.00766931 0.193508 0.450885
v -0.0442323 0.184923 0.448923
v -0.100593 0.162506 0.444197
v -0.00677753 0.193985 0.449904
v -0.0696481 0.209009 0.44277
v -0.085165 0.209009 0.440897
v -0.100593 0.193508 0.440362
v -0.100593 0.178007 0.442859
v -0.100593 0.147005 0.444286
v -0.0857001 -0.565211 0.447942
v -0.0856109 -0.580712 0.447942
v -0.100593 -0.580712 0.444197
v -0.100593 -0.596094 0.440897
v -0.0837382 -0.594663 0.445624
v -0.0865919 -0.613145 0.437419
v -0.0824005 -0.621134 0.434566
v -0.0696481 -0.611595 0.440273
v -0.0696481 -0.596929 0.446248
v -0.0541311 -0.59824 0.446783
v -0.0231863 -0.600744 0.447764
v 0.00766931 -0.603129 0.448745
v 0.0164979 -0.603725 0.449012
v 0.0268426 -0.604441 0.44928
v 0.0321041 -0.604441 0.44928
v 0.0424487 -0.602056 0.44821
v 0.148036 0.147005 0.431355
v 0.140366 -0.565211 0.433852
v 0.13992 -0.58894 0.433763
v 0.140277 -0.580712 0.433852
v 0.131627 -0.591086 0.434655
v 0.162572 0.162506 0.425113
v 0.162572 0.178007 0.423686
v 0.131181 0.193508 0.432069
v 0.163285 0.192554 0.420921
v 0.158113 0.209009 0.419762
v 0.147055 0.209009 0.424221
v 0.131627 0.209009 0.42868
v 0.121906 0.198636 0.433139
v 0.104606 0.214018 0.432782
v 0.0942612 0.217714 0.433852
v 0.0764256 0.231546 0.433406
v 0.0661701 0.234407 0.434387
v 0.0541311 0.237388 0.435636
v 0.0396842 0.241323 0.436973
v 0.0352253 0.24967 0.434387
v 0.0231863 0.240012 0.438846
v 0.00766931 0.224511 0.443305
v 0.00766931 0.240012 0.438044
v 0.00766931 0.210321 0.447318
v -0.00677753 0.207579 0.44714
v -0.182012 0.162506 0.416819
v -0.135907 0.147005 0.432425
v -0.147055 0.178007 0.427253
v -0.0387033 0.209009 0.444732
v -0.0696481 0.224511 0.438489
v -0.081152 0.234169 0.434298
v -0.0858785 0.225465 0.436082
v -0.0914967 0.231307 0.433317
v -0.096669 0.220933 0.434833
v -0.101306 0.209606 0.436527
v -0.111383 0.204836 0.434566
v -0.121639 0.196609 0.432782
v -0.116377 0.192316 0.435279
v -0.16275 0.192078 0.419762
v -0.100593 -0.565211 0.444286
v -0.11611 -0.580712 0.439024
v -0.126633 -0.590728 0.434476
v -0.120301 -0.601102 0.432336
v -0.109957 -0.605037 0.43412
v -0.100593 -0.608614 0.435636
v -0.0927452 -0.619346 0.433495
v -0.0696481 -0.630316 0.430998
v -0.0696481 -0.622565 0.435279
v -0.0785659 -0.650706 0.418335
v -0.0231863 -0.611595 0.443127
v 0.0222945 -0.610403 0.446426
v 0.0231863 -0.627096 0.438311
v 0.0322825 -0.635324 0.433852
v 0.0379007 -0.627812 0.436884
v 0.0378115 -0.610403 0.445534
v 0.0837382 -0.611834 0.435725
v 0.109332 -0.604322 0.433763
v 0.131627 -0.598837 0.431534
v 0.162572 0.147005 0.425202
v 0.148036 -0.565211 0.431355
v 0.131627 -0.611595 0.426094
v 0.141971 -0.621254 0.419138
v 0.145895 -0.594902 0.429215
v 0.162661 -0.596094 0.421724
v 0.17247 -0.590967 0.419138
v 0.162572 -0.580712 0.425202
v 0.148036 -0.580712 0.431266
v 0.17363 0.147005 0.419762
v 0.181299 0.162506 0.415838
v 0.179872 0.178007 0.415125
v 0.170687 0.186831 0.418246
v 0.168903 0.197086 0.417354
v 0.230971 0.197563 0.386499
v 0.239978 0.209009 0.379097
v 0.217594 0.217952 0.387479
v 0.155437 0.217714 0.418424
v 0.146787 0.223557 0.420119
v 0.141436 0.234288 0.41887
v 0.131627 0.224511 0.42431
v 0.085165 0.228565 0.432514
v 0.131627 0.237269 0.42003
v 0.070629 0.239773 0.431355
v 0.04557 0.247285 0.433406
v 0.0541311 0.255513 0.428056
v 0.0396842 0.255036 0.431088
v 0.0396842 0.272326 0.422437
v 0.0352253 0.280076 0.418959
v 0.0231863 0.270895 0.424756
v 0.0231863 0.258017 0.431266
v 0.0231863 0.250266 0.434655
v 0.00766931 0.249432 0.434298
v -0.0387033 0.224511 0.440451
v -0.0696481 0.235719 0.434922
v -0.0154278 0.247762 0.433585
v -0.0387033 0.238223 0.435903
v -0.193516 0.162506 0.412628
v -0.193516 0.147005 0.412717
v -0.182102 0.147005 0.416819
v -0.162572 0.147005 0.423418
v -0.18005 0.178007 0.416106
v -0.193516 0.178007 0.41129
v -0.135907 -0.565211 0.432425
v -0.0696481 0.24347 0.43189
v -0.0696481 0.255513 0.426807
v -0.085165 0.255513 0.424488
v -0.0858785 0.239535 0.431177
v -0.0939937 0.26386 0.418424
v -0.0997011 0.255274 0.420565
v -0.100593 0.240012 0.426896
v -0.12806 0.235719 0.419494
v -0.138315 0.231188 0.417711
v -0.11611 0.224511 0.427253
v -0.101306 0.225465 0.43189
v -0.107014 0.21521 0.433139
v -0.157667 0.204717 0.419049
v -0.168011 0.19637 0.417265
v -0.1302 0.192316 0.430642
v -0.176573 0.192078 0.415036
v -0.12806 -0.580712 0.435011
v -0.173005 -0.590609 0.418959
v -0.178089 -0.595975 0.415036
v -0.166585 -0.600983 0.416819
v -0.15624 -0.605037 0.418603
v -0.139118 -0.619227 0.417978
v -0.132964 -0.627335 0.415392
v -0.119855 -0.632581 0.41673
v -0.100593 -0.638066 0.41994
v -0.0889105 -0.648798 0.417087
v -0.0842733 -0.643194 0.421456
v -0.00766931 -0.633774 0.43296
v -0.0696481 -0.642597 0.423864
v 0.00865027 -0.628408 0.436884
v -0.00766931 -0.626023 0.437152
v 0.00766931 -0.611595 0.444999
v -0.0696481 -0.651302 0.418692
v -0.0842733 -0.656787 0.412449
v -0.085165 -0.667757 0.404067
v -0.0696481 -0.669546 0.405404
v -0.0696481 -0.659052 0.413163
v 0.0144468 -0.634966 0.433585
v 0.0231863 -0.635324 0.433763
v 0.109511 -0.635205 0.418335
v 0.0541311 -0.631508 0.431623
v 0.0541311 -0.623758 0.435992
v 0.0231863 -0.643074 0.429215
v 0.0231863 -0.655118 0.421456
v 0.0387033 -0.654164 0.420832
v 0.0379007 -0.641286 0.429126
v 0.0634948 -0.650825 0.418335
v 0.0737502 -0.649156 0.417354
v 0.085165 -0.647248 0.416195
v 0.085165 -0.639497 0.420743
v 0.0776741 -0.619465 0.433585
v 0.131627 -0.623638 0.420386
v 0.131627 -0.631389 0.416016
v 0.139653 -0.650586 0.402729
v 0.147144 -0.626739 0.413698
v 0.152316 -0.61708 0.416997
v 0.147144 -0.611834 0.421456
v 0.157578 -0.606826 0.419405
v 0.167922 -0.601341 0.416908
v 0.203504 -0.591086 0.40371
v 0.235787 -0.580712 0.388817
v 0.17363 -0.565211 0.419762
v 0.204664 0.147005 0.404334
v 0.243456 0.162506 0.384982
v 0.193516 0.162506 0.409774
v 0.203237 0.178007 0.403532
v 0.201721 0.18695 0.402818
v 0.242029 0.178007 0.384269
v 0.23873 0.192793 0.383377
v 0.250323 0.209009 0.373389
v 0.248361 0.218072 0.372052
v 0.240067 0.223795 0.374459
v 0.161412 0.223557 0.413609
v 0.214206 0.228326 0.385874
v 0.151692 0.228088 0.41673
v 0.146787 0.239654 0.414322
v 0.142596 0.266006 0.404156
v 0.131627 0.255513 0.41236
v 0.131627 0.24502 0.416908
v 0.122709 0.247166 0.417889
v 0.100593 0.252293 0.420119
v 0.0696481 0.255513 0.424934
v 0.100593 0.260044 0.416641
v 0.0907832 0.26219 0.417622
v 0.0804386 0.264337 0.418692
v 0.0696481 0.266364 0.419762
v 0.0541311 0.269106 0.421367
v 0.04557 0.278407 0.417889
v 0.0231863 0.280672 0.419316
v 0.112454 0.280076 0.403442
v 0.0541311 0.286396 0.41129
v 0.0396842 0.28568 0.41459
v 0.0387033 0.298916 0.406118
v 0.0231863 0.288423 0.41459
v 0.00766931 0.280076 0.418959
v 0.00766931 0.270895 0.424043
v 0.00766931 0.257063 0.430909
v -0.0387033 0.255513 0.428769
v -0.206982 0.162506 0.406207
v -0.205823 0.178007 0.405493
v -0.207071 0.147005 0.406207
v -0.193516 -0.580712 0.412717
v -0.182102 -0.580712 0.416819
v -0.162572 -0.580712 0.423418
v -0.193516 0.193508 0.408704
v -0.203772 0.193508 0.404156
v -0.0696481 0.268152 0.420743
v -0.085165 0.266006 0.419584
v -0.085165 0.273756 0.415214
v -0.100593 0.282699 0.405137
v -0.0997011 0.269822 0.413074
v -0.131627 0.274114 0.399964
v -0.131627 0.266364 0.404423
v -0.140277 0.26386 0.402907
v -0.104338 0.260282 0.41673
v -0.16275 0.255155 0.399429
v -0.168011 0.245854 0.401837
v -0.121639 0.245974 0.417354
v -0.174343 0.2356 0.403977
v -0.184688 0.23095 0.402194
v -0.162572 0.224511 0.411647
v -0.177999 0.209009 0.410933
v -0.193516 -0.596094 0.409328
v -0.185401 -0.619107 0.402461
v -0.175056 -0.622208 0.404156
v -0.166139 -0.632462 0.401213
v -0.147055 -0.637947 0.404423
v -0.100593 -0.645817 0.415214
v -0.12583 -0.651183 0.403264
v -0.0994335 -0.658456 0.406653
v -0.0935478 -0.666088 0.402818
v -0.0387033 -0.642597 0.425826
v 0.00865027 -0.641167 0.429661
v -0.0541311 -0.652017 0.419227
v -0.085165 -0.675507 0.397646
v -0.0696481 -0.677296 0.399251
v -0.0541311 -0.670142 0.405939
v 0.00766931 -0.662391 0.415571
v 0.115218 -0.641286 0.41352
v 0.131627 -0.642597 0.409328
v 0.00766931 -0.654641 0.4211
v 0.0231863 -0.662868 0.415927
v 0.0387033 -0.661914 0.415214
v 0.131627 -0.651779 0.403621
v 0.0805278 -0.666684 0.403264
v 0.100593 -0.663941 0.401213
v 0.11611 -0.661795 0.399608
v 0.11611 -0.654044 0.405226
v 0.131627 -0.659529 0.397735
v 0.131627 -0.669426 0.389976
v 0.141704 -0.66728 0.388282
v 0.183083 -0.66418 0.370268
v 0.201721 -0.650586 0.371873
v 0.176751 -0.642001 0.389887
v 0.156686 -0.636278 0.403532
v 0.162126 -0.627096 0.406474
v 0.183707 -0.617199 0.40157
v 0.162661 -0.611834 0.4145
v 0.173362 -0.621969 0.404067
v 0.22999 -0.60146 0.385963
v 0.208855 -0.596213 0.398805
v 0.20939 -0.611953 0.391314
v 0.219646 -0.606945 0.38855
v 0.234538 -0.591086 0.388282
v 0.243456 -0.580712 0.384982
v 0.243545 -0.565211 0.384982
v 0.204664 -0.565211 0.404334
v 0.243545 0.147005 0.384982
v 0.255495 0.147005 0.377492
v 0.255495 0.162506 0.377402
v 0.256298 0.176696 0.375619
v 0.25282 0.193508 0.375262
v 0.260578 0.193508 0.369376
v 0.257992 0.209009 0.367236
v 0.255406 0.224272 0.363847
v 0.24524 0.228446 0.370179
v 0.234984 0.235361 0.372943
v 0.183172 0.228207 0.401302
v 0.172827 0.235242 0.403888
v 0.162928 0.24025 0.406564
v 0.158023 0.250982 0.404156
v 0.1475 0.255871 0.406742
v 0.15294 0.261236 0.401659
v 0.183974 0.261356 0.386231
v 0.204664 0.266125 0.3733
v 0.178534 0.271133 0.383288
v 0.1475 0.271014 0.398716
v 0.139742 0.294385 0.387301
v 0.131627 0.276618 0.401302
v 0.131627 0.268868 0.405761
v 0.117002 0.255036 0.415571
v 0.117002 0.272326 0.40692
v 0.0696481 0.274114 0.415481
v 0.122709 0.278288 0.402372
v 0.117002 0.28568 0.398983
v 0.100593 0.289734 0.399875
v 0.076158 0.293789 0.402283
v 0.0658134 0.295339 0.403353
v 0.0231863 0.29987 0.406831
v 0.11611 0.298916 0.390512
v 0.0387033 0.306666 0.400232
v 0.0231863 0.30762 0.401035
v 0.00766931 0.299631 0.406564
v 0.00766931 0.287827 0.414233
v -0.0168546 0.278884 0.418157
v -0.00766931 0.287111 0.413787
v -0.0541311 0.276857 0.416997
v -0.0387033 0.269941 0.421724
v -0.214741 0.162506 0.401213
v -0.21483 0.147005 0.401302
v -0.213581 0.178007 0.400499
v -0.207071 -0.580712 0.406207
v -0.204307 -0.596094 0.404423
v -0.193784 0.208652 0.405226
v -0.202256 0.203286 0.403175
v -0.21153 0.193508 0.399073
v -0.0696481 0.275903 0.416552
v -0.0802602 0.295458 0.403442
v -0.0853434 0.28735 0.40701
v -0.110848 0.279957 0.403442
v -0.0906049 0.293073 0.401837
v -0.100593 0.29045 0.400232
v -0.116021 0.28568 0.398092
v -0.121104 0.277214 0.401659
v -0.157132 0.279957 0.387925
v -0.167476 0.277095 0.386142
v -0.177999 0.266244 0.388817
v -0.186293 0.26374 0.38739
v -0.150622 0.260163 0.401213
v -0.177999 0.255513 0.394079
v -0.178891 0.240369 0.40041
v -0.195032 0.241443 0.393009
v -0.193784 0.225345 0.400054
v -0.188701 0.220695 0.403799
v -0.178891 0.225345 0.40585
v -0.201453 -0.604083 0.402729
v -0.193516 -0.60766 0.404334
v -0.193516 -0.615411 0.400589
v -0.194319 -0.627931 0.392919
v -0.189682 -0.638305 0.389174
v -0.182458 -0.648559 0.385874
v -0.177643 -0.643074 0.390957
v -0.179337 -0.627216 0.399786
v -0.136175 -0.648679 0.40148
v -0.172114 -0.651183 0.387658
v -0.162572 -0.66108 0.383466
v -0.139831 -0.666088 0.387301
v -0.11611 -0.670976 0.391225
v -0.11611 -0.678727 0.384804
v -0.0999686 -0.673361 0.394614
v -0.0960448 -0.682423 0.388193
v -0.085165 -0.684331 0.389976
v -0.0541311 -0.677892 0.399786
v -0.0696481 -0.68612 0.391492
v -0.0231863 -0.671334 0.40692
v 0.00766931 -0.672526 0.407812
v 0.0231863 -0.672884 0.408169
v 0.0387033 -0.67193 0.407455
v 0.0696481 -0.668115 0.404334
v 0.0696481 -0.675865 0.398092
v 0.11611 -0.679562 0.385607
v 0.11611 -0.671811 0.391849
v 0.131627 -0.677177 0.383377
v 0.142863 -0.68302 0.373389
v 0.153208 -0.680516 0.370803
v 0.193516 -0.678011 0.353057
v 0.193516 -0.670261 0.359923
v 0.172738 -0.66728 0.372854
v 0.214116 -0.66418 0.35484
v 0.232666 -0.650706 0.356356
v 0.212065 -0.646771 0.369198
v 0.218754 -0.636397 0.372587
v 0.198064 -0.632343 0.385518
v 0.16703 -0.632224 0.400945
v 0.214741 -0.617319 0.386053
v 0.23543 -0.621969 0.373211
v 0.2398 -0.596213 0.383377
v 0.240335 -0.611953 0.375886
v 0.255138 -0.594782 0.374816
v 0.263343 -0.588701 0.371784
v 0.255495 -0.580712 0.377402
v 0.255495 -0.565211 0.377492
v 0.263432 0.147005 0.371873
v 0.263432 0.162506 0.371784
v 0.263254 0.170614 0.371695
v 0.262094 0.180988 0.370625
v 0.269496 0.193508 0.361618
v 0.293307 0.197324 0.339858
v 0.309448 0.200424 0.324966
v 0.266999 0.209009 0.359478
v 0.26468 0.220218 0.357426
v 0.262451 0.230592 0.355464
v 0.252106 0.240012 0.359834
v 0.249074 0.249789 0.357248
v 0.240067 0.24025 0.367771
v 0.230347 0.245616 0.370714
v 0.199313 0.245616 0.386142
v 0.168279 0.245497 0.40157
v 0.189057 0.250982 0.388728
v 0.224907 0.25599 0.368485
v 0.209479 0.25599 0.376154
v 0.162928 0.255871 0.39934
v 0.215008 0.261475 0.370714
v 0.224372 0.271133 0.360458
v 0.229366 0.276499 0.354662
v 0.198332 0.27638 0.370179
v 0.167298 0.27638 0.385607
v 0.157043 0.280315 0.388193
v 0.145717 0.2858 0.390066
v 0.170776 0.294504 0.371873
v 0.162572 0.297008 0.373924
v 0.145717 0.301181 0.37874
v 0.141436 0.31084 0.372676
v 0.131627 0.313344 0.374638
v 0.131627 0.303924 0.382396
v 0.131627 0.296173 0.38855
v 0.131627 0.286396 0.39506
v 0.150087 0.290688 0.384715
v 0.11611 0.306547 0.384626
v 0.100593 0.308574 0.386231
v 0.0387033 0.316325 0.392473
v 0.00766931 0.307382 0.400767
v 0.0231863 0.317279 0.393276
v -0.0696481 0.296412 0.404156
v -0.0387033 0.286396 0.412271
v -0.0696481 0.286396 0.410309
v -0.234182 0.162506 0.388371
v -0.233468 0.174788 0.387925
v -0.234271 0.147005 0.38846
v -0.21483 -0.580712 0.401302
v -0.225977 0.1792 0.392117
v -0.223213 0.193508 0.391403
v -0.233557 -0.590371 0.387925
v -0.199045 0.21366 0.40157
v -0.209568 0.224153 0.391403
v -0.208052 0.208652 0.397646
v -0.22027 0.209009 0.389441
v -0.240692 0.208771 0.375975
v -0.248718 0.203405 0.372319
v -0.0696481 0.304043 0.39827
v -0.0696481 0.31394 0.390512
v -0.085165 0.311913 0.388906
v -0.0853434 0.301062 0.397467
v -0.0997902 0.302493 0.391671
v -0.11611 0.297843 0.389887
v -0.126811 0.295458 0.388104
v -0.137156 0.292954 0.38632
v -0.162393 0.28568 0.382485
v -0.177999 0.273995 0.384269
v -0.172649 0.295458 0.372587
v -0.17791 0.286873 0.376065
v -0.182993 0.292358 0.370357
v -0.189503 0.282103 0.373924
v -0.19307 0.270537 0.379097
v -0.204931 0.26696 0.374014
v -0.197708 0.255513 0.384982
v -0.201186 0.247524 0.387034
v -0.189949 0.255513 0.389263
v -0.204842 0.237269 0.389441
v -0.266018 -0.60766 0.358051
v -0.208498 -0.610999 0.394525
v -0.205199 -0.6234 0.389709
v -0.224639 -0.595736 0.391314
v -0.229901 -0.600625 0.385518
v -0.200026 -0.633774 0.38632
v -0.194319 -0.643074 0.383288
v -0.193516 -0.65476 0.375173
v -0.185312 -0.665611 0.371427
v -0.178713 -0.658337 0.379721
v -0.174967 -0.668115 0.373478
v -0.162572 -0.670857 0.375708
v -0.162572 -0.678608 0.369198
v -0.152673 -0.680516 0.370892
v -0.162572 -0.686954 0.361529
v -0.107014 -0.696374 0.37116
v -0.085165 -0.692082 0.382575
v -0.0696481 -0.69387 0.38418
v -0.0231863 -0.679085 0.400767
v -0.0541311 -0.686716 0.392028
v -0.0541311 -0.694466 0.384893
v 0.00766931 -0.680277 0.401659
v 0.0231863 -0.680635 0.401926
v 0.0387033 -0.679681 0.401213
v 0.106033 -0.680754 0.386677
v 0.11611 -0.688028 0.377848
v 0.131627 -0.685524 0.375708
v 0.131627 -0.693274 0.368128
v 0.142685 -0.698282 0.357783
v 0.15303 -0.695897 0.355197
v 0.162572 -0.693632 0.352878
v 0.173897 -0.683139 0.357961
v 0.215276 -0.680516 0.339947
v 0.224461 -0.66096 0.352076
v 0.224461 -0.670022 0.344317
v 0.233646 -0.667041 0.341731
v 0.238284 -0.656548 0.347082
v 0.24952 -0.652017 0.342177
v 0.24301 -0.645698 0.352522
v 0.248182 -0.635443 0.356535
v 0.245775 -0.617319 0.370446
v 0.240335 -0.627216 0.367147
v 0.229098 -0.632343 0.370001
v 0.249788 -0.607064 0.373122
v 0.260132 -0.598956 0.36902
v 0.266107 -0.608495 0.358675
v 0.269942 -0.594425 0.362955
v 0.279573 -0.589894 0.356891
v 0.329513 -0.580712 0.313551
v 0.320773 -0.580712 0.321309
v 0.296517 -0.580712 0.342712
v 0.263432 -0.580712 0.371873
v 0.287778 0.147005 0.350471
v 0.27993 0.162506 0.357248
v 0.304186 0.162506 0.335845
v 0.329513 0.162506 0.313462
v 0.328532 0.178007 0.312659
v 0.319792 0.178007 0.320417
v 0.279484 0.173715 0.356802
v 0.270834 0.177292 0.363758
v 0.277255 0.193508 0.35484
v 0.326748 0.193508 0.311143
v 0.325678 0.202571 0.310073
v 0.274758 0.209009 0.3527
v 0.271725 0.22618 0.349044
v 0.278681 0.232142 0.340572
v 0.259776 0.240012 0.353146
v 0.265305 0.250863 0.342444
v 0.255495 0.255513 0.348419
v 0.245329 0.260163 0.354305
v 0.240067 0.255155 0.360369
v 0.234984 0.266125 0.357872
v 0.21911 0.280434 0.357248
v 0.232309 0.294266 0.340661
v 0.224372 0.285919 0.350827
v 0.212155 0.290688 0.353859
v 0.188076 0.280315 0.372765
v 0.193338 0.285919 0.366433
v 0.20181 0.294504 0.356356
v 0.207785 0.301301 0.347795
v 0.213849 0.307978 0.339234
v 0.151781 0.307978 0.37009
v 0.162572 0.313702 0.359656
v 0.147144 0.317517 0.363847
v 0.131627 0.321094 0.36786
v 0.11611 0.316206 0.376956
v 0.11611 0.323956 0.370536
v 0.0387033 0.324075 0.386142
v 0.0231863 0.325029 0.387034
v -0.0387033 0.315252 0.391582
v -0.0387033 0.305474 0.399251
v 0.00766931 0.31704 0.393009
v -0.00766931 0.324195 0.38632
v -0.0541311 0.304759 0.398805
v -0.288402 0.162506 0.352343
v -0.278592 0.185281 0.356089
v -0.27993 0.175026 0.356981
v -0.280822 0.147005 0.357516
v -0.234271 -0.565211 0.38846
v -0.253622 -0.580712 0.37553
v -0.280019 -0.590371 0.35707
v -0.269764 0.193508 0.360458
v -0.217862 0.218787 0.387836
v -0.215187 0.229161 0.386053
v -0.274579 0.209009 0.353413
v -0.295001 0.203525 0.341374
v -0.0541311 0.314656 0.391047
v -0.0541311 0.322406 0.384715
v -0.0696481 0.321691 0.384002
v -0.104338 0.308097 0.385785
v -0.085165 0.319664 0.382307
v -0.106746 0.324552 0.371071
v -0.162572 0.297724 0.37437
v -0.11611 0.305593 0.383823
v -0.162572 0.305474 0.368217
v -0.162572 0.314894 0.360458
v -0.174254 0.312032 0.35814
v -0.184509 0.308932 0.355375
v -0.193516 0.297843 0.359388
v -0.201988 0.294743 0.356624
v -0.19423 0.286873 0.367414
v -0.199759 0.277214 0.370625
v -0.207874 0.285561 0.359388
v -0.279573 0.264456 0.325946
v -0.23329 0.264337 0.356802
v -0.215187 0.261236 0.370625
v -0.256119 0.271729 0.336915
v -0.27012 0.270179 0.328622
v -0.209658 0.255871 0.377135
v -0.247647 0.247643 0.356089
v -0.276095 0.244066 0.338967
v -0.229633 0.244066 0.369822
v -0.240513 0.240727 0.364204
v -0.23329 0.233692 0.372319
v -0.209568 0.241443 0.384358
v -0.219289 0.250863 0.3733
v -0.276363 -0.600744 0.354573
v -0.294377 -0.604322 0.340839
v -0.285816 -0.610284 0.343515
v -0.262094 -0.617915 0.355375
v -0.215543 -0.617796 0.38632
v -0.233646 -0.620896 0.372587
v -0.285726 -0.595736 0.350738
v -0.275025 -0.63127 0.338253
v -0.26477 -0.636397 0.341642
v -0.218219 -0.636278 0.372587
v -0.230882 -0.649156 0.355286
v -0.212779 -0.646652 0.36893
v -0.202434 -0.651302 0.372408
v -0.193516 -0.66251 0.368752
v -0.203593 -0.667518 0.357605
v -0.196192 -0.677892 0.3527
v -0.185847 -0.68135 0.356178
v -0.177999 -0.683497 0.35814
v -0.179337 -0.67348 0.366968
v -0.162572 -0.694705 0.353948
v -0.153297 -0.696255 0.355554
v -0.143042 -0.697924 0.357337
v -0.096669 -0.698044 0.372854
v -0.085165 -0.699713 0.374816
v -0.0696481 -0.701263 0.376511
v -0.0541311 -0.701979 0.377135
v -0.0231863 -0.687789 0.393009
v 0.0148927 -0.696851 0.387123
v 0.0183707 -0.696851 0.387123
v 0.0287153 -0.696732 0.387034
v 0.0387033 -0.688147 0.393454
v 0.0696481 -0.684808 0.390333
v 0.085165 -0.683139 0.388728
v 0.101841 -0.689339 0.379632
v 0.107995 -0.696732 0.371517
v 0.11611 -0.695778 0.370625
v 0.131627 -0.700548 0.360369
v 0.204842 -0.698401 0.326927
v 0.184063 -0.696017 0.339769
v 0.131627 -0.708298 0.351095
v 0.162572 -0.700667 0.34512
v 0.210014 -0.689578 0.333437
v 0.215097 -0.696017 0.324163
v 0.224461 -0.677773 0.336915
v 0.265929 -0.668234 0.312124
v 0.292504 -0.664299 0.292683
v 0.243902 -0.662391 0.337272
v 0.224461 -0.685166 0.329157
v 0.23329 -0.682066 0.326036
v 0.23864 -0.672526 0.331654
v 0.292236 -0.648202 0.307932
v 0.276006 -0.647367 0.322825
v 0.259865 -0.646532 0.337629
v 0.253979 -0.641047 0.347082
v 0.281892 -0.653329 0.312481
v 0.264413 -0.636278 0.341642
v 0.279038 -0.619823 0.340928
v 0.259419 -0.627096 0.352789
v 0.262808 -0.61875 0.355821
v 0.25166 -0.627096 0.359478
v 0.256298 -0.612907 0.364561
v 0.27119 -0.612788 0.351808
v 0.298211 -0.611595 0.328711
v 0.308824 -0.602533 0.32443
v 0.276452 -0.600267 0.354127
v 0.328086 -0.593352 0.312213
v 0.337271 -0.580712 0.306506
v 0.337271 -0.565211 0.306595
v 0.329513 0.147005 0.313551
v 0.287778 -0.565211 0.350471
v 0.320773 0.147005 0.321309
v 0.337271 0.147005 0.306595
v 0.337182 0.162506 0.306506
v 0.33629 0.178007 0.305614
v 0.295536 0.178007 0.34182
v 0.334507 0.193508 0.304009
v 0.341374 0.203525 0.295002
v 0.332634 0.208175 0.30169
v 0.323538 0.212825 0.308289
v 0.307843 0.209009 0.323539
v 0.283586 0.209009 0.344941
v 0.313372 0.224511 0.312926
v 0.32113 0.224511 0.30606
v 0.294823 0.233334 0.325768
v 0.268604 0.240012 0.345387
v 0.304543 0.255513 0.305168
v 0.291791 0.243708 0.323004
v 0.307932 0.244901 0.308111
v 0.261916 0.261117 0.339502
v 0.251571 0.267914 0.34405
v 0.241137 0.272206 0.349311
v 0.224461 0.296889 0.342801
v 0.247291 0.278168 0.340304
v 0.263432 0.279003 0.325411
v 0.274936 0.290092 0.306416
v 0.291166 0.290808 0.291524
v 0.26468 0.295577 0.310965
v 0.242653 0.305236 0.320685
v 0.232309 0.309767 0.325233
v 0.214919 0.324195 0.324074
v 0.203504 0.310959 0.341731
v 0.209212 0.317517 0.332992
v 0.183885 0.324195 0.33968
v 0.152762 0.324075 0.355108
v 0.142507 0.326579 0.357605
v 0.131627 0.328964 0.360102
v 0.107638 0.325029 0.371427
v 0.11611 0.331468 0.362777
v 0.0387033 0.331587 0.378383
v 0.00766931 0.332303 0.379097
v 0.00766931 0.324791 0.386766
v 0.0387033 0.339338 0.370268
v 0.0231863 0.340173 0.37116
v 0.00766931 0.340053 0.371071
v -0.0387033 0.323002 0.38525
v -0.0541311 0.330514 0.376956
v -0.298746 0.162506 0.344585
v -0.288491 0.147005 0.352343
v -0.285637 0.179319 0.352432
v -0.297855 0.178007 0.343782
v -0.28644 0.193508 0.349311
v -0.280822 -0.565211 0.357516
v -0.280732 -0.580712 0.357516
v -0.296606 -0.596094 0.342712
v -0.288491 -0.580712 0.352343
v -0.298836 -0.580712 0.344585
v -0.243545 0.224511 0.368841
v -0.27012 0.224272 0.351273
v -0.261648 0.22928 0.355108
v -0.282338 0.224511 0.343069
v -0.287153 0.208771 0.345031
v -0.292772 0.213898 0.339502
v -0.298301 0.224511 0.329603
v -0.301689 0.208175 0.332635
v -0.310072 0.202571 0.325679
v -0.304008 0.193508 0.334508
v -0.296249 0.193508 0.342444
v -0.0696481 0.32968 0.376243
v -0.085165 0.32801 0.374549
v -0.140366 0.310124 0.371962
v -0.150711 0.307978 0.370268
v -0.0964015 0.326222 0.372765
v -0.085165 0.335761 0.366344
v -0.142685 0.326222 0.357159
v -0.15303 0.324433 0.355554
v -0.162572 0.322645 0.35377
v -0.174611 0.327533 0.343247
v -0.179605 0.318352 0.349311
v -0.202791 0.310721 0.341642
v -0.213136 0.307024 0.338253
v -0.207517 0.300943 0.347438
v -0.184955 0.324672 0.340126
v -0.248539 0.294743 0.325679
v -0.230436 0.292477 0.339412
v -0.224194 0.286157 0.348152
v -0.220091 0.29677 0.34289
v -0.217862 0.279718 0.356891
v -0.24631 0.277334 0.33968
v -0.294823 0.264098 0.310429
v -0.290275 0.255513 0.321042
v -0.293217 0.245974 0.324074
v -0.282516 0.255513 0.328265
v -0.270923 0.255871 0.33638
v -0.261738 0.261356 0.33968
v -0.264413 0.279838 0.325946
v -0.274758 0.27471 0.322112
v -0.280732 0.281268 0.311767
v -0.28537 0.269464 0.316226
v -0.265751 0.250982 0.342355
v -0.279752 0.233811 0.341374
v -0.309537 -0.603606 0.324966
v -0.298568 -0.610284 0.332724
v -0.296249 -0.622327 0.327373
v -0.290542 -0.614576 0.337718
v -0.280197 -0.620896 0.341642
v -0.305346 -0.597525 0.333081
v -0.277433 -0.649156 0.324163
v -0.271101 -0.642836 0.332992
v -0.236322 -0.638782 0.358853
v -0.248985 -0.651302 0.341463
v -0.220626 -0.653329 0.358675
v -0.2604 -0.663703 0.323271
v -0.231952 -0.665611 0.340483
v -0.250055 -0.667518 0.326749
v -0.208944 -0.6736 0.34833
v -0.238462 -0.673123 0.329157
v -0.242653 -0.677892 0.321755
v -0.214206 -0.679681 0.338967
v -0.250412 -0.68302 0.3115
v -0.231595 -0.696494 0.30927
v -0.185134 -0.696374 0.340215
v -0.179159 -0.692082 0.348509
v -0.174789 -0.699117 0.343425
v -0.162572 -0.701621 0.34619
v -0.131627 -0.699713 0.35921
v -0.146965 -0.704602 0.34833
v -0.085165 -0.707464 0.365898
v -0.0696481 -0.709014 0.36786
v -0.0541311 -0.709729 0.368752
v -0.0387033 -0.702456 0.37767
v -0.0387033 -0.710206 0.369198
v -0.00766931 -0.711041 0.370179
v 0.00766931 -0.711399 0.370625
v 0.0231863 -0.711518 0.370803
v 0.0233646 -0.702456 0.38088
v 0.0387033 -0.695897 0.386231
v 0.0387033 -0.710802 0.369822
v 0.0387033 -0.703052 0.378472
v 0.085165 -0.690889 0.381594
v 0.09765 -0.697686 0.372587
v 0.085165 -0.698878 0.373835
v 0.101306 -0.704721 0.364026
v 0.104873 -0.711637 0.355464
v 0.11611 -0.702813 0.362866
v 0.11611 -0.710564 0.354038
v 0.193516 -0.708418 0.320239
v 0.202167 -0.71271 0.310251
v 0.11611 -0.716764 0.346279
v 0.131627 -0.714379 0.343336
v 0.140366 -0.71271 0.341196
v 0.212511 -0.710206 0.306506
v 0.221697 -0.699832 0.313818
v 0.225888 -0.693632 0.318366
v 0.282159 -0.66883 0.297231
v 0.298301 -0.669426 0.282338
v 0.308645 -0.664895 0.277701
v 0.303384 -0.65941 0.287689
v 0.298122 -0.653925 0.297588
v 0.232041 -0.696613 0.309449
v 0.239086 -0.685524 0.316761
v 0.281803 -0.683616 0.281447
v 0.292147 -0.679681 0.276898
v 0.243634 -0.678011 0.321488
v 0.308378 -0.648917 0.29304
v 0.312926 -0.638663 0.297053
v 0.30704 -0.631747 0.307397
v 0.301154 -0.626262 0.316672
v 0.314709 -0.611595 0.314086
v 0.311321 -0.621492 0.311143
v 0.324965 -0.603606 0.309538
v 0.33308 -0.597525 0.305346
v 0.342711 -0.596094 0.296607
v 0.344584 -0.580712 0.298836
v 0.344584 0.147005 0.298836
v 0.344584 0.162506 0.298747
v 0.343781 0.178007 0.297855
v 0.342444 0.193508 0.29625
v 0.372318 0.203405 0.248718
v 0.353413 0.209009 0.27458
v 0.34503 0.208771 0.287154
v 0.339501 0.213898 0.292772
v 0.329602 0.224511 0.298301
v 0.34931 0.193508 0.286441
v 0.360458 0.193508 0.269764
v 0.327105 0.235719 0.295983
v 0.301422 0.239058 0.316939
v 0.313282 0.255513 0.297409
v 0.310429 0.264098 0.294823
v 0.294198 0.263263 0.309716
v 0.324073 0.245974 0.293218
v 0.317563 0.24025 0.302047
v 0.290007 0.273637 0.305971
v 0.306148 0.274472 0.291078
v 0.279662 0.279718 0.310519
v 0.3016 0.286038 0.286084
v 0.307308 0.291523 0.276363
v 0.296963 0.29677 0.281179
v 0.285994 0.301658 0.286084
v 0.291166 0.307143 0.276007
v 0.285726 0.316921 0.270388
v 0.258438 0.321214 0.289918
v 0.231952 0.32491 0.309359
v 0.225888 0.321333 0.318277
v 0.204574 0.326579 0.326749
v 0.221607 0.328249 0.313729
v 0.213046 0.338623 0.306862
v 0.202702 0.341365 0.310608
v 0.162572 0.328964 0.344941
v 0.131627 0.336715 0.351541
v 0.11611 0.339219 0.354484
v 0.1063 0.340292 0.355732
v 0.085165 0.334926 0.365631
v 0.0541311 0.337907 0.368752
v -0.00766931 0.331945 0.378562
v -0.0387033 0.330991 0.377492
v 0.085165 0.3422 0.357872
v 0.0696481 0.343631 0.359388
v 0.0541311 0.344942 0.360994
v 0.0387033 0.346254 0.36251
v 0.0231863 0.346969 0.363491
v 0.00766931 0.346969 0.363312
v -0.0387033 0.345777 0.361885
v -0.0541311 0.345419 0.36135
v -0.0231863 0.339219 0.37009
v -0.0541311 0.338265 0.369109
v -0.306505 0.162506 0.337183
v -0.306594 0.147005 0.337272
v -0.298836 0.147005 0.344585
v -0.305613 0.178007 0.336291
v -0.306505 -0.580712 0.337272
v -0.312212 -0.593352 0.328087
v -0.306594 -0.565211 0.337272
v -0.290096 0.224511 0.337361
v -0.295982 0.235719 0.327106
v -0.306059 0.224511 0.321131
v -0.308288 0.212825 0.323539
v -0.324965 0.200424 0.309449
v -0.311142 0.193508 0.326749
v -0.323538 0.209009 0.307843
v -0.344941 0.209009 0.283587
v -0.352699 0.209009 0.274758
v -0.0696481 0.33743 0.368217
v -0.0696481 0.344585 0.360548
v -0.085165 0.342796 0.358586
v -0.095153 0.341365 0.356891
v -0.151781 0.339696 0.339591
v -0.162572 0.330037 0.346012
v -0.162572 0.337788 0.337272
v -0.172827 0.341961 0.326838
v -0.178891 0.333376 0.333437
v -0.239978 0.314059 0.313818
v -0.231239 0.308932 0.32443
v -0.239978 0.305713 0.321577
v -0.183172 0.339219 0.323449
v -0.225442 0.333376 0.302582
v -0.231506 0.324672 0.309181
v -0.266018 0.29677 0.311946
v -0.258795 0.290092 0.322201
v -0.254425 0.285561 0.328443
v -0.254068 0.300943 0.316494
v -0.240692 0.286992 0.336559
v -0.309715 0.263263 0.294199
v -0.305167 0.255513 0.304544
v -0.297409 0.255513 0.313283
v -0.291077 0.274472 0.306149
v -0.30597 0.273637 0.290008
v -0.344049 0.267914 0.251572
v -0.30811 0.244901 0.307932
v -0.302046 0.24025 0.317564
v -0.28644 0.239892 0.332992
v -0.276363 0.291523 0.307308
v -0.286083 0.286038 0.301601
v -0.32443 -0.602533 0.308824
v -0.314085 -0.611595 0.31471
v -0.307218 -0.611595 0.322379
v -0.311142 -0.621492 0.311321
v -0.307397 -0.631747 0.307041
v -0.297052 -0.638663 0.312926
v -0.292326 -0.632581 0.323271
v -0.281981 -0.638901 0.327908
v -0.28751 -0.643909 0.318545
v -0.282784 -0.654521 0.313907
v -0.2777 -0.664895 0.308646
v -0.267356 -0.669426 0.312926
v -0.267088 -0.653329 0.32773
v -0.260757 -0.679681 0.307843
v -0.255406 -0.6736 0.317385
v -0.24952 -0.697924 0.295537
v -0.203237 -0.697924 0.326482
v -0.178713 -0.70496 0.333348
v -0.172381 -0.713306 0.326482
v -0.162572 -0.709371 0.336826
v -0.150889 -0.71116 0.339323
v -0.131627 -0.707464 0.350292
v -0.0942612 -0.71271 0.356624
v -0.085165 -0.713903 0.35814
v -0.0696481 -0.715572 0.360102
v -0.0541311 -0.716407 0.360994
v -0.0231863 -0.717122 0.361974
v 0.00766931 -0.717837 0.362866
v 0.0231863 -0.717837 0.363045
v 0.0387033 -0.717122 0.362153
v 0.0696481 -0.700309 0.375351
v 0.0696481 -0.714737 0.359032
v 0.085165 -0.713426 0.357426
v 0.0696481 -0.70806 0.366701
v 0.085165 -0.706629 0.365185
v 0.100058 -0.717241 0.34949
v 0.193516 -0.714499 0.312481
v 0.19307 -0.722607 0.300977
v 0.197975 -0.726661 0.29197
v 0.208052 -0.715691 0.301601
v 0.100593 -0.725946 0.338075
v 0.11611 -0.724515 0.335845
v 0.131181 -0.722607 0.331921
v 0.162215 -0.722726 0.316494
v 0.177197 -0.716526 0.317742
v 0.219021 -0.713545 0.296161
v 0.225531 -0.705198 0.302849
v 0.313907 -0.654521 0.282784
v 0.303116 -0.674554 0.272083
v 0.307843 -0.679681 0.260757
v 0.312926 -0.669426 0.267356
v 0.324162 -0.649156 0.277434
v 0.254247 -0.699832 0.285549
v 0.248182 -0.69709 0.294645
v 0.258527 -0.693393 0.290097
v 0.239978 -0.693751 0.305971
v 0.253979 -0.688028 0.30062
v 0.274758 -0.69387 0.275204
v 0.286351 -0.688982 0.270834
v 0.297498 -0.684093 0.266554
v 0.318544 -0.643909 0.287511
v 0.32327 -0.632581 0.292326
v 0.327373 -0.622327 0.29625
v 0.322379 -0.611595 0.307219
v 0.340838 -0.604322 0.294377
v 0.332723 -0.610284 0.298569
v 0.350737 -0.595736 0.285727
v 0.357069 -0.590371 0.28002
v 0.352342 -0.580712 0.288492
v 0.352342 0.147005 0.288492
v 0.352342 0.162506 0.288402
v 0.352432 0.179319 0.285638
v 0.391402 0.193508 0.223213
v 0.403174 0.203286 0.202256
v 0.375975 0.208771 0.240692
v 0.387835 0.218787 0.217862
v 0.351272 0.224272 0.270121
v 0.343068 0.224511 0.282338
v 0.341374 0.233811 0.279752
v 0.337361 0.224511 0.290097
v 0.356088 0.185281 0.278593
v 0.332991 0.239892 0.286441
v 0.328264 0.255513 0.282517
v 0.321041 0.255513 0.290275
v 0.325946 0.264456 0.279574
v 0.316225 0.269464 0.28537
v 0.311766 0.281268 0.280733
v 0.295804 0.280434 0.295626
v 0.311945 0.29677 0.266019
v 0.302046 0.301897 0.271013
v 0.322111 0.27471 0.274758
v 0.296695 0.312032 0.265751
v 0.280376 0.326222 0.264681
v 0.27449 0.32181 0.275026
v 0.264235 0.325864 0.279574
v 0.254157 0.32813 0.28546
v 0.239978 0.32801 0.298123
v 0.219467 0.342319 0.296518
v 0.193516 0.336715 0.320685
v 0.20832 0.344823 0.301779
v 0.199491 0.355435 0.292951
v 0.193962 0.351739 0.301512
v 0.193516 0.343392 0.312926
v 0.172024 0.341365 0.326036
v 0.14099 0.341365 0.341463
v 0.131627 0.343273 0.343782
v 0.11611 0.345777 0.346725
v 0.100593 0.355078 0.339234
v 0.10095 0.346373 0.349668
v -0.0387033 0.338742 0.369644
v 0.0696481 0.351381 0.350114
v 0.0541311 0.352693 0.351719
v 0.0387033 0.354004 0.353235
v 0.0231863 0.35472 0.354216
v 0.00766931 0.35472 0.354216
v -0.0387033 0.353527 0.352789
v -0.0541311 0.35317 0.352254
v -0.313461 0.162506 0.329514
v -0.312658 0.178007 0.328533
v -0.31355 0.147005 0.329514
v -0.31355 -0.580712 0.329514
v -0.356891 -0.589894 0.279574
v -0.325767 0.233334 0.294823
v -0.312926 0.224511 0.313372
v -0.340571 0.232142 0.278682
v -0.349043 0.22618 0.271726
v -0.339858 0.197443 0.293307
v -0.359477 0.209009 0.267
v -0.354839 0.193508 0.277255
v -0.320417 0.178007 0.319793
v -0.357426 0.220218 0.264681
v -0.0696481 0.352335 0.351095
v -0.11611 0.344942 0.345655
v -0.131627 0.342796 0.34298
v -0.0857893 0.3515 0.347617
v -0.146787 0.346015 0.333794
v -0.162572 0.344227 0.329514
v -0.163731 0.352693 0.317564
v -0.177999 0.345896 0.31792
v -0.19093 0.343273 0.313105
v -0.201275 0.34065 0.309627
v -0.249342 0.310721 0.310697
v -0.239978 0.321691 0.306327
v -0.229723 0.339219 0.292505
v -0.239978 0.328726 0.298569
v -0.249253 0.326222 0.295358
v -0.259597 0.307143 0.307041
v -0.265751 0.312032 0.296696
v -0.271012 0.301897 0.302047
v -0.339501 0.261117 0.261917
v -0.348419 0.255513 0.255496
v -0.342444 0.250863 0.265305
v -0.295625 0.280434 0.295804
v -0.310518 0.279718 0.279663
v -0.325411 0.279003 0.263433
v -0.340303 0.278168 0.247291
v -0.34931 0.272206 0.241138
v -0.354304 0.260163 0.245329
v -0.323003 0.243708 0.291791
v -0.316939 0.239058 0.301422
v -0.281178 0.29677 0.296964
v -0.291523 0.290808 0.291167
v -0.358674 -0.608495 0.266108
v -0.351807 -0.612788 0.271191
v -0.340928 -0.619823 0.279039
v -0.354126 -0.600267 0.276453
v -0.316671 -0.626262 0.301155
v -0.341641 -0.636278 0.264414
v -0.307932 -0.648202 0.292237
v -0.293039 -0.648917 0.308378
v -0.287688 -0.65941 0.303384
v -0.292682 -0.664299 0.292415
v -0.282338 -0.669426 0.298301
v -0.276898 -0.679681 0.292148
v -0.272082 -0.674554 0.303117
v -0.266553 -0.684093 0.297499
v -0.259776 -0.694347 0.290899
v -0.25496 -0.701025 0.285995
v -0.246845 -0.711756 0.277879
v -0.240959 -0.708656 0.286797
v -0.229188 -0.710802 0.292148
v -0.239978 -0.700428 0.298747
v -0.194765 -0.708775 0.317742
v -0.182637 -0.710802 0.323093
v -0.218843 -0.713306 0.295537
v -0.209033 -0.715572 0.298836
v -0.177732 -0.716883 0.317742
v -0.162928 -0.723561 0.317029
v -0.162572 -0.715333 0.329068
v -0.131627 -0.713903 0.342534
v -0.146252 -0.716883 0.333616
v -0.11611 -0.71593 0.345209
v -0.100593 -0.725588 0.33745
v -0.0843624 -0.722368 0.347082
v -0.0787442 -0.728092 0.341107
v -0.0696481 -0.723322 0.349935
v -0.0541311 -0.724157 0.351095
v -0.0387033 -0.724515 0.35163
v -0.00766931 -0.72523 0.352611
v 0.00766931 -0.725588 0.353057
v 0.0231863 -0.725588 0.353057
v 0.0387033 -0.724873 0.352076
v 0.0541311 -0.72368 0.35056
v 0.085165 -0.720461 0.348419
v 0.177999 -0.724992 0.305346
v 0.187631 -0.72845 0.29518
v 0.19307 -0.731311 0.286708
v 0.193427 -0.739658 0.270656
v 0.204664 -0.729284 0.281714
v 0.209479 -0.724276 0.286708
v 0.085165 -0.727138 0.33968
v 0.100593 -0.731311 0.330405
v 0.11611 -0.729761 0.328087
v 0.125741 -0.72833 0.326125
v 0.136086 -0.72678 0.323539
v 0.235162 -0.714022 0.281268
v 0.229366 -0.710564 0.291613
v 0.224283 -0.716645 0.286441
v 0.295536 -0.697924 0.249521
v 0.311499 -0.68302 0.250413
v 0.321754 -0.677892 0.242654
v 0.317385 -0.6736 0.255406
v 0.32327 -0.663703 0.2604
v 0.341463 -0.651302 0.248986
v 0.355285 -0.649156 0.230883
v 0.332991 -0.642836 0.271102
v 0.338252 -0.63127 0.275026
v 0.341641 -0.620896 0.280198
v 0.327908 -0.638901 0.281982
v 0.327729 -0.653329 0.267089
v 0.280554 -0.698044 0.264859
v 0.264413 -0.697567 0.279752
v 0.245507 -0.711041 0.27672
v 0.271993 -0.709133 0.256209
v 0.290899 -0.694347 0.259776
v 0.337717 -0.614576 0.290543
v 0.343514 -0.610284 0.285816
v 0.35805 -0.60766 0.266019
v 0.354572 -0.600744 0.276363
v 0.385517 -0.600625 0.229902
v 0.387924 -0.590371 0.233558
v 0.401301 -0.580712 0.21483
v 0.375529 -0.580712 0.253623
v 0.357515 -0.580712 0.280733
v 0.357515 -0.565211 0.280822
v 0.357515 0.147005 0.280822
v 0.38846 0.147005 0.234271
v 0.38837 0.162506 0.234182
v 0.387924 0.174788 0.233469
v 0.35698 0.175026 0.279931
v 0.392116 0.1792 0.225978
v 0.400499 0.178007 0.213582
v 0.399072 0.193508 0.211531
v 0.405225 0.208652 0.193784
v 0.401569 0.21366 0.199046
v 0.391402 0.224153 0.209569
v 0.397645 0.208652 0.208053
v 0.389441 0.209009 0.22027
v 0.404155 0.193508 0.203772
v 0.408703 0.193508 0.193517
v 0.386052 0.229161 0.215187
v 0.36884 0.224511 0.243546
v 0.355107 0.22928 0.261649
v 0.372318 0.233692 0.23329
v 0.364203 0.240727 0.240514
v 0.338966 0.244066 0.276096
v 0.33638 0.255871 0.270924
v 0.339679 0.261356 0.261738
v 0.356801 0.264337 0.23329
v 0.374013 0.26696 0.204932
v 0.328621 0.270179 0.270121
v 0.325946 0.279838 0.264414
v 0.3222 0.290092 0.258795
v 0.325678 0.294743 0.24854
v 0.316493 0.300943 0.254069
v 0.30704 0.307143 0.259598
v 0.295358 0.326222 0.249253
v 0.290631 0.322287 0.259598
v 0.285905 0.329322 0.254871
v 0.278235 0.340411 0.247291
v 0.270031 0.328964 0.270299
v 0.262094 0.339934 0.262273
v 0.25175 0.343154 0.266821
v 0.22455 0.345777 0.286708
v 0.210193 0.353408 0.287243
v 0.189147 0.357343 0.296072
v 0.216078 0.355793 0.278147
v 0.205734 0.358297 0.282695
v 0.194676 0.369386 0.271726
v 0.183618 0.371056 0.277434
v 0.177999 0.354004 0.306595
v 0.14652 0.345538 0.333437
v 0.132162 0.351739 0.332457
v 0.11611 0.353527 0.337005
v 0.100593 0.360801 0.331476
v 0.0805278 0.356628 0.341285
v 0.0541311 0.358536 0.34396
v 0.0387033 0.359609 0.345477
v 0.0231863 0.360443 0.346457
v 0.00766931 0.360443 0.346457
v -0.00766931 0.360086 0.346012
v -0.0387033 0.35937 0.345031
v -0.0541311 0.359013 0.344496
v -0.0696481 0.358178 0.343425
v -0.371694 0.170614 0.263254
v -0.335845 0.162506 0.304187
v -0.321308 0.147005 0.320774
v -0.321308 -0.580712 0.320774
v -0.371783 -0.588701 0.263343
v -0.362955 -0.594425 0.269943
v -0.345387 0.240012 0.268605
v -0.355464 0.230592 0.262452
v -0.353145 0.240012 0.259776
v -0.359833 0.240012 0.252107
v -0.369375 0.193508 0.260579
v -0.361617 0.193508 0.269497
v -0.367235 0.209009 0.257993
v -0.363757 0.177292 0.270834
v -0.35582 0.183969 0.278325
v -0.341819 0.178007 0.295537
v -0.356801 0.173715 0.279485
v -0.363846 0.224272 0.255406
v -0.0810628 0.356985 0.341909
v -0.11611 0.352693 0.336024
v -0.0914075 0.355793 0.340126
v -0.147055 0.354601 0.323004
v -0.159272 0.357939 0.312481
v -0.169617 0.355793 0.30927
v -0.177999 0.354004 0.306416
v -0.210193 0.352931 0.286708
v -0.219378 0.341961 0.295893
v -0.22455 0.346015 0.286976
v -0.241227 0.337192 0.286976
v -0.236946 0.343273 0.28216
v -0.247291 0.340411 0.278236
v -0.254871 0.329322 0.285905
v -0.259597 0.322287 0.290632
v -0.276006 0.307143 0.291167
v -0.26468 0.326222 0.280376
v -0.270388 0.316921 0.285727
v -0.357247 0.249789 0.249075
v -0.306416 0.290092 0.274937
v -0.34066 0.294266 0.232309
v -0.357871 0.266125 0.234985
v -0.360368 0.255155 0.240068
v -0.310964 0.295577 0.264681
v -0.286083 0.301658 0.285995
v -0.35582 -0.61875 0.262808
v -0.369019 -0.598956 0.260133
v -0.352788 -0.627096 0.25942
v -0.356534 -0.635443 0.248183
v -0.347081 -0.641047 0.25398
v -0.322825 -0.647367 0.276007
v -0.342176 -0.652017 0.249521
v -0.31248 -0.653329 0.281892
v -0.297587 -0.653925 0.298123
v -0.337271 -0.662391 0.243903
v -0.34173 -0.667041 0.233647
v -0.312123 -0.668234 0.26593
v -0.29723 -0.66883 0.28216
v -0.321487 -0.678011 0.243635
v -0.326035 -0.682066 0.23329
v -0.281446 -0.683616 0.281803
v -0.270834 -0.688982 0.286351
v -0.264859 -0.698044 0.280555
v -0.2365 -0.714499 0.281803
v -0.256209 -0.709133 0.271994
v -0.251571 -0.714737 0.267535
v -0.232487 -0.727854 0.263433
v -0.224194 -0.716883 0.286797
v -0.20939 -0.723799 0.286173
v -0.177999 -0.724992 0.305079
v -0.168279 -0.727019 0.308289
v -0.157934 -0.728927 0.311589
v -0.147055 -0.725588 0.321755
v -0.125028 -0.728092 0.32559
v -0.0696481 -0.728927 0.342266
v -0.130735 -0.731669 0.318188
v -0.0843624 -0.731669 0.333705
v -0.0696481 -0.735008 0.332902
v -0.0541311 -0.729642 0.343425
v -0.00766931 -0.730715 0.344852
v 0.00766931 -0.731073 0.345298
v 0.0231863 -0.731073 0.345387
v 0.0387033 -0.730358 0.344317
v 0.0541311 -0.729284 0.342801
v 0.0664376 -0.72845 0.341553
v 0.16712 -0.72678 0.308111
v 0.162215 -0.731788 0.302493
v 0.177999 -0.736558 0.286441
v 0.177999 -0.742162 0.276363
v 0.188255 -0.74407 0.265305
v 0.19851 -0.742281 0.260846
v 0.209301 -0.740254 0.255585
v 0.209479 -0.732265 0.271548
v 0.231149 -0.727257 0.262273
v 0.225353 -0.732862 0.256477
v 0.236946 -0.73 0.251929
v 0.240156 -0.71736 0.271369
v 0.241316 -0.725469 0.256477
v 0.255495 -0.725588 0.243724
v 0.085165 -0.732385 0.331921
v 0.085165 -0.740135 0.319793
v 0.101841 -0.739897 0.316494
v 0.107727 -0.743235 0.309538
v 0.11611 -0.73632 0.317385
v 0.131181 -0.731669 0.31801
v 0.267534 -0.714737 0.251572
v 0.326481 -0.697924 0.203237
v 0.309269 -0.696494 0.231596
v 0.285994 -0.701025 0.254961
v 0.277879 -0.711756 0.246845
v 0.286797 -0.708656 0.24096
v 0.292147 -0.710802 0.229188
v 0.298746 -0.700428 0.239979
v 0.356177 -0.68135 0.185847
v 0.338966 -0.679681 0.214206
v 0.352699 -0.677892 0.196192
v 0.329156 -0.673123 0.238463
v 0.326748 -0.667518 0.250056
v 0.340482 -0.665611 0.231953
v 0.368751 -0.66251 0.193517
v 0.358674 -0.653329 0.220627
v 0.358852 -0.638782 0.236322
v 0.372408 -0.651302 0.202435
v 0.36893 -0.646652 0.212779
v 0.386319 -0.633774 0.200027
v 0.372586 -0.636278 0.218219
v 0.341641 -0.636397 0.26477
v 0.369197 -0.63115 0.228564
v 0.372586 -0.620896 0.233647
v 0.355374 -0.617915 0.262095
v 0.394524 -0.610999 0.208499
v 0.402728 -0.604083 0.201454
v 0.391313 -0.595736 0.22464
v 0.404422 -0.596094 0.204307
v 0.406206 -0.580712 0.207072
v 0.38846 -0.565211 0.234271
v 0.401301 0.147005 0.21483
v 0.401212 0.162506 0.214741
v 0.405493 0.178007 0.205823
v 0.410932 0.209009 0.178
v 0.403798 0.220695 0.188701
v 0.400053 0.225345 0.193784
v 0.389441 0.237269 0.204842
v 0.411289 0.178007 0.193517
v 0.417264 0.19637 0.168012
v 0.415035 0.192078 0.176573
v 0.384357 0.241443 0.209569
v 0.387033 0.247524 0.201186
v 0.369821 0.244066 0.229634
v 0.356088 0.247643 0.247648
v 0.342354 0.250982 0.265751
v 0.377134 0.255871 0.209658
v 0.370624 0.261236 0.215187
v 0.384982 0.255513 0.197708
v 0.387389 0.26374 0.186293
v 0.379096 0.270537 0.193071
v 0.373924 0.282103 0.189504
v 0.370624 0.277214 0.199759
v 0.353502 0.27471 0.228207
v 0.336915 0.271729 0.25612
v 0.356891 0.279718 0.217862
v 0.348151 0.286157 0.224194
v 0.336558 0.286992 0.240692
v 0.339412 0.292477 0.230437
v 0.328443 0.285561 0.254426
v 0.356623 0.294743 0.201989
v 0.34289 0.29677 0.220092
v 0.321576 0.305713 0.239979
v 0.310696 0.310721 0.249342
v 0.298568 0.328726 0.239979
v 0.292504 0.339219 0.229723
v 0.286975 0.337192 0.241227
v 0.306327 0.321691 0.239979
v 0.30918 0.324672 0.231507
v 0.282159 0.343273 0.236947
v 0.264413 0.356747 0.233469
v 0.258795 0.353766 0.243813
v 0.26798 0.343511 0.251929
v 0.272261 0.337669 0.256387
v 0.242564 0.353408 0.258706
v 0.232309 0.356151 0.263254
v 0.177999 0.359251 0.298836
v 0.158469 0.357343 0.3115
v 0.178267 0.367598 0.285727
v 0.238462 0.358059 0.254336
v 0.210193 0.361874 0.272172
v 0.209033 0.369506 0.258974
v 0.200651 0.371413 0.262719
v 0.14759 0.435683 0.184421
v 0.142507 0.435683 0.188612
v 0.152584 0.371056 0.29304
v 0.162572 0.369506 0.290543
v 0.142061 0.435683 0.188969
v 0.133143 0.435683 0.196014
v 0.130557 0.435683 0.197708
v 0.126365 0.435683 0.200116
v 0.12039 0.435683 0.203326
v 0.11611 0.435683 0.205556
v 0.0997902 0.435683 0.213849
v 0.147055 0.354004 0.322023
v 0.127435 0.357343 0.326927
v 0.11611 0.359013 0.329246
v 0.0854326 0.36104 0.33424
v 0.100593 0.368432 0.32015
v 0.085165 0.369625 0.321933
v 0.0696481 0.370698 0.323539
v 0.0387033 0.367359 0.33424
v 0.0231863 0.368194 0.33531
v 0.00766931 0.368194 0.335399
v -0.0541311 0.366763 0.333527
v -0.0630489 0.371771 0.325411
v -0.0687563 0.366644 0.331476
v -0.377401 0.162506 0.255496
v -0.371783 0.162506 0.263433
v -0.357247 0.162506 0.279931
v -0.370624 0.180988 0.262095
v -0.375261 0.193508 0.25282
v -0.375618 0.176696 0.256298
v -0.35047 0.147005 0.287778
v -0.35047 -0.565211 0.287778
v -0.342711 -0.580712 0.296518
v -0.388281 -0.591086 0.234539
v -0.374815 -0.594782 0.255139
v -0.373121 -0.607064 0.249788
v -0.371872 -0.580712 0.263433
v -0.377401 -0.580712 0.255496
v -0.384982 -0.580712 0.243457
v -0.370178 0.228446 0.24524
v -0.373388 0.209009 0.250323
v -0.372051 0.218072 0.248361
v -0.0733044 0.370936 0.323895
v -0.0857893 0.361278 0.334151
v -0.127435 0.356985 0.326392
v -0.13778 0.355793 0.324609
v -0.147055 0.359966 0.315245
v -0.148036 0.368313 0.301601
v -0.153832 0.371294 0.293664
v -0.163731 0.361874 0.303206
v -0.19316 0.360086 0.286708
v -0.216168 0.355912 0.278325
v -0.224461 0.354004 0.275382
v -0.233468 0.356747 0.264414
v -0.243813 0.353766 0.258795
v -0.251928 0.343511 0.267981
v -0.266821 0.343154 0.25175
v -0.262273 0.339934 0.262095
v -0.256387 0.337669 0.272261
v -0.270299 0.328964 0.270032
v -0.325232 0.309767 0.232309
v -0.320684 0.305236 0.242654
v -0.279573 0.325864 0.264235
v -0.275025 0.32181 0.274491
v -0.289918 0.321214 0.258439
v -0.36777 0.24025 0.240068
v -0.339233 0.307978 0.213849
v -0.3428 0.296889 0.224462
v -0.353858 0.290688 0.212155
v -0.350826 0.285919 0.224372
v -0.354661 0.276499 0.229366
v -0.324073 0.324195 0.21492
v -0.370713 0.261475 0.215009
v -0.368484 0.25599 0.224908
v -0.370713 0.245616 0.230347
v -0.360458 0.271133 0.224372
v -0.36456 -0.612907 0.256298
v -0.370446 -0.617319 0.245775
v -0.359477 -0.627096 0.251661
v -0.356355 -0.650706 0.232666
v -0.352521 -0.645698 0.243011
v -0.337628 -0.646532 0.259865
v -0.347081 -0.656548 0.238284
v -0.344316 -0.670022 0.224462
v -0.339947 -0.680516 0.215276
v -0.336915 -0.677773 0.224462
v -0.329156 -0.685166 0.224462
v -0.331653 -0.672526 0.238641
v -0.324162 -0.696017 0.215098
v -0.318366 -0.693632 0.225889
v -0.309448 -0.696613 0.232042
v -0.31676 -0.685524 0.239087
v -0.300619 -0.688028 0.25398
v -0.290096 -0.693393 0.258528
v -0.275203 -0.69387 0.274758
v -0.279752 -0.697567 0.264414
v -0.285548 -0.699832 0.254247
v -0.224461 -0.724992 0.274045
v -0.276719 -0.711041 0.245508
v -0.271369 -0.71736 0.240157
v -0.256209 -0.717957 0.25612
v -0.243724 -0.725588 0.255496
v -0.281268 -0.714022 0.235163
v -0.224461 -0.729523 0.266286
v -0.21483 -0.727019 0.277434
v -0.24738 -0.727615 0.247291
v -0.236054 -0.729761 0.255496
v -0.215989 -0.742997 0.247024
v -0.196727 -0.725946 0.291167
v -0.204485 -0.729046 0.280822
v -0.192357 -0.730596 0.286173
v -0.177999 -0.729642 0.29732
v -0.162928 -0.732265 0.302671
v -0.150978 -0.742162 0.29197
v -0.146341 -0.738704 0.300798
v -0.147055 -0.730596 0.313997
v -0.0541311 -0.736677 0.332902
v -0.131627 -0.740135 0.304187
v -0.11611 -0.735246 0.317385
v -0.085165 -0.740254 0.319704
v -0.0696481 -0.741685 0.32229
v -0.0541311 -0.74252 0.323717
v 0.00766931 -0.738824 0.333437
v 0.0231863 -0.738824 0.333348
v 0.0313907 -0.743355 0.325233
v 0.0373656 -0.738824 0.331386
v 0.0541311 -0.735723 0.332902
v 0.147055 -0.736558 0.301958
v 0.163998 -0.740612 0.286351
v 0.170152 -0.743235 0.278593
v 0.177999 -0.745739 0.268605
v 0.177999 -0.751463 0.255496
v 0.193427 -0.746216 0.255585
v 0.214741 -0.74252 0.245954
v 0.241137 -0.741208 0.225353
v 0.204396 -0.744428 0.250502
v 0.247291 -0.727615 0.24738
v 0.255495 -0.729761 0.236055
v 0.256119 -0.717957 0.256209
v 0.263432 -0.727854 0.232488
v 0.0696481 -0.741089 0.321398
v 0.085165 -0.744547 0.312035
v 0.0973824 -0.743832 0.310697
v 0.139118 -0.743235 0.294021
v 0.11611 -0.742162 0.307487
v 0.085165 -0.749913 0.301958
v 0.101841 -0.747051 0.303384
v 0.100414 -0.755756 0.28546
v 0.11611 -0.752298 0.286441
v 0.11611 -0.745978 0.299728
v 0.132964 -0.747647 0.287957
v 0.343425 -0.699117 0.174789
v 0.340214 -0.696374 0.185134
v 0.306594 -0.710087 0.209034
v 0.323092 -0.710802 0.182637
v 0.333348 -0.70496 0.178713
v 0.281803 -0.714499 0.236501
v 0.286797 -0.716883 0.224194
v 0.295536 -0.713306 0.218843
v 0.348508 -0.692082 0.179159
v 0.358139 -0.683497 0.178
v 0.371427 -0.665611 0.185312
v 0.348329 -0.6736 0.208945
v 0.357604 -0.667518 0.203594
v 0.375172 -0.65476 0.193517
v 0.383287 -0.643074 0.194319
v 0.392918 -0.627931 0.194319
v 0.389708 -0.6234 0.205199
v 0.389173 -0.638305 0.189682
v 0.386319 -0.617796 0.215544
v 0.400588 -0.615411 0.193517
v 0.402461 -0.619107 0.185402
v 0.404333 -0.60766 0.193517
v 0.409327 -0.596094 0.193517
v 0.412716 -0.580712 0.193517
v 0.406206 0.147005 0.207072
v 0.406206 0.162506 0.206983
v 0.412627 0.162506 0.193517
v 0.419048 0.204717 0.157667
v 0.433138 0.21521 0.107014
v 0.411646 0.224511 0.162572
v 0.405849 0.225345 0.178892
v 0.402193 0.23095 0.184688
v 0.393008 0.241443 0.195033
v 0.416105 0.178007 0.180051
v 0.416818 0.162506 0.182013
v 0.432781 0.196609 0.121639
v 0.434565 0.204836 0.111384
v 0.419761 0.192078 0.16275
v 0.430641 0.192316 0.1302
v 0.389262 0.255513 0.18995
v 0.373299 0.250863 0.219289
v 0.401212 0.260163 0.150622
v 0.402906 0.26386 0.140277
v 0.388816 0.266244 0.178
v 0.386141 0.277095 0.167477
v 0.384268 0.273995 0.178
v 0.376064 0.286873 0.177911
v 0.370356 0.292358 0.182994
v 0.400409 0.240369 0.178892
v 0.394078 0.255513 0.178
v 0.367414 0.286873 0.19423
v 0.359388 0.285561 0.207875
v 0.359388 0.297843 0.193517
v 0.355374 0.308932 0.18451
v 0.347438 0.300943 0.207518
v 0.338252 0.307024 0.213136
v 0.32443 0.308932 0.231239
v 0.313818 0.314059 0.239979
v 0.302581 0.333376 0.225443
v 0.323449 0.339219 0.183172
v 0.309626 0.34065 0.201275
v 0.295893 0.341961 0.219379
v 0.286975 0.346015 0.224551
v 0.340125 0.324672 0.184956
v 0.275382 0.354004 0.224462
v 0.267623 0.358893 0.224462
v 0.248807 0.372129 0.217952
v 0.243278 0.369625 0.228296
v 0.254336 0.358655 0.239176
v 0.24845 0.356508 0.248361
v 0.147055 0.359251 0.314353
v 0.163196 0.361397 0.303028
v 0.223034 0.365571 0.25398
v 0.227136 0.369386 0.243189
v 0.163285 0.435683 0.170509
v 0.131627 0.369506 0.305971
v 0.085165 0.435683 0.220895
v 0.12155 0.370936 0.308557
v 0.116288 0.367359 0.316583
v 0.111205 0.372248 0.310875
v 0.0696481 0.435683 0.226334
v 0.053596 0.435683 0.229902
v 0.0231863 0.435683 0.235787
v 0.00766931 0.435683 0.236768
v -0.00927452 0.435683 0.235698
v -0.0231863 0.435683 0.234806
v -0.0320149 0.435683 0.234182
v -0.0381682 0.435683 0.233736
v -0.0477994 0.435683 0.232309
v -0.0501181 0.435683 0.231774
v -0.384982 0.162506 0.243457
v -0.377491 0.147005 0.255496
v -0.371872 0.147005 0.263433
v -0.383376 0.192793 0.23873
v -0.384268 0.178007 0.24203
v -0.403709 -0.591086 0.203505
v -0.398804 -0.596213 0.208855
v -0.385963 -0.60146 0.229991
v -0.383376 -0.596213 0.2398
v -0.388816 -0.580712 0.235787
v -0.375885 -0.611953 0.240335
v -0.377491 -0.565211 0.255496
v -0.384982 -0.565211 0.243546
v -0.374459 0.223795 0.240068
v -0.372943 0.235361 0.234985
v -0.379096 0.209009 0.239979
v -0.085165 0.369625 0.321933
v -0.0579657 0.435683 0.229277
v -0.0632272 0.435683 0.227583
v -0.0747312 0.435683 0.223748
v -0.132162 0.361278 0.318634
v -0.115396 0.366763 0.316137
v -0.131627 0.369625 0.306327
v -0.103714 0.435683 0.213225
v -0.162572 0.369744 0.290721
v -0.107995 0.435683 0.210728
v -0.11611 0.435683 0.205913
v -0.182369 0.370459 0.276453
v -0.210193 0.361994 0.272261
v -0.224461 0.358893 0.267624
v -0.217951 0.372129 0.248807
v -0.228296 0.369625 0.243278
v -0.239176 0.358655 0.254336
v -0.248361 0.356508 0.248451
v -0.263254 0.356151 0.232309
v -0.287242 0.353408 0.210193
v -0.258705 0.353408 0.242565
v -0.286707 0.345777 0.224551
v -0.296517 0.342319 0.219468
v -0.298122 0.32801 0.239979
v -0.285459 0.32813 0.254158
v -0.309359 0.32491 0.231953
v -0.318276 0.321333 0.225889
v -0.34173 0.310959 0.203505
v -0.359655 0.313702 0.162572
v -0.370089 0.307978 0.151781
v -0.373924 0.297008 0.162572
v -0.347794 0.301301 0.207785
v -0.332991 0.317517 0.209212
v -0.339679 0.324195 0.183886
v -0.356355 0.294504 0.20181
v -0.371872 0.294504 0.170776
v -0.366433 0.285919 0.193338
v -0.357247 0.280434 0.219111
v -0.370178 0.27638 0.198332
v -0.383287 0.271133 0.178535
v -0.326748 0.326579 0.204575
v -0.313728 0.328249 0.221608
v -0.306862 0.338623 0.213047
v -0.310607 0.341365 0.202702
v -0.373299 0.266125 0.204664
v -0.38623 0.261356 0.183975
v -0.376153 0.25599 0.20948
v -0.404155 0.250982 0.158024
v -0.388727 0.250982 0.189058
v -0.386141 0.245616 0.199313
v -0.386052 -0.617319 0.214741
v -0.37321 -0.621969 0.235431
v -0.367146 -0.627216 0.240335
v -0.369197 -0.646771 0.212066
v -0.371872 -0.650586 0.201721
v -0.354839 -0.66418 0.214117
v -0.352075 -0.66096 0.224462
v -0.37 -0.632343 0.229099
v -0.372586 -0.636397 0.218754
v -0.359923 -0.670261 0.193517
v -0.353056 -0.678011 0.193517
v -0.370802 -0.680516 0.153208
v -0.357961 -0.683139 0.173898
v -0.333437 -0.689578 0.210015
v -0.326927 -0.698401 0.204842
v -0.31025 -0.71271 0.202167
v -0.306505 -0.710206 0.212512
v -0.313818 -0.699832 0.221697
v -0.294644 -0.69709 0.248183
v -0.30597 -0.693751 0.239979
v -0.302849 -0.705198 0.225532
v -0.291612 -0.710564 0.229366
v -0.286707 -0.724276 0.20948
v -0.28644 -0.716645 0.224283
v -0.256476 -0.725469 0.241316
v -0.29616 -0.713545 0.219022
v -0.210103 -0.740731 0.255674
v -0.20939 -0.732385 0.271726
v -0.262273 -0.727257 0.23115
v -0.251928 -0.73 0.236947
v -0.256476 -0.732862 0.225353
v -0.225353 -0.741208 0.241138
v -0.23106 -0.742758 0.230883
v -0.220716 -0.744905 0.236768
v -0.209033 -0.753728 0.224462
v -0.210103 -0.74717 0.241138
v -0.193516 -0.752894 0.239979
v -0.205645 -0.744547 0.25068
v -0.197975 -0.742162 0.261025
v -0.177999 -0.735723 0.286441
v -0.163642 -0.740731 0.286619
v -0.177999 -0.741685 0.275382
v -0.169527 -0.742997 0.278236
v -0.159183 -0.744547 0.281625
v -0.146341 -0.745978 0.286619
v -0.140634 -0.743593 0.294823
v -0.11611 -0.741685 0.306862
v -0.105319 -0.742758 0.308646
v -0.0696481 -0.745859 0.314532
v -0.0541311 -0.746693 0.316048
v -0.0135551 -0.743235 0.325055
v 0.00766931 -0.743593 0.325679
v 0.0231863 -0.743474 0.32559
v 0.0417353 -0.742758 0.324252
v 0.0231863 -0.747886 0.317385
v 0.0387033 -0.754444 0.301958
v 0.0373656 -0.746336 0.318366
v 0.0541311 -0.746216 0.315245
v 0.132964 -0.740612 0.301868
v 0.147055 -0.742162 0.292059
v 0.163998 -0.747647 0.27244
v 0.162393 -0.755875 0.254693
v 0.167476 -0.75814 0.245864
v 0.178713 -0.756829 0.240425
v 0.193516 -0.752298 0.239979
v 0.225264 -0.74717 0.225353
v 0.230882 -0.742758 0.231061
v 0.236768 -0.744905 0.220716
v 0.247023 -0.742997 0.21599
v 0.277433 -0.727019 0.21483
v 0.274044 -0.724992 0.224462
v 0.266286 -0.729523 0.224462
v 0.0541311 -0.753013 0.301958
v 0.085165 -0.756352 0.288581
v 0.0950638 -0.759094 0.279574
v 0.105408 -0.75826 0.277344
v 0.11611 -0.757306 0.274758
v 0.131538 -0.755994 0.27021
v 0.147055 -0.752298 0.270924
v 0.353948 -0.694705 0.162572
v 0.326481 -0.713306 0.172382
v 0.336825 -0.709371 0.162572
v 0.346189 -0.701621 0.162572
v 0.286172 -0.723799 0.209391
v 0.317741 -0.716883 0.177732
v 0.298836 -0.715572 0.209034
v 0.366968 -0.67348 0.179337
v 0.361528 -0.686954 0.162572
v 0.373478 -0.668115 0.174968
v 0.37972 -0.658337 0.178713
v 0.385873 -0.648559 0.182459
v 0.390957 -0.643074 0.177643
v 0.399785 -0.627216 0.179337
v 0.401212 -0.632462 0.166139
v 0.404155 -0.622208 0.175057
v 0.415391 -0.627335 0.132965
v 0.417977 -0.619227 0.139118
v 0.418602 -0.605037 0.15624
v 0.416818 -0.600983 0.166585
v 0.415035 -0.595975 0.178089
v 0.418958 -0.590609 0.173006
v 0.416818 -0.580712 0.182102
v 0.412716 0.147005 0.193517
v 0.436527 0.209606 0.101307
v 0.434832 0.220933 0.0966693
v 0.427252 0.224511 0.11611
v 0.41771 0.231188 0.138315
v 0.403977 0.2356 0.174343
v 0.427252 0.178007 0.147055
v 0.416818 0.147005 0.182102
v 0.423417 0.147005 0.162572
v 0.432424 0.147005 0.135908
v 0.444196 0.162506 0.100593
v 0.435278 0.192316 0.116378
v 0.440361 0.193508 0.100593
v 0.442858 0.178007 0.100593
v 0.416729 0.260282 0.104339
v 0.399428 0.255155 0.16275
v 0.418423 0.26386 0.0939939
v 0.404422 0.266364 0.131627
v 0.399964 0.274114 0.131627
v 0.387924 0.279957 0.157132
v 0.382485 0.28568 0.162394
v 0.372586 0.295458 0.172649
v 0.358139 0.312032 0.174254
v 0.401836 0.245854 0.168012
v 0.341641 0.310721 0.202791
v 0.34931 0.318352 0.179605
v 0.333437 0.333376 0.178892
v 0.326838 0.341961 0.172827
v 0.313104 0.343273 0.190931
v 0.286707 0.352931 0.210193
v 0.278325 0.355912 0.216168
v 0.343246 0.327533 0.174611
v 0.272261 0.361994 0.210193
v 0.259776 0.369744 0.209034
v 0.182369 0.435683 0.151157
v 0.174967 0.435683 0.159451
v 0.16703 0.435683 0.16712
v 0.238908 0.366167 0.238819
v -0.409773 0.162506 0.193517
v -0.419761 0.147005 0.17363
v -0.404333 0.147005 0.204664
v -0.384982 0.147005 0.243546
v -0.403531 0.178007 0.203237
v -0.386498 0.197563 0.230972
v -0.402817 0.18695 0.201721
v -0.425201 -0.580712 0.162572
v -0.419137 -0.590967 0.172471
v -0.416907 -0.601341 0.167923
v -0.388549 -0.606945 0.219646
v -0.404333 -0.565211 0.204664
v -0.419761 -0.565211 0.17363
v -0.391313 -0.611953 0.209391
v -0.385873 0.228326 0.214206
v -0.387479 0.217952 0.217595
v -0.403887 0.235242 0.172827
v -0.404333 0.209009 0.189236
v -0.0890889 0.435683 0.218754
v -0.0940828 0.435683 0.216971
v -0.135818 0.435683 0.192982
v -0.209033 0.369744 0.259776
v -0.151157 0.435683 0.18237
v -0.15945 0.435683 0.174968
v -0.161591 0.435683 0.172738
v -0.16703 0.435683 0.167031
v -0.243189 0.369386 0.227137
v -0.238819 0.366167 0.238909
v -0.170508 0.435683 0.163285
v -0.254336 0.358059 0.238463
v -0.282694 0.358297 0.205734
v -0.278146 0.355793 0.216079
v -0.29295 0.355435 0.199492
v -0.301778 0.344823 0.20832
v -0.372675 0.31084 0.141437
v -0.363846 0.317517 0.147144
v -0.378739 0.301181 0.145717
v -0.3873 0.294385 0.139742
v -0.355107 0.324075 0.152762
v -0.357604 0.326579 0.142507
v -0.384714 0.290688 0.150087
v -0.388192 0.280315 0.157043
v -0.372764 0.280315 0.188077
v -0.385606 0.27638 0.167298
v -0.398715 0.271014 0.147501
v -0.404155 0.266006 0.142596
v -0.344941 0.328964 0.162572
v -0.320684 0.336715 0.193517
v -0.35154 0.336715 0.131627
v -0.301511 0.351739 0.193963
v -0.312926 0.343392 0.193517
v -0.401658 0.261236 0.152941
v -0.399339 0.255871 0.162929
v -0.406741 0.255871 0.147501
v -0.414321 0.239654 0.146787
v -0.406563 0.24025 0.162929
v -0.401569 0.245497 0.168279
v -0.401569 -0.617199 0.183707
v -0.404066 -0.621969 0.173363
v -0.385517 -0.632343 0.198065
v -0.389886 -0.642001 0.176751
v -0.402728 -0.650586 0.139653
v -0.370267 -0.66418 0.183083
v -0.372853 -0.66728 0.172738
v -0.388281 -0.66728 0.141704
v -0.373388 -0.68302 0.142864
v -0.352878 -0.693632 0.162572
v -0.339768 -0.696017 0.184064
v -0.357782 -0.698282 0.142685
v -0.345119 -0.700667 0.162572
v -0.320238 -0.708418 0.193517
v -0.31248 -0.714499 0.193517
v -0.300976 -0.722607 0.193071
v -0.291969 -0.726661 0.197976
v -0.3016 -0.715691 0.208053
v -0.281713 -0.729284 0.204664
v -0.271547 -0.732265 0.20948
v -0.255584 -0.740254 0.209301
v -0.260846 -0.742281 0.198511
v -0.245953 -0.74252 0.214741
v -0.250501 -0.744428 0.204397
v -0.225353 -0.74717 0.225264
v -0.195032 -0.757663 0.225532
v -0.239978 -0.752298 0.193517
v -0.240424 -0.756829 0.178713
v -0.230971 -0.758379 0.184331
v -0.201275 -0.758736 0.216703
v -0.147055 -0.752775 0.270924
v -0.177999 -0.750628 0.255496
v -0.163642 -0.747528 0.272172
v -0.19307 -0.746097 0.255674
v -0.184599 -0.758498 0.231418
v -0.178891 -0.756709 0.239979
v -0.166495 -0.757902 0.24524
v -0.161858 -0.755517 0.254426
v -0.187631 -0.743832 0.264414
v -0.132251 -0.756352 0.270567
v -0.131627 -0.749436 0.286441
v -0.131627 -0.744428 0.296428
v -0.085165 -0.749674 0.301958
v -0.0696481 -0.752178 0.301958
v -0.0541311 -0.753728 0.301958
v -0.0387033 -0.754325 0.301958
v 0.00766931 -0.748005 0.317385
v -0.0081152 -0.746693 0.318901
v 0.00766931 -0.755517 0.302493
v 0.0243456 -0.755994 0.300709
v 0.0303205 -0.758736 0.29411
v 0.0541311 -0.757783 0.291702
v 0.0696481 -0.757067 0.290186
v 0.147055 -0.757306 0.25933
v 0.157132 -0.759213 0.249075
v 0.162393 -0.761002 0.240425
v 0.162572 -0.765891 0.224462
v 0.174076 -0.75969 0.23552
v 0.184331 -0.758379 0.230972
v 0.224461 -0.753728 0.209034
v 0.241137 -0.74717 0.210104
v 0.239978 -0.752894 0.193517
v 0.250679 -0.744547 0.205645
v 0.261024 -0.742162 0.197976
v 0.255673 -0.740731 0.210104
v 0.271725 -0.732385 0.209391
v 0.280822 -0.729046 0.204486
v 0.308288 -0.727019 0.168279
v 0.291166 -0.725946 0.196727
v 0.085165 -0.759571 0.280822
v 0.085165 -0.763387 0.270924
v 0.100414 -0.761241 0.271726
v 0.11611 -0.760167 0.267089
v 0.126454 -0.759213 0.264503
v 0.355553 -0.696255 0.153297
v 0.371159 -0.696374 0.107014
v 0.317028 -0.723561 0.162929
v 0.329067 -0.715333 0.162572
v 0.339322 -0.71116 0.15089
v 0.348329 -0.704602 0.146966
v 0.357336 -0.697924 0.143042
v 0.305078 -0.724992 0.178
v 0.369197 -0.678608 0.162572
v 0.388192 -0.682423 0.096045
v 0.370891 -0.680516 0.152673
v 0.383466 -0.66108 0.162572
v 0.375707 -0.670857 0.162572
v 0.387657 -0.651183 0.172114
v 0.40148 -0.648679 0.136175
v 0.404422 -0.637947 0.147055
v 0.416729 -0.632581 0.119856
v 0.433494 -0.619346 0.0927454
v 0.434119 -0.605037 0.109957
v 0.432335 -0.601102 0.120301
v 0.434475 -0.590728 0.126633
v 0.439023 -0.580712 0.11611
v 0.435011 -0.580712 0.12806
v 0.423417 -0.580712 0.162572
v 0.440896 0.209009 0.0851653
v 0.433316 0.231307 0.0914969
v 0.431889 0.225465 0.101307
v 0.419494 0.235719 0.12806
v 0.444285 0.147005 0.100593
v 0.432424 -0.565211 0.135908
v 0.447941 0.147005 0.0857003
v 0.44812 0.163699 0.0838276
v 0.446604 0.178007 0.0851653
v 0.444285 0.193508 0.0851653
v 0.420564 0.255274 0.0997013
v 0.419583 0.266006 0.0851653
v 0.415213 0.273756 0.0851653
v 0.405136 0.282699 0.100593
v 0.413073 0.269822 0.0997013
v 0.424487 0.255513 0.0851653
v 0.401658 0.277214 0.121104
v 0.403441 0.279957 0.110849
v 0.398091 0.28568 0.116021
v 0.400231 0.29045 0.100593
v 0.386319 0.292954 0.137156
v 0.388103 0.295458 0.126811
v 0.374369 0.297724 0.162572
v 0.368216 0.305474 0.162572
v 0.360458 0.314894 0.162572
v 0.353769 0.322645 0.162572
v 0.417353 0.245974 0.121639
v 0.329513 0.344227 0.162572
v 0.317563 0.352693 0.163731
v 0.31792 0.345896 0.178
v 0.337271 0.337788 0.162572
v 0.306416 0.354004 0.178
v 0.309269 0.355793 0.169617
v 0.286707 0.360086 0.19316
v 0.346011 0.330037 0.162572
v 0.285548 0.367002 0.177554
v 0.276452 0.370459 0.18237
v 0.192981 0.435683 0.135818
v 0.188166 0.435683 0.142864
v -0.415837 0.162506 0.181299
v -0.425112 0.162506 0.162572
v -0.425201 0.147005 0.162572
v -0.418245 0.186831 0.170687
v -0.415124 0.178007 0.179873
v -0.419761 0.209009 0.158113
v -0.417353 0.197086 0.168904
v -0.431354 -0.565211 0.148036
v -0.431265 -0.580712 0.148036
v -0.433762 -0.58894 0.139921
v -0.421723 -0.596094 0.162661
v -0.419404 -0.606826 0.157578
v -0.401301 0.228207 0.183172
v -0.413608 0.223557 0.161413
v -0.418423 0.217714 0.155438
v -0.416729 0.228088 0.151692
v -0.142863 0.435683 0.188166
v -0.262718 0.371413 0.200651
v -0.258973 0.369506 0.209034
v -0.253979 0.365571 0.223035
v -0.18442 0.435683 0.14759
v -0.272171 0.361874 0.210193
v -0.271725 0.369386 0.194676
v -0.296071 0.357343 0.189147
v -0.277433 0.371056 0.183618
v -0.367859 0.321094 0.131627
v -0.374637 0.313344 0.131627
v -0.382395 0.303924 0.131627
v -0.388549 0.296173 0.131627
v -0.395059 0.286396 0.131627
v -0.401301 0.276618 0.131627
v -0.390065 0.2858 0.145717
v -0.360101 0.328964 0.131627
v -0.412359 0.255513 0.131627
v -0.418869 0.234288 0.141437
v -0.40576 0.268868 0.131627
v -0.326035 0.341365 0.172025
v -0.341463 0.341365 0.140991
v -0.343781 0.343273 0.131627
v -0.354483 0.339219 0.11611
v -0.306594 0.354004 0.178
v -0.333437 0.345538 0.14652
v -0.332456 0.351739 0.132162
v -0.4145 -0.611834 0.162661
v -0.416997 -0.61708 0.152316
v -0.406474 -0.627096 0.162126
v -0.400944 -0.632224 0.167031
v -0.403531 -0.636278 0.156686
v -0.409327 -0.642597 0.131627
v -0.416194 -0.647248 0.0851653
v -0.417353 -0.649156 0.0737504
v -0.40362 -0.651779 0.131627
v -0.399607 -0.661795 0.11611
v -0.397734 -0.659529 0.131627
v -0.389976 -0.669426 0.131627
v -0.413697 -0.626739 0.147144
v -0.419137 -0.621254 0.141972
v -0.416016 -0.631389 0.131627
v -0.383376 -0.677177 0.131627
v -0.375707 -0.685524 0.131627
v -0.368127 -0.693274 0.131627
v -0.355196 -0.695897 0.15303
v -0.360368 -0.700548 0.131627
v -0.351094 -0.708298 0.131627
v -0.341195 -0.71271 0.140367
v -0.343335 -0.714379 0.131627
v -0.317741 -0.716526 0.177197
v -0.316493 -0.722726 0.162215
v -0.305346 -0.724992 0.178
v -0.295179 -0.72845 0.187631
v -0.286707 -0.731311 0.193071
v -0.270655 -0.739658 0.193428
v -0.265305 -0.74407 0.188255
v -0.255584 -0.746216 0.193428
v -0.19093 -0.760167 0.221162
v -0.255495 -0.751463 0.178
v -0.245864 -0.75814 0.167477
v -0.235519 -0.75969 0.174076
v -0.225264 -0.761598 0.178713
v -0.210193 -0.761956 0.194676
v -0.205823 -0.760167 0.206358
v -0.195032 -0.762194 0.21055
v -0.147055 -0.757425 0.25942
v -0.137869 -0.758498 0.262362
v -0.178891 -0.761717 0.225532
v -0.156151 -0.759094 0.248629
v -0.11611 -0.757306 0.275026
v -0.127525 -0.759452 0.265038
v -0.11611 -0.752059 0.286441
v -0.0696481 -0.757306 0.290632
v -0.0541311 -0.758021 0.292505
v -0.0387033 -0.758379 0.293307
v -0.0138226 -0.758736 0.29411
v 0.00766931 -0.758975 0.294734
v 0.0199759 -0.758975 0.294734
v 0.0243456 -0.761479 0.287957
v 0.0387033 -0.761479 0.285549
v 0.0541311 -0.760883 0.283944
v 0.147055 -0.760167 0.251572
v 0.147055 -0.764221 0.239979
v 0.194676 -0.761956 0.210193
v 0.178713 -0.761598 0.225264
v 0.147055 -0.768872 0.224462
v 0.162572 -0.769706 0.209034
v 0.177999 -0.766368 0.209034
v 0.206358 -0.760167 0.205823
v 0.216703 -0.758736 0.201275
v 0.225531 -0.757663 0.195033
v 0.231417 -0.758498 0.184599
v 0.239978 -0.756709 0.178892
v 0.24524 -0.757902 0.166496
v 0.254425 -0.755517 0.161859
v 0.270923 -0.752775 0.147055
v 0.255495 -0.750628 0.178
v 0.272171 -0.747528 0.163642
v 0.255673 -0.746097 0.193071
v 0.264413 -0.743832 0.187631
v 0.275382 -0.741685 0.178
v 0.28644 -0.735723 0.178
v 0.30267 -0.732265 0.162929
v 0.286172 -0.730596 0.192358
v 0.29732 -0.729642 0.178
v 0.311588 -0.728927 0.157935
v 0.0696481 -0.764698 0.270924
v 0.085165 -0.768633 0.255496
v 0.100593 -0.766725 0.255496
v 0.11611 -0.764221 0.255496
v 0.372853 -0.698044 0.0966693
v 0.382574 -0.692082 0.0851653
v 0.321754 -0.725588 0.147055
v 0.333615 -0.716883 0.146252
v 0.342533 -0.713903 0.131627
v 0.356623 -0.71271 0.0942614
v 0.350291 -0.707464 0.131627
v 0.359209 -0.699713 0.131627
v 0.384803 -0.678727 0.11611
v 0.389976 -0.684331 0.0851653
v 0.397645 -0.675507 0.0851653
v 0.3873 -0.666088 0.139832
v 0.406652 -0.658456 0.0994338
v 0.403263 -0.651183 0.125831
v 0.391224 -0.670976 0.11611
v 0.415213 -0.645817 0.100593
v 0.419939 -0.638066 0.100593
v 0.434565 -0.621134 0.0824007
v 0.437418 -0.613145 0.0865921
v 0.445623 -0.594663 0.0837384
v 0.440896 -0.596094 0.100593
v 0.435635 -0.608614 0.100593
v 0.417086 -0.648798 0.0889107
v 0.421455 -0.643194 0.0842735
v 0.418334 -0.650706 0.0785661
v 0.444196 -0.580712 0.100593
v 0.444285 -0.565211 0.100593
v 0.442769 0.209009 0.0696482
v 0.438488 0.224511 0.0696482
v 0.434297 0.234169 0.0811522
v 0.436081 0.225465 0.0858787
v 0.431176 0.239535 0.0858787
v 0.426895 0.240012 0.100593
v 0.449101 0.147005 0.0779418
v 0.449101 0.159167 0.0777635
v 0.447941 -0.565211 0.0857003
v 0.449011 0.169541 0.0772284
v 0.445979 0.193508 0.0696482
v 0.426806 0.255513 0.0696482
v 0.420742 0.268152 0.0696482
v 0.416551 0.275903 0.0696482
v 0.403441 0.295458 0.0802605
v 0.407009 0.28735 0.0853436
v 0.401836 0.293073 0.0906051
v 0.389886 0.297843 0.11611
v 0.383822 0.305593 0.11611
v 0.370267 0.307978 0.150711
v 0.371962 0.310124 0.140367
v 0.37107 0.324552 0.106746
v 0.355553 0.324433 0.15303
v 0.33959 0.339696 0.151781
v 0.333793 0.346015 0.146787
v 0.323003 0.354601 0.147055
v 0.31248 0.357939 0.159272
v 0.303205 0.361874 0.163731
v 0.29072 0.369744 0.162572
v 0.205912 0.435683 0.11611
v -0.431265 0.162506 0.147947
v -0.431354 0.147005 0.148036
v -0.423685 0.178007 0.162572
v -0.42092 0.192554 0.163285
v -0.42422 0.209009 0.147055
v -0.427698 0.193508 0.147055
v -0.433851 -0.565211 0.140367
v -0.433851 -0.580712 0.140277
v -0.449279 -0.589059 0.0630491
v -0.434654 -0.591086 0.131627
v -0.431533 -0.598837 0.131627
v -0.426093 -0.611595 0.131627
v -0.429214 -0.594902 0.145896
v -0.435724 -0.580712 0.131627
v -0.421455 -0.611834 0.147144
v -0.420118 0.223557 0.146787
v -0.188612 0.435683 0.142507
v -0.298836 0.359251 0.178
v -0.311499 0.357343 0.15847
v -0.285726 0.367598 0.178267
v -0.293039 0.371056 0.152584
v -0.290542 0.369506 0.162572
v -0.188968 0.435683 0.142061
v -0.196013 0.435683 0.133143
v -0.197708 0.435683 0.130557
v -0.201453 0.435683 0.124136
v -0.205555 0.435683 0.11611
v -0.213849 0.435683 0.0997905
v -0.370535 0.323956 0.11611
v -0.376956 0.316206 0.11611
v -0.384625 0.306547 0.11611
v -0.390511 0.298916 0.11611
v -0.398983 0.28568 0.117002
v -0.402371 0.278288 0.122709
v -0.362776 0.331468 0.11611
v -0.41664 0.260044 0.100593
v -0.41557 0.255036 0.117002
v -0.417888 0.247166 0.122709
v -0.416907 0.24502 0.131627
v -0.420029 0.237269 0.131627
v -0.424309 0.224511 0.131627
v -0.428679 0.209009 0.131627
v -0.406919 0.272326 0.117002
v -0.418691 0.264337 0.0804388
v -0.417621 0.26219 0.0907835
v -0.337004 0.353527 0.11611
v -0.346724 0.345777 0.11611
v -0.355731 0.340292 0.106301
v -0.322022 0.354004 0.147055
v -0.326927 0.357343 0.127436
v -0.413519 -0.641286 0.115218
v -0.418334 -0.635205 0.109511
v -0.420742 -0.639497 0.0851653
v -0.433851 -0.635324 0.0322826
v -0.429125 -0.641286 0.0379008
v -0.418334 -0.650825 0.0634058
v -0.405225 -0.654044 0.11611
v -0.401212 -0.663941 0.100593
v -0.391848 -0.671811 0.11611
v -0.385606 -0.679562 0.11611
v -0.420385 -0.623638 0.131627
v -0.431622 -0.631508 0.0541312
v -0.377847 -0.688028 0.11611
v -0.370624 -0.695778 0.11611
v -0.362865 -0.702813 0.11611
v -0.354037 -0.710564 0.11611
v -0.346278 -0.716764 0.11611
v -0.335845 -0.724515 0.11611
v -0.331921 -0.722607 0.131181
v -0.323538 -0.72678 0.136086
v -0.30811 -0.72678 0.16712
v -0.302492 -0.731788 0.162215
v -0.28644 -0.736558 0.178
v -0.276363 -0.742162 0.178
v -0.268604 -0.745739 0.178
v -0.177999 -0.766845 0.209034
v -0.254692 -0.755875 0.162394
v -0.249074 -0.759213 0.157132
v -0.240424 -0.761002 0.162394
v -0.224461 -0.765891 0.162572
v -0.209033 -0.766368 0.178
v -0.193516 -0.766845 0.193517
v -0.147055 -0.760048 0.251661
v -0.147055 -0.763864 0.239979
v -0.132251 -0.761598 0.256477
v -0.162572 -0.765533 0.224462
v -0.103714 -0.75814 0.277166
v -0.11611 -0.760287 0.267356
v -0.11611 -0.764698 0.255496
v -0.0933694 -0.758856 0.27886
v -0.0696481 -0.760287 0.282873
v -0.0541311 -0.761121 0.284746
v -0.0387033 -0.761479 0.285549
v -0.0231863 -0.761717 0.286084
v -0.00829356 -0.76136 0.287957
v 0.00766931 -0.762314 0.286441
v 0.0231863 -0.767679 0.270924
v 0.0387033 -0.766725 0.270924
v 0.0541311 -0.765772 0.270924
v 0.131627 -0.766725 0.239979
v 0.210549 -0.762194 0.195033
v 0.193516 -0.766845 0.193517
v 0.11611 -0.768991 0.239979
v 0.131627 -0.771018 0.224462
v 0.131627 -0.773641 0.214117
v 0.141882 -0.774714 0.203326
v 0.147055 -0.772568 0.208677
v 0.152227 -0.773761 0.199046
v 0.163017 -0.772926 0.193695
v 0.178891 -0.773164 0.178535
v 0.193516 -0.770422 0.178
v 0.221162 -0.760167 0.190931
v 0.225531 -0.761717 0.178892
v 0.248628 -0.759094 0.156151
v 0.259419 -0.757425 0.147055
v 0.262362 -0.758498 0.13787
v 0.270566 -0.756352 0.132251
v 0.286618 -0.745978 0.146342
v 0.281624 -0.744547 0.159183
v 0.278235 -0.742997 0.169528
v 0.291969 -0.742162 0.150979
v 0.286618 -0.740731 0.163642
v 0.300798 -0.738704 0.146342
v 0.313996 -0.730596 0.147055
v 0.0696481 -0.769706 0.255496
v 0.0696481 -0.773045 0.243367
v 0.0816871 -0.774714 0.234004
v 0.086146 -0.772807 0.239533
v 0.100593 -0.771018 0.239979
v 0.374815 -0.699713 0.0851653
v 0.384179 -0.69387 0.0696482
v 0.318187 -0.731669 0.130735
v 0.325589 -0.728092 0.125028
v 0.33745 -0.725588 0.100593
v 0.345208 -0.71593 0.11611
v 0.358139 -0.713903 0.0851653
v 0.365897 -0.707464 0.0851653
v 0.394613 -0.673361 0.0999688
v 0.402817 -0.666088 0.093548
v 0.39925 -0.677296 0.0696482
v 0.391492 -0.68612 0.0696482
v 0.404066 -0.667757 0.0851653
v 0.430997 -0.630316 0.0696482
v 0.435278 -0.622565 0.0696482
v 0.440272 -0.611595 0.0696482
v 0.449101 -0.588463 0.0776743
v 0.412448 -0.656787 0.0842735
v 0.418691 -0.651302 0.0696482
v 0.423863 -0.642597 0.0696482
v 0.405403 -0.669546 0.0696482
v 0.413162 -0.659052 0.0696482
v 0.447941 -0.580712 0.0856112
v 0.449101 0.201497 0.000981007
v 0.447139 0.207579 0.00677759
v 0.444731 0.209009 0.0387034
v 0.447317 0.210321 -0.00766928
v 0.44045 0.224511 0.0387034
v 0.434921 0.235719 0.0696482
v 0.431889 0.24347 0.0696482
v 0.449725 0.147005 0.0696482
v 0.449101 -0.565211 0.0779418
v 0.454451 0.162506 -0.00766928
v 0.455343 0.162506 -0.0231863
v 0.454095 0.178007 -0.0231863
v 0.453203 0.178007 -0.00766928
v 0.449368 0.172403 0.0668837
v 0.448298 0.177769 0.0710751
v 0.449903 0.193985 0.00677759
v 0.448922 0.184923 0.0442325
v 0.428768 0.255513 0.0387034
v 0.433584 0.247762 0.0154279
v 0.421723 0.269941 0.0387034
v 0.430908 0.257063 -0.00766928
v 0.416997 0.276857 0.0541312
v 0.410308 0.286396 0.0696482
v 0.404155 0.296412 0.0696482
v 0.398269 0.304043 0.0696482
v 0.390511 0.31394 0.0696482
v 0.388905 0.311913 0.0851653
v 0.397467 0.301062 0.0853436
v 0.39167 0.302493 0.0997905
v 0.385784 0.308097 0.104339
v 0.382306 0.319664 0.0851653
v 0.372764 0.326222 0.0964017
v 0.366343 0.335761 0.0851653
v 0.357158 0.326222 0.142685
v 0.356891 0.341365 0.0951532
v 0.342979 0.342796 0.131627
v 0.345654 0.344942 0.11611
v 0.336023 0.352693 0.11611
v 0.324608 0.355793 0.13778
v 0.315244 0.359966 0.147055
v 0.3016 0.368313 0.148036
v 0.293663 0.371294 0.153832
v 0.210728 0.435683 0.107995
v -0.430819 0.177053 0.145806
v -0.433673 0.171211 0.139832
v -0.433851 0.162506 0.140188
v -0.433851 0.147005 0.140367
v -0.432068 0.193508 0.131181
v -0.43287 0.181584 0.136086
v -0.450171 -0.591325 0.0541312
v -0.447852 -0.580712 0.0714318
v -0.45133 -0.580712 0.0541312
v -0.454362 -0.580712 0.0387034
v -0.44705 -0.599075 0.0541312
v -0.449279 -0.604441 0.0321042
v -0.433762 -0.604322 0.109333
v -0.435724 -0.611834 0.0837384
v -0.433584 -0.619465 0.0776743
v -0.449457 -0.565211 0.0637625
v -0.435724 0.147005 0.131627
v -0.314353 0.359251 0.147055
v -0.303027 0.361397 0.163196
v -0.30597 0.369506 0.131627
v -0.220894 0.435683 0.0851653
v -0.308556 0.370936 0.12155
v -0.371427 0.325029 0.107638
v -0.392473 0.316325 0.0387034
v -0.38623 0.308574 0.100593
v -0.386141 0.324075 0.0387034
v -0.406117 0.298916 0.0387034
v -0.403352 0.295339 0.0658136
v -0.402282 0.293789 0.0761583
v -0.399874 0.289734 0.100593
v -0.400231 0.306666 0.0387034
v -0.403441 0.280076 0.112454
v -0.428055 0.255513 0.0541312
v -0.424933 0.255513 0.0696482
v -0.420118 0.252293 0.100593
v -0.433405 0.247285 0.0455701
v -0.431354 0.239773 0.0706292
v -0.435635 0.237388 0.0541312
v -0.434386 0.234407 0.0661703
v -0.433405 0.231546 0.0764258
v -0.432513 0.228565 0.0851653
v -0.433851 0.217714 0.0942614
v -0.4318 0.20889 0.116467
v -0.434208 0.203644 0.111562
v -0.433138 0.198636 0.121907
v -0.432781 0.214018 0.104606
v -0.41548 0.274114 0.0696482
v -0.419761 0.266364 0.0696482
v -0.431087 0.255036 0.0396844
v -0.329245 0.359013 0.11611
v -0.331475 0.360801 0.100593
v -0.339233 0.355078 0.100593
v -0.349667 0.346373 0.10095
v -0.356801 0.341246 0.0959558
v -0.368751 0.337907 0.0541312
v -0.36563 0.334926 0.0851653
v -0.316582 0.367359 0.116288
v -0.435991 -0.623758 0.0541312
v -0.436883 -0.627812 0.0379008
v -0.43831 -0.627096 0.0231864
v -0.433762 -0.635324 0.0231864
v -0.429214 -0.643074 0.0231864
v -0.421455 -0.655118 0.0231864
v -0.420831 -0.654164 0.0387034
v -0.419315 -0.652017 0.0541312
v -0.415213 -0.661914 0.0387034
v -0.403263 -0.666684 0.080528
v -0.398091 -0.675865 0.0696482
v -0.386676 -0.680754 0.106033
v -0.371516 -0.696732 0.107995
v -0.355464 -0.711637 0.104874
v -0.349489 -0.717241 0.100058
v -0.338074 -0.726065 0.100593
v -0.330405 -0.731311 0.100593
v -0.328086 -0.729761 0.11611
v -0.326124 -0.72833 0.125741
v -0.318009 -0.731669 0.131181
v -0.301957 -0.736558 0.147055
v -0.286351 -0.740612 0.163999
v -0.278592 -0.743235 0.170152
v -0.272439 -0.747647 0.163999
v -0.177999 -0.770422 0.193517
v -0.162572 -0.769706 0.209034
v -0.270923 -0.752298 0.147055
v -0.25933 -0.757306 0.147055
v -0.251571 -0.760167 0.147055
v -0.239978 -0.764221 0.147055
v -0.224461 -0.768872 0.147055
v -0.209033 -0.769706 0.162572
v -0.131627 -0.766964 0.239979
v -0.147055 -0.768395 0.224462
v -0.0993443 -0.760883 0.271548
v -0.0696481 -0.764818 0.270924
v -0.085165 -0.76291 0.270924
v -0.11611 -0.769468 0.239979
v -0.100593 -0.766487 0.255496
v -0.0541311 -0.766249 0.270924
v -0.0387033 -0.766964 0.270924
v 0.00766931 -0.767918 0.270924
v 0.00766931 -0.77233 0.256209
v 0.0238997 -0.772568 0.254336
v 0.0387033 -0.771495 0.255496
v 0.0541311 -0.77066 0.255496
v 0.209033 -0.766845 0.178
v 0.11718 -0.772926 0.224283
v 0.100593 -0.773641 0.229634
v 0.123155 -0.774118 0.216346
v 0.131627 -0.775311 0.206358
v 0.131627 -0.777457 0.193517
v 0.147055 -0.775549 0.193695
v 0.158113 -0.774834 0.188701
v 0.174254 -0.774953 0.173719
v 0.184509 -0.773999 0.169082
v 0.193784 -0.773045 0.163375
v 0.209033 -0.769706 0.162572
v 0.224461 -0.765533 0.162572
v 0.239978 -0.763864 0.147055
v 0.25166 -0.760048 0.147055
v 0.256476 -0.761598 0.132251
v 0.265037 -0.759452 0.127525
v 0.275025 -0.757306 0.11611
v 0.28644 -0.749436 0.131627
v 0.294823 -0.743593 0.140634
v 0.304186 -0.740135 0.131627
v 0.0541311 -0.773522 0.244794
v 0.0696481 -0.775072 0.235698
v 0.0696481 -0.777219 0.224462
v 0.086146 -0.775907 0.225799
v 0.100593 -0.775311 0.221965
v 0.11281 -0.774714 0.218933
v 0.0920317 -0.774118 0.231774
v 0.367859 -0.709014 0.0696482
v 0.37651 -0.701263 0.0696482
v 0.377134 -0.701979 0.0541312
v 0.384892 -0.694466 0.0541312
v 0.317385 -0.735246 0.11611
v 0.333704 -0.731669 0.0843627
v 0.341106 -0.728092 0.0787444
v 0.347081 -0.722368 0.0843627
v 0.350024 -0.723322 0.0696482
v 0.360101 -0.715572 0.0696482
v 0.399785 -0.677892 0.0541312
v 0.392027 -0.686716 0.0541312
v 0.432959 -0.633774 0.00766937
v 0.436883 -0.628408 -0.00865024
v 0.437151 -0.626023 0.00766937
v 0.446425 -0.610403 -0.0222945
v 0.444998 -0.611595 -0.00766928
v 0.443126 -0.611595 0.0231864
v 0.448744 -0.603129 -0.00766928
v 0.447763 -0.600744 0.0231864
v 0.446782 -0.59824 0.0541312
v 0.446247 -0.596929 0.0696482
v 0.449368 -0.589178 0.0696482
v 0.455432 -0.580712 -0.0231863
v 0.45454 -0.580712 -0.00766928
v 0.449725 -0.565211 0.0696482
v 0.449101 -0.580712 0.0778526
v 0.419226 -0.652017 0.0541312
v 0.42966 -0.641167 -0.00865024
v 0.425825 -0.642597 0.0387034
v 0.405938 -0.670142 0.0541312
v 0.41557 -0.662391 -0.00766928
v 0.449368 0.202571 -0.00766928
v 0.450884 0.193508 -0.00766928
v 0.451776 0.193508 -0.0231863
v 0.447763 0.21199 -0.0231863
v 0.443304 0.224511 -0.00766928
v 0.438043 0.240012 -0.00766928
v 0.435902 0.238223 0.0387034
v 0.455521 0.147005 -0.0231863
v 0.454362 0.162506 -0.0387033
v 0.453024 0.178007 -0.0387033
v 0.449725 0.203763 -0.0344228
v 0.434297 0.249432 -0.00766928
v 0.424042 0.270895 -0.00766928
v 0.431265 0.258017 -0.0231863
v 0.418156 0.278884 0.0168547
v 0.41227 0.286396 0.0387034
v 0.413786 0.287111 0.00766937
v 0.414232 0.287827 -0.00766928
v 0.406563 0.299631 -0.00766928
v 0.400766 0.307382 -0.00766928
v 0.39925 0.305474 0.0387034
v 0.398804 0.304759 0.0541312
v 0.391046 0.314656 0.0541312
v 0.384714 0.322406 0.0541312
v 0.384001 0.321691 0.0696482
v 0.374548 0.32801 0.0851653
v 0.368216 0.33743 0.0696482
v 0.360547 0.344585 0.0696482
v 0.358585 0.342796 0.0851653
v 0.347616 0.3515 0.0857895
v 0.340125 0.355793 0.0914077
v 0.326392 0.356985 0.127436
v 0.318633 0.361278 0.132162
v 0.306327 0.369625 0.131627
v 0.213225 0.435683 0.103714
v -0.44919 0.171568 0.0628707
v -0.447852 0.162506 0.0712535
v -0.435635 0.162506 0.131627
v -0.434565 0.177053 0.131181
v -0.437507 0.178007 0.11611
v -0.447228 0.177173 0.0686673
v -0.447674 0.193747 0.0539529
v -0.45133 -0.596571 0.0378116
v -0.454451 -0.565211 0.0387034
v -0.455432 -0.580712 0.0231864
v -0.449279 -0.604441 0.0268427
v -0.446425 -0.610403 0.0222946
v -0.445534 -0.610403 0.0378116
v -0.451687 -0.597644 0.0222946
v -0.449457 0.147005 0.0637625
v -0.226334 0.435683 0.0696482
v -0.310875 0.372248 0.111205
v -0.378382 0.331587 0.0387034
v -0.387033 0.325029 0.0231864
v -0.393275 0.317279 0.0231864
v -0.40683 0.29987 0.0231864
v -0.414589 0.288423 0.0231864
v -0.418958 0.280076 0.0352254
v -0.414589 0.28568 0.0396844
v -0.401034 0.30762 0.0231864
v -0.411289 0.286396 0.0541312
v -0.417888 0.278407 0.0455701
v -0.434386 0.24967 0.0352254
v -0.436972 0.241323 0.0396844
v -0.443037 0.224511 0.0387034
v -0.447317 0.209009 0.0391493
v -0.449725 0.203763 0.0344228
v -0.448655 0.198993 0.0446783
v -0.421366 0.269106 0.0541312
v -0.422436 0.272326 0.0396844
v -0.320149 0.368432 0.100593
v -0.334239 0.36104 0.0854328
v -0.341284 0.356628 0.080528
v -0.321933 0.369625 0.0851653
v -0.353234 0.354004 0.0387034
v -0.351718 0.352693 0.0541312
v -0.350113 0.351381 0.0696482
v -0.359388 0.343631 0.0696482
v -0.370267 0.339338 0.0387034
v -0.436883 -0.628408 0.00865034
v -0.433584 -0.634966 0.0145361
v -0.42966 -0.641167 0.00865034
v -0.421099 -0.654641 0.00766937
v -0.415926 -0.662868 0.0231864
v -0.407454 -0.67193 0.0387034
v -0.404333 -0.668115 0.0696482
v -0.401212 -0.679681 0.0387034
v -0.388727 -0.683139 0.0851653
v -0.379631 -0.689339 0.101842
v -0.381593 -0.690889 0.0851653
v -0.38623 -0.695897 0.0387034
v -0.372586 -0.697686 0.0976502
v -0.373834 -0.698878 0.0851653
v -0.364025 -0.704721 0.101307
v -0.365184 -0.706629 0.0851653
v -0.357426 -0.713426 0.0851653
v -0.359031 -0.714737 0.0696482
v -0.350559 -0.72368 0.0541312
v -0.352075 -0.724873 0.0387034
v -0.339679 -0.727138 0.0851653
v -0.331921 -0.732385 0.0851653
v -0.319792 -0.740135 0.0851653
v -0.316493 -0.739897 0.101842
v -0.309537 -0.743235 0.107727
v -0.341552 -0.72845 0.0664378
v -0.3428 -0.729284 0.0541312
v -0.317385 -0.73632 0.11611
v -0.307486 -0.742162 0.11611
v -0.301868 -0.740612 0.132965
v -0.292058 -0.742162 0.147055
v -0.29402 -0.743235 0.139118
v -0.287956 -0.747647 0.132965
v -0.28644 -0.752298 0.11611
v -0.178534 -0.773164 0.178802
v -0.169082 -0.773999 0.18451
v -0.163374 -0.773045 0.193784
v -0.158737 -0.774953 0.18888
v -0.151781 -0.773761 0.199224
v -0.146787 -0.772449 0.20832
v -0.131627 -0.771018 0.224462
v -0.270209 -0.755994 0.131538
v -0.274758 -0.757306 0.11611
v -0.264502 -0.759213 0.126455
v -0.267088 -0.760167 0.11611
v -0.255495 -0.764221 0.11611
v -0.239978 -0.766725 0.131627
v -0.239978 -0.768991 0.11611
v -0.224461 -0.771018 0.131627
v -0.214116 -0.773641 0.131627
v -0.203326 -0.774714 0.141883
v -0.208677 -0.772568 0.147055
v -0.199045 -0.773761 0.152227
v -0.193695 -0.772926 0.163018
v -0.085165 -0.768156 0.255496
v -0.0696481 -0.769706 0.255496
v -0.112989 -0.774953 0.219557
v -0.100593 -0.771137 0.239979
v -0.0541311 -0.771018 0.255496
v -0.0387033 -0.771734 0.255496
v -0.00766931 -0.774357 0.248005
v 0.00766931 -0.774476 0.248451
v 0.0192625 -0.774357 0.248361
v 0.0296071 -0.774118 0.24747
v 0.11718 -0.775907 0.210282
v 0.100593 -0.777576 0.209034
v 0.11611 -0.778769 0.193517
v 0.131627 -0.779484 0.178
v 0.147055 -0.777815 0.178
v 0.162572 -0.778053 0.162572
v 0.178891 -0.775788 0.163375
v 0.188879 -0.774953 0.158737
v 0.224461 -0.768395 0.147055
v 0.199224 -0.773761 0.151781
v 0.20832 -0.772449 0.146787
v 0.224461 -0.771018 0.131627
v 0.239978 -0.766964 0.131627
v 0.255495 -0.764698 0.11611
v 0.267356 -0.760287 0.11611
v 0.290631 -0.757306 0.0696482
v 0.301957 -0.752178 0.0696482
v 0.28644 -0.752059 0.11611
v 0.277165 -0.75814 0.103714
v 0.301957 -0.749674 0.0851653
v 0.296428 -0.744428 0.131627
v 0.306862 -0.741685 0.11611
v 0.319703 -0.740254 0.0851653
v 0.0541311 -0.77543 0.237125
v 0.0541311 -0.777815 0.224462
v 0.0696481 -0.779603 0.209034
v 0.085165 -0.778769 0.209034
v 0.368751 -0.709729 0.0541312
v 0.360993 -0.716407 0.0541312
v 0.377669 -0.702456 0.0387034
v 0.387122 -0.696851 -0.0148927
v 0.322289 -0.741685 0.0696482
v 0.332902 -0.735008 0.0696482
v 0.342265 -0.728927 0.0696482
v 0.351094 -0.724157 0.0541312
v 0.400766 -0.679085 0.0231864
v 0.393008 -0.687789 0.0231864
v 0.401658 -0.680277 -0.00766928
v 0.433584 -0.634966 -0.014536
v 0.433316 -0.63437 -0.00419133
v 0.43831 -0.627096 -0.0231863
v 0.449279 -0.604441 -0.0321041
v 0.449279 -0.604441 -0.0268426
v 0.449011 -0.603725 -0.0165871
v 0.451776 -0.595379 -0.00766928
v 0.450349 -0.591801 0.0387034
v 0.451687 -0.597644 -0.0222945
v 0.45133 -0.596571 -0.0378115
v 0.454362 -0.580712 -0.0387033
v 0.455521 -0.565211 -0.0231863
v 0.421099 -0.654641 -0.00766928
v 0.429214 -0.643074 -0.0231863
v 0.406919 -0.671334 0.0231864
v 0.415926 -0.662868 -0.0231863
v 0.407811 -0.672526 -0.00766928
v 0.449814 0.20424 -0.0231863
v 0.444196 0.224511 -0.0231863
v 0.438845 0.240012 -0.0231863
v 0.454451 0.147005 -0.0387033
v 0.447852 0.162506 -0.0712534
v 0.44919 0.171568 -0.0628706
v 0.449457 0.147005 -0.0637624
v 0.450171 0.177173 -0.0539528
v 0.450617 0.193747 -0.0391492
v 0.434208 0.203644 -0.111562
v 0.4318 0.20889 -0.116467
v 0.433851 0.217714 -0.0942613
v 0.447317 0.209009 -0.0391492
v 0.443037 0.224511 -0.0387033
v 0.448655 0.198993 -0.0446782
v 0.434654 0.250266 -0.0231863
v 0.424755 0.270895 -0.0231863
v 0.418958 0.280076 -0.00766928
v 0.434386 0.24967 -0.0352254
v 0.414589 0.288423 -0.0231863
v 0.40683 0.29987 -0.0231863
v 0.391581 0.315252 0.0387034
v 0.401034 0.30762 -0.0231863
v 0.393008 0.31704 -0.00766928
v 0.386319 0.324195 0.00766937
v 0.385249 0.323002 0.0387034
v 0.376956 0.330514 0.0541312
v 0.376242 0.32968 0.0696482
v 0.369108 0.338265 0.0541312
v 0.361349 0.345419 0.0541312
v 0.352253 0.35317 0.0541312
v 0.351094 0.352335 0.0696482
v 0.341909 0.356985 0.0810631
v 0.33415 0.361278 0.0857895
v 0.316136 0.366763 0.115397
v 0.321933 0.369625 0.0851653
v 0.223748 0.435683 0.0747314
v 0.218754 0.435683 0.0890891
v 0.216168 0.435683 0.0961342
v -0.454362 0.162506 0.0387034
v -0.450171 0.177173 0.0539529
v -0.453024 0.178007 0.0387034
v -0.448476 0.181823 0.0589469
v -0.450617 0.193747 0.0391493
v -0.455521 -0.565211 0.0231864
v -0.454451 0.147005 0.0387034
v -0.45454 -0.580712 0.00766937
v -0.449101 -0.588463 -0.0776742
v -0.449368 -0.589178 -0.0696482
v -0.450349 -0.591801 -0.0387033
v -0.451776 -0.595379 0.00766937
v -0.449011 -0.603725 0.016498
v -0.448744 -0.603129 0.00766937
v -0.443126 -0.611595 -0.0231863
v -0.444998 -0.611595 0.00766937
v -0.435278 -0.622565 -0.0696482
v -0.437151 -0.626023 -0.00766928
v -0.229901 0.435683 0.0535962
v -0.379096 0.332303 0.00766937
v -0.386765 0.324791 0.00766937
v -0.371159 0.340173 0.0231864
v -0.37107 0.340053 0.00766937
v -0.393008 0.31704 0.00766937
v -0.406563 0.299631 0.00766937
v -0.414232 0.287827 0.00766937
v -0.419315 0.280672 0.0231864
v -0.424755 0.270895 0.0231864
v -0.400766 0.307382 0.00766937
v -0.431265 0.258017 0.0231864
v -0.434654 0.250266 0.0231864
v -0.438845 0.240012 0.0231864
v -0.444196 0.224511 0.0231864
v -0.447763 0.21199 0.0231864
v -0.449814 0.20424 0.0231864
v -0.451776 0.193508 0.0231864
v -0.454095 0.178007 0.0231864
v -0.345476 0.359609 0.0387034
v -0.34396 0.358536 0.0541312
v -0.323538 0.370698 0.0696482
v -0.346457 0.360443 0.0231864
v -0.354215 0.35472 0.0231864
v -0.362509 0.346254 0.0387034
v -0.360993 0.344942 0.0541312
v -0.432959 -0.633774 -0.00766928
v -0.433316 -0.63437 0.00419142
v -0.425825 -0.642597 -0.0387033
v -0.418691 -0.651302 -0.0696482
v -0.419226 -0.652017 -0.0541311
v -0.41557 -0.662391 0.00766937
v -0.407811 -0.672526 0.00766937
v -0.408168 -0.672884 0.0231864
v -0.401925 -0.680635 0.0231864
v -0.387033 -0.696732 0.0287154
v -0.393454 -0.688147 0.0387034
v -0.390332 -0.684808 0.0696482
v -0.378472 -0.703052 0.0387034
v -0.37535 -0.700309 0.0696482
v -0.3667 -0.70806 0.0696482
v -0.369821 -0.710802 0.0387034
v -0.362152 -0.717122 0.0387034
v -0.353056 -0.725588 0.0231864
v -0.345387 -0.731073 0.0231864
v -0.344316 -0.730358 0.0387034
v -0.332902 -0.735723 0.0541312
v -0.321398 -0.741089 0.0696482
v -0.310696 -0.743832 0.0974719
v -0.301957 -0.749913 0.0851653
v -0.303384 -0.747051 0.101842
v -0.285459 -0.755756 0.100415
v -0.299727 -0.745978 0.11611
v -0.188701 -0.774834 0.158113
v -0.173719 -0.774953 0.174254
v -0.146787 -0.775549 0.193784
v -0.141436 -0.774595 0.202702
v -0.163374 -0.775788 0.178802
v -0.147055 -0.777934 0.178
v -0.131627 -0.773522 0.213671
v -0.277344 -0.75826 0.105409
v -0.271725 -0.761241 0.100415
v -0.255495 -0.766725 0.100593
v -0.239978 -0.771018 0.100593
v -0.224283 -0.772926 0.11718
v -0.229633 -0.773641 0.100593
v -0.216346 -0.774118 0.123155
v -0.206358 -0.775311 0.131627
v -0.193516 -0.777457 0.131627
v -0.193695 -0.775549 0.147055
v -0.0696481 -0.773045 0.243011
v -0.131627 -0.775192 0.205913
v -0.117358 -0.776026 0.210282
v -0.100593 -0.777815 0.209034
v -0.100593 -0.77543 0.222232
v -0.0913183 -0.774118 0.231596
v -0.100593 -0.773641 0.229991
v -0.0809737 -0.774595 0.233469
v -0.0541311 -0.773641 0.245419
v -0.0387033 -0.773999 0.246845
v -0.0387033 -0.775788 0.239087
v -0.00766931 -0.776026 0.239979
v 0.00766931 -0.776145 0.239979
v 0.0238997 -0.775669 0.241316
v 0.100593 -0.779842 0.193517
v 0.11611 -0.780676 0.178
v 0.147055 -0.779603 0.162572
v 0.131627 -0.780915 0.162572
v 0.162572 -0.779723 0.147055
v 0.177999 -0.777934 0.147055
v 0.193784 -0.775549 0.146787
v 0.202702 -0.774595 0.141437
v 0.213671 -0.773522 0.131627
v 0.219556 -0.774953 0.112989
v 0.239978 -0.769468 0.11611
v 0.270923 -0.764818 0.0696482
v 0.270923 -0.76291 0.0851653
v 0.271547 -0.760883 0.0993446
v 0.255495 -0.766487 0.100593
v 0.27886 -0.758856 0.0933697
v 0.282873 -0.760287 0.0696482
v 0.284745 -0.761121 0.0541312
v 0.292504 -0.758021 0.0541312
v 0.301957 -0.753728 0.0541312
v 0.316047 -0.746693 0.0541312
v 0.314531 -0.745859 0.0696482
v 0.308645 -0.742758 0.10532
v 0.0387033 -0.778292 0.224462
v 0.0541311 -0.7802 0.209034
v 0.085165 -0.780676 0.193517
v 0.369197 -0.710206 0.0387034
v 0.361974 -0.717122 0.0231864
v 0.370178 -0.711041 0.00766937
v 0.351629 -0.724515 0.0387034
v 0.387122 -0.696851 -0.0183707
v 0.401925 -0.680635 -0.0231863
v 0.370624 -0.711399 -0.00766928
v 0.370802 -0.711518 -0.0231863
v 0.323716 -0.74252 0.0541312
v 0.332902 -0.736677 0.0541312
v 0.343425 -0.729642 0.0541312
v 0.408168 -0.672884 -0.0231863
v 0.433762 -0.635324 -0.0231863
v 0.433851 -0.635324 -0.0322825
v 0.436883 -0.627812 -0.0379007
v 0.445534 -0.610403 -0.0378115
v 0.435724 -0.611834 -0.0837383
v 0.448209 -0.602056 -0.0424488
v 0.450171 -0.591325 -0.0541311
v 0.449279 -0.589059 -0.063049
v 0.45133 -0.580712 -0.0541311
v 0.454451 -0.565211 -0.0387033
v 0.421455 -0.655118 -0.0231863
v 0.415213 -0.661914 -0.0387033
v 0.420831 -0.654164 -0.0387033
v 0.435635 0.162506 -0.131627
v 0.433673 0.171211 -0.139831
v 0.447228 0.177173 -0.0686672
v 0.435724 0.147005 -0.131627
v 0.449457 -0.565211 -0.0637624
v 0.448476 0.181823 -0.0589468
v 0.447674 0.193747 -0.0539528
v 0.428679 0.209009 -0.131627
v 0.433138 0.198636 -0.121907
v 0.432781 0.214018 -0.104606
v 0.424309 0.224511 -0.131627
v 0.432513 0.228565 -0.0851652
v 0.433405 0.231546 -0.0764257
v 0.434386 0.234407 -0.0661702
v 0.435635 0.237388 -0.0541311
v 0.436972 0.241323 -0.0396843
v 0.418958 0.280076 -0.0352254
v 0.419315 0.280672 -0.0231863
v 0.428055 0.255513 -0.0541311
v 0.431087 0.255036 -0.0396843
v 0.422436 0.272326 -0.0396843
v 0.433405 0.247285 -0.04557
v 0.406117 0.298916 -0.0387033
v 0.400231 0.306666 -0.0387033
v 0.393275 0.317279 -0.0231863
v 0.386765 0.324791 -0.00766928
v 0.377491 0.330991 0.0387034
v 0.369643 0.338742 0.0387034
v 0.370089 0.339219 0.0231864
v 0.37107 0.340053 -0.00766928
v 0.361884 0.345777 0.0387034
v 0.352788 0.353527 0.0387034
v 0.344495 0.359013 0.0541312
v 0.343425 0.358178 0.0696482
v 0.331564 0.366644 0.0687565
v 0.323895 0.370936 0.0733046
v 0.227582 0.435683 0.0632274
v -0.455343 0.162506 0.0231864
v -0.455521 0.147005 0.0231864
v -0.449725 -0.565211 -0.0696482
v -0.440896 -0.596094 -0.100593
v -0.445623 -0.594663 -0.0837383
v -0.437418 -0.613145 -0.086592
v -0.434565 -0.621134 -0.0824006
v -0.440272 -0.611595 -0.0696482
v -0.446247 -0.596929 -0.0696482
v -0.449101 -0.580712 -0.0778526
v -0.447941 -0.580712 -0.0856111
v -0.444196 -0.580712 -0.100593
v -0.446782 -0.59824 -0.0541311
v -0.447763 -0.600744 -0.0231863
v -0.430997 -0.630316 -0.0696482
v -0.235787 0.435683 0.0231864
v -0.378561 0.331945 -0.00766928
v -0.386319 0.324195 -0.00766928
v -0.377491 0.330991 -0.0387033
v -0.376956 0.330514 -0.0541311
v -0.36349 0.346969 0.0231864
v -0.363311 0.346969 0.00766937
v -0.361884 0.345777 -0.0387033
v -0.361349 0.345419 -0.0541311
v -0.370089 0.339219 -0.0231863
v -0.404155 0.296412 -0.0696482
v -0.413786 0.287111 -0.00766928
v -0.418958 0.280076 0.00766937
v -0.424042 0.270895 0.00766937
v -0.391581 0.315252 -0.0387033
v -0.39925 0.305474 -0.0387033
v -0.430908 0.257063 0.00766937
v -0.434297 0.249432 0.00766937
v -0.438043 0.240012 0.00766937
v -0.443304 0.224511 0.00766937
v -0.447317 0.210321 0.00766937
v -0.449368 0.202571 0.00766937
v -0.449101 0.201497 -0.000980914
v -0.450884 0.193508 0.00766937
v -0.453203 0.178007 0.00766937
v -0.449011 0.169541 -0.0772283
v -0.334239 0.367359 0.0387034
v -0.335309 0.368194 0.0231864
v -0.346457 0.360443 0.00766937
v -0.335399 0.368194 0.00766937
v -0.354215 0.35472 0.00766937
v -0.423863 -0.642597 -0.0696482
v -0.418334 -0.650706 -0.078566
v -0.413162 -0.659052 -0.0696482
v -0.405403 -0.669546 -0.0696482
v -0.405938 -0.670142 -0.0541311
v -0.406919 -0.671334 -0.0231863
v -0.401658 -0.680277 0.00766937
v -0.387122 -0.696851 0.0148928
v -0.387122 -0.696851 0.0183708
v -0.380879 -0.702456 0.0233647
v -0.370802 -0.711518 0.0231864
v -0.363044 -0.717837 0.0231864
v -0.353056 -0.725588 0.00766937
v -0.345297 -0.731073 0.00766937
v -0.333437 -0.738824 0.00766937
v -0.333348 -0.738824 0.0231864
v -0.325232 -0.743355 0.0313908
v -0.331386 -0.738824 0.0373657
v -0.324251 -0.742758 0.0417355
v -0.312034 -0.744547 0.0851653
v -0.301957 -0.753013 0.0541312
v -0.28858 -0.756352 0.0851653
v -0.315244 -0.746216 0.0541312
v -0.318366 -0.746336 0.0373657
v -0.279573 -0.759094 0.095064
v -0.177999 -0.777815 0.147055
v -0.162572 -0.778053 0.162572
v -0.131627 -0.777219 0.193517
v -0.147055 -0.779723 0.162572
v -0.131627 -0.779365 0.178
v -0.270923 -0.763387 0.0851653
v -0.255495 -0.768633 0.0851653
v -0.239532 -0.772807 0.0861462
v -0.231774 -0.774118 0.092032
v -0.218932 -0.774714 0.112811
v -0.221964 -0.775311 0.100593
v -0.210282 -0.775907 0.11718
v -0.209033 -0.777576 0.100593
v -0.193516 -0.778769 0.11611
v -0.177999 -0.779484 0.131627
v -0.0696481 -0.777099 0.224462
v -0.11611 -0.778649 0.193517
v -0.100593 -0.779842 0.193517
v -0.085165 -0.778649 0.209034
v -0.0857893 -0.775788 0.22571
v -0.0696481 -0.774953 0.235341
v -0.0541311 -0.77543 0.23766
v -0.0541311 -0.777934 0.224462
v -0.0387033 -0.778411 0.224462
v -0.0231863 -0.778649 0.224462
v 0.00766931 -0.779007 0.224462
v 0.0231863 -0.778769 0.224462
v 0.100593 -0.781273 0.178
v 0.11611 -0.78175 0.162572
v 0.147055 -0.781034 0.147055
v 0.177999 -0.779365 0.131627
v 0.162572 -0.781034 0.131627
v 0.193516 -0.777219 0.131627
v 0.210282 -0.776026 0.117359
v 0.205912 -0.775192 0.131627
v 0.209033 -0.777815 0.100593
v 0.222232 -0.77543 0.100593
v 0.231595 -0.774118 0.0913186
v 0.22999 -0.773641 0.100593
v 0.239978 -0.771137 0.100593
v 0.255495 -0.768156 0.0851653
v 0.255495 -0.769706 0.0696482
v 0.270923 -0.766249 0.0541312
v 0.270923 -0.766964 0.0387034
v 0.285548 -0.761479 0.0387034
v 0.293307 -0.758379 0.0387034
v 0.301957 -0.754325 0.0387034
v 0.317385 -0.748005 -0.00766928
v 0.318901 -0.746693 0.00811527
v 0.325054 -0.743235 0.0135551
v 0.0231863 -0.780796 0.209034
v 0.0541311 -0.78163 0.193517
v 0.0696481 -0.781273 0.193517
v 0.35261 -0.72523 0.00766937
v 0.353056 -0.725588 -0.00766928
v 0.362865 -0.717837 -0.00766928
v 0.387033 -0.696732 -0.0287153
v 0.380879 -0.702456 -0.0233647
v 0.401212 -0.679681 -0.0387033
v 0.363044 -0.717837 -0.0231863
v 0.362152 -0.717122 -0.0387033
v 0.369821 -0.710802 -0.0387033
v 0.333437 -0.738824 -0.00766928
v 0.345297 -0.731073 -0.00766928
v 0.344851 -0.730715 0.00766937
v 0.407454 -0.67193 -0.0387033
v 0.418334 -0.635205 -0.109511
v 0.431622 -0.631508 -0.0541311
v 0.435991 -0.623758 -0.0541311
v 0.429125 -0.641286 -0.0379007
v 0.418334 -0.650825 -0.0634949
v 0.417353 -0.649156 -0.0737504
v 0.416194 -0.647248 -0.0851652
v 0.420742 -0.639497 -0.0851652
v 0.433584 -0.619465 -0.0776742
v 0.426093 -0.611595 -0.131627
v 0.433762 -0.604322 -0.109332
v 0.431533 -0.598837 -0.131627
v 0.434654 -0.591086 -0.131627
v 0.433762 -0.58894 -0.139921
v 0.435724 -0.580712 -0.131627
v 0.447852 -0.580712 -0.0714317
v 0.404333 -0.668115 -0.0696482
v 0.403263 -0.666684 -0.0805279
v 0.433851 0.162506 -0.140188
v 0.431265 0.162506 -0.147947
v 0.430819 0.177053 -0.145806
v 0.427698 0.193508 -0.147055
v 0.43287 0.181584 -0.136086
v 0.434565 0.177053 -0.131181
v 0.437507 0.178007 -0.11611
v 0.433851 0.147005 -0.140366
v 0.432068 0.193508 -0.131181
v 0.42422 0.209009 -0.147055
v 0.418869 0.234288 -0.141437
v 0.420029 0.237269 -0.131627
v 0.431354 0.239773 -0.0706291
v 0.417888 0.278407 -0.04557
v 0.403441 0.280076 -0.112454
v 0.411289 0.286396 -0.0541311
v 0.414589 0.28568 -0.0396843
v 0.424933 0.255513 -0.0696482
v 0.41664 0.260044 -0.100593
v 0.417621 0.26219 -0.0907834
v 0.418691 0.264337 -0.0804387
v 0.419761 0.266364 -0.0696482
v 0.421366 0.269106 -0.0541311
v 0.417888 0.247166 -0.122709
v 0.420118 0.252293 -0.100593
v 0.404601 0.296889 -0.0541311
v 0.38623 0.308574 -0.100593
v 0.392473 0.316325 -0.0387033
v 0.390511 0.298916 -0.11611
v 0.387033 0.325029 -0.0231863
v 0.379096 0.332303 -0.00766928
v 0.378561 0.331945 0.00766937
v 0.371159 0.340173 -0.0231863
v 0.363311 0.346969 -0.00766928
v 0.354215 0.35472 -0.00766928
v 0.34503 0.35937 0.0387034
v 0.333526 0.366763 0.0541312
v 0.325411 0.371771 0.0630491
v 0.231774 0.435683 0.0501182
v 0.229277 0.435683 0.0579659
v -0.454451 0.162506 0.00766937
v -0.449725 0.147005 -0.0696482
v -0.449101 -0.565211 -0.0779417
v -0.432335 -0.601102 -0.120301
v -0.434119 -0.605037 -0.109957
v -0.435635 -0.608614 -0.100593
v -0.433494 -0.619346 -0.0927453
v -0.434475 -0.590728 -0.126633
v -0.447941 -0.565211 -0.0857002
v -0.444285 -0.565211 -0.100593
v -0.439023 -0.580712 -0.11611
v -0.236768 0.435683 0.00766937
v -0.369643 0.338742 -0.0387033
v -0.385249 0.323002 -0.0387033
v -0.376242 0.32968 -0.0696482
v -0.384001 0.321691 -0.0696482
v -0.384714 0.322406 -0.0541311
v -0.369108 0.338265 -0.0541311
v -0.352788 0.353527 -0.0387033
v -0.360547 0.344585 -0.0696482
v -0.352253 0.35317 -0.0541311
v -0.403441 0.295458 -0.0802604
v -0.410308 0.286396 -0.0696482
v -0.41227 0.286396 -0.0387033
v -0.398804 0.304759 -0.0541311
v -0.398269 0.304043 -0.0696482
v -0.418156 0.278884 -0.0168546
v -0.416997 0.276857 -0.0541311
v -0.421723 0.269941 -0.0387033
v -0.391046 0.314656 -0.0541311
v -0.420742 0.268152 -0.0696482
v -0.428768 0.255513 -0.0387033
v -0.433584 0.247762 -0.0154278
v -0.435902 0.238223 -0.0387033
v -0.434921 0.235719 -0.0696482
v -0.44045 0.224511 -0.0387033
v -0.438488 0.224511 -0.0696482
v -0.442769 0.209009 -0.0696482
v -0.444731 0.209009 -0.0387033
v -0.447139 0.207579 -0.0067775
v -0.445979 0.193508 -0.0696482
v -0.449903 0.193985 -0.0067775
v -0.448922 0.184923 -0.0442324
v -0.449368 0.172403 -0.0668836
v -0.44812 0.163699 -0.0838275
v -0.449101 0.159167 -0.0777634
v -0.448298 0.177769 -0.071075
v -0.444285 0.193508 -0.0851652
v -0.446604 0.178007 -0.0851652
v -0.346011 0.360086 -0.00766928
v -0.333526 0.366763 -0.0541311
v -0.235698 0.435683 -0.00927449
v -0.234806 0.435683 -0.0231863
v -0.34503 0.35937 -0.0387033
v -0.421455 -0.643194 -0.0842734
v -0.417086 -0.648798 -0.0889107
v -0.412448 -0.656787 -0.0842734
v -0.404066 -0.667757 -0.0851652
v -0.39925 -0.677296 -0.0696482
v -0.399785 -0.677892 -0.0541311
v -0.400766 -0.679085 -0.0231863
v -0.392027 -0.686716 -0.0541311
v -0.393008 -0.687789 -0.0231863
v -0.384892 -0.694466 -0.0541311
v -0.377134 -0.701979 -0.0541311
v -0.377669 -0.702456 -0.0387033
v -0.369197 -0.710206 -0.0387033
v -0.370178 -0.711041 -0.00766928
v -0.370624 -0.711399 0.00766937
v -0.362865 -0.717837 0.00766937
v -0.361974 -0.717122 -0.0231863
v -0.35261 -0.72523 -0.00766928
v -0.344851 -0.730715 -0.00766928
v -0.332902 -0.736677 -0.0541311
v -0.323716 -0.74252 -0.0541311
v -0.325054 -0.743235 -0.013555
v -0.325678 -0.743593 0.00766937
v -0.325589 -0.743474 0.0231864
v -0.317385 -0.747886 0.0231864
v -0.301957 -0.754444 0.0387034
v -0.290185 -0.757067 0.0696482
v -0.280822 -0.759571 0.0851653
v -0.162572 -0.779603 0.147055
v -0.162572 -0.780915 0.131627
v -0.147055 -0.781034 0.147055
v -0.131627 -0.781034 0.162572
v -0.11611 -0.780557 0.178
v -0.270923 -0.764698 0.0696482
v -0.255495 -0.769706 0.0696482
v -0.243367 -0.773045 0.0696482
v -0.234003 -0.774714 0.0816873
v -0.225799 -0.775907 0.0861462
v -0.209033 -0.778769 0.0851653
v -0.193516 -0.779842 0.100593
v -0.177999 -0.780676 0.11611
v -0.085165 -0.780676 0.193517
v -0.0696481 -0.779484 0.209034
v -0.0541311 -0.7802 0.209034
v -0.0387033 -0.780557 0.209034
v 0.00766931 -0.780915 0.209034
v 0.085165 -0.78175 0.178
v 0.100593 -0.782107 0.162572
v 0.11611 -0.782227 0.147055
v 0.147055 -0.781869 0.131627
v 0.193516 -0.778649 0.11611
v 0.177999 -0.780557 0.11611
v 0.162572 -0.78163 0.11611
v 0.177999 -0.781392 0.100593
v 0.224461 -0.777099 0.0696482
v 0.193516 -0.779842 0.100593
v 0.209033 -0.778649 0.0851653
v 0.233468 -0.774595 0.0809739
v 0.22571 -0.775788 0.0857895
v 0.24301 -0.773045 0.0696482
v 0.255495 -0.771018 0.0541312
v 0.270923 -0.767918 -0.00766928
v 0.28644 -0.762314 -0.00766928
v 0.286083 -0.761717 0.0231864
v 0.255495 -0.771734 0.0387034
v 0.294109 -0.758736 0.0138227
v 0.302492 -0.755517 -0.00766928
v 0.317385 -0.747886 -0.0231863
v 0.325678 -0.743593 -0.00766928
v 0.0231863 -0.781988 0.193517
v 0.0541311 -0.782346 0.178
v 0.0696481 -0.782107 0.178
v 0.353056 -0.725588 -0.0231863
v 0.345387 -0.731073 -0.0231863
v 0.38623 -0.695897 -0.0387033
v 0.393454 -0.688147 -0.0387033
v 0.378472 -0.703052 -0.0387033
v 0.390332 -0.684808 -0.0696482
v 0.388727 -0.683139 -0.0851652
v 0.386676 -0.680754 -0.106033
v 0.398091 -0.675865 -0.0696482
v 0.352075 -0.724873 -0.0387033
v 0.350559 -0.72368 -0.0541311
v 0.359031 -0.714737 -0.0696482
v 0.357426 -0.713426 -0.0851652
v 0.3667 -0.70806 -0.0696482
v 0.333348 -0.738824 -0.0231863
v 0.416016 -0.631389 -0.131627
v 0.430106 -0.628646 -0.0696482
v 0.413519 -0.641286 -0.115218
v 0.409327 -0.642597 -0.131627
v 0.420385 -0.623638 -0.131627
v 0.40362 -0.651779 -0.131627
v 0.401212 -0.663941 -0.100593
v 0.399607 -0.661795 -0.11611
v 0.405225 -0.654044 -0.11611
v 0.402728 -0.650586 -0.139653
v 0.419137 -0.621254 -0.141972
v 0.429214 -0.594902 -0.145896
v 0.421723 -0.596094 -0.162661
v 0.419137 -0.590967 -0.172471
v 0.425201 -0.580712 -0.162572
v 0.431265 -0.580712 -0.148036
v 0.433851 -0.580712 -0.140277
v 0.433851 -0.565211 -0.140366
v 0.385606 -0.679562 -0.11611
v 0.391848 -0.671811 -0.11611
v 0.431354 0.147005 -0.148036
v 0.425112 0.162506 -0.162572
v 0.423685 0.178007 -0.162572
v 0.419761 0.209009 -0.158113
v 0.42092 0.192554 -0.163285
v 0.418423 0.217714 -0.155438
v 0.420118 0.223557 -0.146787
v 0.414321 0.239654 -0.146787
v 0.404155 0.266006 -0.142596
v 0.412359 0.255513 -0.131627
v 0.416907 0.24502 -0.131627
v 0.416729 0.228088 -0.151692
v 0.41548 0.274114 -0.0696482
v 0.406919 0.272326 -0.117002
v 0.402371 0.278288 -0.122709
v 0.398983 0.28568 -0.117002
v 0.399874 0.289734 -0.100593
v 0.402282 0.293789 -0.0761582
v 0.403352 0.295339 -0.0658135
v 0.41557 0.255036 -0.117002
v 0.40576 0.268868 -0.131627
v 0.376956 0.316206 -0.11611
v 0.384625 0.306547 -0.11611
v 0.386141 0.324075 -0.0387033
v 0.395059 0.286396 -0.131627
v 0.388549 0.296173 -0.131627
v 0.378382 0.331587 -0.0387033
v 0.370267 0.339338 -0.0387033
v 0.362509 0.346254 -0.0387033
v 0.36349 0.346969 -0.0231863
v 0.354215 0.35472 -0.0231863
v 0.346457 0.360443 -0.00766928
v 0.346011 0.360086 0.00766937
v 0.335399 0.368194 -0.00766928
v 0.234806 0.435683 0.0231864
v 0.234182 0.435683 0.032015
v 0.233646 0.435683 0.0387034
v -0.449101 0.147005 -0.0779417
v -0.418958 -0.590609 -0.173006
v -0.415035 -0.595975 -0.178089
v -0.416818 -0.600983 -0.166585
v -0.418602 -0.605037 -0.15624
v -0.417977 -0.619227 -0.139118
v -0.415391 -0.627335 -0.132965
v -0.416729 -0.632581 -0.119856
v -0.419939 -0.638066 -0.100593
v -0.447941 0.147005 -0.0857002
v -0.432424 -0.565211 -0.135908
v -0.435011 -0.580712 -0.12806
v -0.444285 0.147005 -0.100593
v -0.374548 0.32801 -0.0851652
v -0.368216 0.33743 -0.0696482
v -0.382306 0.319664 -0.0851652
v -0.388905 0.311913 -0.0851652
v -0.390511 0.31394 -0.0696482
v -0.358585 0.342796 -0.0851652
v -0.366343 0.335761 -0.0851652
v -0.351094 0.352335 -0.0696482
v -0.344495 0.359013 -0.0541311
v -0.343425 0.358178 -0.0696482
v -0.401836 0.293073 -0.090605
v -0.407009 0.28735 -0.0853435
v -0.415213 0.273756 -0.0851652
v -0.416551 0.275903 -0.0696482
v -0.397467 0.301062 -0.0853435
v -0.39167 0.302493 -0.0997904
v -0.389886 0.297843 -0.11611
v -0.419583 0.266006 -0.0851652
v -0.426806 0.255513 -0.0696482
v -0.431889 0.24347 -0.0696482
v -0.434297 0.234169 -0.0811521
v -0.440896 0.209009 -0.0851652
v -0.444196 0.162506 -0.100593
v -0.440361 0.193508 -0.100593
v -0.442858 0.178007 -0.100593
v -0.325411 0.371771 -0.063049
v -0.234182 0.435683 -0.0320149
v -0.233646 0.435683 -0.0387033
v -0.415213 -0.645817 -0.100593
v -0.403263 -0.651183 -0.12583
v -0.406652 -0.658456 -0.0994337
v -0.402817 -0.666088 -0.0935479
v -0.397645 -0.675507 -0.0851652
v -0.389976 -0.684331 -0.0851652
v -0.391492 -0.68612 -0.0696482
v -0.384179 -0.69387 -0.0696482
v -0.37651 -0.701263 -0.0696482
v -0.368751 -0.709729 -0.0541311
v -0.360993 -0.716407 -0.0541311
v -0.351629 -0.724515 -0.0387033
v -0.343425 -0.729642 -0.0541311
v -0.342265 -0.728927 -0.0696482
v -0.332902 -0.735008 -0.0696482
v -0.322289 -0.741685 -0.0696482
v -0.316047 -0.746693 -0.0541311
v -0.318901 -0.746693 -0.00811517
v -0.317385 -0.748005 0.00766937
v -0.302492 -0.755517 0.00766937
v -0.300708 -0.755994 0.0243457
v -0.294109 -0.758736 0.0303206
v -0.291701 -0.757783 0.0541312
v -0.283943 -0.760883 0.0541312
v -0.162572 -0.78175 0.11611
v -0.131627 -0.781869 0.147055
v -0.11611 -0.78163 0.162572
v -0.100593 -0.781392 0.178
v -0.285548 -0.761479 0.0387034
v -0.270923 -0.765772 0.0541312
v -0.270923 -0.766725 0.0387034
v -0.255495 -0.77066 0.0541312
v -0.244794 -0.773522 0.0541312
v -0.235698 -0.775072 0.0696482
v -0.224461 -0.777219 0.0696482
v -0.209033 -0.779603 0.0696482
v -0.193516 -0.780676 0.0851653
v -0.177999 -0.781273 0.100593
v -0.085165 -0.781869 0.178
v -0.0541311 -0.78163 0.193517
v -0.0387033 -0.781869 0.193517
v -0.0231863 -0.781988 0.193517
v 0.085165 -0.782346 0.162572
v 0.147055 -0.782465 0.100593
v 0.131627 -0.782227 0.131627
v 0.147055 -0.782227 0.11611
v 0.162572 -0.782107 0.100593
v 0.193516 -0.780676 0.0851653
v 0.177999 -0.781869 0.0851653
v 0.237659 -0.77543 0.0541312
v 0.235341 -0.774953 0.0696482
v 0.224461 -0.777934 0.0541312
v 0.209033 -0.779484 0.0696482
v 0.245418 -0.773641 0.0541312
v 0.246845 -0.773999 0.0387034
v 0.270923 -0.767679 -0.0231863
v 0.256209 -0.77233 -0.00766928
v 0.287956 -0.761479 -0.0243456
v 0.294733 -0.758975 -0.0199759
v 0.294733 -0.758975 -0.00766928
v 0.287956 -0.76136 0.00829362
v 0.248004 -0.774357 0.00766937
v 0.300708 -0.755994 -0.0243456
v 0.301957 -0.754444 -0.0387033
v 0.325232 -0.743355 -0.0313907
v 0.325589 -0.743474 -0.0231863
v -0.0541311 -0.782346 0.178
v -0.100593 -0.782465 0.147055
v 0.344316 -0.730358 -0.0387033
v 0.37535 -0.700309 -0.0696482
v 0.373834 -0.698878 -0.0851652
v 0.372586 -0.697686 -0.0976501
v 0.371516 -0.696732 -0.107995
v 0.381593 -0.690889 -0.0851652
v 0.379631 -0.689339 -0.101841
v 0.377847 -0.688028 -0.11611
v 0.3428 -0.729284 -0.0541311
v 0.341552 -0.72845 -0.0664377
v 0.339679 -0.727138 -0.0851652
v 0.338074 -0.726065 -0.100593
v 0.349489 -0.717241 -0.100058
v 0.355464 -0.711637 -0.104874
v 0.365184 -0.706629 -0.0851652
v 0.397734 -0.659529 -0.131627
v 0.405225 -0.641882 -0.145717
v 0.413697 -0.626739 -0.147144
v 0.389976 -0.669426 -0.131627
v 0.388281 -0.66728 -0.141704
v 0.370267 -0.66418 -0.183083
v 0.371872 -0.650586 -0.201721
v 0.389886 -0.642001 -0.176751
v 0.403531 -0.636278 -0.156686
v 0.416997 -0.61708 -0.152316
v 0.421455 -0.611834 -0.147144
v 0.419404 -0.606826 -0.157578
v 0.416907 -0.601341 -0.167923
v 0.403709 -0.591086 -0.203505
v 0.431354 -0.565211 -0.148036
v 0.388816 -0.580712 -0.235787
v 0.419761 -0.565211 -0.17363
v 0.425201 0.147005 -0.162572
v 0.383376 -0.677177 -0.131627
v 0.419761 0.147005 -0.17363
v 0.415837 0.162506 -0.181299
v 0.415124 0.178007 -0.179872
v 0.418245 0.186831 -0.170687
v 0.404333 0.209009 -0.189236
v 0.417353 0.197086 -0.168904
v 0.386498 0.197563 -0.230972
v 0.387479 0.217952 -0.217595
v 0.413608 0.223557 -0.161413
v 0.406563 0.24025 -0.162929
v 0.404155 0.250982 -0.158024
v 0.406741 0.255871 -0.147501
v 0.401658 0.261236 -0.152941
v 0.38623 0.261356 -0.183975
v 0.373299 0.266125 -0.204664
v 0.383287 0.271133 -0.178535
v 0.398715 0.271014 -0.147501
v 0.3873 0.294385 -0.139742
v 0.401301 0.276618 -0.131627
v 0.403887 0.235242 -0.172827
v 0.382395 0.303924 -0.131627
v 0.374637 0.313344 -0.131627
v 0.370535 0.323956 -0.11611
v 0.371427 0.325029 -0.107638
v 0.368751 0.337907 -0.0541311
v 0.356801 0.341246 -0.0959557
v 0.359388 0.343631 -0.0696482
v 0.360993 0.344942 -0.0541311
v 0.353234 0.354004 -0.0387033
v 0.346457 0.360443 -0.0231863
v 0.335309 0.368194 -0.0231863
v 0.236768 0.435683 -0.00766928
v 0.235698 0.435683 0.00927458
v -0.409327 -0.596094 -0.193517
v -0.423417 -0.580712 -0.162572
v -0.416818 -0.580712 -0.182102
v -0.412716 -0.580712 -0.193517
v -0.402461 -0.619107 -0.185401
v -0.404155 -0.622208 -0.175057
v -0.401212 -0.632462 -0.166139
v -0.404422 -0.637947 -0.147055
v -0.432424 0.147005 -0.135908
v -0.372764 0.326222 -0.0964016
v -0.37107 0.324552 -0.106746
v -0.385784 0.308097 -0.104338
v -0.345654 0.344942 -0.11611
v -0.342979 0.342796 -0.131627
v -0.356891 0.341365 -0.0951531
v -0.347616 0.3515 -0.0857894
v -0.33959 0.339696 -0.151781
v -0.357158 0.326222 -0.142685
v -0.341909 0.356985 -0.081063
v -0.331564 0.366644 -0.0687564
v -0.388103 0.295458 -0.126811
v -0.386319 0.292954 -0.137156
v -0.400231 0.29045 -0.100593
v -0.405136 0.282699 -0.100593
v -0.418423 0.26386 -0.0939938
v -0.374369 0.297724 -0.162572
v -0.383822 0.305593 -0.11611
v -0.424487 0.255513 -0.0851652
v -0.431176 0.239535 -0.0858786
v -0.433316 0.231307 -0.0914968
v -0.436081 0.225465 -0.0858786
v -0.434832 0.220933 -0.0966692
v -0.436527 0.209606 -0.101306
v -0.416818 0.162506 -0.182013
v -0.427252 0.178007 -0.147055
v -0.434565 0.204836 -0.111384
v -0.432781 0.196609 -0.121639
v -0.435278 0.192316 -0.116378
v -0.419761 0.192078 -0.16275
v -0.323895 0.370936 -0.0733045
v -0.231774 0.435683 -0.0501181
v -0.40148 -0.648679 -0.136175
v -0.387657 -0.651183 -0.172114
v -0.383466 -0.66108 -0.162572
v -0.3873 -0.666088 -0.139831
v -0.391224 -0.670976 -0.11611
v -0.384803 -0.678727 -0.11611
v -0.394613 -0.673361 -0.0999688
v -0.388192 -0.682423 -0.0960449
v -0.382574 -0.692082 -0.0851652
v -0.374815 -0.699713 -0.0851652
v -0.367859 -0.709014 -0.0696482
v -0.360101 -0.715572 -0.0696482
v -0.351094 -0.724157 -0.0541311
v -0.350024 -0.723322 -0.0696482
v -0.341106 -0.728092 -0.0787443
v -0.333704 -0.731669 -0.0843626
v -0.319703 -0.740254 -0.0851652
v -0.308645 -0.742758 -0.105319
v -0.314531 -0.745859 -0.0696482
v -0.301957 -0.752178 -0.0696482
v -0.301957 -0.753728 -0.0541311
v -0.301957 -0.754325 -0.0387033
v -0.293307 -0.758379 -0.0387033
v -0.294109 -0.758736 -0.0138226
v -0.294733 -0.758975 0.00766937
v -0.294733 -0.758975 0.019976
v -0.287956 -0.761479 0.0243457
v -0.193516 -0.781273 0.0696482
v -0.177999 -0.78175 0.0851653
v -0.162572 -0.782107 0.100593
v -0.147055 -0.782227 0.11611
v -0.131627 -0.782227 0.131627
v -0.11611 -0.782227 0.147055
v -0.100593 -0.782107 0.162572
v -0.270923 -0.767679 0.0231864
v -0.255495 -0.771495 0.0387034
v -0.247469 -0.774118 0.0296072
v -0.237124 -0.77543 0.0541312
v -0.224461 -0.777815 0.0541312
v -0.209033 -0.7802 0.0541312
v -0.085165 -0.782346 0.162572
v 0.100593 -0.782465 -0.147055
v 0.177999 -0.782346 -0.0541311
v 0.177999 -0.782346 0.0541312
v 0.162572 -0.782346 0.0851653
v 0.193516 -0.78163 0.0541312
v 0.209033 -0.7802 0.0541312
v 0.193516 -0.781869 0.0387034
v 0.239086 -0.775788 0.0387034
v 0.224461 -0.778411 0.0387034
v 0.270923 -0.766725 -0.0387033
v 0.285548 -0.761479 -0.0387033
v 0.254336 -0.772568 -0.0238997
v 0.255495 -0.771495 -0.0387033
v 0.255495 -0.77066 -0.0541311
v 0.24845 -0.774476 -0.00766928
v 0.248361 -0.774357 -0.0192625
v 0.294109 -0.758736 -0.0303206
v 0.291701 -0.757783 -0.0541311
v 0.290185 -0.757067 -0.0696482
v 0.301957 -0.753013 -0.0541311
v 0.318366 -0.746336 -0.0373656
v 0.324251 -0.742758 -0.0417354
v 0.331386 -0.738824 -0.0373656
v 0.315244 -0.746216 -0.0541311
v -0.177999 -0.782346 0.0541312
v -0.147055 -0.782465 -0.100593
v -0.162572 -0.782346 0.0851653
v 0.332902 -0.735723 -0.0541311
v 0.331921 -0.732385 -0.0851652
v 0.364025 -0.704721 -0.101306
v 0.370624 -0.695778 -0.11611
v 0.362865 -0.702813 -0.11611
v 0.375707 -0.685524 -0.131627
v 0.330405 -0.731311 -0.100593
v 0.335845 -0.724515 -0.11611
v 0.346278 -0.716764 -0.11611
v 0.354037 -0.710564 -0.11611
v 0.406474 -0.627096 -0.162126
v 0.373388 -0.68302 -0.142863
v 0.370802 -0.680516 -0.153208
v 0.353056 -0.678011 -0.193517
v 0.359923 -0.670261 -0.193517
v 0.372853 -0.66728 -0.172738
v 0.354839 -0.66418 -0.214117
v 0.356355 -0.650706 -0.232666
v 0.369197 -0.646771 -0.212066
v 0.372586 -0.636397 -0.218754
v 0.385517 -0.632343 -0.198065
v 0.400944 -0.632224 -0.167031
v 0.401569 -0.617199 -0.183707
v 0.4145 -0.611834 -0.162661
v 0.404066 -0.621969 -0.173362
v 0.385963 -0.60146 -0.229991
v 0.398804 -0.596213 -0.208855
v 0.391313 -0.611953 -0.20939
v 0.388549 -0.606945 -0.219646
v 0.388281 -0.591086 -0.234539
v 0.384982 -0.580712 -0.243457
v 0.384982 -0.565211 -0.243546
v 0.404333 -0.565211 -0.204664
v 0.404333 0.147005 -0.204664
v 0.384982 0.162506 -0.243457
v 0.409773 0.162506 -0.193517
v 0.403531 0.178007 -0.203237
v 0.402817 0.18695 -0.201721
v 0.379096 0.209009 -0.239979
v 0.384268 0.178007 -0.24203
v 0.383376 0.192793 -0.23873
v 0.374459 0.223795 -0.240068
v 0.385873 0.228326 -0.214206
v 0.401301 0.228207 -0.183172
v 0.386141 0.245616 -0.199313
v 0.401569 0.245497 -0.168279
v 0.388727 0.250982 -0.189058
v 0.368484 0.25599 -0.224907
v 0.376153 0.25599 -0.20948
v 0.399339 0.255871 -0.162929
v 0.370713 0.261475 -0.215009
v 0.360458 0.271133 -0.224372
v 0.354661 0.276499 -0.229366
v 0.370178 0.27638 -0.198332
v 0.385606 0.27638 -0.167298
v 0.388192 0.280315 -0.157043
v 0.390065 0.2858 -0.145717
v 0.371872 0.294504 -0.170776
v 0.373924 0.297008 -0.162572
v 0.378739 0.301181 -0.145717
v 0.372675 0.31084 -0.141437
v 0.384714 0.290688 -0.150087
v 0.372943 0.235361 -0.234985
v 0.367859 0.321094 -0.131627
v 0.360101 0.328964 -0.131627
v 0.362776 0.331468 -0.11611
v 0.355731 0.340292 -0.1063
v 0.36563 0.334926 -0.0851652
v 0.349667 0.346373 -0.10095
v 0.350113 0.351381 -0.0696482
v 0.351718 0.352693 -0.0541311
v 0.339233 0.355078 -0.100593
v 0.341284 0.356628 -0.0805279
v 0.34396 0.358536 -0.0541311
v 0.345476 0.359609 -0.0387033
v 0.334239 0.367359 -0.0387033
v 0.235787 0.435683 -0.0231863
v -0.404422 -0.596094 -0.204307
v -0.402728 -0.604083 -0.201454
v -0.404333 -0.60766 -0.193517
v -0.423417 0.147005 -0.162572
v -0.416818 0.147005 -0.182102
v -0.406206 -0.580712 -0.207072
v -0.412716 0.147005 -0.193517
v -0.400588 -0.615411 -0.193517
v -0.392918 -0.627931 -0.194319
v -0.389173 -0.638305 -0.189682
v -0.385873 -0.648559 -0.182459
v -0.390957 -0.643074 -0.177643
v -0.399785 -0.627216 -0.179337
v -0.355553 0.324433 -0.15303
v -0.360458 0.314894 -0.162572
v -0.371962 0.310124 -0.140366
v -0.370267 0.307978 -0.150711
v -0.333793 0.346015 -0.146787
v -0.336023 0.352693 -0.11611
v -0.340125 0.355793 -0.0914076
v -0.329513 0.344227 -0.162572
v -0.337271 0.337788 -0.162572
v -0.346011 0.330037 -0.162572
v -0.33415 0.361278 -0.0857894
v -0.326392 0.356985 -0.127436
v -0.372586 0.295458 -0.172649
v -0.382485 0.28568 -0.162394
v -0.387924 0.279957 -0.157132
v -0.398091 0.28568 -0.116021
v -0.403441 0.279957 -0.110848
v -0.413073 0.269822 -0.0997012
v -0.399964 0.274114 -0.131627
v -0.404422 0.266364 -0.131627
v -0.402906 0.26386 -0.140277
v -0.416729 0.260282 -0.104338
v -0.420564 0.255274 -0.0997012
v -0.368216 0.305474 -0.162572
v -0.426895 0.240012 -0.100593
v -0.419494 0.235719 -0.12806
v -0.41771 0.231188 -0.138315
v -0.427252 0.224511 -0.11611
v -0.431889 0.225465 -0.101306
v -0.433138 0.21521 -0.107014
v -0.412627 0.162506 -0.193517
v -0.416105 0.178007 -0.180051
v -0.411289 0.178007 -0.193517
v -0.419048 0.204717 -0.157667
v -0.417264 0.19637 -0.168012
v -0.430641 0.192316 -0.1302
v -0.415035 0.192078 -0.176573
v -0.321933 0.369625 -0.0851652
v -0.229277 0.435683 -0.0579658
v -0.227582 0.435683 -0.0632273
v -0.223748 0.435683 -0.0747313
v -0.37972 -0.658337 -0.178713
v -0.373478 -0.668115 -0.174968
v -0.375707 -0.670857 -0.162572
v -0.369197 -0.678608 -0.162572
v -0.370891 -0.680516 -0.152673
v -0.361528 -0.686954 -0.162572
v -0.371159 -0.696374 -0.107014
v -0.372853 -0.698044 -0.0966692
v -0.359209 -0.699713 -0.131627
v -0.365897 -0.707464 -0.0851652
v -0.358139 -0.713903 -0.0851652
v -0.347081 -0.722368 -0.0843626
v -0.33745 -0.725588 -0.100593
v -0.325589 -0.728092 -0.125028
v -0.318187 -0.731669 -0.130735
v -0.317385 -0.735246 -0.11611
v -0.304186 -0.740135 -0.131627
v -0.306862 -0.741685 -0.11611
v -0.296428 -0.744428 -0.131627
v -0.301957 -0.749674 -0.0851652
v -0.28644 -0.752059 -0.11611
v -0.275025 -0.757306 -0.11611
v -0.290631 -0.757306 -0.0696482
v -0.292504 -0.758021 -0.0541311
v -0.285548 -0.761479 -0.0387033
v -0.286083 -0.761717 -0.0231863
v -0.287956 -0.76136 -0.00829353
v -0.28644 -0.762314 0.00766937
v -0.193516 -0.78163 0.0541312
v -0.177999 -0.782107 0.0696482
v -0.270923 -0.767918 0.00766937
v -0.256209 -0.77233 0.00766937
v -0.254336 -0.772568 0.0238998
v -0.248361 -0.774357 0.0192625
v -0.241316 -0.775669 0.0238998
v -0.224461 -0.778292 0.0387034
v -0.224461 -0.778769 0.0231864
v -0.209033 -0.780796 0.0231864
v -0.0541311 -0.782346 -0.178
v 0.0541311 -0.782346 -0.178
v 0.085165 -0.782346 -0.162572
v 0.11611 -0.782227 -0.147055
v 0.131627 -0.782227 -0.131627
v 0.147055 -0.782227 -0.11611
v 0.162572 -0.782346 -0.0851652
v 0.177999 -0.782107 -0.0696482
v 0.193516 -0.78163 -0.0541311
v 0.193516 -0.781988 -0.0231863
v 0.193516 -0.781988 0.0231864
v 0.209033 -0.780557 0.0387034
v 0.209033 -0.780915 -0.00766928
v 0.239978 -0.776026 0.00766937
v 0.224461 -0.778649 0.0231864
v 0.255495 -0.769706 -0.0696482
v 0.270923 -0.765772 -0.0541311
v 0.270923 -0.764698 -0.0696482
v 0.283943 -0.760883 -0.0541311
v 0.247469 -0.774118 -0.0296071
v 0.244794 -0.773522 -0.0541311
v 0.243367 -0.773045 -0.0696482
v 0.239978 -0.776145 -0.00766928
v 0.241316 -0.775669 -0.0238997
v 0.237124 -0.77543 -0.0541311
v 0.280822 -0.759571 -0.0851652
v 0.28858 -0.756352 -0.0851652
v 0.301957 -0.749913 -0.0851652
v 0.321398 -0.741089 -0.0696482
v 0.312034 -0.744547 -0.0851652
v -0.177999 -0.782346 -0.0541311
v -0.193516 -0.781988 0.0231864
v -0.085165 -0.782346 -0.162572
v -0.162572 -0.782346 -0.0851652
v -0.147055 -0.782227 -0.11611
v -0.131627 -0.782227 -0.131627
v -0.11611 -0.782227 -0.147055
v 0.319792 -0.740135 -0.0851652
v 0.368127 -0.693274 -0.131627
v 0.360368 -0.700548 -0.131627
v 0.316493 -0.739897 -0.101841
v 0.309537 -0.743235 -0.107727
v 0.328086 -0.729761 -0.11611
v 0.326124 -0.72833 -0.125741
v 0.331921 -0.722607 -0.131181
v 0.343335 -0.714379 -0.131627
v 0.351094 -0.708298 -0.131627
v 0.357782 -0.698282 -0.142774
v 0.352878 -0.693632 -0.162572
v 0.357961 -0.683139 -0.173898
v 0.339947 -0.680516 -0.215276
v 0.352075 -0.66096 -0.224462
v 0.344316 -0.670022 -0.224462
v 0.34173 -0.667041 -0.233647
v 0.347081 -0.656548 -0.238284
v 0.342176 -0.652017 -0.249521
v 0.352521 -0.645698 -0.242921
v 0.356534 -0.635443 -0.248183
v 0.370446 -0.617319 -0.245775
v 0.367146 -0.627216 -0.240335
v 0.37321 -0.621969 -0.23543
v 0.37 -0.632343 -0.229099
v 0.386052 -0.617319 -0.214741
v 0.383376 -0.596213 -0.2398
v 0.375885 -0.611953 -0.240335
v 0.374815 -0.594782 -0.255139
v 0.371783 -0.588701 -0.263343
v 0.377401 -0.580712 -0.255496
v 0.377491 -0.565211 -0.255496
v 0.384982 0.147005 -0.243546
v 0.377491 0.147005 -0.255496
v 0.377401 0.162506 -0.255496
v 0.375618 0.176696 -0.256298
v 0.373388 0.209009 -0.250323
v 0.372051 0.218072 -0.248361
v 0.375261 0.193508 -0.25282
v 0.370178 0.228446 -0.24524
v 0.370713 0.245616 -0.230347
v 0.357871 0.266125 -0.234985
v 0.357247 0.280434 -0.219111
v 0.34066 0.294266 -0.232309
v 0.350826 0.285919 -0.224372
v 0.353858 0.290688 -0.212155
v 0.372764 0.280315 -0.188077
v 0.366433 0.285919 -0.193338
v 0.356355 0.294504 -0.20181
v 0.347794 0.301301 -0.207785
v 0.339233 0.307978 -0.213849
v 0.370089 0.307978 -0.151781
v 0.359655 0.313702 -0.162572
v 0.363846 0.317517 -0.147144
v 0.36777 0.24025 -0.240068
v 0.355107 0.324075 -0.152762
v 0.357604 0.326579 -0.142507
v 0.35154 0.336715 -0.131627
v 0.354483 0.339219 -0.11611
v 0.346724 0.345777 -0.11611
v 0.337004 0.353527 -0.11611
v 0.331475 0.360801 -0.100593
v 0.334239 0.36104 -0.0854327
v 0.323538 0.370698 -0.0696482
v 0.229901 0.435683 -0.0535961
v -0.387924 -0.590371 -0.233558
v -0.35805 -0.60766 -0.266019
v -0.394524 -0.610999 -0.208499
v -0.389708 -0.6234 -0.205199
v -0.391313 -0.595736 -0.22464
v -0.385517 -0.600625 -0.229901
v -0.401301 -0.580712 -0.21483
v -0.406206 0.147005 -0.207072
v -0.406206 0.162506 -0.206983
v -0.386319 -0.633774 -0.200027
v -0.383287 -0.643074 -0.194319
v -0.375172 -0.65476 -0.193517
v -0.371427 -0.665611 -0.185312
v -0.353769 0.322645 -0.162572
v -0.358139 0.312151 -0.174254
v -0.323003 0.354601 -0.147055
v -0.324608 0.355793 -0.13778
v -0.326838 0.341961 -0.172827
v -0.317563 0.352693 -0.163731
v -0.343246 0.327533 -0.174611
v -0.318633 0.361278 -0.132162
v -0.316136 0.366763 -0.115397
v -0.370356 0.292358 -0.182994
v -0.376064 0.286873 -0.177911
v -0.384268 0.273995 -0.178
v -0.386141 0.277095 -0.167477
v -0.401658 0.277214 -0.121104
v -0.388816 0.266244 -0.178
v -0.387389 0.26374 -0.186293
v -0.401212 0.260163 -0.150622
v -0.399428 0.255155 -0.16275
v -0.401836 0.245854 -0.168012
v -0.417353 0.245974 -0.121639
v -0.403977 0.2356 -0.174343
v -0.402193 0.23095 -0.184688
v -0.411646 0.224511 -0.162572
v -0.410932 0.209009 -0.178
v -0.405493 0.178007 -0.205823
v -0.408703 0.193508 -0.193517
v -0.404155 0.193508 -0.203772
v -0.306327 0.369625 -0.131627
v -0.218754 0.435683 -0.089089
v -0.366968 -0.67348 -0.179337
v -0.353948 -0.694705 -0.162572
v -0.358139 -0.683497 -0.178
v -0.355553 -0.696255 -0.153297
v -0.357336 -0.697924 -0.143042
v -0.348329 -0.704602 -0.146966
v -0.350291 -0.707464 -0.131627
v -0.356623 -0.71271 -0.0942613
v -0.345208 -0.71593 -0.11611
v -0.321754 -0.725588 -0.147055
v -0.313996 -0.730596 -0.147055
v -0.300798 -0.738704 -0.146341
v -0.294823 -0.743593 -0.140634
v -0.28644 -0.749436 -0.131627
v -0.270566 -0.756352 -0.132251
v -0.265037 -0.759452 -0.127525
v -0.267356 -0.760287 -0.11611
v -0.277165 -0.75814 -0.103714
v -0.27886 -0.758856 -0.0933696
v -0.282873 -0.760287 -0.0696482
v -0.284745 -0.761121 -0.0541311
v -0.270923 -0.766964 -0.0387033
v -0.255495 -0.771734 -0.0387033
v -0.248004 -0.774357 -0.00766928
v -0.24845 -0.774476 0.00766937
v -0.239978 -0.776145 0.00766937
v -0.224461 -0.779007 0.00766937
v -0.209033 -0.780915 0.00766937
v -0.0696481 -0.782107 -0.178
v -0.0541311 -0.78163 -0.193517
v -0.0231863 -0.781988 -0.193517
v 0.0231863 -0.781988 -0.193517
v 0.0387033 -0.781869 -0.193517
v 0.085165 -0.781869 -0.178
v 0.100593 -0.782107 -0.162572
v 0.131627 -0.781869 -0.147055
v 0.162572 -0.78175 -0.11611
v 0.162572 -0.782107 -0.100593
v 0.177999 -0.78175 -0.0851652
v 0.193516 -0.781273 -0.0696482
v 0.209033 -0.7802 -0.0541311
v 0.209033 -0.780796 -0.0231863
v 0.224461 -0.779007 -0.00766928
v 0.255495 -0.768633 -0.0851652
v 0.270923 -0.763387 -0.0851652
v 0.235698 -0.775072 -0.0696482
v 0.234003 -0.774714 -0.0816872
v 0.224461 -0.778769 -0.0231863
v 0.224461 -0.778292 -0.0387033
v 0.224461 -0.777815 -0.0541311
v 0.224461 -0.777219 -0.0696482
v 0.279573 -0.759094 -0.095064
v 0.285459 -0.755756 -0.100415
v 0.303384 -0.747051 -0.101841
v 0.310696 -0.743832 -0.0974718
v -0.193516 -0.781988 -0.0231863
v -0.193516 -0.781869 -0.0387033
v -0.177999 -0.781869 -0.0851652
v -0.100593 -0.782107 -0.162572
v -0.162572 -0.782107 -0.100593
v -0.147055 -0.781869 -0.131627
v -0.11611 -0.78175 -0.162572
v 0.29402 -0.743235 -0.139118
v 0.307486 -0.742162 -0.11611
v 0.317385 -0.73632 -0.11611
v 0.28644 -0.752298 -0.11611
v 0.299727 -0.745978 -0.11611
v 0.287956 -0.747647 -0.132965
v 0.323538 -0.72678 -0.136086
v 0.318009 -0.731669 -0.131181
v 0.316493 -0.722726 -0.162215
v 0.341195 -0.71271 -0.140366
v 0.317741 -0.716526 -0.177197
v 0.31248 -0.714499 -0.193517
v 0.320238 -0.708418 -0.193517
v 0.345119 -0.700667 -0.162572
v 0.326927 -0.698401 -0.204842
v 0.339768 -0.696017 -0.184064
v 0.333437 -0.689578 -0.210015
v 0.324162 -0.696017 -0.215098
v 0.336915 -0.677773 -0.224462
v 0.312123 -0.668234 -0.265929
v 0.292682 -0.664299 -0.292415
v 0.337271 -0.662391 -0.243902
v 0.329156 -0.685166 -0.224462
v 0.326035 -0.682066 -0.23329
v 0.331653 -0.672526 -0.238641
v 0.307932 -0.648202 -0.292237
v 0.322825 -0.647367 -0.276007
v 0.337628 -0.646532 -0.259865
v 0.347081 -0.641047 -0.25398
v 0.31248 -0.653329 -0.281892
v 0.341641 -0.636278 -0.264413
v 0.340928 -0.619823 -0.279039
v 0.352788 -0.627096 -0.259419
v 0.35582 -0.61875 -0.262808
v 0.359477 -0.627096 -0.251661
v 0.36456 -0.612907 -0.256298
v 0.373121 -0.607064 -0.249788
v 0.369019 -0.598956 -0.260133
v 0.358674 -0.608495 -0.266108
v 0.362955 -0.594425 -0.269942
v 0.356891 -0.589894 -0.279574
v 0.31355 -0.580712 -0.329514
v 0.321308 -0.580712 -0.320774
v 0.342711 -0.580712 -0.296518
v 0.371872 -0.580712 -0.263432
v 0.371872 0.147005 -0.263432
v 0.371783 0.162506 -0.263432
v 0.371694 0.170614 -0.263254
v 0.369375 0.193508 -0.260579
v 0.367235 0.209009 -0.257993
v 0.363846 0.224272 -0.255406
v 0.370624 0.180988 -0.262095
v 0.359833 0.240012 -0.252107
v 0.357247 0.249789 -0.249075
v 0.360368 0.255155 -0.240068
v 0.354304 0.260163 -0.245329
v 0.34931 0.272206 -0.241138
v 0.3428 0.296889 -0.224462
v 0.340303 0.278168 -0.247291
v 0.325411 0.279003 -0.263432
v 0.306416 0.290092 -0.274936
v 0.291523 0.290808 -0.291167
v 0.310964 0.295577 -0.264681
v 0.320684 0.305236 -0.242654
v 0.325232 0.309767 -0.232309
v 0.324073 0.324195 -0.214919
v 0.34173 0.310959 -0.203505
v 0.332991 0.317517 -0.209212
v 0.339679 0.324195 -0.183796
v 0.326748 0.326579 -0.204575
v 0.344941 0.328964 -0.162572
v 0.320684 0.336715 -0.193517
v 0.326035 0.341365 -0.172025
v 0.341463 0.341365 -0.140991
v 0.343781 0.343273 -0.131627
v 0.332456 0.351739 -0.132162
v 0.326927 0.357343 -0.127436
v 0.329245 0.359013 -0.11611
v 0.320149 0.368432 -0.100593
v 0.321933 0.369625 -0.0851652
v 0.226334 0.435683 -0.0696482
v -0.357069 -0.590371 -0.28002
v -0.354572 -0.600744 -0.276363
v -0.340838 -0.604322 -0.294377
v -0.343514 -0.610284 -0.285816
v -0.355374 -0.617915 -0.262095
v -0.386319 -0.617796 -0.215544
v -0.372586 -0.620896 -0.233647
v -0.350737 -0.595736 -0.285727
v -0.38846 -0.565211 -0.234271
v -0.375529 -0.580712 -0.253623
v -0.401301 0.147005 -0.21483
v -0.401212 0.162506 -0.214741
v -0.369197 -0.63115 -0.228564
v -0.372586 -0.636278 -0.218219
v -0.355285 -0.649156 -0.230882
v -0.36893 -0.646652 -0.212779
v -0.372408 -0.651302 -0.202435
v -0.368751 -0.66251 -0.193517
v -0.357604 -0.667518 -0.203594
v -0.352699 -0.677892 -0.196192
v -0.356177 -0.68135 -0.185847
v -0.355374 0.308932 -0.18451
v -0.34931 0.318352 -0.179605
v -0.315244 0.359966 -0.147055
v -0.31248 0.357939 -0.159272
v -0.31792 0.345896 -0.178
v -0.313104 0.343273 -0.190931
v -0.309626 0.34065 -0.201275
v -0.323449 0.339219 -0.183172
v -0.333437 0.333376 -0.178891
v -0.309269 0.355793 -0.169617
v -0.306416 0.354004 -0.178
v -0.340125 0.324672 -0.184956
v -0.359388 0.297843 -0.193517
v -0.356623 0.294743 -0.201989
v -0.367414 0.286873 -0.19423
v -0.373924 0.282103 -0.189504
v -0.379096 0.270537 -0.193071
v -0.374013 0.26696 -0.204932
v -0.384982 0.255513 -0.197708
v -0.387033 0.247524 -0.201186
v -0.389262 0.255513 -0.18995
v -0.393008 0.241443 -0.195033
v -0.400409 0.240369 -0.178891
v -0.394078 0.255513 -0.178
v -0.400053 0.225345 -0.193784
v -0.403798 0.220695 -0.188701
v -0.405849 0.225345 -0.178891
v -0.405225 0.208652 -0.193784
v -0.400499 0.178007 -0.213582
v -0.403174 0.203286 -0.202256
v -0.399072 0.193508 -0.211531
v -0.216168 0.435683 -0.0961341
v -0.213225 0.435683 -0.103714
v -0.343425 -0.699117 -0.174789
v -0.346189 -0.701621 -0.162572
v -0.348508 -0.692082 -0.179159
v -0.339322 -0.71116 -0.15089
v -0.342533 -0.713903 -0.131627
v -0.333615 -0.716883 -0.146252
v -0.311588 -0.728927 -0.157935
v -0.329067 -0.715333 -0.162572
v -0.317028 -0.723561 -0.162929
v -0.291969 -0.742162 -0.150979
v -0.286618 -0.745978 -0.146341
v -0.270923 -0.752775 -0.147055
v -0.262362 -0.758498 -0.13787
v -0.256476 -0.761598 -0.132251
v -0.255495 -0.764698 -0.11611
v -0.271547 -0.760883 -0.0993445
v -0.270923 -0.76291 -0.0851652
v -0.270923 -0.764818 -0.0696482
v -0.270923 -0.766249 -0.0541311
v -0.255495 -0.771018 -0.0541311
v -0.246845 -0.773999 -0.0387033
v -0.239086 -0.775788 -0.0387033
v -0.239978 -0.776026 -0.00766928
v -0.224461 -0.778649 -0.0231863
v -0.209033 -0.780557 -0.0387033
v -0.085165 -0.78175 -0.178
v -0.0696481 -0.781273 -0.193517
v -0.0541311 -0.7802 -0.209034
v -0.0231863 -0.780796 -0.209034
v -0.00766931 -0.780915 -0.209034
v 0.0387033 -0.780557 -0.209034
v 0.0541311 -0.78163 -0.193517
v 0.085165 -0.780676 -0.193517
v 0.100593 -0.781392 -0.178
v 0.11611 -0.78163 -0.162572
v 0.131627 -0.781034 -0.162572
v 0.147055 -0.781034 -0.147055
v 0.162572 -0.780915 -0.131627
v 0.177999 -0.780676 -0.11611
v 0.177999 -0.781273 -0.100593
v 0.193516 -0.780676 -0.0851652
v 0.209033 -0.779603 -0.0696482
v 0.255495 -0.766725 -0.100593
v 0.271725 -0.761241 -0.100415
v 0.239532 -0.772807 -0.0861461
v 0.239978 -0.771018 -0.100593
v 0.225799 -0.775907 -0.0861461
v 0.221964 -0.775311 -0.100593
v 0.218932 -0.774714 -0.11281
v 0.231774 -0.774118 -0.0920319
v 0.209033 -0.778769 -0.0851652
v 0.277344 -0.75826 -0.105409
v 0.274758 -0.757306 -0.11611
v -0.193516 -0.78163 -0.0541311
v -0.193516 -0.780676 -0.0851652
v -0.177999 -0.781392 -0.100593
v -0.162572 -0.78163 -0.11611
v -0.162572 -0.781034 -0.131627
v -0.147055 -0.781034 -0.147055
v -0.131627 -0.780915 -0.162572
v -0.11611 -0.780676 -0.178
v -0.100593 -0.781273 -0.178
v 0.278592 -0.743235 -0.170152
v 0.292058 -0.742162 -0.147055
v 0.301868 -0.740612 -0.132965
v 0.301957 -0.736558 -0.147055
v 0.270209 -0.755994 -0.131538
v 0.270923 -0.752298 -0.147055
v 0.272439 -0.747647 -0.163999
v 0.30811 -0.72678 -0.16712
v 0.305346 -0.724992 -0.178
v 0.302492 -0.731788 -0.162215
v 0.300976 -0.722607 -0.193071
v 0.31025 -0.71271 -0.202167
v 0.318366 -0.693632 -0.225888
v 0.306505 -0.710206 -0.212512
v 0.313818 -0.699832 -0.221697
v 0.29723 -0.66883 -0.28216
v 0.282338 -0.669426 -0.298301
v 0.2777 -0.664895 -0.308646
v 0.287688 -0.65941 -0.303384
v 0.309448 -0.696613 -0.232042
v 0.31676 -0.685524 -0.239087
v 0.281446 -0.683616 -0.281803
v 0.276898 -0.679681 -0.292148
v 0.321487 -0.678011 -0.243635
v 0.293039 -0.648917 -0.308378
v 0.297052 -0.638663 -0.312926
v 0.297587 -0.653925 -0.298123
v 0.307397 -0.631747 -0.307041
v 0.316671 -0.626262 -0.301155
v 0.314085 -0.611595 -0.31471
v 0.32443 -0.602533 -0.308824
v 0.351807 -0.612788 -0.271191
v 0.311142 -0.621492 -0.311321
v 0.354126 -0.600267 -0.276452
v 0.312212 -0.593352 -0.328087
v 0.306505 -0.580712 -0.337272
v 0.306594 -0.565211 -0.337272
v 0.31355 0.147005 -0.329514
v 0.35047 -0.565211 -0.287778
v 0.321308 0.147005 -0.320774
v 0.35047 0.147005 -0.287778
v 0.357247 0.162506 -0.27993
v 0.335845 0.162506 -0.304187
v 0.313461 0.162506 -0.329514
v 0.312658 0.178007 -0.328533
v 0.320417 0.178007 -0.319793
v 0.356801 0.173715 -0.279485
v 0.363757 0.177292 -0.270834
v 0.361617 0.193508 -0.269497
v 0.339858 0.197443 -0.293307
v 0.359477 0.209009 -0.267
v 0.357426 0.220218 -0.264681
v 0.355464 0.230592 -0.262451
v 0.340571 0.232142 -0.278682
v 0.353145 0.240012 -0.259776
v 0.342444 0.250863 -0.265305
v 0.348419 0.255513 -0.255496
v 0.339501 0.261117 -0.261916
v 0.344049 0.267914 -0.251572
v 0.30597 0.273637 -0.290008
v 0.291077 0.274472 -0.306149
v 0.310518 0.279718 -0.279663
v 0.286083 0.286038 -0.301601
v 0.276363 0.291523 -0.307308
v 0.281178 0.29677 -0.296963
v 0.286083 0.301658 -0.285995
v 0.276006 0.307143 -0.291167
v 0.270388 0.316921 -0.285727
v 0.289918 0.321214 -0.258438
v 0.309359 0.32491 -0.231953
v 0.318276 0.321333 -0.225888
v 0.313728 0.328249 -0.221608
v 0.306862 0.338623 -0.213047
v 0.310607 0.341365 -0.202702
v 0.312926 0.343392 -0.193517
v 0.333437 0.345538 -0.14652
v 0.306594 0.354004 -0.178
v 0.322022 0.354004 -0.147055
v 0.311499 0.357343 -0.15847
v 0.314353 0.359251 -0.147055
v 0.30597 0.369506 -0.131627
v 0.308556 0.370936 -0.12155
v 0.316582 0.367359 -0.116288
v 0.310875 0.372248 -0.111205
v 0.220894 0.435683 -0.0851652
v -0.342711 -0.596094 -0.296607
v -0.357515 -0.580712 -0.280733
v -0.352342 -0.580712 -0.288492
v -0.344584 -0.580712 -0.298836
v -0.324965 -0.603606 -0.309538
v -0.332723 -0.610284 -0.298569
v -0.327373 -0.622327 -0.29625
v -0.337717 -0.614576 -0.290543
v -0.341641 -0.620896 -0.280198
v -0.33308 -0.597525 -0.305346
v -0.338252 -0.63127 -0.275026
v -0.357515 -0.565211 -0.280822
v -0.38846 0.147005 -0.234271
v -0.38837 0.162506 -0.234182
v -0.387924 0.174788 -0.233469
v -0.341641 -0.636397 -0.26477
v -0.358852 -0.638782 -0.236322
v -0.332991 -0.642836 -0.271102
v -0.324162 -0.649156 -0.277433
v -0.341463 -0.651302 -0.248986
v -0.358674 -0.653329 -0.220627
v -0.32327 -0.663703 -0.2604
v -0.340482 -0.665611 -0.231953
v -0.326748 -0.667518 -0.250056
v -0.348329 -0.6736 -0.208945
v -0.329156 -0.673123 -0.238463
v -0.321754 -0.677892 -0.242654
v -0.338966 -0.679681 -0.214206
v -0.311499 -0.68302 -0.250412
v -0.309269 -0.696494 -0.231596
v -0.340214 -0.696374 -0.185134
v -0.341641 0.310721 -0.202791
v -0.338252 0.307024 -0.213136
v -0.347438 0.300943 -0.207518
v -0.3016 0.368313 -0.148036
v -0.293663 0.371294 -0.153832
v -0.303205 0.361874 -0.163731
v -0.286707 0.352931 -0.210193
v -0.295893 0.341961 -0.219378
v -0.286975 0.346015 -0.224551
v -0.292504 0.339219 -0.229723
v -0.302581 0.333376 -0.225443
v -0.286707 0.360086 -0.19316
v -0.278325 0.355912 -0.216168
v -0.30918 0.324672 -0.231507
v -0.313818 0.314059 -0.239979
v -0.34289 0.29677 -0.220092
v -0.325678 0.294743 -0.24854
v -0.339412 0.292477 -0.230436
v -0.353145 0.290092 -0.212333
v -0.359388 0.285561 -0.207874
v -0.370624 0.277214 -0.199759
v -0.325946 0.264456 -0.279574
v -0.356801 0.264337 -0.23329
v -0.370624 0.261236 -0.215187
v -0.353502 0.27471 -0.228207
v -0.336915 0.271729 -0.25612
v -0.328621 0.270179 -0.270121
v -0.377134 0.255871 -0.209658
v -0.356088 0.247643 -0.247648
v -0.338966 0.244066 -0.276096
v -0.369821 0.244066 -0.229634
v -0.364203 0.240727 -0.240514
v -0.372318 0.233692 -0.23329
v -0.384357 0.241443 -0.209569
v -0.389441 0.237269 -0.204842
v -0.373299 0.250863 -0.219289
v -0.401569 0.21366 -0.199046
v -0.392116 0.1792 -0.225978
v -0.391402 0.193508 -0.223213
v -0.391402 0.224153 -0.209569
v -0.397645 0.208652 -0.208053
v -0.389441 0.209009 -0.22027
v -0.375975 0.208771 -0.240692
v -0.372318 0.203405 -0.248718
v -0.210728 0.435683 -0.107995
v -0.326481 -0.697924 -0.203237
v -0.333348 -0.70496 -0.178713
v -0.326481 -0.713306 -0.172292
v -0.336825 -0.709371 -0.162572
v -0.308288 -0.727019 -0.168279
v -0.30267 -0.732265 -0.162929
v -0.317741 -0.716883 -0.177732
v -0.286618 -0.740731 -0.163642
v -0.275382 -0.741685 -0.178
v -0.278235 -0.742997 -0.169528
v -0.281624 -0.744547 -0.159183
v -0.272171 -0.747528 -0.163642
v -0.255495 -0.750628 -0.178
v -0.239978 -0.752894 -0.193517
v -0.254425 -0.755517 -0.161858
v -0.259419 -0.757425 -0.147055
v -0.248628 -0.759094 -0.156151
v -0.25166 -0.760048 -0.147055
v -0.239978 -0.763864 -0.147055
v -0.239978 -0.766964 -0.131627
v -0.239978 -0.769468 -0.11611
v -0.255495 -0.766487 -0.100593
v -0.255495 -0.768156 -0.0851652
v -0.255495 -0.769706 -0.0696482
v -0.24301 -0.773045 -0.0696482
v -0.245418 -0.773641 -0.0541311
v -0.237659 -0.77543 -0.0541311
v -0.224461 -0.777934 -0.0541311
v -0.224461 -0.778411 -0.0387033
v -0.209033 -0.7802 -0.0541311
v -0.085165 -0.780676 -0.193517
v -0.0696481 -0.779603 -0.209034
v -0.0541311 -0.777815 -0.224462
v -0.0387033 -0.778292 -0.224462
v -0.0231863 -0.778769 -0.224462
v -0.00766931 -0.779007 -0.224462
v 0.0231863 -0.778649 -0.224462
v 0.0387033 -0.778411 -0.224462
v 0.0541311 -0.7802 -0.209034
v 0.11611 -0.780557 -0.178
v 0.0696481 -0.779484 -0.209034
v 0.085165 -0.778649 -0.209034
v 0.100593 -0.779842 -0.193517
v 0.131627 -0.779365 -0.178
v 0.147055 -0.779723 -0.162572
v 0.162572 -0.779603 -0.147055
v 0.177999 -0.779484 -0.131627
v 0.193516 -0.778769 -0.11611
v 0.193516 -0.779842 -0.100593
v 0.239978 -0.768991 -0.11611
v 0.239978 -0.766725 -0.131627
v 0.255495 -0.764221 -0.11611
v 0.267088 -0.760167 -0.11611
v 0.229633 -0.773641 -0.100593
v 0.224283 -0.772926 -0.11718
v 0.224461 -0.771018 -0.131627
v 0.209033 -0.777576 -0.100593
v 0.210282 -0.775907 -0.11718
v 0.206358 -0.775311 -0.131627
v 0.216346 -0.774118 -0.123155
v 0.25933 -0.757306 -0.147055
v 0.264502 -0.759213 -0.126455
v -0.177999 -0.780557 -0.11611
v -0.209033 -0.779484 -0.0696482
v -0.209033 -0.778649 -0.0851652
v -0.193516 -0.779842 -0.100593
v -0.177999 -0.779365 -0.131627
v -0.162572 -0.779723 -0.147055
v -0.147055 -0.779603 -0.162572
v -0.131627 -0.779484 -0.178
v -0.11611 -0.778769 -0.193517
v -0.100593 -0.779842 -0.193517
v 0.276363 -0.742162 -0.178
v 0.28644 -0.736558 -0.178
v 0.286351 -0.740612 -0.163999
v 0.268604 -0.745739 -0.178
v 0.254692 -0.755875 -0.162394
v 0.295179 -0.72845 -0.187631
v 0.291969 -0.726661 -0.197976
v 0.3016 -0.715691 -0.208053
v 0.29616 -0.713545 -0.219022
v 0.302849 -0.705198 -0.225532
v 0.277433 -0.649156 -0.324163
v 0.282784 -0.654521 -0.313907
v 0.272082 -0.674554 -0.303117
v 0.260757 -0.679681 -0.307843
v 0.267356 -0.669426 -0.312926
v 0.294644 -0.69709 -0.248183
v 0.290096 -0.693393 -0.258528
v 0.30597 -0.693751 -0.239979
v 0.285548 -0.699832 -0.254247
v 0.300619 -0.688028 -0.25398
v 0.275203 -0.69387 -0.274758
v 0.270834 -0.688982 -0.286351
v 0.266553 -0.684093 -0.297499
v 0.28751 -0.643909 -0.318545
v 0.292326 -0.632581 -0.323271
v 0.296249 -0.622327 -0.327373
v 0.307218 -0.611595 -0.322379
v 0.309537 -0.603606 -0.324965
v 0.305346 -0.597525 -0.333081
v 0.296606 -0.596094 -0.342712
v 0.298836 -0.580712 -0.344585
v 0.306594 0.147005 -0.337272
v 0.306505 0.162506 -0.337183
v 0.305613 0.178007 -0.336291
v 0.311142 0.193508 -0.326749
v 0.35582 0.183969 -0.278325
v 0.341819 0.178007 -0.295537
v 0.354839 0.193508 -0.277255
v 0.324965 0.200424 -0.309448
v 0.352699 0.209009 -0.274758
v 0.349043 0.22618 -0.271726
v 0.312926 0.224511 -0.313372
v 0.306059 0.224511 -0.321131
v 0.325767 0.233334 -0.294823
v 0.345387 0.240012 -0.268605
v 0.305167 0.255513 -0.304544
v 0.323003 0.243708 -0.291791
v 0.30811 0.244901 -0.307932
v 0.309715 0.263263 -0.294199
v 0.294823 0.264098 -0.310429
v 0.280732 0.281268 -0.311767
v 0.295625 0.280434 -0.295804
v 0.266018 0.29677 -0.311945
v 0.271012 0.301897 -0.302047
v 0.274758 0.27471 -0.322112
v 0.265751 0.312032 -0.296696
v 0.26468 0.326222 -0.280376
v 0.275025 0.32181 -0.274491
v 0.279573 0.325864 -0.264235
v 0.285459 0.32813 -0.254158
v 0.298122 0.32801 -0.239979
v 0.296517 0.342319 -0.219468
v 0.301778 0.344823 -0.20832
v 0.29295 0.355435 -0.199492
v 0.301511 0.351739 -0.193963
v 0.296071 0.357343 -0.189147
v 0.298836 0.359251 -0.178
v 0.303027 0.361397 -0.163196
v 0.290542 0.369506 -0.162572
v 0.293039 0.371056 -0.152584
v 0.213849 0.435683 -0.0997904
v -0.337271 -0.580712 -0.306506
v -0.328086 -0.593352 -0.312213
v -0.352342 0.147005 -0.288492
v -0.337271 -0.565211 -0.306595
v -0.344584 0.147005 -0.298836
v -0.308824 -0.602533 -0.32443
v -0.314709 -0.611595 -0.314086
v -0.322379 -0.611595 -0.307219
v -0.311321 -0.621492 -0.311143
v -0.30704 -0.631747 -0.307397
v -0.312926 -0.638663 -0.297053
v -0.32327 -0.632581 -0.292326
v -0.327908 -0.638901 -0.281982
v -0.357515 0.147005 -0.280822
v -0.352342 0.162506 -0.288402
v -0.356088 0.185281 -0.278593
v -0.35698 0.175026 -0.27993
v -0.318544 -0.643909 -0.287511
v -0.313907 -0.654521 -0.282784
v -0.308645 -0.664895 -0.277701
v -0.312926 -0.669426 -0.267356
v -0.327729 -0.653329 -0.267089
v -0.307843 -0.679681 -0.260757
v -0.317385 -0.6736 -0.255406
v -0.295536 -0.697924 -0.249521
v -0.32443 0.308932 -0.231239
v -0.321576 0.305713 -0.239979
v -0.29072 0.369744 -0.162572
v -0.205912 0.435683 -0.11611
v -0.276452 0.370459 -0.182369
v -0.272261 0.361994 -0.210193
v -0.282159 0.343273 -0.236947
v -0.275382 0.354004 -0.224462
v -0.286975 0.337192 -0.241227
v -0.295358 0.326222 -0.249253
v -0.298568 0.328726 -0.239979
v -0.267623 0.358893 -0.224462
v -0.306327 0.321691 -0.239979
v -0.310696 0.310721 -0.249342
v -0.316493 0.300943 -0.254069
v -0.311945 0.29677 -0.266019
v -0.3222 0.290092 -0.258795
v -0.325946 0.279838 -0.264413
v -0.328443 0.285561 -0.254425
v -0.336558 0.286992 -0.240692
v -0.356891 0.279718 -0.217862
v -0.310429 0.264098 -0.294823
v -0.321041 0.255513 -0.290275
v -0.324073 0.245974 -0.293218
v -0.328264 0.255513 -0.282517
v -0.33638 0.255871 -0.270923
v -0.339679 0.261356 -0.261738
v -0.322111 0.27471 -0.274758
v -0.311766 0.281268 -0.280733
v -0.316225 0.269464 -0.28537
v -0.342354 0.250982 -0.265751
v -0.341374 0.233811 -0.279752
v -0.386052 0.229161 -0.215187
v -0.360458 0.193508 -0.269764
v -0.387835 0.218787 -0.217862
v -0.353413 0.209009 -0.27458
v -0.341374 0.203525 -0.295002
v -0.298746 -0.700428 -0.239979
v -0.306594 -0.710087 -0.209034
v -0.323092 -0.710802 -0.182637
v -0.295536 -0.713306 -0.218843
v -0.298836 -0.715572 -0.209034
v -0.305078 -0.724992 -0.178
v -0.291166 -0.725946 -0.196727
v -0.277433 -0.727019 -0.21483
v -0.280822 -0.729046 -0.204486
v -0.286172 -0.730596 -0.192357
v -0.29732 -0.729642 -0.178
v -0.271725 -0.732385 -0.20939
v -0.28644 -0.735723 -0.178
v -0.286797 -0.716883 -0.224194
v -0.286172 -0.723799 -0.20939
v -0.255673 -0.740731 -0.210104
v -0.261024 -0.742162 -0.197976
v -0.264413 -0.743832 -0.187631
v -0.255673 -0.746097 -0.193071
v -0.224461 -0.753728 -0.209034
v -0.225531 -0.757663 -0.195033
v -0.231417 -0.758498 -0.184599
v -0.239978 -0.756709 -0.178891
v -0.24524 -0.757902 -0.166496
v -0.250679 -0.744547 -0.205645
v -0.247023 -0.742997 -0.21599
v -0.241137 -0.74717 -0.210104
v -0.225531 -0.761717 -0.178891
v -0.224461 -0.765533 -0.162572
v -0.224461 -0.768395 -0.147055
v -0.224461 -0.771018 -0.131627
v -0.219556 -0.774953 -0.112989
v -0.239978 -0.771137 -0.100593
v -0.233468 -0.774595 -0.0809738
v -0.235341 -0.774953 -0.0696482
v -0.224461 -0.777099 -0.0696482
v -0.085165 -0.778769 -0.209034
v -0.0696481 -0.777219 -0.224462
v -0.0541311 -0.77543 -0.237125
v -0.0238997 -0.775669 -0.241316
v -0.00766931 -0.776145 -0.239979
v 0.00766931 -0.776026 -0.239979
v 0.0387033 -0.775788 -0.239087
v 0.0541311 -0.777934 -0.224462
v 0.100593 -0.777815 -0.209034
v 0.0696481 -0.777099 -0.224462
v 0.11611 -0.778649 -0.193517
v 0.131627 -0.777219 -0.193517
v 0.147055 -0.777934 -0.178
v 0.162572 -0.778053 -0.162572
v 0.177999 -0.777815 -0.147055
v 0.193516 -0.777457 -0.131627
v 0.224461 -0.768872 -0.147055
v 0.239978 -0.764221 -0.147055
v 0.25166 -0.760167 -0.147055
v 0.214116 -0.773641 -0.131627
v 0.203326 -0.774714 -0.141883
v 0.249074 -0.759213 -0.157132
v -0.209033 -0.777815 -0.100593
v -0.193516 -0.778649 -0.11611
v -0.193516 -0.777219 -0.131627
v -0.177999 -0.777934 -0.147055
v -0.162572 -0.778053 -0.162572
v -0.147055 -0.777815 -0.178
v -0.131627 -0.777457 -0.193517
v -0.100593 -0.777576 -0.209034
v 0.270655 -0.739658 -0.193428
v 0.286707 -0.731311 -0.193071
v 0.265305 -0.74407 -0.188255
v 0.255495 -0.751463 -0.178
v 0.245864 -0.75814 -0.167477
v 0.281713 -0.729284 -0.204664
v 0.286707 -0.724276 -0.20948
v 0.281268 -0.714022 -0.235163
v 0.291612 -0.710564 -0.229366
v 0.28644 -0.716645 -0.224283
v 0.2604 -0.663703 -0.323271
v 0.267088 -0.653329 -0.32773
v 0.248985 -0.651302 -0.341463
v 0.230882 -0.649156 -0.355286
v 0.271101 -0.642836 -0.332991
v 0.275025 -0.63127 -0.338253
v 0.280197 -0.620896 -0.341642
v 0.281981 -0.638901 -0.327908
v 0.24952 -0.697924 -0.295537
v 0.250412 -0.68302 -0.3115
v 0.242653 -0.677892 -0.321755
v 0.255406 -0.6736 -0.317385
v 0.279752 -0.697567 -0.264413
v 0.276719 -0.711041 -0.245508
v 0.256209 -0.709133 -0.271994
v 0.264859 -0.698044 -0.280555
v 0.259776 -0.694347 -0.290899
v 0.290542 -0.614576 -0.337718
v 0.294377 -0.604322 -0.340839
v 0.298568 -0.610284 -0.332724
v 0.285726 -0.595736 -0.350738
v 0.280019 -0.590371 -0.35707
v 0.288491 -0.580712 -0.352343
v 0.298836 0.147005 -0.344585
v 0.298746 0.162506 -0.344585
v 0.297855 0.178007 -0.343782
v 0.296249 0.193508 -0.342444
v 0.304008 0.193508 -0.334508
v 0.310072 0.202571 -0.325679
v 0.344941 0.209009 -0.283587
v 0.308288 0.212825 -0.323539
v 0.29839 0.224511 -0.329603
v 0.295982 0.235719 -0.327106
v 0.316939 0.239058 -0.301422
v 0.297409 0.255513 -0.313283
v 0.293217 0.245974 -0.324074
v 0.302046 0.24025 -0.317564
v 0.290275 0.255513 -0.321042
v 0.279573 0.264456 -0.325946
v 0.28537 0.269464 -0.316226
v 0.258795 0.290092 -0.322201
v 0.248539 0.294743 -0.325679
v 0.254068 0.300943 -0.316493
v 0.259597 0.307143 -0.307041
v 0.264413 0.279838 -0.325946
v 0.249253 0.326222 -0.295358
v 0.259597 0.322287 -0.290632
v 0.254871 0.329322 -0.285905
v 0.247291 0.340411 -0.278236
v 0.270299 0.328964 -0.270032
v 0.262273 0.339934 -0.262095
v 0.266821 0.343154 -0.25175
v 0.286707 0.345777 -0.224551
v 0.287242 0.353408 -0.210193
v 0.278146 0.355793 -0.216079
v 0.282694 0.358297 -0.205734
v 0.271725 0.369386 -0.194676
v 0.277433 0.371056 -0.183618
v 0.285726 0.367598 -0.178267
v 0.205555 0.435683 -0.11611
v -0.329513 -0.580712 -0.313551
v -0.279573 -0.589894 -0.356891
v -0.337271 0.147005 -0.306595
v -0.344584 0.162506 -0.298747
v -0.266107 -0.608495 -0.358675
v -0.27119 -0.612788 -0.351808
v -0.279038 -0.619823 -0.340928
v -0.276452 -0.600267 -0.354127
v -0.301154 -0.626262 -0.316672
v -0.264413 -0.636278 -0.341642
v -0.292236 -0.648202 -0.307932
v -0.308378 -0.648917 -0.29304
v -0.352432 0.179319 -0.285638
v -0.343781 0.178007 -0.297855
v -0.34931 0.193508 -0.28644
v -0.303384 -0.65941 -0.287689
v -0.292415 -0.664299 -0.292683
v -0.298301 -0.669426 -0.282338
v -0.292147 -0.679681 -0.276898
v -0.303116 -0.674554 -0.272083
v -0.297498 -0.684093 -0.266554
v -0.290899 -0.694347 -0.259776
v -0.285994 -0.701025 -0.254961
v -0.277879 -0.711756 -0.246845
v -0.286797 -0.708656 -0.24096
v -0.292147 -0.710802 -0.229188
v -0.192981 0.435683 -0.135818
v -0.259776 0.369744 -0.209034
v -0.278235 0.340411 -0.247291
v -0.264413 0.356747 -0.233469
v -0.285905 0.329322 -0.254871
v -0.290631 0.322287 -0.259598
v -0.296695 0.312032 -0.265751
v -0.30704 0.307143 -0.259598
v -0.248807 0.372129 -0.217952
v -0.302046 0.301897 -0.271013
v -0.307308 0.291523 -0.276363
v -0.306148 0.274472 -0.291078
v -0.290007 0.273637 -0.30597
v -0.251571 0.267914 -0.34405
v -0.294198 0.263263 -0.309716
v -0.304543 0.255513 -0.305168
v -0.313282 0.255513 -0.297409
v -0.307932 0.244901 -0.308111
v -0.317563 0.24025 -0.302047
v -0.327105 0.235719 -0.295983
v -0.332991 0.239892 -0.28644
v -0.3016 0.286038 -0.286084
v -0.355107 0.22928 -0.261649
v -0.337361 0.224511 -0.290097
v -0.339501 0.213898 -0.292772
v -0.343068 0.224511 -0.282338
v -0.351272 0.224272 -0.270121
v -0.36884 0.224511 -0.243546
v -0.34503 0.208771 -0.287154
v -0.325678 0.202571 -0.310073
v -0.334507 0.193508 -0.304009
v -0.342444 0.193508 -0.29625
v -0.329602 0.224511 -0.298301
v -0.332634 0.208175 -0.30169
v -0.263432 -0.727854 -0.232488
v -0.266286 -0.729523 -0.224462
v -0.274044 -0.724992 -0.224462
v -0.281803 -0.714499 -0.236501
v -0.236768 -0.744905 -0.220716
v -0.225264 -0.74717 -0.225353
v -0.193516 -0.752298 -0.239979
v -0.178713 -0.756829 -0.240424
v -0.184331 -0.758379 -0.230972
v -0.216703 -0.758736 -0.201275
v -0.221162 -0.760167 -0.190931
v -0.255495 -0.729761 -0.236055
v -0.241137 -0.741208 -0.225353
v -0.230882 -0.742758 -0.231061
v -0.209033 -0.766845 -0.178
v -0.209033 -0.769706 -0.162572
v -0.20832 -0.772449 -0.146787
v -0.202702 -0.774595 -0.141437
v -0.213671 -0.773522 -0.131627
v -0.205912 -0.775192 -0.131627
v -0.210282 -0.776026 -0.117359
v -0.222232 -0.77543 -0.100593
v -0.231595 -0.774118 -0.0913185
v -0.22999 -0.773641 -0.100593
v -0.22571 -0.775788 -0.0857894
v -0.086146 -0.775907 -0.225799
v -0.0816871 -0.774714 -0.234004
v -0.0696481 -0.775072 -0.235698
v -0.0296071 -0.774118 -0.24747
v -0.0192625 -0.774357 -0.248361
v -0.00766931 -0.774476 -0.248451
v 0.00766931 -0.774357 -0.248005
v 0.0387033 -0.773999 -0.246845
v 0.0541311 -0.77543 -0.23766
v 0.100593 -0.77543 -0.222232
v 0.112989 -0.774953 -0.219557
v 0.117358 -0.776026 -0.210282
v 0.0696481 -0.774953 -0.235341
v 0.0809737 -0.774595 -0.233469
v 0.0857893 -0.775788 -0.22571
v 0.146787 -0.775549 -0.193784
v 0.158737 -0.774953 -0.188879
v 0.163374 -0.775788 -0.178891
v 0.173719 -0.774953 -0.174254
v 0.193695 -0.775549 -0.147055
v 0.224461 -0.765891 -0.162572
v 0.208677 -0.772568 -0.147055
v 0.209033 -0.769706 -0.162572
v 0.240424 -0.761002 -0.162394
v 0.188701 -0.774834 -0.158113
v 0.199045 -0.773761 -0.152227
v -0.193784 -0.775549 -0.146787
v -0.188879 -0.774953 -0.158737
v -0.178891 -0.775788 -0.163374
v -0.174254 -0.774953 -0.173719
v -0.147055 -0.775549 -0.193695
v -0.141882 -0.774714 -0.203326
v -0.131627 -0.775311 -0.206358
v -0.11718 -0.775907 -0.210282
v 0.260846 -0.742281 -0.198511
v 0.255584 -0.740254 -0.209301
v 0.271547 -0.732265 -0.20948
v 0.255584 -0.746216 -0.193428
v 0.240424 -0.756829 -0.178713
v 0.239978 -0.752298 -0.193517
v 0.235519 -0.75969 -0.174076
v 0.230971 -0.758379 -0.184331
v 0.262273 -0.727257 -0.23115
v 0.256476 -0.732862 -0.225353
v 0.251928 -0.73 -0.236947
v 0.271369 -0.71736 -0.240157
v 0.256476 -0.725469 -0.241316
v 0.243724 -0.725588 -0.255496
v 0.251571 -0.714737 -0.267535
v 0.250055 -0.667518 -0.326749
v 0.231952 -0.665611 -0.340482
v 0.193516 -0.66251 -0.368752
v 0.220626 -0.653329 -0.358675
v 0.236322 -0.638782 -0.358853
v 0.202434 -0.651302 -0.372408
v 0.212779 -0.646652 -0.36893
v 0.200026 -0.633774 -0.38632
v 0.218219 -0.636278 -0.372587
v 0.26477 -0.636397 -0.341642
v 0.228563 -0.63115 -0.369198
v 0.233646 -0.620896 -0.372587
v 0.262094 -0.617915 -0.355375
v 0.285816 -0.610284 -0.343515
v 0.203237 -0.697924 -0.326481
v 0.231595 -0.696494 -0.30927
v 0.25496 -0.701025 -0.285995
v 0.246845 -0.711756 -0.277879
v 0.240959 -0.708656 -0.286797
v 0.229188 -0.710802 -0.292148
v 0.239978 -0.700428 -0.298747
v 0.185847 -0.68135 -0.356178
v 0.214206 -0.679681 -0.338966
v 0.238462 -0.673123 -0.329157
v 0.196192 -0.677892 -0.3527
v 0.266018 -0.60766 -0.358051
v 0.276363 -0.600744 -0.354573
v 0.229901 -0.600625 -0.385517
v 0.233557 -0.590371 -0.387925
v 0.21483 -0.580712 -0.401302
v 0.253622 -0.580712 -0.375529
v 0.280732 -0.580712 -0.357515
v 0.280822 -0.565211 -0.357515
v 0.288491 0.147005 -0.352343
v 0.288402 0.162506 -0.352343
v 0.285637 0.179319 -0.352432
v 0.28644 0.193508 -0.349311
v 0.295001 0.203525 -0.341374
v 0.323538 0.209009 -0.307843
v 0.301689 0.208175 -0.332635
v 0.292772 0.213898 -0.339501
v 0.28644 0.239892 -0.332991
v 0.282516 0.255513 -0.328265
v 0.290096 0.224511 -0.337361
v 0.276095 0.244066 -0.338966
v 0.270923 0.255871 -0.33638
v 0.261738 0.261356 -0.33968
v 0.23329 0.264337 -0.356802
v 0.204931 0.26696 -0.374013
v 0.27012 0.270179 -0.328622
v 0.230436 0.292477 -0.339412
v 0.201988 0.294743 -0.356624
v 0.220091 0.29677 -0.34289
v 0.254425 0.285561 -0.328443
v 0.239978 0.305713 -0.321577
v 0.249342 0.310721 -0.310697
v 0.256119 0.271729 -0.336915
v 0.24631 0.277334 -0.33968
v 0.217862 0.279718 -0.356891
v 0.224194 0.286157 -0.348152
v 0.240692 0.286992 -0.336559
v 0.239978 0.328726 -0.298569
v 0.229723 0.339219 -0.292505
v 0.241227 0.337192 -0.286976
v 0.239978 0.321691 -0.306327
v 0.231506 0.324672 -0.309181
v 0.236946 0.343273 -0.28216
v 0.233468 0.356747 -0.264413
v 0.243813 0.353766 -0.258795
v 0.251928 0.343511 -0.267981
v 0.256387 0.337669 -0.272261
v 0.258705 0.353408 -0.242565
v 0.263254 0.356151 -0.232309
v 0.254336 0.358059 -0.238463
v 0.272171 0.361874 -0.210193
v 0.258973 0.369506 -0.209034
v 0.262718 0.371413 -0.200651
v 0.18442 0.435683 -0.14759
v 0.188612 0.435683 -0.142507
v 0.188968 0.435683 -0.142061
v 0.196013 0.435683 -0.133143
v 0.197708 0.435683 -0.130557
v 0.201453 0.435683 -0.124136
v -0.320773 -0.580712 -0.321309
v -0.263343 -0.588701 -0.371784
v -0.329513 0.147005 -0.313551
v -0.269942 -0.594425 -0.362955
v -0.337182 0.162506 -0.306506
v -0.329513 0.162506 -0.313461
v -0.262808 -0.61875 -0.355821
v -0.260132 -0.598956 -0.369019
v -0.259419 -0.627096 -0.352789
v -0.248182 -0.635443 -0.356535
v -0.253979 -0.641047 -0.347082
v -0.276006 -0.647367 -0.322825
v -0.24952 -0.652017 -0.342177
v -0.281892 -0.653329 -0.31248
v -0.298122 -0.653925 -0.297588
v -0.33629 0.178007 -0.305614
v -0.243902 -0.662391 -0.337272
v -0.233646 -0.667041 -0.341731
v -0.265929 -0.668234 -0.312124
v -0.282159 -0.66883 -0.297231
v -0.243634 -0.678011 -0.321487
v -0.23329 -0.682066 -0.326036
v -0.281803 -0.683616 -0.281446
v -0.286351 -0.688982 -0.270834
v -0.280554 -0.698044 -0.264859
v -0.271993 -0.709133 -0.256209
v -0.267534 -0.714737 -0.251572
v -0.188166 0.435683 -0.142863
v -0.182369 0.435683 -0.151157
v -0.258795 0.353766 -0.243813
v -0.26798 0.343511 -0.251928
v -0.25175 0.343154 -0.266821
v -0.262094 0.339934 -0.262273
v -0.272261 0.337669 -0.256387
v -0.270031 0.328964 -0.270299
v -0.280376 0.326222 -0.264681
v -0.243278 0.369625 -0.228296
v -0.254336 0.358655 -0.239176
v -0.24845 0.356508 -0.248361
v -0.291166 0.307143 -0.276007
v -0.296963 0.29677 -0.281179
v -0.285726 0.316921 -0.270388
v -0.174967 0.435683 -0.159451
v -0.172738 0.435683 -0.161591
v -0.16703 0.435683 -0.167031
v -0.291166 0.290808 -0.291524
v -0.295804 0.280434 -0.295626
v -0.279662 0.279718 -0.310519
v -0.263432 0.279003 -0.325411
v -0.247291 0.278168 -0.340304
v -0.245329 0.260163 -0.354305
v -0.261916 0.261117 -0.339501
v -0.241137 0.272206 -0.349311
v -0.255495 0.255513 -0.348419
v -0.265305 0.250863 -0.342444
v -0.291791 0.243708 -0.323004
v -0.301422 0.239058 -0.316939
v -0.294823 0.233334 -0.325768
v -0.32113 0.224511 -0.30606
v -0.307843 0.209009 -0.323539
v -0.283586 0.209009 -0.344941
v -0.274758 0.209009 -0.3527
v -0.309448 0.200424 -0.324965
v -0.326748 0.193508 -0.311143
v -0.323538 0.212825 -0.308289
v -0.255495 -0.725588 -0.243724
v -0.247291 -0.727615 -0.24738
v -0.204396 -0.744428 -0.250502
v -0.214741 -0.74252 -0.245954
v -0.193427 -0.746216 -0.255585
v -0.177999 -0.751463 -0.255496
v -0.167476 -0.75814 -0.245864
v -0.174076 -0.75969 -0.23552
v -0.178713 -0.761598 -0.225264
v -0.194676 -0.761956 -0.210193
v -0.206358 -0.760167 -0.205823
v -0.210549 -0.762194 -0.195033
v -0.236946 -0.73 -0.251928
v -0.225353 -0.732862 -0.256477
v -0.209301 -0.740254 -0.255585
v -0.19851 -0.742281 -0.260846
v -0.193516 -0.766845 -0.193517
v -0.193516 -0.770422 -0.178
v -0.193784 -0.773045 -0.163374
v -0.199224 -0.773761 -0.151781
v -0.100593 -0.775311 -0.221965
v -0.0696481 -0.773045 -0.243367
v -0.11281 -0.774714 -0.218933
v -0.0920317 -0.774118 -0.231774
v -0.086146 -0.772807 -0.239533
v -0.085165 -0.768633 -0.255496
v -0.0541311 -0.773522 -0.244794
v -0.0387033 -0.771495 -0.255496
v -0.0238997 -0.772568 -0.254336
v -0.00766931 -0.77233 -0.256209
v 0.0387033 -0.771734 -0.255496
v 0.0541311 -0.771018 -0.255496
v 0.0541311 -0.773641 -0.245418
v 0.0913183 -0.774118 -0.231596
v 0.131627 -0.771018 -0.224462
v 0.131627 -0.773522 -0.213671
v 0.141436 -0.774595 -0.202702
v 0.131627 -0.775192 -0.205913
v 0.100593 -0.773641 -0.229991
v 0.100593 -0.771137 -0.239979
v 0.11611 -0.769468 -0.239979
v 0.0696481 -0.773045 -0.243011
v 0.151781 -0.773761 -0.199224
v 0.162572 -0.769706 -0.209034
v 0.163374 -0.773045 -0.193784
v 0.169082 -0.773999 -0.18451
v 0.178534 -0.773164 -0.178891
v 0.210193 -0.761956 -0.194676
v 0.225264 -0.761598 -0.178713
v 0.209033 -0.766368 -0.178
v 0.193695 -0.772926 -0.163018
v 0.177999 -0.770422 -0.193517
v 0.193516 -0.766845 -0.193517
v -0.184509 -0.773999 -0.169082
v -0.178891 -0.773164 -0.178535
v -0.158113 -0.774834 -0.188701
v -0.152227 -0.773761 -0.199046
v -0.162572 -0.769706 -0.209034
v -0.147055 -0.772568 -0.208677
v -0.147055 -0.768872 -0.224462
v -0.131627 -0.773641 -0.214117
v -0.123155 -0.774118 -0.216346
v 0.245953 -0.74252 -0.214741
v 0.225353 -0.741208 -0.241138
v 0.250501 -0.744428 -0.204396
v 0.225353 -0.74717 -0.225264
v 0.209033 -0.753728 -0.224462
v 0.205823 -0.760167 -0.206358
v 0.201275 -0.758736 -0.216703
v 0.24738 -0.727615 -0.247291
v 0.236054 -0.729761 -0.255496
v 0.256209 -0.717957 -0.25612
v 0.232487 -0.727854 -0.263432
v 0.203593 -0.667518 -0.357605
v 0.208944 -0.6736 -0.34833
v 0.185312 -0.665611 -0.371427
v 0.193516 -0.65476 -0.375173
v 0.194319 -0.643074 -0.383288
v 0.194319 -0.627931 -0.392919
v 0.205199 -0.6234 -0.389709
v 0.189682 -0.638305 -0.389174
v 0.215543 -0.617796 -0.38632
v 0.208498 -0.610999 -0.394524
v 0.174789 -0.699117 -0.343425
v 0.185134 -0.696374 -0.340215
v 0.209033 -0.710087 -0.306595
v 0.182637 -0.710802 -0.323093
v 0.178713 -0.70496 -0.333348
v 0.2365 -0.714499 -0.281803
v 0.218843 -0.713306 -0.295537
v 0.224194 -0.716883 -0.286797
v 0.179159 -0.692082 -0.348508
v 0.177999 -0.683497 -0.35814
v 0.201453 -0.604083 -0.402729
v 0.224639 -0.595736 -0.391314
v 0.204307 -0.596094 -0.404423
v 0.207071 -0.580712 -0.406207
v 0.234271 -0.565211 -0.38846
v 0.21483 0.147005 -0.401302
v 0.280822 0.147005 -0.357515
v 0.234271 0.147005 -0.38846
v 0.234182 0.162506 -0.388371
v 0.233468 0.174788 -0.387925
v 0.27993 0.175026 -0.35698
v 0.278592 0.185281 -0.356089
v 0.269764 0.193508 -0.360458
v 0.248718 0.203405 -0.372319
v 0.274579 0.209009 -0.353413
v 0.287153 0.208771 -0.345031
v 0.282338 0.224511 -0.343069
v 0.279752 0.233811 -0.341374
v 0.240513 0.240727 -0.364204
v 0.229633 0.244066 -0.369822
v 0.201186 0.247524 -0.387033
v 0.247647 0.247643 -0.356089
v 0.265751 0.250982 -0.342355
v 0.209658 0.255871 -0.377135
v 0.215187 0.261236 -0.370625
v 0.197708 0.255513 -0.384982
v 0.186293 0.26374 -0.38739
v 0.19307 0.270537 -0.379097
v 0.189503 0.282103 -0.373924
v 0.199759 0.277214 -0.370625
v 0.207874 0.285561 -0.359388
v 0.19423 0.286873 -0.367414
v 0.182993 0.292358 -0.370357
v 0.193516 0.297843 -0.359388
v 0.184509 0.308932 -0.355375
v 0.207517 0.300943 -0.347438
v 0.213136 0.307024 -0.338253
v 0.231239 0.308932 -0.32443
v 0.239978 0.314059 -0.313818
v 0.225442 0.333376 -0.302582
v 0.183172 0.339219 -0.323449
v 0.201275 0.34065 -0.309627
v 0.219378 0.341961 -0.295893
v 0.22455 0.346015 -0.286976
v 0.184955 0.324672 -0.340126
v 0.224461 0.354004 -0.275382
v 0.224461 0.358893 -0.267624
v 0.217951 0.372129 -0.248807
v 0.228296 0.369625 -0.243278
v 0.239176 0.358655 -0.254336
v 0.248361 0.356508 -0.248451
v 0.253979 0.365571 -0.223035
v 0.243189 0.369386 -0.227137
v 0.170508 0.435683 -0.163285
v -0.287778 -0.565211 -0.35047
v -0.296517 -0.580712 -0.342712
v -0.320773 0.147005 -0.321309
v -0.280019 -0.580712 -0.357248
v -0.27119 -0.580712 -0.365006
v -0.263432 -0.580712 -0.371784
v -0.255495 -0.580712 -0.377402
v -0.243456 -0.580712 -0.384982
v -0.234538 -0.591086 -0.388282
v -0.255138 -0.594782 -0.374816
v -0.249788 -0.607064 -0.373122
v -0.328532 0.178007 -0.312659
v -0.263254 0.170614 -0.371695
v -0.304186 0.162506 -0.335845
v -0.256298 -0.612907 -0.364561
v -0.245775 -0.617319 -0.370446
v -0.25166 -0.627096 -0.359477
v -0.232666 -0.650706 -0.356356
v -0.24301 -0.645698 -0.352522
v -0.259865 -0.646532 -0.337629
v -0.238284 -0.656548 -0.347082
v -0.224461 -0.670022 -0.344317
v -0.215276 -0.680516 -0.339858
v -0.224461 -0.677773 -0.336915
v -0.224461 -0.685166 -0.329157
v -0.23864 -0.672526 -0.331654
v -0.215097 -0.696017 -0.324163
v -0.225888 -0.693632 -0.318366
v -0.232041 -0.696613 -0.309448
v -0.239086 -0.685524 -0.316761
v -0.253979 -0.688028 -0.30062
v -0.258527 -0.693393 -0.290097
v -0.274758 -0.69387 -0.275204
v -0.264413 -0.697567 -0.279752
v -0.254247 -0.699832 -0.285549
v -0.245507 -0.711041 -0.27672
v -0.240156 -0.71736 -0.271369
v -0.256119 -0.717957 -0.256209
v -0.235162 -0.714022 -0.281268
v -0.232309 0.356151 -0.263254
v -0.210193 0.353408 -0.287243
v -0.242564 0.353408 -0.258706
v -0.22455 0.345777 -0.286708
v -0.219467 0.342319 -0.296518
v -0.239978 0.32801 -0.298123
v -0.254157 0.32813 -0.285459
v -0.264235 0.325864 -0.279574
v -0.27449 0.32181 -0.275026
v -0.227136 0.369386 -0.243189
v -0.238908 0.366167 -0.238819
v -0.163285 0.435683 -0.170509
v -0.238462 0.358059 -0.254336
v -0.232309 0.309767 -0.325233
v -0.242653 0.305236 -0.320685
v -0.285994 0.301658 -0.286084
v -0.26468 0.295577 -0.310964
v -0.258438 0.321214 -0.289918
v -0.274936 0.290092 -0.306416
v -0.232309 0.294266 -0.340661
v -0.234984 0.266125 -0.357872
v -0.240067 0.255155 -0.360369
v -0.249074 0.249789 -0.357248
v -0.259776 0.240012 -0.353146
v -0.268604 0.240012 -0.345387
v -0.278681 0.232142 -0.340572
v -0.313372 0.224511 -0.312926
v -0.271725 0.22618 -0.349044
v -0.26468 0.220218 -0.357426
v -0.266999 0.209009 -0.359477
v -0.260578 0.193508 -0.369376
v -0.293307 0.197324 -0.339858
v -0.277255 0.193508 -0.35484
v -0.319792 0.178007 -0.320417
v -0.241316 -0.725469 -0.256477
v -0.209479 -0.724276 -0.286708
v -0.231149 -0.727257 -0.262273
v -0.188255 -0.74407 -0.265305
v -0.162393 -0.755875 -0.254693
v -0.177999 -0.745739 -0.268605
v -0.157132 -0.759213 -0.249075
v -0.162393 -0.761002 -0.240424
v -0.162572 -0.765891 -0.224462
v -0.177999 -0.766368 -0.209034
v -0.204664 -0.729284 -0.281714
v -0.209479 -0.732265 -0.271548
v -0.193427 -0.739658 -0.270656
v -0.0696481 -0.769706 -0.255496
v -0.0541311 -0.77066 -0.255496
v -0.100593 -0.773641 -0.229634
v -0.100593 -0.771018 -0.239979
v -0.100593 -0.766725 -0.255496
v -0.100414 -0.761241 -0.271726
v -0.085165 -0.763387 -0.270923
v -0.0696481 -0.764698 -0.270923
v -0.0231863 -0.767679 -0.270923
v -0.00766931 -0.767918 -0.270923
v 0.0387033 -0.766964 -0.270923
v 0.0696481 -0.769706 -0.255496
v 0.0541311 -0.766249 -0.270923
v 0.146787 -0.772449 -0.20832
v 0.131627 -0.766964 -0.239979
v 0.147055 -0.768395 -0.224462
v 0.085165 -0.768156 -0.255496
v 0.100593 -0.766487 -0.255496
v 0.11611 -0.764698 -0.255496
v 0.162572 -0.765533 -0.224462
v 0.177999 -0.766845 -0.209034
v 0.195032 -0.762194 -0.21055
v -0.163017 -0.772926 -0.193695
v -0.147055 -0.764221 -0.239979
v -0.131627 -0.766725 -0.239979
v -0.11611 -0.768991 -0.239979
v -0.131627 -0.771018 -0.224462
v -0.11718 -0.772926 -0.224283
v 0.23106 -0.742758 -0.230882
v 0.220716 -0.744905 -0.236768
v 0.215989 -0.742997 -0.247024
v 0.195032 -0.757663 -0.225532
v 0.193516 -0.752894 -0.239979
v 0.210103 -0.74717 -0.241138
v 0.19093 -0.760167 -0.221162
v 0.21483 -0.727019 -0.277433
v 0.224461 -0.724992 -0.274045
v 0.224461 -0.729523 -0.266286
v 0.179337 -0.67348 -0.366968
v 0.174967 -0.668115 -0.373478
v 0.178713 -0.658337 -0.379721
v 0.182458 -0.648559 -0.385874
v 0.185401 -0.619107 -0.402461
v 0.193516 -0.615411 -0.400589
v 0.162572 -0.694705 -0.353948
v 0.172381 -0.713306 -0.326481
v 0.162572 -0.709371 -0.336826
v 0.162572 -0.701621 -0.34619
v 0.209033 -0.715572 -0.298836
v 0.177732 -0.716883 -0.317742
v 0.20939 -0.723799 -0.286173
v 0.162572 -0.686954 -0.361529
v 0.193516 -0.60766 -0.404334
v 0.193516 -0.596094 -0.409328
v 0.193516 -0.580712 -0.412717
v 0.207071 0.147005 -0.406207
v 0.206982 0.162506 -0.406207
v 0.214741 0.162506 -0.401213
v 0.213581 0.178007 -0.400499
v 0.225977 0.1792 -0.392117
v 0.223213 0.193508 -0.391403
v 0.202256 0.203286 -0.403175
v 0.240692 0.208771 -0.375975
v 0.217862 0.218787 -0.387836
v 0.27012 0.224272 -0.351273
v 0.215187 0.229161 -0.386053
v 0.261648 0.22928 -0.355108
v 0.23329 0.233692 -0.372319
v 0.209568 0.241443 -0.384358
v 0.204842 0.237269 -0.389441
v 0.195032 0.241443 -0.393008
v 0.189949 0.255513 -0.389263
v 0.219289 0.250863 -0.3733
v 0.150622 0.260163 -0.401213
v 0.140277 0.26386 -0.402907
v 0.177999 0.266244 -0.388817
v 0.167476 0.277095 -0.386142
v 0.177999 0.273995 -0.384269
v 0.17791 0.286873 -0.376065
v 0.184688 0.23095 -0.402194
v 0.178891 0.240369 -0.40041
v 0.177999 0.255513 -0.394079
v 0.172649 0.295458 -0.372587
v 0.174254 0.312032 -0.35814
v 0.202791 0.310721 -0.341642
v 0.179605 0.318352 -0.349311
v 0.178891 0.333376 -0.333437
v 0.172827 0.341961 -0.326838
v 0.19093 0.343273 -0.313105
v 0.210193 0.352931 -0.286708
v 0.216168 0.355912 -0.278325
v 0.174611 0.327533 -0.343247
v 0.210193 0.361994 -0.272261
v 0.209033 0.369744 -0.259776
v 0.151157 0.435683 -0.182369
v 0.15945 0.435683 -0.174968
v 0.16712 0.435683 -0.167031
v 0.238819 0.366167 -0.238908
v -0.263432 -0.565211 -0.371873
v -0.287778 0.147005 -0.35047
v -0.255495 -0.565211 -0.377491
v -0.243545 -0.565211 -0.384982
v -0.235787 -0.580712 -0.388817
v -0.203504 -0.591086 -0.40371
v -0.208855 -0.596213 -0.398805
v -0.22999 -0.60146 -0.385963
v -0.2398 -0.596213 -0.383377
v -0.240335 -0.611953 -0.375886
v -0.255495 0.162506 -0.377402
v -0.263432 0.162506 -0.371784
v -0.27993 0.162506 -0.357248
v -0.279484 0.173715 -0.356802
v -0.270834 0.177292 -0.363758
v -0.262094 0.180988 -0.370625
v -0.25282 0.193508 -0.375262
v -0.256298 0.176696 -0.375619
v -0.214741 -0.617319 -0.386053
v -0.23543 -0.621969 -0.373211
v -0.240335 -0.627216 -0.367147
v -0.218754 -0.636397 -0.372587
v -0.212065 -0.646771 -0.369198
v -0.201721 -0.650586 -0.371873
v -0.214116 -0.66418 -0.35484
v -0.224461 -0.66096 -0.352076
v -0.229098 -0.632343 -0.37
v -0.209479 -0.673957 -0.348598
v -0.193516 -0.678011 -0.353057
v -0.184242 -0.680516 -0.355375
v -0.204931 -0.683139 -0.342444
v -0.210014 -0.689578 -0.333437
v -0.204842 -0.698401 -0.326927
v -0.202167 -0.71271 -0.310251
v -0.212511 -0.710206 -0.306506
v -0.221697 -0.699832 -0.313818
v -0.248182 -0.69709 -0.294645
v -0.239978 -0.693751 -0.30597
v -0.225531 -0.705198 -0.302849
v -0.229366 -0.710564 -0.291613
v -0.224283 -0.716645 -0.28644
v -0.219021 -0.713545 -0.296161
v -0.205734 0.358297 -0.282695
v -0.216078 0.355793 -0.278147
v -0.199491 0.355435 -0.29295
v -0.20832 0.344823 -0.301779
v -0.213046 0.338623 -0.306862
v -0.221607 0.328249 -0.313729
v -0.231952 0.32491 -0.309359
v -0.200651 0.371413 -0.262719
v -0.209033 0.369506 -0.258974
v -0.223034 0.365571 -0.25398
v -0.14759 0.435683 -0.184421
v -0.210193 0.361874 -0.272172
v -0.225888 0.321333 -0.318277
v -0.214919 0.324195 -0.324074
v -0.213849 0.307978 -0.339234
v -0.224461 0.296889 -0.342801
v -0.212155 0.290688 -0.353859
v -0.224372 0.285919 -0.350827
v -0.229366 0.276499 -0.354662
v -0.215008 0.261475 -0.370714
v -0.224907 0.25599 -0.368484
v -0.230347 0.245616 -0.370714
v -0.240067 0.24025 -0.367771
v -0.224372 0.271133 -0.360458
v -0.24524 0.228446 -0.370179
v -0.252106 0.240012 -0.359834
v -0.262451 0.230592 -0.355464
v -0.255406 0.224272 -0.363847
v -0.257992 0.209009 -0.367236
v -0.269496 0.193508 -0.361618
v -0.250323 0.209009 -0.373389
v -0.295536 0.178007 -0.34182
v -0.208052 -0.715691 -0.301601
v -0.197975 -0.726661 -0.291969
v -0.177999 -0.742162 -0.276363
v -0.163998 -0.747647 -0.272439
v -0.147055 -0.752298 -0.270923
v -0.147055 -0.757306 -0.25933
v -0.170152 -0.743235 -0.278593
v -0.147055 -0.760167 -0.251572
v -0.19307 -0.731311 -0.286708
v -0.0541311 -0.765772 -0.270923
v -0.0387033 -0.766725 -0.270923
v -0.11611 -0.764221 -0.255496
v -0.11611 -0.760167 -0.267089
v -0.105408 -0.75826 -0.277344
v -0.0950638 -0.759094 -0.279574
v -0.085165 -0.759571 -0.280822
v -0.0541311 -0.760883 -0.283943
v -0.0387033 -0.761479 -0.285549
v -0.0243456 -0.761479 -0.287956
v -0.00766931 -0.762314 -0.28644
v 0.0231863 -0.761717 -0.286084
v 0.0387033 -0.761479 -0.285549
v 0.0541311 -0.761121 -0.284746
v 0.0696481 -0.764818 -0.270923
v 0.132251 -0.761598 -0.256477
v 0.147055 -0.763864 -0.239979
v 0.085165 -0.76291 -0.270923
v 0.0993443 -0.760883 -0.271548
v 0.11611 -0.760287 -0.267356
v 0.127525 -0.759452 -0.265038
v 0.178891 -0.761717 -0.225532
v 0.205645 -0.744547 -0.25068
v 0.197975 -0.742162 -0.261025
v 0.210103 -0.740731 -0.255674
v 0.184599 -0.758498 -0.231417
v 0.178891 -0.756709 -0.239979
v 0.166495 -0.757902 -0.24524
v 0.161858 -0.755517 -0.254425
v 0.147055 -0.752775 -0.270923
v 0.177999 -0.750628 -0.255496
v 0.163642 -0.747528 -0.272172
v 0.19307 -0.746097 -0.255674
v 0.20939 -0.732385 -0.271726
v 0.204485 -0.729046 -0.280822
v 0.168279 -0.727019 -0.308289
v 0.196727 -0.725946 -0.291167
v 0.162572 -0.678608 -0.369198
v 0.162572 -0.66108 -0.383466
v 0.162572 -0.670857 -0.375708
v 0.172114 -0.651183 -0.387658
v 0.136175 -0.648679 -0.40148
v 0.177643 -0.643074 -0.390957
v 0.179337 -0.627216 -0.399786
v 0.166139 -0.632462 -0.401213
v 0.175056 -0.622208 -0.404156
v 0.132964 -0.627335 -0.415392
v 0.139118 -0.619227 -0.417978
v 0.15624 -0.605037 -0.418603
v 0.166585 -0.600983 -0.416819
v 0.178089 -0.595975 -0.415035
v 0.153297 -0.696255 -0.355554
v 0.107014 -0.696374 -0.37116
v 0.162928 -0.723561 -0.317029
v 0.162572 -0.715333 -0.329068
v 0.150889 -0.71116 -0.339323
v 0.146965 -0.704602 -0.34833
v 0.143042 -0.697924 -0.357337
v 0.177999 -0.724992 -0.305079
v 0.0960448 -0.682423 -0.388193
v 0.152673 -0.680516 -0.370892
v 0.173005 -0.590609 -0.418959
v 0.182102 -0.580712 -0.416819
v 0.193516 0.147005 -0.412717
v 0.193516 0.162506 -0.412628
v 0.205823 0.178007 -0.405493
v 0.203772 0.193508 -0.404156
v 0.21153 0.193508 -0.399073
v 0.193784 0.208652 -0.405226
v 0.199045 0.21366 -0.40157
v 0.209568 0.224153 -0.391403
v 0.208052 0.208652 -0.397646
v 0.22027 0.209009 -0.389441
v 0.193516 0.193508 -0.408704
v 0.243545 0.224511 -0.368841
v 0.193784 0.225345 -0.400054
v 0.104338 0.260282 -0.41673
v 0.16275 0.255155 -0.399429
v 0.0939937 0.26386 -0.418424
v 0.131627 0.266364 -0.404423
v 0.131627 0.274114 -0.399964
v 0.157132 0.279957 -0.387925
v 0.162393 0.28568 -0.382485
v 0.138315 0.231188 -0.417711
v 0.174343 0.2356 -0.403977
v 0.188701 0.220695 -0.403799
v 0.178891 0.225345 -0.40585
v 0.162572 0.224511 -0.411647
v 0.168011 0.245854 -0.401837
v 0.137156 0.292954 -0.38632
v 0.126811 0.295458 -0.388104
v 0.162572 0.297724 -0.37437
v 0.162572 0.305474 -0.368217
v 0.162572 0.314894 -0.360458
v 0.162572 0.322645 -0.35377
v 0.162572 0.344227 -0.329514
v 0.163731 0.352693 -0.317564
v 0.177999 0.345896 -0.31792
v 0.162572 0.337788 -0.337272
v 0.177999 0.354004 -0.306416
v 0.19316 0.360086 -0.286708
v 0.169617 0.355793 -0.30927
v 0.162572 0.330037 -0.346012
v 0.177553 0.367002 -0.285549
v 0.182369 0.370459 -0.276452
v 0.135818 0.435683 -0.192982
v 0.142863 0.435683 -0.188166
v -0.263432 0.147005 -0.371873
v -0.255495 0.147005 -0.377491
v -0.204664 -0.565211 -0.404334
v -0.243545 0.147005 -0.384982
v -0.17363 -0.565211 -0.419762
v -0.162572 -0.580712 -0.425202
v -0.17247 -0.590967 -0.419138
v -0.167922 -0.601341 -0.416908
v -0.219646 -0.606945 -0.38855
v -0.20939 -0.611953 -0.391314
v -0.243456 0.162506 -0.384982
v -0.23873 0.192793 -0.383377
v -0.242029 0.178007 -0.384269
v -0.183707 -0.617199 -0.40157
v -0.173362 -0.621969 -0.404067
v -0.198064 -0.632343 -0.385517
v -0.176751 -0.642001 -0.389887
v -0.139653 -0.650586 -0.402729
v -0.183083 -0.66418 -0.370268
v -0.172738 -0.66728 -0.372854
v -0.193516 -0.670261 -0.359923
v -0.153208 -0.680516 -0.370803
v -0.141704 -0.66728 -0.388282
v -0.173897 -0.683139 -0.357961
v -0.184063 -0.696017 -0.339769
v -0.142774 -0.698282 -0.357783
v -0.162572 -0.700667 -0.34512
v -0.193516 -0.708418 -0.320239
v -0.193516 -0.714499 -0.31248
v -0.19307 -0.722607 -0.300976
v -0.194676 0.369386 -0.271726
v -0.189147 0.357343 -0.296072
v -0.193962 0.351739 -0.301512
v -0.202702 0.341365 -0.310608
v -0.183618 0.371056 -0.277433
v -0.142507 0.435683 -0.188612
v -0.204574 0.326579 -0.326749
v -0.183885 0.324195 -0.33968
v -0.209212 0.317517 -0.332991
v -0.203504 0.310959 -0.341731
v -0.162572 0.313702 -0.359656
v -0.151781 0.307978 -0.37009
v -0.162572 0.297008 -0.373924
v -0.207785 0.301301 -0.347795
v -0.20181 0.294504 -0.356356
v -0.170776 0.294504 -0.371873
v -0.193338 0.285919 -0.366433
v -0.21911 0.280434 -0.357248
v -0.198332 0.27638 -0.370179
v -0.178534 0.271133 -0.383288
v -0.204664 0.266125 -0.3733
v -0.183974 0.261356 -0.386231
v -0.209479 0.25599 -0.376154
v -0.158023 0.250982 -0.404156
v -0.189057 0.250982 -0.388728
v -0.199313 0.245616 -0.386142
v -0.234984 0.235361 -0.372943
v -0.240067 0.223795 -0.374459
v -0.248361 0.218072 -0.372052
v -0.239978 0.209009 -0.379097
v -0.187631 -0.72845 -0.29518
v -0.177999 -0.736558 -0.28644
v -0.132964 -0.747647 -0.287956
v -0.11611 -0.752298 -0.28644
v -0.131538 -0.755994 -0.27021
v -0.11611 -0.757306 -0.274758
v -0.126454 -0.759213 -0.264503
v -0.163998 -0.740612 -0.286351
v -0.147055 -0.742162 -0.292059
v -0.11611 -0.742162 -0.307487
v -0.139118 -0.743235 -0.294021
v -0.100414 -0.755756 -0.285459
v -0.085165 -0.756352 -0.288581
v -0.0696481 -0.757067 -0.290186
v -0.0541311 -0.757783 -0.291702
v -0.0303205 -0.758736 -0.29411
v -0.0199759 -0.758975 -0.294734
v -0.00766931 -0.758975 -0.294734
v 0.00829356 -0.76136 -0.287956
v 0.0138226 -0.758736 -0.29411
v 0.0387033 -0.758379 -0.293307
v 0.0696481 -0.760287 -0.282873
v 0.0541311 -0.758021 -0.292505
v 0.0696481 -0.757306 -0.290632
v 0.137869 -0.758498 -0.262362
v 0.147055 -0.760048 -0.251661
v 0.156151 -0.759094 -0.248629
v 0.0933694 -0.758856 -0.27886
v 0.103714 -0.75814 -0.277166
v 0.11611 -0.757306 -0.275026
v 0.132251 -0.756352 -0.270567
v 0.187631 -0.743832 -0.264413
v 0.177999 -0.741685 -0.275382
v 0.147055 -0.757425 -0.259419
v 0.146341 -0.745978 -0.286619
v 0.159183 -0.744547 -0.281625
v 0.169527 -0.742997 -0.278236
v 0.177999 -0.735723 -0.28644
v 0.162928 -0.732265 -0.302671
v 0.192357 -0.730596 -0.286173
v 0.177999 -0.729642 -0.29732
v 0.157934 -0.728927 -0.311589
v 0.11611 -0.678727 -0.384804
v 0.139831 -0.666088 -0.387301
v 0.0994335 -0.658456 -0.406653
v 0.12583 -0.651183 -0.403264
v 0.11611 -0.670976 -0.391225
v 0.100593 -0.645817 -0.415214
v 0.147055 -0.637947 -0.404423
v 0.119855 -0.632581 -0.41673
v 0.0927452 -0.619346 -0.433495
v 0.109957 -0.605037 -0.43412
v 0.120301 -0.601102 -0.432336
v 0.096669 -0.698044 -0.372854
v 0.085165 -0.692082 -0.382575
v 0.147055 -0.725588 -0.321755
v 0.146252 -0.716883 -0.333616
v 0.131627 -0.713903 -0.342534
v 0.0942612 -0.71271 -0.356624
v 0.131627 -0.707464 -0.350292
v 0.131627 -0.699713 -0.35921
v 0.085165 -0.684331 -0.389976
v 0.085165 -0.675507 -0.397646
v 0.126633 -0.590728 -0.434476
v 0.11611 -0.580712 -0.439024
v 0.12806 -0.580712 -0.435011
v 0.162572 -0.580712 -0.423418
v 0.182102 0.147005 -0.416819
v 0.182012 0.162506 -0.416819
v 0.193516 0.178007 -0.41129
v 0.177999 0.209009 -0.410933
v 0.168011 0.19637 -0.417265
v 0.176573 0.192078 -0.415035
v 0.0997011 0.255274 -0.420565
v 0.085165 0.266006 -0.419584
v 0.085165 0.273756 -0.415214
v 0.100593 0.282699 -0.405137
v 0.0997011 0.269822 -0.413074
v 0.0914967 0.231307 -0.433317
v 0.085165 0.255513 -0.424488
v 0.121104 0.277214 -0.401659
v 0.110848 0.279957 -0.403442
v 0.116021 0.28568 -0.398092
v 0.100593 0.29045 -0.400232
v 0.11611 0.224511 -0.427253
v 0.12806 0.235719 -0.419494
v 0.107014 0.21521 -0.433139
v 0.121639 0.245974 -0.417354
v 0.0906049 0.293073 -0.401837
v 0.11611 0.297843 -0.389887
v 0.11611 0.305593 -0.383823
v 0.150711 0.307978 -0.370268
v 0.140366 0.310124 -0.371962
v 0.106746 0.324552 -0.371071
v 0.15303 0.324433 -0.355554
v 0.151781 0.339696 -0.339591
v 0.146787 0.346015 -0.333794
v 0.147055 0.354601 -0.323004
v 0.159272 0.357939 -0.31248
v 0.163731 0.361874 -0.303206
v 0.162572 0.369744 -0.290721
v 0.11611 0.435683 -0.205913
v -0.204664 0.147005 -0.404334
v -0.17363 0.147005 -0.419762
v -0.148036 -0.565211 -0.431355
v -0.148036 -0.580712 -0.431266
v -0.13992 -0.58894 -0.433763
v -0.162572 0.147005 -0.425202
v -0.162661 -0.596094 -0.421724
v -0.157578 -0.606826 -0.419405
v -0.193516 0.162506 -0.409774
v -0.203237 0.178007 -0.403531
v -0.230971 0.197563 -0.386498
v -0.201721 0.18695 -0.402818
v -0.162661 -0.611834 -0.4145
v -0.152316 -0.61708 -0.416997
v -0.162126 -0.627096 -0.406474
v -0.16703 -0.632224 -0.400945
v -0.156686 -0.636278 -0.403531
v -0.131627 -0.642597 -0.409328
v -0.085165 -0.647248 -0.416195
v -0.0737502 -0.649156 -0.417354
v -0.131627 -0.651779 -0.403621
v -0.11611 -0.661795 -0.399608
v -0.131627 -0.659529 -0.397735
v -0.131627 -0.669426 -0.389976
v -0.147144 -0.626739 -0.413698
v -0.141971 -0.621254 -0.419138
v -0.131627 -0.631389 -0.416016
v -0.142863 -0.68302 -0.373389
v -0.131627 -0.677177 -0.383377
v -0.162572 -0.693632 -0.352878
v -0.131627 -0.693274 -0.368128
v -0.131627 -0.700548 -0.360369
v -0.131627 -0.708298 -0.351095
v -0.140366 -0.71271 -0.341196
v -0.177197 -0.716526 -0.317742
v -0.162215 -0.722726 -0.316493
v -0.177999 -0.724992 -0.305346
v -0.131627 -0.714379 -0.343336
v -0.177999 0.359251 -0.298836
v -0.158469 0.357343 -0.3115
v -0.177999 0.354004 -0.306595
v -0.178267 0.367598 -0.285727
v -0.193516 0.343392 -0.312926
v -0.193516 0.336715 -0.320685
v -0.152584 0.371056 -0.29304
v -0.162572 0.369506 -0.290543
v -0.142061 0.435683 -0.188969
v -0.133143 0.435683 -0.196014
v -0.130557 0.435683 -0.197708
v -0.126365 0.435683 -0.200116
v -0.12039 0.435683 -0.203326
v -0.11611 0.435683 -0.205556
v -0.0997902 0.435683 -0.213849
v -0.162572 0.328964 -0.344941
v -0.142507 0.326579 -0.357605
v -0.131627 0.336715 -0.351541
v -0.152762 0.324075 -0.355108
v -0.147144 0.317517 -0.363847
v -0.141436 0.31084 -0.372676
v -0.145717 0.301181 -0.37874
v -0.139742 0.294385 -0.387301
v -0.150087 0.290688 -0.384715
v -0.157043 0.280315 -0.388193
v -0.188076 0.280315 -0.372765
v -0.167298 0.27638 -0.385607
v -0.1475 0.271014 -0.398716
v -0.142596 0.266006 -0.404156
v -0.15294 0.261236 -0.401659
v -0.162928 0.255871 -0.39934
v -0.1475 0.255871 -0.406742
v -0.146787 0.239654 -0.414322
v -0.162928 0.24025 -0.406563
v -0.168279 0.245497 -0.40157
v -0.172827 0.235242 -0.403888
v -0.214206 0.228326 -0.385874
v -0.217594 0.217952 -0.387479
v -0.158113 0.209009 -0.419762
v -0.16712 -0.72678 -0.308111
v -0.162215 -0.731788 -0.302493
v -0.147055 -0.736558 -0.301957
v -0.11611 -0.745978 -0.299728
v -0.107727 -0.743235 -0.309538
v -0.132964 -0.740612 -0.301868
v -0.131181 -0.731669 -0.31801
v -0.11611 -0.73632 -0.317385
v -0.101841 -0.747051 -0.303384
v -0.085165 -0.749913 -0.301957
v -0.0541311 -0.753013 -0.301957
v -0.0387033 -0.754444 -0.301957
v -0.0243456 -0.755994 -0.300709
v -0.00766931 -0.755517 -0.302493
v 0.0387033 -0.754325 -0.301957
v 0.0541311 -0.753728 -0.301957
v 0.0696481 -0.752178 -0.301957
v 0.11611 -0.752059 -0.28644
v 0.131627 -0.749436 -0.28644
v 0.150978 -0.742162 -0.291969
v 0.163642 -0.740731 -0.286619
v 0.140634 -0.743593 -0.294823
v 0.146341 -0.738704 -0.300798
v 0.147055 -0.730596 -0.313997
v 0.0999686 -0.673361 -0.394614
v 0.0935478 -0.666088 -0.402818
v 0.0889105 -0.648798 -0.417087
v 0.100593 -0.638066 -0.41994
v 0.0824005 -0.621134 -0.434565
v 0.0865919 -0.613145 -0.437419
v 0.0837382 -0.594663 -0.445624
v 0.100593 -0.596094 -0.440897
v 0.100593 -0.608614 -0.435636
v 0.0842733 -0.643194 -0.421456
v 0.0785659 -0.650706 -0.418335
v 0.085165 -0.699713 -0.374816
v 0.0696481 -0.69387 -0.38418
v 0.130735 -0.731669 -0.318188
v 0.125028 -0.728092 -0.32559
v 0.100593 -0.725588 -0.33745
v 0.11611 -0.71593 -0.345209
v 0.085165 -0.713903 -0.35814
v 0.085165 -0.707464 -0.365898
v 0.0696481 -0.677296 -0.399251
v 0.0696481 -0.68612 -0.391492
v 0.085165 -0.667757 -0.404067
v 0.100593 -0.580712 -0.444197
v 0.100593 -0.565211 -0.444286
v 0.135907 -0.565211 -0.432425
v 0.162572 0.147005 -0.423418
v 0.135907 0.147005 -0.432425
v 0.100593 0.147005 -0.444286
v 0.11611 0.162506 -0.438935
v 0.100593 0.178007 -0.442859
v 0.147055 0.178007 -0.427253
v 0.18005 0.178007 -0.416106
v 0.157667 0.204717 -0.419048
v 0.121639 0.196609 -0.432782
v 0.111383 0.204836 -0.434565
v 0.16275 0.192078 -0.419762
v 0.1302 0.192316 -0.430642
v 0.100593 0.240012 -0.426896
v 0.0696481 0.255513 -0.426807
v 0.0696481 0.268152 -0.420743
v 0.0696481 0.275903 -0.416551
v 0.0802602 0.295458 -0.403442
v 0.0853434 0.28735 -0.407009
v 0.081152 0.234169 -0.434298
v 0.0858785 0.239535 -0.431177
v 0.101306 0.225465 -0.43189
v 0.096669 0.220933 -0.434833
v 0.085165 0.209009 -0.440897
v 0.0858785 0.225465 -0.436082
v 0.101306 0.209606 -0.436527
v 0.0997902 0.302493 -0.391671
v 0.104338 0.308097 -0.385785
v 0.085165 0.319664 -0.382307
v 0.0964015 0.326222 -0.372765
v 0.085165 0.335761 -0.366344
v 0.142685 0.326222 -0.357159
v 0.085165 0.311913 -0.388906
v 0.095153 0.341365 -0.356891
v 0.131627 0.342796 -0.342979
v 0.11611 0.344942 -0.345655
v 0.11611 0.352693 -0.336024
v 0.13778 0.355793 -0.324609
v 0.147055 0.359966 -0.315245
v 0.148036 0.368313 -0.301601
v 0.153832 0.371294 -0.293664
v 0.107995 0.435683 -0.210728
v -0.181299 0.162506 -0.415838
v -0.162572 0.162506 -0.425113
v -0.140366 -0.565211 -0.433852
v -0.140277 -0.580712 -0.433852
v -0.148036 0.147005 -0.431355
v -0.131627 -0.580712 -0.435725
v -0.0630489 -0.589059 -0.44928
v -0.131627 -0.591086 -0.434655
v -0.131627 -0.598837 -0.431533
v -0.131627 -0.611595 -0.426094
v -0.145895 -0.594902 -0.429215
v -0.147144 -0.611834 -0.421456
v -0.170687 0.186831 -0.418246
v -0.179872 0.178007 -0.415125
v -0.168903 0.197086 -0.417354
v -0.115218 -0.641286 -0.413519
v -0.109511 -0.635205 -0.418335
v -0.085165 -0.639497 -0.420743
v -0.0322825 -0.635324 -0.433852
v -0.0634948 -0.650825 -0.418335
v -0.11611 -0.654044 -0.405226
v -0.100593 -0.663941 -0.401213
v -0.11611 -0.671811 -0.391849
v -0.11611 -0.679562 -0.385607
v -0.131627 -0.623638 -0.420386
v -0.0541311 -0.631508 -0.431623
v -0.131627 -0.685524 -0.375708
v -0.11611 -0.688028 -0.377848
v -0.11611 -0.695778 -0.370625
v -0.11611 -0.702813 -0.362866
v -0.11611 -0.710564 -0.354038
v -0.11611 -0.716764 -0.346279
v -0.131181 -0.722607 -0.331921
v -0.136086 -0.72678 -0.323539
v -0.11611 -0.724515 -0.335845
v -0.147055 0.359251 -0.314353
v -0.163196 0.361397 -0.303028
v -0.127435 0.357343 -0.326927
v -0.147055 0.354004 -0.322023
v -0.132162 0.351739 -0.332456
v -0.14652 0.345538 -0.333437
v -0.131627 0.343273 -0.343782
v -0.14099 0.341365 -0.341463
v -0.172024 0.341365 -0.326036
v -0.131627 0.369506 -0.30597
v -0.085165 0.435683 -0.220894
v -0.12155 0.370936 -0.308557
v -0.131627 0.328964 -0.360102
v -0.131627 0.321094 -0.36786
v -0.11611 0.339219 -0.354483
v -0.131627 0.313344 -0.374638
v -0.131627 0.303924 -0.382396
v -0.131627 0.296173 -0.38855
v -0.131627 0.286396 -0.39506
v -0.131627 0.276618 -0.401302
v -0.145717 0.2858 -0.390066
v -0.131627 0.255513 -0.41236
v -0.141436 0.234288 -0.41887
v -0.131627 0.268868 -0.405761
v -0.151692 0.228088 -0.41673
v -0.161412 0.223557 -0.413609
v -0.183172 0.228207 -0.401302
v -0.155437 0.217714 -0.418424
v -0.147055 0.209009 -0.424221
v -0.147055 0.193508 -0.427699
v -0.163285 0.192554 -0.420921
v -0.11611 -0.729761 -0.328087
v -0.100593 -0.731311 -0.330405
v -0.101841 -0.739897 -0.316493
v -0.085165 -0.740135 -0.319793
v -0.0974716 -0.743832 -0.310697
v -0.125741 -0.72833 -0.326125
v -0.085165 -0.744547 -0.312035
v -0.0541311 -0.746216 -0.315245
v -0.0373656 -0.746336 -0.318366
v -0.0313907 -0.743355 -0.325233
v -0.0231863 -0.747886 -0.317385
v -0.00766931 -0.748005 -0.317385
v 0.0541311 -0.746693 -0.316048
v 0.085165 -0.749674 -0.301957
v 0.0696481 -0.745859 -0.314532
v 0.131627 -0.744428 -0.296428
v 0.11611 -0.741685 -0.306862
v 0.131627 -0.740135 -0.304187
v 0.0842733 -0.656787 -0.412449
v 0.0696481 -0.630316 -0.430998
v 0.0696481 -0.622565 -0.435279
v 0.0696481 -0.611595 -0.440273
v 0.0776741 -0.588463 -0.449102
v 0.0696481 -0.651302 -0.418692
v 0.0696481 -0.642597 -0.423864
v 0.0696481 -0.669546 -0.405404
v 0.0696481 -0.659052 -0.413163
v 0.0696481 -0.709014 -0.36786
v 0.0696481 -0.701263 -0.37651
v 0.0541311 -0.701979 -0.377135
v 0.0541311 -0.694466 -0.384893
v 0.11611 -0.735246 -0.317385
v 0.0843624 -0.731669 -0.333705
v 0.0787442 -0.728092 -0.341107
v 0.0843624 -0.722368 -0.347082
v 0.0696481 -0.723322 -0.349935
v 0.0696481 -0.715572 -0.360102
v 0.0541311 -0.677892 -0.399786
v 0.0541311 -0.686716 -0.392027
v 0.0856109 -0.580712 -0.447942
v 0.0857001 -0.565211 -0.447942
v 0.0857001 0.147005 -0.447942
v 0.100593 0.162506 -0.444108
v 0.085165 0.178007 -0.446605
v 0.085165 0.193508 -0.444286
v 0.100593 0.193508 -0.440362
v 0.116377 0.192316 -0.435279
v 0.0838274 0.163579 -0.448121
v 0.0387033 0.255513 -0.428769
v 0.0696481 0.24347 -0.43189
v 0.0154278 0.247762 -0.433585
v 0.0387033 0.269941 -0.421724
v -0.00766931 0.257063 -0.430909
v 0.0541311 0.276857 -0.416997
v 0.0696481 0.286396 -0.410309
v 0.0696481 0.296412 -0.404156
v 0.0696481 0.304043 -0.39827
v 0.0696481 0.31394 -0.390511
v 0.0853434 0.301062 -0.397467
v 0.0696481 0.235719 -0.434922
v 0.0696481 0.224511 -0.438489
v 0.0696481 0.209009 -0.44277
v 0.0696481 0.321691 -0.384001
v 0.085165 0.32801 -0.374549
v 0.0696481 0.33743 -0.368217
v 0.0696481 0.344585 -0.360548
v 0.085165 0.342796 -0.358586
v 0.0857893 0.3515 -0.347617
v 0.0914075 0.355793 -0.340126
v 0.127435 0.356985 -0.326392
v 0.132162 0.361278 -0.318634
v 0.131627 0.369625 -0.306327
v 0.103714 0.435683 -0.213225
v -0.147946 0.162506 -0.431266
v -0.162572 0.178007 -0.423686
v -0.140366 0.147005 -0.433852
v -0.140188 0.162506 -0.433852
v -0.0637623 -0.565211 -0.449458
v -0.0715208 -0.580712 -0.447853
v -0.131627 0.147005 -0.435725
v -0.0541311 -0.580712 -0.451331
v -0.0387033 -0.580712 -0.454363
v -0.0541311 -0.591325 -0.450172
v -0.0424487 -0.602056 -0.44821
v -0.109332 -0.604322 -0.433763
v -0.0837382 -0.611834 -0.435725
v -0.0776741 -0.619465 -0.433585
v -0.0541311 -0.623758 -0.435992
v -0.0379007 -0.627812 -0.436884
v -0.0321041 -0.604441 -0.44928
v -0.0231863 -0.627096 -0.438311
v -0.0231863 -0.635324 -0.433763
v -0.0231863 -0.643074 -0.429215
v -0.0231863 -0.655118 -0.421456
v -0.0387033 -0.654164 -0.420832
v -0.0379007 -0.641286 -0.429126
v -0.0387033 -0.661914 -0.415214
v -0.0805278 -0.666684 -0.403264
v -0.0696481 -0.675865 -0.398092
v -0.106033 -0.680754 -0.386677
v -0.107995 -0.696732 -0.371516
v -0.104873 -0.711637 -0.355464
v -0.100058 -0.717241 -0.349489
v -0.100593 -0.726065 -0.338075
v -0.11611 0.359013 -0.329246
v -0.11611 0.353527 -0.337004
v -0.116288 0.367359 -0.316583
v -0.11611 0.345777 -0.346725
v -0.0696481 0.435683 -0.226334
v -0.111205 0.372248 -0.310875
v -0.11611 0.331468 -0.362777
v -0.11611 0.323956 -0.370536
v -0.1063 0.340292 -0.355732
v -0.11611 0.316206 -0.376956
v -0.11611 0.306547 -0.384626
v -0.11611 0.298916 -0.390511
v -0.117002 0.28568 -0.398983
v -0.122709 0.278288 -0.402372
v -0.100593 0.260044 -0.416641
v -0.117002 0.255036 -0.415571
v -0.122709 0.247166 -0.417889
v -0.131627 0.24502 -0.416908
v -0.131627 0.237269 -0.420029
v -0.131627 0.224511 -0.42431
v -0.131627 0.209009 -0.42868
v -0.146787 0.223557 -0.420119
v -0.117002 0.272326 -0.40692
v -0.0804386 0.264337 -0.418692
v -0.0907832 0.26219 -0.417622
v -0.131181 0.193508 -0.432069
v -0.136086 0.181584 -0.432871
v -0.139831 0.171211 -0.433674
v -0.145806 0.177053 -0.43082
v -0.085165 -0.732385 -0.331921
v -0.085165 -0.727138 -0.33968
v -0.0664376 -0.72845 -0.341553
v -0.0541311 -0.729284 -0.342801
v -0.0696481 -0.741089 -0.321398
v -0.0541311 -0.735723 -0.332902
v -0.0417353 -0.742758 -0.324252
v -0.0373656 -0.738824 -0.331386
v -0.0387033 -0.730358 -0.344317
v -0.0231863 -0.731073 -0.345387
v -0.0231863 -0.738824 -0.333348
v -0.0231863 -0.743474 -0.32559
v -0.00766931 -0.743593 -0.325679
v 0.0081152 -0.746693 -0.318901
v 0.0135551 -0.743235 -0.325055
v 0.0541311 -0.74252 -0.323717
v 0.0696481 -0.741685 -0.32229
v 0.105319 -0.742758 -0.308646
v 0.085165 -0.740254 -0.319704
v 0.00766931 -0.633774 -0.43296
v -0.00865027 -0.628408 -0.436884
v 0.00766931 -0.626023 -0.437152
v -0.0222945 -0.610403 -0.446426
v -0.00766931 -0.611595 -0.444999
v 0.0231863 -0.611595 -0.443127
v -0.00766931 -0.603129 -0.448745
v 0.0231863 -0.600744 -0.447764
v 0.0541311 -0.59824 -0.446783
v 0.0696481 -0.596929 -0.446248
v 0.0778524 -0.580712 -0.449102
v 0.0696481 -0.589178 -0.449369
v -0.0231863 -0.580712 -0.455433
v -0.00766931 -0.580712 -0.454541
v 0.0696481 -0.565211 -0.449726
v 0.0541311 -0.652017 -0.419227
v -0.00865027 -0.641167 -0.429661
v 0.0387033 -0.642597 -0.425826
v 0.0541311 -0.670142 -0.405939
v -0.00766931 -0.662391 -0.415571
v 0.0541311 -0.709729 -0.368752
v 0.0541311 -0.716407 -0.360993
v 0.0387033 -0.702456 -0.37767
v -0.0148927 -0.696851 -0.387123
v 0.0696481 -0.735008 -0.332902
v 0.0696481 -0.728927 -0.342266
v 0.0541311 -0.724157 -0.351095
v 0.0231863 -0.679085 -0.400767
v 0.0231863 -0.687789 -0.393008
v -0.00766931 -0.680277 -0.401659
v 0.0779416 -0.565211 -0.449102
v 0.0779416 0.147005 -0.449102
v 0.0777633 0.159167 -0.449102
v 0.0772282 0.169541 -0.449012
v 0.0696481 0.193508 -0.44598
v -0.00766931 0.249432 -0.434298
v 0.0387033 0.238223 -0.435903
v -0.00766931 0.240012 -0.438043
v -0.00766931 0.270895 -0.424042
v -0.0231863 0.258017 -0.431266
v 0.0168546 0.278884 -0.418157
v 0.0387033 0.286396 -0.412271
v 0.00766931 0.287111 -0.413787
v -0.00766931 0.287827 -0.414233
v -0.00766931 0.299631 -0.406563
v -0.00766931 0.307382 -0.400767
v 0.0387033 0.305474 -0.399251
v 0.0541311 0.304759 -0.398805
v 0.0541311 0.314656 -0.391047
v 0.0541311 0.322406 -0.384715
v 0.0387033 0.224511 -0.440451
v -0.00766931 0.224511 -0.443305
v -0.00766931 0.210321 -0.447318
v 0.000980958 0.201497 -0.449102
v 0.00677753 0.207579 -0.44714
v 0.0387033 0.209009 -0.444732
v 0.0541311 0.330514 -0.376956
v 0.0696481 0.32968 -0.376243
v 0.0541311 0.338265 -0.369109
v 0.0541311 0.345419 -0.36135
v 0.0541311 0.35317 -0.352254
v 0.0696481 0.352335 -0.351095
v 0.0810628 0.356985 -0.341909
v 0.0857893 0.361278 -0.334151
v 0.115396 0.366763 -0.316137
v 0.085165 0.369625 -0.321933
v 0.0747312 0.435683 -0.223748
v 0.0890889 0.435683 -0.218754
v 0.0940828 0.435683 -0.216971
v -0.131627 0.162506 -0.435636
v -0.0387033 -0.565211 -0.454452
v -0.0637623 0.147005 -0.449458
v -0.0378115 -0.596571 -0.451331
v -0.0378115 -0.610403 -0.445534
v -0.0268426 -0.604441 -0.44928
v -0.0222945 -0.597644 -0.451688
v -0.0144468 -0.634966 -0.433585
v -0.00766931 -0.654641 -0.4211
v -0.0231863 -0.662868 -0.415927
v -0.0387033 -0.67193 -0.407455
v -0.0696481 -0.668115 -0.404334
v -0.0387033 -0.679681 -0.401213
v -0.085165 -0.683139 -0.388728
v -0.101841 -0.689339 -0.379632
v -0.085165 -0.690889 -0.381594
v -0.0387033 -0.695897 -0.386231
v -0.09765 -0.697686 -0.372587
v -0.085165 -0.698878 -0.373835
v -0.101306 -0.704721 -0.364025
v -0.085165 -0.706629 -0.365185
v -0.085165 -0.713426 -0.357426
v -0.0696481 -0.714737 -0.359032
v -0.0541311 -0.72368 -0.35056
v -0.0387033 -0.724873 -0.352076
v -0.100593 0.360801 -0.331475
v -0.100593 0.368432 -0.32015
v -0.100593 0.355078 -0.339234
v -0.053596 0.435683 -0.229901
v -0.085165 0.369625 -0.321933
v -0.107638 0.325029 -0.371427
v -0.10095 0.346373 -0.349668
v -0.085165 0.3422 -0.357872
v -0.0541311 0.337907 -0.368752
v -0.085165 0.334926 -0.365631
v -0.0387033 0.316325 -0.392473
v -0.100593 0.308574 -0.386231
v -0.0387033 0.324075 -0.386142
v -0.0387033 0.298916 -0.406118
v -0.0658134 0.295339 -0.403353
v -0.076158 0.293789 -0.402283
v -0.100593 0.289734 -0.399875
v -0.0387033 0.306666 -0.400232
v -0.112454 0.280076 -0.403442
v -0.0541311 0.255513 -0.428055
v -0.0696481 0.255513 -0.424934
v -0.100593 0.252293 -0.420119
v -0.04557 0.247285 -0.433406
v -0.070629 0.239773 -0.431355
v -0.0541311 0.237388 -0.435636
v -0.0661701 0.234407 -0.434387
v -0.0764256 0.231546 -0.433406
v -0.085165 0.228565 -0.432514
v -0.0942612 0.217714 -0.433852
v -0.116467 0.20889 -0.431801
v -0.111562 0.203644 -0.434209
v -0.121906 0.198636 -0.433139
v -0.104606 0.214018 -0.432782
v -0.0696481 0.274114 -0.415481
v -0.0696481 0.266364 -0.419762
v -0.0396842 0.255036 -0.431088
v -0.0539527 0.193747 -0.447675
v -0.11611 0.178007 -0.437508
v -0.131181 0.177053 -0.434565
v -0.0628705 0.171568 -0.449191
v -0.0712533 0.162506 -0.447853
v -0.0686671 0.177173 -0.447229
v -0.00766931 -0.725588 -0.353057
v -0.00766931 -0.731073 -0.345298
v -0.00766931 -0.738824 -0.333437
v -0.0231863 -0.725588 -0.353057
v 0.0541311 -0.736677 -0.332902
v -0.0164979 -0.603725 -0.449012
v -0.00766931 -0.595379 -0.451777
v 0.0387033 -0.591801 -0.45035
v -0.0231863 -0.565211 -0.455522
v 0.0696481 0.147005 -0.449726
v 0.0231863 -0.671334 -0.40692
v -0.00766931 -0.672526 -0.407812
v 0.0387033 -0.710206 -0.369198
v 0.0231863 -0.717122 -0.361974
v 0.00766931 -0.711041 -0.370179
v 0.0387033 -0.724515 -0.35163
v -0.0183707 -0.696851 -0.387123
v -0.0231863 -0.680635 -0.401926
v -0.00766931 -0.711399 -0.370625
v -0.0231863 -0.711518 -0.370803
v 0.0541311 -0.729642 -0.343425
v -0.0231863 -0.672884 -0.408169
v -0.00766931 0.162506 -0.454452
v -0.0231863 0.162506 -0.455344
v -0.0231863 0.178007 -0.454096
v -0.00766931 0.178007 -0.453204
v 0.0668835 0.172403 -0.449369
v 0.0710749 0.177769 -0.448299
v 0.0442323 0.184923 -0.448923
v 0.00677753 0.193985 -0.449904
v -0.0231863 0.240012 -0.438846
v -0.0231863 0.250266 -0.434655
v -0.0231863 0.224511 -0.444197
v -0.0231863 0.270895 -0.424756
v -0.00766931 0.280076 -0.418959
v -0.0352253 0.24967 -0.434387
v -0.0231863 0.288423 -0.41459
v -0.0231863 0.29987 -0.406831
v 0.0387033 0.315252 -0.391582
v -0.0231863 0.30762 -0.401034
v -0.00766931 0.31704 -0.393008
v 0.00766931 0.324195 -0.38632
v 0.0387033 0.323002 -0.38525
v -0.0231863 0.21199 -0.447764
v -0.00766931 0.202571 -0.449369
v -0.00766931 0.193508 -0.450885
v -0.0231863 0.193508 -0.451777
v -0.00766931 0.324791 -0.386766
v 0.0387033 0.330991 -0.377491
v 0.0387033 0.338742 -0.369644
v 0.0231863 0.339219 -0.37009
v -0.00766931 0.340053 -0.371071
v 0.0387033 0.345777 -0.361885
v 0.0387033 0.353527 -0.352789
v 0.0541311 0.359013 -0.344495
v 0.0696481 0.358178 -0.343425
v 0.0687563 0.366644 -0.331475
v 0.0733044 0.370936 -0.323895
v 0.0632272 0.435683 -0.227583
v -0.0387033 0.147005 -0.454452
v -0.0387033 0.162506 -0.454363
v -0.0286262 -0.696732 -0.387033
v -0.0387033 -0.688147 -0.393454
v -0.0696481 -0.684808 -0.390333
v -0.0387033 -0.703052 -0.378472
v -0.0696481 -0.700309 -0.375351
v -0.0696481 -0.70806 -0.366701
v -0.0387033 -0.710802 -0.369822
v -0.0387033 -0.717122 -0.362153
v -0.0854326 0.36104 -0.33424
v -0.0805278 0.356628 -0.341285
v -0.0387033 0.354004 -0.353235
v -0.0541311 0.352693 -0.351719
v -0.0696481 0.351381 -0.350114
v -0.0231863 0.435683 -0.235787
v -0.0696481 0.370698 -0.323539
v -0.0387033 0.331587 -0.378383
v -0.0696481 0.343631 -0.359388
v -0.0387033 0.339338 -0.370268
v -0.0231863 0.325029 -0.387033
v -0.0231863 0.317279 -0.393276
v -0.0352253 0.280076 -0.418959
v -0.0396842 0.28568 -0.41459
v -0.0541311 0.286396 -0.41129
v -0.04557 0.278407 -0.417889
v -0.0396842 0.241323 -0.436973
v -0.0387033 0.224511 -0.443037
v -0.0392383 0.209009 -0.447318
v -0.0344227 0.203763 -0.449726
v -0.0446782 0.198993 -0.448656
v -0.0541311 0.269106 -0.421367
v -0.0396842 0.272326 -0.422437
v -0.0392383 0.193747 -0.450618
v -0.0589467 0.181823 -0.448477
v -0.0539527 0.177173 -0.450172
v -0.0387033 0.178007 -0.453025
v -0.0231863 -0.717837 -0.363045
v -0.00766931 -0.717837 -0.362866
v 0.00766931 -0.72523 -0.352611
v 0.00766931 -0.730715 -0.344852
v -0.0231863 0.147005 -0.455522
v -0.0233646 -0.702456 -0.38088
v -0.0231863 0.280672 -0.419316
v -0.0231863 0.20424 -0.449815
v -0.00766931 0.332303 -0.379097
v 0.00766931 0.331945 -0.378562
v -0.0231863 0.340173 -0.37116
v -0.00766931 0.346969 -0.363312
v -0.00766931 0.35472 -0.354216
v 0.0387033 0.35937 -0.345031
v 0.0541311 0.366763 -0.333527
v 0.0630489 0.371771 -0.325411
v 0.0501181 0.435683 -0.231774
v 0.0579657 0.435683 -0.229277
v -0.0387033 0.359609 -0.345476
v -0.0541311 0.358536 -0.34396
v -0.0231863 0.35472 -0.354216
v -0.0387033 0.346254 -0.362509
v -0.0231863 0.360443 -0.346457
v -0.0541311 0.344942 -0.360993
v -0.00766931 0.435683 -0.236768
v -0.0231863 0.368194 -0.33531
v -0.0387033 0.367359 -0.33424
v -0.0231863 0.346969 -0.36349
v -0.00766931 0.360443 -0.346457
v 0.00766931 0.360086 -0.346012
v -0.00766931 0.368194 -0.335399
v 0.0231863 0.435683 -0.234806
v 0.0320149 0.435683 -0.234182
v 0.0381682 0.435683 -0.233736
v 0.0477994 0.435683 -0.232309
v 0.00927452 0.435683 -0.235698
f 1 2 3
f 1 3 4
f 1 4 5
f 1 5 6
f 1 6 17
f 1 17 7
f 1 7 9
f 1 9 2
f 2 8 3
f 2 9 22
f 2 22 8
f 3 8 10
f 3 10 11
f 3 11 12
f 3 12 13
f 3 13 4
f 4 14 5
f 4 13 14
f 5 14 15
f 5 15 6
f 6 15 16
f 6 16 39
f 6 39 17
f 7 17 18
f 7 18 19
f 7 19 23
f 7 23 9
f 8 20 21
f 8 21 10
f 8 22 49
f 8 49 20
f 9 23 24
f 9 24 22
f 10 25 11
f 10 21 25
f 11 25 26
f 11 26 27
f 11 27 12
f 12 27 28
f 12 28 29
f 12 29 13
f 13 29 30
f 13 30 71
f 13 71 31
f 13 31 14
f 14 32 15
f 14 31 33
f 14 33 34
f 14 34 35
f 14 35 36
f 14 36 37
f 14 37 32
f 15 38 16
f 15 32 38
f 16 38 80
f 16 80 39
f 17 39 40
f 17 40 41
f 17 41 18
f 18 41 19
f 19 41 42
f 19 42 43
f 19 43 44
f 19 44 45
f 19 45 46
f 19 46 23
f 20 47 48
f 20 48 21
f 20 49 97
f 20 97 47
f 21 48 25
f 22 24 50
f 22 50 49
f 23 46 51
f 23 51 52
f 23 52 24
f 24 52 50
f 25 48 53
f 25 53 54
f 25 54 55
f 25 55 56
f 25 56 57
f 25 57 58
f 25 58 26
f 26 58 59
f 26 59 60
f 26 60 27
f 27 60 28
f 28 59 61
f 28 61 29
f 28 60 59
f 29 62 30
f 29 61 63
f 29 63 64
f 29 64 65
f 29 65 66
f 29 66 67
f 29 67 68
f 29 68 62
f 30 62 69
f 30 69 70
f 30 70 71
f 31 71 72
f 31 72 33
f 32 37 73
f 32 73 38
f 33 72 34
f 34 72 35
f 35 72 74
f 35 74 70
f 35 70 75
f 35 75 36
f 36 75 76
f 36 76 77
f 36 77 78
f 36 78 37
f 37 78 73
f 38 73 79
f 38 79 135
f 38 135 80
f 39 80 81
f 39 81 40
f 40 81 41
f 41 81 82
f 41 82 83
f 41 83 84
f 41 84 85
f 41 85 86
f 41 86 87
f 41 87 88
f 41 88 42
f 42 88 89
f 42 89 43
f 43 89 90
f 43 90 91
f 43 91 44
f 44 91 92
f 44 92 45
f 45 92 93
f 45 93 94
f 45 94 46
f 46 94 95
f 46 95 51
f 47 96 48
f 47 97 155
f 47 155 96
f 48 96 53
f 49 50 52
f 49 52 98
f 49 98 99
f 49 99 97
f 51 100 52
f 51 95 100
f 52 100 98
f 53 96 101
f 53 101 102
f 53 102 54
f 54 102 55
f 55 103 56
f 55 102 104
f 55 104 105
f 55 105 106
f 55 106 107
f 55 107 103
f 56 103 57
f 57 103 58
f 58 103 59
f 59 103 108
f 59 108 61
f 61 108 63
f 62 68 119
f 62 119 69
f 63 108 107
f 63 107 64
f 64 107 109
f 64 109 110
f 64 110 65
f 65 110 66
f 66 110 111
f 66 111 112
f 66 112 113
f 66 113 114
f 66 114 115
f 66 115 116
f 66 116 67
f 67 117 68
f 67 116 118
f 67 118 117
f 68 117 119
f 69 119 120
f 69 120 70
f 70 120 75
f 70 74 71
f 71 74 72
f 73 121 122
f 73 122 79
f 73 78 123
f 73 123 121
f 75 120 124
f 75 124 119
f 75 119 125
f 75 125 76
f 76 125 126
f 76 126 127
f 76 127 128
f 76 128 129
f 76 129 130
f 76 130 77
f 77 130 131
f 77 131 132
f 77 132 133
f 77 133 78
f 78 133 134
f 78 134 123
f 79 122 197
f 79 197 135
f 80 135 81
f 81 135 82
f 82 136 137
f 82 137 83
f 82 135 136
f 83 138 139
f 83 139 140
f 83 140 141
f 83 141 84
f 83 137 138
f 84 141 85
f 85 141 86
f 86 142 143
f 86 143 87
f 86 141 144
f 86 144 142
f 87 143 145
f 87 145 91
f 87 91 90
f 87 90 89
f 87 89 88
f 91 145 146
f 91 146 92
f 92 146 93
f 93 146 94
f 94 146 147
f 94 147 148
f 94 148 149
f 94 149 150
f 94 150 151
f 94 151 95
f 95 151 152
f 95 152 153
f 95 153 100
f 96 154 101
f 96 155 161
f 96 161 154
f 97 99 155
f 98 100 153
f 98 153 156
f 98 156 157
f 98 157 158
f 98 158 159
f 98 159 160
f 98 160 161
f 98 161 162
f 98 162 99
f 99 162 155
f 101 154 163
f 101 163 164
f 101 164 165
f 101 165 102
f 102 166 104
f 102 165 166
f 103 107 108
f 104 166 167
f 104 167 105
f 105 167 168
f 105 168 169
f 105 169 170
f 105 170 171
f 105 171 106
f 106 171 172
f 106 172 173
f 106 173 107
f 107 173 174
f 107 174 110
f 107 110 109
f 110 174 175
f 110 175 111
f 111 176 112
f 111 175 174
f 111 174 176
f 112 176 113
f 113 176 177
f 113 177 178
f 113 178 114
f 114 178 115
f 115 179 180
f 115 180 181
f 115 181 182
f 115 182 183
f 115 183 184
f 115 184 185
f 115 185 116
f 115 178 179
f 116 185 186
f 116 186 118
f 117 187 119
f 117 118 188
f 117 188 187
f 118 189 190
f 118 190 188
f 118 186 189
f 119 187 125
f 119 124 120
f 121 191 192
f 121 192 193
f 121 193 194
f 121 194 122
f 121 123 195
f 121 195 196
f 121 196 191
f 122 194 301
f 122 301 197
f 123 134 195
f 125 187 188
f 125 188 126
f 126 188 198
f 126 198 199
f 126 199 200
f 126 200 201
f 126 201 128
f 126 128 127
f 128 201 200
f 128 200 202
f 128 202 203
f 128 203 204
f 128 204 205
f 128 205 206
f 128 206 207
f 128 207 208
f 128 208 129
f 129 208 207
f 129 207 209
f 129 209 130
f 130 209 131
f 131 210 211
f 131 211 132
f 131 209 210
f 132 211 212
f 132 212 133
f 133 212 134
f 134 212 211
f 134 211 213
f 134 213 195
f 135 197 214
f 135 214 136
f 136 214 215
f 136 215 137
f 137 215 138
f 138 215 216
f 138 216 217
f 138 217 218
f 138 218 139
f 139 218 141
f 139 141 140
f 141 218 219
f 141 219 220
f 141 220 221
f 141 221 222
f 141 222 223
f 141 223 224
f 141 224 144
f 142 225 143
f 142 144 226
f 142 226 225
f 143 225 227
f 143 227 228
f 143 228 146
f 143 146 229
f 143 229 145
f 144 230 226
f 144 224 223
f 144 223 231
f 144 231 232
f 144 232 233
f 144 233 234
f 144 234 230
f 145 229 146
f 146 228 227
f 146 227 147
f 147 227 235
f 147 235 236
f 147 236 148
f 148 237 238
f 148 238 239
f 148 239 149
f 148 236 240
f 148 240 241
f 148 241 242
f 148 242 243
f 148 243 244
f 148 244 245
f 148 245 246
f 148 246 247
f 148 247 237
f 149 239 150
f 150 248 151
f 150 239 248
f 151 248 156
f 151 156 152
f 152 156 153
f 154 161 259
f 154 259 163
f 155 162 161
f 156 248 249
f 156 249 157
f 157 249 250
f 157 250 251
f 157 251 252
f 157 252 253
f 157 253 254
f 157 254 158
f 158 254 255
f 158 255 159
f 159 256 160
f 159 255 256
f 160 256 257
f 160 257 161
f 161 257 258
f 161 258 259
f 163 260 261
f 163 261 262
f 163 262 164
f 163 259 364
f 163 364 260
f 164 262 263
f 164 263 165
f 165 263 166
f 166 264 168
f 166 168 167
f 166 263 264
f 168 264 265
f 168 265 266
f 168 266 169
f 169 266 267
f 169 267 268
f 169 268 269
f 169 269 170
f 170 270 171
f 170 269 271
f 170 271 270
f 171 270 272
f 171 272 172
f 172 272 173
f 173 273 274
f 173 274 275
f 173 275 276
f 173 276 176
f 173 176 174
f 173 272 273
f 176 276 277
f 176 277 177
f 177 277 178
f 178 277 278
f 178 278 279
f 178 279 179
f 179 279 280
f 179 280 281
f 179 281 282
f 179 282 180
f 180 282 283
f 180 283 284
f 180 284 181
f 181 284 285
f 181 285 182
f 182 286 183
f 182 285 287
f 182 287 288
f 182 288 289
f 182 289 290
f 182 290 291
f 182 291 286
f 183 286 292
f 183 292 293
f 183 293 184
f 184 294 186
f 184 186 185
f 184 293 294
f 186 294 295
f 186 295 189
f 188 190 198
f 189 198 190
f 189 295 199
f 189 199 198
f 191 296 192
f 191 196 297
f 191 297 296
f 192 296 298
f 192 298 409
f 192 409 299
f 192 299 300
f 192 300 193
f 193 300 301
f 193 301 194
f 195 213 196
f 196 213 302
f 196 302 303
f 196 303 297
f 197 301 214
f 199 295 304
f 199 304 305
f 199 305 200
f 200 305 202
f 202 305 306
f 202 306 307
f 202 307 308
f 202 308 309
f 202 309 310
f 202 310 311
f 202 311 312
f 202 312 203
f 203 312 313
f 203 313 314
f 203 314 315
f 203 315 204
f 204 315 205
f 205 316 206
f 205 315 314
f 205 314 316
f 206 317 318
f 206 318 207
f 206 316 317
f 207 318 209
f 209 318 319
f 209 319 210
f 210 319 211
f 211 302 213
f 211 319 302
f 214 301 215
f 215 320 216
f 215 301 300
f 215 300 299
f 215 299 320
f 216 320 321
f 216 321 217
f 217 321 218
f 218 321 219
f 219 321 220
f 220 322 323
f 220 323 324
f 220 324 221
f 220 321 322
f 221 324 222
f 222 324 325
f 222 325 223
f 223 325 326
f 223 326 327
f 223 327 328
f 223 328 232
f 223 232 231
f 225 235 227
f 225 226 329
f 225 329 330
f 225 330 235
f 226 230 329
f 230 331 330
f 230 330 329
f 230 234 331
f 232 328 332
f 232 332 333
f 232 333 233
f 233 333 450
f 233 450 334
f 233 334 335
f 233 335 234
f 234 335 331
f 235 330 240
f 235 240 236
f 237 250 238
f 237 247 246
f 237 246 336
f 237 336 337
f 237 337 250
f 238 250 249
f 238 249 239
f 239 249 248
f 240 330 338
f 240 338 241
f 241 338 335
f 241 335 339
f 241 339 242
f 242 339 340
f 242 340 244
f 242 244 243
f 244 341 245
f 244 340 342
f 244 342 343
f 244 343 344
f 244 344 345
f 244 345 341
f 245 341 251
f 245 251 246
f 246 251 337
f 246 337 336
f 250 337 251
f 251 341 344
f 251 344 346
f 251 346 347
f 251 347 348
f 251 348 349
f 251 349 466
f 251 466 350
f 251 350 351
f 251 351 352
f 251 352 252
f 252 352 353
f 252 353 253
f 253 354 355
f 253 355 255
f 253 255 254
f 253 353 356
f 253 356 354
f 255 355 354
f 255 354 256
f 256 357 358
f 256 358 257
f 256 354 359
f 256 359 360
f 256 360 357
f 257 361 258
f 257 358 361
f 258 361 362
f 258 362 363
f 258 363 364
f 258 364 259
f 260 365 261
f 260 364 363
f 260 363 365
f 261 365 366
f 261 366 367
f 261 367 368
f 261 368 265
f 261 265 263
f 261 263 262
f 263 265 264
f 265 368 369
f 265 369 266
f 266 369 267
f 267 369 370
f 267 370 371
f 267 371 268
f 268 371 372
f 268 372 373
f 268 373 269
f 269 373 374
f 269 374 271
f 270 271 375
f 270 375 376
f 270 376 272
f 271 374 376
f 271 376 375
f 272 376 377
f 272 377 273
f 273 377 378
f 273 378 379
f 273 379 274
f 274 379 380
f 274 380 381
f 274 381 382
f 274 382 383
f 274 383 384
f 274 384 385
f 274 385 386
f 274 386 387
f 274 387 275
f 275 387 280
f 275 280 388
f 275 388 277
f 275 277 276
f 277 388 278
f 278 388 279
f 279 388 280
f 280 387 281
f 281 387 282
f 282 387 389
f 282 389 283
f 283 389 390
f 283 390 284
f 284 390 285
f 285 390 287
f 286 291 401
f 286 401 292
f 287 390 389
f 287 389 391
f 287 391 392
f 287 392 393
f 287 393 288
f 288 393 394
f 288 394 395
f 288 395 289
f 289 395 290
f 290 396 291
f 290 395 397
f 290 397 398
f 290 398 399
f 290 399 396
f 291 396 400
f 291 400 401
f 292 402 293
f 292 401 403
f 292 403 402
f 293 402 404
f 293 404 405
f 293 405 294
f 294 405 304
f 294 304 295
f 296 406 407
f 296 407 298
f 296 297 408
f 296 408 406
f 297 303 408
f 298 407 527
f 298 527 409
f 299 409 410
f 299 410 320
f 302 319 411
f 302 411 412
f 302 412 303
f 303 413 408
f 303 412 413
f 304 405 414
f 304 414 305
f 305 414 306
f 306 414 415
f 306 415 416
f 306 416 307
f 307 417 308
f 307 416 418
f 307 418 419
f 307 419 420
f 307 420 417
f 308 417 421
f 308 421 309
f 309 421 422
f 309 422 423
f 309 423 310
f 310 424 311
f 310 423 424
f 311 425 426
f 311 426 312
f 311 424 425
f 312 426 313
f 313 426 427
f 313 427 314
f 314 428 316
f 314 427 428
f 316 428 317
f 317 428 425
f 317 425 429
f 317 429 430
f 317 430 431
f 317 431 432
f 317 432 318
f 318 432 319
f 319 432 431
f 319 431 411
f 320 410 433
f 320 433 434
f 320 434 321
f 321 434 433
f 321 433 435
f 321 435 436
f 321 436 437
f 321 437 438
f 321 438 439
f 321 439 440
f 321 440 323
f 321 323 322
f 323 440 439
f 323 439 324
f 324 439 441
f 324 441 325
f 325 441 326
f 326 441 442
f 326 442 443
f 326 443 327
f 327 443 444
f 327 444 328
f 328 444 445
f 328 445 446
f 328 446 447
f 328 447 332
f 330 331 338
f 331 335 338
f 332 447 446
f 332 446 448
f 332 448 449
f 332 449 333
f 333 449 451
f 333 451 576
f 333 576 450
f 334 450 575
f 334 575 452
f 334 452 335
f 335 452 453
f 335 453 339
f 339 453 454
f 339 454 455
f 339 455 340
f 340 455 456
f 340 456 342
f 341 345 344
f 342 456 457
f 342 457 458
f 342 458 459
f 342 459 343
f 343 459 344
f 344 459 346
f 346 459 347
f 347 459 458
f 347 458 460
f 347 460 348
f 348 460 461
f 348 461 462
f 348 462 463
f 348 463 464
f 348 464 465
f 348 465 466
f 348 466 349
f 350 467 468
f 350 468 351
f 350 466 467
f 351 468 469
f 351 469 470
f 351 470 352
f 352 470 471
f 352 471 353
f 353 471 356
f 354 472 359
f 354 356 473
f 354 473 472
f 356 471 470
f 356 470 473
f 357 474 361
f 357 361 358
f 357 360 475
f 357 475 474
f 359 472 475
f 359 475 360
f 361 474 476
f 361 476 477
f 361 477 362
f 362 477 478
f 362 478 479
f 362 479 363
f 363 479 366
f 363 366 365
f 366 480 481
f 366 481 367
f 366 479 608
f 366 608 480
f 367 481 482
f 367 482 368
f 368 482 369
f 369 482 483
f 369 483 370
f 370 483 484
f 370 484 485
f 370 485 486
f 370 486 487
f 370 487 371
f 371 487 488
f 371 488 372
f 372 488 489
f 372 489 490
f 372 490 373
f 373 490 491
f 373 491 492
f 373 492 374
f 374 492 493
f 374 493 494
f 374 494 376
f 376 494 377
f 377 494 495
f 377 495 378
f 378 496 497
f 378 497 498
f 378 498 381
f 378 381 499
f 378 499 380
f 378 380 379
f 378 495 494
f 378 494 493
f 378 493 496
f 380 499 381
f 381 500 382
f 381 498 497
f 381 497 500
f 382 500 501
f 382 501 383
f 383 501 502
f 383 502 503
f 383 503 504
f 383 504 384
f 384 504 505
f 384 505 506
f 384 506 385
f 385 507 508
f 385 508 509
f 385 509 510
f 385 510 511
f 385 511 512
f 385 512 513
f 385 513 514
f 385 514 386
f 385 506 505
f 385 505 515
f 385 515 507
f 386 391 387
f 386 514 391
f 387 391 389
f 391 514 392
f 392 514 397
f 392 397 393
f 393 397 394
f 394 397 395
f 396 399 519
f 396 519 400
f 397 514 513
f 397 513 516
f 397 516 517
f 397 517 398
f 398 517 518
f 398 518 520
f 398 520 399
f 399 520 648
f 399 648 519
f 400 521 401
f 400 519 521
f 401 521 403
f 402 403 522
f 402 522 523
f 402 523 404
f 403 521 522
f 404 414 405
f 404 523 414
f 406 524 526
f 406 526 407
f 406 408 525
f 406 525 524
f 407 526 655
f 407 655 527
f 408 528 525
f 408 413 529
f 408 529 528
f 409 527 530
f 409 530 410
f 410 530 433
f 411 431 531
f 411 531 412
f 412 531 532
f 412 532 533
f 412 533 534
f 412 534 535
f 412 535 536
f 412 536 529
f 412 529 413
f 414 523 415
f 415 418 416
f 415 523 521
f 415 521 537
f 415 537 538
f 415 538 539
f 415 539 540
f 415 540 541
f 415 541 542
f 415 542 418
f 417 420 422
f 417 422 421
f 418 542 543
f 418 543 544
f 418 544 419
f 419 544 422
f 419 422 420
f 422 544 545
f 422 545 423
f 423 546 425
f 423 425 424
f 423 545 547
f 423 547 546
f 425 546 548
f 425 548 549
f 425 549 550
f 425 550 551
f 425 551 552
f 425 552 553
f 425 553 554
f 425 554 555
f 425 555 429
f 425 428 427
f 425 427 426
f 429 554 556
f 429 556 430
f 429 555 554
f 430 531 431
f 430 556 531
f 433 557 558
f 433 558 559
f 433 559 435
f 433 530 560
f 433 560 561
f 433 561 557
f 435 559 436
f 436 559 562
f 436 562 437
f 437 563 438
f 437 562 563
f 438 442 441
f 438 441 439
f 438 563 564
f 438 564 565
f 438 565 566
f 438 566 442
f 442 566 443
f 443 566 567
f 443 567 568
f 443 568 444
f 444 568 445
f 445 568 446
f 446 569 570
f 446 570 448
f 446 568 569
f 448 570 571
f 448 571 572
f 448 572 573
f 448 573 449
f 449 573 574
f 449 574 451
f 450 576 575
f 451 574 577
f 451 577 576
f 452 575 578
f 452 578 453
f 453 578 454
f 454 578 579
f 454 579 580
f 454 580 455
f 455 580 457
f 455 457 456
f 457 580 581
f 457 581 458
f 458 581 582
f 458 582 460
f 460 582 583
f 460 583 461
f 461 583 584
f 461 584 585
f 461 585 586
f 461 586 587
f 461 587 588
f 461 588 462
f 462 588 589
f 462 589 463
f 463 589 464
f 464 589 466
f 464 466 465
f 466 590 467
f 466 589 591
f 466 591 590
f 467 590 591
f 467 591 592
f 467 592 593
f 467 593 594
f 467 594 595
f 467 595 596
f 467 596 597
f 467 597 598
f 467 598 473
f 467 473 599
f 467 599 469
f 467 469 468
f 469 599 470
f 470 599 473
f 472 597 475
f 472 473 597
f 473 598 597
f 474 475 600
f 474 600 476
f 475 597 600
f 476 600 477
f 477 600 601
f 477 601 602
f 477 602 603
f 477 603 604
f 477 604 605
f 477 605 606
f 477 606 607
f 477 607 608
f 477 608 478
f 478 608 479
f 480 609 481
f 480 608 762
f 480 762 609
f 481 609 610
f 481 610 482
f 482 610 611
f 482 611 612
f 482 612 613
f 482 613 614
f 482 614 615
f 482 615 616
f 482 616 483
f 483 616 484
f 484 616 617
f 484 617 485
f 485 617 486
f 486 617 618
f 486 618 619
f 486 619 620
f 486 620 487
f 487 620 488
f 488 620 621
f 488 621 489
f 489 622 490
f 489 621 622
f 490 622 623
f 490 623 491
f 491 624 625
f 491 625 626
f 491 626 627
f 491 627 492
f 491 623 624
f 492 627 628
f 492 628 493
f 493 628 497
f 493 497 496
f 497 628 500
f 500 628 501
f 501 628 502
f 502 629 633
f 502 633 503
f 502 628 630
f 502 630 631
f 502 631 632
f 502 632 629
f 503 633 505
f 503 505 504
f 505 633 634
f 505 634 515
f 507 515 634
f 507 634 632
f 507 632 635
f 507 635 508
f 508 635 636
f 508 636 637
f 508 637 638
f 508 638 509
f 509 638 510
f 510 638 639
f 510 639 640
f 510 640 641
f 510 641 511
f 511 642 512
f 511 641 643
f 511 643 642
f 512 642 516
f 512 516 513
f 516 642 517
f 517 642 518
f 518 642 644
f 518 644 645
f 518 645 520
f 519 646 647
f 519 647 521
f 519 648 649
f 519 649 646
f 520 645 803
f 520 803 648
f 521 523 522
f 521 647 650
f 521 650 537
f 524 651 526
f 524 525 651
f 525 528 652
f 525 652 653
f 525 653 651
f 526 651 654
f 526 654 814
f 526 814 655
f 527 655 656
f 527 656 657
f 527 657 530
f 528 529 652
f 529 658 652
f 529 536 658
f 530 657 561
f 530 561 560
f 531 556 532
f 532 659 533
f 532 556 660
f 532 660 659
f 533 659 534
f 534 659 535
f 535 659 661
f 535 661 536
f 536 662 658
f 536 661 662
f 537 650 663
f 537 663 538
f 538 663 664
f 538 664 665
f 538 665 539
f 539 666 540
f 539 665 667
f 539 667 668
f 539 668 666
f 540 666 541
f 541 666 542
f 542 669 543
f 542 666 670
f 542 670 669
f 543 547 544
f 543 669 547
f 544 547 545
f 546 547 548
f 547 549 548
f 547 669 671
f 547 671 672
f 547 672 673
f 547 673 549
f 549 673 674
f 549 674 675
f 549 675 676
f 549 676 677
f 549 677 550
f 550 678 552
f 550 552 551
f 550 677 679
f 550 679 678
f 552 680 681
f 552 681 682
f 552 682 553
f 552 678 683
f 552 683 684
f 552 684 680
f 553 682 685
f 553 685 554
f 554 686 687
f 554 687 688
f 554 688 689
f 554 689 690
f 554 690 691
f 554 691 556
f 554 685 692
f 554 692 861
f 554 861 686
f 556 691 690
f 556 690 660
f 557 561 693
f 557 693 694
f 557 694 695
f 557 695 696
f 557 696 558
f 558 696 697
f 558 697 559
f 559 697 698
f 559 698 562
f 561 657 699
f 561 699 693
f 562 698 700
f 562 700 701
f 562 701 702
f 562 702 703
f 562 703 704
f 562 704 705
f 562 705 563
f 563 705 564
f 564 705 565
f 565 706 707
f 565 707 708
f 565 708 709
f 565 709 710
f 565 710 711
f 565 711 567
f 565 567 566
f 565 705 706
f 567 711 569
f 567 569 568
f 569 711 571
f 569 571 570
f 571 712 572
f 571 711 710
f 571 710 712
f 572 712 713
f 572 713 714
f 572 714 715
f 572 715 573
f 573 715 716
f 573 716 574
f 574 716 717
f 574 717 718
f 574 718 577
f 575 576 578
f 576 719 578
f 576 577 720
f 576 720 719
f 577 718 720
f 578 719 720
f 578 720 579
f 579 720 721
f 579 721 722
f 579 722 580
f 580 722 723
f 580 723 724
f 580 724 725
f 580 725 581
f 581 725 726
f 581 726 727
f 581 727 582
f 582 727 728
f 582 728 583
f 583 728 584
f 584 728 729
f 584 729 585
f 585 730 731
f 585 731 586
f 585 729 732
f 585 732 733
f 585 733 730
f 586 731 587
f 587 731 588
f 588 731 734
f 588 734 589
f 589 734 735
f 589 735 736
f 589 736 592
f 589 592 591
f 592 737 738
f 592 738 739
f 592 739 594
f 592 594 593
f 592 736 740
f 592 740 741
f 592 741 742
f 592 742 737
f 594 743 744
f 594 744 745
f 594 745 746
f 594 746 596
f 594 596 595
f 594 739 747
f 594 747 743
f 596 748 749
f 596 749 750
f 596 750 751
f 596 751 752
f 596 752 597
f 596 746 748
f 597 752 751
f 597 751 753
f 597 753 600
f 600 753 601
f 601 753 751
f 601 751 602
f 602 751 754
f 602 754 755
f 602 755 756
f 602 756 757
f 602 757 603
f 603 757 604
f 604 757 756
f 604 756 758
f 604 758 605
f 605 758 759
f 605 759 760
f 605 760 764
f 605 764 761
f 605 761 763
f 605 763 606
f 606 762 607
f 606 763 609
f 606 609 762
f 607 762 608
f 609 763 611
f 609 611 610
f 611 763 612
f 612 763 761
f 612 761 764
f 612 764 765
f 612 765 613
f 613 766 618
f 613 618 614
f 613 765 766
f 614 767 616
f 614 616 615
f 614 618 617
f 614 617 767
f 616 767 617
f 618 766 768
f 618 768 619
f 619 768 769
f 619 769 770
f 619 770 771
f 619 771 772
f 619 772 773
f 619 773 620
f 620 773 621
f 621 773 771
f 621 771 774
f 621 774 622
f 622 774 775
f 622 775 776
f 622 776 777
f 622 777 623
f 623 777 624
f 624 778 625
f 624 777 779
f 624 779 780
f 624 780 778
f 625 778 781
f 625 781 626
f 626 781 782
f 626 782 783
f 626 783 628
f 626 628 627
f 628 783 630
f 629 632 634
f 629 634 633
f 630 637 784
f 630 784 632
f 630 632 631
f 630 783 785
f 630 785 786
f 630 786 787
f 630 787 788
f 630 788 789
f 630 789 790
f 630 790 791
f 630 791 792
f 630 792 637
f 632 784 635
f 635 784 636
f 636 784 637
f 637 793 639
f 637 639 638
f 637 792 794
f 637 794 795
f 637 795 793
f 639 793 795
f 639 795 640
f 640 795 796
f 640 796 641
f 641 796 797
f 641 797 798
f 641 798 643
f 642 643 799
f 642 799 644
f 643 798 800
f 643 800 799
f 644 799 801
f 644 801 645
f 645 802 803
f 645 801 804
f 645 804 805
f 645 805 806
f 645 806 802
f 646 663 647
f 646 649 807
f 646 807 664
f 646 664 663
f 647 663 650
f 648 803 649
f 649 803 808
f 649 808 807
f 651 809 990
f 651 990 810
f 651 810 654
f 651 653 811
f 651 811 812
f 651 812 809
f 652 811 653
f 652 658 813
f 652 813 811
f 654 810 817
f 654 817 814
f 655 814 815
f 655 815 656
f 656 815 657
f 657 816 699
f 657 815 817
f 657 817 818
f 657 818 816
f 658 662 813
f 659 660 819
f 659 819 820
f 659 820 661
f 660 690 862
f 660 862 821
f 660 821 822
f 660 822 820
f 660 820 819
f 661 820 822
f 661 822 823
f 661 823 662
f 662 823 824
f 662 824 825
f 662 825 826
f 662 826 827
f 662 827 828
f 662 828 829
f 662 829 813
f 664 807 808
f 664 808 665
f 665 808 830
f 665 830 831
f 665 831 667
f 666 832 833
f 666 833 670
f 666 668 832
f 667 831 834
f 667 834 668
f 668 834 835
f 668 835 836
f 668 836 837
f 668 837 672
f 668 672 832
f 669 670 833
f 669 833 671
f 671 833 672
f 672 833 832
f 672 837 838
f 672 838 673
f 673 838 839
f 673 839 840
f 673 840 674
f 674 841 842
f 674 842 843
f 674 843 676
f 674 676 675
f 674 840 844
f 674 844 841
f 676 845 846
f 676 846 847
f 676 847 679
f 676 679 677
f 676 843 848
f 676 848 845
f 678 679 849
f 678 849 857
f 678 857 850
f 678 850 683
f 679 847 849
f 680 851 852
f 680 852 853
f 680 853 854
f 680 854 687
f 680 687 855
f 680 855 856
f 680 856 681
f 680 684 857
f 680 857 858
f 680 858 859
f 680 859 860
f 680 860 851
f 681 856 682
f 682 856 685
f 683 850 857
f 683 857 684
f 685 856 861
f 685 861 692
f 686 861 687
f 687 862 689
f 687 689 688
f 687 861 855
f 687 854 862
f 689 862 690
f 693 699 694
f 694 863 864
f 694 864 865
f 694 865 866
f 694 866 867
f 694 867 695
f 694 699 816
f 694 816 868
f 694 868 863
f 695 867 696
f 696 867 698
f 696 698 697
f 698 867 700
f 700 867 869
f 700 869 870
f 700 870 701
f 701 870 871
f 701 871 702
f 702 871 703
f 703 871 870
f 703 870 869
f 703 869 872
f 703 872 873
f 703 873 705
f 703 705 704
f 705 873 706
f 706 874 875
f 706 875 707
f 706 873 874
f 707 875 876
f 707 876 877
f 707 877 708
f 708 877 878
f 708 878 879
f 708 879 880
f 708 880 709
f 709 880 881
f 709 881 882
f 709 882 883
f 709 883 884
f 709 884 710
f 710 884 885
f 710 885 712
f 712 885 886
f 712 886 713
f 713 886 714
f 714 887 715
f 714 886 888
f 714 888 887
f 715 887 716
f 716 887 1056
f 716 1056 889
f 716 889 890
f 716 890 717
f 717 890 891
f 717 891 718
f 718 891 892
f 718 892 720
f 720 892 893
f 720 893 894
f 720 894 895
f 720 895 896
f 720 896 721
f 721 896 897
f 721 897 722
f 722 898 723
f 722 897 896
f 722 896 899
f 722 899 900
f 722 900 898
f 723 898 901
f 723 901 724
f 724 901 725
f 725 901 726
f 726 901 727
f 727 901 898
f 727 898 902
f 727 902 903
f 727 903 904
f 727 904 905
f 727 905 906
f 727 906 728
f 728 906 729
f 729 906 907
f 729 907 732
f 730 735 734
f 730 734 731
f 730 733 908
f 730 908 909
f 730 909 735
f 732 908 733
f 732 907 910
f 732 910 911
f 732 911 912
f 732 912 908
f 735 909 913
f 735 913 914
f 735 914 915
f 735 915 741
f 735 741 740
f 735 740 736
f 737 916 738
f 737 742 916
f 738 916 917
f 738 917 918
f 738 918 919
f 738 919 920
f 738 920 747
f 738 747 739
f 741 915 921
f 741 921 922
f 741 922 923
f 741 923 924
f 741 924 925
f 741 925 742
f 742 925 916
f 743 746 744
f 743 747 926
f 743 926 927
f 743 927 748
f 743 748 746
f 744 746 745
f 747 920 926
f 748 928 929
f 748 929 749
f 748 927 928
f 749 930 755
f 749 755 751
f 749 751 750
f 749 929 931
f 749 931 930
f 751 755 754
f 755 930 932
f 755 932 756
f 756 932 758
f 758 933 934
f 758 934 759
f 758 932 933
f 759 934 935
f 759 935 760
f 760 935 936
f 760 936 764
f 764 936 937
f 764 937 765
f 765 937 938
f 765 938 766
f 766 938 939
f 766 939 768
f 768 939 769
f 769 940 941
f 769 941 942
f 769 942 943
f 769 943 944
f 769 944 770
f 769 939 945
f 769 945 946
f 769 946 940
f 770 944 771
f 771 944 775
f 771 775 774
f 771 773 772
f 775 944 947
f 775 947 776
f 776 947 953
f 776 953 948
f 776 948 779
f 776 779 777
f 778 949 950
f 778 950 951
f 778 951 781
f 778 780 952
f 778 952 949
f 779 948 953
f 779 953 780
f 780 953 952
f 781 951 782
f 782 954 785
f 782 785 783
f 782 951 950
f 782 950 954
f 785 954 955
f 785 955 786
f 786 955 956
f 786 956 788
f 786 788 787
f 788 956 957
f 788 957 958
f 788 958 959
f 788 959 789
f 789 959 960
f 789 960 790
f 790 960 961
f 790 961 791
f 791 961 962
f 791 962 963
f 791 963 964
f 791 964 965
f 791 965 792
f 792 966 795
f 792 795 794
f 792 965 964
f 792 964 967
f 792 967 968
f 792 968 969
f 792 969 966
f 795 966 797
f 795 797 796
f 797 966 970
f 797 970 971
f 797 971 798
f 798 971 972
f 798 972 800
f 799 800 973
f 799 973 974
f 799 974 975
f 799 975 801
f 800 972 973
f 801 975 804
f 802 976 803
f 802 806 976
f 803 976 977
f 803 977 808
f 804 975 978
f 804 978 979
f 804 979 980
f 804 980 981
f 804 981 805
f 805 981 982
f 805 982 983
f 805 983 806
f 806 984 985
f 806 985 986
f 806 986 976
f 806 983 984
f 808 977 1144
f 808 1144 987
f 808 987 830
f 809 988 989
f 809 989 990
f 809 812 988
f 810 990 818
f 810 818 817
f 811 813 829
f 811 829 812
f 812 829 991
f 812 991 988
f 814 817 815
f 816 818 992
f 816 992 993
f 816 993 868
f 818 994 992
f 818 990 989
f 818 989 994
f 821 862 822
f 822 824 823
f 822 862 824
f 824 862 995
f 824 995 996
f 824 996 825
f 825 997 998
f 825 998 826
f 825 996 997
f 826 998 827
f 827 999 1000
f 827 1000 828
f 827 998 1001
f 827 1001 1002
f 827 1002 1003
f 827 1003 999
f 828 1000 991
f 828 991 829
f 830 987 1004
f 830 1004 831
f 831 1004 835
f 831 835 834
f 835 1004 1005
f 835 1005 1006
f 835 1006 1007
f 835 1007 1008
f 835 1008 836
f 836 1008 837
f 837 1008 1009
f 837 1009 838
f 838 1009 839
f 839 844 840
f 839 1009 1010
f 839 1010 1011
f 839 1011 1012
f 839 1012 844
f 841 1013 842
f 841 844 1013
f 842 1013 1014
f 842 1014 1015
f 842 1015 848
f 842 848 843
f 844 1012 1016
f 844 1016 1017
f 844 1017 1018
f 844 1018 1013
f 845 1019 1020
f 845 1020 857
f 845 857 1021
f 845 1021 846
f 845 848 1022
f 845 1022 1019
f 846 1021 857
f 846 857 1023
f 846 1023 847
f 847 1023 857
f 847 857 849
f 848 1015 1022
f 851 1024 1025
f 851 1025 1026
f 851 1026 852
f 851 860 859
f 851 859 1027
f 851 1027 1028
f 851 1028 1029
f 851 1029 1024
f 852 1026 853
f 853 1030 1031
f 853 1031 996
f 853 996 854
f 853 1026 1025
f 853 1025 1030
f 854 996 1032
f 854 1032 862
f 855 861 856
f 857 1020 1019
f 857 1019 858
f 858 1019 1033
f 858 1033 859
f 859 1033 1034
f 859 1034 1027
f 862 1032 995
f 863 868 993
f 863 993 1035
f 863 1035 1036
f 863 1036 1037
f 863 1037 864
f 864 1037 865
f 865 1037 1038
f 865 1038 1039
f 865 1039 1040
f 865 1040 1041
f 865 1041 1042
f 865 1042 866
f 866 1042 867
f 867 1042 869
f 869 1042 1041
f 869 1041 1043
f 869 1043 1044
f 869 1044 1045
f 869 1045 1046
f 869 1046 874
f 869 874 1047
f 869 1047 872
f 872 1047 873
f 873 1047 874
f 874 1046 1048
f 874 1048 1049
f 874 1049 876
f 874 876 875
f 876 1049 878
f 876 878 877
f 878 1049 879
f 879 1049 1048
f 879 1048 881
f 879 881 880
f 881 1048 1050
f 881 1050 882
f 882 1050 1051
f 882 1051 883
f 883 1051 885
f 883 885 884
f 885 1051 1052
f 885 1052 1053
f 885 1053 1054
f 885 1054 886
f 886 1054 1055
f 886 1055 888
f 887 888 1056
f 888 1055 1056
f 889 1056 1057
f 889 1057 1058
f 889 1058 1059
f 889 1059 890
f 890 1059 1060
f 890 1060 891
f 891 893 892
f 891 1060 893
f 893 1060 894
f 894 1060 1061
f 894 1061 895
f 895 1061 1062
f 895 1062 896
f 896 1062 1063
f 896 1063 1064
f 896 1064 899
f 898 900 1065
f 898 1065 903
f 898 903 902
f 899 1064 1066
f 899 1066 1067
f 899 1067 1068
f 899 1068 1065
f 899 1065 900
f 903 1065 1068
f 903 1068 1069
f 903 1069 904
f 904 1069 905
f 905 907 906
f 905 1069 1067
f 905 1067 1070
f 905 1070 910
f 905 910 907
f 908 912 1071
f 908 1071 909
f 909 1071 1072
f 909 1072 1073
f 909 1073 1074
f 909 1074 913
f 910 1070 1075
f 910 1075 1076
f 910 1076 911
f 911 1071 912
f 911 1076 1077
f 911 1077 1078
f 911 1078 1079
f 911 1079 1071
f 913 1074 1080
f 913 1080 1081
f 913 1081 914
f 914 921 915
f 914 1081 921
f 916 925 924
f 916 924 917
f 917 924 918
f 918 1082 919
f 918 924 1083
f 918 1083 1084
f 918 1084 1085
f 918 1085 1086
f 918 1086 1082
f 919 1082 926
f 919 926 920
f 921 1081 1087
f 921 1087 1088
f 921 1088 1089
f 921 1089 1090
f 921 1090 922
f 922 1090 1089
f 922 1089 1091
f 922 1091 923
f 923 1091 1089
f 923 1089 1092
f 923 1092 1093
f 923 1093 924
f 924 1093 1094
f 924 1094 1083
f 926 1095 1096
f 926 1096 927
f 926 1082 1095
f 927 1096 1097
f 927 1097 928
f 928 1097 931
f 928 931 929
f 930 1098 932
f 930 931 1098
f 931 1097 1098
f 932 1099 933
f 932 1098 1100
f 932 1100 1099
f 933 1099 934
f 934 1101 1102
f 934 1102 935
f 934 1099 1101
f 935 1102 1103
f 935 1103 1104
f 935 1104 936
f 936 1104 1105
f 936 1105 937
f 937 1105 938
f 938 1106 939
f 938 1105 1106
f 939 1106 945
f 940 946 1107
f 940 1107 1108
f 940 1108 1109
f 940 1109 941
f 941 1110 1111
f 941 1111 1112
f 941 1112 942
f 941 1109 1110
f 942 1112 943
f 943 1112 1113
f 943 1113 1114
f 943 1114 947
f 943 947 944
f 945 1106 1115
f 945 1115 946
f 946 1115 1107
f 947 1116 1117
f 947 1117 952
f 947 952 953
f 947 1114 1116
f 949 1118 950
f 949 952 1118
f 950 1118 1119
f 950 1119 1120
f 950 1120 1121
f 950 1121 955
f 950 955 954
f 952 1117 1119
f 952 1119 1118
f 955 1121 957
f 955 957 1122
f 955 1122 956
f 956 1122 957
f 957 1121 958
f 958 1123 1124
f 958 1124 959
f 958 1121 1125
f 958 1125 1123
f 959 1124 1126
f 959 1126 961
f 959 961 960
f 961 1126 962
f 962 1127 1128
f 962 1128 963
f 962 1126 1127
f 963 1128 964
f 964 1128 1129
f 964 1129 1130
f 964 1130 1131
f 964 1131 1132
f 964 1132 967
f 966 969 1133
f 966 1133 971
f 966 971 970
f 967 1132 968
f 968 1132 1134
f 968 1134 969
f 969 1134 1135
f 969 1135 1136
f 969 1136 1137
f 969 1137 1133
f 971 1133 1138
f 971 1138 1139
f 971 1139 1140
f 971 1140 1141
f 971 1141 972
f 972 1141 973
f 973 1141 1142
f 973 1142 1143
f 973 1143 978
f 973 978 975
f 973 975 974
f 976 986 1144
f 976 1144 977
f 978 1143 979
f 979 1143 1145
f 979 1145 1146
f 979 1146 980
f 980 1146 1147
f 980 1147 981
f 981 1147 1148
f 981 1148 982
f 982 1148 1149
f 982 1149 983
f 983 1149 1150
f 983 1150 984
f 984 1150 1151
f 984 1151 985
f 985 1005 987
f 985 987 1144
f 985 1144 986
f 985 1151 1005
f 987 1005 1004
f 988 1152 989
f 988 991 1153
f 988 1153 1152
f 989 1152 1154
f 989 1154 1155
f 989 1155 994
f 991 1000 1153
f 992 1155 993
f 992 994 1155
f 993 1155 1156
f 993 1156 1035
f 995 1032 996
f 996 1031 1194
f 996 1194 1157
f 996 1157 997
f 997 1158 998
f 997 1157 1159
f 997 1159 1158
f 998 1158 1160
f 998 1160 1002
f 998 1002 1001
f 999 1161 1000
f 999 1003 1162
f 999 1162 1161
f 1000 1161 1163
f 1000 1163 1164
f 1000 1164 1153
f 1002 1160 1003
f 1003 1160 1165
f 1003 1165 1162
f 1005 1151 1166
f 1005 1166 1006
f 1006 1167 1168
f 1006 1168 1007
f 1006 1166 1169
f 1006 1169 1167
f 1007 1168 1008
f 1008 1168 1170
f 1008 1170 1171
f 1008 1171 1010
f 1008 1010 1009
f 1010 1171 1011
f 1011 1171 1172
f 1011 1172 1173
f 1011 1173 1174
f 1011 1174 1365
f 1011 1365 1175
f 1011 1175 1016
f 1011 1016 1012
f 1013 1176 1014
f 1013 1018 1177
f 1013 1177 1176
f 1014 1176 1015
f 1015 1176 1022
f 1016 1178 1017
f 1016 1175 1178
f 1017 1178 1179
f 1017 1179 1018
f 1018 1179 1180
f 1018 1180 1177
f 1019 1022 1181
f 1019 1181 1182
f 1019 1182 1183
f 1019 1183 1033
f 1022 1176 1181
f 1024 1184 1025
f 1024 1029 1184
f 1025 1184 1185
f 1025 1185 1186
f 1025 1186 1030
f 1027 1034 1187
f 1027 1187 1188
f 1027 1188 1189
f 1027 1189 1190
f 1027 1190 1028
f 1028 1190 1029
f 1029 1190 1191
f 1029 1191 1192
f 1029 1192 1184
f 1030 1193 1194
f 1030 1194 1031
f 1030 1186 1193
f 1033 1183 1195
f 1033 1195 1196
f 1033 1196 1034
f 1034 1196 1188
f 1034 1188 1187
f 1035 1197 1198
f 1035 1198 1199
f 1035 1199 1036
f 1035 1156 1200
f 1035 1200 1197
f 1036 1199 1038
f 1036 1038 1037
f 1038 1201 1039
f 1038 1199 1201
f 1039 1201 1202
f 1039 1202 1040
f 1040 1203 1204
f 1040 1204 1041
f 1040 1202 1203
f 1041 1204 1043
f 1043 1204 1044
f 1044 1205 1045
f 1044 1204 1205
f 1045 1205 1206
f 1045 1206 1207
f 1045 1207 1208
f 1045 1208 1209
f 1045 1209 1048
f 1045 1048 1046
f 1048 1210 1050
f 1048 1209 1210
f 1050 1210 1211
f 1050 1211 1212
f 1050 1212 1213
f 1050 1213 1214
f 1050 1214 1215
f 1050 1215 1216
f 1050 1216 1051
f 1051 1216 1217
f 1051 1217 1218
f 1051 1218 1052
f 1052 1218 1053
f 1053 1218 1215
f 1053 1215 1219
f 1053 1219 1220
f 1053 1220 1221
f 1053 1221 1222
f 1053 1222 1223
f 1053 1223 1054
f 1054 1223 1055
f 1055 1224 1057
f 1055 1057 1056
f 1055 1223 1225
f 1055 1225 1224
f 1057 1224 1226
f 1057 1226 1058
f 1058 1226 1227
f 1058 1227 1228
f 1058 1228 1229
f 1058 1229 1230
f 1058 1230 1059
f 1059 1230 1231
f 1059 1231 1060
f 1060 1231 1232
f 1060 1232 1061
f 1061 1232 1233
f 1061 1233 1234
f 1061 1234 1062
f 1062 1234 1063
f 1063 1234 1235
f 1063 1235 1064
f 1064 1235 1236
f 1064 1236 1237
f 1064 1237 1066
f 1066 1237 1238
f 1066 1238 1070
f 1066 1070 1067
f 1067 1069 1068
f 1070 1238 1075
f 1071 1079 1078
f 1071 1078 1239
f 1071 1239 1072
f 1072 1239 1240
f 1072 1240 1073
f 1073 1240 1241
f 1073 1241 1242
f 1073 1242 1243
f 1073 1243 1244
f 1073 1244 1074
f 1074 1244 1080
f 1075 1238 1245
f 1075 1245 1246
f 1075 1246 1076
f 1076 1246 1247
f 1076 1247 1248
f 1076 1248 1077
f 1077 1248 1249
f 1077 1249 1078
f 1078 1249 1239
f 1080 1250 1267
f 1080 1267 1251
f 1080 1251 1081
f 1080 1244 1252
f 1080 1252 1250
f 1081 1251 1087
f 1082 1086 1095
f 1083 1094 1084
f 1084 1094 1253
f 1084 1253 1254
f 1084 1254 1255
f 1084 1255 1256
f 1084 1256 1257
f 1084 1257 1085
f 1085 1257 1086
f 1086 1258 1259
f 1086 1259 1260
f 1086 1260 1261
f 1086 1261 1262
f 1086 1262 1263
f 1086 1263 1096
f 1086 1096 1095
f 1086 1257 1264
f 1086 1264 1258
f 1087 1265 1266
f 1087 1266 1088
f 1087 1251 1267
f 1087 1267 1268
f 1087 1268 1265
f 1088 1266 1092
f 1088 1092 1089
f 1092 1266 1265
f 1092 1265 1093
f 1093 1265 1094
f 1094 1265 1269
f 1094 1269 1253
f 1096 1263 1097
f 1097 1270 1099
f 1097 1099 1100
f 1097 1100 1098
f 1097 1263 1270
f 1099 1270 1262
f 1099 1262 1271
f 1099 1271 1272
f 1099 1272 1273
f 1099 1273 1101
f 1101 1273 1274
f 1101 1274 1102
f 1102 1274 1275
f 1102 1275 1276
f 1102 1276 1277
f 1102 1277 1278
f 1102 1278 1103
f 1103 1278 1279
f 1103 1279 1280
f 1103 1280 1104
f 1104 1280 1105
f 1105 1280 1281
f 1105 1281 1282
f 1105 1282 1283
f 1105 1283 1284
f 1105 1284 1106
f 1106 1284 1115
f 1107 1115 1285
f 1107 1285 1286
f 1107 1286 1287
f 1107 1287 1108
f 1108 1288 1289
f 1108 1289 1290
f 1108 1290 1291
f 1108 1291 1292
f 1108 1292 1109
f 1108 1287 1293
f 1108 1293 1294
f 1108 1294 1288
f 1109 1292 1110
f 1110 1290 1295
f 1110 1295 1296
f 1110 1296 1111
f 1110 1292 1291
f 1110 1291 1290
f 1111 1296 1295
f 1111 1295 1112
f 1112 1295 1297
f 1112 1297 1113
f 1113 1297 1295
f 1113 1295 1298
f 1113 1298 1299
f 1113 1299 1300
f 1113 1300 1117
f 1113 1117 1116
f 1113 1116 1114
f 1115 1284 1283
f 1115 1283 1285
f 1117 1300 1119
f 1119 1300 1301
f 1119 1301 1302
f 1119 1302 1303
f 1119 1303 1304
f 1119 1304 1305
f 1119 1305 1306
f 1119 1306 1125
f 1119 1125 1121
f 1119 1121 1120
f 1123 1307 1308
f 1123 1308 1309
f 1123 1309 1310
f 1123 1310 1126
f 1123 1126 1124
f 1123 1125 1306
f 1123 1306 1307
f 1126 1310 1311
f 1126 1311 1312
f 1126 1312 1127
f 1127 1313 1314
f 1127 1314 1315
f 1127 1315 1129
f 1127 1129 1128
f 1127 1312 1313
f 1129 1315 1130
f 1130 1315 1316
f 1130 1316 1131
f 1131 1316 1132
f 1132 1316 1317
f 1132 1317 1318
f 1132 1318 1319
f 1132 1319 1135
f 1132 1135 1134
f 1133 1137 1138
f 1135 1320 1136
f 1135 1319 1321
f 1135 1321 1322
f 1135 1322 1323
f 1135 1323 1324
f 1135 1324 1320
f 1136 1320 1325
f 1136 1325 1137
f 1137 1326 1140
f 1137 1140 1139
f 1137 1139 1138
f 1137 1325 1327
f 1137 1327 1326
f 1140 1326 1327
f 1140 1327 1328
f 1140 1328 1141
f 1141 1328 1142
f 1142 1328 1329
f 1142 1329 1330
f 1142 1330 1147
f 1142 1147 1146
f 1142 1146 1145
f 1142 1145 1143
f 1147 1330 1331
f 1147 1331 1332
f 1147 1332 1333
f 1147 1333 1148
f 1148 1333 1334
f 1148 1334 1149
f 1149 1334 1335
f 1149 1335 1336
f 1149 1336 1150
f 1150 1336 1337
f 1150 1337 1151
f 1151 1337 1338
f 1151 1338 1166
f 1152 1339 1340
f 1152 1340 1341
f 1152 1341 1154
f 1152 1153 1339
f 1153 1164 1339
f 1154 1341 1342
f 1154 1342 1155
f 1155 1342 1343
f 1155 1343 1156
f 1156 1343 1344
f 1156 1344 1200
f 1157 1194 1193
f 1157 1193 1345
f 1157 1345 1159
f 1158 1159 1160
f 1159 1346 1160
f 1159 1345 1347
f 1159 1347 1348
f 1159 1348 1346
f 1160 1346 1165
f 1161 1349 1350
f 1161 1350 1163
f 1161 1162 1349
f 1162 1351 1349
f 1162 1165 1351
f 1163 1350 1352
f 1163 1352 1353
f 1163 1353 1164
f 1164 1353 1354
f 1164 1354 1352
f 1164 1352 1355
f 1164 1355 1339
f 1165 1346 1356
f 1165 1356 1351
f 1166 1338 1357
f 1166 1357 1169
f 1167 1170 1168
f 1167 1169 1358
f 1167 1358 1170
f 1169 1357 1359
f 1169 1359 1358
f 1170 1358 1360
f 1170 1360 1171
f 1171 1360 1172
f 1172 1360 1361
f 1172 1361 1362
f 1172 1362 1363
f 1172 1363 1173
f 1173 1363 1364
f 1173 1364 1174
f 1174 1364 1366
f 1174 1366 1365
f 1175 1365 1178
f 1176 1177 1180
f 1176 1180 1181
f 1178 1367 1180
f 1178 1180 1179
f 1178 1365 1366
f 1178 1366 1368
f 1178 1368 1367
f 1180 1367 1369
f 1180 1369 1370
f 1180 1370 1371
f 1180 1371 1182
f 1180 1182 1181
f 1182 1372 1195
f 1182 1195 1183
f 1182 1371 1373
f 1182 1373 1374
f 1182 1374 1372
f 1184 1192 1185
f 1185 1375 1186
f 1185 1192 1375
f 1186 1375 1347
f 1186 1347 1345
f 1186 1345 1193
f 1188 1196 1376
f 1188 1376 1189
f 1189 1376 1377
f 1189 1377 1190
f 1190 1377 1191
f 1191 1378 1192
f 1191 1377 1378
f 1192 1378 1379
f 1192 1379 1375
f 1195 1380 1196
f 1195 1372 1381
f 1195 1381 1380
f 1196 1380 1377
f 1196 1377 1376
f 1197 1382 1198
f 1197 1200 1344
f 1197 1344 1343
f 1197 1343 1383
f 1197 1383 1382
f 1198 1382 1199
f 1199 1382 1384
f 1199 1384 1385
f 1199 1385 1202
f 1199 1202 1201
f 1202 1385 1386
f 1202 1386 1203
f 1203 1386 1387
f 1203 1387 1388
f 1203 1388 1389
f 1203 1389 1204
f 1204 1389 1390
f 1204 1390 1205
f 1205 1390 1389
f 1205 1389 1206
f 1206 1391 1392
f 1206 1392 1393
f 1206 1393 1394
f 1206 1394 1207
f 1206 1389 1391
f 1207 1394 1208
f 1208 1395 1396
f 1208 1396 1397
f 1208 1397 1398
f 1208 1398 1210
f 1208 1210 1209
f 1208 1394 1395
f 1210 1398 1399
f 1210 1399 1211
f 1211 1399 1212
f 1212 1399 1213
f 1213 1400 1214
f 1213 1399 1401
f 1213 1401 1402
f 1213 1402 1403
f 1213 1403 1400
f 1214 1400 1215
f 1215 1400 1404
f 1215 1404 1219
f 1215 1218 1217
f 1215 1217 1216
f 1219 1404 1220
f 1220 1404 1221
f 1221 1404 1405
f 1221 1405 1406
f 1221 1406 1407
f 1221 1407 1222
f 1222 1407 1408
f 1222 1408 1409
f 1222 1409 1223
f 1223 1409 1225
f 1224 1225 1226
f 1225 1409 1226
f 1226 1409 1227
f 1227 1409 1410
f 1227 1410 1229
f 1227 1229 1228
f 1229 1411 1230
f 1229 1410 1412
f 1229 1412 1413
f 1229 1413 1414
f 1229 1414 1411
f 1230 1411 1231
f 1231 1411 1415
f 1231 1415 1232
f 1232 1415 1233
f 1233 1415 1416
f 1233 1416 1417
f 1233 1417 1234
f 1234 1417 1418
f 1234 1418 1235
f 1235 1418 1236
f 1236 1418 1419
f 1236 1419 1420
f 1236 1420 1421
f 1236 1421 1245
f 1236 1245 1237
f 1237 1245 1238
f 1239 1249 1422
f 1239 1422 1240
f 1240 1422 1423
f 1240 1423 1424
f 1240 1424 1425
f 1240 1425 1241
f 1241 1425 1242
f 1242 1425 1426
f 1242 1426 1427
f 1242 1427 1428
f 1242 1428 1431
f 1242 1431 1429
f 1242 1429 1243
f 1243 1430 1244
f 1243 1429 1431
f 1243 1431 1432
f 1243 1432 1661
f 1243 1661 1430
f 1244 1433 1252
f 1244 1430 1434
f 1244 1434 1435
f 1244 1435 1433
f 1245 1421 1246
f 1246 1436 1437
f 1246 1437 1438
f 1246 1438 1439
f 1246 1439 1247
f 1246 1421 1420
f 1246 1420 1419
f 1246 1419 1436
f 1247 1439 1440
f 1247 1440 1248
f 1248 1440 1441
f 1248 1441 1249
f 1249 1441 1423
f 1249 1423 1422
f 1250 1252 1433
f 1250 1433 1442
f 1250 1442 1267
f 1253 1443 1444
f 1253 1444 1254
f 1253 1269 1445
f 1253 1445 1446
f 1253 1446 1447
f 1253 1447 1448
f 1253 1448 1449
f 1253 1449 1443
f 1254 1450 1451
f 1254 1451 1255
f 1254 1444 1450
f 1255 1452 1453
f 1255 1453 1256
f 1255 1451 1452
f 1256 1453 1454
f 1256 1454 1257
f 1257 1454 1455
f 1257 1455 1456
f 1257 1456 1457
f 1257 1457 1264
f 1258 1264 1457
f 1258 1457 1259
f 1259 1458 1260
f 1259 1457 1459
f 1259 1459 1460
f 1259 1460 1461
f 1259 1461 1462
f 1259 1462 1458
f 1260 1458 1463
f 1260 1463 1261
f 1261 1463 1464
f 1261 1464 1465
f 1261 1465 1262
f 1262 1465 1466
f 1262 1466 1271
f 1262 1270 1263
f 1265 1268 1446
f 1265 1446 1445
f 1265 1445 1269
f 1267 1442 1268
f 1268 1442 1446
f 1271 1466 1272
f 1272 1467 1468
f 1272 1468 1274
f 1272 1274 1273
f 1272 1466 1467
f 1274 1469 1275
f 1274 1468 1469
f 1275 1470 1471
f 1275 1471 1276
f 1275 1469 1468
f 1275 1468 1470
f 1276 1472 1277
f 1276 1471 1700
f 1276 1700 1473
f 1276 1473 1281
f 1276 1281 1472
f 1277 1472 1278
f 1278 1472 1279
f 1279 1472 1281
f 1279 1281 1280
f 1281 1473 1474
f 1281 1474 1282
f 1282 1474 1283
f 1283 1286 1285
f 1283 1474 1286
f 1286 1474 1701
f 1286 1701 1475
f 1286 1475 1293
f 1286 1293 1287
f 1288 1294 1476
f 1288 1476 1477
f 1288 1477 1289
f 1289 1477 1478
f 1289 1478 1479
f 1289 1479 1290
f 1290 1479 1295
f 1293 1475 1480
f 1293 1480 1294
f 1294 1481 1476
f 1294 1480 1482
f 1294 1482 1481
f 1295 1479 1298
f 1298 1479 1483
f 1298 1483 1484
f 1298 1484 1299
f 1299 1484 1485
f 1299 1485 1300
f 1300 1485 1484
f 1300 1484 1486
f 1300 1486 1487
f 1300 1487 1301
f 1301 1487 1302
f 1302 1487 1488
f 1302 1488 1489
f 1302 1489 1303
f 1303 1489 1304
f 1304 1489 1490
f 1304 1490 1491
f 1304 1491 1492
f 1304 1492 1493
f 1304 1493 1494
f 1304 1494 1495
f 1304 1495 1496
f 1304 1496 1305
f 1305 1496 1306
f 1306 1496 1495
f 1306 1495 1497
f 1306 1497 1498
f 1306 1498 1499
f 1306 1499 1500
f 1306 1500 1501
f 1306 1501 1308
f 1306 1308 1307
f 1308 1501 1500
f 1308 1500 1502
f 1308 1502 1503
f 1308 1503 1309
f 1309 1504 1505
f 1309 1505 1310
f 1309 1503 1504
f 1310 1505 1311
f 1311 1506 1507
f 1311 1507 1508
f 1311 1508 1314
f 1311 1314 1313
f 1311 1313 1312
f 1311 1505 1509
f 1311 1509 1510
f 1311 1510 1506
f 1314 1511 1512
f 1314 1512 1513
f 1314 1513 1514
f 1314 1514 1317
f 1314 1317 1316
f 1314 1316 1515
f 1314 1515 1315
f 1314 1508 1511
f 1315 1515 1316
f 1317 1514 1318
f 1318 1514 1513
f 1318 1513 1516
f 1318 1516 1319
f 1319 1516 1513
f 1319 1513 1517
f 1319 1517 1321
f 1320 1518 1519
f 1320 1519 1325
f 1320 1324 1520
f 1320 1520 1518
f 1321 1517 1322
f 1322 1517 1521
f 1322 1521 1522
f 1322 1522 1323
f 1323 1523 1524
f 1323 1524 1525
f 1323 1525 1526
f 1323 1526 1324
f 1323 1522 1523
f 1324 1527 1528
f 1324 1528 1520
f 1324 1526 1529
f 1324 1529 1530
f 1324 1530 1531
f 1324 1531 1532
f 1324 1532 1533
f 1324 1533 1534
f 1324 1534 1535
f 1324 1535 1527
f 1325 1519 1536
f 1325 1536 1327
f 1327 1536 1537
f 1327 1537 1328
f 1328 1537 1538
f 1328 1538 1329
f 1329 1539 1330
f 1329 1538 1540
f 1329 1540 1541
f 1329 1541 1539
f 1330 1539 1331
f 1331 1539 1332
f 1332 1539 1542
f 1332 1542 1543
f 1332 1543 1544
f 1332 1544 1333
f 1333 1544 1545
f 1333 1545 1334
f 1334 1545 1335
f 1335 1545 1546
f 1335 1546 1336
f 1336 1546 1337
f 1337 1546 1547
f 1337 1547 1338
f 1338 1547 1548
f 1338 1548 1357
f 1339 1549 1550
f 1339 1550 1551
f 1339 1551 1340
f 1339 1355 1352
f 1339 1352 1552
f 1339 1552 1553
f 1339 1553 1554
f 1339 1554 1549
f 1340 1551 1555
f 1340 1555 1341
f 1341 1555 1556
f 1341 1556 1342
f 1342 1556 1557
f 1342 1557 1343
f 1343 1558 1559
f 1343 1559 1560
f 1343 1560 1383
f 1343 1557 1561
f 1343 1561 1562
f 1343 1562 1563
f 1343 1563 1558
f 1346 1348 1356
f 1347 1375 1348
f 1348 1564 1356
f 1348 1375 1564
f 1349 1553 1552
f 1349 1552 1350
f 1349 1351 1565
f 1349 1565 1553
f 1350 1552 1352
f 1351 1356 1566
f 1351 1566 1565
f 1352 1354 1353
f 1356 1564 1566
f 1357 1548 1567
f 1357 1567 1568
f 1357 1568 1786
f 1357 1786 1569
f 1357 1569 1570
f 1357 1570 1359
f 1358 1359 1570
f 1358 1570 1360
f 1360 1570 1571
f 1360 1571 1361
f 1361 1571 1572
f 1361 1572 1573
f 1361 1573 1574
f 1361 1574 1362
f 1362 1575 1576
f 1362 1576 1363
f 1362 1574 1575
f 1363 1576 1364
f 1364 1576 1366
f 1366 1576 1577
f 1366 1577 1368
f 1367 1368 1369
f 1368 1577 1578
f 1368 1578 1369
f 1369 1578 1579
f 1369 1579 1580
f 1369 1580 1581
f 1369 1581 1582
f 1369 1582 1583
f 1369 1583 1584
f 1369 1584 1373
f 1369 1373 1370
f 1370 1373 1371
f 1372 1585 1586
f 1372 1586 1381
f 1372 1374 1585
f 1373 1584 1587
f 1373 1587 1588
f 1373 1588 1374
f 1374 1588 1589
f 1374 1589 1585
f 1375 1379 1590
f 1375 1590 1564
f 1377 1591 1592
f 1377 1592 1593
f 1377 1593 1594
f 1377 1594 1595
f 1377 1595 1378
f 1377 1380 1586
f 1377 1586 1585
f 1377 1585 1596
f 1377 1596 1591
f 1378 1597 1598
f 1378 1598 1599
f 1378 1599 1590
f 1378 1590 1379
f 1378 1595 1600
f 1378 1600 1597
f 1380 1381 1586
f 1382 1383 1601
f 1382 1601 1602
f 1382 1602 1603
f 1382 1603 1385
f 1382 1385 1384
f 1383 1560 1601
f 1385 1603 1602
f 1385 1602 1604
f 1385 1604 1605
f 1385 1605 1388
f 1385 1388 1386
f 1386 1388 1606
f 1386 1606 1387
f 1387 1606 1388
f 1388 1605 1604
f 1388 1604 1607
f 1388 1607 1392
f 1388 1392 1391
f 1388 1391 1389
f 1392 1607 1604
f 1392 1604 1608
f 1392 1608 1609
f 1392 1609 1610
f 1392 1610 1611
f 1392 1611 1396
f 1392 1396 1612
f 1392 1612 1393
f 1393 1612 1394
f 1394 1612 1395
f 1395 1612 1396
f 1396 1611 1613
f 1396 1613 1614
f 1396 1614 1615
f 1396 1615 1616
f 1396 1616 1397
f 1397 1616 1617
f 1397 1617 1618
f 1397 1618 1619
f 1397 1619 1398
f 1398 1619 1399
f 1399 1619 1620
f 1399 1620 1621
f 1399 1621 1401
f 1400 1403 1622
f 1400 1622 1404
f 1401 1621 1623
f 1401 1623 1402
f 1402 1624 1625
f 1402 1625 1626
f 1402 1626 1403
f 1402 1623 1627
f 1402 1627 1624
f 1403 1628 1629
f 1403 1629 1622
f 1403 1626 1630
f 1403 1630 1631
f 1403 1631 1632
f 1403 1632 1628
f 1404 1622 1405
f 1405 1622 1629
f 1405 1629 1633
f 1405 1633 1406
f 1406 1633 1407
f 1407 1633 1629
f 1407 1629 1634
f 1407 1634 1635
f 1407 1635 1636
f 1407 1636 1637
f 1407 1637 1408
f 1408 1637 1638
f 1408 1638 1639
f 1408 1639 1640
f 1408 1640 1409
f 1409 1640 1412
f 1409 1412 1410
f 1411 1414 1641
f 1411 1641 1415
f 1412 1640 1642
f 1412 1642 1643
f 1412 1643 1413
f 1413 1643 1644
f 1413 1644 1645
f 1413 1645 1414
f 1414 1645 1646
f 1414 1646 1641
f 1415 1641 1416
f 1416 1641 1417
f 1417 1641 1647
f 1417 1647 1418
f 1418 1647 1648
f 1418 1648 1649
f 1418 1649 1419
f 1419 1649 1650
f 1419 1650 1651
f 1419 1651 1436
f 1423 1441 1652
f 1423 1652 1424
f 1424 1652 1653
f 1424 1653 1654
f 1424 1654 1425
f 1425 1654 1655
f 1425 1655 1426
f 1426 1655 1656
f 1426 1656 1657
f 1426 1657 1427
f 1427 1658 1659
f 1427 1659 1428
f 1427 1657 1660
f 1427 1660 1658
f 1428 1659 1431
f 1430 1661 1434
f 1431 1659 1662
f 1431 1662 1432
f 1432 1662 1661
f 1433 1435 1663
f 1433 1663 1442
f 1434 1661 1435
f 1435 1661 1664
f 1435 1664 1442
f 1435 1442 1663
f 1436 1651 1437
f 1437 1665 1666
f 1437 1666 1667
f 1437 1667 1439
f 1437 1439 1438
f 1437 1651 1665
f 1439 1668 1669
f 1439 1669 1440
f 1439 1667 1670
f 1439 1670 1671
f 1439 1671 1672
f 1439 1672 1673
f 1439 1673 1674
f 1439 1674 1675
f 1439 1675 1668
f 1440 1669 1441
f 1441 1669 1652
f 1442 1664 1446
f 1443 1676 1677
f 1443 1677 1444
f 1443 1449 1678
f 1443 1678 1679
f 1443 1679 1680
f 1443 1680 1676
f 1444 1677 1450
f 1446 1681 1447
f 1446 1664 1681
f 1447 1681 1448
f 1448 1681 1682
f 1448 1682 1683
f 1448 1683 1678
f 1448 1678 1449
f 1450 1452 1451
f 1450 1677 1684
f 1450 1684 1685
f 1450 1685 1686
f 1450 1686 1452
f 1452 1687 1453
f 1452 1686 1688
f 1452 1688 1687
f 1453 1687 1454
f 1454 1688 1455
f 1454 1687 1688
f 1455 1688 1456
f 1456 1688 1686
f 1456 1686 1459
f 1456 1459 1457
f 1458 1462 1463
f 1459 1686 1689
f 1459 1689 1690
f 1459 1690 1461
f 1459 1461 1460
f 1461 1691 1692
f 1461 1692 1465
f 1461 1465 1464
f 1461 1464 1462
f 1461 1690 1693
f 1461 1693 1691
f 1462 1464 1463
f 1465 1694 1466
f 1465 1692 1694
f 1466 1694 1467
f 1467 1694 1692
f 1467 1692 1468
f 1468 1692 1695
f 1468 1695 1696
f 1468 1696 1697
f 1468 1697 1698
f 1468 1698 1470
f 1470 1698 1699
f 1470 1699 1471
f 1471 1699 1934
f 1471 1934 1700
f 1473 1700 1701
f 1473 1701 1474
f 1475 1701 1702
f 1475 1702 1480
f 1476 1481 1703
f 1476 1703 1704
f 1476 1704 1705
f 1476 1705 1706
f 1476 1706 1477
f 1477 1706 1707
f 1477 1707 1478
f 1478 1707 1708
f 1478 1708 1479
f 1479 1708 1484
f 1479 1484 1483
f 1480 1709 1482
f 1480 1702 1710
f 1480 1710 1709
f 1481 1711 1712
f 1481 1712 1703
f 1481 1482 1713
f 1481 1713 1714
f 1481 1714 1711
f 1482 1709 1713
f 1484 1708 1715
f 1484 1715 1491
f 1484 1491 1490
f 1484 1490 1488
f 1484 1488 1716
f 1484 1716 1487
f 1484 1487 1486
f 1487 1716 1488
f 1488 1490 1489
f 1491 1717 1718
f 1491 1718 1719
f 1491 1719 1720
f 1491 1720 1721
f 1491 1721 1722
f 1491 1722 1723
f 1491 1723 1493
f 1491 1493 1492
f 1491 1715 1708
f 1491 1708 1707
f 1491 1707 1724
f 1491 1724 1725
f 1491 1725 1717
f 1493 1723 1726
f 1493 1726 1727
f 1493 1727 1494
f 1494 1727 1497
f 1494 1497 1495
f 1497 1727 1498
f 1498 1727 1502
f 1498 1502 1500
f 1498 1500 1499
f 1502 1727 1726
f 1502 1726 1723
f 1502 1723 1728
f 1502 1728 1729
f 1502 1729 1730
f 1502 1730 1503
f 1503 1730 1731
f 1503 1731 1504
f 1504 1731 1732
f 1504 1732 1505
f 1505 1732 1733
f 1505 1733 1509
f 1506 1510 1734
f 1506 1734 1507
f 1507 1734 1735
f 1507 1735 1736
f 1507 1736 1737
f 1507 1737 1738
f 1507 1738 1511
f 1507 1511 1508
f 1509 1733 1510
f 1510 1739 1734
f 1510 1733 1739
f 1511 1738 1740
f 1511 1740 1512
f 1512 1740 1741
f 1512 1741 1742
f 1512 1742 1743
f 1512 1743 1744
f 1512 1744 1745
f 1512 1745 1513
f 1513 1745 1517
f 1517 1745 1521
f 1518 1746 1519
f 1518 1520 1747
f 1518 1747 1746
f 1519 1746 1537
f 1519 1537 1536
f 1520 1528 1747
f 1521 1745 1744
f 1521 1744 1971
f 1521 1971 1748
f 1521 1748 1522
f 1522 1748 1523
f 1523 1748 1749
f 1523 1749 1524
f 1524 1749 1750
f 1524 1750 1525
f 1525 1750 1970
f 1525 1970 1969
f 1525 1969 1968
f 1525 1968 2165
f 1525 2165 2164
f 1525 2164 2349
f 1525 2349 2544
f 1525 2544 2742
f 1525 2742 2944
f 1525 2944 2943
f 1525 2943 2942
f 1525 2942 3134
f 1525 3134 3329
f 1525 3329 3328
f 1525 3328 3527
f 1525 3527 3526
f 1525 3526 3525
f 1525 3525 3703
f 1525 3703 3702
f 1525 3702 3889
f 1525 3889 4083
f 1525 4083 4268
f 1525 4268 4469
f 1525 4469 4688
f 1525 4688 4886
f 1525 4886 5103
f 1525 5103 5102
f 1525 5102 5101
f 1525 5101 5100
f 1525 5100 5099
f 1525 5099 5098
f 1525 5098 5315
f 1525 5315 5498
f 1525 5498 5497
f 1525 5497 5496
f 1525 5496 5689
f 1525 5689 5688
f 1525 5688 5851
f 1525 5851 6018
f 1525 6018 6157
f 1525 6157 6305
f 1525 6305 6304
f 1525 6304 6303
f 1525 6303 6431
f 1525 6431 6486
f 1525 6486 6485
f 1525 6485 6503
f 1525 6503 6502
f 1525 6502 6501
f 1525 6501 6500
f 1525 6500 6504
f 1525 6504 6493
f 1525 6493 6447
f 1525 6447 6334
f 1525 6334 6193
f 1525 6193 6064
f 1525 6064 5904
f 1525 5904 5903
f 1525 5903 5902
f 1525 5902 5901
f 1525 5901 5900
f 1525 5900 5899
f 1525 5899 5898
f 1525 5898 5725
f 1525 5725 5552
f 1525 5552 5366
f 1525 5366 5148
f 1525 5148 5147
f 1525 5147 5146
f 1525 5146 5132
f 1525 5132 5131
f 1525 5131 4913
f 1525 4913 4717
f 1525 4717 4545
f 1525 4545 4322
f 1525 4322 4321
f 1525 4321 4125
f 1525 4125 3943
f 1525 3943 3942
f 1525 3942 3941
f 1525 3941 3744
f 1525 3744 3568
f 1525 3568 3567
f 1525 3567 3382
f 1525 3382 3381
f 1525 3381 3341
f 1525 3341 3150
f 1525 3150 2963
f 1525 2963 2758
f 1525 2758 2565
f 1525 2565 2377
f 1525 2377 2376
f 1525 2376 2375
f 1525 2375 2374
f 1525 2374 2373
f 1525 2373 2372
f 1525 2372 2366
f 1525 2366 2186
f 1525 2186 2000
f 1525 2000 1997
f 1525 1997 1996
f 1525 1996 1995
f 1525 1995 1994
f 1525 1994 2182
f 1525 2182 1992
f 1525 1992 1792
f 1525 1792 1791
f 1525 1791 1789
f 1525 1789 1991
f 1525 1991 1990
f 1525 1990 1785
f 1525 1785 1784
f 1525 1784 1783
f 1525 1783 1765
f 1525 1765 1764
f 1525 1764 1763
f 1525 1763 1762
f 1525 1762 1761
f 1525 1761 1760
f 1525 1760 1759
f 1525 1759 1758
f 1525 1758 1757
f 1525 1757 1756
f 1525 1756 1752
f 1525 1752 1535
f 1525 1535 1534
f 1525 1534 1533
f 1525 1533 1532
f 1525 1532 1531
f 1525 1531 1530
f 1525 1530 1529
f 1525 1529 1526
f 1527 1751 1528
f 1527 1535 1751
f 1528 1751 1747
f 1535 1752 1753
f 1535 1753 1751
f 1537 1746 1751
f 1537 1751 1753
f 1537 1753 1754
f 1537 1754 1538
f 1538 1754 1540
f 1539 1541 1542
f 1540 1754 1755
f 1540 1755 1756
f 1540 1756 1541
f 1541 1756 1757
f 1541 1757 1542
f 1542 1757 1758
f 1542 1758 1543
f 1543 1758 1544
f 1544 1758 1759
f 1544 1759 1545
f 1545 1759 1760
f 1545 1760 1761
f 1545 1761 1546
f 1546 1761 1762
f 1546 1762 1763
f 1546 1763 1547
f 1547 1567 1548
f 1547 1763 1764
f 1547 1764 1765
f 1547 1765 1567
f 1549 1766 1767
f 1549 1767 1768
f 1549 1768 1550
f 1549 1554 1766
f 1550 1768 1555
f 1550 1555 1551
f 1553 1769 1770
f 1553 1770 1554
f 1553 1565 1769
f 1554 1770 1766
f 1555 1768 1561
f 1555 1561 1556
f 1556 1561 1557
f 1558 1771 1772
f 1558 1772 1773
f 1558 1773 1774
f 1558 1774 1559
f 1558 1563 1775
f 1558 1775 1771
f 1559 1774 1560
f 1560 1776 1602
f 1560 1602 1601
f 1560 1774 1776
f 1561 1777 1562
f 1561 1768 1767
f 1561 1767 1777
f 1562 1777 1563
f 1563 1777 1778
f 1563 1778 1775
f 1564 1779 1566
f 1564 1590 1780
f 1564 1780 1779
f 1565 1781 1769
f 1565 1566 1781
f 1566 1779 1781
f 1567 1782 1568
f 1567 1765 1783
f 1567 1783 1784
f 1567 1784 1785
f 1567 1785 1782
f 1568 1782 1787
f 1568 1787 1786
f 1569 1786 1570
f 1570 1786 1571
f 1571 1786 1788
f 1571 1788 1789
f 1571 1789 1572
f 1572 1789 1573
f 1573 1790 1574
f 1573 1789 1791
f 1573 1791 1792
f 1573 1792 1790
f 1574 1790 1793
f 1574 1793 1794
f 1574 1794 1575
f 1575 1794 1576
f 1576 1794 1795
f 1576 1795 1577
f 1577 1795 1578
f 1578 1795 1796
f 1578 1796 1797
f 1578 1797 1798
f 1578 1798 1799
f 1578 1799 1579
f 1579 1799 1800
f 1579 1800 1801
f 1579 1801 1802
f 1579 1802 1803
f 1579 1803 1580
f 1580 1803 1581
f 1581 1804 1582
f 1581 1803 1804
f 1582 1804 1805
f 1582 1805 1806
f 1582 1806 1584
f 1582 1584 1583
f 1584 1806 1587
f 1585 1589 1807
f 1585 1807 1808
f 1585 1808 1596
f 1587 1807 1588
f 1587 1806 1807
f 1588 1807 1589
f 1590 1599 1780
f 1591 1809 1810
f 1591 1810 1811
f 1591 1811 1812
f 1591 1812 1813
f 1591 1813 1592
f 1591 1596 1814
f 1591 1814 1815
f 1591 1815 1809
f 1592 1816 1593
f 1592 1813 1816
f 1593 1816 1817
f 1593 1817 1818
f 1593 1818 1819
f 1593 1819 1595
f 1593 1595 1594
f 1595 1819 2014
f 1595 2014 1820
f 1595 1820 1821
f 1595 1821 1600
f 1596 1822 1815
f 1596 1815 1814
f 1596 1808 1807
f 1596 1807 1823
f 1596 1823 1824
f 1596 1824 1825
f 1596 1825 1822
f 1597 1600 1826
f 1597 1826 1827
f 1597 1827 1598
f 1598 1827 1828
f 1598 1828 1829
f 1598 1829 1830
f 1598 1830 1599
f 1599 1831 1780
f 1599 1830 1829
f 1599 1829 1831
f 1600 1821 1826
f 1602 1832 1833
f 1602 1833 1834
f 1602 1834 1604
f 1602 1776 1832
f 1604 1835 1836
f 1604 1836 1837
f 1604 1837 1838
f 1604 1838 1608
f 1604 1834 1833
f 1604 1833 1839
f 1604 1839 1840
f 1604 1840 1835
f 1608 1838 1837
f 1608 1837 1609
f 1609 1841 1842
f 1609 1842 1843
f 1609 1843 1844
f 1609 1844 1845
f 1609 1845 1613
f 1609 1613 1610
f 1609 1837 1841
f 1610 1613 1611
f 1613 1845 1846
f 1613 1846 1847
f 1613 1847 1848
f 1613 1848 1849
f 1613 1849 1614
f 1614 1849 1615
f 1615 1850 1618
f 1615 1618 1851
f 1615 1851 1616
f 1615 1849 1852
f 1615 1852 1621
f 1615 1621 1850
f 1616 1851 1618
f 1616 1618 1617
f 1618 1850 1620
f 1618 1620 1619
f 1620 1850 1621
f 1621 1852 1853
f 1621 1853 1623
f 1623 1853 1857
f 1623 1857 1627
f 1624 1854 1626
f 1624 1626 1625
f 1624 1627 1855
f 1624 1855 1854
f 1626 1856 1630
f 1626 1854 1856
f 1627 1857 1855
f 1628 1632 1858
f 1628 1858 1859
f 1628 1859 1629
f 1629 1859 1634
f 1630 1856 1860
f 1630 1860 2047
f 1630 2047 1861
f 1630 1861 1631
f 1631 1861 1862
f 1631 1862 1863
f 1631 1863 1632
f 1632 1863 1864
f 1632 1864 1865
f 1632 1865 1866
f 1632 1866 1867
f 1632 1867 1868
f 1632 1868 1869
f 1632 1869 1870
f 1632 1870 1858
f 1634 1859 1635
f 1635 1859 1637
f 1635 1637 1636
f 1637 1859 1871
f 1637 1871 1872
f 1637 1872 1638
f 1638 1872 1873
f 1638 1873 1874
f 1638 1874 1875
f 1638 1875 1876
f 1638 1876 1877
f 1638 1877 1639
f 1639 1877 1642
f 1639 1642 1640
f 1641 1646 1647
f 1642 1878 1644
f 1642 1644 1643
f 1642 1877 1878
f 1644 1878 1879
f 1644 1879 1645
f 1645 1879 1880
f 1645 1880 1881
f 1645 1881 1646
f 1646 1882 1647
f 1646 1881 1882
f 1647 1882 1883
f 1647 1883 1648
f 1648 1883 1884
f 1648 1884 1649
f 1649 1885 1650
f 1649 1884 1886
f 1649 1886 1887
f 1649 1887 1888
f 1649 1888 1889
f 1649 1889 1885
f 1650 1885 1665
f 1650 1665 1651
f 1652 1669 1890
f 1652 1890 1653
f 1653 1890 1891
f 1653 1891 1654
f 1654 1891 1669
f 1654 1669 1668
f 1654 1668 1675
f 1654 1675 1892
f 1654 1892 1655
f 1655 1892 1893
f 1655 1893 1656
f 1656 1893 1894
f 1656 1894 1895
f 1656 1895 1896
f 1656 1896 1657
f 1657 1897 1660
f 1657 1896 1897
f 1658 1898 1659
f 1658 1660 1899
f 1658 1899 1898
f 1659 1898 1900
f 1659 1900 1662
f 1660 1897 1899
f 1661 1662 1664
f 1662 1900 1664
f 1664 1901 1902
f 1664 1902 1681
f 1664 1900 1903
f 1664 1903 1901
f 1665 1885 1666
f 1666 1889 1670
f 1666 1670 1667
f 1666 1885 1889
f 1669 1891 1890
f 1670 1904 1905
f 1670 1905 1671
f 1670 1889 1888
f 1670 1888 1904
f 1671 1905 1672
f 1672 1905 1906
f 1672 1906 1907
f 1672 1907 1908
f 1672 1908 1673
f 1673 1908 1909
f 1673 1909 1910
f 1673 1910 1892
f 1673 1892 1675
f 1673 1675 1674
f 1676 1911 1685
f 1676 1685 1684
f 1676 1684 1677
f 1676 1680 1912
f 1676 1912 1913
f 1676 1913 1914
f 1676 1914 1911
f 1678 1683 1912
f 1678 1912 1679
f 1679 1912 1680
f 1681 1902 1682
f 1682 1902 1915
f 1682 1915 1916
f 1682 1916 1917
f 1682 1917 1683
f 1683 1917 1912
f 1685 1918 1686
f 1685 1911 1919
f 1685 1919 1918
f 1686 1918 1920
f 1686 1920 1921
f 1686 1921 1922
f 1686 1922 1689
f 1689 1922 1690
f 1690 1922 1693
f 1691 1696 1695
f 1691 1695 1692
f 1691 1693 1696
f 1693 1922 1696
f 1696 1922 1923
f 1696 1923 1924
f 1696 1924 1925
f 1696 1925 1926
f 1696 1926 1927
f 1696 1927 1928
f 1696 1928 1929
f 1696 1929 1930
f 1696 1930 1931
f 1696 1931 1698
f 1696 1698 1697
f 1698 1931 1932
f 1698 1932 1699
f 1699 1932 1933
f 1699 1933 1941
f 1699 1941 1934
f 1700 1934 1701
f 1701 1934 1702
f 1702 1934 1710
f 1703 1712 1704
f 1704 1935 1936
f 1704 1936 1937
f 1704 1937 1705
f 1704 1712 1935
f 1705 1937 1938
f 1705 1938 1707
f 1705 1707 1706
f 1707 1938 1939
f 1707 1939 1724
f 1709 1940 1713
f 1709 1710 1940
f 1710 1934 1941
f 1710 1941 1942
f 1710 1942 1943
f 1710 1943 1944
f 1710 1944 1940
f 1711 1714 1945
f 1711 1945 1946
f 1711 1946 1712
f 1712 1946 1935
f 1713 1945 1714
f 1713 1940 1947
f 1713 1947 1945
f 1717 1948 1718
f 1717 1725 1949
f 1717 1949 1948
f 1718 1948 1950
f 1718 1950 1951
f 1718 1951 1719
f 1719 1951 1720
f 1720 1951 1952
f 1720 1952 1953
f 1720 1953 1954
f 1720 1954 1955
f 1720 1955 1721
f 1721 1955 1722
f 1722 1955 1723
f 1723 1955 1956
f 1723 1956 1729
f 1723 1729 1728
f 1724 1939 1957
f 1724 1957 1725
f 1725 1957 1949
f 1729 1958 1731
f 1729 1731 1730
f 1729 1956 1959
f 1729 1959 1739
f 1729 1739 1958
f 1731 1958 1733
f 1731 1733 1732
f 1733 1958 1739
f 1734 1739 1735
f 1735 1739 1960
f 1735 1960 1961
f 1735 1961 1736
f 1736 1961 1962
f 1736 1962 1737
f 1737 1962 1738
f 1738 1962 1963
f 1738 1963 1964
f 1738 1964 1740
f 1739 1959 1965
f 1739 1965 1960
f 1740 1964 1741
f 1741 1964 1966
f 1741 1966 1967
f 1741 1967 1742
f 1742 1967 1968
f 1742 1968 1969
f 1742 1969 1970
f 1742 1970 1743
f 1743 1749 1971
f 1743 1971 1744
f 1743 1970 1750
f 1743 1750 1749
f 1746 1747 1751
f 1748 1971 1749
f 1752 1756 1755
f 1752 1755 1754
f 1752 1754 1753
f 1766 1972 1973
f 1766 1973 1974
f 1766 1974 1975
f 1766 1975 1767
f 1766 1770 1976
f 1766 1976 1972
f 1767 1975 1778
f 1767 1778 1777
f 1769 1781 1977
f 1769 1977 1770
f 1770 1977 1978
f 1770 1978 1976
f 1771 1775 1979
f 1771 1979 1980
f 1771 1980 1981
f 1771 1981 1772
f 1772 1981 1773
f 1773 1981 1982
f 1773 1982 1776
f 1773 1776 1774
f 1775 1778 1983
f 1775 1983 1984
f 1775 1984 1979
f 1776 1985 1832
f 1776 1982 1985
f 1778 1975 1974
f 1778 1974 1983
f 1779 1780 1986
f 1779 1986 1987
f 1779 1987 1781
f 1780 1831 1988
f 1780 1988 1986
f 1781 1987 1989
f 1781 1989 1977
f 1782 1785 1788
f 1782 1788 1787
f 1785 1990 1788
f 1786 1787 1788
f 1788 1990 1991
f 1788 1991 1789
f 1790 1792 1992
f 1790 1992 1793
f 1793 1993 1794
f 1793 1992 1993
f 1794 1993 1795
f 1795 1993 1796
f 1796 1993 1994
f 1796 1994 1995
f 1796 1995 1996
f 1796 1996 1997
f 1796 1997 1797
f 1797 1998 1999
f 1797 1999 1798
f 1797 1997 2000
f 1797 2000 1998
f 1798 2001 1799
f 1798 1999 2185
f 1798 2185 2001
f 1799 2001 1800
f 1800 2001 2002
f 1800 2002 2003
f 1800 2003 1801
f 1801 2003 2004
f 1801 2004 1804
f 1801 1804 1803
f 1801 1803 1802
f 1804 2004 2005
f 1804 2005 1824
f 1804 1824 1823
f 1804 1823 1807
f 1804 1807 1805
f 1805 1807 1806
f 1809 1815 1810
f 1810 2006 1811
f 1810 1815 2007
f 1810 2007 2006
f 1811 2006 2008
f 1811 2008 1812
f 1812 2009 1817
f 1812 1817 1816
f 1812 1816 1813
f 1812 2008 2009
f 1815 2010 2007
f 1815 1822 2011
f 1815 2011 2010
f 1817 2009 2012
f 1817 2012 1818
f 1818 2012 2013
f 1818 2013 2014
f 1818 2014 1819
f 1820 2014 2013
f 1820 2013 2015
f 1820 2015 1821
f 1821 2016 2017
f 1821 2017 1826
f 1821 2015 2016
f 1822 2018 2011
f 1822 1825 2019
f 1822 2019 2020
f 1822 2020 2018
f 1824 2005 1825
f 1825 2005 2004
f 1825 2004 2021
f 1825 2021 2022
f 1825 2022 2019
f 1826 2017 1827
f 1827 2023 2024
f 1827 2024 1829
f 1827 1829 1828
f 1827 2017 2023
f 1829 2024 2023
f 1829 2023 2025
f 1829 2025 2026
f 1829 2026 2027
f 1829 2027 2028
f 1829 2028 1831
f 1831 2028 2027
f 1831 2027 1988
f 1832 1985 2029
f 1832 2029 1833
f 1833 2030 2031
f 1833 2031 1839
f 1833 2029 2030
f 1835 2032 1836
f 1835 1840 2032
f 1836 2032 2033
f 1836 2033 2034
f 1836 2034 1837
f 1837 2034 2036
f 1837 2036 2035
f 1837 2035 1841
f 1839 2031 1840
f 1840 2031 2032
f 1841 2035 2036
f 1841 2036 1842
f 1842 2036 1843
f 1843 2037 1844
f 1843 2036 2037
f 1844 2037 2038
f 1844 2038 2039
f 1844 2039 1845
f 1845 2039 1846
f 1846 2039 2040
f 1846 2040 2041
f 1846 2041 2042
f 1846 2042 1847
f 1847 2042 2043
f 1847 2043 2044
f 1847 2044 2045
f 1847 2045 2046
f 1847 2046 1848
f 1848 2046 1857
f 1848 1857 1852
f 1848 1852 1849
f 1852 1857 1853
f 1854 1855 1857
f 1854 1857 2046
f 1854 2046 2045
f 1854 2045 2047
f 1854 2047 1860
f 1854 1860 1856
f 1858 1870 1873
f 1858 1873 1859
f 1859 1873 1871
f 1861 2047 1862
f 1862 2048 2237
f 1862 2237 2049
f 1862 2049 1863
f 1862 2047 2048
f 1863 2049 2050
f 1863 2050 2051
f 1863 2051 1864
f 1864 2051 1865
f 1865 2052 2053
f 1865 2053 1866
f 1865 2051 2052
f 1866 2054 1868
f 1866 1868 1867
f 1866 2053 2055
f 1866 2055 2056
f 1866 2056 2057
f 1866 2057 2058
f 1866 2058 2054
f 1868 2059 2060
f 1868 2060 2061
f 1868 2061 2062
f 1868 2062 1869
f 1868 2054 2063
f 1868 2063 2064
f 1868 2064 2065
f 1868 2065 2066
f 1868 2066 2059
f 1869 2062 2067
f 1869 2067 1870
f 1870 2067 1873
f 1871 1873 1872
f 1873 2067 1874
f 1874 2067 2061
f 1874 2061 1875
f 1875 2061 1876
f 1876 2061 2059
f 1876 2059 2068
f 1876 2068 2069
f 1876 2069 1877
f 1877 2069 2070
f 1877 2070 1878
f 1878 2070 1879
f 1879 2070 2071
f 1879 2071 1880
f 1880 2071 2072
f 1880 2072 1881
f 1881 2072 2073
f 1881 2073 2074
f 1881 2074 2075
f 1881 2075 2076
f 1881 2076 1882
f 1882 2076 1883
f 1883 2076 2075
f 1883 2075 1886
f 1883 1886 1884
f 1886 2075 2077
f 1886 2077 2078
f 1886 2078 1887
f 1887 2078 2079
f 1887 2079 2080
f 1887 2080 2081
f 1887 2081 1904
f 1887 1904 1888
f 1892 1910 1893
f 1893 1910 2082
f 1893 2082 2083
f 1893 2083 1894
f 1894 2083 2084
f 1894 2084 2085
f 1894 2085 2086
f 1894 2086 2087
f 1894 2087 1895
f 1895 2088 1896
f 1895 2087 2088
f 1896 2088 1897
f 1897 2088 1899
f 1898 1899 1900
f 1899 2088 1900
f 1900 2088 2089
f 1900 2089 2090
f 1900 2090 2091
f 1900 2091 2092
f 1900 2092 2093
f 1900 2093 1903
f 1901 1903 2094
f 1901 2094 2095
f 1901 2095 2096
f 1901 2096 2097
f 1901 2097 1915
f 1901 1915 1902
f 1903 2093 2094
f 1904 2081 1905
f 1905 2081 2098
f 1905 2098 1906
f 1906 2098 2099
f 1906 2099 2100
f 1906 2100 1907
f 1907 2100 2101
f 1907 2101 1908
f 1908 2082 1909
f 1908 2101 2102
f 1908 2102 2082
f 1909 2082 1910
f 1911 1914 2103
f 1911 2103 2104
f 1911 2104 1919
f 1912 1917 1916
f 1912 1916 2105
f 1912 2105 2106
f 1912 2106 1913
f 1913 2106 2107
f 1913 2107 1914
f 1914 2107 2108
f 1914 2108 2109
f 1914 2109 2103
f 1915 2097 2110
f 1915 2110 1916
f 1916 2110 2096
f 1916 2096 2105
f 1918 1919 2111
f 1918 2111 1920
f 1919 2104 2112
f 1919 2112 2113
f 1919 2113 2111
f 1920 2114 1921
f 1920 2111 2115
f 1920 2115 2114
f 1921 2114 2116
f 1921 2116 1922
f 1922 2116 2117
f 1922 2117 1923
f 1923 2117 2118
f 1923 2118 1925
f 1923 1925 1924
f 1925 1927 1926
f 1925 2118 1927
f 1927 2118 2119
f 1927 2119 2120
f 1927 2120 1928
f 1928 2120 1929
f 1929 2120 2121
f 1929 2121 2122
f 1929 2122 1930
f 1930 2122 1931
f 1931 2122 1932
f 1932 2122 2123
f 1932 2123 2124
f 1932 2124 2125
f 1932 2125 2126
f 1932 2126 1933
f 1933 2126 1942
f 1933 1942 1941
f 1935 1946 2127
f 1935 2127 1936
f 1936 2128 2129
f 1936 2129 1937
f 1936 2127 2128
f 1937 2129 2128
f 1937 2128 1938
f 1938 2128 2130
f 1938 2130 1939
f 1939 2130 1957
f 1940 1944 1947
f 1942 2126 2132
f 1942 2132 1943
f 1943 2131 1944
f 1943 2132 2319
f 1943 2319 2131
f 1944 2131 2133
f 1944 2133 2134
f 1944 2134 2135
f 1944 2135 1947
f 1945 1947 1946
f 1946 2136 2127
f 1946 1947 2136
f 1947 2135 2136
f 1948 1949 2137
f 1948 2137 1950
f 1949 1957 2137
f 1950 2138 2139
f 1950 2139 2140
f 1950 2140 2141
f 1950 2141 1952
f 1950 1952 1951
f 1950 2137 2128
f 1950 2128 2142
f 1950 2142 2138
f 1952 2141 2143
f 1952 2143 1953
f 1953 2143 2144
f 1953 2144 2145
f 1953 2145 2146
f 1953 2146 2147
f 1953 2147 1954
f 1954 2147 1955
f 1955 2147 2148
f 1955 2148 2149
f 1955 2149 2150
f 1955 2150 2151
f 1955 2151 1956
f 1956 2151 2152
f 1956 2152 1965
f 1956 1965 1959
f 1957 2130 2153
f 1957 2153 2137
f 1960 1965 1961
f 1961 2154 2155
f 1961 2155 2156
f 1961 2156 1962
f 1961 1965 2157
f 1961 2157 2154
f 1962 2156 1963
f 1963 2158 1964
f 1963 2156 2158
f 1964 2159 2160
f 1964 2160 1966
f 1964 2158 2159
f 1965 2152 2161
f 1965 2161 2157
f 1966 2162 2163
f 1966 2163 1967
f 1966 2160 2162
f 1967 2163 2164
f 1967 2164 2165
f 1967 2165 1968
f 1972 2166 1973
f 1972 1976 2166
f 1973 2166 2167
f 1973 2167 2168
f 1973 2168 1979
f 1973 1979 1984
f 1973 1984 1983
f 1973 1983 1974
f 1976 1978 2169
f 1976 2169 2170
f 1976 2170 2166
f 1977 1989 2171
f 1977 2171 2172
f 1977 2172 2169
f 1977 2169 1978
f 1979 2173 2174
f 1979 2174 2175
f 1979 2175 1980
f 1979 2168 2351
f 1979 2351 2173
f 1980 2175 2176
f 1980 2176 1981
f 1981 2176 2177
f 1981 2177 2029
f 1981 2029 1985
f 1981 1985 1982
f 1986 2178 2179
f 1986 2179 1987
f 1986 1988 2178
f 1987 2179 2180
f 1987 2180 1989
f 1988 2027 2181
f 1988 2181 2179
f 1988 2179 2178
f 1989 2180 2171
f 1992 2182 1993
f 1993 2182 1994
f 1998 2000 2183
f 1998 2183 2184
f 1998 2184 2185
f 1998 2185 1999
f 2000 2186 2183
f 2001 2185 2187
f 2001 2187 2002
f 2002 2004 2003
f 2002 2187 2188
f 2002 2188 2004
f 2004 2189 2021
f 2004 2188 2190
f 2004 2190 2189
f 2006 2007 2191
f 2006 2191 2192
f 2006 2192 2009
f 2006 2009 2008
f 2007 2010 2191
f 2009 2192 2193
f 2009 2193 2194
f 2009 2194 2195
f 2009 2195 2196
f 2009 2196 2017
f 2009 2017 2016
f 2009 2016 2197
f 2009 2197 2013
f 2009 2013 2012
f 2010 2011 2191
f 2011 2018 2020
f 2011 2020 2198
f 2011 2198 2191
f 2013 2016 2015
f 2013 2197 2016
f 2017 2199 2200
f 2017 2200 2026
f 2017 2026 2025
f 2017 2025 2023
f 2017 2196 2201
f 2017 2201 2199
f 2019 2022 2202
f 2019 2202 2020
f 2020 2202 2203
f 2020 2203 2204
f 2020 2204 2396
f 2020 2396 2205
f 2020 2205 2198
f 2021 2189 2206
f 2021 2206 2022
f 2022 2207 2204
f 2022 2204 2203
f 2022 2203 2202
f 2022 2206 2208
f 2022 2208 2207
f 2026 2200 2181
f 2026 2181 2027
f 2029 2177 2209
f 2029 2209 2210
f 2029 2210 2030
f 2030 2211 2212
f 2030 2212 2031
f 2030 2210 2211
f 2031 2212 2213
f 2031 2213 2032
f 2032 2213 2033
f 2033 2214 2215
f 2033 2215 2216
f 2033 2216 2217
f 2033 2217 2218
f 2033 2218 2219
f 2033 2219 2220
f 2033 2220 2036
f 2033 2036 2034
f 2033 2213 2221
f 2033 2221 2222
f 2033 2222 2223
f 2033 2223 2214
f 2036 2220 2224
f 2036 2224 2037
f 2037 2224 2225
f 2037 2225 2226
f 2037 2226 2040
f 2037 2040 2227
f 2037 2227 2038
f 2038 2227 2039
f 2039 2227 2040
f 2040 2226 2228
f 2040 2228 2229
f 2040 2229 2041
f 2041 2229 2042
f 2042 2229 2230
f 2042 2230 2043
f 2043 2230 2231
f 2043 2231 2232
f 2043 2232 2233
f 2043 2233 2234
f 2043 2234 2044
f 2044 2234 2235
f 2044 2235 2045
f 2045 2235 2236
f 2045 2236 2237
f 2045 2237 2047
f 2047 2237 2048
f 2049 2237 2050
f 2050 2237 2238
f 2050 2238 2239
f 2050 2239 2052
f 2050 2052 2051
f 2052 2239 2053
f 2053 2239 2055
f 2054 2058 2240
f 2054 2240 2063
f 2055 2239 2241
f 2055 2241 2056
f 2056 2241 2242
f 2056 2242 2057
f 2057 2242 2243
f 2057 2243 2244
f 2057 2244 2245
f 2057 2245 2246
f 2057 2246 2058
f 2058 2246 2247
f 2058 2247 2240
f 2059 2066 2248
f 2059 2248 2249
f 2059 2249 2068
f 2059 2061 2060
f 2061 2067 2062
f 2063 2240 2250
f 2063 2250 2251
f 2063 2251 2065
f 2063 2065 2064
f 2065 2248 2066
f 2065 2251 2248
f 2068 2252 2069
f 2068 2249 2253
f 2068 2253 2252
f 2069 2071 2070
f 2069 2252 2254
f 2069 2254 2071
f 2071 2254 2072
f 2072 2254 2252
f 2072 2252 2255
f 2072 2255 2256
f 2072 2256 2073
f 2073 2256 2257
f 2073 2257 2074
f 2074 2077 2075
f 2074 2257 2077
f 2077 2257 2258
f 2077 2258 2259
f 2077 2259 2260
f 2077 2260 2078
f 2078 2260 2079
f 2079 2260 2261
f 2079 2261 2262
f 2079 2262 2263
f 2079 2263 2080
f 2080 2263 2098
f 2080 2098 2081
f 2082 2102 2264
f 2082 2264 2083
f 2083 2264 2265
f 2083 2265 2084
f 2084 2265 2085
f 2085 2266 2267
f 2085 2267 2086
f 2085 2265 2268
f 2085 2268 2269
f 2085 2269 2270
f 2085 2270 2266
f 2086 2267 2087
f 2087 2267 2266
f 2087 2266 2271
f 2087 2271 2272
f 2087 2272 2088
f 2088 2273 2090
f 2088 2090 2089
f 2088 2272 2273
f 2090 2273 2274
f 2090 2274 2275
f 2090 2275 2276
f 2090 2276 2277
f 2090 2277 2278
f 2090 2278 2279
f 2090 2279 2280
f 2090 2280 2281
f 2090 2281 2091
f 2091 2281 2282
f 2091 2282 2092
f 2092 2283 2093
f 2092 2282 2283
f 2093 2283 2094
f 2094 2284 2285
f 2094 2285 2286
f 2094 2286 2095
f 2094 2283 2284
f 2095 2286 2096
f 2096 2110 2097
f 2096 2286 2287
f 2096 2287 2285
f 2096 2285 2288
f 2096 2288 2105
f 2098 2263 2289
f 2098 2289 2099
f 2099 2289 2290
f 2099 2290 2100
f 2100 2290 2291
f 2100 2291 2292
f 2100 2292 2101
f 2101 2264 2102
f 2101 2292 2265
f 2101 2265 2264
f 2103 2109 2104
f 2104 2109 2293
f 2104 2293 2294
f 2104 2294 2112
f 2105 2288 2295
f 2105 2295 2106
f 2106 2295 2296
f 2106 2296 2107
f 2107 2297 2298
f 2107 2298 2299
f 2107 2299 2108
f 2107 2296 2297
f 2108 2299 2300
f 2108 2300 2109
f 2109 2300 2293
f 2111 2113 2301
f 2111 2301 2115
f 2112 2302 2303
f 2112 2303 2301
f 2112 2301 2113
f 2112 2294 2302
f 2114 2115 2304
f 2114 2304 2305
f 2114 2305 2306
f 2114 2306 2116
f 2115 2301 2307
f 2115 2307 2304
f 2116 2306 2117
f 2117 2306 2308
f 2117 2308 2118
f 2118 2308 2309
f 2118 2309 2119
f 2119 2309 2120
f 2120 2310 2311
f 2120 2311 2312
f 2120 2312 2313
f 2120 2313 2314
f 2120 2314 2121
f 2120 2309 2315
f 2120 2315 2316
f 2120 2316 2317
f 2120 2317 2310
f 2121 2314 2313
f 2121 2313 2122
f 2122 2313 2123
f 2123 2313 2318
f 2123 2318 2124
f 2124 2318 2319
f 2124 2319 2125
f 2125 2319 2132
f 2125 2132 2126
f 2127 2136 2320
f 2127 2320 2321
f 2127 2321 2322
f 2127 2322 2323
f 2127 2323 2128
f 2128 2322 2324
f 2128 2324 2142
f 2128 2137 2325
f 2128 2325 2130
f 2128 2323 2322
f 2130 2325 2153
f 2131 2319 2328
f 2131 2328 2133
f 2133 2326 2327
f 2133 2327 2134
f 2133 2328 2510
f 2133 2510 2326
f 2134 2329 2135
f 2134 2327 2329
f 2135 2329 2136
f 2136 2330 2320
f 2136 2329 2330
f 2137 2153 2325
f 2138 2142 2331
f 2138 2331 2332
f 2138 2332 2333
f 2138 2333 2139
f 2139 2333 2334
f 2139 2334 2335
f 2139 2335 2140
f 2140 2144 2141
f 2140 2335 2336
f 2140 2336 2146
f 2140 2146 2145
f 2140 2145 2144
f 2141 2144 2143
f 2142 2324 2322
f 2142 2322 2331
f 2146 2336 2147
f 2147 2336 2148
f 2148 2336 2337
f 2148 2337 2149
f 2149 2337 2338
f 2149 2338 2339
f 2149 2339 2150
f 2150 2339 2151
f 2151 2339 2340
f 2151 2340 2341
f 2151 2341 2342
f 2151 2342 2152
f 2152 2342 2161
f 2154 2157 2343
f 2154 2343 2344
f 2154 2344 2345
f 2154 2345 2155
f 2155 2345 2346
f 2155 2346 2159
f 2155 2159 2158
f 2155 2158 2156
f 2157 2161 2343
f 2159 2346 2347
f 2159 2347 2160
f 2160 2347 2162
f 2161 2342 2343
f 2162 2347 2348
f 2162 2348 2163
f 2163 2348 2164
f 2164 2348 2349
f 2166 2170 2167
f 2167 2350 2351
f 2167 2351 2168
f 2167 2170 2352
f 2167 2352 2350
f 2169 2172 2353
f 2169 2353 2352
f 2169 2352 2170
f 2171 2180 2354
f 2171 2354 2355
f 2171 2355 2353
f 2171 2353 2172
f 2173 2356 2357
f 2173 2357 2174
f 2173 2351 2548
f 2173 2548 2356
f 2174 2357 2175
f 2175 2358 2359
f 2175 2359 2360
f 2175 2360 2361
f 2175 2361 2222
f 2175 2222 2362
f 2175 2362 2176
f 2175 2357 2363
f 2175 2363 2358
f 2176 2362 2177
f 2177 2364 2210
f 2177 2210 2209
f 2177 2362 2364
f 2179 2181 2180
f 2180 2181 2365
f 2180 2365 2354
f 2181 2200 2365
f 2183 2188 2184
f 2183 2186 2188
f 2184 2188 2187
f 2184 2187 2185
f 2186 2366 2188
f 2188 2366 2190
f 2189 2367 2368
f 2189 2368 2206
f 2189 2190 2369
f 2189 2369 2367
f 2190 2370 2371
f 2190 2371 2369
f 2190 2366 2372
f 2190 2372 2373
f 2190 2373 2374
f 2190 2374 2375
f 2190 2375 2376
f 2190 2376 2377
f 2190 2377 2370
f 2191 2198 2378
f 2191 2378 2192
f 2192 2379 2193
f 2192 2378 2379
f 2193 2379 2380
f 2193 2380 2194
f 2194 2381 2195
f 2194 2380 2381
f 2195 2381 2382
f 2195 2382 2383
f 2195 2383 2196
f 2196 2383 2201
f 2198 2384 2378
f 2198 2205 2384
f 2199 2201 2385
f 2199 2385 2386
f 2199 2386 2387
f 2199 2387 2388
f 2199 2388 2200
f 2200 2388 2389
f 2200 2389 2390
f 2200 2390 2391
f 2200 2391 2354
f 2200 2354 2365
f 2201 2383 2392
f 2201 2392 2393
f 2201 2393 2394
f 2201 2394 2385
f 2204 2207 2208
f 2204 2208 2395
f 2204 2395 2396
f 2205 2396 2397
f 2205 2397 2384
f 2206 2368 2398
f 2206 2398 2208
f 2208 2398 2399
f 2208 2399 2395
f 2210 2364 2222
f 2210 2222 2221
f 2210 2221 2211
f 2211 2221 2213
f 2211 2213 2212
f 2214 2400 2215
f 2214 2223 2401
f 2214 2401 2400
f 2215 2402 2403
f 2215 2403 2216
f 2215 2400 2401
f 2215 2401 2402
f 2216 2404 2405
f 2216 2405 2217
f 2216 2403 2404
f 2217 2405 2406
f 2217 2406 2218
f 2218 2406 2405
f 2218 2405 2407
f 2218 2407 2408
f 2218 2408 2219
f 2219 2408 2220
f 2220 2408 2409
f 2220 2409 2224
f 2222 2410 2223
f 2222 2364 2362
f 2222 2361 2410
f 2223 2410 2602
f 2223 2602 2411
f 2223 2411 2401
f 2224 2409 2412
f 2224 2412 2225
f 2225 2412 2413
f 2225 2413 2226
f 2226 2413 2228
f 2228 2414 2415
f 2228 2415 2229
f 2228 2413 2414
f 2229 2415 2416
f 2229 2416 2231
f 2229 2231 2230
f 2231 2416 2417
f 2231 2417 2418
f 2231 2418 2233
f 2231 2233 2232
f 2233 2418 2419
f 2233 2419 2234
f 2234 2419 2420
f 2234 2420 2235
f 2235 2420 2421
f 2235 2421 2422
f 2235 2422 2423
f 2235 2423 2236
f 2236 2423 2237
f 2237 2423 2238
f 2238 2424 2241
f 2238 2241 2239
f 2238 2423 2424
f 2240 2247 2425
f 2240 2425 2250
f 2241 2426 2242
f 2241 2424 2426
f 2242 2427 2428
f 2242 2428 2429
f 2242 2429 2243
f 2242 2426 2427
f 2243 2429 2244
f 2244 2429 2245
f 2245 2247 2246
f 2245 2429 2430
f 2245 2430 2431
f 2245 2431 2247
f 2247 2431 2425
f 2248 2251 2249
f 2249 2251 2432
f 2249 2432 2433
f 2249 2433 2434
f 2249 2434 2253
f 2250 2425 2435
f 2250 2435 2433
f 2250 2433 2251
f 2251 2433 2432
f 2252 2436 2255
f 2252 2253 2437
f 2252 2437 2436
f 2253 2434 2438
f 2253 2438 2437
f 2255 2436 2439
f 2255 2439 2440
f 2255 2440 2441
f 2255 2441 2256
f 2256 2441 2442
f 2256 2442 2257
f 2257 2442 2443
f 2257 2443 2258
f 2258 2443 2444
f 2258 2444 2259
f 2259 2444 2445
f 2259 2445 2260
f 2260 2445 2261
f 2261 2445 2446
f 2261 2446 2262
f 2262 2446 2447
f 2262 2447 2448
f 2262 2448 2289
f 2262 2289 2263
f 2265 2292 2449
f 2265 2449 2268
f 2266 2450 2271
f 2266 2270 2451
f 2266 2451 2450
f 2268 2449 2452
f 2268 2452 2453
f 2268 2453 2454
f 2268 2454 2455
f 2268 2455 2456
f 2268 2456 2269
f 2269 2451 2270
f 2269 2456 2455
f 2269 2455 2457
f 2269 2457 2458
f 2269 2458 2459
f 2269 2459 2460
f 2269 2460 2451
f 2271 2450 2272
f 2272 2450 2461
f 2272 2461 2273
f 2273 2461 2274
f 2274 2461 2462
f 2274 2462 2463
f 2274 2463 2276
f 2274 2276 2275
f 2276 2464 2277
f 2276 2463 2464
f 2277 2464 2278
f 2278 2464 2465
f 2278 2465 2466
f 2278 2466 2467
f 2278 2467 2280
f 2278 2280 2279
f 2280 2467 2468
f 2280 2468 2469
f 2280 2469 2282
f 2280 2282 2281
f 2282 2469 2283
f 2283 2469 2470
f 2283 2470 2471
f 2283 2471 2284
f 2284 2471 2285
f 2285 2287 2286
f 2285 2471 2470
f 2285 2470 2288
f 2288 2470 2472
f 2288 2472 2473
f 2288 2473 2295
f 2289 2448 2474
f 2289 2474 2290
f 2290 2474 2475
f 2290 2475 2476
f 2290 2476 2477
f 2290 2477 2478
f 2290 2478 2291
f 2291 2478 2452
f 2291 2452 2449
f 2291 2449 2292
f 2293 2300 2479
f 2293 2479 2294
f 2294 2479 2480
f 2294 2480 2302
f 2295 2473 2481
f 2295 2481 2482
f 2295 2482 2483
f 2295 2483 2484
f 2295 2484 2296
f 2296 2484 2297
f 2297 2484 2298
f 2298 2484 2485
f 2298 2485 2486
f 2298 2486 2299
f 2299 2486 2479
f 2299 2479 2300
f 2301 2303 2487
f 2301 2487 2488
f 2301 2488 2307
f 2302 2489 2303
f 2302 2480 2490
f 2302 2490 2489
f 2303 2489 2491
f 2303 2491 2488
f 2303 2488 2487
f 2304 2488 2305
f 2304 2307 2488
f 2305 2488 2315
f 2305 2315 2306
f 2306 2315 2308
f 2308 2315 2309
f 2310 2492 2493
f 2310 2493 2494
f 2310 2494 2495
f 2310 2495 2311
f 2310 2317 2492
f 2311 2495 2312
f 2312 2495 2313
f 2313 2495 2318
f 2315 2488 2491
f 2315 2491 2496
f 2315 2496 2317
f 2315 2317 2316
f 2317 2497 2498
f 2317 2498 2492
f 2317 2496 2491
f 2317 2491 2499
f 2317 2499 2500
f 2317 2500 2497
f 2318 2495 2501
f 2318 2501 2319
f 2319 2501 2328
f 2320 2330 2502
f 2320 2502 2503
f 2320 2503 2504
f 2320 2504 2505
f 2320 2505 2321
f 2321 2505 2506
f 2321 2506 2507
f 2321 2507 2322
f 2322 2507 2508
f 2322 2508 2331
f 2326 2509 2327
f 2326 2510 2701
f 2326 2701 2509
f 2327 2511 2329
f 2327 2509 2511
f 2328 2501 2702
f 2328 2702 2510
f 2329 2511 2512
f 2329 2512 2513
f 2329 2513 2514
f 2329 2514 2515
f 2329 2515 2516
f 2329 2516 2330
f 2330 2517 2502
f 2330 2516 2518
f 2330 2518 2517
f 2331 2519 2332
f 2331 2508 2520
f 2331 2520 2519
f 2332 2521 2333
f 2332 2519 2522
f 2332 2522 2521
f 2333 2521 2523
f 2333 2523 2524
f 2333 2524 2334
f 2334 2336 2335
f 2334 2524 2525
f 2334 2525 2526
f 2334 2526 2527
f 2334 2527 2528
f 2334 2528 2529
f 2334 2529 2530
f 2334 2530 2337
f 2334 2337 2336
f 2337 2530 2531
f 2337 2531 2338
f 2338 2531 2339
f 2339 2531 2340
f 2340 2531 2341
f 2341 2532 2533
f 2341 2533 2534
f 2341 2534 2535
f 2341 2535 2342
f 2341 2531 2528
f 2341 2528 2532
f 2342 2535 2343
f 2343 2534 2536
f 2343 2536 2537
f 2343 2537 2344
f 2343 2535 2534
f 2344 2537 2538
f 2344 2538 2539
f 2344 2539 2345
f 2345 2539 2540
f 2345 2540 2541
f 2345 2541 2346
f 2346 2541 2542
f 2346 2542 2543
f 2346 2543 2347
f 2347 2543 2348
f 2348 2543 2349
f 2349 2543 2544
f 2350 2352 2545
f 2350 2545 2546
f 2350 2546 2547
f 2350 2547 2351
f 2351 2547 2548
f 2352 2353 2355
f 2352 2355 2545
f 2354 2391 2355
f 2355 2391 2549
f 2355 2549 2550
f 2355 2550 2546
f 2355 2546 2545
f 2356 2363 2357
f 2356 2548 2561
f 2356 2561 2363
f 2358 2551 2359
f 2358 2363 2552
f 2358 2552 2553
f 2358 2553 2554
f 2358 2554 2551
f 2359 2551 2555
f 2359 2555 2360
f 2360 2555 2556
f 2360 2556 2557
f 2360 2557 2361
f 2361 2557 2558
f 2361 2558 2559
f 2361 2559 2410
f 2363 2560 2552
f 2363 2561 2757
f 2363 2757 2560
f 2367 2562 2368
f 2367 2369 2563
f 2367 2563 2562
f 2368 2562 2399
f 2368 2399 2398
f 2369 2371 2563
f 2370 2564 2371
f 2370 2377 2564
f 2371 2564 2563
f 2377 2565 2566
f 2377 2566 2564
f 2378 2384 2567
f 2378 2567 2379
f 2379 2568 2569
f 2379 2569 2380
f 2379 2567 2570
f 2379 2570 2568
f 2380 2569 2381
f 2381 2571 2572
f 2381 2572 2573
f 2381 2573 2574
f 2381 2574 2382
f 2381 2569 2575
f 2381 2575 2571
f 2382 2574 2576
f 2382 2576 2383
f 2383 2576 2392
f 2384 2397 2567
f 2385 2394 2577
f 2385 2577 2578
f 2385 2578 2386
f 2386 2578 2579
f 2386 2579 2387
f 2387 2580 2581
f 2387 2581 2389
f 2387 2389 2388
f 2387 2579 2580
f 2389 2581 2582
f 2389 2582 2583
f 2389 2583 2584
f 2389 2584 2390
f 2390 2584 2585
f 2390 2585 2586
f 2390 2586 2391
f 2391 2587 2588
f 2391 2588 2589
f 2391 2589 2549
f 2391 2586 2590
f 2391 2590 2587
f 2392 2576 2591
f 2392 2591 2592
f 2392 2592 2393
f 2393 2592 2593
f 2393 2593 2577
f 2393 2577 2394
f 2395 2399 2594
f 2395 2594 2595
f 2395 2595 2596
f 2395 2596 2396
f 2396 2596 2397
f 2397 2596 2597
f 2397 2597 2598
f 2397 2598 2599
f 2397 2599 2600
f 2397 2600 2567
f 2399 2562 2564
f 2399 2564 2566
f 2399 2566 2601
f 2399 2601 2594
f 2401 2411 2403
f 2401 2403 2402
f 2403 2411 2602
f 2403 2602 2603
f 2403 2603 2556
f 2403 2556 2604
f 2403 2604 2605
f 2403 2605 2606
f 2403 2606 2607
f 2403 2607 2608
f 2403 2608 2404
f 2404 2608 2609
f 2404 2609 2405
f 2405 2609 2608
f 2405 2608 2610
f 2405 2610 2611
f 2405 2611 2407
f 2407 2611 2408
f 2408 2611 2409
f 2409 2611 2612
f 2409 2612 2613
f 2409 2613 2412
f 2410 2559 2602
f 2412 2614 2413
f 2412 2613 2614
f 2413 2614 2414
f 2414 2615 2415
f 2414 2614 2615
f 2415 2615 2416
f 2416 2616 2617
f 2416 2617 2417
f 2416 2615 2616
f 2417 2617 2618
f 2417 2618 2619
f 2417 2619 2620
f 2417 2620 2418
f 2418 2620 2419
f 2419 2620 2621
f 2419 2621 2421
f 2419 2421 2420
f 2421 2621 2622
f 2421 2622 2422
f 2422 2622 2623
f 2422 2623 2624
f 2422 2624 2423
f 2423 2624 2424
f 2424 2625 2426
f 2424 2624 2625
f 2425 2431 2626
f 2425 2626 2627
f 2425 2627 2435
f 2426 2625 2628
f 2426 2628 2629
f 2426 2629 2427
f 2427 2630 2631
f 2427 2631 2428
f 2427 2629 2630
f 2428 2631 2429
f 2429 2631 2632
f 2429 2632 2633
f 2429 2633 2430
f 2430 2633 2431
f 2431 2633 2626
f 2433 2435 2634
f 2433 2634 2434
f 2434 2634 2438
f 2435 2627 2635
f 2435 2635 2634
f 2436 2437 2439
f 2437 2636 2439
f 2437 2438 2636
f 2438 2637 2638
f 2438 2638 2636
f 2438 2634 2639
f 2438 2639 2640
f 2438 2640 2637
f 2439 2636 2638
f 2439 2638 2440
f 2440 2638 2637
f 2440 2637 2441
f 2441 2637 2641
f 2441 2641 2642
f 2441 2642 2442
f 2442 2642 2443
f 2443 2642 2445
f 2443 2445 2444
f 2445 2642 2643
f 2445 2643 2446
f 2446 2643 2644
f 2446 2644 2645
f 2446 2645 2646
f 2446 2646 2647
f 2446 2647 2474
f 2446 2474 2447
f 2447 2474 2448
f 2450 2451 2648
f 2450 2648 2461
f 2451 2460 2648
f 2452 2478 2453
f 2453 2478 2649
f 2453 2649 2454
f 2454 2649 2650
f 2454 2650 2651
f 2454 2651 2652
f 2454 2652 2455
f 2455 2652 2653
f 2455 2653 2654
f 2455 2654 2655
f 2455 2655 2457
f 2457 2655 2458
f 2458 2655 2459
f 2459 2655 2656
f 2459 2656 2657
f 2459 2657 2460
f 2460 2657 2858
f 2460 2858 2658
f 2460 2658 2659
f 2460 2659 2648
f 2461 2648 2462
f 2462 2648 2660
f 2462 2660 2661
f 2462 2661 2463
f 2463 2662 2465
f 2463 2465 2464
f 2463 2661 2662
f 2465 2662 2661
f 2465 2661 2663
f 2465 2663 2664
f 2465 2664 2466
f 2466 2665 2666
f 2466 2666 2467
f 2466 2664 2665
f 2467 2666 2667
f 2467 2667 2470
f 2467 2470 2468
f 2468 2470 2469
f 2470 2667 2472
f 2472 2667 2668
f 2472 2668 2473
f 2473 2668 2481
f 2474 2647 2475
f 2475 2647 2669
f 2475 2669 2670
f 2475 2670 2476
f 2476 2670 2671
f 2476 2671 2672
f 2476 2672 2673
f 2476 2673 2674
f 2476 2674 2675
f 2476 2675 2477
f 2477 2675 2478
f 2478 2675 2650
f 2478 2650 2649
f 2479 2486 2676
f 2479 2676 2677
f 2479 2677 2480
f 2480 2677 2678
f 2480 2678 2679
f 2480 2679 2490
f 2481 2668 2680
f 2481 2680 2681
f 2481 2681 2682
f 2481 2682 2482
f 2482 2682 2483
f 2483 2682 2683
f 2483 2683 2485
f 2483 2485 2484
f 2485 2683 2682
f 2485 2682 2684
f 2485 2684 2685
f 2485 2685 2486
f 2486 2685 2676
f 2489 2686 2706
f 2489 2706 2499
f 2489 2499 2491
f 2489 2490 2687
f 2489 2687 2686
f 2490 2679 2687
f 2492 2688 2493
f 2492 2498 2688
f 2493 2688 2689
f 2493 2689 2690
f 2493 2690 2691
f 2493 2691 2692
f 2493 2692 2693
f 2493 2693 2494
f 2494 2693 2694
f 2494 2694 2695
f 2494 2695 2696
f 2494 2696 2697
f 2494 2697 2495
f 2495 2697 2698
f 2495 2698 2699
f 2495 2699 2700
f 2495 2700 2701
f 2495 2701 2702
f 2495 2702 2501
f 2497 2703 2704
f 2497 2704 2705
f 2497 2705 2498
f 2497 2500 2703
f 2498 2705 2688
f 2499 2706 2707
f 2499 2707 2500
f 2500 2707 2703
f 2502 2708 2503
f 2502 2517 2709
f 2502 2709 2710
f 2502 2710 2708
f 2503 2708 2505
f 2503 2505 2504
f 2505 2711 2712
f 2505 2712 2506
f 2505 2708 2906
f 2505 2906 2711
f 2506 2712 2507
f 2507 2713 2714
f 2507 2714 2508
f 2507 2712 2713
f 2508 2714 2520
f 2509 2715 2511
f 2509 2701 2900
f 2509 2900 2715
f 2510 2702 2701
f 2511 2715 2512
f 2512 2715 2716
f 2512 2716 2513
f 2513 2717 2718
f 2513 2718 2710
f 2513 2710 2709
f 2513 2709 2514
f 2513 2716 2717
f 2514 2709 2518
f 2514 2518 2515
f 2515 2518 2516
f 2517 2518 2709
f 2519 2520 2719
f 2519 2719 2522
f 2520 2714 2713
f 2520 2713 2719
f 2521 2522 2720
f 2521 2720 2523
f 2522 2721 2720
f 2522 2719 2721
f 2523 2720 2722
f 2523 2722 2524
f 2524 2723 2525
f 2524 2722 2723
f 2525 2723 2724
f 2525 2724 2725
f 2525 2725 2726
f 2525 2726 2727
f 2525 2727 2728
f 2525 2728 2729
f 2525 2729 2526
f 2526 2729 2730
f 2526 2730 2527
f 2527 2730 2731
f 2527 2731 2732
f 2527 2732 2528
f 2528 2531 2529
f 2528 2732 2532
f 2529 2531 2530
f 2532 2732 2733
f 2532 2733 2533
f 2533 2733 2534
f 2534 2734 2735
f 2534 2735 2736
f 2534 2736 2536
f 2534 2733 2734
f 2536 2736 2537
f 2537 2736 2538
f 2538 2736 2737
f 2538 2737 2539
f 2539 2737 2738
f 2539 2738 2540
f 2540 2738 2938
f 2540 2938 2739
f 2540 2739 2740
f 2540 2740 2541
f 2541 2740 2741
f 2541 2741 2742
f 2541 2742 2542
f 2542 2742 2543
f 2543 2742 2544
f 2546 2743 2744
f 2546 2744 2745
f 2546 2745 2547
f 2546 2550 2746
f 2546 2746 2747
f 2546 2747 2748
f 2546 2748 2743
f 2547 2745 2561
f 2547 2561 2548
f 2549 2589 2749
f 2549 2749 2747
f 2549 2747 2746
f 2549 2746 2550
f 2551 2750 2555
f 2551 2554 2750
f 2552 2560 2553
f 2553 2560 2751
f 2553 2751 2554
f 2554 2752 2750
f 2554 2751 2950
f 2554 2950 2752
f 2555 2750 2556
f 2556 2753 2754
f 2556 2754 2604
f 2556 2603 2755
f 2556 2755 2558
f 2556 2558 2557
f 2556 2750 2756
f 2556 2756 2753
f 2558 2755 2559
f 2559 2755 2602
f 2560 2757 2951
f 2560 2951 2751
f 2561 2745 2757
f 2562 2563 2564
f 2565 2758 2759
f 2565 2759 2601
f 2565 2601 2566
f 2567 2600 2599
f 2567 2599 2760
f 2567 2760 2570
f 2568 2575 2569
f 2568 2570 2761
f 2568 2761 2762
f 2568 2762 2767
f 2568 2767 2575
f 2570 2760 2761
f 2571 2763 2764
f 2571 2764 2765
f 2571 2765 2766
f 2571 2766 2572
f 2571 2575 2767
f 2571 2767 2763
f 2572 2766 2768
f 2572 2768 2573
f 2573 2768 2574
f 2574 2768 2576
f 2576 2765 2769
f 2576 2769 2591
f 2576 2768 2765
f 2577 2593 2770
f 2577 2770 2580
f 2577 2580 2578
f 2578 2580 2579
f 2580 2771 2582
f 2580 2582 2581
f 2580 2770 2771
f 2582 2771 2772
f 2582 2772 2583
f 2583 2772 2584
f 2584 2772 2586
f 2584 2586 2585
f 2586 2772 2773
f 2586 2773 2774
f 2586 2774 2587
f 2586 2587 2590
f 2587 2774 2588
f 2588 2774 2775
f 2588 2775 2589
f 2589 2775 2749
f 2591 2776 2592
f 2591 2769 2776
f 2592 2776 2593
f 2593 2776 2777
f 2593 2777 2770
f 2594 2601 2778
f 2594 2778 2595
f 2595 2779 2780
f 2595 2780 2596
f 2595 2778 2781
f 2595 2781 2779
f 2596 2780 2782
f 2596 2782 2783
f 2596 2783 2784
f 2596 2784 2597
f 2597 2785 2598
f 2597 2784 2785
f 2598 2785 2786
f 2598 2786 2599
f 2599 2786 2760
f 2601 2759 2778
f 2602 2755 2603
f 2604 2787 2788
f 2604 2788 2605
f 2604 2754 2787
f 2605 2788 2606
f 2606 2789 2790
f 2606 2790 2607
f 2606 2788 2789
f 2607 2790 2994
f 2607 2994 2791
f 2607 2791 2608
f 2608 2791 2610
f 2610 2791 2996
f 2610 2996 2792
f 2610 2792 2793
f 2610 2793 2611
f 2611 2793 2612
f 2612 2794 2613
f 2612 2793 2792
f 2612 2792 2794
f 2613 2794 2795
f 2613 2795 2796
f 2613 2796 2614
f 2614 2796 2797
f 2614 2797 2798
f 2614 2798 2799
f 2614 2799 2800
f 2614 2800 2801
f 2614 2801 2615
f 2615 2801 2802
f 2615 2802 2803
f 2615 2803 2616
f 2616 2803 2804
f 2616 2804 2617
f 2617 2804 2805
f 2617 2805 2806
f 2617 2806 2807
f 2617 2807 2618
f 2618 2808 2809
f 2618 2809 2810
f 2618 2810 2811
f 2618 2811 2619
f 2618 2807 2812
f 2618 2812 2813
f 2618 2813 3008
f 2618 3008 2808
f 2619 2811 2814
f 2619 2814 2620
f 2620 2814 2621
f 2621 2814 2815
f 2621 2815 2622
f 2622 2815 2816
f 2622 2816 2623
f 2623 2816 2817
f 2623 2817 2624
f 2624 2817 2815
f 2624 2815 2818
f 2624 2818 2819
f 2624 2819 2625
f 2625 2819 2820
f 2625 2820 2628
f 2626 2821 2822
f 2626 2822 2824
f 2626 2824 2823
f 2626 2823 2627
f 2626 2633 2821
f 2627 2823 2824
f 2627 2824 2825
f 2627 2825 2826
f 2627 2826 2827
f 2627 2827 2635
f 2628 2820 2828
f 2628 2828 2629
f 2629 2828 2829
f 2629 2829 2830
f 2629 2830 2630
f 2630 2830 2831
f 2630 2831 2832
f 2630 2832 2631
f 2631 2832 2833
f 2631 2833 2632
f 2632 2833 2834
f 2632 2834 2835
f 2632 2835 2836
f 2632 2836 2837
f 2632 2837 2838
f 2632 2838 2633
f 2633 2838 2837
f 2633 2837 2839
f 2633 2839 2840
f 2633 2840 2821
f 2634 2635 2827
f 2634 2827 2639
f 2637 2640 2841
f 2637 2841 2842
f 2637 2842 2641
f 2639 2841 2640
f 2639 2827 2843
f 2639 2843 2844
f 2639 2844 2841
f 2641 2842 2845
f 2641 2845 2846
f 2641 2846 2642
f 2642 2846 2643
f 2643 2846 2644
f 2644 2846 2847
f 2644 2847 2848
f 2644 2848 2849
f 2644 2849 2645
f 2645 2849 2850
f 2645 2850 2646
f 2646 2850 2669
f 2646 2669 2647
f 2648 2659 2660
f 2650 2675 2674
f 2650 2674 2651
f 2651 2674 2652
f 2652 2674 2673
f 2652 2673 2851
f 2652 2851 2852
f 2652 2852 2653
f 2653 2852 2853
f 2653 2853 2854
f 2653 2854 2855
f 2653 2855 2654
f 2654 2855 2656
f 2654 2656 2655
f 2656 2855 2856
f 2656 2856 2857
f 2656 2857 2858
f 2656 2858 2657
f 2658 2858 2659
f 2659 2859 2660
f 2659 2858 2860
f 2659 2860 2861
f 2659 2861 2862
f 2659 2862 2859
f 2660 2859 2863
f 2660 2863 2661
f 2661 2863 2663
f 2663 2863 2864
f 2663 2864 2664
f 2664 2864 2865
f 2664 2865 2665
f 2665 2866 2867
f 2665 2867 2868
f 2665 2868 2666
f 2665 2865 2869
f 2665 2869 2866
f 2666 2870 2871
f 2666 2871 2667
f 2666 2868 2870
f 2667 2871 2872
f 2667 2872 2668
f 2668 2872 2873
f 2668 2873 2680
f 2669 2850 2670
f 2670 2874 2671
f 2670 2850 2874
f 2671 2874 2875
f 2671 2875 3071
f 2671 3071 2876
f 2671 2876 2877
f 2671 2877 2672
f 2672 2877 2852
f 2672 2852 2851
f 2672 2851 2673
f 2676 2878 2677
f 2676 2685 2879
f 2676 2879 2878
f 2677 2878 2678
f 2678 2878 2880
f 2678 2880 2881
f 2678 2881 2679
f 2679 2881 2687
f 2680 2873 2681
f 2681 2873 2882
f 2681 2882 2883
f 2681 2883 2682
f 2682 2884 2684
f 2682 2883 2884
f 2684 2884 2885
f 2684 2885 2685
f 2685 2885 2879
f 2686 2886 2903
f 2686 2903 2706
f 2686 2687 2886
f 2687 2887 2888
f 2687 2888 2886
f 2687 2881 2887
f 2688 2889 2890
f 2688 2890 2689
f 2688 2705 2704
f 2688 2704 2889
f 2689 2890 2889
f 2689 2889 2891
f 2689 2891 2691
f 2689 2691 2690
f 2691 2892 2893
f 2691 2893 2894
f 2691 2894 2694
f 2691 2694 2693
f 2691 2693 2692
f 2691 2891 2892
f 2694 2894 2895
f 2694 2895 2896
f 2694 2896 2695
f 2695 2896 2696
f 2696 2896 2698
f 2696 2698 2697
f 2698 2896 2699
f 2699 2896 2895
f 2699 2895 2897
f 2699 2897 2898
f 2699 2898 2899
f 2699 2899 3094
f 2699 3094 2900
f 2699 2900 2700
f 2700 2900 2701
f 2703 2707 2901
f 2703 2901 2704
f 2704 2901 2902
f 2704 2902 2889
f 2706 2903 2707
f 2707 2904 3095
f 2707 3095 2901
f 2707 2903 2905
f 2707 2905 2904
f 2708 2710 2906
f 2710 2718 2906
f 2711 2907 2712
f 2711 2906 2718
f 2711 2718 2907
f 2712 2907 2713
f 2713 2907 2908
f 2713 2908 2719
f 2715 2909 2716
f 2715 2900 3094
f 2715 3094 2909
f 2716 2910 2911
f 2716 2911 2717
f 2716 2909 2912
f 2716 2912 2910
f 2717 2911 2913
f 2717 2913 2914
f 2717 2914 2718
f 2718 2915 2916
f 2718 2916 2917
f 2718 2917 2918
f 2718 2918 2919
f 2718 2919 2907
f 2718 2914 2920
f 2718 2920 2915
f 2719 2908 2921
f 2719 2921 2721
f 2720 2922 2923
f 2720 2923 2722
f 2720 2721 2922
f 2721 2921 2924
f 2721 2924 2922
f 2722 2923 2724
f 2722 2724 2723
f 2724 2923 2725
f 2725 2925 2726
f 2725 2923 3115
f 2725 3115 2925
f 2726 2925 2926
f 2726 2926 2928
f 2726 2928 2727
f 2727 2927 2728
f 2727 2928 3122
f 2727 3122 2929
f 2727 2929 2930
f 2727 2930 2927
f 2728 2927 2730
f 2728 2730 2729
f 2730 2927 2931
f 2730 2931 2731
f 2731 2931 2932
f 2731 2932 2732
f 2732 2932 2933
f 2732 2933 2733
f 2733 2933 2734
f 2734 2934 2735
f 2734 2933 2934
f 2735 2934 2935
f 2735 2935 2936
f 2735 2936 2937
f 2735 2937 2736
f 2736 2937 2737
f 2737 2937 2938
f 2737 2938 2738
f 2739 2938 2939
f 2739 2939 2740
f 2740 2939 2940
f 2740 2940 2741
f 2741 2940 2941
f 2741 2941 2942
f 2741 2942 2943
f 2741 2943 2944
f 2741 2944 2742
f 2743 2945 2744
f 2743 2748 2946
f 2743 2946 2947
f 2743 2947 2945
f 2744 2945 2757
f 2744 2757 2745
f 2747 2749 2748
f 2748 2749 2948
f 2748 2948 2946
f 2749 2775 2949
f 2749 2949 2946
f 2749 2946 2948
f 2750 2752 2756
f 2751 2951 3136
f 2751 3136 2950
f 2752 2950 2952
f 2752 2952 2953
f 2752 2953 2954
f 2752 2954 2955
f 2752 2955 2956
f 2752 2956 2756
f 2753 2756 2957
f 2753 2957 2754
f 2754 2957 2958
f 2754 2958 2959
f 2754 2959 2960
f 2754 2960 2961
f 2754 2961 2962
f 2754 2962 2787
f 2756 2956 2957
f 2757 2945 2951
f 2758 2963 2781
f 2758 2781 2778
f 2758 2778 2759
f 2760 2786 2761
f 2761 2964 2965
f 2761 2965 2968
f 2761 2968 2762
f 2761 2786 2966
f 2761 2966 2967
f 2761 2967 2964
f 2762 2968 2973
f 2762 2973 2767
f 2763 2969 2764
f 2763 2767 2973
f 2763 2973 2969
f 2764 2969 2970
f 2764 2970 3162
f 2764 3162 2971
f 2764 2971 2765
f 2765 2971 2972
f 2765 2972 2770
f 2765 2770 2777
f 2765 2777 2769
f 2765 2768 2766
f 2769 2777 2776
f 2770 2972 2974
f 2770 2974 2975
f 2770 2975 2976
f 2770 2976 2772
f 2770 2772 2771
f 2772 2976 2977
f 2772 2977 2774
f 2772 2774 2773
f 2774 2977 2978
f 2774 2978 2979
f 2774 2979 2980
f 2774 2980 2981
f 2774 2981 2947
f 2774 2947 2949
f 2774 2949 2775
f 2779 2982 2983
f 2779 2983 2780
f 2779 2781 2984
f 2779 2984 2982
f 2780 2983 2782
f 2781 2963 2984
f 2782 2983 2982
f 2782 2982 2985
f 2782 2985 2986
f 2782 2986 3155
f 2782 3155 2987
f 2782 2987 2988
f 2782 2988 2783
f 2783 2988 2785
f 2783 2785 2784
f 2785 2988 2786
f 2786 2988 2987
f 2786 2987 2966
f 2787 2989 2990
f 2787 2990 2788
f 2787 2962 2961
f 2787 2961 2989
f 2788 2990 2989
f 2788 2989 2789
f 2789 2991 2992
f 2789 2992 2993
f 2789 2993 2790
f 2789 2989 2991
f 2790 2993 2994
f 2791 2994 2995
f 2791 2995 2996
f 2792 2996 2997
f 2792 2997 2794
f 2794 2997 2998
f 2794 2998 2999
f 2794 2999 3000
f 2794 3000 2795
f 2795 3000 2797
f 2795 2797 2796
f 2797 3000 2999
f 2797 2999 2798
f 2798 2998 3001
f 2798 3001 3002
f 2798 3002 2800
f 2798 2800 2799
f 2798 2999 2998
f 2800 3002 3003
f 2800 3003 2802
f 2800 2802 2801
f 2802 3003 2803
f 2803 3003 3004
f 2803 3004 2804
f 2804 3005 2805
f 2804 3004 3005
f 2805 3005 2806
f 2806 3006 3007
f 2806 3007 3008
f 2806 3008 2813
f 2806 2813 2812
f 2806 2812 2807
f 2806 3005 3006
f 2808 3008 3009
f 2808 3009 2809
f 2809 3010 3011
f 2809 3011 2811
f 2809 2811 2810
f 2809 3009 3010
f 2811 2818 2815
f 2811 2815 2814
f 2811 3011 3012
f 2811 3012 3013
f 2811 3013 3014
f 2811 3014 2820
f 2811 2820 3015
f 2811 3015 2819
f 2811 2819 2818
f 2815 2817 2816
f 2819 3015 2820
f 2820 3014 2829
f 2820 2829 2828
f 2821 2840 3016
f 2821 3016 3017
f 2821 3017 2822
f 2822 3017 2824
f 2824 3018 3019
f 2824 3019 2825
f 2824 3017 3020
f 2824 3020 3021
f 2824 3021 3018
f 2825 3019 2826
f 2826 3019 2827
f 2827 3019 3022
f 2827 3022 2843
f 2829 3014 3023
f 2829 3023 2831
f 2829 2831 2830
f 2831 3023 3024
f 2831 3024 2832
f 2832 3025 2833
f 2832 3024 3025
f 2833 3025 2834
f 2834 3025 3026
f 2834 3026 2835
f 2835 3026 3027
f 2835 3027 2836
f 2836 3027 3028
f 2836 3028 3029
f 2836 3029 3030
f 2836 3030 2837
f 2837 3030 3031
f 2837 3031 3032
f 2837 3032 3016
f 2837 3016 2839
f 2839 3016 2840
f 2841 2844 2842
f 2842 2844 3033
f 2842 3033 2845
f 2843 3022 3019
f 2843 3019 3034
f 2843 3034 3035
f 2843 3035 3036
f 2843 3036 3037
f 2843 3037 3038
f 2843 3038 3039
f 2843 3039 2844
f 2844 3039 3038
f 2844 3038 3040
f 2844 3040 3033
f 2845 3033 3041
f 2845 3041 3042
f 2845 3042 2846
f 2846 3042 2847
f 2847 3043 2848
f 2847 3042 3043
f 2848 3043 3044
f 2848 3044 3045
f 2848 3045 2849
f 2849 3045 3046
f 2849 3046 2874
f 2849 2874 2850
f 2852 2877 2853
f 2853 2877 3047
f 2853 3047 3048
f 2853 3048 2854
f 2854 3049 2856
f 2854 2856 2855
f 2854 3048 3050
f 2854 3050 3049
f 2856 3049 3051
f 2856 3051 3052
f 2856 3052 2857
f 2857 3052 2858
f 2858 3053 3054
f 2858 3054 2860
f 2858 3052 3053
f 2859 2862 2863
f 2860 3054 2861
f 2861 3054 2862
f 2862 3054 3055
f 2862 3055 3056
f 2862 3056 3057
f 2862 3057 2863
f 2863 3057 2864
f 2864 3058 3059
f 2864 3059 3060
f 2864 3060 2865
f 2864 3057 3061
f 2864 3061 3058
f 2865 3060 3062
f 2865 3062 2869
f 2866 2869 3062
f 2866 3062 3063
f 2866 3063 3064
f 2866 3064 3065
f 2866 3065 2867
f 2867 3065 3066
f 2867 3066 3067
f 2867 3067 3068
f 2867 3068 2870
f 2867 2870 2868
f 2870 3068 3069
f 2870 3069 2871
f 2871 3069 2872
f 2872 3069 2873
f 2873 3069 2882
f 2874 3046 2875
f 2875 3046 3070
f 2875 3070 3071
f 2876 3071 3258
f 2876 3258 3072
f 2876 3072 2877
f 2877 3072 3047
f 2878 3073 2880
f 2878 2879 3073
f 2879 3074 3075
f 2879 3075 3073
f 2879 2885 3076
f 2879 3076 3074
f 2880 3073 2881
f 2881 3077 3078
f 2881 3078 2888
f 2881 2888 2887
f 2881 3073 3075
f 2881 3075 3079
f 2881 3079 3080
f 2881 3080 3077
f 2882 3069 3068
f 2882 3068 3067
f 2882 3067 3081
f 2882 3081 2883
f 2883 3081 3082
f 2883 3082 2884
f 2884 3082 3083
f 2884 3083 2885
f 2885 3083 3076
f 2886 2888 2905
f 2886 2905 2903
f 2888 3078 3084
f 2888 3084 2905
f 2889 3085 2891
f 2889 2902 3085
f 2891 3085 3086
f 2891 3086 2892
f 2892 3086 3087
f 2892 3087 3088
f 2892 3088 3089
f 2892 3089 3090
f 2892 3090 2898
f 2892 2898 2897
f 2892 2897 2893
f 2893 2897 2894
f 2894 2897 2895
f 2898 3091 2899
f 2898 3090 3091
f 2899 3091 3092
f 2899 3092 3093
f 2899 3093 3094
f 2901 3095 2902
f 2902 3095 3086
f 2902 3086 3085
f 2904 3096 3097
f 2904 3097 3095
f 2904 2905 3084
f 2904 3084 3271
f 2904 3271 3096
f 2907 2919 2908
f 2908 2919 2924
f 2908 2924 2921
f 2909 3094 3102
f 2909 3102 2912
f 2910 3098 3099
f 2910 3099 2911
f 2910 2912 3098
f 2911 3099 3100
f 2911 3100 2913
f 2912 3101 3098
f 2912 3102 3286
f 2912 3286 3101
f 2913 3100 3103
f 2913 3103 3104
f 2913 3104 2914
f 2914 3104 2920
f 2915 3105 2916
f 2915 2920 3106
f 2915 3106 3105
f 2916 3105 3107
f 2916 3107 2917
f 2917 3107 3105
f 2917 3105 3108
f 2917 3108 3109
f 2917 3109 3110
f 2917 3110 2919
f 2917 2919 2918
f 2919 3110 3111
f 2919 3111 3112
f 2919 3112 3113
f 2919 3113 2924
f 2920 3104 3106
f 2922 3114 3115
f 2922 3115 2923
f 2922 2924 3114
f 2924 3116 3117
f 2924 3117 3118
f 2924 3118 3114
f 2924 3113 3119
f 2924 3119 3116
f 2925 3120 2926
f 2925 3115 3114
f 2925 3114 3120
f 2926 3120 2928
f 2927 2930 2931
f 2928 3120 3121
f 2928 3121 3317
f 2928 3317 3122
f 2929 3122 3319
f 2929 3319 3123
f 2929 3123 2930
f 2930 3123 2932
f 2930 2932 2931
f 2932 3123 3124
f 2932 3124 3125
f 2932 3125 2934
f 2932 2934 2933
f 2934 3125 2935
f 2935 3125 3126
f 2935 3126 3127
f 2935 3127 3128
f 2935 3128 3129
f 2935 3129 2936
f 2936 3129 3325
f 2936 3325 3130
f 2936 3130 3131
f 2936 3131 2937
f 2937 3131 2938
f 2938 3131 3132
f 2938 3132 3133
f 2938 3133 2939
f 2939 3133 2941
f 2939 2941 2940
f 2941 3133 2942
f 2942 3133 3134
f 2945 2947 2981
f 2945 2981 3135
f 2945 3135 3136
f 2945 3136 2951
f 2946 2949 2947
f 2950 3137 2952
f 2950 3136 3331
f 2950 3331 3137
f 2952 3137 2953
f 2953 3138 3139
f 2953 3139 3140
f 2953 3140 3141
f 2953 3141 3142
f 2953 3142 3143
f 2953 3143 2954
f 2953 3137 3144
f 2953 3144 3145
f 2953 3145 3146
f 2953 3146 3138
f 2954 3143 3147
f 2954 3147 2955
f 2955 3147 3148
f 2955 3148 2958
f 2955 2958 2956
f 2956 2958 2957
f 2958 3142 2959
f 2958 3148 3142
f 2959 3142 2961
f 2959 2961 2960
f 2961 3141 3149
f 2961 3149 2989
f 2961 3142 3141
f 2963 3150 2984
f 2964 3151 2965
f 2964 2967 3151
f 2965 3152 2968
f 2965 3151 3153
f 2965 3153 3154
f 2965 3154 3152
f 2966 2987 3155
f 2966 3155 3156
f 2966 3156 2967
f 2967 3157 3158
f 2967 3158 3159
f 2967 3159 3151
f 2967 3156 3157
f 2968 3152 2973
f 2969 3160 2970
f 2969 2973 3160
f 2970 3160 3161
f 2970 3161 3162
f 2971 3162 2972
f 2972 3162 3163
f 2972 3163 2974
f 2973 3164 3165
f 2973 3165 3160
f 2973 3152 3164
f 2974 3166 3167
f 2974 3167 2975
f 2974 3163 3166
f 2975 3167 2976
f 2976 3167 3168
f 2976 3168 2977
f 2977 3169 2978
f 2977 3168 3169
f 2978 3169 3170
f 2978 3170 3171
f 2978 3171 2979
f 2979 3171 2980
f 2980 3171 3172
f 2980 3172 3173
f 2980 3173 3174
f 2980 3174 2981
f 2981 3174 3175
f 2981 3175 3135
f 2982 2984 3176
f 2982 3176 3177
f 2982 3177 2985
f 2984 3150 3176
f 2985 3178 3180
f 2985 3180 2986
f 2985 3177 3179
f 2985 3179 3178
f 2986 3180 3155
f 2989 3149 3181
f 2989 3181 2991
f 2991 3181 2992
f 2992 3181 3182
f 2992 3182 3183
f 2992 3183 2993
f 2993 3183 2994
f 2994 3183 3184
f 2994 3184 3185
f 2994 3185 3186
f 2994 3186 2995
f 2995 3186 3390
f 2995 3390 3187
f 2995 3187 2996
f 2996 3187 2997
f 2997 3187 3188
f 2997 3188 3189
f 2997 3189 2998
f 2998 3189 3190
f 2998 3190 3191
f 2998 3191 3004
f 2998 3004 3001
f 3001 3004 3003
f 3001 3003 3002
f 3004 3191 3005
f 3005 3192 3006
f 3005 3191 3192
f 3006 3192 3193
f 3006 3193 3007
f 3007 3194 3195
f 3007 3195 3196
f 3007 3196 3197
f 3007 3197 3008
f 3007 3193 3194
f 3008 3197 3198
f 3008 3198 3009
f 3009 3198 3010
f 3010 3198 3199
f 3010 3199 3200
f 3010 3200 3011
f 3011 3200 3012
f 3012 3201 3202
f 3012 3202 3013
f 3012 3200 3203
f 3012 3203 3204
f 3012 3204 3201
f 3013 3202 3014
f 3014 3202 3205
f 3014 3205 3023
f 3016 3032 3017
f 3017 3032 3206
f 3017 3206 3207
f 3017 3207 3020
f 3018 3208 3035
f 3018 3035 3034
f 3018 3034 3019
f 3018 3021 3208
f 3020 3207 3021
f 3021 3207 3209
f 3021 3209 3210
f 3021 3210 3208
f 3023 3205 3024
f 3024 3205 3211
f 3024 3211 3212
f 3024 3212 3025
f 3025 3212 3026
f 3026 3213 3214
f 3026 3214 3028
f 3026 3028 3027
f 3026 3212 3213
f 3028 3214 3215
f 3028 3215 3029
f 3029 3215 3030
f 3030 3215 3216
f 3030 3216 3217
f 3030 3217 3218
f 3030 3218 3031
f 3031 3218 3219
f 3031 3219 3220
f 3031 3220 3206
f 3031 3206 3032
f 3033 3040 3041
f 3035 3208 3036
f 3036 3221 3037
f 3036 3208 3222
f 3036 3222 3223
f 3036 3223 3425
f 3036 3425 3224
f 3036 3224 3221
f 3037 3040 3038
f 3037 3221 3225
f 3037 3225 3040
f 3040 3225 3221
f 3040 3221 3226
f 3040 3226 3041
f 3041 3226 3227
f 3041 3227 3043
f 3041 3043 3042
f 3043 3227 3228
f 3043 3228 3229
f 3043 3229 3230
f 3043 3230 3044
f 3044 3230 3231
f 3044 3231 3045
f 3045 3231 3046
f 3046 3231 3232
f 3046 3232 3070
f 3047 3072 3048
f 3048 3072 3258
f 3048 3258 3233
f 3048 3233 3234
f 3048 3234 3050
f 3049 3050 3051
f 3050 3234 3235
f 3050 3235 3051
f 3051 3236 3052
f 3051 3235 3237
f 3051 3237 3236
f 3052 3236 3238
f 3052 3238 3053
f 3053 3238 3239
f 3053 3239 3240
f 3053 3240 3054
f 3054 3240 3056
f 3054 3056 3055
f 3056 3240 3239
f 3056 3239 3241
f 3056 3241 3242
f 3056 3242 3243
f 3056 3243 3244
f 3056 3244 3245
f 3056 3245 3057
f 3057 3246 3061
f 3057 3245 3246
f 3058 3061 3246
f 3058 3246 3247
f 3058 3247 3248
f 3058 3248 3064
f 3058 3064 3063
f 3058 3063 3059
f 3059 3063 3062
f 3059 3062 3060
f 3064 3248 3249
f 3064 3249 3250
f 3064 3250 3251
f 3064 3251 3065
f 3065 3251 3066
f 3066 3251 3252
f 3066 3252 3067
f 3067 3252 3253
f 3067 3253 3254
f 3067 3254 3255
f 3067 3255 3081
f 3070 3232 3071
f 3071 3232 3256
f 3071 3256 3257
f 3071 3257 3258
f 3074 3076 3259
f 3074 3259 3260
f 3074 3260 3261
f 3074 3261 3079
f 3074 3079 3075
f 3076 3083 3259
f 3077 3262 3078
f 3077 3080 3263
f 3077 3263 3262
f 3078 3264 3271
f 3078 3271 3084
f 3078 3262 3264
f 3079 3261 3080
f 3080 3261 3265
f 3080 3265 3266
f 3080 3266 3267
f 3080 3267 3262
f 3080 3262 3263
f 3081 3255 3268
f 3081 3268 3082
f 3082 3269 3270
f 3082 3270 3083
f 3082 3268 3269
f 3083 3270 3259
f 3086 3272 3273
f 3086 3273 3274
f 3086 3274 3087
f 3086 3095 3097
f 3086 3097 3275
f 3086 3275 3276
f 3086 3276 3277
f 3086 3277 3278
f 3086 3278 3279
f 3086 3279 3272
f 3087 3274 3088
f 3088 3280 3089
f 3088 3274 3280
f 3089 3280 3281
f 3089 3281 3282
f 3089 3282 3090
f 3090 3282 3283
f 3090 3283 3284
f 3090 3284 3091
f 3091 3284 3092
f 3092 3284 3285
f 3092 3285 3286
f 3092 3286 3287
f 3092 3287 3093
f 3093 3287 3102
f 3093 3102 3094
f 3096 3271 3288
f 3096 3288 3289
f 3096 3289 3276
f 3096 3276 3097
f 3097 3276 3275
f 3098 3290 3099
f 3098 3101 3290
f 3099 3290 3291
f 3099 3291 3292
f 3099 3292 3293
f 3099 3293 3294
f 3099 3294 3295
f 3099 3295 3296
f 3099 3296 3100
f 3100 3296 3104
f 3100 3104 3103
f 3101 3297 3290
f 3101 3286 3488
f 3101 3488 3297
f 3102 3287 3286
f 3104 3298 3106
f 3104 3296 3298
f 3105 3106 3298
f 3105 3298 3293
f 3105 3293 3299
f 3105 3299 3300
f 3105 3300 3108
f 3108 3300 3301
f 3108 3301 3110
f 3108 3110 3109
f 3110 3301 3111
f 3111 3301 3112
f 3112 3301 3302
f 3112 3302 3119
f 3112 3119 3113
f 3114 3118 3303
f 3114 3303 3304
f 3114 3304 3305
f 3114 3305 3306
f 3114 3306 3120
f 3116 3307 3308
f 3116 3308 3309
f 3116 3309 3310
f 3116 3310 3117
f 3116 3119 3307
f 3117 3310 3311
f 3117 3311 3312
f 3117 3312 3118
f 3118 3312 3303
f 3119 3302 3313
f 3119 3313 3314
f 3119 3314 3307
f 3120 3306 3315
f 3120 3315 3121
f 3121 3316 3317
f 3121 3315 3318
f 3121 3318 3316
f 3122 3317 3319
f 3123 3319 3320
f 3123 3320 3321
f 3123 3321 3124
f 3124 3321 3125
f 3125 3321 3126
f 3126 3321 3127
f 3127 3321 3320
f 3127 3320 3319
f 3127 3319 3322
f 3127 3322 3323
f 3127 3323 3128
f 3128 3323 3324
f 3128 3324 3129
f 3129 3324 3325
f 3130 3325 3326
f 3130 3326 3327
f 3130 3327 3131
f 3131 3327 3132
f 3132 3327 3133
f 3133 3327 3328
f 3133 3328 3329
f 3133 3329 3134
f 3135 3175 3330
f 3135 3330 3136
f 3136 3330 3331
f 3137 3332 3144
f 3137 3331 3528
f 3137 3528 3332
f 3138 3333 3334
f 3138 3334 3335
f 3138 3335 3336
f 3138 3336 3139
f 3138 3146 3337
f 3138 3337 3333
f 3139 3336 3140
f 3140 3336 3141
f 3141 3336 3182
f 3141 3182 3149
f 3142 3148 3147
f 3142 3147 3143
f 3144 3332 3338
f 3144 3338 3145
f 3145 3338 3339
f 3145 3339 3146
f 3146 3339 3340
f 3146 3340 3337
f 3149 3182 3181
f 3150 3341 3177
f 3150 3177 3176
f 3151 3159 3342
f 3151 3342 3153
f 3152 3343 3164
f 3152 3154 3343
f 3153 3342 3347
f 3153 3347 3154
f 3154 3344 3345
f 3154 3345 3346
f 3154 3346 3343
f 3154 3347 3344
f 3155 3180 3156
f 3156 3180 3348
f 3156 3348 3157
f 3157 3348 3350
f 3157 3350 3158
f 3158 3349 3347
f 3158 3347 3342
f 3158 3342 3159
f 3158 3350 3349
f 3160 3351 3352
f 3160 3352 3353
f 3160 3353 3161
f 3160 3165 3354
f 3160 3354 3355
f 3160 3355 3351
f 3161 3353 3356
f 3161 3356 3162
f 3162 3356 3163
f 3163 3356 3357
f 3163 3357 3358
f 3163 3358 3166
f 3164 3359 3165
f 3164 3343 3346
f 3164 3346 3359
f 3165 3359 3354
f 3166 3358 3360
f 3166 3360 3361
f 3166 3361 3167
f 3167 3362 3168
f 3167 3361 3362
f 3168 3363 3364
f 3168 3364 3169
f 3168 3362 3363
f 3169 3365 3170
f 3169 3364 3365
f 3170 3365 3366
f 3170 3366 3367
f 3170 3367 3368
f 3170 3368 3369
f 3170 3369 3171
f 3171 3369 3172
f 3172 3369 3367
f 3172 3367 3370
f 3172 3370 3371
f 3172 3371 3173
f 3173 3371 3372
f 3173 3372 3174
f 3174 3372 3373
f 3174 3373 3175
f 3175 3374 3375
f 3175 3375 3330
f 3175 3373 3376
f 3175 3376 3370
f 3175 3370 3377
f 3175 3377 3378
f 3175 3378 3374
f 3177 3341 3179
f 3178 3379 3180
f 3178 3179 3379
f 3179 3380 3379
f 3179 3341 3381
f 3179 3381 3382
f 3179 3382 3380
f 3180 3379 3383
f 3180 3383 3348
f 3182 3336 3384
f 3182 3384 3385
f 3182 3385 3386
f 3182 3386 3387
f 3182 3387 3184
f 3182 3184 3183
f 3184 3388 3389
f 3184 3389 3185
f 3184 3387 3388
f 3185 3389 3390
f 3185 3390 3186
f 3187 3390 3391
f 3187 3391 3392
f 3187 3392 3188
f 3188 3392 3391
f 3188 3391 3393
f 3188 3393 3394
f 3188 3394 3395
f 3188 3395 3396
f 3188 3396 3397
f 3188 3397 3398
f 3188 3398 3191
f 3188 3191 3189
f 3189 3191 3190
f 3191 3398 3399
f 3191 3399 3192
f 3192 3399 3193
f 3193 3399 3400
f 3193 3400 3401
f 3193 3401 3402
f 3193 3402 3194
f 3194 3402 3403
f 3194 3403 3195
f 3195 3403 3404
f 3195 3404 3405
f 3195 3405 3406
f 3195 3406 3196
f 3196 3406 3407
f 3196 3407 3197
f 3197 3199 3198
f 3197 3407 3408
f 3197 3408 3409
f 3197 3409 3204
f 3197 3204 3203
f 3197 3203 3199
f 3199 3203 3200
f 3201 3409 3410
f 3201 3410 3202
f 3201 3204 3409
f 3202 3410 3411
f 3202 3411 3205
f 3205 3411 3211
f 3206 3220 3207
f 3207 3220 3412
f 3207 3412 3209
f 3208 3210 3222
f 3209 3412 3413
f 3209 3413 3414
f 3209 3414 3415
f 3209 3415 3210
f 3210 3415 3416
f 3210 3416 3223
f 3210 3223 3222
f 3211 3417 3212
f 3211 3411 3417
f 3212 3417 3598
f 3212 3598 3418
f 3212 3418 3419
f 3212 3419 3420
f 3212 3420 3213
f 3213 3420 3214
f 3214 3420 3215
f 3215 3420 3216
f 3216 3420 3421
f 3216 3421 3217
f 3217 3421 3218
f 3218 3421 3422
f 3218 3422 3219
f 3219 3422 3423
f 3219 3423 3424
f 3219 3424 3220
f 3220 3424 3413
f 3220 3413 3412
f 3221 3227 3226
f 3221 3224 3426
f 3221 3426 3228
f 3221 3228 3227
f 3223 3416 3425
f 3224 3425 3426
f 3228 3426 3427
f 3228 3427 3229
f 3229 3427 3428
f 3229 3428 3230
f 3230 3428 3231
f 3231 3428 3429
f 3231 3429 3256
f 3231 3256 3232
f 3233 3258 3234
f 3234 3258 3430
f 3234 3430 3455
f 3234 3455 3431
f 3234 3431 3432
f 3234 3432 3433
f 3234 3433 3235
f 3235 3433 3237
f 3236 3434 3238
f 3236 3237 3435
f 3236 3435 3439
f 3236 3439 3434
f 3237 3433 3436
f 3237 3436 3437
f 3237 3437 3435
f 3238 3241 3239
f 3238 3434 3241
f 3241 3438 3242
f 3241 3434 3439
f 3241 3439 3616
f 3241 3616 3440
f 3241 3440 3438
f 3242 3441 3243
f 3242 3438 3442
f 3242 3442 3441
f 3243 3245 3244
f 3243 3441 3245
f 3245 3441 3443
f 3245 3443 3247
f 3245 3247 3246
f 3247 3443 3444
f 3247 3444 3248
f 3248 3444 3448
f 3248 3448 3249
f 3249 3445 3446
f 3249 3446 3447
f 3249 3447 3250
f 3249 3448 3445
f 3250 3447 3251
f 3251 3447 3449
f 3251 3449 3450
f 3251 3450 3252
f 3252 3450 3253
f 3253 3451 3452
f 3253 3452 3254
f 3253 3450 3451
f 3254 3452 3255
f 3255 3452 3268
f 3256 3429 3453
f 3256 3453 3257
f 3257 3453 3454
f 3257 3454 3455
f 3257 3455 3430
f 3257 3430 3258
f 3259 3270 3269
f 3259 3269 3260
f 3260 3456 3265
f 3260 3265 3261
f 3260 3269 3457
f 3260 3457 3456
f 3262 3458 3459
f 3262 3459 3264
f 3262 3267 3460
f 3262 3460 3458
f 3264 3459 3461
f 3264 3461 3462
f 3264 3462 3463
f 3264 3463 3464
f 3264 3464 3288
f 3264 3288 3271
f 3265 3456 3266
f 3266 3456 3465
f 3266 3465 3466
f 3266 3466 3467
f 3266 3467 3267
f 3267 3467 3468
f 3267 3468 3469
f 3267 3469 3638
f 3267 3638 3460
f 3268 3470 3457
f 3268 3457 3269
f 3268 3452 3470
f 3272 3471 3472
f 3272 3472 3273
f 3272 3279 3278
f 3272 3278 3473
f 3272 3473 3474
f 3272 3474 3471
f 3273 3472 3274
f 3274 3472 3475
f 3274 3475 3280
f 3276 3476 3277
f 3276 3289 3477
f 3276 3477 3478
f 3276 3478 3479
f 3276 3479 3476
f 3277 3476 3480
f 3277 3480 3278
f 3278 3480 3474
f 3278 3474 3473
f 3280 3475 3281
f 3281 3475 3481
f 3281 3481 3285
f 3281 3285 3283
f 3281 3283 3282
f 3283 3285 3284
f 3285 3481 3482
f 3285 3482 3483
f 3285 3483 3484
f 3285 3484 3485
f 3285 3485 3486
f 3285 3486 3487
f 3285 3487 3286
f 3286 3487 3488
f 3288 3464 3289
f 3289 3464 3489
f 3289 3489 3490
f 3289 3490 3477
f 3290 3297 3491
f 3290 3491 3291
f 3291 3492 3493
f 3291 3493 3292
f 3291 3491 3492
f 3292 3493 3293
f 3293 3494 3299
f 3293 3298 3294
f 3293 3493 3495
f 3293 3495 3494
f 3294 3298 3295
f 3295 3298 3296
f 3297 3488 3666
f 3297 3666 3491
f 3299 3494 3496
f 3299 3496 3497
f 3299 3497 3300
f 3300 3498 3499
f 3300 3499 3500
f 3300 3500 3501
f 3300 3501 3301
f 3300 3497 3502
f 3300 3502 3498
f 3301 3501 3313
f 3301 3313 3302
f 3303 3312 3503
f 3303 3503 3304
f 3304 3503 3504
f 3304 3504 3505
f 3304 3505 3506
f 3304 3506 3507
f 3304 3507 3305
f 3305 3507 3508
f 3305 3508 3509
f 3305 3509 3306
f 3306 3509 3315
f 3307 3314 3510
f 3307 3510 3308
f 3308 3510 3500
f 3308 3500 3511
f 3308 3511 3309
f 3309 3511 3310
f 3310 3511 3504
f 3310 3504 3311
f 3311 3504 3503
f 3311 3503 3312
f 3313 3501 3500
f 3313 3500 3510
f 3313 3510 3314
f 3315 3509 3318
f 3316 3512 3317
f 3316 3318 3513
f 3316 3513 3512
f 3317 3512 3514
f 3317 3514 3319
f 3318 3509 3508
f 3318 3508 3507
f 3318 3507 3506
f 3318 3506 3515
f 3318 3515 3516
f 3318 3516 3513
f 3319 3514 3517
f 3319 3517 3518
f 3319 3518 3322
f 3322 3518 3519
f 3322 3519 3520
f 3322 3520 3323
f 3323 3520 3324
f 3324 3520 3521
f 3324 3521 3700
f 3324 3700 3522
f 3324 3522 3523
f 3324 3523 3325
f 3325 3523 3326
f 3326 3523 3524
f 3326 3524 3525
f 3326 3525 3526
f 3326 3526 3527
f 3326 3527 3327
f 3327 3527 3328
f 3330 3375 3331
f 3331 3375 3528
f 3332 3528 3537
f 3332 3537 3338
f 3333 3337 3529
f 3333 3529 3530
f 3333 3530 3531
f 3333 3531 3532
f 3333 3532 3334
f 3334 3532 3336
f 3334 3336 3335
f 3336 3532 3533
f 3336 3533 3534
f 3336 3534 3535
f 3336 3535 3536
f 3336 3536 3385
f 3336 3385 3384
f 3337 3340 3529
f 3338 3537 3540
f 3338 3540 3339
f 3339 3538 3539
f 3339 3539 3340
f 3339 3540 3712
f 3339 3712 3538
f 3340 3539 3529
f 3344 3541 3345
f 3344 3347 3542
f 3344 3542 3541
f 3345 3541 3543
f 3345 3543 3544
f 3345 3544 3545
f 3345 3545 3346
f 3346 3545 3359
f 3347 3349 3542
f 3348 3383 3549
f 3348 3549 3350
f 3349 3546 3547
f 3349 3547 3542
f 3349 3350 3548
f 3349 3548 3546
f 3350 3549 3550
f 3350 3550 3548
f 3351 3551 3552
f 3351 3552 3553
f 3351 3553 3554
f 3351 3554 3352
f 3351 3355 3545
f 3351 3545 3544
f 3351 3544 3555
f 3351 3555 3556
f 3351 3556 3557
f 3351 3557 3551
f 3352 3554 3357
f 3352 3357 3356
f 3352 3356 3353
f 3354 3359 3545
f 3354 3545 3355
f 3357 3554 3358
f 3358 3554 3360
f 3360 3554 3558
f 3360 3558 3559
f 3360 3559 3361
f 3361 3559 3362
f 3362 3560 3363
f 3362 3559 3560
f 3363 3560 3364
f 3364 3560 3561
f 3364 3561 3366
f 3364 3366 3365
f 3366 3561 3562
f 3366 3562 3367
f 3367 3562 3377
f 3367 3377 3370
f 3367 3369 3368
f 3370 3376 3372
f 3370 3372 3371
f 3372 3376 3373
f 3374 3378 3563
f 3374 3563 3537
f 3374 3537 3375
f 3375 3537 3528
f 3377 3562 3564
f 3377 3564 3565
f 3377 3565 3378
f 3378 3565 3563
f 3379 3380 3383
f 3380 3566 3549
f 3380 3549 3383
f 3380 3382 3567
f 3380 3567 3568
f 3380 3568 3566
f 3385 3569 3570
f 3385 3570 3571
f 3385 3571 3572
f 3385 3572 3387
f 3385 3387 3386
f 3385 3536 3569
f 3387 3572 3573
f 3387 3573 3388
f 3388 3573 3574
f 3388 3574 3575
f 3388 3575 3391
f 3388 3391 3389
f 3389 3391 3390
f 3391 3575 3393
f 3393 3575 3576
f 3393 3576 3394
f 3394 3577 3578
f 3394 3578 3395
f 3394 3576 3577
f 3395 3578 3396
f 3396 3578 3579
f 3396 3579 3397
f 3397 3579 3400
f 3397 3400 3398
f 3398 3400 3399
f 3400 3579 3580
f 3400 3580 3401
f 3401 3580 3581
f 3401 3581 3402
f 3402 3581 3403
f 3403 3581 3582
f 3403 3582 3583
f 3403 3583 3404
f 3404 3583 3584
f 3404 3584 3585
f 3404 3585 3405
f 3405 3585 3586
f 3405 3586 3406
f 3406 3586 3587
f 3406 3587 3408
f 3406 3408 3407
f 3408 3587 3588
f 3408 3588 3589
f 3408 3589 3409
f 3409 3589 3590
f 3409 3590 3591
f 3409 3591 3410
f 3410 3591 3411
f 3411 3592 3417
f 3411 3591 3592
f 3413 3424 3593
f 3413 3593 3414
f 3414 3593 3594
f 3414 3594 3415
f 3415 3594 3595
f 3415 3595 3596
f 3415 3596 3416
f 3416 3596 3425
f 3417 3592 3597
f 3417 3597 3598
f 3418 3598 3599
f 3418 3599 3779
f 3418 3779 3600
f 3418 3600 3419
f 3419 3600 3601
f 3419 3601 3602
f 3419 3602 3420
f 3420 3602 3603
f 3420 3603 3421
f 3421 3603 3422
f 3422 3604 3605
f 3422 3605 3423
f 3422 3603 3604
f 3423 3605 3424
f 3424 3605 3772
f 3424 3772 3606
f 3424 3606 3593
f 3425 3596 3607
f 3425 3607 3608
f 3425 3608 3427
f 3425 3427 3426
f 3427 3608 3428
f 3428 3608 3609
f 3428 3609 3429
f 3429 3609 3610
f 3429 3610 3453
f 3431 3455 3611
f 3431 3611 3432
f 3432 3611 3612
f 3432 3612 3613
f 3432 3613 3433
f 3433 3613 3614
f 3433 3614 3615
f 3433 3615 3436
f 3435 3437 3616
f 3435 3616 3439
f 3436 3615 3617
f 3436 3617 3437
f 3437 3617 3616
f 3438 3618 3619
f 3438 3619 3441
f 3438 3441 3442
f 3438 3440 3621
f 3438 3621 3620
f 3438 3620 3618
f 3440 3616 3621
f 3441 3619 3622
f 3441 3622 3443
f 3443 3622 3444
f 3444 3622 3623
f 3444 3623 3448
f 3445 3624 3446
f 3445 3448 3625
f 3445 3625 3624
f 3446 3626 3627
f 3446 3627 3628
f 3446 3628 3629
f 3446 3629 3447
f 3446 3624 3626
f 3447 3629 3449
f 3448 3623 3630
f 3448 3630 3625
f 3449 3628 3450
f 3449 3629 3628
f 3450 3631 3451
f 3450 3628 3627
f 3450 3627 3631
f 3451 3631 3632
f 3451 3632 3633
f 3451 3633 3634
f 3451 3634 3452
f 3452 3634 3470
f 3453 3610 3635
f 3453 3635 3454
f 3454 3635 3636
f 3454 3636 3612
f 3454 3612 3611
f 3454 3611 3455
f 3456 3457 3465
f 3457 3470 3633
f 3457 3633 3637
f 3457 3637 3465
f 3458 3460 3638
f 3458 3638 3639
f 3458 3639 3640
f 3458 3640 3641
f 3458 3641 3642
f 3458 3642 3459
f 3459 3642 3461
f 3461 3642 3462
f 3462 3642 3643
f 3462 3643 3463
f 3463 3489 3464
f 3463 3643 3641
f 3463 3641 3644
f 3463 3644 3489
f 3465 3637 3645
f 3465 3645 3646
f 3465 3646 3647
f 3465 3647 3648
f 3465 3648 3466
f 3466 3648 3467
f 3467 3648 3649
f 3467 3649 3468
f 3468 3650 3651
f 3468 3651 3469
f 3468 3649 3650
f 3469 3651 3639
f 3469 3639 3638
f 3470 3634 3633
f 3471 3481 3475
f 3471 3475 3472
f 3471 3474 3480
f 3471 3480 3481
f 3476 3479 3478
f 3476 3478 3480
f 3477 3490 3478
f 3478 3652 3480
f 3478 3490 3652
f 3480 3653 3654
f 3480 3654 3481
f 3480 3652 3655
f 3480 3655 3656
f 3480 3656 3657
f 3480 3657 3829
f 3480 3829 3658
f 3480 3658 3659
f 3480 3659 3660
f 3480 3660 3653
f 3481 3654 3661
f 3481 3661 3662
f 3481 3662 3482
f 3482 3662 3663
f 3482 3663 3483
f 3483 3664 3484
f 3483 3663 3664
f 3484 3664 3665
f 3484 3665 3485
f 3485 3666 3486
f 3485 3665 3667
f 3485 3667 3668
f 3485 3668 3671
f 3485 3671 3669
f 3485 3669 3491
f 3485 3491 3666
f 3486 3666 3487
f 3487 3666 3488
f 3489 3670 3655
f 3489 3655 3490
f 3489 3644 3670
f 3490 3655 3652
f 3491 3669 3492
f 3492 3669 3671
f 3492 3671 3672
f 3492 3672 3673
f 3492 3673 3493
f 3493 3673 3674
f 3493 3674 3495
f 3494 3675 3496
f 3494 3495 3676
f 3494 3676 3677
f 3494 3677 3675
f 3495 3674 3676
f 3496 3678 3679
f 3496 3679 3502
f 3496 3502 3497
f 3496 3675 3678
f 3498 3502 3680
f 3498 3680 3681
f 3498 3681 3682
f 3498 3682 3499
f 3499 3682 3683
f 3499 3683 3684
f 3499 3684 3685
f 3499 3685 3686
f 3499 3686 3687
f 3499 3687 3688
f 3499 3688 3689
f 3499 3689 3511
f 3499 3511 3500
f 3502 3679 3690
f 3502 3690 3680
f 3504 3511 3505
f 3505 3511 3689
f 3505 3689 3515
f 3505 3515 3506
f 3512 3513 3691
f 3512 3691 3692
f 3512 3692 3693
f 3512 3693 3694
f 3512 3694 3514
f 3513 3516 3691
f 3514 3694 3517
f 3515 3688 3516
f 3515 3689 3688
f 3516 3688 3691
f 3517 3694 3695
f 3517 3695 3518
f 3518 3695 3696
f 3518 3696 3697
f 3518 3697 3698
f 3518 3698 3519
f 3519 3698 3883
f 3519 3883 3699
f 3519 3699 3521
f 3519 3521 3520
f 3521 3699 3700
f 3522 3700 3524
f 3522 3524 3523
f 3524 3700 3701
f 3524 3701 3702
f 3524 3702 3703
f 3524 3703 3525
f 3529 3704 3530
f 3529 3539 3705
f 3529 3705 3706
f 3529 3706 3707
f 3529 3707 3704
f 3530 3704 3708
f 3530 3708 3531
f 3531 3708 3532
f 3532 3708 3533
f 3533 3708 3534
f 3534 3709 3710
f 3534 3710 3711
f 3534 3711 3535
f 3534 3708 3709
f 3535 3711 3536
f 3536 3711 3569
f 3537 3563 3540
f 3538 3705 3539
f 3538 3712 3893
f 3538 3893 3705
f 3540 3563 3712
f 3541 3713 3543
f 3541 3542 3547
f 3541 3547 3713
f 3543 3713 3714
f 3543 3714 3544
f 3544 3715 3555
f 3544 3714 3715
f 3546 3716 3717
f 3546 3717 3718
f 3546 3718 3547
f 3546 3548 3719
f 3546 3719 3716
f 3547 3718 3720
f 3547 3720 3721
f 3547 3721 3714
f 3547 3714 3713
f 3548 3550 3722
f 3548 3722 3719
f 3549 3566 3550
f 3550 3566 3723
f 3550 3723 3722
f 3551 3557 3724
f 3551 3724 3725
f 3551 3725 3726
f 3551 3726 3727
f 3551 3727 3552
f 3552 3727 3553
f 3553 3727 3728
f 3553 3728 3558
f 3553 3558 3554
f 3555 3715 3556
f 3556 3715 3557
f 3557 3729 3724
f 3557 3715 3730
f 3557 3730 3729
f 3558 3728 3731
f 3558 3731 3559
f 3559 3731 3561
f 3559 3561 3560
f 3561 3731 3732
f 3561 3732 3733
f 3561 3733 3734
f 3561 3734 3562
f 3562 3734 3733
f 3562 3733 3735
f 3562 3735 3736
f 3562 3736 3564
f 3563 3737 3712
f 3563 3565 3738
f 3563 3738 3737
f 3564 3736 3739
f 3564 3739 3740
f 3564 3740 3741
f 3564 3741 3565
f 3565 3741 3742
f 3565 3742 3738
f 3566 3743 3723
f 3566 3568 3744
f 3566 3744 3743
f 3569 3745 3570
f 3569 3711 3745
f 3570 3745 3746
f 3570 3746 3747
f 3570 3747 3571
f 3571 3747 3748
f 3571 3748 3572
f 3572 3748 3749
f 3572 3749 3750
f 3572 3750 3751
f 3572 3751 3573
f 3573 3751 3750
f 3573 3750 3752
f 3573 3752 3574
f 3574 3752 3753
f 3574 3753 3576
f 3574 3576 3575
f 3576 3754 3577
f 3576 3753 3754
f 3577 3755 3578
f 3577 3754 3755
f 3578 3755 3579
f 3579 3755 3756
f 3579 3756 3757
f 3579 3757 3580
f 3580 3757 3581
f 3581 3757 3582
f 3582 3757 3758
f 3582 3758 3759
f 3582 3759 3583
f 3583 3760 3584
f 3583 3759 3760
f 3584 3761 3762
f 3584 3762 3763
f 3584 3763 3585
f 3584 3760 3761
f 3585 3763 3764
f 3585 3764 3765
f 3585 3765 3766
f 3585 3766 3587
f 3585 3587 3586
f 3587 3766 3588
f 3588 3766 3767
f 3588 3767 3768
f 3588 3768 3769
f 3588 3769 3770
f 3588 3770 3589
f 3589 3770 3590
f 3590 3770 3771
f 3590 3771 3597
f 3590 3597 3592
f 3590 3592 3591
f 3593 3606 3772
f 3593 3772 3773
f 3593 3773 3973
f 3593 3973 3774
f 3593 3774 3775
f 3593 3775 3594
f 3594 3775 3776
f 3594 3776 3777
f 3594 3777 3778
f 3594 3778 3595
f 3595 3778 3607
f 3595 3607 3596
f 3597 3771 3779
f 3597 3779 3599
f 3597 3599 3598
f 3600 3780 3601
f 3600 3779 3780
f 3601 3780 3781
f 3601 3781 3602
f 3602 3782 3603
f 3602 3781 3782
f 3603 3782 3783
f 3603 3783 3784
f 3603 3784 3604
f 3604 3784 3772
f 3604 3772 3605
f 3607 3778 3785
f 3607 3785 3635
f 3607 3635 3609
f 3607 3609 3608
f 3609 3635 3610
f 3612 3636 3811
f 3612 3811 3786
f 3612 3786 3787
f 3612 3787 3788
f 3612 3788 3789
f 3612 3789 3614
f 3612 3614 3613
f 3614 3789 3615
f 3615 3789 3617
f 3616 3617 3790
f 3616 3790 3791
f 3616 3791 3621
f 3617 3789 3788
f 3617 3788 3792
f 3617 3792 3790
f 3618 3620 3793
f 3618 3793 3623
f 3618 3623 3622
f 3618 3622 3619
f 3620 3621 3791
f 3620 3791 3794
f 3620 3794 3793
f 3623 3793 3630
f 3624 3795 3796
f 3624 3796 3626
f 3624 3625 3797
f 3624 3797 3798
f 3624 3798 3799
f 3624 3799 3997
f 3624 3997 3795
f 3625 3630 3800
f 3625 3800 3801
f 3625 3801 3797
f 3626 3796 3802
f 3626 3802 3627
f 3627 3802 3631
f 3630 3793 3800
f 3631 3802 3632
f 3632 3802 3803
f 3632 3803 3804
f 3632 3804 3805
f 3632 3805 3806
f 3632 3806 3633
f 3633 3807 3808
f 3633 3808 3637
f 3633 3806 3809
f 3633 3809 3807
f 3635 3785 3636
f 3636 3810 3811
f 3636 3785 3777
f 3636 3777 3776
f 3636 3776 3775
f 3636 3775 3812
f 3636 3812 3810
f 3637 3808 3813
f 3637 3813 3814
f 3637 3814 3819
f 3637 3819 3645
f 3639 3641 3640
f 3639 3651 3815
f 3639 3815 3641
f 3641 3816 3644
f 3641 3643 3642
f 3641 3815 3650
f 3641 3650 3817
f 3641 3817 3816
f 3644 3816 3818
f 3644 3818 3670
f 3645 3819 3646
f 3646 3819 3647
f 3647 3819 3648
f 3648 3820 3821
f 3648 3821 3649
f 3648 3819 3820
f 3649 3821 3650
f 3650 3822 3817
f 3650 3815 3651
f 3650 3821 3822
f 3653 3660 3654
f 3654 3660 3823
f 3654 3823 3661
f 3655 3670 3656
f 3656 3670 3824
f 3656 3824 3825
f 3656 3825 3826
f 3656 3826 3827
f 3656 3827 3828
f 3656 3828 3829
f 3656 3829 3657
f 3658 3830 3831
f 3658 3831 3659
f 3658 3829 3830
f 3659 3831 3832
f 3659 3832 3833
f 3659 3833 3660
f 3660 3833 3834
f 3660 3834 3823
f 3661 3835 3836
f 3661 3836 3663
f 3661 3663 3662
f 3661 3823 3837
f 3661 3837 3835
f 3663 3836 3835
f 3663 3835 3664
f 3664 3838 3839
f 3664 3839 3665
f 3664 3835 3840
f 3664 3840 3841
f 3664 3841 3838
f 3665 3842 3667
f 3665 3839 3842
f 3667 3842 3843
f 3667 3843 3844
f 3667 3844 3845
f 3667 3845 3668
f 3668 3845 3846
f 3668 3846 3671
f 3670 3818 3824
f 3671 3846 3847
f 3671 3847 3848
f 3671 3848 3672
f 3672 3848 3849
f 3672 3849 3673
f 3673 3849 3674
f 3674 3850 3677
f 3674 3677 3676
f 3674 3849 3850
f 3675 3851 3678
f 3675 3677 3851
f 3677 3850 3852
f 3677 3852 3853
f 3677 3853 3851
f 3678 3854 3855
f 3678 3855 3679
f 3678 3851 3854
f 3679 3855 3856
f 3679 3856 3690
f 3680 3857 3858
f 3680 3858 3681
f 3680 3690 3857
f 3681 3859 3860
f 3681 3860 3861
f 3681 3861 3684
f 3681 3684 3862
f 3681 3862 3683
f 3681 3683 3682
f 3681 3858 3857
f 3681 3857 4059
f 3681 4059 3859
f 3683 3862 3684
f 3684 3861 3860
f 3684 3860 3863
f 3684 3863 3685
f 3685 3863 3864
f 3685 3864 3686
f 3686 3864 3865
f 3686 3865 3866
f 3686 3866 3867
f 3686 3867 3687
f 3687 3867 3868
f 3687 3868 3869
f 3687 3869 3688
f 3688 3870 3871
f 3688 3871 3872
f 3688 3872 3873
f 3688 3873 3692
f 3688 3692 3691
f 3688 3869 3868
f 3688 3868 3874
f 3688 3874 3870
f 3690 3875 3857
f 3690 3856 3855
f 3690 3855 3875
f 3692 3873 3876
f 3692 3876 3693
f 3693 3876 3877
f 3693 3877 3878
f 3693 3878 3694
f 3694 3878 3879
f 3694 3879 3880
f 3694 3880 3695
f 3695 3880 3879
f 3695 3879 3696
f 3696 3881 3697
f 3696 3879 3881
f 3697 3881 3882
f 3697 3882 3883
f 3697 3883 3698
f 3699 3883 3884
f 3699 3884 3885
f 3699 3885 3886
f 3699 3886 3887
f 3699 3887 3700
f 3700 3887 3701
f 3701 3887 3888
f 3701 3888 3889
f 3701 3889 3702
f 3704 3707 3890
f 3704 3890 3891
f 3704 3891 3892
f 3704 3892 3708
f 3705 3893 3894
f 3705 3894 3706
f 3706 3894 3896
f 3706 3896 3707
f 3707 3895 3890
f 3707 3896 4091
f 3707 4091 3895
f 3708 3892 3891
f 3708 3891 3897
f 3708 3897 3898
f 3708 3898 3899
f 3708 3899 3900
f 3708 3900 3901
f 3708 3901 3902
f 3708 3902 3710
f 3708 3710 3709
f 3710 3902 3901
f 3710 3901 3711
f 3711 3901 3745
f 3712 3737 3893
f 3714 3721 3903
f 3714 3903 3904
f 3714 3904 3905
f 3714 3905 3715
f 3715 3905 3906
f 3715 3906 3730
f 3716 3907 3717
f 3716 3719 3908
f 3716 3908 3907
f 3717 3907 3720
f 3717 3720 3718
f 3719 3722 3909
f 3719 3909 3908
f 3720 3907 3910
f 3720 3910 3911
f 3720 3911 3912
f 3720 3912 3903
f 3720 3903 3721
f 3722 3723 3743
f 3722 3743 3913
f 3722 3913 4104
f 3722 4104 3914
f 3722 3914 4100
f 3722 4100 3909
f 3724 3915 3725
f 3724 3729 3915
f 3725 3915 3916
f 3725 3916 3917
f 3725 3917 3726
f 3726 3918 3727
f 3726 3917 3918
f 3727 3919 3920
f 3727 3920 3728
f 3727 3918 3919
f 3728 3920 3921
f 3728 3921 3922
f 3728 3922 3923
f 3728 3923 3924
f 3728 3924 3925
f 3728 3925 3733
f 3728 3733 3731
f 3729 3730 3906
f 3729 3906 3926
f 3729 3926 3915
f 3731 3733 3732
f 3733 3925 3927
f 3733 3927 3928
f 3733 3928 3929
f 3733 3929 3930
f 3733 3930 3931
f 3733 3931 3735
f 3735 3931 3930
f 3735 3930 3932
f 3735 3932 3736
f 3736 3932 3739
f 3737 3933 3896
f 3737 3896 3894
f 3737 3894 3893
f 3737 3738 3934
f 3737 3934 3935
f 3737 3935 3933
f 3738 3742 3934
f 3739 3936 3937
f 3739 3937 3740
f 3739 3932 3936
f 3740 3937 3938
f 3740 3938 3741
f 3741 3938 3742
f 3742 3938 3937
f 3742 3937 3939
f 3742 3939 3934
f 3743 3940 3913
f 3743 3744 3941
f 3743 3941 3942
f 3743 3942 3943
f 3743 3943 3940
f 3745 3900 3746
f 3745 3901 3900
f 3746 3900 3944
f 3746 3944 3747
f 3747 3944 3945
f 3747 3945 3946
f 3747 3946 3748
f 3748 3946 3749
f 3749 3946 3750
f 3750 3947 3948
f 3750 3948 3752
f 3750 3946 3947
f 3752 3948 3949
f 3752 3949 3950
f 3752 3950 3753
f 3753 3950 3951
f 3753 3951 3754
f 3754 3951 3952
f 3754 3952 4132
f 3754 4132 3953
f 3754 3953 3755
f 3755 3953 3756
f 3756 3758 3757
f 3756 3953 3954
f 3756 3954 3758
f 3758 3954 3759
f 3759 3954 3955
f 3759 3955 3956
f 3759 3956 3957
f 3759 3957 3958
f 3759 3958 3760
f 3760 3958 3959
f 3760 3959 3761
f 3761 3960 3961
f 3761 3961 3762
f 3761 3959 3960
f 3762 3961 3962
f 3762 3962 3963
f 3762 3963 3763
f 3763 3963 3764
f 3764 3963 3964
f 3764 3964 3965
f 3764 3965 3966
f 3764 3966 3967
f 3764 3967 3765
f 3765 3967 3767
f 3765 3767 3766
f 3767 3968 3969
f 3767 3969 3768
f 3767 3967 4146
f 3767 4146 3968
f 3768 3969 3970
f 3768 3970 3769
f 3769 3970 3971
f 3769 3971 3770
f 3770 3971 3771
f 3771 3971 3779
f 3772 3972 3973
f 3772 3973 3773
f 3772 3784 3972
f 3774 3973 3812
f 3774 3812 3775
f 3777 3785 3778
f 3779 3971 3974
f 3779 3974 3975
f 3779 3975 3976
f 3779 3976 3780
f 3780 3976 3781
f 3781 3976 3977
f 3781 3977 3782
f 3782 3977 3978
f 3782 3978 3783
f 3783 3978 3979
f 3783 3979 3784
f 3784 3979 3980
f 3784 3980 3981
f 3784 3981 3972
f 3786 3811 3982
f 3786 3982 3983
f 3786 3983 3984
f 3786 3984 3985
f 3786 3985 3986
f 3786 3986 3987
f 3786 3987 3988
f 3786 3988 3787
f 3787 3988 3989
f 3787 3989 3990
f 3787 3990 3991
f 3787 3991 3992
f 3787 3992 3788
f 3788 3992 3792
f 3790 3792 3993
f 3790 3993 3791
f 3791 3993 3794
f 3792 3992 3994
f 3792 3994 3993
f 3793 3995 3800
f 3793 3794 3996
f 3793 3996 3995
f 3794 3993 3996
f 3795 3997 3998
f 3795 3998 3796
f 3796 3998 3999
f 3796 3999 4000
f 3796 4000 3802
f 3797 3801 4001
f 3797 4001 3798
f 3798 4001 4002
f 3798 4002 3799
f 3799 4002 4003
f 3799 4003 3997
f 3800 3995 4004
f 3800 4004 3801
f 3801 4004 4005
f 3801 4005 4006
f 3801 4006 4001
f 3802 4000 3803
f 3803 4000 4007
f 3803 4007 3804
f 3804 4008 3805
f 3804 4007 4008
f 3805 4008 4009
f 3805 4009 3806
f 3806 4009 3809
f 3807 4010 3808
f 3807 3809 4011
f 3807 4011 4010
f 3808 4010 3813
f 3809 4009 4011
f 3810 4012 3811
f 3810 3812 3973
f 3810 3973 3972
f 3810 3972 4013
f 3810 4013 4181
f 3810 4181 4012
f 3811 4014 3982
f 3811 4012 4015
f 3811 4015 4016
f 3811 4016 4017
f 3811 4017 4018
f 3811 4018 4014
f 3813 4010 4019
f 3813 4019 3814
f 3814 4019 3819
f 3816 4020 3818
f 3816 3817 4021
f 3816 4021 4020
f 3817 3822 4021
f 3818 4020 3824
f 3819 4019 4022
f 3819 4022 4023
f 3819 4023 4024
f 3819 4024 3820
f 3820 4024 4025
f 3820 4025 4026
f 3820 4026 4027
f 3820 4027 3821
f 3821 4027 4028
f 3821 4028 3822
f 3822 4028 4021
f 3823 3834 3837
f 3824 4020 4029
f 3824 4029 4030
f 3824 4030 4031
f 3824 4031 3825
f 3825 4031 4032
f 3825 4032 3826
f 3826 4032 3827
f 3827 4032 3829
f 3827 3829 3828
f 3829 4033 3830
f 3829 4032 4034
f 3829 4034 4033
f 3830 3832 3831
f 3830 4033 4034
f 3830 4034 4035
f 3830 4035 4036
f 3830 4036 4037
f 3830 4037 4038
f 3830 4038 4039
f 3830 4039 4040
f 3830 4040 4041
f 3830 4041 4042
f 3830 4042 4043
f 3830 4043 3832
f 3832 4043 3833
f 3833 4043 4042
f 3833 4042 3837
f 3833 3837 3834
f 3835 4044 3840
f 3835 3837 4042
f 3835 4042 4044
f 3838 4045 3842
f 3838 3842 3839
f 3838 3841 4046
f 3838 4046 4045
f 3840 4044 4046
f 3840 4046 3841
f 3842 4045 4047
f 3842 4047 4048
f 3842 4048 3843
f 3843 4048 4049
f 3843 4049 4050
f 3843 4050 3844
f 3844 4050 4052
f 3844 4052 4051
f 3844 4051 3846
f 3844 3846 3845
f 3846 4051 3847
f 3847 4051 4052
f 3847 4052 4053
f 3847 4053 4054
f 3847 4054 3852
f 3847 3852 3849
f 3847 3849 3848
f 3849 3852 3850
f 3851 4055 4056
f 3851 4056 3854
f 3851 3853 4055
f 3852 4054 4057
f 3852 4057 3853
f 3853 4057 4055
f 3854 4058 3875
f 3854 3875 3855
f 3854 4056 4058
f 3857 3875 4059
f 3859 4059 3860
f 3860 4060 3863
f 3860 4059 4060
f 3863 4060 3864
f 3864 4060 3865
f 3865 4061 4065
f 3865 4065 3866
f 3865 4060 4062
f 3865 4062 4063
f 3865 4063 4064
f 3865 4064 4061
f 3866 4065 3868
f 3866 3868 3867
f 3868 4065 4066
f 3868 4066 3874
f 3870 3874 4066
f 3870 4066 4064
f 3870 4064 4067
f 3870 4067 3871
f 3871 4067 4068
f 3871 4068 4069
f 3871 4069 4070
f 3871 4070 3872
f 3872 4070 3873
f 3873 4070 4071
f 3873 4071 4072
f 3873 4072 3876
f 3875 4073 4059
f 3875 4058 4073
f 3876 4072 4074
f 3876 4074 4075
f 3876 4075 3877
f 3877 4075 4076
f 3877 4076 4077
f 3877 4077 3878
f 3878 4077 3879
f 3879 4077 4078
f 3879 4078 3884
f 3879 3884 3881
f 3881 3884 3882
f 3882 3884 3883
f 3884 4079 4080
f 3884 4080 3885
f 3884 4078 4079
f 3885 4080 4081
f 3885 4081 3886
f 3886 4081 3887
f 3887 4081 4082
f 3887 4082 3888
f 3888 4082 3889
f 3889 4082 4083
f 3890 3895 4084
f 3890 4084 3891
f 3891 4085 4086
f 3891 4086 4087
f 3891 4087 3897
f 3891 4084 4088
f 3891 4088 4089
f 3891 4089 4085
f 3895 4090 4084
f 3895 4091 4279
f 3895 4279 4090
f 3896 3933 4092
f 3896 4092 4091
f 3897 4087 3898
f 3898 4087 4093
f 3898 4093 3899
f 3899 4094 3900
f 3899 4093 4094
f 3900 4094 4095
f 3900 4095 4096
f 3900 4096 3944
f 3903 3912 4097
f 3903 4097 3904
f 3904 4098 3915
f 3904 3915 3926
f 3904 3926 3906
f 3904 3906 3905
f 3904 4097 4098
f 3907 3908 4099
f 3907 4099 3910
f 3908 3909 4100
f 3908 4100 4099
f 3910 4101 3911
f 3910 4099 4102
f 3910 4102 4101
f 3911 4101 4103
f 3911 4103 3912
f 3912 4103 4097
f 3913 3940 4105
f 3913 4105 4104
f 3914 4104 4100
f 3915 4106 4107
f 3915 4107 4108
f 3915 4108 4109
f 3915 4109 3916
f 3915 4098 4106
f 3916 4109 3917
f 3917 4109 3921
f 3917 3921 4110
f 3917 4110 3919
f 3917 3919 3918
f 3919 4110 3920
f 3920 4110 3921
f 3921 4109 3922
f 3922 4111 3923
f 3922 4109 4111
f 3923 4112 4113
f 3923 4113 3924
f 3923 4111 4112
f 3924 4113 4114
f 3924 4114 3925
f 3925 4114 4115
f 3925 4115 4116
f 3925 4116 3927
f 3927 4116 3928
f 3928 4117 3929
f 3928 4116 4115
f 3928 4115 4117
f 3929 4118 4119
f 3929 4119 3930
f 3929 4117 4118
f 3930 4119 3932
f 3932 4119 4120
f 3932 4120 3936
f 3933 3935 4121
f 3933 4121 4092
f 3934 3939 3935
f 3935 3939 4122
f 3935 4122 4123
f 3935 4123 4121
f 3936 4120 3937
f 3937 4120 4122
f 3937 4122 3939
f 3940 3943 4124
f 3940 4124 4105
f 3943 4125 4124
f 3944 4096 3945
f 3945 4096 4126
f 3945 4126 3947
f 3945 3947 3946
f 3947 4126 3949
f 3947 3949 3948
f 3949 4127 3950
f 3949 4126 4128
f 3949 4128 4127
f 3950 4127 4129
f 3950 4129 4130
f 3950 4130 3951
f 3951 4130 3952
f 3952 4130 4131
f 3952 4131 4132
f 3953 4132 4133
f 3953 4133 3954
f 3954 4133 4134
f 3954 4134 3956
f 3954 3956 3955
f 3956 4134 4135
f 3956 4135 3957
f 3957 4135 3958
f 3958 4136 3960
f 3958 3960 3959
f 3958 4135 4136
f 3960 4136 4137
f 3960 4137 4138
f 3960 4138 3961
f 3961 4138 3962
f 3962 4138 4139
f 3962 4139 3963
f 3963 4139 3964
f 3964 4139 3965
f 3965 4139 4140
f 3965 4140 4141
f 3965 4141 4142
f 3965 4142 4143
f 3965 4143 3966
f 3966 4143 4144
f 3966 4144 4145
f 3966 4145 4146
f 3966 4146 3967
f 3968 4147 3969
f 3968 4146 4147
f 3969 4147 3971
f 3969 3971 3970
f 3971 4147 3974
f 3972 3981 4013
f 3974 4147 4148
f 3974 4148 3975
f 3975 4148 4149
f 3975 4149 4150
f 3975 4150 3977
f 3975 3977 3976
f 3977 4150 4151
f 3977 4151 3978
f 3978 4151 4152
f 3978 4152 3980
f 3978 3980 3979
f 3980 4152 3981
f 3981 4153 4013
f 3981 4152 4153
f 3982 4014 4154
f 3982 4154 4155
f 3982 4155 4156
f 3982 4156 4157
f 3982 4157 3983
f 3983 4157 4158
f 3983 4158 4159
f 3983 4159 3984
f 3984 4159 4160
f 3984 4160 3985
f 3985 4160 4161
f 3985 4161 3986
f 3986 4161 3987
f 3987 4161 4162
f 3987 4162 4163
f 3987 4163 3988
f 3988 4163 3989
f 3989 4163 4162
f 3989 4162 4164
f 3989 4164 4165
f 3989 4165 3990
f 3990 4165 4166
f 3990 4166 4167
f 3990 4167 3991
f 3991 4167 3994
f 3991 3994 3992
f 3993 4168 3996
f 3993 3994 4168
f 3994 4167 4168
f 3995 3996 4168
f 3995 4168 4004
f 3997 4169 3999
f 3997 3999 3998
f 3997 4003 4169
f 3999 4170 4007
f 3999 4007 4000
f 3999 4169 4170
f 4001 4006 4171
f 4001 4171 4002
f 4002 4171 4003
f 4003 4171 4172
f 4003 4172 4169
f 4004 4168 4005
f 4005 4168 4173
f 4005 4173 4174
f 4005 4174 4175
f 4005 4175 4006
f 4006 4175 4176
f 4006 4176 4171
f 4007 4170 4177
f 4007 4177 4008
f 4008 4178 4179
f 4008 4179 4009
f 4008 4177 4178
f 4009 4179 4023
f 4009 4023 4180
f 4009 4180 4011
f 4010 4011 4180
f 4010 4180 4019
f 4012 4181 4182
f 4012 4182 4183
f 4012 4183 4015
f 4013 4153 4181
f 4014 4018 4184
f 4014 4184 4154
f 4015 4183 4185
f 4015 4185 4016
f 4016 4185 4186
f 4016 4186 4017
f 4017 4186 4018
f 4018 4186 4187
f 4018 4187 4184
f 4019 4180 4023
f 4019 4023 4022
f 4020 4021 4029
f 4021 4028 4029
f 4023 4188 4189
f 4023 4189 4190
f 4023 4190 4024
f 4023 4179 4178
f 4023 4178 4191
f 4023 4191 4192
f 4023 4192 4193
f 4023 4193 4188
f 4024 4190 4025
f 4025 4194 4026
f 4025 4190 4195
f 4025 4195 4194
f 4026 4194 4196
f 4026 4196 4027
f 4027 4197 4028
f 4027 4196 4198
f 4027 4198 4199
f 4027 4199 4197
f 4028 4200 4201
f 4028 4201 4029
f 4028 4197 4200
f 4029 4202 4203
f 4029 4203 4030
f 4029 4201 4202
f 4030 4203 4031
f 4031 4203 4204
f 4031 4204 4032
f 4032 4204 4205
f 4032 4205 4206
f 4032 4206 4035
f 4032 4035 4034
f 4035 4207 4208
f 4035 4208 4209
f 4035 4209 4037
f 4035 4037 4036
f 4035 4206 4210
f 4035 4210 4211
f 4035 4211 4212
f 4035 4212 4207
f 4037 4213 4214
f 4037 4214 4215
f 4037 4215 4216
f 4037 4216 4039
f 4037 4039 4038
f 4037 4209 4217
f 4037 4217 4213
f 4039 4218 4219
f 4039 4219 4220
f 4039 4220 4221
f 4039 4221 4222
f 4039 4222 4040
f 4039 4216 4218
f 4040 4044 4042
f 4040 4042 4041
f 4040 4222 4221
f 4040 4221 4223
f 4040 4223 4224
f 4040 4224 4046
f 4040 4046 4044
f 4045 4046 4224
f 4045 4224 4047
f 4047 4224 4048
f 4048 4224 4225
f 4048 4225 4226
f 4048 4226 4227
f 4048 4227 4228
f 4048 4228 4229
f 4048 4229 4230
f 4048 4230 4231
f 4048 4231 4232
f 4048 4232 4049
f 4049 4232 4050
f 4050 4232 4233
f 4050 4233 4052
f 4052 4233 4234
f 4052 4234 4053
f 4053 4234 4235
f 4053 4235 4054
f 4054 4235 4057
f 4055 4057 4236
f 4055 4236 4237
f 4055 4237 4056
f 4056 4238 4058
f 4056 4237 4238
f 4057 4235 4239
f 4057 4239 4236
f 4058 4238 4240
f 4058 4240 4241
f 4058 4241 4073
f 4059 4073 4060
f 4060 4073 4242
f 4060 4242 4243
f 4060 4243 4244
f 4060 4244 4062
f 4061 4064 4066
f 4061 4066 4065
f 4062 4069 4245
f 4062 4245 4064
f 4062 4064 4063
f 4062 4244 4246
f 4062 4246 4247
f 4062 4247 4248
f 4062 4248 4249
f 4062 4249 4250
f 4062 4250 4251
f 4062 4251 4252
f 4062 4252 4253
f 4062 4253 4069
f 4064 4245 4067
f 4067 4245 4068
f 4068 4245 4069
f 4069 4254 4071
f 4069 4071 4070
f 4069 4253 4255
f 4069 4255 4254
f 4071 4254 4256
f 4071 4256 4072
f 4072 4256 4074
f 4073 4241 4242
f 4074 4256 4075
f 4075 4257 4258
f 4075 4258 4076
f 4075 4256 4257
f 4076 4259 4260
f 4076 4260 4261
f 4076 4261 4262
f 4076 4262 4078
f 4076 4078 4077
f 4076 4258 4257
f 4076 4257 4259
f 4078 4262 4079
f 4079 4263 4264
f 4079 4264 4265
f 4079 4265 4080
f 4079 4262 4263
f 4080 4265 4266
f 4080 4266 4267
f 4080 4267 4081
f 4081 4267 4082
f 4082 4267 4083
f 4083 4267 4268
f 4084 4090 4269
f 4084 4269 4089
f 4084 4089 4088
f 4085 4089 4270
f 4085 4270 4271
f 4085 4271 4272
f 4085 4272 4273
f 4085 4273 4086
f 4086 4273 4274
f 4086 4274 4087
f 4087 4274 4275
f 4087 4275 4093
f 4089 4269 4276
f 4089 4276 4270
f 4090 4277 4278
f 4090 4278 4269
f 4090 4279 4482
f 4090 4482 4277
f 4091 4092 4279
f 4092 4280 4279
f 4092 4121 4318
f 4092 4318 4280
f 4093 4275 4281
f 4093 4281 4282
f 4093 4282 4283
f 4093 4283 4284
f 4093 4284 4285
f 4093 4285 4094
f 4094 4285 4095
f 4095 4285 4096
f 4096 4286 4287
f 4096 4287 4288
f 4096 4288 4289
f 4096 4289 4128
f 4096 4128 4126
f 4096 4285 4286
f 4097 4103 4098
f 4098 4290 4106
f 4098 4103 4291
f 4098 4291 4290
f 4099 4100 4292
f 4099 4292 4293
f 4099 4293 4102
f 4100 4104 4292
f 4101 4102 4294
f 4101 4294 4295
f 4101 4295 4508
f 4101 4508 4296
f 4101 4296 4297
f 4101 4297 4298
f 4101 4298 4103
f 4102 4293 4299
f 4102 4299 4300
f 4102 4300 4294
f 4103 4301 4291
f 4103 4298 4301
f 4104 4105 4124
f 4104 4124 4292
f 4106 4290 4302
f 4106 4302 4303
f 4106 4303 4304
f 4106 4304 4305
f 4106 4305 4112
f 4106 4112 4107
f 4107 4112 4108
f 4108 4112 4109
f 4109 4112 4111
f 4112 4305 4306
f 4112 4306 4307
f 4112 4307 4308
f 4112 4308 4309
f 4112 4309 4310
f 4112 4310 4311
f 4112 4311 4118
f 4112 4118 4312
f 4112 4312 4313
f 4112 4313 4113
f 4113 4313 4114
f 4114 4313 4115
f 4115 4312 4117
f 4115 4313 4312
f 4117 4312 4118
f 4118 4311 4314
f 4118 4314 4315
f 4118 4315 4316
f 4118 4316 4119
f 4119 4316 4120
f 4120 4317 4122
f 4120 4316 4315
f 4120 4315 4317
f 4121 4123 4318
f 4122 4317 4319
f 4122 4319 4123
f 4123 4320 4318
f 4123 4319 4320
f 4124 4125 4321
f 4124 4321 4322
f 4124 4322 4292
f 4127 4323 4324
f 4127 4324 4129
f 4127 4128 4323
f 4128 4289 4325
f 4128 4325 4323
f 4129 4324 4130
f 4130 4324 4131
f 4131 4324 4326
f 4131 4326 4132
f 4132 4326 4133
f 4133 4326 4327
f 4133 4327 4134
f 4134 4328 4135
f 4134 4327 4328
f 4135 4329 4136
f 4135 4328 4330
f 4135 4330 4331
f 4135 4331 4329
f 4136 4329 4137
f 4137 4332 4138
f 4137 4329 4332
f 4138 4333 4139
f 4138 4332 4333
f 4139 4333 4140
f 4140 4333 4334
f 4140 4334 4335
f 4140 4335 4141
f 4141 4335 4336
f 4141 4336 4337
f 4141 4337 4142
f 4142 4338 4144
f 4142 4144 4143
f 4142 4337 4338
f 4144 4338 4339
f 4144 4339 4145
f 4145 4339 4340
f 4145 4340 4146
f 4146 4340 4341
f 4146 4341 4147
f 4147 4341 4342
f 4147 4342 4148
f 4148 4342 4343
f 4148 4343 4149
f 4149 4344 4150
f 4149 4343 4344
f 4150 4344 4345
f 4150 4345 4151
f 4151 4345 4152
f 4152 4345 4346
f 4152 4346 4347
f 4152 4347 4153
f 4153 4347 4182
f 4153 4182 4181
f 4154 4184 4187
f 4154 4187 4348
f 4154 4348 4349
f 4154 4349 4155
f 4155 4349 4350
f 4155 4350 4351
f 4155 4351 4156
f 4156 4351 4352
f 4156 4352 4157
f 4157 4352 4158
f 4158 4352 4353
f 4158 4353 4354
f 4158 4354 4159
f 4159 4354 4355
f 4159 4355 4356
f 4159 4356 4357
f 4159 4357 4160
f 4160 4357 4161
f 4161 4357 4358
f 4161 4358 4359
f 4161 4359 4162
f 4162 4359 4360
f 4162 4360 4361
f 4162 4361 4362
f 4162 4362 4165
f 4162 4165 4164
f 4165 4362 4361
f 4165 4361 4363
f 4165 4363 4364
f 4165 4364 4166
f 4166 4364 4176
f 4166 4176 4175
f 4166 4175 4174
f 4166 4174 4173
f 4166 4173 4167
f 4167 4173 4168
f 4169 4365 4366
f 4169 4366 4170
f 4169 4172 4367
f 4169 4367 4368
f 4169 4368 4365
f 4170 4366 4177
f 4171 4176 4172
f 4172 4176 4369
f 4172 4369 4370
f 4172 4370 4371
f 4172 4371 4372
f 4172 4372 4367
f 4176 4364 4373
f 4176 4373 4369
f 4177 4366 4374
f 4177 4374 4178
f 4178 4374 4375
f 4178 4375 4191
f 4182 4347 4376
f 4182 4376 4183
f 4183 4376 4377
f 4183 4377 4378
f 4183 4378 4379
f 4183 4379 4185
f 4185 4379 4186
f 4186 4379 4380
f 4186 4380 4381
f 4186 4381 4187
f 4187 4381 4382
f 4187 4382 4383
f 4187 4383 4384
f 4187 4384 4349
f 4187 4349 4348
f 4188 4385 4189
f 4188 4193 4385
f 4189 4385 4386
f 4189 4386 4387
f 4189 4387 4388
f 4189 4388 4195
f 4189 4195 4190
f 4191 4375 4389
f 4191 4389 4390
f 4191 4390 4391
f 4191 4391 4193
f 4191 4193 4192
f 4193 4391 4385
f 4194 4392 4393
f 4194 4393 4196
f 4194 4195 4394
f 4194 4394 4392
f 4195 4388 4394
f 4196 4393 4199
f 4196 4199 4198
f 4197 4199 4200
f 4199 4393 4395
f 4199 4395 4396
f 4199 4396 4200
f 4200 4396 4202
f 4200 4202 4201
f 4202 4205 4204
f 4202 4204 4203
f 4202 4396 4205
f 4205 4397 4211
f 4205 4211 4210
f 4205 4210 4206
f 4205 4396 4398
f 4205 4398 4399
f 4205 4399 4397
f 4207 4400 4208
f 4207 4212 4400
f 4208 4400 4401
f 4208 4401 4402
f 4208 4402 4403
f 4208 4403 4411
f 4208 4411 4217
f 4208 4217 4209
f 4211 4397 4404
f 4211 4404 4405
f 4211 4405 4406
f 4211 4406 4407
f 4211 4407 4408
f 4211 4408 4212
f 4212 4408 4400
f 4213 4216 4214
f 4213 4217 4409
f 4213 4409 4410
f 4213 4410 4218
f 4213 4218 4216
f 4214 4216 4215
f 4217 4411 4409
f 4218 4412 4413
f 4218 4413 4219
f 4218 4410 4412
f 4219 4414 4415
f 4219 4415 4416
f 4219 4416 4221
f 4219 4221 4220
f 4219 4413 4417
f 4219 4417 4414
f 4221 4416 4226
f 4221 4226 4225
f 4221 4225 4223
f 4223 4225 4224
f 4226 4416 4415
f 4226 4415 4418
f 4226 4418 4227
f 4227 4418 4228
f 4228 4418 4415
f 4228 4415 4419
f 4228 4419 4229
f 4229 4419 4420
f 4229 4420 4421
f 4229 4421 4649
f 4229 4649 4422
f 4229 4422 4424
f 4229 4424 4230
f 4230 4423 4231
f 4230 4424 4425
f 4230 4425 4423
f 4231 4423 4232
f 4232 4423 4425
f 4232 4425 4233
f 4233 4425 4234
f 4234 4426 4235
f 4234 4425 4426
f 4235 4426 4427
f 4235 4427 4428
f 4235 4428 4429
f 4235 4429 4430
f 4235 4430 4431
f 4235 4431 4432
f 4235 4432 4239
f 4236 4239 4433
f 4236 4433 4434
f 4236 4434 4435
f 4236 4435 4237
f 4237 4435 4436
f 4237 4436 4238
f 4238 4436 4437
f 4238 4437 4240
f 4239 4432 4433
f 4240 4437 4438
f 4240 4438 4439
f 4240 4439 4241
f 4241 4440 4441
f 4241 4441 4243
f 4241 4243 4242
f 4241 4439 4440
f 4243 4442 4443
f 4243 4443 4244
f 4243 4441 4442
f 4244 4443 4246
f 4246 4443 4444
f 4246 4444 4445
f 4246 4445 4247
f 4247 4445 4446
f 4247 4446 4249
f 4247 4249 4248
f 4249 4446 4447
f 4249 4447 4448
f 4249 4448 4449
f 4249 4449 4250
f 4250 4449 4450
f 4250 4450 4251
f 4251 4450 4451
f 4251 4451 4252
f 4252 4451 4452
f 4252 4452 4453
f 4252 4453 4454
f 4252 4454 4455
f 4252 4455 4253
f 4253 4257 4256
f 4253 4256 4255
f 4253 4455 4454
f 4253 4454 4456
f 4253 4456 4457
f 4253 4457 4458
f 4253 4458 4257
f 4254 4255 4256
f 4257 4458 4259
f 4259 4458 4459
f 4259 4459 4260
f 4260 4459 4261
f 4261 4459 4262
f 4262 4459 4460
f 4262 4460 4263
f 4263 4461 4462
f 4263 4462 4264
f 4263 4460 4459
f 4263 4459 4461
f 4264 4462 4463
f 4264 4463 4464
f 4264 4464 4465
f 4264 4465 4466
f 4264 4466 4467
f 4264 4467 4265
f 4265 4467 4266
f 4266 4467 4468
f 4266 4468 4268
f 4266 4268 4267
f 4268 4468 4469
f 4269 4470 4276
f 4269 4278 4471
f 4269 4471 4472
f 4269 4472 4473
f 4269 4473 4470
f 4270 4276 4271
f 4271 4474 4475
f 4271 4475 4476
f 4271 4476 4477
f 4271 4477 4478
f 4271 4478 4272
f 4271 4276 4470
f 4271 4470 4479
f 4271 4479 4474
f 4272 4478 4273
f 4273 4478 4275
f 4273 4275 4274
f 4275 4478 4480
f 4275 4480 4281
f 4277 4481 4471
f 4277 4471 4278
f 4277 4482 4702
f 4277 4702 4481
f 4279 4280 4483
f 4279 4483 4482
f 4280 4318 4484
f 4280 4484 4483
f 4281 4480 4485
f 4281 4485 4282
f 4282 4485 4486
f 4282 4486 4283
f 4283 4486 4487
f 4283 4487 4488
f 4283 4488 4489
f 4283 4489 4490
f 4283 4490 4285
f 4283 4285 4284
f 4285 4490 4286
f 4286 4490 4491
f 4286 4491 4492
f 4286 4492 4287
f 4287 4492 4493
f 4287 4493 4494
f 4287 4494 4288
f 4288 4494 4495
f 4288 4495 4496
f 4288 4496 4497
f 4288 4497 4289
f 4289 4497 4498
f 4289 4498 4499
f 4289 4499 4500
f 4289 4500 4325
f 4290 4501 4502
f 4290 4502 4503
f 4290 4503 4303
f 4290 4303 4302
f 4290 4291 4301
f 4290 4301 4501
f 4292 4322 4504
f 4292 4504 4293
f 4293 4504 4505
f 4293 4505 4506
f 4293 4506 4299
f 4294 4300 4507
f 4294 4507 4295
f 4295 4507 4509
f 4295 4509 4508
f 4296 4508 4510
f 4296 4510 4297
f 4297 4510 4511
f 4297 4511 4301
f 4297 4301 4298
f 4299 4512 4513
f 4299 4513 4300
f 4299 4506 4512
f 4300 4513 4507
f 4301 4511 4514
f 4301 4514 4515
f 4301 4515 4501
f 4303 4516 4517
f 4303 4517 4518
f 4303 4518 4519
f 4303 4519 4520
f 4303 4520 4304
f 4303 4503 4516
f 4304 4520 4305
f 4305 4521 4307
f 4305 4307 4306
f 4305 4520 4521
f 4307 4522 4523
f 4307 4523 4524
f 4307 4524 4308
f 4307 4521 4525
f 4307 4525 4526
f 4307 4526 4527
f 4307 4527 4522
f 4308 4524 4528
f 4308 4528 4309
f 4309 4529 4530
f 4309 4530 4531
f 4309 4531 4532
f 4309 4532 4533
f 4309 4533 4534
f 4309 4534 4535
f 4309 4535 4311
f 4309 4311 4310
f 4309 4528 4536
f 4309 4536 4744
f 4309 4744 4529
f 4311 4535 4314
f 4314 4537 4315
f 4314 4535 4537
f 4315 4537 4317
f 4317 4537 4319
f 4318 4538 4484
f 4318 4320 4539
f 4318 4539 4538
f 4319 4537 4540
f 4319 4540 4541
f 4319 4541 4542
f 4319 4542 4543
f 4319 4543 4544
f 4319 4544 4539
f 4319 4539 4320
f 4322 4545 4505
f 4322 4505 4504
f 4323 4325 4500
f 4323 4500 4546
f 4323 4546 4547
f 4323 4547 4548
f 4323 4548 4549
f 4323 4549 4324
f 4324 4549 4326
f 4326 4549 4330
f 4326 4330 4328
f 4326 4328 4327
f 4329 4331 4550
f 4329 4550 4551
f 4329 4551 4332
f 4330 4549 4548
f 4330 4548 4331
f 4331 4548 4552
f 4331 4552 4550
f 4332 4551 4553
f 4332 4553 4554
f 4332 4554 4555
f 4332 4555 4556
f 4332 4556 4333
f 4333 4557 4334
f 4333 4556 4557
f 4334 4558 4559
f 4334 4559 4560
f 4334 4560 4561
f 4334 4561 4335
f 4334 4557 4558
f 4335 4562 4563
f 4335 4563 4564
f 4335 4564 4336
f 4335 4561 4562
f 4336 4564 4565
f 4336 4565 4337
f 4337 4340 4339
f 4337 4339 4338
f 4337 4565 4566
f 4337 4566 4567
f 4337 4567 4340
f 4340 4567 4568
f 4340 4568 4569
f 4340 4569 4341
f 4341 4569 4342
f 4342 4570 4571
f 4342 4571 4343
f 4342 4569 4570
f 4343 4571 4572
f 4343 4572 4344
f 4344 4572 4573
f 4344 4573 4574
f 4344 4574 4346
f 4344 4346 4345
f 4346 4574 4347
f 4347 4574 4575
f 4347 4575 4376
f 4349 4384 4383
f 4349 4383 4576
f 4349 4576 4577
f 4349 4577 4350
f 4350 4577 4788
f 4350 4788 4578
f 4350 4578 4579
f 4350 4579 4580
f 4350 4580 4351
f 4351 4580 4581
f 4351 4581 4352
f 4352 4581 4353
f 4353 4581 4582
f 4353 4582 4583
f 4353 4583 4584
f 4353 4584 4354
f 4354 4584 4355
f 4355 4585 4356
f 4355 4584 4586
f 4355 4586 4587
f 4355 4587 4795
f 4355 4795 4588
f 4355 4588 4585
f 4356 4585 4358
f 4356 4358 4357
f 4358 4585 4589
f 4358 4589 4590
f 4358 4590 4359
f 4359 4590 4360
f 4360 4590 4591
f 4360 4591 4592
f 4360 4592 4361
f 4361 4592 4593
f 4361 4593 4594
f 4361 4594 4363
f 4363 4594 4373
f 4363 4373 4364
f 4365 4368 4595
f 4365 4595 4596
f 4365 4596 4597
f 4365 4597 4366
f 4366 4598 4374
f 4366 4597 4598
f 4367 4372 4368
f 4368 4372 4599
f 4368 4599 4600
f 4368 4600 4601
f 4368 4601 4595
f 4369 4373 4602
f 4369 4602 4603
f 4369 4603 4370
f 4370 4604 4371
f 4370 4603 4604
f 4371 4604 4605
f 4371 4605 4599
f 4371 4599 4372
f 4373 4594 4593
f 4373 4593 4602
f 4374 4598 4375
f 4375 4606 4389
f 4375 4598 4607
f 4375 4607 4606
f 4376 4575 4377
f 4377 4608 4378
f 4377 4575 4609
f 4377 4609 4610
f 4377 4610 4809
f 4377 4809 4611
f 4377 4611 4608
f 4378 4608 4380
f 4378 4380 4379
f 4380 4608 4612
f 4380 4612 4613
f 4380 4613 4381
f 4381 4613 4382
f 4382 4613 4614
f 4382 4614 4615
f 4382 4615 4383
f 4383 4615 4616
f 4383 4616 4617
f 4383 4617 4576
f 4385 4618 4619
f 4385 4619 4620
f 4385 4620 4386
f 4385 4391 4621
f 4385 4621 4618
f 4386 4620 4387
f 4387 4620 4388
f 4388 4619 4394
f 4388 4620 4619
f 4389 4606 4390
f 4390 4606 4622
f 4390 4622 4391
f 4391 4622 4621
f 4392 4394 4623
f 4392 4623 4393
f 4393 4623 4395
f 4394 4619 4623
f 4395 4623 4624
f 4395 4624 4396
f 4396 4624 4625
f 4396 4625 4398
f 4397 4399 4404
f 4398 4625 4626
f 4398 4626 4627
f 4398 4627 4399
f 4399 4627 4404
f 4400 4408 4407
f 4400 4407 4401
f 4401 4407 4402
f 4402 4628 4629
f 4402 4629 4403
f 4402 4407 4630
f 4402 4630 4631
f 4402 4631 4632
f 4402 4632 4628
f 4403 4629 4409
f 4403 4409 4411
f 4404 4633 4634
f 4404 4634 4635
f 4404 4635 4405
f 4404 4627 4636
f 4404 4636 4633
f 4405 4635 4634
f 4405 4634 4637
f 4405 4637 4406
f 4406 4637 4634
f 4406 4634 4638
f 4406 4638 4639
f 4406 4639 4407
f 4407 4639 4640
f 4407 4640 4630
f 4409 4641 4642
f 4409 4642 4410
f 4409 4629 4641
f 4410 4642 4643
f 4410 4643 4412
f 4412 4643 4417
f 4412 4417 4413
f 4414 4644 4645
f 4414 4645 4415
f 4414 4417 4644
f 4415 4645 4419
f 4417 4643 4644
f 4419 4646 4647
f 4419 4647 4420
f 4419 4645 4646
f 4420 4647 4648
f 4420 4648 4421
f 4421 4648 4850
f 4421 4850 4649
f 4422 4649 4428
f 4422 4428 4424
f 4424 4428 4427
f 4424 4427 4425
f 4425 4427 4426
f 4428 4649 4650
f 4428 4650 4429
f 4429 4651 4652
f 4429 4652 4430
f 4429 4650 4651
f 4430 4653 4654
f 4430 4654 4432
f 4430 4432 4431
f 4430 4652 4655
f 4430 4655 4653
f 4432 4654 4653
f 4432 4653 4655
f 4432 4655 4433
f 4433 4655 4434
f 4434 4655 4652
f 4434 4652 4656
f 4434 4656 4435
f 4435 4656 4657
f 4435 4657 4436
f 4436 4658 4437
f 4436 4657 4658
f 4437 4658 4438
f 4438 4658 4659
f 4438 4659 4660
f 4438 4660 4661
f 4438 4661 4662
f 4438 4662 4439
f 4439 4662 4440
f 4440 4663 4441
f 4440 4662 4664
f 4440 4664 4665
f 4440 4665 4663
f 4441 4663 4442
f 4442 4663 4666
f 4442 4666 4443
f 4443 4666 4667
f 4443 4667 4444
f 4444 4667 4445
f 4445 4668 4447
f 4445 4447 4669
f 4445 4669 4446
f 4445 4667 4668
f 4446 4669 4447
f 4447 4668 4448
f 4448 4670 4671
f 4448 4671 4449
f 4448 4668 4672
f 4448 4672 4670
f 4449 4671 4673
f 4449 4673 4451
f 4449 4451 4450
f 4451 4673 4452
f 4452 4674 4675
f 4452 4675 4453
f 4452 4673 4674
f 4453 4675 4454
f 4454 4675 4676
f 4454 4676 4677
f 4454 4677 4678
f 4454 4678 4679
f 4454 4679 4456
f 4456 4679 4457
f 4457 4679 4680
f 4457 4680 4458
f 4458 4680 4681
f 4458 4681 4682
f 4458 4682 4459
f 4459 4682 4461
f 4461 4682 4683
f 4461 4683 4463
f 4461 4463 4462
f 4463 4683 4684
f 4463 4684 4464
f 4464 4684 4685
f 4464 4685 4465
f 4465 4685 4686
f 4465 4686 4687
f 4465 4687 4688
f 4465 4688 4466
f 4466 4688 4469
f 4466 4469 4467
f 4467 4469 4468
f 4470 4473 4689
f 4470 4689 4690
f 4470 4690 4479
f 4471 4481 4472
f 4472 4481 4702
f 4472 4702 4691
f 4472 4691 4693
f 4472 4693 4473
f 4473 4692 4689
f 4473 4693 4889
f 4473 4889 4692
f 4474 4479 4690
f 4474 4690 4694
f 4474 4694 4695
f 4474 4695 4696
f 4474 4696 4475
f 4475 4696 4476
f 4476 4696 4697
f 4476 4697 4698
f 4476 4698 4699
f 4476 4699 4700
f 4476 4700 4701
f 4476 4701 4477
f 4477 4701 4478
f 4478 4701 4488
f 4478 4488 4480
f 4480 4488 4487
f 4480 4487 4485
f 4482 4483 4703
f 4482 4703 4702
f 4483 4484 4703
f 4484 4538 4704
f 4484 4704 4705
f 4484 4705 4703
f 4485 4487 4486
f 4488 4701 4700
f 4488 4700 4706
f 4488 4706 4707
f 4488 4707 4708
f 4488 4708 4709
f 4488 4709 4491
f 4488 4491 4710
f 4488 4710 4489
f 4489 4710 4490
f 4490 4710 4491
f 4491 4709 4711
f 4491 4711 4712
f 4491 4712 4493
f 4491 4493 4492
f 4493 4712 4495
f 4493 4495 4494
f 4495 4712 4496
f 4496 4712 4711
f 4496 4711 4498
f 4496 4498 4497
f 4498 4711 4713
f 4498 4713 4499
f 4499 4713 4546
f 4499 4546 4500
f 4501 4515 4502
f 4502 4515 4714
f 4502 4714 4715
f 4502 4715 4516
f 4502 4516 4503
f 4505 4716 4506
f 4505 4545 4717
f 4505 4717 4716
f 4506 4716 4718
f 4506 4718 4719
f 4506 4719 4512
f 4507 4513 4509
f 4508 4509 4510
f 4509 4720 4510
f 4509 4513 4721
f 4509 4721 4720
f 4510 4722 4723
f 4510 4723 4724
f 4510 4724 4511
f 4510 4720 4722
f 4511 4724 4514
f 4512 4719 4513
f 4513 4719 4725
f 4513 4725 4721
f 4514 4724 4723
f 4514 4723 4726
f 4514 4726 4515
f 4515 4727 4714
f 4515 4726 4727
f 4516 4715 4728
f 4516 4728 4517
f 4517 4728 4729
f 4517 4729 4730
f 4517 4730 4731
f 4517 4731 4732
f 4517 4732 4518
f 4518 4732 4731
f 4518 4731 4733
f 4518 4733 4520
f 4518 4520 4519
f 4520 4733 4731
f 4520 4731 4734
f 4520 4734 4521
f 4521 4734 4525
f 4522 4735 4736
f 4522 4736 4737
f 4522 4737 4738
f 4522 4738 4530
f 4522 4530 4739
f 4522 4739 4740
f 4522 4740 4523
f 4522 4527 4731
f 4522 4731 4741
f 4522 4741 4742
f 4522 4742 4743
f 4522 4743 4735
f 4523 4740 4524
f 4524 4740 4528
f 4525 4734 4731
f 4525 4731 4526
f 4526 4731 4527
f 4528 4740 4744
f 4528 4744 4536
f 4529 4744 4530
f 4530 4745 4532
f 4530 4532 4531
f 4530 4744 4739
f 4530 4738 4745
f 4532 4745 4533
f 4533 4535 4534
f 4533 4745 4935
f 4533 4935 4746
f 4533 4746 4535
f 4535 4746 4540
f 4535 4540 4537
f 4538 4539 4704
f 4539 4747 4704
f 4539 4544 4747
f 4540 4746 4748
f 4540 4748 4541
f 4541 4748 4542
f 4542 4748 4543
f 4543 4748 4749
f 4543 4749 4544
f 4544 4749 4750
f 4544 4750 4747
f 4546 4713 4751
f 4546 4751 4752
f 4546 4752 4753
f 4546 4753 4547
f 4547 4753 4548
f 4548 4753 4752
f 4548 4752 4754
f 4548 4754 4755
f 4548 4755 4552
f 4550 4756 4757
f 4550 4757 4758
f 4550 4758 4759
f 4550 4759 4760
f 4550 4760 4761
f 4550 4761 4551
f 4550 4552 4756
f 4551 4761 4760
f 4551 4760 4762
f 4551 4762 4763
f 4551 4763 4553
f 4552 4755 4764
f 4552 4764 4765
f 4552 4765 4756
f 4553 4763 4554
f 4554 4766 4767
f 4554 4767 4768
f 4554 4768 4555
f 4554 4763 4762
f 4554 4762 4766
f 4555 4768 4557
f 4555 4557 4556
f 4557 4768 4769
f 4557 4769 4559
f 4557 4559 4558
f 4559 4770 4771
f 4559 4771 4772
f 4559 4772 4773
f 4559 4773 4774
f 4559 4774 4560
f 4559 4769 4775
f 4559 4775 4776
f 4559 4776 4777
f 4559 4777 4770
f 4560 4774 4561
f 4561 4774 4562
f 4562 4774 4772
f 4562 4772 4778
f 4562 4778 4564
f 4562 4564 4563
f 4564 4778 4779
f 4564 4779 4565
f 4565 4780 4781
f 4565 4781 4566
f 4565 4779 4780
f 4566 4568 4567
f 4566 4781 4782
f 4566 4782 4783
f 4566 4783 4568
f 4568 4783 4569
f 4569 4783 4570
f 4570 4783 4784
f 4570 4784 4571
f 4571 4784 4785
f 4571 4785 4572
f 4572 4785 4786
f 4572 4786 4573
f 4573 4609 4575
f 4573 4575 4574
f 4573 4786 4610
f 4573 4610 4609
f 4576 4617 4787
f 4576 4787 4577
f 4577 4787 4788
f 4578 4788 4789
f 4578 4789 4790
f 4578 4790 4579
f 4579 4790 4580
f 4580 4790 4581
f 4581 4790 4791
f 4581 4791 4792
f 4581 4792 4582
f 4582 4792 4793
f 4582 4793 4583
f 4583 4793 4794
f 4583 4794 4584
f 4584 4794 4586
f 4585 4588 4797
f 4585 4797 4589
f 4586 4794 4796
f 4586 4796 4587
f 4587 4796 4795
f 4588 4795 4797
f 4589 4797 4798
f 4589 4798 4799
f 4589 4799 4590
f 4590 4799 4800
f 4590 4800 4591
f 4591 4800 4592
f 4592 4800 4801
f 4592 4801 4802
f 4592 4802 4593
f 4593 4802 4602
f 4595 4803 4596
f 4595 4601 4803
f 4596 4803 4804
f 4596 4804 4597
f 4597 4804 4805
f 4597 4805 4598
f 4598 4805 4607
f 4599 4605 4806
f 4599 4806 4600
f 4600 4806 4601
f 4601 4806 4803
f 4602 4802 4604
f 4602 4604 4603
f 4604 4807 4806
f 4604 4806 4605
f 4604 4802 4807
f 4606 4607 4805
f 4606 4805 4808
f 4606 4808 4622
f 4608 4611 4810
f 4608 4810 4612
f 4610 4786 4809
f 4611 4809 4810
f 4612 4810 4811
f 4612 4811 4812
f 4612 4812 4613
f 4613 4812 4813
f 4613 4813 4614
f 4614 4813 4615
f 4615 4813 4814
f 4615 4814 4815
f 4615 4815 4616
f 4616 4787 4617
f 4616 4815 4816
f 4616 4816 4787
f 4618 4817 4818
f 4618 4818 4623
f 4618 4623 4619
f 4618 4621 4819
f 4618 4819 4817
f 4621 4622 4820
f 4621 4820 4819
f 4622 4808 4821
f 4622 4821 4820
f 4623 4818 4624
f 4624 4818 4817
f 4624 4817 4822
f 4624 4822 4823
f 4624 4823 4625
f 4625 4823 4626
f 4626 4824 4840
f 4626 4840 4825
f 4626 4825 4627
f 4626 4823 4826
f 4626 4826 4824
f 4627 4825 4636
f 4628 4827 4828
f 4628 4828 4829
f 4628 4829 4830
f 4628 4830 4831
f 4628 4831 4832
f 4628 4832 4833
f 4628 4833 4834
f 4628 4834 4642
f 4628 4642 4641
f 4628 4641 4629
f 4628 4632 4827
f 4630 4640 4631
f 4631 4640 4835
f 4631 4835 4836
f 4631 4836 4837
f 4631 4837 4838
f 4631 4838 4827
f 4631 4827 4632
f 4633 4839 4638
f 4633 4638 4634
f 4633 4636 4839
f 4636 4825 4840
f 4636 4840 4841
f 4636 4841 4842
f 4636 4842 4839
f 4638 4839 4842
f 4638 4842 4639
f 4639 4842 4640
f 4640 4842 4843
f 4640 4843 4835
f 4642 4834 4643
f 4643 4844 4845
f 4643 4845 4846
f 4643 4846 4644
f 4643 4834 4844
f 4644 4846 4645
f 4645 4846 4845
f 4645 4845 4646
f 4646 4845 4647
f 4647 4847 4848
f 4647 4848 4648
f 4647 4845 4847
f 4648 4848 4849
f 4648 4849 5054
f 4648 5054 4850
f 4649 4850 4851
f 4649 4851 4650
f 4650 4851 4852
f 4650 4852 4651
f 4651 4852 4853
f 4651 4853 4854
f 4651 4854 4652
f 4652 4854 4855
f 4652 4855 4656
f 4656 4855 4657
f 4657 4855 4856
f 4657 4856 4658
f 4658 4856 4857
f 4658 4857 4659
f 4659 4857 4660
f 4660 4857 4858
f 4660 4858 4859
f 4660 4859 4661
f 4661 4859 4863
f 4661 4863 4860
f 4661 4860 4664
f 4661 4664 4662
f 4663 4861 4667
f 4663 4667 4666
f 4663 4665 4862
f 4663 4862 4861
f 4664 4860 4863
f 4664 4863 4665
f 4665 4863 4862
f 4667 4861 4864
f 4667 4864 4865
f 4667 4865 4866
f 4667 4866 4668
f 4668 4866 4865
f 4668 4865 4672
f 4670 4867 4868
f 4670 4868 4869
f 4670 4869 4870
f 4670 4870 4673
f 4670 4673 4671
f 4670 4672 4871
f 4670 4871 4867
f 4672 4865 4871
f 4673 4870 4872
f 4673 4872 4873
f 4673 4873 4674
f 4674 4874 4875
f 4674 4875 4876
f 4674 4876 4676
f 4674 4676 4675
f 4674 4873 4874
f 4676 4876 4677
f 4677 4876 4877
f 4677 4877 4678
f 4678 4877 4679
f 4679 4877 4878
f 4679 4878 4879
f 4679 4879 4880
f 4679 4880 4681
f 4679 4681 4680
f 4681 4683 4682
f 4681 4880 4881
f 4681 4881 4882
f 4681 4882 4883
f 4681 4883 4884
f 4681 4884 4683
f 4683 4884 4885
f 4683 4885 4684
f 4684 4885 4685
f 4685 4885 4686
f 4686 4884 4687
f 4686 4885 4884
f 4687 4884 4688
f 4688 4884 4886
f 4689 4887 4690
f 4689 4692 4887
f 4690 4887 4888
f 4690 4888 4694
f 4691 4702 4703
f 4691 4703 4890
f 4691 4890 4693
f 4692 4889 5106
f 4692 5106 4887
f 4693 4890 4889
f 4694 4891 4892
f 4694 4892 4893
f 4694 4893 4695
f 4694 4888 4894
f 4694 4894 4891
f 4695 4893 4697
f 4695 4697 4696
f 4697 4895 4698
f 4697 4893 4895
f 4698 4895 4896
f 4698 4896 4699
f 4699 4897 4898
f 4699 4898 4700
f 4699 4896 4897
f 4700 4898 4706
f 4703 4705 4899
f 4703 4899 4900
f 4703 4900 4890
f 4704 4899 4705
f 4704 4747 4901
f 4704 4901 4899
f 4706 4898 4707
f 4707 4902 4708
f 4707 4898 4902
f 4708 4902 4903
f 4708 4903 4904
f 4708 4904 4905
f 4708 4905 4906
f 4708 4906 4711
f 4708 4711 4709
f 4711 4907 4713
f 4711 4906 4907
f 4713 4907 4908
f 4713 4908 4909
f 4713 4909 4910
f 4713 4910 4911
f 4713 4911 4912
f 4713 4912 4751
f 4714 4727 4715
f 4715 4727 4728
f 4716 4717 4913
f 4716 4913 4718
f 4718 4914 4719
f 4718 4913 4914
f 4719 4914 4725
f 4720 4915 4722
f 4720 4721 4916
f 4720 4916 4915
f 4721 4725 4916
f 4722 4915 4723
f 4723 4915 4917
f 4723 4917 4918
f 4723 4918 4919
f 4723 4919 4920
f 4723 4920 4727
f 4723 4727 4726
f 4725 4914 4921
f 4725 4921 4916
f 4727 4920 4728
f 4728 4920 4729
f 4729 4920 4919
f 4729 4919 4922
f 4729 4922 4923
f 4729 4923 4741
f 4729 4741 4731
f 4729 4731 4730
f 4735 4743 4742
f 4735 4742 4924
f 4735 4924 4925
f 4735 4925 4926
f 4735 4926 4927
f 4735 4927 4928
f 4735 4928 4929
f 4735 4929 4736
f 4736 4929 4737
f 4737 4930 4931
f 4737 4931 4932
f 4737 4932 4738
f 4737 4929 4928
f 4737 4928 4930
f 4738 4932 4933
f 4738 4933 4745
f 4739 4744 4740
f 4741 4923 4742
f 4742 4923 4934
f 4742 4934 4924
f 4745 4933 4936
f 4745 4936 4937
f 4745 4937 4938
f 4745 4938 4935
f 4746 4938 4939
f 4746 4939 4940
f 4746 4940 4748
f 4746 4935 4938
f 4747 4750 4901
f 4748 4940 4939
f 4748 4939 4749
f 4749 4941 4750
f 4749 4939 4938
f 4749 4938 4941
f 4750 4942 4943
f 4750 4943 4944
f 4750 4944 4901
f 4750 4941 4937
f 4750 4937 4945
f 4750 4945 4946
f 4750 4946 4942
f 4751 4912 4752
f 4752 4912 4754
f 4754 4912 4764
f 4754 4764 4755
f 4756 4765 4757
f 4757 4765 4758
f 4758 4947 4948
f 4758 4948 4762
f 4758 4762 4759
f 4758 4765 4949
f 4758 4949 4947
f 4759 4762 4760
f 4762 4948 4766
f 4764 4912 4950
f 4764 4950 4949
f 4764 4949 4765
f 4766 4776 4767
f 4766 4948 4776
f 4767 4776 4775
f 4767 4775 4768
f 4768 4775 4769
f 4770 4777 4776
f 4770 4776 4951
f 4770 4951 4952
f 4770 4952 4953
f 4770 4953 4954
f 4770 4954 4955
f 4770 4955 4956
f 4770 4956 4771
f 4771 4956 4957
f 4771 4957 4772
f 4772 4957 4778
f 4772 4774 4773
f 4776 4958 4959
f 4776 4959 4960
f 4776 4960 4951
f 4776 4948 4947
f 4776 4947 4958
f 4778 4961 4779
f 4778 4957 4961
f 4779 4961 4962
f 4779 4962 4780
f 4780 4962 4781
f 4781 4962 4963
f 4781 4963 4964
f 4781 4964 4965
f 4781 4965 4782
f 4782 4965 4964
f 4782 4964 4966
f 4782 4966 4967
f 4782 4967 4809
f 4782 4809 4968
f 4782 4968 4969
f 4782 4969 4970
f 4782 4970 4783
f 4783 4970 4969
f 4783 4969 4784
f 4784 4968 4971
f 4784 4971 4786
f 4784 4786 4785
f 4784 4969 4968
f 4786 4971 4968
f 4786 4968 4809
f 4787 4816 4972
f 4787 4972 4788
f 4788 4972 4973
f 4788 4973 4974
f 4788 4974 4789
f 4789 4974 4975
f 4789 4975 4976
f 4789 4976 4790
f 4790 4976 4791
f 4791 4976 4977
f 4791 4977 4792
f 4792 4977 4793
f 4793 4977 4978
f 4793 4978 4979
f 4793 4979 5201
f 4793 5201 4980
f 4793 4980 4794
f 4794 4980 4796
f 4795 4796 4981
f 4795 4981 4982
f 4795 4982 4983
f 4795 4983 4798
f 4795 4798 4797
f 4796 4980 4984
f 4796 4984 4985
f 4796 4985 4986
f 4796 4986 4981
f 4798 4983 4987
f 4798 4987 4799
f 4799 4987 4988
f 4799 4988 4989
f 4799 4989 4800
f 4800 4989 4990
f 4800 4990 4801
f 4801 4990 4991
f 4801 4991 4802
f 4802 4991 4807
f 4803 4992 4804
f 4803 4806 4807
f 4803 4807 4993
f 4803 4993 4994
f 4803 4994 4992
f 4804 4992 4995
f 4804 4995 4808
f 4804 4808 4805
f 4807 4991 4996
f 4807 4996 4997
f 4807 4997 4994
f 4807 4994 4993
f 4808 4995 4821
f 4809 4967 4811
f 4809 4811 4810
f 4811 4967 4998
f 4811 4998 4812
f 4812 4998 4999
f 4812 4999 5000
f 4812 5000 4813
f 4813 5000 5001
f 4813 5001 4814
f 4814 5001 5002
f 4814 5002 4815
f 4815 5002 5003
f 4815 5003 5004
f 4815 5004 4816
f 4816 5004 5005
f 4816 5005 4972
f 4817 4819 5006
f 4817 5006 5007
f 4817 5007 5015
f 4817 5015 5008
f 4817 5008 4822
f 4819 4820 5009
f 4819 5009 5006
f 4820 4821 5010
f 4820 5010 5011
f 4820 5011 5009
f 4821 4995 4992
f 4821 4992 5012
f 4821 5012 5013
f 4821 5013 5010
f 4822 5014 4823
f 4822 5008 5015
f 4822 5015 5016
f 4822 5016 5238
f 4822 5238 5014
f 4823 5017 4826
f 4823 5014 5018
f 4823 5018 5019
f 4823 5019 5017
f 4824 4826 5017
f 4824 5017 5020
f 4824 5020 4840
f 4827 5021 5022
f 4827 5022 5023
f 4827 5023 5024
f 4827 5024 4828
f 4827 4838 5021
f 4828 5024 4829
f 4829 5024 4830
f 4830 5025 4831
f 4830 5024 5026
f 4830 5026 5027
f 4830 5027 5028
f 4830 5028 5029
f 4830 5029 5025
f 4831 5025 5030
f 4831 5030 4832
f 4832 5031 5032
f 4832 5032 4833
f 4832 5030 5031
f 4833 5032 5033
f 4833 5033 5034
f 4833 5034 4845
f 4833 4845 4844
f 4833 4844 4834
f 4835 5035 5036
f 4835 5036 4836
f 4835 4843 5037
f 4835 5037 5038
f 4835 5038 5039
f 4835 5039 5040
f 4835 5040 5041
f 4835 5041 5035
f 4836 5042 5043
f 4836 5043 4837
f 4836 5036 5042
f 4837 5044 4838
f 4837 5043 5045
f 4837 5045 5044
f 4838 5044 5021
f 4840 5020 4841
f 4841 5020 5038
f 4841 5038 4842
f 4842 5038 5037
f 4842 5037 4843
f 4845 5034 5046
f 4845 5046 5047
f 4845 5047 4847
f 4847 5047 5048
f 4847 5048 4848
f 4848 5048 5049
f 4848 5049 5050
f 4848 5050 5051
f 4848 5051 5052
f 4848 5052 4849
f 4849 5052 5053
f 4849 5053 5268
f 4849 5268 5054
f 4850 5054 5055
f 4850 5055 4851
f 4851 5055 4852
f 4852 5056 4853
f 4852 5055 5056
f 4853 5056 5057
f 4853 5057 5058
f 4853 5058 4854
f 4854 5058 4855
f 4855 5059 4856
f 4855 5058 5060
f 4855 5060 4857
f 4855 4857 5059
f 4856 5059 4857
f 4857 5060 4858
f 4858 5060 5058
f 4858 5058 5061
f 4858 5061 4859
f 4859 5062 5063
f 4859 5063 4862
f 4859 4862 4863
f 4859 5061 5064
f 4859 5064 5062
f 4861 4862 4864
f 4862 5063 4865
f 4862 4865 4864
f 4865 5063 5065
f 4865 5065 5066
f 4865 5066 5067
f 4865 5067 5068
f 4865 5068 5069
f 4865 5069 5070
f 4865 5070 4871
f 4867 4871 4868
f 4868 5071 5072
f 4868 5072 5073
f 4868 5073 4869
f 4868 4871 5074
f 4868 5074 5071
f 4869 5073 5075
f 4869 5075 5076
f 4869 5076 4870
f 4870 5076 4872
f 4871 5070 5077
f 4871 5077 5078
f 4871 5078 5291
f 4871 5291 5079
f 4871 5079 5080
f 4871 5080 5081
f 4871 5081 5071
f 4871 5071 5074
f 4872 5082 5083
f 4872 5083 5084
f 4872 5084 4875
f 4872 4875 4874
f 4872 4874 4873
f 4872 5076 5085
f 4872 5085 5086
f 4872 5086 5082
f 4875 5087 5088
f 4875 5088 5089
f 4875 5089 5090
f 4875 5090 4878
f 4875 4878 4877
f 4875 4877 5091
f 4875 5091 4876
f 4875 5084 5087
f 4876 5091 4877
f 4878 5090 4879
f 4879 5090 5089
f 4879 5089 5092
f 4879 5092 4880
f 4880 5092 5089
f 4880 5089 5093
f 4880 5093 4881
f 4881 5093 4882
f 4882 5093 5094
f 4882 5094 5095
f 4882 5095 4883
f 4883 5096 5097
f 4883 5097 5098
f 4883 5098 5099
f 4883 5099 4884
f 4883 5095 5096
f 4884 5099 5100
f 4884 5100 5101
f 4884 5101 5102
f 4884 5102 5103
f 4884 5103 4886
f 4887 5104 5105
f 4887 5105 4888
f 4887 5106 5318
f 4887 5318 5104
f 4888 5105 5107
f 4888 5107 4894
f 4889 4890 5108
f 4889 5108 5109
f 4889 5109 5106
f 4890 4900 5108
f 4891 5110 4892
f 4891 4894 5107
f 4891 5107 5105
f 4891 5105 5111
f 4891 5111 5110
f 4892 5110 4893
f 4893 5110 5112
f 4893 5112 5113
f 4893 5113 4896
f 4893 4896 4895
f 4896 5113 5114
f 4896 5114 4897
f 4897 5114 5115
f 4897 5115 5116
f 4897 5116 5117
f 4897 5117 4898
f 4898 5117 5118
f 4898 5118 4902
f 4899 4901 4944
f 4899 4944 4900
f 4900 4944 5119
f 4900 5119 5108
f 4902 5118 5117
f 4902 5117 4903
f 4903 5120 5121
f 4903 5121 5122
f 4903 5122 5123
f 4903 5123 4904
f 4903 5117 5120
f 4904 5123 4905
f 4905 5124 5125
f 4905 5125 5126
f 4905 5126 5127
f 4905 5127 4907
f 4905 4907 4906
f 4905 5123 5124
f 4907 5127 5128
f 4907 5128 4908
f 4908 5128 4909
f 4909 5128 4910
f 4910 5128 5129
f 4910 5129 5130
f 4910 5130 4947
f 4910 4947 4950
f 4910 4950 4911
f 4911 4950 4912
f 4913 5131 4914
f 4914 5131 5132
f 4914 5132 4921
f 4915 4916 5133
f 4915 5133 5134
f 4915 5134 5135
f 4915 5135 5136
f 4915 5136 5137
f 4915 5137 5138
f 4915 5138 5139
f 4915 5139 4917
f 4916 4921 5140
f 4916 5140 5141
f 4916 5141 5142
f 4916 5142 5133
f 4917 5139 4918
f 4918 5139 4919
f 4919 5143 5144
f 4919 5144 4922
f 4919 5139 5145
f 4919 5145 5143
f 4921 5132 5146
f 4921 5146 5147
f 4921 5147 5148
f 4921 5148 5140
f 4922 5144 4923
f 4923 5144 5149
f 4923 5149 4934
f 4924 4934 5150
f 4924 5150 5151
f 4924 5151 5152
f 4924 5152 5153
f 4924 5153 4925
f 4925 5153 4926
f 4926 5154 5155
f 4926 5155 4927
f 4926 5153 5156
f 4926 5156 5154
f 4927 5155 4928
f 4928 5155 5157
f 4928 5157 5158
f 4928 5158 4930
f 4930 5159 5160
f 4930 5160 4931
f 4930 5158 5159
f 4931 5160 5161
f 4931 5161 4932
f 4932 5161 5162
f 4932 5162 4945
f 4932 4945 4937
f 4932 4937 4936
f 4932 4936 4933
f 4934 5149 5151
f 4934 5151 5150
f 4937 4941 4938
f 4942 5163 5164
f 4942 5164 5165
f 4942 5165 5166
f 4942 5166 5167
f 4942 5167 4943
f 4942 4946 5168
f 4942 5168 5163
f 4943 5167 5119
f 4943 5119 4944
f 4945 5162 5168
f 4945 5168 4946
f 4947 4949 4950
f 4947 5130 5169
f 4947 5169 5170
f 4947 5170 4958
f 4951 5171 4952
f 4951 4960 5172
f 4951 5172 5171
f 4952 5171 5173
f 4952 5173 4953
f 4953 5173 5174
f 4953 5174 4954
f 4954 5174 5175
f 4954 5175 4955
f 4955 5175 5176
f 4955 5176 5177
f 4955 5177 5178
f 4955 5178 5179
f 4955 5179 4956
f 4956 5179 5180
f 4956 5180 4957
f 4957 5180 4961
f 4958 5181 5182
f 4958 5182 4959
f 4958 5170 5181
f 4959 5183 5184
f 4959 5184 5172
f 4959 5172 4960
f 4959 5182 5183
f 4961 5180 5185
f 4961 5185 5186
f 4961 5186 4962
f 4962 5186 5187
f 4962 5187 4999
f 4962 4999 5188
f 4962 5188 4963
f 4963 5188 4964
f 4964 4999 4998
f 4964 4998 4966
f 4964 5188 4999
f 4966 4998 4967
f 4972 5005 5189
f 4972 5189 4973
f 4973 5190 4974
f 4973 5189 5191
f 4973 5191 5192
f 4973 5192 5193
f 4973 5193 5194
f 4973 5194 5190
f 4974 5190 5195
f 4974 5195 4975
f 4975 5195 5196
f 4975 5196 5197
f 4975 5197 4976
f 4976 5197 5198
f 4976 5198 4977
f 4977 5198 4978
f 4978 5198 5199
f 4978 5199 4979
f 4979 5199 5200
f 4979 5200 5201
f 4980 5201 4984
f 4981 4986 4985
f 4981 4985 5202
f 4981 5202 4982
f 4982 5203 5204
f 4982 5204 5205
f 4982 5205 5206
f 4982 5206 4983
f 4982 5202 5207
f 4982 5207 5208
f 4982 5208 5209
f 4982 5209 5203
f 4983 5206 4987
f 4984 5201 4985
f 4985 5201 5210
f 4985 5210 5208
f 4985 5208 5202
f 4987 5206 5205
f 4987 5205 4988
f 4988 5205 5211
f 4988 5211 5212
f 4988 5212 5213
f 4988 5213 5220
f 4988 5220 5214
f 4988 5214 4990
f 4988 4990 4989
f 4990 5214 5215
f 4990 5215 4996
f 4990 4996 4991
f 4992 5216 5217
f 4992 5217 5012
f 4992 4994 5218
f 4992 5218 5216
f 4994 4997 5219
f 4994 5219 5215
f 4994 5215 5220
f 4994 5220 5221
f 4994 5221 5218
f 4996 5215 5219
f 4996 5219 4997
f 4999 5187 5186
f 4999 5186 5222
f 4999 5222 5001
f 4999 5001 5000
f 5001 5222 5223
f 5001 5223 5224
f 5001 5224 5002
f 5002 5224 5003
f 5003 5224 5225
f 5003 5225 5226
f 5003 5226 5227
f 5003 5227 5228
f 5003 5228 5229
f 5003 5229 5004
f 5004 5229 5230
f 5004 5230 5191
f 5004 5191 5189
f 5004 5189 5005
f 5006 5231 5232
f 5006 5232 5007
f 5006 5009 5233
f 5006 5233 5231
f 5007 5232 5015
f 5009 5234 5233
f 5009 5011 5234
f 5010 5235 5011
f 5010 5013 5235
f 5011 5235 5234
f 5012 5217 5013
f 5013 5217 5216
f 5013 5216 5236
f 5013 5236 5237
f 5013 5237 5235
f 5014 5238 5018
f 5015 5232 5239
f 5015 5239 5016
f 5016 5239 5238
f 5017 5019 5240
f 5017 5240 5020
f 5018 5238 5019
f 5019 5238 5241
f 5019 5241 5020
f 5019 5020 5240
f 5020 5241 5038
f 5021 5242 5022
f 5021 5044 5243
f 5021 5243 5242
f 5022 5242 5023
f 5023 5242 5244
f 5023 5244 5026
f 5023 5026 5024
f 5025 5029 5030
f 5026 5244 5245
f 5026 5245 5246
f 5026 5246 5028
f 5026 5028 5027
f 5028 5247 5248
f 5028 5248 5032
f 5028 5032 5031
f 5028 5031 5029
f 5028 5246 5249
f 5028 5249 5247
f 5029 5031 5030
f 5032 5248 5250
f 5032 5250 5033
f 5033 5250 5251
f 5033 5251 5046
f 5033 5046 5034
f 5035 5252 5253
f 5035 5253 5036
f 5035 5041 5254
f 5035 5254 5255
f 5035 5255 5256
f 5035 5256 5252
f 5036 5253 5042
f 5038 5241 5257
f 5038 5257 5039
f 5039 5257 5040
f 5040 5258 5254
f 5040 5254 5041
f 5040 5257 5259
f 5040 5259 5258
f 5042 5045 5043
f 5042 5253 5260
f 5042 5260 5261
f 5042 5261 5244
f 5042 5244 5045
f 5044 5045 5243
f 5045 5244 5242
f 5045 5242 5243
f 5046 5251 5262
f 5046 5262 5048
f 5046 5048 5047
f 5048 5263 5049
f 5048 5262 5263
f 5049 5264 5265
f 5049 5265 5050
f 5049 5263 5262
f 5049 5262 5264
f 5050 5266 5051
f 5050 5265 5457
f 5050 5457 5267
f 5050 5267 5269
f 5050 5269 5266
f 5051 5266 5052
f 5052 5266 5053
f 5053 5266 5269
f 5053 5269 5268
f 5054 5268 5055
f 5055 5268 5269
f 5055 5269 5270
f 5055 5270 5271
f 5055 5271 5272
f 5055 5272 5056
f 5056 5273 5057
f 5056 5272 5273
f 5057 5273 5274
f 5057 5274 5058
f 5058 5275 5276
f 5058 5276 5277
f 5058 5277 5061
f 5058 5274 5275
f 5061 5278 5279
f 5061 5279 5064
f 5061 5277 5278
f 5062 5064 5279
f 5062 5279 5063
f 5063 5279 5065
f 5065 5279 5280
f 5065 5280 5281
f 5065 5281 5282
f 5065 5282 5283
f 5065 5283 5284
f 5065 5284 5066
f 5066 5284 5067
f 5067 5284 5285
f 5067 5285 5286
f 5067 5286 5068
f 5068 5286 5069
f 5069 5286 5287
f 5069 5287 5288
f 5069 5288 5289
f 5069 5289 5290
f 5069 5290 5291
f 5069 5291 5077
f 5069 5077 5070
f 5071 5081 5080
f 5071 5080 5072
f 5072 5080 5292
f 5072 5292 5293
f 5072 5293 5294
f 5072 5294 5295
f 5072 5295 5296
f 5072 5296 5297
f 5072 5297 5073
f 5073 5297 5298
f 5073 5298 5075
f 5075 5298 5299
f 5075 5299 5076
f 5076 5299 5300
f 5076 5300 5085
f 5077 5291 5078
f 5079 5291 5292
f 5079 5292 5080
f 5082 5086 5301
f 5082 5301 5083
f 5083 5301 5302
f 5083 5302 5303
f 5083 5303 5304
f 5083 5304 5305
f 5083 5305 5087
f 5083 5087 5084
f 5085 5300 5086
f 5086 5306 5301
f 5086 5300 5306
f 5087 5305 5307
f 5087 5307 5088
f 5088 5307 5308
f 5088 5308 5309
f 5088 5309 5310
f 5088 5310 5311
f 5088 5311 5312
f 5088 5312 5089
f 5089 5312 5093
f 5093 5312 5094
f 5094 5311 5499
f 5094 5499 5313
f 5094 5313 5095
f 5094 5312 5311
f 5095 5313 5096
f 5096 5313 5314
f 5096 5314 5097
f 5097 5314 5315
f 5097 5315 5098
f 5104 5316 5317
f 5104 5317 5105
f 5104 5318 5501
f 5104 5501 5316
f 5105 5317 5319
f 5105 5319 5320
f 5105 5320 5321
f 5105 5321 5322
f 5105 5322 5323
f 5105 5323 5324
f 5105 5324 5325
f 5105 5325 5326
f 5105 5326 5111
f 5106 5109 5318
f 5108 5119 5327
f 5108 5327 5109
f 5109 5328 5329
f 5109 5329 5318
f 5109 5327 5328
f 5110 5111 5330
f 5110 5330 5331
f 5110 5331 5332
f 5110 5332 5113
f 5110 5113 5112
f 5111 5326 5330
f 5113 5332 5331
f 5113 5331 5333
f 5113 5333 5334
f 5113 5334 5116
f 5113 5116 5114
f 5114 5116 5335
f 5114 5335 5115
f 5115 5335 5116
f 5116 5334 5333
f 5116 5333 5336
f 5116 5336 5121
f 5116 5121 5120
f 5116 5120 5117
f 5119 5167 5327
f 5121 5336 5333
f 5121 5333 5337
f 5121 5337 5338
f 5121 5338 5339
f 5121 5339 5340
f 5121 5340 5125
f 5121 5125 5341
f 5121 5341 5122
f 5122 5341 5123
f 5123 5341 5124
f 5124 5341 5125
f 5125 5340 5342
f 5125 5342 5343
f 5125 5343 5344
f 5125 5344 5345
f 5125 5345 5126
f 5126 5345 5346
f 5126 5346 5347
f 5126 5347 5348
f 5126 5348 5127
f 5127 5348 5128
f 5128 5348 5349
f 5128 5349 5350
f 5128 5350 5129
f 5129 5350 5351
f 5129 5351 5130
f 5130 5352 5353
f 5130 5353 5169
f 5130 5351 5354
f 5130 5354 5352
f 5133 5142 5355
f 5133 5355 5356
f 5133 5356 5357
f 5133 5357 5358
f 5133 5358 5134
f 5134 5358 5135
f 5135 5359 5136
f 5135 5358 5359
f 5136 5359 5360
f 5136 5360 5361
f 5136 5361 5138
f 5136 5138 5137
f 5138 5361 5362
f 5138 5362 5139
f 5139 5362 5363
f 5139 5363 5145
f 5140 5364 5365
f 5140 5365 5141
f 5140 5148 5366
f 5140 5366 5364
f 5141 5367 5142
f 5141 5365 5551
f 5141 5551 5367
f 5142 5367 5355
f 5143 5368 5369
f 5143 5369 5370
f 5143 5370 5144
f 5143 5145 5368
f 5144 5371 5149
f 5144 5370 5371
f 5145 5363 5372
f 5145 5372 5368
f 5149 5373 5152
f 5149 5152 5151
f 5149 5371 5374
f 5149 5374 5373
f 5152 5373 5374
f 5152 5374 5153
f 5153 5374 5156
f 5154 5156 5375
f 5154 5375 5376
f 5154 5376 5377
f 5154 5377 5157
f 5154 5157 5155
f 5156 5374 5375
f 5157 5377 5158
f 5158 5377 5378
f 5158 5378 5379
f 5158 5379 5159
f 5159 5379 5161
f 5159 5161 5160
f 5161 5379 5380
f 5161 5380 5162
f 5162 5381 5168
f 5162 5380 5381
f 5163 5168 5164
f 5164 5168 5382
f 5164 5382 5165
f 5165 5382 5383
f 5165 5383 5384
f 5165 5384 5166
f 5166 5385 5386
f 5166 5386 5387
f 5166 5387 5167
f 5166 5384 5385
f 5167 5387 5388
f 5167 5388 5327
f 5168 5381 5382
f 5169 5389 5170
f 5169 5353 5352
f 5169 5352 5390
f 5169 5390 5389
f 5170 5389 5391
f 5170 5391 5399
f 5170 5399 5181
f 5171 5172 5184
f 5171 5184 5173
f 5173 5184 5392
f 5173 5392 5174
f 5174 5393 5175
f 5174 5392 5394
f 5174 5394 5393
f 5175 5395 5396
f 5175 5396 5397
f 5175 5397 5176
f 5175 5393 5395
f 5176 5397 5177
f 5177 5397 5178
f 5178 5180 5179
f 5178 5397 5398
f 5178 5398 5185
f 5178 5185 5180
f 5181 5399 5182
f 5182 5400 5401
f 5182 5401 5183
f 5182 5399 5400
f 5183 5401 5184
f 5184 5401 5392
f 5185 5398 5226
f 5185 5226 5186
f 5186 5226 5223
f 5186 5223 5222
f 5190 5402 5403
f 5190 5403 5195
f 5190 5194 5402
f 5191 5230 5404
f 5191 5404 5192
f 5192 5404 5405
f 5192 5405 5193
f 5193 5405 5194
f 5194 5406 5407
f 5194 5407 5408
f 5194 5408 5409
f 5194 5409 5583
f 5194 5583 5402
f 5194 5405 5406
f 5195 5403 5196
f 5196 5403 5410
f 5196 5410 5197
f 5197 5410 5198
f 5198 5411 5199
f 5198 5410 5411
f 5199 5411 5412
f 5199 5412 5414
f 5199 5414 5200
f 5200 5413 5210
f 5200 5210 5201
f 5200 5414 5413
f 5202 5208 5207
f 5203 5212 5415
f 5203 5415 5205
f 5203 5205 5204
f 5203 5209 5416
f 5203 5416 5417
f 5203 5417 5212
f 5205 5415 5211
f 5208 5210 5413
f 5208 5413 5418
f 5208 5418 5209
f 5209 5418 5419
f 5209 5419 5420
f 5209 5420 5416
f 5211 5415 5212
f 5212 5220 5213
f 5212 5417 5421
f 5212 5421 5422
f 5212 5422 5220
f 5214 5220 5215
f 5216 5423 5236
f 5216 5218 5221
f 5216 5221 5423
f 5220 5422 5221
f 5221 5422 5423
f 5223 5226 5424
f 5223 5424 5224
f 5224 5424 5225
f 5225 5424 5226
f 5226 5398 5397
f 5226 5397 5228
f 5226 5228 5227
f 5228 5397 5425
f 5228 5425 5426
f 5228 5426 5427
f 5228 5427 5428
f 5228 5428 5229
f 5229 5428 5429
f 5229 5429 5404
f 5229 5404 5230
f 5231 5430 5232
f 5231 5233 5431
f 5231 5431 5430
f 5232 5430 5432
f 5232 5432 5239
f 5233 5234 5431
f 5234 5235 5431
f 5235 5433 5434
f 5235 5434 5435
f 5235 5435 5432
f 5235 5432 5431
f 5235 5237 5433
f 5236 5423 5237
f 5237 5423 5436
f 5237 5436 5433
f 5238 5239 5241
f 5239 5432 5241
f 5241 5437 5438
f 5241 5438 5257
f 5241 5432 5439
f 5241 5439 5437
f 5244 5261 5440
f 5244 5440 5441
f 5244 5441 5442
f 5244 5442 5443
f 5244 5443 5245
f 5245 5443 5246
f 5246 5443 5249
f 5247 5444 5445
f 5247 5445 5248
f 5247 5249 5444
f 5248 5445 5262
f 5248 5262 5251
f 5248 5251 5250
f 5249 5443 5444
f 5252 5446 5261
f 5252 5261 5260
f 5252 5260 5253
f 5252 5256 5447
f 5252 5447 5448
f 5252 5448 5449
f 5252 5449 5446
f 5254 5258 5447
f 5254 5447 5255
f 5255 5447 5256
f 5257 5438 5259
f 5258 5259 5450
f 5258 5450 5447
f 5259 5451 5450
f 5259 5438 5452
f 5259 5452 5451
f 5261 5446 5453
f 5261 5453 5440
f 5262 5445 5444
f 5262 5444 5454
f 5262 5454 5455
f 5262 5455 5264
f 5264 5455 5456
f 5264 5456 5265
f 5265 5456 5646
f 5265 5646 5457
f 5267 5457 5458
f 5267 5458 5459
f 5267 5459 5270
f 5267 5270 5269
f 5270 5459 5271
f 5271 5460 5461
f 5271 5461 5273
f 5271 5273 5272
f 5271 5459 5460
f 5273 5461 5462
f 5273 5462 5274
f 5274 5462 5275
f 5275 5463 5464
f 5275 5464 5276
f 5275 5462 5463
f 5276 5464 5465
f 5276 5465 5466
f 5276 5466 5278
f 5276 5278 5277
f 5278 5466 5467
f 5278 5467 5468
f 5278 5468 5279
f 5279 5468 5467
f 5279 5467 5469
f 5279 5469 5280
f 5280 5282 5281
f 5280 5469 5282
f 5282 5469 5470
f 5282 5470 5471
f 5282 5471 5472
f 5282 5472 5473
f 5282 5473 5288
f 5282 5288 5287
f 5282 5287 5285
f 5282 5285 5474
f 5282 5474 5284
f 5282 5284 5283
f 5284 5474 5285
f 5285 5287 5286
f 5288 5475 5476
f 5288 5476 5477
f 5288 5477 5478
f 5288 5478 5479
f 5288 5479 5480
f 5288 5480 5294
f 5288 5294 5290
f 5288 5290 5289
f 5288 5473 5472
f 5288 5472 5481
f 5288 5481 5482
f 5288 5482 5483
f 5288 5483 5475
f 5290 5294 5293
f 5290 5293 5292
f 5290 5292 5291
f 5294 5484 5485
f 5294 5485 5296
f 5294 5296 5295
f 5294 5480 5484
f 5296 5486 5298
f 5296 5298 5297
f 5296 5485 5487
f 5296 5487 5306
f 5296 5306 5486
f 5298 5486 5300
f 5298 5300 5299
f 5300 5486 5306
f 5301 5306 5302
f 5302 5306 5488
f 5302 5488 5489
f 5302 5489 5303
f 5303 5489 5490
f 5303 5490 5304
f 5304 5490 5305
f 5305 5490 5491
f 5305 5491 5492
f 5305 5492 5307
f 5306 5487 5493
f 5306 5493 5488
f 5307 5492 5308
f 5308 5492 5494
f 5308 5494 5495
f 5308 5495 5309
f 5309 5495 5496
f 5309 5496 5497
f 5309 5497 5498
f 5309 5498 5310
f 5310 5314 5499
f 5310 5499 5311
f 5310 5498 5315
f 5310 5315 5314
f 5313 5499 5314
f 5316 5500 5319
f 5316 5319 5317
f 5316 5501 5690
f 5316 5690 5500
f 5318 5329 5501
f 5319 5500 5320
f 5320 5500 5321
f 5321 5500 5502
f 5321 5502 5322
f 5322 5502 5323
f 5323 5502 5503
f 5323 5503 5504
f 5323 5504 5324
f 5324 5504 5505
f 5324 5505 5506
f 5324 5506 5507
f 5324 5507 5508
f 5324 5508 5325
f 5325 5508 5326
f 5326 5509 5331
f 5326 5331 5330
f 5326 5508 5509
f 5327 5388 5328
f 5328 5510 5511
f 5328 5511 5512
f 5328 5512 5329
f 5328 5388 5513
f 5328 5513 5514
f 5328 5514 5515
f 5328 5515 5516
f 5328 5516 5517
f 5328 5517 5510
f 5329 5512 5501
f 5331 5518 5519
f 5331 5519 5520
f 5331 5520 5333
f 5331 5509 5518
f 5333 5521 5522
f 5333 5522 5523
f 5333 5523 5524
f 5333 5524 5525
f 5333 5525 5337
f 5333 5520 5519
f 5333 5519 5526
f 5333 5526 5521
f 5337 5525 5524
f 5337 5524 5338
f 5338 5524 5527
f 5338 5527 5528
f 5338 5528 5529
f 5338 5529 5713
f 5338 5713 5530
f 5338 5530 5531
f 5338 5531 5342
f 5338 5342 5339
f 5339 5342 5340
f 5342 5531 5532
f 5342 5532 5533
f 5342 5533 5534
f 5342 5534 5535
f 5342 5535 5343
f 5343 5535 5344
f 5344 5536 5347
f 5344 5347 5537
f 5344 5537 5345
f 5344 5535 5538
f 5344 5538 5350
f 5344 5350 5536
f 5345 5537 5347
f 5345 5347 5346
f 5347 5536 5349
f 5347 5349 5348
f 5349 5536 5350
f 5350 5538 5539
f 5350 5539 5351
f 5351 5539 5541
f 5351 5541 5354
f 5352 5354 5540
f 5352 5540 5390
f 5354 5541 5540
f 5355 5367 5542
f 5355 5542 5543
f 5355 5543 5356
f 5356 5543 5544
f 5356 5544 5359
f 5356 5359 5358
f 5356 5358 5357
f 5359 5544 5545
f 5359 5545 5546
f 5359 5546 5547
f 5359 5547 5548
f 5359 5548 5360
f 5360 5548 5361
f 5361 5548 5362
f 5362 5548 5363
f 5363 5548 5372
f 5364 5366 5549
f 5364 5549 5550
f 5364 5550 5551
f 5364 5551 5365
f 5366 5552 5549
f 5367 5551 5553
f 5367 5553 5542
f 5368 5374 5369
f 5368 5372 5548
f 5368 5548 5554
f 5368 5554 5555
f 5368 5555 5374
f 5369 5374 5371
f 5369 5371 5370
f 5374 5556 5557
f 5374 5557 5558
f 5374 5558 5559
f 5374 5559 5560
f 5374 5560 5375
f 5374 5555 5556
f 5375 5561 5562
f 5375 5562 5563
f 5375 5563 5564
f 5375 5564 5376
f 5375 5560 5565
f 5375 5565 5561
f 5376 5564 5377
f 5377 5564 5566
f 5377 5566 5567
f 5377 5567 5378
f 5378 5567 5380
f 5378 5380 5379
f 5380 5568 5382
f 5380 5382 5381
f 5380 5567 5568
f 5382 5568 5383
f 5383 5568 5569
f 5383 5569 5570
f 5383 5570 5384
f 5384 5570 5385
f 5385 5571 5386
f 5385 5570 5572
f 5385 5572 5516
f 5385 5516 5515
f 5385 5515 5571
f 5386 5571 5387
f 5387 5571 5514
f 5387 5514 5573
f 5387 5573 5388
f 5388 5573 5514
f 5388 5514 5513
f 5389 5390 5391
f 5390 5540 5541
f 5390 5541 5574
f 5390 5574 5575
f 5390 5575 5399
f 5390 5399 5391
f 5392 5401 5576
f 5392 5576 5394
f 5393 5394 5577
f 5393 5577 5578
f 5393 5578 5579
f 5393 5579 5395
f 5394 5576 5580
f 5394 5580 5577
f 5395 5581 5425
f 5395 5425 5396
f 5395 5579 5581
f 5396 5425 5397
f 5399 5575 5401
f 5399 5401 5400
f 5401 5575 5582
f 5401 5582 5576
f 5402 5583 5584
f 5402 5584 5410
f 5402 5410 5403
f 5404 5429 5405
f 5405 5429 5428
f 5405 5428 5427
f 5405 5427 5406
f 5406 5427 5426
f 5406 5426 5585
f 5406 5585 5407
f 5407 5586 5587
f 5407 5587 5588
f 5407 5588 5408
f 5407 5585 5586
f 5408 5588 5589
f 5408 5589 5409
f 5409 5589 5590
f 5409 5590 5591
f 5409 5591 5583
f 5410 5584 5591
f 5410 5591 5592
f 5410 5592 5593
f 5410 5593 5411
f 5411 5593 5412
f 5412 5593 5594
f 5412 5594 5595
f 5412 5595 5596
f 5412 5596 5414
f 5413 5414 5597
f 5413 5597 5418
f 5414 5596 5597
f 5416 5420 5598
f 5416 5598 5599
f 5416 5599 5421
f 5416 5421 5417
f 5418 5597 5419
f 5419 5597 5420
f 5420 5597 5600
f 5420 5600 5601
f 5420 5601 5602
f 5420 5602 5603
f 5420 5603 5598
f 5421 5599 5604
f 5421 5604 5422
f 5422 5604 5436
f 5422 5436 5423
f 5425 5585 5426
f 5425 5581 5586
f 5425 5586 5585
f 5430 5431 5432
f 5432 5435 5434
f 5432 5434 5605
f 5432 5605 5606
f 5432 5606 5607
f 5432 5607 5439
f 5433 5436 5608
f 5433 5608 5434
f 5434 5608 5609
f 5434 5609 5610
f 5434 5610 5611
f 5434 5611 5612
f 5434 5612 5613
f 5434 5613 5614
f 5434 5614 5615
f 5434 5615 5605
f 5436 5604 5608
f 5437 5439 5616
f 5437 5616 5617
f 5437 5617 5618
f 5437 5618 5619
f 5437 5619 5452
f 5437 5452 5438
f 5439 5607 5616
f 5440 5453 5620
f 5440 5620 5441
f 5441 5621 5442
f 5441 5620 5622
f 5441 5622 5621
f 5442 5621 5623
f 5442 5623 5443
f 5443 5623 5624
f 5443 5624 5625
f 5443 5625 5444
f 5444 5625 5626
f 5444 5626 5627
f 5444 5627 5628
f 5444 5628 5629
f 5444 5629 5630
f 5444 5630 5631
f 5444 5631 5632
f 5444 5632 5633
f 5444 5633 5455
f 5444 5455 5454
f 5446 5449 5634
f 5446 5634 5635
f 5446 5635 5453
f 5447 5450 5451
f 5447 5451 5636
f 5447 5636 5637
f 5447 5637 5448
f 5448 5637 5638
f 5448 5638 5449
f 5449 5638 5639
f 5449 5639 5640
f 5449 5640 5634
f 5451 5452 5641
f 5451 5641 5618
f 5451 5618 5636
f 5452 5619 5641
f 5453 5635 5642
f 5453 5642 5643
f 5453 5643 5620
f 5455 5633 5644
f 5455 5644 5456
f 5456 5644 5645
f 5456 5645 5817
f 5456 5817 5646
f 5457 5646 5458
f 5458 5646 5647
f 5458 5647 5648
f 5458 5648 5460
f 5458 5460 5459
f 5460 5648 5649
f 5460 5649 5650
f 5460 5650 5462
f 5460 5462 5461
f 5462 5650 5463
f 5463 5651 5652
f 5463 5652 5653
f 5463 5653 5654
f 5463 5654 5655
f 5463 5655 5464
f 5463 5650 5649
f 5463 5649 5656
f 5463 5656 5651
f 5464 5655 5465
f 5465 5653 5467
f 5465 5467 5657
f 5465 5657 5466
f 5465 5655 5654
f 5465 5654 5653
f 5466 5657 5467
f 5467 5653 5471
f 5467 5471 5469
f 5469 5471 5470
f 5471 5653 5652
f 5471 5652 5658
f 5471 5658 5472
f 5472 5658 5481
f 5475 5659 5476
f 5475 5483 5660
f 5475 5660 5659
f 5476 5659 5661
f 5476 5661 5662
f 5476 5662 5477
f 5477 5662 5478
f 5478 5662 5663
f 5478 5663 5664
f 5478 5664 5665
f 5478 5665 5484
f 5478 5484 5479
f 5479 5484 5480
f 5481 5666 5667
f 5481 5667 5482
f 5481 5658 5668
f 5481 5668 5669
f 5481 5669 5670
f 5481 5670 5666
f 5482 5667 5671
f 5482 5671 5483
f 5483 5671 5660
f 5484 5665 5672
f 5484 5672 5673
f 5484 5673 5674
f 5484 5674 5675
f 5484 5675 5676
f 5484 5676 5485
f 5485 5676 5677
f 5485 5677 5493
f 5485 5493 5487
f 5488 5493 5489
f 5489 5678 5679
f 5489 5679 5680
f 5489 5680 5490
f 5489 5493 5681
f 5489 5681 5678
f 5490 5680 5491
f 5491 5682 5492
f 5491 5680 5682
f 5492 5683 5494
f 5492 5682 5684
f 5492 5684 5683
f 5493 5677 5685
f 5493 5685 5681
f 5494 5686 5687
f 5494 5687 5495
f 5494 5683 5686
f 5495 5687 5688
f 5495 5688 5689
f 5495 5689 5496
f 5500 5690 5691
f 5500 5691 5502
f 5501 5512 5511
f 5501 5511 5690
f 5502 5691 5693
f 5502 5693 5503
f 5503 5692 5504
f 5503 5693 5852
f 5503 5852 5692
f 5504 5692 5694
f 5504 5694 5695
f 5504 5695 5505
f 5505 5695 5696
f 5505 5696 5697
f 5505 5697 5506
f 5506 5697 5507
f 5507 5697 5698
f 5507 5698 5509
f 5507 5509 5508
f 5509 5699 5518
f 5509 5698 5699
f 5510 5517 5700
f 5510 5700 5691
f 5510 5691 5690
f 5510 5690 5511
f 5514 5571 5515
f 5516 5572 5701
f 5516 5701 5702
f 5516 5702 5517
f 5517 5702 5700
f 5518 5699 5703
f 5518 5703 5519
f 5519 5704 5705
f 5519 5705 5526
f 5519 5703 5704
f 5521 5706 5522
f 5521 5526 5705
f 5521 5705 5706
f 5522 5706 5523
f 5523 5706 5707
f 5523 5707 5708
f 5523 5708 5524
f 5524 5708 5712
f 5524 5712 5709
f 5524 5709 5710
f 5524 5710 5527
f 5527 5710 5528
f 5528 5711 5529
f 5528 5710 5712
f 5528 5712 5711
f 5529 5711 5713
f 5530 5713 5531
f 5531 5714 5532
f 5531 5713 5714
f 5532 5714 5715
f 5532 5715 5716
f 5532 5716 5717
f 5532 5717 5533
f 5533 5717 5718
f 5533 5718 5719
f 5533 5719 5575
f 5533 5575 5574
f 5533 5574 5534
f 5534 5574 5541
f 5534 5541 5538
f 5534 5538 5535
f 5538 5541 5539
f 5542 5544 5543
f 5542 5553 5720
f 5542 5720 5544
f 5544 5721 5722
f 5544 5722 5723
f 5544 5723 5545
f 5544 5720 5724
f 5544 5724 5721
f 5545 5723 5546
f 5546 5723 5555
f 5546 5555 5547
f 5547 5555 5548
f 5548 5555 5554
f 5549 5720 5550
f 5549 5552 5720
f 5550 5720 5553
f 5550 5553 5551
f 5552 5725 5720
f 5555 5726 5727
f 5555 5727 5728
f 5555 5728 5556
f 5555 5723 5726
f 5556 5729 5730
f 5556 5730 5731
f 5556 5731 5732
f 5556 5732 5733
f 5556 5733 5557
f 5556 5728 5727
f 5556 5727 5729
f 5557 5734 5558
f 5557 5733 5734
f 5558 5734 5735
f 5558 5735 5736
f 5558 5736 5737
f 5558 5737 5560
f 5558 5560 5559
f 5560 5737 5915
f 5560 5915 5738
f 5560 5738 5739
f 5560 5739 5565
f 5561 5565 5740
f 5561 5740 5741
f 5561 5741 5562
f 5562 5741 5742
f 5562 5742 5743
f 5562 5743 5744
f 5562 5744 5563
f 5563 5745 5746
f 5563 5746 5564
f 5563 5744 5743
f 5563 5743 5745
f 5564 5746 5566
f 5565 5739 5740
f 5566 5747 5748
f 5566 5748 5569
f 5566 5569 5567
f 5566 5746 5747
f 5567 5569 5568
f 5569 5748 5570
f 5570 5748 5572
f 5572 5748 5749
f 5572 5749 5701
f 5575 5750 5582
f 5575 5719 5750
f 5576 5582 5750
f 5576 5750 5751
f 5576 5751 5580
f 5577 5752 5753
f 5577 5753 5578
f 5577 5580 5752
f 5578 5753 5754
f 5578 5754 5579
f 5579 5754 5755
f 5579 5755 5756
f 5579 5756 5581
f 5580 5751 5757
f 5580 5757 5758
f 5580 5758 5759
f 5580 5759 5760
f 5580 5760 5752
f 5581 5756 5586
f 5583 5591 5584
f 5586 5756 5755
f 5586 5755 5587
f 5587 5755 5761
f 5587 5761 5588
f 5588 5761 5762
f 5588 5762 5589
f 5589 5762 5763
f 5589 5763 5764
f 5589 5764 5590
f 5590 5765 5591
f 5590 5764 5765
f 5591 5765 5592
f 5592 5765 5766
f 5592 5766 5593
f 5593 5766 5767
f 5593 5767 5768
f 5593 5768 5594
f 5594 5768 5769
f 5594 5769 5770
f 5594 5770 5595
f 5595 5770 5772
f 5595 5772 5596
f 5596 5771 5597
f 5596 5772 5773
f 5596 5773 5771
f 5597 5771 5600
f 5598 5603 5774
f 5598 5774 5599
f 5599 5774 5775
f 5599 5775 5776
f 5599 5776 5604
f 5600 5771 5777
f 5600 5777 5601
f 5601 5777 5602
f 5602 5777 5778
f 5602 5778 5779
f 5602 5779 5603
f 5603 5779 5780
f 5603 5780 5774
f 5604 5776 5608
f 5605 5615 5781
f 5605 5781 5606
f 5606 5782 5607
f 5606 5781 5782
f 5607 5782 5616
f 5608 5776 5610
f 5608 5610 5609
f 5610 5783 5611
f 5610 5776 5783
f 5611 5783 5612
f 5612 5783 5774
f 5612 5774 5780
f 5612 5780 5784
f 5612 5784 5614
f 5612 5614 5613
f 5614 5784 5785
f 5614 5785 5786
f 5614 5786 5781
f 5614 5781 5615
f 5616 5787 5788
f 5616 5788 5789
f 5616 5789 5617
f 5616 5782 5787
f 5617 5789 5618
f 5618 5641 5619
f 5618 5789 5790
f 5618 5790 5788
f 5618 5788 5791
f 5618 5791 5636
f 5620 5643 5792
f 5620 5792 5622
f 5621 5622 5793
f 5621 5793 5794
f 5621 5794 5795
f 5621 5795 5623
f 5622 5792 5796
f 5622 5796 5793
f 5623 5795 5624
f 5624 5795 5797
f 5624 5797 5798
f 5624 5798 5625
f 5625 5798 5627
f 5625 5627 5626
f 5627 5629 5628
f 5627 5798 5629
f 5629 5798 5799
f 5629 5799 5800
f 5629 5800 5630
f 5630 5800 5631
f 5631 5800 5801
f 5631 5801 5802
f 5631 5802 5632
f 5632 5802 5633
f 5633 5802 5644
f 5634 5640 5635
f 5635 5640 5803
f 5635 5803 5804
f 5635 5804 5642
f 5636 5791 5805
f 5636 5805 5637
f 5637 5805 5806
f 5637 5806 5638
f 5638 5807 5808
f 5638 5808 5809
f 5638 5809 5639
f 5638 5806 5807
f 5639 5809 5810
f 5639 5810 5640
f 5640 5810 5803
f 5642 5811 5812
f 5642 5812 5792
f 5642 5792 5643
f 5642 5804 5811
f 5644 5813 5814
f 5644 5814 5815
f 5644 5815 5816
f 5644 5816 5645
f 5644 5802 5813
f 5645 5816 5978
f 5645 5978 5817
f 5646 5817 5818
f 5646 5818 5647
f 5647 5818 5819
f 5647 5819 5648
f 5648 5819 5649
f 5649 5819 5656
f 5651 5656 5820
f 5651 5820 5668
f 5651 5668 5652
f 5652 5668 5658
f 5656 5821 5820
f 5656 5819 5822
f 5656 5822 5821
f 5659 5660 5823
f 5659 5823 5661
f 5660 5671 5823
f 5661 5824 5825
f 5661 5825 5826
f 5661 5826 5827
f 5661 5827 5663
f 5661 5663 5662
f 5661 5823 5828
f 5661 5828 5829
f 5661 5829 5824
f 5663 5827 5830
f 5663 5830 5664
f 5664 5830 5831
f 5664 5831 5832
f 5664 5832 5833
f 5664 5833 5672
f 5664 5672 5665
f 5666 5670 5834
f 5666 5834 5828
f 5666 5828 5835
f 5666 5835 5667
f 5667 5835 5671
f 5668 5820 5669
f 5669 5820 5670
f 5670 5836 5834
f 5670 5820 5836
f 5671 5835 5837
f 5671 5837 5823
f 5672 5838 5673
f 5672 5833 5838
f 5673 5838 5839
f 5673 5839 5674
f 5674 5839 5840
f 5674 5840 5841
f 5674 5841 5675
f 5675 5841 5676
f 5676 5841 5842
f 5676 5842 5843
f 5676 5843 5844
f 5676 5844 5677
f 5677 5844 5685
f 5678 5681 5845
f 5678 5845 5846
f 5678 5846 5847
f 5678 5847 5679
f 5679 5847 5848
f 5679 5848 5684
f 5679 5684 5682
f 5679 5682 5680
f 5681 5685 5845
f 5683 5684 5849
f 5683 5849 5686
f 5684 5848 5849
f 5685 5844 5845
f 5686 5849 5850
f 5686 5850 5687
f 5687 5850 5688
f 5688 5850 5851
f 5691 5700 5693
f 5692 5852 5853
f 5692 5853 5694
f 5693 5700 5852
f 5694 5853 5857
f 5694 5857 5695
f 5695 5854 5855
f 5695 5855 5856
f 5695 5856 5696
f 5695 5857 6023
f 5695 6023 5854
f 5696 5856 5858
f 5696 5858 5697
f 5697 5858 5859
f 5697 5859 5703
f 5697 5703 5699
f 5697 5699 5698
f 5700 5860 5853
f 5700 5853 5852
f 5700 5702 5861
f 5700 5861 5860
f 5701 5749 5862
f 5701 5862 5702
f 5702 5862 5863
f 5702 5863 5861
f 5703 5859 5864
f 5703 5864 5865
f 5703 5865 5704
f 5704 5866 5867
f 5704 5867 5705
f 5704 5865 5866
f 5705 5868 5706
f 5705 5867 5868
f 5706 5868 5707
f 5707 5869 5870
f 5707 5870 5871
f 5707 5871 5872
f 5707 5872 5873
f 5707 5873 5874
f 5707 5874 5875
f 5707 5875 5712
f 5707 5712 5708
f 5707 5868 5876
f 5707 5876 5877
f 5707 5877 5878
f 5707 5878 5869
f 5709 5712 5710
f 5711 5879 5713
f 5711 5712 5879
f 5712 5875 5880
f 5712 5880 5879
f 5713 5879 5881
f 5713 5881 5714
f 5714 5881 5715
f 5715 5881 5879
f 5715 5879 5882
f 5715 5882 5883
f 5715 5883 5884
f 5715 5884 5716
f 5716 5884 5717
f 5717 5884 5885
f 5717 5885 5718
f 5718 5886 5887
f 5718 5887 5888
f 5718 5888 5719
f 5718 5885 5889
f 5718 5889 5886
f 5719 5888 5750
f 5720 5725 5724
f 5721 5890 5891
f 5721 5891 5892
f 5721 5892 5722
f 5721 5724 5893
f 5721 5893 5890
f 5722 5892 5894
f 5722 5894 5723
f 5723 5894 5895
f 5723 5895 5726
f 5724 5896 5897
f 5724 5897 5893
f 5724 5725 5898
f 5724 5898 5899
f 5724 5899 5900
f 5724 5900 5901
f 5724 5901 5902
f 5724 5902 5903
f 5724 5903 5904
f 5724 5904 5896
f 5726 5905 5906
f 5726 5906 5727
f 5726 5895 5907
f 5726 5907 5905
f 5727 5908 5909
f 5727 5909 5730
f 5727 5730 5729
f 5727 5906 5908
f 5730 5910 5731
f 5730 5909 5910
f 5731 5910 5911
f 5731 5911 5732
f 5732 5912 5735
f 5732 5735 5734
f 5732 5734 5733
f 5732 5911 5912
f 5735 5912 5913
f 5735 5913 5736
f 5736 5913 5914
f 5736 5914 5915
f 5736 5915 5737
f 5738 5915 5914
f 5738 5914 5916
f 5738 5916 5739
f 5739 5917 5918
f 5739 5918 5740
f 5739 5916 5917
f 5740 5918 5741
f 5741 5919 5920
f 5741 5920 5743
f 5741 5743 5742
f 5741 5918 5919
f 5743 5920 5919
f 5743 5919 5921
f 5743 5921 5922
f 5743 5922 5923
f 5743 5923 5924
f 5743 5924 5745
f 5745 5924 5923
f 5745 5923 5925
f 5745 5925 5746
f 5746 5925 5926
f 5746 5926 5747
f 5747 5926 5927
f 5747 5927 5749
f 5747 5749 5748
f 5749 5927 5928
f 5749 5928 5862
f 5750 5888 5929
f 5750 5929 5930
f 5750 5930 5751
f 5751 5930 5931
f 5751 5931 5757
f 5752 5932 5753
f 5752 5760 5933
f 5752 5933 5932
f 5753 5761 5755
f 5753 5755 5754
f 5753 5932 5933
f 5753 5933 5761
f 5757 5934 5758
f 5757 5931 5934
f 5758 5934 5759
f 5759 5933 5760
f 5759 5934 5931
f 5759 5931 5935
f 5759 5935 5936
f 5759 5936 5933
f 5761 5933 5937
f 5761 5937 5762
f 5762 5937 5938
f 5762 5938 5939
f 5762 5939 5763
f 5763 5939 5940
f 5763 5940 5764
f 5764 5940 5765
f 5765 5940 5941
f 5765 5941 5766
f 5766 5941 5942
f 5766 5942 5767
f 5767 5942 5769
f 5767 5769 5768
f 5769 5942 5770
f 5770 5942 5943
f 5770 5943 5944
f 5770 5944 5772
f 5771 5773 5777
f 5772 5944 5945
f 5772 5945 5773
f 5773 5779 5778
f 5773 5778 5777
f 5773 5945 5779
f 5774 5776 5775
f 5774 5783 5776
f 5779 5945 5946
f 5779 5946 5947
f 5779 5947 5780
f 5780 5947 5784
f 5781 5786 5782
f 5782 5786 5948
f 5782 5948 5949
f 5782 5949 5787
f 5784 5947 5950
f 5784 5950 5948
f 5784 5948 5785
f 5785 5948 5786
f 5787 5949 5788
f 5788 5790 5789
f 5788 5949 5948
f 5788 5948 5791
f 5791 5948 5951
f 5791 5951 5952
f 5791 5952 5805
f 5792 5812 5953
f 5792 5953 5954
f 5792 5954 5796
f 5793 5954 5794
f 5793 5796 5954
f 5794 5954 5955
f 5794 5955 5795
f 5795 5955 5797
f 5797 5955 5956
f 5797 5956 5798
f 5798 5956 5799
f 5799 5956 5800
f 5800 5957 5958
f 5800 5958 5959
f 5800 5959 5960
f 5800 5960 5961
f 5800 5961 5801
f 5800 5956 5955
f 5800 5955 5962
f 5800 5962 5963
f 5800 5963 5957
f 5801 5961 5960
f 5801 5960 5802
f 5802 5960 5813
f 5803 5810 5964
f 5803 5964 5804
f 5804 5964 5965
f 5804 5965 5811
f 5805 5952 5966
f 5805 5966 5967
f 5805 5967 5968
f 5805 5968 5969
f 5805 5969 5806
f 5806 5969 5807
f 5807 5969 5808
f 5808 5969 5970
f 5808 5970 5971
f 5808 5971 5809
f 5809 5971 5964
f 5809 5964 5810
f 5811 5972 5812
f 5811 5965 5973
f 5811 5973 5972
f 5812 5972 5974
f 5812 5974 5954
f 5812 5954 5953
f 5813 5975 5814
f 5813 5960 5975
f 5814 5975 5976
f 5814 5976 5815
f 5815 5976 5977
f 5815 5977 5816
f 5816 5977 5979
f 5816 5979 5978
f 5817 5978 5818
f 5818 5978 5979
f 5818 5979 5980
f 5818 5980 5981
f 5818 5981 5982
f 5818 5982 5983
f 5818 5983 5984
f 5818 5984 5819
f 5819 5984 5822
f 5820 5821 5985
f 5820 5985 5836
f 5821 5986 5987
f 5821 5987 5985
f 5821 5822 5988
f 5821 5988 5989
f 5821 5989 5986
f 5822 5984 5988
f 5823 5837 5990
f 5823 5990 5828
f 5824 5829 5991
f 5824 5991 5992
f 5824 5992 5993
f 5824 5993 5825
f 5825 5993 5994
f 5825 5994 5995
f 5825 5995 5826
f 5826 5831 5827
f 5826 5995 5838
f 5826 5838 5833
f 5826 5833 5832
f 5826 5832 5831
f 5827 5831 5830
f 5828 5996 5997
f 5828 5997 5829
f 5828 5990 5835
f 5828 5834 5998
f 5828 5998 5999
f 5828 5999 6000
f 5828 6000 6001
f 5828 6001 5996
f 5829 5997 5996
f 5829 5996 5991
f 5834 5836 5999
f 5834 5999 5998
f 5835 5990 5837
f 5836 6002 5999
f 5836 5985 5987
f 5836 5987 6002
f 5838 5994 5839
f 5838 5995 5994
f 5839 5994 6003
f 5839 6003 6004
f 5839 6004 5840
f 5840 6004 5841
f 5841 6004 5842
f 5842 6004 5843
f 5843 6005 6006
f 5843 6006 6007
f 5843 6007 6008
f 5843 6008 5844
f 5843 6004 6009
f 5843 6009 6005
f 5844 6008 5845
f 5845 6007 6010
f 5845 6010 6011
f 5845 6011 5846
f 5845 6008 6007
f 5846 6011 6012
f 5846 6012 6013
f 5846 6013 5847
f 5847 6013 6014
f 5847 6014 6015
f 5847 6015 5848
f 5848 6015 6016
f 5848 6016 6017
f 5848 6017 5849
f 5849 6017 5850
f 5850 6017 5851
f 5851 6017 6018
f 5853 5860 6019
f 5853 6019 6020
f 5853 6020 5857
f 5854 6021 6022
f 5854 6022 5855
f 5854 6023 6160
f 5854 6160 6021
f 5855 6022 5856
f 5856 6022 6024
f 5856 6024 6025
f 5856 6025 6026
f 5856 6026 6027
f 5856 6027 6028
f 5856 6028 5877
f 5856 5877 6029
f 5856 6029 5858
f 5857 6020 6023
f 5858 6029 5859
f 5859 6030 5865
f 5859 5865 5864
f 5859 6029 6030
f 5860 5861 6019
f 5861 5863 6031
f 5861 6031 6032
f 5861 6032 6019
f 5862 5928 6033
f 5862 6033 6031
f 5862 6031 5863
f 5865 6030 5877
f 5865 5877 5876
f 5865 5876 5866
f 5866 5876 5868
f 5866 5868 5867
f 5869 6034 5870
f 5869 5878 6035
f 5869 6035 6034
f 5870 6036 6037
f 5870 6037 5871
f 5870 6034 6035
f 5870 6035 6036
f 5871 6038 5872
f 5871 6037 6038
f 5872 6038 6039
f 5872 6039 5873
f 5873 6039 6038
f 5873 6038 6040
f 5873 6040 6041
f 5873 6041 5874
f 5874 6041 5875
f 5875 6041 6042
f 5875 6042 5880
f 5877 6043 5878
f 5877 6030 6029
f 5877 6028 6043
f 5878 6043 6172
f 5878 6172 6044
f 5878 6044 6035
f 5879 5880 6045
f 5879 6045 5882
f 5880 6042 6046
f 5880 6046 6045
f 5882 6045 6047
f 5882 6047 5883
f 5883 6048 6049
f 5883 6049 5884
f 5883 6047 6048
f 5884 6049 6050
f 5884 6050 5889
f 5884 5889 5885
f 5886 5889 5887
f 5887 6051 6052
f 5887 6052 5888
f 5887 5889 6051
f 5888 6052 5929
f 5889 6050 6053
f 5889 6053 6051
f 5890 6054 5891
f 5890 5893 6055
f 5890 6055 6054
f 5891 6054 6056
f 5891 6056 6057
f 5891 6057 5892
f 5892 6057 6058
f 5892 6058 5894
f 5893 5897 6055
f 5894 6059 6060
f 5894 6060 6061
f 5894 6061 6062
f 5894 6062 5895
f 5894 6058 6059
f 5895 6062 5907
f 5896 6063 5897
f 5896 5904 6063
f 5897 6063 6055
f 5904 6064 6065
f 5904 6065 6063
f 5905 5907 5906
f 5906 5907 6066
f 5906 6066 6067
f 5906 6067 5908
f 5907 6062 6061
f 5907 6061 6060
f 5907 6060 6192
f 5907 6192 6068
f 5907 6068 6066
f 5908 6067 5909
f 5909 6067 5910
f 5910 6067 6069
f 5910 6069 5912
f 5910 5912 5911
f 5912 6069 6070
f 5912 6070 6071
f 5912 6071 6072
f 5912 6072 6073
f 5912 6073 5918
f 5912 5918 5917
f 5912 5917 6074
f 5912 6074 5914
f 5912 5914 5913
f 5914 5917 5916
f 5914 6074 5917
f 5918 6075 6076
f 5918 6076 5922
f 5918 5922 5921
f 5918 5921 5919
f 5918 6073 6077
f 5918 6077 6075
f 5922 6076 6078
f 5922 6078 5923
f 5923 6078 5925
f 5925 6078 6079
f 5925 6079 6080
f 5925 6080 5926
f 5926 6080 6079
f 5926 6079 5927
f 5927 6079 6081
f 5927 6081 5928
f 5928 6081 6082
f 5928 6082 6083
f 5928 6083 6084
f 5928 6084 6033
f 5929 6052 5930
f 5930 5935 5931
f 5930 6052 5935
f 5933 5936 6085
f 5933 6085 6086
f 5933 6086 6087
f 5933 6087 6088
f 5933 6088 6089
f 5933 6089 5938
f 5933 5938 5937
f 5935 6052 6090
f 5935 6090 5936
f 5936 6090 6085
f 5938 6089 6091
f 5938 6091 6092
f 5938 6092 6093
f 5938 6093 5939
f 5939 6093 5940
f 5940 6093 6094
f 5940 6094 6095
f 5940 6095 5941
f 5941 6095 5942
f 5942 6095 6096
f 5942 6096 5943
f 5943 6096 6097
f 5943 6097 5944
f 5944 6097 5945
f 5945 6098 5946
f 5945 6097 6099
f 5945 6099 6098
f 5946 6098 5947
f 5947 6100 5950
f 5947 6098 6100
f 5948 5950 5951
f 5950 6100 6101
f 5950 6101 6102
f 5950 6102 5951
f 5951 6102 5952
f 5952 6102 5966
f 5954 5974 5955
f 5955 5974 6103
f 5955 6103 5963
f 5955 5963 5962
f 5957 6104 6105
f 5957 6105 6106
f 5957 6106 6107
f 5957 6107 5958
f 5957 5963 6104
f 5958 6107 5959
f 5959 6107 5960
f 5960 6107 5975
f 5963 6108 6109
f 5963 6109 6104
f 5963 6103 5974
f 5963 5974 6110
f 5963 6110 6111
f 5963 6111 6108
f 5964 5971 6112
f 5964 6112 6113
f 5964 6113 5965
f 5965 6113 6114
f 5965 6114 6115
f 5965 6115 5973
f 5966 6102 6116
f 5966 6116 6117
f 5966 6117 6118
f 5966 6118 5967
f 5967 6118 5968
f 5968 6118 6119
f 5968 6119 5970
f 5968 5970 5969
f 5970 6119 6118
f 5970 6118 6120
f 5970 6120 6121
f 5970 6121 5971
f 5971 6121 6112
f 5972 6110 5974
f 5972 5973 6123
f 5972 6123 6122
f 5972 6122 6255
f 5972 6255 6110
f 5973 6115 6123
f 5975 6107 6124
f 5975 6124 5976
f 5976 6124 6125
f 5976 6125 6126
f 5976 6126 5980
f 5976 5980 5979
f 5976 5979 5977
f 5980 6126 6127
f 5980 6127 5981
f 5981 6127 5982
f 5982 6128 6129
f 5982 6129 6130
f 5982 6130 6131
f 5982 6131 5988
f 5982 5988 5983
f 5982 6127 6132
f 5982 6132 6128
f 5983 5988 5984
f 5986 5989 6131
f 5986 6131 6130
f 5986 6130 5987
f 5987 6130 6002
f 5988 6131 5989
f 5991 6133 5992
f 5991 5996 6134
f 5991 6134 6135
f 5991 6135 6133
f 5992 6136 5993
f 5992 6133 6137
f 5992 6137 6136
f 5993 6136 6138
f 5993 6138 6139
f 5993 6139 5994
f 5994 6139 6140
f 5994 6140 6141
f 5994 6141 6142
f 5994 6142 6009
f 5994 6009 6143
f 5994 6143 6003
f 5996 6144 6134
f 5996 6001 6000
f 5996 6000 6145
f 5996 6145 6144
f 5999 6002 6000
f 6000 6130 6129
f 6000 6129 6146
f 6000 6146 6145
f 6000 6002 6130
f 6003 6143 6004
f 6004 6143 6009
f 6005 6147 6148
f 6005 6148 6006
f 6005 6009 6147
f 6006 6148 6007
f 6007 6149 6150
f 6007 6150 6151
f 6007 6151 6010
f 6007 6148 6149
f 6009 6142 6147
f 6010 6151 6011
f 6011 6151 6012
f 6012 6151 6152
f 6012 6152 6013
f 6013 6152 6153
f 6013 6153 6014
f 6014 6153 6299
f 6014 6299 6154
f 6014 6154 6155
f 6014 6155 6015
f 6015 6155 6156
f 6015 6156 6157
f 6015 6157 6016
f 6016 6157 6017
f 6017 6157 6018
f 6019 6032 6020
f 6020 6158 6023
f 6020 6032 6159
f 6020 6159 6158
f 6021 6024 6022
f 6021 6160 6164
f 6021 6164 6024
f 6023 6158 6161
f 6023 6161 6160
f 6024 6162 6163
f 6024 6163 6025
f 6024 6164 6308
f 6024 6308 6162
f 6025 6163 6165
f 6025 6165 6166
f 6025 6166 6167
f 6025 6167 6026
f 6026 6167 6168
f 6026 6168 6027
f 6027 6168 6169
f 6027 6169 6028
f 6028 6169 6170
f 6028 6170 6171
f 6028 6171 6043
f 6031 6033 6084
f 6031 6084 6159
f 6031 6159 6032
f 6035 6044 6037
f 6035 6037 6036
f 6037 6044 6172
f 6037 6172 6173
f 6037 6173 6174
f 6037 6174 6175
f 6037 6175 6176
f 6037 6176 6177
f 6037 6177 6178
f 6037 6178 6179
f 6037 6179 6180
f 6037 6180 6038
f 6038 6180 6179
f 6038 6179 6181
f 6038 6181 6182
f 6038 6182 6040
f 6040 6182 6041
f 6041 6182 6042
f 6042 6182 6183
f 6042 6183 6184
f 6042 6184 6046
f 6043 6171 6172
f 6045 6046 6047
f 6046 6185 6047
f 6046 6184 6185
f 6047 6185 6048
f 6048 6186 6049
f 6048 6185 6186
f 6049 6186 6050
f 6050 6187 6188
f 6050 6188 6053
f 6050 6186 6187
f 6051 6053 6090
f 6051 6090 6052
f 6053 6188 6086
f 6053 6086 6085
f 6053 6085 6090
f 6054 6055 6063
f 6054 6063 6056
f 6056 6189 6190
f 6056 6190 6058
f 6056 6058 6057
f 6056 6063 6065
f 6056 6065 6191
f 6056 6191 6189
f 6058 6190 6060
f 6058 6060 6059
f 6060 6190 6192
f 6064 6193 6194
f 6064 6194 6191
f 6064 6191 6065
f 6066 6195 6196
f 6066 6196 6067
f 6066 6068 6195
f 6067 6196 6069
f 6068 6192 6197
f 6068 6197 6195
f 6069 6198 6070
f 6069 6196 6198
f 6070 6198 6199
f 6070 6199 6071
f 6071 6200 6072
f 6071 6199 6200
f 6072 6200 6201
f 6072 6201 6202
f 6072 6202 6073
f 6073 6202 6077
f 6075 6077 6203
f 6075 6203 6204
f 6075 6204 6205
f 6075 6205 6206
f 6075 6206 6076
f 6076 6206 6207
f 6076 6207 6208
f 6076 6208 6209
f 6076 6209 6082
f 6076 6082 6210
f 6076 6210 6078
f 6077 6202 6211
f 6077 6211 6212
f 6077 6212 6213
f 6077 6213 6203
f 6078 6210 6081
f 6078 6081 6079
f 6081 6210 6082
f 6082 6209 6083
f 6083 6209 6214
f 6083 6214 6215
f 6083 6215 6216
f 6083 6216 6217
f 6083 6217 6159
f 6083 6159 6084
f 6086 6218 6088
f 6086 6088 6087
f 6086 6188 6219
f 6086 6219 6220
f 6086 6220 6221
f 6086 6221 6226
f 6086 6226 6218
f 6088 6222 6089
f 6088 6218 6223
f 6088 6223 6222
f 6089 6222 6091
f 6091 6222 6224
f 6091 6224 6092
f 6092 6224 6094
f 6092 6094 6093
f 6094 6224 6225
f 6094 6225 6226
f 6094 6226 6227
f 6094 6227 6228
f 6094 6228 6229
f 6094 6229 6095
f 6095 6229 6230
f 6095 6230 6096
f 6096 6230 6231
f 6096 6231 6097
f 6097 6231 6232
f 6097 6232 6233
f 6097 6233 6234
f 6097 6234 6099
f 6098 6099 6235
f 6098 6235 6100
f 6099 6234 6235
f 6100 6235 6101
f 6101 6235 6236
f 6101 6236 6102
f 6102 6236 6116
f 6104 6237 6105
f 6104 6109 6237
f 6105 6237 6238
f 6105 6238 6239
f 6105 6239 6240
f 6105 6240 6241
f 6105 6241 6242
f 6105 6242 6106
f 6106 6242 6243
f 6106 6243 6244
f 6106 6244 6245
f 6106 6245 6246
f 6106 6246 6107
f 6107 6247 6124
f 6107 6246 6248
f 6107 6248 6249
f 6107 6249 6250
f 6107 6250 6251
f 6107 6251 6247
f 6108 6252 6253
f 6108 6253 6254
f 6108 6254 6109
f 6108 6111 6252
f 6109 6254 6237
f 6110 6255 6256
f 6110 6256 6111
f 6111 6256 6252
f 6112 6257 6113
f 6112 6121 6258
f 6112 6258 6257
f 6113 6257 6114
f 6114 6257 6259
f 6114 6259 6260
f 6114 6260 6115
f 6115 6260 6123
f 6116 6236 6117
f 6117 6236 6234
f 6117 6234 6261
f 6117 6261 6118
f 6118 6262 6120
f 6118 6261 6262
f 6120 6262 6263
f 6120 6263 6121
f 6121 6263 6258
f 6122 6264 6383
f 6122 6383 6255
f 6122 6123 6264
f 6123 6265 6266
f 6123 6266 6264
f 6123 6260 6265
f 6124 6247 6267
f 6124 6267 6125
f 6125 6267 6268
f 6125 6268 6126
f 6126 6268 6269
f 6126 6269 6132
f 6126 6132 6127
f 6128 6132 6270
f 6128 6270 6129
f 6129 6271 6146
f 6129 6270 6271
f 6132 6269 6270
f 6133 6135 6272
f 6133 6272 6137
f 6134 6144 6273
f 6134 6273 6135
f 6135 6273 6274
f 6135 6274 6272
f 6136 6137 6275
f 6136 6275 6138
f 6137 6276 6275
f 6137 6272 6276
f 6138 6275 6277
f 6138 6277 6139
f 6139 6278 6140
f 6139 6277 6278
f 6140 6278 6279
f 6140 6279 6280
f 6140 6280 6281
f 6140 6281 6282
f 6140 6282 6283
f 6140 6283 6284
f 6140 6284 6141
f 6141 6284 6285
f 6141 6285 6142
f 6142 6285 6286
f 6142 6286 6147
f 6144 6274 6273
f 6144 6145 6287
f 6144 6287 6288
f 6144 6288 6274
f 6145 6289 6287
f 6145 6146 6289
f 6146 6290 6291
f 6146 6291 6292
f 6146 6292 6289
f 6146 6271 6290
f 6147 6286 6293
f 6147 6293 6294
f 6147 6294 6148
f 6148 6294 6149
f 6149 6295 6150
f 6149 6294 6295
f 6150 6295 6296
f 6150 6296 6297
f 6150 6297 6298
f 6150 6298 6151
f 6151 6298 6152
f 6152 6298 6299
f 6152 6299 6153
f 6154 6299 6300
f 6154 6300 6155
f 6155 6300 6301
f 6155 6301 6156
f 6156 6301 6302
f 6156 6302 6303
f 6156 6303 6304
f 6156 6304 6305
f 6156 6305 6157
f 6158 6159 6217
f 6158 6217 6216
f 6158 6216 6161
f 6160 6161 6164
f 6161 6216 6306
f 6161 6306 6164
f 6162 6307 6165
f 6162 6165 6163
f 6162 6308 6432
f 6162 6432 6307
f 6164 6306 6308
f 6165 6307 6166
f 6166 6249 6309
f 6166 6309 6167
f 6166 6307 6381
f 6166 6381 6249
f 6167 6309 6168
f 6168 6174 6170
f 6168 6170 6169
f 6168 6309 6174
f 6170 6174 6310
f 6170 6310 6171
f 6171 6310 6172
f 6172 6310 6173
f 6173 6310 6174
f 6174 6311 6240
f 6174 6240 6175
f 6174 6309 6312
f 6174 6312 6311
f 6175 6240 6238
f 6175 6238 6313
f 6175 6313 6176
f 6176 6313 6177
f 6177 6313 6253
f 6177 6253 6314
f 6177 6314 6178
f 6178 6314 6256
f 6178 6256 6315
f 6178 6315 6179
f 6179 6315 6181
f 6181 6315 6394
f 6181 6394 6316
f 6181 6316 6317
f 6181 6317 6182
f 6182 6317 6183
f 6183 6318 6184
f 6183 6317 6316
f 6183 6316 6318
f 6184 6318 6319
f 6184 6319 6320
f 6184 6320 6185
f 6185 6320 6321
f 6185 6321 6322
f 6185 6322 6323
f 6185 6323 6324
f 6185 6324 6325
f 6185 6325 6186
f 6186 6325 6326
f 6186 6326 6327
f 6186 6327 6187
f 6187 6327 6328
f 6187 6328 6188
f 6188 6328 6329
f 6188 6329 6330
f 6188 6330 6219
f 6189 6331 6190
f 6189 6191 6332
f 6189 6332 6331
f 6190 6331 6333
f 6190 6333 6192
f 6191 6194 6332
f 6192 6333 6197
f 6193 6334 6335
f 6193 6335 6332
f 6193 6332 6194
f 6195 6336 6196
f 6195 6197 6336
f 6196 6336 6198
f 6197 6333 6337
f 6197 6337 6338
f 6197 6338 6339
f 6197 6339 6340
f 6197 6340 6336
f 6198 6341 6342
f 6198 6342 6199
f 6198 6336 6343
f 6198 6343 6341
f 6199 6342 6200
f 6200 6344 6345
f 6200 6345 6346
f 6200 6346 6347
f 6200 6347 6201
f 6200 6342 6348
f 6200 6348 6344
f 6201 6347 6349
f 6201 6349 6202
f 6202 6349 6211
f 6203 6213 6350
f 6203 6350 6351
f 6203 6351 6204
f 6204 6351 6352
f 6204 6352 6205
f 6205 6353 6354
f 6205 6354 6207
f 6205 6207 6206
f 6205 6352 6353
f 6207 6354 6355
f 6207 6355 6356
f 6207 6356 6357
f 6207 6357 6208
f 6208 6357 6358
f 6208 6358 6359
f 6208 6359 6209
f 6209 6360 6361
f 6209 6361 6362
f 6209 6362 6214
f 6209 6359 6363
f 6209 6363 6360
f 6211 6349 6364
f 6211 6364 6365
f 6211 6365 6212
f 6212 6365 6366
f 6212 6366 6350
f 6212 6350 6213
f 6214 6362 6367
f 6214 6367 6368
f 6214 6368 6369
f 6214 6369 6215
f 6215 6369 6216
f 6216 6370 6371
f 6216 6371 6306
f 6216 6369 6368
f 6216 6368 6372
f 6216 6372 6370
f 6218 6226 6223
f 6219 6330 6220
f 6220 6330 6221
f 6221 6330 6226
f 6222 6223 6225
f 6222 6225 6224
f 6223 6226 6225
f 6226 6330 6227
f 6227 6373 6374
f 6227 6374 6375
f 6227 6375 6228
f 6227 6330 6376
f 6227 6376 6373
f 6228 6375 6230
f 6228 6230 6229
f 6230 6375 6232
f 6230 6232 6231
f 6232 6375 6233
f 6233 6375 6377
f 6233 6377 6261
f 6233 6261 6234
f 6234 6236 6235
f 6237 6313 6238
f 6237 6254 6253
f 6237 6253 6313
f 6238 6240 6239
f 6240 6311 6378
f 6240 6378 6243
f 6240 6243 6242
f 6240 6242 6241
f 6243 6378 6379
f 6243 6379 6380
f 6243 6380 6244
f 6244 6380 6245
f 6245 6380 6248
f 6245 6248 6246
f 6247 6251 6267
f 6248 6380 6249
f 6249 6381 6250
f 6249 6380 6379
f 6249 6379 6312
f 6249 6312 6309
f 6250 6381 6251
f 6251 6381 6473
f 6251 6473 6382
f 6251 6382 6268
f 6251 6268 6267
f 6252 6256 6314
f 6252 6314 6253
f 6255 6383 6256
f 6256 6383 6384
f 6256 6384 6315
f 6257 6385 6259
f 6257 6258 6385
f 6258 6386 6387
f 6258 6387 6385
f 6258 6263 6388
f 6258 6388 6386
f 6259 6385 6260
f 6260 6389 6390
f 6260 6390 6266
f 6260 6266 6265
f 6260 6385 6387
f 6260 6387 6391
f 6260 6391 6392
f 6260 6392 6389
f 6261 6377 6262
f 6262 6377 6393
f 6262 6393 6263
f 6263 6393 6388
f 6264 6266 6384
f 6264 6384 6383
f 6266 6390 6394
f 6266 6394 6384
f 6268 6382 6269
f 6269 6395 6270
f 6269 6382 6395
f 6270 6395 6396
f 6270 6396 6397
f 6270 6397 6398
f 6270 6398 6399
f 6270 6399 6400
f 6270 6400 6271
f 6271 6400 6401
f 6271 6401 6402
f 6271 6402 6290
f 6272 6274 6403
f 6272 6403 6404
f 6272 6404 6276
f 6274 6288 6405
f 6274 6405 6403
f 6275 6406 6407
f 6275 6407 6277
f 6275 6276 6406
f 6276 6404 6408
f 6276 6408 6406
f 6277 6407 6279
f 6277 6279 6278
f 6279 6407 6280
f 6280 6409 6281
f 6280 6407 6475
f 6280 6475 6409
f 6281 6409 6410
f 6281 6410 6412
f 6281 6412 6282
f 6282 6411 6283
f 6282 6412 6453
f 6282 6453 6413
f 6282 6413 6414
f 6282 6414 6411
f 6283 6411 6285
f 6283 6285 6284
f 6285 6411 6415
f 6285 6415 6286
f 6286 6415 6293
f 6287 6289 6288
f 6288 6289 6416
f 6288 6416 6405
f 6289 6292 6291
f 6289 6291 6417
f 6289 6417 6476
f 6289 6476 6416
f 6290 6402 6418
f 6290 6418 6419
f 6290 6419 6417
f 6290 6417 6291
f 6293 6415 6414
f 6293 6414 6420
f 6293 6420 6421
f 6293 6421 6422
f 6293 6422 6295
f 6293 6295 6294
f 6295 6422 6296
f 6296 6422 6423
f 6296 6423 6424
f 6296 6424 6425
f 6296 6425 6426
f 6296 6426 6297
f 6297 6426 6482
f 6297 6482 6427
f 6297 6427 6428
f 6297 6428 6298
f 6298 6428 6299
f 6299 6428 6429
f 6299 6429 6430
f 6299 6430 6300
f 6300 6430 6302
f 6300 6302 6301
f 6302 6430 6303
f 6303 6430 6431
f 6306 6371 6308
f 6307 6432 6473
f 6307 6473 6381
f 6308 6371 6433
f 6308 6433 6432
f 6311 6312 6378
f 6312 6379 6378
f 6315 6384 6394
f 6316 6394 6390
f 6316 6390 6318
f 6318 6390 6434
f 6318 6434 6435
f 6318 6435 6436
f 6318 6436 6319
f 6319 6436 6321
f 6319 6321 6320
f 6321 6436 6435
f 6321 6435 6322
f 6322 6434 6437
f 6322 6437 6438
f 6322 6438 6324
f 6322 6324 6323
f 6322 6435 6434
f 6324 6438 6439
f 6324 6439 6326
f 6324 6326 6325
f 6326 6439 6327
f 6327 6439 6440
f 6327 6440 6328
f 6328 6441 6329
f 6328 6440 6441
f 6329 6441 6330
f 6330 6441 6376
f 6331 6442 6443
f 6331 6443 6333
f 6331 6332 6335
f 6331 6335 6442
f 6333 6443 6444
f 6333 6444 6445
f 6333 6445 6446
f 6333 6446 6337
f 6334 6447 6448
f 6334 6448 6335
f 6335 6448 6442
f 6336 6340 6339
f 6336 6339 6449
f 6336 6449 6343
f 6337 6450 6338
f 6337 6446 6450
f 6338 6450 6451
f 6338 6451 6339
f 6339 6451 6449
f 6341 6348 6342
f 6341 6343 6452
f 6341 6452 6453
f 6341 6453 6412
f 6341 6412 6348
f 6343 6449 6452
f 6344 6410 6409
f 6344 6409 6454
f 6344 6454 6455
f 6344 6455 6345
f 6344 6348 6412
f 6344 6412 6410
f 6345 6455 6456
f 6345 6456 6346
f 6346 6456 6347
f 6347 6456 6349
f 6349 6454 6457
f 6349 6457 6364
f 6349 6456 6454
f 6350 6366 6408
f 6350 6408 6353
f 6350 6353 6351
f 6351 6353 6352
f 6353 6458 6355
f 6353 6355 6354
f 6353 6408 6458
f 6355 6458 6459
f 6355 6459 6356
f 6356 6459 6357
f 6357 6459 6359
f 6357 6359 6358
f 6359 6459 6460
f 6359 6460 6360
f 6359 6360 6363
f 6360 6460 6461
f 6360 6461 6361
f 6361 6461 6462
f 6361 6462 6362
f 6362 6462 6367
f 6364 6463 6365
f 6364 6457 6463
f 6365 6463 6366
f 6366 6463 6464
f 6366 6464 6408
f 6367 6462 6465
f 6367 6465 6466
f 6367 6466 6372
f 6367 6372 6368
f 6370 6433 6371
f 6370 6372 6467
f 6370 6467 6468
f 6370 6468 6433
f 6372 6466 6467
f 6373 6376 6469
f 6373 6469 6470
f 6373 6470 6386
f 6373 6386 6471
f 6373 6471 6472
f 6373 6472 6374
f 6374 6472 6377
f 6374 6377 6375
f 6376 6441 6469
f 6377 6472 6393
f 6382 6473 6395
f 6386 6388 6471
f 6386 6470 6391
f 6386 6391 6387
f 6388 6393 6471
f 6389 6434 6390
f 6389 6392 6474
f 6389 6474 6434
f 6391 6470 6392
f 6392 6470 6469
f 6392 6469 6441
f 6392 6441 6440
f 6392 6440 6434
f 6392 6434 6474
f 6393 6472 6471
f 6395 6473 6396
f 6396 6473 6433
f 6396 6433 6397
f 6397 6468 6461
f 6397 6461 6419
f 6397 6419 6418
f 6397 6418 6398
f 6397 6433 6468
f 6398 6418 6401
f 6398 6401 6399
f 6399 6401 6400
f 6401 6418 6402
f 6403 6405 6459
f 6403 6459 6408
f 6403 6408 6404
f 6405 6416 6461
f 6405 6461 6459
f 6406 6454 6475
f 6406 6475 6407
f 6406 6408 6454
f 6408 6464 6454
f 6408 6459 6458
f 6409 6475 6454
f 6411 6414 6415
f 6413 6453 6452
f 6413 6452 6420
f 6413 6420 6414
f 6416 6476 6461
f 6417 6419 6476
f 6419 6461 6476
f 6420 6452 6477
f 6420 6477 6478
f 6420 6478 6421
f 6421 6478 6422
f 6422 6478 6423
f 6423 6478 6424
f 6424 6479 6480
f 6424 6480 6425
f 6424 6478 6477
f 6424 6477 6452
f 6424 6452 6479
f 6425 6480 6481
f 6425 6481 6426
f 6426 6481 6482
f 6427 6482 6483
f 6427 6483 6484
f 6427 6484 6428
f 6428 6484 6429
f 6429 6484 6430
f 6430 6484 6485
f 6430 6485 6486
f 6430 6486 6431
f 6432 6433 6473
f 6434 6440 6437
f 6437 6440 6439
f 6437 6439 6438
f 6442 6487 6488
f 6442 6488 6443
f 6442 6448 6487
f 6443 6488 6444
f 6444 6489 6496
f 6444 6496 6490
f 6444 6490 6492
f 6444 6492 6445
f 6444 6488 6487
f 6444 6487 6491
f 6444 6491 6489
f 6445 6492 6450
f 6445 6450 6446
f 6447 6493 6494
f 6447 6494 6495
f 6447 6495 6448
f 6448 6495 6487
f 6449 6451 6452
f 6450 6492 6451
f 6451 6492 6490
f 6451 6490 6479
f 6451 6479 6452
f 6454 6464 6457
f 6454 6456 6455
f 6457 6464 6463
f 6459 6461 6460
f 6461 6468 6465
f 6461 6465 6462
f 6465 6468 6467
f 6465 6467 6466
f 6479 6490 6496
f 6479 6496 6480
f 6480 6496 6481
f 6481 6489 6491
f 6481 6491 6497
f 6481 6497 6498
f 6481 6498 6482
f 6481 6496 6489
f 6482 6498 6483
f 6483 6498 6499
f 6483 6499 6500
f 6483 6500 6501
f 6483 6501 6502
f 6483 6502 6484
f 6484 6502 6503
f 6484 6503 6485
f 6487 6495 6494
f 6487 6494 6491
f 6491 6494 6499
f 6491 6499 6497
f 6493 6504 6499
f 6493 6499 6494
f 6497 6499 6498
f 6499 6504 6500
