# https://github.com/mikedh/trimesh
v 0.00949437 -0.91739511 -0.25153187
v -0.13345537 -0.88302231 0.26538426
v 0.00759485 0.82957208 -0.17400259
v -0.25967968 -0.90799433 -0.08844253
v 0.28782901 -0.89417702 -0.02373266
v 0.01959707 -0.28292537 0.29902932
v -0.12677868 0.67856228 0.10806571
v 0.16291524 -0.88615984 -0.24680297
v -0.26109469 0.13855439 0.14931570
v -0.16122784 0.67995667 -0.05088964
v -0.02220706 -0.01998630 0.29879060
v 0.26885143 -0.90446091 0.07806034
v -0.28279215 -0.85728329 -0.09807054
v -0.19142696 -0.92365050 0.08745215
v -0.08812023 -0.88770413 -0.28123459
v 0.26123652 -0.24010646 -0.14900859
v 0.14613333 -0.25992221 0.26265374
v -0.15588580 0.90147626 0.01402422
v 0.26980606 -0.89106643 0.10874965
v 0.23789036 0.49856743 0.15161392
v -0.09248252 0.89853513 0.13006352
v 0.20637897 -0.90452629 -0.18782994
v -0.05162205 -0.89963883 -0.28031424
v 0.26024491 0.08351807 -0.15086617
v 0.22825131 0.56918663 -0.10144223
v -0.23328821 -0.89540684 0.16942064
v -0.15420860 0.68774080 0.06317325
v -0.07176410 0.61490828 0.20587274
v -0.25453973 -0.90400153 0.11713522
v 0.00558562 0.90328294 -0.15477687
v -0.07017558 -0.89606690 0.27985570
v -0.11254650 -0.92141098 -0.20987645
v -0.07077487 0.90370774 0.13766044
v 0.02245002 -0.89491880 -0.28759086
v -0.28722900 -0.87738967 -0.07836339
v -0.28324223 -0.90147477 -0.00444468
v -0.10011152 -0.91011846 0.24925397
v 0.18246943 -0.87021065 0.23610038
v 0.12223037 0.90722519 -0.08963188
v 0.00170908 -0.90859389 0.27301756
v 0.27203521 -0.85743165 -0.12452937
v -0.28212151 -0.35296437 -0.10038004
v -0.13054235 0.68906456 -0.10466324
v -0.20395444 -0.02619078 -0.22023329
v 0.15487178 -0.90237319 -0.23623374
v 0.07842460 -0.90385073 -0.26951674
v 0.05943608 0.82405692 0.16394754
v -0.03046546 0.92007464 0.12379760
v 0.23845932 -0.92121935 0.00291289
v -0.29573572 -0.87963539 -0.03272596
v 0.04717731 0.66138226 -0.17447385
v 0.21155576 -0.82437527 -0.21339151
v 0.07613508 0.92412633 0.06603668
v 0.05565531 0.79321414 0.16534291
v -0.14746688 -0.63609463 0.26199105
v 0.10234100 0.73624563 0.14129907
v 0.05915181 0.67712945 -0.15947385
v 0.00450857 -0.90815240 -0.27373895
v -0.00278138 0.59200883 -0.23567653
v 0.12319981 0.68102306 -0.11242095
v -0.20905071 0.58174741 0.12357168
v 0.17431173 -0.89344031 -0.23104444
v 0.04902564 -0.86730033 0.29519555
v 0.28103223 -0.89452112 0.06940693
v -0.13856886 0.91047001 -0.04625057
v 0.11377144 0.92361683 0.00252420
v -0.22354388 -0.30581465 -0.19997311
v 0.26435450 -0.87992191 -0.13666359
v 0.16662489 -0.92184943 0.16868924
v 0.15890436 0.80777359 0.07003468
v -0.15798803 0.67039770 -0.06910430
v -0.22373736 -0.39780730 -0.19973463
v -0.13043614 -0.06196204 -0.26954770
v -0.02229564 -0.80488777 -0.29871082
v 0.17176393 -0.89719647 0.22958615
v -0.03275655 0.90923339 0.14549428
v -0.28696203 -0.89529026 -0.02323507
v 0.15256794 0.88290924 0.07155915
v -0.12038530 0.88213128 -0.11804330
v -0.26786518 -0.90223062 0.08773982
v 0.10739505 0.91731244 0.08008321
v 0.03888845 0.49495500 0.27981782
v -0.28777185 -0.89544839 0.01367677
v -0.10834820 0.67428029 0.13071810
v -0.08328856 0.92310381 0.08422562
v 0.10256965 0.47608417 -0.26906386
v 0.16223507 0.88093883 0.04595941
v -0.28047267 -0.89797413 -0.06137965
v 0.12831476 -0.92350459 -0.17646468
v 0.25288042 -0.91487992 0.05366092
v -0.28495112 0.42794701 -0.08444285
v -0.10170576 -0.89677465 -0.26793581
v -0.08790740 -0.89990544 0.27113077
v -0.28248712 -0.83072537 0.09929198
v -0.06462020 -0.91813177 -0.24070950
v -0.15455839 -0.92337888 -0.15458524
v -0.04179282 -0.90626514 0.27311924
v -0.16859420 0.67591524 0.01364497
v -0.20639516 -0.91847092 -0.13875154
v -0.08517432 0.57302332 -0.23233445
v -0.15382817 0.41626289 0.25677621
v -0.21822396 -0.71480286 0.20639201
v -0.19971400 -0.87373275 -0.22251321
v 0.14511476 -0.88972276 -0.25640580
v -0.17110689 -0.92365289 -0.11502796
v -0.13961372 -0.80262649 -0.26547438
v -0.15164688 -0.34978053 -0.25969449
v -0.05005633 -0.89551711 0.28310204
v 0.13018863 0.91009450 -0.07037850
v 0.01275519 0.88483846 -0.16792594
v -0.27631557 -0.89488876 -0.08738299
v -0.06386402 -0.87977189 0.28989294
v -0.21006529 -0.89892077 -0.19405814
v 0.07682738 -0.86627698 -0.28933769
v 0.01799446 -0.83989894 0.29925478
v 0.08798436 0.87743968 0.14620437
v -0.14042789 0.66753185 0.10452318
v -0.19093136 0.64716089 0.02269535
v -0.21412875 -0.48548391 0.21100643
v 0.02288256 0.90320688 -0.15307973
v -0.11017302 0.90999991 0.09716514
v -0.12012295 0.65525144 -0.14119598
v 0.28534734 -0.89324635 -0.04394305
v -0.15135838 0.86697364 -0.08405248
v 0.30020273 -0.81399113 0.00698108
v 0.21790214 -0.89325583 -0.19190238
v -0.23068051 -0.89258724 -0.17563882
v 0.14451531 -0.88911861 0.25768736
v -0.16431339 0.88714707 0.02983019
v -0.29401949 -0.84627259 0.05830597
v -0.06596271 0.66566962 0.16288836
v -0.07390513 -0.91418910 0.24987726
v -0.06673244 0.66487455 -0.16338843
v -0.19863625 -0.04530841 0.22461642
v 0.13309731 0.70757091 0.10954092
v -0.16631761 0.84812593 0.05280785
v -0.13462085 0.65824431 -0.12415565
v 0.07451541 0.68655753 0.15076818
v 0.18868153 -0.89860106 -0.21521035
v -0.06363658 0.88583553 -0.15453427
v -0.15721016 0.65309185 0.10110533
v -0.29365504 -0.75448209 0.06073588
v 0.26366192 0.42074031 0.13982390
v 0.05804127 0.19387850 0.29398096
v 0.15390508 0.65762097 -0.09930017
v -0.10562774 0.91924757 0.07584084
v 0.04188809 -0.90027100 0.28111508
v -0.10107841 -0.53069615 0.28180772
v -0.17492013 -0.90617573 -0.21414192
v 0.22500157 0.27435422 0.19810952
v -0.15272930 0.01394736 -0.25903410
v 0.13160117 -0.88192362 -0.26642334
v 0.15124980 -0.66825527 0.25994739
v 0.16256033 0.67398971 0.05162358
v 0.15905935 0.67528534 -0.05916515
v 0.29536313 -0.87772393 -0.03653363
v 0.09004445 0.74340832 -0.14978030
v 0.00090254 -0.47193405 -0.30043507
v -0.20079154 -0.90610874 0.19153771
v -0.06048938 0.79460800 -0.16350675
v 0.22038998 -0.55433053 0.20378429
v 0.17115091 0.66801172 0.04006730
v 0.17473854 0.66806775 0.02166268
v 0.03294186 0.37661642 0.29746848
v 0.26134232 -0.89397633 -0.12493867
v 0.04132307 0.68180579 0.16184817
v 0.19619483 -0.89325434 0.21354143
v 0.28640047 -0.84659719 0.08860943
v 0.07588400 -0.46514571 0.29048014
v 0.24983336 -0.91499823 -0.06685461
v -0.07232963 0.68712044 -0.15157738
v 0.18509884 -0.92349619 -0.11509424
v 0.16742693 0.67785680 0.00603709
v 0.28381786 -0.89223999 -0.06025102
v 0.16663253 0.80622798 -0.05185913
v -0.14812736 0.89552796 0.06457817
v -0.17421374 0.78941089 0.00108864
v 0.19626272 0.63597739 -0.04632496
v -0.27002993 -0.90539479 0.06772641
v -0.12285180 0.89483833 0.10501520
v 0.08050057 0.65330797 -0.16811016
v 0.14515893 0.91149026 -0.00965210
v -0.29616311 -0.85635233 -0.04231026
v 0.26018295 -0.61669642 0.15092745
v -0.29822060 0.02481007 0.02682321
v -0.16068542 0.65212768 -0.09706138
v -0.25295076 -0.40965053 0.16147524
v 0.04199401 -0.90647560 -0.27271885
v -0.05368561 0.70038790 -0.16086563
v 0.17403276 -0.86491311 -0.24309739
v -0.27549827 -0.40923733 0.11684788
v -0.16360931 0.67608684 0.04244275
v 0.10036596 0.82378989 0.14287680
v 0.08817787 -0.90149248 0.26887140
v 0.21659102 -0.86966681 0.20694989
v -0.21435042 -0.76346165 -0.21073210
v -0.14591172 -0.50380152 0.26274875
v 0.13356657 -0.90044796 -0.25074607
v 0.29019123 -0.47956148 -0.07742587
v -0.25108439 -0.91740274 0.01852137
v 0.24261454 -0.87526470 -0.17287430
v -0.11934779 0.70643252 -0.12376077
v -0.25272551 -0.91568953 0.04192103
v 0.27711299 -0.89320236 0.08951283
v 0.02301040 0.68009943 0.16549416
v -0.14738677 0.89907259 -0.05977033
v 0.29477328 -0.85497552 0.05312759
v 0.18118560 0.65814853 -0.02913455
v -0.29819900 0.09591915 0.02700356
v 0.08038536 -0.18751332 -0.28914684
v -0.04238088 0.91945595 -0.12222840
v 0.28380921 -0.28587997 0.09598502
v 0.16775611 0.65398055 0.07989074
v -0.00889156 0.87461835 -0.17054586
v -0.12447050 0.90998739 0.07899585
v -0.23114510 -0.90605009 0.15266056
v -0.21774268 -0.87380451 -0.20514366
v 0.17036062 -0.90621567 -0.21708722
v -0.00974836 0.82717431 0.17384344
v 0.17348354 0.80714184 0.01371271
v -0.09724864 0.91133028 -0.10752545
v 0.15976204 0.66854072 0.06756365
v -0.19897093 -0.23488343 -0.22434834
v 0.23521639 -0.90062082 0.15969086
v 0.17132635 0.84418970 0.02959261
v -0.00679093 0.91517955 -0.13843811
v 0.22490846 -0.88659889 0.18997902
v 0.08866628 0.68615800 -0.14182183
v 0.17231037 0.66144669 -0.05311888
v 0.28357753 -0.88548470 -0.08108782
v 0.27037996 -0.90018916 -0.08805609
v 0.15316033 0.85806614 0.08162646
v 0.27321556 -0.90792453 0.02004930
v -0.14457294 0.64685547 0.12670745
v -0.01288230 -0.89765030 0.28622624
v -0.20507212 0.59959048 -0.10421673
v 0.25098720 -0.90350872 -0.12509814
v -0.02387714 -0.90840697 0.27187148
v 0.20903300 0.23999740 -0.21585095
v 0.18837094 -0.92357534 0.10206515
v 0.29259372 -0.89109904 -0.00565618
v 0.02336663 -0.90763706 -0.27331531
v -0.13473037 -0.87594521 -0.26595122
v 0.02601072 -0.90796435 0.27257836
v -0.00537130 -0.92336237 0.22409794
v 0.29639792 -0.79022151 -0.04151159
v -0.26076671 -0.57143801 -0.14966510
v 0.14303960 0.90908182 0.04000337
v -0.00440759 0.89255506 -0.16332032
v 0.15472871 -0.92124611 -0.18231072
v -0.03972362 -0.92241573 0.22914751
v 0.16209687 0.89422327 0.00372386
v -0.27054158 -0.85676271 0.12797154
v 0.15917678 -0.11813288 0.25456962
v 0.26210681 -0.73279995 -0.14731298
v 0.23625724 -0.90833592 -0.13607252
v -0.14683786 0.75223482 0.09489781
v 0.03443948 -0.91621965 0.25209379
v 0.26024494 0.47025949 0.12745620
v -0.15028648 -0.86792499 0.25982323
v 0.21898262 -0.89968359 0.18185732
v 0.14053261 -0.90912145 0.23162417
v -0.15987916 0.89666283 -0.00831177
v -0.16575515 0.68061399 -0.00460356
v -0.16492434 0.88642478 -0.02782322
v -0.24566211 0.53569096 -0.10436514
v 0.02448229 0.89064628 -0.16273730
v -0.13464089 0.17604375 0.26771852
v -0.16031639 -0.91619229 -0.19693515
v 0.27462488 -0.88007450 -0.11176041
v 0.08037601 0.72057515 0.15363137
v 0.21890073 0.08322997 -0.20554882
v 0.29722753 -0.87929636 -0.01609783
v -0.09491839 0.65548134 -0.15887029
v -0.13876465 -0.63723195 -0.26599181
v -0.05710514 -0.84570920 -0.29419279
v -0.24671379 0.56643045 -0.04734637
v 0.09279568 0.70526254 -0.14462301
v 0.22351180 -0.37297884 0.20001353
v 0.09725567 -0.88208848 -0.28018454
v -0.26073208 -0.89535844 -0.12441320
v 0.16591564 -0.88238728 0.24572253
v -0.09364038 0.89813590 -0.12962379
v 0.05939742 0.68782896 0.15561745
v 0.14480728 0.90149701 -0.06053255
v -0.11986071 -0.91189939 -0.23694870
v -0.08355654 -0.92278618 -0.21452618
v -0.13910566 0.91430616 0.01733776
v 0.00148079 0.92195922 0.12235598
v -0.20099755 -0.27874619 0.22271793
v -0.25688297 -0.91210443 -0.06570250
v -0.00046924 0.92342025 -0.11567660
v 0.06783895 -0.90626520 0.26867622
v -0.14754492 -0.53801912 0.26186734
v -0.19367543 -0.91937536 0.15057129
v -0.07380503 0.25909820 0.29089963
v -0.27333555 -0.88016522 -0.11555278
v 0.10426113 0.68800110 -0.13020143
v 0.24428010 -0.89094907 -0.16067825
v -0.01615268 -0.91398913 -0.25968474
v -0.17974034 -0.86592096 -0.23861443
v 0.11691433 0.92260021 -0.03116193
v 0.05803650 -0.89054984 0.28478593
v 0.26215580 -0.02496327 0.14739184
v -0.16587815 0.69653642 -0.03681833
v 0.18751204 -0.87884665 -0.23074703
v 0.08754490 0.65077633 0.16722138
v -0.29471442 -0.35239312 -0.05411580
v 0.13431415 0.65931964 -0.12352287
v 0.21155156 -0.88999492 0.20262979
v 0.07989430 0.90918922 0.12530640
v -0.13382323 0.89703679 0.08812077
v 0.06336125 0.89661872 -0.14803079
v 0.24193275 -0.86545575 0.17561530
v 0.28473648 -0.87572527 0.08798561
v 0.29510358 -0.88323033 0.02905045
v -0.14210843 -0.20525379 0.26457906
v 0.09416933 0.85162413 -0.14724036
v -0.29735219 -0.88355100 0.00481302
v -0.29302597 0.45775294 0.00928028
v 0.13462146 0.77491242 -0.11041699
v -0.27376196 -0.90724224 -0.02702735
v -0.25164539 -0.91292429 0.07808878
v -0.27697027 0.25464508 0.11315267
v 0.09911690 -0.77486110 -0.28253606
v -0.26096454 -0.31755048 -0.14950894
v 0.14308341 0.71370280 -0.09796823
v -0.15940012 0.70004648 -0.05579144
v -0.18789981 -0.90391350 0.20778963
v 0.15255025 0.67377627 -0.07811395
v -0.21482836 -0.91614485 0.13755189
v -0.01895116 0.65784544 0.18251330
v 0.00462353 -0.89593416 -0.28791010
v 0.16988574 0.87812161 -0.01026942
v 0.09849623 -0.90761590 -0.25515711
v 0.10703868 -0.89387494 0.26814660
v 0.21191014 0.31113926 -0.21342766
v -0.00371633 0.75707471 -0.17405275
v -0.10087204 0.75324297 -0.14226693
v -0.01028605 0.66456318 -0.17769210
v 0.10516883 0.91951948 -0.07640237
v -0.08271834 0.69921064 0.14790161
v 0.05632512 0.88254559 -0.15779172
v -0.07749926 -0.63815027 -0.28997847
v -0.26276192 -0.14507405 -0.14625998
v -0.27790871 -0.89780438 -0.07396821
v 0.24968225 -0.89637470 -0.14347224
v -0.08163671 0.70460910 -0.14999181
v -0.09029359 0.92225385 -0.08464640
v -0.12046211 0.65931517 0.13678467
v 0.28680146 0.39948115 0.08591369
v 0.15131237 0.90636516 0.01386934
v -0.14937042 -0.88806230 -0.25537023
v -0.07877520 0.91662538 -0.11055231
v -0.08065044 -0.90583801 -0.26538986
v 0.08877768 0.67959118 0.14187205
v 0.05408956 0.76308191 0.16593438
v -0.11573573 0.80642045 0.13016890
v 0.08008359 0.66909546 0.15444317
v -0.08890190 0.68638337 0.14165938
v 0.08158752 0.87980878 -0.14906903
v 0.02192207 -0.89416456 0.28815740
v 0.15781292 0.60596836 -0.16173734
v -0.22369157 -0.88691592 -0.19098525
v -0.27504578 -0.90459818 -0.04864453
v 0.07810412 0.91907161 0.10491319
v 0.17592229 0.65550023 0.05761813
v -0.12582113 0.67498183 -0.11274207
v 0.14064960 0.85491359 -0.10248988
v -0.12813674 0.63455516 0.15631589
v -0.17192553 -0.90596122 0.21653807
v -0.16084303 0.24081962 -0.25324619
v -0.11724836 0.67748272 0.12192877
v -0.13704662 -0.91631907 -0.21385282
v -0.25925121 -0.88657719 -0.14498365
v -0.14894392 0.65344423 -0.11223893
v 0.16947053 0.71242583 -0.03242235
v -0.06747970 -0.55509877 0.29242641
v 0.03789534 -0.91564798 -0.25343558
v 0.15116811 0.79677725 -0.08714399
v -0.25480241 -0.85654831 -0.15863495
v -0.18258220 0.64819616 -0.05663731
v 0.12470111 -0.89017916 0.26410988
v -0.02303998 0.92089391 -0.12384257
v 0.14517474 -0.86936939 0.26224869
v -0.09221917 -0.91369957 -0.24277647
v 0.22105451 0.54262203 0.14486593
v -0.11693152 0.85956693 -0.12818037
v -0.13576353 -0.91021156 0.23221552
v -0.06547039 -0.30853903 -0.29266450
v -0.18526351 0.52483290 -0.19977482
v 0.21621788 0.61316478 0.03927032
v -0.20911252 -0.87316620 0.21408631
v -0.12383872 0.92022824 0.02988497
v 0.11567505 -0.89796495 -0.26211688
v -0.25711223 -0.88286173 0.15099536
v -0.14212637 -0.92138225 0.19067313
v 0.02036193 -0.16797240 0.29904431
v -0.13551119 0.68841368 0.09843271
v -0.11342940 0.92255712 -0.04486959
v 0.16366804 0.77007407 0.06011526
v 0.09590960 0.88941240 -0.13388737
v 0.04558364 0.84829503 -0.16816278
v -0.14362100 0.67142355 -0.09371557
v -0.05561822 0.90628666 -0.14220212
v 0.16514163 0.88639867 -0.02748946
v 0.12515050 0.90967900 0.07960035
v -0.24185418 0.46751887 -0.16052990
v -0.20251061 0.16533314 0.22145592
v 0.05957249 0.69521832 -0.15600760
v -0.23261006 -0.91630858 -0.10164444
v -0.13790953 0.71224576 -0.10438751
v -0.16586566 0.67402303 -0.03985876
v 0.00435073 -0.89598292 0.28785950
v -0.27893826 0.44558543 0.09508342
v 0.19271776 -0.92365623 -0.07792334
v 0.16805725 0.86934364 -0.03991619
v -0.19758786 -0.79681534 0.22543132
v -0.19060925 -0.88094264 0.22725569
v -0.24723662 -0.88469356 -0.16324808
v 0.06544516 0.66422093 -0.16503617
v 0.16251476 0.67935622 -0.03993889
v -0.25221607 -0.89843094 0.13459840
v 0.23351228 0.55817515 0.10456762
v -0.19934843 -0.41554636 -0.22408637
v -0.22816691 -0.85673499 0.19403160
v -0.26463065 0.50517088 0.09066994
v 0.26037022 -0.91397768 -0.00545836
v 0.14388478 0.69350076 0.08628032
v 0.28276241 0.28952771 0.09880910
v -0.16762538 0.65488631 0.07836649
v 0.00453358 0.91180068 0.14485967
v 0.12766986 0.02528611 -0.27073064
v -0.26858822 -0.89440840 -0.10528836
v 0.15585101 -0.91781592 0.19510682
v 0.27393541 -0.90737784 -0.02307939
v -0.01492289 -0.85544229 0.29942101
v 0.27333236 0.48942170 0.08133914
v -0.14217722 -0.92235857 -0.18427382
v -0.17139354 -0.89799565 -0.22874574
v 0.05855928 0.05054469 0.29406962
v 0.05023326 0.90745878 -0.14216875
v 0.03936289 0.88287759 0.16372035
v 0.22270173 -0.92144513 -0.08288325
v 0.16465312 0.88880831 0.02393939
v -0.15476851 -0.56852686 0.25772682
v -0.18679395 -0.92138648 -0.14898345
v 0.15642798 -0.91049522 0.21796596
v 0.09557641 0.70131195 0.14064321
v 0.08383671 0.61379457 0.20223361
v -0.18381470 0.64611769 0.05862371
v 0.28943485 -0.82143283 -0.07881513
v 0.07935495 0.89605147 0.14002086
v -0.16346370 0.66849756 0.05862780
v -0.18396501 -0.88488436 -0.22947365
v 0.15834865 0.27993476 0.25513056
v 0.14913513 0.71694595 0.08955327
v 0.26001465 -0.52985096 0.15120666
v -0.06876884 0.75230026 0.15955345
v -0.15240370 0.90160072 0.03714071
v -0.01657879 -0.88719493 -0.29557204
v -0.27993006 -0.88076729 -0.09881698
v -0.14481391 0.67312616 0.08931413
v 0.14037333 0.68285692 -0.08923894
v 0.28953591 -0.72706413 -0.07924782
v 0.28604499 -0.89624810 0.02298121
v 0.06367850 -0.31775692 0.29306597
v 0.24982981 -0.90796304 0.11046761
v -0.06342660 0.88905388 0.15251118
v -0.03151263 0.76065367 0.17095833
v 0.23164307 -0.89127421 0.17558421
v 0.28978685 -0.17922980 0.07853121
v 0.15512320 0.89327717 -0.04684141
v 0.27336544 -0.90614486 0.04172971
v 0.13598384 -0.90834397 -0.23613158
v 0.23679949 -0.85731113 -0.18255486
v 0.06016593 -0.90903807 -0.26438230
v -0.01589256 0.90092736 0.15599573
v -0.11205492 0.69646502 0.12692958
v 0.20090617 -0.90395027 0.19579664
v -0.22633021 -0.03439493 -0.19640547
v 0.12065566 -0.40456611 -0.27386293
v 0.00614268 -0.85699105 -0.30002990
v 0.10121833 0.65321124 -0.15696175
v -0.27521637 -0.90529752 0.04137392
v -0.13925868 0.90990680 0.04729401
v 0.27531907 0.51783574 0.00203282
v 0.20567802 -0.89467394 -0.20463870
v 0.07035850 -0.20392047 0.29170623
v -0.16488749 0.68625885 0.02683989
v -0.10383359 -0.78765595 -0.28068459
v 0.25627434 -0.78384054 0.15679976
v 0.12020452 0.65291286 0.14352815
v 0.11291065 0.70885456 0.13048877
v -0.27944696 -0.89003605 0.08794823
v -0.20784591 0.35086244 0.21709897
v -0.11806606 0.69018376 -0.11900666
v -0.15244046 0.90217626 -0.03558184
v 0.28705499 -0.34600487 0.08711990
v 0.14940214 0.88871038 -0.07308295
v 0.14961500 -0.91219968 -0.21785094
v -0.14072169 0.69019210 -0.09069119
v -0.23468053 -0.91703230 0.09259776
v 0.16309434 0.68775123 0.03899996
v -0.21740785 -0.53434056 -0.20732069
v 0.15447411 0.83589828 -0.07989267
v -0.12106213 0.92235798 -0.00147882
v 0.14657997 -0.44659978 -0.26247922
v 0.04096518 0.89914107 -0.15309307
v -0.29952338 -0.82933825 0.01456020
v -0.05647913 0.81740731 0.16516255
v -0.17434570 0.66533989 0.03490397
v 0.18992895 -0.90709543 -0.19868632
v -0.17254481 0.85680461 0.01899086
v -0.12606019 0.74601316 0.12041190
v -0.13498513 -0.90029001 -0.25049236
v 0.29862508 -0.15836510 -0.02374276
v 0.12920985 0.89174163 0.10104084
v 0.20883803 -0.75988996 -0.21592063
v 0.09335806 0.66946858 -0.14644444
v 0.05996546 0.76131642 -0.16367036
v -0.28295511 0.47625321 -0.05360603
v 0.08287061 0.79690182 0.15306267
v 0.13430206 0.91476804 -0.03284442
v 0.12177762 0.91678929 0.06054206
v 0.10555870 0.62116551 -0.18572247
v 0.09304684 0.55858517 -0.23804884
v 0.25513342 -0.90609682 -0.10666969
v -0.05013905 0.90564507 0.14553127
v 0.12843926 0.74150831 0.11786336
v -0.23719895 -0.89880431 -0.15901324
v -0.29118174 -0.87903136 -0.05793922
v 0.12094859 0.33717740 0.27371946
v -0.14132458 -0.81918335 0.26476759
v -0.22029096 -0.84551173 -0.20398305
v 0.04263217 0.35705519 -0.29632157
v -0.20601347 -0.75628042 0.21839474
v 0.18250507 0.61978298 0.11279803
v -0.00750189 0.29504409 -0.30024505
v -0.05629341 -0.90901798 -0.26515505
v 0.09701681 0.27324924 -0.28345692
v 0.20779425 -0.90894306 0.17336532
v 0.21128573 -0.91866535 -0.12878728
v 0.08167140 0.92282271 0.08638281
v -0.06378644 -0.87961739 -0.28973249
v -0.15045246 0.46176711 -0.25079378
v 0.04476296 0.73540169 0.16865462
v 0.16052385 0.86489117 -0.06377154
v 0.27877411 -0.90492159 -0.00625333
v -0.06334899 0.92340302 -0.09638388
v 0.10461147 0.85859442 0.13861787
v -0.16308482 -0.92234010 0.16734067
v 0.27244857 -0.90353417 -0.06958535
v 0.06712901 0.86117178 -0.15934695
v -0.16859044 0.86301082 -0.03961352
v 0.00525792 0.55389279 -0.25867498
v -0.21084307 0.19269586 -0.21438843
v -0.14842297 -0.17033866 -0.26158497
v 0.09921941 -0.84302193 0.28253469
v -0.14426041 0.08244696 -0.26359338
v -0.03038574 -0.20609461 -0.29783654
v -0.05904156 0.92255205 0.10669933
v 0.06961525 0.79175615 -0.15917026
v 0.11901045 0.83600032 -0.12732451
v -0.21215811 0.61673319 0.04649761
v -0.13513266 0.87566006 0.10492877
v -0.08290028 0.65070170 0.16938961
v 0.05736726 -0.91875577 0.24054007
v 0.02479009 0.78327620 0.17213006
v 0.21663533 -0.90610480 -0.17191431
v 0.00016278 0.68236637 -0.16582981
v -0.30033559 -0.17215914 0.00365099
v 0.01702513 0.66586232 -0.17657454
v -0.08760864 0.92392403 0.05818133
v -0.02432607 0.85552424 0.17194499
v -0.00426308 0.62856674 0.20702070
v 0.09293851 0.91032624 -0.11318292
v 0.16775291 0.81192756 0.04678289
v -0.25984603 0.55199444 0.00242412
v 0.15365820 0.68933415 0.06481341
v 0.12947178 0.46944970 0.25956333
v -0.16335601 0.84187961 -0.06087832
v -0.08365042 0.88820738 0.14263548
v -0.06467249 -0.47553536 -0.29292116
v -0.08836705 0.87595868 -0.14695039
v 0.23202446 -0.90454727 -0.15470129
v 0.22319731 -0.64857060 0.20039690
v 0.07252993 0.43715891 -0.28707746
v 0.17945915 -0.90622139 0.21012966
v 0.00778497 -0.88190335 -0.29747736
v 0.10628858 -0.90655524 0.25463864
v 0.12931412 -0.91811228 0.21193367
v -0.29923725 0.27862927 -0.01758153
v 0.14959243 0.69933254 -0.07832471
v 0.29038492 -0.05876028 -0.07642465
v -0.15292287 0.86083502 0.08155000
v -0.08062734 -0.92166799 0.22243246
v 0.15019961 -0.55743551 0.26058739
v 0.22057328 -0.60034680 0.20357141
v -0.23316292 -0.91405809 0.11629860
v 0.10873318 0.67523324 0.12859160
v 0.14943053 -0.67286551 -0.26089653
v -0.16606395 0.73277408 -0.05393142
v -0.20102656 0.47015342 0.20985405
v -0.05627267 0.18366563 -0.29436374
v -0.16673549 0.65673369 -0.07659809
v -0.03253500 0.67648941 0.16628440
v 0.27788335 -0.87496793 0.10801053
v -0.01178933 -0.59288406 0.29984999
v -0.06367368 -0.78807557 0.29302013
v -0.16674954 0.66593874 -0.05776996
v -0.00583835 0.47413284 -0.28922012
v 0.22667757 0.17006314 0.19602506
v 0.10729939 0.79475087 0.13712831
v -0.22516912 -0.80160326 -0.19791666
v -0.29176116 -0.56125331 0.07056960
v 0.15010966 0.90525562 -0.03175810
v 0.10030697 -0.87780917 0.28017405
v 0.15341310 0.32842511 -0.25872809
v -0.01524244 -0.81034976 0.29947686
v -0.26835620 0.50498295 -0.07976166
v 0.13443691 0.89742279 -0.08623790
v -0.17529620 -0.91412723 0.19308209
v -0.04726265 -0.91511774 0.25322467
v -0.00033026 -0.09139750 -0.30045342
v 0.13360003 0.91700029 0.01877004
v 0.14655766 0.78822470 0.09527021
v 0.14968672 -0.59431553 0.26084498
v 0.30039147 0.14724529 -0.00245784
v 0.01798017 0.87591308 0.16964014
v 0.28541961 -0.89882135 0.00513169
v -0.14451279 0.89054567 -0.07894131
v 0.12739411 0.67568332 0.10983317
v -0.15405492 -0.02267200 -0.25813136
v -0.10579438 -0.90628141 -0.25533849
v 0.03462463 0.62887734 0.20423788
v 0.22196554 -0.21350951 0.20190510
v -0.16866206 -0.88688505 -0.24207766
v -0.15950264 0.87945652 -0.05607111
v 0.21845010 -0.32277235 -0.20610251
v -0.29243040 -0.87802434 0.05212388
v -0.13424295 0.78036571 0.11090532
v -0.25773641 -0.58964568 0.15470703
v 0.15378705 -0.78796422 -0.25826508
v -0.04127149 0.57061207 -0.24543986
v 0.07800114 0.67450446 -0.15221617
v 0.12694731 0.91974819 -0.01175345
v -0.29463658 -0.54616511 -0.05505132
v 0.05461837 0.08174407 -0.29465032
v 0.15393972 0.89950919 0.03635266
v -0.14790618 0.75183553 -0.09321010
v 0.20327951 -0.14621489 0.22081418
v -0.10979239 0.36002269 -0.27838564
v -0.18902625 0.51494825 0.20169927
v 0.24116750 0.57291377 -0.05714470
v 0.20028161 -0.88102192 -0.21855262
v 0.15681535 -0.40162686 0.25627682
v -0.28762132 -0.50662351 -0.08544392
v 0.00464928 0.68167639 0.16573611
v -0.15265514 0.05473170 0.25901586
v 0.22566149 -0.11724653 0.19729796
v 0.02303349 0.51203835 -0.27599460
v 0.05148914 -0.90891486 0.26613966
v 0.27666786 -0.90446639 -0.03977096
v 0.18034284 -0.91671842 -0.17808405
v 0.11798742 0.69111216 0.11908803
v 0.04171363 -0.85632020 -0.29625115
v 0.19642709 0.62556767 0.07220367
v -0.14810127 -0.06874294 0.26174444
v -0.15750693 0.80383265 -0.07314113
v 0.12283470 0.67002040 0.12303513
v -0.20254382 0.63081950 -0.03534656
v 0.14043884 -0.14732718 -0.26532090
v -0.02794604 0.68189055 -0.16437115
v -0.17298448 -0.87111950 0.24311730
v 0.23471437 -0.91935366 0.07134104
v -0.14904104 0.68584263 -0.07757365
v 0.01366405 -0.73311198 0.29966933
v -0.21647459 -0.55676836 0.20857905
v -0.05001369 0.67678452 -0.16101870
v -0.10274115 0.92264533 -0.06579254
v 0.16899338 -0.91370606 -0.19947244
v 0.03275140 -0.87919939 -0.29583299
v -0.13565201 0.88357466 -0.09881925
v 0.06044717 0.64470476 0.18428737
v -0.03307208 0.91014332 -0.14384845
v -0.15764958 -0.56323063 -0.25571540
v 0.20051396 -0.86976904 0.22255334
v 0.15612325 -0.58171922 -0.25679126
v 0.10326639 0.21393067 -0.28095108
v 0.19999753 0.48121738 -0.20733090
v 0.16474627 0.68249053 0.02314223
v 0.29674885 -0.07665531 0.03968754
v 0.05958524 0.90205449 0.14572233
v 0.29247308 -0.37609124 -0.06770356
v -0.12894167 0.90732998 -0.08017507
v -0.28954008 -0.29827747 -0.07932808
v 0.06733089 0.18749282 -0.29244229
v -0.14533837 0.82867974 -0.09716737
v 0.24707204 0.44865125 0.15987095
v -0.21693946 -0.90256602 0.17971340
v -0.14887112 -0.91454703 0.21256967
v 0.16604893 0.68490434 -0.00522493
v 0.14671546 0.87537497 -0.08912918
v 0.04016909 0.69613081 -0.16445570
v 0.17152052 0.65142316 -0.07668424
v -0.04128300 0.73047334 0.16917849
v -0.23721224 -0.90822643 0.13500462
v 0.21787579 -0.91205233 -0.15016474
v -0.21683460 -0.88776058 0.19792841
v 0.28432164 -0.07058293 0.09477911
v 0.14707015 0.75217873 0.09451593
v 0.25792918 -0.60717654 -0.15462001
v 0.12536153 -0.09673214 0.27182755
v -0.15043713 0.00912563 0.26036856
v 0.29113263 0.20080377 0.07367966
v -0.22260186 -0.92344147 -0.00691741
v -0.15780684 0.87809730 0.06258325
v -0.08184914 -0.42223924 0.28860450
v 0.18854015 -0.15092707 -0.23236758
v 0.17111081 0.62969047 -0.11522644
v -0.25727141 -0.22968158 -0.15540338
v 0.11259094 -0.22671072 0.27719334
v -0.20189478 -0.69122761 -0.22198069
v 0.20144640 -0.01143914 0.22235420
v 0.13384251 0.73469061 -0.11159518
v -0.21921276 -0.48931870 -0.20519656
v -0.11726122 0.67240357 -0.12507570
v -0.03366354 -0.90684271 -0.27358994
v -0.29968268 -0.75276035 -0.01412986
v 0.01105183 -0.61108667 -0.29993495
v 0.07886793 0.91028154 -0.12457959
v -0.19220816 -0.85810363 0.22946732
v -0.19863625 0.05501708 0.22461642
v -0.28641152 -0.89256454 -0.04163760
v -0.16522874 0.87641555 0.04343391
v -0.07855964 -0.22472706 0.28965515
v -0.26728401 -0.87500119 -0.13257255
v 0.18727927 0.65269077 0.00407016
v 0.14948115 -0.71309638 -0.26091129
v 0.02024069 0.44924808 0.29345796
v -0.02019803 0.84857011 -0.17269681
v -0.14062546 0.85115033 0.10263027
v -0.14440951 0.63026023 -0.14705651
v 0.17221291 -0.28587550 0.24471982
v -0.29975283 -0.85819721 -0.00944105
v -0.18966538 0.55912882 -0.17217332
v 0.29147515 -0.88099319 0.04924949
v 0.14501680 -0.03401381 0.26329911
v -0.06963229 -0.89763504 -0.27899230
v -0.12011901 0.42197835 -0.27197489
v -0.16191681 -0.06123073 -0.25247365
v -0.05334608 0.51855987 0.26913920
v 0.17404421 0.84530920 -0.00656340
v -0.15207215 0.78868467 0.08518461
v -0.22004555 -0.14775194 0.20418562
v 0.10594252 0.66961819 -0.13707186
v -0.29993314 0.22128458 0.01009380
v -0.12044831 -0.39435101 0.27391967
v 0.22579795 0.06436563 0.19708337
v -0.28072464 -0.89891797 0.05282993
v -0.22063227 0.31432429 -0.20349897
v -0.26216221 0.37124079 0.14714885
v -0.15131094 -0.49324447 -0.25987095
v -0.19278328 -0.92278516 0.12249153
v 0.02883440 -0.87972611 0.29607725
v 0.07584243 0.69522327 -0.14994389
v -0.25741538 -0.81011099 -0.15513693
v -0.08556511 0.91753137 0.10265402
v -0.22424893 -0.34887114 -0.19909060
v 0.23058677 -0.89467347 -0.17358179
v 0.20571877 0.03930604 0.21874787
v -0.09837475 0.81029522 -0.14428268
v -0.24574481 -0.89503050 0.15252985
v 0.19897082 -0.73279983 0.22434841
v 0.28912547 -0.87844288 0.06931659
v 0.14851202 -0.86343896 -0.26113200
v 0.08078710 -0.07483773 0.28897247
v 0.22162361 0.17482106 -0.20232625
v -0.19782040 -0.91136062 -0.17919809
v 0.09630225 -0.47957087 -0.28366452
v -0.10535882 -0.92367148 -0.17129365
v -0.20466401 -0.91317177 -0.16267210
v -0.08040796 0.67099059 -0.15300934
v 0.13194108 0.69692534 -0.10584633
v -0.21097222 0.62388784 0.00090105
v 0.15858720 0.70114136 -0.05872658
v 0.05861671 0.70638293 0.16055565
v 0.20299917 0.39977527 0.22041413
v -0.27776468 -0.87527537 0.10854582
v 0.11832360 0.69726443 -0.12099919
v -0.25476584 0.28296170 -0.15887506
v 0.28988039 0.44140306 -0.05519468
v 0.04527251 0.72047162 -0.16771185
v 0.14523953 0.90213841 0.05934609
v 0.25982633 -0.14794718 -0.15155977
v 0.28453946 -0.86273694 -0.09298404
v -0.25435489 -0.90625519 -0.10762999
v 0.15042427 0.16967130 0.26036188
v 0.22368658 -0.16728932 0.19979672
v -0.11962064 0.54430109 -0.23492901
v 0.30020756 0.20156533 0.00854637
v 0.01064973 -0.25883457 -0.29989669
v 0.22395435 0.03643840 -0.19945517
v -0.12686117 0.91420668 -0.06107606
v 0.14713515 0.09288023 0.26209876
v 0.09841872 -0.89606953 -0.27008259
v -0.26061583 0.23320575 -0.15003829
v 0.03729004 0.66194743 0.17652915
v 0.20409590 0.51668668 0.18512604
v 0.22001332 0.21452868 0.20423053
v -0.28266728 -0.89180005 0.06914168
v 0.06869425 0.53273439 0.26035908
v 0.10470562 0.87139899 -0.13643011
v -0.00870544 -0.15519670 -0.30008203
v 0.07782871 0.92403090 -0.06447280
v 0.24608710 -0.88328677 0.16556080
v -0.15991955 -0.86716717 -0.25334239
v -0.29354981 -0.70756459 0.06106411
v -0.08995179 -0.88427496 0.28228369
v -0.20363194 -0.88894969 -0.21035297
v 0.23979038 -0.90810114 0.13223706
v -0.14442158 -0.89441812 0.25168765
v -0.15986517 -0.88945609 0.24607517
v 0.26019979 -0.89597505 0.12443306
v 0.22888473 -0.86916149 0.19215949
v -0.21736893 0.49311116 0.18130581
v 0.14118405 0.67229420 0.09693961
v -0.28471634 0.39120874 0.09280302
v 0.11077605 0.71550179 -0.13334413
v -0.22912930 -0.92232865 -0.04435930
v 0.09565675 -0.61924309 0.28396893
v 0.28733945 -0.32433313 -0.08618218
v -0.18996166 0.62784654 -0.08312110
v 0.17244184 0.76987505 0.02292011
v 0.26051912 0.12916377 -0.15041092
v 0.13019720 0.68876666 0.10498130
v -0.08285765 0.72912741 -0.15301898
v 0.24955833 -0.91736829 -0.03302988
v 0.15074040 -0.72818971 0.26021272
v -0.20516481 -0.68130296 0.21921684
v 0.19883460 -0.35608849 -0.22443771
v 0.20373675 -0.24694888 -0.22047254
v -0.08361537 0.09205745 -0.28816023
v 0.07840709 -0.13864739 0.28964001
v -0.21464342 -0.90474957 -0.17767766
v 0.30010128 -0.85689968 -0.00107025
v 0.11581393 -0.90880990 -0.24538615
v -0.09824628 0.67017013 0.14219593
v 0.05657690 0.92256278 0.10738915
v 0.10764523 -0.92327136 -0.19718818
v -0.05404000 0.73016369 -0.16589856
v 0.07255805 -0.39575678 -0.29126754
v -0.00809124 0.38863990 -0.29995152
v 0.06635385 0.92324185 -0.09812439
v -0.15128042 -0.30864874 -0.25992963
v -0.04954835 0.67502338 0.16258143
v -0.15115272 0.33227178 -0.25992692
v -0.15125643 0.71215379 -0.08330486
v 0.00432833 0.19582927 0.30026308
v 0.10296362 -0.30597687 0.28105751
v 0.27737173 0.44627297 0.09848969
v -0.05831787 -0.50360507 0.29412895
v -0.27403823 -0.90761292 0.01880759
v 0.11113726 0.92369878 0.02613079
v -0.12586129 0.74328089 -0.12070853
v -0.19875337 -0.89317489 0.21176295
v 0.29216993 -0.11776552 -0.06859256
v -0.06592453 -0.33038029 0.29264942
v 0.26404133 0.53531718 -0.03971746
v 0.12956163 0.81607896 0.11647258
v 0.26153958 -0.51605582 -0.14852473
v 0.10466014 0.68895346 0.13099475
v -0.20263179 -0.18403512 0.22135857
v 0.09391563 -0.81435770 -0.28445488
v -0.19904822 -0.92359245 -0.07623645
v 0.20623270 0.25095576 0.21829911
v 0.11306589 0.92170459 -0.05650019
v 0.04567814 0.85544837 0.16786508
v 0.06814372 0.71881324 -0.15887453
v -0.16226196 -0.24221832 0.25219494
v 0.20041546 -0.53906327 -0.22317669
v 0.02801896 0.92310339 -0.11575183
v -0.25318182 -0.91565901 -0.03689818
v -0.02463259 0.88799912 -0.16480300
v 0.22162454 -0.85624778 -0.20235299
v -0.03056536 0.88837457 0.16292617
v -0.21638465 0.06334818 -0.20861675
v 0.29938200 -0.77430117 0.01721618
v 0.14084040 0.86868185 0.09993071
v 0.05779048 0.91378963 -0.12832659
v -0.11284731 -0.78452486 0.27707213
v 0.05762568 0.63122243 -0.19695483
v 0.11718658 0.62812078 0.17119564
v 0.25563782 0.45076740 -0.14711876
v -0.10015856 -0.73032343 -0.28224516
v -0.11091431 -0.88147098 0.27468857
v 0.10194072 0.66778183 0.14243379
v 0.10007218 0.18970117 0.28221232
v 0.02312242 0.91448742 0.13793336
v 0.30050829 -0.49216890 0.00068236
v -0.08695016 -0.75282824 0.28698575
v -0.25842446 0.28219894 0.15373804
v 0.20944937 -0.03471021 -0.21581636
v -0.11865094 0.45791954 0.26679823
v 0.19735429 -0.85718608 -0.22561368
v -0.26098198 -0.32223690 0.14954135
v -0.10577757 0.87783116 -0.13346122
v 0.14241499 -0.14491349 0.26438606
v 0.12410342 -0.79035729 0.27224961
v 0.19699183 -0.91169327 -0.17858350
v 0.00764230 -0.49033165 0.30022520
v 0.28148869 -0.89768004 0.05138064
v -0.23665686 -0.86542082 -0.18251234
v 0.18579566 -0.88756216 0.22689238
v 0.22362201 0.27567050 -0.19986789
v -0.16560569 -0.83505934 0.24968427
v 0.29366818 0.45564345 0.00425583
v 0.25572810 -0.87875080 -0.15424606
v 0.16709657 -0.85741544 0.24849589
v 0.13988519 0.04407323 0.26546243
v 0.21993659 -0.68096608 -0.20431405
v -0.09245126 0.80647445 0.14834595
v -0.28796780 -0.89263690 0.03153734
v -0.00795830 0.88090092 0.16943642
v -0.11008922 -0.33046928 0.27821180
v -0.07055651 -0.59595710 0.29181159
v 0.26686355 -0.90848893 -0.05165360
v 0.30015996 0.08357517 0.00781484
v -0.29101455 -0.09879920 0.07392550
v 0.21895911 0.36714923 0.20550330
v 0.11570642 0.89113164 0.11590144
v -0.05587885 -0.11781637 -0.29440334
v 0.17165989 0.72983247 0.02752246
v -0.06465621 -0.90563059 0.27051190
v 0.09804091 0.92257828 0.06997082
v -0.20273922 -0.80272579 -0.22126628
v -0.15896782 -0.40193474 0.25471997
v -0.04622628 0.87580705 0.16444853
v 0.11574787 0.90684742 0.09825969
v -0.22179942 -0.15171732 -0.20211232
v 0.15210955 0.16708463 -0.25940108
v -0.12230657 0.82948554 -0.12428849
v -0.01444780 0.34729213 0.29963747
v -0.26120988 0.05550110 0.14915439
v -0.06476960 0.04928091 -0.29290986
v -0.12913208 -0.24558702 0.27017215
v 0.25812414 0.55194676 0.02438360
v 0.01372087 0.91473460 -0.13857904
v 0.08231740 0.69750941 0.14736730
v 0.26432705 -0.88146210 0.13686764
v 0.06136328 -0.64349210 0.29349071
v -0.12236566 0.89794260 -0.10207701
v -0.05821245 -0.66871262 0.29411456
v -0.25880909 -0.18271095 0.15309858
v -0.25472358 -0.90782899 0.09907398
v 0.20242855 0.29548031 0.22153039
v -0.14477439 0.78637773 -0.09781538
v -0.11651722 0.92058623 0.05535425
v -0.21053599 -0.41745722 0.21463287
v -0.25986338 0.33271185 -0.15150318
v -0.17157969 0.87024045 -0.00927280
v -0.15628977 -0.67336315 0.25663799
v -0.10575595 0.62037063 0.18605161
v 0.21108703 -0.42239320 0.21431643
v -0.30053765 -0.10975473 0.00085565
v 0.15907943 0.89698893 -0.01354712
v 0.24938147 -0.91236871 -0.08793031
v 0.02416034 0.81578785 0.17224284
v -0.23064630 -0.92005295 -0.07547898
v 0.09320678 0.01748529 0.28491041
v -0.22380380 -0.90639675 -0.16171378
v -0.28752252 -0.86824709 0.08307963
v 0.10321276 -0.91640830 0.23197623
v 0.20714550 0.09259926 0.21772018
v -0.04788703 -0.92357099 -0.21075073
v 0.26153958 -0.15650751 0.14852473
v -0.08466291 -0.86007386 0.28740162
v 0.11644663 0.67331886 -0.12519781
v -0.08077521 -0.27972761 0.28901359
v 0.28322798 0.48824295 -0.02823475
v -0.20152053 -0.12262017 -0.22228953
v 0.01695080 -0.22608998 0.29938740
v -0.09483778 -0.26595369 -0.28433016
v -0.28397113 0.18063760 0.09574199
v 0.28437680 0.20459057 -0.09445050
v -0.18120968 -0.71730459 0.23788559
v -0.22587779 -0.91130114 -0.13947937
v -0.06056900 0.48598230 -0.27971706
v -0.12061614 0.87580824 0.12062312
v -0.22434664 -0.19842157 0.19895549
v -0.02721019 0.23250028 0.29817846
v -0.20853704 0.44110134 -0.21027833
v 0.05787589 0.91628951 0.12384988
v -0.26132202 -0.40558359 -0.14889106
v 0.04265995 -0.30847329 -0.29629573
v -0.19944726 -0.33651495 0.22396362
v -0.06701312 0.29218397 -0.29238400
v -0.29150826 -0.78473550 -0.07122793
v -0.27770063 -0.79808789 -0.11134946
v -0.18538445 0.59184504 -0.14484426
v 0.22154707 0.32275075 0.20241295
v 0.28911409 -0.75498885 0.08052929
v -0.06019896 0.91687322 -0.12175361
v -0.17706612 0.58426595 0.16365163
v -0.00570680 -0.39265347 0.30038023
v -0.28165302 0.47634205 0.06295511
v 0.30036271 -0.26973188 0.00404285
v -0.11229867 -0.85910380 0.27724317
v -0.26090544 -0.48362777 -0.14977352
v -0.14933006 -0.90380937 -0.23835236
v 0.20645867 -0.92240512 -0.10348454
v -0.11236509 -0.91561210 0.23086198
v -0.22119604 0.07443347 0.20283572
v -0.14920531 -0.75065255 0.26108661
v -0.22370866 -0.25345799 0.19975761
v 0.14870867 0.20795751 0.26131356
v 0.09584095 0.91685539 0.09468371
v 0.07359955 -0.58117199 -0.29100579
v 0.25134817 -0.89313692 0.14749826
v -0.08556402 0.16482592 0.28742576
v -0.29902354 -0.23462835 0.02040566
v 0.15459944 0.00662937 0.25786367
v -0.21103789 0.27573639 -0.21426755
v 0.05269461 0.92411053 0.08596496
v -0.29618382 -0.59831017 -0.04390399
v 0.00964581 0.65841484 0.18242654
v 0.04197042 -0.89372200 -0.28564790
v -0.28971711 0.11621755 -0.07883855
v -0.10509345 0.68401945 -0.12984312
v 0.12173308 0.58826864 -0.20499335
v 0.12863003 0.77859443 0.11745685
v 0.10728450 0.88159621 0.13067716
v -0.28854707 0.11888085 0.08238283
v 0.25875598 0.53578418 0.06925610
v -0.14772242 -0.43746158 0.26188824
v -0.14757784 -0.24148279 -0.26200113
v 0.20102577 -0.38052034 0.22269276
v 0.29169831 -0.27663377 -0.07154057
v 0.09839043 0.89848214 0.12536514
v 0.21372692 -0.27637127 0.21149465
v -0.17819940 0.66038948 -0.03596499
v 0.29480299 0.13545218 0.05341623
v 0.14685133 0.36661556 -0.26241902
v 0.10420408 0.51198107 0.25633678
v -0.29644296 0.21762648 -0.04176426
v 0.13946076 0.89503467 0.08109068
v -0.15571447 -0.78548408 0.25702181
v 0.26004085 0.15664196 0.15104957
v 0.16914505 0.83895898 -0.04156409
v -0.19494720 -0.91468537 0.17101236
v -0.20170417 -0.28569630 -0.22213899
v 0.20680308 -0.71844828 -0.21785291
v -0.09812754 0.74155158 0.14455280
v 0.10251343 0.90805542 0.10998981
v 0.28419054 -0.44068238 0.09520756
v 0.15928116 -0.00043001 -0.25451297
v -0.13558292 0.90772492 0.06610582
v -0.21958151 0.02712478 0.20477718
v -0.23874874 0.58448625 0.02692739
v 0.02366204 0.68112868 -0.16498414
v -0.11243834 0.62697154 -0.17569557
v 0.13582344 -0.91941655 -0.20391536
v -0.15193249 0.66971266 -0.08446178
v 0.15154366 -0.75986552 0.25974962
v -0.25493693 0.54549593 0.06538635
v 0.08088981 0.84834909 0.15392530
v -0.27318925 0.28689507 -0.12216859
v -0.17313652 0.72447646 -0.01442788
v -0.06439272 -0.36680508 -0.29296494
v -0.24319132 -0.87429494 0.17244931
v -0.17257461 0.83665037 -0.02168401
v -0.15508282 -0.32499287 0.25746834
v -0.15642931 0.05086535 -0.25657871
v -0.16996501 0.62529904 -0.12270527
v 0.26061243 0.01875346 0.15016142
v 0.28262383 0.31945243 -0.09903599
v 0.29029053 0.37923649 -0.07652143
v -0.30030096 -0.40509009 -0.00758283
v 0.22075450 -0.92343128 -0.02346686
v -0.12044822 0.08373444 0.27391970
v 0.29869595 -0.69339108 -0.02302985
v -0.09722251 0.78458935 -0.14521888
v -0.15362594 0.55871421 -0.20424823
v -0.16081434 0.42178756 -0.25097579
v 0.29302600 0.05908155 0.06483667
v -0.17793745 -0.91783339 -0.17518634
v -0.06922285 -0.37766948 0.29212272
v 0.07956877 -0.89039159 0.28136551
v 0.22779383 -0.87886864 -0.19080827
v -0.12098715 0.25669655 0.27370635
v -0.15324575 0.71171367 0.07811128
v -0.26017806 -0.27719200 -0.15090026
v 0.19016452 0.48385662 0.21420290
v -0.22078204 0.11220928 -0.20332724
v -0.07516511 0.53167957 -0.25916809
v -0.26955900 -0.84535676 -0.13053322
v 0.13591625 0.67406648 -0.10297137
v -0.04052466 -0.44804209 0.29654837
v -0.22160703 -0.25802079 -0.20234114
v 0.08227088 -0.79158580 0.28842095
v 0.15865219 -0.79738671 0.25487405
v 0.28489935 0.09651639 0.09327447
v -0.15092543 -0.13379066 -0.26015002
v 0.08481093 -0.13362312 -0.28765637
v -0.28791016 0.00558221 0.08443496
v -0.02301997 0.44183129 0.29429486
v -0.04221553 0.89433974 -0.15582626
v 0.20183899 -0.47644505 0.22202098
v 0.11540408 -0.87901819 -0.27378556
v -0.02799593 -0.41970202 -0.29808739
v -0.02499585 -0.25483108 0.29848894
v 0.19920631 -0.53009605 0.22415848
v -0.29644933 -0.29467314 0.04122126
v -0.29365867 0.41835028 0.05012435
v -0.21929176 -0.10651719 0.20505954
v 0.09767216 -0.66927046 -0.28321841
v -0.27799967 -0.58987951 0.11072414
v -0.22554246 -0.66995138 -0.19742447
v -0.08007695 0.54875773 0.24859671
v -0.15492138 -0.67397892 -0.25755715
v -0.27486864 0.51189655 0.03218308
v -0.14210832 0.13159725 0.26457909
v 0.22323196 -0.92272717 -0.05550520
v 0.17291558 0.80725873 -0.01836844
v -0.01189771 -0.31437919 -0.29982504
v 0.28902704 -0.68017381 -0.08083739
v -0.08829536 -0.82115078 0.28645033
v 0.20872898 -0.91988164 0.12571348
v -0.20025913 -0.17933199 -0.22331803
v 0.20247754 0.38419113 -0.22134966
v 0.04091502 0.67737949 -0.16339454
v -0.26002195 -0.67783171 0.15119398
v -0.29830140 -0.21246268 -0.02670974
v -0.23320632 0.54564667 0.12185854
v -0.15657470 -0.60350585 0.25643826
v 0.23484294 0.41136116 0.18346351
v -0.22469166 0.53425127 -0.14612350
v 0.12624115 0.51929539 -0.24366646
v -0.25723234 0.33118141 0.15544730
v 0.05131009 0.10157207 0.29512447
v 0.29697189 -0.88434118 0.01036723
v -0.18189654 0.65922827 -0.00809534
v 0.10828395 -0.41257840 0.27892202
v 0.20403217 0.52381903 -0.18097201
v 0.15420792 -0.89717907 0.24267788
v -0.14917517 -0.20711389 -0.26119691
v -0.07069611 0.47309473 0.28088760
v -0.06992815 -0.00336565 -0.29180613
v -0.30011046 0.15584482 -0.00949335
v -0.25877208 0.23002587 0.15327179
v -0.19566031 -0.90502852 -0.19944093
v 0.27343515 -0.23001726 0.12162024
v 0.07832977 -0.89103651 -0.28146097
v 0.03427125 0.78513181 -0.17045321
v -0.16672473 -0.61690789 -0.24885523
v -0.09975058 0.18926820 -0.28233147
v -0.17309743 0.75832778 0.01870162
v -0.09614816 0.92407745 -0.03099270
v 0.26129097 0.27657276 -0.14896244
v -0.26101571 0.05108172 -0.14954148
v 0.27707973 -0.10610467 -0.11285751
v -0.16478857 0.70473272 0.04699926
v 0.14923622 0.63255817 0.13940741
v -0.15475252 0.32746711 0.25772482
v -0.09947779 0.70808953 0.14067763
v -0.14639683 0.68841308 0.08220906
v -0.20372964 -0.37314007 -0.22043180
v 0.16543518 -0.74495471 -0.24981187
v 0.10539792 0.89467019 -0.12263291
v 0.26828891 -0.89480323 -0.10546605
v 0.21030769 -0.60402381 -0.21516195
v -0.19918869 -0.46171534 -0.22417182
v 0.30015519 -0.58683836 0.00899171
v 0.29680032 -0.84128422 -0.03791593
v -0.23531303 0.59127861 -0.01597523
v 0.19799727 -0.91664976 -0.15870562
v 0.29003492 -0.59489745 0.07759676
v 0.11781064 -0.91713125 -0.22317144
v 0.15073976 0.76084375 -0.08799978
v 0.26132235 -0.05433268 -0.14881231
v -0.15478015 -0.39292258 -0.25768292
v 0.29191515 -0.80060822 0.06991820
v -0.14758889 0.15470426 -0.26195613
v -0.03368617 -0.89470971 0.28646579
v 0.16354477 0.73867381 0.06064720
v -0.26021865 -0.02832155 -0.15078896
v -0.00772496 0.09702872 0.30023497
v 0.10215917 0.91328830 -0.09780385
v -0.20131321 0.10542117 0.22245114
v 0.29184908 0.25022778 0.07080537
v 0.08463949 0.92238563 -0.08975363
v 0.29525685 0.36278263 0.05072275
v -0.15610772 0.61412382 0.15419255
v -0.10059392 0.50677681 0.25988510
v 0.27362078 -0.79665530 0.12109909
v 0.12137679 -0.56512970 -0.27350903
v 0.03718047 -0.10684740 0.29705101
v -0.01664775 0.90510875 -0.15238741
v 0.15647987 -0.53634757 -0.25647366
v 0.11764112 0.79761714 -0.12844014
v -0.26024726 0.18462446 -0.15090781
v 0.26112255 -0.28555861 -0.14938274
v -0.07900424 0.67411405 0.15189426
v 0.03147123 0.56172645 0.25192419
v -0.01066142 0.02283510 -0.29993060
v 0.29312620 -0.64523995 0.06365033
v 0.01402922 -0.91767162 0.25038224
v 0.21706982 -0.57005918 -0.20793724
v -0.15830569 -0.90305912 0.23273456
v -0.29596129 0.16891818 0.04565964
v -0.29251793 -0.38969880 0.06734648
v -0.22135550 -0.92261243 0.06769148
v -0.25967237 0.18487401 0.15173170
v 0.06400637 0.87519103 0.15826568
v -0.12506260 0.80293834 -0.12151159
v -0.19830425 0.22988190 0.22485591
v -0.06921339 -0.52909815 -0.29199773
v -0.11005648 0.04114843 -0.27823097
v -0.13277139 0.23998186 -0.26848701
v -0.29461360 -0.15331616 0.05468962
v -0.28823319 -0.63315636 -0.08347808
v -0.15000308 0.11603095 -0.26067102
v 0.28903487 -0.70439827 0.08081841
v -0.26787904 -0.89445299 0.10662223
v 0.20212252 0.20257153 -0.22179030
v -0.22113265 0.15607840 -0.20291190
v -0.19937876 -0.63175368 0.22402173
v 0.27156317 -0.90555090 0.06135366
v 0.25762415 -0.10141098 -0.15489911
v -0.26072073 -0.09231287 0.15001999
v -0.24238512 -0.90891141 -0.12339695
v 0.00499327 0.89637911 0.16028666
v -0.12946065 0.66615605 0.12077150
v -0.19496351 -0.09120361 0.22750248
v -0.03816038 0.62356013 0.20797211
v -0.02485209 -0.88417089 0.29544067
v 0.07135483 -0.24600248 -0.29154384
v 0.13539073 0.91136819 -0.04996047
v 0.29961669 -0.44214845 -0.01536804
v 0.19367458 -0.29915652 -0.22847816
v -0.15067238 0.29135245 0.26024106
v -0.10306028 0.66868001 -0.14075679
v -0.17728522 0.62297028 0.11600882
v 0.07725567 -0.92012686 0.23000652
v 0.21762447 0.59402698 0.08539842
v -0.04080902 -0.87963235 -0.29379439
v -0.10286653 0.71777654 -0.13979846
v 0.13759032 0.81669164 -0.10677613
v -0.30036181 -0.71260101 0.00328789
v -0.02529448 -0.19372575 0.29843268
v 0.29809645 -0.85674340 0.02617133
v -0.19619578 0.09007763 -0.22655457
v 0.17344464 0.76865256 -0.01397576
v 0.05539569 -0.52659172 0.29447976
v 0.08290245 -0.91177189 0.25262746
v -0.07490158 -0.81103617 -0.29053813
v -0.20702766 0.42915761 0.21392220
v 0.20748456 0.62812173 -0.00200707
v 0.14934038 0.41272420 0.25973195
v 0.22116333 -0.50646985 0.20287476
v 0.17126153 0.87015766 0.01331155
v -0.10505713 0.87523896 0.13536513
v 0.13323987 -0.81734973 -0.26824307
v -0.08889106 0.68130159 -0.14125520
v 0.01011772 -0.34930429 0.30015397
v -0.28059241 -0.05294255 0.10433472
v 0.03295008 0.70417917 0.16820233
v 0.08033222 -0.02728762 0.28916529
v 0.29889664 -0.32383558 -0.02198252
v 0.15858985 -0.40499094 -0.25496116
v -0.01770319 -0.07932597 0.29938585
v 0.14058302 0.65690529 0.11872958
v 0.15237464 0.57037538 0.19685103
v 0.12337831 0.87305683 0.11891712
v 0.22390243 -0.00038761 0.19951393
v -0.07208634 0.30796164 0.29136226
v -0.14572224 0.88259774 0.08430855
v 0.19952700 -0.63548714 0.22392112
v -0.02227996 0.92401725 0.10077151
v 0.09114762 -0.56771249 0.28560761
v 0.27388558 -0.63877475 -0.12049629
v -0.29140806 -0.83949131 -0.07160118
v -0.11055892 0.49091724 -0.26134524
v 0.21919310 0.12847194 -0.20521951
v -0.01382966 0.91489905 0.13824376
v 0.26058710 -0.57178646 0.15024324
v -0.15292600 -0.27316120 -0.25894290
v -0.02836913 -0.85848624 -0.29777843
v -0.29321766 -0.73052907 -0.06308489
v -0.11266854 0.32941592 0.27715859
v 0.15889253 -0.06338516 -0.25477317
v 0.22741917 0.46044016 -0.18234807
v -0.17678130 -0.89262801 0.22984886
v 0.21974309 0.47402072 0.18705057
v -0.20975968 -0.38251236 0.21547514
v 0.26091921 0.37671986 0.14949682
v -0.28910112 0.06017835 -0.08075839
v 0.30030203 -0.63341868 -0.00702162
v 0.27418074 -0.00355007 -0.11986639
v 0.26110050 -0.19313051 -0.14931199
v 0.28253150 -0.57925475 -0.09923745
v -0.17230135 0.75958759 -0.02378255
v -0.02390503 0.79134709 -0.17221272
v -0.15732923 0.46256644 0.24550450
v -0.29442257 0.43267155 -0.03264085
v 0.07927106 -0.36366332 0.28952655
v -0.08063226 -0.58619654 -0.28899112
v 0.15928121 -0.48494568 -0.25451294
v -0.21153060 -0.83269531 0.21327166
v -0.18437421 -0.52021801 0.23545273
v 0.21462801 0.12916797 0.21060173
v -0.29850808 -0.80743188 -0.02409601
v -0.15465234 0.66900980 0.07925251
v 0.29968095 -0.08972205 -0.01376655
v -0.06524819 0.01457703 0.29275799
v -0.26123187 0.09225260 -0.14915644
v -0.15378301 0.28579709 -0.25835979
v -0.09494969 0.92409664 0.02538515
v 0.02720463 -0.92340797 -0.22309989
v 0.23006023 -0.73741019 -0.19156137
v 0.09012531 0.38192344 0.28587025
v -0.29943758 -0.27187011 -0.01696923
v -0.26046613 -0.76539630 0.15024735
v -0.01048666 -0.51905084 -0.30003709
v 0.11024381 -0.17489532 0.27822858
v 0.06699140 -0.83465815 -0.29229221
v 0.07702471 -0.34850600 -0.29012296
v -0.28972977 0.16861890 -0.07872115
v 0.15632538 0.04355236 -0.25659278
v -0.15649024 -0.90944767 -0.22020444
v -0.13642927 0.67151713 -0.10461074
v 0.14340766 -0.48542410 0.26398072
v -0.07350649 0.91315871 0.12178688
v 0.11161611 0.41636166 -0.27599832
v 0.14050120 -0.44163686 0.26518676
v -0.22460447 0.16600287 0.19865321
v -0.25990796 -0.35943571 -0.15129086
v -0.24438144 -0.90142804 -0.14380628
v 0.02748046 -0.78882414 0.29810935
v -0.29961383 -0.49930480 -0.01487962
v -0.05347113 0.92414612 0.07988283
v -0.14708908 -0.75278193 -0.26212323
v 0.29977551 -0.20202740 0.01322892
v 0.02363255 -0.04873375 0.29865444
v 0.21674731 -0.12043526 -0.20816505
v 0.00573591 0.80037749 -0.17394653
v 0.07946850 0.89692676 -0.13878304
v 0.11275510 -0.92271948 0.19967861
v -0.10149816 -0.31996945 -0.28166458
v 0.09693775 -0.51214564 0.28348202
v -0.13688128 0.58895183 0.19414175
v 0.13349085 -0.50855434 -0.26822117
v 0.04606107 0.59677106 0.22745879
v 0.27905792 -0.64836633 0.10793666
v 0.06195243 -0.69700301 -0.29336932
v 0.28656846 -0.89383167 0.03763972
v -0.01405774 0.48859900 0.28457385
v 0.02735070 0.92352343 0.11330368
v 0.16640420 0.06211630 0.24909911
v -0.15085617 -0.52892184 -0.26007888
v 0.30034441 0.36311057 -0.00588653
v 0.22672728 -0.44788861 -0.19594434
v -0.25712627 -0.85531604 0.15536381
v 0.19788228 -0.83259499 0.22522153
v 0.14892514 -0.31255889 -0.26122260
v 0.11462888 0.75608975 -0.13114025
v -0.07540986 -0.06373700 -0.29051530
v -0.13911191 -0.84572387 -0.26580232
v -0.21958151 -0.01727224 0.20477718
v -0.15321107 0.68901515 -0.06607877
v 0.15173870 -0.70052761 0.25968561
v -0.22374657 -0.45014897 0.19970240
v -0.20127273 -0.58299166 0.22248474
v -0.02246833 0.55649805 0.25602627
v -0.19521816 0.14343339 -0.22730143
v -0.10612638 0.02481475 0.27981699
v -0.26169920 -0.36679876 0.14818901
v 0.26119667 0.17885607 -0.14902849
v 0.29887098 -0.67659652 0.02128984
v 0.12700625 0.84880334 0.11928892
v 0.10611986 0.43338126 0.27636173
v -0.17941865 -0.91137111 -0.19759007
v 0.29791987 0.41093400 -0.02055481
v 0.07166662 -0.62829864 -0.29141971
v 0.04205777 0.91346318 0.13426730
v 0.13349433 -0.92355460 0.16929436
v -0.16697845 -0.92353433 0.13830531
v -0.21235074 -0.92131591 0.10611378
v 0.20371290 -0.68089700 0.22048980
v 0.12039170 -0.22693709 -0.27396640
v -0.22085340 -0.20792027 -0.20323747
v 0.20611587 -0.20218056 -0.21848668
v 0.27802330 0.49968818 0.04062298
v 0.28965056 -0.49306244 0.07884786
v 0.28988853 -0.52737617 -0.07808781
v -0.14150187 -0.14784344 0.26489365
v 0.25816849 -0.66286629 0.15410759
v 0.20326956 0.58459580 0.12880144
v -0.17211416 0.72465307 0.02342738
v -0.01326091 -0.90285105 -0.28101039
v -0.23614520 0.44868958 0.17441417
v 0.03206720 0.91345072 -0.13742000
v -0.22450906 -0.09846628 -0.19874255
v 0.28711268 -0.77077019 -0.08675113
v -0.05346801 -0.84391987 0.29480681
v 0.21849324 -0.16458683 -0.20606081
v 0.29247367 -0.02492934 0.06784128
v -0.25565735 0.46358389 0.14109594
v 0.08285973 0.76259077 0.15307386
v 0.22259200 -0.70798934 0.20114687
v 0.15069251 0.07875952 -0.26024652
v -0.01932796 0.79536784 0.17302120
v 0.05941724 -0.89846778 -0.28029084
v 0.15848105 -0.22840665 -0.25502247
v 0.20040651 -0.78165048 0.22319566
v 0.02865331 0.75115085 -0.17140262
v -0.00412969 0.59394425 0.23433988
v 0.15614907 0.73022497 -0.07629793
v 0.26067099 0.03808227 -0.14999227
v -0.16807632 0.88502008 0.00963494
v 0.02248755 0.89967078 0.15628730
v 0.27129626 -0.81108820 -0.12646578
v -0.22253425 -0.65546745 0.20121042
v -0.27483055 -0.21168408 0.11825864
v -0.16367364 0.16480912 0.25112382
v 0.15802379 0.65282017 0.10023946
v 0.25701886 -0.82856047 0.15564919
v 0.06001636 0.66805792 0.16332725
v -0.14775832 0.50537920 0.23784603
v 0.13091427 0.64256293 -0.14583592
v 0.08175764 0.03182572 -0.28856298
v 0.21305545 -0.63963103 -0.21235956
v -0.12464352 -0.92365354 0.16761096
v -0.15382871 0.59799230 -0.17301099
v 0.12616219 -0.90565318 0.24730645
v -0.02939241 0.43521181 -0.29454580
v -0.29019991 -0.40431875 -0.07723173
v -0.25919017 -0.49760750 0.15261674
v -0.10876885 -0.92294508 0.20111129
v 0.21921517 -0.91137147 0.15085778
v -0.15481614 0.82512939 0.07920900
v -0.14823876 -0.28555033 0.26160455
v -0.08284493 -0.03470039 0.28842396
v -0.30019513 -0.61242926 0.00747732
v 0.09305667 -0.29442081 -0.28492129
v -0.25955591 -0.13792340 0.15194626
v 0.26123106 -0.39627197 0.14916635
v -0.09654993 0.84510523 -0.14560181
v 0.15331630 0.48546889 -0.24162227
v -0.03700805 0.66060257 -0.17771232
v -0.01914312 -0.30949870 0.29912719
v -0.13512288 0.85986042 -0.10898504
v 0.29737428 -0.22361687 -0.03395566
v 0.13033891 0.88501018 -0.10534187
v 0.25377142 -0.00922112 -0.16037826
v 0.21358888 0.34695408 -0.21196888
v 0.19778182 0.34328038 0.22528882
v -0.01556411 0.28784072 0.29949570
v 0.08472107 0.57147920 0.23364402
v -0.19400370 -0.51371586 -0.22819397
v -0.12127896 0.84551883 0.12512620
v 0.12732887 0.13311356 0.27097303
v 0.04390668 0.81597149 -0.16851926
v 0.16439188 0.60103935 0.16038895
v 0.19346784 0.64240563 0.03310736
v -0.10696812 0.89801759 -0.11811553
v -0.25956872 -0.81060678 0.15186188
v 0.03483024 -0.92332131 0.22154570
v 0.22250378 0.60702628 -0.02894972
v 0.09982599 0.08463767 -0.28232598
v 0.29424569 0.31941253 -0.05669077
v 0.14830218 0.82826316 0.09258771
v -0.10627665 -0.67957634 -0.27983376
v -0.04684874 -0.72467923 0.29570302
v 0.14836825 0.50270861 0.23854452
v 0.03662630 0.02390982 -0.29691860
v 0.17263237 0.56584936 -0.18440123
v 0.02508705 0.64305109 -0.19404061
v 0.20900080 -0.48809591 -0.21603109
v -0.10355774 0.68725502 0.13156086
v 0.14837867 0.44580340 -0.25591210
v -0.26024148 -0.54377598 0.15088311
v -0.25165656 -0.91486156 0.06013829
v -0.29122448 -0.45465308 -0.07351040
v -0.28367904 -0.57414877 -0.09649048
v -0.23371240 0.57116246 -0.08423284
v -0.29444861 0.35136577 0.05689488
v 0.16232482 0.44920641 0.24533738
v -0.29112062 -0.24456038 -0.07298973
v -0.09622023 0.84061706 0.14594860
v -0.17396978 0.82356334 0.00589793
v 0.19176146 -0.91927171 0.15352969
v 0.15003055 -0.63160825 0.26064226
v 0.21094498 0.60878861 -0.07252411
v 0.00828123 0.52761501 0.27093658
v -0.03061663 -0.58369833 -0.29771113
v 0.26279184 0.20056415 0.14618318
v 0.18760411 0.56150693 0.17261890
v 0.15059236 0.25341377 -0.26033318
v 0.16976582 0.53137803 0.20868035
v -0.26167160 -0.45363328 0.14823397
v 0.15717392 -0.11141540 -0.25599933
v -0.12217737 -0.89746088 -0.26018786
v 0.01341096 0.14459716 0.29972401
v 0.16685182 0.77473927 -0.05112255
v 0.09571232 0.77882600 -0.14626099
v 0.10157537 -0.67678618 0.28163555
v 0.29133880 -0.00201155 -0.07233179
v -0.03709048 0.16118421 0.29690364
v -0.29138881 -0.20881769 0.07198574
v 0.02237904 0.42818969 -0.29634553
v 0.25978214 0.28629959 0.15152644
v 0.22574335 -0.31425473 0.19718406
v -0.27802786 0.37612295 -0.11058820
v -0.24200599 0.50545233 0.14088707
v -0.28179774 -0.77817929 0.10114380
v -0.08130413 -0.17436291 0.28893414
v -0.20187773 0.02039848 -0.22199062
v -0.16742480 0.78576303 0.04962048
v -0.21536732 -0.61581290 -0.20978579
v 0.05699197 -0.92005169 -0.23636308
v -0.15761468 0.10016212 0.25567207
v 0.01526017 0.85066116 0.17323634
v 0.27121791 -0.85460228 0.12658474
v 0.16519353 0.68027985 -0.02345200
v -0.01565932 -0.76510870 0.29943335
v 0.27987781 0.43089202 -0.09831017
v -0.03871961 0.92400849 -0.09811579
v -0.06905768 0.06857440 0.29212224
v -0.29878345 -0.66428345 -0.02263102
v -0.30027133 -0.55646867 0.00664248
v 0.29518819 0.30661455 0.05123514
v -0.16927275 0.81722492 0.04079854
v -0.09915634 0.69663000 -0.13618501
v 0.26112342 -0.76915342 -0.14915276
v 0.01104894 0.25123507 -0.29989085
v 0.15082647 0.67126906 0.08379512
v -0.05032959 0.91768795 0.12310641
v 0.30033100 0.30828893 -0.00355358
v -0.19960654 -0.84691715 -0.22397089
v 0.07353708 -0.44279543 -0.29104954
v 0.26117775 0.06437752 0.14915562
v 0.26200563 -0.70297176 0.14760008
v -0.06370503 0.69267005 0.15406629
v -0.26143411 -0.10579378 -0.14869812
v -0.29114997 0.27289671 -0.07284742
v -0.26147318 0.13854654 -0.14871475
v 0.15040593 0.11986832 -0.26038629
v -0.07032102 0.71795726 0.15771863
v 0.28726879 0.14052670 -0.08635145
v 0.10683513 0.76532394 0.13749407
v -0.29832774 0.28337985 0.02548892
v 0.19612703 -0.79298395 -0.22655191
v 0.15995272 -0.82509130 -0.25392187
v 0.05763647 -0.87945944 -0.29096246
v 0.29619628 -0.53979748 0.04353582
v 0.10157088 -0.73308480 0.28163043
v 0.08986165 0.92411959 -0.03159676
v -0.15072444 -0.71413624 -0.26022825
v 0.15134916 0.21251346 -0.25989473
v 0.25621736 -0.25470302 0.15705907
v -0.28179762 -0.72430259 0.10114407
v -0.12401634 0.77425349 -0.12252177
v -0.15240704 -0.47310719 0.25923237
v -0.08907480 -0.70731378 0.28623211
v -0.27131993 0.46856380 -0.10154141
v 0.29860452 -0.72777098 0.02412936
v -0.01960490 -0.03480088 -0.29907519
v 0.07390133 -0.86904496 0.29001823
v -0.04103271 0.86884183 -0.16783884
v -0.02402771 -0.74572921 -0.29849708
v 0.17483827 0.66870296 -0.01176659
v -0.21745887 -0.90905243 0.16192333
v -0.26119766 0.41580552 0.14619398
v 0.25978994 -0.56195104 -0.15160500
v -0.24867654 0.49861082 -0.13265836
v 0.07811669 0.38335305 -0.28963438
v 0.12432936 0.54876500 0.23018974
v 0.28934404 -0.42944273 -0.07992778
v -0.22216521 -0.44234878 -0.20167388
v -0.12732673 0.91939592 -0.02656678
v 0.12248275 0.87217754 -0.12046807
v 0.29963601 -0.53774685 -0.01476285
v -0.28871435 -0.68393445 -0.08189276
v -0.07784687 0.90117925 -0.13690163
v 0.00220674 -0.70527571 -0.30037355
v 0.27327177 -0.37634510 -0.12199264
v -0.21201506 0.39591262 -0.21291521
v 0.29591635 0.10952546 -0.04599474
v -0.27978331 0.50486815 -0.01056087
v 0.26156104 -0.69335240 -0.14847089
v 0.13892587 -0.75484413 -0.26579750
v -0.04049310 0.61488134 -0.21472950
v 0.28822866 -0.17143376 -0.08350609
v 0.12307954 0.91894352 0.04280410
v 0.01924325 -0.42163453 -0.29909104
v 0.20071445 -0.05332926 0.22295541
v 0.07385217 -0.26231071 0.29092479
v -0.26043323 -0.63591301 0.15046751
v -0.14961363 0.50826097 -0.23543507
v 0.25986561 -0.33113143 -0.15149307
v 0.21937609 -0.27715993 -0.20501210
v -0.29383764 0.37909797 -0.06016690
v -0.25969562 -0.71862018 0.15170160
v -0.29125145 -0.44945055 0.07286280
v 0.28455129 -0.54469132 0.09412634
v -0.07437138 0.92411578 -0.06937485
v 0.18414707 -0.91371930 0.18433304
v 0.07302450 0.52223754 -0.26388144
v 0.24029826 0.49915156 -0.14786758
v 0.30045414 0.25434786 -0.00443431
v -0.03226215 -0.89542586 -0.28575754
v -0.26330319 0.53326708 -0.05164269
v 0.07089783 0.82457530 -0.15854219
v -0.29789928 -0.66295439 0.02992746
v 0.22532485 -0.06856151 -0.19773300
v 0.26145479 -0.47034022 -0.14871147
v -0.00729215 0.04347181 0.30021697
v 0.29861486 -0.34397498 0.02392025
v -0.26086515 -0.27662039 0.14973806
v -0.10983790 0.91251117 -0.09130155
v 0.06343117 0.24224088 -0.29311892
v 0.20529939 -0.24056143 0.21933977
v -0.20461535 -0.57411116 -0.21965915
v 0.00095582 -0.88042134 0.29794779
v 0.07745505 0.47443959 0.27901462
v 0.09435552 0.33013001 -0.28450006
v -0.30014974 -0.31657597 -0.00768676
v -0.14842297 -0.03202838 0.26158497
v -0.11049939 -0.01682950 -0.27804902
v -0.22923915 -0.88396603 0.18509215
v -0.08151767 -0.42405584 -0.28870684
v 0.14936323 0.24363777 0.26100194
v -0.28712854 -0.18841606 -0.08671822
v -0.08330572 -0.85757136 -0.28792444
v -0.00820149 0.63150662 -0.20461035
v 0.02324179 0.31415012 0.29863000
v 0.30043551 -0.38973409 -0.00277099
v -0.04083383 -0.87111408 0.29593784
v -0.24775417 0.42196688 -0.16509932
v -0.16371290 0.76833183 -0.05993165
v 0.28621018 0.06991348 -0.08937560
v -0.07694416 0.11789567 0.29016542
v -0.10017499 0.65531665 0.15556318
v -0.11231374 -0.66527110 0.27730677
v 0.19953518 0.57241851 -0.14703125
v 0.15648836 0.40576920 -0.25559139
v 0.22298789 -0.92329156 0.03242297
v -0.29698589 -0.87516207 0.02633203
v 0.16405271 0.70892012 0.05191880
v -0.22302324 0.31794113 0.20060124
v -0.06881633 0.39179203 -0.29183009
v -0.20807022 -0.92175770 -0.11314801
v -0.11170829 -0.85524195 -0.27757668
v -0.10831684 -0.37483177 -0.27891657
v -0.28410816 -0.50466311 0.09540140
v 0.06246091 -0.69611192 0.29331267
v 0.26073065 0.24105214 0.15007243
v -0.07246192 0.76346362 -0.15782207
v -0.22138782 0.12380515 0.20260657
v -0.30032077 -0.04136854 0.00317150
v -0.04110872 0.12603956 -0.29643109
v -0.03703005 0.69905794 0.16635363
v -0.29933113 -0.78148055 0.01673408
v -0.14440541 -0.71217996 0.26342410
v 0.20503412 -0.09892801 0.21933338
v -0.13936071 -0.59220380 -0.26574421
v -0.00981803 0.39996248 0.29944849
v -0.29082793 0.29252279 0.07389376
v 0.06467656 -0.75063533 0.29284760
v -0.28874016 -0.11211360 -0.08194678
v -0.13067468 0.54509509 0.22895074
v 0.23385571 -0.91481227 -0.11046005
v 0.07232974 0.28439662 0.29130021
v -0.21746677 0.56729329 -0.12644708
v 0.16801651 0.74443740 -0.04740781
v 0.28346077 0.15462120 0.09704819
v -0.05938355 0.85153627 0.16380058
v 0.26062825 0.48696762 -0.11524311
v -0.08397089 0.23989367 -0.28787938
v -0.00494714 0.08021355 -0.30031219
v 0.25069976 0.56728333 -0.01195824
v 0.05397400 0.30046239 -0.29474860
v 0.13931169 -0.03182703 -0.26579365
v 0.21985377 -0.79928637 0.20440337
v 0.29441521 -0.29546818 0.05575567
v 0.23466042 0.59259564 0.01289392
v 0.10001615 0.92367631 0.04895250
v 0.08450874 0.23772134 0.28785664
v 0.00507353 0.75958979 0.17410886
v 0.07925266 -0.92360139 0.19893005
v -0.25882933 -0.71833682 -0.15310924
v 0.19409123 0.10628174 -0.22814105
v -0.28978068 0.00252291 -0.07844054
v 0.22353055 -0.05929413 0.19998787
v -0.20043567 0.29761234 0.22316912
v -0.05537190 0.58406252 0.23435026
v 0.28680879 -0.22627501 -0.08759734
v -0.08176105 -0.08282789 0.28881216
v 0.25934720 -0.20105064 0.15225270
v 0.25728831 0.52928537 -0.08397488
v 0.06383259 -0.41208369 0.29310614
v -0.21858588 0.20930466 0.20595114
v 0.19969228 0.05111234 -0.22376497
v 0.15195008 -0.18564005 -0.25952590
v 0.14505598 -0.30704623 0.26305762
v 0.02673737 -0.03487524 -0.29821408
v -0.19373448 0.32173920 -0.22841281
v 0.25925523 0.11097990 0.15254885
v -0.11781956 -0.58987951 0.27499419
v -0.29180971 0.23095205 0.07023390
v 0.29326555 -0.86567980 -0.06120804
v -0.26207158 -0.44695908 -0.14761218
v -0.11111658 0.39793730 0.27735376
v 0.17468426 0.52149689 -0.21012808
v 0.15567645 -0.17790999 0.25704965
v 0.15622176 -0.07279371 0.25671199
v 0.13604651 -0.36429858 0.26713800
v -0.07959075 -0.63196713 0.28937268
v 0.29513967 0.19302642 -0.05126760
v 0.02222876 -0.20242737 -0.29882178
v 0.02715675 0.00426153 0.29829687
v 0.25721350 -0.84503418 -0.15542360
v 0.23015803 0.54038322 -0.13334565
v 0.29646519 -0.44579026 0.04134879
v -0.08884328 0.77379441 0.15027650
v -0.26469490 0.43547416 -0.13339522
v 0.22138600 -0.36985043 -0.20259914
v -0.16366310 0.74753928 0.06024178
v -0.25913504 -0.04054251 0.15259199
v 0.26094890 -0.30266550 0.14950144
v -0.26554924 -0.88562208 0.12801516
v -0.29275966 -0.80231649 0.06512640
v -0.28754321 -0.26664042 0.08543860
v 0.22660561 -0.91903394 0.09744307
v 0.29062063 0.25965208 -0.07559983
v -0.22572321 0.01960994 -0.19728276
v 0.15592444 -0.62769604 -0.25691447
v -0.04264897 -0.26017568 -0.29632479
v 0.29888430 -0.74760830 -0.02136566
v -0.12376881 0.71841288 0.12176716
v -0.15213206 -0.36361104 0.25942621
v 0.05288834 0.47801942 -0.28264597
v -0.03976548 0.82520199 -0.16947015
v -0.12114085 0.58828992 -0.20515668
v -0.15853383 0.25348678 0.25499853
v -0.28910112 0.06017835 0.08075839
v -0.25845563 -0.23152882 0.15362556
v -0.15954213 -0.17779915 0.25428581
v -0.09757499 0.90660959 0.11610642
v -0.10961074 0.89511049 0.11849488
v 0.14971484 0.29111221 -0.26080763
v -0.18989550 -0.89682913 -0.21578734
v -0.07119966 0.42057464 0.28950086
v 0.06003775 0.42322770 0.29146674
v 0.19420514 0.27770096 -0.22808009
v -0.02580759 0.52372009 -0.27100337
v 0.04702380 0.56452852 -0.24804574
v 0.28811044 0.45038396 0.05673886
v 0.15275386 -0.51985353 0.25904620
v 0.23302968 0.21697250 -0.18771204
v -0.16592093 0.67866647 -0.02308641
v -0.26132202 -0.67274791 -0.14889106
v -0.14940402 -0.10863208 0.26102000
v 0.18174730 -0.92264462 -0.13928780
v 0.07962848 -0.53421158 -0.28930986
v 0.18981051 0.21273002 0.23138630
v 0.00920078 0.14184895 -0.30010980
v 0.03876526 0.92414850 -0.08264434
v 0.13127276 -0.35671315 -0.26918715
v 0.26153675 -0.42454815 -0.14846075
v 0.22238100 -0.79296154 -0.20138994
v 0.19892739 0.60020131 -0.11533205
v 0.25990239 0.33216372 0.15135868
v 0.29663381 0.04399037 -0.04094578
v 0.20962815 0.00476548 -0.21551573
v -0.25585014 -0.91588265 -0.00813877
v -0.11090244 -0.88129157 -0.27450004
v -0.08403830 0.86894339 0.15092376
v -0.17192075 0.55382568 0.19348787
v -0.20452434 -0.64866972 -0.21979362
v 0.22815195 -0.22365579 -0.19406508
v 0.12247020 0.59302443 0.20055819
v 0.22364137 -0.52037525 -0.19983724
v -0.29632032 -0.50518245 0.04270412
v -0.22005282 -0.30524519 0.20423110
v -0.25868678 -0.76485634 -0.15336801
v -0.21666296 -0.52072424 0.20817594
v -0.28819543 -0.33278847 0.08360011
v 0.20189872 -0.08504584 -0.22196987
v 0.22727637 0.40021935 -0.19448979
v -0.22584955 0.23322396 -0.19703540
v -0.10752343 -0.48001236 -0.27922297
v 0.29476607 -0.58106863 -0.05383277
v -0.20178808 0.23343608 -0.22206056
v 0.01341950 -0.76213259 -0.29963633
v -0.29465196 -0.15272860 -0.05525049
v 0.26132461 -0.11020872 0.14885408
v 0.10246694 -0.85703552 -0.28116018
v 0.10046674 -0.72170365 -0.28203464
v 0.08146758 -0.02312673 -0.28878057
v 0.25839898 0.32137808 -0.15389562
v -0.16155617 -0.82447070 -0.25265715
v 0.27693674 0.48504952 -0.07492698
v -0.08907844 0.13979925 -0.28628510
v -0.06515714 0.85699630 -0.16081649
v 0.19991411 -0.19200829 0.22359557
v 0.25783455 -0.86962527 0.15294956
v -0.20071967 -0.33170050 -0.22295108
v 0.22126332 -0.83523476 0.20274560
v -0.01736755 -0.13199213 0.29941133
v -0.10305987 0.58174753 0.21921483
v -0.21990460 0.60374182 -0.05728307
v -0.28540769 -0.66633421 0.09183390
v 0.26061243 -0.35007390 0.15016143
v 0.02376296 0.24897277 0.29862791
v 0.07380729 0.59727770 -0.21964018
v -0.15252827 0.36840931 0.25921106
v -0.19630311 0.48089465 -0.21067712
v -0.01329336 -0.92278230 -0.22938883
v 0.03833631 0.87586117 -0.16672121
v 0.16471724 0.85710728 0.05585940
v -0.05074159 0.65320045 0.18036051
v 0.14560196 -0.83021617 0.26282707
v 0.07333223 -0.07733843 -0.29112011
v -0.19407949 0.00448455 0.22815029
v -0.02301600 0.71981370 -0.17169048
v -0.29911816 0.09187149 -0.01939429
v 0.06932656 0.13376810 -0.29196694
v -0.25739533 0.37744665 -0.15524302
v -0.03743182 -0.91771775 -0.24774921
v -0.29998681 0.39511597 0.00269167
v 0.04250897 -0.58943647 0.29632181
v -0.21802630 0.26303327 0.20670618
v 0.01226006 -0.43998981 0.29982421
v -0.26063350 0.00958188 0.15015811
v -0.14155802 0.71139628 0.09944864
v -0.13791290 0.81560194 0.10636391
v 0.20674324 0.44017723 0.21193455
v 0.29905146 -0.13759738 0.02015590
v -0.19280952 -0.73673415 -0.22912621
v -0.09993353 -0.11855672 -0.28228584
v 0.16430412 0.13007730 0.25071678
v -0.08107223 0.60771900 -0.20858005
v -0.26272261 0.01228057 -0.14624335
v -0.07137796 0.36425883 0.29159003
v 0.28629440 0.01788187 0.08928967
v -0.01073317 -0.91720384 0.25197059
v -0.05921838 0.78418154 0.16403286
v 0.16040719 -0.35771433 -0.25351351
v -0.04160977 0.76077205 -0.16899282
v 0.09450781 0.08416012 0.28433898
v 0.14922127 -0.26927447 -0.26108584
v 0.25954342 -0.44200721 0.15197520
v -0.06350194 -0.69914287 -0.29308292
v -0.30031821 -0.45138967 0.00717036
v 0.29189628 -0.63137084 -0.06987887
v -0.22199732 -0.60680181 0.20186679
v 0.05314750 0.92197526 -0.11341938
v 0.20477726 -0.32932073 0.21954599
v 0.03865533 -0.13471556 -0.29670992
v 0.25955904 -0.90692240 0.09414309
v 0.29995409 0.01999065 0.01154411
v 0.23900969 0.57658732 0.05632027
v 0.24975629 0.51677603 0.11465853
v -0.29167929 -0.62044394 0.07084195
v 0.17407839 0.72882211 -0.00188373
v -0.28460306 -0.05377866 -0.09394090
v -0.08081184 -0.12858023 0.28906515
v -0.08391853 -0.22059523 -0.28802413
v 0.01765331 -0.55715781 -0.29933533
v 0.00020091 -0.69024754 0.30040836
v -0.20660089 -0.07180531 -0.21804412
v -0.20392652 -0.22874051 0.22025266
v -0.07011241 0.34019381 -0.29185683
v 0.01710474 -0.81342578 -0.29926804
v -0.23109996 -0.57560515 -0.19020492
v 0.06418794 -0.74606359 -0.29297581
v 0.09707800 0.81556952 -0.14521852
v 0.12413005 -0.08704802 -0.27237442
v -0.15391017 -0.45476171 -0.25827128
v -0.11128199 0.77225441 0.13395317
v -0.29904735 0.02598331 -0.02000438
v 0.19748859 -0.58460689 0.22550780
v -0.29063588 0.32678348 -0.07536605
v -0.06510699 0.64478987 -0.18248430
v -0.11175240 -0.54317713 -0.27753019
v 0.30034399 -0.03045785 -0.00697189
v 0.26196399 0.23182686 -0.14758247
v 0.20055187 -0.44595295 -0.22307846
v 0.16590673 -0.45708403 0.24945688
v 0.06157532 -0.79109263 -0.29340518
v 0.11669163 0.89889109 -0.10797103
v 0.02792631 -0.65879911 -0.29806948
v -0.22056155 -0.72090137 -0.20358300
v -0.13996926 -0.42409033 -0.26557180
v -0.26066226 -0.62244034 -0.15010361
v -0.16372636 -0.78200108 -0.25109199
v -0.26118153 0.09691684 0.14922768
v 0.16803667 -0.92232990 -0.16040663
v 0.00512979 0.19821572 -0.30033648
v -0.08055055 0.44668850 -0.28360888
v 0.26173151 -0.74390805 0.14814128
v 0.07784788 -0.92349821 -0.20924909
v 0.09633479 -0.91751134 -0.23195848
v 0.16506948 -0.92358583 0.13337184
v -0.26064098 -0.52525783 -0.15017743
v 0.00029113 -0.64205307 0.30046666
v 0.10993046 0.14859599 -0.27826795
v 0.15236022 0.36995575 0.25926623
v -0.15312561 0.37759313 -0.25878367
v 0.07342542 0.33494291 0.29096726
v -0.06928995 -0.76106077 -0.29192096
v -0.27857757 -0.73581707 -0.10915705
v 0.14634126 -0.92366338 -0.14395407
v 0.00481131 -0.36634418 -0.30042729
v -0.10543406 -0.89759773 0.26576173
v -0.12417182 0.69498533 0.11394397
v -0.21339096 0.35574639 -0.21205524
v 0.15513566 -0.21994074 0.25743052
v -0.01395959 0.68137676 0.16544515
v 0.25566477 -0.65322739 -0.15773891
v 0.00124840 -0.92366803 0.00243110
v -0.15112224 -0.09758218 -0.25999472
v -0.21631441 0.50500023 -0.17639004
v -0.15058497 0.21250233 0.26030573
v -0.08088227 0.21163480 0.28902379
v -0.03788444 0.23998187 -0.29675597
v -0.00060118 0.72545648 0.17395809
v 0.20361336 -0.92357939 0.06837700
v 0.19151518 -0.67360985 -0.23013371
v -0.10983922 0.29662737 -0.27831331
v -0.23094843 0.58133602 0.07428354
v -0.22262216 -0.92330086 0.03440729
v 0.28899628 -0.12548742 0.08096968
v 0.20179421 0.17036740 0.22206537
v 0.28424525 0.34548560 0.09497982
v -0.22444494 -0.35108343 0.19886503
v 0.07650860 -0.91410047 -0.24917747
v 0.04083657 0.90166640 0.15125088
v -0.07457685 0.82317561 -0.15687689
v 0.16099033 -0.34413257 0.25317585
v -0.28440055 0.22129005 -0.09454324
v 0.07702696 0.14372195 0.29001677
v -0.08136681 -0.17097168 -0.28888866
v -0.20499492 0.39191860 0.21889450
v 0.05269319 -0.49745369 -0.29490057
v -0.26016545 -0.06913797 -0.15092224
v -0.20640408 0.54223466 0.16456993
v -0.29404721 -0.04200952 0.05834326
v -0.23005880 -0.75696087 0.19155158
v -0.22180191 -0.79903579 0.20210432
v -0.19525059 -0.45380941 0.22725479
v -0.27898708 0.32718131 0.10841633
v 0.26107782 -0.48849976 0.14938113
v -0.00368701 -0.54139245 0.30037615
v -0.06877480 -0.92364132 0.19757858
v -0.29585692 -0.05835618 -0.04581674
v 0.22157517 -0.75576758 0.20237929
v 0.21043940 -0.40599537 -0.21475549
v 0.12014578 -0.61976790 -0.27404231
v -0.12333135 -0.90008610 0.25692201
v -0.00805588 0.34064516 -0.30020925
v 0.22297467 -0.45759845 0.20066796
v -0.29988262 -0.35861814 0.01321590
v 0.12187798 0.28171545 0.27332565
v -0.22059928 -0.06570677 0.20354058
v 0.25912735 -0.06610631 0.15260848
v -0.28239107 -0.14903525 0.09974164
v -0.30039155 0.33676448 -0.00518177
v 0.03098744 0.60818189 -0.22133884
v 0.15488327 0.32163644 0.25754604
v -0.27514142 -0.24065638 -0.11747783
v -0.15402406 0.19501896 -0.25828737
v -0.19450288 -0.13751617 0.22787754
v 0.29686728 0.41210702 0.02880666
v 0.29185206 -0.39360309 0.07061332
v -0.23055767 0.38813788 0.19074070
v 0.25494221 -0.37964490 -0.15863569
v 0.12216348 -0.86820924 0.27281624
v 0.19890775 0.15620369 -0.22439826
v 0.26130274 0.40630934 -0.14727113
v 0.06475542 -0.83167827 0.29280066
v 0.25453168 -0.80456632 -0.15917540
v 0.01353740 0.85746878 -0.17302050
v -0.14553550 0.91132480 -0.00946341
v 0.20296077 0.43535537 -0.21640784
v -0.16983403 0.80259544 -0.03788064
v -0.02170740 -0.65490222 -0.29883713
v 0.26190680 0.36231574 -0.14795314
v 0.13647638 0.55215794 -0.22108655
v -0.25979212 -0.18586738 -0.15160242
v 0.21363184 -0.87401289 -0.20879038
v -0.09391992 -0.47091565 0.28464121
v 0.01362586 0.71804887 -0.17249353
v 0.29218259 -0.23469415 0.06895895
v -0.20039719 0.61271310 0.09031809
v 0.25221592 -0.91644371 0.02880957
v -0.29650605 -0.88556033 -0.01348176
f 746 50 2000
f 746 183 50
f 1313 183 746
f 1313 746 510
f 730 999 1313
f 1313 1665 730
f 1290 730 1250
f 1531 1290 1250
f 1026 1531 1445
f 1532 1026 1445
f 1532 648 1026
f 1341 648 1532
f 1485 1341 1857
f 1079 1485 1857
f 1438 1485 1079
f 308 1438 1079
f 308 1079 1966
f 1629 308 1966
f 1323 697 1629
f 1134 1490 1323
f 1134 1323 1022
f 572 1798 1134
f 966 1798 572
f 1672 1798 966
f 1959 1672 966
f 1959 966 1662
f 1884 1959 1662
f 1884 1695 1959
f 531 127 972
f 531 420 127
f 972 846 783
f 846 364 113
f 846 127 364
f 846 972 127
f 780 113 1152
f 846 113 780
f 783 846 780
f 821 1754 1152
f 1152 113 821
f 1383 1152 149
f 1087 1152 1383
f 780 1152 1087
f 1087 96 447
f 783 780 1087
f 447 783 1087
f 149 1754 440
f 1754 455 440
f 149 1152 1754
f 149 440 1331
f 149 1331 269
f 1383 149 269
f 439 1087 269
f 1087 1383 269
f 439 96 1087
f 638 353 1011
f 1011 440 638
f 1011 1331 440
f 735 365 322
f 735 322 77
f 77 322 36
f 36 2000 77
f 1778 36 322
f 111 434 4
f 111 462 434
f 346 4 291
f 346 291 88
f 346 111 4
f 88 291 365
f 365 735 88
f 884 365 291
f 322 365 884
f 1778 322 884
f 375 420 1339
f 281 1339 1232
f 375 1339 281
f 798 281 1232
f 798 434 281
f 798 4 434
f 1232 1339 988
f 798 1232 411
f 4 798 411
f 970 4 411
f 291 4 970
f 831 291 970
f 831 884 291
f 884 831 717
f 1778 884 717
f 531 972 988
f 531 988 1339
f 1339 420 531
f 970 876 831
f 972 783 99
f 988 972 99
f 1654 988 99
f 1654 1232 988
f 411 1232 1654
f 1654 876 970
f 970 411 1654
f 99 783 447
f 105 1654 99
f 99 447 105
f 876 1654 105
f 717 831 876
f 105 447 96
f 914 420 381
f 381 420 375
f 914 364 127
f 420 914 127
f 914 381 768
f 768 615 535
f 535 914 768
f 1788 615 768
f 1788 196 615
f 1896 196 1788
f 217 821 113
f 217 113 364
f 217 364 914
f 914 535 217
f 615 937 535
f 196 937 615
f 103 455 1754
f 103 1754 821
f 217 103 821
f 535 103 217
f 535 1541 103
f 937 1541 535
f 301 638 455
f 638 440 455
f 1541 301 103
f 301 455 103
f 1541 1804 301
f 937 1804 1541
f 937 1899 1804
f 1899 937 196
f 196 1842 1899
f 818 353 638
f 818 638 301
f 1804 1369 818
f 1804 818 301
f 1899 106 1804
f 1842 1343 1899
f 462 111 35
f 35 111 346
f 346 88 532
f 35 346 532
f 532 88 735
f 735 77 50
f 50 532 735
f 77 2000 50
f 13 297 462
f 13 462 35
f 1283 35 532
f 1283 13 35
f 183 1283 532
f 183 532 50
f 1000 1097 13
f 1283 1000 13
f 1313 1283 183
f 1000 1283 999
f 999 1283 1313
f 999 1915 1000
f 1290 1915 999
f 1290 999 730
f 738 375 281
f 738 281 297
f 297 281 434
f 462 297 434
f 1097 381 738
f 381 375 738
f 1097 738 297
f 13 1097 297
f 768 381 1097
f 1000 768 1097
f 1000 1788 768
f 1915 1788 1000
f 1693 1896 1788
f 1764 1119 1693
f 1119 1896 1693
f 1119 1764 1898
f 1521 1119 1898
f 1878 1521 1898
f 1119 724 1896
f 1521 1782 1119
f 1842 196 1896
f 724 1842 1896
f 724 1119 1782
f 1560 1842 724
f 724 1121 1560
f 1121 724 1782
f 1156 1121 1782
f 1521 1156 1782
f 1625 1156 1521
f 1842 1560 1343
f 275 1121 1156
f 1585 1915 1290
f 1531 1585 1290
f 1531 1222 1585
f 1222 1531 1026
f 1026 1486 1222
f 1693 1788 1915
f 1764 1693 1915
f 1585 1764 1915
f 1222 1764 1585
f 1898 1764 1222
f 1898 1222 1486
f 247 1878 1898
f 1908 1878 247
f 505 1878 1908
f 1908 727 505
f 1010 727 1908
f 1581 727 1010
f 1581 1010 1714
f 1625 1521 1878
f 1625 1878 505
f 1581 1173 727
f 505 1461 1625
f 727 1461 505
f 1461 727 1173
f 1625 687 1156
f 1461 687 1625
f 1361 687 1461
f 764 1461 1173
f 1173 1882 764
f 687 1668 1156
f 1461 764 1361
f 1486 1026 648
f 1486 648 658
f 1341 658 648
f 1485 1010 658
f 1485 658 1341
f 1714 1010 1485
f 247 1898 1486
f 1908 247 1486
f 1908 1486 658
f 1010 1908 658
f 1581 1714 995
f 995 72 1581
f 1338 72 995
f 770 72 1338
f 770 1338 326
f 326 67 770
f 72 425 1581
f 1168 72 770
f 67 1810 770
f 425 1173 1581
f 425 72 1168
f 1810 1168 770
f 67 1052 1810
f 425 1882 1173
f 1182 425 1168
f 107 1182 1168
f 107 1168 1810
f 1810 856 107
f 1052 856 1810
f 1182 1897 425
f 1897 1882 425
f 1438 1714 1485
f 42 1438 308
f 697 42 308
f 697 308 1629
f 995 1714 1438
f 42 1338 995
f 995 1438 42
f 326 1338 42
f 326 42 697
f 67 326 1093
f 1100 67 1093
f 722 1100 1093
f 722 1392 1100
f 1392 722 1993
f 1993 941 1392
f 345 941 1993
f 1052 67 1100
f 1392 223 1100
f 941 1130 1392
f 223 1052 1100
f 1130 223 1392
f 1052 1288 856
f 1288 1052 223
f 223 1037 1288
f 1147 1037 223
f 1147 223 1130
f 558 1147 1130
f 1490 1974 697
f 1323 1490 697
f 1635 1974 1490
f 1134 1635 1490
f 1635 1134 1798
f 1093 326 697
f 1093 697 1974
f 1974 722 1093
f 1993 722 1974
f 1993 1974 1635
f 345 1993 1635
f 1546 941 345
f 1546 1404 941
f 1949 1404 1546
f 1949 481 1404
f 1187 481 1949
f 1404 982 941
f 481 1874 1404
f 481 44 1874
f 982 1130 941
f 1874 982 1404
f 1104 558 1130
f 1104 1130 982
f 1925 1104 982
f 752 1925 1874
f 1925 982 1874
f 44 752 1874
f 44 634 752
f 345 1635 1672
f 1672 1635 1798
f 1869 1672 1959
f 1695 1869 1959
f 1672 1546 345
f 1869 1546 1672
f 1869 1949 1546
f 1869 1187 1949
f 1695 1187 1869
f 1695 1846 1187
f 1331 1011 374
f 439 269 374
f 269 1331 374
f 353 516 1011
f 439 32 782
f 782 96 439
f 1011 516 286
f 374 1011 286
f 374 286 32
f 32 439 374
f 516 353 1504
f 1504 286 516
f 286 635 386
f 286 386 32
f 635 1504 92
f 635 286 1504
f 782 32 287
f 386 635 355
f 32 386 287
f 355 92 15
f 355 635 92
f 287 95 976
f 976 782 287
f 95 355 540
f 95 386 355
f 95 287 386
f 750 355 15
f 750 540 355
f 1832 95 540
f 95 1832 976
f 729 540 23
f 750 23 540
f 1832 540 729
f 1832 729 300
f 1832 1821 976
f 1613 729 23
f 300 729 1401
f 1821 1832 300
f 1401 729 1613
f 1613 461 1401
f 105 96 782
f 1924 876 105
f 1924 105 782
f 1924 782 976
f 74 1289 276
f 1572 74 1914
f 461 1247 1289
f 483 461 1289
f 74 483 1289
f 1797 74 1572
f 243 353 818
f 818 1369 243
f 1804 106 1369
f 1343 106 1899
f 1504 353 243
f 1779 1504 243
f 1655 1779 243
f 1369 1655 243
f 106 1655 1369
f 106 491 1655
f 1343 491 106
f 896 491 1343
f 1779 15 92
f 92 1504 1779
f 491 1257 1655
f 15 1779 1655
f 1636 15 1655
f 1257 1636 1655
f 1914 491 896
f 545 750 15
f 545 15 1636
f 1636 276 545
f 276 1636 1257
f 491 1914 1257
f 23 750 545
f 1247 23 545
f 276 1289 1247
f 276 1247 545
f 74 276 1257
f 1914 74 1257
f 1247 461 1613
f 1613 23 1247
f 1856 1587 1572
f 1990 1587 1856
f 1497 731 1990
f 275 1156 1668
f 1560 896 1343
f 1121 1474 1560
f 1474 896 1560
f 275 1474 1121
f 344 1474 275
f 344 275 1668
f 1308 344 1668
f 1474 1856 896
f 896 1856 1914
f 1856 1474 344
f 1856 1572 1914
f 1990 1856 344
f 344 1497 1990
f 1497 344 1308
f 1218 1325 1497
f 1325 1218 584
f 584 158 1325
f 1111 158 584
f 1325 1872 1497
f 687 1888 1668
f 1361 1888 687
f 764 1794 1888
f 764 1888 1361
f 1882 1794 764
f 1308 1668 1888
f 1218 1308 1888
f 1794 1218 1888
f 584 1218 1794
f 1633 584 1794
f 1218 1497 1308
f 1070 1917 1111
f 1126 1917 1070
f 1126 1070 390
f 1897 1794 1882
f 1182 1656 1897
f 1656 1182 107
f 107 1350 1656
f 856 1350 107
f 1633 1794 1897
f 1633 1897 1656
f 1070 1633 1656
f 1350 1070 1656
f 390 1070 1350
f 1111 584 1633
f 1070 1111 1633
f 1740 1126 390
f 803 1126 1740
f 561 803 1740
f 1288 984 1350
f 1288 1350 856
f 1037 984 1288
f 1037 1871 984
f 1871 1037 1147
f 1147 1946 1871
f 558 1946 1147
f 984 390 1350
f 1740 390 984
f 1871 1740 984
f 561 1740 1871
f 1946 561 1871
f 815 561 1946
f 625 933 1368
f 1368 1569 625
f 933 625 815
f 73 1925 752
f 73 752 634
f 1843 1946 558
f 1843 558 1104
f 1925 1843 1104
f 73 1843 1925
f 634 1631 73
f 73 1368 1843
f 1631 1368 73
f 1631 1149 1368
f 1843 933 1946
f 933 1843 1368
f 933 815 1946
f 1149 1569 1368
f 746 2000 319
f 1650 746 319
f 130 1650 641
f 510 746 1650
f 510 1650 130
f 1734 510 130
f 1665 1313 510
f 1734 1665 510
f 142 730 1665
f 730 142 1250
f 819 1250 142
f 1616 1250 819
f 1531 1250 1616
f 1445 1531 1616
f 1445 1616 1867
f 1445 1867 616
f 616 1532 1445
f 1532 616 1786
f 1341 1532 1786
f 1857 1341 1786
f 1857 1786 1606
f 1212 1857 1606
f 1212 1079 1857
f 1966 1079 1212
f 1114 1629 1966
f 1114 1323 1629
f 1022 1323 1114
f 1134 1022 572
f 1511 572 1022
f 572 1511 1221
f 1221 966 572
f 966 1221 930
f 1951 966 930
f 1662 966 1951
f 185 1662 1951
f 36 864 83
f 83 319 36
f 319 2000 36
f 83 864 924
f 924 1650 319
f 924 319 83
f 761 924 485
f 924 864 485
f 864 36 1778
f 761 485 179
f 179 812 761
f 80 812 179
f 80 495 812
f 80 956 1225
f 1225 495 80
f 200 864 1778
f 203 864 200
f 485 864 203
f 1484 485 203
f 179 485 1484
f 323 179 1484
f 323 80 179
f 956 80 323
f 29 1225 956
f 29 1733 1225
f 423 29 708
f 423 1733 29
f 200 1778 717
f 200 717 1935
f 203 200 1935
f 203 1935 1213
f 1484 203 1213
f 503 323 1213
f 323 1484 1213
f 956 323 503
f 600 956 503
f 29 956 600
f 708 29 600
f 216 774 708
f 774 423 708
f 1389 503 1213
f 600 503 1389
f 600 1389 331
f 708 600 331
f 1389 1213 14
f 1389 14 765
f 295 331 765
f 331 1389 765
f 1213 1935 14
f 295 765 1388
f 765 14 1388
f 396 1733 423
f 396 423 774
f 26 216 1574
f 774 216 26
f 1574 216 331
f 216 708 331
f 26 1574 701
f 710 701 159
f 1632 26 701
f 710 1632 701
f 295 1574 331
f 1051 1574 295
f 1051 701 1574
f 159 701 1051
f 867 159 329
f 867 710 159
f 295 1388 552
f 1051 295 552
f 1051 552 623
f 159 1051 623
f 371 329 623
f 329 159 623
f 1294 867 329
f 329 371 1294
f 1294 419 867
f 623 552 397
f 623 397 702
f 702 371 623
f 1210 371 702
f 1294 371 1210
f 824 1294 1210
f 924 761 641
f 641 1650 924
f 641 761 812
f 973 812 495
f 973 641 812
f 790 973 495
f 973 130 641
f 94 130 973
f 973 790 94
f 94 790 253
f 94 1734 130
f 1517 1734 94
f 142 1665 1734
f 142 1734 1517
f 1563 142 1517
f 790 495 1225
f 790 1225 1733
f 253 790 1733
f 1468 94 253
f 1468 1517 94
f 1324 1517 1468
f 1324 1563 1517
f 1364 1733 396
f 253 1733 1364
f 1468 253 1364
f 774 26 1071
f 396 774 1071
f 1364 396 1071
f 1071 26 1632
f 426 1071 1632
f 1364 1071 426
f 1953 1468 426
f 1468 1364 426
f 1953 426 1310
f 1952 1324 1468
f 1952 1468 1953
f 710 867 393
f 426 1632 710
f 426 710 393
f 426 393 1310
f 1952 1953 537
f 419 393 867
f 733 393 419
f 1310 393 733
f 1953 1310 418
f 537 1953 418
f 675 419 1294
f 1294 824 675
f 733 419 675
f 917 733 675
f 1310 733 917
f 418 1310 917
f 1048 418 917
f 1048 537 418
f 1015 537 1048
f 987 537 1015
f 260 675 824
f 824 823 260
f 675 260 917
f 1048 917 534
f 1563 819 142
f 1815 819 1563
f 1815 1616 819
f 1616 1815 1867
f 1867 1815 1118
f 1605 1563 1324
f 1133 1815 1563
f 1133 1563 1605
f 1600 1815 1133
f 1118 1815 1600
f 1118 1600 643
f 1605 1324 1952
f 1605 1952 102
f 102 1133 1605
f 1133 102 1424
f 1424 1600 1133
f 1600 1424 1859
f 643 1600 1859
f 102 1952 537
f 1424 102 841
f 1859 1424 1228
f 987 102 537
f 841 102 987
f 1228 1424 841
f 1374 1859 1228
f 841 987 963
f 1228 841 963
f 1228 963 55
f 1228 55 1136
f 1374 1228 1136
f 1666 987 1015
f 963 987 1666
f 616 1867 1118
f 1483 1657 1118
f 1657 616 1118
f 1657 1786 616
f 1606 1786 1657
f 1606 1657 1502
f 1483 1118 643
f 1439 1657 1483
f 1502 1657 1439
f 679 1483 643
f 679 643 1859
f 1483 679 1789
f 1439 1483 1789
f 1439 1789 119
f 1373 1502 1439
f 1373 1439 119
f 1374 679 1859
f 1789 679 1311
f 119 1789 1311
f 1373 119 1954
f 446 1374 1136
f 679 1374 1311
f 1311 1374 446
f 1954 119 1311
f 1954 1311 1565
f 294 1311 446
f 1311 294 197
f 1565 1311 197
f 1036 1954 1565
f 1606 1502 191
f 191 1212 1606
f 1212 191 1790
f 1378 1790 191
f 1966 1212 1790
f 1114 1966 1790
f 907 1790 1378
f 191 1502 187
f 1378 191 187
f 907 1378 1939
f 187 1502 1373
f 960 187 1373
f 1296 187 960
f 1939 1378 187
f 1939 187 1296
f 1787 907 1939
f 1787 1939 997
f 960 1373 1954
f 997 1939 1296
f 290 1787 997
f 938 960 1954
f 1954 1036 938
f 938 1296 960
f 997 1296 1743
f 1743 1296 938
f 1073 997 1743
f 1073 290 997
f 1735 1114 1790
f 1022 1114 1735
f 1511 1022 1735
f 1425 1511 1735
f 1970 1221 1511
f 1970 1511 1425
f 1621 1790 907
f 1735 1790 1621
f 1425 1735 1621
f 1749 1425 1621
f 955 1970 1425
f 1447 1970 955
f 955 1425 1749
f 1621 907 1787
f 1621 1787 1016
f 1016 1749 1621
f 1749 1016 991
f 955 1749 991
f 955 991 756
f 756 1447 955
f 1016 1787 290
f 991 1016 1875
f 756 991 874
f 1875 1016 290
f 991 1875 874
f 1976 756 874
f 290 1073 1443
f 881 290 1443
f 881 1875 290
f 1750 1875 881
f 874 1875 1750
f 1976 874 1750
f 1750 881 317
f 930 1221 1970
f 1267 1951 930
f 1106 1951 1267
f 1231 930 1970
f 1231 1970 1447
f 1267 930 1231
f 1731 1267 1231
f 1837 1106 1267
f 1837 1267 1731
f 1116 1447 756
f 1231 1447 1116
f 1968 1231 1116
f 1968 1731 1231
f 1731 1968 1370
f 1370 1837 1731
f 1370 1968 134
f 1116 756 1976
f 1116 1976 1235
f 1235 1968 1116
f 134 1968 1235
f 1370 134 1827
f 1235 1976 1765
f 669 134 1235
f 1630 134 669
f 1827 134 1630
f 1976 1750 1397
f 1765 1976 1397
f 669 1235 1765
f 715 1827 1630
f 1935 717 14
f 1924 717 876
f 14 717 1924
f 14 1924 1434
f 1434 1388 14
f 1958 1434 1924
f 1434 552 1388
f 397 552 1434
f 389 1210 702
f 823 1210 389
f 824 1210 823
f 1440 397 1434
f 1440 702 397
f 702 1440 1013
f 389 702 1013
f 1963 389 1013
f 823 389 1963
f 2 823 1963
f 37 1963 1013
f 1918 1963 37
f 1958 1440 1434
f 597 1440 1958
f 1013 1440 597
f 37 1013 597
f 37 597 132
f 93 37 132
f 93 1918 37
f 820 1918 93
f 935 93 132
f 31 93 935
f 31 820 93
f 597 1958 251
f 624 597 251
f 132 597 624
f 97 935 624
f 935 132 624
f 108 935 97
f 31 935 108
f 1849 624 251
f 624 1849 238
f 238 97 624
f 97 238 1185
f 108 97 1185
f 245 251 1958
f 1849 251 245
f 40 238 1849
f 235 238 40
f 1185 238 235
f 1626 1237 235
f 1237 1185 235
f 260 823 2
f 534 917 260
f 2 1963 897
f 2 897 1009
f 1009 260 2
f 534 260 1009
f 534 1009 1128
f 534 1128 892
f 1048 534 892
f 1015 1048 892
f 902 1015 892
f 897 1963 1918
f 897 1918 820
f 978 897 820
f 1009 897 978
f 1128 1009 978
f 892 1128 610
f 892 610 902
f 112 820 31
f 1406 978 112
f 978 820 112
f 1406 1128 978
f 1640 112 108
f 112 31 108
f 1406 112 1640
f 610 1128 1406
f 902 610 1475
f 1237 1640 1185
f 1640 108 1185
f 610 1406 620
f 1475 610 1527
f 1406 1640 437
f 1406 437 620
f 1527 610 620
f 1237 1626 437
f 1640 1237 437
f 1566 1666 902
f 1666 1015 902
f 1646 1666 1566
f 963 1666 1646
f 1646 55 963
f 1711 55 1720
f 55 1646 1720
f 1136 55 1711
f 954 1646 1566
f 1720 1646 954
f 1711 1720 927
f 1475 1566 902
f 954 1566 1475
f 1873 954 1475
f 609 927 1720
f 1720 954 1909
f 609 1720 1909
f 678 1475 1527
f 1873 1475 678
f 1909 954 1873
f 446 1136 1711
f 446 1711 148
f 294 446 148
f 197 294 148
f 197 148 1995
f 1565 197 1995
f 1036 1565 1995
f 378 1711 927
f 378 148 1711
f 1995 148 863
f 863 148 378
f 1099 1995 863
f 1957 378 609
f 378 927 609
f 863 378 1957
f 912 863 1957
f 1099 863 912
f 1099 912 1836
f 938 1036 759
f 1743 938 759
f 719 1036 1995
f 1036 719 759
f 926 1743 759
f 926 1073 1743
f 1443 1073 926
f 1088 759 719
f 1088 926 759
f 926 1088 869
f 980 926 869
f 719 1995 1099
f 1088 719 1099
f 1088 1099 1006
f 1266 1088 1006
f 1452 869 1266
f 869 1088 1266
f 1006 1099 1836
f 881 1443 947
f 317 881 947
f 980 1443 926
f 947 1443 980
f 1397 1750 317
f 1518 1397 317
f 737 317 947
f 1518 317 737
f 737 947 980
f 1112 737 980
f 1251 1518 737
f 980 869 1452
f 980 1452 1112
f 737 1112 1251
f 1812 1518 1251
f 1251 1112 983
f 1812 1251 398
f 1870 1765 1397
f 1700 1765 1870
f 669 1765 1700
f 669 1700 1444
f 1444 1630 669
f 1377 1630 1444
f 1377 715 1630
f 1870 1397 1518
f 1316 1444 11
f 1870 1518 1812
f 1272 1700 1870
f 1272 1870 1812
f 1444 1700 1272
f 11 1444 1272
f 1150 1029 1829
f 1046 1329 1150
f 758 1046 1150
f 593 1046 758
f 1886 593 1971
f 1604 1886 1971
f 1604 1971 1833
f 1604 1833 1306
f 1161 1738 1846
f 481 1187 1846
f 1738 481 1846
f 888 1738 1161
f 1317 888 1161
f 1095 888 1317
f 1548 1095 1317
f 1548 1227 1095
f 44 481 1738
f 1519 44 1738
f 888 1519 1738
f 1253 888 1095
f 1095 1376 1253
f 1227 1376 1095
f 634 44 1519
f 151 634 1519
f 1074 151 1519
f 1253 1074 1519
f 1253 1519 888
f 1376 1223 1253
f 1253 560 1074
f 1223 560 1253
f 1376 1184 1223
f 1298 1846 1695
f 1298 1695 1884
f 1829 1298 1884
f 1317 1298 1029
f 1029 1298 1829
f 1161 1846 1298
f 1317 1161 1298
f 1029 1548 1317
f 1227 1548 1202
f 1202 557 1227
f 557 1202 1793
f 808 1793 1202
f 792 1024 1793
f 1793 808 792
f 792 762 1024
f 1796 557 1793
f 1024 1796 1793
f 557 1376 1227
f 1975 1184 1376
f 1975 1376 557
f 1796 1975 557
f 372 1975 1796
f 1024 372 1796
f 1318 372 1024
f 1329 1548 1029
f 1329 1029 1150
f 1944 1329 1046
f 1547 1944 1046
f 1068 1944 1547
f 1547 1046 593
f 1202 1548 1329
f 1944 1202 1329
f 1944 808 1202
f 1068 792 808
f 1068 808 1944
f 762 792 961
f 762 961 1920
f 1831 1920 961
f 1831 1589 1920
f 1641 1589 1831
f 993 1589 1641
f 762 1709 1024
f 1920 1709 762
f 1709 1318 1024
f 1912 858 1709
f 1920 1912 1709
f 1589 1912 1920
f 1589 1085 1912
f 1085 1589 993
f 858 1318 1709
f 1886 1068 1547
f 593 1886 1547
f 1604 1515 1886
f 1515 1604 91
f 1306 91 1604
f 792 1068 961
f 1515 961 1886
f 961 1068 1886
f 1515 1831 961
f 1641 1831 1728
f 1728 1831 1515
f 1728 1515 91
f 408 993 1641
f 1926 408 1577
f 408 1820 993
f 408 1926 1820
f 1138 747 1926
f 1926 391 1820
f 747 391 1926
f 993 546 1085
f 1820 546 993
f 391 1601 1820
f 1084 391 747
f 1820 1601 546
f 1084 1601 391
f 1435 1084 747
f 522 91 1306
f 1567 91 522
f 320 522 1306
f 1591 522 320
f 1728 91 1567
f 522 621 1567
f 1577 1567 621
f 1614 621 522
f 1591 1614 522
f 579 1614 1591
f 408 1641 1728
f 408 1728 1567
f 1577 408 1567
f 621 266 1577
f 1614 266 621
f 579 277 1614
f 1487 266 1614
f 1487 1614 277
f 1176 277 579
f 1138 1926 1577
f 1138 1577 266
f 1138 266 1676
f 1487 1676 266
f 1676 747 1138
f 1487 236 1676
f 747 1676 1001
f 1435 747 1001
f 1001 744 1435
f 1814 1487 277
f 1814 277 1176
f 1814 236 1487
f 1814 834 236
f 672 1814 1176
f 786 672 1176
f 236 1001 1676
f 672 834 1814
f 382 834 672
f 1042 382 672
f 672 786 1143
f 1143 1042 672
f 1075 1001 236
f 834 1075 236
f 834 186 1075
f 186 834 606
f 606 834 382
f 413 611 1042
f 611 382 1042
f 1763 413 1042
f 264 1763 1143
f 1763 1042 1143
f 1069 305 264
f 305 1763 264
f 603 305 1069
f 744 1001 1075
f 186 376 1075
f 186 606 1064
f 1064 404 186
f 1064 606 71
f 606 382 611
f 71 606 611
f 10 71 611
f 413 10 611
f 677 1064 71
f 677 71 1371
f 305 328 10
f 1371 71 10
f 328 1371 10
f 1763 305 413
f 305 10 413
f 328 859 1371
f 859 677 1371
f 859 328 603
f 328 305 603
f 1303 603 1069
f 1642 603 1303
f 1989 1642 1303
f 177 1989 1303
f 1989 177 1492
f 1492 1072 1989
f 582 1989 1072
f 555 582 1072
f 962 555 1072
f 962 265 555
f 651 859 603
f 651 603 1642
f 958 651 1642
f 670 958 1642
f 670 1642 1989
f 699 958 670
f 582 670 1989
f 582 699 670
f 124 699 582
f 124 582 639
f 639 582 555
f 265 639 555
f 263 265 962
f 206 632 639
f 632 124 639
f 498 206 639
f 498 639 265
f 498 265 263
f 1987 498 263
f 1206 1569 1149
f 1682 1206 946
f 1663 1769 1682
f 1631 634 151
f 1219 1631 151
f 1219 151 1074
f 560 1219 1074
f 560 844 1219
f 1223 844 560
f 1806 844 1223
f 1184 1806 1223
f 1149 1631 1219
f 1219 946 1149
f 844 946 1219
f 1806 1663 844
f 946 1206 1149
f 844 1682 946
f 1663 1682 844
f 1929 1902 605
f 539 1929 998
f 1769 1663 605
f 605 1902 1769
f 1929 1537 1902
f 539 1537 1929
f 1220 1975 372
f 1318 1220 372
f 1157 1806 1184
f 1975 1157 1184
f 1220 1157 1975
f 1933 1220 1318
f 1681 1157 1220
f 1933 1681 1220
f 998 1681 1933
f 1157 605 1806
f 1681 605 1157
f 605 1663 1806
f 1929 605 1681
f 998 1929 1681
f 1876 539 998
f 1876 1964 539
f 1964 1876 1653
f 854 1964 1653
f 1437 854 1653
f 751 1912 1085
f 1933 1318 858
f 653 1933 858
f 1912 653 858
f 751 653 1912
f 1876 998 1933
f 1876 1933 653
f 1653 1876 653
f 751 1653 653
f 1903 1653 751
f 1437 1653 1903
f 546 751 1085
f 1084 801 1601
f 1435 1746 1084
f 1284 751 546
f 1601 1284 546
f 801 1284 1601
f 1084 1746 801
f 1284 1903 751
f 801 1096 1284
f 1746 100 801
f 989 1903 1284
f 1284 1096 989
f 100 1096 801
f 100 645 1096
f 989 1437 1903
f 1758 989 1096
f 645 1758 1096
f 989 612 1437
f 1758 612 989
f 645 556 1758
f 59 556 645
f 1435 1062 1746
f 1062 1435 744
f 1062 1845 1746
f 274 1062 122
f 1845 100 1746
f 1062 1887 1845
f 274 1887 1062
f 1243 784 274
f 348 1248 838
f 133 1887 274
f 133 274 784
f 171 133 784
f 189 171 348
f 838 189 348
f 852 189 838
f 1845 645 100
f 1845 1594 645
f 1594 1845 1887
f 1451 1887 133
f 133 680 1451
f 680 133 171
f 171 189 680
f 1594 59 645
f 1451 1637 1594
f 1451 1594 1887
f 674 1451 680
f 189 674 680
f 1828 674 189
f 1828 189 852
f 1637 59 1594
f 1451 340 1637
f 674 340 1451
f 571 340 674
f 1828 571 674
f 1075 376 744
f 744 376 137
f 1332 137 376
f 1332 368 137
f 404 376 186
f 1332 376 404
f 502 1332 404
f 43 1332 502
f 677 404 1064
f 502 404 677
f 859 412 502
f 412 43 502
f 859 502 677
f 122 1062 744
f 122 744 137
f 122 137 728
f 368 728 137
f 43 497 368
f 497 728 368
f 43 368 1332
f 497 43 412
f 202 497 412
f 866 1248 202
f 866 202 412
f 122 1243 274
f 728 1243 122
f 1030 1243 728
f 1030 202 1535
f 497 202 1030
f 497 1030 728
f 202 1248 1535
f 1265 784 1243
f 171 784 1265
f 1535 1265 1030
f 1265 1243 1030
f 171 1265 348
f 348 1265 1535
f 1248 348 1535
f 1660 838 339
f 1660 339 1083
f 1942 773 1449
f 1660 852 838
f 1083 160 1660
f 773 160 1083
f 160 773 1942
f 585 1807 1449
f 1807 1942 1449
f 585 140 1807
f 1852 852 1660
f 160 1852 1660
f 1942 1745 160
f 1807 1745 1942
f 1571 1745 1807
f 140 1571 1807
f 1852 1828 852
f 160 1304 1852
f 1304 160 1745
f 742 1745 1571
f 1852 338 1828
f 338 1852 1304
f 1745 3 1347
f 1745 1347 1304
f 742 3 1745
f 885 214 1571
f 214 742 1571
f 866 412 651
f 412 859 651
f 1564 866 651
f 1564 651 958
f 1216 1564 958
f 1216 958 699
f 699 943 1216
f 1453 943 699
f 124 1453 699
f 684 1453 124
f 1564 339 866
f 388 943 1453
f 79 908 388
f 79 388 1453
f 79 1453 684
f 339 838 1248
f 339 1248 866
f 1083 339 1564
f 1083 1564 1216
f 1216 773 1083
f 943 773 1216
f 1449 773 943
f 1449 943 388
f 908 1449 388
f 585 1449 908
f 1108 1571 140
f 1108 885 1571
f 1199 885 1108
f 686 1199 1108
f 885 249 214
f 1199 249 885
f 684 124 632
f 805 696 206
f 696 632 206
f 65 805 206
f 65 206 498
f 498 1582 65
f 1987 1582 498
f 953 79 684
f 632 953 684
f 632 696 953
f 696 1622 953
f 65 400 805
f 1582 400 65
f 1987 507 1582
f 1467 283 908
f 1467 908 79
f 1467 79 953
f 221 1467 953
f 1622 221 953
f 805 681 696
f 681 349 1622
f 681 1622 696
f 400 681 805
f 1582 1159 400
f 507 1159 1582
f 1586 140 585
f 283 585 908
f 283 1586 585
f 354 1586 283
f 221 283 1467
f 221 354 283
f 349 354 221
f 349 221 1622
f 349 550 354
f 681 1608 349
f 400 1159 681
f 1159 1608 681
f 1586 405 140
f 1004 405 1586
f 354 1004 1586
f 354 550 1004
f 349 1608 550
f 405 1108 140
f 686 1108 405
f 211 405 1004
f 550 211 1004
f 211 550 1529
f 1608 1529 550
f 686 405 211
f 384 686 211
f 1529 384 211
f 686 226 1199
f 226 686 384
f 384 292 226
f 1529 292 384
f 1608 1770 1529
f 1159 1770 1608
f 1884 1662 185
f 209 1884 185
f 209 1829 1884
f 1829 209 1150
f 1211 1150 209
f 758 1150 1211
f 1712 758 1211
f 1712 1553 758
f 593 758 1553
f 593 1553 1971
f 1488 1971 1553
f 1833 1971 1488
f 1833 1488 1115
f 320 1306 1833
f 1115 320 1833
f 185 1951 1106
f 185 1106 1748
f 1748 209 185
f 209 1748 1034
f 1034 1748 1900
f 1211 209 1034
f 945 1106 1837
f 1748 1106 945
f 1900 1748 945
f 9 1034 1900
f 1059 1837 1370
f 945 1837 1059
f 945 1059 1014
f 1014 1900 945
f 1661 1900 1014
f 1661 9 1900
f 1014 1059 734
f 1190 1661 1014
f 1827 1059 1370
f 734 1059 1827
f 1190 1014 734
f 409 1661 1190
f 1827 715 660
f 734 1827 660
f 1523 734 660
f 1523 1190 734
f 1426 409 1190
f 1426 1190 1523
f 1426 1523 1123
f 985 1211 1034
f 1712 1211 985
f 1712 985 324
f 1670 1553 1712
f 324 1670 1712
f 985 1034 9
f 985 9 1214
f 1151 985 1214
f 985 1151 324
f 324 1151 903
f 9 1661 1337
f 1214 9 1337
f 1704 1214 1337
f 1704 1151 1214
f 1835 1151 1704
f 903 1151 1835
f 1337 1661 409
f 1704 1337 409
f 1835 1704 1217
f 1217 1704 409
f 1697 1835 1217
f 409 1426 1217
f 1217 1426 1927
f 1747 1217 1927
f 1747 1697 1217
f 1242 1697 1747
f 1927 1426 268
f 1955 1670 324
f 1488 1553 1670
f 1488 1670 1955
f 829 1488 1955
f 1115 1488 829
f 1115 829 415
f 1955 324 903
f 1955 903 1140
f 1955 1140 763
f 829 1955 763
f 1575 829 763
f 415 829 1575
f 1979 1575 763
f 1652 903 1835
f 1140 903 1652
f 1979 763 1140
f 1979 1652 496
f 1979 1140 1652
f 1402 1575 1979
f 1402 1979 1258
f 1652 1835 1697
f 1947 1979 496
f 1258 1979 1947
f 1652 1697 496
f 1697 1242 1165
f 496 1697 1165
f 1819 496 1165
f 1947 496 1819
f 101 1947 1819
f 101 1258 1947
f 1007 320 1115
f 415 1007 1115
f 1122 1591 320
f 1122 320 1007
f 1409 415 1575
f 427 1007 415
f 427 415 1409
f 427 1122 1007
f 1066 1122 427
f 1591 1122 579
f 1066 579 1122
f 1516 427 1409
f 1135 427 1516
f 1066 427 1135
f 1060 579 1066
f 1060 1176 579
f 1934 1060 1066
f 1135 1934 1066
f 61 1934 1135
f 1409 1575 1402
f 1516 1409 827
f 1409 1402 827
f 1135 1516 1950
f 604 1402 1258
f 604 827 1402
f 1516 827 1950
f 654 1950 827
f 1950 61 1135
f 604 654 827
f 1781 1950 654
f 1005 61 1950
f 1305 604 1258
f 1305 1258 101
f 1430 604 1305
f 654 604 1430
f 1781 1005 1950
f 654 1430 1781
f 1781 1430 1673
f 1781 1352 1005
f 1934 565 1060
f 1176 1060 786
f 1998 565 1934
f 1998 1934 61
f 565 786 1060
f 118 786 565
f 1998 61 1244
f 565 451 118
f 451 565 1998
f 1143 786 118
f 61 1005 1244
f 1244 1005 1194
f 1998 431 451
f 1998 1244 431
f 451 512 118
f 431 1244 141
f 98 264 1143
f 98 1143 118
f 98 118 512
f 454 512 451
f 454 192 512
f 1400 264 490
f 264 98 490
f 1400 1069 264
f 1163 1400 490
f 1244 234 141
f 234 1244 1194
f 512 490 98
f 192 490 512
f 454 451 431
f 454 431 1314
f 463 1314 141
f 1314 431 141
f 1163 490 192
f 27 192 454
f 27 1163 192
f 27 454 1314
f 27 1314 1167
f 1092 1163 27
f 27 1167 1092
f 1730 1400 1163
f 1730 1163 1092
f 1158 1069 1400
f 1158 1303 1069
f 1730 1158 1400
f 1520 1158 1730
f 177 1303 1158
f 1520 177 1158
f 1534 177 1520
f 1492 177 1534
f 514 1492 1534
f 136 514 1534
f 514 1072 1492
f 962 1072 514
f 1421 962 514
f 129 1421 514
f 514 136 736
f 736 129 514
f 1730 1092 257
f 1092 1838 257
f 1730 257 755
f 1520 1730 755
f 1534 1520 1442
f 1442 1520 755
f 1442 755 1839
f 136 1534 1442
f 596 136 1442
f 596 1442 743
f 736 136 718
f 1278 718 596
f 718 136 596
f 1421 263 962
f 1421 18 263
f 129 18 1421
f 460 129 736
f 176 460 736
f 176 736 718
f 1278 176 718
f 18 1987 263
f 18 129 460
f 1081 1523 660
f 660 715 1377
f 660 1377 1081
f 1123 1523 1081
f 1644 1123 1081
f 1021 1123 1644
f 1377 1444 1316
f 1530 1081 1377
f 1644 1081 1530
f 1530 1377 1316
f 1188 1644 1530
f 1316 11 1619
f 1619 1530 1316
f 1530 1619 1188
f 1510 1644 1188
f 1505 1510 1188
f 268 1426 1123
f 1747 1927 1091
f 1747 1091 1242
f 1021 268 1123
f 1928 1927 268
f 1091 1927 1928
f 1928 268 1021
f 1091 1928 296
f 1277 1091 296
f 1021 1644 1510
f 1928 1021 1510
f 296 1928 992
f 1928 1510 992
f 1459 1277 296
f 1510 860 992
f 1459 296 992
f 1242 1091 1291
f 1165 1242 1291
f 1819 1165 1291
f 1819 1291 1715
f 1715 101 1819
f 905 101 1715
f 1291 1091 1277
f 1291 1847 1715
f 1755 905 1715
f 1847 1291 1277
f 1755 1715 1847
f 944 1847 1277
f 1669 1755 1847
f 944 1277 1459
f 1669 1847 944
f 1669 1107 1755
f 1305 101 905
f 1673 1352 1781
f 1195 1430 905
f 1430 1305 905
f 1673 1430 1195
f 1352 1673 1813
f 1673 1195 1120
f 1813 1673 1120
f 1148 905 1755
f 1195 905 1148
f 753 1195 1148
f 1195 753 1120
f 1813 1120 1698
f 1107 1148 1755
f 753 1375 1120
f 1375 1698 1120
f 1358 1148 1107
f 753 1148 1358
f 1698 1375 1418
f 1496 753 1358
f 1375 753 1496
f 234 117 141
f 117 463 141
f 117 234 1234
f 1167 1314 463
f 463 117 399
f 1167 463 399
f 1838 1092 1167
f 1838 1167 399
f 1742 1838 1919
f 1838 399 1919
f 350 1234 234
f 350 234 370
f 1234 7 117
f 1234 373 7
f 84 373 350
f 373 1234 350
f 399 117 7
f 1919 7 373
f 399 7 1919
f 1742 1919 479
f 849 84 350
f 373 84 1481
f 1481 479 373
f 479 1919 373
f 84 849 1481
f 479 1481 1166
f 1742 479 1166
f 1054 1742 1166
f 1481 849 360
f 1166 1481 360
f 1166 360 342
f 1352 1194 1005
f 370 234 1194
f 964 370 1352
f 370 1194 1352
f 1645 350 370
f 1813 964 1352
f 964 1645 370
f 1645 849 350
f 1645 964 567
f 1813 28 964
f 1698 28 1813
f 1204 360 849
f 1645 567 1204
f 1204 849 1645
f 342 360 1204
f 1166 342 1550
f 1054 1166 1550
f 964 28 567
f 28 1824 567
f 567 1824 131
f 1204 567 131
f 1204 131 1545
f 1545 342 1204
f 1550 342 1545
f 1698 1236 28
f 1824 28 1236
f 857 131 1824
f 1664 1545 857
f 1545 131 857
f 1664 1550 1545
f 1550 1664 707
f 1698 1418 1236
f 1824 1236 332
f 607 1824 332
f 607 857 1824
f 1664 857 607
f 1418 576 1236
f 332 1236 576
f 1922 607 332
f 1664 607 1922
f 1930 1664 1922
f 707 1664 1930
f 1838 1742 515
f 257 1838 515
f 642 257 515
f 755 257 642
f 1839 755 642
f 743 1442 1839
f 1462 743 1839
f 566 596 743
f 1278 596 566
f 1883 642 515
f 358 1839 642
f 358 642 1883
f 1839 358 1462
f 990 743 1462
f 566 743 990
f 990 1462 1263
f 515 1742 1054
f 1883 515 1054
f 358 1883 923
f 358 923 1491
f 1462 358 1491
f 1263 1462 1491
f 1727 1883 1054
f 923 1883 1727
f 1727 1054 459
f 1780 1263 1491
f 1054 1550 459
f 1727 459 1850
f 511 923 1850
f 923 1727 1850
f 1491 923 511
f 1679 1491 511
f 1780 1491 1679
f 469 1780 1679
f 459 1550 707
f 470 459 707
f 470 1850 459
f 939 469 1679
f 1413 1850 470
f 1413 511 1850
f 219 511 1413
f 575 511 219
f 575 1679 511
f 887 939 575
f 939 1679 575
f 1691 470 1930
f 470 707 1930
f 1413 470 1691
f 925 887 575
f 176 486 460
f 1278 312 176
f 312 1278 566
f 18 288 1987
f 460 288 18
f 486 288 460
f 1058 486 176
f 215 1058 312
f 1058 176 312
f 180 312 566
f 1752 180 990
f 180 566 990
f 288 507 1987
f 394 507 288
f 394 288 486
f 486 959 394
f 1058 959 486
f 215 959 1058
f 121 312 180
f 215 312 121
f 990 1263 1752
f 21 1752 1263
f 146 959 215
f 146 215 121
f 180 1752 121
f 121 1752 1751
f 1319 507 394
f 959 1319 394
f 574 959 146
f 1263 1780 583
f 21 1263 583
f 85 146 121
f 769 85 121
f 769 121 1751
f 1751 1334 769
f 1334 1751 21
f 1751 1752 21
f 21 583 33
f 33 1334 21
f 1319 1159 507
f 959 574 1319
f 146 85 574
f 1334 562 769
f 85 1342 574
f 562 1342 85
f 562 85 769
f 1334 1539 562
f 33 1539 1334
f 33 529 1539
f 1342 1319 574
f 529 48 1539
f 529 76 48
f 562 1280 1342
f 1539 1280 562
f 1539 48 1280
f 76 1286 48
f 1286 289 48
f 1319 1770 1159
f 289 1280 48
f 469 33 583
f 583 1780 469
f 529 33 469
f 529 469 939
f 887 529 939
f 76 529 887
f 76 887 478
f 887 925 478
f 76 478 1286
f 1320 976 1821
f 58 300 1401
f 1 300 58
f 1821 300 1
f 1821 1 1320
f 333 461 590
f 333 1401 461
f 333 58 1401
f 1 58 242
f 1 242 379
f 1320 1 379
f 333 590 34
f 242 58 333
f 34 242 333
f 379 242 188
f 1522 1320 379
f 188 242 34
f 1028 188 34
f 1028 1414 188
f 1905 1320 1522
f 1940 1522 477
f 379 188 477
f 1522 379 477
f 1414 477 188
f 1940 477 46
f 1906 1522 1940
f 1522 1906 1905
f 46 1414 1154
f 1414 46 477
f 1940 46 335
f 1906 1940 335
f 1906 851 1905
f 807 1154 280
f 807 46 1154
f 807 335 46
f 807 395 335
f 1906 335 848
f 1179 1906 848
f 1906 1179 851
f 1179 1063 851
f 395 848 335
f 475 848 198
f 475 1179 848
f 1063 1179 501
f 1179 475 501
f 1063 89 851
f 1063 250 89
f 198 395 152
f 198 152 104
f 395 198 848
f 198 45 475
f 976 1320 1924
f 1924 1320 1905
f 1916 1924 1905
f 1905 89 1916
f 1905 851 89
f 1924 1916 416
f 416 1916 172
f 590 461 483
f 1877 483 74
f 1797 1877 74
f 683 34 590
f 483 683 590
f 483 667 683
f 1877 667 483
f 1327 667 1877
f 1797 1893 1877
f 1797 1879 1893
f 1028 34 683
f 683 1556 1028
f 667 1556 683
f 1893 1327 1877
f 1556 1414 1028
f 667 114 1556
f 1327 114 667
f 1154 1414 1556
f 1556 114 1154
f 875 1327 1893
f 1879 325 1893
f 114 280 1154
f 280 1110 807
f 1800 280 114
f 1327 1800 114
f 875 1800 1327
f 325 875 1893
f 1879 1801 325
f 1110 395 807
f 1110 280 1800
f 1264 1800 875
f 1264 875 325
f 1801 1593 325
f 152 395 1110
f 1800 152 1110
f 1800 777 152
f 1264 777 1800
f 325 644 1264
f 1593 644 325
f 1587 1797 1572
f 1990 1895 1587
f 731 1895 1990
f 1587 1879 1797
f 1356 1879 1587
f 1356 1587 1895
f 1385 1895 731
f 731 1019 1385
f 1385 1356 1895
f 1356 1801 1879
f 1385 1117 1356
f 1356 1117 1801
f 1385 1962 1117
f 1019 1962 1385
f 1801 740 1593
f 1117 740 1801
f 1117 602 740
f 602 1117 1962
f 1739 602 1962
f 1497 1872 731
f 1948 1872 1325
f 158 1948 1325
f 1872 1019 731
f 1542 1948 158
f 1597 1542 158
f 1767 1019 1872
f 1948 1767 1872
f 781 1767 1948
f 1542 781 1948
f 1767 1197 1019
f 1197 1962 1019
f 1767 1353 1197
f 781 1353 1767
f 1197 689 1962
f 1353 1200 1197
f 781 508 1353
f 508 1309 1353
f 1597 158 1111
f 1111 1917 1597
f 996 1917 1126
f 1917 853 1597
f 996 1328 1917
f 1597 853 1542
f 1328 853 1917
f 1446 1328 996
f 853 482 1542
f 1328 482 853
f 508 781 1542
f 482 508 1542
f 1771 482 1328
f 1446 1771 1328
f 1446 1366 1771
f 1722 803 561
f 1722 561 815
f 803 996 1126
f 1862 1722 815
f 1722 1238 803
f 803 1238 996
f 210 1722 1862
f 1238 1446 996
f 1722 210 1238
f 1862 1105 210
f 210 1391 1238
f 1391 1446 1238
f 1854 1446 1391
f 1706 1391 210
f 210 673 1706
f 1105 673 210
f 1446 1854 1366
f 625 1862 815
f 1708 625 1569
f 1826 1862 625
f 1708 1826 625
f 1826 1105 1862
f 1708 1802 1826
f 1826 1881 1105
f 1105 1881 673
f 1802 1881 1826
f 1802 1685 1881
f 1881 1503 673
f 1685 1292 1881
f 1901 1916 250
f 1916 89 250
f 501 475 45
f 250 1063 682
f 1063 501 682
f 45 198 104
f 104 8 45
f 501 45 218
f 682 501 218
f 250 682 665
f 250 665 1901
f 62 45 8
f 62 218 45
f 62 139 218
f 513 218 139
f 682 218 513
f 665 682 513
f 665 513 911
f 665 911 1177
f 1177 1901 665
f 62 306 139
f 139 488 513
f 570 911 22
f 911 513 22
f 709 1177 570
f 1177 911 570
f 488 22 513
f 488 126 22
f 126 570 22
f 586 709 570
f 771 570 126
f 586 570 771
f 299 586 771
f 1766 1916 1901
f 172 1916 1766
f 172 1012 416
f 416 1124 1080
f 1766 1901 1177
f 543 172 1766
f 444 416 1012
f 1124 416 444
f 543 1177 709
f 543 1766 1177
f 543 1012 172
f 256 709 586
f 1674 543 256
f 543 709 256
f 1012 543 1674
f 444 1012 1674
f 1124 839 1080
f 237 1674 256
f 1674 237 528
f 1674 528 968
f 444 1674 968
f 170 444 968
f 170 1124 444
f 839 1124 170
f 428 49 839
f 49 1080 839
f 347 586 299
f 586 347 256
f 237 256 347
f 968 528 231
f 968 231 553
f 170 968 553
f 170 553 928
f 928 839 170
f 436 839 664
f 839 928 664
f 428 839 436
f 347 299 919
f 347 919 68
f 347 68 165
f 237 347 165
f 1171 237 165
f 528 237 1171
f 231 528 1171
f 549 428 436
f 231 1171 230
f 174 553 230
f 553 231 230
f 123 928 553
f 123 553 174
f 928 123 664
f 5 436 664
f 123 5 664
f 5 549 436
f 5 241 549
f 152 777 104
f 777 8 104
f 1264 1555 777
f 644 1555 1264
f 1593 1169 644
f 190 62 8
f 190 306 62
f 190 8 777
f 1555 190 777
f 1555 906 190
f 644 1554 1555
f 1169 1554 644
f 656 139 306
f 190 906 306
f 656 306 906
f 1555 1554 906
f 1554 52 906
f 1169 519 1554
f 488 139 656
f 1994 488 656
f 1994 126 488
f 1994 656 906
f 906 886 1994
f 52 886 906
f 1554 1773 52
f 519 1773 1554
f 1994 1090 126
f 771 126 1090
f 1090 201 771
f 1090 1994 886
f 886 476 1090
f 476 201 1090
f 476 886 52
f 52 1773 476
f 1773 1985 476
f 519 1321 1773
f 201 299 771
f 201 919 299
f 476 1724 201
f 1724 919 201
f 1985 1724 476
f 1321 1536 1773
f 1536 1985 1773
f 1321 255 1536
f 270 165 68
f 1171 165 270
f 1724 68 919
f 1724 41 68
f 41 270 68
f 1985 1423 1724
f 41 1724 1423
f 1536 1423 1985
f 230 1171 270
f 270 797 230
f 230 1713 174
f 1713 156 123
f 1713 123 174
f 156 5 123
f 41 797 270
f 1713 230 797
f 452 1713 797
f 452 1175 1713
f 1423 797 41
f 452 797 1423
f 246 1175 452
f 452 1423 1405
f 246 452 1405
f 1405 1423 1536
f 255 1405 1536
f 1741 246 1405
f 465 1741 1405
f 740 1169 1593
f 689 1739 1962
f 740 1053 1169
f 602 1932 740
f 1932 1053 740
f 1739 1932 602
f 689 1172 1739
f 1053 519 1169
f 1739 1433 1932
f 1739 1172 1433
f 1321 519 1053
f 1932 922 1053
f 1433 922 1932
f 922 1321 1053
f 1433 1923 922
f 713 1923 1433
f 1172 713 1433
f 1592 255 1321
f 1592 1321 922
f 1923 1592 922
f 1282 1592 1923
f 713 1282 1923
f 713 1302 1282
f 465 1405 255
f 1592 465 255
f 1127 465 1592
f 1082 465 1127
f 1282 1127 1592
f 1858 1127 1282
f 1858 1282 1302
f 1302 1795 1858
f 1200 689 1197
f 1353 1309 1200
f 1200 882 689
f 1309 882 1200
f 508 1891 1309
f 882 1172 689
f 1209 1172 882
f 1309 1480 882
f 1309 1891 1480
f 882 1785 1209
f 1480 1785 882
f 1363 1480 1891
f 1209 713 1172
f 1363 1785 1480
f 1209 1576 713
f 1785 1576 1209
f 872 1576 1785
f 1618 872 1785
f 1618 1785 1363
f 1576 1302 713
f 1795 1302 1396
f 1302 1576 872
f 1396 1302 872
f 1618 199 872
f 1396 872 199
f 1580 199 1618
f 482 1271 508
f 1771 1271 482
f 1771 1851 1271
f 1366 1851 1771
f 1271 1891 508
f 1851 842 1271
f 1366 1241 1851
f 1241 842 1851
f 1271 1961 1891
f 842 1961 1271
f 1241 640 842
f 1363 1891 1961
f 842 1729 1961
f 640 1729 842
f 1980 1363 1961
f 1729 1980 1961
f 1772 1618 1363
f 1772 1363 1980
f 640 1602 1729
f 1602 1980 1729
f 640 1203 1602
f 1980 1588 1772
f 1602 1588 1980
f 1772 1580 1618
f 1588 1580 1772
f 1588 695 1580
f 695 1588 833
f 833 1270 695
f 833 1588 1602
f 1203 833 1602
f 1039 1270 833
f 1415 1854 1391
f 1415 1391 1706
f 1854 1241 1366
f 1854 843 1241
f 1415 843 1854
f 1706 1393 1415
f 720 1393 1706
f 673 720 1706
f 843 1603 1241
f 1393 843 1415
f 720 1407 1393
f 1603 640 1241
f 1783 843 1393
f 843 1783 1603
f 1407 1783 1393
f 1203 640 1603
f 1783 16 1603
f 16 1203 1603
f 1783 1301 16
f 1301 1783 1407
f 796 1301 1407
f 1203 1039 833
f 16 1039 1203
f 1699 1039 16
f 1454 1039 1699
f 1301 1699 16
f 1301 1595 1699
f 1595 1454 1699
f 1595 1301 796
f 1881 1292 1503
f 673 1503 720
f 1292 1791 1503
f 1685 1057 1292
f 1057 904 1292
f 1791 1346 720
f 1791 720 1503
f 904 1791 1292
f 1057 1777 904
f 720 1346 1407
f 1617 1346 1791
f 904 1617 1791
f 1617 1230 1346
f 904 1456 1617
f 1777 1456 904
f 1346 796 1407
f 1346 1230 796
f 1181 1230 1617
f 1456 1181 1617
f 1230 1162 796
f 1162 1230 1181
f 1300 1181 1456
f 1162 1595 796
f 1162 868 1595
f 868 517 1595
f 595 868 1162
f 1181 595 1162
f 1300 595 1181
f 1300 1509 595
f 241 5 273
f 156 273 5
f 1713 1175 156
f 1175 273 156
f 1175 847 273
f 125 847 1175
f 125 1175 246
f 246 889 125
f 1741 889 246
f 1082 1741 465
f 1858 1082 1127
f 1858 1299 1082
f 1299 1858 1795
f 1795 1174 1299
f 1584 1174 1795
f 1396 1584 1795
f 1584 1396 199
f 901 1584 199
f 199 1240 901
f 1580 1240 199
f 695 1240 1580
f 1639 1240 695
f 695 1270 1639
f 1039 1008 1270
f 1454 1008 1039
f 517 1454 1595
f 1344 1454 517
f 868 1315 517
f 1315 1841 517
f 595 1315 868
f 1889 1315 595
f 1509 1889 595
f 1469 1958 1924
f 245 1958 1469
f 1692 1469 1924
f 1387 1692 1924
f 1387 1924 1907
f 1907 1924 240
f 1931 1924 1080
f 1924 416 1080
f 1931 240 1924
f 1649 1931 1080
f 1849 245 1208
f 40 1849 1208
f 414 235 40
f 1208 245 1469
f 1208 1469 258
f 244 1208 258
f 244 40 1208
f 362 40 244
f 414 40 362
f 258 1469 568
f 663 244 258
f 244 663 147
f 362 244 147
f 1469 1692 1245
f 1245 568 1469
f 663 258 568
f 663 568 293
f 303 663 293
f 147 663 303
f 1256 568 1245
f 194 293 1256
f 293 568 1256
f 293 194 1089
f 303 293 1089
f 1349 1692 1387
f 974 1692 1349
f 974 1245 1692
f 591 1256 974
f 1256 1245 974
f 591 194 1256
f 194 591 336
f 618 194 336
f 618 1089 194
f 974 1349 592
f 1436 591 974
f 591 1436 383
f 336 591 383
f 1349 1387 435
f 435 592 1349
f 262 974 592
f 1436 974 262
f 1146 128 1436
f 1146 1436 262
f 383 1436 128
f 1626 235 414
f 362 1626 414
f 63 766 303
f 766 362 147
f 766 147 303
f 1570 63 303
f 63 1570 1984
f 1101 1340 1984
f 1671 1340 1101
f 1570 303 1089
f 1984 1570 559
f 618 1570 1089
f 559 1570 618
f 1101 1984 559
f 1558 1671 1101
f 1981 336 383
f 1981 618 336
f 1981 559 618
f 559 1825 910
f 1101 559 910
f 910 1558 1101
f 385 383 128
f 385 1981 383
f 1981 385 1825
f 1825 559 1981
f 1558 910 1065
f 115 437 1626
f 620 437 115
f 1340 1527 620
f 766 1626 362
f 115 1626 766
f 620 115 1340
f 678 1527 1340
f 63 115 766
f 1984 115 63
f 115 1984 1340
f 678 1340 1671
f 1658 1671 1558
f 952 1658 1508
f 1834 952 832
f 1508 1658 1558
f 832 952 1508
f 832 1508 1494
f 840 1558 1065
f 1372 1558 840
f 1508 1558 1372
f 153 1508 1372
f 1494 1508 153
f 628 832 1494
f 609 1909 1834
f 1658 678 1671
f 1873 678 1658
f 952 1873 1658
f 1909 1873 952
f 1834 1909 952
f 1834 1281 1255
f 1281 1834 832
f 1255 1281 1351
f 169 1255 1351
f 1281 832 628
f 1281 598 1351
f 1333 169 1351
f 169 1333 1336
f 1281 628 598
f 1351 598 1761
f 1333 1351 1761
f 1957 609 1834
f 912 1957 1255
f 1957 1834 1255
f 169 912 1255
f 1836 912 169
f 1144 1703 169
f 1307 1703 1144
f 467 1307 861
f 169 1336 1144
f 1719 1307 1144
f 1719 861 1307
f 657 1144 1336
f 1144 657 1719
f 861 1719 1707
f 1452 1266 6
f 1703 1836 169
f 1006 1836 1703
f 1307 1266 1703
f 1266 1006 1703
f 467 1266 1307
f 6 1266 467
f 845 398 489
f 1599 467 861
f 489 1326 845
f 723 489 1599
f 1326 489 723
f 17 1599 861
f 1599 17 723
f 17 861 1707
f 1921 723 17
f 1717 723 1921
f 1717 1326 723
f 1326 1717 909
f 1112 1452 6
f 983 1112 6
f 398 1251 983
f 1599 6 467
f 1599 983 6
f 489 983 1599
f 489 398 983
f 1269 1345 778
f 778 1198 845
f 714 778 845
f 909 845 1326
f 845 909 714
f 749 778 714
f 749 1269 778
f 971 1269 749
f 254 714 909
f 749 714 1718
f 1198 1272 1812
f 1345 11 1272
f 11 1345 1723
f 1198 1812 398
f 1345 1272 1198
f 845 1198 398
f 1345 1198 778
f 1723 1345 1269
f 1493 1907 1129
f 1907 240 1129
f 240 1931 1736
f 1129 240 1736
f 49 1649 1080
f 1931 1649 676
f 1736 1931 676
f 822 1129 1736
f 822 1441 1129
f 1999 1649 49
f 90 1649 1999
f 676 1649 90
f 468 1736 1863
f 1736 676 1863
f 822 1736 468
f 825 822 468
f 825 1020 822
f 1020 224 822
f 1999 49 428
f 1999 428 233
f 1999 233 474
f 474 90 1999
f 90 474 1229
f 90 1229 12
f 676 90 12
f 1863 676 12
f 913 1229 474
f 12 204 1863
f 204 19 1863
f 19 468 1863
f 825 468 19
f 951 1020 825
f 631 233 549
f 233 428 549
f 241 631 549
f 466 233 631
f 474 233 466
f 1357 474 466
f 913 474 1357
f 64 1229 913
f 12 1229 64
f 204 12 64
f 69 1387 1907
f 69 435 1387
f 448 592 435
f 262 592 448
f 262 448 1146
f 1493 69 1907
f 435 69 1609
f 435 1609 589
f 589 448 435
f 75 448 589
f 1146 448 75
f 282 1146 75
f 1609 69 1493
f 589 1609 480
f 167 589 480
f 915 589 167
f 75 589 915
f 1493 1129 1441
f 1493 1441 542
f 542 1609 1493
f 480 1609 542
f 261 480 542
f 261 310 480
f 167 480 310
f 224 542 1441
f 224 1441 822
f 542 224 471
f 261 542 471
f 227 261 471
f 227 310 261
f 224 1020 817
f 817 471 224
f 608 951 19
f 951 825 19
f 951 608 1525
f 1196 1428 1525
f 1904 492 1196
f 1357 466 316
f 316 748 1357
f 748 913 1357
f 748 64 913
f 776 64 748
f 776 204 64
f 315 204 776
f 608 204 315
f 19 204 608
f 207 776 748
f 207 168 776
f 168 315 776
f 168 608 315
f 168 1525 608
f 1183 168 207
f 1196 1525 168
f 1196 168 1183
f 1003 1196 1183
f 1904 1196 1003
f 128 1146 282
f 282 385 128
f 385 282 920
f 1825 385 920
f 1102 910 1825
f 1065 910 1102
f 38 282 915
f 282 75 915
f 920 282 38
f 1365 1102 920
f 1102 1825 920
f 1065 1102 1416
f 1065 1416 775
f 688 915 167
f 688 38 915
f 38 688 1365
f 920 38 1365
f 1416 1102 1365
f 195 167 310
f 195 688 167
f 688 195 1811
f 1365 688 1811
f 1365 1811 1686
f 1686 1416 1365
f 1960 1416 1686
f 775 1416 1960
f 314 227 471
f 314 826 227
f 826 195 310
f 826 310 227
f 1811 826 314
f 1811 195 826
f 1686 492 1960
f 817 314 471
f 314 817 1809
f 314 1809 1428
f 1428 1811 314
f 1686 1811 1428
f 492 1686 1428
f 1960 492 1904
f 1809 1020 951
f 1809 817 1020
f 1525 1809 951
f 1428 1809 1525
f 1196 492 1428
f 1355 1398 1544
f 1355 184 1398
f 1568 1224 1003
f 1224 1904 1003
f 1544 1904 1224
f 1207 1224 1380
f 1544 1224 1355
f 1355 1224 1207
f 1178 1355 1207
f 184 1355 1178
f 840 1065 775
f 1372 840 775
f 1372 775 1390
f 153 1372 1390
f 1279 153 1390
f 1494 153 1279
f 1885 1494 1279
f 628 1494 1885
f 1411 775 1960
f 1390 775 1411
f 587 1279 1390
f 599 1279 587
f 1885 1279 599
f 587 1390 1411
f 1411 1960 1904
f 1411 1904 1544
f 1411 1544 1398
f 1398 587 1411
f 184 587 1398
f 184 599 587
f 1607 458 1287
f 1855 1956 1056
f 1287 184 1178
f 1557 1607 1178
f 1287 1178 1607
f 1607 1557 1395
f 1395 1956 1607
f 1956 458 1607
f 1056 1956 1395
f 1056 1395 1726
f 1336 1333 1892
f 598 628 1885
f 598 1885 1113
f 1761 598 1113
f 1761 1113 1109
f 1109 1892 1761
f 1892 1333 1761
f 161 1885 599
f 1113 1885 161
f 1261 1113 161
f 1109 1113 1261
f 1109 1261 1965
f 599 184 1287
f 161 599 1287
f 458 161 1287
f 458 1261 161
f 1956 1261 458
f 1965 1261 1956
f 1965 1956 1855
f 1448 1855 1056
f 1056 1726 1978
f 1978 1448 1056
f 499 1448 1978
f 1620 499 1978
f 1816 1448 499
f 1687 499 1620
f 499 1732 1816
f 212 499 1687
f 212 1732 499
f 1719 657 1943
f 1707 1719 1943
f 657 1892 965
f 657 1336 1892
f 1943 657 1038
f 1943 1861 745
f 1707 1943 745
f 1892 1109 965
f 1038 657 965
f 1861 1943 1038
f 965 1109 1965
f 279 1038 965
f 1038 279 1861
f 965 1965 1855
f 1514 1861 279
f 1448 965 1855
f 279 965 1448
f 279 1448 1816
f 1816 1514 279
f 1732 1514 1816
f 212 1562 1732
f 1562 212 1153
f 212 1687 1997
f 1997 1153 212
f 472 1153 1997
f 472 1701 1153
f 977 1701 472
f 17 1707 745
f 1624 17 745
f 1921 17 1624
f 1808 1717 1921
f 1717 1808 652
f 745 1861 1041
f 745 1041 1624
f 1808 1921 1624
f 1861 1514 1041
f 637 1808 1624
f 800 1808 637
f 652 1808 800
f 1041 1514 1562
f 1562 1624 1041
f 637 1624 1562
f 1562 1514 1732
f 637 1562 1701
f 977 800 1701
f 800 637 1701
f 1701 1562 1153
f 711 1969 1799
f 304 1969 711
f 1936 472 1841
f 1936 977 472
f 1799 977 1936
f 711 1799 1936
f 711 1936 693
f 711 693 1408
f 1408 304 711
f 1848 304 1408
f 714 254 1718
f 254 1717 652
f 909 1717 254
f 1718 254 1667
f 749 1718 1598
f 725 749 1598
f 1023 749 725
f 1667 254 652
f 1598 1718 1667
f 661 652 800
f 661 1667 652
f 1598 1667 1696
f 1276 725 1696
f 725 1598 1696
f 1696 1667 661
f 977 661 800
f 661 977 1799
f 1969 661 1799
f 1969 1696 661
f 1696 1969 304
f 304 1276 1696
f 1142 631 241
f 466 631 1142
f 316 466 1142
f 1142 241 273
f 1142 273 847
f 1252 316 1142
f 1252 1142 847
f 1252 748 316
f 207 748 1252
f 1252 847 125
f 125 1183 207
f 125 207 1252
f 889 1183 125
f 889 1003 1183
f 1741 1568 889
f 1568 1003 889
f 1568 1741 1082
f 1380 1568 1082
f 1224 1568 1380
f 1380 1082 1299
f 1299 1207 1380
f 1174 1207 1299
f 1178 1207 1174
f 1178 1174 1557
f 1557 1174 1584
f 1557 1584 901
f 1395 1557 901
f 1726 1395 901
f 1726 901 1240
f 1639 1726 1240
f 1978 1726 1639
f 1639 1620 1978
f 1620 1639 1270
f 1008 1620 1270
f 1008 1687 1620
f 1997 1687 1008
f 1454 1344 1008
f 1344 1997 1008
f 472 1997 1344
f 1841 1344 517
f 1841 472 1344
f 1315 693 1841
f 693 1936 1841
f 1889 693 1315
f 1408 693 1889
f 1864 1408 1889
f 1206 1708 1569
f 1477 1708 1206
f 1477 1206 1682
f 1682 649 1477
f 1769 649 1682
f 1769 1830 649
f 1477 1802 1708
f 1477 1432 1802
f 1432 1477 649
f 649 1471 1432
f 1830 1471 649
f 1830 1910 1471
f 1432 433 1802
f 1685 1802 433
f 1471 433 1432
f 1910 1549 1471
f 1057 1685 433
f 1471 1412 433
f 1412 1330 433
f 1471 1549 1412
f 539 1684 1537
f 1902 698 1769
f 698 1830 1769
f 1537 1623 1902
f 1623 698 1902
f 1684 1623 1537
f 1623 690 698
f 541 1623 1684
f 1910 1830 698
f 690 1910 698
f 1623 541 690
f 541 1500 690
f 942 1549 1910
f 942 1910 690
f 690 1561 942
f 1500 1561 690
f 1753 1500 541
f 1512 854 1437
f 1964 1684 539
f 536 1684 1964
f 536 1964 854
f 854 1512 536
f 1512 1578 536
f 1628 1684 536
f 1512 588 1578
f 1684 1628 541
f 536 1578 1628
f 588 1335 1578
f 1628 1753 541
f 1044 1628 1578
f 1044 1578 1335
f 619 1753 1628
f 619 1628 1044
f 1335 1648 1044
f 1482 1648 1335
f 612 1512 1437
f 1758 662 612
f 556 662 1758
f 1744 1512 612
f 662 1744 612
f 59 1759 556
f 59 1972 1759
f 1512 1744 588
f 556 1759 662
f 1759 1610 662
f 662 1610 1744
f 1744 86 588
f 1610 86 1744
f 527 1610 1759
f 1818 527 1759
f 86 1335 588
f 1139 86 1610
f 527 1139 1610
f 1031 527 1818
f 527 1992 1139
f 527 1031 1992
f 86 1482 1335
f 1450 1482 86
f 1450 86 1139
f 1637 1972 59
f 340 1479 1637
f 573 1479 340
f 571 573 340
f 1828 1996 571
f 1637 1479 1972
f 1061 573 571
f 1996 705 1061
f 1061 571 1996
f 1479 893 1972
f 1479 51 893
f 573 51 1479
f 1061 51 573
f 1061 1132 51
f 1061 705 1132
f 1996 794 705
f 1818 1759 1972
f 893 1818 1972
f 51 421 181
f 51 181 893
f 57 421 51
f 57 51 1132
f 705 57 1132
f 705 410 57
f 794 410 705
f 794 880 410
f 893 526 1818
f 181 526 893
f 57 646 421
f 646 181 421
f 410 646 57
f 410 767 646
f 880 767 410
f 880 278 767
f 526 1031 1818
f 484 526 181
f 484 181 646
f 520 484 646
f 157 278 880
f 1431 526 484
f 526 363 1031
f 1431 363 526
f 767 228 646
f 278 228 767
f 520 757 484
f 228 520 646
f 228 757 520
f 298 757 228
f 278 298 228
f 157 830 278
f 757 1431 484
f 309 1431 757
f 979 309 757
f 298 979 757
f 298 791 979
f 791 60 979
f 830 791 298
f 830 298 278
f 979 60 309
f 1098 145 309
f 1098 309 60
f 60 791 785
f 60 785 1098
f 785 464 1098
f 327 464 785
f 594 464 327
f 726 785 791
f 726 791 830
f 327 785 726
f 1996 1828 338
f 1304 1347 338
f 1986 3 742
f 1986 742 214
f 214 110 1986
f 338 1417 1996
f 1347 1155 338
f 1155 1417 338
f 1464 1155 1347
f 3 1464 1347
f 1986 403 3
f 110 1822 1986
f 794 1996 1417
f 1417 521 794
f 1155 521 1417
f 1155 563 521
f 1464 563 1155
f 403 1464 3
f 403 1986 1822
f 521 880 794
f 1615 563 1464
f 403 1615 1464
f 554 1615 403
f 554 403 1822
f 1822 343 554
f 521 157 880
f 521 1507 157
f 563 1507 521
f 1880 563 1615
f 554 318 1615
f 343 361 554
f 361 318 554
f 563 1880 1507
f 318 1880 1615
f 1507 1367 157
f 814 318 361
f 1367 830 157
f 1367 726 830
f 1507 1201 1367
f 1201 321 1367
f 1880 1201 1507
f 1880 564 1201
f 318 564 1880
f 814 564 318
f 814 1583 564
f 1170 1583 814
f 321 726 1367
f 1180 726 321
f 1201 1249 321
f 1249 380 321
f 564 1249 1201
f 564 369 1249
f 1583 369 564
f 1583 1455 369
f 1455 704 369
f 249 110 214
f 249 30 110
f 30 249 1199
f 267 1822 110
f 30 267 110
f 120 267 30
f 267 509 1822
f 509 343 1822
f 509 267 120
f 509 313 343
f 313 361 343
f 30 1199 226
f 949 30 226
f 292 949 226
f 1770 292 1529
f 120 30 949
f 1403 120 949
f 292 883 949
f 883 1403 949
f 1770 883 292
f 509 120 1403
f 442 509 1403
f 883 1860 891
f 891 442 1403
f 883 891 1403
f 1770 1860 883
f 1559 816 1770
f 442 313 509
f 442 891 313
f 855 1860 1770
f 816 855 1770
f 1348 361 313
f 891 1348 313
f 891 732 1348
f 855 732 1860
f 732 891 1860
f 855 1192 577
f 855 577 732
f 1192 855 816
f 1348 402 361
f 402 814 361
f 402 1170 814
f 732 402 1348
f 732 1170 402
f 577 1170 732
f 577 1894 1170
f 1189 1894 577
f 1192 1189 577
f 1192 341 1189
f 816 341 1192
f 878 341 816
f 1559 878 816
f 1170 1894 1583
f 1894 1455 1583
f 1189 39 1894
f 341 39 1189
f 109 39 341
f 878 109 341
f 302 878 1559
f 302 66 647
f 66 302 1559
f 1455 622 704
f 1455 1894 39
f 622 1455 39
f 39 109 622
f 109 285 500
f 109 500 622
f 109 1239 285
f 1239 109 878
f 1239 878 302
f 524 1239 302
f 524 302 647
f 182 524 647
f 433 1330 1057
f 1330 1705 1057
f 1705 1330 1412
f 1694 1705 1412
f 1549 1694 1412
f 1549 1982 1694
f 1705 1777 1057
f 1694 272 1705
f 1982 1285 1694
f 1705 804 1777
f 272 804 1705
f 1285 272 1694
f 804 1456 1777
f 804 1420 1456
f 272 24 804
f 24 1420 804
f 24 272 1285
f 836 24 1285
f 1420 1300 1456
f 24 1643 1420
f 1643 1300 1420
f 1509 1300 1643
f 1776 1509 1643
f 1590 1776 1643
f 836 1643 24
f 1551 1643 836
f 1590 1643 1551
f 1982 1549 942
f 1561 1226 942
f 1226 1982 942
f 1561 239 1226
f 1500 239 1561
f 1500 1757 239
f 1753 1757 1500
f 1982 779 1285
f 779 1982 1226
f 1762 779 1226
f 239 1762 1226
f 1757 916 239
f 239 916 1762
f 779 836 1285
f 779 1379 836
f 1762 1379 779
f 1762 1890 1379
f 916 1890 1762
f 1160 1890 916
f 1890 986 1379
f 1379 1551 836
f 1379 986 1551
f 986 1721 1551
f 1737 1721 986
f 1737 986 1890
f 1160 1737 1890
f 1077 1737 1160
f 1757 1753 619
f 1044 1131 1457
f 1044 1457 619
f 1131 1044 1648
f 1482 1988 1648
f 337 1757 619
f 1457 337 619
f 1648 1988 1131
f 337 916 1757
f 1131 1792 1457
f 1988 1792 1131
f 1803 916 337
f 1457 1803 337
f 1988 1293 1792
f 1803 1160 916
f 1991 1803 1457
f 1991 1457 1792
f 1983 1991 1792
f 1293 895 1983
f 1293 1983 1792
f 1803 1077 1160
f 1991 1077 1803
f 895 1528 1983
f 1472 1737 1077
f 1991 1078 1077
f 1472 1077 1078
f 1983 1078 1991
f 1983 1528 1078
f 1528 793 1078
f 793 1384 1078
f 1716 1450 1139
f 1992 1716 1139
f 1478 1992 1031
f 363 1478 1031
f 1716 691 1450
f 1478 1716 1992
f 1988 1482 1450
f 691 1988 1450
f 1716 1145 691
f 1478 1145 1716
f 1647 1145 1478
f 691 1293 1988
f 1145 1293 691
f 1647 1725 1145
f 1145 1611 1293
f 1145 1725 1611
f 895 1293 1611
f 1647 1774 25
f 25 1725 1647
f 1680 895 1611
f 1725 1680 1611
f 1725 1702 1680
f 25 1702 1725
f 25 655 1702
f 870 1702 655
f 655 1683 870
f 1470 1683 655
f 1528 895 1680
f 1680 1702 1805
f 870 981 1805
f 870 1805 1702
f 487 981 870
f 870 1683 487
f 918 1384 793
f 1680 1805 1528
f 793 1528 1805
f 1805 981 793
f 918 793 981
f 363 1647 1478
f 1431 721 363
f 309 721 1431
f 309 145 721
f 330 706 145
f 464 145 1098
f 330 145 464
f 155 706 330
f 594 330 464
f 594 787 155
f 594 155 330
f 787 422 155
f 1419 594 327
f 1419 787 594
f 1419 1677 787
f 363 1774 1647
f 721 1774 363
f 145 706 721
f 229 706 155
f 422 229 155
f 229 422 208
f 422 1526 208
f 1526 1573 208
f 703 1573 1526
f 1526 422 377
f 377 422 787
f 377 703 1526
f 377 1868 703
f 1677 377 787
f 1495 1774 721
f 721 706 1495
f 706 178 1495
f 229 178 706
f 208 178 229
f 1259 178 208
f 739 1259 208
f 1573 739 208
f 1495 25 1774
f 1495 178 1470
f 178 1259 1470
f 655 25 1495
f 1495 1470 655
f 1470 1688 1683
f 1419 327 726
f 1180 1419 726
f 1180 1677 1419
f 1180 1506 1677
f 380 1180 321
f 380 1506 1180
f 175 1506 380
f 1249 506 380
f 506 175 380
f 369 506 1249
f 1050 175 506
f 369 704 506
f 704 548 506
f 1050 506 548
f 704 500 548
f 1868 377 1677
f 1677 1254 1868
f 1506 1254 1677
f 175 1254 1506
f 1125 1254 175
f 1050 1125 175
f 754 1125 1050
f 548 417 1050
f 417 754 1050
f 406 334 417
f 334 754 417
f 622 500 704
f 473 417 548
f 473 548 500
f 473 500 285
f 473 406 417
f 473 285 1239
f 1239 617 473
f 617 406 473
f 617 1239 524
f 967 406 617
f 617 182 967
f 617 524 182
f 334 406 967
f 1776 1889 1509
f 1776 1864 1889
f 1590 929 1776
f 1590 629 929
f 1721 1590 1551
f 1721 629 1590
f 802 629 1721
f 1612 802 1721
f 1612 1721 1737
f 1472 1612 1737
f 1472 1540 1612
f 1362 1540 1472
f 1078 1362 1472
f 1362 1078 1384
f 971 1723 1269
f 441 1723 971
f 1853 1141 441
f 1945 1141 1853
f 1853 441 971
f 1463 1945 1853
f 1853 971 921
f 1853 806 1463
f 971 749 1023
f 921 971 1023
f 1853 921 806
f 1619 11 1723
f 441 1619 1723
f 1619 441 1141
f 1188 1619 1141
f 1505 1188 1141
f 1945 1505 1141
f 1675 1817 1690
f 899 144 1945
f 1690 144 899
f 1967 1675 1690
f 899 1463 799
f 899 1945 1463
f 1634 899 1017
f 1634 1690 899
f 1634 1967 1690
f 1017 899 799
f 860 1510 1505
f 1817 992 860
f 1459 992 1817
f 1638 1459 1817
f 144 1505 1945
f 144 860 1505
f 1690 1817 144
f 1817 860 144
f 1675 1638 1817
f 1638 1675 1913
f 164 1913 1322
f 1756 164 1322
f 1675 1967 533
f 1913 1675 533
f 1322 1913 533
f 1382 1756 1322
f 1322 1260 1382
f 533 1967 1973
f 1911 1322 533
f 1260 1322 1911
f 1638 944 1459
f 164 1669 944
f 741 1107 1669
f 164 944 1638
f 1756 1669 164
f 1669 1756 741
f 1638 1913 164
f 1358 1107 741
f 1205 1375 1496
f 1418 1375 1205
f 1358 741 82
f 82 1496 1358
f 1205 1354 1418
f 813 1496 82
f 813 1205 1496
f 1627 741 1756
f 1627 82 741
f 1460 1205 813
f 1205 1460 1354
f 1627 1756 1382
f 1045 813 1627
f 813 82 1627
f 1579 813 1045
f 813 1579 1460
f 581 1627 1382
f 1045 1627 581
f 1460 1579 1784
f 581 1260 1489
f 1382 1260 581
f 1045 581 1476
f 1045 1476 1579
f 1784 1579 1274
f 873 898 601
f 356 898 873
f 873 449 356
f 449 950 356
f 671 601 493
f 601 898 493
f 837 666 633
f 666 671 633
f 601 671 666
f 873 601 666
f 494 873 666
f 449 873 494
f 530 56 494
f 56 449 494
f 1273 493 1164
f 1273 671 493
f 828 633 1273
f 633 671 1273
f 828 1538 429
f 429 837 828
f 633 828 837
f 135 666 837
f 135 837 429
f 457 135 429
f 135 494 666
f 457 530 135
f 530 494 135
f 332 576 1027
f 659 1922 332
f 659 332 1027
f 1930 1922 659
f 1418 636 576
f 1418 1354 636
f 809 1027 636
f 1027 576 636
f 205 1027 809
f 205 659 1027
f 1268 659 205
f 1268 1930 659
f 547 1930 1268
f 685 809 636
f 205 809 166
f 1268 205 166
f 1268 166 788
f 547 1268 788
f 450 636 1354
f 636 450 685
f 809 1429 166
f 1429 809 685
f 284 166 1429
f 788 166 284
f 271 547 788
f 1354 1460 450
f 685 450 307
f 685 307 1429
f 307 359 1429
f 138 359 356
f 950 138 356
f 138 1429 359
f 284 1429 138
f 950 284 138
f 788 284 950
f 271 788 950
f 450 1460 1784
f 450 894 307
f 359 898 356
f 359 307 898
f 271 950 449
f 56 271 449
f 894 450 1784
f 307 493 898
f 307 894 493
f 894 1784 1465
f 894 1164 493
f 1033 116 551
f 1032 1552 530
f 1552 56 530
f 1032 614 1552
f 871 614 1032
f 871 193 614
f 1381 193 871
f 193 1381 551
f 1275 551 1381
f 1275 1033 551
f 530 457 712
f 1032 530 712
f 1032 712 627
f 871 1032 627
f 1473 1381 871
f 1381 1473 890
f 1275 1381 890
f 1275 890 518
f 569 1413 1691
f 969 1413 569
f 219 1413 969
f 575 219 1524
f 925 575 1524
f 925 1524 630
f 547 1691 1930
f 1524 219 969
f 357 569 1691
f 1691 547 357
f 54 569 357
f 54 969 569
f 969 54 47
f 879 969 47
f 879 1524 969
f 630 1524 879
f 443 630 879
f 1215 879 1067
f 879 47 1067
f 1215 443 879
f 1410 357 547
f 1410 547 271
f 523 54 357
f 523 357 1410
f 193 47 523
f 47 54 523
f 47 193 1067
f 1215 1067 116
f 1410 271 56
f 1410 56 1552
f 614 523 1410
f 614 1410 1552
f 193 523 614
f 551 1067 193
f 1067 551 116
f 1286 432 289
f 1342 1770 1319
f 1342 53 1559
f 1342 1559 1770
f 1025 53 1342
f 1280 1025 1342
f 289 1359 1280
f 432 900 289
f 900 1359 289
f 1359 1025 1280
f 1386 994 1359
f 1386 1359 900
f 1359 850 1025
f 1359 994 850
f 1386 694 994
f 865 1559 53
f 994 366 850
f 994 311 366
f 453 1040 311
f 694 311 994
f 311 694 453
f 66 1559 865
f 53 1689 865
f 1025 544 53
f 850 544 1025
f 850 366 544
f 1040 116 1033
f 1040 453 116
f 366 1018 544
f 311 1055 366
f 1055 1018 366
f 1055 311 1040
f 53 936 1689
f 544 936 53
f 1018 81 936
f 544 1018 936
f 932 1275 518
f 1040 932 1055
f 932 518 940
f 932 940 1055
f 1033 1275 932
f 932 1040 1033
f 936 525 1689
f 525 1596 1689
f 81 525 936
f 407 525 81
f 940 518 407
f 1055 940 1018
f 940 407 81
f 940 81 1018
f 865 626 66
f 1689 1596 865
f 518 890 1047
f 1047 407 518
f 66 626 647
f 626 182 647
f 626 865 1596
f 248 626 1596
f 525 248 1596
f 795 248 525
f 795 407 1047
f 407 795 525
f 1233 478 925
f 1233 925 630
f 478 432 1286
f 432 478 1233
f 1422 630 443
f 1233 630 1422
f 432 1422 900
f 1422 432 1233
f 1941 1422 443
f 1386 1941 694
f 1422 1941 900
f 1941 1386 900
f 694 1941 443
f 694 443 1215
f 453 1215 116
f 453 694 1215
f 1710 1543 1103
f 1678 1049 1710
f 1076 304 1848
f 1543 1076 1848
f 1103 1848 1086
f 1103 1543 1848
f 1043 1103 1086
f 1678 1103 1043
f 1678 1710 1103
f 921 1360 806
f 1844 1463 806
f 1360 1023 772
f 921 1023 1360
f 975 1844 1360
f 1844 806 1360
f 1023 725 772
f 1360 772 975
f 1312 1844 975
f 725 1276 772
f 772 760 975
f 760 772 1276
f 1312 975 760
f 1312 760 1710
f 1276 304 1076
f 1543 760 1076
f 760 1276 1076
f 760 1543 1710
f 1049 613 1312
f 1049 1312 1710
f 1049 1678 1498
f 430 1513 1659
f 716 1678 1043
f 716 1498 1678
f 1191 1659 1498
f 1191 1498 716
f 430 1659 1191
f 1533 430 1191
f 1463 1844 799
f 456 1967 1634
f 799 1844 1937
f 1768 799 1937
f 1768 1017 799
f 1768 1634 1017
f 877 1634 1768
f 456 1634 877
f 1844 1312 1937
f 957 456 877
f 613 1937 1312
f 811 1937 613
f 1768 1937 811
f 877 1768 811
f 957 877 150
f 150 877 811
f 1498 613 1049
f 811 613 1498
f 811 1498 1659
f 1659 150 811
f 1513 150 1659
f 1775 1513 430
f 1938 1297 1775
f 1533 1938 430
f 1938 1775 430
f 1193 1938 1533
f 351 1938 1193
f 351 1297 1938
f 1977 351 1193
f 351 143 1297
f 351 862 143
f 1760 351 1977
f 1760 862 351
f 1973 1967 456
f 1911 533 1973
f 957 1973 456
f 1458 1973 957
f 1911 1973 1458
f 789 1911 1458
f 789 1260 1911
f 1260 789 1489
f 789 1458 931
f 1840 1489 789
f 1002 957 150
f 1002 1458 957
f 931 1458 1002
f 789 1137 1840
f 1137 789 931
f 1513 1002 150
f 1002 1513 1775
f 1297 931 1775
f 931 1002 1775
f 1137 931 1297
f 1137 1297 143
f 700 1137 143
f 424 387 1866
f 387 424 1399
f 1246 424 1865
f 1399 424 1246
f 1866 20 259
f 1866 387 20
f 424 1866 1035
f 1865 1035 948
f 1865 424 1035
f 1688 948 1683
f 1688 1865 948
f 259 143 862
f 259 700 143
f 259 862 438
f 1866 259 438
f 1035 438 1394
f 1866 438 1035
f 1683 948 487
f 948 1035 1394
f 1394 487 948
f 1760 1977 918
f 438 862 1760
f 981 487 918
f 487 1394 918
f 1760 918 1394
f 438 1760 1394
f 581 1489 1476
f 1579 1476 1501
f 1274 1579 1501
f 1476 1489 1094
f 1501 1476 1094
f 1274 1501 1499
f 1274 1499 1465
f 1489 1840 1094
f 1501 1094 810
f 1499 1501 810
f 1465 1499 1399
f 1295 1094 1840
f 1094 1295 810
f 1499 810 387
f 387 1399 1499
f 1840 1137 700
f 1295 1840 700
f 1295 700 20
f 20 810 1295
f 387 810 20
f 20 700 259
f 1273 1164 1427
f 1538 213 222
f 1427 213 1538
f 1538 828 1427
f 828 1273 1427
f 504 580 154
f 580 222 154
f 580 1538 222
f 580 429 1538
f 580 504 1651
f 1651 457 580
f 457 429 580
f 1186 457 1651
f 1164 1465 538
f 1164 538 1427
f 367 222 213
f 1427 538 213
f 163 739 1573
f 173 163 1573
f 173 1573 703
f 163 173 692
f 154 162 504
f 162 163 692
f 162 692 504
f 162 154 367
f 154 222 367
f 1868 692 703
f 692 173 703
f 1868 934 692
f 934 504 692
f 934 1651 504
f 934 1186 1651
f 1465 1399 538
f 668 538 1246
f 668 367 213
f 538 668 213
f 163 1466 739
f 367 1466 162
f 1466 163 162
f 367 668 1466
f 1399 1246 538
f 668 1246 392
f 1259 1466 392
f 1259 739 1466
f 1466 668 392
f 392 1865 1688
f 1246 1865 392
f 1470 1259 1688
f 392 1688 1259
f 1784 1274 1465
f 1465 1164 894
f 712 457 1186
f 401 712 1186
f 627 712 401
f 70 401 578
f 70 627 401
f 1473 627 70
f 871 627 1473
f 1823 70 578
f 1823 1473 70
f 1823 232 1473
f 232 890 1473
f 87 78 1823
f 78 232 1823
f 78 890 232
f 835 1868 1254
f 934 1868 835
f 835 1186 934
f 401 1186 835
f 220 835 1254
f 220 1254 1125
f 578 401 835
f 578 835 220
f 220 1125 754
f 225 220 754
f 578 220 225
f 225 1823 578
f 1262 225 754
f 1262 754 334
f 445 87 1262
f 87 1823 225
f 87 225 1262
f 445 650 87
f 650 795 87
f 795 78 87
f 1047 78 795
f 1047 890 78
f 182 252 967
f 182 352 252
f 626 352 182
f 445 252 352
f 650 445 352
f 626 248 352
f 248 650 352
f 248 795 650
f 252 1262 334
f 252 334 967
f 252 445 1262
f 1848 1408 1864
f 1086 1848 1864
f 1864 1776 929
f 1086 1864 929
f 1043 1086 929
f 629 1043 929
f 802 1043 629
f 802 716 1043
f 802 1191 716
f 1191 802 1612
f 1540 1533 1612
f 1191 1612 1533
f 1362 1193 1533
f 1362 1533 1540
f 1384 1977 1362
f 1977 1193 1362
f 918 1977 1384

