# https://github.com/mikedh/trimesh
v 0.22262539 0.22066140 -0.22226842
v -0.22336143 0.65105695 0.02705810
v 0.26545301 0.71028101 -0.02568900
v 0.02535298 0.65085316 0.18204199
v 0.20507747 0.60754150 -0.17017847
v -0.23784415 0.67894477 0.01385730
v -0.16559385 0.85486251 -0.17928414
v 0.02852407 -0.82015991 0.05721595
v 0.23704700 0.70376599 -0.09764470
v 0.20416923 0.85531533 -0.12317146
v -0.15886122 0.64096266 0.19682109
v -0.02880226 0.69721359 -0.23758835
v -0.22147307 0.09349076 -0.23843676
v 0.17982300 0.64242703 0.07706690
v -0.14878035 0.18748038 0.28614578
v 0.19694901 0.64209998 -0.02568900
v 0.29278538 -0.32464528 -0.02267955
v 0.24940252 0.69471872 -0.09299260
v 0.04281490 0.68916500 0.26153800
v -0.10490195 0.84004653 0.26855463
v 0.27024615 -0.26685128 -0.12535867
v -0.27748409 -0.24786150 0.01900644
v -0.14655621 -0.56199265 -0.16632986
v -0.25167927 0.33889723 0.17613716
v 0.02571154 0.64471883 -0.21637265
v 0.00856299 0.64455903 -0.21407500
v 0.00125850 0.59105301 -0.34492052
v 0.18230446 0.59797150 -0.22031070
v -0.11184811 0.83782268 -0.17145462
v -0.13913473 -0.64754957 -0.08333041
v 0.29611814 -0.30103037 -0.02053664
v -0.13559476 0.68468714 -0.22295465
v -0.12766764 0.85710382 -0.20738000
v 0.09985749 0.30796498 0.35957944
v -0.22930378 0.83033228 0.18703328
v 0.15598600 0.76947969 0.10408253
v -0.05005754 0.65801007 0.27278626
v 0.24805000 0.67556399 -0.12844500
v 0.20668571 0.85607970 0.12030714
v -0.15510689 0.65610385 0.09646596
v -0.17945801 0.65843803 0.02568900
v -0.13790427 0.68484074 -0.22273774
v 0.16420358 -0.56694448 -0.14114320
v 0.10163262 0.37913671 -0.26293522
v 0.18315803 0.85158211 0.14889625
v -0.18554646 -0.47855651 -0.17340416
v -0.08584240 0.82789481 -0.17525078
v -0.20395738 0.85527432 -0.12247046
v -0.06971112 0.80518419 -0.17242649
v -0.33254147 0.00760106 -0.19404349
v 0.15947852 0.65468913 -0.20527206
v -0.11086153 0.67889005 -0.22958592
v -0.05810394 0.70739394 -0.25842732
v -0.18455818 0.85344696 -0.19629972
v -0.16333210 0.85632157 0.20534097
v 0.16255273 0.66068041 0.07693239
v -0.13242790 -0.13408756 -0.28452733
v 0.07622994 0.84945697 -0.20748539
v 0.18371329 0.80649185 0.04883461
v -0.07661980 0.64968151 0.16526864
v 0.02550722 0.83794302 0.21426950
v -0.20104632 -0.54607815 0.08781426
v 0.12688085 0.85591596 -0.20386383
v 0.28762016 0.13821438 0.12424812
v 0.01610542 0.85602343 0.26291364
v 0.16374400 0.64194697 -0.19595800
v 0.31727743 0.10621333 0.00254732
v -0.29844964 0.82380843 -0.03202964
v -0.18279600 0.64595598 0.04281490
v -0.09083429 -0.72261328 -0.08697662
v 0.13617007 -0.59955597 0.15548518
v 0.20085967 0.62368912 0.19995803
v 0.07547595 0.66545480 -0.23379771
v 0.24804300 0.69682699 -0.07695700
v -0.10145555 0.64088458 0.20668322
v -0.04458200 0.67656100 0.24705601
v 0.15809312 0.64579803 0.10695694
v 0.33669177 -0.36063579 -0.08601692
v 0.23001388 0.67733335 -0.13589029
v -0.00149457 0.15527655 0.38307086
v -0.25217789 0.47495729 0.15954967
v -0.08490460 -0.78707886 0.03134820
v -0.25054023 0.44419047 0.16759829
v -0.17287372 0.65804440 -0.02636813
v -0.08052456 0.80255240 -0.30022824
v 0.21100900 0.65843803 -0.13175800
v 0.13848992 0.68168759 -0.22454002
v -0.13843526 0.64731258 -0.10928570
v -0.00936841 0.65170884 -0.18455803
v 0.27112395 0.67666817 0.01721734
v 0.16275473 0.64101571 0.21980734
v -0.16271836 0.64204490 -0.11925703
v -0.01743356 -0.19794425 0.30849209
v -0.04281490 0.64160103 -0.19694901
v -0.17976412 0.65559584 -0.17813422
v 0.26003501 0.69116098 -0.07695700
v 0.08142217 -0.43132409 -0.32247025
v -0.06009497 0.85548139 -0.25792852
v -0.09419280 0.64136899 0.17982300
v -0.25874609 0.63332027 0.08382521
v 0.11104273 0.64200062 -0.15755710
v 0.18463600 0.65681303 0.00708125
v 0.12204172 0.77821189 -0.14471807
v 0.00358446 -0.53104281 0.21226557
v 0.25356299 0.70350802 -0.07117500
v 0.21510914 0.85600573 0.14606003
v -0.26097399 0.67556399 0.07275950
v -0.16398914 0.63589889 0.21544722
v 0.26218000 0.70659798 -0.05994090
v 0.14025754 0.64113569 0.18493813
v 0.02339555 0.67923635 0.23645194
v -0.10031674 0.23996481 -0.36484432
v 0.06399551 0.85571289 -0.22490290
v -0.23915601 0.64457375 0.09391559
v -0.24067244 0.66171324 0.08642359
v 0.19505645 -0.63380194 0.00066692
v -0.06318276 0.67198712 0.25671935
v 0.12405418 -0.53734702 -0.18284623
v 0.23689233 0.83760691 0.16796404
v 0.36653048 -0.11082350 0.09839045
v -0.27113873 0.45898321 -0.07055920
v -0.18647654 -0.32464844 0.22668268
v -0.00856299 0.64458400 -0.21407500
v 0.15601201 0.81849223 -0.12749320
v 0.23396400 0.70610499 -0.11131900
v 0.19203779 0.64566541 -0.00842498
v 0.17572951 0.64578593 0.06033643
v -0.09352570 0.67441201 -0.25252900
v 0.24778800 0.69239902 0.00832280
v -0.19056399 -0.04821221 0.26310834
v 0.16002682 -0.73567444 -0.15209372
v 0.22553141 0.62815070 0.16350392
v 0.18667039 0.55825877 0.22336002
v -0.22952850 0.65421402 0.08022685
v -0.17870204 0.83871692 0.12058924
v 0.18297499 0.65681303 -0.00693976
v -0.27644861 0.64220142 -0.00256380
v 0.02577160 0.69381398 0.26314399
v 0.18256100 0.64632303 -0.02568900
v -0.00717486 0.64618403 0.19533600
v 0.00854919 -0.83205473 -0.05264015
v -0.10341712 -0.61727810 0.17431958
v -0.24113832 -0.48112094 -0.01806374
v -0.07122368 -0.68846899 0.14058064
v -0.27870542 0.66182131 0.01482214
v 0.25683582 0.70437890 0.00400470
v 0.24038555 0.68080086 -0.13792019
v 0.15472190 0.70240384 0.09266776
v 0.09419280 0.64034498 -0.17982300
v 0.03023952 0.79945582 -0.30990937
v -0.29518932 0.54699475 -0.00147729
v 0.05670684 -0.78999853 0.05281640
v -0.32992947 0.71276546 0.00058121
v -0.12461556 0.65133023 0.13030262
v -0.18462522 0.64201301 0.07699316
v -0.18094589 0.00023399 -0.27223706
v 0.02660874 0.66929203 -0.25526863
v 0.14837876 0.74698693 -0.07865827
v -0.28285003 0.63357925 0.02566953
v 0.06825702 -0.60720152 -0.27027884
v 0.21309900 0.62308300 -0.14622299
v -0.02417612 -0.34368259 0.28499538
v 0.00836136 0.67509699 -0.26234800
v 0.16939624 0.65136915 0.20466465
v 0.18029974 0.72571880 0.01486643
v 0.25434309 0.59996086 -0.08005030
v 0.03764548 0.67344689 0.27371946
v -0.00848334 0.84510231 0.22458918
v 0.08838221 0.73584896 -0.15600532
v 0.00379469 -0.67075574 -0.17400672
v 0.23682295 0.58807635 -0.11965937
v -0.28560224 -0.32061321 -0.04687964
v 0.08681861 -0.85891968 -0.08706285
v 0.01026963 -0.82822245 0.06611893
v -0.00852255 0.85109812 -0.23466310
v 0.06014022 0.68841392 0.25267813
v 0.21255805 0.85407168 0.16188772
v 0.24219863 0.83376890 -0.16748428
v 0.01888150 -0.82248288 -0.06830101
v -0.04025580 0.66721761 0.23686820
v -0.16882338 0.65653944 -0.21215075
v 0.21757866 0.64752185 -0.04310803
v -0.22243790 0.68491089 -0.11861541
v -0.00000858 0.45663527 -0.35976064
v -0.20688133 -0.60096157 -0.00027699
v 0.08789019 0.67560911 -0.15424284
v 0.09444477 0.64185023 0.21081772
v 0.11156222 0.85768676 0.22280896
v 0.06111790 0.64642102 -0.17957200
v 0.15903956 0.62072551 -0.23027383
v 0.15285216 0.62972730 -0.16495670
v -0.10069930 -0.57514977 -0.18657535
v -0.08009840 0.68576002 -0.23788799
v 0.12146177 0.64976072 -0.13735405
v -0.18995318 0.64241874 -0.02549146
v 0.02401672 -0.11578273 0.32526016
v -0.24662896 0.62567925 0.11692286
v 0.24274300 0.70376599 -0.09764470
v -0.01614530 0.69766837 -0.23838161
v -0.30020714 0.47933251 -0.00269339
v 0.04281490 0.64633298 -0.18445900
v -0.24931000 0.69137597 0.01302370
v -0.13308588 -0.81619626 0.10913417
v 0.16858211 0.68151957 0.04976770
v 0.33458367 0.57993287 0.08892092
v 0.12951501 0.64010799 -0.18019700
v -0.15699725 0.62931406 0.23789796
v -0.07705725 0.64100438 0.20612463
v -0.22321041 0.37555283 -0.20521805
v -0.21791874 0.65426570 0.06494357
v 0.21069963 0.64467311 -0.13915886
v -0.13862644 0.66258353 0.11172405
v 0.23913574 0.85534334 -0.02727430
v -0.12822013 0.82407469 -0.15585138
v -0.13931730 -0.70017201 0.02357549
v 0.07706690 0.64336199 -0.17982300
v -0.10315376 0.82892889 0.17351645
v -0.16331461 0.85553479 0.17227796
v 0.04300869 0.66937852 -0.24877620
v -0.25392422 0.37603033 0.17013066
v 0.27209771 0.83731854 0.10253932
v 0.03967606 -0.77219707 0.07829027
v 0.11371771 0.65132242 0.13957652
v -0.14676391 -0.41386205 -0.22419852
v 0.23657501 0.67124599 0.02568900
v -0.22653343 0.84570122 -0.00298904
v 0.16709791 0.83074510 0.24547875
v 0.08812483 0.68237370 0.32231921
v -0.17506345 0.82281917 -0.08588544
v 0.01724374 0.68144304 -0.18068990
v 0.07426670 0.65086466 -0.16608761
v -0.28868622 0.83791441 0.03495943
v -0.11130799 0.65101594 0.23972833
v 0.17566046 0.63427222 -0.20303518
v -0.00321037 -0.35193744 -0.29035649
v -0.03185985 0.16401137 -0.31019560
v 0.01738968 -0.69077885 -0.14996257
v -0.05961610 0.65068686 -0.16616772
v -0.04281490 0.64156502 0.19694901
v -0.15711755 0.78138238 -0.07835076
v -0.06205860 0.69288135 -0.24398449
v -0.00856299 0.64414299 0.21407500
v -0.10996400 0.64497298 0.16126400
v 0.19878295 0.61893946 -0.16042335
v -0.26165101 0.68916899 0.04281490
v 0.13322890 0.76173818 -0.11850294
v -0.12844352 0.64104486 0.21194528
v -0.01670129 0.72592330 0.17991062
v -0.19538757 0.62292367 0.19932882
v 0.11811727 -0.74075204 -0.01402795
v -0.04371660 0.67672002 0.26398900
v -0.24418776 -0.40365854 0.01911873
v -0.05388100 0.85376924 0.22836220
v -0.11935172 0.73391730 0.13256681
v -0.00497247 0.69371802 -0.24831200
v 0.02543396 0.65139323 -0.18404722
v -0.09349538 0.67503899 -0.22594017
v 0.02576310 0.69251198 0.24774501
v -0.02634540 0.70686799 -0.24668001
v 0.23348802 0.68930179 -0.03599752
v 0.00067413 0.29615030 0.37427676
v -0.09186832 0.60707605 -0.33048344
v -0.23682475 0.68681824 0.06601292
v -0.08246936 -0.73985571 0.08815885
v 0.23107837 -0.32674900 0.15746029
v 0.24576648 0.71007222 -0.04299860
v 0.26546001 0.70658702 -0.00900582
v -0.08295837 -0.62153435 -0.17841962
v 0.13871188 0.64631599 -0.10964096
v -0.22892894 -0.69469547 0.07780543
v -0.19269970 0.64649391 0.00859161
v -0.04281490 0.70764500 -0.26408100
v -0.17975803 0.63566983 0.20074052
v -0.05994090 0.64314801 -0.17982300
v -0.01676290 0.68087828 0.17827424
v -0.30234587 0.40543142 0.01789963
v 0.09530136 0.64547187 -0.19952828
v 0.08149955 0.65590936 0.26252440
v 0.04164097 0.64738297 -0.21798363
v -0.20359120 0.85709131 -0.16307685
v 0.23835193 0.69844693 -0.06026199
v -0.20648466 0.83995420 0.06951451
v 0.11131900 0.63841301 -0.17982300
v -0.27194348 -0.37958014 -0.02977841
v -0.27160522 -0.01710401 -0.27272165
v 0.21505769 0.83070505 -0.20520015
v 0.23474699 0.70520902 -0.12501100
v -0.21096988 -0.69903308 -0.11386529
v -0.23226897 0.66910523 -0.04286712
v 0.24544901 0.69145501 -0.12981001
v 0.15269096 0.81430954 0.13354154
v -0.22753812 0.42764363 -0.19074428
v 0.18434885 0.62306732 -0.17990130
v 0.02568900 0.64320803 0.19694901
v -0.15504383 -0.69063926 0.01216601
v 0.01602307 0.68183792 0.17849527
v 0.22170450 0.64501238 -0.00868021
v -0.05991196 0.64077932 0.20309456
v -0.12879425 0.80339497 -0.28146651
v -0.12721449 -0.58863103 -0.16928849
v -0.22403015 0.20778312 -0.22180459
v 0.00856299 0.64459503 0.21407500
v 0.15471098 -0.38783365 0.20550224
v 0.18554839 0.83982307 0.09730770
v 0.23925135 0.85611129 0.11164811
v -0.22527595 0.27343154 -0.21198419
v -0.23731782 0.65858829 -0.12732455
v 0.16162287 0.85502273 0.18256330
v -0.23013100 0.67434800 -0.11352300
v 0.21319371 -0.38991857 0.15850715
v -0.00697049 0.79356271 0.31447697
v 0.15779331 0.61850524 0.23867102
v 0.23861840 0.62053365 -0.12824880
v 0.17961867 0.85498947 0.19595204
v -0.08621182 0.85606968 0.22307281
v -0.27283353 0.85032088 -0.03547138
v -0.14693876 0.65534168 -0.24024105
v 0.27967432 0.76554716 -0.15940006
v -0.24966349 -0.25941288 -0.16980879
v -0.19694890 0.64183378 0.04847560
v 0.16830191 0.82307386 0.11011004
v -0.11691090 -0.74391133 -0.01335726
v -0.08009840 0.68576002 -0.24228500
v -0.25699601 0.66393691 -0.02156851
v 0.10457718 0.83245319 -0.27643913
v -0.25453812 0.66004878 -0.04286350
v -0.17616668 -0.37663057 0.21448889
v 0.21906908 -0.51729518 -0.21873559
v 0.27161488 -0.39378324 -0.02999254
v -0.21688348 0.64790171 0.04304799
v 0.11553539 -0.62860364 0.15574630
v -0.13691340 -0.72224122 -0.00616641
v -0.17353472 0.64784467 0.05987530
v 0.26116735 0.66033608 0.06735842
v -0.24661663 0.69154662 0.02653223
v 0.20297845 0.64850742 -0.09367513
v -0.00888318 0.65368515 0.18531917
v -0.10216428 0.83948946 -0.27015847
v 0.04287428 -0.67677557 -0.24591419
v -0.15578204 -0.51800251 -0.18724087
v -0.03122081 0.74291009 -0.17467807
v 0.17982300 0.64144999 -0.07706690
v 0.16306338 0.85660857 0.20451020
v -0.22264540 0.85602891 -0.08539701
v 0.09836389 -0.75840670 0.03467562
v -0.07890724 0.66339004 -0.15622628
v -0.20160604 -0.39936158 0.16523258
v -0.16371796 0.68284762 0.06900059
v 0.23303711 0.67070794 0.11697977
v 0.15203200 0.65917599 -0.21558000
v -0.20064874 0.64177126 -0.04281454
v -0.19216505 0.64550012 -0.18848526
v 0.13920115 0.64308798 -0.13062972
v 0.22155353 -0.44805774 -0.13341941
v -0.22926500 0.67326200 -0.12599300
v 0.27391025 0.68923372 -0.04524456
v 0.11821914 0.80880618 0.15788527
v 0.12983632 0.83885145 -0.17486556
v 0.11884299 0.63217992 0.24868265
v -0.22878723 0.85702121 -0.11871746
v 0.20999733 0.63030076 0.17831765
v -0.00201893 0.62440628 -0.28632760
v 0.17300183 0.85770458 -0.18140396
v -0.18367290 0.60370922 0.21715881
v -0.05121746 0.83706659 0.28764746
v 0.09450962 0.63880330 0.25426432
v 0.19724877 0.85602564 0.16684587
v -0.22908825 0.85536224 0.13512968
v 0.24348731 0.70442986 -0.00808702
v 0.03594632 0.85329902 -0.26834714
v 0.08825592 -0.79978412 0.01729569
v -0.23088352 0.62334424 -0.14205754
v 0.28631487 -0.06943887 -0.15090987
v -0.11420899 0.68071067 0.13405806
v 0.16312319 0.85674483 -0.20406777
v 0.20569755 0.83991474 0.04183103
v -0.00155488 0.12256441 -0.32873309
v 0.12394317 0.68383533 -0.11657296
v 0.30827552 0.77657235 -0.08437839
v -0.11104816 -0.58697444 0.17800766
v -0.18755205 0.85709333 -0.18110600
v -0.02525418 0.64951539 0.18209425
v -0.21481027 0.62228984 0.18111631
v 0.04294361 -0.83520442 0.00083532
v 0.19712351 0.85612339 -0.14541912
v 0.32177189 0.32420141 -0.18655924
v 0.06004294 0.64862281 0.17241737
v 0.13970803 0.63490540 0.23376082
v 0.23394257 0.64912838 0.14305797
v 0.33782843 -0.35366338 0.08730354
v 0.23226602 0.68913722 -0.07702053
v 0.11012617 0.67311144 -0.22295843
v 0.24822919 0.67052072 0.09443676
v 0.27593905 0.68834764 -0.00596276
v 0.24057938 -0.39588690 -0.24111077
v -0.21773706 0.40880820 -0.20617810
v -0.02568900 0.64648199 -0.18389300
v 0.17061573 -0.29224122 -0.24516240
v 0.22207883 0.69199383 -0.11594492
v 0.35906306 -0.20042975 0.09650851
v 0.03476774 0.85589200 -0.23638229
v -0.05813294 0.64713025 0.17204528
v -0.26652220 0.32309479 0.15750754
v -0.28303489 -0.35319710 -0.01703173
v -0.20360829 0.64993376 -0.09532560
v -0.02672644 0.64663506 -0.22233525
v -0.00508222 0.69371802 -0.26525101
v -0.07727125 0.66158175 0.25475258
v -0.16245562 0.76156139 -0.27844131
v -0.22261453 0.68497568 -0.12077053
v 0.04211500 -0.59161347 -0.20035259
v -0.07706690 0.64240801 0.17982300
v 0.00856183 0.64941227 0.22387534
v -0.00862972 0.69484568 0.24294971
v 0.22224414 -0.49499565 0.22471178
v -0.18998508 -0.63720161 0.01561849
v -0.16312900 0.64644599 0.09529320
v -0.11088600 0.67487699 -0.24507000
v -0.09419280 0.64148599 -0.17982300
v -0.09382079 0.74992412 0.15782541
v -0.18999428 -0.53949916 -0.11664464
v 0.09746342 0.09399651 -0.37265375
v -0.17828800 0.65742302 -0.19532099
v 0.28353840 -0.36325803 -0.02404849
v -0.00798462 0.65106559 -0.28021163
v 0.20300716 0.79244584 -0.23909178
v -0.19585979 0.84044075 0.09948909
v -0.15454242 0.66661948 -0.05648359
v 0.06513803 -0.81968987 0.02509153
v -0.15433340 0.85623419 -0.19608340
v -0.10126186 0.64068657 0.25703272
v -0.22206566 0.58107066 -0.18374446
v -0.12079130 0.84358227 0.17597623
v -0.28942639 0.84039873 0.00010879
v 0.09373714 0.83551991 0.27747881
v 0.24145521 0.61869818 0.14956707
v 0.02569326 0.66901857 -0.23562831
v 0.22143774 0.84768665 0.02555202
v 0.33279926 0.03298335 -0.19428138
v 0.09612924 0.64591461 -0.16075654
v -0.01950481 0.70299596 0.25710538
v 0.24023688 0.85567313 -0.10789116
v 0.17416565 0.65016615 0.17937584
v -0.17968160 0.85363406 0.15870292
v 0.20228568 -0.43257409 0.15682274
v 0.32437417 0.29688534 0.18677062
v -0.24294783 -0.31923544 0.12803879
v 0.05994090 0.64200503 -0.19694901
v 0.27212545 0.85101444 -0.03303073
v 0.08346608 -0.75485718 0.06841506
v 0.26149914 0.61697692 0.12246887
v -0.17524518 -0.35127851 0.22365049
v 0.09359360 -0.69309640 0.12047822
v 0.24538600 0.70610499 -0.11131900
v -0.04552929 0.64894402 -0.21975842
v -0.03677608 0.67575884 -0.23081064
v -0.22432615 0.30755976 -0.21046013
v -0.17266895 0.66143620 0.04318848
v -0.12928684 0.64220756 0.15197988
v -0.04273947 0.64345282 0.22071494
v -0.18950786 -0.45757967 0.18189919
v 0.20280091 0.64186585 -0.06007426
v 0.00697539 0.64786524 -0.18886600
v 0.00855774 0.65037644 -0.22474782
v -0.03097042 -0.30973041 0.29271939
v -0.28349876 0.80040359 0.12775835
v -0.11139100 0.68212944 -0.13837531
v 0.14191200 0.67593199 -0.21566699
v 0.25656208 0.85664839 0.05163474
v 0.16856591 -0.04275597 -0.27913770
v -0.24478699 0.67105901 -0.04281490
v -0.07765948 0.59651965 -0.25556490
v 0.20840076 0.65808511 0.11001842
v -0.13211800 0.65745097 -0.11039000
v 0.20155998 0.66145879 -0.11877247
v -0.25427091 0.85089022 -0.10166525
v 0.18892360 0.83060402 0.06895611
v 0.24476722 0.79874343 0.19208588
v 0.22401619 -0.41118911 -0.14714073
v -0.12844500 0.64202702 -0.16269700
v -0.03477749 -0.23801216 0.29836655
v -0.00021192 0.53178209 -0.29594111
v 0.19071598 -0.78611374 -0.01540854
v 0.18747869 0.64375699 -0.11130989
v 0.19351383 -0.00964242 0.33236656
v -0.17363529 0.78425848 0.08322297
v 0.09183074 0.85564673 -0.21572474
v -0.04333310 0.64607602 -0.17912699
v 0.28945249 0.84036672 -0.00021803
v 0.22056136 0.66352731 -0.13887922
v -0.07706690 0.64592803 -0.16577800
v 0.05088708 0.85014129 0.27072707
v -0.02568900 0.64225900 -0.19694901
v -0.00882608 0.70696759 0.25731182
v -0.16309264 0.85446465 -0.21011999
v 0.27125743 0.14437814 -0.27197900
v -0.00674065 0.78563470 -0.19268608
v 0.14506133 0.64709651 -0.18765961
v -0.25336376 -0.26466337 0.12775129
v -0.24675700 0.67390400 0.08034530
v 0.19006042 0.79078704 -0.01484014
v -0.14350900 0.67441303 -0.23014200
v -0.09684550 0.64800638 -0.20310190
v -0.05791634 0.67348641 -0.26755115
v -0.01539148 0.33371177 0.30871090
v -0.28424042 0.73490101 -0.16175742
v 0.06379927 0.66196269 0.21997403
v -0.22830859 0.13360609 -0.21956089
v -0.06139160 0.69256800 -0.26261199
v 0.12358335 0.61825991 -0.24527335
v 0.00031708 -0.03451921 0.32484627
v -0.08840241 0.85708535 -0.24061777
v -0.28743926 0.60072005 0.01592516
v -0.24279000 0.65332901 -0.09419280
v -0.18928176 -0.68576515 0.15662594
v -0.26608899 0.67655098 0.00812760
v -0.00855052 0.65107781 0.22549309
v 0.27711648 0.70158219 -0.02151556
v 0.31657514 0.39386982 0.18293914
v -0.19055501 0.64607561 -0.00654359
v 0.25589916 -0.12380981 0.19151101
v -0.12120702 0.65742505 -0.13188440
v -0.26284045 0.68274260 0.06028685
v -0.15880601 -0.51482028 0.17732280
v -0.09427109 0.68682969 -0.24187736
v -0.15284923 0.60055298 -0.21999770
v -0.23003517 -0.40188557 0.12111022
v 0.24524829 0.67551523 0.04294016
v 0.00463568 -0.24972826 -0.30910513
v 0.22202483 0.85410315 -0.06903242
v -0.18596549 -0.08622549 0.25989708
v -0.22265324 0.66332036 -0.14064291
v 0.23703708 0.65853745 -0.14096804
v -0.08856192 -0.76395530 0.05359339
v -0.25902173 0.69957465 0.01578078
v -0.01288630 0.70497203 -0.24832700
v 0.04265124 0.64245129 0.18772410
v 0.09343369 0.65854681 -0.15487497
v -0.07572242 -0.64489377 0.17547886
v 0.06079042 -0.83153045 0.00087672
v -0.17816515 0.62288731 0.21616097
v -0.24354258 0.79924226 -0.19350554
v 0.09000222 0.61837280 0.26920673
v -0.17982300 0.64275199 -0.12844500
v 0.03871717 -0.85884047 -0.11704789
v 0.10321007 0.76677257 -0.15381353
v 0.17501000 -0.67325062 0.00280931
v -0.25603968 0.83896095 -0.13645257
v -0.01534540 -0.68709666 0.16360550
v 0.25632474 0.85255533 -0.08502146
v 0.14567336 0.85730493 0.20481770
v 0.17803098 -0.65002340 -0.04364653
v 0.07706690 0.64266402 -0.19694901
v 0.25761291 0.85578525 -0.05668838
v -0.02636464 0.70707464 -0.26787722
v -0.00975345 0.41204682 -0.30260760
v 0.07097352 0.68640244 0.25218993
v -0.16602944 0.65292031 0.07675432
v 0.25897300 0.70350802 -0.07117500
v 0.32012495 -0.21508479 0.18591434
v 0.23678887 0.63970369 -0.14139357
v 0.17982300 0.64146399 -0.09419280
v -0.04703056 0.85685074 -0.23878491
v -0.11425049 0.85562390 -0.23901649
v 0.16767721 -0.17286788 -0.25843340
v 0.01120084 -0.81149971 0.07721138
v 0.17827474 -0.07783555 -0.26531863
v 0.19559138 0.85233450 0.18822654
v -0.04242127 0.64840490 0.17691344
v -0.04000652 0.68941998 0.25614098
v 0.16897541 -0.32764781 -0.23838656
v 0.14251241 -0.83824104 -0.06085573
v 0.12824002 -0.85781747 0.02875457
v 0.19989549 0.51537871 -0.21087423
v -0.24452011 0.66384673 -0.05787533
v 0.10207955 -0.77372134 0.00613280
v 0.19869052 -0.49990734 -0.14729109
v -0.19299598 -0.29533562 0.22925150
v 0.21213098 0.67546308 -0.12364877
v 0.21154176 0.00508494 -0.24605802
v 0.11141045 0.64574295 -0.19457874
v -0.07733344 0.85130125 -0.26326776
v 0.09565075 0.66469526 -0.22679350
v 0.17864574 0.68013275 0.01452524
v 0.21407400 0.64882678 0.14408766
v -0.20327155 0.82042873 -0.01407090
v 0.24804300 0.70599902 -0.05941150
v -0.14557099 0.64033502 0.21407500
v -0.00807271 0.82389307 -0.20689887
v -0.20976563 -0.20240213 0.20004936
v -0.15050568 -0.54582316 0.16776624
v 0.04658944 0.84108806 -0.20630600
v 0.20410034 -0.35202691 -0.17527914
v 0.22962900 0.62528002 -0.13867100
v -0.11917689 -0.74502343 0.00784778
v -0.19702417 0.63576144 0.18363744
v -0.15133947 -0.69572735 -0.01457983
v -0.29593351 -0.04812399 0.12723178
v 0.22092307 0.64636666 -0.02707853
v 0.25174552 0.67162627 0.05953200
v 0.05410837 -0.82405359 -0.02894592
v -0.00545079 0.82134527 0.20715855
v 0.00953036 0.83502746 0.21573392
v 0.18851019 0.65002853 0.00016013
v -0.23650560 0.62483418 0.15304297
v 0.22581156 0.60713476 0.17157833
v -0.22545129 0.65144026 0.00857846
v 0.21405800 0.63693601 0.16272999
v -0.18234293 0.61829585 -0.20662539
v 0.19233137 -0.58153433 0.07547409
v -0.17669453 0.53024012 0.30443093
v -0.21131946 0.85163110 0.16989078
v 0.23528142 0.85254413 -0.13619015
v -0.02452030 0.69211900 0.24912800
v -0.21105640 -0.54163456 0.21590500
v 0.24932206 0.67189819 0.07715324
v 0.12441646 -0.38591492 0.22903848
v -0.26194710 0.36066344 -0.10677145
v 0.09520823 0.65178359 0.15590046
v 0.25305933 0.64304811 0.12548500
v -0.23909982 0.85627586 -0.03449499
v -0.15820029 0.66545188 -0.22706762
v 0.04304307 0.64764017 0.21669075
v -0.16000432 0.84243840 -0.15616806
v 0.26870635 0.69036025 -0.05997322
v -0.02121997 0.67153460 0.27636883
v -0.05710627 0.66506565 0.24183482
v 0.12371436 -0.01813058 0.29753134
v -0.23661378 0.85657877 0.05973659
v 0.05263982 0.70958108 0.16865812
v -0.13650329 0.84596390 -0.17391574
v -0.08483897 0.80511886 0.17128393
v -0.12730300 0.64490402 -0.14441900
v 0.01595405 0.72682744 0.18088770
v -0.07474024 0.85471296 0.25451940
v -0.01539508 -0.63549817 -0.19021009
v 0.27169687 -0.33888388 -0.09099972
v 0.27026135 -0.06928314 -0.27067113
v -0.23392589 0.85381502 0.03548299
v 0.13946597 0.85610837 -0.22387536
v -0.02561950 0.68199873 0.23815452
v 0.13525283 0.64637476 0.12639534
v -0.11524919 0.71780574 -0.13617441
v -0.18551600 0.64741498 0.02568900
v -0.20168577 0.44405317 -0.21148993
v 0.11296791 -0.50768197 -0.20407237
v 0.13330522 0.68223274 0.11454573
v -0.17418246 -0.41468215 0.20327367
v -0.22094518 0.61737639 -0.16241251
v 0.13967584 0.03282052 -0.27266327
v 0.17982300 0.64210898 -0.05994090
v 0.05995473 0.66149217 -0.22616550
v 0.20621102 0.82131833 -0.00768448
v 0.07790338 -0.81884903 0.00923251
v 0.00121567 -0.85678446 0.13571000
v -0.25154510 0.68647379 0.07115936
v -0.31700525 0.25015160 -0.00647110
v -0.24345054 0.58146387 -0.24623892
v -0.07015825 0.67312431 -0.22997543
v -0.22823060 0.66115546 -0.07696418
v 0.34574872 0.47232780 0.09304132
v 0.14726470 0.85459709 -0.19171555
v -0.19365677 0.64129621 0.15955578
v 0.02555937 0.84144807 -0.21446694
v -0.24144892 -0.29085398 -0.17066458
v 0.16936542 0.65626073 0.05588318
v 0.22529431 0.65146035 0.00854499
v -0.19281645 -0.37541610 0.20135459
v 0.10704484 0.64218932 0.17134698
v -0.08724280 0.84494376 0.19103958
v 0.13717158 0.83739740 -0.25741366
v -0.18477900 0.65680897 0.00711534
v 0.12686922 0.66048807 -0.19847746
v 0.18314032 0.56509244 -0.22256601
v 0.27504656 0.63502938 0.06425808
v -0.09201262 0.65251440 0.25014007
v 0.19074205 0.64180046 0.16270204
v 0.17897400 0.65843803 0.02568900
v -0.02568900 0.64301801 0.19694901
v 0.04281490 0.67029601 -0.23569600
v -0.20442313 0.27250353 -0.23105885
v 0.15070432 0.73470104 0.10140675
v -0.17603675 0.64104676 0.17967698
v 0.14489500 0.65819597 -0.19666000
v -0.13636358 0.36062256 0.27522740
v -0.24513200 0.65545398 -0.07706690
v 0.21130237 0.84162974 -0.03135642
v 0.01859353 0.63677663 0.28717273
v 0.20731671 0.37562394 -0.22094283
v 0.26928177 0.83241856 -0.12203005
v -0.24832700 0.68796903 0.05994090
v -0.21612613 0.85440797 0.10397120
v -0.32885319 -0.02666239 -0.00865842
v 0.16135700 0.64543903 -0.07595020
v -0.00030207 -0.77181995 -0.10450789
v -0.22377230 0.83934242 -0.18260622
v 0.26377600 0.69324702 0.00881851
v -0.06404283 0.83272797 0.18925433
v 0.17464784 0.83474964 -0.10895272
v 0.11732074 -0.74623108 0.01270380
v 0.21451959 0.64653468 0.05227382
v -0.12548067 -0.73009902 0.01359367
v 0.23794651 0.06742252 -0.22385225
v -0.17804474 0.68205386 0.01685192
v 0.20073144 0.41062012 -0.22307119
v 0.25223407 -0.45278740 -0.02319163
v 0.18508732 0.59998107 0.22188914
v -0.16611215 0.70067555 -0.28712818
v 0.23359068 0.01617393 0.21899955
v -0.12319072 0.67973936 -0.11822405
v -0.19466269 0.83180910 -0.05150945
v 0.25745061 0.68891907 0.02318829
v 0.20784304 0.82891530 0.01673607
v 0.17645109 0.64926004 0.04224105
v -0.10458427 -0.74943334 0.02649895
v 0.35973662 -0.29016069 0.00026642
v 0.17199728 0.83318156 -0.23879023
v 0.17938399 0.64050800 0.21423399
v 0.27382585 0.65421069 0.04471342
v 0.17452507 -0.35839728 -0.21791586
v -0.04460745 0.65331250 -0.17024098
v -0.02871716 -0.80757505 0.07403545
v -0.19085738 -0.43192104 0.18775347
v -0.07706690 0.64164603 -0.17982300
v -0.32715857 0.14676829 -0.00097846
v 0.02727420 -0.82947803 0.04440050
v 0.01224837 0.70716703 0.25670826
v -0.16911003 0.64854747 -0.04014370
v 0.06353463 -0.64857394 0.16846311
v -0.26253098 0.40511751 0.14712809
v 0.00183481 -0.12342358 0.37905419
v 0.27177683 0.12671804 0.27240515
v 0.05994090 0.64598399 -0.21109100
v 0.18880007 0.28143173 0.32465991
v -0.09362161 -0.29147533 -0.34723008
v -0.12798485 0.64773399 -0.18538062
v 0.23521878 0.85088420 -0.00128824
v 0.19405742 0.47817522 -0.22263731
v -0.13094254 0.66647023 -0.24248290
v -0.01731873 0.84082341 0.28806949
v -0.08895519 0.68211097 0.15632378
v 0.16210495 0.63060093 -0.18334347
v 0.00023309 0.84029001 -0.22055544
v 0.11580016 -0.64625949 0.13700502
v -0.15192211 0.64904028 -0.07463297
v -0.17982340 0.64142668 -0.08368312
v 0.31661493 0.09733675 -0.03383315
v -0.17300913 0.64300430 -0.05982511
v -0.00645264 0.46154997 0.30022189
v 0.11125626 0.85634089 -0.21238193
v -0.14245440 0.83250576 0.15635546
v -0.20548972 0.85596025 0.12823823
v -0.18565074 0.64146650 0.09414594
v -0.12629651 -0.39787081 -0.24100359
v 0.22985739 0.85476404 0.13587965
v 0.17982300 0.64154702 0.09419280
v -0.03635204 -0.77815390 0.08767533
v 0.23148701 0.69217199 -0.12887999
v 0.17648321 0.71916151 -0.01513727
v 0.20618759 0.58217245 -0.18662451
v -0.17191270 -0.66752791 0.01109195
v -0.25741282 0.61874592 -0.08986437
v -0.16645320 0.63649130 -0.22435001
v -0.24001469 0.66231489 -0.11278886
v 0.12709482 -0.17921413 0.28536192
v -0.04219093 0.69290453 -0.27265960
v -0.08677197 0.84469038 -0.19132321
v -0.27322692 0.67634112 0.03407162
v 0.07235103 -0.85646498 -0.11162582
v 0.06795733 0.85529429 0.23225777
v -0.18159354 0.64131337 -0.20523345
v -0.13467987 -0.85397303 0.04145957
v 0.15096284 0.65266019 -0.07477143
v -0.00011949 0.56398338 -0.29424590
v -0.14009275 -0.71324527 0.00976024
v 0.22453849 0.85708553 0.08789601
v 0.19276077 0.61304855 -0.20289358
v 0.21407500 0.64460403 0.02568900
v -0.00731805 0.37413046 -0.30663922
v -0.07437370 0.68209201 -0.24663055
v 0.17840903 0.85595983 0.17841040
v 0.20685031 -0.46636423 0.13904738
v 0.21019801 0.34314120 0.21655716
v 0.27757862 -0.16441929 -0.14050078
v -0.20666082 -0.56493801 0.05552259
v 0.16269700 0.64217699 -0.09419280
v 0.24542889 0.66603422 0.10937214
v 0.04281490 0.64219302 -0.19694901
v 0.15550193 -0.63714159 -0.10335550
v 0.08023300 0.67387199 0.24666999
v 0.19694901 0.64171302 0.05994090
v -0.09419280 0.64569300 0.16512901
v 0.22546433 0.65215170 0.03005170
v -0.06551683 -0.77415007 0.07308822
v -0.22227952 0.60137224 0.18102153
v 0.07182860 0.77824569 -0.17587036
v -0.20369330 0.81649011 0.01455905
v -0.17242597 -0.47883812 0.18263490
v 0.16404700 0.64329398 -0.21582800
v 0.22132194 0.66320258 -0.06562057
v 0.23762089 -0.40659553 -0.12775616
v 0.06802454 0.85544807 -0.25584728
v -0.24366936 0.67477143 -0.02562444
v -0.03367488 0.85498238 -0.26419887
v -0.17813694 0.80216581 -0.05023446
v 0.08748602 0.66208142 0.24448048
v 0.15491948 0.66144383 0.09411673
v -0.25345924 0.64044642 -0.08442707
v 0.18981165 -0.49704328 0.15430674
v 0.29354358 0.56538141 -0.00338663
v -0.21092400 0.65843803 -0.13169999
v -0.00788769 0.70240086 -0.18032540
v -0.21270750 0.67212909 -0.11130595
v 0.13552025 0.85517693 0.22934617
v 0.22924145 0.69241196 -0.09352983
v -0.10552925 0.68727112 -0.23982376
v 0.09304510 0.64530897 0.23181900
v 0.19296393 0.64264929 -0.12846966
v -0.26304001 0.69380999 0.02548640
v -0.20613338 -0.30142558 0.17841057
v -0.00152316 0.85605389 -0.26355514
v -0.09696928 -0.65056127 -0.15185441
v 0.09355298 -0.81613827 0.14400023
v -0.04420917 -0.79559940 0.06866583
v 0.06702852 -0.29577199 -0.28377083
v 0.29485974 0.48735371 0.01248775
v 0.15702884 -0.50669611 -0.27021837
v 0.03267252 0.72915441 -0.17939351
v 0.21407500 0.64447498 0.00856299
v 0.09359600 -0.19503227 0.36061373
v 0.19128834 0.64307511 0.02545301
v -0.00716272 -0.09830263 0.32269973
v 0.15710072 -0.10225161 -0.27583978
v 0.05885470 0.65993392 -0.16860823
v -0.08065191 0.66782635 -0.25899348
v 0.23317982 -0.29351234 0.16358227
v -0.00698664 0.64563102 -0.19533101
v 0.22382152 0.34978288 -0.20261584
v 0.13851723 0.84456104 0.17619520
v 0.25144243 0.85523599 0.08473971
v 0.07084876 0.84259820 0.20877653
v 0.09912016 0.32717007 -0.35808021
v -0.15344538 -0.61422533 0.08899631
v 0.30568051 -0.32831341 -0.17766751
v 0.26150900 0.67261398 0.04281490
v -0.16523984 0.66941482 -0.19772494
v -0.10080412 0.78010136 -0.15486597
v 0.12687130 -0.34631634 0.23942149
v 0.18618836 0.83934867 0.22114298
v 0.17100304 0.83734608 0.12919471
v 0.06611166 0.67451680 0.26520622
v -0.21427584 0.63589436 0.16671498
v 0.10730892 -0.70862710 -0.08693732
v 0.13595031 0.83889973 0.25617439
v 0.21950053 -0.41644505 0.13662995
v -0.30452695 -0.22456849 -0.02445155
v -0.16071801 0.75186861 0.09159525
v -0.14723083 0.64821517 -0.16873436
v -0.01953488 -0.39502805 0.26697275
v 0.32094061 -0.12686910 0.03037038
v -0.15770531 -0.21013290 0.25447702
v -0.06985011 -0.65556693 -0.16988918
v -0.01450966 0.07129469 -0.32694447
v 0.22050484 0.84026796 -0.00029537
v -0.07260215 -0.81194413 0.01198283
v 0.19917220 0.64908004 0.13696092
v 0.01699651 0.84098536 0.28795269
v -0.23076861 0.85560852 0.08504369
v -0.21255711 0.80080271 0.22821569
v 0.32477307 -0.16374364 -0.18900509
v -0.18917277 0.39988011 -0.22153072
v -0.28296456 0.02976947 -0.11769123
v -0.19611081 0.06107857 -0.25833702
v -0.06696752 0.85313320 -0.21797396
v -0.09135256 0.71774870 0.15647882
v -0.19643490 0.84176773 0.20994544
v 0.19327484 -0.39860553 -0.17600495
v 0.11024331 0.68177116 0.13719667
v -0.21134339 0.64422542 -0.13980362
v -0.08846675 0.71756285 -0.15273251
v 0.23489797 0.69188601 0.23592281
v -0.19254752 -0.25506243 0.23262979
v 0.09710468 -0.85222524 0.10283364
v 0.36873081 -0.07729499 -0.09884575
v -0.25356498 0.60179138 0.12162731
v 0.15785369 -0.69915742 -0.00004754
v -0.22468239 0.85446894 -0.05975449
v -0.11438062 -0.85882646 -0.04812523
v -0.11135348 0.65225124 0.14490296
v -0.01977066 -0.74358445 -0.11829112
v 0.07248621 0.85561687 0.25437754
v -0.04281490 0.70764500 -0.24877800
v -0.11864325 -0.75338733 0.17436588
v 0.08239970 0.65104884 0.22762267
v 0.08879976 0.63072085 -0.25682256
v -0.13496409 0.64418197 -0.12828204
v 0.09231506 -0.66093630 0.15615064
v 0.11914092 0.74945772 -0.13771977
v -0.00087143 0.76789826 0.18971479
v 0.13591048 0.81453240 -0.15115763
v 0.19733396 0.85584104 0.14630260
v -0.06143364 0.83695596 -0.19198927
v -0.09481742 0.64804006 -0.15676506
v -0.00173433 0.57486647 0.29323930
v 0.25228566 -0.34533653 -0.14439602
v -0.16427281 0.64169770 0.11518373
v -0.18724760 0.64372963 -0.11134341
v 0.15638584 -0.83696300 0.00131068
v -0.25996628 0.85574389 0.04817321
v 0.11712945 0.72673404 -0.13570976
v 0.15011443 -0.69368935 -0.02808190
v 0.18375087 -0.56566781 -0.12102227
v 0.18126939 -0.65936500 -0.18316938
v -0.26234856 -0.32472086 0.01294306
v 0.16808601 0.64670998 0.07706690
v 0.06317480 -0.77918833 -0.05199624
v 0.19695243 0.62950957 -0.14616908
v 0.23734787 0.85647893 -0.04689861
v 0.18569712 0.36846167 0.31763685
v -0.19550261 -0.34451047 0.20842843
v 0.11131690 0.64081359 0.22603723
v -0.20229253 0.66222626 -0.11959893
v -0.09144820 0.68260181 -0.15088701
v -0.20948423 0.64114016 0.11813138
v -0.25775695 -0.42954284 -0.01812395
v 0.00856299 -0.83384198 0.04281490
v 0.11916476 0.61444736 0.26204020
v 0.17555375 0.68125862 -0.01404476
v -0.08606877 -0.77952975 -0.03854965
v 0.18941489 0.76875979 0.00376268
v 0.10827034 -0.85886788 -0.06060879
v -0.00858736 0.65147638 -0.22511654
v -0.17537071 -0.38418102 -0.19755317
v -0.14446722 0.64767057 0.11409007
v -0.27471229 -0.00082717 -0.18226828
v 0.16126984 0.64937264 -0.05919297
v 0.20071045 0.64379478 -0.07721051
v -0.21011956 0.83193785 -0.20851804
v -0.15352529 -0.82834142 -0.05470978
v -0.25622913 0.65885818 0.08393750
v -0.17770855 -0.33705315 -0.20442367
v -0.06934678 0.63883424 0.27072057
v -0.24305531 0.68877655 0.04401927
v 0.15617980 0.68350774 -0.05144656
v -0.00852990 0.28167826 -0.31325096
v -0.02866791 0.04287517 0.33055341
v 0.28667641 -0.12718292 0.15136370
v -0.15236062 0.68235666 0.09430203
v -0.23391515 0.63522112 0.12164541
v 0.01771018 -0.74129939 -0.11490767
v -0.01334444 -0.62196153 0.18980776
v -0.27243093 0.15217842 0.17306578
v 0.30572087 0.35913062 -0.00860969
v -0.25531951 -0.22395328 -0.16723165
v 0.24764100 0.68052298 0.02716330
v -0.18856609 -0.22442077 0.23896506
v 0.04101878 0.85621923 0.23787721
v 0.32778242 0.72982788 -0.00152765
v 0.09479189 0.85511982 0.22295530
v 0.01667049 -0.85263348 -0.14025463
v 0.19175830 -0.24008125 -0.21433803
v -0.14612757 0.64196527 0.13261037
v 0.12841526 0.64205372 0.15326209
v -0.00871791 -0.82748073 -0.06454473
v -0.21565700 0.64596200 0.02688520
v -0.20967419 0.85703498 0.14873169
v 0.05633593 0.65204298 -0.25877041
v 0.13902505 0.68412834 -0.08596406
v -0.21505480 -0.61747271 0.17251772
v 0.17359149 0.65748632 -0.02571485
v 0.11083424 -0.59506631 0.17476583
v -0.13027416 0.67370713 -0.21190642
v 0.10179143 0.84328711 -0.19155319
v -0.20850474 0.18780026 -0.23909342
v -0.01812062 0.69641000 -0.27688086
v -0.20263445 0.22982897 -0.23671624
v -0.27687779 0.65326571 0.05357528
v 0.07902704 0.75694132 0.31360152
v 0.07834783 -0.52368581 -0.29712480
v -0.27106664 0.25688404 0.16519742
v -0.22293203 0.06824638 -0.23952472
v -0.29136381 0.58049780 -0.00456196
v -0.08984403 -0.80305177 0.00951501
v -0.38048217 0.16526967 0.04082876
v 0.12892701 0.67682898 -0.21436299
v 0.22589329 -0.65171456 0.13023697
v 0.20399961 -0.71953404 0.10476153
v -0.20851295 0.51198405 -0.20163549
v 0.22081342 0.85631275 -0.09799855
v 0.32700387 -0.04279101 -0.01100968
v 0.04360300 -0.77461267 -0.08790982
v 0.24428000 0.70520902 -0.12501100
v -0.02120622 -0.80084771 -0.18093906
v -0.05043914 0.68291837 0.16838805
v 0.11771109 -0.29641870 0.25538558
v 0.08800101 -0.78290713 0.03637648
v 0.08989123 -0.62025070 0.17163648
v -0.14163771 0.85657209 0.18834028
v 0.28165179 0.75173461 0.16068950
v 0.24188586 0.03213485 -0.22283456
v 0.19297060 0.63820362 0.20113838
v -0.30807245 0.49692294 -0.17741035
v 0.29111966 0.59754342 0.00195250
v 0.12449110 -0.47325826 0.20555934
v -0.10749175 0.65391582 -0.25444254
v 0.18522373 -0.59252685 -0.08489106
v 0.17070149 0.64125746 -0.29309368
v -0.18432045 0.81594110 0.08886053
v 0.12332502 0.75183088 0.13181476
v 0.22185668 0.27604908 -0.21912310
v -0.23797312 0.65836102 -0.23909327
v 0.17766319 0.04265726 -0.25426143
v -0.21994595 0.64446950 -0.00862507
v 0.17677765 0.62884426 0.22382875
v -0.00434621 -0.80208409 0.08927318
v -0.22116761 0.85596460 -0.14518797
v 0.23695205 0.68037117 0.00787458
v 0.28202230 0.02155971 -0.14920345
v -0.04360518 -0.82523072 -0.00141126
v -0.14275250 -0.48336089 -0.20605291
v 0.04361271 -0.83010769 0.02972894
v -0.00806667 -0.81941581 0.07666661
v -0.03890116 -0.80521899 0.03327255
v 0.10264198 -0.68407190 0.22448470
v -0.14200039 -0.29302105 -0.26124558
v 0.23372743 -0.63324940 -0.13217232
v -0.20728533 0.34558564 -0.22193819
v 0.09539586 0.80653638 0.17495802
v -0.08805752 0.82715416 0.28627670
v 0.25403500 -0.27484038 -0.14849313
v 0.16540454 0.74717003 0.07100365
v -0.30528209 -0.49563769 0.08059439
v -0.09410501 0.65063560 0.23570532
v 0.15137765 0.83197433 -0.15107664
v -0.22360058 0.24163812 -0.21899465
v -0.29486907 -0.25941968 -0.00927114
v -0.00721224 0.03311392 -0.33392927
v -0.28988522 0.02214736 0.15523995
v -0.02897518 -0.83737010 0.15272151
v 0.28887311 0.80261546 0.11136230
v -0.03208857 -0.66142011 0.17752121
v -0.09713192 0.45267862 -0.34654868
v -0.36410102 -0.26095152 -0.00110606
v -0.00731384 0.67457420 -0.27528951
v 0.13775066 0.64067566 0.21403740
v -0.14821364 0.79479080 0.12127861
v 0.19202819 0.64636922 0.00883089
v -0.05494565 -0.73868686 0.10668927
v -0.19951506 0.64177591 -0.06693885
v 0.02685492 0.64552385 0.21960764
v -0.13745366 0.83683169 0.25869620
v 0.16724406 -0.24117176 -0.25479263
v -0.12936600 0.67778200 -0.22985201
v -0.17479779 0.67991859 -0.01530863
v 0.12805133 0.85631502 0.20641492
v -0.16884588 0.66750044 -0.18576857
v 0.16790538 -0.60006207 -0.11875217
v -0.26103687 0.66531920 -0.00703692
v -0.06636517 0.64187908 -0.20127799
v -0.13068797 0.77754188 -0.13463925
v -0.32714638 -0.16311698 0.18502209
v -0.09754390 0.65576148 0.15502448
v -0.18638106 -0.79424781 -0.00286907
v -0.21604399 0.67359900 -0.12621699
v 0.17557001 -0.12934631 -0.25883821
v 0.05779606 -0.68815583 0.15148635
v 0.06494770 0.68670595 0.23690939
v 0.00350093 0.68934613 -0.25653636
v 0.31893241 -0.15337165 -0.00101395
v -0.11374333 0.80156064 -0.15404069
v -0.05402698 -0.69860488 -0.13942116
v 0.15457107 0.84406793 -0.16347146
v 0.05992454 0.64229977 0.20561755
v -0.08114650 -0.71236724 0.11300500
v -0.10452198 -0.77210605 0.00216885
v -0.08453713 -0.75779438 -0.07200322
v -0.28182942 0.82302117 -0.10477297
v 0.15271895 0.64388126 -0.22660075
v -0.01768104 0.18789265 0.31847066
v 0.13001855 0.63462198 -0.16541967
v 0.21680976 0.24740434 0.21782780
v 0.14144966 -0.30715910 0.23929064
v 0.21526125 0.66365612 0.12701520
v 0.20489135 0.33913788 -0.22543627
v 0.16512500 0.64568800 0.09419280
v -0.28263345 0.73447967 0.16466126
v 0.23623623 0.24589358 -0.20005934
v 0.20686172 0.59685487 0.19782192
v 0.05858155 -0.83804262 -0.14346832
v -0.03419554 -0.80348051 -0.07105763
v -0.09359483 0.75266403 -0.15366514
v -0.22212188 0.63936388 0.14821440
v 0.00861323 0.69336271 0.24220310
v 0.19033824 0.84101903 -0.08398302
v 0.01446728 0.39205909 -0.30197895
v -0.19201006 0.78639728 0.01387999
v 0.26272437 0.85630369 -0.00168022
v 0.12269276 0.79547614 -0.15134151
v 0.27925938 0.65828460 0.02213006
v 0.14367130 0.65021908 -0.09364486
v 0.10354777 -0.76184422 -0.01343104
v -0.24210140 0.85587990 0.10548036
v -0.10085223 0.85456455 0.24654421
v 0.30686095 0.79723275 0.05650407
v 0.25587496 0.83931005 0.13598987
v 0.13909601 -0.72096580 -0.00926599
v -0.15247144 0.64276493 -0.14828350
v -0.18294699 0.65680897 -0.00693539
v -0.32676736 0.25683159 0.18883833
v 0.26016966 -0.18188827 0.17078751
v -0.12783013 -0.31280193 0.25464585
v -0.02078299 0.85522562 0.24114372
v 0.37253833 0.09096249 0.09789031
v 0.07712390 0.65193355 -0.21499416
v -0.20944066 0.15324849 -0.24225949
v 0.01117707 0.64867443 -0.27458262
v -0.13120168 0.64896101 0.24553004
v -0.08080240 -0.46066937 0.31500795
v -0.27292633 -0.03535076 -0.18055224
v 0.17318100 0.79475886 -0.05472578
v -0.02622810 0.80265111 0.19135943
v 0.24862351 -0.25727069 0.16066439
v -0.21696082 0.11766707 -0.23907986
v -0.23520707 -0.42811021 -0.23643965
v -0.07941359 -0.85899305 0.09803470
v 0.17434075 0.84368050 -0.13921973
v 0.27813223 -0.47406137 -0.16145813
v -0.28930709 -0.19315253 0.01652835
v -0.29446572 -0.01239468 -0.13413329
v -0.24212186 0.83565217 -0.16428442
v -0.21457504 -0.50931978 0.08112203
v -0.18931884 0.78717500 -0.01347506
v -0.06751870 -0.33757293 -0.27876040
v -0.03831426 -0.85875702 0.11955819
v -0.14125757 -0.44601351 -0.21936129
v -0.01024816 -0.80732489 -0.08449924
v -0.02029162 0.14458433 0.32178375
v -0.18662468 -0.76672292 -0.08252610
v -0.26037204 -0.18024299 -0.16586885
v 0.17502764 -0.62491196 -0.09344542
v -0.23853530 -0.35349375 -0.15242139
v 0.10348629 0.85683477 -0.23981337
v -0.11083272 0.65155351 -0.14533865
v -0.02536316 0.64474189 0.22301647
v -0.14965037 0.53815454 0.25477621
v -0.10737480 -0.85881215 0.07133552
v 0.17740035 0.63237405 -0.14768076
v 0.12600446 0.11983281 0.28871506
v 0.07721888 0.64325994 0.20891653
v -0.01786823 -0.85666025 -0.13708834
v -0.16858178 -0.27489141 -0.22804457
v 0.09118952 0.52212954 -0.34091568
v 0.25974876 -0.42751026 -0.02935458
v -0.10897854 0.77230221 0.15400016
v -0.26964337 -0.31874788 -0.09473290
v -0.20788600 -0.25168586 0.18960720
v -0.03665794 0.82390606 -0.19448763
v -0.08792177 0.66924566 0.32409519
v 0.28616104 0.83410555 0.06899984
v -0.14547136 0.85575074 0.22181006
v -0.10669891 0.85556781 -0.20886551
v 0.18543178 0.34972346 -0.31971791
v 0.26760629 0.80790395 0.15345857
v -0.20600383 0.79384375 -0.23628886
v 0.21624568 0.83974636 0.19199653
v -0.14022410 -0.59592730 0.24610491
v 0.18056585 0.85527408 0.16255653
v 0.26413420 0.31043762 -0.10865342
v 0.25544682 0.68781352 -0.11062165
v 0.01368529 0.24702576 -0.31391490
v 0.15338543 0.78896844 -0.27607390
v -0.22788924 0.34051141 -0.19960141
v 0.14462173 0.65212518 0.11071794
v -0.01475740 0.62287080 0.28816310
v 0.03677662 0.00696794 -0.32385960
v -0.21920589 -0.45405638 0.12029859
v -0.27312934 -0.59619325 0.07472341
v 0.09011474 0.70112801 0.15618718
v 0.04408670 0.83968896 0.21123810
v 0.06029012 0.67299807 -0.23877971
v -0.18594812 -0.18944858 0.24460062
v -0.22711058 -0.72307944 -0.01626200
v 0.26435709 0.63439703 -0.08569445
v 0.19694901 0.64169103 0.04281490
v -0.15600932 0.82838643 -0.14141700
v 0.30222881 0.19723450 -0.04421064
v -0.23605222 -0.33107170 -0.17136942
v -0.21589009 0.83513623 0.00915801
v 0.00144925 -0.30146930 -0.30313450
v -0.22833297 0.66592753 -0.09431664
v 0.00325267 -0.72330475 -0.13692668
v 0.18735752 -0.00671820 -0.27124202
v 0.27392721 -0.61957330 0.00060861
v -0.11141884 0.64268756 -0.18264660
v 0.28786665 0.83849913 0.03405968
v -0.32462758 0.66660911 -0.08731747
v 0.06336072 0.83378977 -0.28782067
v -0.31372204 -0.46249801 -0.08366632
v -0.14552723 0.64244008 0.23678067
v 0.23693377 -0.02639946 0.21881653
v -0.03413182 -0.47202858 0.23696589
v -0.13777217 0.83984047 -0.25433162
v 0.09419280 0.65407699 -0.24334000
v -0.10777036 0.03845548 0.30824834
v 0.09212600 -0.31829622 -0.34322342
v -0.14078146 -0.25865906 -0.26568431
v 0.24881774 -0.29387647 0.13606237
v 0.23259775 -0.70922381 0.02770945
v -0.01843635 0.78774452 -0.31521940
v -0.25746194 0.85784054 -0.01195034
v -0.29100823 -0.32717234 -0.01627581
v 0.07782660 -0.73879540 -0.08678289
v -0.15915443 0.44134521 0.25436115
v 0.12995300 0.67671400 -0.22784400
v -0.00521807 0.44442788 -0.30174425
v -0.01657160 0.50474960 -0.29184455
v 0.23519804 0.60917503 -0.12082589
v 0.32834667 0.22353381 -0.19061288
v 0.01716976 0.06354474 -0.32689449
v 0.00148952 -0.71987349 0.14486812
v -0.25922158 0.38519463 0.25923267
v -0.07676847 -0.31171492 0.27431232
v -0.29858324 0.44429186 -0.01358373
v -0.30751175 -0.18931501 -0.02561770
v 0.32820073 0.03231661 -0.02042486
v -0.13483165 0.58430719 0.25647280
v 0.16537561 0.71735442 -0.28504086
v 0.13676313 -0.71994936 0.01121842
v 0.29659313 0.82570869 -0.03666533
v -0.29651177 -0.29314178 -0.02144066
v 0.13881344 0.78964978 -0.12983510
v 0.22640443 0.13620226 -0.22502001
v -0.28922057 0.83112127 0.06723280
v 0.15647288 -0.35943198 -0.23402531
v 0.19442922 0.54237133 -0.21582700
v -0.24169877 -0.61067820 -0.13675359
v -0.24832700 0.68016601 0.00421590
v 0.34044993 0.63076252 -0.00195027
v -0.19649306 0.63272512 -0.14838187
v 0.05004410 0.70356530 -0.16921458
v -0.24598622 0.00792763 -0.21108538
v 0.34784099 -0.28394854 -0.09508897
v 0.01735570 0.84062803 -0.28820151
v 0.09583629 -0.73328376 -0.20051055
v -0.22733730 0.17136365 -0.21663639
v -0.21190503 0.84194499 -0.03236299
v 0.09649558 -0.72157443 0.08066121
v -0.02660231 0.85561365 -0.23916401
v -0.01235168 -0.76987326 0.10253482
v -0.05637687 -0.58645421 0.18874831
v -0.01113787 0.39385673 0.30470109
v 0.12880951 -0.42981878 0.21562119
v 0.13745046 0.65642208 -0.23916006
v -0.25368002 0.02540148 0.20119214
v 0.17428724 0.77588564 0.26685065
v 0.21371429 0.85564017 -0.15506962
v 0.23140800 -0.45046961 0.04648289
v -0.20475172 0.60287929 0.19733883
v 0.16382468 -0.43585885 -0.20927168
v 0.01921514 -0.83582133 -0.01801852
v 0.00540238 0.69052732 0.27145031
v -0.15164417 -0.10394380 -0.27948409
v 0.22147183 0.60169625 -0.14784481
v -0.00931193 -0.74346381 0.12424999
v 0.01826677 -0.63521069 -0.18912710
v -0.27429241 0.22206269 0.16503750
v 0.18838337 -0.17945883 -0.32345328
v 0.20826371 0.25290015 -0.22796987
v -0.13736995 0.74585289 -0.10082614
v -0.02681028 -0.42908430 0.25492480
v 0.04885913 -0.78848505 -0.18359512
v -0.01571388 -0.58919519 -0.28528205
v 0.30704981 -0.20404375 0.00483418
v -0.01352542 -0.82501245 -0.03954256
v -0.17039384 0.81513292 -0.25263312
v 0.00654684 0.64821619 0.18719622
v -0.21620907 -0.52265257 -0.21935450
v -0.11816698 0.75257528 -0.13884979
v -0.14864784 0.22186989 0.28290963
v 0.16967858 0.80306607 0.08676527
v 0.13084830 0.65842688 0.12210205
v 0.31262824 0.75192308 0.08622842
v 0.11125219 0.68495697 -0.13851582
v 0.19460383 0.06731835 0.33258140
v -0.21866038 0.00231643 0.23916264
v -0.15862501 0.67129302 -0.21407500
v 0.21653077 0.30729753 -0.22228356
v 0.28491718 0.83453500 -0.07457662
v -0.32500622 -0.17126584 -0.18728140
v 0.02172421 0.50483239 -0.28846309
v -0.01200652 -0.82665420 0.05519188
v 0.19280222 0.17084092 -0.33051050
v -0.28641662 0.07932381 0.16571632
v -0.11131900 0.64310497 -0.16269700
v 0.02568900 0.64383399 -0.19694901
v 0.07596637 0.64913249 0.16572949
v 0.15046065 -0.78077537 0.12463839
v -0.03425298 -0.66665226 -0.17335686
v 0.00903179 0.67793876 -0.24445136
v 0.08986390 0.73508662 0.15923508
v 0.19012369 0.20514326 0.32981324
v 0.22964181 0.67177302 0.08284574
v 0.13180691 0.78644621 0.13585834
v -0.26349321 0.83815026 0.12178849
v -0.08092771 -0.85869628 -0.10184271
v -0.05284289 -0.78183419 0.18680520
v 0.19340481 0.81648880 -0.03178569
v -0.14816059 0.48890930 0.25962272
v 0.16304521 -0.48378170 -0.19349168
v -0.14866599 0.25591305 0.27987394
v 0.18429059 0.44475332 -0.22935867
v -0.07718092 -0.83327198 0.13931392
v -0.18979193 -0.60701448 -0.04836075
v 0.12675381 0.80047745 0.28387937
v 0.19420032 -0.52340287 0.13293739
v 0.19284259 -0.61230886 0.03792092
v 0.01722437 -0.68424630 0.16583773
v -0.17060855 0.83483201 0.23833406
v 0.13886428 0.82823992 0.15707369
v 0.16894175 -0.54698634 0.15547766
v 0.18379749 0.64267194 0.11138371
v 0.16323239 0.80349088 -0.08631993
v 0.14743522 0.64125967 0.15487057
v 0.26386732 0.66994268 -0.08192386
v -0.05260224 0.83821112 -0.28582582
v 0.17282867 0.64270037 0.13803464
v 0.30185935 0.55630732 -0.17520998
v -0.18268207 0.42743999 -0.31293666
v 0.00216471 0.34145486 -0.31204188
v -0.25667888 -0.29565752 -0.14202321
v -0.25662279 0.85530704 -0.06854521
v -0.17015760 -0.75608552 0.12253977
v 0.09271336 -0.01619377 -0.30600634
v -0.31025293 0.00247993 -0.07655515
v 0.15384065 0.79589802 0.11955682
v -0.25466952 -0.35791627 0.01337692
v -0.36519739 0.39664271 -0.00025166
v -0.18319598 0.63677359 -0.15450948
v -0.05642344 -0.64712220 0.25678179
v 0.22851418 -0.52332222 -0.01946611
v -0.14428601 0.67827499 -0.21547399
v 0.23156746 0.85594410 0.05076551
v 0.00819109 0.30875909 -0.31185001
v -0.13486145 -0.19955856 -0.27556252
v 0.31493959 0.17931414 -0.00464104
v 0.18720543 0.85652035 -0.16107036
v 0.17641239 0.62522972 -0.21753675
v -0.31251717 0.76331496 0.07944526
v -0.18875302 -0.57467514 -0.08460686
v 0.24065810 0.19867490 -0.20255184
v -0.27188012 0.35258821 0.13105738
v 0.26130667 -0.62759715 0.07160925
v -0.21413155 0.64441293 0.08387062
v -0.34226808 -0.38730055 0.00022802
v 0.09004433 0.60680014 0.33121437
v 0.04424293 0.66443557 -0.17371303
v 0.03698780 -0.82449198 -0.04578065
v -0.15657425 0.81366605 -0.11687063
v 0.08960122 0.69983232 -0.15292901
v 0.00017374 0.74215937 -0.18504679
v 0.16469400 0.71725893 0.28539699
v -0.25432459 0.85464448 0.07507555
v 0.24227481 -0.37715346 -0.14233084
v -0.19365321 0.84381890 -0.08667301
v -0.24755372 0.41041279 0.17321023
v 0.30926821 -0.18330669 -0.02200196
v -0.23073664 0.64141828 -0.13759470
v -0.21687281 0.02747081 -0.24783421
v -0.02056850 -0.27600303 0.29863518
v 0.24808468 -0.30992556 -0.15194531
v 0.11839826 -0.83172810 -0.10860646
v -0.25554436 0.79659176 0.17961673
v -0.24567522 -0.36769179 0.24419889
v -0.19395931 0.85653353 0.15580708
v 0.08752580 -0.80131978 -0.00610617
v 0.27258646 -0.21085687 -0.14081334
v -0.25661036 0.85818535 0.01732951
v -0.18842690 0.80443573 0.05267286
v -0.15889741 0.59425926 0.24125318
v -0.25234285 0.52161801 0.14555813
v 0.13478917 -0.30564478 -0.25872639
v 0.22023685 0.66870385 0.10843435
v 0.24626726 0.56440979 0.24632889
v -0.20722291 0.54678017 -0.19864789
v 0.11425219 0.70973313 -0.13682123
v 0.01456977 -0.76910698 0.09807207
v -0.14850836 0.14509392 0.29002151
v 0.22106405 0.18816009 0.21802081
v 0.28918669 0.63349295 0.00195754
v -0.26507604 -0.21481422 0.12370478
v 0.30608851 0.31654957 0.00217493
v -0.13510634 0.03087399 -0.28494117
v -0.30099627 0.56530273 0.17482769
v -0.21993963 0.64750719 -0.02844938
v -0.27414662 -0.16544291 0.12469749
v 0.01311260 -0.71025592 0.23358972
v 0.04915737 0.68260378 0.23761958
v -0.23815945 -0.45148236 0.00125036
v 0.15911420 -0.65999222 -0.07949288
v 0.08775911 0.68380606 -0.32219031
v -0.17053372 -0.40161884 -0.29328942
v 0.28333899 -0.34407637 -0.04628795
v -0.09867948 -0.15539517 -0.36317012
v 0.25299799 0.47118962 -0.25380996
v -0.27260920 -0.08003344 -0.17129923
v -0.01780254 0.28063929 0.31202838
v -0.06282268 -0.79253525 0.03726174
v -0.00096135 0.58481675 0.34577972
v -0.10046014 -0.14461882 0.36357716
v -0.33664897 0.56176800 -0.08917350
v -0.22857253 0.67452407 0.07271202
v 0.07184292 0.64321643 0.27415165
v -0.17600369 -0.52279252 -0.16061564
v -0.37271723 0.04915212 -0.09821478
v 0.25090685 -0.31940034 -0.25153664
v -0.04285660 0.69621259 -0.23878956
v 0.12717713 0.58152354 0.26152274
v 0.01423512 0.82136023 -0.20504776
v 0.19377844 0.51807672 0.22016431
v -0.19083963 -0.48853099 0.16042429
v 0.07480665 -0.81946599 -0.01121478
v 0.06809980 -0.72633708 0.10696311
v 0.30298784 -0.53076196 0.03984161
v 0.23454595 0.67064822 0.05986444
v -0.26736483 0.29066309 0.16576317
v -0.19055294 0.58249950 -0.20402114
v 0.30341247 0.40176100 -0.00572083
v -0.27131942 -0.29096416 0.00383746
v -0.20759484 -0.34931433 0.16472568
v -0.14760143 0.09555481 0.29440627
v 0.12449700 0.64681798 -0.19068700
v -0.17111728 -0.66946220 -0.01474159
v 0.16804329 0.65168518 -0.04090962
v 0.06458949 0.82256061 -0.19136079
v 0.33480996 0.57699162 -0.08908806
v 0.23709011 -0.41839138 0.23769757
v 0.28314185 0.20585582 0.12558220
v 0.24596590 0.71029454 -0.02554280
v -0.11477065 -0.85016584 -0.08733906
v -0.13892432 0.68112969 -0.08563387
v 0.15887137 -0.64714313 0.05885740
v 0.01139972 -0.16325700 -0.31622380
v 0.12508668 0.05010400 0.29298040
v 0.11668173 -0.78670257 -0.15161338
v -0.00122900 -0.20156838 -0.31384662
v 0.23913410 0.77979183 -0.20897768
v -0.02514200 0.69311398 0.26205799
v 0.16432178 -0.39587128 -0.22080530
v 0.28245455 0.65866542 -0.02221793
v 0.29067996 0.66524720 -0.16910899
v 0.15083623 -0.15091327 -0.27129707
v -0.01761680 0.23095943 0.31545323
v 0.26207605 0.64667618 0.09998241
v 0.06116494 -0.85859281 0.11339165
v -0.01943307 0.09563833 0.32600915
v 0.25925800 0.06177450 -0.19410503
v 0.06803945 0.80337214 0.18455383
v 0.26766565 0.70709193 -0.04121903
v -0.09279957 -0.67719024 -0.13045119
v -0.04828768 0.77726483 -0.17373514
v -0.09516995 0.36749044 0.35547039
v 0.21481520 -0.73662198 -0.04830118
v -0.24517736 0.67434484 -0.00966835
v 0.00217087 0.70457995 -0.33086351
v 0.00760383 -0.54693145 -0.22584762
v -0.15607302 -0.44488335 0.19997400
v 0.19159901 -0.06224440 -0.33124438
v -0.14402768 -0.32625538 -0.25748101
v 0.28962982 -0.27592486 0.00212519
v -0.13315637 -0.54132384 -0.18913499
v -0.22957000 0.66125959 -0.06066319
v -0.12440591 -0.57256699 -0.26387459
v 0.20269954 0.38526520 0.22077657
v -0.19805789 -0.29492992 -0.19533798
v 0.09758355 -0.04864602 0.37050489
v -0.21407500 0.62738103 -0.14965799
v 0.23212385 0.71636176 -0.23427743
v -0.21506260 -0.22405048 -0.19498649
v -0.03013998 0.62912726 -0.27885506
v -0.23177151 0.73295563 -0.23133060
v -0.03008603 -0.51446444 0.22451805
v -0.26108730 -0.22571857 -0.26068303
v -0.01405558 0.23861922 -0.31385252
v -0.27105647 0.15323171 0.27177781
v 0.09144218 0.60760307 -0.33055532
v 0.01729276 0.85324305 0.23705351
v 0.03140599 0.77933526 -0.18681951
v -0.35146144 -0.25908086 0.09583976
v 0.20755228 0.84808719 0.06814291
v -0.24411638 0.59060961 0.24418853
v 0.31185329 0.80042624 0.00336720
v -0.27630362 0.61415601 -0.03925540
v -0.12102018 -0.71501774 -0.03856944
v 0.10118498 -0.85892659 0.06884757
v -0.01263760 0.70527399 -0.26545301
v 0.28010470 0.28055939 0.12379392
v -0.21503383 -0.56671298 -0.00853117
v -0.21274948 -0.41294438 -0.16704395
v -0.17879225 -0.30904877 0.30894664
v -0.00048886 0.47711781 -0.29952708
v -0.00534258 -0.06958396 0.32693741
v 0.10347606 0.85293031 0.24985735
v -0.19087183 -0.10289291 -0.32910496
v -0.18947923 -0.63935274 -0.01659371
v -0.33101231 0.09352185 -0.00198972
v -0.23880231 0.55523294 0.16824988
v 0.25393274 -0.23876810 -0.15266094
v -0.29885915 -0.25652733 -0.03024708
v 0.01776670 -0.79038543 0.18822169
v -0.02355832 -0.82141501 -0.01889509
v 0.08673589 0.76433599 -0.31040189
v -0.33013293 0.18792765 -0.19177455
v -0.04998261 0.85570967 0.25871694
v 0.32780647 -0.12203252 0.19049723
v 0.08612906 -0.43529272 0.32033092
v 0.19760001 0.63900101 0.17988800
v -0.08525937 -0.80529433 -0.01400189
v -0.20289487 -0.44565392 -0.16708863
v -0.25398263 -0.29179019 0.10147572
v -0.14864136 -0.38268736 -0.23367102
v 0.27633056 -0.58960432 -0.07020223
v -0.03410602 -0.54953039 0.21065442
v 0.10294729 0.83812946 0.19095214
v -0.08781931 -0.41998342 -0.32341105
v -0.18568668 -0.15645757 0.25185874
v 0.04442870 0.68816602 0.24685100
v 0.07187268 0.67515492 0.22904320
v 0.26895803 0.19643652 -0.27029851
v 0.01417051 -0.80564451 -0.08559101
v 0.29555759 0.53014868 -0.00147560
v -0.19694901 0.64320803 0.02568900
v 0.12747571 -0.85809171 -0.02480041
v 0.17833200 0.64537698 -0.04144860
v -0.24039169 0.60131383 -0.13710442
v 0.17716494 0.74899518 -0.02080951
v 0.12506109 0.41056073 0.27220255
v -0.05790230 -0.84702045 -0.13603750
v 0.19490655 0.47860178 0.22189219
v 0.01457489 -0.45498058 -0.25258747
v -0.01689089 -0.14812087 0.31391767
v -0.31625867 0.39502305 -0.18328439
v -0.31198820 0.76483214 -0.08041897
v 0.20882706 0.19434777 -0.22900912
v 0.18752614 0.84858960 -0.20473169
v 0.18392405 0.64998263 0.19710690
v 0.16274269 0.64219749 -0.11522715
v 0.35723642 0.34451142 -0.09652334
v -0.01647760 0.85589397 0.26272455
v 0.38454762 0.11443264 -0.00137760
v -0.11850841 0.85695714 0.20601615
v 0.19694901 0.64158201 -0.04281490
v 0.35280344 0.52158511 -0.00161540
v 0.13168602 -0.25742221 0.26147428
v -0.23049146 0.73464751 0.23228505
v -0.17704663 0.84055209 -0.22661363
v -0.24510571 0.83838224 0.15655275
v -0.12844500 0.64551997 0.23039000
v -0.24253191 0.59724700 0.15651332
v 0.27156055 -0.02628312 0.27220830
v 0.20756234 0.44396317 -0.21254651
v -0.12116288 0.85620338 0.23222236
v -0.08340037 0.74733394 -0.31402543
v -0.07119434 -0.73607320 -0.10003835
v -0.08512397 0.61840945 0.26731303
v -0.25701457 0.41189519 -0.25818428
v -0.13940728 -0.85555470 -0.00558031
v -0.26626223 0.26433054 0.26656500
v -0.26564595 -0.53183955 0.14971304
v -0.27264646 0.05056129 0.27325803
v 0.13494624 -0.56556910 0.17388329
v -0.02044088 -0.82285404 0.01775617
v 0.00177906 -0.23972157 0.29611564
v 0.34565514 0.46835086 -0.09496383
v 0.13338070 -0.22049202 0.27071172
v -0.06450309 0.76585394 0.16964221
v -0.05195811 0.68169868 -0.16426793
v -0.28945130 0.14664286 0.13970996
v 0.18611936 -0.46331492 0.16248822
v -0.30955222 -0.00464040 0.11303119
v 0.02692215 0.04247788 0.31489322
v 0.09120020 -0.77998841 -0.01295858
v -0.28629094 0.83422947 -0.06956486
v 0.17653568 0.36690715 -0.23547034
v 0.29642180 -0.27401695 -0.03337159
v 0.26331744 -0.30813441 -0.13374886
v 0.25512362 -0.57271183 0.14108007
v -0.17799772 0.74884653 -0.01850401
v 0.24229901 -0.07990076 0.21798165
v -0.18607612 0.85659289 0.18559441
v -0.27618700 0.79885966 -0.14540648
v 0.12534846 0.17938523 0.28549469
v 0.01971604 -0.38049909 0.25136107
v -0.25123426 0.49549094 0.25198838
v -0.14795732 0.66914445 -0.19567946
v 0.19568107 0.83426678 -0.05318005
v -0.32127595 0.19289812 -0.00708102
v -0.02819622 0.66689980 -0.27936867
v -0.20868981 0.47805482 -0.20539226
v 0.29443967 -0.39492056 0.17150554
v -0.01733504 0.00352897 0.32885984
v 0.19717734 0.80587924 0.01470354
v -0.25182587 0.26204687 -0.14562303
v 0.18043427 -0.29995704 -0.30971771
v 0.24740539 -0.66978586 -0.05301243
v 0.25721651 0.41119948 0.25804308
v -0.19414672 0.11941583 0.33198661
v -0.13318293 0.63529205 -0.24362104
v 0.20349464 -0.58344126 -0.20348155
v -0.18599163 -0.20682217 -0.32128251
v -0.31569600 0.29090789 0.00028604
v 0.08713257 -0.75690651 0.19043200
v 0.21188964 -0.57548106 -0.01322549
v -0.00056538 0.01567264 0.38493040
v -0.00181345 0.59687966 -0.29159737
v -0.15940437 0.78497952 0.27414963
v 0.04495105 0.66299707 0.17201379
v 0.26642153 0.24816820 -0.26800829
v 0.24855426 0.13076618 -0.20143577
v -0.19372311 -0.60960156 -0.19962363
v 0.23947969 0.64095181 -0.24061273
v -0.33750448 -0.35160053 -0.09059002
v 0.18144320 0.45906281 0.31009740
v 0.32400957 0.67549127 0.08497493
v 0.31753129 -0.44570458 0.08616812
v 0.21172394 0.80277866 0.22787379
v -0.29007527 0.66572267 -0.17002901
v 0.35996604 -0.19153936 -0.09690350
v 0.30001354 0.31726950 -0.03074102
v 0.34979159 -0.27334663 0.09363060
v -0.19609401 0.64540899 -0.12895800
v 0.26339540 0.30657920 0.26454073
v 0.17828962 0.51368397 -0.22855337
v 0.12274410 0.53851092 0.26568413
v 0.25788999 -0.55740404 -0.14633977
v -0.13303870 0.43423814 0.26913795
v 0.33197507 -0.01033664 0.19415021
v 0.36877167 0.19166948 -0.09744631
v -0.15707405 0.71812874 0.09086926
v -0.04623143 -0.80255437 -0.03171782
v 0.16964151 -0.26687464 -0.25110266
v 0.20705131 -0.56656820 0.20835002
v -0.22752357 0.50265336 -0.18224941
v 0.16568507 -0.20677561 -0.25886917
v 0.01803313 -0.16283569 0.31453764
v 0.09471311 0.42348886 -0.35009840
v 0.26067477 -0.22537795 0.26112258
v 0.20057885 0.64325202 0.08119323
v 0.30629796 -0.08638402 0.11045060
v 0.32858753 -0.00079351 -0.01886664
v -0.06977521 0.68708390 -0.25576335
v -0.31821463 0.35836264 0.18666910
v -0.26123497 0.61117327 0.09441045
v 0.26627982 -0.14759353 -0.26697722
v 0.18571556 -0.21465228 0.32040131
v 0.23517744 -0.36211979 0.12344418
v -0.00317173 0.68124646 -0.23896311
v -0.19064417 -0.77546567 0.05407542
v 0.08641068 -0.31449875 0.34540343
v 0.01027661 0.85405570 -0.23863634
v 0.31588757 -0.25035861 -0.18398669
v 0.26646164 0.51324528 0.12383218
v -0.09814152 0.10935435 -0.37218660
v 0.18886992 0.26518437 -0.32601774
v 0.00026940 0.18723118 -0.38158455
v 0.18145432 0.44503364 -0.31168923
v 0.19041963 -0.10490951 0.32926103
v 0.23087510 0.05978191 0.21843787
v 0.32196587 0.68583244 -0.08754887
v 0.10002309 -0.04098369 -0.37029713
v 0.14008981 0.27465445 -0.25331172
v 0.17982300 0.62565702 -0.16269700
v -0.01684952 0.84114420 -0.28781104
v -0.23009731 -0.45579338 0.23171343
v -0.11250681 -0.61667550 -0.16312408
v 0.25016052 -0.32677743 0.25052163
v -0.26938352 -0.37608257 -0.01247014
v 0.09939849 0.07569619 0.37227726
v 0.23666312 0.10216631 -0.22206561
v 0.37740517 0.25689033 -0.00022948
v -0.33475479 0.04723036 -0.00110343
v -0.15173690 -0.49012941 -0.27879390
v -0.33304760 0.09405403 -0.19339193
v 0.13976870 0.67075062 -0.20266192
v -0.03333526 0.84204906 -0.20997640
v -0.26519799 -0.64075595 0.00883771
v 0.28992474 0.67498523 0.16792792
v 0.19089259 -0.55528218 0.10941412
v 0.29475150 -0.39620510 -0.17022200
v -0.18096115 0.85488272 -0.16280603
v -0.03496947 -0.03088360 0.31946003
v -0.29897323 0.58925235 -0.17259067
v 0.33477160 -0.42133018 0.00145485
v -0.36204439 0.27651259 0.10040075
v -0.28548881 -0.10681024 0.12445680
v 0.12921938 -0.53189373 0.27640116
v 0.03285337 0.44112632 -0.28843564
v 0.33255005 0.10185989 0.19396961
v -0.12004878 0.59873843 -0.23565307
v -0.21260747 0.83854657 0.03399429
v -0.00337697 -0.73813432 -0.21991749
v 0.00879283 -0.50741339 0.31234357
v 0.02006273 -0.83624363 0.02100440
v 0.29843950 -0.00787937 0.11832473
v -0.32638150 0.01374444 0.04749531
v 0.03485448 0.68352145 0.24030171
v 0.16084197 0.83930326 0.15068968
v 0.12455313 -0.07636786 0.29999542
v -0.22463375 -0.53176147 -0.01731046
v -0.02413479 0.66677833 -0.17560914
v -0.00012574 0.44479868 0.36088094
v 0.32948333 0.20476329 0.19098811
v 0.03604006 -0.85171002 0.13760507
v 0.21044430 0.49448973 -0.19323626
v 0.16894257 -0.41062707 -0.29197642
v -0.18931644 0.85403699 -0.14648408
v -0.19433936 0.11043357 -0.25331670
v 0.17526302 0.54804736 -0.30294830
v 0.19876745 0.43556520 0.22115012
v 0.25908232 -0.23499440 -0.26095432
v 0.08905726 0.67569613 0.15704338
v -0.19368751 0.11869267 -0.33225727
v -0.13877772 0.65875310 -0.09523290
v -0.18524027 -0.12117099 0.25613710
v -0.16288789 0.83665973 0.14049226
v -0.23783012 -0.36149797 0.12057059
v -0.25043952 -0.65697718 -0.06444307
v -0.14641641 -0.16742893 -0.27170283
v -0.22611640 0.54463702 -0.18037598
v 0.12115861 -0.52454484 0.19223595
v -0.06266068 -0.72415537 0.21786724
v -0.32057077 -0.07882644 -0.01385623
v 0.23288399 0.16964850 -0.21990868
v 0.16619152 -0.44335923 0.28454655
v 0.32048723 -0.09363351 -0.01638961
v 0.00141322 0.03760980 -0.38522631
v -0.32437876 0.66388786 0.08936481
v -0.09870133 0.23709007 0.36543158
v 0.20174816 0.85368365 -0.17724378
v -0.31499559 0.79100209 0.01174679
v -0.00632514 -0.00927232 -0.33378434
v -0.18128946 -0.00495481 0.27285987
v -0.27977893 0.11739727 0.16885252
v 0.26321810 0.30821729 -0.26449206
v -0.14019826 -0.35745230 -0.25036901
v -0.19670959 0.61950862 -0.19571832
v -0.16045240 0.04058203 0.28838167
v -0.18248309 0.42722023 0.31317091
v 0.00021836 -0.40290046 -0.27368727
v -0.34259182 0.61352593 0.00346325
v 0.08401382 -0.62719029 -0.14837648
v 0.22447132 -0.36154032 0.15396473
v -0.38309357 -0.04908336 0.00394094
v -0.20848849 0.61801803 -0.18263130
v 0.17095733 0.64108783 0.29304031
v 0.14134084 -0.83517563 0.07051672
v -0.27004880 -0.51435173 -0.15298539
v -0.09410835 -0.66362023 0.14105402
v 0.30161989 -0.51431346 -0.07189385
v 0.37175292 -0.01715056 0.09752657
v -0.22096430 -0.37314293 -0.17159955
v 0.27241015 0.08456064 -0.27314591
v -0.01303165 0.19821182 -0.31795081
v -0.31437889 -0.50044769 -0.00134459
v 0.22571176 0.40947676 -0.17672047
v -0.31505668 0.22269587 0.02058716
v 0.09978987 0.21216050 -0.36685944
v 0.25456727 0.65174848 -0.12374119
v -0.19057009 0.22376643 -0.32833964
v -0.35705373 -0.22268124 -0.09416610
v 0.19609484 -0.10003565 0.25128630
v -0.11404125 0.64117837 0.17982137
v 0.22681572 0.11969327 0.21768667
v -0.20685400 -0.50659263 0.11885408
v 0.00810353 0.10061299 -0.32788658
v -0.35208160 0.39899412 0.09588569
v 0.12443057 0.34100276 0.27658808
v -0.19924404 -0.48897848 -0.13940287
v 0.01481492 0.19643660 -0.31729394
v -0.17632800 0.53047115 -0.30456230
v -0.08253340 0.76248783 0.31200466
v 0.15776226 -0.71883333 0.16708755
v 0.36749312 0.21102765 0.09734283
v 0.30305529 -0.23669229 -0.02465153
v 0.27499834 0.36531416 0.12458348
v -0.14165637 0.85614341 -0.22276330
v 0.15882742 0.57417196 -0.23348407
v -0.27256626 0.08436116 -0.27304420
v -0.12221526 -0.54837346 0.18015669
v -0.08642302 0.68302566 -0.32258838
v 0.18545817 -0.64406282 0.18838006
v 0.00439240 0.15439607 -0.32550269
v -0.23620634 0.50299340 0.17623556
v 0.27271724 0.05028326 0.27300492
v -0.26079845 0.64298910 -0.05860364
v 0.17678505 -0.33427262 0.30509332
v 0.26240352 -0.35677314 0.02215588
v -0.07920934 0.63491142 -0.26206681
v -0.17883161 -0.30844393 -0.30904949
v 0.32429186 0.06675548 -0.01392691
v -0.04882152 -0.66677684 -0.24970005
v -0.08407488 -0.70523936 -0.11621865
v -0.22649153 0.45934927 -0.18981373
v 0.20719992 -0.70209414 -0.11677898
v -0.08476299 -0.75418627 -0.19307035
v 0.07755265 0.65729988 -0.24855249
v -0.03683720 -0.37171608 0.27013516
v -0.08823000 0.53078133 -0.34069231
v 0.32300580 -0.08423466 0.02428270
v 0.25252059 0.85835385 0.02164425
v -0.27566466 0.61393911 0.04860437
v -0.11909582 0.80335420 0.15701203
v -0.08824662 0.00217476 -0.31070688
v -0.04255473 -0.77348316 -0.08782413
v 0.08961287 -0.12160430 0.31071642
v -0.26299369 0.03559415 -0.16022658
v -0.07167520 -0.56055588 0.28663453
v -0.27602768 0.83847618 0.09045446
v 0.25961775 -0.22490296 0.15849581
v 0.26797545 0.21576644 0.26967919
v 0.27004674 0.44359320 0.12513018
v -0.24529979 -0.45361015 -0.03539071
v 0.20333828 -0.30240586 -0.18627144
v -0.16716933 0.70756686 0.28552678
v 0.14123595 -0.12510186 0.28967881
v -0.30244812 0.04175326 0.12800495
v -0.37596563 0.27581894 -0.00139290
v 0.12319134 -0.67071623 -0.22039197
v 0.23068529 0.74131656 0.23059297
v 0.25898552 0.38487545 -0.25958034
v 0.10782931 0.81722516 -0.17362754
v -0.00048540 -0.10509747 -0.38026455
v -0.37374023 -0.14419600 0.05380796
v 0.29881284 0.58985347 0.17269203
v -0.33910739 0.53361326 0.09260241
v -0.09130331 -0.35172293 0.33722836
v 0.11149832 0.65783930 -0.23913150
v -0.33024889 -0.07824530 -0.19169669
v 0.24690144 0.55553502 -0.24714693
v -0.23747258 0.66592854 0.23823664
v 0.09611293 0.03095021 -0.29291800
v -0.00474080 0.52112430 0.29641488
v 0.38346365 -0.03666379 0.00035139
v -0.36895034 -0.08366503 -0.09682982
v 0.14171997 -0.59263873 -0.24653323
v 0.00122469 -0.50527781 -0.24010414
v -0.26964748 0.19562785 -0.26993546
v -0.01989968 -0.49646753 -0.31511402
v -0.10663959 0.30576417 -0.26524308
v -0.27630100 0.18807498 0.16555583
v -0.03343681 0.83869570 0.20582205
v -0.15092978 -0.06383593 -0.28747359
v -0.12627314 -0.66037905 -0.22397308
v -0.25065246 0.50599146 -0.25098640
v -0.34180847 0.15948057 0.17329104
v 0.31238809 0.43665794 -0.18191585
v -0.18666686 0.32402587 -0.32172412
v 0.26870975 0.00502017 -0.18478207
v -0.38513267 0.07341613 -0.00219147
v -0.15488391 -0.50636274 0.27155071
v -0.28701916 -0.57066441 -0.05550672
v 0.13262539 -0.68225271 -0.08750785
v -0.21407500 0.64459801 0.00856299
v -0.05717105 -0.24925998 0.36186889
v -0.01465443 -0.70258659 -0.15118915
v -0.17775513 -0.27422470 0.23995891
v -0.33044082 0.00963211 -0.02034800
v 0.00275067 -0.07274779 -0.32741958
v -0.01333758 -0.57902759 0.20340611
v -0.06186969 -0.82447231 0.00142286
v -0.35868049 0.32432574 -0.09798189
v -0.25572413 -0.27323884 0.25726363
v -0.11326638 -0.70064718 0.06390189
v 0.19424848 0.05920776 -0.33296591
v 0.29320240 0.48719150 -0.01647499
v -0.26749519 -0.12020598 -0.26893687
v -0.28671688 0.61977160 0.00017237
v 0.00927420 -0.31157532 0.27366567
v 0.21337041 0.29855427 0.21717224
v 0.31081206 0.27420571 -0.01469381
v 0.33049890 -0.06948591 -0.19214472
v -0.34707090 0.45483708 -0.09457550
v 0.12446652 0.47906440 0.26845202
v 0.37306699 0.04992391 -0.09708470
v -0.33062756 -0.38525560 0.09025595
v 0.22927772 -0.45549774 -0.23244607
v 0.12339015 0.23030624 0.28326446
v -0.00004576 -0.59264064 -0.20915155
v 0.31062320 0.00289271 -0.08851485
v -0.31042331 0.46132496 0.18059130
v -0.09419680 0.47947156 0.34472451
v 0.31907773 -0.43867838 -0.08667380
v -0.24791481 0.63646448 -0.11688602
v -0.16271716 -0.70756334 -0.17041047
v -0.09024383 0.57029289 0.33533725
v -0.17095661 0.62294406 0.29552770
v 0.29324409 -0.02522763 -0.15052879
v -0.13597055 0.79957432 -0.13969980
v 0.24043374 0.63377059 0.24089430
v -0.15151183 0.32799199 0.27146050
v -0.29117689 0.65795743 0.17004167
v 0.05317303 0.82102954 0.29697880
v -0.30939183 -0.15542173 -0.01539581
v -0.37267500 0.04348839 0.09826896
v -0.18200861 0.74655986 0.02006693
v -0.14897527 -0.01371769 -0.29565647
v 0.27512679 0.62171674 -0.03873822
v -0.31439355 -0.12101951 -0.02305722
v -0.36965045 0.18451837 -0.09584615
v -0.26577237 -0.40469474 -0.01782291
v 0.00092069 -0.37447748 0.34487358
v 0.17362523 -0.77857018 -0.09135749
v 0.30083698 0.44465375 -0.00340668
v -0.32415083 0.28759533 -0.18871376
v -0.26390845 0.30415991 -0.26431236
v 0.09204761 0.51251400 0.34180051
v -0.29912058 0.44708616 0.01671488
v -0.12792055 -0.67495692 0.21569285
v 0.31355065 0.23073021 -0.01136618
v 0.27566090 -0.18107751 0.14407793
v 0.00034875 -0.24133238 -0.36674359
v 0.13481411 -0.61028671 0.24280652
v 0.00031222 -0.46262690 0.23327966
v -0.18705052 0.32523662 0.32144552
v 0.37582818 -0.16212189 -0.00041825
v 0.35776284 0.34042984 0.09578405
v -0.09869088 -0.01593938 -0.37150583
v -0.33210278 0.05802240 0.19574267
v 0.04240034 0.61554629 -0.27494991
v 0.14429037 -0.00614716 -0.29187739
v -0.30020469 0.40691727 -0.01576364
v 0.08735243 0.76940292 0.16716968
v 0.00028501 0.32176706 -0.37203807
v -0.20223999 0.30690965 -0.22838882
v -0.00142601 0.70615768 0.33064631
v 0.20406102 -0.45864233 -0.15311258
v -0.09917641 0.10003543 0.37207693
v 0.02732451 0.79230678 0.19040468
v -0.29090750 -0.42036691 0.16624226
v -0.19882688 -0.59896666 0.03882331
v -0.13231152 -0.57738072 0.16640359
v -0.29801497 0.51296777 -0.00039686
v -0.17155652 0.62503320 -0.29477823
v -0.06908990 0.64903986 0.22873914
v -0.01626462 -0.45074025 -0.25485823
v 0.31001577 -0.30082855 0.17936389
v -0.15357862 0.64369881 -0.09405661
v 0.19259702 0.13549691 0.33227572
v -0.19430520 0.01617631 0.33254552
v 0.29322630 0.06788337 0.12067240
v -0.31011346 0.36716273 0.00001934
v 0.18452747 -0.53363585 -0.14806871
v -0.18881723 -0.40041602 0.20004195
v -0.22927096 -0.50608039 -0.00383026
v -0.15305327 0.38888350 0.26440656
v -0.19421558 0.00762023 -0.33244523
v 0.31783608 0.14278461 -0.02049258
v 0.08274809 -0.55454051 -0.19848281
v -0.18588535 -0.19704454 0.32270020
v -0.31333873 0.32425365 -0.00113760
v 0.33226648 0.12734355 -0.19314277
v 0.23706648 0.65966707 0.12962386
v -0.19026020 0.22250865 0.32864320
v 0.09681167 0.40794659 0.35104358
v -0.20755397 -0.13940115 0.21923478
v -0.24959406 -0.32659239 -0.25112811
v 0.24197908 -0.48081744 -0.02541065
v -0.29303432 -0.40282202 -0.17057721
v -0.18179838 0.71640140 0.00036821
v 0.17546904 0.55474412 0.30193982
v -0.14782719 0.29074621 0.27754346
v -0.00124907 -0.12597443 -0.32192361
v 0.18952313 -0.77687848 0.05511508
v -0.31219175 -0.28299120 -0.18128206
v -0.16822617 -0.41154826 0.29209656
v -0.09885730 -0.02675940 0.37108478
v 0.36525199 0.39639410 -0.00064548
v 0.28273740 -0.11359011 -0.14495531
v 0.26436773 0.57236636 0.12137704
v 0.27593803 -0.48938167 0.15711857
v -0.27184808 -0.04272207 0.27100506
v 0.27212948 0.00783376 -0.27307627
v 0.26786375 -0.12014681 0.26858672
v 0.09904393 -0.19072621 -0.35956058
v -0.26757976 -0.12425229 0.26835161
v -0.31175852 -0.29131556 0.17959210
v 0.12355626 0.28150034 0.28039560
v -0.26381844 -0.18822642 0.26384568
v 0.25044098 0.49819893 0.25228941
v -0.34358421 -0.05444250 0.17007548
v 0.09894588 0.19389099 0.36821166
v -0.14636739 -0.22450845 -0.26565665
v -0.00329694 -0.36926112 -0.34586686
v -0.26662406 -0.12972796 -0.16958420
v -0.19150697 -0.08707153 0.32982776
v -0.12852488 -0.79418725 -0.13595144
v 0.03778312 -0.61157936 0.27484429
v -0.09617721 0.36056480 -0.35579768
v -0.35481104 0.50387478 0.00227042
v 0.30770466 0.49654460 0.17811073
v -0.17771989 0.84154397 -0.12269037
f 1354 1198 1763
f 1763 1198 1860
f 1198 1967 1756
f 1198 1756 1860
f 1621 1973 1967
f 1973 1965 1967
f 1043 1621 1354
f 1043 1769 1621
f 1354 1621 1198
f 1769 1973 1621
f 1621 1967 1198
f 1230 1211 172
f 404 1676 284
f 172 1211 404
f 1230 1428 1211
f 1769 1289 1973
f 1289 1482 1973
f 1973 1482 1965
f 1289 1875 1482
f 1832 1769 1043
f 1832 1843 1769
f 1843 1289 1769
f 1508 1036 1230
f 856 1036 1508
f 1907 1902 1224
f 1508 172 1155
f 1508 1230 172
f 1036 1428 1230
f 1330 1508 1155
f 954 1508 1330
f 954 856 1508
f 1139 856 954
f 1139 1224 856
f 1224 1128 856
f 1993 1224 1139
f 1993 1907 1224
f 1837 1875 1289
f 1837 285 1875
f 50 285 1837
f 1119 1129 1405
f 935 1129 1119
f 1752 1843 1832
f 1414 1843 1752
f 1843 1837 1289
f 1843 50 1837
f 1414 50 1843
f 1334 693 1731
f 1334 1866 693
f 1405 1129 1907
f 1129 1731 1907
f 1129 1334 1731
f 1907 1993 1405
f 1726 288 1182
f 1182 288 1138
f 1063 1182 1138
f 1063 1138 939
f 1063 939 1566
f 1138 1893 1995
f 288 1893 1138
f 1138 1995 939
f 1236 1277 1619
f 1236 1756 1277
f 288 1236 1893
f 1236 1619 1893
f 1893 1619 1852
f 1277 1472 1619
f 1619 1472 1852
f 1860 1236 1726
f 1685 1860 1726
f 1860 1756 1236
f 1685 1726 1182
f 1726 1236 288
f 1313 185 1504
f 1313 1497 185
f 1349 1497 1313
f 30 1504 1432
f 1504 30 1313
f 1349 1313 30
f 1349 23 421
f 30 1432 597
f 300 30 1674
f 300 1349 30
f 1349 300 23
f 1967 1124 1756
f 1756 1124 1277
f 1124 1681 1277
f 1518 1777 46
f 46 1777 1413
f 1124 1401 1681
f 933 1498 1518
f 1413 421 23
f 1277 1681 1472
f 1020 46 340
f 46 1413 340
f 1135 46 1020
f 1135 1518 46
f 224 1518 1135
f 224 933 1518
f 1413 1470 340
f 1413 23 1470
f 1821 1398 143
f 925 1398 1821
f 143 1953 1708
f 1518 1821 1777
f 1498 1821 1518
f 1708 1497 1349
f 421 1708 1349
f 1777 1821 421
f 1821 1708 421
f 1821 143 1708
f 1777 421 1413
f 1965 1798 1401
f 1967 1965 1124
f 1187 1330 1141
f 665 1330 1187
f 1965 1401 1124
f 1141 1760 1187
f 1474 665 1187
f 933 1760 1498
f 941 1760 933
f 941 1187 1760
f 1474 1187 941
f 1520 933 224
f 1744 933 1520
f 1744 941 933
f 1468 941 1744
f 1025 1151 1468
f 1151 941 1468
f 1151 1474 941
f 284 1676 1909
f 1155 172 284
f 404 284 172
f 1211 914 404
f 1428 914 1211
f 284 925 1821
f 284 1909 925
f 1155 284 1141
f 1330 1155 1141
f 284 1498 1141
f 1498 284 1821
f 1760 1141 1498
f 1875 1609 1482
f 1482 1798 1965
f 1482 1609 1798
f 1875 1503 1609
f 1503 1403 1609
f 319 1330 665
f 1478 954 319
f 1478 1139 954
f 319 665 1474
f 1478 319 1474
f 1993 1139 1478
f 1478 1474 1151
f 1727 1993 1478
f 1727 1478 1991
f 1991 1151 1206
f 1991 1478 1151
f 1727 1991 1344
f 1206 1151 1025
f 954 1330 319
f 285 1503 1875
f 285 1955 1503
f 1905 156 1851
f 1955 1926 1503
f 1241 935 1119
f 1262 1405 1993
f 1241 1119 1405
f 1368 1241 156
f 1262 1993 1727
f 1851 1405 1262
f 1851 1241 1405
f 156 1241 1851
f 57 1262 1727
f 1566 939 888
f 939 1439 888
f 1305 1439 1995
f 888 1439 1305
f 1150 1305 1537
f 545 1305 1150
f 545 888 1305
f 1893 1804 1995
f 1852 1804 1893
f 1995 1804 1537
f 1852 1800 1804
f 1804 993 1537
f 1700 1804 1800
f 993 1150 1537
f 1804 1700 993
f 1439 939 1995
f 332 1493 597
f 332 322 1493
f 1995 1537 1305
f 929 1075 1517
f 1075 929 322
f 1076 322 929
f 70 1493 1076
f 1493 322 1076
f 1563 70 1076
f 1801 70 1563
f 1517 1869 1639
f 1517 1639 929
f 1813 929 1090
f 1076 929 1813
f 929 1639 1090
f 1563 1076 1813
f 1071 1801 1563
f 1869 1019 1639
f 1563 1813 890
f 1563 890 1071
f 1639 1274 1090
f 1639 1510 1274
f 1019 1510 1639
f 1813 1090 1136
f 1864 890 1191
f 1864 1071 890
f 1090 964 1136
f 1274 964 1090
f 695 1813 1136
f 1813 695 890
f 1470 23 300
f 192 1470 300
f 268 1674 822
f 192 1674 268
f 192 300 1674
f 862 822 1459
f 822 862 268
f 1800 1852 1472
f 1459 1071 862
f 1472 1272 1800
f 1071 1298 862
f 636 862 1298
f 636 268 862
f 1887 268 636
f 1887 192 268
f 1465 192 1887
f 1298 1071 1864
f 170 1298 1864
f 636 1298 170
f 597 1493 30
f 1674 30 822
f 1459 30 70
f 30 1493 70
f 822 30 1459
f 1801 1459 70
f 1459 1801 1071
f 1401 1524 1681
f 1681 1847 1472
f 1524 1847 1681
f 1272 1472 1847
f 1524 1992 1847
f 1020 340 1470
f 754 224 1135
f 1020 1470 192
f 1944 1135 1020
f 1135 1944 754
f 1845 1020 192
f 1944 1020 1845
f 1845 192 1465
f 1524 1798 735
f 1798 1524 1401
f 735 1992 1524
f 235 1133 1748
f 1189 1133 235
f 735 1920 1992
f 754 1520 224
f 1744 1520 754
f 1744 754 1133
f 1133 1468 1744
f 1025 1468 1133
f 754 1944 1748
f 1133 754 1748
f 1609 735 1798
f 1609 1403 735
f 57 1727 1344
f 1344 1991 1206
f 1206 1025 1133
f 529 1206 1133
f 1344 529 1445
f 529 1344 1206
f 1403 1920 735
f 1445 57 1344
f 1971 57 1445
f 1189 529 1133
f 1971 1445 1442
f 1403 1831 1920
f 1503 1926 1403
f 1812 1905 1851
f 1851 1262 57
f 1812 1851 1867
f 1926 1831 1403
f 1867 57 1971
f 1867 1851 57
f 1740 1812 1867
f 1926 1735 1831
f 1177 1763 1860
f 1177 1860 1685
f 1032 1354 1763
f 1884 1354 1032
f 1032 1763 1177
f 1938 1884 1032
f 1568 1032 1177
f 1938 1032 1568
f 1488 1354 1884
f 1488 1043 1354
f 1985 1488 1884
f 1985 1884 1938
f 1373 1985 1938
f 1832 1043 1488
f 1061 1832 1488
f 1902 1128 1224
f 1036 22 1428
f 856 22 1036
f 856 1128 22
f 1128 1395 1390
f 1061 1488 1985
f 1987 1061 1985
f 1987 1985 1871
f 1984 1061 1987
f 1989 1752 1832
f 1903 1752 1989
f 1989 1832 1061
f 693 598 1731
f 693 1704 598
f 1902 1694 1128
f 1907 1694 1902
f 1731 1694 1907
f 1731 598 1694
f 1579 598 1704
f 1694 1395 1128
f 1984 1989 1061
f 1980 1989 1984
f 1579 1038 598
f 1657 1182 1063
f 270 1182 1657
f 270 1657 1332
f 515 270 1332
f 1063 1566 772
f 1657 1063 772
f 1657 772 203
f 1332 1657 203
f 597 775 332
f 597 295 775
f 295 215 775
f 893 515 1332
f 1917 515 893
f 1685 1182 270
f 1177 1685 270
f 969 270 515
f 969 1177 270
f 1497 1939 185
f 1497 785 1939
f 185 416 1504
f 185 1939 416
f 1504 761 1432
f 1504 416 761
f 785 843 1939
f 785 62 843
f 1432 295 597
f 1432 761 295
f 1939 843 416
f 62 1940 843
f 62 591 1940
f 761 215 295
f 761 1872 215
f 761 843 1872
f 843 761 416
f 1568 1177 969
f 615 1568 969
f 615 969 1166
f 1917 969 515
f 1166 969 1917
f 925 252 1398
f 143 1398 1953
f 1398 1131 1953
f 1398 1176 1131
f 252 1176 1398
f 252 527 1176
f 1708 785 1497
f 1953 785 1708
f 1953 1131 785
f 1131 62 785
f 1176 1773 1131
f 1773 62 1131
f 1176 1420 1773
f 1773 591 62
f 1673 1568 615
f 1673 1938 1568
f 527 347 1176
f 1673 615 1859
f 1176 461 1420
f 1176 723 461
f 347 723 1176
f 1773 524 591
f 1420 524 1773
f 1420 798 524
f 461 798 1420
f 1974 1673 1859
f 1859 615 1166
f 461 1466 798
f 723 1466 461
f 648 1466 723
f 404 1336 1676
f 914 1336 404
f 1428 1519 914
f 1909 252 925
f 1676 252 1909
f 1676 1336 252
f 1336 1725 252
f 914 1725 1336
f 914 1519 1725
f 1519 447 1725
f 1519 499 447
f 1725 527 252
f 1373 1938 1673
f 1871 1985 1373
f 499 820 447
f 1725 347 527
f 1725 1429 347
f 447 1429 1725
f 820 1429 447
f 1499 1871 1373
f 347 1952 723
f 1974 1373 1673
f 347 668 1952
f 1429 668 347
f 1429 920 668
f 820 920 1429
f 820 122 920
f 820 578 122
f 1952 648 723
f 1952 327 648
f 668 327 1952
f 920 327 668
f 920 452 327
f 920 122 452
f 122 1111 452
f 578 1865 122
f 1865 1111 122
f 1499 1373 1974
f 22 1519 1428
f 22 1390 1519
f 1390 499 1519
f 1390 22 1128
f 499 1156 820
f 1390 1156 499
f 1390 590 1156
f 1395 590 1390
f 1964 590 1395
f 1156 578 820
f 1156 882 578
f 1156 956 882
f 590 956 1156
f 590 1181 956
f 1964 1181 590
f 1964 1525 1181
f 882 1865 578
f 956 1865 882
f 956 861 1865
f 1181 861 956
f 1525 861 1181
f 1958 1987 1871
f 1958 1984 1987
f 1958 1871 1499
f 1038 1254 598
f 1694 1964 1395
f 598 1964 1694
f 598 1285 1964
f 1254 1285 598
f 1285 531 1964
f 1285 130 531
f 1964 1723 1525
f 531 1723 1964
f 1285 1741 130
f 1994 1980 1984
f 1948 1980 1994
f 1994 1984 1958
f 1409 1994 1958
f 1975 1948 1994
f 1146 203 772
f 203 1146 1125
f 1312 203 1125
f 1146 772 1566
f 1146 1566 888
f 1312 1125 1134
f 1019 1571 1510
f 1134 1146 888
f 1134 1125 1146
f 1039 1312 1134
f 655 1039 1134
f 332 595 322
f 332 702 595
f 775 702 332
f 775 215 702
f 322 595 1075
f 595 715 1075
f 702 715 595
f 702 1872 715
f 215 1872 702
f 1075 983 1517
f 1075 82 983
f 1075 715 82
f 715 534 82
f 715 1872 534
f 1872 264 534
f 1872 1074 264
f 1517 865 1869
f 983 865 1517
f 983 82 865
f 534 794 82
f 264 794 534
f 82 1407 865
f 1407 794 824
f 794 1407 82
f 264 1048 794
f 1074 1048 264
f 865 1019 1869
f 865 1023 1019
f 1407 1023 865
f 1023 824 722
f 824 1023 1407
f 794 757 824
f 1048 757 794
f 1074 144 1048
f 1023 1571 1019
f 757 722 824
f 757 1015 722
f 1048 1249 757
f 1048 1264 1249
f 144 1264 1048
f 144 1220 1264
f 1023 1291 1571
f 722 1291 1023
f 722 1022 1291
f 722 1015 1022
f 757 1249 1015
f 893 1332 203
f 1312 893 203
f 1730 1917 893
f 1306 893 1312
f 1730 893 1306
f 1306 1312 1039
f 144 549 1220
f 1396 1339 1730
f 1509 1306 1039
f 1396 1306 1509
f 1396 1730 1306
f 843 1757 1872
f 1757 1074 1872
f 1757 144 1074
f 1940 142 843
f 591 1788 1940
f 142 1757 843
f 1940 380 142
f 1788 380 1940
f 142 539 1757
f 1339 1166 1917
f 1339 1917 1730
f 1757 539 144
f 380 1250 142
f 1816 1166 1339
f 1788 1250 380
f 142 1250 539
f 144 1041 549
f 539 1041 144
f 539 951 1041
f 1250 951 539
f 1250 1868 951
f 1522 1868 1250
f 1996 1816 1339
f 524 1788 591
f 1466 524 798
f 1816 1859 1166
f 1788 1201 1481
f 1466 1788 524
f 1466 1201 1788
f 1788 1522 1250
f 1788 1481 1522
f 1270 1201 1466
f 1522 104 1868
f 1481 104 1522
f 1201 1922 1481
f 1270 1922 1201
f 1118 1974 1859
f 1118 1859 1816
f 1701 1118 1816
f 1910 1118 1701
f 327 1466 648
f 452 1111 327
f 1466 1806 1270
f 327 1806 1466
f 1111 1806 327
f 1111 1222 1806
f 1806 859 1270
f 1222 162 1806
f 1835 1499 1974
f 1835 1974 1118
f 1863 1499 1835
f 1910 1835 1118
f 1222 465 162
f 1222 1369 465
f 1863 1835 1910
f 162 859 1806
f 465 1877 162
f 1369 1877 465
f 861 1111 1865
f 861 1222 1111
f 1863 1958 1499
f 1409 1958 1863
f 861 481 1222
f 1525 1540 861
f 861 93 481
f 861 1540 93
f 481 1369 1222
f 731 1409 1863
f 481 1572 1369
f 93 1572 481
f 1975 1994 1409
f 130 1741 531
f 1741 1690 531
f 1741 1204 1690
f 1723 1540 1525
f 531 1540 1723
f 531 832 1540
f 1690 832 531
f 1690 1501 832
f 731 1975 1409
f 1613 1975 731
f 1690 511 1501
f 1600 511 1690
f 1414 1682 50
f 50 1787 285
f 1682 1787 50
f 1815 1129 935
f 1858 1414 1752
f 1908 1414 1858
f 1908 1682 1414
f 1680 1866 1334
f 872 1334 1129
f 872 1505 1334
f 1505 1680 1334
f 1815 872 1129
f 725 1505 872
f 1908 1512 1682
f 1512 1787 1682
f 1512 1846 1787
f 1913 1846 1512
f 1913 1914 1846
f 984 1908 1858
f 1826 1908 984
f 1826 1870 1908
f 1908 1913 1512
f 1870 1913 1908
f 1602 725 872
f 1602 1596 725
f 1602 657 1596
f 1870 1541 1913
f 1541 1914 1913
f 1541 1565 1914
f 1337 1870 1826
f 1337 1881 1870
f 1881 1541 1870
f 1602 1610 657
f 618 1610 1602
f 618 1959 1610
f 618 1950 1959
f 1930 1950 618
f 1881 1002 1541
f 1002 1565 1541
f 1002 1853 1565
f 1998 1881 1337
f 1998 1410 1881
f 1410 1002 1881
f 121 1930 618
f 121 1223 1930
f 121 200 1223
f 1941 200 121
f 1691 1853 1002
f 1749 1410 1998
f 1749 1196 1410
f 153 1196 1749
f 1410 1691 1002
f 1196 1691 1410
f 1196 1626 1691
f 1492 1876 982
f 1876 513 982
f 137 1876 1492
f 153 1542 1196
f 1739 1542 153
f 68 1542 1739
f 506 1626 1196
f 1542 506 1196
f 1542 1590 506
f 1582 1077 1542
f 68 1582 1542
f 1077 1590 1542
f 316 1582 68
f 434 316 68
f 1787 1955 285
f 1787 1721 1955
f 1392 156 1905
f 1721 1662 1955
f 1241 1815 935
f 981 1815 1241
f 13 1815 981
f 13 508 1815
f 981 1241 1368
f 1123 508 13
f 873 981 1368
f 1716 981 873
f 1716 13 981
f 1716 1123 13
f 873 1368 156
f 1392 873 156
f 1716 873 1392
f 1846 1721 1787
f 1914 1768 1846
f 1846 1768 1721
f 301 1602 1245
f 1035 1602 301
f 306 1602 1035
f 1115 508 1123
f 1115 1245 508
f 974 1245 1115
f 974 301 1245
f 976 1035 301
f 681 306 1035
f 1115 1123 1716
f 976 301 974
f 681 1035 976
f 1848 681 976
f 508 872 1815
f 1245 1602 508
f 1602 872 508
f 1914 1856 1768
f 1565 1856 1914
f 1565 1328 1856
f 1856 112 1768
f 1328 1997 1856
f 457 1172 1602
f 1172 618 1602
f 209 618 1172
f 292 618 209
f 457 1602 306
f 396 292 209
f 1933 306 681
f 1933 457 306
f 1027 457 1933
f 1027 1172 457
f 209 1172 1027
f 871 209 1027
f 871 396 209
f 1848 1933 681
f 1848 1027 1933
f 871 1027 1848
f 1853 1328 1565
f 1853 1779 1328
f 1779 1042 1328
f 645 292 396
f 645 1802 292
f 1598 1802 645
f 1598 1642 1802
f 988 1642 1598
f 1728 1642 988
f 1384 1728 988
f 645 396 871
f 526 1384 988
f 151 1941 121
f 292 121 618
f 1802 121 292
f 1642 121 1802
f 1728 121 1642
f 1728 1534 121
f 658 1942 1779
f 1691 658 1853
f 1691 1011 658
f 1626 1011 1691
f 432 1534 1728
f 649 1534 432
f 649 372 1534
f 658 1779 1853
f 432 1728 1384
f 1753 649 432
f 1476 372 649
f 879 372 1476
f 879 1367 372
f 532 1367 879
f 1426 432 1384
f 1745 432 1426
f 1745 1753 432
f 1011 1942 658
f 1239 649 1753
f 1239 1476 649
f 352 1753 1745
f 352 1239 1753
f 352 1338 1239
f 1239 879 1476
f 708 1942 1011
f 609 1745 1426
f 771 1745 609
f 771 352 1745
f 1338 352 95
f 181 423 771
f 423 352 771
f 95 352 423
f 1056 95 423
f 526 1426 1384
f 526 609 1426
f 763 609 526
f 763 771 609
f 622 181 763
f 181 771 763
f 846 423 181
f 858 95 1056
f 95 1107 1338
f 95 858 1107
f 622 1286 181
f 1286 846 181
f 846 1056 423
f 763 526 1607
f 317 763 1607
f 317 622 763
f 739 502 317
f 502 622 317
f 1341 622 502
f 1341 1286 622
f 1594 1286 1341
f 1594 846 1286
f 1594 1056 846
f 1056 1594 858
f 762 121 1534
f 762 151 121
f 762 1492 151
f 1492 982 151
f 762 1794 1492
f 808 1794 762
f 1794 137 1492
f 326 137 1794
f 326 324 137
f 324 1058 137
f 1892 762 1534
f 1892 808 762
f 307 764 1892
f 764 808 1892
f 764 514 808
f 514 686 808
f 686 1794 808
f 686 575 1794
f 326 1794 575
f 575 471 326
f 471 324 326
f 471 803 324
f 803 1463 324
f 1463 1058 324
f 372 1892 1534
f 1367 1892 372
f 532 307 1367
f 307 1892 1367
f 1190 514 764
f 660 514 1190
f 660 686 514
f 1471 686 660
f 1471 575 686
f 532 355 307
f 355 764 307
f 309 764 355
f 309 1190 764
f 289 575 1471
f 289 471 575
f 803 289 1394
f 803 471 289
f 1463 1394 1013
f 1463 803 1394
f 811 532 879
f 660 405 1049
f 660 1190 405
f 1471 660 1049
f 1394 1049 351
f 1394 1471 1049
f 1394 289 1471
f 1064 532 811
f 1064 355 532
f 1190 813 405
f 1190 309 813
f 1630 879 1239
f 195 1394 351
f 520 1394 195
f 520 1013 1394
f 922 879 1630
f 922 811 879
f 922 1630 907
f 405 922 907
f 405 813 922
f 922 1064 811
f 922 813 1064
f 544 1239 1338
f 544 1630 1239
f 907 1630 544
f 746 405 907
f 746 1049 405
f 748 1049 746
f 728 1049 748
f 728 351 1049
f 195 351 728
f 728 84 195
f 84 520 195
f 84 1108 520
f 1054 1108 84
f 92 1338 1107
f 92 544 1338
f 92 907 544
f 1946 907 92
f 1946 746 907
f 745 746 1946
f 748 746 745
f 745 428 748
f 428 728 748
f 428 84 728
f 428 1054 84
f 896 92 1107
f 88 92 896
f 1946 92 88
f 88 1722 1946
f 1722 745 1946
f 1440 745 1722
f 1440 428 745
f 506 1011 1626
f 506 1480 1011
f 1590 542 506
f 542 1480 506
f 1590 1130 542
f 542 1164 1480
f 542 938 1164
f 1480 708 1011
f 1480 409 708
f 1164 409 1480
f 1275 409 1164
f 42 1341 502
f 1275 299 409
f 410 309 355
f 410 183 309
f 410 355 1064
f 183 1064 813
f 183 410 1064
f 183 813 309
f 805 1132 1587
f 586 805 711
f 805 586 1132
f 1587 1054 428
f 1587 1968 1054
f 240 805 1587
f 1358 229 240
f 229 805 240
f 1269 428 1440
f 1269 1587 428
f 1269 240 1587
f 1060 240 1269
f 1897 1358 1060
f 1358 240 1060
f 548 1130 1590
f 1130 696 542
f 548 1016 1130
f 696 938 542
f 1130 280 696
f 1016 280 1130
f 938 1555 1164
f 696 54 938
f 696 381 54
f 280 381 696
f 1016 1715 280
f 1555 1275 1164
f 54 1555 938
f 381 1689 7
f 280 1689 381
f 1689 280 1715
f 1555 1202 1275
f 54 495 1555
f 1689 624 7
f 1715 624 1689
f 54 430 495
f 381 430 54
f 381 7 430
f 1275 1202 299
f 1555 1785 1202
f 495 1785 1555
f 7 631 430
f 624 631 7
f 430 1785 495
f 1077 548 1590
f 476 548 1077
f 1582 476 1077
f 1582 1331 476
f 316 1331 1582
f 434 1210 316
f 316 621 1331
f 1210 621 316
f 548 360 1016
f 476 360 548
f 1210 226 621
f 476 344 360
f 1331 344 476
f 1331 887 344
f 621 887 1331
f 621 1246 887
f 1246 226 586
f 226 1246 621
f 360 48 1016
f 360 344 48
f 1246 586 711
f 344 1364 48
f 887 1364 344
f 887 711 1364
f 1246 711 887
f 48 1715 1016
f 229 711 805
f 711 229 1364
f 48 2000 1715
f 2000 1364 229
f 1364 2000 48
f 2000 1358 1185
f 229 1358 2000
f 624 2000 1185
f 2000 624 1715
f 1185 1358 1897
f 1662 1926 1955
f 1812 1392 1905
f 236 1716 1392
f 863 1392 1812
f 236 1392 863
f 1662 1735 1926
f 1037 1812 1740
f 863 1812 1037
f 236 863 377
f 377 863 1774
f 1664 1735 1662
f 1768 1662 1721
f 1768 112 1662
f 236 974 1716
f 1483 1848 236
f 112 1664 1662
f 1483 236 1762
f 112 1932 1664
f 1791 236 377
f 1762 236 1791
f 974 1115 1716
f 1848 974 236
f 1848 976 974
f 1856 1997 112
f 945 1848 1483
f 1997 1932 112
f 1329 1848 945
f 779 1848 1329
f 1329 945 1343
f 184 1932 1997
f 556 871 1848
f 556 1848 779
f 1328 1042 1997
f 1779 1807 1042
f 1042 184 1997
f 1807 184 1042
f 1500 1216 1215
f 27 184 1807
f 1698 526 988
f 1216 1598 645
f 1698 1598 1216
f 1698 988 1598
f 1215 871 556
f 1215 1216 871
f 1216 645 871
f 472 1698 1216
f 1779 262 1807
f 1942 262 1779
f 708 1789 1942
f 1789 262 1942
f 262 27 1807
f 774 1216 482
f 1789 27 262
f 1789 1464 27
f 362 1479 1614
f 425 1479 362
f 425 1597 1479
f 1044 1597 425
f 1607 526 1698
f 480 858 736
f 633 858 480
f 633 1107 858
f 739 317 1607
f 736 858 1594
f 1053 502 739
f 972 1594 1341
f 1594 972 736
f 1294 736 1194
f 1294 480 736
f 1143 480 1294
f 1143 633 480
f 1005 739 1607
f 503 736 972
f 736 503 1194
f 1143 522 633
f 418 739 1005
f 52 739 418
f 52 1053 739
f 52 972 1053
f 972 52 503
f 1797 1698 472
f 1797 1607 1698
f 1005 1607 1797
f 419 1194 503
f 903 1194 419
f 903 1294 1194
f 903 1143 1294
f 835 1005 1797
f 835 128 1005
f 128 418 1005
f 52 257 503
f 923 1143 903
f 923 467 1143
f 724 503 1059
f 724 419 503
f 491 419 724
f 491 903 419
f 503 659 1059
f 346 903 491
f 780 128 835
f 257 659 503
f 923 903 346
f 274 724 1059
f 238 724 274
f 238 491 724
f 504 835 1797
f 659 455 1059
f 238 346 491
f 1576 346 238
f 774 472 1216
f 1614 472 774
f 1479 472 1614
f 1479 1797 472
f 94 1059 455
f 488 1059 94
f 488 274 1059
f 721 274 488
f 721 238 274
f 1597 504 1479
f 504 1797 1479
f 659 456 455
f 1576 238 721
f 493 455 406
f 493 94 455
f 397 94 493
f 397 488 94
f 1709 488 397
f 1709 721 488
f 456 406 455
f 1709 1576 721
f 123 406 932
f 837 406 123
f 837 493 406
f 89 493 837
f 89 397 493
f 463 89 837
f 89 1709 397
f 456 932 406
f 456 1656 932
f 896 1107 633
f 522 896 633
f 522 88 896
f 522 474 88
f 1722 88 474
f 710 474 522
f 710 1722 474
f 710 1440 1722
f 467 522 1143
f 467 710 522
f 708 1562 1789
f 409 1562 708
f 299 1562 409
f 299 85 1562
f 1562 1464 1789
f 85 1209 1562
f 85 1325 1209
f 975 766 1597
f 1562 1209 1464
f 975 1597 1044
f 32 502 1053
f 32 42 502
f 32 1053 972
f 42 972 1341
f 42 32 972
f 816 52 418
f 847 1060 1278
f 1070 1060 847
f 1070 1897 1060
f 1070 214 1897
f 525 418 128
f 525 816 418
f 816 257 52
f 816 525 257
f 880 467 923
f 880 643 467
f 1091 643 880
f 1091 1278 643
f 847 1278 1091
f 47 1070 847
f 1650 780 835
f 323 128 780
f 323 525 128
f 193 780 659
f 193 323 780
f 193 525 323
f 525 659 257
f 525 193 659
f 49 47 847
f 509 835 504
f 509 1650 835
f 241 1650 509
f 1650 241 780
f 241 659 780
f 1576 923 346
f 53 241 509
f 1576 880 923
f 341 1091 880
f 1460 1091 341
f 1460 847 1091
f 49 847 1460
f 766 504 1597
f 766 509 504
f 241 456 659
f 241 1416 456
f 272 509 766
f 272 53 509
f 892 53 272
f 53 1416 241
f 53 892 1416
f 341 880 1576
f 1157 49 1460
f 555 766 975
f 1416 12 456
f 812 1576 1709
f 555 272 766
f 259 272 555
f 259 892 272
f 892 12 1416
f 892 259 12
f 259 199 12
f 1576 812 341
f 497 1460 341
f 1157 1460 497
f 407 975 1044
f 199 255 1656
f 12 1656 456
f 12 199 1656
f 1495 975 407
f 1495 555 975
f 536 407 255
f 536 1495 407
f 536 555 1495
f 536 259 555
f 199 536 255
f 199 259 536
f 1360 341 812
f 497 341 1360
f 589 1157 497
f 643 1440 710
f 1269 1440 643
f 1278 1269 643
f 1060 1269 1278
f 643 710 467
f 338 85 299
f 338 1325 85
f 338 582 1325
f 1325 1672 1209
f 1185 214 624
f 214 1185 1897
f 1785 564 1202
f 631 33 430
f 631 624 214
f 430 33 1785
f 1202 338 299
f 29 214 1070
f 1202 564 338
f 631 1161 33
f 631 29 1161
f 29 631 214
f 33 564 1785
f 33 1161 564
f 47 29 1070
f 564 512 338
f 29 767 1161
f 767 29 47
f 1161 512 564
f 512 582 338
f 1161 874 512
f 767 874 1161
f 767 47 902
f 902 47 49
f 582 98 1325
f 767 902 874
f 512 98 582
f 512 563 98
f 563 512 874
f 1157 902 49
f 98 804 1325
f 874 1684 563
f 902 1684 874
f 1684 902 1157
f 98 563 804
f 804 1672 1325
f 1684 1248 563
f 563 1248 804
f 1157 589 1684
f 804 821 1672
f 1684 175 1248
f 1684 743 175
f 743 1684 589
f 1248 821 804
f 821 1248 175
f 1903 1858 1752
f 984 1858 1903
f 1854 984 1903
f 1866 1704 693
f 1680 1704 1866
f 1704 1825 1579
f 1505 1704 1680
f 1505 1825 1704
f 1505 1577 1825
f 725 1577 1505
f 1577 1293 1825
f 1927 1903 1989
f 1854 1903 1927
f 1927 1989 1980
f 1484 1854 1927
f 1569 1927 1980
f 1825 1038 1579
f 1825 1293 1038
f 1577 1742 1293
f 1484 1927 1569
f 1693 984 1854
f 1693 1826 984
f 1596 1765 725
f 657 1765 1596
f 1765 1577 725
f 1765 1266 1577
f 1765 980 1266
f 1765 657 1610
f 1266 1849 1577
f 1109 1693 1854
f 1567 1854 1484
f 1567 1109 1854
f 1577 952 1742
f 1849 952 1577
f 1775 1826 1693
f 1775 1337 1826
f 1651 1775 1693
f 1610 980 1765
f 1959 1351 1610
f 1930 276 1950
f 1425 1610 1351
f 1425 980 1610
f 1351 403 1425
f 1950 1351 1959
f 276 1351 1950
f 276 730 1351
f 1651 1693 1109
f 1651 1109 1567
f 1221 1651 1567
f 1775 1998 1337
f 1834 1998 1775
f 1889 1834 1775
f 1223 276 1930
f 1223 1916 276
f 200 1916 1223
f 1916 730 276
f 1916 81 730
f 1916 1380 81
f 1941 1916 200
f 1941 1380 1916
f 1889 1775 1651
f 1393 1834 1889
f 1221 1889 1651
f 1593 1889 1221
f 1593 1393 1889
f 1749 1998 1834
f 1736 1749 1834
f 1736 153 1749
f 1393 1736 1834
f 982 513 151
f 513 1810 151
f 1876 159 513
f 159 1810 513
f 137 159 1876
f 159 977 1810
f 145 159 137
f 145 977 159
f 768 977 145
f 1900 1736 1393
f 1348 153 1736
f 1348 1739 153
f 1086 1348 1736
f 466 1348 1086
f 1233 1739 1348
f 1233 232 1739
f 1233 1348 466
f 1817 1233 466
f 1086 1736 1900
f 1372 466 1086
f 434 68 1739
f 232 434 1739
f 1304 1817 466
f 1293 1254 1038
f 1742 1254 1293
f 1254 1430 1285
f 1742 1430 1254
f 952 1430 1742
f 1285 1746 1741
f 1430 1746 1285
f 952 1387 1430
f 1948 1569 1980
f 1606 1569 1948
f 1606 1484 1569
f 1936 1606 1948
f 1849 15 952
f 1266 15 1849
f 1266 1279 15
f 980 1279 1266
f 980 1310 1279
f 952 15 1387
f 1962 1567 1484
f 1962 1484 1606
f 1351 24 403
f 1351 220 24
f 730 220 1351
f 403 24 1425
f 730 1365 220
f 1425 1310 980
f 1425 1970 1310
f 24 1970 1425
f 24 1899 1970
f 220 1954 24
f 1954 1899 24
f 1365 1954 220
f 1954 685 1899
f 1923 1221 1567
f 1923 1567 1962
f 1747 1221 1923
f 1737 1923 1962
f 1461 1747 1923
f 151 1380 1941
f 81 83 730
f 83 1365 730
f 1380 1792 81
f 81 1792 83
f 1506 1792 1380
f 1213 1954 1365
f 83 1213 1365
f 1792 1213 83
f 1792 1308 1213
f 1506 1145 1792
f 1792 1145 1308
f 1213 1635 1954
f 1593 1221 1747
f 611 1593 1747
f 1890 611 1747
f 1810 1380 151
f 1810 1652 1380
f 1652 885 1380
f 1810 100 1652
f 977 100 1810
f 1058 145 137
f 977 940 100
f 1058 516 145
f 768 145 516
f 768 523 977
f 523 940 977
f 523 107 940
f 197 1652 100
f 1652 197 885
f 114 197 100
f 940 114 100
f 940 115 114
f 1237 1058 1463
f 1237 516 1058
f 107 500 940
f 500 115 940
f 949 197 114
f 115 134 114
f 6 1013 607
f 6 1463 1013
f 6 1237 1463
f 6 607 2
f 943 2 330
f 943 6 2
f 943 335 6
f 1411 330 210
f 1411 943 330
f 115 1411 134
f 115 500 1411
f 1862 607 1013
f 965 607 1862
f 965 2 607
f 1353 114 134
f 924 114 1353
f 924 949 114
f 330 2 965
f 134 210 1353
f 1411 210 134
f 271 1013 520
f 271 1862 1013
f 1531 1862 271
f 1531 965 1862
f 320 965 1531
f 320 330 965
f 320 210 330
f 155 210 320
f 155 1353 210
f 753 1353 155
f 924 1353 753
f 644 1531 271
f 69 1531 644
f 69 320 1531
f 333 320 69
f 155 320 333
f 906 924 753
f 672 520 1108
f 520 672 271
f 672 644 271
f 672 41 644
f 41 69 644
f 41 458 69
f 458 333 69
f 1054 672 1108
f 1054 704 672
f 704 41 672
f 704 458 41
f 558 155 333
f 417 155 558
f 417 753 155
f 906 753 417
f 558 40 417
f 458 348 333
f 348 558 333
f 348 40 558
f 348 948 40
f 934 417 40
f 934 906 417
f 962 906 934
f 40 212 934
f 948 212 40
f 1490 1393 1593
f 1900 1393 1490
f 1839 1900 1490
f 885 1506 1380
f 885 1558 1506
f 197 1558 885
f 197 605 1558
f 1558 795 1506
f 605 197 949
f 605 795 1558
f 605 383 795
f 949 1092 605
f 1490 1593 611
f 795 1258 1506
f 383 605 852
f 383 1258 795
f 1092 949 924
f 1092 852 605
f 1258 1145 1506
f 1258 364 1145
f 249 383 596
f 383 249 1258
f 249 364 1258
f 663 1092 924
f 663 852 1092
f 596 852 663
f 852 596 383
f 1895 1839 1490
f 364 1379 1145
f 541 249 273
f 249 541 364
f 663 924 906
f 683 596 663
f 273 596 683
f 596 273 249
f 207 541 108
f 541 1379 364
f 541 207 1379
f 962 663 906
f 683 663 962
f 11 273 683
f 108 273 11
f 273 108 541
f 1379 1226 1145
f 459 683 962
f 11 683 459
f 588 108 11
f 1199 108 588
f 1199 207 108
f 1895 1490 611
f 1823 1839 1895
f 535 768 516
f 535 819 768
f 819 245 768
f 245 523 768
f 523 656 107
f 202 516 1237
f 202 535 516
f 943 819 335
f 943 245 819
f 691 245 943
f 691 523 245
f 656 523 691
f 656 500 107
f 535 202 335
f 535 335 819
f 6 202 1237
f 6 335 202
f 263 943 1411
f 263 691 943
f 263 656 691
f 656 1411 500
f 656 263 1411
f 586 1096 1132
f 586 797 1096
f 797 1378 1096
f 1968 704 1054
f 1904 704 1968
f 1587 1904 1968
f 1096 1587 1132
f 1096 1904 1587
f 1096 1378 1904
f 1378 486 1904
f 1378 1008 486
f 704 348 458
f 1638 948 348
f 1904 348 704
f 1904 1638 348
f 1904 857 1638
f 486 857 1904
f 486 1046 857
f 1008 1046 486
f 1554 1900 1839
f 1554 1086 1900
f 1372 1086 1554
f 869 1372 1554
f 869 35 1372
f 1823 1554 1839
f 1615 869 1554
f 1615 1554 1823
f 1318 869 1615
f 434 1377 1210
f 232 1377 434
f 232 909 1377
f 1233 909 232
f 1817 909 1233
f 1817 1362 909
f 1817 1102 1362
f 1304 1102 1817
f 629 909 1362
f 1377 226 1210
f 1377 639 226
f 1304 368 1102
f 909 639 1377
f 629 639 909
f 1362 868 629
f 1102 868 1362
f 586 1188 797
f 226 1188 586
f 639 1188 226
f 639 1699 1188
f 629 1699 639
f 629 282 1699
f 868 282 629
f 868 692 282
f 1102 692 868
f 368 692 1102
f 368 752 692
f 1699 797 1188
f 797 1699 1378
f 1699 282 1378
f 282 1008 1378
f 282 427 1008
f 692 427 282
f 752 427 692
f 427 135 1008
f 752 135 427
f 135 1046 1008
f 135 1724 1046
f 1556 1304 466
f 1556 466 1372
f 35 1556 1372
f 1556 368 1304
f 876 35 869
f 1556 966 368
f 1556 612 966
f 35 612 1556
f 876 612 35
f 368 966 752
f 876 1589 612
f 752 966 1374
f 1374 966 612
f 1589 1374 612
f 1318 876 869
f 1374 135 752
f 1374 444 135
f 1589 444 1374
f 1051 1318 1615
f 444 1724 135
f 444 218 1724
f 876 55 1589
f 1318 55 876
f 1589 218 444
f 1589 55 218
f 1724 751 1046
f 218 751 1724
f 218 998 751
f 1318 1160 55
f 1318 1051 1160
f 55 998 218
f 55 1160 998
f 1746 1204 1741
f 1936 1948 1975
f 1430 1204 1746
f 1430 1455 1204
f 1137 1430 1387
f 1430 1137 1455
f 1204 1600 1690
f 1204 946 1600
f 1613 1936 1975
f 1204 1455 946
f 80 1936 1613
f 1737 1606 1936
f 1737 1962 1606
f 15 1137 1387
f 15 1079 1137
f 1279 1079 15
f 1279 1452 1079
f 1310 1452 1279
f 1310 1406 1452
f 80 1737 1936
f 261 1737 80
f 1461 1923 1737
f 1954 1635 685
f 685 1970 1899
f 1970 1406 1310
f 505 1970 685
f 1970 505 1406
f 1461 1737 261
f 1251 505 685
f 1635 1251 685
f 1710 1461 261
f 1308 1635 1213
f 1894 611 1890
f 1890 1747 1461
f 1145 1841 1308
f 1635 749 1251
f 1308 749 1635
f 1308 1841 749
f 1710 1890 1461
f 1408 1890 1710
f 1408 1894 1890
f 154 962 934
f 212 154 934
f 212 374 154
f 207 1226 1379
f 207 1117 1226
f 1117 431 1226
f 459 962 154
f 1771 11 459
f 247 11 1771
f 247 588 11
f 1557 588 247
f 1557 1199 588
f 1199 1117 207
f 1117 1199 1557
f 431 1564 1226
f 889 459 154
f 243 459 889
f 1771 459 243
f 75 247 1771
f 233 247 75
f 233 1557 247
f 889 1062 243
f 233 1117 1557
f 1117 233 431
f 374 889 154
f 99 243 792
f 99 1771 243
f 75 1771 99
f 1033 233 75
f 1062 792 243
f 676 233 1033
f 233 676 431
f 374 1062 889
f 374 741 1062
f 412 792 60
f 412 99 792
f 208 99 412
f 208 75 99
f 1943 75 208
f 1943 1033 75
f 431 942 1564
f 1062 60 792
f 408 1033 1943
f 408 676 1033
f 676 942 431
f 676 408 942
f 741 60 1062
f 402 412 60
f 298 412 402
f 298 208 412
f 1943 208 298
f 627 408 1943
f 408 37 942
f 741 402 60
f 741 994 402
f 117 408 627
f 117 37 408
f 239 402 569
f 239 298 402
f 460 298 239
f 460 1943 298
f 180 1943 460
f 180 627 1943
f 994 569 402
f 180 76 627
f 76 117 627
f 251 117 76
f 117 251 37
f 679 569 382
f 679 239 569
f 1144 239 679
f 1144 460 239
f 1144 180 460
f 994 382 569
f 994 275 382
f 641 180 1144
f 641 76 180
f 251 626 37
f 140 382 337
f 140 679 382
f 242 679 140
f 242 1144 679
f 517 1144 242
f 337 1276 140
f 275 337 382
f 641 1144 517
f 1894 1895 611
f 1158 1823 1895
f 1158 1895 1894
f 1226 1564 1145
f 1564 1841 1145
f 1564 904 1841
f 1564 1174 904
f 942 1174 1564
f 1408 1158 1894
f 942 37 1174
f 37 626 1174
f 1934 1158 1408
f 948 374 212
f 1638 374 948
f 1638 254 374
f 857 254 1638
f 1046 254 857
f 1046 1154 254
f 1046 1811 1154
f 751 1811 1046
f 254 875 374
f 875 741 374
f 254 420 875
f 1154 420 254
f 1811 632 1154
f 1154 1575 420
f 632 1575 1154
f 875 994 741
f 420 1575 875
f 570 251 76
f 875 248 994
f 1575 248 875
f 632 1121 1575
f 698 1121 632
f 614 76 641
f 614 570 76
f 1447 570 614
f 570 626 251
f 570 1447 626
f 248 275 994
f 441 1447 614
f 1575 899 248
f 1575 1121 899
f 414 614 641
f 1447 1261 626
f 494 614 414
f 494 441 614
f 441 1261 1447
f 441 494 1261
f 1615 1823 1780
f 1780 1823 1158
f 1029 1615 1780
f 1029 1051 1615
f 365 1029 1780
f 1934 1780 1158
f 365 1780 311
f 311 1780 1934
f 998 433 751
f 1051 1561 1160
f 1160 1550 998
f 1160 1561 1550
f 751 217 1811
f 433 217 751
f 998 1550 433
f 1051 1103 1561
f 1051 20 1103
f 217 632 1811
f 433 670 217
f 1550 670 433
f 1550 315 670
f 1561 315 1550
f 1103 315 1561
f 217 698 632
f 670 698 217
f 20 635 1103
f 1103 635 315
f 315 698 670
f 315 253 698
f 635 253 315
f 635 1513 253
f 698 1850 1121
f 253 1850 698
f 253 1112 1850
f 1513 1112 253
f 1513 1548 1112
f 1850 602 1121
f 1850 168 602
f 1112 168 1850
f 20 1051 1029
f 1029 635 20
f 1029 1513 635
f 1029 365 1513
f 740 365 311
f 365 1548 1513
f 365 740 1548
f 545 1150 960
f 931 888 545
f 964 141 179
f 1274 141 964
f 1274 1260 141
f 1510 1260 1274
f 141 1357 179
f 1260 1357 141
f 931 545 173
f 545 960 1089
f 1260 601 1357
f 1260 384 601
f 173 545 769
f 769 545 1089
f 384 540 601
f 1089 1371 769
f 1371 173 769
f 931 173 1371
f 572 931 1371
f 1532 931 572
f 993 960 1150
f 339 1700 1800
f 237 1864 1191
f 993 1271 960
f 1700 1271 993
f 1271 1089 960
f 1244 1271 1700
f 339 1244 1700
f 1271 1444 1089
f 1271 1244 1444
f 1827 1244 339
f 1244 131 1444
f 1529 964 179
f 1529 1136 964
f 695 1136 1529
f 950 890 695
f 1191 890 950
f 991 695 1529
f 695 991 950
f 179 991 1529
f 179 916 991
f 916 179 1357
f 950 237 1191
f 1421 601 540
f 916 1357 601
f 1212 950 991
f 1212 237 950
f 601 1375 916
f 1375 601 1421
f 1581 916 1375
f 916 1212 991
f 1212 853 237
f 1444 1371 1089
f 1581 1101 916
f 916 1101 1212
f 250 1212 1101
f 1101 1581 576
f 250 853 1212
f 250 911 853
f 1106 911 250
f 911 1861 853
f 1272 979 160
f 170 1864 237
f 1265 636 170
f 1272 339 1800
f 1887 636 1265
f 1272 160 339
f 411 1887 1265
f 1465 1887 411
f 1265 170 237
f 1750 1265 237
f 411 1265 1750
f 160 1827 339
f 1750 1957 411
f 160 1844 1827
f 118 1957 1750
f 979 1844 160
f 43 118 1750
f 1750 237 853
f 1861 1750 853
f 789 1750 1861
f 1057 1750 789
f 1057 43 1750
f 1847 979 1272
f 1992 97 1847
f 1847 97 979
f 97 827 979
f 1539 1944 1845
f 1748 1944 1539
f 1957 1465 411
f 646 1465 1957
f 646 1845 1465
f 1539 1845 646
f 1259 1539 646
f 1448 1539 1259
f 646 1957 118
f 979 827 1844
f 1259 646 1309
f 825 1189 235
f 1920 1205 1992
f 1992 1205 97
f 1205 1714 97
f 825 235 1748
f 1234 825 1748
f 1448 1748 1539
f 1234 1748 1448
f 1381 825 1234
f 825 529 1189
f 1831 1983 1920
f 1920 1983 1205
f 1442 1445 529
f 1643 529 825
f 1451 529 1643
f 1451 1442 529
f 1643 825 1052
f 1052 825 1381
f 1175 1740 1867
f 1735 1669 1831
f 1333 1175 1867
f 1831 1669 1983
f 1333 1867 1971
f 833 1442 1451
f 833 1971 1442
f 833 1333 1971
f 833 470 1333
f 1929 1333 470
f 572 908 1532
f 131 1244 1827
f 1827 913 131
f 913 1803 131
f 1911 1371 1444
f 886 911 1106
f 572 1371 1911
f 1911 483 572
f 131 1911 1444
f 483 908 572
f 131 1803 1911
f 1462 483 1911
f 1803 1462 1911
f 1803 1604 1462
f 1604 1208 1462
f 1844 913 1827
f 1844 1608 913
f 913 1026 1803
f 1608 1026 913
f 1608 1634 1026
f 911 1399 1861
f 1861 1399 789
f 547 911 886
f 552 1399 911
f 1140 1057 789
f 552 911 547
f 1399 1140 789
f 1399 552 1140
f 116 552 547
f 1006 1140 552
f 1006 1057 1140
f 912 43 1057
f 1006 912 1057
f 1612 1006 552
f 1612 552 116
f 1026 1604 1803
f 1026 1521 1604
f 1521 1193 1604
f 1521 1026 1634
f 97 1714 827
f 1309 646 118
f 1951 118 43
f 1309 118 1951
f 827 1608 1844
f 827 328 1608
f 1951 577 1309
f 1935 1309 577
f 1935 1259 1309
f 827 1885 328
f 1714 1885 827
f 877 1259 1935
f 1714 395 1885
f 479 877 1935
f 479 1935 354
f 328 1634 1608
f 1127 1634 328
f 1885 1127 328
f 395 1688 1885
f 1688 1127 1885
f 1951 43 912
f 1006 1340 912
f 1340 1006 1612
f 912 577 1951
f 1340 577 912
f 1966 577 1340
f 1966 354 577
f 354 1935 577
f 706 354 1966
f 801 479 354
f 354 1153 801
f 1153 354 706
f 1205 1603 1714
f 1603 395 1714
f 1603 1415 395
f 571 1381 1234
f 720 1234 1448
f 398 1381 571
f 877 1448 1259
f 720 1448 877
f 571 1234 720
f 1822 571 720
f 1822 398 571
f 877 593 720
f 1822 720 593
f 1363 877 479
f 1363 593 877
f 905 593 1363
f 1370 593 905
f 1370 1822 593
f 1030 1822 1370
f 1585 1370 905
f 1030 1370 1585
f 801 1363 479
f 329 801 1153
f 637 1363 801
f 801 329 637
f 1402 637 329
f 637 905 1363
f 1585 905 637
f 21 1030 1585
f 1983 1603 1205
f 1983 1267 1603
f 1267 1719 1603
f 1603 1719 1415
f 1267 1653 1719
f 1640 1381 398
f 1052 1381 1640
f 565 1451 1643
f 961 1640 398
f 961 1052 1640
f 961 1643 1052
f 1065 1451 565
f 961 398 1822
f 565 1643 961
f 1507 1822 1030
f 1507 961 1822
f 784 961 1507
f 784 565 961
f 784 1065 565
f 784 1507 1376
f 21 1507 1030
f 1376 1507 21
f 1669 1267 1983
f 1669 1467 1267
f 470 833 567
f 1192 1929 470
f 1467 1653 1267
f 1467 638 1653
f 1981 638 1467
f 1451 1065 833
f 567 833 1065
f 580 470 567
f 580 1192 470
f 1977 1065 784
f 1977 567 1065
f 373 567 1977
f 1857 567 373
f 1857 580 567
f 373 1896 1857
f 1521 1423 1193
f 1634 1758 1521
f 1127 1758 1634
f 1758 1423 1521
f 1127 1891 1758
f 1688 1891 1127
f 1692 1423 1758
f 1891 1692 1758
f 1415 1688 395
f 1415 844 1688
f 1415 1660 844
f 1660 1242 844
f 329 424 1402
f 17 1402 424
f 1796 17 424
f 1585 637 21
f 1584 637 1402
f 31 1402 17
f 31 1584 1402
f 1584 21 637
f 1469 1584 31
f 1688 78 1891
f 844 78 1688
f 78 1692 1891
f 844 1242 78
f 78 716 1692
f 1242 716 78
f 1719 1660 1415
f 870 1660 1719
f 1653 870 1719
f 870 1627 1660
f 1783 21 1584
f 1783 1376 21
f 1783 1584 1469
f 1366 1376 1783
f 1273 1366 1783
f 1366 784 1376
f 1660 1627 1242
f 1627 716 1242
f 1627 1924 716
f 1653 1880 870
f 638 1880 1653
f 1981 1880 638
f 1981 439 1880
f 1880 884 870
f 1977 784 1366
f 1734 1977 1366
f 1734 373 1977
f 1888 373 1734
f 1888 1896 373
f 1734 1366 1069
f 990 1888 1734
f 1649 1888 990
f 870 884 1627
f 439 884 1880
f 439 1883 884
f 884 1924 1627
f 1842 1924 884
f 1883 1842 884
f 1494 888 931
f 1494 1134 888
f 1454 1134 1494
f 655 1134 1454
f 1571 1260 1510
f 1571 1702 1260
f 1291 1702 1571
f 1291 926 1702
f 1291 174 926
f 1022 174 1291
f 1712 655 1454
f 926 726 1702
f 174 726 926
f 174 8 726
f 1702 384 1260
f 1702 1021 384
f 726 1021 1702
f 573 931 1532
f 573 1494 931
f 1021 540 384
f 1021 429 540
f 883 1454 1494
f 540 654 1421
f 429 654 540
f 823 1454 883
f 1755 1494 573
f 1755 883 1494
f 823 1712 1454
f 1022 566 174
f 1015 566 1022
f 1386 566 1015
f 1249 1386 1015
f 1264 1386 1249
f 566 8 174
f 1386 222 566
f 1220 1386 1264
f 1220 1422 1386
f 8 1021 726
f 566 152 8
f 566 222 152
f 1386 1422 222
f 1220 1066 1422
f 8 429 1021
f 152 429 8
f 222 450 152
f 1422 450 222
f 371 654 429
f 152 371 429
f 152 996 371
f 450 996 152
f 1422 1247 450
f 1066 453 1422
f 654 1375 1421
f 371 1375 654
f 576 1375 371
f 576 1581 1375
f 996 576 371
f 345 576 996
f 450 345 996
f 1247 345 450
f 1422 453 1247
f 700 1101 576
f 700 250 1101
f 700 576 345
f 1755 1297 883
f 1297 823 883
f 1228 250 700
f 1228 1106 250
f 345 1228 700
f 1247 1228 345
f 1509 1039 655
f 549 1317 1220
f 1509 655 1712
f 1611 1396 1509
f 1317 1066 1220
f 823 1509 1712
f 1611 1509 823
f 1024 1396 1611
f 1297 1611 823
f 1781 1611 1297
f 1781 1024 1611
f 897 744 453
f 1441 1228 1247
f 453 1441 1247
f 744 1441 453
f 1041 1317 549
f 1996 1339 1396
f 951 1317 1041
f 951 729 1317
f 1317 729 1066
f 951 997 729
f 1868 997 951
f 1024 1996 1396
f 1868 971 997
f 104 971 1868
f 729 897 1066
f 1066 897 453
f 997 897 729
f 1921 1996 1024
f 1695 1996 1921
f 897 331 744
f 997 331 897
f 997 971 331
f 1729 1570 971
f 71 744 331
f 971 71 331
f 1570 71 971
f 1701 1816 1996
f 1922 104 1481
f 1270 1592 1922
f 1922 1004 104
f 104 1729 971
f 1004 1729 104
f 1922 1252 1004
f 1592 1252 1922
f 1515 1910 1701
f 1695 1701 1996
f 1515 1701 1695
f 1733 1515 1695
f 859 1592 1270
f 162 1592 859
f 1877 1592 162
f 1592 617 1252
f 1592 848 617
f 1877 848 1592
f 995 848 1877
f 995 1082 848
f 1658 1863 1910
f 1658 1910 1515
f 1795 1658 1515
f 1369 1572 1877
f 1540 1644 93
f 93 1644 1572
f 830 731 1863
f 830 1863 1658
f 1572 995 1877
f 1644 765 1572
f 1572 1553 995
f 1572 1574 1553
f 765 1574 1572
f 1644 1814 765
f 1814 1824 765
f 1540 196 1644
f 832 196 1540
f 1501 196 832
f 1475 1613 731
f 196 1814 1644
f 1501 1814 196
f 1501 511 1814
f 1475 731 830
f 511 1707 1814
f 511 628 1707
f 1580 628 511
f 1666 1475 830
f 1707 1824 1814
f 908 573 1532
f 908 1755 573
f 1972 1297 1755
f 1228 886 1106
f 1972 1755 908
f 483 1972 908
f 987 1297 1972
f 987 1781 1297
f 1462 1208 483
f 1208 1972 483
f 1208 987 1972
f 1441 886 1228
f 71 1441 744
f 1441 547 886
f 71 610 1441
f 1687 610 71
f 1441 116 547
f 1316 116 1441
f 610 1316 1441
f 1316 1612 116
f 610 1612 1316
f 1208 1352 987
f 1352 986 987
f 1604 1193 1208
f 1193 1352 1208
f 1352 1586 986
f 1921 1024 1790
f 1790 1024 1781
f 1320 1687 71
f 1570 1320 71
f 1641 1695 1921
f 1641 1921 1790
f 986 1781 987
f 986 1790 1781
f 1586 1641 1790
f 1586 1790 986
f 610 1340 1612
f 1687 1340 610
f 1257 1340 1687
f 1315 1257 1687
f 782 1257 1315
f 855 1257 782
f 1257 1966 1340
f 1257 706 1966
f 1257 1153 706
f 1729 1320 1570
f 1729 809 1320
f 1004 809 1729
f 1004 1578 809
f 1004 1252 1578
f 303 1578 1252
f 1320 1315 1687
f 415 1695 1641
f 809 1315 1320
f 415 1733 1695
f 303 445 1578
f 809 782 1315
f 1578 782 809
f 445 782 1578
f 1436 1733 415
f 445 855 782
f 1979 1641 1586
f 415 1641 1979
f 1979 1436 415
f 1599 1436 1979
f 1655 1257 855
f 1796 1153 1257
f 1796 329 1153
f 1655 1796 1257
f 1796 424 329
f 1655 1207 1796
f 1207 1469 1796
f 617 303 1252
f 848 303 617
f 848 1082 303
f 303 310 445
f 303 1751 310
f 303 265 1751
f 1082 265 303
f 1082 836 265
f 310 855 445
f 1675 1795 1436
f 310 1655 855
f 1751 1655 310
f 265 1655 1751
f 265 1207 1655
f 836 1207 265
f 1599 1675 1436
f 1795 1515 1733
f 1436 1795 1733
f 1818 1207 1122
f 1553 1082 995
f 1770 1574 765
f 1824 1770 765
f 1553 836 1082
f 1553 1122 836
f 1574 1122 1553
f 1770 1110 1574
f 1770 521 1110
f 1574 1818 1122
f 1110 1818 1574
f 1122 1207 836
f 1110 1919 1818
f 521 947 1110
f 1654 1658 1795
f 1654 830 1658
f 1666 830 1654
f 1646 1795 1675
f 1646 1654 1795
f 1982 1654 1646
f 1982 1666 1654
f 628 1200 1770
f 1200 1588 1770
f 1770 1588 521
f 1588 947 521
f 1707 1770 1824
f 628 1770 1707
f 485 1475 1666
f 485 1666 1559
f 1559 1666 1982
f 1423 1352 1193
f 1423 1586 1352
f 1423 1979 1586
f 1624 1979 1423
f 1692 1624 1423
f 1624 1599 1979
f 1796 1469 17
f 1469 31 17
f 390 1599 1624
f 1692 390 1624
f 1629 1945 390
f 716 390 1692
f 716 1629 390
f 1945 1675 1599
f 390 1945 1599
f 1273 1469 1207
f 1818 1273 1207
f 1919 1273 1818
f 1273 1783 1469
f 860 1069 1273
f 860 1273 1919
f 947 860 1919
f 1069 1366 1273
f 716 400 1629
f 1924 400 716
f 1924 120 400
f 1945 1646 1675
f 947 1919 1110
f 560 1646 1945
f 1514 1646 560
f 1514 1982 1646
f 1629 560 1945
f 400 560 1629
f 400 1514 560
f 120 1514 400
f 1648 860 947
f 860 1734 1069
f 1808 1734 860
f 1648 1808 860
f 1703 990 1808
f 1703 1808 1648
f 1703 1649 990
f 990 1734 1808
f 1842 1759 120
f 1842 120 1924
f 1588 1648 947
f 1200 1648 1588
f 1200 1703 1648
f 1636 1982 1514
f 1636 1559 1982
f 1759 1514 120
f 1759 1636 1514
f 1219 863 1037
f 1774 863 1219
f 1175 1037 1740
f 1219 1037 1175
f 1664 422 1735
f 1840 1219 1175
f 1840 1175 1333
f 422 1669 1735
f 1774 1219 1840
f 1929 1840 1333
f 650 1840 1929
f 422 1873 1669
f 1778 1762 1791
f 1170 1762 1778
f 1170 1483 1762
f 1170 945 1483
f 1791 377 1774
f 1932 1766 1664
f 1664 1766 422
f 1791 1774 1840
f 1670 1170 1778
f 1778 1840 650
f 1778 1791 1840
f 1543 1778 650
f 1670 1778 1543
f 1095 556 779
f 1343 945 1170
f 1095 779 1329
f 184 1645 1932
f 1932 842 1766
f 44 1329 1343
f 44 1095 1329
f 1645 842 1932
f 1696 1095 44
f 1670 1343 1170
f 44 1343 1670
f 1290 1216 1500
f 482 1216 1290
f 1696 556 1095
f 1696 1215 556
f 1500 1215 1696
f 1290 1500 1696
f 27 1152 184
f 184 1152 1645
f 1786 1290 1632
f 1311 1696 44
f 1632 1290 1696
f 1632 1696 1311
f 1116 425 362
f 1928 362 1614
f 1116 362 1928
f 774 482 1290
f 1928 1614 774
f 1464 1485 27
f 1464 1400 1485
f 27 1485 1152
f 1485 1717 1152
f 1400 1007 1485
f 26 932 464
f 26 123 932
f 463 123 26
f 463 837 123
f 1116 1044 425
f 163 1044 1116
f 1656 464 932
f 1656 1299 464
f 230 89 463
f 230 1709 89
f 25 26 464
f 1295 26 25
f 1295 463 26
f 256 463 1295
f 464 437 25
f 157 163 1116
f 157 1299 163
f 437 1299 157
f 1299 437 464
f 230 463 256
f 967 1116 1928
f 788 25 279
f 788 1295 25
f 201 1295 788
f 201 256 1295
f 967 157 1116
f 219 157 967
f 437 279 25
f 1356 256 201
f 680 157 219
f 680 437 157
f 437 680 279
f 1356 230 256
f 1928 774 1290
f 448 279 733
f 448 788 279
f 189 788 448
f 189 201 788
f 279 652 733
f 834 201 189
f 834 1356 201
f 834 189 231
f 1180 219 967
f 1180 680 219
f 680 652 279
f 680 1180 652
f 895 967 1928
f 1805 967 895
f 553 733 1114
f 553 448 733
f 216 448 553
f 216 189 448
f 231 189 216
f 1114 652 73
f 652 1114 733
f 73 967 1805
f 73 1180 967
f 1180 73 652
f 186 834 231
f 510 1290 1786
f 510 1928 1290
f 895 1928 510
f 277 553 1114
f 149 553 277
f 149 216 553
f 440 216 149
f 440 231 216
f 1203 1805 895
f 583 1805 1203
f 583 73 1805
f 583 1114 73
f 1114 583 277
f 538 231 440
f 186 231 538
f 1836 895 510
f 283 277 581
f 283 149 277
f 101 149 283
f 101 440 149
f 1836 1203 895
f 1836 583 1203
f 581 583 392
f 581 277 583
f 194 440 101
f 194 538 440
f 392 583 1836
f 1283 538 194
f 1283 186 538
f 1253 1836 510
f 206 581 1431
f 206 283 581
f 1080 283 206
f 1080 101 283
f 194 101 1080
f 673 581 392
f 581 673 1431
f 673 206 1431
f 673 498 206
f 1214 1836 1253
f 1214 392 1836
f 985 392 1214
f 392 985 673
f 985 1683 673
f 269 194 353
f 378 1283 194
f 378 194 269
f 968 269 1100
f 968 378 269
f 1209 150 1464
f 150 1511 1464
f 1464 1511 1400
f 1197 1511 150
f 1197 325 1511
f 1511 325 1171
f 1511 1227 1400
f 1511 1171 1227
f 1068 1044 163
f 1068 407 1044
f 1068 163 1299
f 1068 255 407
f 255 1299 1656
f 255 1068 1299
f 230 812 1709
f 1487 497 1360
f 1418 589 497
f 828 812 230
f 828 1360 812
f 1487 1360 828
f 1418 497 1487
f 1240 230 1356
f 1240 828 230
f 1434 1418 1487
f 1240 1356 834
f 169 828 1240
f 796 1487 828
f 796 828 169
f 1434 1487 796
f 1359 834 186
f 1359 1240 834
f 169 1240 1359
f 546 796 169
f 1830 796 546
f 1830 1434 796
f 1283 1359 186
f 1385 1359 1283
f 910 1359 1385
f 910 169 1359
f 898 169 910
f 546 169 898
f 1098 1830 546
f 1098 546 103
f 87 985 1214
f 103 546 898
f 900 1830 1098
f 1385 1283 378
f 910 1385 378
f 158 378 968
f 158 910 378
f 246 898 910
f 158 246 910
f 1231 898 246
f 1231 103 898
f 1231 1098 103
f 1672 150 1209
f 1672 1243 150
f 1243 1197 150
f 1243 370 1197
f 821 1243 1672
f 743 1659 175
f 743 589 1418
f 1659 821 175
f 821 370 1243
f 743 401 1659
f 743 664 401
f 664 743 1418
f 1659 370 821
f 1659 401 370
f 1418 592 664
f 592 1418 1434
f 664 592 401
f 370 802 1197
f 592 113 401
f 401 802 370
f 401 113 802
f 592 58 113
f 58 592 1434
f 487 113 58
f 973 1434 1830
f 802 325 1197
f 802 1142 325
f 58 973 487
f 973 58 1434
f 113 1142 802
f 487 1142 113
f 973 750 487
f 487 750 1142
f 358 1830 900
f 1142 671 325
f 1142 640 671
f 973 63 750
f 973 358 63
f 358 973 1830
f 750 640 1142
f 750 63 640
f 1669 1873 1467
f 422 1292 1873
f 1873 1981 1467
f 1292 1761 1873
f 1292 496 1761
f 1873 1761 1981
f 1232 650 1012
f 650 1929 1192
f 1012 650 1192
f 580 1012 1192
f 1678 1012 703
f 1232 1012 1678
f 1000 1012 580
f 703 1012 1000
f 1000 580 1857
f 1456 703 1000
f 1678 703 1456
f 1618 1232 1678
f 1456 1000 1857
f 1018 1456 1857
f 1456 1618 1678
f 1766 1292 422
f 1766 1663 1292
f 1663 1528 1292
f 1663 1617 1528
f 1292 1528 496
f 1543 650 1232
f 1268 1670 1543
f 1732 1543 1232
f 1 1268 1543
f 1350 1543 1732
f 1 1543 1350
f 1087 1 1350
f 1087 1268 1
f 1010 1268 1087
f 1732 1232 1618
f 1350 1732 1618
f 1168 1350 1186
f 1168 1087 1350
f 842 1663 1766
f 1645 1162 842
f 842 1162 1663
f 1645 1665 1162
f 1665 1829 1162
f 1663 1743 1617
f 1162 1743 1663
f 1162 1829 1743
f 1583 44 1670
f 1583 1670 1084
f 1287 1670 1268
f 1084 1670 1287
f 1287 1268 1010
f 689 1583 1084
f 705 1583 689
f 689 1084 838
f 1764 705 689
f 838 1084 1287
f 1764 689 838
f 1168 1010 1087
f 838 1287 1010
f 838 1010 1168
f 1764 838 1168
f 1427 1764 1168
f 1152 1665 1645
f 1152 1717 1665
f 1717 1404 1665
f 1665 1404 1829
f 1311 44 1583
f 705 1311 1583
f 738 1632 1311
f 1560 1311 705
f 738 1311 1560
f 574 1632 738
f 1235 1632 574
f 1560 705 1764
f 1713 738 1560
f 1713 574 738
f 1717 1838 1404
f 1235 574 1713
f 760 1235 1713
f 1713 1560 1764
f 171 760 1713
f 1874 1713 1764
f 171 1713 1874
f 1912 1764 1427
f 1874 1764 1912
f 166 171 1874
f 1530 166 1874
f 1485 1007 1717
f 190 510 1786
f 1078 510 190
f 1078 1253 510
f 206 191 1080
f 206 498 191
f 353 1080 191
f 353 194 1080
f 350 1253 1078
f 498 673 684
f 87 1214 1253
f 468 1253 350
f 468 87 1253
f 1683 350 684
f 1683 468 350
f 1683 985 468
f 1683 684 673
f 799 190 1347
f 799 1078 190
f 742 498 66
f 498 742 191
f 1147 353 191
f 51 1078 799
f 51 350 1078
f 51 799 66
f 51 684 350
f 684 66 498
f 684 51 66
f 674 1632 1235
f 674 1786 1632
f 28 1786 674
f 28 190 1786
f 1347 190 28
f 293 742 234
f 1671 742 293
f 1671 191 742
f 1147 191 1671
f 234 799 1347
f 234 66 799
f 66 234 742
f 760 674 1235
f 760 28 674
f 777 28 760
f 5 777 760
f 777 1347 28
f 777 234 1347
f 293 777 5
f 293 234 777
f 244 293 5
f 244 1671 293
f 917 1671 244
f 917 1147 1671
f 1007 1838 1717
f 1007 1620 1838
f 5 760 1263
f 161 5 1263
f 161 244 5
f 161 917 244
f 211 917 161
f 171 1263 760
f 594 161 1263
f 561 161 594
f 561 211 161
f 533 211 561
f 533 490 211
f 79 490 533
f 147 79 533
f 1620 1327 1838
f 968 1100 773
f 944 968 773
f 1546 353 1147
f 1546 269 353
f 786 269 1546
f 786 1100 269
f 694 1100 786
f 694 773 1100
f 936 773 694
f 944 773 936
f 944 936 1433
f 928 1433 970
f 928 944 1433
f 818 1546 1147
f 484 1546 818
f 562 1546 484
f 562 786 1546
f 342 786 562
f 342 694 786
f 651 694 342
f 651 936 694
f 1533 936 651
f 1533 1433 936
f 970 1533 139
f 970 1433 1533
f 136 139 126
f 136 970 139
f 928 970 136
f 818 1147 917
f 336 562 484
f 937 562 336
f 937 342 562
f 462 342 937
f 462 651 342
f 1551 651 462
f 1551 1533 651
f 16 1533 1551
f 16 139 1533
f 126 139 16
f 475 484 818
f 475 336 484
f 604 136 126
f 211 818 917
f 182 1551 462
f 599 1551 182
f 599 16 1551
f 297 16 599
f 297 126 16
f 490 86 211
f 86 818 211
f 86 475 818
f 336 800 937
f 800 462 937
f 800 182 462
f 490 579 86
f 579 475 86
f 579 336 475
f 579 815 336
f 815 800 336
f 1217 1263 171
f 313 1263 1217
f 313 594 1263
f 79 579 490
f 391 800 815
f 800 260 182
f 260 599 182
f 260 297 599
f 260 1017 297
f 166 1217 171
f 313 561 594
f 1183 1217 166
f 1183 313 1217
f 1767 561 313
f 1767 533 561
f 38 533 1767
f 38 147 533
f 1169 38 1767
f 810 166 1530
f 1906 1183 166
f 1767 313 1183
f 1324 1767 1183
f 1324 1169 1767
f 356 625 1324
f 1400 1227 1007
f 87 468 985
f 671 1171 325
f 900 1098 1231
f 1171 717 426
f 1171 426 1227
f 426 1477 1227
f 1227 1620 1007
f 1227 1477 1620
f 426 1446 1477
f 286 1446 426
f 178 1446 286
f 1477 1450 1620
f 1477 318 1450
f 1446 318 1477
f 178 318 1446
f 178 690 318
f 158 968 944
f 1322 246 158
f 1322 1231 246
f 124 900 1231
f 759 944 928
f 759 158 944
f 1535 158 759
f 1120 1322 158
f 1120 158 1535
f 124 1231 1322
f 501 1120 1535
f 501 1535 930
f 1307 1120 501
f 653 1307 501
f 399 815 579
f 147 758 79
f 758 579 79
f 758 399 579
f 391 281 800
f 281 260 800
f 260 369 1017
f 287 399 758
f 287 125 399
f 125 815 399
f 125 9 815
f 281 266 260
f 266 1438 260
f 1438 369 260
f 290 147 38
f 290 758 147
f 1169 290 38
f 74 815 18
f 74 391 815
f 281 391 74
f 992 758 290
f 992 287 758
f 454 290 1169
f 454 992 290
f 454 287 992
f 454 125 287
f 198 1169 18
f 198 454 1169
f 198 125 454
f 198 9 125
f 9 18 815
f 9 198 18
f 105 281 74
f 105 587 281
f 266 281 587
f 18 1169 1324
f 96 18 1324
f 96 74 18
f 625 96 1324
f 559 74 96
f 559 105 74
f 109 96 625
f 109 559 96
f 109 105 559
f 109 587 105
f 1458 625 356
f 1458 109 625
f 1458 587 109
f 1458 266 587
f 3 266 1458
f 3 1438 266
f 267 1438 3
f 267 369 1438
f 1034 358 900
f 358 662 63
f 358 1072 662
f 1072 358 1034
f 63 662 640
f 671 717 1171
f 640 717 671
f 640 375 717
f 1072 363 662
f 1126 1072 1034
f 662 375 640
f 363 375 662
f 375 1544 717
f 1072 1346 363
f 1126 1346 1072
f 375 363 1544
f 717 286 426
f 1544 286 717
f 363 1738 1544
f 1126 385 1346
f 1346 1738 363
f 1738 286 1544
f 1346 1256 1738
f 385 1256 1346
f 1738 178 286
f 1256 178 1738
f 1256 613 178
f 124 1034 900
f 699 124 1322
f 1126 1034 124
f 1094 699 1322
f 1595 1322 1120
f 1595 1094 1322
f 1595 1120 1307
f 1126 124 699
f 1126 10 385
f 699 10 1126
f 1094 10 699
f 1307 687 1595
f 653 687 1307
f 1094 989 10
f 1094 530 989
f 1595 530 1094
f 1595 687 530
f 864 687 653
f 10 1256 385
f 687 918 530
f 687 213 918
f 864 213 687
f 864 737 213
f 10 613 1256
f 989 613 10
f 989 442 613
f 613 690 178
f 530 442 989
f 530 550 442
f 918 550 530
f 918 554 550
f 1097 213 737
f 442 690 613
f 550 690 442
f 213 554 918
f 213 449 554
f 1097 449 213
f 1018 1857 1896
f 1761 439 1981
f 496 1960 1761
f 1761 1960 439
f 1960 1883 439
f 1618 1456 1018
f 747 1618 1018
f 1888 1018 1896
f 747 1018 1888
f 1225 1888 1649
f 747 1888 1225
f 1799 747 1225
f 67 747 1799
f 1956 747 67
f 1960 1637 1883
f 1637 1549 1883
f 1883 1549 1842
f 1528 1960 496
f 1528 1218 1960
f 1617 1218 1528
f 1218 1637 1960
f 1186 1618 747
f 1186 1350 1618
f 1879 1168 1186
f 1956 1186 747
f 1879 1186 1918
f 1345 1186 1956
f 1918 1186 1345
f 1637 1679 1549
f 1743 1218 1617
f 1743 386 1218
f 1829 386 1743
f 1829 1855 386
f 1855 1547 386
f 1628 1168 1879
f 953 1168 1628
f 1427 1168 953
f 1391 1628 1879
f 953 1628 1391
f 386 1547 1218
f 1547 1637 1218
f 1547 1679 1637
f 1547 1976 1679
f 1404 1855 1829
f 1404 1327 1855
f 1838 1327 1404
f 1327 1573 1855
f 1855 1573 1547
f 1327 1435 1573
f 1573 1976 1547
f 1573 1552 1976
f 1435 1552 1573
f 1620 1450 1327
f 1906 166 810
f 1003 1906 810
f 1389 1906 1003
f 1389 1449 1906
f 1449 1183 1906
f 1449 1324 1183
f 1449 356 1324
f 1450 1435 1327
f 1450 1668 1435
f 1668 1238 1435
f 1238 1552 1435
f 518 356 1449
f 394 518 1449
f 518 1458 356
f 518 3 1458
f 518 267 3
f 267 518 394
f 690 379 318
f 690 1288 379
f 318 1668 1450
f 318 379 1668
f 1288 1229 379
f 379 958 1668
f 379 1491 958
f 1229 1491 379
f 1668 958 1238
f 550 1288 690
f 554 1288 550
f 1288 449 1229
f 449 1288 554
f 449 489 1229
f 1097 489 449
f 1229 489 1491
f 946 1580 1600
f 1455 1580 946
f 1600 1580 511
f 1677 80 1613
f 1677 1613 1475
f 1455 1148 1580
f 1137 1148 1455
f 1580 1148 1443
f 1580 1443 628
f 1677 1475 485
f 1990 261 80
f 1990 80 1677
f 1079 1148 1137
f 1079 1591 1148
f 1452 1591 1079
f 1452 1886 1591
f 1406 1886 1452
f 1406 1986 1886
f 34 261 1990
f 1963 1710 261
f 505 1986 1406
f 505 1776 1986
f 1251 1776 505
f 1963 261 34
f 1251 1536 1776
f 1915 1408 1710
f 749 1536 1251
f 1915 1710 1963
f 1841 1882 749
f 749 1882 1536
f 1841 1633 1882
f 223 1281 642
f 878 1281 223
f 878 647 1281
f 302 140 1276
f 302 242 140
f 413 242 302
f 413 517 242
f 275 1276 337
f 275 296 1276
f 111 517 413
f 111 641 517
f 294 1276 4
f 1050 1276 294
f 1050 302 1276
f 1050 413 302
f 296 4 1276
f 111 413 1050
f 537 294 4
f 623 294 537
f 623 1050 294
f 4 1616 537
f 296 1616 4
f 1397 1050 623
f 1397 111 1050
f 1705 111 1397
f 1073 537 387
f 1073 623 537
f 1616 387 537
f 507 623 1073
f 1527 623 507
f 1527 1397 623
f 1149 387 1296
f 1149 1073 387
f 507 1073 1149
f 894 507 1149
f 1616 1296 387
f 1616 1720 1296
f 1527 507 894
f 851 806 278
f 851 790 806
f 669 1296 619
f 187 1296 669
f 187 1149 1296
f 817 1149 187
f 817 894 1149
f 1412 366 543
f 806 894 817
f 806 817 366
f 278 806 366
f 278 366 1412
f 1720 619 1296
f 806 1527 894
f 806 790 1527
f 543 927 1417
f 927 366 359
f 927 543 366
f 669 619 223
f 921 817 187
f 359 817 921
f 359 366 817
f 1720 223 619
f 1720 878 223
f 963 223 642
f 963 669 223
f 110 669 963
f 110 187 669
f 1045 187 110
f 1045 921 187
f 388 921 1045
f 359 921 388
f 626 688 1174
f 626 1261 688
f 1174 688 904
f 1261 167 688
f 228 1408 1355
f 228 1934 1408
f 904 1633 1841
f 1355 1408 1915
f 688 543 904
f 688 1412 543
f 1412 167 851
f 167 1412 688
f 543 1417 1633
f 543 1633 904
f 1412 851 278
f 1915 1969 1355
f 228 1355 1754
f 1009 682 647
f 1009 647 878
f 1093 641 111
f 1093 414 641
f 248 296 275
f 248 634 296
f 727 414 1093
f 727 494 414
f 494 727 1261
f 899 634 248
f 1121 1937 899
f 602 1937 1121
f 258 111 1705
f 258 1093 111
f 1261 138 167
f 727 1093 258
f 727 258 138
f 727 138 1261
f 296 630 1616
f 1397 1526 1705
f 1526 258 1705
f 19 258 1526
f 19 138 258
f 138 19 167
f 634 630 296
f 899 1937 634
f 1067 1397 1527
f 176 1397 1067
f 176 1526 1397
f 176 19 1526
f 19 851 167
f 19 176 851
f 1931 1300 630
f 1937 630 634
f 1937 1931 630
f 1937 1457 1931
f 630 1720 1616
f 630 1178 1720
f 557 1527 790
f 557 1067 1527
f 557 176 1067
f 557 790 851
f 176 557 851
f 630 1300 1178
f 1457 1028 1931
f 1178 878 1720
f 1300 878 1178
f 1300 1009 878
f 1931 1009 1300
f 1931 1303 1009
f 357 1303 1931
f 1028 357 1931
f 978 311 1934
f 1901 311 978
f 978 1934 228
f 1314 1901 978
f 435 1901 1314
f 1361 978 228
f 1314 978 1361
f 168 603 602
f 168 1486 603
f 1112 1486 168
f 1548 1486 1112
f 1548 65 1486
f 603 1937 602
f 603 61 1937
f 1486 61 603
f 61 1179 1937
f 1486 1179 61
f 1486 957 1179
f 65 957 1486
f 65 492 957
f 1179 1457 1937
f 1179 841 1457
f 957 841 1179
f 957 770 841
f 957 891 770
f 492 891 957
f 841 1028 1457
f 841 1523 1028
f 841 959 1523
f 770 959 841
f 891 435 1502
f 891 959 770
f 891 1502 959
f 1523 357 1028
f 959 188 1523
f 1502 188 959
f 1523 1319 357
f 1523 839 1319
f 1523 1055 839
f 188 1055 1523
f 1502 814 188
f 1502 854 814
f 854 1502 435
f 188 814 1055
f 867 740 311
f 740 65 1548
f 740 867 65
f 867 311 1901
f 867 492 65
f 492 867 1901
f 492 435 891
f 435 492 1901
f 435 1314 854
f 628 709 1200
f 1443 709 628
f 1443 1667 709
f 1148 1667 1443
f 1148 1772 1667
f 709 1703 1200
f 1667 1703 709
f 1667 1949 1703
f 1772 1949 1667
f 1772 64 1949
f 1284 1677 485
f 1947 1677 1284
f 1793 1284 485
f 732 1947 1284
f 1793 485 1559
f 732 1284 1793
f 1591 1772 1148
f 1591 1388 1772
f 1886 1388 1591
f 1886 1081 1388
f 1986 1081 1886
f 1388 64 1772
f 1388 1437 64
f 1081 1437 1388
f 1081 1496 1437
f 1947 1990 1677
f 734 1990 1301
f 734 34 1990
f 1301 1990 1947
f 1819 734 1301
f 1631 734 1819
f 1819 1947 732
f 1819 1301 1947
f 1536 1473 1776
f 1986 1878 1081
f 1776 1878 1986
f 1776 783 1878
f 1473 783 1776
f 1473 1784 783
f 1878 1496 1081
f 783 1496 1878
f 783 1784 1496
f 919 1963 34
f 919 34 734
f 1631 919 734
f 1605 919 1631
f 1882 1718 1536
f 1882 1538 1718
f 1882 1419 1538
f 1633 1419 1882
f 1633 133 1419
f 1536 1718 1473
f 1718 1820 1473
f 1538 1820 1718
f 1538 1661 1820
f 1419 1661 1538
f 1820 1784 1473
f 1622 1915 1963
f 1622 1963 919
f 1969 1915 1622
f 1605 1622 919
f 1988 1969 1622
f 1383 1969 1988
f 1988 1622 1605
f 1281 1173 642
f 647 807 1173
f 647 1173 1281
f 1326 1173 77
f 1326 642 1173
f 56 127 915
f 56 666 127
f 807 915 1085
f 807 56 915
f 77 807 1085
f 77 1173 807
f 56 204 666
f 14 915 127
f 756 915 14
f 756 1085 915
f 1321 1085 756
f 1321 77 1085
f 1326 77 1321
f 678 1047 831
f 678 102 1047
f 714 678 831
f 666 714 127
f 584 136 102
f 584 928 136
f 584 102 678
f 204 678 714
f 204 584 678
f 204 714 666
f 1184 714 831
f 791 714 1184
f 791 127 714
f 1647 127 791
f 1647 14 127
f 1647 756 14
f 1321 756 1647
f 866 1326 1321
f 604 126 1047
f 604 102 136
f 102 604 1047
f 473 1321 1647
f 473 866 1321
f 829 126 297
f 829 1047 126
f 778 1047 829
f 778 831 1047
f 701 831 778
f 701 1184 831
f 701 791 1184
f 1647 791 701
f 701 1302 1647
f 1302 473 1647
f 1083 866 473
f 1382 1083 473
f 667 829 297
f 793 829 667
f 793 778 829
f 793 701 778
f 1424 701 793
f 1302 701 1424
f 1017 667 297
f 1017 793 667
f 1017 225 793
f 225 528 793
f 528 1424 793
f 1302 1382 473
f 349 1382 1302
f 349 1083 1382
f 1083 349 1961
f 1961 787 620
f 1961 349 787
f 1961 620 389
f 955 225 1017
f 528 225 955
f 600 1424 528
f 616 600 334
f 616 1424 600
f 616 1302 1424
f 393 1302 616
f 787 1302 393
f 787 349 1302
f 451 675 1978
f 1453 675 451
f 620 1453 451
f 334 719 675
f 1453 334 675
f 1453 616 334
f 1453 393 616
f 1453 787 393
f 787 1453 620
f 845 1099 719
f 845 90 1099
f 845 955 90
f 845 528 955
f 600 719 334
f 600 845 719
f 600 528 845
f 927 312 1417
f 312 359 388
f 359 312 927
f 1323 963 642
f 110 963 1323
f 1417 133 1633
f 312 133 1417
f 312 707 133
f 1326 1323 642
f 443 110 1323
f 164 110 443
f 91 110 164
f 91 1045 110
f 91 388 1045
f 388 91 312
f 312 1014 707
f 677 1323 1326
f 443 1323 677
f 1014 91 718
f 91 1014 312
f 1545 164 443
f 164 1545 718
f 164 718 91
f 707 1088 133
f 72 1088 707
f 1014 72 707
f 677 1326 866
f 1516 443 677
f 1001 361 72
f 1001 1516 361
f 1001 443 1516
f 1001 1545 443
f 1001 718 1545
f 718 72 1014
f 718 1001 72
f 133 1088 1419
f 1898 1969 1383
f 1898 1754 1969
f 72 606 1088
f 72 361 606
f 608 866 585
f 608 677 866
f 361 608 132
f 361 677 608
f 361 1516 677
f 585 866 1083
f 881 1754 1898
f 1088 1661 1419
f 1088 606 1661
f 132 436 606
f 606 361 132
f 132 389 436
f 132 585 389
f 132 608 585
f 389 1083 1961
f 389 585 1083
f 606 1978 1661
f 606 436 1978
f 436 451 1978
f 389 451 436
f 389 620 451
f 1833 1898 1383
f 1686 881 1898
f 1754 1355 1969
f 647 148 807
f 682 148 647
f 1009 36 682
f 1303 36 1009
f 1335 36 1303
f 148 204 56
f 148 56 807
f 1031 204 148
f 682 1031 148
f 36 1031 682
f 36 1280 1031
f 1335 1280 36
f 321 1280 1335
f 291 321 1335
f 165 928 584
f 165 759 928
f 165 584 204
f 1031 165 204
f 165 1535 759
f 930 1535 165
f 1031 930 165
f 59 930 1031
f 1280 59 1031
f 59 1601 930
f 1601 501 930
f 1601 653 501
f 129 1017 369
f 129 955 1017
f 129 712 955
f 369 146 129
f 697 394 90
f 712 697 90
f 712 129 697
f 712 90 955
f 146 394 697
f 146 267 394
f 146 369 267
f 146 697 129
f 291 1335 1303
f 357 291 1303
f 227 1314 1255
f 1828 1361 881
f 1828 1255 1361
f 1625 227 1255
f 881 1361 1754
f 1625 1255 1828
f 478 1625 1828
f 1625 478 1165
f 999 881 1686
f 999 1828 881
f 999 478 1828
f 1163 478 999
f 1361 228 1754
f 1314 1361 1255
f 850 321 291
f 477 59 1280
f 304 477 1280
f 321 304 1280
f 850 304 321
f 376 1601 59
f 376 713 1601
f 477 376 59
f 1489 376 477
f 304 1489 477
f 850 39 304
f 713 653 1601
f 864 653 713
f 438 864 713
f 376 438 713
f 304 776 1489
f 39 776 304
f 438 737 864
f 376 1342 438
f 1489 1342 376
f 1809 737 438
f 1342 1809 438
f 776 1342 1489
f 39 305 776
f 39 755 305
f 755 1105 305
f 1809 1097 737
f 1342 469 1809
f 776 469 1342
f 776 840 469
f 305 840 776
f 305 221 840
f 1105 221 305
f 1319 291 357
f 1055 551 839
f 814 551 1055
f 1706 850 291
f 1319 1706 291
f 227 854 1314
f 839 1706 1319
f 839 308 1706
f 551 308 839
f 814 343 551
f 814 227 343
f 854 227 814
f 551 343 308
f 1706 45 850
f 1706 1167 45
f 308 1167 1706
f 308 781 1167
f 343 849 314
f 227 849 343
f 781 314 568
f 343 781 308
f 343 314 781
f 849 227 1625
f 45 39 850
f 45 901 39
f 849 568 314
f 1167 901 45
f 1167 367 901
f 781 367 1167
f 367 781 568
f 1165 849 1625
f 568 177 367
f 568 1165 177
f 849 1165 568
f 901 106 39
f 367 106 901
f 367 177 106
f 119 1165 478
f 177 755 106
f 177 119 755
f 1165 119 177
f 106 755 39
f 119 478 1163
f 119 1105 755
f 119 1163 1105
f 64 67 1949
f 1703 1225 1649
f 1949 1225 1703
f 1949 1799 1225
f 1949 67 1799
f 1549 1759 1842
f 1549 1113 1759
f 1793 1559 1636
f 1697 732 1793
f 1697 1793 1636
f 1113 1636 1759
f 1113 1697 1636
f 1345 67 64
f 1437 1345 64
f 1437 1918 1345
f 1496 1918 1437
f 1496 1879 1918
f 1345 1956 67
f 1549 1782 1113
f 1679 1782 1549
f 1711 1819 732
f 446 1819 1711
f 446 1631 1819
f 1711 732 1697
f 1782 1697 1113
f 1782 1711 1697
f 1782 446 1711
f 1784 1391 1496
f 1496 1391 1879
f 1784 953 1391
f 1427 953 1784
f 1925 446 1782
f 1679 1925 1782
f 1976 1925 1679
f 519 1605 1631
f 519 1631 446
f 1925 519 446
f 1820 1427 1784
f 1820 1912 1427
f 1820 826 1912
f 1661 826 1820
f 1661 1530 826
f 826 1874 1912
f 1530 1874 826
f 205 1999 661
f 661 1925 1976
f 661 519 1925
f 1552 661 1976
f 1552 205 661
f 1999 1988 1605
f 1383 1988 1999
f 1999 1605 519
f 661 1999 519
f 1978 1530 1661
f 1978 810 1530
f 1978 675 810
f 675 1003 810
f 675 1389 1003
f 719 1389 675
f 719 1099 1389
f 1099 1449 1389
f 90 1449 1099
f 90 394 1449
f 1623 1833 205
f 1623 1686 1833
f 1238 1623 205
f 1238 205 1552
f 1833 1383 1999
f 1686 1898 1833
f 205 1833 1999
f 1282 1686 1623
f 1282 999 1686
f 1040 999 1282
f 1104 1040 1282
f 1159 1040 1104
f 958 1282 1623
f 958 1104 1282
f 1491 1104 958
f 958 1623 1238
f 1040 1163 999
f 1159 221 1040
f 221 1163 1040
f 221 1105 1163
f 1809 489 1097
f 1809 1195 489
f 469 1195 1809
f 469 1159 1195
f 840 1159 469
f 221 1159 840
f 489 1195 1491
f 1195 1104 1491
f 1195 1159 1104

