# https://github.com/mikedh/trimesh
v -0.18871948 -0.93203974 -0.17553253
v -0.11958162 -0.93006539 -0.23073901
v 0.23933153 -0.93832332 -0.06113658
v 0.07469746 0.93561023 -0.01865574
v -0.14990872 -0.93095464 0.21179859
v -0.07058807 0.74406147 -0.07047228
v 0.15000342 0.66404915 -0.03477662
v -0.00147754 0.64176232 -0.16716187
v -0.13208428 0.23189935 -0.24203825
v 0.06297825 0.62257767 -0.16626640
v 0.25652549 -0.92895585 -0.04689206
v -0.05386609 0.71615475 0.10655404
v 0.26454195 -0.91737425 0.04951022
v 0.08894366 -0.91460466 -0.25324184
v -0.04361374 -0.89915961 -0.26566243
v -0.11434788 0.72221082 0.00000000
v 0.24352965 -0.89210010 0.11543029
v -0.25323978 -0.92941546 0.05941372
v 0.23681179 -0.93777734 0.08086344
v 0.19431613 -0.91104573 -0.18677525
v -0.22019961 -0.93239880 0.13216184
v 0.05781348 0.73858041 0.08550022
v 0.10892360 0.80054587 -0.03148167
v -0.03204529 -0.44346851 0.26946414
v -0.24665265 -0.92533922 0.09538488
v 0.08516614 0.92259455 0.03085075
v 0.25174347 -0.93463987 -0.03754655
v 0.25253752 -0.93715042 -0.00939681
v -0.15849042 -0.93129474 -0.20436193
v 0.10834793 0.72718561 0.02612283
v -0.07433522 -0.92980087 0.24935018
v 0.25338352 -0.93542194 0.02818107
v 0.06685850 0.92021954 -0.06692992
v 0.10324038 0.72620183 -0.04411773
v -0.09311958 0.90473896 0.03338225
v 0.26286384 -0.92690831 0.02818643
v -0.09554784 0.65446824 -0.12828824
v -0.24144483 0.24389447 0.13290197
v -0.22677156 -0.71184313 -0.14775895
v -0.08289200 0.75567073 0.05649114
v -0.13159192 -0.92175061 -0.23078193
v -0.10600790 -0.92356509 0.24437141
v -0.14116970 -0.89220822 -0.22976443
v 0.10871184 0.82494932 0.02920063
v 0.19426726 -0.93192160 -0.16898784
v -0.04973582 -0.93590343 0.24814904
v 0.11708510 -0.50283134 0.24483599
v -0.08083813 0.07317973 -0.26251996
v -0.26524338 -0.92177778 -0.03614264
v -0.23884878 -0.93295580 -0.09386411
v 0.06816192 0.92742682 0.05737295
v -0.07971797 -0.92942029 -0.24872169
v 0.04522949 -0.90015113 0.26543179
v -0.04244989 0.87940574 0.09349027
v 0.25713557 -0.63261765 0.08556675
v 0.02349434 -0.92583865 0.26445863
v 0.00473951 -0.92670327 0.26524949
v 0.12079252 -0.93800473 0.21955357
v -0.25891992 -0.83387297 -0.07782792
v -0.06213883 0.73225868 -0.08867045
v -0.21961418 -0.93848729 0.11272958
v -0.12263787 -0.91383237 -0.23858607
v -0.22857682 -0.92662179 -0.13189153
v 0.12001003 0.63655961 -0.12121243
v -0.25526235 -0.92925638 -0.05084487
v -0.23960862 -0.93815178 0.06556538
v 0.10308103 0.73760784 0.01404219
v 0.18769476 -0.56963533 0.19639973
v 0.18928161 0.48869881 0.13893606
v -0.26923868 -0.91217148 0.00635019
v 0.06697744 0.73632455 0.08096594
v -0.03755673 -0.93438894 -0.25236061
v -0.14782675 0.67269921 -0.01453123
v -0.08993708 0.75565380 -0.04508137
v -0.07208897 0.73355013 -0.07950893
v -0.26615232 -0.91687286 0.03426507
v 0.21232754 -0.91952950 -0.16232890
v -0.07059446 -0.93938190 -0.21711151
v 0.17431742 -0.93938357 -0.14716984
v 0.01438877 0.93819493 0.06954295
v 0.15466234 -0.86943203 -0.22096962
v 0.09530789 0.72919488 0.05514064
v -0.16221932 -0.90056217 -0.21498904
v -0.08679058 0.92818809 -0.00000484
v 0.26373968 -0.92812008 -0.00940377
v 0.08687603 0.92832607 -0.01297951
v -0.24815047 -0.93634725 0.04259383
v 0.00534392 0.81689930 0.11358740
v -0.13658071 -0.84560466 0.23269396
v -0.09442642 0.89670318 -0.03048379
v -0.26547089 -0.88910747 -0.04516379
v 0.18965314 -0.21541886 -0.19652624
v -0.07368965 -0.83703971 0.26031113
v 0.24985388 -0.91132987 0.09960712
v 0.25714937 -0.92789519 0.04857360
v -0.02413433 -0.18616302 -0.27162954
v -0.07999786 0.88444638 0.06347439
v 0.08056916 0.73208749 0.07274029
v 0.09190079 0.76189631 -0.04250148
v -0.24347088 -0.93635833 -0.06456367
v 0.02207727 0.74026263 0.10035318
v -0.08315652 0.66419452 0.12986201
v -0.19908808 -0.91486913 -0.17954519
v -0.01886154 -0.92611223 -0.26457936
v 0.25400329 -0.93436360 -0.02814168
v 0.25115153 -0.79566127 0.09882392
v -0.13522841 0.67387503 -0.05982992
v -0.02384667 -0.76402068 -0.26904446
v -0.05515013 0.85601676 -0.09225722
v -0.00481253 -0.92016828 -0.26794282
v -0.09164952 0.86619037 0.05208230
v 0.16870575 -0.92356765 0.20592591
v -0.12752190 -0.54595292 -0.23965195
v 0.25360280 -0.93602842 0.01878767
v -0.11215328 -0.92199457 -0.24289583
v 0.02133386 0.78827447 -0.10907868
v 0.26346150 -0.92428488 -0.03767081
v 0.18476607 0.23493293 0.20362240
v -0.12285794 -0.45369509 0.24245019
v 0.17449646 -0.93941998 -0.12629096
v 0.14437988 -0.92481649 0.21903625
v -0.02851995 -0.13702649 0.27135721
v 0.02363142 -0.93899286 -0.24255788
v 0.09719519 0.75842512 -0.02303083
v 0.01298648 -0.93519968 -0.25543228
v 0.07248019 0.79988843 -0.08773126
v -0.20170601 -0.93080407 0.16282654
v 0.18293604 -0.93866336 0.16636765
v 0.23950632 0.12098904 -0.13552088
v 0.07195975 0.67471921 0.12903240
v 0.07451113 -0.93870032 -0.22867498
v 0.10455603 0.72483325 0.04287380
v -0.05588330 0.70107436 -0.11732477
v 0.02764942 -0.89488232 -0.26789451
v 0.25576344 -0.91221404 -0.08298707
v -0.06168453 0.91785407 0.07464124
v 0.24741960 -0.92923158 -0.08451335
v -0.06687997 0.93849224 0.00614685
v -0.18547694 0.56296045 -0.09192539
v 0.07559322 0.74092513 -0.06897108
v 0.24618325 -0.93741578 -0.04794385
v 0.03755209 0.46790662 0.23834823
v -0.08656837 0.92774534 -0.00938306
v 0.06575718 0.75294882 -0.07569370
v -0.25355330 -0.93634570 0.00939207
v -0.26358724 -0.31577593 0.07222737
v 0.01845709 0.75474876 -0.09790226
v 0.00000000 -0.93642306 0.25351182
v 0.25369316 -0.93634397 0.00000000
v 0.08170222 -0.93752724 -0.23675957
v 0.05117780 0.75406343 -0.08685957
v 0.08039068 0.72577012 -0.07854944
v 0.18448237 -0.93786103 -0.17148140
v 0.14349097 -0.93820536 0.20492552
v 0.26570436 0.13876329 -0.07151695
v -0.01265699 0.92731100 0.08655015
v -0.19501027 -0.70984697 -0.18840019
v -0.11707964 -0.91787875 0.23922673
v 0.20579153 0.23431578 -0.18217924
v -0.09989444 0.75415695 0.00453385
v 0.07535587 0.93287098 -0.03138332
v 0.21768413 -0.93381184 -0.13279931
v -0.03121006 -0.91102564 0.26716462
v -0.04690339 0.73959523 -0.09213479
v 0.20475452 -0.93917930 -0.11691437
v 0.06070451 -0.93015510 -0.25207278
v -0.03369645 0.68461502 0.13693182
v 0.11411575 0.34029001 0.24259776
v 0.05254182 -0.61551100 0.26574174
v -0.27349219 0.11702698 -0.02035761
v -0.07859240 0.92808193 -0.03712413
v 0.06974758 0.18328787 0.26615202
v 0.23286438 -0.15587965 -0.14374663
v 0.08042090 -0.93458962 0.24199773
v -0.06255622 0.80715460 0.09579539
v -0.26273304 -0.92699862 0.02819058
v 0.13142803 -0.92496759 0.22939001
v -0.07601884 0.86673152 0.07336567
v -0.24244080 -0.82972652 -0.11856942
v 0.00470116 0.75448728 -0.09988922
v 0.13684197 -0.93920034 0.18447240
v 0.20603301 -0.93767679 0.14151305
v -0.02643412 -0.83835560 0.26834717
v 0.21784565 -0.91493022 0.15647350
v -0.06243061 -0.91940266 0.25808376
v 0.08353882 0.92592210 -0.03259744
v 0.00859377 -0.37181452 0.27235016
v 0.08713351 0.77345014 -0.06076405
v -0.05752853 0.65052021 -0.15172631
v 0.13189511 -0.93806219 -0.21289806
v -0.19213562 0.53227752 0.10730210
v 0.18642773 -0.92120063 0.19179921
v 0.13349226 -0.93617868 0.21377115
v -0.09142289 -0.93708014 0.23438196
v 0.03566202 -0.27136597 -0.26976022
v -0.21133991 -0.58025748 0.16922101
v -0.03136734 0.93936181 -0.04606352
v 0.09904481 0.75429237 0.01362614
v 0.17151047 -0.93824679 -0.17923921
v -0.07677696 0.93532765 -0.00464535
v 0.07086385 0.74218816 0.07111085
v 0.21763043 -0.12001777 0.16430855
v 0.07961194 -0.30766416 0.26121745
v 0.05585657 0.93283749 0.06104493
v 0.03381962 0.92922020 -0.07886941
v -0.14578205 -0.93888837 0.18781698
v 0.07544291 0.86734146 0.07367557
v 0.23161857 -0.89329994 0.13767962
v 0.26090768 -0.91558933 -0.06407167
v -0.07631227 0.74714023 0.06729884
v -0.10301468 0.73770767 -0.01418515
v -0.10726368 0.57977247 0.16829161
v -0.05850399 0.75398040 0.08207714
v -0.05081305 -0.92845953 0.25605083
v 0.06662460 0.93848747 0.00566428
v 0.02166095 0.76830435 0.10085644
v 0.09468688 0.76050234 0.03362584
v -0.26850587 -0.74429554 0.02869980
v 0.15947406 0.52076167 -0.15808533
v 0.12897760 -0.86544245 0.23681904
v -0.05078418 -0.93177277 -0.25238803
v -0.23129152 -0.92892754 0.12054785
v 0.26691738 -0.91918248 -0.02102973
v 0.00473431 0.72241026 0.11439187
v 0.09638586 0.46417913 -0.22222617
v -0.09428394 0.77358073 -0.05042060
v 0.08567549 0.71215701 0.08691381
v 0.05717906 0.88207638 0.08476414
v -0.02461919 0.91045690 -0.09505810
v 0.24208111 -0.84521270 -0.11914675
v 0.07262517 -0.93092442 -0.24884044
v -0.09480330 0.72484684 -0.06144591
v -0.13595337 -0.93809533 0.20623559
v 0.05126183 -0.93863255 0.24151698
v -0.08270853 0.76247340 -0.05866116
v -0.04928258 -0.91636693 0.26468915
v 0.06712751 -0.90988278 0.26138544
v -0.06579742 -0.93669176 -0.24421704
v -0.02312464 -0.93518931 -0.25387543
v 0.20037763 0.56625086 0.04598564
v 0.11596866 -0.92919469 -0.23335913
v 0.22335069 -0.93897128 -0.09194835
v 0.14492555 0.46695542 0.19305626
v -0.06503879 -0.90319115 0.26232854
v -0.07295284 0.73655665 0.07559914
v 0.05744218 0.93903381 -0.01445725
v 0.10097478 0.89126533 0.00614374
v -0.07154749 -0.54680616 -0.26258549
v -0.10166419 0.89104438 0.00027324
v 0.22564849 -0.91523820 0.14338349
v -0.07331474 0.93393838 0.03327231
v 0.17872970 -0.93363500 -0.18412094
v -0.24111606 -0.93845820 0.05519108
v 0.24953273 -0.92930645 0.07545433
v 0.26217809 -0.92575353 0.03757884
v 0.23348027 -0.93359625 0.10677770
v 0.07380041 -0.44081956 0.26249802
v -0.07288268 0.76344723 -0.07107255
v -0.06940342 0.75713831 0.07166605
v 0.24790698 -0.93651849 0.04952394
v -0.09061676 -0.92710465 0.24730332
v -0.18488495 -0.19653320 -0.20097969
v -0.25688043 -0.92958540 0.04207511
v -0.10641572 -0.93134826 -0.23527309
v 0.13229783 0.05797241 0.24076392
v -0.07975467 0.63431937 0.15194993
v -0.08127970 0.73546314 -0.06743449
v -0.25375289 -0.93633467 -0.00938954
v -0.23796290 -0.92881215 -0.10647812
v -0.10878332 0.82500643 -0.02899069
v 0.15926930 -0.91208172 0.21614538
v 0.09375739 -0.93855864 -0.22561222
v -0.23734489 -0.91339499 0.12474325
v 0.07556755 0.92615765 -0.05075281
v 0.08076552 -0.93861514 0.22930312
v -0.11254968 0.72392118 -0.01410660
v -0.27195415 -0.54837388 0.00191789
v -0.11133381 0.70950449 0.05516220
v 0.23538445 -0.93623668 0.09392165
v -0.03626319 0.75893050 -0.09336672
v -0.19354481 -0.92935479 0.17543599
v 0.06221797 0.75383198 0.07946144
v 0.22630784 -0.93941063 -0.01686781
v -0.23570760 -0.93452573 0.09378053
v 0.04801951 0.73803490 -0.09257974
v 0.08451662 -0.92947304 -0.24720277
v 0.13312677 0.69590032 0.00047420
v -0.26449189 -0.92691296 0.01466808
v -0.08357883 0.72356623 0.07720266
v 0.11513161 0.66513282 0.10191464
v 0.06126298 -0.93915892 -0.22400321
v 0.23286958 -0.93919992 -0.04153126
v -0.03786727 0.93489909 0.06994815
v 0.26106501 -0.75104761 -0.07324897
v 0.05966284 -0.92988431 0.25278741
v 0.20400761 -0.92029250 -0.17355633
v 0.07524719 -0.19463867 -0.26318932
v 0.07789812 -0.22719918 0.26220757
v -0.23490891 -0.93920052 -0.02873276
v -0.10243825 0.70566738 -0.07429581
v -0.03566995 -0.50162089 -0.26860696
v -0.26134691 -0.90434116 -0.06895019
v -0.23764332 -0.92945254 0.10618323
v 0.21660820 -0.92272455 -0.14923298
v 0.01224232 -0.91682965 -0.26854917
v -0.09811739 0.70343584 0.08261713
v -0.01878649 -0.93609929 0.25335002
v 0.06626690 0.73829412 -0.07999697
v -0.10026895 0.72743332 -0.04889511
v -0.13473076 -0.93117839 -0.22160061
v 0.26591846 -0.87732244 0.04276009
v -0.18931004 -0.93825853 -0.16320151
v 0.10544231 -0.93654180 -0.22923762
v 0.04578682 0.69850433 0.12340322
v 0.03767762 -0.92456579 0.26330796
v 0.07697890 0.93357575 0.02214387
v -0.11004122 -0.90229005 0.24579236
v -0.03531991 0.74372023 0.09477094
v 0.05677337 0.72622168 -0.09683791
v 0.08692948 -0.45630780 -0.25759101
v 0.10528409 -0.91722071 0.24697785
v -0.01415706 -0.92646796 0.26503506
v -0.20265678 -0.93905580 -0.13242185
v -0.07713556 -0.19523120 -0.26252499
v -0.25347358 -0.93579727 -0.02346683
v 0.06982642 -0.39347538 0.26374266
v 0.05951189 -0.92044282 -0.25947359
v 0.17609116 -0.20703432 0.20804009
v -0.18802138 0.58644503 -0.05714137
v 0.23609345 -0.93765467 -0.08075105
v -0.26454517 -0.91423804 0.05149777
v 0.04209581 -0.93287444 0.25280893
v -0.21206400 -0.89032084 0.16581406
v -0.24013604 -0.91803420 -0.11647315
v -0.08092561 0.75046504 -0.06166709
v -0.00394811 0.93657696 -0.07552956
v 0.01252104 0.92185694 -0.09325481
v 0.15751700 -0.84936237 0.21874352
v -0.09164598 0.74190271 0.04571921
v -0.12661804 0.03057836 0.24341196
v 0.06592517 0.72382724 0.09256566
v 0.02138001 0.72294068 -0.11235110
v 0.22242349 -0.92917293 0.13726358
v -0.08834058 0.91455054 -0.03262381
v 0.23592263 -0.91286010 0.12887579
v -0.08469108 0.72059005 -0.07901720
v 0.24659023 -0.33502781 0.11499503
v -0.04353446 0.79607433 0.10392953
v 0.11529309 0.72027928 0.01307340
v -0.26445526 0.20620079 -0.07683815
v 0.19167873 -0.85346323 0.19088519
v 0.20020245 -0.07472070 0.18667056
v 0.08304355 0.77326494 0.06612142
v -0.07811266 -0.55096459 0.26050964
v -0.04363538 0.93810242 -0.05745676
v -0.20892927 -0.93853122 0.13075064
v 0.08311589 0.74314415 0.05917851
v -0.10625570 0.77514476 -0.01082658
v 0.16099571 -0.19210140 -0.21977438
v -0.13115627 -0.92457688 0.23033880
v -0.24812984 -0.92722100 -0.08788974
v -0.05103445 0.93196666 -0.06693507
v 0.10891838 0.70616257 0.06380328
v -0.00608956 0.91670299 -0.09697263
v 0.17333497 -0.93067765 0.19328572
v -0.06501392 -0.80479169 -0.26279426
v 0.24341559 -0.93887168 -0.02414455
v 0.20453823 -0.39012355 0.17918950
v -0.20177588 -0.29561621 0.18335824
v -0.21885477 -0.19569083 0.16221465
v -0.05127608 0.76327401 -0.08771254
v -0.09342081 0.72378725 0.06530771
v 0.17382027 -0.93889153 -0.16464010
v 0.07393824 0.90658540 0.06570273
v 0.07582042 0.12658753 0.26441932
v -0.08938212 0.86085004 -0.05733468
v 0.01901701 0.84826988 0.10751574
v 0.08281092 0.84397024 0.07090814
v -0.22804524 -0.91484582 -0.14080004
v -0.04404389 0.82351196 -0.10343084
v 0.25698304 -0.93305272 -0.01878719
v 0.00395967 0.66748220 0.15168270
v 0.17775524 -0.42783409 -0.20544998
v 0.07916527 -0.92313105 0.25230008
v -0.08440391 -0.93339896 0.24193627
v -0.11761557 0.62171805 -0.13433267
v 0.02161794 0.93143833 0.08045346
v 0.22063813 -0.90318316 -0.15508519
v 0.18098803 -0.91381103 -0.19860464
v 0.21623066 -0.93113989 -0.14170723
v 0.19485076 0.19430026 -0.19425356
v 0.12719442 -0.90369809 0.23765184
v 0.02300911 -0.93535763 0.25358582
v 0.14225976 -0.93299884 -0.21330719
v 0.26696685 -0.91137725 0.03262405
v -0.01401457 0.93478566 0.07595684
v -0.06337029 0.93438160 0.05116852
v -0.19354075 0.34589070 0.18600561
v 0.20481128 -0.89022994 -0.17513725
v 0.18867821 -0.76323181 -0.19446003
v -0.16866972 0.18724670 0.21605377
v -0.12036800 0.43491468 -0.22008137
v 0.17491916 -0.49790320 0.20724499
v -0.14187340 -0.89276183 0.22928731
v -0.01418587 0.74521661 -0.10065837
v -0.07569963 0.92598581 0.05083899
v 0.08491020 -0.83765143 -0.25624120
v -0.09826904 -0.93904924 0.21758774
v 0.23596184 -0.24358362 -0.13775149
v -0.00938498 -0.93641275 0.25354615
v -0.26352599 -0.10885794 -0.07548255
v -0.12255176 -0.93784451 -0.21803823
v -0.21890384 -0.93933529 -0.06802347
v 0.23181798 -0.92657548 0.12368764
v -0.06526579 -0.41565803 -0.26463658
v 0.03203258 0.63869059 -0.16598269
v -0.04438592 0.75663012 0.09013382
v 0.26300016 -0.90364635 0.06192207
v -0.09574128 0.55190271 0.18903284
v -0.24930921 -0.92707038 0.08471015
v -0.06122635 0.74018192 -0.08269162
v 0.07456142 -0.69493812 0.26089129
v 0.02815739 0.92085487 -0.08720270
v 0.08283652 0.75652617 -0.05661764
v -0.08367816 0.92249215 0.03828144
v -0.05292409 0.57814652 -0.19315854
v 0.04252560 -0.93880159 -0.24103150
v -0.06678776 0.19773316 -0.26689190
v 0.00000000 -0.93394262 -0.25703904
v -0.03556324 0.90292054 0.09153944
v 0.09913860 -0.93941486 -0.20298624
v 0.11867213 0.70446736 -0.04685877
v -0.11973962 -0.93909752 -0.20282587
v 0.07440640 0.88627934 0.07035841
v -0.02806040 0.93939698 0.03550138
v -0.22893365 -0.93613958 0.10560662
v -0.11562854 -0.02741177 -0.24778782
v -0.17067395 -0.90724343 0.20827487
v 0.01341743 0.93297279 -0.07934275
v 0.21971986 -0.93847167 -0.11276823
v 0.09381390 -0.93542010 -0.23565564
v 0.09392069 -0.92748475 -0.24563664
v -0.25365564 -0.93636036 0.00000000
v 0.03414575 0.93595958 0.07039171
v 0.12844194 -0.63459647 -0.23873556
v -0.14786519 -0.91531128 -0.22289975
v 0.05621336 0.77560562 0.09216966
v 0.02852399 0.84857988 -0.10443948
v 0.13447115 -0.91156018 -0.23336600
v 0.06620161 -0.93759441 0.24199148
v 0.11798641 -0.93103099 0.23048732
v 0.07085643 0.72139943 -0.09122478
v -0.26783642 -0.88891929 0.02793733
v -0.27265531 -0.19349961 0.01446347
v 0.04096767 0.68308777 -0.13601713
v 0.08186908 0.81467962 0.07868233
v -0.01740494 0.76692939 -0.10132656
v -0.08726279 0.73801017 -0.05592160
v 0.23803137 -0.93860304 0.05814955
v 0.00400759 0.92379409 0.09311315
v -0.08373025 0.15536864 -0.26172984
v 0.18849185 -0.90298843 0.19372123
v -0.21124458 -0.93135786 -0.14978956
v 0.10159808 0.73783129 -0.02296915
v 0.05266128 0.88179660 -0.08689218
v 0.18888777 -0.92896950 0.18196636
v -0.08925810 0.56301975 -0.18664333
v 0.22065452 0.42282605 0.12587205
v -0.24659301 -0.91236621 0.10794141
v 0.06401991 0.89924115 -0.07686041
v -0.10626364 -0.93349570 0.23340558
v 0.00938073 0.93213695 0.08219804
v 0.20918493 -0.93933964 -0.10166173
v 0.26779458 -0.84846359 -0.03059615
v 0.06190055 0.18099283 -0.26761970
v 0.10502352 -0.92880875 -0.23876764
v 0.01475695 -0.93941903 0.21855362
v 0.09133371 0.79617739 0.06732526
v 0.00991039 0.21398780 0.27497527
v -0.17201930 -0.92939812 -0.19633983
v -0.19678873 -0.90365428 0.18500905
v 0.25988799 -0.84321427 -0.07501438
v -0.15093635 -0.16628034 -0.22736609
v -0.18523662 0.05784722 -0.20227814
v 0.05604674 -0.93932086 0.22068667
v -0.09380540 0.75289136 0.03289035
v 0.08362831 0.58181232 0.18019524
v -0.02645602 0.87115121 -0.10125137
v -0.05306333 0.77201098 0.09198883
v 0.21161602 0.44970480 -0.12761393
v -0.10676316 0.67555964 -0.10089079
v -0.00461082 0.92862886 -0.08685953
v -0.18836878 -0.47175103 0.19644235
v 0.22725928 -0.93770295 -0.10406089
v -0.06841064 0.93058902 -0.05161121
v 0.07592691 0.93627340 -0.00564248
v -0.00750140 0.81198901 -0.11351123
v -0.07953233 0.92042375 -0.05103500
v -0.14358763 0.62348223 -0.10409681
v 0.07544485 -0.93942511 0.20445082
v -0.08423606 0.93002051 0.01337417
v -0.23609145 -0.93797976 -0.08065414
v 0.23058879 -0.91592437 -0.13681297
v -0.05728961 0.89220774 0.08213911
v 0.06213686 0.92261362 0.06974430
v -0.00390277 0.78927982 -0.11303248
v -0.14271073 -0.74025023 0.22973660
v 0.10592189 0.86745983 -0.00034754
v -0.16009854 -0.93861508 0.18459558
v -0.18068558 -0.93855006 0.16346635
v 0.09673216 0.74412245 0.03040649
v 0.27089062 0.31715021 -0.01269451
v -0.01309253 -0.01554473 -0.27358973
v 0.11802792 -0.93928987 -0.20242910
v -0.22884029 -0.90129679 0.14323685
v 0.09411941 0.89930445 0.03023854
v -0.22369911 0.32448685 -0.15143853
v 0.15927970 -0.56309247 -0.21913797
v 0.15457593 -0.93889570 -0.18263669
v 0.11269710 0.82324272 -0.01768278
v 0.11374146 -0.76510346 -0.24501006
v 0.01735545 0.91371566 0.09691921
v 0.13387734 0.69141769 -0.02657005
v -0.09853908 0.88613147 0.02566060
v 0.15512808 -0.92329133 -0.21472931
v 0.12172548 -0.93736225 -0.21904375
v -0.10248562 0.76980138 0.01781914
v -0.18521883 -0.93942404 0.12617177
v 0.15741771 0.59397644 0.11114031
v 0.09613679 -0.93580639 0.23322561
v -0.12475140 -0.77032357 0.23975641
v 0.24275012 0.46201578 0.01734051
v 0.04252989 0.72506988 -0.10454093
v -0.22085530 -0.62052965 -0.15676032
v 0.09746573 0.84790564 0.04724441
v 0.09841517 0.78201759 0.04710582
v 0.09135299 0.74375767 0.04429253
v -0.00941556 -0.93490475 -0.25634241
v -0.26319742 -0.45457366 -0.07152486
v -0.23992808 -0.82590336 0.12373743
v 0.26459774 -0.91596764 -0.04956595
v 0.10271461 0.82609046 -0.04499450
v 0.25377220 -0.93632615 0.00938953
v -0.19981295 -0.93830419 -0.14882447
v 0.04081313 0.90068525 0.09040655
v -0.06102606 0.73714483 0.08454453
v -0.04977252 0.92705429 0.07482362
v -0.10375158 0.73780423 0.00460293
v 0.24688052 -0.92798519 0.08918315
v 0.24416025 0.35502031 -0.10559132
v -0.01515277 0.72102225 0.11456837
v 0.26331341 -0.92748398 0.01879843
v -0.10782079 0.84540147 0.01994704
v 0.01733936 0.90511835 -0.09666898
v 0.05548751 -0.93861604 -0.24035642
v -0.08072308 0.82833666 -0.07729392
v -0.06861953 0.77253348 0.08056515
v -0.07660273 -0.10351901 -0.26321644
v -0.22235614 -0.93900472 -0.09099459
v 0.20934290 -0.90972966 0.16933194
v 0.26460865 -0.11608972 -0.07147343
v 0.03361316 0.75721180 -0.09354258
v -0.07757019 -0.87692344 0.25870261
v -0.12209760 0.64650732 -0.11064468
v 0.25238732 -0.92995888 0.06035499
v -0.13486880 0.36025590 -0.22916177
v 0.26280671 -0.92689848 -0.02818850
v 0.12743655 -0.92896456 -0.22795624
v 0.03480741 0.74597216 0.09399951
v -0.19072486 0.49886987 0.13148557
v 0.06552088 -0.93752307 -0.23883456
v 0.13109869 0.65683395 -0.08914474
v 0.04866082 -0.93307459 -0.25152829
v 0.24343845 -0.04225954 0.12600939
v -0.11435212 -0.89391208 -0.24402042
v -0.09581132 0.91559470 -0.01345091
v -0.21972209 -0.66567701 0.15796563
v -0.02500660 0.93854874 0.06533335
v -0.03295968 -0.92663425 0.26237452
v -0.16317572 -0.92616141 0.20773302
v -0.27252385 0.24549125 0.03147142
v 0.06200809 0.76471615 -0.08159906
v 0.11354536 0.80184495 0.01752234
v -0.05941420 0.47967252 -0.23078932
v -0.18974718 -0.63253415 -0.19419377
v 0.05126694 0.93075401 -0.06861123
v 0.13795882 0.15494592 0.23804361
v 0.16325329 -0.93745339 -0.19179690
v 0.17027310 -0.92266536 -0.20533456
v -0.11451269 -0.24803951 -0.24719931
v 0.03280096 0.57174218 0.20042190
v 0.21486878 -0.37298483 -0.16620722
v 0.00804367 0.93930447 -0.05229494
v -0.26133552 -0.83383965 0.07092362
v -0.11286698 0.70775265 -0.05419984
v -0.25307530 -0.93586230 0.01877841
v 0.00464876 0.74195796 0.10208025
v 0.13353309 -0.71436334 -0.23517109
v 0.03985503 0.90469915 -0.08919746
v 0.19119024 0.59569204 0.01423477
v -0.07703329 0.93352282 -0.02220794
v 0.24000770 -0.91796762 0.11677739
v 0.15477969 -0.71161908 0.22175625
v 0.06202150 0.85539955 0.08719788
v 0.07957766 0.92045337 0.05090639
v -0.19485423 0.56040305 0.07254882
v -0.11378521 0.79668188 0.00808350
v 0.09458160 0.89394343 -0.03462585
v 0.06895859 0.77002847 0.07920938
v 0.09951443 0.87296140 0.02894518
v 0.02580882 0.92313892 0.08821582
v -0.02950156 0.85412747 0.10299580
v 0.21029450 0.53204602 0.06436013
v -0.06406172 -0.93119603 0.24987099
v 0.10715315 -0.93867356 0.22217982
v 0.10313099 -0.93878359 -0.21847516
v 0.02395077 0.34610122 0.26638937
v -0.16923460 -0.93854356 0.18167160
v 0.09056811 0.68340695 0.10906335
v 0.14139310 -0.92242068 -0.22316042
v -0.03191531 0.74432278 -0.09603963
v 0.04410409 0.79238153 -0.10286389
v 0.19395816 -0.85804009 -0.18852709
v 0.21426779 0.25380200 0.17111495
v -0.23493533 -0.93913597 0.04304354
v 0.03538638 0.93905216 0.05285117
v -0.19521974 -0.93941754 -0.09381537
v 0.08601294 0.28545812 0.25984553
v -0.13923365 -0.93122840 0.21790826
v -0.01421090 0.73786813 0.10293499
v -0.26395255 -0.05978560 0.07472522
v 0.05663994 0.73853433 -0.08638981
v -0.17812233 -0.93524522 -0.18399972
v -0.03267090 -0.92439914 -0.26459271
v -0.20312318 -0.93047458 -0.16116862
v 0.00962147 0.82673961 -0.11266521
v -0.19256119 0.06539223 0.19594581
v 0.08456665 0.92913014 0.01163515
v -0.11040750 0.72101313 -0.03433069
v -0.02890163 0.84824622 -0.10474969
v 0.12371371 -0.87581688 -0.23955660
v -0.09516528 -0.82592732 -0.25222993
v 0.07392817 0.92989242 0.04221537
v -0.07001828 0.72196543 0.09147719
v 0.05191991 0.91951770 -0.07977974
v -0.18823712 -0.92432618 -0.18894619
v -0.11475663 0.42762130 0.22496617
v -0.19750205 -0.92822993 -0.17208757
v 0.09271174 0.20290592 -0.25825465
v -0.16467801 -0.93862641 -0.18355139
v 0.11727236 -0.91811699 0.24078158
v 0.14925921 -0.93828946 -0.19863954
v -0.23786226 -0.16890959 -0.13525411
v 0.22207564 0.50679898 -0.05846507
v 0.02856524 0.74490732 -0.09733474
v 0.04877845 0.93922800 0.03386284
v 0.15680166 -0.93717265 0.19610079
v -0.12600921 0.70447981 -0.01843318
v 0.26080513 0.38304117 0.02194536
v -0.25260210 -0.93561256 0.02817064
v -0.07389818 -0.93805593 0.23801441
v -0.12389126 -0.57630539 0.24131688
v 0.24750954 -0.88971472 -0.10589308
v 0.26585287 -0.66087741 0.05099051
v 0.15345110 0.61728942 -0.09613211
v -0.23960987 -0.21834210 -0.13141936
v 0.22277088 -0.93910772 0.05870005
v -0.15474153 -0.77817667 -0.22142714
v -0.08319432 0.78165549 -0.07078448
v 0.01080202 0.70232362 -0.12828733
v -0.03145789 -0.33602399 -0.27000263
v 0.20034327 0.01960204 0.18728885
v 0.18466392 0.53788418 -0.11597996
v 0.10896127 0.42348590 0.22854805
v 0.24319319 -0.92288136 -0.11041173
v 0.08796489 0.76337951 0.05096355
v -0.27329579 0.28729039 0.01100070
v 0.09535564 0.91705990 0.01541416
v -0.07362476 -0.68142796 -0.26134887
v 0.18205369 -0.93929821 0.14034903
v 0.07857069 0.90643299 -0.05975879
v 0.14951223 0.01485363 -0.22933552
v 0.03442680 0.76364058 0.09576143
v -0.20438425 -0.93799204 0.14430271
v -0.06261322 0.93850195 -0.01463221
v 0.21047059 0.46347138 0.12168864
v -0.26431331 -0.91684306 -0.05259315
v -0.01623236 0.81606704 0.11351274
v -0.13160659 0.69028896 -0.03890817
v -0.23710190 -0.93744886 0.08007689
v -0.02927534 0.89427900 -0.09625836
v -0.09540308 0.84166181 -0.05517517
v -0.10639575 0.79506719 0.03622013
v 0.02068914 0.15154341 0.27358130
v -0.23575990 0.45778647 0.06471298
v -0.21324962 -0.93185014 0.14549734
v 0.18641862 -0.09455882 -0.20032324
v -0.22721051 -0.93759602 -0.10698179
v -0.14820921 0.67035657 0.02344539
v 0.17531379 -0.93777090 0.18137710
v -0.26339993 0.25873247 0.07937390
v 0.15260325 -0.10690505 0.22646904
v 0.18034665 0.40084776 -0.18609938
v 0.13258550 0.38450760 0.22648063
v -0.22488427 -0.92211831 0.14177528
v -0.03012800 0.92502451 0.08404958
v -0.24804416 0.44624647 0.00293011
v 0.04764630 0.93289101 0.06795633
v 0.26414227 -0.45944667 0.06719095
v -0.26990941 -0.87525743 -0.00758862
v 0.08903688 0.92695016 0.00003194
v -0.14703180 -0.26330009 -0.22962020
v -0.13232107 0.18730943 0.24151333
v 0.07508723 -0.78359056 0.26023328
v 0.23453934 -0.47778964 -0.13800719
v -0.01523761 0.91365677 0.09606283
v -0.10641605 0.86415863 -0.00081489
v 0.03245611 -0.05168171 0.27115688
v 0.02280015 0.52705032 -0.22039583
v 0.00531241 0.73658091 -0.10435947
v 0.02350144 -0.15675125 -0.27187470
v 0.16911663 -0.33523265 0.21270487
v 0.20894939 -0.93852359 -0.13078377
v 0.20439425 0.15480529 0.18336040
v 0.20191458 -0.60264516 0.18102527
v 0.00000957 0.89816362 0.10033515
v -0.24251938 -0.88378966 -0.11778855
v -0.18724072 -0.67938119 0.19630402
v 0.20115292 -0.25272933 -0.18434729
v -0.03702490 0.70535403 0.12131159
v 0.24386227 -0.93514931 0.06745247
v -0.00025169 -0.86204541 -0.27032378
v 0.13293146 0.69234365 0.02779396
v -0.26882643 -0.91108382 -0.01646481
v -0.03747980 0.82494378 0.10581152
v 0.17521010 0.27223980 -0.21037468
v 0.09915004 -0.89105737 -0.25025371
v -0.01579010 -0.25972888 -0.27221429
v 0.20460325 -0.81976634 -0.17590347
v -0.09759267 -0.91905463 -0.24879436
v 0.09291582 0.74400651 -0.04045751
v 0.26381689 -0.92816246 0.00468266
v -0.07185300 0.71884114 -0.09261017
v 0.13977762 0.29744673 0.23461480
v 0.19513665 -0.93013817 0.17225191
v -0.23685361 -0.90949482 -0.12824307
v -0.01281422 0.32971397 -0.26941121
v -0.06810412 0.92173469 0.06404952
v -0.11799438 0.68624711 -0.07510217
v -0.26395962 0.08901298 -0.07682171
v -0.19504309 -0.42391428 -0.19030251
v 0.27438372 0.00819120 0.00356357
v 0.25000200 -0.91233659 -0.09786566
v -0.15490229 -0.34536007 -0.22365138
v -0.02170409 0.93157524 -0.08024729
v 0.10930404 0.84817576 -0.00038604
v 0.04383386 0.92201173 0.08196089
v 0.11703996 0.71866137 -0.00457619
v -0.13666153 0.14531250 0.23904859
v -0.20546366 -0.14147894 0.17987832
v -0.11185556 0.71983713 0.03403907
v -0.15200150 -0.64990205 0.22413893
v -0.00579479 0.72739249 -0.11092702
v -0.22096945 -0.93938762 0.06677318
v -0.08271541 0.77085018 0.06507485
v 0.22758177 -0.92919540 -0.12711439
v 0.18925756 -0.29957563 0.19669393
v -0.10354111 0.85320687 -0.02833257
v -0.05887842 0.91827852 -0.07653759
v -0.14524516 -0.93105716 -0.21424828
v -0.06652285 -0.89975929 -0.26186168
v 0.26264855 -0.23395012 -0.07639832
v 0.13678706 0.37140748 -0.22635663
v -0.27100009 -0.36469045 0.02265481
v 0.22952709 0.07122965 -0.14963569
v 0.07697091 0.77837139 -0.07579064
v -0.05441627 0.30637142 -0.26636371
v 0.05243202 0.75385100 0.08594438
v 0.02149998 0.79818755 0.11185275
v 0.24067158 -0.91233462 -0.12017827
v 0.24547669 -0.93328512 -0.07106544
v -0.06694625 0.93758655 -0.03307309
v 0.21448068 -0.93942916 0.07806845
v 0.02274920 -0.52383721 0.27026460
v 0.16246845 -0.93933946 0.16011022
v 0.18818276 -0.79839116 -0.19465700
v 0.09615127 0.51357347 -0.20503987
v 0.14754075 -0.89399314 0.22586666
v 0.07733894 0.75489551 0.06402721
v -0.19160880 -0.92227250 0.18474695
v -0.07904717 -0.93939680 0.21783158
v 0.00939662 -0.93639266 0.25347838
v -0.22606525 0.42502487 0.11388734
v -0.10040409 0.74130040 0.01845593
v -0.09929351 0.81536001 0.05595841
v 0.18123347 -0.89129978 -0.19991077
v -0.02167509 0.08380382 -0.27314484
v -0.04714477 0.89837563 -0.08742955
v -0.06857454 0.88533503 0.07590648
v -0.21890970 -0.93803573 0.12139162
v 0.00140358 0.87915933 -0.10384525
v -0.21821694 -0.93118423 -0.13907073
v 0.21205308 -0.93853110 0.12534679
v -0.04087630 -0.93892789 0.23943290
v 0.22867513 0.49227571 0.05087398
v -0.04673694 -0.93941253 -0.21759447
v 0.01458071 0.80388045 -0.11347950
v 0.18084763 -0.87620437 0.20037225
v -0.12872899 -0.14546210 0.24144556
v 0.19816405 -0.68719471 -0.18502873
v 0.06648617 0.70316219 0.10988136
v 0.23848310 -0.92991686 -0.10316876
v 0.07832142 0.74960041 -0.06550155
v 0.17711236 0.59307945 0.07670158
v -0.16210215 -0.93917120 -0.16504860
v -0.04973335 0.91394526 0.08196937
v 0.16542764 -0.90588492 -0.21243457
v -0.04490673 0.80173159 -0.10404036
v -0.13636929 -0.11872687 -0.23744975
v -0.08927318 0.92181444 0.02619583
v 0.26496354 -0.40747872 0.06391723
v 0.27027506 -0.71165562 0.01501012
v 0.13580975 -0.02099723 0.23837616
v -0.08728734 0.80475771 -0.07329013
v 0.26886123 -0.91220558 0.01400474
v -0.05678874 0.85881436 0.09038784
v -0.09824410 0.90661979 0.01490937
v -0.00001186 0.93328559 0.08006351
v 0.12540995 -0.93920612 0.20020983
v 0.17632373 -0.91424137 0.20297983
v -0.19247168 -0.32722482 -0.19339052
v 0.07340444 0.82490349 -0.08506046
v -0.05348666 0.93406588 0.06258219
v -0.15166186 -0.85164064 -0.22324264
v -0.09988664 0.84318990 0.04361736
v 0.06929020 -0.86298478 0.26147828
v -0.13686550 0.07083942 0.23844145
v -0.15449460 0.65210992 -0.04561151
v -0.22552173 -0.93890727 0.08925939
v -0.13830882 0.59576982 -0.13338117
v -0.12865078 -0.45939958 -0.23959500
v -0.02068455 0.82641900 -0.11132926
v 0.22023223 -0.89170247 0.15513107
v 0.05434262 0.81546617 -0.09997544
v 0.13409370 -0.23624410 0.23808405
v -0.26144385 -0.36754498 0.07810202
v 0.02792807 0.56752831 -0.20297033
v 0.12215290 -0.78537518 0.24095759
v 0.23997204 0.09461511 0.13442396
v 0.18552621 -0.92590970 -0.18938641
v 0.13143200 0.23729208 -0.24230534
v -0.08036492 0.38277537 0.24924169
v 0.09309664 0.79861647 -0.06600627
v 0.26093385 -0.89013278 -0.07028245
v -0.17301972 -0.13677920 0.21094300
v -0.20193446 0.44474006 0.14359552
v -0.06096760 0.67673081 -0.13298112
v -0.12536642 0.46873254 0.20664139
v -0.20304519 -0.93923730 0.11800849
v -0.04153280 -0.88016886 0.26608735
v 0.00458539 0.77262628 -0.10556655
v -0.14675619 -0.80763483 0.22691926
v -0.08369409 0.73801506 0.06126867
v -0.23755796 -0.34544319 -0.13394071
v -0.11393777 0.72199595 0.01416084
v -0.15584649 0.61531538 0.09415546
v -0.14386360 -0.93941629 0.17448159
v 0.23043646 0.50327736 -0.00615174
v 0.22314337 -0.93925714 -0.06531929
v 0.02382102 0.72045857 0.11352096
v 0.03609562 0.93933779 -0.03611428
v -0.15411967 -0.93848449 -0.19139412
v -0.13786720 0.60804218 0.12490586
v 0.05425362 0.84440964 -0.09526395
v -0.24915107 0.38025501 -0.08148429
v 0.20213531 -0.93847579 -0.14244947
v -0.04106728 0.92502838 -0.08105527
v 0.05282418 0.93825716 0.05106518
v 0.17873576 -0.83216512 -0.20236388
v -0.00749217 0.63148773 0.17270851
v 0.08383384 0.88279790 -0.05841817
v 0.20195223 -0.19157216 0.18386392
v 0.01868165 -0.90094990 0.26896200
v 0.22032103 0.31473669 0.15775362
v -0.21558143 -0.93828887 -0.12383223
v 0.17229390 -0.93030530 -0.19489196
v 0.09748878 -0.32947826 -0.25363046
v 0.06286497 0.93409491 -0.05268383
v 0.07160361 0.03163952 -0.26510191
v -0.19832698 0.28348354 0.18917431
v -0.10962700 -0.72333270 -0.24692872
v -0.07927594 -0.91635871 0.25548777
v -0.09385260 -0.93273652 -0.23862429
v -0.10361886 0.47812805 -0.21473092
v 0.03833844 0.74381882 -0.09307116
v -0.12087996 -0.15159705 -0.24497592
v -0.26783285 -0.83299309 -0.03090624
v -0.15775076 -0.91455466 0.21707153
v 0.23573887 -0.93450826 -0.09377866
v -0.10202069 0.86705655 0.02650747
v -0.18622541 -0.56184024 0.19778751
v 0.23562549 -0.93926454 0.00941973
v -0.13335893 0.38347495 0.22626406
v 0.13741933 -0.44208297 -0.23490787
v 0.22746305 -0.43748933 0.14890774
v -0.12750533 -0.93939137 0.19316797
v 0.10043582 0.71567577 -0.06485748
v 0.20100340 0.35457459 0.17474398
v -0.20545085 0.51479387 -0.09417747
v -0.18230326 0.53657424 -0.11980744
v -0.05827136 0.83352816 0.09521016
v 0.20505285 -0.92363971 0.16927567
v -0.00855090 0.69644821 0.13246496
v 0.01404825 0.02910697 -0.27367765
v -0.15066785 -0.59921592 0.22535788
v -0.22951643 -0.93095565 -0.11933072
v -0.09098824 -0.90852863 0.25349852
v -0.25872320 -0.91446745 0.07007196
v 0.09408759 -0.92543173 0.24684195
v 0.02449585 0.89533150 0.09742905
v -0.06833123 -0.30948028 0.26435512
v -0.26362324 -0.47310686 0.06947119
v -0.14776798 -0.93847120 0.19878130
v 0.16636111 -0.89571655 0.21157333
v -0.18463314 -0.93905324 0.14667459
v 0.21446294 -0.54804718 0.16539043
v 0.05949313 -0.32295296 -0.26572669
v -0.20290112 -0.11176912 -0.18327530
v 0.13869835 0.65543026 0.07851732
v -0.19660817 -0.81023002 -0.18583740
v -0.10327383 0.79657274 -0.04593880
v 0.08736414 -0.93932509 -0.21698526
v 0.26333663 -0.45021978 -0.07099994
v -0.26914763 -0.83244973 0.01997235
v 0.10076457 0.78401524 -0.04313248
v -0.07993449 0.70108676 0.10217953
v 0.09724611 0.91529495 -0.00899617
v 0.11809342 -0.39624590 -0.24496710
v -0.19308279 -0.02047826 -0.19457607
v 0.09257043 0.72007537 0.07023183
v 0.23244785 -0.93032444 -0.11520221
v 0.26401481 0.01102229 0.07563627
v -0.06749517 0.89623767 -0.07443713
v 0.02341387 -0.46440524 0.27049106
v -0.06428795 0.75385731 -0.07803101
v -0.25196025 -0.92608011 -0.07584006
v -0.23501633 0.48225293 0.02932626
v -0.26804912 -0.00936292 -0.05642416
v 0.03712050 -0.83412772 -0.26699504
v -0.17912027 -0.38801342 -0.20468321
v -0.17899573 -0.91677183 0.19884761
v -0.00529304 -0.79917389 0.27049676
v -0.11151443 -0.41185841 -0.24765089
v -0.16598110 -0.93912870 0.16574652
v -0.08067103 -0.93758106 -0.23680493
v 0.26720303 -0.90039337 -0.03281970
v 0.04957662 0.93937093 0.01345184
v -0.14757791 -0.48753843 0.22809593
v 0.11366386 0.79875922 -0.00619034
v -0.07181388 0.23325741 0.26601383
v 0.11255639 0.01721611 0.24925080
v -0.18785325 -0.24216041 -0.19825235
v 0.02585511 -0.93917590 0.23530582
v 0.11857183 0.70784718 0.04023697
v -0.07310987 0.84405822 0.08078742
v 0.11777113 -0.55592108 0.24428838
v -0.23779118 0.46074790 -0.05354840
v 0.20999719 -0.93942624 -0.07879424
v 0.07801668 -0.08351671 -0.26273897
v -0.26152837 -0.87873471 0.06865763
v -0.08698092 0.70186609 -0.09591780
v -0.18145138 -0.93940228 -0.12421823
v 0.15558288 -0.93888319 0.18071985
v 0.16858956 -0.44678050 0.21251439
v -0.17867263 -0.93815362 -0.17279558
v 0.25266585 -0.92395788 -0.07426676
v -0.05180704 0.75050730 -0.08737957
v 0.08761054 0.73519522 -0.05898264
v -0.12421060 -0.93855816 0.21403790
v 0.06989194 -0.93942267 -0.21157986
v -0.16628572 0.64263105 -0.01261846
v -0.11236285 -0.93866324 0.22080989
v 0.09112738 0.54078615 0.19589147
v -0.16639286 0.48618898 -0.16847080
v 0.10526589 0.84642833 -0.02828504
v 0.20098598 -0.72880584 -0.18126613
v 0.23319314 -0.88941675 -0.13504396
v -0.07766404 0.09352682 0.26374352
v -0.17708443 0.15182662 -0.20938070
v -0.22061875 -0.91561669 -0.15166238
v -0.13420027 0.10781904 0.24006984
v -0.10803517 0.61167103 0.14864139
v -0.25508183 -0.90290964 0.08760940
v -0.19346157 -0.28285563 -0.19268876
v -0.09125797 -0.01638816 0.25786182
v -0.05631723 0.00361775 0.26783004
v -0.16446590 0.59427720 -0.10078757
v 0.05555766 -0.68906671 -0.26516548
v -0.26391244 -0.70078629 -0.06242447
v 0.02396652 -0.92672801 -0.26388007
v 0.17361060 -0.05903690 0.21083048
v -0.09969249 0.73766571 -0.03142587
v -0.00580006 -0.64628714 -0.27141893
v 0.01837550 -0.60111052 -0.27052876
v -0.10686426 -0.93885618 -0.22037818
v -0.22467022 -0.80587190 -0.15013209
v 0.24609710 0.42590314 -0.05888786
v 0.02647685 0.08431958 0.27259865
v -0.22431123 -0.31181937 -0.15427686
v 0.07599690 -0.91016340 -0.25873151
v -0.27071777 -0.79066122 -0.00035315
v 0.17785670 0.22731365 -0.20919502
v -0.09645545 0.91812658 0.00534967
v -0.20770873 0.55695248 0.02766255
v -0.06638040 0.77658015 -0.08445023
v -0.13553055 -0.68832695 0.23444749
v -0.07440839 -0.15004809 -0.26361492
v -0.26414776 0.09865636 0.07640772
v -0.03253745 -0.93478334 0.25334600
v -0.17363958 -0.05755764 -0.21087725
v 0.02398392 0.36489537 -0.26372615
v 0.08884154 0.85274196 -0.06138860
v -0.26302692 -0.50963360 -0.07115456
v -0.13660119 0.06607009 -0.23855229
v -0.07264853 0.90332711 0.06783976
v -0.14449759 -0.30917892 0.23097330
v 0.20703587 -0.93077093 -0.15536098
v -0.08111435 0.88549328 -0.06111803
v -0.11737093 -0.77923536 -0.24328823
v 0.08524988 -0.64989078 0.25723651
v 0.25286591 -0.93472719 0.03758728
v 0.14915788 -0.79593992 -0.22538251
v 0.25576007 -0.91561121 0.08001818
v 0.01391166 0.51029950 0.22760731
v 0.06642921 -0.34887862 0.26465371
v -0.07824352 0.14058524 0.26374024
v 0.05796170 -0.90199602 -0.26365063
v 0.02724469 0.60640609 -0.18461609
v 0.04944789 0.73749596 0.09242443
v -0.04907165 0.73534870 0.09407725
v 0.19455166 0.57870233 -0.04619885
v -0.07345726 0.59540802 0.17733407
v -0.07437958 0.33728951 0.25866261
v 0.18928415 0.03552519 -0.19853257
v -0.07216074 0.87326181 -0.07541790
v -0.24416025 -0.01242187 -0.12460542
v -0.07833096 -0.26214921 0.26188400
v 0.05989217 0.90586579 0.07860126
v 0.03242528 -0.45147818 -0.26937437
v -0.08332236 0.81647277 0.07711181
v -0.05024827 0.93914223 -0.03374076
v -0.19911802 0.57897311 -0.01434530
v 0.11351267 0.23400809 0.24991369
v 0.24243596 0.34037709 0.11478971
v -0.27013758 -0.26696202 0.03299110
v -0.18828970 0.30870625 -0.19666165
v -0.08989319 0.88887590 0.04588524
v 0.06573970 -0.87020838 -0.26229879
v -0.02661312 -0.54396528 0.26969960
v -0.02817589 -0.93920070 -0.23827817
v 0.21437253 -0.20297189 -0.16798928
v -0.25038841 0.41722989 -0.04520832
v -0.01412638 0.75460356 0.09898118
v -0.03276465 0.72846943 0.10560645
v -0.19610542 -0.84643430 -0.18621936
v 0.14159623 0.20662442 0.23586586
v 0.19216029 -0.92828745 -0.17834434
v -0.06714708 0.93837065 0.02141083
v 0.15566742 -0.92827487 0.21069910
v 0.04423949 0.76008338 0.09053385
v -0.00783008 -0.89817184 0.26973808
v 0.01479527 -0.85142159 0.26956820
v 0.19989124 -0.15333188 0.18647255
v 0.27119210 -0.61562997 -0.00997475
v 0.03106576 0.28243431 0.27145168
v -0.05116748 -0.93861413 -0.24168251
v -0.05582620 0.93831700 -0.05080189
v 0.11592261 -0.67513031 -0.24452013
v -0.00715243 0.89671850 -0.10051875
v 0.17751533 0.11379428 -0.20880890
v 0.01936340 0.69430161 0.13302013
v -0.14034177 -0.93870485 -0.20309921
v 0.05086191 0.65689707 -0.14998075
v 0.19746783 -0.93720299 0.15774845
v -0.08712324 -0.88828045 -0.25503722
v 0.27341607 0.07888383 -0.01832340
v 0.10268793 0.69510972 -0.08668213
v -0.21182631 0.22675024 -0.17461255
v 0.03295326 -0.93417549 -0.25360778
v -0.07395894 -0.51069218 0.26213562
v 0.09183768 -0.93917429 0.21628086
v -0.26381126 -0.92817098 -0.00465776
v 0.26933897 -0.83314991 0.01759747
v 0.04203748 -0.92318308 -0.26400054
v 0.27092716 -0.75789005 -0.00236458
v -0.07364182 -0.45880485 -0.26245856
v -0.00621784 0.55097544 0.21200775
v -0.18372142 -0.93909013 -0.14531733
v -0.20171064 0.17810856 -0.18676832
v -0.05550895 0.66030896 0.14603636
v 0.20206060 -0.89044988 0.17847021
v 0.27187365 -0.24317701 0.02014335
v -0.15185586 -0.64194572 -0.22427881
v -0.01191756 -0.62567186 0.27102780
v 0.01809418 -0.21360967 -0.27225503
v -0.02347838 -0.93930286 0.23560543
v -0.14025800 0.46581408 -0.19716199
v 0.11515924 0.33257037 -0.24313392
v 0.11901461 -0.91176641 -0.24092877
v -0.03265298 0.93786871 -0.06713922
v 0.27109638 -0.66656721 -0.00897744
v 0.25846285 -0.91967893 0.06203461
v -0.20865600 -0.93897665 -0.10909985
v 0.11872254 -0.81647944 -0.24242213
v -0.20588286 -0.06460237 0.17996748
v 0.25891119 -0.49558926 -0.08313046
v 0.06685170 0.83381271 0.08854017
v 0.21914616 -0.93793887 -0.12150160
v -0.12039690 0.68853062 0.06834246
v 0.00238246 0.76472604 0.10209311
v -0.24583530 -0.87637097 0.11039542
v -0.17416520 0.59381127 0.08348652
v 0.15166898 0.66748095 0.00568031
v -0.04758009 0.78172529 -0.09815259
v 0.27236304 -0.30749667 0.01324353
v -0.12139270 -0.20775931 0.24445169
v -0.01575641 -0.81941247 -0.26969007
v 0.07040595 -0.37381807 -0.26377088
v 0.04547057 0.86779952 -0.09453439
v 0.26232186 -0.09743243 0.07918604
v 0.05438029 0.60999030 0.17641635
v -0.15422367 0.64083970 0.06646413
v 0.17500328 -0.33285981 -0.20818301
v 0.13644637 -0.31581181 0.23626719
v 0.14290303 -0.36663896 0.23169202
v -0.08297630 0.90455794 -0.05288781
v -0.23513703 -0.93935692 0.02395341
v 0.07265826 -0.79595637 -0.26093978
v -0.17904045 0.31327078 0.20380041
v 0.26140448 -0.34980619 -0.07847039
v 0.06471276 0.54279232 -0.20574056
v 0.19903949 0.10276112 0.18938196
v -0.05441714 0.42715907 0.24691913
v 0.04362542 0.72423053 0.10486832
v 0.24198499 -0.11433556 -0.12799729
v -0.10123994 0.33002660 -0.24937433
v 0.22512646 0.38146517 0.13587290
v -0.19140252 -0.50774550 -0.19349582
v -0.21823677 -0.48217741 0.16105486
v 0.00014306 -0.93930459 -0.23828578
v 0.18913247 0.27735409 0.19864134
v -0.14326392 -0.91491735 0.22584112
v 0.13486736 -0.93940485 -0.18458179
v -0.27358717 -0.13942970 -0.00639004
v 0.22635189 -0.76982790 0.14799441
v -0.06418438 0.68855572 0.12243473
v 0.18562777 0.60603851 -0.01981892
v 0.08551601 0.91257405 -0.04452252
v 0.10634361 0.77743632 0.01559809
v -0.13037752 0.69280928 0.03820373
v 0.24241143 0.24298921 0.13111475
v -0.24037820 0.13997573 0.13400088
v 0.22845623 -0.30854374 0.14851321
v -0.27226084 -0.49199972 -0.00069337
v -0.21738495 0.47212559 -0.10160416
v -0.09901574 0.75422382 -0.01381823
v -0.13407934 0.64051443 0.10137208
v -0.23988000 0.18711856 -0.13557845
v -0.24507451 -0.61334372 -0.11541571
v -0.13346004 -0.93937755 -0.18044513
v -0.06997340 -0.59245676 0.26288387
v 0.20252918 -0.41253960 -0.18156318
v -0.24747540 0.41336218 0.06589945
v 0.24075443 0.26235908 -0.13335937
v -0.04491480 0.62417287 0.17137602
v -0.10080747 0.73615706 0.03175198
v -0.12328188 0.66710585 0.08961667
v 0.26448449 0.33984491 0.04616636
v 0.04476209 0.86295670 0.09591789
v -0.09427688 0.78948742 0.06183796
v 0.19303361 -0.17194574 -0.19383121
v -0.13284671 0.54433650 0.16851331
v 0.13230732 0.28029329 -0.24013802
v 0.09854255 0.64820987 0.13062604
v -0.15742666 -0.88866866 0.21848045
v 0.20206171 -0.05179351 -0.18469699
v -0.16206171 0.03092494 0.22021896
v 0.00353704 -0.58001256 0.27160111
v -0.18235761 -0.87013274 -0.19924286
v -0.06481963 -0.72262323 -0.26329127
v 0.24510705 -0.74530828 0.11376186
v -0.26438430 -0.00473229 0.07413649
v -0.07148736 0.42487541 -0.24315640
v -0.18154167 0.42459130 0.17682667
v -0.01160443 -0.02577505 0.27365553
v 0.21176697 0.06475997 0.17341112
v -0.14723729 -0.41491318 -0.22866467
v -0.05964899 -0.93846148 0.23827881
v 0.10523073 -0.88984877 0.24776240
v -0.22483863 -0.89384049 -0.14910741
v -0.13274251 -0.40171897 0.23780216
v -0.14723471 -0.58829272 -0.22781785
v -0.08168835 0.91161281 0.05303411
v -0.06366922 0.61071235 -0.17283148
v -0.23696426 0.28860450 0.13744609
v -0.19048785 -0.64152563 0.19350575
v -0.24720144 0.33328861 0.10561715
v 0.13472047 -0.48797831 -0.23622744
v 0.13568194 -0.02697134 -0.23834175
v 0.07696456 -0.59876269 -0.26063758
v 0.11995874 0.53682655 -0.18210705
v -0.07630485 0.85090476 -0.07643934
v 0.10515389 0.73523313 -0.00452033
v -0.23646717 0.05420537 0.14016686
v -0.01968936 0.11719340 0.27361390
v 0.02377758 -0.76317823 0.26906335
v -0.23823310 -0.48359585 -0.13153265
v 0.00148313 0.87122881 0.10523281
v 0.06652915 0.93835604 0.02517600
v 0.10620334 -0.91807264 -0.24678281
v 0.02620834 0.88241160 -0.09839273
v -0.24044582 -0.57923806 0.12569688
v 0.13325015 -0.22555402 -0.23857810
v -0.11211250 -0.86643928 0.24517064
v -0.26282603 -0.69286495 0.06834462
v 0.20863973 -0.03274667 0.17681247
v 0.10695533 0.77627027 -0.00784173
v 0.12779474 0.68332994 0.06172629
v -0.26403379 0.30650842 0.06882849
v -0.13425925 0.15402529 -0.24027999
v -0.20861468 -0.91553748 0.16975565
v -0.21294837 0.46605581 0.11513753
v -0.22553186 0.33101043 0.14756285
v -0.26032150 -0.65829605 -0.07724531
v 0.03017241 -0.09915136 -0.27127379
v 0.14148949 0.25492999 0.23590025
v 0.06759389 0.23697498 0.26685742
v -0.17746817 0.43922153 -0.17606945
v -0.12400410 -0.19534597 -0.24336699
v -0.20441040 -0.01877670 0.18208353
v 0.02205166 0.82678950 0.11087506
v -0.18407720 0.21460116 -0.20415565
v 0.15284377 0.32264119 -0.22290626
v -0.25571314 -0.92362231 -0.06368864
v -0.26270360 -0.16243619 -0.07734653
v 0.19224383 -0.78279072 0.19096950
v 0.23962165 0.14511967 0.13558695
v 0.02104556 -0.78524625 -0.26925978
v 0.07618517 -0.53148735 0.26123190
v -0.13014932 0.66181296 -0.08519845
v -0.24182004 -0.64338350 0.12203623
v 0.12839510 -0.17863601 -0.24136506
v 0.19796136 0.07570694 -0.19010964
v -0.10880589 -0.93941092 0.20172359
v 0.14511721 -0.47972071 0.22970262
v -0.14669174 -0.02648112 -0.23102905
v 0.26336545 0.18536516 0.07974837
v -0.23932752 0.14089525 -0.13601884
v -0.23528285 -0.93933380 0.00047260
v -0.02227144 0.79565138 0.11120757
v -0.14257590 0.66479456 0.05726429
v 0.08069630 -0.03356035 0.26206985
v 0.18607605 -0.37451404 -0.19891833
v -0.05957031 -0.93940908 0.21973197
v -0.24741490 -0.91643018 -0.10544602
v 0.19144772 -0.52629298 0.19320747
v -0.14420161 0.27311489 0.23356128
v 0.27239868 -0.43801180 -0.00141576
v 0.22980645 0.46366018 -0.07835649
v 0.19012888 -0.93882036 -0.14785457
v 0.25341234 -0.92919147 -0.05951993
v -0.09476887 0.75803089 -0.03141191
v 0.26146036 -0.70285308 0.07279183
v 0.14065324 -0.30888548 -0.23367529
v 0.18953942 -0.29192171 -0.19643924
v 0.23516129 -0.93911487 0.03313484
v 0.14667188 0.42388272 0.20612794
v -0.23441698 -0.93884242 -0.05172671
v -0.15700781 -0.93941808 -0.14610283
v 0.07672442 -0.02308302 -0.26348901
v -0.21787016 -0.93889886 0.10090793
v 0.26417804 -0.06607079 -0.07407073
v 0.01190463 0.12306891 -0.27430484
v 0.15459484 0.08818055 0.22607327
v 0.04342394 0.82950467 0.10276521
v -0.17449044 -0.40144971 0.20824702
v -0.13517730 0.11251452 -0.23960839
v -0.20317103 -0.93941730 0.09719240
v 0.22750987 -0.35468099 0.14942108
v -0.14130513 0.26659921 -0.23569004
v -0.09942894 0.72731781 0.05109434
v 0.10031951 0.86984652 -0.03090580
v 0.08292525 0.08211587 -0.26170191
v -0.20712358 -0.66997653 -0.17385580
v 0.15293857 0.52045053 0.16402468
v -0.03257024 0.15266995 -0.27207485
v 0.09962764 0.59529006 -0.16467559
v 0.06963493 0.42981416 -0.24239029
v 0.04021591 -0.93941259 -0.22166087
v 0.01583081 0.60463327 0.18674077
v 0.27377146 -0.05043247 -0.01019219
v -0.08561432 -0.50242424 -0.25791579
v 0.23677619 -0.33737135 -0.13536289
v -0.13216944 0.23278867 0.24205215
v -0.22255427 0.50564659 -0.05746151
v -0.22311607 0.52053642 0.01962885
v -0.27286917 0.17587563 -0.02745671
v 0.12917216 -0.58805341 -0.23852575
v -0.13833170 -0.35639784 0.23486042
v 0.08854006 0.87735432 0.05176476
v 0.26444355 -0.01745611 -0.07397502
v -0.19862697 -0.93874693 0.13708992
v -0.20030476 -0.36461985 -0.18457805
v 0.27149290 -0.17617026 0.02569732
v 0.14341760 -0.91286546 0.22799316
v -0.13319963 0.69557774 0.00800924
v 0.23376670 0.44745833 0.08006611
v -0.24386036 -0.18944941 0.12311612
v 0.26501268 0.12652344 0.07390894
v 0.15285954 0.56318527 0.13991056
v 0.27115160 -0.26383820 -0.02533227
v -0.15091214 -0.22778213 0.22709480
v -0.18637052 0.39412880 -0.18199262
v -0.16782609 -0.46501231 -0.21304822
v 0.17680468 0.37004945 0.19639167
v -0.08827738 0.28241047 -0.25903177
v -0.07442885 -0.05661526 -0.26404861
v 0.26630777 -0.54904211 0.05092997
v -0.23850602 -0.07228526 -0.13521940
v 0.22878590 -0.80883008 -0.14377369
v -0.18443371 0.61004889 0.00821985
v 0.23520316 -0.61811924 -0.13564642
v -0.27146554 -0.64959228 -0.00544131
v -0.23287250 0.49325389 -0.01699343
v -0.16554010 -0.54115713 -0.21435080
v 0.12520654 0.41389710 -0.22358681
v 0.10801248 0.46405831 0.21709886
v 0.18082288 0.44452095 0.17051686
v 0.18110247 -0.38143474 0.20302729
v 0.18407749 0.15754497 -0.20383465
v -0.20510441 -0.89159048 -0.17476198
v 0.03971401 0.70635968 -0.11980016
v -0.11275455 0.82910991 -0.00249397
v 0.07937830 0.07025618 0.26300019
v -0.14942823 -0.53974706 0.22653608
v -0.02078025 0.05895851 0.27317327
v 0.19391261 -0.93936795 -0.12725970
v 0.14805031 -0.52629596 0.22754885
v -0.04485665 0.93863410 0.05316427
v -0.08367702 0.68194276 -0.11557428
v -0.18144213 0.10293853 -0.20566894
v -0.23637342 -0.28679708 0.13668622
v -0.26317546 -0.92718160 -0.02341086
v -0.02647968 0.65805084 0.15529111
v 0.24069254 0.46493298 -0.02742832
v 0.02701953 0.77181739 -0.10139512
v -0.07939102 -0.91620368 -0.25519422
v 0.04322240 0.79737544 0.10426287
v -0.11931027 -0.93071914 0.22977567
v 0.26700565 0.02935027 -0.06380285
v 0.11496036 0.01277857 -0.24825433
v -0.05415251 0.93899095 0.03644327
v 0.23644303 -0.38980195 0.13534395
v -0.14876929 -0.17953537 0.22888491
v -0.02788516 -0.33569381 0.27052164
v 0.16426292 -0.61463541 -0.21500605
v 0.23393875 -0.58230811 0.13771239
v 0.11051918 -0.35338047 0.24830475
v -0.21664199 0.51817679 0.06120869
v 0.09134094 -0.59847897 0.25487432
v 0.11347474 0.72039199 -0.02477028
v -0.10512016 0.59399664 -0.16198498
v 0.18885466 -0.11208927 0.19797567
v -0.03118595 0.75612175 0.09464583
v 0.24541277 -0.92758256 -0.09389643
v -0.15055403 0.42812723 0.20188446
v -0.01506986 -0.08026530 0.27320343
v 0.26545414 0.08164270 -0.07103043
v -0.05085739 0.87590742 -0.09019046
v 0.16459003 0.06887808 -0.21847422
v -0.09514664 0.52216858 -0.20204706
v -0.20010024 0.35445401 -0.17602457
v 0.02387865 -0.12186468 0.27196464
v -0.23461194 -0.74526721 0.13471343
v -0.14074235 0.30812886 -0.23285069
v -0.25161171 -0.93518990 -0.04013815
v 0.09022472 0.82454979 -0.06756891
v 0.07176424 -0.64654797 -0.26214001
v 0.19752297 -0.64831150 0.18586618
v -0.18767200 -0.90193844 -0.19451131
v -0.20433572 -0.33754820 0.17985994
v -0.08166748 -0.67383862 0.25857499
v -0.20526682 0.02320701 -0.18131340
v 0.15021287 0.02089665 0.22887246
v 0.02204927 0.73618728 -0.10273615
v -0.14839509 0.40697551 -0.20952807
v -0.07857220 0.04564765 0.26318681
v 0.20259523 -0.63066703 -0.18004118
v -0.07584524 -0.76411897 -0.26007447
v 0.21519810 -0.10287538 -0.16774417
v -0.25380993 -0.91243070 -0.08913855
v 0.23986819 0.04599937 0.13405034
v -0.19719154 -0.85551238 0.18491738
v 0.17787701 0.44143251 -0.17497754
v 0.05782121 0.49464282 -0.22638743
v 0.07046804 0.68429112 -0.12258540
v -0.19177145 -0.93657482 0.16278440
v -0.13453278 0.01913477 -0.23928763
v -0.26950607 -0.74301267 -0.02061745
v 0.08076543 0.28414917 -0.26202527
v 0.06962299 0.32488626 0.26178202
v 0.08665124 -0.90250498 0.25545377
v -0.09317482 0.87897182 -0.04329832
v 0.02732401 0.64015913 0.16602473
v -0.19960845 0.02545747 0.18817818
v -0.08021444 -0.32835722 -0.26091558
v 0.12972790 0.68017846 -0.06277492
v -0.13485965 -0.05642128 0.23870856
v 0.06054426 -0.18357944 0.26629624
v -0.16776559 -0.84798092 0.21082705
v -0.23693837 -0.09844859 0.13770437
v 0.15424077 -0.75960881 0.22189866
v -0.23572694 -0.66361910 -0.13356677
v -0.17354967 -0.81894368 -0.20647211
v -0.19446661 -0.71493876 0.18875577
v 0.02226027 0.41176558 -0.25485545
v -0.02535565 0.73070598 -0.10622811
v -0.22418693 -0.75701743 -0.15128049
v -0.07443295 0.11340716 -0.26476479
v 0.15180191 -0.39738035 -0.22554575
v -0.14748396 0.19275366 -0.23160990
v -0.18079963 -0.67309469 -0.20162606
v 0.24016936 -0.73877484 -0.12432574
v -0.14775039 -0.21860552 -0.22936542
v 0.21090224 -0.92815578 0.15549994
v -0.22719316 -0.57463795 -0.14828728
v -0.18832350 -0.51485258 0.19627096
v 0.20133340 -0.45795739 -0.18273625
v 0.15015960 -0.57304114 0.22586150
v -0.06923896 0.91925895 -0.06573194
v -0.02656168 0.77306056 0.10194536
v 0.12084729 -0.10725510 0.24523379
v -0.23731078 -0.14823499 0.13653888
v -0.00029699 -0.93919879 0.23713499
v -0.18899819 -0.60561061 0.19507132
v 0.02193237 -0.24173191 0.27165046
v 0.24976173 -0.41801339 0.10628063
v -0.19042277 -0.17995574 0.19620438
v -0.18512404 0.23961054 0.20333046
v 0.23703161 -0.22500683 0.13624184
v 0.19088134 -0.00894220 -0.19688426
v 0.16792876 -0.25318778 -0.21412657
v 0.23918624 -0.53106475 0.12864766
v -0.21626109 0.16408575 0.16826339
v 0.21337698 -0.93899649 0.10363610
v 0.21554279 0.16666843 -0.16921774
v -0.21648090 0.39965528 0.14190543
v 0.00444356 -0.38495794 -0.27258772
v 0.03035546 -0.04091940 -0.27149594
v -0.07793944 -0.10668163 0.26275393
v 0.07637946 -0.08870920 0.26330060
v -0.22341141 -0.02735119 -0.15738279
v -0.07943176 0.18789548 0.26351780
v -0.23827010 0.00963282 0.13666028
v 0.20247844 0.54379237 -0.07246003
v 0.10696428 0.69111186 0.08497503
v 0.23712607 -0.17809847 0.13673231
v -0.01233427 0.49690986 -0.23230864
v 0.18731423 0.40517908 0.17732491
v -0.05047138 -0.38922361 0.26702228
v 0.18731658 0.55597532 0.09535779
v -0.01745874 -0.12575701 -0.27270076
v -0.20160004 -0.06751382 -0.18511821
v 0.21725820 -0.84529996 0.15963013
v 0.17249463 0.61678994 -0.05511859
v 0.20380294 0.28050548 -0.18277633
v -0.16318555 -0.93402565 0.19714670
v -0.24427234 -0.77477401 -0.11529961
v 0.06286173 0.58634859 -0.18602452
v 0.24872893 0.42533109 0.04387082
v 0.02620119 0.46205422 -0.24185918
v -0.26530835 0.20131797 0.07393667
v 0.06869391 0.75480688 0.07333124
v -0.20373212 -0.25534034 0.18126236
v -0.19809383 -0.93730086 0.15146644
v -0.20346792 0.44941837 -0.13984393
v -0.11596117 0.19368920 -0.24874046
v -0.07472949 0.28526095 0.26399830
v 0.06294466 -0.56925279 0.26432607
v -0.24185207 -0.46500003 0.12408747
v -0.09203187 0.74176955 -0.04381506
v 0.06377982 0.93832719 -0.03507286
v -0.18944697 -0.59176308 -0.19479820
v 0.08364124 -0.28119966 -0.25974452
v -0.14905718 0.64091021 -0.07717327
v -0.03844603 0.03385887 -0.27065378
v 0.17975084 0.58289188 -0.08294749
v -0.18957637 0.26290816 -0.19899489
v -0.15726259 0.53092813 -0.15457112
v -0.01797346 0.25794071 0.27397314
v -0.19741131 -0.55168903 -0.18670847
v -0.26437297 0.27117798 -0.07526759
v -0.00513937 0.93864560 0.06278694
v 0.07043035 -0.41778281 -0.26353538
v 0.16962563 -0.04850536 -0.21400112
v 0.13606825 0.45016512 -0.20589966
v -0.07586439 0.79273438 0.08323093
v 0.10304146 0.67060310 -0.10951850
v 0.24127646 -0.19892654 -0.12842691
v 0.23486112 -0.66348481 -0.13570318
v 0.21858926 0.53166085 0.02130338
v -0.01458034 0.46905750 0.24099796
v 0.17149958 -0.15752414 0.21190421
v 0.26098102 -0.50973636 0.07738406
v 0.19676688 -0.47656804 0.18785271
v -0.01300080 0.59598589 -0.19131465
v -0.18312702 -0.14744081 -0.20276532
v -0.19507486 -0.43298438 0.19001150
v 0.27428758 0.27485621 0.00888172
v 0.13287468 0.16994728 -0.24127117
v 0.16693093 0.48507130 0.16839844
v 0.25745362 -0.88771462 0.08074675
v 0.03428445 0.08142013 -0.27160254
v 0.23811093 -0.06495211 -0.13602525
v -0.25570932 0.36329764 0.06964591
v -0.07283953 -0.37414604 -0.26313692
v 0.26566142 0.20215097 -0.07267857
v -0.26302153 -0.39941528 -0.07274929
v 0.27282101 -0.09985878 0.01860492
v -0.10058770 0.87982845 -0.01992286
v 0.23964296 0.19667383 0.13608095
v 0.09175599 -0.82819849 0.25357491
v -0.24703532 -0.78339654 0.10864895
v -0.11041098 -0.31218410 0.24857353
v 0.13848336 -0.65343750 0.23301378
v 0.17763731 0.18018378 0.20910017
v 0.11319129 0.82479286 0.00556788
v -0.19359745 -0.10294800 0.19379778
v 0.10540207 0.85131186 0.02243700
v 0.04124456 0.67029363 0.14426464
v 0.13410373 -0.53221357 -0.23606606
v 0.20531040 0.56649745 -0.00214938
v -0.26268911 0.36920083 -0.02664538
v -0.13946010 0.34230983 0.22926123
v -0.07535829 -0.05729631 0.26380664
v 0.20310505 -0.33143377 -0.18140417
v -0.08450074 -0.36001050 0.25906315
v -0.17643312 -0.91303420 -0.20325017
v -0.17713733 -0.92993355 0.19138595
v -0.02235905 0.70631856 -0.12420178
v -0.06847186 0.80550098 -0.09169874
v 0.09500675 0.56415218 -0.18340404
v 0.12724137 0.49174953 -0.19660060
v -0.22693458 -0.52177083 -0.14915717
v -0.20528963 0.13082220 -0.18210182
v 0.02027250 -0.71255815 0.26976895
v -0.24656829 -0.55297738 -0.11253969
v 0.18375358 0.05548702 0.20345029
v 0.13075136 0.05651792 -0.24155675
v 0.13261402 0.60036016 -0.13611397
v 0.24867752 0.07372893 -0.11469491
v -0.18909955 0.49652389 -0.13503794
v -0.02537415 -0.20996632 0.27139488
v -0.02094646 0.88106388 0.10009555
v -0.19485126 -0.79048204 0.18801688
v 0.23677699 -0.08360264 0.13803485
v -0.09065150 -0.93926901 -0.21948592
v 0.01207440 -0.73319119 -0.27045378
v -0.05076382 0.56061101 0.20188053
v -0.13774762 -0.81505096 -0.23230153
v 0.07007410 0.85195011 -0.08167955
v 0.08535060 0.90582085 0.04765674
v 0.26920965 -0.91254628 -0.00475755
v 0.24375284 -0.68421185 0.11750880
v -0.18727383 -0.82025445 0.19531956
v 0.20219637 -0.22971681 0.18332610
v 0.17636418 0.13024989 0.20991851
v -0.06237913 0.83377022 -0.09209290
v 0.21392523 0.54111964 -0.02837081
v -0.06984273 0.24318464 -0.26642284
v -0.26385644 -0.21247594 0.07275613
v -0.12112784 -0.85563600 -0.24100381
v 0.19905514 -0.93562615 -0.15661724
v -0.21590738 -0.91795933 0.15639390
v -0.26968575 0.31127489 -0.02820592
v -0.26283842 -0.58574533 0.07033253
v -0.07185534 -0.63495290 0.26212177
v -0.18034329 -0.93743265 0.17685169
v -0.27162784 -0.09760480 0.02738949
v -0.12055486 -0.51672071 0.24319111
v -0.07453863 -0.75838381 0.26060024
v -0.19133705 0.58861399 0.03966833
v 0.06815241 0.01796250 0.26577485
v -0.01680932 0.55336273 -0.21033579
v 0.18279117 0.60395086 0.04275393
v -0.16675071 -0.71875232 0.21234523
v 0.12646562 0.54382008 0.17378664
v -0.18123576 -0.36333802 0.20311663
v 0.02505065 0.87246424 0.10131460
v -0.02255761 0.37470925 0.26236317
v 0.07416184 -0.48707813 0.26215309
v 0.05022284 0.93847996 -0.05535217
v 0.14784832 -0.75321001 -0.22650455
v 0.00794659 -0.17786381 0.27313384
v 0.27506623 0.23044631 -0.00982449
v -0.07610735 -0.21567655 0.26276347
v -0.08800801 0.62728822 -0.15195487
v -0.10057822 -0.93942219 -0.18739596
v 0.15240340 -0.93941456 -0.16639797
v -0.24020410 -0.51915658 0.12684651
v -0.12895830 -0.36527681 -0.24000800
v 0.07243255 0.87422580 -0.07520878
v 0.06275108 0.80871463 0.09549803
v 0.13365620 -0.06354436 0.23932089
v -0.07707215 -0.16518594 0.26275724
v -0.23675421 -0.23541471 0.13659185
v 0.24058446 0.21554194 -0.13475879
v -0.21749456 -0.53791392 0.16186669
v 0.26210138 -0.59017003 -0.07303952
v -0.12668161 0.55944860 -0.16542761
v -0.26290852 -0.64266700 0.06907853
v -0.02376429 0.38926765 -0.25949284
v -0.23903793 -0.04177464 0.13462394
v 0.03197052 0.81627142 -0.10870083
v 0.14945009 0.66166532 0.04265379
v -0.12351587 -0.67458254 -0.24093667
v 0.15606554 -0.93262583 -0.20436415
v 0.22474854 -0.72219580 0.15069374
v -0.26421547 0.04643242 0.07550867
v 0.09214731 0.91659015 -0.02636061
v -0.23311262 -0.43893433 -0.14073387
v 0.16468303 0.57563752 -0.11578006
v 0.03484823 -0.93883872 0.24310917
v 0.07790122 0.13357306 -0.26386210
v 0.06531668 0.43381664 0.24255076
v -0.26296309 -0.05357545 -0.07803698
v -0.00848529 0.84204561 0.10980080
v -0.22175331 0.39749399 -0.13564716
v 0.26724860 -0.71653348 -0.03859488
v 0.14127570 -0.19500326 0.23373833
v -0.05087666 -0.92237419 -0.26296189
v 0.23991531 -0.84615874 0.12358172
v 0.14783767 -0.90315688 -0.22599483
v -0.27397043 -0.03861157 0.00801319
v 0.07355893 0.76171184 -0.06917626
v 0.15199733 0.64545035 -0.06492795
v -0.26096159 0.32976434 -0.07027928
v -0.24029921 0.09530713 0.13369468
v 0.12252391 -0.74004048 0.24102309
v -0.03050084 0.62845957 -0.17209674
v -0.23731324 -0.12202849 -0.13686869
v -0.21903865 -0.71471864 0.15832396
v 0.26420832 -0.35014313 0.06885724
v 0.14061718 0.56226856 -0.15302737
v 0.11813857 -0.12692565 -0.24628620
v -0.14166255 -0.74102473 -0.23042126
v 0.13382956 0.09877405 -0.24020781
v 0.08811288 -0.71636009 -0.25568134
v 0.25883049 -0.69585329 -0.08057571
v -0.26441565 -0.28337413 -0.06930485
v 0.17901179 0.52877825 0.12951696
v -0.17243026 0.61871845 0.05187058
v -0.17828229 0.61572570 -0.03398308
v -0.22415072 0.28011662 -0.15667278
v -0.22560519 -0.78451556 0.14895022
v 0.27248618 -0.37902907 0.00695608
v 0.06755015 0.70606983 -0.10692004
v -0.17199966 0.35301337 -0.20337507
v -0.23958357 0.08926614 -0.13491267
v -0.26126766 -0.74980545 -0.07242055
v -0.24126798 0.19299404 0.13304269
v 0.14383832 -0.83924419 -0.22860175
v 0.12323517 -0.69257003 0.24097538
v -0.15430908 -0.44124967 0.22352917
v -0.26360616 -0.41896409 0.07052237
v -0.26230448 -0.22654869 -0.07755669
v 0.19200437 -0.74556202 0.19141266
v -0.02116461 -0.74278045 0.26942593
v -0.22241479 -0.25711775 -0.15723008
v 0.17507945 -0.47792166 -0.20732796
v 0.09485646 0.62722975 -0.14780214
v -0.06386422 -0.92436910 -0.25558794
v -0.06815472 -0.23558186 -0.26478788
v -0.15790090 0.56643420 -0.13146324
v 0.06449158 0.64394504 0.15300320
v 0.26197457 0.31244332 -0.07456349
v -0.19047114 0.14839198 0.19812952
v 0.17227711 -0.52187878 -0.20922309
v 0.22221430 -0.67436486 0.15454036
v 0.23798202 -0.01916626 -0.13677754
v -0.06708762 0.36026573 -0.25688782
v -0.00442668 0.21477732 -0.27528995
v -0.18255830 0.38530225 0.18837936
v -0.09898166 0.81745350 -0.05597163
v 0.14451478 -0.09633511 -0.23220979
v -0.24405117 -0.39575601 -0.12011708
v 0.24046457 -0.13225196 0.13078767
v 0.26296800 -0.74965554 0.06598920
v 0.16451791 0.63161606 0.05330811
v 0.23351018 -0.57213885 -0.13897896
v -0.27103993 -0.37562907 -0.02182288
v -0.22417057 -0.61814785 0.15229422
v -0.22291985 -0.39101022 -0.15554751
v -0.25936243 -0.73879963 0.07842013
v -0.00948140 -0.69373441 -0.27093586
v 0.12720583 0.10987947 0.24361612
v -0.07219175 0.46916845 0.23027810
v 0.18787912 0.36121222 -0.18910198
v -0.08192174 -0.41958293 0.25973737
v 0.12743808 -0.93942177 0.16538116
v 0.19495507 -0.58877325 -0.18929629
v -0.16568497 0.64217341 0.02248145
v 0.26346704 -0.29720464 -0.07262374
v -0.07115227 -0.01058195 -0.26501736
v -0.06703868 -0.71401596 0.26283780
v 0.01430435 0.01935168 0.27370784
v -0.16613767 -0.77343518 0.21254161
v 0.13659397 -0.27721491 0.23656535
v 0.12638491 -0.06616570 -0.24301258
v 0.16978686 0.48238716 -0.16696940
v 0.13277280 -0.26964846 -0.23857185
v -0.23875870 -0.38627777 0.13129589
v -0.02189193 -0.26932722 0.27158761
v 0.05149149 0.53970385 0.21080583
v 0.01847181 -0.30807787 0.27180898
v 0.01322084 0.67178345 -0.14843462
v 0.27164623 -0.55555016 -0.00705888
v -0.26405197 0.14467362 -0.07729842
v -0.20699984 -0.16069201 -0.17779583
v 0.10059793 0.89114213 -0.01389283
v 0.26721910 -0.04439083 0.06032291
v 0.12092821 0.57939756 0.15859510
v -0.12172221 -0.62467271 -0.24204820
v 0.22785117 -0.81013918 0.14537178
v -0.27116826 -0.69613975 0.00222827
v -0.13745026 -0.01104167 0.23731971
v 0.15037753 -0.14110580 -0.22792298
v -0.09953980 0.67673010 0.10711998
v 0.11243062 -0.40475434 0.24731056
v -0.01692873 -0.07075596 -0.27299654
v 0.01513963 0.17045830 -0.27416340
v -0.16310461 -0.92105073 -0.21125320
v 0.19353893 -0.70495218 0.18998140
v -0.27263132 0.05488148 -0.02466368
v 0.14426571 0.19983177 -0.23427938
v -0.11257558 0.50669736 0.19990432
v 0.17581268 -0.25536400 0.20803757
v -0.26248100 -0.33948734 -0.07564420
v -0.26538432 -0.15769970 0.06743824
v -0.16320647 0.53706908 0.14443925
v 0.26489249 0.36373603 -0.01260377
v -0.12484007 0.30770174 0.24159969
v 0.10337088 -0.18732221 0.25192764
v 0.27395818 0.17243643 -0.01838350
v -0.17447382 -0.27112219 0.20895264
v -0.01562940 -0.89653391 -0.26924637
v -0.03780299 0.51214778 0.22401325
v 0.03075229 0.93831944 -0.06535867
v -0.12616168 -0.30554327 -0.24170622
v 0.01253844 0.93938565 0.04846328
v -0.18283063 -0.88794094 0.19867162
v 0.19357209 0.32151106 -0.18983130
v -0.00020773 0.85280788 -0.10849120
v 0.24390012 -0.47324032 0.11961662
v 0.15248603 -0.67151201 -0.22364026
v -0.27315766 0.14315856 0.02381566
v 0.25512972 0.41452536 -0.01399612
v -0.26304677 -0.79205632 -0.06493412
v 0.18803392 -0.93834847 -0.16061696
v -0.02322835 0.79750264 -0.11111863
v 0.00765796 -0.31890240 -0.27250379
v 0.20458162 0.11963671 -0.18282866
v 0.23757416 0.00137777 0.13760559
v -0.26405150 -0.61060095 -0.06409020
v -0.17708422 -0.01855653 0.20838235
v 0.26370996 0.07026330 0.07716747
v -0.26377246 0.14996468 0.07812566
v 0.23931585 0.40388072 -0.09437164
v 0.19113903 -0.81982523 0.19179285
v 0.19894321 -0.34009808 0.18625906
v -0.13282852 -0.07544941 -0.23972712
v -0.17354685 -0.10197008 -0.21069889
v -0.15551873 0.50448769 0.16981003
v 0.23972769 -0.38710898 -0.12945072
v 0.27253747 0.06375127 0.02591564
v -0.13885504 -0.50249368 -0.23372221
v -0.27227268 -0.08049075 -0.02283446
v 0.26949024 -0.49894184 -0.03003128
v 0.13448055 -0.15000060 0.23823507
v 0.06437480 0.33155131 -0.26215371
v -0.08788914 0.84390557 0.06478308
v 0.26990071 -0.80056447 -0.01482079
v 0.26096299 -0.83849025 0.07186392
v -0.23256712 0.37317881 0.12460846
v -0.04141990 0.93942976 -0.00817895
v 0.17282270 -0.61806822 0.20824511
v -0.21591508 0.53902310 -0.01891487
v -0.09361869 -0.58738351 -0.25407311
v -0.27406442 0.01242749 0.00968224
v 0.10414838 0.80394977 0.04512775
v -0.22482494 -0.85291910 -0.14953832
v -0.19338663 -0.77410054 -0.18975288
v 0.19756879 -0.91467649 0.18206024
v -0.02541821 0.92280936 -0.08877905
v -0.23223220 0.42726094 -0.09831361
v 0.06501295 0.93655431 0.04256603
v -0.01907082 -0.67878336 0.27003410
v -0.20937282 0.10615620 0.17671938
v 0.05380626 -0.54973227 -0.26582199
v 0.07964057 0.37814432 0.25022310
v 0.20832521 -0.93942201 0.04263180
v -0.17151652 0.56866986 0.11135720
v -0.23014054 -0.42878991 0.14541590
v 0.19482376 -0.43049926 0.19028658
v -0.27329835 0.07592054 0.01992520
v 0.18292764 -0.01393983 0.20372701
v 0.24129170 0.02713657 -0.13103810
v -0.17811625 -0.32046986 0.20579508
v 0.26636532 0.25923052 -0.06944568
v 0.22439444 0.35551995 -0.14365613
v -0.21371134 0.49598715 0.09134351
v -0.20887166 0.08143423 -0.17720017
v 0.19711132 -0.54896516 -0.18716732
v -0.26979688 -0.19036268 -0.03740390
v 0.17479011 -0.67068774 0.20642768
v 0.07575793 -0.14600053 -0.26320469
v -0.24867752 -0.93100286 0.07243988
v 0.22422965 -0.29005450 -0.15449503
v 0.05086963 -0.81695729 0.26514763
v 0.23408021 -0.52538216 -0.13835281
v 0.04665023 0.76940453 -0.09396836
v 0.05047827 -0.92295474 0.26242283
v 0.21381246 0.01710338 -0.17030714
v 0.24324150 -0.92483431 0.10541720
v 0.27010450 -0.87807775 0.00236821
v -0.11142931 0.81854999 0.02485347
v 0.25726494 -0.57604933 0.08596326
v -0.16412079 -0.93942052 0.14511122
v -0.01364038 -0.44111341 -0.27155218
v -0.07451343 0.52057809 0.21118806
v -0.01747564 0.31322950 0.27076346
v -0.08504882 0.03076335 -0.26070201
v 0.10667913 -0.93937904 0.19909266
v 0.17090422 -0.71730661 -0.20916225
v 0.20207866 0.49739322 -0.11597560
v -0.27258742 -0.24459296 -0.01336006
v -0.17444403 0.01574006 -0.21064588
v -0.26293147 -0.78754973 0.06534277
v 0.15572335 0.62296176 0.08566241
v 0.13318844 -0.61210376 0.23617280
v -0.18996973 -0.22218861 0.19645584
v -0.23786877 0.03557793 -0.13747776
v -0.00912751 0.26298514 -0.27458876
v -0.27277797 -0.31037897 -0.00724418
v 0.12618895 0.60979384 0.13552079
v -0.19836946 0.19756509 0.19045486
v 0.19244558 -0.13651791 -0.19476210
v 0.11307990 -0.93867928 -0.21984270
v -0.25797433 -0.87886626 -0.07976004
v 0.01139980 -0.50144851 -0.27150360
v 0.24499422 -0.28997394 -0.11929524
v -0.02274104 0.44343865 -0.24728300
v -0.01568813 -0.49285114 0.27117342
v 0.06067800 0.24007460 -0.26834282
v -0.21464339 0.23716931 0.17088738
v 0.25762028 0.36754328 -0.05916553
v -0.01603459 0.93844247 -0.06616020
v 0.27285939 -0.13492951 -0.01595080
v 0.26275530 -0.22431849 0.07627935
v 0.17091642 0.63441235 0.01402978
v -0.02893920 0.17621076 0.27268106
v 0.24263658 0.16875172 -0.13005948
v 0.09456624 -0.54742509 -0.25379807
v -0.11332392 0.80061167 -0.01844245
v -0.00766449 -0.55343497 -0.27161175
v 0.13720863 -0.93880630 -0.19862154
v 0.23566453 -0.43180689 -0.13670816
v 0.09989756 0.75419867 -0.00448930
v 0.26147157 -0.64225000 -0.07407328
v -0.26729137 0.34375283 0.01785634
v -0.16034469 -0.30316144 -0.21971670
v -0.24065620 -0.69658655 0.12382149
v -0.06338580 -0.79643792 0.26325947
v -0.00014882 0.78782743 0.11275654
v 0.22427341 -0.49354744 0.15295772
v 0.24820761 0.38644201 0.08119478
v 0.07307148 0.78947359 0.08438843
v 0.26440969 -0.40102717 -0.06752456
v 0.22513849 -0.93433380 0.11971121
v 0.23320921 -0.62915218 0.13852201
v 0.24231605 0.28910476 0.12698583
v 0.27206805 -0.19816609 -0.02025128
v -0.07702164 -0.47003940 0.26134422
v -0.17915483 0.10719407 0.20755771
v 0.12603782 -0.44913423 0.24099997
v -0.20860150 -0.93942183 -0.04243105
v 0.20623749 -0.26877421 0.17800516
v 0.15551826 -0.80465001 0.22067104
v 0.18664309 -0.93943465 0.11286347
v 0.22177187 -0.76664054 -0.15444079
v -0.24678998 0.29624018 -0.11582913
v 0.27241200 0.19274502 0.03136198
v 0.00078103 0.42702439 0.25271320
v 0.07097384 0.49731663 0.22152507
v 0.11224331 0.18180490 0.25015241
v 0.06590883 -0.75105572 -0.26292661
v -0.12105691 -0.63203222 0.24233796
v 0.03080451 0.39673612 0.25692689
v 0.26320010 -0.17270969 -0.07556495
v -0.12759748 -0.90475792 0.23734286
v -0.04749470 -0.59789085 -0.26662260
v -0.26116544 -0.11275446 0.08228914
v 0.20272733 0.20411433 0.18571731
v 0.26313448 -0.15820405 0.07596212
v 0.23523508 0.30871692 -0.13683116
v 0.18710065 0.31701207 0.19657966
v 0.09660783 0.82413298 0.05864966
v -0.17124741 0.46766862 0.17147984
v -0.16706654 0.61676437 -0.06956001
v 0.10637041 -0.92904305 0.23794793
v -0.26339248 -0.52934617 0.06934185
v -0.26333177 0.03482080 -0.07797886
v -0.27445748 0.20004079 0.01336822
v -0.24293740 0.23756038 -0.13016863
v -0.02321935 0.67530489 -0.14508732
v -0.13214312 -0.26531076 0.23889996
v -0.15102099 -0.70113701 -0.22462195
v -0.25860378 0.39867631 0.01477976
v -0.20518604 0.54961675 -0.05718049
v 0.26584002 -0.79208374 0.04761620
v -0.21642257 -0.82442063 0.16083527
v 0.12034366 0.50502664 0.19600770
v 0.08044371 0.38065991 -0.24956103
v 0.07731048 -0.26753265 0.26230210
v 0.07427026 -0.74051374 0.26078635
v 0.03064784 -0.66159916 0.26867738
v 0.13039432 -0.82819903 0.23620304
v -0.20672576 -0.38722977 0.17652853
v 0.26121649 -0.54427785 -0.07658883
v -0.11004425 0.64260060 0.12548466
v -0.17558026 -0.06597408 0.20929509
v -0.05388458 0.52959144 -0.21426380
v -0.23592821 0.35336518 -0.12431674
v -0.10825780 0.39271137 -0.23594439
v 0.08014153 -0.23539871 -0.26140702
v -0.07393610 -0.63828576 -0.26147977
v 0.13553835 0.13616523 -0.23956339
v -0.13060796 0.51512623 -0.18445672
v 0.26639691 0.24787563 0.07006530
v -0.04925250 0.72268039 -0.10374068
v -0.02427625 0.59183770 0.19221963
v 0.21948963 0.40394416 -0.13651602
v 0.22952965 -0.70378113 -0.14384642
v 0.12986733 0.63551283 0.11109413
v -0.10882824 -0.72105658 0.24724559
v -0.06261112 -0.85349733 -0.26310408
v -0.10878842 -0.81046242 0.24684033
v -0.24711110 -0.71501875 -0.10943346
v 0.18435974 -0.65770179 -0.19877256
v -0.27174851 -0.60194522 0.00334369
v 0.07811633 -0.14034963 0.26252404
v 0.23939019 -0.27067450 0.13141723
v 0.26348493 0.30219677 0.07243076
v 0.26286310 -0.28764212 0.07500747
v -0.22914389 -0.86439681 0.14266181
v -0.09390606 0.76757270 0.04441624
v 0.27065063 -0.34152550 -0.02653035
v -0.21048953 -0.20805965 -0.17304921
v 0.27078310 -0.49693808 0.01904982
v 0.24543081 -0.79120785 -0.11246698
v 0.02513887 0.29440832 -0.27145261
v -0.27337340 0.24378154 -0.02568817
v -0.18456005 -0.74101985 -0.19834816
v 0.15162510 0.33936912 0.22136478
v 0.27468953 0.12736057 0.00883261
v -0.24263853 -0.28103957 -0.12459163
v -0.20069018 -0.46727344 -0.18351142
v -0.08641385 0.92565376 -0.02184593
v 0.13880691 -0.35511500 -0.23453166
v -0.07314342 -0.28241357 -0.26344448
v 0.26227269 -0.79692239 -0.06767170
v 0.20080942 -0.50574875 -0.18304211
v 0.20959379 0.50240362 0.09585835
v 0.06204300 0.78092188 -0.09018329
v 0.00982477 -0.41916889 0.27207506
v -0.14181875 0.57727343 0.14244953
v 0.22344847 -0.85116857 -0.15142372
v 0.16704594 0.64019150 -0.02094192
v 0.07983802 0.65660125 -0.13726230
v -0.23666623 -0.33752552 0.13579279
v -0.26456708 -0.56101096 -0.06282352
v 0.14744049 -0.41048330 0.22856870
v 0.07489976 -0.50033414 -0.26193014
v 0.09460969 0.61702740 0.15446323
v -0.27249652 -0.43354484 -0.00002739
v -0.19526780 -0.75416625 0.18789546
v -0.13689743 -0.10204044 0.23735347
v -0.25956327 -0.26580313 0.08437952
v 0.26744449 -0.60390300 0.04121085
v -0.21149379 -0.91970706 -0.16500135
f 635 648 312
f 648 1 312
f 635 2000 648
f 646 648 103
f 103 1390 646
f 103 648 2000
f 480 650 633
f 646 480 633
f 633 1 646
f 1 648 646
f 975 312 1
f 633 975 1
f 1548 1742 480
f 1548 480 646
f 1390 1548 646
f 650 975 633
f 815 975 650
f 815 312 975
f 480 1742 29
f 480 872 650
f 480 29 872
f 1548 83 1742
f 1353 1092 734
f 49 1353 734
f 65 100 1278
f 65 1278 1386
f 65 1244 100
f 65 687 1244
f 325 49 1386
f 49 687 65
f 49 65 1386
f 325 1353 49
f 268 1353 325
f 268 1092 1353
f 1401 1265 361
f 302 946 1244
f 1401 361 946
f 302 1401 946
f 687 302 1244
f 299 1386 1278
f 299 325 1386
f 1259 268 325
f 1259 325 299
f 269 916 698
f 334 916 269
f 1265 334 269
f 50 698 559
f 50 559 502
f 50 269 698
f 50 1265 269
f 502 361 50
f 361 1265 50
f 100 946 502
f 946 361 502
f 100 1244 946
f 63 916 334
f 746 63 334
f 379 63 746
f 698 885 1113
f 698 1113 559
f 413 502 559
f 413 100 502
f 1896 1278 413
f 1278 100 413
f 299 1278 1896
f 802 323 885
f 885 63 802
f 885 916 63
f 885 698 916
f 990 2000 463
f 463 802 990
f 802 63 379
f 990 802 379
f 885 323 1113
f 559 1113 627
f 413 559 627
f 1259 299 1896
f 544 635 312
f 463 2000 635
f 463 635 544
f 463 544 323
f 463 323 802
f 544 312 1098
f 972 544 1098
f 323 544 972
f 1113 323 972
f 627 1113 972
f 1896 413 627
f 1279 312 815
f 1098 312 1279
f 972 1098 1279
f 2000 990 1200
f 1341 2000 1200
f 1801 1341 1200
f 1065 1341 1801
f 1006 1065 1801
f 930 1065 1006
f 1802 930 1006
f 1428 1802 1006
f 1390 103 1341
f 103 2000 1341
f 1189 1390 1341
f 1189 1341 1065
f 1390 83 1548
f 1189 83 1390
f 1424 1189 1065
f 1424 1065 930
f 668 1424 1802
f 1802 1424 930
f 1973 668 1802
f 1189 834 83
f 834 1189 1424
f 302 687 91
f 91 687 49
f 91 49 734
f 710 91 734
f 897 59 1859
f 897 1859 91
f 897 91 710
f 1768 59 897
f 1011 1768 897
f 1768 1011 1409
f 1409 1670 1768
f 727 334 1265
f 1859 727 1265
f 1859 1265 1401
f 1859 1401 302
f 1859 302 91
f 59 179 727
f 59 727 1859
f 1768 1478 179
f 1768 179 59
f 1478 1768 1670
f 1200 379 746
f 727 1200 746
f 746 334 727
f 727 1801 1200
f 179 1801 727
f 1006 1801 179
f 1478 1006 179
f 1478 1428 1006
f 1200 990 379
f 157 1428 39
f 1294 157 39
f 1294 39 1423
f 534 1294 1423
f 1428 1973 1802
f 1973 1428 157
f 1294 1432 157
f 585 1432 1294
f 585 1294 534
f 534 1493 585
f 1927 1973 157
f 1432 1927 157
f 585 1103 1432
f 1656 668 1973
f 1927 1656 1973
f 1103 1927 1432
f 1493 1103 585
f 1493 1202 1103
f 999 1670 1409
f 1735 999 1409
f 999 1735 1333
f 1333 1234 999
f 1774 1234 1333
f 1774 1333 1960
f 1670 1958 1478
f 999 1958 1670
f 1234 1958 999
f 1423 1958 1234
f 1423 1234 1169
f 1774 1169 1234
f 1958 1428 1478
f 39 1428 1958
f 1423 39 1958
f 1169 534 1423
f 1436 1493 534
f 1501 1436 1554
f 1977 1148 1554
f 1977 1554 1217
f 1631 1977 1217
f 1501 1493 1436
f 1148 1501 1554
f 1335 1493 1501
f 1148 1335 1501
f 1977 1324 1148
f 1202 1493 1335
f 1786 1335 1148
f 1324 1786 1148
f 1991 1774 1960
f 277 1991 1960
f 1164 1023 277
f 1023 1991 277
f 1164 539 1023
f 1995 539 1164
f 1169 1774 1991
f 1557 1169 1991
f 1023 1557 1991
f 1217 1557 1023
f 539 1217 1023
f 1436 534 1169
f 1436 1169 1557
f 1554 1436 1557
f 1217 1554 1557
f 1631 751 1977
f 751 1631 1703
f 1313 1703 864
f 1313 864 1009
f 831 1313 1009
f 950 751 1313
f 1313 751 1703
f 751 1324 1977
f 831 754 1313
f 754 950 1313
f 1197 1324 751
f 1197 751 950
f 754 1197 950
f 1611 1197 754
f 754 831 1881
f 1995 1528 539
f 1701 1528 1995
f 1701 1748 1528
f 1748 1701 1854
f 1854 1660 1748
f 1631 1217 539
f 1631 539 1696
f 1528 1696 539
f 1748 1696 1528
f 864 1696 1748
f 1976 864 1748
f 1696 1703 1631
f 864 1703 1696
f 1976 1009 864
f 1679 994 1009
f 1968 1679 666
f 653 1729 1968
f 994 831 1009
f 1679 962 994
f 1968 962 1679
f 1968 262 962
f 1729 262 1968
f 1881 831 994
f 1517 262 1729
f 994 712 1881
f 712 994 962
f 962 1434 712
f 262 1434 962
f 483 1434 262
f 483 262 1517
f 1846 1660 1854
f 1676 1660 1846
f 1824 1676 1846
f 1824 1846 454
f 1676 1824 1245
f 1824 454 1154
f 1660 1976 1748
f 1676 1976 1660
f 666 1976 1676
f 653 666 1245
f 1245 666 1676
f 1679 1009 1976
f 1679 1976 666
f 653 1968 666
f 1651 1729 653
f 928 1729 1651
f 1329 928 1651
f 1329 1473 928
f 1462 1473 1329
f 1517 1729 928
f 939 1473 1462
f 928 1782 1517
f 1473 1782 928
f 1020 1782 1473
f 1020 1473 939
f 1782 819 1517
f 819 483 1517
f 1020 1781 1782
f 939 1256 1020
f 1847 1256 939
f 1154 1245 1824
f 411 1245 1154
f 1787 411 1154
f 1636 411 1787
f 948 1636 1787
f 948 1787 1644
f 1799 948 1644
f 1245 1651 653
f 1651 1245 411
f 1329 1651 411
f 1636 1329 411
f 1046 1329 1636
f 1046 1636 948
f 1462 1329 1046
f 872 1082 1170
f 1279 815 1170
f 815 650 872
f 815 872 1170
f 1082 29 770
f 29 1742 770
f 29 1082 872
f 446 41 310
f 310 770 446
f 83 446 1742
f 446 770 1742
f 433 1082 412
f 1082 433 1170
f 2 1005 412
f 412 310 2
f 310 41 2
f 412 1082 770
f 310 412 770
f 115 2 62
f 446 62 41
f 62 2 41
f 1608 433 1005
f 433 412 1005
f 1170 433 1608
f 115 740 264
f 264 2 115
f 264 1005 2
f 1608 1005 1567
f 955 893 52
f 893 740 52
f 264 740 893
f 893 955 1567
f 1567 1005 264
f 893 1567 264
f 1357 52 740
f 955 238 78
f 1567 955 78
f 78 1608 1567
f 52 1682 238
f 238 955 52
f 771 1641 1682
f 1357 1682 52
f 1357 771 1682
f 806 238 1076
f 78 238 806
f 806 1608 78
f 221 1682 1641
f 1682 221 238
f 221 1076 238
f 1060 1076 72
f 806 1076 1060
f 239 72 634
f 72 221 1641
f 72 1641 634
f 72 1076 221
f 239 1060 72
f 15 634 1641
f 239 538 1150
f 1060 239 1150
f 806 1060 1150
f 104 110 538
f 538 239 104
f 239 634 104
f 634 1756 104
f 1756 110 104
f 972 1279 627
f 1608 1279 1170
f 1896 627 1279
f 1896 1279 1608
f 43 446 83
f 834 43 83
f 1570 834 1424
f 668 1570 1424
f 62 446 43
f 575 62 43
f 1582 575 43
f 1582 43 834
f 1570 1582 834
f 1570 642 1582
f 1029 642 1570
f 1029 1570 668
f 1656 1029 668
f 575 740 115
f 115 62 575
f 1582 1085 575
f 1085 1357 740
f 1085 740 575
f 1582 642 1085
f 642 1956 1085
f 1029 366 642
f 1399 366 1029
f 771 1357 1085
f 1085 1956 771
f 366 1956 642
f 15 1641 771
f 1956 15 771
f 1399 108 366
f 1756 634 15
f 1956 1756 15
f 732 1756 1956
f 1127 732 1956
f 1127 1956 366
f 108 1127 366
f 1103 1626 1927
f 1202 1733 1103
f 891 1029 1656
f 1927 891 1656
f 1626 891 1927
f 1103 1733 1626
f 1399 1029 891
f 1190 1399 891
f 891 679 1190
f 679 891 1626
f 1733 1946 1626
f 1946 679 1626
f 1798 1946 1733
f 1798 1911 1946
f 1190 108 1399
f 1190 1705 108
f 1705 1190 679
f 679 1003 1705
f 1003 679 1946
f 1946 1911 1003
f 1705 1568 108
f 1911 1004 1003
f 1335 113 1202
f 1786 113 1335
f 841 1786 1324
f 1202 1798 1733
f 113 1798 1202
f 1786 1302 113
f 841 1302 1786
f 113 248 1798
f 248 113 1302
f 1096 1302 841
f 248 1911 1798
f 1302 301 248
f 1096 301 1302
f 1875 1911 248
f 248 301 1875
f 1096 1839 301
f 1875 1004 1911
f 301 1860 1875
f 1839 1860 301
f 1197 841 1324
f 1759 754 1881
f 953 841 1197
f 1611 953 1197
f 1759 1611 754
f 1759 1416 1611
f 953 1096 841
f 415 1096 953
f 1526 415 953
f 1526 953 1611
f 1416 1526 1611
f 1416 671 1526
f 415 1839 1096
f 415 1458 1839
f 1526 1458 415
f 671 1458 1526
f 712 1759 1881
f 483 1239 1434
f 712 590 1759
f 1434 590 712
f 1239 590 1434
f 896 1239 483
f 590 1980 1759
f 1980 1416 1759
f 590 1683 1980
f 1239 1683 590
f 1239 324 1683
f 324 1239 896
f 1017 324 896
f 1980 671 1416
f 1683 738 1980
f 96 1683 324
f 1017 96 324
f 1980 738 671
f 96 738 1683
f 738 1771 671
f 96 1105 738
f 1781 819 1782
f 1256 1781 1020
f 819 896 483
f 1256 437 1781
f 819 558 896
f 1781 558 819
f 437 1327 1781
f 558 1017 896
f 1327 558 1781
f 437 1714 1327
f 558 1472 1017
f 1327 1740 558
f 1472 96 1017
f 1740 1472 558
f 1714 513 1327
f 513 1740 1327
f 1092 288 70
f 734 1092 70
f 288 176 76
f 76 70 288
f 145 1092 443
f 1092 268 443
f 145 288 1092
f 660 288 596
f 288 145 596
f 660 176 288
f 263 660 87
f 176 660 263
f 263 331 76
f 76 176 263
f 18 87 253
f 18 263 87
f 18 331 263
f 918 331 18
f 993 918 420
f 918 18 1827
f 918 1827 420
f 469 993 25
f 993 420 25
f 1259 145 443
f 443 268 1259
f 1137 145 1259
f 1137 660 596
f 596 145 1137
f 625 660 1137
f 87 660 625
f 253 87 625
f 18 253 66
f 1827 18 66
f 1827 66 690
f 690 420 1827
f 303 284 436
f 284 839 436
f 690 839 284
f 303 25 284
f 420 690 284
f 25 420 284
f 436 61 222
f 222 303 436
f 469 25 303
f 222 469 303
f 273 469 222
f 515 273 705
f 273 222 705
f 764 66 253
f 253 625 764
f 690 66 764
f 839 690 764
f 1281 436 839
f 61 436 1281
f 222 61 800
f 21 800 356
f 21 356 696
f 222 800 21
f 696 705 21
f 705 222 21
f 625 1137 764
f 1288 839 764
f 1281 839 1288
f 859 1281 1288
f 859 800 61
f 61 1281 859
f 356 800 859
f 356 859 1312
f 684 356 1312
f 696 356 684
f 859 1288 528
f 1312 859 528
f 925 1312 528
f 1137 1259 1896
f 1838 925 528
f 1584 515 705
f 705 696 1584
f 127 1485 1407
f 684 1312 1485
f 127 696 1485
f 696 684 1485
f 127 1584 696
f 281 127 1407
f 1231 1584 127
f 281 1231 127
f 481 1231 790
f 1231 281 790
f 510 1407 1485
f 1485 1312 925
f 510 1485 925
f 1588 1407 510
f 281 1407 1588
f 1549 1588 618
f 281 1588 1549
f 790 281 1549
f 951 790 1549
f 951 481 790
f 951 580 438
f 954 510 925
f 954 925 1838
f 509 618 954
f 618 1588 510
f 618 510 954
f 1477 618 509
f 1549 618 1477
f 580 1549 1477
f 951 1549 580
f 438 580 898
f 453 710 70
f 710 734 70
f 70 76 453
f 453 76 331
f 970 453 331
f 934 710 453
f 594 453 970
f 594 934 453
f 897 710 934
f 1011 897 934
f 934 594 1848
f 1848 1011 934
f 218 1409 1011
f 218 1011 1848
f 1704 218 1848
f 970 331 918
f 970 918 993
f 1121 993 469
f 970 993 1121
f 1121 594 970
f 594 1121 540
f 594 540 1533
f 1848 594 1533
f 1704 1848 1533
f 1121 469 273
f 515 1121 273
f 1965 1121 515
f 1121 1965 540
f 1665 1533 540
f 1384 1533 1665
f 1931 540 1965
f 1665 540 1931
f 515 1584 333
f 333 1584 1231
f 1965 515 333
f 1965 333 1403
f 1931 1965 1403
f 1565 1665 1931
f 1665 1565 1996
f 333 1231 481
f 333 481 1761
f 1403 333 1761
f 1931 1403 1575
f 1931 1575 1565
f 1761 481 951
f 1761 951 438
f 1403 1761 1420
f 1575 1403 1420
f 1717 1565 1575
f 1996 1565 1717
f 438 898 1185
f 1185 1761 438
f 1420 1761 1185
f 862 1575 1420
f 1717 1575 862
f 1735 1409 218
f 1225 1735 218
f 1225 218 1704
f 1621 1333 1735
f 1621 1735 1225
f 1621 1960 1333
f 1586 1960 1621
f 1704 1533 1384
f 1882 1704 1384
f 1882 1225 1704
f 1251 1225 1882
f 1251 1621 1225
f 1222 1621 1251
f 1222 1586 1621
f 1882 1384 1652
f 577 1251 1882
f 1702 1222 1251
f 577 1882 1652
f 1702 1251 577
f 1384 1665 1996
f 1652 1384 1996
f 1702 577 1206
f 1652 1996 1425
f 728 577 1652
f 728 1652 1425
f 577 728 1206
f 1445 1702 1206
f 1596 1996 1717
f 1425 1996 1596
f 728 1425 1596
f 1206 728 762
f 507 1596 1717
f 1016 728 1596
f 728 1016 762
f 915 1206 762
f 1445 1206 915
f 1586 277 1960
f 1921 277 1586
f 1921 1164 277
f 922 1164 1921
f 922 1995 1164
f 1222 1921 1586
f 1921 1222 1610
f 1610 922 1921
f 922 1610 1490
f 1610 1222 1618
f 1490 1610 1149
f 196 1222 1702
f 1222 196 1618
f 1610 1618 1149
f 196 1702 1445
f 196 1445 901
f 901 1618 196
f 1437 1618 901
f 1149 1618 1437
f 1149 1437 493
f 901 1445 915
f 901 915 1345
f 1345 1437 901
f 1437 1345 958
f 493 1437 958
f 1674 493 958
f 1675 1995 922
f 1675 774 1995
f 1701 1995 774
f 846 774 1675
f 1854 1701 774
f 146 774 846
f 1854 774 146
f 1490 1675 922
f 1813 1675 1490
f 1722 1675 1813
f 846 1675 1722
f 1990 846 1722
f 146 846 1990
f 1352 146 1990
f 1490 1149 1813
f 1518 1813 1149
f 1813 1518 1938
f 1722 1813 1938
f 1990 1722 1938
f 1990 1938 1391
f 369 1990 1391
f 369 1352 1990
f 1518 1149 493
f 1286 1938 1518
f 1391 1938 1598
f 369 1391 1818
f 1674 1518 493
f 1286 1518 1674
f 1598 1938 1286
f 1818 1391 1598
f 1286 1674 1201
f 1286 1201 1309
f 1598 1286 1309
f 1598 1309 1818
f 1026 1818 1309
f 1055 1854 146
f 1055 1846 1854
f 1055 146 1998
f 1581 1055 1998
f 1846 1055 454
f 454 1055 1581
f 1749 454 1581
f 1352 1998 146
f 1616 1998 1352
f 1616 1581 1998
f 1318 1581 1616
f 1318 1749 1581
f 1318 1616 370
f 1443 1318 370
f 1484 1352 369
f 1616 1352 1484
f 370 1616 1484
f 370 1484 1851
f 760 1443 370
f 1448 370 1851
f 760 370 1448
f 1755 369 1818
f 1755 1484 369
f 1484 1755 1851
f 1755 1818 1026
f 1755 1026 1926
f 1322 1755 1926
f 1322 1851 1755
f 1364 1448 1851
f 1364 1851 1322
f 855 1448 1364
f 1154 454 1749
f 1589 1154 1749
f 1912 1589 1749
f 1589 1787 1154
f 631 1589 1912
f 1644 1787 1589
f 1644 1589 631
f 1192 1644 631
f 1192 1799 1644
f 1912 1749 1443
f 1749 1318 1443
f 1421 1912 1443
f 631 1912 1421
f 1623 631 1421
f 1623 1192 631
f 1464 1192 1623
f 760 1421 1443
f 1538 1421 760
f 1115 1421 1538
f 1115 1623 1421
f 1623 1115 1240
f 1464 1623 1240
f 760 1448 855
f 1538 760 855
f 1115 1538 1941
f 1775 1115 1941
f 1240 1115 1775
f 855 1364 809
f 1997 1538 855
f 1941 1538 1997
f 1941 1997 1418
f 1736 1775 1418
f 1775 1941 1418
f 764 1137 1896
f 1288 764 1896
f 528 1288 1838
f 1838 1288 1896
f 867 1838 1254
f 1254 1838 1264
f 477 1264 1838
f 867 954 1838
f 867 509 954
f 206 509 867
f 923 509 206
f 1477 509 923
f 629 5 233
f 5 923 233
f 5 1477 923
f 580 1477 5
f 898 580 5
f 5 629 1152
f 898 5 1152
f 629 360 1152
f 906 923 206
f 206 867 906
f 233 923 906
f 233 906 979
f 629 233 979
f 1359 979 982
f 629 979 1359
f 360 629 1359
f 1910 360 158
f 360 1359 158
f 1910 1152 360
f 906 867 1254
f 408 982 1254
f 979 906 1254
f 982 979 1254
f 471 982 408
f 1359 982 471
f 42 1359 471
f 158 1359 42
f 317 158 42
f 408 1254 791
f 194 408 791
f 194 471 408
f 261 471 194
f 261 194 385
f 42 471 261
f 917 42 261
f 917 261 892
f 917 317 42
f 1198 791 1264
f 1198 661 791
f 661 194 791
f 661 385 194
f 661 1198 614
f 31 385 661
f 31 661 614
f 31 261 385
f 244 892 185
f 892 261 31
f 31 614 185
f 892 31 185
f 1264 791 1254
f 804 1198 1264
f 46 1198 804
f 614 1198 46
f 214 614 46
f 185 614 214
f 236 185 214
f 236 244 185
f 804 1264 1106
f 1019 804 1106
f 1019 46 804
f 1019 214 46
f 579 214 1019
f 579 236 214
f 163 236 579
f 1106 1264 477
f 1444 1106 477
f 410 1106 1444
f 410 307 1106
f 307 1019 1106
f 322 1019 307
f 307 410 322
f 579 1019 322
f 1071 163 322
f 163 579 322
f 898 1152 404
f 1185 898 404
f 1420 1185 89
f 89 1185 404
f 1420 89 862
f 531 1717 862
f 507 1717 531
f 404 1152 1910
f 317 1910 158
f 404 1910 1224
f 1224 1910 317
f 89 404 1224
f 1957 89 1224
f 1957 862 89
f 862 1957 531
f 563 317 917
f 1224 317 563
f 93 1224 563
f 93 1957 1224
f 1957 93 1883
f 1591 1957 1883
f 1591 531 1957
f 244 917 892
f 563 917 244
f 563 244 860
f 860 244 236
f 183 93 860
f 93 563 860
f 1883 93 183
f 860 236 163
f 1883 183 952
f 1883 952 1678
f 1591 1883 1678
f 1071 860 163
f 860 1071 1072
f 183 860 1072
f 1016 1596 507
f 762 1907 915
f 1955 507 531
f 1016 507 1955
f 762 1016 1907
f 1392 1016 1955
f 1907 1016 1392
f 1955 531 1591
f 1955 1591 1715
f 1955 1715 1392
f 1587 1907 1392
f 1171 1907 1587
f 1591 1678 1715
f 1807 1392 1715
f 1392 1807 1587
f 1807 1715 1678
f 1104 1587 1807
f 1104 1171 1587
f 1807 1678 1556
f 1345 915 662
f 1345 1590 958
f 119 1674 958
f 915 1907 662
f 1345 662 1590
f 119 958 1590
f 1590 662 354
f 1893 119 1590
f 662 1907 1171
f 354 662 1171
f 1090 1590 354
f 1893 1590 1090
f 354 1171 1059
f 1090 354 1059
f 1893 1090 1863
f 1188 1171 1104
f 1059 1171 1188
f 1863 1090 1059
f 24 1893 1863
f 1201 1674 119
f 1534 1026 1309
f 1709 1201 119
f 1309 1201 1547
f 1534 1309 1547
f 1709 119 1893
f 1547 1201 1709
f 921 1534 1547
f 1470 1547 1709
f 24 1709 1893
f 1709 24 1470
f 1547 1470 1365
f 921 1547 1365
f 1985 1470 24
f 1470 1985 187
f 187 1365 1470
f 1364 1322 1126
f 1926 1026 1534
f 1126 1322 1926
f 809 1364 1126
f 1047 1926 1534
f 1126 1926 1047
f 809 1126 1615
f 1534 921 1047
f 1606 1126 1047
f 1615 1126 1606
f 1047 921 1723
f 1563 1047 1723
f 1563 1606 1047
f 1615 1606 1563
f 921 1365 1723
f 122 1615 1563
f 1723 1365 1725
f 122 1563 1604
f 1997 855 809
f 1997 809 1460
f 1997 1460 1545
f 1418 1997 1545
f 1418 1545 995
f 995 1736 1418
f 1460 809 1615
f 1460 1615 122
f 1545 1460 1377
f 996 995 1545
f 1377 1460 122
f 1195 1545 1377
f 1195 996 1545
f 1852 1393 1462
f 1393 1852 1822
f 1669 1822 1852
f 1258 1555 1669
f 1555 1822 1669
f 939 1462 1393
f 484 1393 1822
f 1351 1822 1555
f 1393 1847 939
f 484 1847 1393
f 1822 1351 484
f 989 1351 1555
f 1847 1408 1256
f 484 1024 1847
f 1024 1408 1847
f 1351 1024 484
f 1287 1024 1351
f 1287 1351 989
f 989 1230 1287
f 1744 1922 948
f 1744 948 1799
f 1744 750 1922
f 170 750 1744
f 1744 1815 170
f 170 1728 750
f 1922 1046 948
f 1852 1046 1922
f 750 1852 1922
f 750 1669 1852
f 1728 1669 750
f 1728 1258 1669
f 1852 1462 1046
f 1258 1099 1555
f 1168 1099 1258
f 1168 1088 1099
f 1664 1088 1924
f 1099 989 1555
f 1242 1099 1088
f 1498 1242 1088
f 1498 1088 1664
f 1664 1056 1498
f 1242 989 1099
f 1431 1230 989
f 1431 989 1242
f 9 1431 1242
f 9 1242 1290
f 1290 1242 1498
f 1056 1385 1290
f 1056 1290 1498
f 1307 1728 170
f 1307 350 1728
f 1972 350 1307
f 1923 1972 1307
f 1502 350 1972
f 1585 1502 1972
f 1585 1972 677
f 1168 1258 1728
f 350 1168 1728
f 350 1924 1168
f 1502 1924 350
f 1901 1924 1502
f 1924 1088 1168
f 1901 1664 1924
f 517 1056 1664
f 517 1382 1056
f 1638 1323 1382
f 1638 1238 1323
f 1668 1056 1382
f 1382 1323 1668
f 1668 1385 1056
f 1323 1396 1668
f 1238 1396 1323
f 1647 1502 1585
f 1543 1647 1585
f 1880 1543 1585
f 1647 1901 1502
f 1647 1943 1901
f 875 1943 1647
f 1543 875 1647
f 875 1543 1062
f 1928 1062 1543
f 1062 1805 875
f 707 1062 1928
f 1901 517 1664
f 1943 517 1901
f 875 1638 1943
f 1805 1638 875
f 967 1805 1062
f 1382 517 1943
f 1382 1943 1638
f 1486 1638 1805
f 1486 1238 1638
f 984 1238 1486
f 1107 1238 984
f 1499 1948 984
f 967 1165 1805
f 967 1062 707
f 1334 967 707
f 1305 967 1334
f 1165 1486 1805
f 967 1305 1165
f 1305 909 1165
f 1334 1797 1305
f 1929 909 1305
f 1797 1929 1305
f 1165 1562 1486
f 909 1562 1165
f 910 1562 909
f 139 910 909
f 139 909 1929
f 1797 1052 1929
f 329 139 1929
f 1052 329 1929
f 984 1486 1562
f 1562 1499 984
f 1684 910 139
f 329 997 139
f 1052 1663 329
f 1499 1562 910
f 910 1684 1499
f 139 997 1684
f 1919 997 329
f 1663 1919 329
f 1331 1663 1052
f 981 1663 1331
f 1495 499 1919
f 499 997 1919
f 1663 838 1919
f 1495 1919 838
f 838 1663 981
f 73 838 981
f 1408 437 1256
f 1408 1842 437
f 1024 1842 1408
f 48 1842 1024
f 1287 48 1024
f 1287 1429 48
f 461 1429 1287
f 1230 461 1287
f 1842 1714 437
f 1496 1714 1842
f 1496 1842 48
f 48 797 1496
f 1429 797 48
f 461 1296 1429
f 1496 513 1714
f 1429 1296 797
f 914 513 1496
f 797 914 1496
f 1296 1283 797
f 1431 1487 1230
f 9 1487 1431
f 1487 461 1230
f 1326 9 1290
f 1385 1326 1290
f 428 461 1487
f 1580 428 1487
f 1580 1487 9
f 1326 1580 9
f 428 1296 461
f 777 1580 1326
f 428 1692 1296
f 1692 428 1580
f 1853 1692 1580
f 777 1853 1580
f 1692 1741 1296
f 566 1385 1668
f 1396 566 1668
f 1944 566 1396
f 1107 402 1396
f 1238 1107 1396
f 566 1146 1385
f 1944 1396 402
f 1146 1326 1385
f 566 1944 1146
f 1944 1691 1146
f 402 1193 1944
f 777 1326 1146
f 1691 777 1146
f 1193 1691 1944
f 1622 1691 1193
f 1691 747 777
f 1691 1622 747
f 1193 1862 1622
f 747 1853 777
f 1948 1107 984
f 1620 1948 1499
f 1948 894 1107
f 1107 894 402
f 1948 1381 894
f 1620 1381 1948
f 467 1381 1620
f 1372 467 1620
f 894 1193 402
f 894 584 1193
f 584 894 1381
f 1942 584 1381
f 467 1942 1381
f 426 1942 467
f 1372 1204 467
f 1204 426 467
f 584 1862 1193
f 584 1468 1862
f 1942 1468 584
f 426 1594 1942
f 1516 1594 426
f 1594 1468 1942
f 1684 1620 1499
f 997 840 1684
f 1684 840 1620
f 1372 1620 840
f 1607 1204 1372
f 189 1204 1607
f 189 1650 1204
f 1204 1516 426
f 1650 1516 1204
f 1925 1650 189
f 8 1650 1925
f 499 840 997
f 1495 564 499
f 1250 1495 107
f 107 1495 838
f 689 838 73
f 107 838 689
f 658 689 73
f 658 73 1316
f 386 1372 840
f 386 840 499
f 564 386 499
f 1250 564 1495
f 1250 491 564
f 749 491 1250
f 1250 107 749
f 595 749 107
f 595 107 689
f 639 595 689
f 639 689 658
f 276 639 658
f 1607 1372 386
f 1607 386 37
f 37 386 564
f 491 37 564
f 491 749 300
f 971 491 300
f 595 300 749
f 309 232 595
f 232 300 595
f 639 309 595
f 1002 309 639
f 1002 1491 309
f 211 639 276
f 1002 639 211
f 1350 37 491
f 971 1350 491
f 346 743 971
f 346 971 300
f 232 346 300
f 346 232 267
f 267 75 346
f 267 232 458
f 458 232 309
f 1491 458 309
f 1002 1272 1491
f 37 189 1607
f 37 857 189
f 37 1350 857
f 133 857 1350
f 133 1350 971
f 743 133 971
f 75 60 743
f 75 743 346
f 75 421 60
f 6 421 75
f 6 75 267
f 1950 133 743
f 60 1950 743
f 1950 60 164
f 421 164 60
f 1925 189 857
f 133 1925 857
f 133 1550 1925
f 1950 1550 133
f 1427 1550 1950
f 164 1427 1950
f 164 621 1427
f 1427 763 1550
f 621 405 1427
f 405 763 1427
f 1166 1002 211
f 1272 1002 1166
f 358 226 1272
f 358 1272 1166
f 226 358 1874
f 931 226 1874
f 1874 358 607
f 270 931 1874
f 270 1694 931
f 1343 270 1874
f 270 692 1694
f 768 692 270
f 717 768 1343
f 768 270 1343
f 1530 1413 768
f 376 692 768
f 1413 376 768
f 717 1530 768
f 90 1413 1530
f 335 267 458
f 458 1491 74
f 335 458 74
f 74 235 335
f 1272 74 1491
f 235 74 226
f 226 669 235
f 74 1272 226
f 669 226 931
f 931 824 669
f 824 931 1694
f 556 824 1694
f 692 556 1694
f 376 1212 692
f 1212 556 692
f 1045 1212 376
f 1028 1045 376
f 1028 376 1413
f 258 945 6
f 945 421 6
f 6 267 335
f 235 258 335
f 258 6 335
f 1015 945 258
f 258 669 1015
f 669 258 235
f 1551 1124 1015
f 824 1015 669
f 824 1551 1015
f 556 1551 824
f 1578 1551 556
f 1212 1578 556
f 1212 109 1578
f 1045 109 1212
f 1028 943 1045
f 977 164 421
f 977 421 945
f 945 371 977
f 1124 280 371
f 371 1015 1124
f 371 945 1015
f 1551 818 1124
f 1551 380 818
f 380 1551 1578
f 109 380 1578
f 1045 1379 109
f 798 691 1379
f 943 1379 1045
f 943 798 1379
f 371 280 977
f 280 621 164
f 280 164 977
f 1124 457 280
f 1770 457 1124
f 818 1770 1124
f 842 497 1770
f 380 842 1770
f 380 1770 818
f 640 842 380
f 640 380 109
f 1379 488 109
f 488 640 109
f 691 488 1379
f 280 405 621
f 280 457 405
f 1770 506 457
f 497 506 1770
f 842 636 497
f 1763 842 640
f 488 1763 640
f 488 801 1763
f 691 1079 801
f 691 801 488
f 576 90 249
f 90 1530 249
f 1028 1413 1136
f 1136 1413 90
f 344 1136 90
f 576 344 90
f 1978 171 344
f 498 1136 344
f 171 498 344
f 576 1978 344
f 576 143 1978
f 1440 769 943
f 943 1028 1136
f 1136 1440 943
f 1440 1136 498
f 495 1440 498
f 495 498 171
f 1978 601 171
f 782 495 171
f 601 782 171
f 143 601 1978
f 143 200 601
f 1077 495 782
f 685 782 601
f 601 200 685
f 769 798 943
f 877 798 769
f 1440 362 769
f 362 877 769
f 362 1440 495
f 1077 362 495
f 355 362 1077
f 1051 1077 782
f 1051 782 685
f 1795 1051 685
f 798 229 691
f 877 229 798
f 1804 229 877
f 362 1110 877
f 755 1804 877
f 1110 755 877
f 1110 362 355
f 1077 197 355
f 197 1110 355
f 197 1077 1051
f 1795 197 1051
f 229 1079 691
f 229 364 1079
f 1804 364 229
f 492 364 1804
f 755 492 1804
f 1110 1867 755
f 336 492 755
f 1867 336 755
f 1867 1110 197
f 197 593 1867
f 1629 1799 1192
f 1815 1744 1799
f 1629 1815 1799
f 1018 1815 1629
f 170 1815 1766
f 1766 1815 1018
f 1777 1766 1018
f 1629 1192 1464
f 1214 1629 1464
f 1648 1629 1214
f 1018 1629 1648
f 1162 1018 1648
f 1777 1018 1162
f 1415 1464 1240
f 1464 1415 1214
f 1214 1415 637
f 1808 1648 1214
f 1808 1214 637
f 1808 1162 1648
f 1454 1162 1808
f 1808 637 1894
f 1687 1454 1808
f 1808 1894 1687
f 1415 1240 1775
f 1187 1415 1775
f 637 1415 1187
f 1187 1775 1736
f 837 637 1187
f 1894 637 837
f 1894 837 991
f 759 1687 1894
f 1894 991 759
f 1307 170 1766
f 1923 1307 1766
f 1482 1923 1766
f 1482 1766 1777
f 581 1972 1923
f 1923 1482 581
f 701 581 1482
f 1972 581 677
f 677 581 1229
f 1229 581 701
f 1671 1482 1777
f 1671 1777 1162
f 38 701 1482
f 38 1482 1671
f 1205 701 38
f 1205 1229 701
f 1671 1162 1454
f 38 1671 1865
f 1671 1454 1865
f 1865 1454 1856
f 1205 38 1865
f 890 1205 1865
f 1856 1454 1687
f 1865 1856 1449
f 890 1865 1449
f 401 1856 1687
f 1449 1856 401
f 401 1687 759
f 1449 401 1304
f 1267 1449 1304
f 1267 890 1449
f 1139 890 1267
f 1585 677 1880
f 1880 677 1229
f 1525 1880 1229
f 1543 1880 1928
f 1229 1205 1207
f 1525 1229 1207
f 1928 1880 1525
f 1928 1525 1173
f 707 1928 1173
f 695 707 1173
f 1207 1205 1233
f 1794 1525 1207
f 1794 1207 1233
f 1794 1173 1525
f 793 1173 1794
f 1457 793 1794
f 793 695 1173
f 793 1457 856
f 1233 1205 890
f 1457 1794 1233
f 1233 890 398
f 398 890 1139
f 398 1457 1233
f 1457 398 1693
f 1194 1457 1693
f 1457 1194 856
f 1752 1139 1267
f 1139 1752 1544
f 1139 1544 398
f 903 1693 1544
f 1693 398 1544
f 1376 1693 903
f 1194 1693 1376
f 707 695 947
f 1232 695 793
f 947 1334 707
f 1369 947 695
f 1334 947 1306
f 1232 793 856
f 695 1232 1821
f 1369 695 1821
f 1306 1797 1334
f 1369 1306 947
f 1797 1306 1014
f 1306 1369 1014
f 606 1014 1369
f 1052 1797 1014
f 570 1232 856
f 1232 570 1821
f 191 1821 570
f 1369 191 606
f 1369 1821 191
f 606 1592 1014
f 1592 1331 1052
f 1052 1014 1592
f 191 570 1750
f 191 1812 606
f 1750 1812 191
f 1122 1592 606
f 1122 606 1812
f 1812 1750 1986
f 1918 570 856
f 856 1194 1918
f 1783 570 1918
f 1918 1194 1376
f 1783 1750 570
f 1662 1331 1592
f 1662 1592 1122
f 1712 981 1331
f 1662 1712 1331
f 866 1662 1122
f 866 1122 1812
f 866 1812 873
f 1132 1662 866
f 1712 1662 1132
f 699 981 1712
f 699 73 981
f 1712 1132 1261
f 1261 699 1712
f 1187 1736 340
f 1187 340 837
f 340 1736 995
f 1397 837 340
f 837 1397 988
f 991 837 988
f 1036 991 988
f 759 991 1036
f 340 995 1397
f 1397 995 996
f 988 1397 1346
f 1215 1036 988
f 1397 996 1346
f 1215 988 1346
f 1716 996 1195
f 1346 996 1716
f 401 759 713
f 1304 401 713
f 759 1036 1463
f 713 759 1463
f 1304 713 1463
f 1488 1267 1304
f 1752 1267 1488
f 960 1304 1463
f 1488 1304 960
f 1463 1036 1871
f 960 1463 1871
f 1488 960 1500
f 1871 1036 1215
f 479 960 1871
f 960 479 1500
f 1841 1488 1500
f 1871 1215 694
f 1376 903 647
f 1043 1544 1752
f 852 903 1544
f 852 1544 1043
f 647 903 852
f 1043 1752 1488
f 1143 647 852
f 1707 647 1143
f 1043 1488 1841
f 1600 852 1043
f 1143 852 1600
f 1600 1043 1841
f 1143 1600 1903
f 873 1812 1986
f 858 1918 1376
f 858 1783 1918
f 1746 1783 858
f 1182 1750 1783
f 1182 1986 1750
f 858 1376 647
f 1783 1746 1182
f 212 1986 1182
f 1707 858 647
f 1746 419 1182
f 212 1182 419
f 1840 1746 1707
f 1746 858 1707
f 419 1746 1840
f 212 419 1042
f 1569 419 1840
f 419 1569 1042
f 1757 1840 1707
f 1840 1757 1569
f 1951 1042 1569
f 1512 1707 1143
f 1757 1707 1512
f 1569 1757 1097
f 1512 1143 1903
f 1034 1757 1512
f 1757 1034 1097
f 1951 1569 1097
f 1167 866 873
f 1132 866 1167
f 1132 1167 1177
f 1261 1132 1177
f 1316 73 699
f 1160 1316 699
f 1160 699 1261
f 873 1986 992
f 873 1940 1167
f 992 1940 873
f 1177 1119 1261
f 1940 1177 1167
f 1261 1119 1160
f 278 1160 1119
f 16 658 1316
f 16 1316 865
f 16 276 658
f 1316 1160 761
f 865 1316 761
f 761 1160 278
f 1940 1738 1177
f 1177 306 1119
f 1738 306 1177
f 306 278 1119
f 1291 761 278
f 372 1291 278
f 372 278 306
f 548 276 16
f 16 865 548
f 211 276 548
f 865 761 1176
f 794 865 1176
f 548 865 794
f 339 1176 1291
f 1176 761 1291
f 266 102 1940
f 1940 992 266
f 102 1738 1940
f 936 306 1738
f 306 289 372
f 289 306 936
f 644 289 936
f 339 486 1176
f 863 1291 372
f 339 1291 863
f 863 372 289
f 245 863 289
f 102 266 1100
f 1156 936 1738
f 1156 1738 102
f 1156 102 1100
f 644 936 12
f 210 863 245
f 245 289 644
f 245 644 546
f 167 1156 1100
f 12 936 1156
f 1156 730 12
f 1156 167 730
f 644 1040 546
f 12 1040 644
f 167 1100 1354
f 913 730 167
f 730 1064 12
f 730 551 1064
f 1040 12 1064
f 318 1040 1064
f 913 167 382
f 167 1354 382
f 551 730 913
f 630 1064 551
f 630 318 1064
f 1986 212 992
f 992 212 1042
f 992 1042 266
f 266 1042 1175
f 1042 1951 1175
f 1100 266 1175
f 1354 1100 1175
f 1175 1951 880
f 1354 1175 880
f 1836 1343 607
f 1343 1874 607
f 160 211 548
f 1166 211 160
f 794 1176 486
f 486 527 794
f 160 548 794
f 527 160 794
f 358 1166 160
f 358 160 527
f 527 607 358
f 527 486 1966
f 607 527 693
f 693 527 1966
f 693 1966 1180
f 1836 607 693
f 795 1836 693
f 795 693 1180
f 553 1343 1836
f 835 1836 795
f 835 553 1836
f 1791 835 795
f 553 717 1343
f 717 553 900
f 900 553 835
f 900 835 111
f 1530 717 249
f 524 717 900
f 249 717 524
f 900 111 1057
f 524 900 1057
f 1966 486 339
f 40 339 863
f 40 863 210
f 40 1966 339
f 765 1966 40
f 1180 1966 765
f 1180 765 1507
f 795 1180 1050
f 1050 1180 1507
f 1791 795 1050
f 965 1791 1050
f 1791 111 835
f 111 1791 178
f 1791 965 178
f 1057 35 524
f 111 178 97
f 1057 111 97
f 259 40 210
f 259 210 245
f 245 546 213
f 259 245 213
f 557 765 259
f 765 40 259
f 259 213 557
f 557 1507 765
f 1507 557 489
f 1507 489 175
f 175 1050 1507
f 1050 175 911
f 911 965 1050
f 826 965 911
f 178 965 826
f 97 178 799
f 546 1040 417
f 213 546 417
f 213 417 489
f 557 213 489
f 175 489 348
f 735 175 348
f 911 175 735
f 504 178 826
f 504 826 54
f 799 178 504
f 1374 417 318
f 417 1040 318
f 1441 417 1374
f 489 417 1441
f 348 489 1441
f 348 1441 1260
f 688 348 1260
f 688 735 348
f 612 911 735
f 612 826 911
f 1564 54 612
f 54 826 612
f 54 1564 430
f 1063 318 630
f 1374 318 1063
f 1884 1441 1120
f 1441 1374 1063
f 1441 1063 1120
f 1260 1441 1884
f 1260 1884 688
f 1637 735 688
f 88 1637 688
f 612 735 1637
f 612 1637 1218
f 1218 1564 612
f 827 1013 249
f 1013 576 249
f 827 249 524
f 827 524 35
f 820 1013 827
f 1203 35 1057
f 1057 97 1025
f 1203 1057 1025
f 143 576 1013
f 84 143 1013
f 1013 501 84
f 820 501 1013
f 820 827 35
f 406 425 1203
f 425 35 1203
f 820 35 425
f 97 799 1025
f 136 1025 504
f 1025 799 504
f 501 200 84
f 200 143 84
f 501 138 200
f 820 251 501
f 1068 138 501
f 251 1068 501
f 406 251 425
f 251 820 425
f 406 397 251
f 748 397 406
f 748 1203 1025
f 748 406 1203
f 748 1025 136
f 685 200 138
f 1362 251 397
f 1362 1068 251
f 816 504 430
f 504 54 430
f 816 136 504
f 748 833 397
f 833 748 136
f 547 833 136
f 547 136 816
f 138 1795 685
f 1068 1795 138
f 1362 1795 1068
f 397 833 1349
f 1349 1362 397
f 293 833 547
f 547 706 293
f 706 578 293
f 706 816 430
f 706 547 816
f 706 430 716
f 435 1795 1362
f 1349 435 1362
f 578 435 1349
f 293 578 1349
f 293 1349 833
f 716 1564 726
f 430 1564 716
f 396 578 706
f 706 156 396
f 716 156 706
f 578 1503 435
f 578 396 1503
f 1299 806 1150
f 110 305 125
f 429 110 125
f 538 110 429
f 429 125 1150
f 429 1150 538
f 1150 125 123
f 1299 1150 123
f 1089 125 1000
f 125 305 1000
f 1089 123 125
f 305 134 1000
f 1299 123 427
f 573 1089 1094
f 1089 1000 1094
f 427 123 1089
f 573 427 1089
f 134 1094 1000
f 291 427 555
f 555 571 291
f 1299 427 291
f 980 1299 291
f 166 573 1094
f 166 1094 327
f 555 427 573
f 166 555 573
f 571 555 166
f 166 231 571
f 1037 327 1094
f 1037 1010 327
f 131 150 932
f 932 980 131
f 291 571 131
f 980 291 131
f 431 980 932
f 150 231 286
f 150 571 231
f 150 131 571
f 1010 286 231
f 231 166 327
f 1010 231 327
f 14 286 1010
f 272 313 616
f 616 932 272
f 932 150 272
f 932 616 431
f 442 1220 476
f 476 441 442
f 441 150 286
f 441 286 442
f 441 313 272
f 441 272 150
f 441 476 313
f 14 1220 442
f 442 286 14
f 616 313 1858
f 514 616 1858
f 1858 526 514
f 431 616 514
f 1153 431 514
f 476 1220 241
f 476 241 313
f 241 1858 313
f 526 1858 241
f 241 568 526
f 241 1220 1109
f 514 526 190
f 1876 514 190
f 1153 514 1876
f 394 568 620
f 394 190 568
f 190 526 568
f 1876 190 394
f 652 1876 394
f 449 620 568
f 568 241 1109
f 449 568 1109
f 449 1643 620
f 806 1299 980
f 980 1608 806
f 120 1608 980
f 120 980 431
f 120 431 1609
f 1609 431 1153
f 1811 120 968
f 1811 968 283
f 1756 305 110
f 1756 134 305
f 732 134 1756
f 1127 949 732
f 1248 1127 108
f 108 1568 1248
f 949 1127 1248
f 134 1037 1094
f 1058 1037 134
f 949 1058 134
f 949 134 732
f 1138 949 1248
f 407 1058 949
f 1138 407 949
f 1138 1248 1906
f 1058 737 1010
f 1010 1037 1058
f 737 1220 14
f 737 14 1010
f 407 737 1058
f 641 737 407
f 1138 1114 407
f 521 1114 1138
f 521 1138 1906
f 737 1109 1220
f 737 641 1109
f 1114 641 407
f 1672 641 1114
f 641 449 1109
f 641 1643 449
f 81 1643 641
f 1672 81 641
f 1114 1032 1672
f 1032 1114 521
f 1603 1032 521
f 1705 998 1568
f 1003 998 1705
f 1906 1248 1568
f 1568 998 1906
f 1388 998 1003
f 1004 1388 1003
f 998 1658 1906
f 1210 1388 1004
f 1906 1658 521
f 998 1078 1658
f 1078 998 1388
f 1388 445 1078
f 1210 445 1388
f 598 521 1658
f 1078 598 1658
f 1210 1308 445
f 1603 521 598
f 1078 1765 598
f 445 1765 1078
f 1049 1860 1839
f 1809 1004 1875
f 1860 1809 1875
f 1860 1993 1809
f 1049 1993 1860
f 1210 1004 1809
f 320 1993 1049
f 1873 1210 1809
f 1873 1809 1993
f 1873 1308 1210
f 1873 1541 1308
f 1541 1873 1993
f 1208 1541 1993
f 320 1208 1993
f 320 904 1208
f 1541 518 1308
f 671 1771 1458
f 1049 1839 1458
f 1504 1049 1458
f 1128 1504 1458
f 1771 1128 1458
f 1771 927 1128
f 1049 1504 320
f 887 1128 927
f 1504 938 320
f 938 1504 1128
f 887 938 1128
f 938 904 320
f 887 1979 938
f 887 1274 1979
f 1430 904 938
f 1979 1430 938
f 195 1771 738
f 96 721 1105
f 1105 195 738
f 195 927 1771
f 1105 1945 195
f 721 297 1105
f 195 1494 927
f 195 1945 1494
f 1105 297 1945
f 1826 297 721
f 1494 887 927
f 1826 1252 297
f 1494 1721 1274
f 1494 1274 887
f 1945 1721 1494
f 1223 1721 1945
f 1223 1945 297
f 297 1252 1223
f 721 96 1472
f 1740 1235 1472
f 513 1459 1740
f 1472 1235 721
f 1740 1459 1235
f 1235 1826 721
f 969 1826 1235
f 1459 969 1235
f 1459 1280 969
f 1655 1826 969
f 1280 1719 969
f 1252 1826 1655
f 1719 1655 969
f 1695 1655 1719
f 1209 1719 1280
f 1361 1209 1280
f 1737 1252 1655
f 1695 1737 1655
f 519 1876 652
f 652 588 519
f 1153 1876 519
f 1609 1153 519
f 1627 394 525
f 1627 652 394
f 1627 588 652
f 1643 525 620
f 525 394 620
f 1643 817 525
f 519 588 199
f 373 519 199
f 1609 519 373
f 1627 525 589
f 886 1627 589
f 1627 886 588
f 199 588 886
f 252 199 886
f 817 589 525
f 817 389 589
f 389 886 589
f 373 199 153
f 1769 373 153
f 252 886 850
f 1067 252 850
f 153 199 252
f 252 1067 153
f 1067 45 153
f 1769 153 45
f 1583 1769 45
f 850 886 389
f 20 850 389
f 1067 850 20
f 296 1067 20
f 77 1027 296
f 1027 1583 45
f 45 1067 296
f 1027 45 296
f 120 1609 79
f 79 1609 373
f 968 120 473
f 1270 373 1769
f 79 373 1270
f 1347 79 1270
f 1270 876 1347
f 120 79 1347
f 473 1347 165
f 473 120 1347
f 968 869 283
f 1583 876 1270
f 1270 1769 1583
f 1118 165 723
f 1347 876 723
f 165 1347 723
f 473 165 440
f 165 1118 440
f 968 473 242
f 283 869 292
f 390 1027 304
f 1027 77 304
f 390 876 1583
f 390 1583 1027
f 390 723 876
f 162 1118 723
f 162 723 390
f 388 304 77
f 494 473 440
f 242 473 494
f 3 869 330
f 869 968 242
f 869 242 330
f 292 869 3
f 367 283 292
f 390 503 766
f 766 1118 162
f 162 390 766
f 941 440 1118
f 766 941 1118
f 494 440 941
f 941 812 494
f 812 899 494
f 899 330 242
f 899 242 494
f 330 781 3
f 388 503 304
f 503 390 304
f 503 941 766
f 780 941 503
f 141 292 3
f 367 292 27
f 292 141 27
f 28 283 367
f 812 941 675
f 812 675 1375
f 137 330 899
f 899 812 1375
f 137 899 1375
f 1271 781 976
f 781 330 137
f 781 137 976
f 781 1271 3
f 141 3 1271
f 1271 11 141
f 11 27 141
f 105 367 27
f 381 28 367
f 381 367 105
f 675 941 780
f 780 753 675
f 753 137 1375
f 1375 675 753
f 135 137 753
f 976 137 135
f 209 1271 976
f 135 209 976
f 1271 209 541
f 541 11 1271
f 11 541 117
f 567 105 27
f 27 11 117
f 567 27 117
f 85 381 223
f 381 105 567
f 381 567 223
f 85 28 381
f 541 956 117
f 223 567 117
f 956 223 117
f 1573 85 223
f 81 817 1643
f 796 389 817
f 81 796 817
f 879 623 81
f 623 796 81
f 879 81 1672
f 1032 879 1672
f 786 879 1032
f 1032 400 786
f 1603 400 1032
f 796 20 389
f 796 399 20
f 623 399 796
f 879 739 623
f 786 739 879
f 296 20 399
f 77 296 399
f 388 77 399
f 1987 399 623
f 1987 623 739
f 1900 739 786
f 400 1900 786
f 1900 1330 739
f 1987 388 399
f 1987 987 388
f 1330 1987 739
f 987 503 388
f 987 780 503
f 230 987 1987
f 230 1987 1330
f 1900 1970 1330
f 1433 1970 1900
f 987 663 780
f 753 780 663
f 663 854 135
f 663 135 753
f 854 209 135
f 663 987 230
f 482 854 663
f 482 663 230
f 1330 1970 230
f 1970 482 230
f 1970 1981 482
f 1433 294 1970
f 294 1981 1970
f 541 209 854
f 854 956 541
f 956 1573 223
f 956 1835 1573
f 854 474 956
f 474 1835 956
f 474 854 482
f 1981 474 482
f 1981 1792 474
f 1792 1981 294
f 1095 1792 294
f 598 1844 1603
f 1844 598 1765
f 1366 1765 445
f 1308 1366 445
f 1844 400 1603
f 1765 1959 1844
f 1959 810 1844
f 1959 1765 1366
f 986 400 1844
f 810 986 1844
f 1366 1398 1959
f 1366 1711 1398
f 986 1900 400
f 810 1953 986
f 1510 1953 810
f 1398 810 1959
f 1398 1510 810
f 1332 1510 1398
f 1953 1900 986
f 1433 1900 1953
f 1433 1659 294
f 1953 1659 1433
f 1510 1659 1953
f 1510 1879 1659
f 1332 1879 1510
f 1332 1619 1879
f 1639 1095 294
f 1659 1639 294
f 1639 822 1095
f 1111 822 1639
f 1111 1639 1659
f 1879 1111 1659
f 1074 1111 1879
f 1619 1074 1879
f 1366 1308 518
f 1541 1688 518
f 1688 1541 1208
f 1208 1680 1688
f 904 1680 1208
f 1711 1366 518
f 1823 1711 518
f 1688 1823 518
f 1982 1823 1688
f 1680 1982 1688
f 1680 1438 1982
f 1711 1332 1398
f 1711 1700 1332
f 1700 1711 1823
f 1830 1700 1823
f 1982 1830 1823
f 1438 715 1982
f 1982 715 1830
f 1700 1619 1332
f 1939 1619 1700
f 1939 1700 1830
f 1830 1116 1939
f 715 1116 1830
f 715 933 1116
f 1727 1074 1619
f 1727 1619 1939
f 1939 1788 1727
f 1116 1788 1939
f 1116 933 1788
f 933 1268 1788
f 1430 383 904
f 1274 1133 1979
f 383 1680 904
f 1263 383 1430
f 1979 1263 1430
f 1133 1263 1979
f 1438 1680 383
f 1172 1438 383
f 1172 383 1263
f 1263 592 1172
f 1133 1546 1263
f 1546 592 1263
f 1275 1546 1133
f 1172 1877 1438
f 1877 715 1438
f 1172 592 1877
f 592 1784 1877
f 1303 592 1546
f 1828 1303 1546
f 1303 1784 592
f 1828 1861 1303
f 1877 933 715
f 1877 1888 933
f 1888 1877 1784
f 1140 1888 1784
f 1303 1140 1784
f 1861 1140 1303
f 1713 1140 1861
f 1888 1268 933
f 1888 1666 1268
f 1140 1967 1888
f 1967 1666 1888
f 1713 1967 1140
f 1452 1274 1721
f 1223 1452 1721
f 359 1452 1223
f 1252 359 1223
f 1737 359 1252
f 1275 1133 1274
f 1275 1274 1452
f 359 92 1452
f 1181 92 359
f 1737 1181 359
f 729 1275 1452
f 92 729 1452
f 1181 1061 92
f 1828 1546 1275
f 729 1828 1275
f 1061 729 92
f 1061 409 729
f 173 1061 1181
f 729 409 1828
f 1861 1828 409
f 1061 1509 409
f 173 1509 1061
f 409 772 1861
f 772 1713 1861
f 1509 772 409
f 1509 1909 772
f 173 1909 1509
f 1321 1967 1713
f 1125 1967 1321
f 1321 1713 772
f 1892 1321 772
f 1892 1102 1321
f 1909 1892 772
f 1909 1868 1892
f 1719 1505 1695
f 1209 1505 1719
f 682 1505 1209
f 1857 1181 1737
f 697 1857 1737
f 697 1737 1695
f 697 1695 1505
f 682 1451 1505
f 1400 1857 697
f 1505 1186 697
f 1451 1186 1505
f 173 1181 1857
f 1400 173 1857
f 1400 697 1186
f 1186 1524 1400
f 1833 1690 1186
f 1833 1186 1451
f 1690 1524 1186
f 1400 1145 173
f 1524 1145 1400
f 1145 1909 173
f 1145 561 1909
f 1524 1282 1145
f 1282 561 1145
f 1690 1282 1524
f 1311 1282 1690
f 561 1868 1909
f 1282 1301 1868
f 1282 1868 561
f 1301 1529 1868
f 1301 1282 1311
f 1311 752 1301
f 1608 120 1710
f 1710 1838 1896
f 1896 1608 1710
f 1710 477 1838
f 1710 120 1811
f 500 477 1710
f 1899 1710 1811
f 785 1710 1899
f 792 148 1444
f 148 410 1444
f 57 410 148
f 148 792 57
f 322 410 57
f 883 1071 57
f 1071 322 57
f 963 1444 477
f 1633 393 963
f 393 792 1444
f 393 1444 963
f 56 792 393
f 57 792 56
f 883 57 56
f 485 477 500
f 234 963 485
f 963 477 485
f 234 1633 963
f 1633 234 332
f 393 1633 332
f 315 393 332
f 315 332 1832
f 56 393 315
f 53 315 1832
f 53 883 56
f 53 56 315
f 450 234 485
f 295 234 450
f 332 234 295
f 1832 332 295
f 237 1832 295
f 237 53 1832
f 275 485 500
f 500 1091 275
f 275 450 485
f 174 450 275
f 384 295 450
f 384 450 174
f 1412 237 384
f 237 295 384
f 500 1710 1843
f 615 1091 1843
f 1091 500 1843
f 615 530 1091
f 530 275 1091
f 530 174 275
f 321 919 1920
f 919 174 530
f 919 530 1920
f 919 384 174
f 321 1412 919
f 1412 384 919
f 1843 1710 829
f 58 1843 829
f 58 615 1843
f 451 615 58
f 530 615 451
f 1920 530 451
f 1920 451 651
f 651 321 1920
f 154 829 181
f 829 1710 181
f 193 829 154
f 193 58 829
f 154 121 193
f 177 58 193
f 177 193 121
f 451 58 177
f 1315 177 121
f 1315 392 177
f 651 451 177
f 392 651 177
f 1072 1071 883
f 952 183 1072
f 1678 952 1216
f 1829 952 1072
f 952 1829 1216
f 53 1072 883
f 1072 53 836
f 1072 836 1829
f 1216 1829 714
f 836 53 237
f 1532 1829 836
f 1935 1216 714
f 836 237 1412
f 714 1829 1532
f 1412 321 1199
f 1199 836 1412
f 1532 836 1199
f 848 714 1532
f 1649 714 848
f 1649 1935 714
f 1199 651 392
f 321 651 1199
f 1199 392 220
f 220 1532 1199
f 1532 220 1937
f 1532 1937 848
f 392 1315 788
f 220 392 788
f 220 788 338
f 1937 220 338
f 1937 338 1898
f 1898 848 1937
f 1422 848 1898
f 1422 1649 848
f 1678 1216 1556
f 1936 1104 1807
f 1936 1807 1556
f 169 1104 1936
f 169 1188 1104
f 1556 1216 1935
f 1936 1556 422
f 422 1556 1935
f 1030 1936 422
f 1936 1030 169
f 1370 169 1030
f 1935 1649 1673
f 422 1935 1673
f 1030 422 1673
f 1030 1673 1535
f 1850 1030 1535
f 1370 1030 1850
f 603 1649 1422
f 1673 1649 603
f 1059 1188 784
f 784 1863 1059
f 944 24 1863
f 944 1863 784
f 1489 1188 169
f 1489 784 1188
f 944 784 1601
f 1370 1489 169
f 1249 784 1489
f 1601 784 1249
f 257 944 1601
f 966 1489 1370
f 966 1249 1489
f 1249 966 47
f 1601 1249 47
f 1601 47 1895
f 1895 257 1601
f 966 1370 1850
f 47 1255 1895
f 966 1850 1439
f 966 1439 1348
f 47 966 1348
f 1255 47 1348
f 1985 24 944
f 1365 187 1725
f 1985 944 257
f 1985 257 326
f 187 1985 326
f 1035 187 326
f 1725 187 1035
f 1725 1035 203
f 257 1895 1739
f 326 257 1739
f 326 1739 1368
f 1368 1035 326
f 203 1035 1368
f 1368 1739 1135
f 203 1368 1134
f 1992 1739 1895
f 1135 1739 1992
f 1134 1368 1135
f 1446 1563 1723
f 1563 1446 1604
f 1446 1723 1725
f 1934 1446 1725
f 1446 298 1419
f 1604 1446 1419
f 1934 1725 203
f 298 1446 1934
f 1753 1419 298
f 1961 1419 1753
f 1718 203 1134
f 1934 203 1718
f 845 1934 1718
f 298 1934 845
f 1753 298 845
f 1753 845 1640
f 1753 1640 1789
f 1383 122 1604
f 1377 122 1383
f 718 1195 1377
f 718 1377 1383
f 1716 1195 718
f 1383 1604 1419
f 1383 1419 1961
f 1461 718 1383
f 1593 1716 718
f 1461 1383 1961
f 718 1461 1262
f 1593 718 1262
f 1461 1961 1442
f 1461 1614 1262
f 1961 1753 1789
f 1442 1961 1789
f 1614 1461 1442
f 823 1262 1614
f 961 1262 823
f 702 1442 1789
f 1614 1442 702
f 680 785 1899
f 1899 1811 783
f 1899 783 1455
f 680 1899 182
f 902 1811 283
f 667 783 1811
f 803 1899 1455
f 182 1899 803
f 1889 343 803
f 343 182 803
f 1276 1811 902
f 459 667 1276
f 667 1811 1276
f 667 459 19
f 783 667 19
f 256 1455 279
f 783 19 279
f 1455 783 279
f 1889 1455 256
f 1889 803 1455
f 19 459 731
f 256 414 1889
f 343 1889 414
f 345 343 414
f 345 414 602
f 250 343 345
f 543 902 149
f 902 283 28
f 902 28 149
f 32 902 114
f 902 543 114
f 32 1276 902
f 260 1276 1031
f 1276 32 1031
f 260 459 1276
f 1031 95 260
f 95 565 260
f 565 459 260
f 731 459 565
f 731 565 254
f 19 731 254
f 549 19 254
f 1834 256 279
f 279 19 549
f 1834 279 549
f 602 414 256
f 602 256 1834
f 418 1033 1112
f 1033 549 254
f 254 565 1112
f 1033 254 1112
f 94 1834 549
f 94 549 1033
f 94 602 1834
f 742 28 85
f 742 543 149
f 149 28 742
f 552 543 742
f 36 32 114
f 114 543 552
f 36 114 552
f 255 32 36
f 13 95 255
f 1031 32 255
f 95 1031 255
f 1112 95 13
f 1112 565 95
f 742 85 1573
f 825 742 1573
f 825 36 552
f 552 742 825
f 395 36 825
f 395 13 255
f 255 36 395
f 13 418 1112
f 973 1710 785
f 973 181 1710
f 657 154 181
f 657 181 973
f 1069 154 657
f 1069 121 154
f 121 1069 271
f 271 1315 121
f 128 785 680
f 700 785 128
f 700 973 785
f 700 657 973
f 657 700 365
f 112 657 365
f 1069 657 112
f 112 365 830
f 830 271 112
f 271 1069 112
f 680 182 1084
f 1084 128 680
f 745 128 1084
f 466 700 128
f 466 128 745
f 365 700 466
f 192 365 466
f 1803 192 466
f 466 745 1803
f 1803 462 192
f 830 365 192
f 462 830 192
f 182 343 1435
f 1084 182 1435
f 912 1084 1435
f 745 1084 912
f 1435 343 250
f 184 1435 250
f 912 1435 184
f 560 912 184
f 1803 745 912
f 560 1803 912
f 208 250 345
f 208 345 17
f 843 250 208
f 208 17 1642
f 1474 843 208
f 1474 208 1642
f 1474 1642 1734
f 1155 1734 106
f 1522 1033 418
f 94 1033 1522
f 1522 17 94
f 17 602 94
f 17 345 602
f 1642 17 1522
f 1793 1642 1522
f 106 1642 1793
f 106 1734 1642
f 106 1793 1930
f 106 1930 1698
f 1698 1191 106
f 1191 1155 106
f 1835 825 1573
f 1835 311 395
f 1835 395 825
f 418 13 395
f 311 418 395
f 1522 418 311
f 1093 311 1835
f 1793 1522 311
f 1093 1835 474
f 1793 311 1093
f 1093 474 1792
f 1930 1793 1093
f 1792 1930 1093
f 1095 1930 1792
f 1095 1698 1930
f 788 1315 271
f 788 271 924
f 338 788 924
f 808 924 462
f 924 830 462
f 271 830 924
f 808 338 924
f 351 338 808
f 1779 338 351
f 1898 338 1779
f 1246 1898 1779
f 1246 1422 1898
f 1677 1422 1246
f 462 1803 1101
f 808 462 1101
f 351 808 1101
f 184 250 843
f 560 184 843
f 843 1101 560
f 1101 1803 560
f 1474 1101 843
f 351 1101 1474
f 1474 1779 351
f 1734 1779 1474
f 1734 1246 1779
f 1155 1246 1734
f 1155 1677 1246
f 1191 1628 1155
f 1628 1191 1574
f 1689 1628 1574
f 1890 1689 1574
f 1273 1191 1698
f 1574 1191 1273
f 664 55 1273
f 55 1574 1273
f 55 1890 1574
f 822 1698 1095
f 822 1273 1698
f 664 1273 822
f 664 822 1111
f 1074 664 1111
f 1074 1999 664
f 1999 55 664
f 1535 603 1825
f 1673 603 1535
f 1796 1850 1535
f 1743 603 1677
f 1422 1677 603
f 1825 603 1743
f 1825 1389 1796
f 1796 1535 1825
f 1825 1743 1389
f 1796 1389 725
f 1628 1677 1155
f 1628 1743 1677
f 1689 1743 1628
f 1389 1743 1689
f 1389 1689 1890
f 1890 725 1389
f 1764 1885 1453
f 1837 1890 55
f 1367 1890 1837
f 1453 1367 1837
f 1514 1837 1328
f 1514 1453 1837
f 1764 1453 1514
f 709 1764 1514
f 1837 55 1999
f 1999 1074 1727
f 1727 1328 1999
f 1328 1837 1999
f 1788 1969 1727
f 1969 1328 1727
f 1969 1514 1328
f 709 1514 1969
f 1969 1788 1268
f 1268 709 1969
f 1439 1850 1796
f 403 1255 1348
f 1439 1796 68
f 1439 68 1266
f 1348 1439 1266
f 403 1348 1266
f 974 403 1515
f 974 1255 403
f 68 1796 725
f 1266 68 926
f 1515 403 1266
f 926 725 1367
f 926 68 725
f 1885 1266 926
f 1885 1515 1266
f 905 1515 1885
f 1367 725 1890
f 1453 926 1367
f 1885 926 1453
f 905 1885 1764
f 1363 905 1447
f 1289 1363 347
f 347 1163 1289
f 1447 1764 709
f 1447 905 1764
f 1447 709 821
f 1447 821 1653
f 1653 347 1363
f 1363 1447 1653
f 347 1653 1964
f 821 709 1268
f 1666 821 1268
f 1653 821 1666
f 1125 1666 1967
f 1653 1666 1125
f 1125 1964 1653
f 1895 1255 974
f 1895 974 1992
f 1339 1135 1992
f 1134 1135 722
f 1992 974 1814
f 1339 1992 1814
f 722 1135 1339
f 1814 974 1515
f 368 1339 1814
f 1780 1339 368
f 1780 722 1339
f 767 722 1780
f 1814 1515 905
f 368 1814 905
f 1780 368 1289
f 1163 1780 1289
f 1163 767 1780
f 1363 368 905
f 1289 368 1363
f 1964 1962 347
f 1962 1163 347
f 1869 1962 1964
f 1450 1962 1869
f 1869 1467 1450
f 1467 1869 1914
f 1321 1102 1125
f 1102 1964 1125
f 1102 1869 1964
f 1314 1102 1892
f 1314 1869 1102
f 1914 1869 1314
f 1868 1314 1892
f 1747 845 1718
f 845 1747 328
f 328 1640 845
f 1789 1640 1513
f 767 1718 1134
f 1134 722 767
f 1747 1718 767
f 1513 1640 328
f 1897 1747 767
f 1576 1747 1897
f 328 1747 1576
f 328 1576 882
f 882 1513 328
f 1073 1513 882
f 1897 767 1163
f 1073 882 1467
f 1962 1897 1163
f 1897 1962 1450
f 1576 1897 1450
f 882 1576 1450
f 1467 882 1450
f 1697 1467 1914
f 1130 1697 1914
f 1130 1566 1697
f 574 1566 1130
f 574 1130 1731
f 574 1731 942
f 942 1773 574
f 1529 1314 1868
f 1529 1914 1314
f 1529 1130 1914
f 1130 1529 1731
f 1731 1529 1301
f 752 1731 1301
f 752 942 1731
f 702 1789 1513
f 1614 702 1001
f 1816 823 1001
f 823 1614 1001
f 1373 702 1513
f 352 1001 1373
f 1001 702 1373
f 1373 1513 1073
f 1226 1001 352
f 1816 1001 1226
f 202 1373 1073
f 1566 352 202
f 352 1373 202
f 202 1073 1467
f 202 1467 1697
f 1566 202 1697
f 574 1226 1566
f 1226 352 1566
f 1773 1226 574
f 797 1523 914
f 1283 1523 797
f 914 1459 513
f 914 1280 1459
f 914 889 1280
f 1523 889 914
f 1283 1634 1523
f 1523 1293 889
f 1634 1293 1523
f 889 1361 1280
f 889 1559 1361
f 1293 1559 889
f 1293 1657 1559
f 1657 1293 1634
f 1634 1947 1657
f 682 1209 1361
f 682 1361 1559
f 1741 1283 1296
f 1853 1864 1692
f 1971 1864 1853
f 1741 1634 1283
f 475 1634 1741
f 475 1741 1692
f 1692 1864 475
f 1971 1410 1864
f 1864 649 475
f 649 1520 1634
f 649 1634 475
f 1864 851 649
f 1410 851 1864
f 1520 1947 1634
f 649 1745 1520
f 649 851 1745
f 1183 851 1410
f 1971 1853 747
f 1622 1021 747
f 1426 1021 1622
f 1862 1426 1622
f 1862 1481 1426
f 1021 1971 747
f 1790 1971 1021
f 1481 1298 1426
f 1971 1790 1410
f 1021 1933 1790
f 1933 1021 1426
f 1426 1298 1933
f 1108 1410 1790
f 1108 1790 1933
f 1298 1336 1933
f 225 1336 1298
f 1108 1183 1410
f 1933 773 1108
f 1336 773 1933
f 225 1506 1336
f 1108 1243 1183
f 1108 773 1243
f 1481 1862 1468
f 719 1468 1594
f 1594 847 719
f 1516 847 1594
f 1468 1405 1481
f 719 1405 1468
f 1516 1038 847
f 847 1141 719
f 1038 1479 847
f 1405 1298 1481
f 1141 1405 719
f 847 1479 1141
f 225 1298 1405
f 1405 787 225
f 787 1405 1141
f 1479 1552 1141
f 1479 1297 1552
f 1552 1211 787
f 1552 787 1141
f 225 1553 1506
f 787 1553 225
f 1211 1553 787
f 1552 1654 1211
f 1297 1654 1552
f 1211 219 1553
f 1654 219 1211
f 1560 1654 1297
f 1560 1632 1654
f 8 1038 1516
f 8 1516 1650
f 1925 1726 8
f 8 416 1038
f 1726 416 8
f 416 10 1038
f 1726 1083 416
f 1038 10 1479
f 1083 10 416
f 10 1297 1479
f 1681 1297 10
f 1083 1989 10
f 1989 1681 10
f 1550 670 1925
f 670 1726 1925
f 763 670 1550
f 763 342 670
f 763 720 342
f 405 720 763
f 670 455 1726
f 670 1342 455
f 342 1342 670
f 1395 342 720
f 1083 1726 455
f 533 1667 1342
f 533 1342 342
f 655 533 1395
f 533 342 1395
f 655 895 533
f 895 285 533
f 285 319 533
f 455 1989 1083
f 1406 1989 455
f 1406 455 1342
f 1342 1667 1406
f 533 319 1667
f 319 452 1667
f 632 452 319
f 632 319 285
f 308 452 632
f 452 1087 1667
f 152 1087 452
f 152 452 308
f 140 978 152
f 140 152 308
f 64 1681 1989
f 1508 64 1989
f 1508 1989 1406
f 1508 1406 1667
f 1087 1508 1667
f 152 907 1087
f 978 907 152
f 34 432 907
f 978 34 907
f 741 34 978
f 464 1371 34
f 741 464 34
f 464 1213 1371
f 1681 1560 1297
f 1681 64 1560
f 1508 572 64
f 1508 1087 572
f 1087 1417 572
f 907 1417 1087
f 907 432 1417
f 1371 523 432
f 1371 432 34
f 1371 287 523
f 758 287 1371
f 1213 758 1371
f 64 665 1560
f 572 665 64
f 572 1417 1646
f 1417 7 1646
f 1417 523 7
f 1417 432 523
f 523 1123 7
f 523 287 1123
f 457 180 405
f 180 720 405
f 506 861 457
f 861 180 457
f 116 861 506
f 807 116 506
f 497 807 506
f 497 636 807
f 636 842 1763
f 147 655 1395
f 1395 720 180
f 147 1395 180
f 147 562 655
f 562 895 655
f 1356 562 147
f 147 180 861
f 1356 147 861
f 861 116 1356
f 1624 116 807
f 1624 807 636
f 636 448 1624
f 448 636 1763
f 801 448 1763
f 801 1221 448
f 151 562 1831
f 151 285 895
f 562 151 895
f 1356 1831 562
f 622 1831 1356
f 622 1356 116
f 622 116 1624
f 844 622 1624
f 448 874 844
f 448 844 1624
f 1221 1129 448
f 1129 874 448
f 1221 465 1129
f 599 465 1221
f 151 308 632
f 632 285 151
f 151 582 144
f 144 308 151
f 144 140 308
f 582 151 1831
f 1831 1984 582
f 582 1645 144
f 1984 776 582
f 776 1645 582
f 1984 1831 622
f 622 126 1984
f 844 126 622
f 844 832 126
f 874 832 844
f 1571 832 874
f 1129 1571 874
f 465 1612 1571
f 465 1571 1129
f 465 470 1612
f 1645 813 144
f 813 140 144
f 1645 424 813
f 424 741 978
f 978 140 813
f 424 978 813
f 424 99 741
f 188 424 1645
f 776 188 1645
f 188 99 424
f 126 776 1984
f 126 853 776
f 853 188 776
f 832 853 126
f 832 1387 853
f 1387 832 1571
f 1022 1387 1571
f 1612 1022 1571
f 1612 881 1022
f 470 881 1612
f 124 741 99
f 124 464 741
f 124 1213 464
f 1878 1213 124
f 188 935 99
f 935 124 99
f 935 1227 124
f 1227 1878 124
f 935 188 853
f 1227 935 23
f 23 959 1227
f 1387 542 853
f 23 935 853
f 542 23 853
f 542 520 23
f 542 985 520
f 542 1387 1022
f 1022 985 542
f 756 520 985
f 881 1292 1022
f 985 1022 1292
f 1292 756 985
f 508 756 1292
f 608 1292 881
f 608 1730 1292
f 1730 508 1292
f 520 959 23
f 554 801 1079
f 364 554 1079
f 337 554 364
f 492 337 364
f 492 439 337
f 336 439 492
f 336 593 439
f 593 336 1867
f 593 197 1795
f 1795 871 593
f 1221 801 554
f 554 599 1221
f 337 423 554
f 423 599 554
f 439 423 337
f 439 1758 205
f 205 423 439
f 593 1758 439
f 593 871 1758
f 645 599 423
f 205 645 423
f 586 645 205
f 1758 586 205
f 1602 586 1758
f 871 1602 1758
f 470 465 599
f 599 645 470
f 33 470 645
f 33 645 586
f 888 33 586
f 888 586 1602
f 1602 1492 888
f 1492 1602 871
f 4 161 1492
f 1492 246 4
f 246 496 4
f 1492 871 246
f 33 681 470
f 681 881 470
f 681 608 881
f 1158 608 681
f 1158 1630 608
f 33 274 681
f 274 1158 681
f 274 33 888
f 274 186 1158
f 186 1630 1158
f 274 888 1492
f 161 274 1492
f 186 274 161
f 4 186 161
f 86 186 4
f 496 86 4
f 1630 1730 608
f 1630 937 1730
f 1630 186 86
f 937 1630 86
f 1559 1380 682
f 1657 1380 1559
f 1657 1080 1380
f 1947 1080 1657
f 1947 1340 1080
f 1044 1451 682
f 1380 1044 682
f 1380 1253 1044
f 1080 1253 1380
f 1044 1833 1451
f 1080 1772 1253
f 1340 1772 1080
f 1253 1833 1044
f 775 1833 1253
f 1772 775 1253
f 775 1817 1833
f 1772 129 775
f 1456 129 1772
f 1833 1817 1690
f 1561 1817 775
f 129 1561 775
f 1817 1311 1690
f 1360 1311 1817
f 1561 1360 1817
f 1378 1360 1561
f 1378 1561 129
f 155 1378 129
f 1360 752 1311
f 1086 752 1360
f 1378 1086 1360
f 1086 1378 155
f 155 1975 1086
f 155 1754 1975
f 1520 1340 1947
f 1745 1340 1520
f 851 1012 1745
f 851 736 1012
f 736 851 1183
f 391 1340 1745
f 1012 391 1745
f 1456 1772 1340
f 391 1456 1340
f 159 391 1012
f 736 159 1012
f 1476 159 736
f 159 1456 391
f 1617 1456 159
f 1174 1617 159
f 1174 159 1476
f 1915 1174 1476
f 1872 129 1456
f 1617 1872 1456
f 1872 155 129
f 1527 155 1872
f 1617 1527 1872
f 1617 1819 1527
f 1819 1617 1174
f 1915 1686 1174
f 1686 1819 1174
f 1527 1754 155
f 1605 1754 1527
f 1819 1605 1527
f 1819 1519 1605
f 1686 512 1819
f 512 1519 1819
f 736 1183 1243
f 1708 1243 773
f 773 703 1708
f 1336 703 773
f 1506 703 1336
f 1404 703 1506
f 1243 1762 736
f 1243 1708 1762
f 1476 736 1762
f 1404 1952 703
f 1762 1915 1476
f 1820 1915 1762
f 1820 1762 1708
f 703 1820 1708
f 703 1952 1820
f 490 1952 1404
f 550 1915 1820
f 1952 550 1820
f 1952 1778 550
f 490 1778 1952
f 490 1269 1778
f 1269 1007 1778
f 550 1686 1915
f 550 1866 1686
f 1778 1866 550
f 1778 1007 1866
f 1007 1767 1866
f 1767 1751 1866
f 1007 1355 1767
f 512 1686 1866
f 1866 1751 512
f 1720 1404 1506
f 1720 1506 1553
f 219 1720 1553
f 1654 673 219
f 673 1654 1632
f 1497 673 1632
f 490 1404 1720
f 1720 1845 490
f 1845 1720 219
f 1845 219 673
f 673 1465 1845
f 1497 1465 673
f 1497 1041 1465
f 1542 1579 1041
f 1157 1542 1041
f 1845 1269 490
f 1845 654 1269
f 1465 654 1845
f 1465 1579 654
f 1041 1579 1465
f 1355 1007 1269
f 654 1355 1269
f 654 868 1355
f 1579 868 654
f 1560 665 1632
f 1497 1632 665
f 1646 1475 665
f 1646 665 572
f 1988 1475 1646
f 1646 7 1988
f 7 1123 1988
f 1475 1497 665
f 1041 1497 1475
f 1157 1041 1475
f 1475 1988 1157
f 1215 1346 1008
f 1346 1716 1008
f 694 1215 1008
f 1716 1593 1008
f 375 694 1008
f 1008 1593 1344
f 375 1008 1344
f 1593 1262 961
f 1344 1593 961
f 1706 375 1344
f 1344 961 265
f 1706 1344 265
f 587 375 1706
f 1394 961 823
f 265 961 1394
f 1284 1706 265
f 1871 694 479
f 1075 1841 1500
f 1075 1500 479
f 479 694 172
f 1237 479 172
f 1075 479 1237
f 172 694 375
f 628 1075 1237
f 1905 172 375
f 1053 1237 172
f 1053 172 1905
f 628 1237 1053
f 1905 375 587
f 1053 1905 1066
f 1236 628 1053
f 628 1236 744
f 1066 1905 587
f 1236 1053 1066
f 617 1600 1841
f 1600 617 1908
f 1908 1903 1600
f 617 1841 1075
f 617 1075 1411
f 1635 142 1903
f 1903 1908 1635
f 1411 1075 628
f 1810 617 1411
f 1908 617 1810
f 1908 1810 1635
f 1635 1810 674
f 1411 628 168
f 1810 1411 168
f 744 168 628
f 1810 168 704
f 674 1810 704
f 1974 168 744
f 704 168 1974
f 674 704 1277
f 529 1855 1320
f 1855 1732 1320
f 1300 1951 591
f 1951 1097 591
f 142 1512 1903
f 1034 1512 142
f 591 1097 1724
f 1097 1034 1724
f 1904 1034 142
f 1724 1034 1904
f 591 1131 1300
f 487 591 1724
f 591 487 1131
f 1904 1635 1337
f 142 1635 1904
f 983 1724 1904
f 487 1724 983
f 1337 1635 674
f 1932 1904 1337
f 1904 1932 983
f 1337 243 1932
f 1597 983 1932
f 487 983 1597
f 1732 487 1597
f 243 1337 1277
f 1337 674 1277
f 1597 1932 1295
f 1732 1597 1320
f 1081 913 382
f 913 1081 224
f 551 913 224
f 597 551 224
f 630 551 597
f 1081 382 1540
f 224 1081 870
f 101 224 870
f 597 224 101
f 1081 1540 314
f 314 811 1144
f 1144 870 314
f 870 1081 314
f 1039 569 1144
f 101 870 1144
f 569 101 1144
f 130 1540 1685
f 1540 130 314
f 314 130 811
f 341 1039 1144
f 341 1144 811
f 22 1039 341
f 22 341 71
f 130 1685 1184
f 130 619 811
f 227 811 619
f 227 341 811
f 537 357 82
f 98 940 82
f 357 98 82
f 98 227 940
f 98 357 201
f 71 98 201
f 341 227 98
f 71 341 98
f 619 130 1184
f 1184 290 619
f 1466 227 619
f 132 82 363
f 82 940 363
f 940 1466 363
f 227 1466 940
f 67 349 1213
f 30 349 67
f 67 511 30
f 511 132 30
f 511 537 132
f 537 82 132
f 1994 1855 1184
f 1855 1954 1184
f 1184 1954 290
f 1228 1466 290
f 290 929 1228
f 619 290 1466
f 964 1228 733
f 964 363 1228
f 363 1466 1228
f 349 287 758
f 349 758 1213
f 733 287 349
f 349 30 964
f 964 733 349
f 964 30 132
f 132 363 964
f 1954 1855 529
f 1954 1849 929
f 1954 929 290
f 287 733 1123
f 733 1625 1123
f 733 1228 1625
f 1228 929 1625
f 1300 880 1951
f 880 1414 382
f 1354 880 382
f 1414 880 1300
f 1540 382 1414
f 1414 1300 1131
f 1414 1685 1540
f 1685 1414 1131
f 1131 487 1994
f 1685 1131 1994
f 1685 1994 1184
f 487 1732 1994
f 1855 1994 1732
f 1063 630 597
f 1120 1063 597
f 688 1884 88
f 88 1241 1637
f 1637 1241 377
f 1637 377 1218
f 726 1564 1218
f 683 101 569
f 683 216 101
f 216 1120 597
f 216 597 101
f 216 1884 1120
f 779 1884 216
f 88 779 1241
f 88 1884 779
f 1218 377 1599
f 920 726 1218
f 920 1218 1599
f 569 1039 778
f 1070 569 778
f 683 569 1070
f 447 683 1070
f 1358 216 683
f 683 447 1358
f 779 216 1358
f 1285 1241 779
f 1285 779 1358
f 377 1241 1285
f 1179 377 1285
f 1599 377 1179
f 545 1179 228
f 545 1599 1179
f 545 920 1599
f 1483 71 201
f 282 71 1483
f 778 1039 22
f 22 71 282
f 778 22 282
f 609 282 1483
f 447 1070 778
f 778 282 609
f 447 778 609
f 447 609 1887
f 1613 447 1887
f 1613 1358 447
f 1613 1285 1358
f 1285 1613 1117
f 604 1285 1117
f 604 1179 1285
f 207 228 604
f 228 1179 604
f 228 207 434
f 217 537 511
f 217 676 537
f 676 357 537
f 676 789 357
f 201 357 789
f 1483 201 789
f 353 789 676
f 353 1483 789
f 609 1483 353
f 1887 609 353
f 478 1887 353
f 456 1887 478
f 1613 1887 456
f 378 456 1917
f 378 1117 456
f 1117 1613 456
f 378 604 1117
f 1310 378 535
f 207 378 1310
f 604 378 207
f 434 207 1310
f 1878 67 1213
f 198 67 1878
f 198 511 67
f 198 217 511
f 1227 198 1878
f 1159 198 1227
f 1159 217 198
f 1159 536 217
f 676 217 536
f 353 676 536
f 583 536 1159
f 583 1800 536
f 1800 478 536
f 353 536 478
f 44 1800 583
f 1917 478 1800
f 1917 456 478
f 44 535 1917
f 1917 1800 44
f 1537 520 756
f 44 1537 756
f 1539 44 756
f 535 44 1539
f 378 1917 535
f 1539 756 508
f 508 610 1539
f 535 1539 610
f 610 1310 535
f 247 508 1730
f 610 508 247
f 247 516 610
f 1310 610 516
f 959 1159 1227
f 583 1159 959
f 520 1537 959
f 1537 583 959
f 583 1537 44
f 156 828 396
f 472 80 828
f 716 460 156
f 460 472 828
f 460 828 156
f 460 716 726
f 460 726 522
f 435 1760 957
f 957 871 1795
f 435 957 1795
f 1503 1760 435
f 1503 80 1760
f 1503 396 828
f 1503 828 80
f 545 522 920
f 522 726 920
f 387 444 80
f 387 80 472
f 522 545 611
f 387 472 460
f 611 387 460
f 460 522 611
f 1760 656 957
f 626 656 1760
f 80 444 626
f 80 626 1760
f 611 444 387
f 611 757 444
f 757 708 444
f 611 545 757
f 246 871 957
f 626 878 656
f 878 708 204
f 878 626 708
f 626 444 708
f 1048 228 434
f 1048 434 374
f 1048 545 228
f 204 1806 878
f 204 505 51
f 51 1806 204
f 1048 374 505
f 757 505 708
f 505 204 708
f 505 757 1048
f 757 545 1048
f 246 215 496
f 215 246 957
f 1219 316 215
f 1219 215 957
f 656 1219 957
f 1806 1219 656
f 878 1806 656
f 1572 1310 516
f 1572 434 1310
f 374 434 1572
f 215 638 496
f 711 86 496
f 638 711 496
f 638 215 316
f 316 26 638
f 1572 516 26
f 605 1572 26
f 643 26 316
f 316 1219 1806
f 643 316 1806
f 643 605 26
f 605 374 1572
f 51 605 643
f 643 1806 51
f 605 51 374
f 51 505 374
f 937 247 1730
f 937 678 247
f 678 516 247
f 711 678 937
f 711 937 86
f 638 678 711
f 26 678 638
f 26 516 678
f 942 1402 1773
f 1776 1402 942
f 849 1402 1776
f 1319 849 1776
f 1319 1247 849
f 1785 942 752
f 1086 1785 752
f 1785 1776 942
f 1975 1785 1086
f 1975 1319 1785
f 1319 1776 1785
f 823 1816 1394
f 1284 265 1558
f 265 1394 1558
f 1577 1706 1284
f 587 1706 1577
f 1394 1816 672
f 1558 1394 672
f 1142 1284 1558
f 1142 1577 1284
f 1816 1226 672
f 1196 1558 672
f 1142 1558 1196
f 1577 1142 724
f 672 1226 1773
f 1402 672 1773
f 1196 672 1402
f 849 1196 1402
f 849 1142 1196
f 1247 1142 849
f 724 1142 1247
f 1257 1247 1319
f 1257 1531 1247
f 1161 1257 1949
f 1531 1257 1161
f 1949 1891 1161
f 1963 1891 1949
f 1902 1319 1975
f 1902 1257 1319
f 1902 1975 1754
f 1605 1902 1754
f 1902 1949 1257
f 1605 1949 1902
f 1949 1605 1519
f 1963 1949 1519
f 1536 587 1577
f 1066 587 1536
f 118 1236 1066
f 118 1536 1913
f 118 1066 1536
f 1151 1236 118
f 744 1236 1151
f 724 1536 1577
f 1913 1536 724
f 624 118 1913
f 1151 118 624
f 884 1151 624
f 1531 724 1247
f 1913 724 1531
f 624 1913 1531
f 624 1531 1161
f 1891 624 1161
f 884 624 1891
f 1054 884 1891
f 1147 884 1054
f 1147 1054 1886
f 1886 468 1147
f 1317 468 1886
f 1054 1891 1963
f 1054 1963 1178
f 1886 1054 1178
f 1886 1178 659
f 659 1751 1767
f 1480 1886 659
f 1480 659 1767
f 1317 1886 1480
f 532 1480 1767
f 512 1178 1519
f 1178 1963 1519
f 1751 1178 512
f 659 1178 1751
f 704 1974 1325
f 1277 704 1325
f 1916 744 1151
f 1974 744 1916
f 1325 1974 1916
f 1469 1277 1325
f 1469 1338 1277
f 908 1325 1916
f 1469 1325 908
f 1338 1469 468
f 1916 1151 884
f 908 1916 884
f 908 884 1147
f 1147 1469 908
f 1469 1147 468
f 1320 1471 529
f 1320 1661 1471
f 529 1471 814
f 1983 1661 69
f 613 1471 1983
f 1471 1661 1983
f 1471 613 240
f 1471 240 814
f 1157 600 1542
f 600 240 1542
f 600 1595 240
f 1595 814 240
f 1983 686 1317
f 1983 69 686
f 613 1983 805
f 1511 868 1579
f 613 805 1511
f 1542 1511 1579
f 240 1511 1542
f 240 613 1511
f 532 1317 1480
f 686 468 1317
f 1317 532 805
f 1983 1317 805
f 532 1355 868
f 868 805 532
f 1511 805 868
f 532 1767 1355
f 243 1277 1338
f 1521 1932 243
f 1295 1932 1521
f 1295 1661 1320
f 1320 1597 1295
f 1521 243 1338
f 1661 1295 1521
f 1661 1521 69
f 1338 468 686
f 69 1338 686
f 69 1521 1338
f 1849 529 814
f 1954 529 1849
f 1870 1625 1699
f 929 1699 1625
f 1699 929 1849
f 1123 1870 1988
f 1625 1870 1123
f 1988 1870 1157
f 1870 600 1157
f 1870 1595 600
f 1870 1699 1595
f 1699 814 1595
f 1699 1849 814

