# https://github.com/mikedh/trimesh
v 0.39408281 -0.61226094 -0.20772628
v 0.34711725 0.27434370 -0.24595900
v 0.10114790 -0.59461570 0.44167861
v 0.10202693 0.01582273 -0.44543558
v -0.21011771 -0.46391055 0.40624028
v -0.11961906 -0.60910445 0.43117571
v -0.37287486 0.32167336 0.12319207
v 0.15277947 -0.67109179 -0.38120249
v 0.19438742 -0.63958502 -0.38797420
v 0.12685554 0.48344463 -0.15564154
v 0.37890643 -0.14070438 -0.25768739
v -0.37479022 -0.69357049 0.11722152
v -0.19972345 0.16653855 -0.40821671
v 0.44775099 0.19322810 0.07081353
v -0.24635538 -0.71084535 -0.28024095
v -0.20297845 -0.29723138 0.41063380
v 0.08856517 -0.28940555 -0.44949216
v -0.32471660 0.36377057 0.11815906
v -0.34475231 -0.29723138 -0.30193514
v 0.43171006 0.13185842 -0.15263572
v 0.16975108 -0.78353357 -0.12300505
v 0.44972396 -0.28157949 0.08732773
v -0.45130706 -0.60291523 0.02579540
v -0.09289458 -0.02507171 0.44830099
v 0.43755552 0.20999645 0.10386295
v 0.08475120 0.77457100 -0.05268530
v -0.34236729 -0.60239083 -0.29641151
v -0.14911765 0.53675783 -0.08197077
v -0.41852397 0.27687660 0.05883851
v -0.31230330 -0.45092750 0.33326787
v 0.10297546 0.70411015 -0.03107417
v 0.17960720 0.48090950 0.09438100
v 0.43768650 0.16528635 -0.13009737
v 0.00446976 0.38537705 0.31300437
v -0.08962213 0.41471219 0.25394356
v 0.27629060 0.28232944 -0.31828853
v 0.45038477 -0.53979528 0.08119435
v -0.15801349 0.33753690 -0.34075227
v 0.05002677 0.51827323 -0.17224938
v 0.11757386 -0.75203639 -0.29013723
v -0.24650486 -0.73875344 0.22826947
v -0.02669167 0.54029447 0.17980255
v -0.13614316 0.15422089 -0.43661845
v 0.09311807 -0.04074163 -0.44824684
v -0.03994214 0.34696576 -0.36445972
v 0.34358022 0.34881467 0.11731363
v -0.10569082 0.24115807 0.42693552
v -0.28811699 0.35167670 -0.21592997
v -0.25275001 0.30455661 -0.31571740
v 0.12616810 -0.78328055 0.17066212
v -0.20321606 -0.71492404 -0.30977529
v -0.20120452 -0.78215706 -0.09155122
v 0.04216205 -0.71123207 -0.37080938
v -0.14079088 0.02364907 -0.43532473
v -0.35078153 -0.57901722 0.28973252
v -0.30096695 -0.06244079 0.34558481
v 0.37889597 -0.20331480 -0.25763947
v -0.40450805 -0.44593200 -0.21280313
v -0.30672485 -0.58618784 0.33839491
v -0.45736775 -0.38332117 0.02899431
v -0.41222206 -0.65923023 -0.08732765
v -0.37883633 -0.08595283 0.25768939
v 0.30081216 -0.17198969 -0.34561318
v -0.21249931 -0.36771837 0.40467843
v -0.03889452 -0.18191780 -0.45598826
v -0.01422696 0.59678674 -0.13881454
v 0.15667051 0.48585591 0.12232305
v -0.00668827 -0.16843256 -0.45613125
v 0.03085936 0.26642996 -0.42596295
v -0.22724271 0.22671551 0.38126615
v 0.33599713 -0.44959554 0.30991223
v -0.19242305 0.43005997 -0.15664479
v 0.30980110 -0.01723535 -0.33610433
v 0.37293875 -0.41221908 -0.26462659
v -0.17066206 0.52837515 0.03534339
v 0.06485138 0.50113189 0.17673202
v 0.30847475 0.38512516 0.06206234
v 0.38969433 -0.52082473 -0.23759674
v -0.14079490 -0.17984073 -0.43529764
v -0.08849023 -0.21114150 0.44948533
v -0.37822554 -0.38283762 0.25844657
v -0.44970244 -0.30505812 -0.08743287
v 0.08186570 0.78354901 0.02347900
v 0.02895954 -0.78235930 0.21843362
v 0.14119516 0.50264227 0.12419587
v 0.42100197 -0.65641141 0.00978243
v -0.44898680 -0.07218333 -0.09049181
v 0.08980513 0.30694491 -0.39393890
v 0.06885836 -0.40683550 -0.45143771
v -0.42347321 0.21559241 -0.14129120
v -0.16536629 0.43871865 0.17570607
v 0.43306768 0.08625825 -0.14946464
v 0.45736793 -0.14070418 -0.02901643
v -0.26316169 -0.13287799 -0.37414753
v 0.15019855 -0.32854518 0.43279016
v 0.44658700 -0.57917762 -0.08553310
v 0.40729135 0.10386407 0.20850524
v -0.44989192 0.06995316 -0.08609439
v 0.31526279 -0.72654384 0.16456585
v 0.20625795 -0.78364629 0.00290912
v 0.31230035 -0.07525934 -0.33328032
v 0.32041892 0.35758004 0.15019965
v 0.20064373 -0.13868926 -0.41125789
v -0.40178150 -0.66250569 0.11511274
v -0.00290586 0.22239026 -0.44589365
v 0.35305348 -0.71884686 -0.08735932
v -0.06691670 0.54018801 0.22696400
v -0.03216499 -0.55478787 -0.45687121
v 0.16234578 0.24247567 0.40822217
v -0.02948072 -0.27375180 -0.45733735
v 0.07974716 0.54169768 0.14339431
v 0.16271093 -0.68205482 0.36725071
v 0.16894409 -0.28603777 0.42384025
v -0.10174068 0.03146901 0.44551688
v 0.02944918 0.10196713 0.45733401
v -0.37833947 -0.46955544 0.25819963
v -0.30982599 -0.39289296 0.33607277
v 0.34748730 -0.56544369 -0.29356652
v 0.34470755 0.05495445 0.30190763
v 0.45412850 0.16796185 0.01995925
v -0.14684173 -0.66583455 -0.38950533
v 0.07032291 -0.67740446 -0.40119022
v -0.17956716 0.22059348 -0.40796310
v 0.15018716 0.04711992 0.43278405
v -0.40242803 -0.65180349 -0.13344264
v -0.07564320 0.49735799 0.24261700
v 0.17916593 0.30912855 0.35822242
v -0.06334312 0.50125438 -0.17741667
v -0.11764475 0.65711433 0.00012027
v 0.24886514 0.18923135 0.38040951
v 0.08767570 0.77863503 -0.03913170
v -0.10953576 0.54023790 0.32571647
v 0.00782635 0.77414101 0.09929730
v -0.12602158 0.54020137 0.20880190
v -0.12709700 0.67512900 0.23881599
v 0.01688220 0.50094134 -0.18765865
v -0.10877170 0.52452993 0.32609147
v 0.12344155 0.61813295 -0.03763418
v -0.24704866 0.42685282 0.04881502
v -0.07556731 0.60275865 0.24397713
v -0.07021440 0.68035799 -0.08597190
v -0.18660344 0.42995659 0.16374557
v -0.11669013 0.67052430 0.25641447
v -0.11739500 0.57606798 0.31087500
v -0.11702640 0.58706200 0.18592964
v -0.02347900 0.67767602 0.12982900
v 0.22218986 -0.60998666 -0.38846189
v 0.20834111 0.44774598 -0.09406636
v -0.12531310 0.54764545 0.15524051
v 0.45329031 0.19492894 -0.02955657
v 0.01095004 0.53203875 -0.17241456
v -0.11739500 0.58714598 0.30625901
v -0.10174300 0.66241300 0.27114901
v 0.27201673 0.34625533 -0.24522287
v 0.30510545 -0.56280583 -0.34124154
v -0.15851720 0.52252901 0.28606078
v -0.07043710 0.46192500 0.22206300
v -0.02353661 0.78368771 -0.08587573
v 0.04292352 0.67105126 0.10521563
v -0.10557200 0.49715400 0.30522799
v -0.10802500 0.56667298 0.31514901
v -0.14087386 0.56474811 -0.06682014
v 0.25077870 -0.59687662 -0.37577742
v -0.05861280 0.50892502 0.21283901
v 0.19417550 -0.74052447 -0.27080622
v -0.20231792 0.44368911 0.11686699
v -0.08829938 0.78256983 0.02354900
v -0.03327330 0.67184001 0.13995300
v -0.10810171 0.60753143 0.12845288
v -0.15441461 0.51171654 0.10626228
v -0.10512800 0.60279900 0.30042800
v -0.00784051 0.78296864 0.08868489
v 0.07548569 0.72804928 0.07688276
v -0.01579512 0.75398612 -0.10522182
v 0.41773283 0.23913504 0.13457873
v -0.15852299 0.55056000 0.31625399
v 0.07748340 0.50970918 -0.16659507
v -0.06206887 0.54340637 0.20907104
v -0.22776058 0.40940922 0.16043286
v -0.09255195 0.68074101 0.10200312
v -0.08608980 0.56601101 0.21131100
v -0.12694229 0.40856689 0.24914306
v 0.08772810 0.77890301 0.03913170
v -0.15772285 0.55624217 0.28663862
v -0.11739500 0.48662299 0.25827000
v 0.35301113 0.24511856 0.25780457
v -0.10174300 0.59764099 0.20746000
v -0.12853643 0.55128348 0.33219594
v -0.11693255 0.36366096 -0.32530177
v -0.12691675 0.53372252 0.13497874
v 0.02353310 0.78239739 -0.08818221
v -0.06379300 0.78310800 -0.06375680
v -0.04432080 0.67433000 0.14870100
v -0.20764236 -0.62788838 0.38745579
v -0.07745720 0.56411803 0.21131100
v -0.00783290 0.78360415 -0.08796130
v -0.15554743 0.39995286 -0.24765374
v 0.06990860 0.77577502 0.06988530
v 0.24541949 -0.63635641 0.36039716
v 0.33623758 0.19359443 -0.30115342
v 0.12627180 0.62379158 0.01438576
v 0.06889312 0.67275286 0.08993568
v 0.26688007 0.31434268 0.29291171
v -0.12748098 0.56240863 -0.09195372
v -0.10174300 0.46192500 0.21464100
v -0.01689285 0.71242571 0.10635274
v -0.43304047 -0.18765047 0.14954753
v 0.27107990 -0.66029042 -0.32151049
v -0.05510213 0.68930280 -0.09421222
v -0.13924100 0.59268898 0.29648900
v -0.10684800 0.55584103 0.31739399
v -0.10174300 0.67508298 0.25376999
v -0.09446720 0.67376697 0.12801699
v -0.07043710 0.58714598 0.19249301
v -0.10174300 0.47969499 0.22696400
v -0.08167678 0.76692837 0.06657465
v -0.08772800 0.77890199 -0.03913170
v -0.10670700 0.50888300 0.31893700
v -0.41059321 -0.02330904 -0.20305988
v 0.15818426 0.43932605 0.17617491
v 0.04251470 0.77048349 -0.09607416
v -0.12054978 0.67930228 0.21154547
v -0.13336459 0.55180907 0.22679217
v -0.08669930 0.67691499 0.14766400
v 0.40617755 -0.43259266 0.21025664
v -0.12115211 0.61257964 0.29848504
v 0.09191953 -0.78299814 -0.18904451
v -0.08608980 0.58714598 0.19487301
v 0.06557860 0.77057701 -0.08069430
v -0.10174300 0.48588601 0.24681801
v -0.12189600 0.49876001 0.33135101
v -0.13352700 0.49529099 0.24326199
v -0.13084701 0.66187698 0.25827000
v 0.26193041 0.32080886 -0.29380786
v 0.33405778 0.28670746 0.24893297
v -0.28989658 -0.64828253 0.31539935
v -0.11491500 0.67965198 0.19565900
v -0.14225000 0.64498401 0.26868799
v 0.05291730 0.77476299 -0.08481590
v 0.42522892 0.23244098 -0.12561944
v 0.00778514 0.70572203 0.10747267
v -0.07199320 0.68605000 0.19719100
v -0.10174300 0.68369800 0.18000600
v -0.08608980 0.57189697 0.19745000
v 0.10725127 0.57046700 0.10931469
v -0.16762124 0.44953981 -0.15457532
v -0.17230305 0.51821715 -0.04986275
v -0.25606796 0.35573331 -0.24678180
v -0.07043710 0.44627199 0.22736000
v -0.13176900 0.66665000 0.24346700
v -0.14410400 0.49965900 0.33008000
v 0.00789984 0.68870771 0.11409187
v 0.09928920 0.77412301 0.00782635
v 0.11691178 0.16878399 0.44030946
v 0.05858487 0.61709666 -0.11587489
v -0.08072437 0.56624621 0.25703293
v 0.37164488 0.29612961 0.17821853
v -0.02353643 0.78254497 0.08779348
v -0.13304800 0.48926300 0.28957501
v -0.10832000 0.56340897 0.20378301
v 0.13081767 -0.70293707 -0.35852244
v 0.00782635 0.77412301 -0.09928950
v -0.00782635 0.77412301 0.09928950
v -0.16458315 0.47536510 -0.12566845
v -0.10174300 0.49039400 0.27392200
v -0.13341001 0.49353999 0.18057901
v 0.38111129 -0.59509259 -0.24733156
v -0.09060370 0.49713799 0.27392200
v -0.02347900 0.68550199 0.12200000
v -0.19157992 -0.66478264 0.37072048
v -0.06218696 0.66545010 0.21364139
v 0.06437641 0.71649051 -0.08600309
v -0.14694281 0.55106562 0.25825384
v -0.11670500 0.55601197 0.32446501
v -0.07458332 0.62085837 0.24375068
v -0.11739500 0.68230498 0.22696400
v 0.12555584 0.56581163 -0.09203339
v -0.14734800 0.61845201 0.27392200
v -0.41210848 0.28845045 -0.05804683
v -0.08608980 0.68668199 0.18000600
v -0.16632700 0.52453500 0.32088000
v -0.10174300 0.47222000 0.21699101
v 0.15694839 0.55979836 -0.02291741
v 0.02347900 0.77350599 -0.09826580
v 0.19615874 -0.66632217 -0.36654416
v -0.32523939 -0.67629063 -0.24408945
v 0.09929690 0.77414101 -0.00782635
v 0.07849850 0.78288698 0.04733590
v 0.14170808 0.44491699 -0.18298216
v -0.13304800 0.56652701 0.31568399
v -0.13304800 0.49314100 0.32088000
v 0.16804926 -0.74711072 0.27609649
v 0.40187290 0.15396059 0.21708527
v -0.44105324 -0.57824033 -0.11558329
v 0.34665361 0.29961640 0.21451843
v -0.07361500 0.60622799 0.21131100
v 0.43391719 0.23809838 0.08263513
v 0.41809991 -0.64968020 0.09053554
v 0.08969200 0.78133100 0.02347900
v -0.11847300 0.44671601 0.20821400
v -0.02349463 0.64964074 0.14196780
v -0.15927500 0.53540403 0.33030501
v 0.45473447 -0.57801110 -0.04635873
v -0.28838739 0.32902163 -0.25634402
v -0.15915300 0.49772301 0.30522799
v 0.35097569 -0.65602207 -0.23710130
v -0.09354185 0.50758362 -0.15928255
v -0.07164443 0.78312510 -0.05535510
v 0.44972181 -0.46158388 0.08732890
v -0.12032000 0.48840499 0.22696400
v 0.36451966 -0.58259290 -0.27356824
v -0.08920849 0.61155051 -0.09747998
v -0.08685059 0.73557615 -0.06237296
v -0.08735310 0.57244301 0.22823900
v 0.30665201 -0.67662042 -0.26535425
v -0.10174300 0.64562798 0.28393301
v -0.08963374 0.69632638 0.07048451
v -0.15583800 0.50614703 0.28299400
v -0.09670740 0.67551303 0.15219000
v -0.12561303 0.50868440 0.17195970
v -0.11964800 0.60279900 0.18000600
v 0.29287800 -0.07846997 -0.35128012
v -0.20873097 -0.56493872 0.40728873
v -0.05497873 0.75559157 0.09177766
v 0.04896429 0.45462424 -0.21847631
v -0.00782635 0.77414101 -0.09929730
v -0.13674079 0.51250064 -0.12104996
v -0.34311736 0.31412679 -0.20002598
v 0.03069320 0.44601658 0.22858766
v -0.06807780 0.66540998 0.22696400
v -0.11851600 0.47763601 0.21082599
v 0.41959837 -0.60816485 0.15526889
v -0.12129080 0.66263121 0.19556625
v -0.15315001 0.54583901 0.32668900
v -0.11897193 0.60795450 0.16432603
v -0.13519581 -0.47119826 -0.43660426
v 0.07827022 -0.59874481 -0.44646785
v -0.14610185 0.58159882 0.25579876
v -0.09970320 0.66540998 0.11739500
v -0.15058100 0.58714598 0.27392200
v 0.39630157 0.27428499 0.14856690
v -0.11785500 0.67695397 0.24346700
v -0.14504300 0.60279900 0.28696400
v -0.10174300 0.58359802 0.22336100
v -0.10174300 0.48747799 0.25827000
v -0.07546127 0.50887841 0.24879371
v -0.05605734 0.78291476 0.07241046
v -0.12800588 0.59746617 0.22130626
v 0.41155040 -0.58198637 0.19899178
v -0.30591744 -0.70513237 0.22642881
v -0.11705228 0.58857977 0.22021700
v 0.22368205 -0.67901516 -0.33602437
v -0.05478450 0.68025798 0.13304800
v 0.06666152 0.58045316 0.12937197
v 0.10516173 0.75467408 0.01570159
v -0.08579940 0.59825599 0.21114799
v -0.09951407 0.55584753 0.30358389
v -0.12520619 0.61849529 0.20986599
v -0.11739500 0.63410401 0.28970701
v 0.05345374 -0.74569297 -0.32163608
v -0.14627901 0.49588001 0.27392200
v -0.17188184 0.53349215 -0.00579194
v 0.36275482 -0.60393393 -0.26702186
v -0.10174300 0.63410401 0.28892100
v 0.20283251 0.20975687 0.39938435
v -0.04080020 0.78407431 -0.07594513
v -0.06512163 0.61928004 0.21050362
v -0.09273340 0.49931401 0.28440201
v -0.10518950 0.42588007 0.23142077
v 0.00640068 0.34949520 -0.36273634
v -0.26430804 -0.47469792 -0.37320235
v -0.07043710 0.67923802 0.13304800
v -0.04413657 0.61849546 0.18564336
v -0.08622350 0.47767100 0.22635300
v 0.21640657 -0.15819487 -0.40214857
v -0.41140780 -0.59582108 -0.19251345
v -0.07964307 0.72803152 0.07212190
v -0.09647180 0.66620600 0.13316000
v -0.04212699 0.78373742 0.07752688
v -0.05478450 0.67734897 0.14870100
v -0.03576618 0.46673226 0.22156702
v 0.02432623 0.47642037 -0.20477554
v -0.12354050 0.52450073 0.20283310
v -0.31563088 0.32198569 -0.22976160
v 0.42416477 0.27450314 -0.03139625
v 0.30993563 0.32786733 0.22887757
v -0.07612730 0.67629600 0.23887300
v -0.12554254 0.61032218 -0.04327844
v -0.10793700 0.49907699 0.31606299
v -0.08608980 0.68300802 0.16435300
v 0.15716872 0.54885417 0.04679872
v -0.05491175 0.78324056 -0.07130215
v -0.03913170 0.71236801 0.10041200
v -0.01342876 0.61600912 0.13940752
v -0.03874720 0.67810702 0.13406099
v -0.13214500 0.63364702 0.28455201
v -0.11618900 0.46192500 0.20758000
v 0.21639270 0.26751572 0.36915281
v -0.08427376 0.68962854 0.08497848
v -0.08077458 0.63069540 0.25867337
v -0.01490145 0.53739023 0.16949402
v -0.13304800 0.57435298 0.30883500
v 0.22957316 0.35983369 0.26279682
v -0.15205400 0.57149398 0.27392200
v -0.05969720 0.70271701 0.09200070
v -0.11696500 0.49638900 0.32111999
v -0.08957440 0.64941698 0.27446100
v -0.08599772 0.64141423 -0.08601093
v -0.33290070 -0.73522526 0.07790338
v 0.07990180 0.78321898 0.03913170
v -0.14690886 0.54310495 0.33228248
v 0.08523305 0.70640928 0.06572320
v 0.06841559 0.78417051 0.03913365
v -0.44156504 -0.61767030 0.05322873
v -0.13422845 0.62732249 0.22686766
v -0.09222845 0.67749196 0.11760682
v -0.36602882 0.25566924 -0.22998676
v 0.10966748 0.67433256 0.02410345
v -0.08669930 0.67553502 0.13316000
v -0.05547250 0.66540998 0.19565900
v 0.13625905 0.42039844 0.22368822
v -0.11868200 0.54018801 0.33482701
v -0.12881000 0.49623099 0.22696400
v 0.09824261 0.75550503 0.04198747
v 0.14975657 -0.72959322 -0.31764704
v -0.07654352 -0.63801330 0.42800251
v -0.38326594 -0.60470617 0.23759063
v -0.11412300 0.60282898 0.19554900
v -0.40394512 -0.64596337 0.14814560
v -0.10174300 0.65345502 0.27897501
v -0.01972780 0.52468556 0.17855209
v -0.14729901 0.56955200 0.30365101
v -0.09929680 0.77414101 0.00782635
v -0.03472823 0.69108361 -0.10296348
v -0.08978465 0.46539766 0.21802825
v -0.15845263 0.55859870 0.30229390
v -0.10195808 0.77099240 -0.00791457
v -0.14895251 0.43981174 0.18980107
v 0.08869397 0.78295726 0.00783576
v -0.08050296 0.51197177 0.26073781
v 0.07430758 0.67340338 -0.08500924
v -0.08860739 0.52705610 0.27947479
v 0.09597234 0.44472751 0.21053375
v -0.16362301 0.50888300 0.30522799
v -0.40527779 -0.60936904 0.18816370
v -0.05473514 0.68716747 0.11307549
v -0.10445788 0.70598710 0.02706718
v -0.06806911 0.34609455 0.36193216
v -0.05423566 0.71240842 0.09349253
v -0.13573800 0.60279900 0.29479000
v -0.00785519 0.69669193 0.11176655
v -0.13304800 0.46192500 0.19582000
v 0.09258436 0.42836365 0.23257317
v -0.41058862 0.11753474 -0.20296681
v -0.07043710 0.68264198 0.16435300
v -0.07043710 0.47757700 0.22254300
v -0.03913170 0.77890301 0.08772830
v -0.08672980 0.50888300 0.27392200
v -0.45152289 -0.03253503 -0.06726578
v -0.13178401 0.51029199 0.33990300
v -0.12526058 -0.57862759 0.43764603
v -0.08037143 -0.75632250 0.29406300
v -0.24947679 -0.59294063 0.37775847
v -0.12703900 0.60558897 0.21625599
v 0.06768066 0.78438902 -0.01748328
v -0.08571480 0.49554801 0.25754100
v -0.08541600 0.67833799 0.24350099
v 0.04295460 0.78335553 0.07928374
v -0.03024484 0.57067072 0.17012537
v -0.08608980 0.68575603 0.22696400
v -0.10174300 0.68590099 0.22696400
v -0.15875855 0.49252370 0.12165866
v 0.06354777 -0.14062394 -0.45172432
v 0.09827110 0.77351499 -0.02347900
v 0.12340397 0.30884582 0.38346890
v 0.06966247 0.76297933 0.07978903
v 0.11355372 0.67117387 0.00026920
v -0.09217640 0.67179340 0.13993907
v -0.13178401 0.52545100 0.34309599
v -0.15416944 0.55183053 0.27579445
v -0.07082670 0.68210202 0.21041900
v -0.07040190 0.60354799 0.19911499
v -0.20315166 0.37652153 -0.25480050
v 0.34476244 -0.23462051 0.30192316
v -0.14175500 0.62812400 0.28262901
v -0.05086629 0.64977831 0.18972895
v -0.14933868 -0.14055723 -0.43299890
v 0.02940253 -0.49289069 0.45734277
v -0.10832000 0.56340897 0.20316000
v -0.00071435 0.45442253 0.22698683
v -0.05353870 0.67685503 0.16387200
v -0.03913170 0.77863199 -0.08767590
v -0.11298400 0.57149398 0.19239500
v -0.04945381 0.58326435 0.19037551
v -0.10255900 0.57023001 0.19846100
v -0.14956000 0.60279900 0.27392200
v 0.12594450 0.61134690 0.03991620
v -0.29755980 -0.42245260 0.34792253
v -0.16773286 0.31875816 0.35783336
v -0.05478912 0.73304182 -0.09219626
v 0.07737261 0.78374779 -0.04280867
v -0.09267390 0.48511401 0.23667499
v -0.10108900 0.49557999 0.28960201
v 0.00782664 0.78418076 0.08038405
v -0.13797146 -0.72782928 -0.32451677
v 0.09688771 0.76674038 -0.04313880
v -0.00062073 0.58741546 0.14354485
v -0.08191370 0.46192500 0.22004101
v -0.13198800 0.66540998 0.22696400
v 0.23638652 0.43629536 0.04412175
v -0.05295376 0.75934160 -0.09206343
v -0.14870100 0.49240899 0.30522799
v 0.26435003 -0.26068839 0.37316966
v 0.07609963 0.54380822 -0.14818007
v -0.12442500 0.47227100 0.20297800
v -0.08293121 0.68990743 0.20327304
v 0.17432757 0.51597053 0.04723133
v 0.08827865 0.78257775 -0.02354912
v -0.11747413 0.64950073 0.28005162
v -0.12440583 -0.63060975 -0.42016917
v 0.05478450 0.78419298 0.05478450
v -0.09095340 0.66118801 0.26960301
v -0.03913170 0.69953901 0.10516000
v -0.09513117 0.58715987 0.29191777
v -0.10063791 0.76994586 -0.02368933
v -0.22492288 0.44301569 -0.06189260
v 0.09904317 -0.69024307 -0.38239446
v 0.15791172 0.52619410 0.07709541
v 0.14381200 0.31667170 -0.36803797
v -0.13869976 0.57151133 0.24089716
v 0.00348210 -0.75504315 -0.30701271
v -0.29387686 -0.69349527 -0.26172888
v -0.34939283 0.33014607 -0.16113874
v 0.18052119 0.43894690 0.15466025
v -0.41057679 -0.48510802 -0.20311946
v -0.12094700 0.54018801 0.19565900
v -0.30128577 -0.57646722 -0.34067485
v 0.04227858 0.70586938 -0.09880696
v -0.13216300 0.64898401 0.27318901
v -0.13992406 0.50890166 0.24302323
v -0.17153718 -0.59550506 0.41898766
v -0.21221150 0.31974652 -0.33229670
v -0.08223880 0.48674101 0.23338901
v 0.08068340 0.77053899 -0.06558910
v -0.12338424 0.63412547 0.20246691
v 0.20256218 0.33768117 0.31823596
v 0.11025345 0.65026188 0.04676076
v -0.09202087 0.75938094 -0.05414823
v 0.04117531 0.76765794 0.09720377
v -0.14369901 0.63364702 0.27391201
v 0.06834602 0.77940691 -0.06837350
v 0.16134784 0.50250936 0.09582133
v 0.15029646 0.11699205 0.43267027
v 0.05783227 0.67153692 -0.09755486
v -0.07193940 0.56994897 0.19744700
v 0.30067247 -0.25027338 -0.34565684
v -0.08526842 0.55610424 -0.13604918
v -0.10095460 0.68837124 0.21133633
v 0.29043743 0.24279466 -0.33115256
v -0.10413100 0.58714598 0.30233100
v -0.09603490 0.60283744 0.29219061
v -0.08690980 0.48904800 0.24218200
v -0.16174500 0.54044801 0.32123500
v -0.05478450 0.46192500 0.22348000
v -0.09362505 0.70534414 0.05601893
v -0.15712085 0.54883677 -0.04697603
v -0.11064942 0.67140877 0.17016073
v -0.00639198 0.62910944 -0.12534146
v -0.10157361 0.64525187 0.13304326
v -0.11716925 0.57195044 0.22024412
v -0.12496021 0.51834065 0.34512594
v -0.08165748 0.76603323 -0.06658883
v 0.08176944 0.60474163 0.10823490
v -0.40176451 0.29131979 -0.10141404
v -0.08639734 -0.25481007 0.44975799
v -0.12657897 0.66074532 0.20847553
v -0.09493288 0.57150221 0.29254547
v -0.11744600 0.63410401 -0.03913170
v 0.10014078 0.55069494 0.12743944
v -0.12731560 0.53876030 -0.11175785
v -0.06875677 0.77882242 0.06878361
v -0.12349029 0.50231022 0.19368543
v -0.06107137 0.61524945 0.20050836
v -0.01643831 0.71983355 -0.10610245
v -0.16407201 0.54018801 0.30522799
v -0.14211100 0.58225298 0.29853499
v 0.20301318 0.08625478 -0.41061661
v 0.05565723 0.42202920 -0.25383452
v 0.34101945 0.30635342 -0.21837239
v -0.03147569 0.55592048 0.17784233
v -0.07660410 0.66672808 0.24595405
v 0.07214052 0.78298718 -0.05566978
v 0.23638579 0.14632732 0.39043462
v 0.28561053 -0.75882006 0.08978436
v 0.39166334 -0.59501290 -0.22768836
v 0.03554886 0.61407107 -0.12615778
v 0.09826540 0.77350497 0.02347900
v -0.11853700 0.60161000 0.21135300
v -0.20229413 0.46931246 -0.06197145
v -0.05461135 0.55491674 0.19615139
v 0.24810620 -0.68720704 -0.31119981
v 0.01287439 0.60979432 0.13409317
v -0.41073754 -0.36766848 -0.20305930
v -0.11717424 0.43180126 0.21786390
v -0.10174300 0.59142399 0.21528600
v -0.12017271 0.55723822 0.20857537
v 0.09583755 0.74370652 -0.04828614
v 0.08438972 0.76360697 0.06346225
v -0.21177886 0.43142629 -0.12443424
v 0.08344834 0.47099647 0.19308308
v -0.11179700 0.67684299 0.18000600
v -0.14084277 0.48068458 0.18199500
v 0.27829716 -0.57819402 -0.36108285
v 0.04736252 0.58044297 -0.14022897
v -0.02347900 0.77351499 -0.09827160
v -0.30120590 -0.54635274 0.34494376
v -0.12819888 0.56911302 0.22600806
v -0.03457320 0.52437466 0.18881559
v -0.13304800 0.48919901 0.27392200
v 0.03919863 0.75448495 -0.09910960
v -0.41527283 -0.66244918 -0.03548767
v 0.14728855 0.17937551 -0.42908353
v 0.15025650 -0.40680036 0.43278098
v 0.29556537 0.27104190 0.30567166
v -0.06908414 0.55580705 0.20683858
v -0.11540900 0.55725098 0.19702899
v 0.08826251 0.63988298 0.08447026
v -0.01578444 0.73623610 0.10559640
v -0.10174300 0.57621998 0.22336100
v -0.09725294 0.76779586 -0.04148162
v -0.14052674 0.63411200 0.24242373
v 0.09315941 0.67466706 -0.06402022
v 0.11601783 -0.65284890 -0.40740010
v -0.13721630 0.52453572 0.23482855
v -0.05510980 0.43944833 0.23423754
v -0.37787625 -0.53145576 0.25862521
v -0.21005809 -0.78274786 0.05941401
v -0.13205265 0.44170114 0.20041282
v -0.09207551 0.75934148 0.05293277
v -0.06990860 0.77577502 -0.06988510
v -0.15368988 0.56888258 0.28933698
v -0.35991013 -0.58481914 -0.27938032
v -0.12756500 0.65863198 0.26725501
v -0.10060400 0.50888300 0.30522799
v -0.16048200 0.52453500 0.33117101
v -0.14506400 0.63410401 0.25827000
v -0.17902851 0.48739713 -0.08401393
v 0.33177513 -0.58034962 -0.31118399
v 0.00785701 0.75436056 -0.10579745
v 0.11358216 -0.77089113 0.24218772
v 0.26655191 -0.76797014 -0.07554912
v -0.05268360 0.77456897 -0.08475120
v -0.09825165 0.70313114 -0.04405934
v -0.32263601 0.32778224 0.21423168
v 0.09283351 0.73649889 0.05409976
v 0.08975751 0.69680810 -0.06140297
v 0.31683919 0.34416595 0.18816359
v 0.22278605 0.45435563 0.01575287
v 0.22892961 0.44266802 -0.04497912
v 0.12320120 0.59830713 0.06375723
v -0.07373577 0.69456768 -0.08016668
v -0.10667871 0.66133434 0.08426442
v 0.00172934 0.75604814 0.10614650
v -0.03276184 0.57547897 -0.14679874
v -0.02341430 0.69775814 0.11005725
v -0.08069919 0.59086734 0.24481142
v 0.03772140 0.64136618 -0.11593568
v -0.11739500 0.48924199 0.28957501
v -0.05488424 0.47761583 0.21921013
v 0.38529575 -0.69899559 0.01787212
v -0.15872400 0.51037198 0.28875700
v -0.07475365 0.59986919 0.22689995
v -0.08475110 0.77456802 0.05268320
v -0.07441729 0.53441364 0.24644986
v 0.10114636 0.22662240 -0.43370757
v -0.18944548 0.07060654 0.41582641
v -0.05456440 0.69627202 0.10178700
v -0.05907627 0.57495719 -0.13871533
v -0.13363300 0.58734101 0.30122399
v -0.07857275 0.70877337 0.07439095
v -0.12337800 0.67269498 0.24925099
v -0.15990709 0.49268252 -0.10950902
v -0.10279597 0.61866963 0.29464054
v 0.14133789 0.58480334 -0.03622620
v 0.38719746 -0.42423284 -0.24245447
v 0.45223486 -0.57952654 0.05543107
v -0.11970400 0.61845201 0.19565900
v 0.43945575 -0.60898042 0.09407578
v 0.05088609 0.45325559 0.21842210
v -0.07043710 0.68312502 0.11739500
v -0.07683074 0.65463525 0.24893157
v -0.09082330 0.59379900 0.21625599
v -0.37626326 0.28898194 -0.17972858
v 0.02380161 0.78164202 0.09239435
v 0.35846993 -0.60979867 0.26758102
v -0.09680372 0.67331117 -0.05805662
v -0.21245745 0.07060877 0.40471125
v -0.22384529 0.35548788 0.27737355
v -0.22842346 0.44857717 -0.00151059
v 0.03788729 0.67350459 -0.10593955
v -0.27887982 0.39924407 0.09217481
v 0.39969537 0.28243440 -0.13323036
v -0.08731930 0.63410401 0.27392200
v 0.21685852 0.45511526 0.05382903
v 0.06452278 -0.61132389 0.44209659
v -0.13304800 0.49828601 0.33171901
v -0.12010400 0.51029199 0.33655399
v -0.05478450 0.60279900 0.19352899
v -0.11739500 0.49149001 0.30522799
v 0.26316932 -0.08592501 0.37414795
v -0.43475777 0.24775976 -0.02874640
v -0.05705560 0.67830801 0.18000600
v -0.06937864 0.76385176 -0.07975889
v 0.20619547 0.45022589 0.09518269
v 0.20301554 -0.31288400 -0.41075829
v -0.45736939 -0.49289000 0.02898783
v -0.42399564 -0.59551138 -0.15738083
v 0.21017815 -0.44827044 -0.40622592
v -0.08608980 0.68855500 0.19239800
v -0.00822249 0.60319364 0.14117454
v -0.12619685 0.49434924 0.20917387
v 0.38813561 -0.61203927 0.22133459
v -0.02254270 0.61721599 0.14663000
v -0.14577463 0.27125755 0.39925903
v 0.41077507 -0.50071639 0.20297900
v -0.06283160 0.52450526 0.21771576
v 0.08481390 0.77476197 0.05291400
v -0.00469275 0.55662674 0.15838791
v -0.08472439 0.67305905 -0.07472856
v -0.01759815 0.78437895 0.06954078
v 0.33180714 -0.68362808 0.22352549
v -0.10174300 0.67023998 0.26159701
v -0.20924824 0.32999218 0.32082072
v 0.03097170 0.58040202 0.14147890
v -0.04699361 0.45462617 -0.21827547
v 0.09742438 0.61100692 0.08981063
v -0.11739500 0.60279900 0.30160001
v 0.08899010 0.78292316 -0.00783838
v -0.02450678 0.58697981 0.15343536
v 0.31277496 -0.59261316 0.32803807
v -0.08608980 0.68836099 0.21406101
v 0.30363351 0.14694223 -0.34296274
v -0.07764170 0.50000501 0.25183699
v -0.08295570 0.57347298 0.24261700
v -0.18815205 0.49448514 0.03901147
v -0.15330900 0.51037198 0.27546999
v -0.25876859 -0.73403811 -0.22866121
v -0.08589031 0.34587947 -0.35691085
v 0.34474519 -0.38332081 0.30191851
v -0.20829444 0.45619461 0.07789104
v -0.10730030 0.53071040 -0.13610572
v -0.03679360 0.66613698 0.14860800
v -0.06397823 0.64975673 0.21775360
v 0.18402694 -0.16516143 -0.41778773
v -0.11739500 0.66049600 0.26938799
v 0.37462866 -0.62365341 -0.23443963
v 0.01719785 0.49396515 0.19259395
v 0.10558195 0.73718596 -0.01585121
v 0.02354259 0.75489438 -0.10349249
v -0.23443474 -0.62416959 0.37209532
v -0.04735937 0.61073405 -0.12383688
v -0.14907300 0.49678099 0.32163700
v 0.00783967 0.78286785 -0.08898795
v -0.07345180 0.64124608 -0.09732303
v -0.38287735 -0.69535512 0.07089686
v 0.08998304 0.58457947 0.11416572
v 0.16109954 0.47475997 -0.13090406
v -0.19074368 0.49629194 -0.01341146
v -0.14165202 0.46608973 0.18855114
v 0.37889671 0.10181344 -0.25763422
v -0.07043710 0.68489897 0.18000600
v -0.11550167 0.48626435 0.24256419
v -0.12768599 0.67637801 0.22696400
v -0.12513891 0.57887030 0.11329146
v 0.05268360 0.77456897 0.08475130
v -0.02121716 0.63390142 0.14119610
v 0.09531023 0.65434068 0.07040856
v -0.41590047 -0.44593197 -0.18931231
v -0.13959852 0.55173796 0.24051638
v -0.16558300 0.52453500 0.30522799
v 0.18444563 0.49788016 -0.04654182
v -0.10768677 0.64749873 -0.05354684
v -0.14205100 0.56438702 0.31376600
v -0.13351873 0.64023674 0.28056449
v 0.17759098 0.49898729 0.06693252
v -0.44300506 0.17399782 -0.10749517
v -0.14283018 0.49846643 0.25480735
v -0.38065094 0.30667353 -0.13033140
v 0.06195879 0.64090288 -0.10516036
v 0.25762892 -0.69902819 0.28714991
v -0.07463741 -0.67755771 0.40049076
v 0.32038024 -0.69338411 -0.22774911
v -0.37283033 -0.21360271 0.26476270
v -0.45151383 0.13908151 -0.06945363
v -0.16952521 -0.77875787 0.16497342
v -0.11739500 0.56824100 0.31672201
v 0.34763581 -0.47141486 0.29812300
v -0.12115400 0.58714598 0.16435300
v 0.01994355 0.72029233 0.10539219
v -0.02368301 0.77030081 0.10053129
v -0.15827689 0.42384434 0.20212062
v 0.03913170 0.77890402 -0.08773240
v -0.08883867 -0.58915567 0.44755229
v -0.34328434 -0.71797717 0.12736058
v -0.09393567 0.50890011 0.29030561
v -0.07027920 0.49246699 0.22787300
v 0.43766573 -0.57410347 -0.13220860
v -0.06206677 0.53765309 -0.15801524
v -0.03910092 0.68813765 0.11755386
v 0.19476536 -0.56146520 -0.41397431
v -0.13391700 0.64975703 0.22696400
v 0.28701794 0.40329048 -0.01517088
v 0.07137371 0.78324383 0.05510342
v 0.10202389 0.07843097 -0.44543651
v -0.23271500 -0.58693451 -0.39144325
v -0.01996982 0.47244662 -0.20849073
v -0.23898815 -0.63050139 -0.36836120
v -0.11594802 0.58219141 0.14377010
v -0.23164204 0.44223741 -0.03404830
v -0.15558916 0.47731081 0.15891296
v 0.09387334 0.68969721 0.05530467
v -0.09827110 0.77351499 0.02347900
v -0.06845152 0.78438163 -0.00045166
v -0.10384000 0.57173198 0.30597499
v 0.05183480 0.73403960 -0.09465332
v 0.08514702 0.67313522 0.07428633
v 0.13234775 0.56742054 0.08004459
v -0.03261869 0.61283410 0.15886347
v 0.37994483 -0.65596968 0.18804602
v -0.12573600 0.48270601 0.20490301
v -0.35492581 -0.62785488 0.25967830
v -0.03529220 0.47782677 0.21443079
v -0.10198633 0.44326919 0.21711631
v 0.03913170 0.77863199 0.08767590
v -0.28827322 -0.61339390 0.34241739
v -0.12852600 0.49188301 0.19565900
v -0.13594329 0.50538129 0.14285840
v 0.13181034 0.61123073 -0.01478514
v -0.09299400 0.64397198 0.28277099
v 0.43965995 0.24119224 -0.00774494
v 0.29299629 -0.62456912 0.32753214
v 0.26767293 0.28173155 0.32233036
v 0.07342321 0.69444811 -0.08017950
v 0.34705719 0.21663819 0.28419760
v -0.00722646 0.19178717 0.45243004
v -0.07334400 0.67901802 0.22696400
v 0.03903035 0.70530975 0.10006306
v -0.44970244 -0.47723687 -0.08743287
v -0.09903910 0.66620600 0.14766400
v -0.04209374 0.76804477 0.09708055
v 0.40835562 0.05212472 0.20688325
v -0.43190232 0.23415974 0.08712233
v -0.12311295 0.56131589 0.12945399
v -0.15141378 0.11559461 -0.43204731
v 0.12174089 0.63894731 -0.01457684
v 0.24231850 -0.39286292 0.38725501
v -0.16172989 0.50930762 0.32459867
v 0.03566990 0.43896177 -0.23504454
v -0.20404407 -0.57860702 -0.40637565
v 0.19641683 0.47394642 -0.07000458
v 0.07987769 0.71903354 -0.07228181
v -0.14329401 0.61845201 0.28439501
v -0.03566264 0.64389050 0.15710117
v -0.15722318 0.49992740 0.32249737
v -0.24239926 -0.48671839 -0.38719830
v -0.05291420 0.77476197 0.08481380
v -0.13819908 0.59210503 0.03229680
v 0.06135120 0.52468699 0.16327593
v -0.08608980 0.59854001 0.20090801
v 0.20301728 -0.48506531 -0.41069281
v -0.42420471 -0.60906947 0.14899486
v -0.32259378 0.24200384 -0.29964879
v -0.31590515 0.30193660 0.25555921
v -0.00488411 0.65984237 0.13015896
v -0.09205610 0.45227200 0.21859100
v 0.05769778 0.78338021 0.06911293
v -0.23987666 0.43616384 0.01838436
v 0.09882809 0.71765006 0.04252402
v -0.34475231 -0.22679417 -0.30193514
v -0.06191164 0.42034328 0.25433403
v -0.15248600 0.56099498 0.30876699
v -0.06982074 0.68859136 0.10040284
v 0.04726117 0.54887843 -0.15703288
v -0.26816428 -0.74657029 -0.18043575
v -0.11912200 0.52545100 0.33807999
v 0.25718141 -0.53789210 0.37895250
v -0.31659684 -0.61045378 0.31555516
v 0.07399500 0.44845581 0.21620542
v -0.13885607 0.49427187 0.16272841
v -0.10174300 0.68054700 0.24261700
v 0.25693336 -0.01548268 0.37940389
v -0.38724610 -0.02942220 0.24236795
v 0.09496313 0.72155434 -0.05122533
v 0.36562350 -0.71733814 -0.03389078
v -0.14160739 0.58014542 -0.04322321
v 0.11701801 -0.57705921 -0.44063666
v -0.00047198 0.43694913 0.24091977
v 0.01598671 0.71960050 -0.10617004
v 0.37720689 0.32889378 0.08098406
v 0.00782635 0.78196698 0.09052190
v -0.06937201 0.76485318 0.08000859
v 0.05584236 0.69345045 -0.09309960
v -0.01591904 0.56955963 0.15288100
v 0.06278026 0.49101016 -0.18448408
v 0.08590765 0.75644559 -0.06316555
v -0.27301922 0.15734319 -0.36597243
v -0.03204719 0.44438475 0.23408589
v 0.07202774 0.71238130 0.08043170
v -0.43300718 -0.51607966 0.14937505
v -0.35379037 -0.68030947 -0.19541386
v -0.05619836 -0.66915596 -0.40890878
v -0.15647984 0.46318629 0.17270844
v 0.44599405 -0.57510102 0.10027669
v -0.45159274 0.18508871 -0.03831842
v 0.16714118 0.52764577 -0.05160715
v -0.09098157 0.18628979 -0.44399619
v 0.28179333 0.19638816 0.35244292
v 0.10624497 0.71981448 0.01542259
v 0.38047498 0.14803782 -0.25474474
v -0.18001361 0.42262849 0.18516579
v -0.15054582 0.52453488 0.26710671
v -0.10110441 0.19684924 0.44145373
v 0.42326793 0.26845840 0.05827652
v -0.33875832 -0.60886705 0.29161867
v -0.20426050 0.14840382 0.40990940
v 0.28927818 -0.76236409 0.03231734
v -0.13986285 0.59592628 -0.00021763
v -0.12304300 0.48805100 0.21533801
v -0.08244849 0.59074205 0.26162973
v 0.20580298 0.47676226 -0.00174912
v -0.03656391 0.58716291 0.17670597
v -0.34469727 -0.44593200 -0.30191955
v 0.10005474 0.39999959 0.27469677
v 0.41809791 0.14784010 0.18345834
v -0.09235060 0.63410401 0.28380701
v -0.04393788 -0.74244261 -0.32820103
v -0.10341242 0.64423907 0.11739311
v -0.20047727 0.45610860 -0.09653851
v -0.19941181 0.25809425 -0.38241121
v -0.08596048 0.43078920 0.23218361
v -0.12032163 0.30922383 0.38208628
v 0.23239659 -0.76048118 0.18367577
v -0.09729218 0.68201512 0.07912835
v 0.39318255 0.29731715 0.11361963
v -0.08481370 0.77476197 -0.05291390
v -0.20297845 -0.26592600 0.41063380
v 0.03949065 0.33615297 -0.37505859
v 0.42585620 0.19204010 -0.15767063
v 0.22967955 0.44683063 -0.01557086
v 0.11562140 0.52197373 0.13390146
v 0.10389056 0.59103054 -0.09790094
v -0.00116018 -0.71544492 0.36853519
v -0.19699214 -0.65436608 -0.37359902
v -0.30094138 -0.03113417 0.34558356
v -0.10255900 0.56774998 0.20992500
v -0.44231978 -0.61322594 -0.06247679
v 0.30093968 -0.43810561 -0.34556085
v -0.11112700 0.50888300 0.32676300
v -0.45736939 0.05495445 0.02898783
v 0.07570620 0.74370271 0.07595388
v 0.44233552 -0.61318594 0.06250127
v -0.09532246 0.64809942 -0.07347006
v -0.02745596 -0.78079695 0.22449772
v -0.03611358 0.78437382 0.05049527
v 0.28404030 0.35792762 0.20778745
v 0.44368017 -0.61447310 0.02850429
v -0.14941852 -0.01563822 -0.43300986
v -0.20684879 0.47489968 0.01576053
v 0.25114483 0.42207280 -0.06241218
v 0.09624907 0.77067888 0.04183129
v 0.42202669 -0.57773507 -0.17284647
v -0.11751658 0.63802177 0.17670888
v -0.07043710 0.67914701 0.14870100
v 0.15621403 -0.63308781 -0.40638536
v -0.03417870 -0.62647909 -0.44012120
v -0.14112124 0.48639783 -0.13940583
v 0.11451577 0.42655915 -0.22567458
v -0.37951368 -0.57682377 -0.25050899
v 0.40765214 -0.60287464 -0.18888940
v 0.13772334 -0.61611420 0.42476568
v 0.08071059 -0.65078652 0.41697583
v -0.14587873 -0.55408645 -0.43395489
v 0.15561776 0.56375581 0.01581342
v -0.07314782 0.56094784 0.22706088
v -0.03394883 0.65984625 -0.11197167
v -0.12686259 0.50888610 0.21056838
v -0.10094967 0.62652344 -0.07584327
v -0.06852270 0.61845201 0.22696400
v -0.25980288 -0.64292276 0.34290504
v -0.15321247 0.18542136 -0.42858320
v -0.08690050 0.58859801 0.22783400
v 0.34138173 -0.73168552 0.06977924
v -0.39154792 -0.56343365 0.23413607
v -0.08774103 0.78251916 -0.02352721
v -0.18024093 0.51239455 -0.02948463
v 0.24322838 0.40018237 -0.16246821
v -0.45140150 -0.57654184 -0.07200375
v 0.09020790 0.33810914 -0.36518261
v 0.21235617 0.43078038 -0.12570338
v 0.13597625 -0.57730758 0.43656933
v -0.45400107 -0.57716703 -0.02785812
v 0.26811615 -0.75736904 0.14121616
v -0.09569705 0.76998204 0.04242768
v -0.25316924 0.33128563 0.28873616
v 0.34496728 0.13202254 0.30149415
v -0.16642575 -0.70868140 0.33920711
v 0.02820419 -0.53832692 0.45709014
v 0.44963488 0.10183117 0.08750322
v -0.12295257 0.61700517 0.04796644
v 0.10920292 0.63120061 -0.06050772
v -0.00491181 0.28904438 0.41534278
v 0.04035695 0.55186468 0.15453929
v 0.23532243 -0.67927343 0.33057675
v -0.12554717 0.62557626 -0.01547691
v -0.10095848 0.68808550 0.19520341
v -0.14078887 0.07061292 -0.43532494
v 0.03904272 0.49946600 -0.18531227
v 0.19775656 0.18721069 -0.41034999
v -0.36601847 0.26013362 0.23027010
v 0.30094218 -0.46941131 -0.34558329
v 0.44424936 -0.61081100 -0.05528438
v -0.07589460 0.74370235 0.07577329
v -0.10942752 0.67495894 0.03176458
v 0.22890323 0.35090303 -0.28093550
v -0.14663261 0.61213887 0.25824800
v -0.08636704 0.78068656 0.03935245
v 0.25867653 -0.43189612 0.37802681
v -0.17720114 0.45381668 0.15006129
v 0.34584683 -0.59571612 -0.29082447
v -0.06923097 0.78424001 0.03313835
v 0.05478535 0.78429842 -0.04876525
v -0.15805700 0.49898201 0.29342899
v -0.05801921 0.49368957 0.21573022
v 0.03901881 -0.68164790 0.40180212
v -0.03116623 0.27081725 -0.42635250
v -0.26113251 -0.68430567 0.30522352
v 0.02534797 -0.63462305 0.43639603
v -0.07715590 0.56564701 0.24261700
v 0.17184813 0.53175086 0.01567345
v 0.32859033 -0.64274687 -0.27648923
v -0.06013079 0.30927038 -0.39667693
v -0.13320801 0.50888300 0.22696400
v -0.10174300 0.48505199 0.23899201
v -0.06081207 0.30795747 0.39889741
v -0.34466493 -0.06243319 -0.30195105
v -0.04473116 0.73395586 0.09781267
v 0.02940253 -0.44593269 0.45734277
v -0.44971108 -0.16418350 -0.08742823
v -0.37885636 0.11741897 0.25764534
v 0.00527680 0.45053044 -0.22661483
v -0.12597758 0.62451303 0.01473307
v -0.20218121 0.43015862 0.14405119
v -0.16850735 -0.78301686 -0.13640122
v -0.13304800 0.54018801 0.33852401
v 0.43306422 -0.10939896 -0.14946389
v 0.07380224 0.64801991 0.09512069
v 0.43384716 -0.59940380 0.12424461
v -0.09018440 0.67477798 0.25326499
v 0.41077507 -0.27375251 0.20297900
v 0.41471070 0.26804271 0.10388691
v 0.36534351 0.34428525 -0.05213947
v 0.32666090 -0.64699668 0.27909723
v -0.08707321 0.61397606 0.27393141
v 0.25051439 0.25987148 0.35268334
v 0.08545155 0.27122894 -0.41842043
v 0.10460173 0.75941831 -0.01552893
v -0.19658922 -0.60937101 -0.40119219
v 0.07117493 0.59540612 -0.12108519
v -0.04126161 0.76773453 -0.09715555
v -0.08653900 0.44674200 0.22214100
v -0.07914282 -0.57578975 -0.44801950
v -0.14120953 0.65310305 0.25840729
v -0.08723618 0.56319910 0.27491352
v -0.28580323 0.24103777 -0.33236787
v 0.18061361 -0.77370805 0.18343940
v -0.45498931 -0.57826555 0.04530926
v -0.22487508 -0.59664768 0.39273679
v -0.08671591 -0.53194028 0.44974115
v -0.41057679 -0.40675595 -0.20311946
v -0.11739500 0.48763099 0.27392200
v -0.10459769 0.75941837 0.01556324
v 0.30081683 -0.32855690 -0.34563798
v -0.30099949 -0.34418038 0.34550539
v -0.37200022 0.17540647 -0.26064885
v 0.28436834 -0.71072769 0.24503997
v 0.00989070 0.56403655 -0.15629913
v -0.45414868 -0.59274668 0.00041427
v -0.12212451 0.57159567 0.17319386
v 0.34476244 -0.31288400 0.30192316
v -0.10713694 0.64516753 0.15235901
v -0.13304800 0.49085101 0.25827000
v -0.42532042 0.18338677 0.16226992
v -0.25727555 -0.08571964 -0.37903655
v 0.12879066 0.48970923 0.14759871
v -0.20057969 0.19602636 0.40726629
v -0.25602844 -0.59269851 -0.37709004
v 0.23236582 0.33796883 0.29516613
v 0.08712021 -0.47797275 -0.44971469
v 0.40404376 0.22882536 0.18633126
v 0.01663157 0.78438175 -0.06889518
v 0.19829896 0.42715630 -0.15472786
v -0.14172542 0.41928217 0.22114044
v -0.06424594 0.50785398 0.22260194
v -0.13015431 0.46614462 -0.17043945
v -0.02195625 0.50004178 -0.18811211
v 0.29020059 -0.57748795 0.35045516
v 0.28015798 -0.74791014 -0.15745530
v 0.23498613 -0.73754638 -0.24436308
v 0.02941035 -0.06244059 0.45733973
v 0.36965841 0.33110213 -0.10154867
v 0.20301713 -0.02330904 -0.41066849
v -0.30095008 -0.19548690 0.34558406
v -0.05970361 0.67742407 0.19978769
v -0.32832688 -0.67153031 0.24745123
v 0.26727962 0.22310212 -0.35588762
v 0.32010511 -0.74396682 -0.06912598
v -0.10703700 0.66540998 0.16100200
v 0.08456704 0.61664540 -0.09913000
v -0.40825811 0.27935579 0.10170010
v 0.16306679 -0.58533013 -0.42463481
v -0.10563843 0.73684722 -0.01543837
v 0.41181147 0.29312420 0.01641968
v -0.04199166 0.73839271 -0.09831966
v 0.11032457 0.62597722 0.06240946
v 0.32787499 0.24271901 -0.28997439
v -0.03194017 0.42758676 0.24931552
v -0.17439544 0.48791853 0.09388003
v 0.22954150 0.30426818 0.33583218
v -0.34475231 -0.26592600 -0.30193514
v 0.45736793 -0.03113541 -0.02901642
v -0.15011609 -0.36766806 -0.43284148
v -0.41069460 0.07060488 -0.20306104
v -0.31421110 0.34881857 -0.18277739
v 0.40342700 0.30034903 0.06928852
v -0.10174300 0.58714598 0.19471200
v 0.15026349 0.00799638 0.43278438
v -0.14985301 0.49539801 0.28875700
v 0.02560740 -0.62779933 -0.43709609
v 0.24711671 0.41785797 -0.09702455
v 0.45466220 -0.58514720 0.01444900
v -0.12791200 0.60279900 0.29857400
v 0.38498589 -0.58665568 0.24145621
v -0.45724663 -0.53858250 0.02807576
v -0.10557570 0.56837505 -0.11247487
v 0.03474888 0.17625634 -0.45274672
v 0.13731401 0.52958906 0.10655314
v 0.10457842 0.67123240 0.04346836
v -0.18807358 0.45164979 -0.12459034
v -0.09280743 -0.33814719 0.44828632
v 0.37887794 -0.33636329 -0.25768083
v -0.20310381 0.03144728 0.41051745
v 0.09797924 0.13714060 -0.44681403
v 0.09182639 0.18122505 -0.44661924
v 0.29801136 -0.59453499 -0.34404418
v 0.24488528 -0.73788100 0.23369198
v -0.45736939 -0.33636299 0.02898783
v 0.23318636 -0.77132696 -0.12846956
v -0.30096695 -0.28157863 0.34558481
v 0.39664215 0.22263609 -0.20053789
v -0.39651397 -0.59921169 0.21566145
v 0.02364265 -0.74652094 0.32394424
v 0.20195769 0.42554358 0.15407929
v 0.06283260 -0.57559592 0.45147282
v 0.03090322 0.42784101 0.24905232
v 0.43771696 0.23463506 -0.05969852
v 0.30094403 -0.36766851 -0.34560391
v -0.33459181 0.26542094 -0.26941937
v -0.10698090 0.66903996 0.06110987
v -0.30096695 -0.09374631 0.34558481
v -0.13798428 0.38444149 0.28375003
v -0.37119976 0.34287331 0.02390077
v 0.07763763 0.33698702 0.36810875
v 0.05570978 0.78308755 -0.07203136
v 0.29321143 -0.28940499 -0.35102436
v -0.15815808 0.43089184 -0.18883610
v -0.34092644 -0.56307441 -0.30543032
v 0.05662793 0.22839765 -0.44025940
v 0.02252202 0.69057125 0.10817742
v -0.41073754 -0.20331500 -0.20305929
v 0.41077507 0.00799638 0.20297900
v -0.29893348 0.18116011 0.34487498
v -0.23208137 -0.67721903 -0.33544594
v -0.09214246 0.39784530 -0.28080419
v -0.40020296 0.27299276 0.14736117
v -0.09431078 0.73461980 0.05179124
v 0.33425933 -0.70637333 -0.17685583
v -0.40585077 0.21098371 -0.19537160
v -0.08892466 0.78294486 0.00783852
v -0.21330829 0.37953156 0.24234813
v 0.10873388 0.58873463 0.09437844
v 0.13101877 -0.78360748 -0.16044779
v 0.17222750 0.53124821 -0.01530923
v -0.44983670 0.02438228 -0.08631983
v 0.14279190 0.46532938 0.16032557
v 0.41047078 -0.54022527 0.20299143
v 0.06403092 0.30069643 0.40234879
v -0.08135430 0.64975703 0.25920099
v -0.14217046 0.55344510 0.09876181
v -0.06476691 0.66698223 -0.09541761
v -0.08878793 0.78292483 -0.00783558
v -0.02053040 0.55703199 0.16434200
v 0.12265879 0.44362926 0.19769180
v -0.20470701 -0.76735598 -0.18933429
v 0.31114361 0.07060458 -0.33456007
v 0.02791751 0.75103891 0.10275435
v 0.44971749 -0.06244084 0.08733124
v -0.45737019 -0.28157881 0.02898464
v 0.07361806 0.69466102 0.08025645
v 0.00057840 0.42019251 0.26175013
v -0.43760917 -0.61325514 -0.09402945
v 0.40352049 0.25214392 -0.16330872
v -0.25500152 0.38124779 -0.19180094
v 0.02782455 -0.67443633 -0.40651724
v 0.19557221 0.48679155 0.03269926
v -0.04612098 0.50655985 0.19849791
v -0.06510132 0.63411993 0.21914515
v -0.06844540 0.71236801 0.08305780
v 0.25485936 -0.77445972 -0.02063655
v -0.25694743 -0.40680012 -0.37937352
v -0.14078064 0.52735722 0.11785285
v 0.31114537 -0.21114151 -0.33455813
v -0.28963977 0.26929554 0.31558487
v 0.30090240 -0.53173381 -0.34540933
v -0.01948168 0.50863767 0.18781838
v -0.40639108 0.30052003 -0.02070701
v 0.14590830 0.55914921 -0.06281299
v -0.20446236 0.28526962 0.36499891
v -0.34892556 0.29841921 0.21554859
v -0.04273861 0.60285616 0.18624407
v 0.44971749 0.00017005 0.08733125
v -0.34093767 0.19761364 -0.29957476
v -0.08678504 0.70382035 -0.06380033
v -0.04901842 0.66541648 0.17899819
v -0.23426063 -0.72212911 0.27490416
v 0.05527284 0.68936473 0.09409948
v 0.31779760 -0.59335941 -0.32398167
v -0.25279218 0.42103130 -0.06406158
v 0.34467608 -0.50072378 0.30193818
v 0.12637031 0.51190823 -0.13217054
v 0.37227237 0.27793631 -0.19734716
v -0.35385659 -0.64713132 -0.23855931
v -0.28237849 0.28051639 -0.31022087
v -0.14568301 0.58734101 0.29059300
v -0.38054395 -0.66604835 -0.16744940
v -0.10185200 0.67763102 0.16517501
v -0.05291248 0.40175661 0.28507999
v 0.01664479 0.59620035 -0.13887089
v -0.37040979 -0.60889512 -0.25009495
v -0.09213990 0.61845201 0.28470901
v 0.08712021 -0.33562887 -0.44971469
v 0.04201854 0.78378761 -0.07721859
v -0.11320975 0.62377691 -0.05821209
v -0.10359712 -0.28902608 0.44493631
v -0.37751389 0.00948859 0.25940707
v 0.30076516 0.10964610 -0.34564921
v 0.14036524 0.58026516 0.04715990
v 0.14913169 -0.24177670 0.43312383
v -0.44627941 -0.58993804 0.08199950
v -0.39077306 0.25179625 -0.19455892
v 0.20360415 0.43640655 0.12645876
v 0.11978126 0.63424689 0.03209941
v 0.23740132 -0.08591993 0.38979566
v -0.00732855 0.67918223 0.12327215
v -0.02604442 0.60352820 0.15163228
v 0.37886295 -0.10939898 -0.25767723
v -0.42901862 -0.57569945 0.15812752
v 0.06868457 0.78437835 0.01850789
v -0.11791869 0.49970230 -0.14800821
v -0.42520440 0.25454471 -0.09229079
v -0.14870100 0.52453500 0.33744100
v -0.10382057 0.66222578 0.10183026
v 0.05097188 0.72123373 0.09509018
v 0.03779660 0.19838589 0.45170465
v -0.12395635 0.45851606 0.20252649
v -0.45736220 0.00019298 0.02904787
v -0.07015335 0.06496727 0.45133838
v -0.33557525 -0.11097525 -0.31028226
v -0.14635199 0.50888300 0.25827000
v 0.37063766 0.31716549 0.13416776
v 0.24699064 0.22653277 0.37165403
v -0.24961701 -0.77592248 0.00878179
v 0.00734175 0.42410138 -0.25555179
v 0.29247263 -0.62609190 -0.33066350
v -0.13178594 0.42844290 0.21369086
v 0.31111643 0.37566561 -0.10590790
v 0.11852916 0.64990097 0.01617999
v -0.02149207 0.49094337 0.20201196
v -0.34475231 0.00017001 -0.30193514
v -0.26651731 0.32265180 -0.28412730
v -0.05678187 0.23256052 0.43899265
v 0.41077507 -0.31288400 0.20297900
v 0.14559910 0.58480191 -0.00359543
v 0.32711554 -0.61206293 -0.30254781
v -0.20297830 -0.10157245 0.41077569
v -0.20297830 -0.23462051 0.41077569
v -0.41069907 0.02365142 -0.20307322
v 0.35241872 0.35464799 0.06183369
v 0.29321170 0.07060700 -0.35102418
v 0.15026693 -0.14070418 0.43278605
v -0.25694638 -0.25809950 -0.37936708
v -0.44333375 -0.61550611 -0.02754825
v 0.37482283 -0.67341459 -0.16327767
v -0.30095008 -0.24244843 0.34558406
v -0.16042200 -0.45762888 -0.42797145
v -0.45312658 0.19663435 0.02045248
v -0.31584495 0.38029489 -0.06175962
v -0.05478534 0.78429657 0.04887366
v -0.04262669 -0.76925182 -0.26945344
v 0.25693336 -0.17200963 0.37940389
v 0.30091834 -0.40679917 -0.34560248
v 0.27277145 0.34094012 0.25512800
v 0.22606075 0.30859497 -0.33147639
v -0.14082317 0.61243832 0.24245745
v -0.30096516 0.08625020 0.34553868
v -0.08848619 -0.43027949 0.44949669
v -0.25696990 -0.21115422 -0.37929937
v 0.34476244 -0.11722547 0.30192316
v 0.02940752 -0.13287838 0.45734087
v -0.13790461 0.59579605 -0.02346544
v -0.28041711 -0.66497248 -0.30569497
v -0.05277310 0.78433490 -0.05297599
v 0.09896032 0.51707810 -0.15004541
v 0.26433918 -0.38073179 0.37317362
v -0.24889725 0.25059542 0.35634106
v 0.11679130 -0.70873046 0.35912335
v -0.16884145 0.07178404 -0.42389426
v -0.41075248 0.29763702 0.02284499
v 0.19448043 0.24448310 -0.39425451
v -0.20303988 0.10965507 0.41054982
v 0.37400126 -0.53185427 -0.26330596
v -0.39576304 -0.59340918 -0.22223012
v 0.19433591 0.47903028 0.06175622
v 0.18511292 -0.76228499 -0.22515340
v -0.37885267 0.04712792 0.25773203
v -0.03903121 -0.59452081 -0.45318907
v -0.37382764 -0.43027949 0.26355907
v -0.41197520 -0.57717037 0.19289805
v -0.06662954 0.37632474 0.32065648
v -0.25144047 -0.54416656 -0.38241667
v 0.17825197 0.26706713 0.38819525
v -0.43301365 -0.38330892 0.14956114
v -0.30096570 0.03930132 0.34557107
v 0.25955451 -0.59269357 0.37458625
v -0.43940088 0.17755245 0.11882900
v -0.11514700 0.66540998 0.18000600
v -0.09923963 0.54018831 0.30388623
v -0.43916684 -0.57543230 0.12373821
v -0.25701642 0.07060723 -0.37917954
v 0.41334987 -0.66402346 0.05022806
v -0.09901643 -0.72940046 0.33593628
v 0.45119810 0.15049917 0.07381012
v 0.00404140 -0.73046786 -0.34885448
v -0.21537755 0.40189850 -0.19338006
v 0.20393537 -0.52301967 -0.41021636
v -0.20450671 -0.41399264 0.40970519
v 0.30707598 0.17442606 0.33468851
v -0.27584246 -0.76379514 0.08532685
v 0.37578872 -0.56333977 -0.26100484
v 0.12290699 -0.74753737 0.29835618
v 0.45736668 -0.32853654 -0.02902121
v -0.02182520 0.33706263 0.37570047
v -0.32582256 -0.73893392 -0.08568481
v 0.36802393 0.31173584 -0.15550140
v -0.25701642 0.02364907 -0.37917954
v -0.06994227 0.61829102 -0.10917608
v 0.32600927 0.25756264 0.28693551
v -0.16556536 0.51254469 -0.07638912
v -0.44971108 -0.21114150 -0.08742824
v 0.05739930 0.39595750 -0.29309610
v 0.21762736 -0.77527010 0.12627320
v 0.26996741 -0.61061227 -0.35635668
v -0.14615293 0.16696595 0.43033367
v -0.11800200 -0.65055203 0.40841460
v -0.04528577 0.66865575 0.16429865
v -0.01275636 0.68208498 -0.10952106
v -0.06851693 0.78437114 -0.02347909
v -0.13304800 0.49007800 0.30522799
v -0.25695041 -0.29723138 -0.37939218
v 0.10417260 0.45291823 -0.19955915
v -0.04952975 0.71239668 -0.09606206
v 0.25164664 -0.56678051 -0.37882918
v -0.21694364 0.45760560 0.04149061
v 0.19001202 0.28848243 -0.37164232
v -0.28762296 0.22623210 0.34112847
v 0.41077858 -0.03896174 0.20299074
v -0.15124656 -0.66664231 0.38552228
v 0.43306422 -0.32853681 -0.14946389
v 0.43681625 0.24102838 0.03705024
v -0.30096695 0.00017001 0.34558481
v 0.22924779 0.21593809 -0.38374862
v -0.11942623 -0.69698095 0.36881462
v -0.16915514 -0.17988653 -0.42373985
v 0.06724232 -0.01073426 -0.45153013
v -0.43275836 -0.61309004 0.10658579
v 0.23769945 0.05813495 0.38964006
v -0.20467585 -0.76463610 0.19893423
v -0.07211259 0.71238136 -0.08035820
v 0.29415983 -0.00270973 -0.35040346
v -0.15930417 0.54019773 0.28844529
v 0.45656404 0.14938986 -0.03611412
v 0.45736668 -0.26592574 -0.02902122
v -0.34828234 -0.72965717 -0.03246639
v 0.18676564 0.50278121 0.01467572
v 0.20301542 0.01582273 -0.41061547
v -0.04817155 0.63225108 0.18883248
v 0.44906071 -0.50455713 0.09059124
v -0.43301010 -0.06245224 0.14954975
v 0.09446678 0.49814877 0.16470267
v 0.21949497 -0.61144727 0.38887879
v -0.11948761 -0.59189028 -0.43836495
v -0.25692123 -0.43810427 -0.37935340
v 0.02910699 0.35939211 0.35021389
v 0.34740031 -0.42484111 0.29843631
v -0.43301412 0.00018189 0.14955553
v -0.05249767 0.42848921 -0.24408169
v 0.13814059 0.59759742 0.01708164
v 0.17943750 0.34043455 -0.32881090
v -0.41073754 -0.26592600 -0.20305927
v 0.22268276 -0.58116466 -0.39768624
v 0.38234514 -0.68522435 -0.11879538
v 0.16720983 0.34897092 0.32200453
v -0.24842128 -0.56768811 0.38096973
v -0.30072728 -0.48527411 0.34561065
v 0.15026349 -0.03896174 0.43278438
v -0.27667046 -0.70244211 0.26422811
v -0.03344715 0.18030658 -0.45522818
v -0.26985472 -0.63038707 -0.34394312
v 0.41077507 -0.09374613 0.20297900
v -0.28961411 -0.73168588 0.19335833
v 0.43305483 -0.39113572 -0.14941803
v -0.15868124 -0.77110159 -0.21578845
v -0.34488404 0.11703307 -0.30170974
v 0.34476244 0.01582273 0.30192316
v 0.21118133 -0.71797585 0.29992723
v -0.15005498 -0.10156123 -0.43283591
v 0.08775906 0.64449084 -0.08414913
v -0.37037021 0.34204191 -0.02378897
v -0.18058620 0.35901502 -0.30138209
v 0.25121674 0.42729360 -0.02040186
v 0.07100338 -0.63959366 -0.42770320
v 0.07015204 -0.56127685 -0.45150769
v -0.17247385 -0.78369421 0.11369076
v 0.35397115 -0.67549348 -0.20126192
v 0.12818995 0.27830541 0.40334746
v 0.23690696 0.26071054 -0.35875726
v 0.06305530 0.47118992 -0.20033832
v -0.06664541 -0.30545035 0.45156884
v -0.45732382 -0.21114151 0.02897168
v -0.25245857 0.42577928 -0.02106398
v -0.14760000 0.55489802 0.32022801
v 0.19165218 -0.60373271 -0.40913227
v 0.33574790 -0.56414920 0.31038037
v 0.09924321 -0.37791574 -0.44641608
v -0.00132526 -0.77950060 -0.23296209
v 0.38728133 0.26462260 0.18815278
v 0.44259563 0.15947814 0.11072809
v -0.35925096 -0.65566868 0.22387175
v 0.37889075 -0.37549278 -0.25766155
v 0.36496407 -0.57790625 0.27254790
v -0.14965925 -0.41442049 -0.43296012
v 0.07362970 -0.74311823 0.32097054
v 0.45736668 -0.20331474 -0.02902121
v 0.22376908 0.43977037 -0.07603282
v -0.22843453 0.43099937 0.09280428
v -0.31839505 0.22840372 0.30842865
v 0.32436493 -0.73203266 0.12129952
v 0.29168877 -0.72792625 -0.19979422
v 0.20301703 -0.22679643 -0.41071582
v -0.15011609 -0.05461485 -0.43284148
v -0.35260606 -0.72793591 0.02784381
v -0.25079906 0.22669339 -0.36924481
v -0.11739500 0.62172198 0.29577899
v -0.38257086 -0.63291401 -0.21061800
v -0.43983543 0.24180913 0.02962266
v -0.35595229 0.22499168 -0.26616621
v -0.23793192 0.27535236 -0.35260481
v -0.37366596 -0.56434661 0.26389977
v -0.09247648 -0.74737221 -0.30987322
v 0.01694715 0.68830705 -0.10791593
v 0.44972396 -0.34418988 0.08732773
v -0.08848217 -0.38332063 0.44950765
v -0.30042595 0.13205513 0.34598202
v -0.15563336 0.56374764 -0.01580288
v 0.08877904 -0.08585484 -0.44940463
v 0.23443574 -0.57978702 0.39119765
v -0.44969800 -0.34418982 -0.08743522
v -0.20270412 -0.53171909 0.41061857
v -0.36880699 -0.59642696 0.26454037
v -0.34471980 -0.49289197 -0.30191019
v -0.07508467 0.55586398 0.24436176
v -0.07684588 0.59293747 -0.11917607
v -0.44658124 0.19217938 0.07130682
v 0.38522246 0.20987913 0.22999510
v -0.30100116 -0.51635826 0.34550393
v -0.15010916 -0.32071051 -0.43283787
v -0.44970244 -0.43027887 -0.08743286
v -0.06804379 -0.71092826 -0.36690286
v 0.10922615 0.66925222 -0.03262853
v 0.07474197 0.62526250 0.10266386
v -0.37885267 -0.50071615 0.25773203
v -0.37797183 0.16416000 0.25811875
v 0.44971749 -0.40680093 0.08733124
v 0.40887120 -0.67416793 -0.03085616
v -0.27815142 -0.58949226 -0.35967034
v -0.13975622 0.65054446 0.24367812
v -0.26455942 -0.60595357 0.36215335
v -0.12568061 0.52496219 0.15481123
v -0.36440673 -0.68499523 0.16272797
v -0.10558005 0.73723263 0.01585461
v -0.21059638 0.46894121 -0.02374427
v 0.43307146 0.00799638 -0.14947461
v 0.30805296 0.19901921 -0.33164367
v 0.38385111 0.32871196 0.01753281
v -0.34561324 -0.14947748 -0.30088273
v -0.22683170 0.34391883 -0.29134369
v -0.25592491 0.11599924 -0.37992728
v 0.27816099 -0.71280515 -0.24507280
v 0.38610017 -0.67333531 0.13271934
v -0.02082334 -0.58649278 0.45408601
v 0.31380475 0.33494899 -0.21523817
v -0.15742195 0.53331268 0.07999543
v -0.34475231 -0.35984200 -0.30193514
v -0.33420205 0.26093608 0.27119842
v -0.37166783 0.29372010 0.17724064
v 0.34474519 -0.02330867 0.30191851
v -0.26281637 0.38368416 0.17712201
v -0.09792107 0.73648524 -0.04417498
v -0.42353258 0.17208152 -0.16585481
v -0.29215297 -0.60679203 -0.33921981
v -0.03912815 0.49342883 0.20437101
v 0.11908533 0.54983038 0.11234672
v -0.18937290 0.49113333 -0.04670266
v -0.11975300 0.61845201 0.18000600
v -0.29499274 -0.74728292 -0.13263232
v 0.20301554 -0.07026722 -0.41075829
v 0.45731220 0.09406145 -0.02899947
v -0.14987560 -0.61544263 0.41815096
v -0.10024415 -0.66786581 -0.40077975
v -0.32035783 -0.59247243 -0.32162526
v 0.25696439 0.01581338 0.37928361
v 0.45529687 -0.59149998 -0.01573362
v 0.35399607 -0.62208402 -0.26486835
v -0.13285863 0.58711457 0.23255101
v -0.02966494 -0.74478638 0.32525533
v -0.11788855 0.34412864 0.34919608
v -0.40478295 0.25957334 -0.14684337
v -0.33895183 0.33679989 0.16339533
v 0.20301542 0.04712814 -0.41061547
v 0.15188667 -0.75288397 -0.27240723
v -0.37885267 0.07843374 0.25773203
v 0.28267199 0.36759043 -0.18988837
v -0.35000119 -0.09628674 -0.29472935
v 0.43552023 -0.60881293 -0.10126735
v -0.11090332 0.60395592 -0.07888491
v 0.25850940 0.10181130 0.37794748
v 0.26315966 0.05495445 0.37414983
v 0.02314490 -0.59270990 0.45516744
v 0.20547222 0.16988769 0.40512240
v -0.16091840 -0.74678469 -0.28068238
v -0.30836222 0.29533330 -0.27477184
v -0.41073754 -0.14070418 -0.20305927
v -0.33545950 -0.70121622 0.18709113
v 0.27784035 0.38794652 0.13800599
v -0.31224549 -0.65481639 0.28375816
v 0.30482697 -0.67847514 0.26924390
v 0.15026349 -0.19548850 0.43278438
v 0.34476244 -0.15635701 0.30192316
v -0.42401731 0.22843349 0.13606890
v 0.16085911 -0.78367060 0.12990882
v 0.09888151 -0.74181002 -0.31566948
v 0.17886323 -0.62856472 0.39976934
v 0.14061044 -0.60910046 -0.42418951
v 0.41637343 -0.65107429 -0.08227779
v -0.22470298 -0.67398822 0.34046969
v -0.23150662 -0.77246672 0.12385848
v -0.23624349 -0.76862532 -0.14036530
v 0.20247802 0.13228124 -0.41085196
v -0.08848217 -0.16418403 0.44950765
v -0.42367339 -0.56408894 -0.16730157
v 0.20756218 0.38353124 -0.23965040
v -0.10784074 0.67492092 -0.03192952
v 0.14654173 0.52997673 -0.09366741
v 0.23604535 0.41930866 0.11768123
v -0.33531424 0.17605273 0.30620965
v -0.38177529 -0.64719290 0.19090931
v 0.06074889 -0.77836347 -0.22954252
v -0.40539438 0.16757466 -0.21108651
v -0.45736900 -0.43810606 0.02898944
v -0.12837048 0.59007919 -0.06328931
v 0.37890372 -0.28940529 -0.25764143
v -0.09880198 0.75282353 0.03916747
v -0.26262772 -0.76905745 -0.07657836
v -0.18667306 -0.45375827 0.41684145
v -0.30700004 -0.62475824 -0.31502491
v 0.17603189 0.38138130 0.26728934
v -0.05140639 0.63957614 -0.11129203
v -0.08320590 -0.61347151 -0.43719184
v 0.40941796 0.18937720 0.19809592
v 0.09173431 -0.72171974 -0.34879810
v -0.42745659 -0.64919412 0.01800615
v 0.39081401 -0.56645262 -0.23565960
v -0.34536806 0.28803062 -0.23003983
v -0.07791590 0.68865597 0.09360380
v 0.01663290 0.65715498 -0.11633812
v -0.11943030 -0.78362149 0.16797398
v -0.18910275 -0.36822042 0.41597721
v 0.41070971 -0.46941274 0.20298146
v -0.09693056 -0.77438056 0.23681490
v 0.13610300 0.33501339 0.35442185
v -0.01558393 -0.69935322 -0.38695094
v 0.43302661 -0.51609790 -0.14910738
v -0.20783219 -0.74631029 -0.24867372
v 0.38355595 -0.69637579 0.07374965
v -0.38985655 -0.42843911 0.23727922
v -0.10827311 0.61800569 0.10682435
v -0.45735860 0.10192348 0.02908752
v 0.23756921 -0.77704084 0.05656888
v 0.20204768 -0.58469409 0.40717369
v -0.07902209 0.44221762 -0.22022645
v 0.41077507 -0.34418938 0.20297900
v 0.20301703 -0.35201323 -0.41071582
v 0.16360883 -0.71788776 0.32604843
v -0.15754114 -0.61403275 -0.41826442
v 0.20301728 -0.10939727 -0.41069281
v 0.12910020 -0.66366482 0.39791587
v 0.02652956 0.52389258 0.17329393
v -0.20297830 -0.05461440 0.41077569
v -0.13148400 0.61688799 0.29213199
v 0.11326017 0.47359440 0.17516941
v 0.09920647 -0.43568349 -0.44642198
v 0.38100195 -0.64309490 -0.19747294
v -0.28009799 -0.57966477 0.35971534
v 0.25726879 -0.13308424 0.37904167
v 0.07192076 0.75440806 -0.07920799
v 0.34476647 -0.27375445 0.30190900
v -0.11740936 0.61246365 0.07744002
v 0.02939265 -0.21114019 0.45732331
v -0.28318891 0.30543068 0.28875446
v 0.30407920 -0.74538684 -0.11964940
v 0.25691131 -0.46941236 0.37940496
v -0.05100765 0.53342175 0.19663428
v -0.20153953 -0.59334546 0.40820977
v -0.20297830 -0.14853050 0.41077569
v 0.13835178 0.27443972 -0.39987123
v 0.36221749 -0.70428956 0.11554138
v 0.34476244 -0.07026722 0.30192316
v -0.39444244 -0.69161904 0.02380575
v 0.42573887 0.19493863 0.14968851
v -0.45735627 -0.06247145 0.02910165
v -0.37881953 -0.25813240 0.25768483
v -0.33407620 -0.71422797 -0.16216460
v 0.34476244 -0.34418938 0.30192316
v -0.07169571 0.73480368 -0.07973730
v -0.14907300 0.50826699 0.33306900
v 0.45727804 -0.52853429 -0.02727379
v 0.13245861 -0.77345353 -0.22228910
v -0.34475231 0.07843352 -0.30193514
v -0.37915793 -0.70101357 -0.07169750
v 0.40623522 -0.57975304 -0.20416835
v -0.17170589 0.50819594 0.07137438
v -0.03036067 0.12570012 -0.45720845
v 0.41077507 -0.15635701 0.20297900
v -0.15645088 0.56187737 0.01775139
v -0.11487804 0.65131092 -0.03156438
v -0.34475231 -0.18766238 -0.30193514
v 0.08061212 -0.78329146 0.19869229
v -0.37482804 0.21595840 0.24804203
v 0.10937922 0.24446484 0.42387652
v -0.10478989 -0.77130324 -0.24614500
v -0.02962011 0.05496687 -0.45721868
v 0.04853211 0.48358610 0.19424972
v -0.10898451 0.68852532 -0.00088555
v 0.31173670 -0.75281101 -0.02370011
v -0.18000859 0.29913804 -0.36587691
v -0.37885267 -0.29723117 0.25773203
v -0.25088814 0.17908749 -0.38103175
v -0.34475231 -0.32853663 -0.30193514
v 0.13754556 0.38703170 -0.27974576
v 0.43305483 -0.45376995 -0.14941803
v -0.09578791 0.26737782 -0.41627839
v -0.08190648 0.27633026 0.41664529
v -0.30062461 -0.74148035 0.14108658
v 0.27977973 -0.60881931 0.34922230
v -0.44970244 -0.25809887 -0.08743286
v -0.17284726 0.40177163 0.23115955
v -0.02945877 -0.22684127 -0.45726460
v -0.12032200 0.55584103 0.18000600
v 0.44347864 0.18874143 -0.09096088
v 0.20424695 -0.39816612 -0.40993854
v 0.04742465 -0.59607756 -0.44990146
v 0.20301552 -0.27375251 -0.41075829
v -0.06761878 0.00503732 0.45150036
v -0.06970176 0.43212351 0.23666276
v 0.06289924 0.36730498 -0.33485845
v 0.43805173 -0.63116103 -0.02287950
v 0.07118467 -0.76742542 0.26911977
v 0.38714573 -0.69046652 -0.07151251
v 0.17648309 -0.70071894 -0.34308812
v -0.11168618 0.60940260 0.14737727
v 0.42739874 -0.57753450 0.15564980
v -0.32999673 -0.57924384 0.31334186
v -0.30420980 -0.71529138 -0.20684285
v -0.02550581 0.66424632 0.13923776
v 0.00883378 -0.58886564 -0.45464104
v -0.02969765 -0.01548392 -0.45727620
v -0.34473807 -0.53178340 -0.30174264
v -0.38173547 0.21258056 -0.23366538
v 0.15142784 -0.77067208 0.22225262
v -0.01020667 -0.65750486 -0.42151693
v -0.02946989 -0.07809236 -0.45731241
v -0.02944500 -0.50854325 -0.45726669
v 0.16119154 0.49455354 -0.10587054
v 0.29756159 -0.04678770 -0.34792051
v 0.41088530 0.27995941 -0.08755686
v -0.16898477 0.02236433 -0.42382574
v 0.18012942 0.41886675 0.19229551
v 0.26789269 0.41306782 0.05428405
v 0.20817408 -0.71337241 -0.30606347
v 0.24217881 -0.24244526 0.38734469
v -0.44971108 -0.38332117 -0.08742823
v 0.34190336 -0.73460943 0.01801316
v 0.14537455 0.21082358 0.42632249
v -0.25052914 -0.75741261 0.17059372
v 0.36866996 0.23949176 -0.24336387
v 0.14081818 -0.28940174 0.43531772
v -0.41057014 -0.51633394 -0.20321681
v -0.13264200 0.47671700 0.19560599
v -0.44562545 -0.01894263 -0.10147240
v 0.37886608 0.00799855 -0.25766298
v 0.34476244 -0.19548851 0.30192316
v 0.30426693 0.29914406 -0.27186090
v 0.44972181 -0.16418412 0.08732890
v -0.14024237 -0.74537116 0.29551888
v 0.34139001 -0.59376633 0.30159351
v -0.34473500 -0.39897346 -0.30193049
v -0.02222344 -0.63584584 0.43314490
v 0.12927605 0.35153565 -0.33632532
v -0.34167176 0.15687488 -0.30465820
v -0.02949878 -0.45378029 -0.45724800
v 0.37886903 0.05495229 -0.25764826
v 0.30084330 0.03146416 -0.34554952
v 0.05319588 0.75382668 0.09263693
v 0.10614954 -0.61070436 -0.43515375
v -0.05529518 0.17698513 0.45155188
v -0.08786669 0.14127798 0.44948357
v 0.07925000 0.43831635 -0.22340833
v -0.25694638 -0.33636299 -0.37936708
v 0.44859764 0.20362356 0.02311138
v 0.32383668 -0.61909461 0.30411762
v 0.08273471 0.20088126 0.44290173
v -0.25301838 0.18290332 0.37621897
v -0.21645957 0.20479025 -0.39400283
v -0.38721654 -0.20160826 0.24241444
v 0.24186599 -0.64116049 -0.35592324
v 0.00128316 0.24148571 0.43926403
v 0.25686461 -0.33634534 0.37938565
v 0.18671270 -0.43810570 -0.41682741
v 0.02955492 0.05493472 0.45731947
v -0.44650787 0.11243889 -0.09893881
v 0.17317744 0.41655764 -0.20447701
v -0.08848619 -0.47723749 0.44949669
v -0.07407124 0.78282070 0.05371420
v -0.16030410 -0.57560992 0.42596290
v 0.03193660 0.15037259 0.45702931
v -0.20364201 -0.71605974 0.30533555
v 0.24304838 0.37924680 0.21276060
v 0.03635926 0.78437412 -0.05053111
v -0.45736873 -0.13287796 0.02899041
v 0.23045212 0.43354604 0.07648935
v -0.37885991 -0.33636329 0.25773373
v 0.17281394 -0.58886743 0.42097726
v -0.12208091 -0.78356838 -0.17121226
v -0.09753615 0.52453452 0.30027497
v -0.40323061 -0.62528878 -0.17867288
v 0.45736745 -0.39897326 -0.02901834
v -0.40875500 -0.55733556 -0.20607512
v 0.15018716 0.07844175 0.43278405
v -0.34475231 -0.03113537 -0.30193514
v 0.05235576 0.63936579 0.11085135
v -0.20310381 -0.32850847 0.41051745
v -0.16129850 0.35363472 0.32099158
v -0.35515514 0.34917402 0.07412425
v 0.02425159 -0.76839054 0.27441609
v 0.10435627 0.36599857 0.32615900
v 0.44972396 -0.21896870 0.08732773
v -0.14967021 -0.22700228 -0.43291891
v 0.03636243 0.78431386 0.06776185
v -0.34473500 0.03930214 -0.30193049
v 0.43306169 -0.16418350 -0.14946023
v 0.09120969 -0.52225888 -0.44879079
v -0.08535130 0.66537797 0.25734299
v -0.10992037 0.58742827 -0.09387678
v 0.10359763 0.69676852 0.03109626
v 0.41077507 -0.21896800 0.20297900
v -0.30096695 -0.12505163 0.34558481
v 0.31114537 -0.28940499 -0.33455813
v 0.28225768 0.23802884 0.33673969
v -0.22280349 0.43480858 -0.09323928
v 0.39778668 0.31131640 -0.04689966
v -0.31791472 0.38213629 0.02152816
v 0.17071839 0.45891115 0.13943887
v 0.37746066 -0.46306765 -0.25935805
v 0.25518414 -0.29470846 0.38036647
v 0.41694078 0.07816996 0.18638128
v -0.29415366 -0.37837932 0.35039458
v -0.00671026 0.31027803 -0.40111849
v -0.25696561 -0.03114983 -0.37932393
v -0.23752302 -0.13284554 -0.38973194
v -0.13136636 0.22631706 -0.42588177
v -0.05462360 0.22826231 -0.44090289
v -0.02261133 0.38293093 -0.31663191
v -0.20298004 -0.00765632 0.41068649
v -0.07594158 0.78399533 -0.04102090
v 0.15026349 -0.49289000 0.43278438
v -0.29286852 -0.45413536 0.35128793
v -0.18754016 0.24856597 0.39587483
v 0.18925913 -0.78375471 0.07585557
v 0.31177506 0.22118852 0.31833440
v -0.10352705 0.42450055 -0.23357283
v -0.12049539 0.53583872 0.17998633
v 0.18866205 -0.77342868 -0.17750104
v -0.30096695 -0.31288400 0.34558481
v -0.40109926 0.18627320 0.21090308
v 0.26504266 0.14848267 0.37283236
v 0.02395835 0.32775337 0.38634214
v 0.40649515 -0.61396873 0.18628962
v -0.08848217 -0.07026775 0.44950765
v -0.13304800 0.55860102 0.32351100
v 0.03866965 0.30276838 -0.40372667
v -0.20298016 -0.50071806 0.41071063
v 0.45736793 0.03147541 -0.02901642
v -0.43300784 -0.45377338 0.14951536
v -0.11249400 0.48346701 0.22696400
v -0.18271694 -0.62435758 0.40218025
v 0.15011513 -0.08591995 0.43278399
v -0.02764060 0.41048208 -0.27540204
v 0.07975411 0.56767452 -0.13234819
v 0.18739110 0.45324534 -0.12462791
v 0.30433473 0.30182901 0.27237809
v -0.30096695 -0.15635701 0.34558481
v 0.43307146 0.04712814 -0.14947461
v 0.04174403 0.39771038 0.29177177
v -0.30117452 0.18979421 -0.33733791
v -0.44970244 -0.11722485 -0.08743287
v 0.41689593 -0.42245299 0.18651788
v 0.34714636 0.32692176 0.17298079
v 0.35347658 0.16595668 -0.28654563
v -0.02948864 -0.32853654 -0.45733410
v -0.41070575 -0.07809624 -0.20306073
v 0.06555698 -0.71067953 0.36799532
v 0.22376101 0.40172794 0.18399136
v 0.24621327 0.17650621 -0.38153949
v 0.44972181 -0.11722485 0.08732890
v 0.14982563 0.22802664 -0.41680861
v -0.15218718 -0.51033503 -0.43191570
v -0.41720638 -0.65268219 0.07314693
v -0.43302226 -0.12505221 0.14959976
v 0.34486762 -0.71462685 -0.13404638
v -0.10174300 0.59764099 0.20074800
v -0.38620794 -0.69770306 -0.02192632
v -0.20297830 -0.19548851 0.41077569
v 0.37888145 -0.24244900 -0.25766683
v 0.25693044 -0.50071663 0.37938532
v -0.24930549 0.29580876 0.32700971
v -0.22799343 0.42047915 0.12721279
v 0.37888527 -0.17200984 -0.25768253
v -0.06500068 -0.78389710 0.18788749
v 0.43306422 -0.04678806 -0.14946389
v -0.35145202 0.34409243 -0.11147055
v -0.37883019 -0.12505163 0.25772661
v -0.12139499 0.43967366 -0.20266424
v 0.30093968 -0.14070438 -0.34556085
v 0.17025813 0.43878761 -0.16539042
v -0.44168091 0.21539579 -0.08146489
v 0.29830757 -0.65505499 -0.29942340
v 0.15025650 -0.36766851 0.43278098
v 0.18811443 0.50077993 -0.01578563
v 0.08856928 -0.24244684 -0.44948101
v 0.07055631 0.10983048 -0.45132020
v 0.25905812 -0.20950113 0.37768048
v 0.35240710 0.35811335 -0.00387686
v 0.37143850 0.17517279 0.26141995
v 0.09519593 0.48354670 -0.17670007
v -0.19446118 0.40378806 0.21027480
v 0.28862888 -0.72838461 0.20030589
v 0.45736709 -0.08591995 -0.02901961
v -0.39833248 0.23567028 0.18819124
v -0.43301880 0.06278089 0.14959444
v 0.40349203 0.17651024 -0.20797478
v 0.29321033 -0.21114296 -0.35101789
v 0.24371877 0.43239591 0.01487112
v 0.31598678 0.38130888 -0.04386407
v 0.27911407 -0.65955174 0.31180251
v 0.37481314 0.19839562 -0.25519964
v -0.01681388 -0.67994064 0.40277487
v -0.37751386 -0.16269130 0.25940710
v 0.04571322 0.61038673 0.12393913
v 0.02962537 0.00017005 0.45730916
v -0.17290954 -0.69383025 -0.35046500
v -0.36826062 -0.69761038 -0.11957694
v -0.45701486 0.15012491 0.03225533
v 0.16146138 0.16644154 0.42715678
v -0.12407950 0.31290942 -0.38028628
v 0.25746128 -0.04663381 0.37887013
v 0.15141353 -0.53732777 0.43225217
v -0.18812044 0.50075632 0.01583920
v -0.14881891 0.21103765 0.42221949
v -0.26429993 -0.51868558 -0.37321433
v 0.34278005 0.18103231 0.30126846
v 0.40972590 -0.64405018 -0.13510007
v 0.35101816 -0.69587493 0.17255720
v 0.01299303 0.63991231 0.12776953
v 0.44972181 0.05495507 0.08732890
v 0.14645363 0.54575330 0.07724392
v -0.38733310 0.31753168 0.07113703
v 0.20428474 -0.18855219 -0.40965733
v 0.34578592 -0.53349179 0.30052599
v 0.30094403 -0.50071639 -0.34560391
v -0.29919395 -0.75816405 -0.02974861
v -0.37492678 0.33394223 -0.06887587
v 0.30070981 -0.10960770 -0.34562513
v -0.34931299 0.20836680 0.28174618
v -0.05834569 -0.71137154 0.36961424
v 0.24242043 -0.75412804 -0.19209613
v 0.45736668 -0.46941128 -0.02902122
v -0.32834440 -0.64327341 -0.28082433
v 0.02949086 -0.28154758 0.45727143
v 0.41001362 -0.38248926 0.20425574
v -0.03273330 -0.13160808 -0.45698571
v 0.17282760 0.49985608 -0.07662110
v 0.28467000 0.18147004 -0.35508659
v 0.10926502 0.55114055 -0.12115832
v -0.42609826 -0.61403424 -0.12822819
v 0.03325218 -0.78390002 -0.19376205
v 0.06278571 0.42945829 0.24031885
v -0.27581021 0.41090599 0.01572792
v -0.22980399 0.43757948 0.06401858
v 0.42698231 -0.60350245 -0.14839427
v -0.02887611 -0.76828659 0.27370244
v -0.44963849 -0.52415258 -0.08741910
v -0.06060912 -0.78344285 -0.20075156
v -0.08994387 0.47695777 -0.18504138
v 0.09891102 -0.14069915 -0.44637576
v 0.37888482 -0.03896145 -0.25765234
v -0.18846998 -0.74779576 0.25997368
v -0.06309228 0.72802651 0.08666075
v 0.12146013 0.59908402 -0.06682130
v 0.37125310 0.25936079 0.21931489
v 0.04822429 0.25742340 0.43079188
v -0.20643546 -0.78366292 -0.03200159
v 0.08943110 -0.76662397 -0.26510832
v 0.43306422 -0.26592600 -0.14946389
v 0.05406500 0.75938106 -0.09207646
v -0.30197677 -0.75715256 0.03121500
v -0.02960224 -0.39111671 -0.45731783
v 0.34470832 0.09407990 0.30190676
v 0.02940253 -0.39897451 0.45734277
v -0.15117829 0.51403153 -0.09991552
v -0.16861592 -0.58091390 -0.42404413
v 0.40432081 -0.62624568 -0.17183083
v -0.01852024 0.43610883 -0.23991646
v -0.05442869 -0.60342968 0.44743508
v 0.20696209 -0.67039949 0.35604727
v 0.02946252 -0.34421161 0.45733336
v -0.37283614 -0.04142019 0.26475155
v -0.27777803 0.34234843 0.24537392
v 0.08877905 -0.19555362 -0.44940463
v -0.25748855 -0.17214988 -0.37876087
v 0.15026349 -0.44593197 0.43278438
v 0.37891880 -0.07809352 -0.25764525
v 0.25958663 -0.70240200 -0.28316903
v -0.18731700 0.48748168 0.06322017
v -0.08848217 -0.11722492 0.44950765
v 0.07079334 0.04708848 -0.45129311
v -0.14834903 0.26900610 -0.40204996
v 0.19881009 -0.75542653 0.23254135
v -0.15010916 -0.27375251 -0.43283787
v 0.20190635 -0.78298706 -0.07143623
v 0.10819299 0.69652754 -0.00140487
v 0.43306667 -0.21114190 -0.14946750
v -0.30855316 0.36766800 -0.14237453
v 0.33333135 0.34409168 -0.15743481
v -0.25694746 -0.37549487 -0.37937352
v -0.03003245 0.53601032 -0.16770150
v 0.37550184 -0.49989980 -0.26151589
v -0.41073754 -0.32071048 -0.20305927
v -0.43271607 0.12509669 0.15018381
v -0.26238254 0.40068176 -0.12677412
v -0.10603498 0.70619929 -0.01878710
v -0.09921203 0.09465896 0.44638926
v 0.35926053 -0.63918084 0.23921166
v -0.29907316 0.35536268 0.19493023
v -0.43304402 -0.25027281 0.14958632
v 0.03493910 -0.76781696 -0.27442598
v 0.20648918 0.47256157 -0.03241046
v -0.43301880 -0.31288400 0.14959443
v -0.07227220 0.69789499 0.08758470
v -0.15043874 -0.76889402 0.22895241
v 0.41144079 -0.63836956 0.13176930
v -0.11628941 -0.70538735 -0.36281961
f 125 1774 1244
f 125 1244 1900
f 1774 1473 1244
f 956 1210 61
f 956 61 621
f 1301 956 621
f 1301 621 1600
f 61 1933 125
f 61 1210 1933
f 621 1658 1860
f 621 61 1658
f 1900 61 125
f 1658 61 1900
f 294 717 1933
f 294 1579 717
f 1940 1579 294
f 1940 1726 1579
f 1933 1774 125
f 717 376 1774
f 717 1774 1933
f 1579 1776 376
f 1579 376 717
f 1726 1776 1579
f 376 1473 1774
f 376 1331 1473
f 1776 1331 376
f 1331 1248 1473
f 1331 978 1248
f 1776 978 1331
f 1726 978 1776
f 997 294 1210
f 997 1210 956
f 1001 956 1301
f 1001 997 956
f 1087 1001 1301
f 1940 294 997
f 1001 1940 997
f 716 1001 1143
f 716 1940 1001
f 1210 294 1933
f 848 1726 1940
f 848 535 1726
f 848 778 535
f 1496 778 848
f 1720 778 1496
f 1720 1079 778
f 1720 603 1079
f 778 58 535
f 1079 58 778
f 535 1489 1726
f 58 1489 535
f 1079 1735 58
f 603 1735 1079
f 716 848 1940
f 1588 848 716
f 1588 1496 848
f 60 1496 1588
f 60 1720 1496
f 1486 603 1720
f 1486 1986 603
f 82 1986 1486
f 82 1418 1986
f 1684 1418 82
f 603 1522 1735
f 1986 1522 603
f 1986 1677 1522
f 1986 19 1677
f 1418 19 1986
f 1418 1129 19
f 1156 1720 60
f 1156 1486 1720
f 82 1486 1156
f 1207 82 1156
f 1207 1684 82
f 1368 1418 1684
f 1368 1179 1418
f 1048 1179 1368
f 1048 1561 1179
f 1844 1561 1048
f 1418 879 1129
f 1179 879 1418
f 1179 1665 879
f 1561 1665 1179
f 1561 1514 1665
f 1448 1684 1207
f 1448 1368 1684
f 1448 1048 1368
f 1768 1048 1448
f 1768 1844 1048
f 1844 1849 1561
f 87 1849 1844
f 87 1728 1849
f 1728 219 1849
f 1561 1552 1514
f 1849 1552 1561
f 1849 1045 1552
f 219 1045 1849
f 219 1778 1045
f 219 1288 1778
f 1275 459 1649
f 1649 1844 1768
f 1649 87 1844
f 1649 459 87
f 459 1728 87
f 1576 1534 884
f 1592 1362 1534
f 1919 1362 1592
f 1281 1919 1592
f 1592 1534 1576
f 532 1926 1320
f 286 1926 532
f 1926 1594 1320
f 532 1320 15
f 1594 1427 1320
f 1320 1427 1182
f 1473 910 1244
f 1651 1900 1244
f 1244 910 1651
f 1473 1241 910
f 1241 286 910
f 1241 1926 286
f 1702 910 286
f 910 1702 1651
f 1702 286 532
f 884 1651 1702
f 1651 884 1534
f 884 1702 747
f 747 1702 532
f 747 532 15
f 1402 1860 1658
f 1658 1900 1362
f 1402 1658 1362
f 1900 1651 1362
f 1919 1402 1362
f 1362 1651 1534
f 978 642 1248
f 978 1706 642
f 1726 1706 978
f 1726 1489 1706
f 1248 1926 1241
f 1248 27 1926
f 1248 642 27
f 642 1176 27
f 1706 1176 642
f 1176 1539 27
f 1926 27 1594
f 27 1539 1594
f 1176 537 1539
f 1706 537 1176
f 1539 1529 1594
f 1539 537 1529
f 1489 537 1706
f 1594 1529 1427
f 537 1504 1529
f 1489 1908 537
f 1529 1504 1427
f 1908 1339 1504
f 1908 1504 537
f 1504 817 1427
f 1504 1096 817
f 1339 1096 1504
f 1248 1241 1473
f 58 932 1489
f 58 1735 932
f 932 371 1489
f 1489 371 1908
f 932 1411 371
f 1735 1411 932
f 1735 1219 1411
f 1735 1983 1219
f 371 865 1908
f 1522 1983 1735
f 1522 1747 1983
f 1677 1747 1522
f 19 1747 1677
f 19 1378 1747
f 1129 1378 19
f 1129 1300 1378
f 879 1300 1129
f 879 1316 1300
f 1665 1316 879
f 1665 1968 1316
f 1514 1968 1665
f 1514 94 1968
f 1277 94 1514
f 1552 1277 1514
f 1045 1277 1552
f 1277 1093 94
f 1045 1093 1277
f 1045 1807 1093
f 1778 1807 1045
f 1288 1807 1778
f 1203 884 747
f 1576 884 1203
f 1053 1576 1203
f 1431 1203 1612
f 1053 1203 1431
f 1431 1612 1559
f 1772 1053 1431
f 1669 1431 1559
f 1281 1592 1950
f 52 1592 1576
f 1950 1592 52
f 52 1576 1053
f 1067 121 953
f 1067 1623 121
f 1623 520 121
f 1320 1182 15
f 1182 1427 817
f 51 15 1182
f 817 953 1182
f 1612 15 51
f 1612 51 1559
f 51 1182 1899
f 953 1899 1182
f 1559 51 505
f 505 51 1899
f 953 121 1899
f 505 1899 2000
f 121 2000 1899
f 747 1612 1203
f 1612 747 15
f 1339 815 1096
f 1908 865 1339
f 1096 815 817
f 817 1067 953
f 815 1067 817
f 815 859 1067
f 1339 859 815
f 865 1855 859
f 865 859 1339
f 859 1959 1067
f 859 982 1959
f 1855 982 859
f 1959 1623 1067
f 1623 1410 520
f 1959 1410 1623
f 982 1410 1959
f 1411 865 371
f 865 1304 1855
f 1411 1304 865
f 1219 1304 1411
f 1219 1460 1304
f 1983 1460 1219
f 1983 1131 1460
f 1304 336 1855
f 1460 336 1304
f 1747 1131 1983
f 1747 1495 1131
f 1378 1495 1747
f 1378 1977 1495
f 1300 1977 1378
f 94 1808 1968
f 1968 1392 1316
f 1808 1392 1968
f 1786 1977 1300
f 1316 1786 1300
f 1316 1392 1786
f 1808 487 1392
f 1392 79 1786
f 487 79 1392
f 1093 1808 94
f 1469 1435 1808
f 1093 1469 1808
f 1807 1469 1093
f 1715 1469 1807
f 1715 967 1469
f 1808 1435 487
f 1669 1559 1478
f 1308 1669 1478
f 1308 1478 936
f 1308 936 531
f 1772 1431 1669
f 1941 1772 1669
f 1941 1669 1308
f 1454 1941 1308
f 1934 1941 1454
f 1950 52 1053
f 1950 1053 1772
f 1934 1772 1941
f 1934 1950 1772
f 121 1538 2000
f 1538 121 520
f 1538 1497 2000
f 520 1597 1538
f 1538 911 1497
f 911 1538 1597
f 1597 975 911
f 1610 1497 911
f 1610 911 1709
f 1709 911 975
f 1478 1559 505
f 1478 505 2000
f 1478 2000 1497
f 936 1478 1497
f 1352 936 1497
f 1497 1610 1352
f 531 936 1352
f 1410 1597 520
f 982 1071 1410
f 1855 1071 982
f 1410 1071 1597
f 336 1071 1855
f 336 1711 1071
f 1597 1335 975
f 1071 1335 1597
f 1071 108 1335
f 1711 108 1071
f 1335 1704 975
f 108 1704 1335
f 1460 1739 336
f 1460 1955 1739
f 1131 1955 1460
f 336 1739 1711
f 1131 1848 1955
f 1495 1848 1131
f 1977 1848 1495
f 1977 110 1848
f 1786 110 1977
f 1786 1686 110
f 79 1686 1786
f 79 65 1686
f 487 65 79
f 487 1929 65
f 1929 68 65
f 65 68 1686
f 1435 1929 487
f 1435 1710 1929
f 1469 1710 1435
f 1469 1705 1710
f 967 1705 1469
f 414 1600 1856
f 1600 621 1647
f 1856 1600 1647
f 1394 1856 104
f 1647 621 1860
f 1856 1647 765
f 104 1856 765
f 12 104 765
f 429 1394 104
f 429 12 1508
f 429 104 12
f 1585 429 1508
f 1076 1087 23
f 1143 1001 1087
f 1143 1087 1076
f 23 1301 1600
f 414 23 1600
f 1087 1301 23
f 1076 23 414
f 1258 1076 414
f 1347 1258 1394
f 1258 1143 1076
f 909 1258 1347
f 909 1143 1258
f 909 716 1143
f 1394 414 1856
f 1394 1258 414
f 1347 1394 871
f 1266 1347 871
f 909 1347 1266
f 871 1394 429
f 1337 871 445
f 1337 1266 871
f 1337 909 1266
f 445 871 429
f 445 429 1585
f 1160 1337 445
f 993 1337 1160
f 993 909 1337
f 1500 909 993
f 1500 993 636
f 1160 445 1585
f 427 1160 1585
f 993 1160 427
f 1477 427 1488
f 1477 993 427
f 636 993 1477
f 1832 716 909
f 1832 1588 716
f 1341 1588 1832
f 1341 60 1588
f 1614 1341 1832
f 1614 909 1500
f 1614 1832 909
f 116 1614 1500
f 1336 1614 116
f 81 1614 1336
f 1341 1156 60
f 1996 1156 1341
f 1996 1207 1156
f 1993 1207 1996
f 81 1341 1614
f 1770 1341 81
f 1770 1996 1341
f 1675 1996 1770
f 1650 1996 1675
f 1650 1993 1996
f 1993 1448 1207
f 207 1448 1993
f 1768 1448 207
f 1857 1768 207
f 1753 207 1993
f 1753 1993 1650
f 1857 207 1753
f 1896 1857 1753
f 1870 1857 1896
f 793 1753 1650
f 1407 1768 1857
f 1407 1649 1768
f 1414 1649 1407
f 1414 1275 1649
f 892 1414 1407
f 62 1857 1870
f 62 1407 1857
f 892 1407 62
f 1965 892 62
f 1281 1954 1919
f 1357 1954 1281
f 1575 1682 1357
f 1723 1682 1575
f 1470 1860 1402
f 1470 1647 1860
f 765 1647 1470
f 409 765 1470
f 804 765 409
f 804 12 765
f 1954 1402 1919
f 1954 1470 1402
f 409 1470 1954
f 804 409 1682
f 409 1954 1357
f 1682 409 1357
f 1457 427 1585
f 1508 12 804
f 1457 1508 1562
f 1457 1585 1508
f 1562 1508 804
f 1114 1562 350
f 1114 1457 1562
f 1562 804 1682
f 1429 1562 1682
f 350 1562 1429
f 1429 1682 1723
f 41 350 1429
f 1425 350 41
f 41 1429 1723
f 1114 831 1457
f 831 1114 1564
f 1564 924 831
f 1114 350 1425
f 236 887 1564
f 1425 1564 1114
f 1564 1425 1036
f 236 1564 1036
f 989 835 236
f 1425 41 1234
f 1036 1425 1234
f 989 236 1036
f 427 1457 831
f 1488 427 831
f 924 1488 831
f 55 1488 924
f 55 1477 1488
f 55 636 1477
f 1701 55 924
f 1494 55 1701
f 1494 636 55
f 1494 1500 636
f 887 924 1564
f 1701 924 887
f 59 1701 887
f 616 1701 59
f 1494 1701 616
f 59 887 835
f 835 887 236
f 1632 59 835
f 616 59 1632
f 1632 835 1506
f 1506 835 989
f 1506 989 760
f 463 1632 1506
f 1422 1632 463
f 1422 616 1632
f 1422 1494 616
f 1423 1500 1494
f 30 1500 1423
f 30 116 1500
f 1336 116 30
f 117 1336 30
f 117 81 1336
f 1815 30 1423
f 498 30 1815
f 498 117 30
f 1805 117 498
f 1083 81 117
f 1083 1770 81
f 1822 1770 1083
f 1822 1675 1770
f 1158 1675 1822
f 1158 1650 1675
f 1303 1650 1158
f 1083 117 1805
f 1083 1805 64
f 1896 1753 793
f 1303 793 1650
f 1112 793 1303
f 1112 1896 793
f 1840 1896 1112
f 1795 1896 1840
f 1795 1870 1896
f 1254 892 1965
f 1169 1870 1795
f 1169 62 1870
f 56 62 1169
f 56 1965 62
f 954 1965 56
f 1389 1965 954
f 1389 1254 1965
f 637 1357 1281
f 1575 1357 637
f 637 1281 1950
f 1442 1575 637
f 1396 41 1723
f 1396 1723 1575
f 795 1575 1442
f 795 1396 1575
f 1945 1396 1998
f 1998 1396 795
f 1605 795 1442
f 1605 1998 795
f 1733 1945 1998
f 1945 41 1396
f 1574 989 1036
f 1765 1036 1234
f 1574 1036 1765
f 760 989 1574
f 1945 1234 41
f 270 760 1574
f 194 760 270
f 1765 1234 1945
f 1006 1574 1765
f 270 1574 1006
f 1733 1765 1945
f 1006 1765 1733
f 1386 270 1006
f 1386 1006 1391
f 1350 1006 1733
f 1834 194 270
f 1386 1834 270
f 1537 1834 1386
f 1373 1537 1386
f 463 1506 760
f 1830 1494 1422
f 1077 463 760
f 1422 463 1077
f 323 1422 1077
f 1487 1422 323
f 1830 1422 1487
f 1077 760 194
f 323 1077 1642
f 1642 194 1834
f 1642 1077 194
f 541 1642 1834
f 1763 1642 541
f 1763 323 1642
f 1487 323 1763
f 541 1834 1537
f 1763 541 1537
f 1830 1487 1763
f 461 1537 6
f 461 1763 1537
f 1078 1763 461
f 1078 1830 1763
f 1830 1423 1494
f 5 1423 1830
f 5 1815 1423
f 1355 1815 5
f 1355 498 1815
f 64 498 1355
f 64 1805 498
f 1355 5 1593
f 1606 64 1355
f 1593 5 1830
f 1606 1355 1593
f 1761 1830 1078
f 1761 1593 1830
f 1315 1593 1761
f 1481 1593 1315
f 1481 1606 1593
f 1780 1083 64
f 1780 1822 1083
f 16 1822 1780
f 16 1158 1822
f 946 1158 16
f 946 1303 1158
f 1780 64 1606
f 1253 1780 1606
f 1253 16 1780
f 1253 946 16
f 1149 1606 1481
f 1253 1606 1149
f 1295 1303 946
f 1861 1303 1295
f 1861 1112 1303
f 1643 1112 1861
f 1643 1840 1112
f 1643 1795 1840
f 1295 946 1253
f 575 1295 1253
f 80 1295 575
f 80 1861 1295
f 1578 1861 80
f 1578 1643 1861
f 1973 1643 1578
f 1294 1795 1643
f 1294 1169 1795
f 1627 1169 1294
f 1627 56 1169
f 1627 954 56
f 1812 954 1627
f 1812 1389 954
f 24 1812 1627
f 1973 1294 1643
f 1827 1294 1973
f 1827 1627 1294
f 24 1627 1827
f 1442 637 1950
f 1867 1605 1442
f 1867 1950 1934
f 1867 1442 1950
f 1608 1998 1605
f 1608 1605 1867
f 963 1608 1867
f 1733 1998 1608
f 462 1733 1608
f 1939 1608 963
f 1939 462 1608
f 1544 462 1939
f 1391 1006 1350
f 1350 1733 462
f 1923 1391 1350
f 1544 1350 462
f 1923 1350 1544
f 952 1923 1544
f 1373 1386 1391
f 791 1373 1391
f 426 6 1373
f 791 1391 1923
f 426 1373 791
f 1895 791 1923
f 1736 791 1895
f 1736 426 791
f 1895 1923 952
f 6 1537 1373
f 803 461 6
f 1078 461 803
f 803 6 426
f 1962 803 426
f 1078 803 1962
f 1736 1962 426
f 1519 1078 1962
f 1519 1962 1736
f 1007 1078 1519
f 488 1078 1007
f 488 1761 1078
f 1047 1761 488
f 1047 1315 1761
f 1957 1315 1047
f 1957 1481 1315
f 1447 1253 1149
f 575 1253 1447
f 1447 1149 1481
f 1964 1481 1957
f 1964 1447 1481
f 1927 575 1447
f 1927 1447 1964
f 1637 575 1927
f 1637 80 575
f 1578 80 1637
f 1318 1578 1637
f 1318 1973 1578
f 1692 24 1827
f 1109 1973 1318
f 1109 1827 1973
f 1692 1827 1109
f 1898 1692 1109
f 1728 1296 219
f 1193 1296 1728
f 98 1296 1193
f 98 1132 1296
f 1759 1132 98
f 1759 454 1132
f 1296 1288 219
f 1132 1788 1296
f 1132 1657 1788
f 454 1657 1132
f 454 1432 1657
f 1193 1728 459
f 1275 1193 459
f 959 1193 1275
f 959 98 1193
f 1616 98 959
f 794 1759 98
f 1616 794 98
f 1528 454 1759
f 786 1528 1759
f 90 1528 786
f 1528 1587 454
f 1187 1587 1528
f 90 1187 1528
f 1187 1707 1587
f 1546 1259 1187
f 1546 1187 90
f 1084 1432 454
f 1587 1084 454
f 1707 1084 1587
f 1259 417 1707
f 1259 1707 1187
f 1901 794 1616
f 1901 914 794
f 794 786 1759
f 914 786 794
f 1874 786 914
f 711 1874 914
f 711 914 1305
f 1874 90 786
f 1269 90 1874
f 711 1269 1874
f 1269 1546 90
f 1546 693 1259
f 788 693 1546
f 279 1269 711
f 574 1546 1269
f 711 1225 279
f 279 574 1269
f 574 788 1546
f 1920 574 279
f 1225 1920 279
f 1920 788 574
f 1225 1437 1920
f 1296 1788 1288
f 1288 1364 1807
f 1788 1364 1288
f 1788 1348 1364
f 1657 1348 1788
f 1432 1348 1657
f 1432 1516 1348
f 1432 906 1516
f 1084 1738 1432
f 1084 1231 1738
f 1475 1231 1084
f 1475 872 1231
f 1167 872 1475
f 1231 1843 1738
f 1738 906 1432
f 1738 1843 906
f 872 1843 1231
f 872 1074 1843
f 1843 1676 906
f 1471 1676 1843
f 1074 1471 1843
f 1707 1475 1084
f 417 1475 1707
f 1560 1242 872
f 1167 1560 872
f 872 1242 1074
f 1289 49 1242
f 1560 1289 1242
f 304 1289 1560
f 1074 1476 1471
f 1242 1476 1074
f 49 1476 1242
f 304 248 1289
f 693 417 1259
f 693 1602 417
f 533 693 788
f 417 1167 1475
f 1602 1167 417
f 693 328 1602
f 533 328 693
f 1869 533 788
f 328 384 1602
f 1602 1560 1167
f 384 1560 1602
f 1133 384 328
f 533 1133 328
f 533 1981 1133
f 1869 1981 533
f 384 304 1560
f 1133 48 384
f 384 48 304
f 48 248 304
f 1133 1212 48
f 1981 1212 1133
f 48 1212 248
f 1920 1869 788
f 1437 1306 1920
f 1920 1306 1869
f 1800 1306 1437
f 1869 1306 1981
f 1981 1988 1212
f 1306 1988 1981
f 1800 1936 1306
f 1306 1237 1988
f 1306 1449 1237
f 1936 1449 1306
f 1364 1715 1807
f 1348 1715 1364
f 1348 1326 1715
f 1516 1326 1348
f 13 854 1326
f 1516 13 1326
f 1715 54 967
f 1326 54 1715
f 1326 1016 54
f 854 1016 1326
f 906 1676 1516
f 1676 13 1516
f 1676 1752 13
f 1471 1752 1676
f 939 1752 1471
f 1752 123 13
f 1752 939 123
f 13 43 854
f 990 43 13
f 123 990 13
f 123 1809 990
f 123 1975 1809
f 939 1975 123
f 1674 1975 939
f 1674 1903 1975
f 1515 49 1289
f 248 1515 1289
f 1476 939 1471
f 49 542 1476
f 49 1515 542
f 483 1515 248
f 1476 1674 939
f 542 1674 1476
f 1515 1438 542
f 483 1438 1515
f 542 38 1674
f 1438 38 542
f 38 1903 1674
f 1438 189 38
f 483 197 1438
f 197 189 1438
f 1212 483 248
f 1212 1353 483
f 1988 1353 1212
f 609 1353 1988
f 609 72 1353
f 1148 72 609
f 1353 197 483
f 1175 197 1353
f 72 1175 1353
f 1148 246 72
f 72 246 1175
f 1148 264 246
f 1104 1175 246
f 976 1104 246
f 264 976 246
f 1175 1819 197
f 1175 1871 1819
f 1175 1104 1871
f 1237 1798 1988
f 1449 819 1237
f 699 819 1449
f 1798 609 1988
f 1237 526 1798
f 819 526 1237
f 699 1510 819
f 938 609 1798
f 599 1798 526
f 599 938 1798
f 819 599 526
f 819 1510 599
f 938 1148 609
f 599 647 938
f 1510 1532 599
f 768 1532 1510
f 647 1148 938
f 647 264 1148
f 1532 647 599
f 647 682 264
f 682 976 264
f 247 647 1532
f 247 1367 647
f 995 247 1532
f 995 1532 768
f 362 995 768
f 1367 682 647
f 1367 1958 682
f 995 362 247
f 566 1367 247
f 566 28 1367
f 362 566 247
f 1483 566 362
f 327 976 682
f 1958 327 682
f 1367 28 1958
f 566 162 28
f 895 162 566
f 1483 895 566
f 1319 895 1483
f 927 1319 1483
f 1958 580 327
f 28 580 1958
f 204 580 28
f 162 204 28
f 1589 204 162
f 1589 162 895
f 388 1589 895
f 1319 388 895
f 1014 388 1319
f 1014 1319 927
f 854 43 1016
f 54 1705 967
f 1016 1670 54
f 43 1661 1016
f 54 1670 1705
f 1661 1670 1016
f 990 916 43
f 1809 916 990
f 43 916 1661
f 1809 1810 916
f 1680 1810 1809
f 916 1426 1661
f 1810 1426 916
f 1810 105 1426
f 1810 1035 105
f 1975 1680 1809
f 1975 1903 1680
f 1903 1041 1680
f 1680 1035 1810
f 1041 1035 1680
f 1041 1806 1035
f 45 1806 1041
f 45 370 1806
f 38 748 1903
f 189 748 38
f 1903 748 1041
f 748 45 1041
f 748 1811 45
f 1811 370 45
f 197 1183 189
f 197 1819 1183
f 189 1183 748
f 1183 1811 748
f 1836 1811 1183
f 1415 1836 1183
f 1415 1961 1836
f 1961 1282 1836
f 976 1268 1104
f 1104 1942 1871
f 1268 1942 1104
f 1268 307 1942
f 1871 1619 1819
f 1942 1619 1871
f 1819 1415 1183
f 1619 1415 1819
f 307 128 1942
f 1619 735 1415
f 1942 735 1619
f 128 735 1942
f 735 1961 1415
f 128 816 735
f 128 1105 816
f 735 816 1961
f 816 1050 1961
f 327 1268 976
f 327 751 1268
f 751 307 1268
f 751 557 307
f 307 808 128
f 557 808 307
f 1491 678 557
f 678 808 557
f 1491 761 678
f 128 1984 1105
f 808 1984 128
f 808 664 1984
f 678 664 808
f 761 664 678
f 761 66 664
f 761 568 66
f 1984 151 1105
f 1984 1086 151
f 664 1086 1984
f 664 66 1086
f 327 580 751
f 204 1144 580
f 1792 1144 204
f 1589 1792 204
f 1554 1792 1589
f 1589 388 1554
f 1252 1554 388
f 1144 557 751
f 1144 751 580
f 1554 312 1792
f 1252 987 1554
f 1491 557 1144
f 1792 1491 1144
f 312 1491 1792
f 987 312 1554
f 312 1365 1491
f 1365 761 1491
f 578 1252 388
f 1014 578 388
f 1664 1252 578
f 1664 782 1252
f 1664 578 1014
f 129 1664 1014
f 129 1581 1664
f 1672 1581 129
f 1252 782 987
f 782 962 987
f 696 962 782
f 1581 696 782
f 1664 1581 782
f 653 696 1581
f 1989 653 1581
f 1672 1989 1581
f 1121 653 1989
f 1121 1527 653
f 408 764 312
f 987 408 312
f 987 962 408
f 729 408 962
f 696 729 962
f 1232 729 696
f 653 1232 696
f 1527 1232 653
f 1527 313 1232
f 764 1365 312
f 729 764 408
f 729 1199 764
f 729 141 1199
f 729 661 141
f 1232 661 729
f 1232 1397 661
f 313 1397 1232
f 313 1653 1397
f 1365 1596 761
f 764 1596 1365
f 1199 1596 764
f 141 209 1199
f 661 209 141
f 1397 209 661
f 1397 1380 209
f 1653 1380 1397
f 1653 500 1380
f 1199 985 1596
f 209 985 1199
f 209 434 985
f 1380 434 209
f 500 1123 1380
f 1596 568 761
f 985 568 1596
f 434 1375 985
f 1380 584 434
f 1123 584 1380
f 1123 174 584
f 985 1375 568
f 584 1375 434
f 630 548 1527
f 525 1527 1121
f 525 630 1527
f 437 525 1121
f 548 572 313
f 548 313 1527
f 945 572 548
f 630 945 548
f 630 217 945
f 525 217 630
f 525 994 217
f 437 994 525
f 437 1200 994
f 1813 945 217
f 994 1813 217
f 572 1653 313
f 572 713 1653
f 572 640 713
f 945 640 572
f 945 308 640
f 308 192 640
f 1813 308 945
f 994 1376 1813
f 1200 1376 994
f 1200 823 1376
f 511 1123 500
f 713 500 1653
f 713 511 500
f 652 1069 511
f 713 652 511
f 640 652 713
f 640 392 652
f 392 366 652
f 192 392 640
f 308 392 192
f 308 1321 392
f 1813 1321 308
f 1376 1321 1813
f 511 1069 1123
f 652 492 1069
f 366 492 652
f 1321 366 392
f 1069 174 1123
f 1069 615 174
f 492 615 1069
f 492 158 615
f 366 158 492
f 1321 158 366
f 823 1321 1376
f 615 326 174
f 158 326 615
f 158 196 326
f 1321 196 158
f 1321 1100 196
f 823 1100 1321
f 1888 1275 1414
f 1888 959 1275
f 1888 1616 959
f 1987 1616 1888
f 1254 1414 892
f 1334 1888 1414
f 1334 1414 1254
f 1550 1888 1334
f 1049 1888 1550
f 1049 1987 1888
f 1305 914 1901
f 1344 1901 1616
f 1344 1616 1987
f 1492 1901 1344
f 1492 1305 1901
f 1474 711 1305
f 1474 1305 1492
f 852 1474 1492
f 852 1492 1344
f 1568 852 1344
f 1092 1344 1987
f 1568 1344 1092
f 1823 1092 1987
f 1823 1887 1092
f 1887 1568 1092
f 1823 1987 1049
f 1501 1823 1049
f 1887 1184 1568
f 1667 1823 1501
f 1667 1887 1823
f 1019 1887 1667
f 29 1474 852
f 1327 711 1474
f 29 1327 1474
f 852 1119 29
f 1119 852 1568
f 1327 1225 711
f 1915 1327 29
f 1915 29 1119
f 1119 7 1915
f 1327 1437 1225
f 1327 1171 1437
f 1915 1171 1327
f 1184 1119 1568
f 1524 1184 1887
f 1019 1524 1887
f 1184 7 1119
f 1524 7 1184
f 1342 1254 1389
f 1342 1334 1254
f 1314 1334 1342
f 1314 1550 1334
f 1314 1049 1550
f 1482 1049 1314
f 697 1314 1342
f 1482 1314 697
f 1922 1667 1501
f 1584 1501 1049
f 1584 1922 1501
f 1667 1523 1019
f 1523 1667 1922
f 1584 1049 1482
f 1465 1922 1584
f 1181 1584 1482
f 1465 1523 1922
f 1465 1584 1181
f 1384 1465 1181
f 1751 1181 1482
f 1751 1384 1181
f 1324 1384 1751
f 1915 1782 1171
f 7 1782 1915
f 18 1782 7
f 1171 1800 1437
f 1782 1800 1171
f 1228 1524 1019
f 1524 1547 7
f 1228 1547 1524
f 873 1019 1523
f 873 1228 1019
f 1228 654 1547
f 18 7 1547
f 873 654 1228
f 1992 1547 654
f 1966 654 873
f 1992 18 1547
f 654 1966 1992
f 1992 1526 18
f 1966 1526 1992
f 1465 1222 1523
f 1638 1523 1222
f 1638 873 1523
f 1222 1465 1384
f 1638 1966 873
f 1864 1638 1222
f 1004 1966 1638
f 1324 1222 1384
f 1864 1222 1324
f 1004 1638 1864
f 701 1800 1782
f 18 701 1782
f 1800 701 1936
f 139 1936 701
f 877 1449 1936
f 139 877 1936
f 1526 701 18
f 1526 1865 701
f 1151 1389 1812
f 1151 1342 1389
f 697 1342 1151
f 1329 1482 697
f 676 697 1151
f 1329 697 676
f 114 1151 1812
f 114 676 1151
f 1372 676 1990
f 1372 1329 676
f 114 1812 24
f 1990 676 114
f 70 1324 1751
f 925 1482 1329
f 925 1751 1482
f 1095 1751 925
f 70 1751 1095
f 1816 70 1095
f 1372 925 1329
f 1372 1095 925
f 1907 1095 1372
f 1907 1816 1095
f 724 1816 1907
f 47 724 1907
f 1966 1189 1526
f 1004 698 1966
f 698 1189 1966
f 1227 1864 1324
f 1864 733 1004
f 1004 733 698
f 1227 1324 70
f 1227 733 1864
f 499 733 1227
f 733 499 1781
f 733 1781 698
f 698 1781 1170
f 499 941 1545
f 499 1545 1781
f 1816 1227 70
f 1227 724 499
f 724 1227 1816
f 941 499 724
f 701 1464 139
f 1865 1464 701
f 1464 1937 139
f 877 699 1449
f 1382 877 139
f 1937 1382 139
f 1382 699 877
f 1865 166 1464
f 1937 750 1382
f 1464 750 1937
f 166 750 1464
f 699 968 1510
f 1382 968 699
f 968 768 1510
f 1382 745 968
f 1382 1972 745
f 1972 1382 750
f 1127 1972 750
f 1127 750 166
f 1906 768 968
f 745 1906 968
f 472 1127 166
f 1127 1660 1972
f 1526 179 1865
f 1526 1884 179
f 1884 1526 1189
f 179 1052 1865
f 1865 1052 166
f 1685 1884 1189
f 179 920 142
f 1884 920 179
f 142 1052 179
f 1052 1028 166
f 1028 1052 142
f 472 166 1028
f 1884 801 920
f 1685 801 1884
f 920 91 142
f 920 801 91
f 91 1028 142
f 912 1028 91
f 820 472 1028
f 820 1028 912
f 1685 1102 801
f 1102 1685 182
f 801 438 91
f 912 91 438
f 769 912 438
f 612 820 912
f 769 612 912
f 889 472 820
f 612 889 820
f 801 638 438
f 801 1284 638
f 1284 801 1102
f 452 438 638
f 452 769 438
f 769 1727 612
f 1727 769 452
f 889 837 472
f 612 266 889
f 836 612 1727
f 836 266 612
f 721 1727 830
f 721 836 1727
f 1189 698 1170
f 1189 1170 1685
f 182 1685 1170
f 512 1032 1137
f 512 305 1032
f 762 305 512
f 762 864 305
f 1091 787 232
f 619 787 1091
f 619 361 787
f 259 361 619
f 259 1137 361
f 1377 1137 259
f 1377 512 1137
f 291 512 1377
f 291 762 512
f 706 762 291
f 706 251 762
f 1660 745 1972
f 362 768 1906
f 75 362 1906
f 75 1906 745
f 75 745 1660
f 170 1660 1127
f 170 1127 472
f 1521 75 1660
f 170 1521 1660
f 1663 1483 362
f 1663 362 75
f 1198 1521 170
f 1220 1198 170
f 75 1521 1663
f 867 1663 1521
f 1198 867 1521
f 927 1483 1663
f 867 927 1663
f 853 1198 1220
f 774 1198 853
f 1636 867 1198
f 774 1636 1198
f 1636 1009 867
f 1051 1014 927
f 1051 927 867
f 1009 1051 867
f 837 170 472
f 837 1220 170
f 320 837 889
f 320 889 266
f 1042 721 423
f 1042 986 721
f 540 423 232
f 540 1042 423
f 540 232 787
f 190 1220 837
f 1507 190 837
f 1507 837 320
f 634 986 1042
f 634 383 986
f 634 1042 540
f 223 383 634
f 223 134 383
f 779 223 634
f 853 1220 190
f 223 606 134
f 617 606 223
f 530 223 779
f 530 617 223
f 1543 617 530
f 338 1543 530
f 1313 348 1543
f 1313 1543 338
f 415 464 348
f 415 358 464
f 1313 415 348
f 444 1032 305
f 444 671 1032
f 857 305 864
f 857 444 305
f 780 671 444
f 780 156 671
f 281 444 857
f 281 780 444
f 645 281 857
f 585 156 780
f 585 1399 156
f 563 780 281
f 563 585 780
f 302 281 645
f 302 563 281
f 184 480 1399
f 436 1399 585
f 436 184 1399
f 176 585 563
f 176 436 585
f 436 641 184
f 1278 540 787
f 746 787 361
f 746 1278 787
f 318 361 1137
f 318 746 361
f 318 156 746
f 318 671 156
f 671 1137 1032
f 671 318 1137
f 1654 762 251
f 1654 864 762
f 1654 857 864
f 921 540 1278
f 921 634 540
f 921 1278 746
f 156 921 746
f 1270 857 1654
f 1270 645 857
f 273 634 921
f 273 779 634
f 480 273 921
f 1399 921 156
f 1399 480 921
f 302 334 563
f 302 411 334
f 411 645 1270
f 411 302 645
f 176 881 436
f 176 1450 881
f 1450 563 334
f 1450 176 563
f 411 1450 334
f 338 779 273
f 338 530 779
f 404 273 480
f 404 338 273
f 641 480 184
f 641 404 480
f 436 432 641
f 432 436 881
f 783 881 1450
f 783 432 881
f 340 338 404
f 1243 404 641
f 1243 340 404
f 586 641 432
f 586 1243 641
f 1025 1313 338
f 496 338 340
f 496 1025 338
f 343 340 1243
f 343 496 340
f 278 1025 496
f 862 496 343
f 862 278 496
f 460 251 706
f 460 1654 251
f 479 1654 460
f 479 1270 1654
f 571 479 460
f 1054 1270 479
f 1054 411 1270
f 411 1828 1450
f 411 188 1828
f 188 411 1054
f 783 402 432
f 783 290 402
f 290 1450 1828
f 290 783 1450
f 586 210 1243
f 586 679 210
f 679 432 402
f 679 586 432
f 450 1243 210
f 450 343 1243
f 1141 210 679
f 1141 450 210
f 1628 343 450
f 1628 862 343
f 226 450 1141
f 226 1628 450
f 415 545 358
f 631 415 1313
f 811 545 415
f 811 576 545
f 1505 415 631
f 1505 811 415
f 509 576 811
f 250 811 1505
f 250 509 811
f 773 576 509
f 773 222 576
f 135 509 250
f 135 773 509
f 646 1313 1025
f 646 631 1313
f 550 1025 278
f 550 646 1025
f 485 278 862
f 485 550 278
f 1072 631 646
f 1072 1505 631
f 238 646 550
f 238 1072 646
f 485 784 550
f 485 396 784
f 396 862 1628
f 396 485 862
f 238 539 1072
f 539 550 784
f 539 238 550
f 233 1505 1072
f 233 250 1505
f 643 1072 539
f 643 233 1072
f 1692 114 24
f 1276 1990 114
f 1276 114 1692
f 1745 1990 1276
f 1758 1276 1692
f 115 1745 1276
f 1758 1692 1898
f 115 1276 1758
f 1745 1372 1990
f 922 1907 1372
f 47 1907 922
f 922 1372 1745
f 1290 47 922
f 1744 922 1745
f 1290 922 1744
f 1744 1745 115
f 845 1290 1744
f 1755 1290 845
f 1764 1744 115
f 845 1744 1764
f 1781 1545 1170
f 1545 1338 1170
f 448 1545 941
f 1338 1545 448
f 448 34 1338
f 448 1361 34
f 1361 1412 34
f 1681 724 47
f 1681 941 724
f 1044 941 1681
f 941 1044 448
f 1681 47 1290
f 1011 1681 1290
f 1044 1681 1011
f 1361 448 1044
f 1011 1290 1755
f 1361 1044 1011
f 182 369 1102
f 604 1102 369
f 604 1284 1102
f 638 300 1274
f 300 1284 604
f 300 638 1284
f 1274 452 638
f 397 1274 300
f 515 452 1274
f 515 1727 452
f 331 1274 397
f 331 515 1274
f 331 1727 515
f 331 830 1727
f 836 582 266
f 721 582 836
f 928 830 331
f 928 721 830
f 310 331 1833
f 310 928 331
f 310 721 928
f 310 423 721
f 772 310 1833
f 772 423 310
f 772 232 423
f 604 369 833
f 833 300 604
f 205 300 833
f 205 397 300
f 282 397 205
f 282 331 397
f 215 331 282
f 215 1833 331
f 1043 1833 215
f 1043 772 1833
f 230 772 1043
f 940 369 35
f 833 1070 875
f 1070 369 940
f 1070 833 369
f 435 833 875
f 435 205 833
f 508 875 1070
f 508 435 875
f 435 282 205
f 374 435 508
f 374 282 435
f 374 215 282
f 502 215 374
f 502 1043 215
f 543 502 374
f 543 562 502
f 562 1043 502
f 562 230 1043
f 1693 35 880
f 1693 940 35
f 249 940 1693
f 249 1070 940
f 157 1070 249
f 157 508 1070
f 456 508 157
f 456 374 508
f 806 374 456
f 806 543 374
f 126 543 806
f 126 562 543
f 635 249 1693
f 564 249 635
f 564 157 249
f 669 157 564
f 669 456 157
f 1033 456 669
f 1033 806 456
f 907 635 1126
f 381 635 907
f 381 564 635
f 669 381 832
f 381 669 564
f 1033 1530 1215
f 1530 669 832
f 1530 1033 669
f 1287 1530 832
f 907 897 490
f 897 907 1126
f 490 381 907
f 1287 381 490
f 1287 832 381
f 185 232 772
f 185 1091 232
f 1080 1091 185
f 1080 619 1091
f 668 619 1080
f 668 259 619
f 709 259 668
f 709 1377 259
f 406 1377 709
f 406 291 1377
f 231 291 406
f 231 706 291
f 1170 35 182
f 182 35 369
f 345 772 230
f 345 185 772
f 265 185 345
f 265 1080 185
f 503 1080 265
f 503 668 1080
f 160 668 503
f 160 709 668
f 389 709 160
f 389 406 709
f 1170 1246 35
f 1246 1170 1338
f 466 230 562
f 466 345 230
f 268 345 466
f 268 265 345
f 368 265 268
f 368 503 265
f 880 35 1246
f 743 562 126
f 743 466 562
f 880 635 1693
f 1246 1126 880
f 880 1126 635
f 1338 34 1246
f 1246 1209 1126
f 1246 34 1209
f 1126 1209 897
f 1615 1636 774
f 169 1615 774
f 320 266 582
f 986 582 721
f 1820 1507 320
f 383 320 582
f 383 1820 320
f 383 582 986
f 149 190 1507
f 1820 149 1507
f 536 1820 383
f 134 536 383
f 149 853 190
f 1687 149 1820
f 626 1820 536
f 626 1687 1820
f 606 536 134
f 606 626 536
f 818 853 149
f 1088 818 149
f 1088 149 1687
f 493 1687 626
f 493 1088 1687
f 617 570 606
f 818 774 853
f 798 818 1088
f 145 798 1088
f 145 1088 493
f 1543 570 617
f 1543 351 570
f 169 774 818
f 1699 169 818
f 335 818 798
f 335 1699 818
f 321 798 145
f 321 335 798
f 428 321 145
f 348 598 351
f 348 464 598
f 348 351 1543
f 1533 335 321
f 687 321 428
f 687 1533 321
f 358 428 598
f 358 687 428
f 358 598 464
f 606 489 626
f 606 260 489
f 495 626 489
f 495 493 626
f 955 489 260
f 955 495 489
f 570 260 606
f 570 955 260
f 570 629 955
f 1135 493 495
f 1135 145 493
f 344 351 605
f 351 629 570
f 351 344 629
f 1859 145 1135
f 1859 428 145
f 187 428 1859
f 187 598 428
f 598 605 351
f 598 187 605
f 955 244 495
f 955 181 244
f 629 181 955
f 629 314 181
f 228 495 244
f 228 1135 495
f 991 605 692
f 991 344 605
f 344 314 629
f 344 991 314
f 991 744 314
f 991 666 744
f 869 1135 228
f 869 1859 1135
f 356 1859 869
f 356 187 1859
f 187 692 605
f 187 356 692
f 356 991 692
f 356 672 991
f 1103 126 806
f 1103 346 126
f 726 346 1103
f 726 674 346
f 178 107 726
f 107 674 726
f 625 107 178
f 625 984 107
f 984 674 107
f 984 1490 674
f 555 195 625
f 181 555 244
f 181 195 555
f 195 984 625
f 314 195 181
f 314 984 195
f 984 1038 1490
f 744 984 314
f 744 1038 984
f 214 244 555
f 214 228 244
f 666 991 672
f 482 228 214
f 482 869 228
f 296 869 482
f 296 356 869
f 672 356 296
f 672 140 666
f 583 296 482
f 583 367 296
f 367 672 296
f 367 988 672
f 988 140 672
f 988 275 140
f 1215 164 1033
f 164 1103 1033
f 1103 806 1033
f 1641 164 1215
f 1641 726 164
f 726 1103 164
f 1641 178 726
f 600 178 1641
f 625 178 600
f 494 625 600
f 494 555 625
f 494 214 555
f 708 214 494
f 708 482 214
f 583 482 708
f 618 1641 1215
f 42 1641 618
f 590 1641 42
f 590 600 1641
f 469 600 590
f 469 494 600
f 931 494 469
f 828 1229 931
f 1229 494 931
f 1229 708 494
f 828 373 1229
f 373 708 1229
f 373 583 708
f 1224 1530 1287
f 1224 1215 1530
f 431 618 1224
f 618 1215 1224
f 401 42 431
f 42 618 431
f 1201 42 401
f 1201 590 42
f 903 469 1201
f 469 590 1201
f 739 469 903
f 739 931 469
f 1264 931 739
f 1264 828 931
f 723 828 1264
f 1201 728 903
f 728 1201 401
f 507 739 903
f 720 739 507
f 720 1264 739
f 394 1264 720
f 394 723 1264
f 958 231 406
f 958 707 231
f 707 706 231
f 707 460 706
f 571 460 707
f 137 707 958
f 137 885 707
f 885 571 707
f 571 885 479
f 132 885 137
f 132 422 885
f 422 479 885
f 422 1054 479
f 274 422 132
f 274 188 422
f 188 274 1828
f 188 1054 422
f 290 144 402
f 290 796 144
f 796 1828 274
f 796 290 1828
f 152 402 144
f 152 679 402
f 737 679 152
f 737 1141 679
f 226 1472 1628
f 226 1141 737
f 805 160 503
f 805 644 160
f 644 389 160
f 644 218 389
f 218 406 389
f 218 958 406
f 1773 644 805
f 1773 218 644
f 1773 137 218
f 137 958 218
f 1346 137 1773
f 1346 132 137
f 357 132 1346
f 357 211 132
f 211 274 132
f 577 824 357
f 824 211 357
f 824 161 211
f 796 824 144
f 796 161 824
f 161 274 211
f 161 796 274
f 524 824 577
f 524 560 824
f 560 144 824
f 560 152 144
f 561 560 524
f 561 171 560
f 171 152 560
f 171 737 152
f 683 171 561
f 226 683 1472
f 683 737 171
f 683 226 737
f 440 268 466
f 440 458 268
f 458 368 268
f 458 805 368
f 805 503 368
f 440 442 458
f 442 805 458
f 442 1773 805
f 674 442 440
f 442 1346 1773
f 256 442 674
f 256 1073 442
f 1073 1346 442
f 1073 357 1346
f 577 357 1073
f 666 256 744
f 666 929 256
f 929 1073 256
f 929 577 1073
f 929 524 577
f 1063 524 929
f 1063 561 524
f 400 1063 929
f 1063 1249 561
f 1249 683 561
f 346 743 126
f 346 466 743
f 346 440 466
f 674 440 346
f 1490 256 674
f 1038 256 1490
f 256 1038 744
f 140 929 666
f 275 929 140
f 275 400 929
f 129 1014 1051
f 1023 1051 1009
f 1023 129 1051
f 1168 1023 1009
f 662 1009 1636
f 662 1168 1009
f 1023 1672 129
f 662 1636 1615
f 1271 662 1615
f 937 1271 1615
f 339 1271 937
f 943 1168 662
f 180 662 1271
f 180 943 662
f 416 1271 339
f 416 180 1271
f 447 1672 1023
f 565 1023 1168
f 565 447 1023
f 317 1168 943
f 317 565 1168
f 447 1989 1672
f 1509 1989 447
f 1509 1121 1989
f 1185 1509 447
f 1185 447 565
f 1591 1509 1185
f 180 399 943
f 399 317 943
f 680 565 317
f 377 565 680
f 377 1185 565
f 1022 1185 377
f 180 1603 399
f 180 882 1603
f 416 882 180
f 416 690 882
f 399 680 317
f 399 1997 680
f 1997 399 1603
f 882 1997 1603
f 1217 680 1997
f 1946 680 1217
f 1946 377 680
f 1022 377 1946
f 690 446 882
f 882 405 1997
f 882 677 405
f 677 882 446
f 449 1997 405
f 449 1217 1997
f 449 405 677
f 1946 1217 449
f 1046 1946 449
f 324 1022 1946
f 1046 324 1946
f 446 523 677
f 446 809 523
f 393 677 523
f 393 449 677
f 1046 449 393
f 809 665 523
f 665 809 269
f 206 523 665
f 206 393 523
f 628 393 206
f 628 1046 393
f 451 269 1263
f 451 665 269
f 206 665 451
f 972 1699 335
f 972 1090 1699
f 972 335 1533
f 545 1533 687
f 545 972 1533
f 545 687 358
f 333 972 545
f 576 333 545
f 1345 1090 972
f 1345 567 1090
f 333 1345 972
f 611 567 1345
f 237 1345 333
f 237 611 1345
f 222 333 576
f 222 237 333
f 773 276 222
f 135 276 773
f 135 342 276
f 342 250 681
f 342 135 250
f 569 1615 169
f 569 937 1615
f 1090 169 1699
f 1090 569 169
f 378 937 569
f 378 339 937
f 849 569 1090
f 849 378 569
f 1117 849 1090
f 567 1117 1090
f 213 339 378
f 213 416 339
f 1245 849 1117
f 1245 319 849
f 567 1245 1117
f 611 1245 567
f 611 243 1245
f 237 243 611
f 237 1015 243
f 222 1015 237
f 222 558 1015
f 276 558 222
f 276 471 558
f 342 471 276
f 342 890 471
f 849 478 378
f 213 419 416
f 419 378 478
f 419 213 378
f 224 419 478
f 319 478 849
f 319 224 478
f 1245 224 319
f 1245 390 224
f 243 390 1245
f 243 280 390
f 1015 280 243
f 1015 719 280
f 471 741 558
f 471 470 741
f 890 470 471
f 890 467 470
f 1015 516 719
f 558 516 1015
f 516 558 741
f 1216 988 367
f 1216 275 988
f 753 275 1216
f 753 691 275
f 271 330 753
f 330 691 753
f 330 591 691
f 419 690 416
f 419 372 690
f 224 372 419
f 224 973 372
f 390 973 224
f 390 455 973
f 280 455 390
f 280 771 455
f 719 771 280
f 719 242 771
f 481 330 271
f 481 846 330
f 470 481 741
f 470 846 481
f 846 591 330
f 846 387 591
f 467 846 470
f 467 387 846
f 387 467 591
f 516 242 719
f 516 481 242
f 516 741 481
f 1405 367 583
f 1405 1216 367
f 486 1216 1405
f 486 753 1216
f 1233 420 486
f 420 753 486
f 420 271 753
f 372 446 690
f 372 353 446
f 973 353 372
f 973 380 353
f 455 380 973
f 455 491 380
f 491 1233 1374
f 491 712 1233
f 771 491 455
f 771 712 491
f 712 420 1233
f 712 1113 420
f 242 712 771
f 242 1113 712
f 1113 271 420
f 481 1113 242
f 1113 481 271
f 863 373 828
f 863 1405 373
f 1405 583 373
f 863 486 1405
f 752 1374 863
f 1374 486 863
f 1374 1233 486
f 353 809 446
f 353 395 809
f 395 752 168
f 395 193 752
f 380 395 353
f 380 193 395
f 193 1374 752
f 491 193 380
f 491 1374 193
f 776 723 394
f 776 828 723
f 776 863 828
f 301 863 776
f 752 1703 168
f 1703 863 301
f 1703 752 863
f 395 269 809
f 395 146 269
f 146 168 1703
f 146 395 168
f 874 301 776
f 874 1703 301
f 146 1263 269
f 1263 1703 874
f 1263 146 1703
f 359 1628 1472
f 359 396 1628
f 784 519 539
f 519 396 359
f 519 784 396
f 233 681 250
f 233 143 681
f 643 143 233
f 643 755 143
f 755 539 519
f 755 643 539
f 143 342 681
f 364 1472 683
f 364 359 1472
f 519 316 430
f 316 359 364
f 316 519 359
f 755 732 143
f 755 153 732
f 153 519 430
f 153 755 519
f 143 890 342
f 143 212 890
f 212 143 732
f 400 703 1063
f 703 1249 1063
f 703 935 1249
f 935 683 1249
f 935 364 683
f 1197 703 400
f 1197 407 703
f 407 935 703
f 407 839 935
f 316 407 430
f 316 839 407
f 839 364 935
f 839 316 364
f 1791 407 1197
f 1791 522 407
f 153 1791 732
f 153 522 1791
f 522 430 407
f 522 153 430
f 467 1791 591
f 467 1058 1791
f 212 467 890
f 212 1058 467
f 1058 732 1791
f 1058 212 732
f 691 400 275
f 691 1197 400
f 1791 691 591
f 691 1791 1197
f 1081 1121 1509
f 1081 437 1121
f 1591 1081 1509
f 639 1591 1185
f 433 437 1081
f 822 433 1081
f 1003 1081 1591
f 1003 822 1081
f 1003 1591 639
f 216 1185 1022
f 216 639 1185
f 433 1200 437
f 433 1188 1200
f 822 1188 433
f 822 167 1188
f 1003 167 822
f 1003 1026 167
f 1003 673 1026
f 673 1003 639
f 216 673 639
f 1762 1026 673
f 901 216 1022
f 216 1762 673
f 216 581 1762
f 581 216 901
f 1188 823 1200
f 167 823 1188
f 167 1030 823
f 1026 1030 167
f 1762 1030 1026
f 324 901 1022
f 901 347 581
f 901 866 347
f 866 901 324
f 850 866 324
f 1762 1307 1030
f 581 1307 1762
f 581 347 1307
f 379 347 866
f 850 324 1046
f 850 457 866
f 1030 964 823
f 1307 964 1030
f 347 964 1307
f 347 379 964
f 379 866 457
f 800 1046 628
f 800 850 1046
f 850 258 457
f 850 800 258
f 379 730 964
f 379 258 730
f 258 379 457
f 663 800 628
f 800 172 258
f 800 263 172
f 263 800 663
f 258 172 730
f 1454 1308 1994
f 531 1994 1308
f 1994 531 360
f 1951 1994 360
f 1951 360 1570
f 40 1951 1570
f 1586 1454 1994
f 1934 1454 1586
f 1586 1994 1951
f 227 1934 1586
f 1656 1586 1951
f 227 1586 1656
f 100 1934 21
f 21 1934 1191
f 1191 1934 227
f 100 21 1978
f 1213 1610 1709
f 1138 1709 975
f 53 1610 1213
f 1213 1709 1138
f 53 1213 122
f 1440 1213 1138
f 1213 1440 122
f 122 633 527
f 1440 633 122
f 633 1440 1743
f 53 1352 1610
f 360 531 1352
f 360 1352 53
f 1599 360 53
f 122 527 53
f 1599 1570 360
f 527 1599 53
f 527 261 1599
f 1704 1138 975
f 1711 1704 108
f 1711 1441 1704
f 1704 1690 1138
f 1704 1441 1690
f 1711 1790 1441
f 1440 1138 1690
f 1440 1690 337
f 1441 337 1690
f 1743 1440 337
f 337 896 1743
f 1441 896 337
f 1790 896 1441
f 1743 1572 633
f 1739 1098 1711
f 1955 89 1739
f 1098 1790 1711
f 89 1098 1739
f 89 1630 1098
f 89 1453 1630
f 1848 89 1955
f 1848 1250 89
f 110 17 1848
f 17 1250 1848
f 110 1878 17
f 1250 1453 89
f 1686 1878 110
f 68 1878 1686
f 68 1967 1878
f 68 473 1967
f 473 1943 1967
f 1929 473 68
f 1710 473 1929
f 1705 1393 1710
f 1710 1484 473
f 1393 1484 1710
f 1393 44 1484
f 1484 1943 473
f 1393 4 44
f 1549 1951 40
f 1191 227 1656
f 1656 1951 1549
f 1821 1656 1333
f 1821 1191 1656
f 21 1191 1821
f 1333 1656 1549
f 1333 1549 165
f 1157 21 1821
f 1924 1333 1108
f 1924 1821 1333
f 1821 1924 1157
f 1978 21 1157
f 1218 100 1978
f 651 1978 1157
f 1218 1978 651
f 633 8 527
f 633 974 8
f 9 8 974
f 8 9 285
f 425 40 1570
f 425 1570 1599
f 261 425 1599
f 261 527 8
f 1549 40 425
f 1698 425 261
f 8 1698 261
f 165 425 1718
f 425 165 1549
f 1698 1718 425
f 1698 8 285
f 285 352 1698
f 1718 1698 352
f 1108 165 1718
f 1718 1971 1108
f 285 1754 352
f 1754 9 147
f 9 1754 285
f 1971 1718 601
f 601 1718 352
f 165 1108 1333
f 1572 974 633
f 896 1572 1743
f 896 1120 1572
f 1790 1120 896
f 1790 1354 1120
f 1572 1120 974
f 1354 810 1120
f 974 1451 9
f 1120 1451 974
f 810 1451 1120
f 147 9 1451
f 1451 1419 147
f 810 1419 1451
f 1354 1419 810
f 1354 1381 1419
f 1419 163 147
f 1419 1381 163
f 147 163 1754
f 1098 1354 1790
f 1098 870 1354
f 1098 1757 870
f 1630 1757 1098
f 1453 1757 1630
f 1453 1689 1757
f 1757 718 870
f 1689 718 1757
f 1250 1621 1453
f 1250 715 1621
f 17 715 1250
f 17 1691 715
f 1878 1691 17
f 1453 1621 1689
f 1878 1468 1691
f 1967 1468 1878
f 1967 754 1468
f 1943 754 1967
f 754 1916 1468
f 754 375 1916
f 103 375 754
f 1484 1624 1943
f 1484 1535 1624
f 44 1535 1484
f 4 1111 44
f 1943 1624 754
f 1624 103 754
f 44 1111 1535
f 1624 375 103
f 1107 1157 1924
f 1639 1157 1107
f 651 1157 1639
f 1673 1218 651
f 1116 651 1639
f 1673 651 1116
f 1971 1517 1108
f 208 601 352
f 1754 208 352
f 1971 601 208
f 1283 1754 1371
f 1754 1283 208
f 1517 1971 315
f 1875 1971 208
f 315 1971 1875
f 1283 1875 208
f 1875 1040 315
f 1040 1875 1293
f 1040 306 315
f 1040 1542 306
f 1108 1467 1924
f 1107 1924 1467
f 1467 1108 1517
f 1467 1517 792
f 792 1517 315
f 1186 1107 1467
f 1858 1107 1186
f 1858 1639 1107
f 1186 1467 792
f 1443 1186 792
f 315 306 792
f 1443 1302 1186
f 306 1443 792
f 1302 1858 1186
f 1420 1858 1302
f 306 1631 1443
f 1631 1302 1443
f 756 306 1542
f 756 1631 306
f 106 1639 1858
f 106 1116 1639
f 1116 894 1673
f 894 1721 1673
f 894 1116 106
f 1420 106 1858
f 1420 1697 106
f 1697 894 106
f 1354 1918 1381
f 163 1371 1754
f 163 613 1371
f 1381 613 163
f 1381 1223 613
f 1918 1223 1381
f 1154 1283 1371
f 613 1154 1371
f 1223 155 613
f 1283 1293 1875
f 1154 1236 1283
f 613 155 1154
f 1236 1293 1283
f 1236 648 1293
f 155 1236 1154
f 155 648 1236
f 1293 1542 1040
f 648 1029 1293
f 648 118 1029
f 1223 648 155
f 1223 118 648
f 1918 118 1223
f 1918 1985 118
f 1542 1293 1029
f 1029 363 1542
f 1029 311 363
f 118 311 1029
f 1985 1330 118
f 118 1358 311
f 1330 1358 118
f 363 756 1542
f 363 267 756
f 870 1918 1354
f 870 1020 1918
f 718 1020 870
f 1689 1310 718
f 1689 1166 1310
f 718 957 1020
f 1310 957 718
f 1020 1985 1918
f 1020 1802 1985
f 957 1802 1020
f 957 74 1802
f 1310 74 957
f 1166 74 1310
f 1621 1166 1689
f 1621 1082 1166
f 715 1082 1621
f 715 1174 1082
f 1691 1174 715
f 1174 1796 1082
f 556 1796 1174
f 1166 1458 74
f 1166 1150 1458
f 1082 1150 1166
f 1796 1150 1082
f 1796 1590 1150
f 1862 1590 1796
f 1468 1174 1691
f 1468 1890 1174
f 1916 1890 1468
f 375 1890 1916
f 1890 556 1174
f 375 63 1890
f 375 1872 63
f 1890 1221 556
f 63 1221 1890
f 556 1221 1796
f 1221 1862 1796
f 63 1866 1221
f 1872 1866 63
f 1872 11 1866
f 1221 57 1862
f 1866 57 1221
f 1624 1921 375
f 1624 322 1921
f 1535 322 1624
f 1111 322 1535
f 1111 1713 322
f 1111 1398 1713
f 1921 1872 375
f 322 101 1921
f 1713 101 322
f 1398 73 1713
f 1713 73 101
f 1921 11 1872
f 1921 1265 11
f 101 1265 1921
f 73 1944 101
f 101 1970 1265
f 101 1944 1970
f 73 1729 1944
f 1910 1420 1302
f 1960 1302 1631
f 1910 1302 1960
f 1503 894 1697
f 670 894 1503
f 1573 1697 1420
f 1573 1503 1697
f 1910 1573 1420
f 1695 1503 1573
f 86 1503 1695
f 1553 1573 1910
f 1021 1695 1573
f 311 267 363
f 1358 267 311
f 756 1 1631
f 267 595 756
f 595 1 756
f 1358 1601 267
f 1601 595 267
f 1330 1601 1358
f 1330 78 1601
f 1985 78 1330
f 1 1960 1631
f 979 1960 1
f 595 1659 1
f 1659 979 1
f 1601 1659 595
f 78 1659 1601
f 1960 1938 1910
f 979 1938 1960
f 1659 971 979
f 971 1938 979
f 78 971 1659
f 78 1611 971
f 971 807 1938
f 1611 807 971
f 1553 1910 1938
f 1553 1021 1573
f 807 1553 1938
f 1021 1541 1695
f 807 96 1553
f 96 1021 1553
f 96 303 1021
f 303 1541 1021
f 96 1655 303
f 1611 96 807
f 1611 1655 96
f 303 1655 1541
f 74 685 1802
f 1802 78 1985
f 1458 685 74
f 1802 685 78
f 1679 1611 78
f 685 1679 78
f 685 1430 1679
f 1611 1925 1655
f 1679 1925 1611
f 1679 1775 1925
f 1430 1775 1679
f 1590 1387 1150
f 1862 1952 1590
f 1458 1430 685
f 1150 1430 1458
f 1150 1387 1430
f 1590 1952 1387
f 1387 1775 1430
f 1387 1360 1775
f 1952 1360 1387
f 1952 1401 1360
f 57 1980 1862
f 11 1789 1866
f 1980 1952 1862
f 1866 1980 57
f 1866 1789 1980
f 11 1055 1789
f 1980 1401 1952
f 1980 1462 1401
f 1789 1462 1980
f 1789 93 1462
f 1055 93 1789
f 1265 1055 11
f 1970 1055 1265
f 1944 1868 1970
f 1729 1511 1944
f 1970 1868 1055
f 1511 1868 1944
f 1055 1886 93
f 1868 1886 1055
f 1868 1130 1886
f 1511 1130 1868
f 1817 1867 1934
f 1817 1934 100
f 1569 1867 1817
f 1666 1867 1569
f 50 1666 1569
f 84 963 1867
f 84 1867 1666
f 1696 84 1666
f 650 1696 1666
f 650 1666 50
f 1783 963 84
f 1783 1939 963
f 1161 1939 1783
f 1161 1544 1939
f 1696 1783 84
f 1461 1783 1696
f 1461 1161 1783
f 1359 1461 1696
f 1359 1696 650
f 952 1544 1161
f 1850 952 1161
f 1850 1161 1461
f 1325 1850 1461
f 1325 1461 1359
f 1037 1736 1895
f 1034 1895 952
f 1037 1895 1034
f 1034 952 1850
f 981 1037 1034
f 705 1037 981
f 981 1034 1850
f 1625 1850 1325
f 1625 981 1850
f 980 981 1625
f 1557 1736 1037
f 1557 1519 1736
f 1007 1519 1557
f 1007 1557 1163
f 705 1557 1037
f 1163 1557 705
f 3 1163 705
f 488 1007 1163
f 3 705 981
f 1905 1163 3
f 1814 1163 1905
f 1814 488 1163
f 980 3 981
f 1905 3 1000
f 1969 488 1814
f 1969 1047 488
f 623 1047 1969
f 623 1957 1047
f 1876 1957 623
f 1725 1927 1964
f 1876 1964 1957
f 95 1964 1876
f 1725 1964 95
f 1257 1637 1927
f 1257 1927 1725
f 1566 1637 1257
f 1299 1637 1566
f 1299 1318 1637
f 1835 1318 1299
f 1835 1109 1318
f 1424 1109 1835
f 1424 1898 1109
f 1136 1898 1424
f 1370 1569 1817
f 1617 1817 100
f 1370 1817 1617
f 1617 100 1218
f 1708 650 50
f 1075 50 1569
f 1075 1708 50
f 1976 1708 1075
f 1075 1569 1370
f 942 1075 1370
f 1976 1075 942
f 1002 942 1370
f 292 650 1708
f 292 1359 650
f 292 1708 1976
f 1155 1976 942
f 1622 1325 1359
f 112 1325 1622
f 1622 1359 292
f 1434 1622 292
f 1434 1963 1622
f 1963 112 1622
f 1434 292 1976
f 1013 1963 1434
f 1155 1434 1976
f 199 1409 1963
f 790 1434 1155
f 1013 1434 790
f 199 1963 1013
f 112 1625 1325
f 1571 980 1625
f 1571 1625 112
f 1963 1571 112
f 1409 1571 1963
f 1000 3 980
f 1771 980 1571
f 1771 1000 980
f 1905 1000 1771
f 1618 1771 1571
f 1618 1905 1771
f 1863 1814 1905
f 1409 1618 1571
f 886 1905 1618
f 1863 1905 886
f 1485 1618 1409
f 886 1618 1485
f 1343 1409 199
f 1485 1409 1343
f 1640 1969 1814
f 856 623 1969
f 856 1876 623
f 1640 1814 1863
f 1027 1969 1640
f 856 1969 1027
f 113 1725 95
f 1257 1725 113
f 95 1876 856
f 1756 95 856
f 1756 113 95
f 1803 113 1756
f 1719 113 1803
f 1719 1257 113
f 1719 1566 1257
f 1309 1299 1566
f 1880 1566 1719
f 1309 1566 1880
f 1633 1299 1309
f 1262 1835 1299
f 1424 1835 1262
f 891 1136 1424
f 1262 1299 1633
f 1904 1424 1262
f 891 1424 1904
f 926 1617 1218
f 594 1370 1617
f 1002 1370 594
f 594 1617 926
f 926 1218 1673
f 1721 926 1673
f 992 926 1721
f 992 594 926
f 1466 594 992
f 1645 1466 992
f 894 670 1721
f 670 992 1721
f 1613 992 670
f 1645 992 1613
f 1885 942 1002
f 1885 1155 942
f 1085 1155 1885
f 1885 1002 99
f 1466 1002 594
f 99 1002 1466
f 731 1085 1885
f 731 1885 99
f 731 1565 1085
f 1911 731 99
f 1911 1466 1645
f 1911 99 1466
f 829 731 1911
f 1518 1911 1645
f 829 1991 731
f 1085 790 1155
f 1893 1013 790
f 1893 199 1013
f 841 199 1893
f 1683 199 841
f 1565 790 1085
f 1893 790 1565
f 1062 1893 1565
f 1062 1749 1893
f 1749 841 1893
f 1062 1565 731
f 1991 1062 731
f 695 1062 1991
f 1683 1343 199
f 1106 1343 1683
f 886 1343 1106
f 1863 886 1106
f 740 1683 841
f 740 1106 1683
f 1238 1106 1917
f 1238 1863 1106
f 740 841 1749
f 1452 1106 740
f 1917 1106 1452
f 695 1749 1062
f 1734 740 1749
f 1452 740 1734
f 1734 1749 695
f 1459 1734 695
f 1459 1452 1734
f 1917 1452 1459
f 1142 695 1991
f 886 1485 1343
f 71 1027 1640
f 71 1863 1238
f 71 1640 1863
f 749 1027 71
f 749 1323 1027
f 749 71 1413
f 797 71 1238
f 1413 71 797
f 1323 856 1027
f 1652 1323 749
f 1652 1756 1323
f 1089 1756 1652
f 1089 1803 1756
f 1635 1803 1089
f 1635 513 1803
f 1756 856 1323
f 513 1719 1803
f 484 1880 513
f 1730 1880 484
f 1730 1309 1880
f 1567 1309 1730
f 1567 1633 1309
f 1317 1633 1567
f 484 513 1635
f 1880 1719 513
f 1317 710 1633
f 1646 710 1317
f 1646 1904 710
f 1525 1904 1646
f 1525 891 1904
f 710 1262 1633
f 1904 1262 710
f 1613 1518 1645
f 1349 1613 670
f 1349 298 1613
f 298 1518 1613
f 298 1999 1518
f 86 670 1503
f 1349 670 86
f 966 1349 86
f 966 961 1349
f 961 298 1349
f 966 86 1695
f 829 1911 1518
f 722 1991 829
f 829 1518 1999
f 1999 1826 829
f 332 1826 1999
f 961 688 298
f 688 1999 298
f 688 1057 1999
f 1541 966 1695
f 1541 1140 966
f 1140 686 966
f 686 961 966
f 686 688 961
f 686 913 688
f 913 1057 688
f 37 913 686
f 1406 913 37
f 1655 1406 37
f 1655 1140 1541
f 1655 686 1140
f 1655 37 686
f 1142 1991 722
f 1826 722 829
f 349 722 1826
f 349 1142 722
f 1195 1142 349
f 1700 1826 332
f 1700 349 1826
f 1700 1195 349
f 332 1999 1057
f 1057 1700 332
f 913 1700 1057
f 1406 1700 913
f 1406 725 1700
f 725 1195 1700
f 1142 1459 695
f 1195 1459 1142
f 1195 1917 1459
f 725 1917 1195
f 725 1238 1917
f 1925 309 1406
f 1925 1406 1655
f 1775 309 1925
f 1775 1502 309
f 1845 225 1607
f 1928 225 1845
f 309 725 1406
f 309 1607 725
f 309 1845 1607
f 1502 1845 309
f 725 797 1238
f 1607 797 725
f 225 797 1607
f 225 1413 797
f 1928 1413 225
f 1928 749 1413
f 1480 1502 1775
f 22 1480 1360
f 1360 1480 1775
f 1401 22 1360
f 1480 1845 1502
f 1480 1928 1845
f 1480 1620 1928
f 1480 1291 1620
f 22 1291 1480
f 22 1059 1291
f 1620 749 1928
f 1620 1652 749
f 1291 1652 1620
f 1291 1089 1652
f 1059 1089 1291
f 1059 1635 1089
f 1785 22 1401
f 1732 1785 1462
f 93 1853 1732
f 1462 1785 1401
f 93 1732 1462
f 1785 1059 22
f 1785 1794 1059
f 1732 1794 1785
f 1732 1662 1794
f 1853 1662 1732
f 1794 1635 1059
f 1794 484 1635
f 1794 1730 484
f 1662 1730 1794
f 1662 1567 1730
f 1662 1317 1567
f 1886 1206 1853
f 1130 1230 1206
f 1886 1853 93
f 1130 1206 1886
f 1853 1428 1662
f 1206 1428 1853
f 1206 1385 1428
f 1230 1385 1206
f 1230 1180 1385
f 1428 1317 1662
f 1428 1646 1317
f 1385 1646 1428
f 1385 1525 1646
f 1180 1525 1385
f 1670 1393 1705
f 1670 1974 1393
f 1879 1974 1670
f 1661 1879 1670
f 1974 4 1393
f 1879 814 1974
f 1974 814 4
f 1879 1152 814
f 1426 1145 1661
f 105 1145 1426
f 1661 1145 1879
f 105 1177 1145
f 69 1177 105
f 1145 1152 1879
f 1145 1153 1152
f 1177 1153 1145
f 1177 675 1153
f 1153 622 1152
f 1035 69 105
f 1806 69 1035
f 1806 1829 69
f 1806 947 1829
f 370 947 1806
f 69 1065 1177
f 1829 1065 69
f 1829 88 1065
f 947 88 1829
f 947 998 88
f 1065 675 1177
f 1065 1644 675
f 88 1644 1065
f 1811 1694 370
f 370 1694 947
f 1694 998 947
f 1694 1737 998
f 998 529 88
f 1811 1369 1694
f 1836 1369 1811
f 1282 1369 1836
f 1282 588 1369
f 1369 1737 1694
f 1369 1678 1737
f 588 1678 1369
f 588 977 1678
f 1961 1050 1282
f 816 382 1050
f 1105 382 816
f 1105 136 382
f 1050 858 1282
f 858 588 1282
f 1050 325 858
f 382 325 1050
f 136 1017 382
f 382 1446 325
f 1017 1446 382
f 1017 904 1446
f 858 1746 588
f 325 1746 858
f 325 1446 1746
f 1446 1379 1746
f 1446 1883 1379
f 904 1883 1446
f 177 1883 904
f 1746 977 588
f 1746 1379 977
f 1883 10 1379
f 1322 10 1883
f 151 136 1105
f 66 1247 1086
f 568 1247 66
f 568 596 1247
f 151 1017 136
f 151 39 1017
f 151 883 39
f 1086 883 151
f 1086 614 883
f 1247 614 1086
f 1247 596 614
f 1017 39 904
f 596 1068 614
f 39 177 904
f 883 177 39
f 883 514 177
f 614 514 883
f 614 1837 514
f 614 1068 1837
f 514 1322 177
f 177 1322 1883
f 514 1932 1322
f 1837 1932 514
f 1322 1239 10
f 1932 1239 1322
f 596 255 1068
f 255 1118 1068
f 1068 1118 951
f 1068 1932 1837
f 1068 951 1932
f 1118 1947 951
f 1118 1010 1947
f 951 277 1932
f 1010 138 1947
f 1375 1604 568
f 1375 1479 1604
f 584 1479 1375
f 584 898 1479
f 174 898 584
f 174 649 898
f 568 667 596
f 1604 667 568
f 1479 700 1604
f 649 759 898
f 1604 700 667
f 1479 538 700
f 898 538 1479
f 898 825 538
f 759 825 898
f 759 620 825
f 667 255 596
f 667 789 255
f 700 789 667
f 700 554 789
f 538 554 700
f 538 902 554
f 538 272 902
f 825 272 538
f 255 789 1118
f 554 1436 789
f 554 441 1436
f 902 441 554
f 902 843 441
f 272 843 902
f 272 861 843
f 825 1634 272
f 1634 861 272
f 1436 1118 789
f 441 632 1436
f 843 632 441
f 843 656 632
f 861 656 843
f 861 893 656
f 1634 905 861
f 905 893 861
f 905 607 893
f 1436 1010 1118
f 632 1010 1436
f 632 1498 1010
f 656 1498 632
f 656 31 1498
f 31 1979 1498
f 893 31 656
f 893 758 31
f 758 1979 31
f 607 758 893
f 1010 1498 138
f 1498 855 138
f 1498 477 855
f 1979 477 1498
f 326 649 174
f 326 262 649
f 196 262 326
f 196 763 262
f 196 1100 763
f 823 1767 1100
f 262 759 649
f 262 284 759
f 763 284 262
f 763 191 284
f 1100 191 763
f 284 620 759
f 284 221 620
f 191 221 284
f 191 802 221
f 191 1251 802
f 1100 1251 191
f 1767 1251 1100
f 620 1953 825
f 221 1953 620
f 221 239 1953
f 802 239 221
f 1251 239 802
f 1251 1173 239
f 1767 1173 1251
f 1767 1031 1173
f 1767 465 1031
f 1953 1634 825
f 239 1634 1953
f 239 229 1634
f 229 551 1634
f 1173 229 239
f 1173 551 229
f 1031 551 1173
f 1031 592 551
f 1031 501 592
f 465 501 1031
f 551 905 1634
f 551 544 905
f 544 26 905
f 592 544 551
f 592 26 544
f 592 501 26
f 501 131 26
f 501 518 131
f 465 518 501
f 465 738 518
f 905 506 607
f 506 758 607
f 506 1066 758
f 26 506 905
f 131 506 26
f 506 474 1066
f 518 506 131
f 518 474 506
f 474 287 1066
f 738 474 518
f 738 287 474
f 4 1404 1111
f 4 1548 1404
f 814 1548 4
f 814 587 1548
f 1152 587 814
f 1152 1577 587
f 675 622 1153
f 675 1854 622
f 622 1577 1152
f 622 1018 1577
f 1854 1018 622
f 1854 1328 1018
f 1328 1390 1018
f 1018 1852 1577
f 1018 1390 1852
f 1445 1390 1328
f 1644 1854 675
f 88 529 1644
f 529 1383 1644
f 1644 1328 1854
f 1644 1383 1328
f 1737 529 998
f 1737 1417 529
f 1678 1417 1737
f 529 1417 1383
f 1417 1312 1383
f 1678 1024 1417
f 1678 1580 1024
f 1383 1445 1328
f 1417 1024 1312
f 1383 1312 1445
f 1024 234 1312
f 1580 154 1024
f 1379 289 977
f 10 289 1379
f 977 1760 1678
f 289 1760 977
f 10 767 289
f 1239 767 10
f 1760 1580 1678
f 289 1873 1760
f 767 1873 289
f 767 1838 1873
f 1873 1101 1760
f 1101 1838 999
f 1838 1101 1873
f 1760 1101 996
f 1760 996 1580
f 999 996 1101
f 1239 1712 767
f 767 1712 1838
f 1712 1930 860
f 1712 148 1838
f 1712 860 148
f 781 860 1930
f 781 1995 860
f 781 1877 1995
f 1877 930 1995
f 148 999 1838
f 148 860 1463
f 860 659 1463
f 860 1995 659
f 148 1139 999
f 148 1463 1139
f 1995 949 659
f 930 949 1995
f 999 1139 996
f 1463 969 1139
f 659 969 1463
f 659 949 1439
f 1932 1582 1239
f 277 1582 1932
f 277 1947 1226
f 1947 277 951
f 1947 684 1226
f 1947 138 684
f 138 838 684
f 838 1292 684
f 1239 1582 1712
f 277 1226 1582
f 1226 684 283
f 684 1292 283
f 1582 1930 1712
f 1582 915 1930
f 1226 915 1582
f 1226 283 915
f 283 1192 915
f 915 781 1930
f 915 1877 781
f 915 1192 1877
f 855 838 138
f 1404 1398 1111
f 1548 1398 1404
f 1548 1298 1398
f 587 1298 1548
f 1577 1298 587
f 1577 1255 1298
f 1298 1741 1398
f 1298 1204 1741
f 1255 1204 1298
f 1741 73 1398
f 1741 1729 73
f 1204 1729 1741
f 1204 1740 1729
f 1255 1847 1204
f 1847 770 1204
f 1204 770 1740
f 1852 1255 1577
f 1390 1115 1852
f 1445 1115 1390
f 1852 742 1255
f 1852 1931 742
f 1115 1931 1852
f 1115 1512 1931
f 1115 559 1512
f 1931 1512 742
f 1512 1125 200
f 1125 1512 559
f 742 1847 1255
f 200 1847 742
f 1512 200 742
f 200 1894 1847
f 1125 1894 200
f 1125 1724 1894
f 1847 919 770
f 1847 1894 919
f 1445 559 1115
f 1312 36 1445
f 234 36 1312
f 1024 154 234
f 36 559 1445
f 234 1731 36
f 154 1731 234
f 36 1125 559
f 36 1731 1125
f 1731 2 1125
f 2 1724 1125
f 1551 154 1580
f 154 1551 1520
f 154 1520 1731
f 1285 1982 1551
f 1731 589 2
f 1520 589 1731
f 1551 1982 1520
f 1520 1982 589
f 589 1240 2
f 1982 1363 589
f 2 1240 1724
f 1363 1240 589
f 1982 1110 1363
f 1285 1892 1061
f 1285 1110 1982
f 1061 1110 1285
f 1881 1061 1892
f 996 1551 1580
f 1285 1551 996
f 659 1439 969
f 996 1139 1285
f 1439 812 969
f 969 1285 1139
f 969 1892 1285
f 812 1892 969
f 1740 1511 1729
f 1740 1841 1511
f 1740 92 1841
f 770 92 1740
f 20 92 770
f 1511 1831 1130
f 1841 1831 1511
f 92 1831 1841
f 92 1536 1831
f 20 1536 92
f 20 1400 1536
f 1894 1889 919
f 1724 1159 1894
f 919 1889 770
f 1889 20 770
f 1159 1889 1894
f 1889 948 20
f 1159 948 1889
f 1159 1211 948
f 1211 240 948
f 948 33 20
f 948 1688 33
f 240 1688 948
f 240 1165 1688
f 33 1400 20
f 33 1688 1400
f 1688 150 1400
f 1165 150 1688
f 1165 840 150
f 150 120 1400
f 1724 1240 1159
f 1240 1363 1211
f 1363 702 1211
f 1240 1211 1159
f 1211 702 240
f 1363 1110 702
f 1061 1799 1110
f 1061 1513 1799
f 1881 1513 1061
f 1110 1714 702
f 1799 1714 1110
f 1799 1513 1122
f 702 1714 240
f 1714 1799 385
f 1799 1122 385
f 1714 1165 240
f 385 840 1165
f 1714 385 1165
f 124 1898 1136
f 124 1758 1898
f 1777 1758 124
f 1777 115 1758
f 553 115 1777
f 1273 845 1764
f 1755 845 1273
f 1949 1755 1273
f 1750 1273 1764
f 1750 1949 1273
f 254 1764 115
f 254 1750 1764
f 1668 1949 1750
f 254 115 553
f 1722 1750 254
f 1668 1750 1722
f 1412 1361 1825
f 1172 1412 1825
f 1784 1412 1172
f 1609 1172 475
f 1609 1784 1172
f 1825 1361 1011
f 1949 1011 1755
f 1196 1011 1949
f 1011 1196 1825
f 1172 1825 1196
f 1196 1949 1668
f 1444 1196 1668
f 475 1196 1444
f 475 1172 1196
f 757 1287 490
f 897 329 490
f 329 897 1164
f 757 490 329
f 1671 329 689
f 1671 757 329
f 1164 1935 329
f 689 329 1935
f 888 689 1935
f 689 610 1671
f 689 888 610
f 76 1671 610
f 443 888 453
f 888 1935 453
f 610 888 443
f 1408 76 610
f 1408 610 1629
f 453 1202 443
f 453 421 1202
f 610 1202 1629
f 1202 610 443
f 1094 1408 1629
f 34 1842 1209
f 1209 1164 897
f 1842 34 1412
f 1209 1842 1164
f 1842 1935 1164
f 1784 1842 1412
f 1842 933 1935
f 1842 1784 933
f 1935 933 453
f 933 421 453
f 573 1897 354
f 1499 1897 573
f 573 354 766
f 736 1499 573
f 245 766 579
f 1190 766 245
f 736 766 1190
f 736 573 766
f 827 245 1531
f 245 579 1531
f 1190 245 827
f 736 1190 660
f 497 1124 660
f 1124 736 660
f 757 1224 1287
f 431 1626 401
f 1626 1224 757
f 1626 431 1224
f 728 401 1626
f 507 903 728
f 720 507 602
f 602 394 720
f 1012 728 1626
f 734 728 1012
f 734 507 728
f 602 507 734
f 1626 757 1671
f 1897 602 734
f 76 1626 1671
f 868 1626 76
f 868 1012 1626
f 734 1012 354
f 1897 734 354
f 868 111 1012
f 1012 111 354
f 111 868 1408
f 868 76 1408
f 766 354 579
f 354 111 579
f 950 111 1408
f 579 111 950
f 950 1408 1094
f 579 950 1531
f 252 1263 874
f 451 252 241
f 252 451 1263
f 241 206 451
f 799 206 241
f 799 628 206
f 663 628 799
f 159 874 1912
f 1178 874 159
f 1178 252 874
f 252 1178 241
f 799 241 1178
f 1205 663 799
f 1779 1912 1897
f 159 1912 1779
f 847 1178 159
f 847 799 1178
f 1272 799 847
f 1205 799 1272
f 1235 847 159
f 1272 847 1235
f 1742 1205 1272
f 1499 1779 1897
f 1056 1779 1499
f 202 1779 1056
f 202 159 1779
f 202 1235 159
f 1208 1235 202
f 908 1235 1208
f 908 1272 1235
f 173 1272 908
f 960 1272 173
f 960 1742 1272
f 627 1499 736
f 1499 627 1056
f 826 627 777
f 826 1056 627
f 826 202 1056
f 202 826 1208
f 821 412 826
f 412 1208 826
f 412 908 1208
f 655 173 412
f 173 908 412
f 655 960 173
f 1124 627 736
f 547 777 1124
f 777 627 1124
f 1147 777 547
f 821 777 1147
f 821 826 777
f 1979 1793 418
f 1793 1147 418
f 1793 821 1147
f 918 1793 1979
f 918 878 1793
f 878 821 1793
f 878 412 821
f 758 918 1979
f 655 412 878
f 758 355 918
f 355 878 918
f 355 424 878
f 424 655 878
f 1261 497 201
f 1261 1124 497
f 855 1286 201
f 1286 1261 201
f 1286 547 1261
f 547 1124 1261
f 477 1286 855
f 477 418 1286
f 418 547 1286
f 418 1147 547
f 418 477 1979
f 1912 394 602
f 1912 776 394
f 1912 874 776
f 1912 602 1897
f 263 900 172
f 263 133 900
f 133 263 663
f 964 1767 823
f 172 504 730
f 504 172 900
f 133 694 900
f 694 663 1205
f 694 133 663
f 964 1267 1767
f 730 1267 964
f 730 1787 1267
f 504 1787 730
f 504 694 1787
f 694 504 900
f 694 549 834
f 549 694 1205
f 1267 465 1767
f 694 468 1787
f 468 694 834
f 1742 549 1205
f 775 549 1742
f 549 775 834
f 1787 413 1267
f 1787 521 413
f 1787 876 521
f 876 468 775
f 468 876 1787
f 468 834 775
f 476 1742 960
f 775 198 876
f 775 476 198
f 476 775 1742
f 521 813 413
f 813 876 198
f 876 813 521
f 608 960 655
f 608 476 960
f 198 727 813
f 198 608 727
f 608 198 476
f 1267 738 465
f 1267 439 738
f 439 83 299
f 1267 83 439
f 83 183 299
f 83 410 183
f 413 83 1267
f 413 410 83
f 410 727 183
f 410 288 727
f 813 410 413
f 813 288 410
f 288 813 727
f 1066 355 758
f 424 608 655
f 287 355 1066
f 287 253 355
f 439 287 738
f 439 253 287
f 253 597 355
f 299 253 439
f 299 597 253
f 597 424 355
f 597 970 424
f 183 597 299
f 183 970 597
f 727 970 183
f 970 608 424
f 970 727 608
f 1395 124 1136
f 1395 1777 124
f 593 1777 1395
f 593 553 1777
f 1540 1136 891
f 1395 1136 1540
f 1555 593 1395
f 1902 254 553
f 1722 254 1902
f 109 1668 1722
f 365 1722 1902
f 109 1722 365
f 1558 553 593
f 1558 1902 553
f 365 1902 1558
f 1340 109 365
f 398 1340 365
f 130 1558 593
f 130 365 1558
f 398 365 1280
f 1280 365 130
f 1609 1421 1784
f 1784 1421 1595
f 127 1609 475
f 1421 1609 127
f 127 1340 398
f 546 1421 127
f 1595 1421 546
f 1128 127 398
f 1128 546 127
f 403 546 1097
f 403 1595 546
f 1097 546 1128
f 1064 398 1280
f 1128 398 1064
f 1097 1128 203
f 109 1444 1668
f 1340 1444 109
f 127 1444 1340
f 127 475 1444
f 552 67 32
f 32 67 1801
f 785 32 1332
f 552 32 785
f 1801 714 32
f 714 1801 1260
f 1332 32 714
f 1877 1403 930
f 1403 1214 930
f 785 1332 1214
f 714 704 1332
f 930 1214 658
f 1214 704 658
f 1214 1332 704
f 714 1583 1769
f 1260 1583 714
f 704 1769 510
f 714 1769 704
f 658 949 930
f 658 704 510
f 949 1891 1439
f 658 1891 949
f 510 1891 658
f 1194 1629 1202
f 1629 1194 1094
f 421 220 1202
f 1194 1202 220
f 1094 1194 67
f 85 1094 67
f 421 1716 220
f 1801 1194 220
f 1194 1801 67
f 1595 1716 421
f 220 1716 534
f 220 534 1801
f 1716 1162 534
f 1260 534 1162
f 534 1260 1801
f 1595 403 1766
f 1716 1766 1851
f 1766 1716 1595
f 1716 1851 1162
f 1583 1260 1162
f 1583 1162 1851
f 1595 933 1784
f 933 1595 421
f 1146 1531 950
f 827 1146 1914
f 827 1531 1146
f 1256 660 827
f 1190 827 660
f 838 1416 1292
f 1416 497 1256
f 497 660 1256
f 838 201 1416
f 201 497 1416
f 552 85 67
f 528 1146 552
f 1146 85 552
f 1914 1146 528
f 1292 983 283
f 983 1256 391
f 1256 1914 391
f 1256 827 1914
f 1292 1416 983
f 1416 1256 983
f 517 528 785
f 528 552 785
f 1039 391 517
f 391 528 517
f 1914 528 391
f 283 1039 1192
f 283 983 1039
f 983 391 1039
f 1403 517 1214
f 517 785 1214
f 1192 1403 1877
f 1192 1039 1403
f 1039 517 1403
f 85 950 1094
f 1146 950 85
f 855 201 838
f 1433 891 1525
f 1433 1540 891
f 119 1540 1433
f 119 1556 1540
f 1956 1556 119
f 1956 1555 1556
f 1005 1555 1956
f 1556 1395 1540
f 1555 1395 1556
f 1948 186 1493
f 917 130 1824
f 917 1280 130
f 1797 1280 917
f 1797 1064 1280
f 1356 1824 1555
f 917 1824 1356
f 1356 1555 1005
f 1818 917 1356
f 1818 1797 917
f 1909 1818 1356
f 1909 1356 1005
f 844 1818 1909
f 1818 844 1366
f 186 1366 844
f 1882 1909 1005
f 844 1909 1882
f 1493 844 1882
f 1493 186 844
f 1824 593 1555
f 130 593 1824
f 102 46 77
f 77 1297 1881
f 46 1297 77
f 1297 46 899
f 46 1279 899
f 1297 1513 1881
f 1766 403 1311
f 965 1766 1311
f 965 1311 386
f 657 965 386
f 965 102 1563
f 965 657 102
f 235 295 386
f 386 1846 657
f 386 295 1846
f 102 657 1846
f 1948 235 186
f 295 235 1948
f 1846 295 257
f 46 1846 1279
f 102 1846 46
f 257 1948 1455
f 257 295 1948
f 1279 1846 257
f 842 1128 1064
f 1128 842 203
f 1097 203 1311
f 1311 403 1097
f 842 1064 1797
f 1797 624 842
f 842 624 203
f 1839 203 624
f 203 1839 1311
f 624 1797 1818
f 1311 1839 386
f 1366 624 1818
f 624 1366 1839
f 235 1839 1366
f 1839 235 386
f 235 1366 186
f 1583 1717 1769
f 1891 510 1717
f 1769 1717 510
f 1583 1563 1717
f 1891 812 1439
f 1891 1717 812
f 1563 77 1717
f 77 1563 102
f 1717 77 812
f 812 1881 1892
f 77 1881 812
f 1851 1766 1563
f 1851 1563 1583
f 1766 965 1563
f 1831 1913 1230
f 1536 1008 1913
f 120 1351 1008
f 1831 1230 1130
f 1536 1913 1831
f 120 1008 1536
f 1804 97 851
f 934 97 1804
f 1913 1180 1230
f 1913 1804 1180
f 1804 851 1180
f 1008 1804 1913
f 1456 1804 1008
f 1456 934 1804
f 1180 1433 1525
f 851 1433 1180
f 851 119 1433
f 97 119 851
f 97 1956 119
f 97 1005 1956
f 297 175 25
f 175 297 1060
f 1351 1456 1008
f 120 14 1351
f 14 1456 1351
f 150 1748 120
f 1748 14 120
f 14 25 1456
f 840 1748 150
f 840 1388 1748
f 1388 14 1748
f 1388 297 14
f 297 25 14
f 1400 120 1536
f 1493 1882 293
f 1598 1493 293
f 1099 1493 1598
f 1948 1099 1455
f 1099 1948 1493
f 934 293 97
f 1648 1598 934
f 1598 293 934
f 1648 1099 1598
f 175 1099 1648
f 1456 1648 934
f 25 1648 1456
f 175 1648 25
f 293 1882 97
f 1882 1005 97
f 899 1279 944
f 1297 899 1513
f 944 1134 899
f 1513 1134 1122
f 899 1134 1513
f 1122 1134 923
f 1134 1060 923
f 944 1060 1134
f 923 297 1388
f 1060 297 923
f 385 1122 840
f 1122 1388 840
f 1122 923 1388
f 257 1455 341
f 1279 341 944
f 1279 257 341
f 341 1099 175
f 341 1455 1099
f 944 341 1060
f 1060 341 175

