# https://github.com/mikedh/trimesh
v -0.05821045 0.63840389 0.05796275
v 0.25319165 -0.20089176 0.06260487
v -0.08498830 0.58930612 0.01539812
v -0.06856740 0.50547564 -0.06912661
v -0.07649197 0.68379968 0.00356074
v -0.05718116 0.79823840 -0.03163865
v -0.00357185 -0.87142807 0.26075244
v -0.19142032 -0.93202651 -0.14741243
v -0.24657807 -0.92869872 -0.01237030
v 0.06999630 0.38006362 -0.12480755
v 0.00945953 -0.57987583 -0.26056805
v -0.03408439 0.93466568 0.03067959
v -0.19676399 -0.90932691 0.16437535
v -0.24794739 -0.01356452 -0.02873004
v -0.22499666 -0.39232311 -0.13422945
v 0.00958328 0.94347292 -0.03417404
v 0.13859653 -0.91228116 0.21368994
v 0.02550144 0.81797904 0.05752302
v 0.25179821 -0.04812415 -0.02766553
v -0.14485136 -0.92994517 0.19622731
v 0.03494339 0.45030242 -0.11256482
v -0.20901738 0.07665477 -0.11020218
v 0.01229749 -0.38802677 0.26039296
v 0.02299213 0.91176456 0.04646149
v 0.03257760 0.82771915 -0.05230017
v -0.19510439 -0.20605199 -0.17278056
v -0.04957713 0.67745936 0.06005079
v 0.04952685 0.91286457 -0.01566225
v -0.04013462 -0.94759339 0.18273765
v 0.05270146 0.53434730 0.07588375
v 0.03572350 0.81824988 0.05155676
v 0.12775038 0.41905689 0.01886329
v 0.03917598 0.85588926 -0.04462731
v -0.05442936 0.84843677 0.02444264
v -0.02759959 0.94625092 0.01280599
v 0.22103830 -0.92026299 -0.11892308
v -0.03351794 0.91101539 0.04240483
v -0.06754884 -0.85228682 0.25171751
v 0.04567920 0.78377527 0.04764377
v 0.00450108 0.89349824 -0.05383819
v -0.04782628 0.34282458 -0.14952262
v -0.02794846 -0.91704279 0.25052196
v -0.26002172 -0.79994285 0.01635293
v -0.22460891 -0.23693563 -0.13480489
v 0.02520532 0.75311071 0.06413316
v 0.03066919 0.93661922 0.03065988
v 0.04526253 0.81716722 -0.04390281
v -0.01460724 0.73775864 0.06915068
v -0.01371207 -0.93564898 -0.23498774
v -0.07931193 0.65375483 0.00623940
v 0.02822087 -0.91181171 -0.25262928
v 0.13691930 -0.20292327 -0.22301939
v -0.03155591 0.87480217 -0.04727897
v 0.10132904 -0.94601238 0.19006121
v -0.04238197 0.73207033 0.05845748
v -0.16670465 -0.92995948 -0.17839465
v 0.25215584 -0.91349661 0.02374711
v -0.08672206 0.58168739 -0.00973030
v 0.23561651 -0.93573993 -0.00478595
v 0.24784501 -0.91706765 -0.05213433
v -0.04958277 0.88411534 0.02356052
v 0.03967381 0.67481375 0.06587677
v 0.02272177 0.57497686 -0.08448096
v -0.09433557 0.51498574 0.01436037
v 0.11450852 0.43624118 0.04416024
v 0.20769078 -0.92626923 -0.13495038
v 0.23163936 -0.92276663 0.09389154
v -0.16816391 0.01070823 -0.18087511
v -0.23143464 -0.93758607 0.01614231
v 0.02795713 -0.94610864 -0.21183491
v 0.07130726 0.69258606 0.02478482
v 0.13627747 -0.16549145 0.22312371
v -0.07862531 0.60081077 -0.03336536
v 0.08753743 0.58168435 -0.00009233
v 0.24888714 -0.75585651 -0.07809376
v -0.11080658 0.45531666 -0.03287195
v 0.03345069 0.90826184 -0.04287074
v 0.03170998 0.79020095 -0.05828862
v -0.02540961 0.50615883 -0.09378668
v 0.07183018 0.11455120 0.21624246
v 0.01562621 0.91312271 -0.04966660
v 0.23666377 -0.93083292 -0.05212357
v -0.12126421 -0.89194834 -0.23054515
v -0.24810454 -0.92467570 0.02280739
v -0.04272702 0.63940495 0.06858434
v 0.03357801 0.77351087 -0.05921100
v -0.04231870 -0.91468942 0.24996564
v -0.14318380 -0.89846784 -0.21597376
v 0.20958219 -0.86837751 -0.15420403
v 0.23692711 -0.91775954 -0.08636263
v -0.14627647 -0.02645309 0.20416234
v -0.05317139 -0.92493010 0.24236764
v 0.18491901 -0.92952430 -0.16084032
v 0.03006794 0.89514154 -0.04580778
v -0.20751554 -0.93867588 0.09899297
v 0.02599245 -0.92009193 0.24963868
v 0.04999974 -0.56802773 0.25556067
v 0.20942187 -0.93847430 0.09504863
v 0.03492229 0.76779169 0.05875443
v -0.22590487 -0.31648102 -0.13276504
v 0.05275111 0.62858456 -0.06374216
v -0.04553872 0.84672153 0.03917916
v -0.16761039 0.31403252 -0.00037254
v 0.05874483 0.66895598 0.05317423
v 0.04443581 0.72337818 0.05784308
v -0.01482770 0.89358163 0.05194253
v -0.17226562 0.26214668 -0.07100491
v -0.14637646 -0.94696015 0.14145999
v -0.05053432 0.66792589 -0.06041062
v 0.00464091 -0.93742603 0.23241819
v 0.03267293 0.92027014 0.04135507
v 0.06234758 -0.94575953 0.20568548
v 0.07609975 0.15928972 0.20352736
v -0.06552345 0.59860343 0.05532263
v 0.20835026 -0.93055528 0.12669711
v -0.03657829 0.78356707 -0.05657050
v 0.20705578 -0.90784401 0.15252236
v -0.20405822 -0.94457835 -0.07917124
v -0.06218703 0.61907506 0.05601029
v 0.09942670 0.33105010 -0.12747571
v -0.04452429 0.89285159 -0.03356128
v 0.04780055 0.76175374 -0.04885771
v 0.04670525 0.91823000 0.01985621
v 0.04999512 0.85676706 -0.03035812
v 0.00883693 0.63835824 -0.08088577
v 0.21331221 -0.94338930 -0.06223524
v 0.17011838 -0.89762878 -0.19566897
v 0.17067373 0.19007748 0.12064309
v -0.03067697 0.84229487 0.05136022
v -0.04684207 0.60046715 0.07112703
v -0.04122387 0.90185940 0.03681260
v 0.17690137 -0.94451451 -0.12870900
v -0.02434608 0.90877831 -0.04626580
v 0.05304398 0.41199517 0.12015363
v -0.00496612 0.91267985 -0.05185914
v 0.04862672 -0.29961619 -0.25567400
v 0.04625482 0.56373793 0.07602149
v 0.02006889 0.50551689 0.09575906
v -0.03454801 0.75140977 -0.06122718
v 0.05292968 0.55171436 0.07321492
v 0.03677962 0.90196115 0.04123261
v 0.06260352 0.68567705 -0.04378717
v 0.18884961 -0.93388444 -0.14503838
v 0.11120407 0.41735086 0.06644229
v -0.03195944 0.85636324 -0.04892057
v -0.08450843 0.60276359 -0.00978300
v -0.01447593 0.65272468 -0.07886709
v -0.06763009 0.55235434 0.06037196
v 0.04454368 0.75861365 0.05275825
v 0.01884522 0.77469778 0.06355726
v 0.11916808 -0.80200189 -0.23205507
v 0.05657809 0.63903773 0.05929460
v -0.24668929 -0.89963585 -0.07983721
v 0.20868115 0.19136688 -0.00465391
v -0.04594132 0.59177184 -0.07266080
v 0.06669932 0.59101462 0.05452127
v 0.02405733 0.79903257 0.05987214
v 0.02481068 0.86555225 -0.05149279
v -0.12215377 0.40704790 -0.05268678
v -0.09830785 0.28464168 0.14929898
v 0.11934683 -0.93384641 -0.20748135
v -0.00466626 0.81824249 0.06180515
v -0.05568016 0.82760906 0.02761526
v 0.05747793 0.80979013 -0.02809040
v -0.02406920 0.79903358 -0.05986826
v -0.05817040 0.54704154 0.07014890
v 0.21537617 -0.91230971 -0.13590316
v -0.02757544 0.94259489 -0.02144250
v -0.03643635 0.65591091 -0.07017142
v 0.12921980 -0.94663829 -0.16045338
v 0.04598529 0.83741838 -0.04027244
v -0.17038722 0.07152393 -0.16569030
v -0.01483593 0.70967835 -0.07216632
v -0.20981911 0.18564083 -0.01319097
v -0.07438701 -0.90609843 -0.24761809
v -0.02336527 0.80857378 0.05917948
v -0.03386974 0.76358187 0.06008917
v 0.20856227 0.15963925 -0.06377312
v 0.04354496 0.92734891 -0.02356464
v 0.22623621 -0.93786979 -0.04742996
v -0.23603256 -0.92998832 -0.06155570
v 0.04278533 -0.93131453 -0.23841262
v -0.06435101 0.77541471 0.01679146
v 0.04691132 0.61018521 -0.06960561
v 0.11147313 0.23604845 0.16007572
v -0.00461021 0.94758767 -0.00900000
v 0.09039291 -0.93060660 -0.22610645
v -0.07502440 0.47070768 -0.08081302
v -0.09102182 0.53159696 -0.01564394
v -0.22082002 -0.93640286 0.08024564
v -0.06678137 0.70453751 -0.03260225
v -0.09760962 -0.89727211 -0.23982680
v 0.15850857 -0.82153654 0.20613605
v 0.01026308 0.70494294 -0.07365128
v -0.06272209 0.68571877 0.04358127
v 0.07285415 -0.37823522 -0.25046548
v -0.02992562 0.92555642 0.04203042
v -0.13165149 -0.91823745 -0.21517466
v -0.03775948 0.78979313 0.05423868
v -0.10791955 -0.86300981 0.23676237
v -0.02824846 0.63785893 -0.07676072
v -0.04966061 -0.92262161 -0.24539670
v 0.07145680 0.66661841 0.03126959
v -0.03835955 0.46389711 0.10556260
v 0.05156880 0.51660889 0.07929023
v -0.18392387 -0.93639201 0.14586639
v -0.00294523 -0.92262703 -0.25036296
v -0.04138478 0.60939640 -0.07342445
v 0.01275028 0.94683093 0.02287569
v 0.13662727 -0.93034428 -0.20170082
v -0.00643827 0.49724180 0.10017334
v -0.04461781 0.77191639 0.05051548
v -0.18293299 -0.89111447 -0.18535772
v 0.17354916 -0.92933118 -0.17351817
v -0.05191538 0.57218122 -0.07094719
v 0.24480961 -0.90086043 0.08349687
v -0.07877476 0.65305495 -0.01421428
v -0.17622563 -0.94721663 -0.08791603
v 0.07293876 -0.92599505 0.23608571
v 0.06335232 0.76221913 0.02422965
v -0.04587132 0.83749276 -0.03992016
v 0.02470277 -0.39679015 -0.25926912
v 0.04318077 -0.94088459 -0.22144975
v -0.04705612 -0.89821166 -0.25437522
v -0.09411651 0.44924653 -0.07120625
v -0.24647366 -0.92259878 0.04427634
v 0.02924066 0.84510994 -0.05196870
v 0.16142735 0.26780826 0.08895282
v 0.09809785 -0.91234565 0.23443532
v 0.15193661 -0.92623651 0.19479084
v 0.13580300 -0.58976406 0.22387214
v -0.01753979 0.75752294 -0.06590755
v 0.09883048 0.27062392 0.15471888
v 0.21014279 -0.94617176 0.04112606
v 0.13149025 -0.12814179 0.22471619
v 0.14425889 0.22468057 0.13698190
v -0.18913433 0.22565867 -0.06082699
v 0.18608895 -0.81277245 0.18342167
v -0.12539527 -0.70783174 -0.22953853
v -0.08034977 0.49656010 0.06105123
v -0.22503124 -0.84392488 0.13409314
v -0.05071037 0.87481076 -0.02361926
v -0.01709338 0.82039744 -0.06030203
v 0.09150005 0.52526319 0.01979245
v -0.08985286 0.48564103 -0.05298488
v -0.08237109 0.61258459 0.01515872
v -0.06980638 0.61707872 -0.04520304
v 0.00794752 0.68184465 -0.07645525
v 0.04363137 0.53460664 -0.08084498
v 0.25399089 -0.88775617 -0.05571647
v -0.07078602 -0.92690843 -0.23600961
v -0.11127637 0.41337880 0.06985891
v 0.07091617 -0.94631732 -0.19849883
v -0.04646529 0.92597318 0.01631428
v -0.20494409 -0.93410891 -0.12204599
v 0.25871402 -0.25662544 0.02878090
v 0.05823248 0.66777384 -0.05389079
v 0.06562636 0.64895368 0.04533717
v -0.05489021 0.73297983 0.04670099
v 0.04855414 0.50378370 -0.08532161
v -0.03057535 0.46309516 -0.10856083
v -0.01544139 0.91320449 0.04970445
v 0.20865552 -0.94469500 0.06732914
v -0.08814918 0.55788529 0.01625981
v 0.03616495 0.94220740 0.00492271
v 0.04957948 0.84699351 0.03254845
v 0.22481526 -0.93378150 0.08135018
v 0.12144482 -0.91880590 -0.22129409
v 0.00948008 0.94183558 0.03588557
v -0.25210786 -0.77165669 -0.06656731
v -0.07246842 0.42407826 -0.10454829
v -0.06532423 0.78501362 0.00213492
v 0.02407696 0.66687906 -0.07520244
v 0.18561798 -0.88153970 0.18356158
v 0.06133864 0.78314573 -0.02420592
v 0.01945340 0.92982942 0.04376677
v -0.03296731 0.69510496 0.06764332
v -0.22628006 -0.46813607 0.13210826
v -0.04659430 0.92902356 -0.00647748
v 0.11495501 -0.65315408 0.23377000
v 0.05782599 0.65049225 -0.05691271
v -0.05209841 0.86535031 0.02432330
v -0.24411020 -0.92040431 0.06038801
v -0.05381077 0.89371121 0.00494781
v -0.13359751 -0.59898567 -0.22535019
v -0.05968339 0.70927900 0.04435258
v -0.14479356 -0.69125253 0.21669751
v 0.06593543 0.78019434 -0.00452471
v 0.02884826 0.52241278 -0.08903899
v -0.03259521 0.92160112 -0.04122615
v -0.05891860 0.78186500 -0.03222881
v -0.01955330 -0.89977175 -0.25778610
v 0.11068965 0.46457848 0.02045706
v -0.04630134 0.73308676 -0.05512590
v 0.19598807 -0.90546548 0.16755792
v 0.06199891 -0.05527442 -0.24724837
v 0.00719784 0.81725562 -0.06186089
v -0.04853614 0.78991038 -0.04367104
v -0.09174059 0.43160310 -0.08456425
v 0.23277219 -0.27751374 -0.11759200
v 0.06819577 0.61935139 -0.04728802
v 0.13074651 -0.09002834 -0.22198223
v -0.01377878 0.93014926 0.04475445
v -0.00594763 0.83855301 -0.05929171
v 0.00800033 0.73421276 0.07076972
v -0.03330669 -0.93056434 0.24065913
v -0.05304132 0.50954711 -0.08034158
v -0.05772005 0.52180970 0.07466228
v -0.06046788 0.76099670 -0.03365058
v -0.04255344 0.88412488 0.03771621
v 0.13319980 0.34021798 0.08477516
v -0.05155993 0.65810955 0.06075675
v 0.00405845 -0.93660241 -0.23404349
v 0.00415609 0.85611349 0.05797124
v -0.04572855 0.77062726 -0.04936715
v 0.06076084 0.82748216 0.00615914
v -0.19267276 -0.55009258 -0.17584084
v 0.22334291 -0.92814410 -0.10345117
v -0.02836522 -0.94616759 -0.21275036
v -0.23989512 0.04248269 0.02866881
v -0.07755008 -0.45505238 -0.24899337
v -0.01427929 0.94229698 0.03359475
v 0.17335844 0.29630131 0.01350404
v 0.16307382 -0.93873471 -0.16309705
v 0.07041337 0.66075009 -0.03486083
v 0.06611626 0.06251287 0.22943957
v -0.01152498 0.60698903 0.08384740
v -0.02184655 0.94680142 0.00173507
v -0.07798225 0.54829830 -0.04592526
v -0.00547406 0.37913749 0.14372204
v -0.16747956 -0.94324094 0.14637239
v 0.06059424 -0.94327617 -0.21392718
v -0.25285232 -0.04641750 0.01781913
v 0.19648933 -0.93267804 0.13788077
v 0.04819408 0.87396657 -0.03032736
v 0.02777428 0.65692592 0.07471826
v -0.17605813 -0.76874238 0.19243905
v 0.21854506 -0.93003994 0.10797152
v -0.22499827 -0.73277229 0.13422748
v 0.17125548 -0.94580108 0.13255139
v -0.02231759 0.85248470 0.05477159
v -0.20155180 -0.93008566 -0.13763005
v -0.16847317 -0.82967365 0.19846939
v 0.08579202 0.48034143 -0.06319667
v 0.02658171 -0.94657153 0.20732814
v -0.20122716 -0.08538786 -0.15911651
v -0.00453517 0.94605917 -0.02965123
v -0.06214096 0.62958658 -0.05451037
v -0.06947284 0.72043270 -0.02072426
v 0.25581598 -0.50722694 -0.04748619
v 0.04417296 0.77997458 -0.04963578
v -0.21351574 -0.93438947 -0.10353288
v -0.10678933 0.46809074 0.02997075
v 0.17016263 -0.91427749 0.19010764
v -0.05822745 0.59118277 -0.06363597
v -0.05912465 0.47489828 0.09134264
v -0.05891380 0.81030828 -0.02449240
v -0.12044913 -0.70793700 0.23155648
v -0.03199798 0.68593866 -0.06900813
v 0.00834297 -0.89929241 -0.25856137
v 0.06271491 -0.88639921 0.25252238
v 0.04544334 0.74229336 -0.05468700
v 0.24634078 -0.92797935 0.00986864
v 0.11993343 -0.36411250 -0.23174414
v 0.06212273 0.74240655 0.03436304
v 0.13808738 0.38913018 0.02277566
v 0.03236759 0.93480700 -0.03141699
v -0.08255217 0.45810297 0.08003245
v -0.22658136 -0.25063682 0.13160634
v 0.17372836 0.27834511 0.04887801
v -0.04655377 0.82275027 -0.04141005
v -0.23336920 -0.91438222 0.09878238
v 0.20573276 -0.91463971 -0.14941669
v -0.05421339 0.33554956 0.15014045
v 0.09405504 0.52037960 -0.00417009
v 0.06617774 0.51677668 0.06683102
v -0.25870472 -0.90060234 0.00021194
v -0.06658228 0.50655556 0.07176618
v 0.02240660 -0.93157405 0.24076313
v -0.12397070 -0.91656077 0.22098619
v 0.06967191 0.74252766 0.00977878
v 0.01243690 0.94733244 -0.01691486
v 0.04138662 0.93244332 0.02016476
v -0.03515521 0.65811086 0.07038376
v -0.09215671 0.53409892 0.00480933
v 0.08061426 -0.93993628 -0.21393335
v 0.03972223 0.65773731 0.06791320
v -0.16415961 0.17310093 -0.13697176
v 0.08733059 -0.89247894 -0.24462681
v -0.05408507 0.77085626 -0.04053893
v -0.05611178 0.70398498 -0.05030897
v -0.08185255 -0.20227922 0.24757604
v -0.05230864 -0.93549752 -0.22990862
v 0.07970621 0.29468840 0.15539305
v 0.02686800 0.94338739 0.02060378
v -0.12810925 0.15732968 0.17601487
v 0.03658036 0.87583137 -0.04466138
v 0.06184934 0.52577710 -0.07003842
v -0.04793983 0.71407318 0.05660928
v -0.18429047 0.09716836 -0.14017624
v 0.00450928 0.79435909 0.06433799
v -0.12805095 0.41779155 0.02001075
v 0.03778934 0.79926056 0.05269650
v 0.03248625 0.43653917 0.11847544
v 0.19340737 -0.72168249 -0.17492667
v 0.12713903 -0.75889248 0.22877699
v -0.03416169 0.94380647 -0.00720359
v -0.10377699 0.45348820 -0.05203580
v -0.12686086 0.37148780 -0.07251324
v 0.03519042 0.93001491 0.03504575
v 0.11925907 0.44223082 0.01844471
v -0.08605015 0.52064914 0.03616510
v 0.04287931 0.49011126 0.09378895
v -0.17963974 -0.91604495 -0.17895627
v -0.12396468 0.07862358 -0.20052785
v 0.05539249 0.72358376 0.04772301
v -0.01390896 -0.93342996 0.23882972
v 0.20852211 -0.93142736 -0.12396667
v -0.20421883 -0.94684583 0.02913157
v -0.12568229 0.42740977 -0.00894283
v -0.10902601 0.44889379 0.04524922
v 0.00492575 0.77051276 0.06701119
v 0.06097198 0.26788124 -0.17406061
v 0.22384925 -0.93818885 0.05699099
v -0.09471578 0.49849704 -0.03088168
v -0.16210464 -0.94677919 -0.12395398
v -0.25865358 -0.30989000 -0.02982297
v -0.03514141 0.70345265 -0.06581559
v 0.21091565 -0.94246417 -0.07576068
v -0.04626255 0.83223188 0.04091432
v -0.07057039 -0.92153329 0.24010740
v -0.16606641 -0.93613547 0.16596989
v -0.00243772 0.85840863 -0.05792082
v 0.00458863 0.93082905 0.04581227
v -0.23925939 -0.93144715 0.03348856
v -0.16800056 -0.87715518 0.19890893
v -0.07491291 -0.71359581 -0.24980615
v 0.21336611 0.14884388 0.05512608
v 0.02368331 0.89355284 0.04849421
v 0.17975378 -0.93802124 -0.14708818
v -0.04709868 0.90359783 0.02408848
v -0.22189242 -0.94283754 -0.00786929
v 0.02964858 -0.92873889 -0.24353769
v -0.18632460 -0.50501174 -0.18337926
v 0.07646108 0.68259621 -0.00539484
v -0.25982684 -0.41232941 -0.02028163
v 0.12153152 -0.94492418 0.18102950
v 0.07893671 0.65280741 -0.01403725
v -0.07175444 -0.94496650 -0.20489036
v -0.08690778 0.24495749 -0.17196521
v 0.07207329 -0.93037450 -0.23266660
v 0.08264060 0.51524621 0.04632798
v -0.13973965 -0.94633210 0.15951304
v -0.04667324 0.82276303 0.04154879
v 0.24986313 -0.92249286 -0.01327161
v 0.05767057 0.86470622 0.00074847
v -0.07664461 0.53500223 0.05260685
v 0.05026184 0.90788889 0.01489545
v -0.25004572 -0.92300510 0.00458993
v -0.01430677 -0.94143969 0.22441293
v -0.08845997 -0.94663829 -0.19283083
v 0.05313076 -0.92148989 -0.24532351
v 0.24834952 -0.91887891 0.04396596
v 0.24274690 -0.75961387 0.09404905
v 0.21333531 -0.93819797 -0.09006852
v -0.21131510 -0.91881782 0.13723198
v 0.10552403 -0.92101997 -0.22744337
v -0.02769883 0.73092765 -0.06596129
v 0.15068427 -0.94634151 -0.14805929
v -0.01183221 0.79430711 0.06371756
v -0.22429138 -0.93214923 -0.09050579
v 0.01469499 0.78027272 -0.06448389
v 0.26053986 -0.60067701 -0.01235632
v -0.08061993 0.43902504 0.09179144
v 0.17473046 -0.64893717 0.19355474
v -0.02175940 0.82778710 0.05799463
v -0.05810006 0.77077889 0.03689178
v 0.13846076 -0.91424537 -0.21305957
v 0.19797333 -0.92816275 -0.14455912
v -0.19120914 -0.94755000 -0.01218502
v -0.02974284 0.71699631 0.06679347
v 0.02383767 0.72346216 -0.06803269
v -0.07492443 0.67163712 -0.02344048
v 0.06414361 0.70545620 0.03776215
v -0.04719991 0.57219040 0.07490807
v -0.03469670 0.52214408 -0.08633196
v 0.07438868 0.38730854 0.11963829
v 0.07930890 0.65390724 0.00637428
v -0.14224617 -0.94508988 -0.16476290
v -0.05263687 -0.79592705 0.25485224
v 0.06632780 0.76170456 -0.01493626
v -0.19649549 0.13255787 0.10784872
v -0.05733299 0.53579909 -0.07150620
v -0.13960628 -0.87031120 -0.22091348
v -0.03239490 0.93451160 -0.03230196
v -0.25678518 -0.89987493 0.02838469
v 0.06882451 0.40393949 -0.11611889
v -0.16702740 -0.92711329 0.18249437
v 0.13492340 -0.86076647 -0.22445983
v 0.09886960 -0.93624485 -0.21249962
v 0.08084280 -0.94344896 0.20529360
v -0.05206504 -0.93553990 0.23009683
v 0.12554228 0.23410834 -0.15019017
v 0.19512133 -0.56980067 0.17277811
v 0.06232973 0.60375154 -0.05836963
v 0.22371596 -0.94136798 -0.02390117
v -0.02531885 0.78309429 0.06092282
v -0.04558010 -0.21594535 -0.25617489
v 0.06885832 0.70470893 -0.02800971
v 0.04670908 0.87950665 0.03176587
v -0.02546785 0.04718493 -0.23955604
v 0.13463739 -0.24530247 -0.22467469
v -0.10801937 -0.94430274 -0.19211875
v 0.05578207 0.82752579 -0.02743852
v -0.04117967 0.92190301 0.03301802
v -0.23003772 -0.93566704 0.05217491
v 0.03748433 0.88427395 0.04270379
v -0.03196929 0.56713259 0.08255319
v -0.08290464 0.50453281 -0.05193061
v -0.07711016 0.64310521 0.02577796
v 0.03915571 0.39823434 -0.13113475
v -0.05683795 0.40563777 0.12098532
v -0.18580037 -0.94725728 0.07700532
v -0.21184300 -0.94421732 0.06231412
v 0.12311022 -0.29042265 -0.23046212
v 0.07866943 0.61965728 0.02642609
v -0.03677356 0.80870068 0.05201287
v 0.06648598 0.48377129 0.08147764
v 0.03540612 0.10957489 0.22625609
v 0.02293523 -0.25367254 -0.25946075
v -0.07094874 -0.93756157 -0.22173306
v 0.24704263 -0.46831152 -0.08319860
v 0.18285321 -0.02046742 -0.17190200
v 0.22339965 -0.70928997 0.13647427
v -0.20178555 -0.93136084 0.13438973
v 0.04231759 0.55760044 -0.07898194
v 0.02165399 0.67587858 0.07526547
v -0.06017346 0.66706920 0.05102807
v 0.06377105 0.72341430 -0.03533253
v -0.07642937 0.63447565 -0.03021267
v -0.00409537 -0.53309101 -0.26082307
v 0.23226394 -0.90845877 -0.10791833
v -0.06771078 0.54285562 -0.06034018
v 0.02779496 0.72343546 0.06677755
v -0.23513368 -0.93467855 -0.02465926
v 0.04181062 0.66734946 -0.06539223
v 0.14601377 0.19439796 0.14881559
v -0.01384756 -0.92336303 0.24957240
v 0.14740947 -0.43243510 0.21465831
v -0.06281999 0.80862635 -0.00461425
v 0.16407175 -0.75781727 0.20191482
v 0.10666343 0.47148573 -0.02549153
v 0.15062748 0.30525193 -0.08077516
v 0.05696448 0.70459199 -0.04902459
v 0.11918320 0.04608566 0.21020347
v -0.06905116 0.66615659 0.03591749
v 0.14421365 0.31198430 0.08624707
v 0.13100435 -0.89001930 -0.22626448
v 0.00740442 0.45567840 -0.11560430
v -0.07559999 0.67384005 0.02161079
v -0.04369066 0.52560341 0.08179925
v -0.12316939 -0.37473685 -0.23046809
v -0.25952676 -0.21638077 0.02248324
v -0.15678474 0.33260348 -0.03496808
v 0.10554254 0.30924910 0.13262224
v 0.23754819 -0.93185610 0.04298872
v -0.05609516 0.87317443 0.00801478
v 0.03196879 0.78132570 0.05901222
v -0.11765449 0.42353475 0.04858656
v 0.05782183 0.85232204 -0.01249574
v -0.10059125 0.49538046 0.01163391
v 0.01341205 0.83810920 0.05904765
v 0.00731744 0.65543884 0.07909580
v 0.04610386 0.93060613 0.00486342
v -0.09080780 0.46801224 -0.06414583
v 0.04951915 -0.89693481 -0.25410041
v -0.00256536 0.76594853 -0.06744784
v -0.26053596 -0.17597423 -0.00755205
v -0.05724369 0.37668252 0.13276158
v -0.13106783 -0.60720408 0.22685760
v 0.19199629 0.20937958 0.06745362
v 0.02523576 0.87004292 0.05102307
v -0.15486541 -0.91168016 -0.20315309
v 0.05728293 0.83809555 0.02001084
v 0.03810228 0.87005085 0.04383003
v 0.00496937 0.53899765 -0.09153820
v 0.24874270 -0.65108031 0.07853338
v -0.04066699 0.49545139 -0.09233434
v -0.24813096 -0.61100936 -0.08031881
v -0.08955057 0.55779833 -0.00477768
v -0.07374147 0.69229728 -0.01729433
v 0.01019091 0.87603343 -0.05512707
v -0.09512130 -0.94720852 0.17679730
v -0.13488224 0.37972325 -0.04817594
v -0.15603635 -0.94354421 0.15770157
v 0.15311906 -0.92763811 -0.19290636
v 0.18562071 -0.26901180 0.18420359
v -0.06126539 0.81778216 0.01269164
v 0.03461851 0.58615094 -0.07959588
v 0.05607739 0.76070738 0.04053083
v -0.11916725 -0.93138331 0.21149124
v 0.25645357 -0.89534390 0.03676461
v 0.00702790 0.59592068 -0.08551671
v -0.03170462 0.87476188 0.04726021
v -0.05655004 0.85687298 -0.01558856
v 0.16624050 -0.94052899 0.15477566
v -0.18457432 -0.15930359 -0.18455315
v -0.05809733 0.85244972 0.00373213
v -0.22043930 -0.93132240 0.10057431
v 0.04441020 0.63911748 0.06748924
v 0.01409244 -0.22146933 0.26038197
v 0.09957910 0.29952076 -0.14142460
v 0.11875377 -0.91300869 0.22616692
v 0.00643791 0.65701455 -0.07897708
v -0.05676964 0.60995543 -0.06259514
v 0.10204177 -0.86630076 -0.23925252
v -0.04496192 0.71559960 -0.05861009
v 0.08907724 0.56180298 -0.00759561
v 0.14601800 -0.94382203 -0.16625546
v -0.01149479 0.46213049 0.11291737
v -0.01252964 0.56752962 0.08782849
v 0.10755915 -0.94219929 -0.19658461
v -0.03792463 0.19645341 -0.20366462
v -0.22675519 -0.91114086 0.11959018
v -0.04454381 0.62663329 -0.06912960
v 0.14824408 -0.94600379 0.15571520
v 0.19669823 -0.33745563 -0.17076646
v 0.01977820 0.93300205 -0.04156445
v 0.21737476 -0.91947734 0.12698023
v -0.03408772 0.56355935 -0.08215629
v -0.16001800 -0.94561791 -0.14593510
v -0.04341144 0.55201048 -0.07880738
v 0.18936574 -0.94732493 -0.06508484
v 0.03307460 0.53396577 0.08568881
v -0.13372597 -0.03836207 -0.21443941
v -0.20993592 -0.87928659 0.15358129
v 0.01322792 0.94741511 0.00480912
v 0.00949977 0.93039471 -0.04568351
v 0.22731958 -0.92961287 -0.08974969
v 0.12355797 0.40688014 -0.04970265
v -0.11648683 -0.52607709 0.23317288
v 0.12250391 -0.41139701 0.23077333
v 0.04780980 0.79928041 0.04323360
v 0.01388803 0.79904813 -0.06275846
v 0.00477619 0.56744963 -0.08857850
v 0.04085369 0.61957240 0.07242455
v 0.05010151 0.89367115 -0.01869182
v -0.00529584 0.83808452 0.05935758
v 0.04789605 0.86538702 0.03232843
v 0.06801229 0.76157892 0.00498272
v 0.05423922 0.42594957 -0.11432589
v 0.00433145 0.68404835 0.07641142
v -0.06150134 0.52224112 -0.06987514
v 0.22507462 -0.93999094 0.03154471
v -0.04163930 0.93754572 0.00453358
v -0.14927115 0.31997466 -0.07089189
v 0.12268177 0.32425091 0.10862606
v 0.18556847 0.26159677 0.01769366
v -0.07173575 -0.93462598 0.22712021
v 0.24914539 -0.66200531 -0.07733238
v -0.07781327 0.48773578 -0.06892176
v -0.03311997 0.67680347 0.06937189
v -0.09982038 0.44462830 0.06613548
v -0.10772295 -0.90027511 0.23498438
v -0.21651749 -0.92682368 0.11748484
v 0.06251159 0.68570763 0.04389387
v -0.14333451 -0.92655486 -0.20120394
v 0.11593068 0.39007950 0.07861563
v 0.16827062 -0.91754699 -0.18913002
v 0.14434731 -0.01705961 -0.20423582
v 0.04331791 0.90880358 0.03180704
v -0.23170274 -0.93206608 0.06862659
v -0.16759115 -0.94629622 0.12914315
v 0.07267831 0.55810392 -0.05344974
v -0.03368245 0.77010638 -0.05919348
v 0.14732163 -0.89077538 0.21426624
v 0.10290579 0.48687080 0.01654932
v 0.05342048 0.79862380 -0.03722901
v 0.15494713 -0.91364884 -0.20162012
v 0.13849552 -0.93815565 -0.18610318
v -0.18804890 -0.07511400 0.17403379
v 0.04425700 0.64864522 -0.06631880
v -0.15427563 -0.23201473 0.20942284
v -0.07024920 0.62957507 0.04228140
v 0.07642987 -0.04352543 0.24142228
v -0.00481538 0.93770450 -0.04166080
v -0.07570960 0.52325553 -0.05474408
v 0.19386607 -0.94611567 -0.08952887
v -0.00118502 0.62131721 -0.08335369
v -0.01852002 0.54026598 -0.08959150
v 0.05154337 0.91491878 0.00389668
v 0.23129410 -0.87696344 -0.12152392
v -0.14284931 0.28930402 0.10396131
v -0.00105994 -0.66791534 -0.26105562
v 0.25793803 -0.39082426 -0.03459791
v -0.08417999 0.41459748 0.10029272
v 0.22812948 -0.87559587 0.12869281
v -0.09302276 0.50422603 0.03011260
v -0.21453725 -0.91531885 -0.13542874
v -0.12048747 0.29848099 0.12459711
v 0.02143039 0.94268394 -0.02737850
v -0.01048804 0.48309660 -0.10507303
v 0.25519058 -0.83679527 -0.05129877
v -0.04797878 0.63949019 -0.06521720
v 0.15310870 -0.01878541 0.19777051
v 0.05277597 -0.92703044 0.24085157
v -0.10059563 -0.93643212 0.21131152
v 0.22501945 -0.36872283 0.13420704
v 0.18548697 -0.92942756 0.15913822
v -0.01435736 0.87514853 0.05386784
v 0.24758986 -0.53741449 0.08168903
v 0.18604228 0.15762955 -0.11473800
v 0.11575375 0.16716515 -0.18164617
v -0.10387143 -0.92685169 -0.22444957
v 0.06580576 0.63845026 -0.04734702
v -0.07553774 -0.76339394 0.24972226
v -0.04524687 0.50164407 0.08772290
v -0.05622177 0.87399662 -0.00606227
v 0.01820133 0.35938424 0.14972618
v -0.25013477 -0.47756737 0.07434980
v 0.22870755 0.07119299 0.06339969
v -0.03036731 0.89189523 -0.04611484
v -0.10424625 0.48377356 -0.01438370
v -0.08862767 -0.94760084 -0.15729266
v -0.00683494 0.43344811 0.12387141
v -0.18531193 -0.94235861 0.12535363
v -0.09107377 0.08845268 -0.21463445
v 0.13369286 -0.28911215 0.22529504
v -0.04879441 0.85605192 -0.03236409
v -0.08255018 0.62682581 -0.00031374
v -0.08119541 0.13202956 -0.20870461
v 0.09952507 0.49859351 -0.01046624
v 0.01716109 0.85257161 0.05667940
v -0.20520465 -0.94361138 0.08090689
v 0.17722459 -0.19010931 0.19142982
v 0.03028901 0.55759609 0.08418491
v 0.06017372 0.76206309 -0.03423442
v -0.03686704 0.90183699 -0.04118329
v 0.16387618 -0.92881674 0.18275569
v 0.13746433 0.10374943 -0.18469378
v 0.03885845 0.85604316 0.04479001
v 0.19748680 -0.94746166 -0.02199535
v -0.17555943 0.13559847 -0.13734363
v -0.14751954 0.05042989 -0.18939213
v -0.04264616 -0.85518914 -0.25656796
v -0.14582348 0.25633648 0.11926776
v -0.07055486 0.73777801 -0.00475872
v -0.23441137 -0.80803478 0.11331583
v 0.13934989 -0.93896312 0.18309990
v 0.00173760 0.58811235 0.08663859
v -0.14905521 0.36013386 -0.02252169
v -0.04965873 0.91342384 -0.01545719
v -0.01772135 0.94395673 -0.02884752
v 0.13333334 -0.50772816 -0.22553004
v -0.04542913 0.75175476 0.05317480
v -0.10528845 0.34399557 -0.11628513
v -0.18859255 -0.94465202 -0.11186111
v 0.04969022 0.68573898 -0.05899322
v 0.05111105 0.72351527 -0.05189238
v -0.14679833 -0.45544401 -0.21512495
v 0.13249128 -0.85957694 0.22601745
v -0.06075510 0.82744813 -0.00635672
v 0.21952073 -0.01765079 -0.12108857
v 0.03303984 0.50120842 -0.09322526
v 0.06313398 -0.67117703 -0.25286674
v -0.19419442 -0.94493991 0.09933829
v -0.24749789 -0.92113489 -0.04239360
v 0.04275706 0.91316700 -0.03236365
v 0.12557684 -0.94687515 0.16012959
v -0.19862033 -0.89345092 -0.16738330
v -0.18578131 -0.36415771 -0.18400559
v -0.06616282 0.48967054 0.07939349
v -0.04879836 0.15908687 0.21244082
v -0.01452968 0.56743723 -0.08732711
v -0.08256798 -0.25987077 0.24726602
v -0.25655013 -0.85026222 0.04295089
v -0.17614491 -0.93956190 -0.14628014
v -0.08842847 -0.91500098 0.23744187
v -0.02045393 -0.94662559 0.20722316
v -0.04846831 0.47638857 -0.09674879
v 0.14107482 -0.66174233 0.21961749
v 0.03825098 0.01053294 0.24344666
v -0.14379078 0.33530819 0.06895372
v 0.02390534 0.54808259 -0.08711024
v 0.04791455 0.77251291 0.04710631
v -0.26021361 -0.64736307 0.01571860
v -0.08694892 0.53883076 0.02831645
v 0.00489119 0.91271752 0.05185976
v -0.02014774 0.52135009 0.09205975
v -0.18086381 -0.93039757 -0.16358985
v 0.05418128 0.77939868 -0.03987893
v 0.15912540 -0.94693154 -0.12571667
v -0.08346120 -0.94449949 0.20214245
v 0.08258425 0.62412924 0.00476597
v -0.06993806 0.70045888 0.02620932
v 0.15488870 0.34332258 -0.02489301
v 0.18185893 -0.90279931 0.18359087
v -0.08561287 0.53376085 -0.03312502
v -0.18744323 -0.65821767 -0.18219139
v -0.16002920 -0.92541397 -0.19006556
v 0.12614527 0.40594953 0.04432028
v 0.13609944 0.13039030 0.17806479
v 0.25186390 -0.91230810 -0.03310876
v -0.05299613 -0.94542897 -0.21114244
v -0.13497065 -0.73659420 -0.22451587
v 0.02650822 0.83668911 0.05496121
v -0.06417115 0.78435093 -0.01422994
v -0.07134479 0.03376622 -0.23259820
v -0.14142472 -0.83533436 -0.21939304
v 0.05785204 0.56272662 -0.06821612
v 0.15428664 -0.93740785 0.17360593
v 0.04627689 -0.91226804 0.25042170
v 0.02159454 0.12291234 -0.22498135
v 0.02865233 0.64780438 -0.07549508
v 0.11675604 0.43680310 -0.03840604
v 0.07156689 0.46700490 -0.08552159
v -0.20229818 -0.93710762 0.11738917
v -0.01927242 0.85366851 -0.05567296
v 0.19441469 -0.91429973 -0.16379735
v 0.13053620 0.00893182 0.21007487
v -0.03135464 0.83750057 -0.05182501
v 0.00192396 0.72450250 -0.07238041
v -0.23839484 -0.88832355 0.10352854
v -0.00458957 0.92607868 -0.04735807
v 0.07397739 0.41884887 0.10574091
v -0.05580620 0.82708555 -0.02761032
v -0.16413097 -0.93809837 -0.16385253
v -0.00171885 0.63204837 0.08192425
v 0.20486797 -0.83340436 0.16018632
v 0.06902987 0.53408873 0.06054323
v 0.13007173 -0.32375765 0.22736850
v -0.06887122 0.58085310 -0.05330251
v -0.21690415 -0.90137106 0.14083816
v -0.04401685 0.86539859 0.03853995
v -0.04520125 0.53517616 -0.07975457
v 0.19006708 -0.40332001 -0.17917293
v -0.02850195 0.30911243 0.16683087
v -0.01540454 0.67277789 0.07675854
v 0.22291961 -0.08124806 0.12802066
v -0.10964972 0.23064619 0.16350719
v 0.22712053 0.03249965 -0.08744199
v 0.18898368 -0.88786644 -0.17957908
v -0.11651471 -0.94680887 -0.16802295
v 0.01142158 0.61606205 0.08286884
v -0.05735198 0.75146502 0.04067951
v -0.16459300 -0.10455076 0.19841127
v 0.02379723 -0.94033539 0.22497423
v -0.04930519 0.69515812 0.05807243
v 0.02133570 0.48272249 -0.10376395
v 0.12758245 0.30584738 -0.11369554
v -0.08925635 -0.93645126 -0.21664177
v 0.13657786 -0.92854512 0.20472322
v -0.13645400 0.39009410 0.03032788
v 0.17273892 -0.57468539 0.19515051
v 0.01736061 0.83042347 -0.05923178
v 0.14887127 0.33478832 0.05777247
v -0.25148642 -0.27274528 -0.06957343
v 0.21148293 -0.94578588 -0.04374336
v -0.21343742 -0.94599169 0.01204350
v 0.15716147 -0.93320978 -0.18128759
v 0.01490128 0.85162282 -0.05745177
v 0.06660048 0.62888557 0.04778531
v 0.04810408 0.46401957 -0.10154153
v -0.05186293 0.91279328 0.00471953
v 0.03433413 0.92336822 -0.04097828
v 0.07078826 0.72071141 0.01522660
v 0.05161231 0.83241695 0.03225571
v -0.12879319 0.27247810 -0.13085289
v -0.12696275 -0.93268430 -0.20540360
v 0.03135536 0.03110295 -0.24142033
v 0.01085825 0.40001401 -0.13565408
v 0.05651369 0.81801015 0.02848148
v 0.02803787 0.40249786 0.13236758
v 0.15046160 -0.89415860 -0.21141660
v -0.17988126 0.25631446 0.05531194
v 0.01477774 -0.93026280 -0.24400890
v 0.20599605 -0.89659250 -0.15695573
v 0.06370626 0.79906505 -0.00850838
v -0.06245519 0.57216191 0.06276172
v 0.19175494 -0.94693333 0.08177980
v 0.11712191 -0.93803442 0.20006439
v 0.10807807 -0.94617766 -0.18351746
v -0.05258194 0.26987180 0.17579760
v -0.18260302 -0.76517045 -0.18706952
v 0.10208306 0.34152895 0.12017048
v 0.04283363 0.79910958 -0.04827225
v 0.05959682 0.54392564 -0.06937617
v -0.10768251 0.47662950 0.00856267
v 0.10967048 -0.90033001 -0.23418918
v -0.11507905 0.39754975 -0.07480423
v -0.07699336 0.55894440 0.04637111
v 0.08169678 0.62349707 -0.01384716
v -0.07924291 0.61815274 -0.02438275
v 0.09772453 -0.93947864 0.20611046
v 0.03493250 0.51466930 0.08756641
v 0.05516159 0.58115011 -0.06795495
v -0.07536360 0.58558869 0.04356045
v -0.03654468 0.40589574 -0.12913680
v 0.04212019 -0.93543172 0.23201877
v -0.18797907 -0.36067605 0.18150738
v -0.05439167 0.58844233 0.06744099
v 0.00194558 0.71503997 0.07339932
v 0.05404410 0.87526041 0.01371156
v -0.09628931 0.43042898 0.08011217
v 0.10249791 -0.88925451 0.23872045
v 0.06889565 0.44343907 -0.09882399
v -0.13280991 -0.19401766 0.22580785
v 0.13186701 -0.72820401 0.22638446
v 0.24257916 -0.91883600 -0.07037985
v 0.09963218 0.10319830 -0.20772949
v -0.04778975 0.61926126 0.06782364
v -0.00893411 0.16257350 -0.21627696
v 0.15910697 0.29862991 0.06763063
v 0.02367497 0.87938690 0.05018256
v 0.03268146 0.70451838 -0.06678134
v 0.18577167 -0.38307106 0.18401630
v 0.26107210 -0.35931712 0.00162293
v 0.08969538 -0.94578862 -0.19528154
v 0.09845283 -0.16863470 -0.24049357
v -0.03333575 -0.93450117 -0.23457411
v 0.24550270 -0.91728199 0.06277788
v -0.10802177 -0.94346988 0.19339970
v -0.08814871 0.51622063 -0.03403060
v -0.03157137 0.74240971 0.06317440
v 0.21091376 0.06723043 0.11028390
v -0.20321555 0.00200669 -0.14211011
v -0.07618128 0.35906446 -0.13067722
v -0.03231412 0.94051713 0.02032560
v -0.07016461 -0.12730536 -0.24982496
v 0.17062832 -0.76290882 -0.19678728
v 0.00067528 0.40668541 0.13366415
v 0.18473995 -0.57220674 -0.18515205
v 0.03794973 0.23192361 0.19300427
v -0.12340148 -0.66577286 0.23037627
v 0.13444297 -0.55226260 0.22481562
v -0.24589612 -0.91668558 -0.06298985
v 0.22680870 -0.90602690 0.12278399
v -0.19353123 -0.44141531 0.17480455
v 0.08087351 0.04010559 -0.22840387
v -0.08693799 0.18690722 -0.19113120
v 0.22559692 -0.45868149 0.13323151
v 0.07206041 0.46090651 0.08838198
v -0.07019604 0.72819912 0.01449666
v -0.05836624 0.74232405 -0.04071705
v -0.03182211 -0.93935192 0.22577977
v 0.11633319 0.20145789 -0.16987798
v 0.00881353 0.54719591 0.09039465
v 0.24282175 -0.92863733 -0.03644567
v 0.24141061 -0.93116766 -0.02345946
v 0.03962860 -0.29947492 0.25712296
v -0.17628852 -0.62433100 0.19230191
v 0.24384274 -0.92861426 0.02797081
v -0.13125360 -0.76887739 -0.22673704
v 0.05982753 -0.93565232 -0.22825508
v 0.24521504 -0.86361539 -0.08788688
v 0.01903568 0.05997623 0.23794913
v -0.08406600 0.39231887 0.11125595
v 0.02598727 0.85725003 0.05227950
v 0.02635344 -0.88894522 0.25851887
v -0.05905535 0.83805436 0.01366027
v -0.14747982 -0.36580077 -0.21460807
v 0.08038671 0.53889674 0.04283404
v 0.02274587 -0.93987501 -0.22634782
v -0.06488741 0.22045077 -0.18957385
v -0.09036845 -0.93245894 0.22384836
v 0.14370561 0.37103835 -0.02837760
v -0.20550756 -0.91317642 -0.15079765
v -0.19190222 -0.28300485 -0.17686987
v 0.24428380 -0.00149227 0.04462032
v -0.03398500 0.81825083 -0.05288882
v 0.06575793 0.12531027 -0.21595387
v -0.18443064 -0.81396383 -0.18534757
v -0.11863311 -0.91317278 -0.22615074
v -0.16995010 -0.30103096 -0.19735011
v -0.03778271 0.79926234 -0.05270142
v 0.07820509 0.32691157 0.14256962
v 0.06791529 0.49289018 -0.07653432
v -0.12103552 -0.78814328 0.23125228
v -0.18666716 -0.94747061 -0.05207612
v 0.03443313 0.62889999 -0.07519135
v -0.02423901 -0.92461276 -0.24794844
v 0.08449869 0.43597826 0.08913621
v 0.22591278 -0.54840690 0.13272227
v -0.03335615 0.85735673 0.04802592
v -0.10642409 0.37755063 0.09773145
v -0.07952029 0.47691980 0.07328204
v -0.06632201 0.76193583 -0.01515093
v 0.18996423 -0.09476787 0.17404807
v 0.12305606 -0.25698313 0.23055363
v -0.04890997 0.78870589 0.04386804
v -0.07970687 -0.54751176 -0.24834649
v -0.17996942 -0.90768635 0.18388380
v 0.16753401 -0.94331521 -0.14611438
v 0.03892371 0.72341466 -0.06138771
v 0.23665203 -0.90095675 0.10306621
v 0.19252871 0.19386643 -0.07857038
v 0.09777547 0.37932074 -0.10555160
v 0.25924081 -0.63927162 0.02476007
v -0.15774022 0.34066311 0.00459966
v -0.04737928 0.80871522 -0.04237467
v -0.04150316 -0.23733237 0.25689471
v -0.19167599 -0.91875392 -0.16376723
v -0.12448192 0.35388991 0.08912409
v -0.06474347 0.72793049 0.03171261
v -0.22444658 0.12325542 0.02599645
v 0.08360991 -0.52429718 -0.24684274
v -0.06253829 0.68570220 -0.04384999
v -0.14406520 0.23039171 -0.13447504
v 0.07597997 0.50023741 0.06430420
v -0.23672737 -0.90208036 -0.10214908
v -0.26084882 -0.85332495 0.00181017
v 0.06775538 0.74247950 -0.01852490
v 0.07259396 -0.01251735 -0.23875806
v -0.22572517 -0.35494611 -0.13307536
v 0.20721635 -0.92049724 0.14134233
v -0.00604212 0.33348688 -0.16030124
v 0.25370982 -0.10546950 0.04527869
v -0.12947455 0.40885639 -0.02967940
v -0.02026335 -0.12786405 0.25839427
v 0.07170823 0.72352606 -0.00980250
v 0.04335322 0.29731086 0.16811354
v -0.02024692 0.93441927 -0.04031061
v 0.08040426 0.60045838 0.02798063
v -0.24838474 -0.33347631 -0.07957487
v 0.22638643 -0.72841227 -0.13190605
v 0.08225273 0.59310657 -0.02369065
v 0.23933615 -0.13602807 -0.09907576
v 0.22423850 -0.41681018 0.13537213
v 0.25618297 -0.39866987 0.04594288
v 0.17767909 -0.31989005 -0.19119579
v -0.20810795 0.05918586 0.11884331
v -0.25707474 -0.10060696 0.01931896
v -0.15774094 -0.91658551 0.19751558
v 0.21337381 -0.94625980 0.01419100
v -0.23163068 -0.77567917 -0.12047578
v -0.10970575 -0.93489701 -0.20953272
v 0.21732707 -0.90013564 0.14099960
v -0.03448052 -0.33376661 -0.25799289
v -0.22902457 -0.87578511 0.12665313
v -0.09676766 -0.01266138 -0.22990370
v 0.18426676 -0.24108715 -0.18558310
v 0.07309279 -0.66890097 0.25037175
v 0.25005046 -0.09751216 -0.06331389
v 0.05773103 0.79905021 0.03045983
v -0.01674793 -0.90087783 0.25759673
v 0.08716284 0.56269270 0.01866076
v 0.02904531 0.42585987 -0.12319145
v 0.23585361 -0.93013495 0.06157459
v 0.18101740 -0.91312045 -0.17937829
v 0.13516557 0.37925526 0.04790860
v -0.13702182 -0.63895690 0.22296712
v 0.11593993 0.20403419 0.16929679
v 0.22863944 -0.17267714 0.12711769
v 0.10634866 0.42347345 -0.07058629
v -0.06340266 0.45224205 0.09823827
v -0.18359847 -0.72529066 -0.18621832
v 0.09212038 0.39446402 0.10332552
v -0.06308556 0.48691660 -0.08271033
v 0.22515801 -0.52015150 -0.13396285
v -0.12504126 -0.75366169 0.22969119
v -0.22590071 -0.62448210 -0.13274011
v -0.21144870 -0.78333604 -0.15164256
v -0.11091115 0.19591317 0.17536743
v 0.13596173 -0.16569285 -0.22330669
v 0.11682532 0.45180491 -0.01084244
v -0.07469249 0.02834709 0.23252422
v -0.12367797 -0.48459584 -0.23021677
v 0.11783716 -0.92783266 0.21579893
v 0.18535386 -0.28112727 -0.18434238
v 0.16138695 -0.94759810 -0.09166318
v -0.03225714 0.36324000 0.14594603
v -0.14534594 -0.78549510 0.21621694
v -0.01237008 0.68419373 -0.07592204
v -0.00040293 0.74256867 -0.07061172
v 0.22879702 -0.93365449 -0.07096293
v -0.17097493 -0.90766317 -0.19249333
v -0.12168971 0.04496635 0.20905559
v 0.05602005 0.84246975 -0.02317740
v 0.04549272 0.89364165 -0.03116366
v 0.22757767 0.10282043 0.03706536
v 0.06240788 0.80358744 0.01328166
v -0.15557022 0.10797691 -0.16884778
v 0.03825838 0.89176536 -0.04140226
v 0.05261651 0.33418936 -0.15121454
v -0.25292417 -0.89752185 0.05591463
v 0.18207768 -0.36863634 -0.18752480
v -0.13246337 -0.29838791 -0.22603533
v 0.05674723 0.61640096 0.06181372
v 0.22062515 -0.14976873 -0.13910185
v 0.19364683 -0.76261461 -0.17464265
v -0.16818872 0.29729798 -0.04277292
v 0.25785312 -0.79696465 0.03532370
v -0.14706357 -0.93986118 0.17574966
v -0.24728593 -0.09598801 -0.07375202
v 0.00690718 -0.90956813 0.25548753
v 0.02962332 0.80867773 -0.05705519
v 0.07158747 -0.91308421 -0.24611725
v 0.02941504 0.94518912 -0.01387848
v 0.00235936 0.21165738 -0.20275074
v -0.22937939 0.05916023 -0.06854948
v 0.09599317 0.26798514 -0.15739070
v 0.18718062 -0.94597042 0.10594174
v 0.21743461 -0.10620512 -0.13977765
v 0.26020855 -0.14954302 0.00898830
v -0.05968689 0.72350883 -0.04190252
v 0.05105069 0.58168745 0.07031861
v 0.05240250 0.48412356 -0.09111227
v -0.02858819 0.49158451 0.09830692
v 0.05224301 0.65744156 0.06028056
v -0.22951455 0.08219841 0.05209765
v -0.11969631 0.35945910 -0.09189229
v -0.22718810 -0.60999250 0.13045724
v 0.15548785 -0.91179347 0.20251268
v -0.24941970 -0.39317915 -0.07669418
v -0.03443932 0.61051667 0.07720107
v 0.15777501 0.06612935 -0.17821795
v 0.02533406 -0.87243843 -0.25904405
v 0.13043736 -0.76839721 -0.22719380
v -0.19673251 -0.76934016 0.17069222
v 0.07700972 0.50905931 -0.05982192
v -0.18856941 -0.25114116 0.18091771
v -0.03136811 0.89373511 0.04527899
v -0.22615492 -0.46830335 -0.13235097
v -0.25899264 -0.80673593 -0.02639929
v -0.06841554 0.52528143 0.06354555
v 0.00338056 -0.69203681 0.26082498
v 0.01954058 0.93896097 0.03371304
v -0.11808517 0.43202338 -0.03887953
v -0.04806519 0.75299835 -0.04995249
v 0.25048983 -0.61434799 -0.07329304
v 0.16998421 -0.30737129 0.19729309
v -0.12991728 -0.33452803 -0.22746876
v 0.08915186 0.54368776 0.01896716
v -0.05704758 0.80873322 0.02948515
v -0.18387258 -0.94157046 -0.12850036
v -0.21863699 -0.03648317 0.12698907
v -0.06832428 0.75862151 0.00571387
v 0.19400267 -0.93812585 -0.12783052
v 0.16481265 -0.88945234 0.20087171
v 0.19393060 0.23012261 0.03390271
v 0.06762414 0.55315369 0.05909066
v -0.00697627 0.38027078 -0.14312106
v 0.22756940 -0.32740915 0.12977721
v 0.00855895 0.51151216 -0.09540639
v 0.22554587 -0.23478435 -0.13338415
v -0.10624554 -0.01789970 0.22663066
v -0.11494140 0.45519036 -0.01378147
v 0.05380631 0.89373052 -0.00497022
v 0.21014632 -0.93491989 -0.10939375
v 0.13562709 0.08665980 0.19023117
v -0.13961595 0.19120337 -0.15553218
v -0.07400455 0.70787412 0.00185966
v 0.10747344 -0.00189233 -0.22351806
v -0.08099511 -0.18414789 -0.24777345
v -0.22750719 -0.56827134 0.12988736
v 0.04407084 0.16011262 0.21295656
v -0.04173515 0.93133390 -0.02140329
v 0.22687860 -0.35486943 -0.13105327
v -0.23122095 -0.91974586 -0.09815092
v 0.03629507 0.74141961 0.06131970
v -0.04967285 0.68563628 -0.05891309
v -0.01166340 -0.02835414 0.25138953
v 0.25305387 -0.85054702 0.06164234
v -0.01282431 0.70033854 0.07368526
v -0.11586712 -0.81324583 -0.23337445
v -0.25766325 -0.15399195 0.03301433
v 0.00039652 -0.94560063 -0.21517113
v 0.22741491 0.08020388 -0.06253575
v -0.13539699 0.29931548 -0.10766399
v -0.04746478 0.80864954 0.04261149
v -0.10563053 0.35443634 0.11082836
v -0.06093160 0.45921889 -0.09704351
v -0.15672295 0.29049122 -0.08055519
v 0.07537259 0.53066903 -0.05540675
v -0.06871411 0.59986508 -0.04976445
v 0.24758282 -0.40776062 -0.08176894
v -0.08301841 0.34325480 0.13329908
v 0.22537659 -0.43503931 -0.13362898
v 0.22068550 0.14348203 0.01378790
v 0.18286484 -0.14120767 0.18549435
v -0.03163546 0.23780254 0.19210224
v 0.00000000 0.94327414 0.03443152
v 0.07103660 -0.78233749 -0.25103176
v 0.17865844 -0.94642872 -0.10747899
v -0.11897974 -0.94690025 0.16302165
v -0.07990320 0.51450402 0.05290764
v 0.13923083 0.16700554 0.16421148
v 0.07938478 0.36092535 0.12797502
v -0.17495188 -0.66761750 0.19338569
v -0.14483219 -0.25284445 -0.21666069
v -0.04300360 0.87469268 -0.03848822
v 0.14817163 0.20376168 -0.14238483
v 0.08223917 -0.09754682 -0.24448784
v 0.08557165 0.60066694 -0.00010139
v 0.11528546 0.06639010 -0.20857409
v 0.05893800 0.78004533 0.03286292
v 0.07133120 -0.39537528 0.25086921
v 0.01527685 0.76177841 -0.06631803
v 0.18003310 0.27593943 -0.02058802
v -0.25096473 -0.91668671 -0.02503674
v 0.18469924 -0.20357069 -0.18516001
v 0.01283642 0.81777364 0.06124726
v -0.12913817 -0.52669466 -0.22784051
v -0.16069967 0.13179557 0.15657839
v 0.14868146 0.35527539 0.03385613
v -0.07545535 -0.56237441 0.24975328
v 0.25192556 -0.29523590 0.06816572
v 0.16965666 -0.86433393 -0.19769280
v 0.02182878 0.36084974 -0.14889403
v 0.12720078 -0.94356251 -0.18053868
v -0.14376365 -0.50289226 0.21751487
v -0.03877834 0.43597710 0.11673763
v -0.25102681 -0.65254849 0.07128052
v -0.12370316 -0.44813102 -0.23022170
v -0.14107072 -0.08599407 -0.21459243
v -0.21606536 -0.88931811 -0.14505489
v 0.07681075 0.56763256 0.04429008
v 0.11446486 0.13576214 -0.19230664
v 0.05626108 -0.57298750 -0.25421140
v 0.22295068 -0.13170151 0.13458829
v -0.13279521 0.32308778 0.09685935
v 0.02705589 0.63667405 0.07731342
v 0.18476394 -0.61008799 0.18506590
v 0.05624878 0.23306903 -0.18818086
v -0.06214014 -0.94437063 0.21150602
v -0.07715816 0.44682389 -0.09065063
v 0.09105665 0.48375991 0.05265643
v 0.03470946 0.58153355 0.08010098
v 0.25144058 -0.89567250 0.06403643
v -0.25770071 -0.12862876 -0.02735572
v -0.22569400 -0.33121526 0.13311844
v 0.09888747 -0.57553661 -0.24057426
v 0.13074911 0.36465263 0.07162479
v 0.02307630 -0.34678933 -0.25950530
v 0.25965822 -0.89213520 0.01015006
v -0.15465297 0.33544382 0.04001483
v -0.14335993 -0.73285818 0.21791592
v 0.02419944 -0.09784137 -0.25634739
v 0.20649318 0.18891330 0.03472332
v 0.25440383 -0.68897665 0.05542187
v -0.07198669 -0.05832767 0.24481925
v -0.10116222 0.47780868 -0.03553065
v 0.01275043 0.31288236 0.16738866
v 0.12154216 0.28312176 0.13152236
v -0.03431774 0.82805735 0.05090503
v -0.08072898 -0.24121572 -0.24790131
v 0.17329316 0.20598926 -0.10883180
v -0.13475025 -0.32082608 0.22455333
v -0.08403536 -0.76477468 -0.24673425
v -0.14955045 0.18000427 0.15143687
v -0.12699293 0.39779013 0.04998481
v 0.10461339 -0.21861561 -0.23813617
v 0.11106291 0.16530731 0.18562499
v 0.15991339 -0.09633271 0.20143712
v -0.16415024 -0.63340688 -0.20182128
v 0.18755323 -0.45929992 -0.18212801
v -0.10966348 0.31036147 -0.12881444
v 0.10290229 0.46395120 0.04467388
v 0.19047284 0.13640605 0.11722510
v 0.02007947 0.25644910 -0.18728285
v -0.15979443 -0.89952230 0.20306957
v -0.05679263 -0.02596919 -0.24526323
v -0.11102592 0.33012393 0.11826729
v -0.17264596 -0.19990745 -0.19519283
v -0.06394741 0.29793677 0.16101329
v -0.03096863 -0.16614091 -0.25814143
v 0.24710880 -0.80567151 -0.08302457
v 0.12952086 -0.89191329 0.22681749
v 0.06401753 -0.86375237 -0.25256252
v -0.21367453 0.09987995 0.08748487
v -0.23824613 -0.91985250 -0.07944319
v 0.22505125 -0.80874503 -0.13413787
v 0.09580187 0.41384631 0.08980161
v 0.01444648 -0.76726168 -0.26034191
v -0.01810903 0.20203497 0.20478907
v 0.12945817 -0.69570130 0.22768216
v -0.25974399 -0.53475738 -0.02100785
v 0.12741055 0.25426006 0.14020465
v 0.02937669 0.60246032 0.07971986
v 0.18499115 -0.49673915 -0.18488237
v -0.02802287 0.36535549 -0.14592503
v 0.04720392 -0.94758540 0.18074240
v -0.25796282 -0.62815094 -0.03441830
v 0.22567962 -0.39210865 -0.13312380
v 0.01202363 -0.43704623 -0.26058054
v 0.16750713 -0.71040565 0.19924460
v 0.09466103 0.49279284 -0.03791856
v 0.24201407 -0.70710319 0.09556662
v 0.15055382 0.25172934 0.11567921
v 0.23190892 -0.07967325 -0.10882646
v -0.06388239 0.42690173 0.10863606
v 0.20180552 0.19966851 -0.04227238
v -0.12752038 -0.11407261 0.22594240
v 0.26063022 -0.69494486 0.00921027
v -0.05837119 0.78998423 0.03141467
v -0.01513463 0.87453991 -0.05383857
v 0.08551318 -0.27805054 -0.24612670
v -0.19572869 -0.65234280 0.17203233
v -0.07366111 -0.66746694 0.25024605
v 0.16687088 0.31423327 -0.01362688
v 0.14548315 -0.23895012 0.21622403
v -0.04679721 0.11325473 0.22371636
v -0.12838235 -0.93732423 0.19534282
v -0.18234853 -0.18285763 0.18726625
v -0.19025205 0.16479458 -0.10302541
v -0.25831196 -0.22570759 -0.03244344
v 0.08296610 0.42421523 -0.09704532
v -0.19580680 -0.59045821 -0.17190795
v 0.25495842 -0.74127346 0.05267807
v 0.22532418 -0.68542224 -0.13372307
v 0.13040291 -0.94759607 -0.13306995
v 0.24307744 -0.04817244 -0.07343300
v -0.08286218 0.57521647 0.02872039
v -0.18773772 -0.69698709 0.18188304
v 0.10682045 0.36618003 0.10316414
v 0.07701125 0.64229119 0.02633824
v 0.04195370 0.92093539 0.03126576
v -0.24787912 -0.07945021 0.06771960
v 0.24361651 -0.86832207 0.09166788
v 0.17207021 -0.93249780 0.16876948
v -0.12536336 -0.94505054 0.17739132
v 0.17864180 -0.13106929 -0.18893285
v 0.24272695 -0.89967740 -0.08946282
v -0.22615492 -0.43004164 -0.13235097
v -0.10550068 -0.92054278 0.22774199
v 0.12565731 -0.48505268 0.22949316
v 0.18677543 -0.83676422 -0.18287915
v 0.02661801 0.19832814 0.20494319
v -0.07847103 -0.86214364 -0.24867617
v 0.03006305 -0.01682115 -0.24815758
v 0.04945138 0.74256516 0.05031562
v -0.01799199 -0.54149264 0.26010299
v -0.18360171 -0.24521193 -0.18613572
v 0.22556870 -0.79891008 0.13328335
v -0.18914589 -0.69305861 -0.18020715
v -0.12374856 -0.62992281 -0.23030959
v -0.17484793 -0.46008658 0.19351298
v 0.16474476 0.15272084 0.14442413
v 0.11044486 -0.41493493 -0.23561709
v 0.25975564 -0.25464687 -0.02004659
v -0.17811698 -0.58088011 0.19088463
v 0.18259618 -0.92008275 0.17351100
v -0.24928772 -0.72303236 -0.07706641
v 0.22662152 -0.84288007 -0.13145846
v 0.09410307 -0.94759446 0.15931810
v 0.13318177 -0.83299571 -0.22561066
v 0.19043948 0.09103311 0.13401549
v -0.21157309 0.14227012 -0.06689876
v 0.02700955 -0.10153885 0.25621185
v 0.26081944 -0.48661265 -0.00519389
v -0.24778247 -0.81882662 -0.08133505
v 0.12549551 0.34449047 -0.09380022
v -0.13490477 -0.89039564 0.22380680
v 0.08194499 -0.93531972 0.22221926
v 0.05873134 0.08173078 -0.22801423
v -0.10170684 0.40429485 0.08830736
v -0.24883582 -0.41979203 0.07847469
v -0.24948564 -0.36346328 0.07634616
v -0.01141029 -0.79205197 0.26040658
v -0.15162422 -0.94757473 0.11330599
v 0.04006614 -0.35211131 0.25705501
v 0.25320169 -0.91505545 0.00380673
v -0.21214548 -0.94606602 -0.03355727
v -0.21410391 0.16580796 0.02398149
v -0.11571862 0.15895127 -0.18487404
v -0.23115715 0.03461542 0.07543033
v 0.08235937 0.58212101 0.02795495
v -0.22594510 -0.41621947 0.13264149
v -0.23362944 -0.93442452 -0.04277583
v 0.05567611 0.85728985 0.01748519
v 0.12179378 -0.08559288 0.22663611
v -0.06465506 0.75242126 0.02367389
v -0.13091496 -0.36929631 0.22694069
v -0.03086459 -0.37288362 0.25841096
v 0.22785704 -0.83683807 0.12906606
v -0.22718810 -0.65254849 0.13045722
v 0.25022832 -0.15377684 0.07211744
v -0.11633070 0.45340219 0.00749892
v 0.00491202 -0.94509560 0.21643151
v 0.00608348 0.87418187 0.05632813
v -0.08168150 -0.50152600 -0.24755105
v 0.25908601 -0.65547591 -0.02643994
v -0.11206350 0.21041988 -0.16971019
v -0.13101311 -0.41170168 0.22687915
v -0.18681200 -0.40160671 -0.18287131
v -0.02839305 0.66958320 -0.07272758
v 0.13583325 -0.79085058 0.22378787
v -0.13620384 -0.12442295 -0.22125135
v 0.08278328 0.47345293 0.07108299
v 0.01378391 -0.82290369 0.26024079
v 0.16285397 0.31390199 0.03803699
v -0.16732280 0.19987506 0.12067679
v -0.11900629 0.44030413 0.02427169
v -0.13329998 0.00660902 -0.20872545
v 0.04466429 -0.94508696 0.21338855
v 0.11773193 -0.37338009 0.23263261
v -0.02557216 0.61710113 -0.07914018
v -0.13076013 -0.15630141 0.22643265
v 0.05787148 0.50086701 0.08028561
v 0.08231817 0.19938466 -0.18919624
v -0.26104647 -0.59228152 -0.00277471
v 0.05853822 0.84658027 0.00580894
v 0.03365036 -0.04419661 0.25067699
v -0.01438272 0.00497226 -0.24736728
v 0.25235653 -0.34343603 0.06650879
v -0.18600377 -0.80669504 0.18360917
v 0.22643015 -0.50123793 0.13187560
v -0.04370663 0.54716694 0.07941426
v 0.04514655 0.37322944 -0.13845782
v -0.19791856 -0.92348820 0.14975819
v -0.16316195 0.26823980 0.08551337
v 0.22440293 -0.89836723 -0.13152710
v -0.20134735 0.21135941 0.02230086
v -0.06292227 0.79904526 0.01344356
v -0.13774066 0.36576813 0.05556172
v -0.23060715 -0.88780296 -0.12207268
v -0.23468746 0.08274460 0.00080566
v 0.08460490 0.01165699 0.23136525
v -0.25191799 -0.79192740 0.06718500
v 0.16155635 0.03112125 0.18282311
v 0.25935903 -0.85468823 0.02249335
v -0.23093925 -0.08386886 0.11207519
v 0.07454658 0.70497042 -0.00037847
v -0.08576725 0.55750936 -0.02515089
v -0.01244766 0.51359278 -0.09462026
v 0.13018060 -0.12789465 -0.22541004
v 0.09672581 0.35757327 -0.11735995
v -0.02945394 -0.83793163 0.25852287
v -0.17758463 -0.53855115 0.19120568
v -0.02683014 0.62932134 0.07791856
v -0.14186864 -0.91158307 0.21255678
v -0.24266741 -0.14436650 -0.09222974
v -0.17023867 0.05265909 0.17116359
v -0.12064916 0.38501316 0.07426438
v 0.08986848 0.51895523 -0.02790904
v 0.04642109 0.59535229 -0.07219060
v -0.19963066 -0.03963822 -0.15467270
v -0.00186388 0.42469013 -0.12720330
v 0.04518346 0.89389461 0.03151552
v 0.06815341 -0.23783851 -0.25161082
v -0.00014097 -0.94757229 -0.18902202
v -0.18109101 -0.14865871 0.18749878
v -0.09996027 0.27964824 -0.15032299
v -0.17303242 -0.58458805 -0.19491093
v 0.09077048 0.54378659 -0.00940256
v -0.09657684 0.40953505 -0.09114768
v 0.13347304 -0.32572547 -0.22542006
v -0.12976137 -0.94745201 -0.14166726
v 0.18763842 -0.45760757 0.18199348
v 0.10749780 -0.47207797 -0.23686223
v -0.03389401 0.58445626 -0.08012206
v -0.01223321 0.28707227 -0.17689928
v -0.22657086 -0.69510454 0.13162501
v 0.13043253 -0.62031907 0.22721010
v -0.21442162 -0.94332874 -0.05901692
v 0.09105764 0.44923711 -0.07609291
v -0.12949821 -0.57480383 0.22768706
v 0.10180849 0.46140197 -0.05001028
v -0.07913867 -0.44646916 0.24852945
v 0.05539155 -0.19300167 -0.25446942
v -0.22481698 -0.50596642 -0.13452129
v -0.22624540 -0.37370250 0.13216874
v -0.01158995 0.34022024 0.15758617
v -0.07113100 0.64892048 -0.03619536
v 0.08478864 -0.44505993 0.24643664
v -0.22116160 0.14010079 -0.01856896
v 0.18206142 -0.84702009 0.18736868
v 0.04000733 0.83737826 0.04616238
v 0.23834750 0.04551065 -0.03572436
v -0.14175281 0.34926751 -0.06113844
v 0.00626526 -0.48128864 -0.26082695
v 0.09814703 -0.57276344 0.24088460
v -0.22604968 -0.93917876 0.03249003
v 0.19685459 -0.64682436 0.17054002
v 0.24784872 -0.24544579 0.08117426
v 0.07745187 -0.09382217 0.24593246
v 0.03122384 0.68654317 -0.06947149
v 0.17312865 0.22347605 0.09905590
v -0.10834158 0.42560261 -0.06497747
v 0.25986826 -0.86642259 -0.01851817
v -0.07198992 -0.35049674 0.25074232
v -0.14736390 0.36753353 0.01393614
v 0.22505090 -0.47775248 -0.13413848
v -0.02932623 0.24614838 -0.18972406
v -0.25601137 -0.85270381 -0.04640190
v -0.01877359 0.92118722 -0.04660460
v -0.19792973 0.12570970 -0.10795084
v 0.16132368 -0.48130906 0.20400447
v 0.06136673 -0.81014317 0.25314990
v -0.03853416 -0.70349705 0.25726435
v -0.16217901 0.08957849 0.16858184
v -0.24174383 -0.02468482 0.06909440
v 0.14663272 -0.80295771 -0.21525285
v 0.19473350 -0.94273794 -0.10872203
v -0.12145341 0.11901291 -0.19190758
v -0.09847426 -0.31778669 0.24076694
v -0.07090259 -0.50669438 0.25103787
v 0.25685319 -0.51282954 0.04214183
v -0.22754319 -0.06318299 -0.11575689
v 0.05821239 0.74236584 -0.04102547
v -0.11844825 0.24534115 -0.15107550
v -0.19037089 0.10018309 0.13085455
v 0.03972428 -0.85302389 0.25708914
v 0.17039807 -0.72144908 -0.19697216
v 0.12805325 -0.45095274 0.22831643
v -0.10816224 -0.13853756 -0.23551299
v -0.11209167 0.04000996 -0.21468711
v -0.21258990 0.14123227 0.06446245
v -0.14704208 -0.93727100 -0.18098810
v 0.08344050 0.56859142 -0.02930394
v 0.06502743 0.72341001 0.03195567
v -0.08426198 0.36868799 0.12094997
v -0.05470803 0.38288954 -0.13127336
v 0.26075232 -0.75352174 0.00604401
v -0.00645641 0.94735885 0.01765695
v 0.19767229 -0.93919539 0.11754092
v -0.24643327 -0.89777565 0.08130292
v 0.24401522 -0.39948744 0.09069175
v -0.25899380 -0.88874978 -0.02233369
v 0.26115137 -0.30973658 -0.00003612
v 0.06942486 0.35179257 -0.13711104
v 0.22573730 -0.19125459 -0.13294123
v 0.05271591 0.70468444 0.05330336
v -0.16998364 0.23369525 -0.09836458
v -0.03276285 -0.26686198 -0.25825813
v -0.12718126 -0.23760344 0.22874875
v 0.13760020 -0.94756186 0.12861660
v 0.19924979 -0.18046081 0.16729626
v 0.21333383 -0.05515958 -0.13834853
v -0.07393236 0.40215772 -0.11364877
v -0.08463561 -0.88797975 0.24614568
v 0.11661564 0.38676077 -0.07988167
v -0.02338197 -0.38327470 -0.25943562
v 0.04561818 0.33648095 0.15266742
v 0.24085896 -0.00353370 -0.06182899
v 0.13615850 -0.69408262 -0.22360370
v 0.02945274 -0.76928735 0.25858223
v 0.09520804 0.50775522 0.01852828
v 0.10685974 -0.22190523 0.23715915
v 0.22601347 -0.64297569 -0.13256499
v 0.04273425 0.93540192 -0.01294527
v 0.07603487 0.68081957 0.01336727
v 0.20789318 0.06838277 -0.11593700
v -0.18501869 -0.85451537 -0.18473381
v 0.15472506 0.27010849 -0.09910069
v -0.04217313 0.85569859 -0.04217334
v 0.01334625 0.48161319 0.10530151
v -0.07435727 0.23032905 0.18225810
v -0.25870043 -0.55667418 0.02933784
v 0.07157872 -0.73637873 -0.25086808
v 0.17630057 -0.42968506 -0.19238512
v -0.12005784 -0.26260379 -0.23172262
v -0.08099232 -0.61843729 0.24791017
v -0.13395253 -0.45008513 0.22513416
v 0.13356596 0.39998648 -0.02664396
v -0.22664452 -0.51910800 0.13145888
v 0.18440160 -0.53360122 0.18543801
v 0.14158940 -0.47451702 -0.21940230
v 0.18444496 -0.16637820 -0.18484819
v -0.05754596 0.84176534 -0.01984711
v -0.02174967 -0.10999744 -0.25730255
v -0.07940453 -0.59927422 -0.24842502
v 0.06662523 -0.13918868 -0.25116253
v -0.22338939 -0.13350943 0.13414836
v 0.17976910 0.24803948 0.06425133
v 0.02549930 0.29977176 -0.17073050
v -0.14865141 0.14739549 -0.16300583
v -0.07797851 -0.29880914 -0.24895801
v -0.18811385 0.18154721 0.09678200
v 0.20970866 -0.03948041 0.14101170
v -0.07852390 0.30509898 -0.15184925
v -0.05137783 0.43617606 -0.11139182
v 0.00959395 0.52374315 0.09322251
v 0.05203297 0.89366698 0.01444290
v 0.25275117 -0.04762316 0.01896330
v 0.00466300 -0.48527101 0.26081699
v -0.12724407 -0.94206995 -0.18366279
v -0.07591276 -0.40598571 -0.24957232
v 0.10598293 0.12343954 0.19952592
v 0.04674343 0.81820446 0.04184231
v 0.08314350 -0.82445389 -0.24699357
v -0.09430297 0.49045217 0.04129228
v 0.14591600 -0.38982323 0.21586522
v -0.01965152 0.54379159 0.08905259
v -0.03005528 0.40426829 0.13123909
v 0.13503003 -0.44034851 -0.22438431
v 0.05540713 0.51583457 -0.07798596
v 0.04952721 0.68562347 0.05901998
v 0.18067764 -0.04895085 0.17884849
v -0.02890129 -0.71379375 -0.25866988
v -0.25229537 -0.25513068 0.06671462
v -0.25442356 -0.07233531 -0.02458668
v 0.10021947 -0.79960918 0.23994480
v 0.24793108 0.00453235 -0.00575117
v 0.07173381 0.58344984 -0.04972404
v -0.18615399 -0.47298568 -0.18364657
v 0.18402414 -0.93649149 0.14565071
v -0.07626893 0.61262757 0.03645514
v -0.25177941 -0.56266904 -0.06851165
v 0.06404755 -0.13870993 0.25173587
v -0.24632789 -0.74511433 0.08504874
v -0.15301828 -0.41205782 -0.21038944
v 0.13106911 0.02662444 -0.20668830
v 0.25766981 -0.19578159 -0.03586171
v 0.22523811 -0.25064984 0.13383129
v 0.09758797 -0.69483012 -0.24112497
v 0.16248332 -0.64782000 -0.20313947
v 0.06473553 -0.24906848 0.25256151
v -0.25975558 -0.74782372 -0.02004741
v -0.22560139 -0.81877851 -0.13323395
v -0.13435176 -0.17149323 -0.22461003
v 0.25786674 -0.09790900 -0.00553039
v -0.01329479 0.27984217 0.17944084
v -0.04089943 -0.88676530 0.25654435
v 0.16452201 0.11111856 0.15935597
v 0.18207079 -0.09800543 -0.18323107
v 0.24609457 -0.05731795 0.06735902
v -0.10316363 0.38267279 -0.09828620
v -0.11198215 -0.94760376 0.14241034
v -0.18956040 -0.84648252 0.17959507
v -0.13347515 0.01273785 0.20762491
v -0.16599119 0.20446658 -0.12029353
v -0.17129338 -0.40531003 0.19629066
v -0.08189377 0.33140996 -0.13869528
v 0.16984469 0.06694165 0.16771568
v 0.12798263 -0.65694904 -0.22841302
v 0.25782529 -0.57483011 0.03561213
v 0.13626108 0.39936787 -0.00071857
v 0.15928172 0.33461452 0.01399281
v 0.02241332 0.70053262 0.07135192
v -0.02591219 0.43752804 -0.11960944
v 0.06175630 -0.93912423 0.22138216
v 0.18936935 0.24091056 -0.04103237
v 0.26073429 -0.81829172 -0.00544639
v 0.17940794 0.23377700 -0.07889307
v -0.09429381 0.16027692 0.19544114
v -0.16331348 -0.06098400 0.19548005
v 0.03725303 0.16917518 -0.21155801
v -0.25824252 -0.68660772 -0.03259281
v -0.17885986 0.28197426 -0.00939798
v 0.04586654 0.70458949 -0.05919180
v 0.04680448 0.37359133 0.13786550
v -0.15261561 0.30501401 0.07685350
v -0.02317231 -0.42813015 0.25951245
v 0.22672985 -0.28829870 0.13133286
v -0.21813244 -0.80960017 0.14305836
v -0.18868577 -0.62072319 -0.18060847
v -0.00564499 -0.86088628 -0.26064813
v 0.22617398 -0.77105886 -0.13226937
v 0.25074610 -0.24113564 -0.07196046
v -0.18535261 -0.73198652 0.18436334
v -0.01475191 0.89385468 -0.05182617
v -0.22513112 -0.93523717 -0.07334931
v 0.07584796 0.31549957 -0.14851566
v 0.07664715 -0.94717485 0.18570989
v 0.07565128 0.16145377 -0.20314990
v -0.22554964 -0.28801465 0.13337572
v 0.19094208 -0.64688408 -0.17798188
v 0.24040015 0.05011858 0.01232915
v -0.00826834 -0.05322054 -0.25427100
v -0.11692882 -0.85450542 -0.23292661
v -0.17652421 0.03661375 -0.16755590
v 0.01891924 0.89368314 -0.05008965
v 0.18829505 -0.49770954 0.18122838
v -0.14301956 -0.79791939 -0.21816754
v 0.18130349 -0.00228755 0.17014579
v 0.08078606 0.23920643 0.17655782
v 0.09673542 -0.16521476 0.24113056
v -0.24793412 -0.13499735 0.07783249
v -0.18466125 -0.02867913 0.17129195
v 0.18473995 -0.53437924 -0.18515205
v -0.00029773 -0.30067363 -0.26086771
v -0.12828676 0.33096424 -0.09799117
v -0.01988917 0.94691098 -0.01238229
v 0.13445255 -0.51730108 0.22481786
v -0.24812813 -0.84743971 0.07996765
v -0.19239774 -0.11857823 0.17319757
v -0.24687864 -0.86848778 -0.08377337
v -0.23876347 -0.91888273 0.07918978
v -0.22680315 -0.58122504 -0.13117214
v 0.26061073 -0.20165744 0.00889195
v 0.15441738 -0.05937158 -0.20208007
v 0.14560233 -0.36194292 -0.21603180
v 0.06332579 -0.48150611 0.25287670
v -0.25943282 -0.49810189 0.02333924
v -0.06423505 0.66753298 -0.04389979
v -0.18964553 0.25041202 0.01738096
v -0.20009579 0.04741637 -0.13391620
v 0.23811759 -0.92003381 0.07947350
v 0.18363868 -0.60931021 -0.18619792
v -0.24817647 -0.66579139 -0.08019193
v 0.22642201 -0.62868577 0.13185272
v 0.02858924 0.33099705 -0.15850237
v -0.18766426 0.19809154 -0.08655519
v -0.17632881 -0.94688141 0.10514121
v -0.18854599 -0.21477060 0.18095498
v -0.16497888 -0.34136367 0.20119876
v -0.06914088 0.56425387 -0.05566340
v -0.08008606 0.57804310 -0.03534362
v 0.09738754 0.44746873 0.06782317
v -0.10519512 -0.07367309 -0.23299593
v 0.07658506 0.63411242 -0.02967107
v -0.01868533 0.64864385 0.07859220
v 0.06078232 0.44238803 0.10362370
v 0.11460262 -0.04850885 -0.22651716
v 0.02758173 0.74247056 -0.06473742
v 0.09410380 0.40411896 -0.09685993
v 0.07922505 -0.62253320 -0.24850629
v 0.13195717 -0.61886758 -0.22633678
v 0.22626725 -0.59095085 0.13213010
v 0.23146433 -0.02218506 0.09602295
v 0.25807360 -0.71943444 -0.03345816
v 0.13813093 -0.40035468 -0.22212197
v -0.17733215 0.15616925 0.12691848
v -0.02853797 0.59041083 0.08132099
v 0.19652675 -0.91976684 0.15610155
v 0.18842931 -0.68919837 0.18097101
v -0.12768139 0.11763303 0.18809798
v 0.06459406 0.78016728 0.01420093
v -0.22542807 -0.17475675 0.13324574
v -0.22648020 -0.18900514 -0.13163088
v -0.04318777 -0.94574434 0.21149571
v -0.04179361 0.30716380 -0.16464485
v 0.03916514 0.70161659 0.06348473
v 0.12595077 0.42665339 -0.00950233
v 0.03434255 -0.52493221 0.25801161
v 0.10662128 -0.94742215 -0.16378458
v -0.01580929 -0.07534172 0.25559741
v 0.18528268 -0.34609583 0.18453637
v 0.07395400 0.67997164 -0.02294901
v -0.03157151 -0.18576708 0.25829670
v 0.00506729 0.75190681 0.06906314
v 0.05495964 0.87640482 -0.01056481
v -0.25013480 -0.44885287 -0.07434645
v -0.25948787 -0.37420771 0.02321611
v -0.13907975 -0.54548824 0.22129799
v -0.01409429 0.76426864 0.06636165
v 0.01542594 0.57513100 0.08627909
v 0.01173144 0.25887555 0.18710089
v 0.02204330 -0.71519405 -0.25959826
v -0.23890729 -0.93371505 0.00481895
v -0.03210761 0.12020104 -0.22451936
v -0.17047530 0.23168592 0.09894694
v -0.19802542 0.22283989 -0.02115474
v 0.06920728 0.60949558 0.04736307
v -0.13211842 -0.82077599 0.22623111
v 0.15125594 0.23971076 -0.12120917
v 0.07236772 -0.61420792 0.25062430
v 0.25745383 -0.45849338 0.03788003
v -0.13154563 -0.56300557 -0.22659370
v -0.07074356 -0.81327188 -0.25102991
v -0.25841334 -0.74974585 0.03156784
v -0.06548326 0.19660884 0.19664238
v 0.02611083 0.94638103 0.00500530
v -0.13969219 0.38572252 -0.02091968
v -0.05378335 0.65492821 -0.05933215
v -0.18831183 -0.49727869 0.18128142
v 0.22733475 -0.91942537 0.10833819
v 0.24617645 -0.52387124 -0.08536258
v 0.25221267 -0.56745815 -0.06694810
v 0.18453127 -0.68489653 -0.18522176
v -0.18212701 -0.94759011 0.04782129
v 0.26082978 -0.42491812 0.00158936
v 0.00504696 -0.94748014 0.19422488
v -0.24163598 0.03746790 -0.02134741
v 0.06915195 -0.42681691 -0.25142837
v -0.22817236 -0.92822659 0.09106121
v -0.01450235 0.77997786 -0.06465758
v 0.22636907 -0.21289556 0.13198203
v -0.18960977 -0.88208997 0.17919670
v -0.22615492 -0.70450097 -0.13235097
v 0.18332413 -0.06141580 -0.17767642
v -0.08926617 0.11842414 0.20867561
v 0.06438462 -0.47382745 -0.25261566
v 0.14747776 0.33746082 -0.05932200
v 0.19003952 -0.73766100 0.17903325
v -0.22430250 -0.91754943 -0.11787719
v -0.12086188 -0.48348251 0.23145264
v 0.22566113 -0.60033184 -0.13320997
v 0.24763526 -0.80762571 0.08156987
v -0.24984245 -0.50560749 -0.07542776
v 0.03807469 -0.71782106 0.25742823
v -0.05365494 0.08457128 -0.22875753
v 0.26075915 -0.54369450 -0.00881411
v -0.26030636 -0.70192379 0.01468626
v 0.04730083 -0.94732237 -0.19285132
v 0.07765135 -0.90901303 0.24550778
v 0.23249236 -0.93688232 0.01439980
v 0.18226913 0.04842563 -0.15742260
v -0.08808938 -0.92301935 -0.23346430
v -0.21607228 0.10178645 -0.07986894
v -0.16593118 0.29649079 0.05212790
v 0.00489338 0.89375615 0.05381120
v 0.20729092 0.02059550 -0.13197441
v 0.03403609 -0.82115716 -0.25801972
v 0.14301018 -0.05665684 0.21023150
v -0.18773779 -0.32816729 -0.18188217
v 0.18554355 -0.42085400 0.18423222
v -0.13621789 0.39957470 0.00178874
v -0.26102757 -0.26804763 0.00248211
v -0.18265811 -0.92831731 0.16460943
v -0.23658232 0.00910076 -0.06987505
v 0.09440263 0.49496123 0.03599508
v 0.13057202 -0.73316365 -0.22712365
v -0.11325657 -0.67292589 -0.23450510
v -0.25972390 -0.47200716 -0.02102871
v -0.06523085 0.64906335 0.04596618
v -0.00444520 0.11173336 0.22861300
v 0.22355947 -0.75667107 0.13623902
v 0.04950980 0.60025877 0.06895121
v 0.09988640 -0.92893642 0.22430080
v 0.00550374 0.07890960 -0.23547328
v -0.03994650 -0.50025833 -0.25705734
v -0.00652426 -0.32566056 0.26082477
v -0.07332777 -0.15124969 0.24980715
v -0.03771533 -0.56594986 -0.25739220
v 0.02589460 -0.62677175 -0.25918353
v 0.13481127 0.37118742 -0.05772140
v 0.13655365 -0.58162147 -0.22333287
v 0.04748541 0.46719769 0.10062172
v -0.13088274 -0.21527499 -0.22695646
v -0.12356165 -0.06758296 0.22398229
v 0.21391323 -0.94597203 -0.00442470
v 0.08358166 0.54131120 -0.03624871
v -0.01246225 0.01775863 0.24575087
v 0.20067421 0.11307202 -0.10922015
v -0.06686088 -0.94748527 0.18269938
v -0.22614388 -0.77037859 0.13230745
v 0.19592914 0.23310061 -0.00521289
v -0.01727906 -0.74605244 0.26013935
v 0.18632875 -0.23031408 0.18342958
v -0.25335532 -0.17564921 -0.06027133
v -0.03594566 -0.43917334 -0.25766009
v 0.25796700 -0.78075594 -0.03448276
v 0.10202099 0.07941983 0.21207954
v -0.14184922 0.22219682 0.14075243
v -0.22734718 -0.27777255 -0.13017958
v 0.25466606 -0.14500031 -0.05022364
v 0.07649165 0.20134069 0.19119616
v 0.09234115 0.23633540 -0.17238501
v 0.00433914 -0.92833275 0.24609224
v -0.25904983 -0.43562794 0.02659676
v -0.17130791 -0.02330052 -0.18378308
v 0.21808030 0.14919993 -0.02598845
v 0.08274665 -0.34252787 0.24717629
v -0.00030131 0.15872188 0.21755806
v -0.22713378 -0.54351121 -0.13060543
v -0.21294087 -0.94520104 0.04493227
v -0.22638893 -0.21304594 0.13194343
v 0.06313197 0.57115632 0.06149138
v 0.21149075 0.11484762 0.08457168
v -0.22420847 -0.74116510 -0.13545115
v 0.24941832 -0.60250360 0.07663890
v -0.19914611 -0.54662561 0.16763021
v 0.03514199 0.75883079 -0.06012544
v -0.07894859 -0.39786282 0.24861808
v 0.23091201 0.09980166 -0.01270477
v -0.24927150 -0.53706414 0.07693832
v 0.16451670 0.30515665 -0.04476997
v 0.25284246 -0.29903066 -0.06396769
v 0.24139437 -0.10420092 0.09029239
v -0.17140985 -0.53842604 -0.19619197
v -0.22483943 -0.85460180 -0.13443975
v -0.18990064 0.21810828 0.06639182
v -0.22536404 -0.66678828 -0.13362306
v -0.25440586 -0.89903164 -0.04667570
v -0.06587590 0.74258322 -0.02371207
v -0.09452032 0.47193423 0.05650594
v 0.07554214 -0.94759238 -0.17288886
v -0.07702216 -0.72037494 0.24914987
v -0.24453330 -0.04378953 -0.06733958
v -0.24948701 -0.19667085 0.07634579
v -0.00351848 0.79617691 -0.06410018
v 0.18115428 -0.94759184 0.03938100
v -0.12350349 0.25974888 0.14111978
v 0.22617516 -0.66703224 0.13226812
v -0.25943869 -0.31745145 0.02393283
v -0.19423236 -0.39919841 0.17390454
v -0.22783130 0.09917825 -0.04044537
v 0.01772017 0.45640922 0.11433965
v 0.20519777 -0.88044536 0.15967663
v 0.03927962 -0.52121890 -0.25716764
v -0.19662075 -0.60325617 0.17086597
v 0.00151134 -0.21194361 -0.26094419
v 0.17366743 0.09859949 -0.15313946
v 0.08404622 -0.29384395 0.24670367
v 0.05585159 0.26609609 0.17629191
v -0.02910136 0.06252827 0.23634206
v 0.08043117 -0.33275017 -0.24810106
v 0.17020674 0.01985816 -0.17736769
v -0.17945935 -0.28373134 0.18996444
v -0.18510804 0.25811183 -0.03127818
v -0.03088080 -0.61866117 -0.25846377
v 0.04157881 0.20469433 -0.20046112
v 0.18559442 -0.80001462 -0.18413839
v 0.08396192 -0.52508581 0.24672318
v -0.20563598 0.18010837 -0.05388733
v 0.13456276 -0.54335278 -0.22475973
v 0.21463333 -0.27900833 -0.14745560
v -0.02274627 -0.64652753 0.25949669
v 0.13763312 0.29063782 0.10974211
v 0.25670660 -0.44661909 -0.04252276
v 0.19396484 -0.30833393 0.17425467
v 0.05955835 0.29626444 -0.16341016
v 0.13391389 -0.20165081 0.22511844
v -0.25171316 -0.60182303 0.06899066
v -0.06467596 -0.90558100 0.24981982
v -0.06168125 0.64708501 -0.05228118
v 0.21918002 0.11856072 -0.06041564
v -0.15159501 0.26192635 -0.10850281
v 0.22583066 -0.56276315 -0.13291830
v -0.12514955 -0.41139698 -0.22964257
v 0.06128909 0.82083076 -0.01028534
v 0.06348403 -0.19612126 0.25276747
v -0.18883300 -0.31561041 0.18058042
v -0.07265721 -0.10334034 0.24812238
v -0.24747075 0.00130979 0.01815186
v -0.18146779 -0.11530122 -0.18521175
v 0.02543368 0.61188507 -0.07966418
v 0.15949230 -0.94757116 0.09932546
v 0.13042717 -0.82786238 0.22714594
v -0.21229795 -0.08369843 0.14389175
v -0.07751414 -0.35524663 -0.24902356
v -0.05733964 0.55410379 -0.06914318
v -0.08618374 -0.81438941 0.24584818
v -0.05372251 -0.29818910 0.25481871
v -0.24590008 -0.22005536 -0.08624124
v 0.18720490 -0.78131288 0.18243475
v -0.13622074 -0.85483062 0.22349459
v 0.14837217 0.36653590 0.00148062
v -0.09537937 0.51157284 -0.00740212
v 0.15674047 0.13787904 -0.15881279
v 0.08360755 -0.71855932 0.24689087
v -0.05665613 -0.01391040 0.24361633
v 0.07648032 0.60488969 -0.03783541
v 0.10871971 0.47473031 -0.00243250
v -0.22129230 -0.14412844 -0.13780802
v -0.06203003 0.27208737 -0.17217885
v -0.14536795 -0.49928230 -0.21627171
v -0.06695905 -0.65758741 -0.25209063
v -0.24883351 -0.30810553 0.07828577
v -0.17420286 0.29072288 0.02426301
v 0.07526930 -0.76356375 0.24968205
v 0.24841067 -0.70775205 -0.07952289
v -0.19541790 -0.94515246 -0.09670340
v 0.02985039 -0.64971060 0.25857961
v 0.13962372 -0.35292947 0.22091840
v -0.00090234 -0.27053270 0.26099530
v -0.07479231 0.07310678 0.22444548
v -0.25134212 -0.70010668 0.06997041
v -0.03910165 -0.47515121 0.25721627
v -0.16172995 -0.88722819 -0.20333396
v -0.01434623 -0.81180710 -0.26022571
v -0.03693216 -0.59580654 0.25751638
v 0.11442368 -0.03044360 0.22439481
v -0.21906850 0.02815227 -0.10661817
v -0.12032922 0.08082704 0.20239803
v -0.05259772 -0.94756287 -0.18095976
v -0.06424057 -0.07672090 -0.24845813
v 0.08487475 -0.84871644 0.24638319
v -0.18662134 -0.44028187 -0.18312810
v -0.13806218 -0.65797442 -0.22206162
v -0.00925077 0.86023426 0.05738208
v 0.22757277 -0.31735262 -0.12976938
v -0.08782969 0.37634254 -0.11516248
v -0.01455015 0.59605998 -0.08428805
v -0.17176288 0.01423053 0.17696404
v 0.17197368 0.27121639 -0.06349247
v 0.08927303 -0.91566420 -0.23683676
v -0.20032968 0.01435123 0.14285666
v -0.22467482 -0.02131168 -0.11139699
v 0.01111244 -0.59907180 0.26055577
v 0.19551972 0.03846101 0.14300868
v 0.22976755 0.03159487 0.08121521
v 0.12589297 0.27167952 -0.13394140
v -0.05194770 0.89373696 -0.01473657
v -0.20347549 0.18241656 0.05824626
v 0.01513857 -0.15536730 -0.25971222
v -0.08736895 0.26088730 0.16506527
v -0.14626656 -0.94760656 -0.09724411
v 0.14722678 -0.28213474 -0.21479595
v -0.03863616 -0.76804429 -0.25726691
v -0.22713873 -0.10484642 -0.12385938
v -0.25885493 -0.36026278 -0.02873517
v -0.09095578 0.31310827 0.14102797
v 0.15083246 0.17200476 -0.15323403
v -0.13245966 -0.27907687 0.22606523
v 0.25771254 -0.90071809 -0.01698665
v 0.03239552 -0.43663195 0.25830296
v -0.22131093 0.00511941 0.10997876
v -0.05586303 0.16165665 -0.21036644
v 0.01570927 -0.16635267 0.25988436
v -0.17444976 -0.06466582 -0.18661536
v 0.25169557 -0.35016853 -0.06904905
v 0.21190445 0.00612930 0.12808542
v -0.04251117 0.91435015 -0.03265264
v 0.24707262 -0.46198347 0.08303342
v 0.19536008 0.17254815 0.08690759
v 0.24673675 -0.18950833 -0.08384474
v -0.15119855 -0.69161105 -0.21179125
f 1002 414 790
f 414 56 790
f 790 8 1002
f 790 56 827
f 1076 583 800
f 800 414 1076
f 414 800 56
f 1159 471 1271
f 936 1271 181
f 1271 471 1653
f 1271 1653 181
f 936 153 1271
f 767 181 1369
f 767 936 181
f 767 1369 545
f 545 9 1200
f 1200 767 545
f 1455 181 1653
f 1369 181 1455
f 1369 1455 1363
f 1363 545 1369
f 545 1363 442
f 442 9 545
f 699 342 255
f 699 255 1777
f 1777 255 352
f 1159 352 471
f 1159 1777 352
f 480 442 1363
f 1945 255 757
f 1945 352 255
f 118 352 1945
f 118 471 352
f 1653 471 118
f 1455 1653 118
f 1455 118 979
f 1455 979 1363
f 967 8 342
f 967 1002 8
f 699 967 342
f 1945 757 218
f 118 1945 218
f 979 118 218
f 480 1363 979
f 8 790 777
f 1135 342 8
f 8 777 1135
f 1135 255 342
f 1135 426 757
f 757 255 1135
f 1980 218 426
f 218 757 426
f 777 790 827
f 777 827 631
f 426 777 631
f 426 1135 777
f 770 1002 967
f 1216 770 967
f 1863 1544 770
f 1863 770 1216
f 1610 1544 1863
f 972 1544 1610
f 1062 972 1610
f 1062 884 972
f 213 1076 414
f 414 1002 770
f 770 213 414
f 213 770 1544
f 1952 88 583
f 1076 1952 583
f 1952 1076 213
f 1952 213 1544
f 494 1952 1544
f 809 494 1544
f 972 809 1544
f 1665 809 972
f 884 1665 972
f 884 953 1665
f 936 767 1866
f 1866 153 936
f 1519 1866 1200
f 1866 767 1200
f 1200 9 377
f 377 1519 1200
f 1866 1678 153
f 1485 1678 1866
f 1485 1866 1519
f 1011 1485 1519
f 1485 1351 1678
f 1124 1351 1485
f 1124 1485 1011
f 270 1351 1124
f 270 1124 1609
f 1777 1159 1010
f 1010 1416 1777
f 1159 1271 153
f 1010 1159 153
f 1678 1010 153
f 1678 1416 1010
f 1678 1863 1416
f 1351 1863 1678
f 1610 1863 1351
f 1610 1351 1035
f 270 1035 1351
f 1216 967 699
f 1416 699 1777
f 1416 1216 699
f 1216 1416 1863
f 1062 1610 1035
f 1852 884 1062
f 884 1852 1056
f 1771 1056 1852
f 1335 1056 1771
f 1335 1771 1865
f 1865 799 1335
f 799 1865 1061
f 1061 1647 799
f 1647 1255 799
f 805 953 884
f 805 884 1056
f 2000 805 1056
f 2000 1056 1335
f 799 2000 1335
f 1962 2000 1255
f 1255 2000 799
f 1343 270 1609
f 1639 1343 1609
f 1785 1639 1609
f 1639 1691 1343
f 1283 1691 1639
f 786 1283 1639
f 1283 589 1691
f 1343 1035 270
f 1852 1035 1343
f 1771 1852 1343
f 1691 1771 1343
f 1865 1771 1691
f 1061 1865 1691
f 589 1061 1691
f 1852 1062 1035
f 1647 1061 1308
f 317 1308 1680
f 1461 317 1847
f 1461 444 317
f 1123 1596 1461
f 1596 444 1461
f 1308 1444 1647
f 317 1862 1444
f 317 1444 1308
f 444 1862 317
f 285 1255 1444
f 1255 1647 1444
f 1862 1750 1444
f 1939 1862 444
f 1596 1939 444
f 760 1939 1596
f 589 1283 1599
f 1599 1283 1401
f 1599 1401 1277
f 1781 1599 1277
f 1806 1781 1277
f 1734 1781 1806
f 589 1680 1061
f 1599 1680 589
f 1599 1847 1680
f 1781 1461 1847
f 1847 1599 1781
f 1123 1461 1781
f 1734 1123 1781
f 1680 1308 1061
f 1847 317 1680
f 1324 1961 1123
f 1961 1596 1123
f 15 1385 1324
f 1385 1961 1324
f 1014 771 15
f 771 1385 15
f 100 1797 1014
f 1797 771 1014
f 1961 760 1596
f 1602 760 1961
f 1602 1961 1385
f 771 1602 1385
f 961 1602 771
f 974 1132 961
f 1797 961 771
f 1797 974 961
f 446 1734 1806
f 1114 1734 446
f 1984 1114 446
f 1024 1114 1984
f 427 1024 1984
f 1734 1324 1123
f 1114 15 1324
f 1114 1324 1734
f 1014 15 1114
f 1024 1014 1114
f 1024 100 1014
f 968 1797 100
f 44 968 1837
f 44 1333 968
f 26 1333 44
f 26 1721 1937
f 607 26 1937
f 974 1797 968
f 26 1264 1333
f 607 1264 26
f 974 968 1333
f 1190 974 1333
f 1190 1333 1264
f 1264 1821 1190
f 1611 1264 607
f 857 1024 427
f 1800 857 427
f 1306 857 1800
f 1306 1927 857
f 1832 1927 1306
f 1832 1306 578
f 857 1837 100
f 857 100 1024
f 44 1837 1927
f 1927 1837 857
f 1721 44 1927
f 1832 1432 1927
f 1432 1721 1927
f 1432 1937 1721
f 1837 968 100
f 1721 26 44
f 1918 607 1937
f 346 1918 1937
f 1437 1993 346
f 346 1993 1918
f 1843 1993 1437
f 926 1843 1437
f 1388 1611 607
f 1388 607 1918
f 1215 1388 1918
f 1993 1215 1918
f 1230 1432 1832
f 1832 578 1230
f 1230 1094 1432
f 1592 1094 1230
f 1230 1032 1592
f 1592 1871 1094
f 14 1871 1592
f 14 1592 333
f 1983 1937 1432
f 1983 1432 1094
f 1094 1499 1983
f 1871 1499 1094
f 1971 1499 1871
f 1802 1971 1871
f 14 1802 1871
f 346 1937 1983
f 1499 346 1983
f 1971 1437 1499
f 926 1437 1971
f 346 1499 1437
f 1509 800 667
f 1509 56 800
f 827 56 1509
f 489 827 1509
f 827 489 631
f 198 869 667
f 583 198 667
f 583 667 800
f 1577 667 869
f 1509 667 1577
f 489 1577 843
f 489 1509 1577
f 513 869 1036
f 1577 869 513
f 1577 513 843
f 973 714 198
f 1036 869 198
f 714 1036 198
f 724 513 461
f 843 513 724
f 851 714 1790
f 461 513 1036
f 1036 714 851
f 461 1036 851
f 461 449 1958
f 724 461 1958
f 531 1790 251
f 851 1790 531
f 449 851 531
f 449 461 851
f 251 1790 175
f 1958 449 804
f 531 251 393
f 804 531 393
f 449 531 804
f 202 251 175
f 202 393 251
f 1958 804 319
f 319 804 393
f 319 393 920
f 920 393 202
f 202 981 920
f 1441 319 1167
f 1441 1958 319
f 981 207 49
f 49 920 981
f 1167 319 49
f 319 920 49
f 631 489 1448
f 426 631 1448
f 979 218 1980
f 489 843 1448
f 1980 426 1448
f 724 1448 843
f 480 979 1980
f 1448 724 1980
f 1441 724 1958
f 88 198 583
f 1952 494 88
f 88 83 973
f 88 973 198
f 494 83 88
f 1661 83 494
f 1661 494 809
f 1165 1661 809
f 1165 809 1665
f 953 1165 1665
f 192 714 973
f 83 192 973
f 1661 192 83
f 953 1249 1165
f 1790 714 192
f 175 1790 192
f 1329 175 192
f 1329 192 1661
f 1165 1329 1661
f 1751 1329 1165
f 1249 1751 1165
f 224 202 175
f 1329 224 175
f 745 224 1329
f 745 1329 1751
f 1249 1982 1751
f 224 981 202
f 292 981 224
f 745 292 224
f 1751 1953 745
f 1953 1751 1982
f 292 207 981
f 1648 292 745
f 1648 745 1953
f 1274 1953 1982
f 2000 239 805
f 1255 1336 1962
f 285 1336 1255
f 1805 239 2000
f 1962 1805 2000
f 805 1249 953
f 1805 1962 1336
f 239 1249 805
f 239 437 1249
f 1805 437 239
f 1940 437 1805
f 1336 1940 1805
f 1562 1940 1336
f 1982 1249 437
f 1590 1982 437
f 1940 1590 437
f 1893 1940 1562
f 1940 694 1590
f 1893 694 1940
f 1590 1274 1982
f 1444 1750 285
f 1862 1203 1750
f 1939 1203 1862
f 1939 1067 1203
f 1067 1939 760
f 760 1214 1067
f 1562 1336 285
f 1750 1562 285
f 1203 991 1750
f 1067 1381 1203
f 991 1562 1750
f 1203 1381 991
f 1214 321 1067
f 321 1381 1067
f 1816 1893 1562
f 1816 1562 991
f 1381 1813 991
f 1813 1816 991
f 1813 1381 321
f 321 1833 1813
f 1813 541 1816
f 1816 11 1893
f 1816 541 11
f 1813 1471 541
f 1833 1471 1813
f 974 1087 1132
f 1602 1214 760
f 1602 1912 1214
f 961 1912 1602
f 961 562 1912
f 1132 562 961
f 1132 1923 562
f 1087 1568 1132
f 1912 321 1214
f 1912 1578 321
f 562 1578 1912
f 1923 1578 562
f 1568 1923 1132
f 1578 1833 321
f 1923 1533 1578
f 1038 1533 1923
f 1038 1923 1568
f 1578 1533 1833
f 1285 1471 1833
f 1533 1285 1833
f 1190 1087 974
f 1611 1821 1264
f 1190 1552 1087
f 1821 1552 1190
f 1552 1568 1087
f 1821 1246 1552
f 1611 1154 1821
f 1506 1154 1611
f 1246 1568 1552
f 1154 1246 1821
f 1154 508 1246
f 1525 1568 1246
f 508 1525 1246
f 1154 1266 508
f 1525 1038 1568
f 1525 1672 1038
f 508 1884 1525
f 1884 508 1266
f 635 1215 1993
f 635 1993 1843
f 1394 635 1843
f 1388 1506 1611
f 1701 1388 1215
f 635 1701 1215
f 1388 1701 1506
f 1040 1701 635
f 1394 1040 635
f 929 1154 1506
f 1701 929 1506
f 1959 929 1701
f 1701 1262 1959
f 1262 1701 1040
f 1266 1154 929
f 1959 1561 929
f 1561 1266 929
f 1660 1561 1959
f 1262 1660 1959
f 1561 1978 1266
f 1660 1262 1404
f 459 9 1741
f 435 84 69
f 84 459 1741
f 84 1741 69
f 435 516 226
f 84 435 226
f 283 516 672
f 226 516 283
f 672 1767 1679
f 1679 283 672
f 372 1679 1767
f 859 69 442
f 1741 9 442
f 69 1741 442
f 1473 859 419
f 1473 69 859
f 1473 435 69
f 1848 1473 419
f 1848 516 1473
f 516 435 1473
f 516 1848 524
f 524 672 516
f 672 524 190
f 190 1767 672
f 1767 190 609
f 372 1767 609
f 372 609 665
f 624 372 665
f 466 665 535
f 466 624 665
f 859 442 480
f 524 523 734
f 190 524 734
f 734 523 766
f 95 190 734
f 95 734 766
f 609 190 95
f 817 609 95
f 95 766 817
f 665 609 817
f 535 665 817
f 466 535 1410
f 419 859 480
f 1762 1848 419
f 524 1848 1762
f 523 524 1762
f 766 523 1695
f 1695 673 726
f 766 1695 726
f 817 766 726
f 535 817 726
f 206 535 726
f 419 480 1762
f 673 1695 1360
f 673 108 331
f 331 206 726
f 331 726 673
f 13 833 466
f 13 466 1410
f 1410 535 206
f 1801 1410 206
f 13 1410 1801
f 992 1801 498
f 992 13 1801
f 331 108 595
f 595 432 331
f 432 1801 206
f 432 206 331
f 498 1801 432
f 498 20 1033
f 1033 992 498
f 377 9 459
f 496 459 84
f 377 459 496
f 496 84 226
f 496 226 1085
f 1085 226 283
f 1517 283 1679
f 1085 283 1517
f 1011 1519 377
f 1011 377 496
f 1011 496 776
f 496 1085 776
f 776 1085 1676
f 1676 1085 1517
f 43 1124 1011
f 43 1011 776
f 43 776 1419
f 776 1676 1419
f 1752 1609 43
f 1609 1124 43
f 1752 43 1419
f 1517 1679 372
f 823 1517 372
f 823 372 624
f 823 624 1039
f 1676 1517 823
f 241 823 1039
f 1676 823 241
f 748 1676 241
f 1419 1676 748
f 1601 1419 748
f 1601 748 1828
f 833 624 466
f 624 833 1039
f 636 1039 833
f 241 1039 636
f 1646 748 241
f 1828 748 1646
f 1119 1828 1646
f 636 833 13
f 636 13 1770
f 1620 636 1770
f 241 636 1620
f 1646 241 1620
f 1406 1646 1620
f 1119 1646 1406
f 1770 13 992
f 1770 992 436
f 1620 1770 436
f 343 1406 1620
f 337 1119 1406
f 1261 992 1033
f 1033 1431 1261
f 436 992 1261
f 1620 436 343
f 343 436 1929
f 1406 343 1072
f 1072 337 1406
f 1752 1419 1601
f 1785 1609 1752
f 1601 1950 1752
f 1785 1752 1950
f 786 1639 1785
f 1213 1785 1950
f 1213 786 1785
f 1401 1283 786
f 786 1213 1906
f 339 1601 1828
f 1453 1950 1601
f 1453 1601 339
f 1376 1950 1453
f 1376 1213 1950
f 1213 1376 1112
f 1906 1213 1112
f 339 1828 1119
f 1298 1376 1453
f 1376 1298 1883
f 1112 1376 1883
f 339 1119 1651
f 1314 339 1651
f 1314 1453 339
f 1298 1453 1314
f 1651 1119 337
f 1189 1298 1314
f 951 1298 1189
f 1883 1298 951
f 337 1072 1237
f 1651 337 1237
f 287 1651 1237
f 287 1314 1651
f 287 1189 1314
f 951 1189 1051
f 580 951 1051
f 1401 786 1906
f 1549 1401 1906
f 1549 1277 1401
f 1549 1906 1858
f 1685 1277 1549
f 1685 1549 1858
f 1685 1806 1277
f 720 1685 1858
f 1842 1806 1685
f 720 1842 1685
f 1906 1112 1155
f 1858 1906 1155
f 1556 1858 1155
f 1556 720 1858
f 720 1556 278
f 1155 1112 1883
f 1854 1556 1155
f 278 1556 1757
f 1854 1155 1883
f 1883 1341 1854
f 1757 1556 1854
f 938 278 1757
f 1341 1883 951
f 1429 1854 1341
f 1757 1854 1429
f 1337 938 1757
f 580 1341 951
f 1341 1457 1736
f 1736 1429 1341
f 1211 1429 1736
f 1757 1429 1211
f 1337 1757 1211
f 1357 1842 720
f 446 1806 1842
f 1735 446 1842
f 1842 1357 1735
f 1358 1735 1357
f 1984 446 1735
f 1984 1735 1877
f 1877 427 1984
f 1735 1358 1877
f 1941 1877 1358
f 1357 720 278
f 1368 1357 278
f 1462 1358 1357
f 1462 1357 1368
f 1231 1358 1462
f 1231 1941 1358
f 1368 278 938
f 1878 1462 1368
f 1878 1368 938
f 900 1462 1878
f 900 1231 1462
f 1915 1231 900
f 1623 938 1337
f 1878 938 1623
f 900 1878 1623
f 1915 900 1697
f 1623 1337 1554
f 1697 900 1623
f 1373 1697 1623
f 1800 427 1877
f 1591 1800 1877
f 1591 1877 1941
f 563 1306 1800
f 563 1800 1591
f 1872 563 1591
f 578 1306 563
f 1166 578 563
f 1166 563 1872
f 1669 1166 1872
f 1657 1941 1231
f 1657 1591 1941
f 1591 1657 369
f 1591 369 1849
f 1872 1591 1849
f 1720 1872 1849
f 1720 1669 1872
f 1657 1231 1915
f 1121 1657 1891
f 1657 1915 1891
f 369 1657 1121
f 1696 369 1121
f 1849 369 1696
f 1720 1849 1696
f 1720 1696 1304
f 1442 1720 1304
f 1915 1697 1891
f 1987 1891 1248
f 1891 1697 1248
f 683 1121 1891
f 683 1891 1987
f 1696 1121 683
f 1304 1696 683
f 907 1304 683
f 1304 907 1398
f 1398 1442 1304
f 1166 1230 578
f 1032 1230 1166
f 1669 1032 1166
f 1318 1032 1669
f 333 1592 1032
f 333 1032 1318
f 1492 333 1318
f 1917 14 333
f 1917 333 1492
f 1669 1720 1564
f 1422 1318 1669
f 1422 1669 1564
f 1136 1492 1422
f 1492 1318 1422
f 1492 1136 1990
f 1922 1422 1564
f 1136 1422 1922
f 1970 1990 1136
f 1922 1564 1677
f 1677 1564 1442
f 1564 1720 1442
f 1922 1677 681
f 1670 1136 1922
f 1670 1922 681
f 1970 1136 1670
f 846 1677 1442
f 681 1677 846
f 681 846 1637
f 1637 1670 681
f 1442 1398 846
f 1670 1637 91
f 91 1967 1670
f 523 1762 1360
f 1360 1695 523
f 108 673 1360
f 108 1360 1619
f 480 1980 1762
f 1619 1360 1762
f 1827 1619 29
f 1619 1762 1980
f 453 595 108
f 595 453 1093
f 1093 498 432
f 432 595 1093
f 20 498 1093
f 20 601 1431
f 1033 20 1431
f 108 1619 1185
f 453 108 1185
f 1321 453 1185
f 1093 453 1321
f 1303 1093 1321
f 20 1093 1303
f 601 20 1303
f 1431 601 380
f 593 1321 1185
f 1321 593 922
f 1303 1321 922
f 601 1303 922
f 601 922 707
f 601 707 1325
f 1325 380 601
f 1325 707 965
f 593 1185 1619
f 793 922 593
f 965 707 793
f 707 922 793
f 1325 965 778
f 593 1619 1827
f 793 593 1827
f 793 1827 1225
f 1225 659 793
f 659 965 793
f 431 965 659
f 778 965 431
f 1907 778 431
f 1722 1827 29
f 1722 1225 1827
f 1225 1722 502
f 659 1225 502
f 92 659 502
f 431 659 92
f 87 1907 92
f 1907 431 92
f 779 1722 29
f 945 1722 779
f 502 1722 945
f 306 502 945
f 92 502 306
f 306 548 42
f 87 92 306
f 87 306 42
f 779 29 1764
f 460 945 779
f 417 306 945
f 417 945 460
f 548 306 417
f 1353 1261 1431
f 1353 436 1261
f 1929 436 1353
f 1746 343 1929
f 1072 343 1746
f 1353 1431 380
f 664 1353 380
f 1929 1353 200
f 1072 1746 978
f 1060 1072 978
f 664 380 1325
f 200 1353 664
f 1746 1929 200
f 1746 200 1925
f 1925 978 1746
f 1531 664 778
f 664 1325 778
f 1531 778 1907
f 1531 200 664
f 38 200 1531
f 200 38 1925
f 716 978 1925
f 716 1060 978
f 716 1925 490
f 1614 1907 87
f 1614 1531 1907
f 38 1531 1614
f 1428 490 38
f 490 1925 38
f 1045 87 42
f 1045 1614 87
f 1428 38 1614
f 1359 490 1428
f 1830 490 1359
f 1830 716 490
f 1045 42 548
f 7 1614 1045
f 7 1428 1614
f 1428 1390 1359
f 1237 1072 1060
f 1051 287 934
f 1189 287 1051
f 358 1237 1060
f 358 287 1237
f 934 287 358
f 1553 1051 934
f 580 1051 1553
f 1870 1060 716
f 1870 358 1060
f 1299 358 1870
f 934 358 1299
f 1553 934 1299
f 1490 1870 1830
f 1870 716 1830
f 1490 1299 1870
f 1900 1553 1299
f 1553 1900 1954
f 1900 1299 1490
f 1126 1490 1830
f 1900 1490 1126
f 1972 1954 1900
f 1341 580 1457
f 1337 1211 1554
f 641 1211 1736
f 1778 1211 641
f 1554 1211 1778
f 1457 1206 641
f 1736 1457 641
f 1206 580 1553
f 1457 580 1206
f 641 1206 1497
f 1497 1778 641
f 1778 1497 1459
f 1459 1497 1951
f 1206 1553 1954
f 1497 1206 1332
f 1332 1206 1954
f 1951 1497 1332
f 1954 1972 1332
f 1576 1951 1332
f 1384 1623 1554
f 1373 1623 1384
f 1697 1373 1248
f 1554 1778 1459
f 1384 1554 1459
f 1856 1373 1384
f 1248 1373 1496
f 1856 1384 1459
f 1481 1373 1856
f 1481 1496 1373
f 1496 1481 1926
f 1644 1459 1951
f 1856 1459 1644
f 1856 1644 1374
f 1481 1856 1374
f 1814 1481 1374
f 1926 1481 1814
f 1951 1576 1644
f 1374 1644 23
f 1526 683 1987
f 907 683 1526
f 1987 1248 1496
f 775 1526 1987
f 907 1526 392
f 907 392 1398
f 1987 1496 775
f 1496 1926 775
f 392 1526 775
f 1398 392 1815
f 392 775 1001
f 775 1926 1001
f 392 1001 1731
f 1815 392 1731
f 1001 1926 1948
f 1948 1926 1814
f 611 1001 1948
f 1731 1001 611
f 846 1398 1293
f 1822 846 1293
f 1637 846 1822
f 91 1637 1822
f 91 1822 1146
f 1146 1621 91
f 1293 1398 1815
f 1916 1293 1815
f 1916 1822 1293
f 1241 1822 1916
f 1146 1822 1241
f 1934 1146 1241
f 1019 1916 1815
f 1019 1815 1731
f 1728 1916 1019
f 1241 1916 1728
f 1162 1241 1728
f 1934 1241 1162
f 1731 1992 1019
f 68 1843 926
f 1662 68 926
f 744 68 1662
f 172 744 1662
f 1082 172 400
f 1802 1956 1971
f 1917 1765 14
f 1765 1802 14
f 1100 1802 1765
f 1100 1765 1879
f 1879 1765 1417
f 1466 1879 1417
f 1956 926 1971
f 1956 1802 1100
f 22 1688 1956
f 22 1956 1100
f 1791 22 1100
f 1879 1791 1100
f 1348 1791 1879
f 1348 1879 1466
f 1688 1662 926
f 1956 1688 926
f 400 1688 22
f 1487 400 22
f 1791 1487 22
f 1348 1487 1791
f 172 1662 1688
f 400 172 1688
f 743 1082 400
f 1487 743 400
f 1305 743 1487
f 1567 1082 743
f 1897 1348 1466
f 1897 1466 174
f 1305 1487 1348
f 1897 1305 1348
f 1897 1694 1305
f 237 1694 1897
f 1897 174 1744
f 237 1897 1744
f 1305 388 743
f 1622 388 1305
f 1622 1305 1694
f 1524 1622 1694
f 1524 1694 237
f 1892 237 1744
f 107 1524 237
f 1892 107 237
f 1091 107 1892
f 1091 1892 1640
f 388 1567 743
f 1008 1622 1524
f 1910 1008 1524
f 107 1910 1524
f 1173 1910 107
f 1173 107 1091
f 103 1091 1640
f 656 1173 1091
f 656 1091 564
f 999 564 103
f 564 1091 103
f 999 751 564
f 1394 1843 68
f 68 744 1394
f 1082 415 744
f 1082 744 172
f 1082 1495 415
f 1507 1394 744
f 415 1507 744
f 1495 1082 1567
f 1567 1365 1495
f 1507 1040 1394
f 1495 727 415
f 1507 808 1040
f 415 727 1507
f 727 808 1507
f 731 727 1495
f 1365 731 1495
f 808 1262 1040
f 727 1783 808
f 731 1783 727
f 808 1404 1262
f 1783 511 808
f 1742 1783 731
f 1991 1742 731
f 808 511 1404
f 1812 511 1783
f 1812 1783 1742
f 388 1151 1567
f 1151 1365 1567
f 1383 1365 1151
f 1383 940 1365
f 1501 450 1383
f 1365 940 731
f 1383 964 940
f 450 964 1383
f 450 1501 1443
f 940 1991 731
f 1443 1938 450
f 1571 1938 1443
f 964 623 940
f 623 1991 940
f 1938 1484 964
f 1938 964 450
f 1571 1723 1938
f 912 1742 1991
f 623 912 1991
f 1484 623 964
f 1938 1452 1484
f 1723 1452 1938
f 623 1099 912
f 1099 623 1484
f 1622 1151 388
f 1622 1008 1151
f 1910 868 1008
f 1169 868 1910
f 1173 1169 1910
f 1383 1151 1008
f 1383 1008 1501
f 868 1501 1008
f 1443 1501 868
f 1169 1257 868
f 1257 1443 868
f 41 1723 1571
f 41 1016 1723
f 1723 1016 1452
f 656 1169 1173
f 1673 1169 656
f 564 1470 656
f 1470 1673 656
f 751 1470 564
f 594 409 1470
f 594 1470 751
f 594 751 1755
f 1799 1018 1755
f 1673 1257 1169
f 1673 756 1257
f 1470 1111 1673
f 1470 409 1111
f 594 890 409
f 1755 1018 594
f 159 890 594
f 159 594 1018
f 1799 420 1018
f 1128 1479 159
f 1128 159 1018
f 420 1128 1018
f 1147 76 1128
f 1147 1128 420
f 1111 756 1673
f 1618 1965 756
f 1111 1618 756
f 890 1618 409
f 1618 1111 409
f 1446 1618 890
f 1479 1446 890
f 1479 299 1446
f 1479 890 159
f 225 299 1479
f 408 1479 1128
f 408 225 1479
f 76 408 1128
f 1571 1443 1257
f 1624 1571 1257
f 756 1624 1257
f 756 927 1624
f 1965 927 756
f 1530 1965 1618
f 1446 1530 1618
f 271 1530 1446
f 299 271 1446
f 1226 271 299
f 225 1226 299
f 1624 41 1571
f 1513 927 1965
f 1530 1513 1965
f 927 41 1624
f 927 1513 41
f 1530 898 1513
f 271 898 1530
f 271 1572 898
f 1226 1572 271
f 1513 1281 41
f 1513 898 1281
f 1572 1631 898
f 1572 261 1631
f 1016 41 1281
f 898 1142 1281
f 898 871 1142
f 1438 871 898
f 1631 1438 898
f 408 575 225
f 1242 408 76
f 723 76 1147
f 1242 76 723
f 1931 425 723
f 425 1242 723
f 575 188 1226
f 575 1226 225
f 661 188 575
f 245 661 575
f 575 408 1242
f 245 575 1242
f 519 661 245
f 425 245 1242
f 425 519 245
f 923 519 425
f 923 687 519
f 923 425 1931
f 189 923 1931
f 798 687 923
f 798 329 687
f 798 923 189
f 329 798 1424
f 1424 798 189
f 1424 189 590
f 1699 329 1424
f 58 1424 590
f 58 1699 1424
f 146 73 1699
f 146 1699 58
f 188 1172 1226
f 661 1058 188
f 4 1058 661
f 4 307 1058
f 519 4 661
f 653 307 4
f 687 4 519
f 687 653 4
f 543 653 687
f 329 543 687
f 1698 543 329
f 1698 1924 543
f 1698 329 1699
f 1699 832 1698
f 1175 355 832
f 73 832 1699
f 73 1175 832
f 1572 1226 1172
f 1058 780 1172
f 1058 1172 188
f 588 780 1058
f 307 588 1058
f 835 307 653
f 835 653 493
f 543 493 653
f 835 493 1924
f 632 835 1924
f 1924 493 543
f 632 1924 215
f 215 1451 630
f 630 632 215
f 832 215 1698
f 215 1924 1698
f 155 1451 215
f 215 832 355
f 155 215 355
f 780 261 1172
f 261 1572 1172
f 780 702 261
f 588 702 780
f 486 79 588
f 486 588 307
f 486 307 835
f 835 690 486
f 632 690 835
f 630 690 632
f 261 559 1631
f 261 702 559
f 79 702 588
f 79 1425 702
f 486 1425 79
f 690 1425 486
f 630 774 690
f 1451 774 630
f 1966 774 1451
f 893 73 146
f 893 146 730
f 730 540 893
f 540 730 217
f 615 355 1175
f 247 615 1175
f 73 247 1175
f 893 247 73
f 348 615 247
f 540 348 247
f 540 247 893
f 1464 348 540
f 1908 348 1464
f 217 1464 540
f 1686 1908 1464
f 1686 1464 483
f 483 1464 217
f 591 1007 483
f 1007 1686 483
f 591 483 5
f 1007 591 191
f 391 1007 191
f 1152 349 591
f 349 191 591
f 1105 391 191
f 1105 191 349
f 1105 349 1867
f 944 1105 1867
f 1867 349 747
f 615 155 355
f 208 155 615
f 625 208 615
f 625 615 348
f 348 704 625
f 704 348 1908
f 1908 1756 704
f 1756 1908 1686
f 109 1756 1686
f 1007 109 1686
f 1161 109 1007
f 428 1161 391
f 617 428 391
f 391 1161 1007
f 1105 294 617
f 617 391 1105
f 1129 139 294
f 944 294 1105
f 944 1129 294
f 1451 155 208
f 1397 1451 208
f 201 1397 625
f 1397 208 625
f 169 147 201
f 704 201 625
f 1756 169 704
f 169 201 704
f 1386 147 169
f 169 1756 109
f 109 1386 169
f 1386 109 1161
f 359 1386 1161
f 359 1161 428
f 294 468 617
f 468 428 617
f 139 468 294
f 1966 1451 1397
f 1397 689 1966
f 201 689 1397
f 147 689 201
f 1386 1073 147
f 359 1073 1386
f 1073 359 428
f 173 1073 428
f 173 428 468
f 468 822 173
f 139 232 468
f 1074 822 468
f 232 1074 468
f 944 1867 309
f 1867 747 987
f 309 1867 987
f 807 309 987
f 291 309 807
f 550 357 807
f 6 291 807
f 357 6 807
f 762 357 550
f 762 826 357
f 1560 826 762
f 315 675 139
f 315 139 1129
f 1129 944 309
f 309 390 1129
f 390 315 1129
f 291 298 390
f 298 315 390
f 390 309 291
f 298 291 6
f 6 1000 298
f 826 1000 357
f 1000 6 357
f 826 371 1000
f 1560 221 826
f 221 371 826
f 221 1560 729
f 1546 221 729
f 729 1560 605
f 1191 1546 729
f 1191 729 242
f 242 729 605
f 242 605 718
f 1191 242 121
f 242 718 1976
f 121 242 1976
f 298 116 315
f 116 675 315
f 165 116 975
f 1000 975 298
f 975 116 298
f 165 975 970
f 243 165 970
f 371 970 1000
f 970 975 1000
f 821 243 970
f 970 371 221
f 821 970 221
f 821 221 1546
f 145 821 1546
f 145 1546 1191
f 53 145 1191
f 738 722 121
f 53 1191 121
f 722 53 121
f 675 232 139
f 116 1768 675
f 1768 577 232
f 1768 232 675
f 1768 116 165
f 1873 1768 165
f 243 1873 165
f 821 304 243
f 818 304 821
f 433 304 818
f 818 821 145
f 433 818 1296
f 1296 592 433
f 818 145 53
f 1296 818 53
f 1296 53 722
f 1652 1296 722
f 1996 738 121
f 752 121 1976
f 1996 121 752
f 1157 1996 752
f 1157 752 279
f 1996 290 738
f 133 722 738
f 290 133 738
f 495 1022 290
f 495 290 1996
f 495 1996 1157
f 279 407 1157
f 168 495 1157
f 407 168 1157
f 1674 168 407
f 1652 722 133
f 290 1486 133
f 135 1652 133
f 1486 135 133
f 1022 1486 290
f 1022 686 824
f 824 135 1486
f 1022 824 1486
f 495 753 1022
f 753 347 686
f 753 686 1022
f 753 495 168
f 1674 347 753
f 753 168 1674
f 186 347 1674
f 1366 1917 1492
f 1990 1366 1492
f 1917 320 1765
f 320 1917 1366
f 1417 1765 320
f 1110 320 1366
f 1417 320 1110
f 1005 1417 1110
f 1005 1466 1417
f 1366 1990 1031
f 1110 1366 1270
f 1270 1366 1031
f 1508 1110 1270
f 1005 1110 1508
f 1031 1990 1970
f 1270 1031 1502
f 492 1270 1502
f 1508 1270 492
f 1433 1031 1970
f 1031 1433 1502
f 1714 1502 1204
f 492 1502 1714
f 1970 1670 1967
f 1970 1967 1433
f 1502 1433 1491
f 1502 1491 1204
f 1466 1005 1364
f 1364 1005 1508
f 174 1466 1364
f 1977 1364 1508
f 1413 174 1364
f 1569 1508 492
f 1977 1508 1569
f 1413 1364 1977
f 1569 1864 1977
f 1744 174 1413
f 1413 1977 1864
f 1687 1744 1413
f 1864 1687 1413
f 1687 1892 1744
f 1714 1569 492
f 1392 1569 1714
f 1743 1569 1392
f 1864 1569 1743
f 1864 875 1687
f 1411 875 1743
f 875 1864 1743
f 1640 1892 1687
f 1942 1640 1687
f 1942 1687 875
f 1942 875 1792
f 1250 1392 1714
f 746 1743 1836
f 1743 1392 1836
f 746 1411 1743
f 875 1411 1792
f 1643 1792 1411
f 693 1643 1411
f 1250 1714 1204
f 103 1640 1942
f 103 1942 1236
f 1236 999 103
f 1236 1942 1792
f 783 1236 1643
f 1236 1792 1643
f 1967 91 1621
f 1621 1433 1967
f 1077 1433 1621
f 1957 1433 1077
f 1491 1433 1957
f 1718 1491 1957
f 1718 1204 1491
f 396 1204 1718
f 1077 1621 1066
f 1621 1146 1066
f 1773 1718 1957
f 1718 1636 396
f 1636 1718 1773
f 1077 1066 1949
f 1949 1957 1077
f 1773 1957 1949
f 1066 1146 1934
f 1302 1773 1949
f 773 1636 1773
f 1949 1066 1888
f 1302 1949 1888
f 773 1773 1302
f 1934 1162 1825
f 1066 1934 1825
f 1888 1066 1825
f 1302 1888 1808
f 1846 773 1302
f 1846 1302 1808
f 1836 1392 1250
f 746 1836 1875
f 693 1411 746
f 746 1875 700
f 693 746 700
f 700 1875 160
f 396 1250 1204
f 1250 396 1063
f 840 1836 1063
f 1836 1250 1063
f 1875 1836 840
f 1063 396 1636
f 1979 1875 840
f 160 1875 1979
f 1753 1063 1636
f 1063 1753 1548
f 1548 840 1063
f 1548 1979 840
f 1753 1636 773
f 883 1979 1548
f 1979 883 1265
f 160 1979 1265
f 1548 1753 1181
f 883 1548 1181
f 1753 773 1275
f 1181 1753 1275
f 883 1181 1613
f 883 837 1265
f 837 883 1613
f 1275 773 1846
f 1181 1739 1613
f 1221 1643 693
f 783 1643 1221
f 1482 751 999
f 1236 1482 999
f 1415 1236 783
f 1415 1482 1236
f 1755 751 1482
f 1799 1755 1482
f 853 1799 1482
f 853 1482 1415
f 1221 693 700
f 1263 1221 700
f 1003 1415 783
f 783 1221 1003
f 1434 1415 1003
f 1251 853 1415
f 1251 1415 1434
f 853 402 1799
f 1251 402 853
f 252 1251 1434
f 420 1799 402
f 569 402 1251
f 569 1251 252
f 1378 420 1393
f 420 402 1393
f 1378 1147 420
f 421 1393 569
f 1393 402 569
f 700 160 1985
f 1263 700 1985
f 1003 1221 1263
f 1171 1003 1263
f 985 1003 1171
f 1434 1003 985
f 1434 1356 252
f 1434 985 1356
f 904 252 1356
f 569 252 663
f 421 569 663
f 663 252 904
f 1985 1177 1263
f 1177 1171 1263
f 1512 985 1171
f 1512 1171 1177
f 985 1512 957
f 1356 985 957
f 696 1356 957
f 904 1356 696
f 904 474 368
f 904 368 663
f 474 904 696
f 374 1177 1985
f 1512 1177 579
f 579 957 1512
f 522 696 957
f 957 579 522
f 1291 696 522
f 1055 474 1291
f 474 696 1291
f 579 1177 374
f 579 374 1071
f 1212 1291 522
f 1212 1055 1291
f 1585 579 1071
f 522 579 1585
f 1212 522 1585
f 1071 1463 330
f 330 1585 1071
f 1585 330 931
f 1585 931 725
f 725 1212 1585
f 1985 160 1265
f 374 1985 1265
f 1265 837 374
f 1463 374 837
f 1463 1071 374
f 888 1147 1378
f 353 888 1378
f 1393 421 353
f 353 1378 1393
f 1868 353 421
f 1868 421 663
f 723 1147 888
f 1582 353 1868
f 571 723 888
f 1931 723 571
f 698 571 1582
f 888 353 1582
f 571 888 1582
f 1931 571 64
f 1868 663 368
f 986 1868 368
f 698 64 571
f 1868 986 240
f 1582 1868 240
f 412 64 698
f 698 1582 1186
f 412 698 1186
f 1186 1582 240
f 1931 64 385
f 189 1931 385
f 64 412 787
f 385 64 787
f 412 1186 457
f 457 787 412
f 590 189 385
f 590 385 264
f 264 385 787
f 787 457 891
f 891 264 787
f 3 590 264
f 3 58 590
f 1313 3 264
f 897 1313 891
f 1313 264 891
f 3 146 58
f 897 3 1313
f 356 368 1055
f 368 474 1055
f 772 986 356
f 986 368 356
f 378 240 772
f 240 986 772
f 1125 457 1186
f 1186 240 378
f 1125 1186 378
f 308 1125 378
f 166 457 1125
f 891 457 148
f 457 166 148
f 879 891 148
f 879 897 891
f 114 897 879
f 114 879 901
f 1055 204 356
f 1055 1212 204
f 1108 356 204
f 772 356 717
f 717 378 772
f 717 356 1108
f 561 308 717
f 308 378 717
f 166 1125 308
f 1408 166 308
f 1408 308 561
f 879 148 166
f 879 166 485
f 485 166 1408
f 879 485 901
f 130 901 1715
f 901 485 1715
f 204 1212 620
f 717 1108 789
f 789 561 717
f 1584 561 789
f 1584 1408 561
f 518 1408 1584
f 485 1408 518
f 1715 485 518
f 620 1212 725
f 211 1108 620
f 1108 204 620
f 211 789 1108
f 621 518 1584
f 327 1715 750
f 1715 518 621
f 1715 621 750
f 146 3 246
f 246 730 146
f 246 3 1598
f 1598 3 897
f 520 246 1598
f 520 730 246
f 217 730 50
f 50 730 520
f 560 5 50
f 5 483 217
f 5 217 50
f 50 520 560
f 1598 897 114
f 119 1598 114
f 684 520 1598
f 684 1598 119
f 1 684 119
f 520 684 1807
f 1807 684 1
f 560 520 556
f 556 520 1807
f 556 1807 538
f 795 5 560
f 195 560 556
f 556 538 195
f 195 795 560
f 1152 591 5
f 1152 5 795
f 795 195 286
f 943 747 1152
f 747 349 1152
f 943 1152 795
f 943 795 1004
f 259 1004 286
f 1004 795 286
f 1137 747 943
f 1372 943 1004
f 1372 1137 943
f 845 1004 259
f 845 1372 1004
f 130 114 901
f 911 119 114
f 911 114 130
f 1115 911 130
f 85 1 911
f 1 119 911
f 1 312 1807
f 312 538 1807
f 312 1 85
f 27 538 312
f 848 195 27
f 195 538 27
f 399 286 848
f 286 195 848
f 259 286 399
f 55 259 399
f 755 845 259
f 755 259 55
f 1115 130 1715
f 911 1115 1430
f 1430 85 911
f 384 312 85
f 1703 384 85
f 85 1430 1703
f 662 27 312
f 662 312 384
f 838 384 1703
f 838 662 384
f 277 848 27
f 277 27 662
f 481 399 848
f 481 848 277
f 55 399 481
f 55 481 924
f 924 755 55
f 1115 1715 327
f 1430 1115 327
f 1430 327 828
f 1430 828 1703
f 1164 277 662
f 1164 662 838
f 652 1164 838
f 1164 481 277
f 48 481 902
f 481 1164 902
f 924 481 48
f 987 747 1137
f 477 183 1372
f 183 1137 1372
f 477 1372 845
f 272 987 1137
f 272 1137 183
f 807 987 272
f 1295 183 477
f 1414 550 272
f 550 807 272
f 1134 1414 1295
f 1414 272 183
f 1414 183 1295
f 550 1414 598
f 598 762 550
f 163 598 1134
f 598 1414 1134
f 762 598 960
f 960 608 762
f 608 1560 762
f 960 598 163
f 605 1560 608
f 718 605 608
f 718 608 567
f 212 845 755
f 212 477 845
f 177 212 755
f 990 477 212
f 990 1295 477
f 1170 1134 1295
f 1170 1295 990
f 454 163 1134
f 454 1134 1170
f 34 960 163
f 430 163 454
f 102 34 163
f 102 163 430
f 282 608 34
f 608 960 34
f 834 282 34
f 834 34 102
f 608 282 567
f 61 567 282
f 310 61 282
f 310 282 834
f 718 567 284
f 1976 718 284
f 284 567 61
f 441 284 61
f 131 441 61
f 131 61 310
f 177 755 924
f 199 990 212
f 507 212 177
f 199 212 507
f 527 1170 990
f 527 990 199
f 176 199 507
f 176 527 199
f 1245 454 1170
f 1245 1170 527
f 476 1245 527
f 476 527 176
f 129 102 430
f 430 454 1245
f 129 430 1245
f 129 1245 476
f 984 102 129
f 984 129 341
f 984 834 102
f 604 834 984
f 604 310 834
f 1122 310 604
f 1122 131 310
f 1737 924 48
f 177 924 1737
f 470 507 1737
f 507 177 1737
f 176 507 470
f 176 470 162
f 162 476 176
f 476 341 129
f 476 648 341
f 476 162 648
f 341 648 1963
f 710 984 341
f 341 1963 710
f 604 984 710
f 1380 710 1963
f 106 604 710
f 1122 604 106
f 864 1976 284
f 752 1976 864
f 515 254 441
f 864 284 441
f 254 864 441
f 37 515 131
f 515 441 131
f 655 279 254
f 279 752 864
f 279 864 254
f 12 254 515
f 37 197 515
f 37 131 1122
f 407 279 655
f 655 35 407
f 12 928 254
f 928 35 655
f 928 655 254
f 12 515 197
f 328 407 35
f 328 1674 407
f 262 1122 106
f 262 197 37
f 37 1122 262
f 197 322 12
f 197 303 322
f 303 197 262
f 328 186 1674
f 328 1515 186
f 1515 328 35
f 1515 35 928
f 928 12 322
f 1515 928 322
f 313 207 876
f 49 207 313
f 1167 49 313
f 70 1441 1167
f 1441 70 1786
f 963 313 876
f 876 443 963
f 963 1167 313
f 1167 963 70
f 207 51 876
f 51 443 876
f 70 223 1786
f 223 443 182
f 223 70 963
f 963 443 223
f 332 1786 223
f 443 51 462
f 462 182 443
f 1869 1786 253
f 223 182 954
f 332 223 954
f 332 253 1786
f 462 451 954
f 462 954 182
f 462 1097 451
f 1869 253 918
f 386 451 187
f 386 332 954
f 386 954 451
f 918 253 386
f 253 332 386
f 1969 187 451
f 1097 1969 451
f 882 1869 918
f 1727 1869 882
f 500 386 187
f 622 918 500
f 918 386 500
f 882 918 622
f 467 187 1969
f 467 500 187
f 882 1210 170
f 1727 882 170
f 622 500 161
f 622 161 1210
f 882 622 1210
f 161 500 467
f 268 161 467
f 680 161 210
f 1210 161 680
f 1210 680 619
f 619 170 1210
f 268 210 161
f 478 210 268
f 478 679 210
f 1869 724 1441
f 1070 724 1311
f 724 1869 1311
f 1070 1980 724
f 1441 1786 1869
f 1869 1727 1311
f 1311 1727 170
f 1874 1070 742
f 170 619 469
f 469 1311 170
f 1070 1311 792
f 742 1070 633
f 360 207 292
f 1648 360 292
f 1648 1117 360
f 1795 1648 1953
f 51 207 360
f 1117 51 360
f 1648 1795 1117
f 1795 1953 1274
f 576 462 51
f 576 51 1117
f 1269 576 1117
f 1795 1269 1117
f 1274 1183 1795
f 576 1097 462
f 1581 1269 1795
f 1183 1581 1795
f 389 1969 1097
f 1269 389 576
f 389 1097 576
f 616 389 1269
f 1581 616 1269
f 889 467 1969
f 389 889 1969
f 616 889 389
f 151 1581 1183
f 1118 151 1183
f 889 268 467
f 889 558 268
f 616 558 889
f 499 558 616
f 1346 499 616
f 1346 616 1581
f 1581 151 1346
f 558 478 268
f 558 874 478
f 1493 1346 151
f 1118 1493 151
f 1740 1274 1590
f 694 1740 1590
f 1893 1817 694
f 1550 1183 1274
f 1740 1550 1274
f 765 1740 694
f 1817 765 694
f 765 1550 1740
f 1817 1708 765
f 1606 1550 765
f 1550 1118 1183
f 1550 1804 1118
f 1606 1804 1550
f 1708 1606 765
f 1708 1626 1606
f 1606 1536 1804
f 1626 1536 1606
f 1708 1709 1626
f 11 1817 1893
f 1882 11 541
f 1471 1882 541
f 11 1219 1817
f 1219 11 1882
f 1471 1774 1882
f 1219 1708 1817
f 1882 1006 1219
f 1882 1774 1006
f 1232 1708 1219
f 1006 1232 1219
f 1450 1006 1774
f 1709 1708 1232
f 1232 1819 1709
f 1232 1898 1819
f 1006 1898 1232
f 1006 754 1898
f 1450 754 1006
f 1450 1558 754
f 1533 222 1285
f 1533 1234 222
f 1038 1234 1533
f 1234 1038 1672
f 1672 136 1234
f 1774 1471 1285
f 1285 1766 1774
f 222 1766 1285
f 1234 196 222
f 196 1766 222
f 1234 1889 196
f 1889 1234 136
f 1766 1450 1774
f 196 1339 1766
f 1339 1450 1766
f 364 1339 196
f 1889 364 196
f 1558 1450 1586
f 1586 1450 1339
f 1713 1586 1339
f 364 1713 1339
f 1889 1447 364
f 525 1447 1889
f 1683 1713 364
f 1683 364 1447
f 530 1672 1525
f 1884 530 1525
f 1266 1978 1884
f 530 136 1672
f 1978 1460 1884
f 1884 1460 530
f 1460 1440 530
f 1978 1563 1460
f 1440 1297 136
f 1440 136 530
f 1297 1889 136
f 1252 1440 1460
f 919 1252 1460
f 1563 919 1460
f 1297 525 1889
f 1252 1297 1440
f 1297 512 525
f 512 1297 1252
f 1252 52 512
f 919 52 1252
f 919 1064 52
f 1981 1447 525
f 1981 525 512
f 1561 1238 1978
f 1238 1561 1660
f 1404 1330 1660
f 1660 1330 296
f 296 1238 1660
f 1238 1563 1978
f 1238 1193 1563
f 1193 1238 296
f 1013 296 1330
f 1426 919 1563
f 1193 1426 1563
f 296 1705 1193
f 1705 296 1013
f 1153 1705 1013
f 1426 1064 919
f 1193 302 1426
f 302 1193 1705
f 1705 1682 302
f 670 1682 1705
f 670 1705 1153
f 680 210 596
f 860 680 596
f 619 680 860
f 619 860 324
f 619 324 469
f 679 596 210
f 679 669 596
f 669 860 596
f 93 324 214
f 324 860 214
f 669 214 860
f 669 1049 214
f 1049 93 214
f 819 93 1049
f 1311 469 792
f 324 993 469
f 792 469 993
f 993 132 792
f 792 132 1184
f 1184 1070 792
f 688 1070 1184
f 1070 688 633
f 324 93 440
f 993 324 440
f 993 440 132
f 742 633 858
f 143 93 479
f 440 93 143
f 1138 440 143
f 143 479 1138
f 132 440 1138
f 1494 132 1138
f 1184 132 1494
f 1494 688 1184
f 429 633 688
f 429 126 633
f 126 858 633
f 479 93 819
f 819 373 479
f 1138 479 66
f 418 1138 66
f 1149 1138 418
f 1494 1138 1149
f 465 1494 1149
f 1149 318 465
f 688 1494 465
f 429 688 465
f 506 742 858
f 506 1823 742
f 373 66 479
f 373 167 66
f 36 418 66
f 167 36 66
f 36 318 1149
f 1149 418 36
f 465 318 639
f 1075 465 639
f 1075 126 429
f 429 465 1075
f 180 126 1075
f 180 1075 82
f 180 858 126
f 949 180 948
f 180 82 948
f 949 506 180
f 506 858 180
f 59 506 949
f 59 1823 506
f 542 318 36
f 542 639 318
f 542 90 639
f 1075 639 90
f 909 1075 90
f 82 1075 909
f 909 60 82
f 60 948 82
f 455 59 949
f 948 60 803
f 948 803 949
f 803 455 949
f 874 679 478
f 874 127 679
f 874 1208 127
f 874 558 499
f 1208 874 499
f 1346 1208 499
f 1327 1208 1346
f 1493 1327 1346
f 930 1493 1118
f 127 669 679
f 1049 669 127
f 127 842 1049
f 1208 842 127
f 1895 1327 1493
f 930 1895 1493
f 1090 1895 930
f 842 819 1049
f 842 877 819
f 842 89 877
f 1208 1327 842
f 1327 89 842
f 877 373 819
f 1344 89 1327
f 1272 1344 1327
f 1272 1327 1895
f 1090 1649 1272
f 1090 1272 1895
f 877 1412 167
f 877 167 373
f 1412 36 167
f 89 1412 877
f 89 692 1412
f 89 1344 692
f 1412 542 36
f 1323 90 542
f 542 1412 692
f 1323 542 692
f 692 955 1323
f 1344 955 692
f 1272 1267 1344
f 1267 955 1344
f 1649 1267 1272
f 75 1267 1649
f 1323 909 90
f 1323 250 909
f 250 60 909
f 250 803 60
f 1988 455 803
f 955 250 1323
f 250 1988 803
f 250 1480 1988
f 955 703 250
f 703 1480 250
f 703 955 1267
f 1634 1480 703
f 1267 1834 703
f 1834 1634 703
f 1834 1267 75
f 1804 930 1118
f 1504 930 1804
f 1536 1504 1804
f 1536 1761 1504
f 1607 1761 1536
f 1607 1536 1626
f 1709 1607 1626
f 1709 1690 1607
f 1504 1090 930
f 405 1090 1504
f 1761 405 1504
f 1658 1761 1607
f 1658 1607 1690
f 1025 1090 405
f 1761 1310 405
f 1658 1310 1761
f 1540 1310 1658
f 1690 1779 1658
f 1779 1540 1658
f 1090 1025 1649
f 1025 405 1310
f 1025 75 1649
f 1025 1944 75
f 1310 1944 1025
f 660 1944 1310
f 1540 660 1310
f 1540 1130 660
f 1779 1130 1540
f 75 1712 1834
f 1712 1514 1834
f 1944 1712 75
f 660 1712 1944
f 1382 1712 660
f 1294 1712 1382
f 1130 1382 660
f 1130 473 1382
f 1819 1690 1709
f 932 1690 1819
f 1898 932 1819
f 1671 932 1898
f 754 1671 1898
f 1280 1671 754
f 1558 1280 754
f 1256 1280 1558
f 1779 1690 932
f 932 1911 1779
f 1911 932 1671
f 1671 1059 1911
f 1059 1671 1280
f 1483 1059 1280
f 1483 1280 1256
f 1911 1760 1779
f 1760 1130 1779
f 1059 1759 1911
f 1760 1911 1759
f 1483 1759 1059
f 532 1759 1483
f 473 1130 1760
f 1784 473 1760
f 350 1784 1760
f 350 1760 1759
f 1350 1784 350
f 532 350 1759
f 1902 350 532
f 1902 1350 350
f 1586 1551 1558
f 1551 1586 1713
f 1683 1086 1713
f 1447 1030 1683
f 1256 1558 1551
f 1086 836 1713
f 836 1551 1713
f 1086 1683 1030
f 627 1086 1030
f 836 1256 1551
f 1178 1483 1256
f 836 1178 1256
f 836 1284 1178
f 1086 1284 836
f 1086 627 1284
f 627 1158 1284
f 627 1964 1158
f 1178 532 1483
f 1176 532 1178
f 1284 1176 1178
f 1158 1176 1284
f 1158 1994 1176
f 1964 1994 1158
f 1860 1994 1964
f 1763 1350 1902
f 1176 1902 532
f 695 1902 1176
f 1763 1902 695
f 695 1176 1994
f 1994 917 695
f 1994 1520 917
f 1860 1520 1994
f 1030 1447 1981
f 512 1041 1981
f 52 1201 1041
f 52 1041 512
f 1064 1559 1201
f 1064 1201 52
f 1981 1069 1030
f 1041 1069 1981
f 627 1030 1069
f 1899 627 1069
f 1041 1899 1069
f 1899 1964 627
f 1145 1899 1041
f 1201 1145 1041
f 1522 1145 1201
f 1559 1522 1201
f 1089 1522 1559
f 1899 300 1964
f 1145 300 1899
f 300 1860 1964
f 1650 300 1145
f 1999 1650 1145
f 1522 1999 1145
f 1089 1027 1522
f 1027 1999 1522
f 1340 1520 1860
f 1860 300 1650
f 1340 1860 1650
f 1604 1340 1650
f 1604 1681 1340
f 1604 1650 1999
f 1838 1604 1999
f 1838 1104 1604
f 1104 1681 1604
f 1426 1322 1064
f 1322 1559 1064
f 302 1322 1426
f 302 1616 1322
f 1682 1616 302
f 533 1772 1682
f 670 533 1682
f 1772 1616 1682
f 1322 1089 1559
f 1322 1103 1089
f 1616 1103 1322
f 1103 1616 1772
f 1529 1103 1772
f 1529 1772 533
f 763 1529 533
f 1529 1290 1103
f 1103 1027 1089
f 1103 1290 1027
f 1290 1043 1027
f 1312 1043 1290
f 763 1290 1529
f 1312 1290 763
f 1535 1312 763
f 1838 1999 1027
f 1027 1043 1838
f 1838 1612 1104
f 1612 1838 1043
f 1312 19 1043
f 19 1612 1043
f 1535 19 1312
f 1535 1594 19
f 1345 1980 1874
f 1980 1070 1874
f 1345 1619 1980
f 1345 29 1619
f 29 1345 1282
f 1282 1764 29
f 1345 1874 1920
f 1527 1345 1920
f 769 1345 1527
f 1379 779 1764
f 460 779 1379
f 110 460 1379
f 110 417 460
f 1841 417 110
f 1841 548 417
f 1095 548 1841
f 1764 1282 345
f 345 1379 1764
f 847 1379 345
f 110 1379 847
f 379 110 847
f 1841 110 379
f 96 1841 379
f 96 1095 1841
f 1395 345 1282
f 1395 847 345
f 899 847 1395
f 899 379 847
f 706 96 379
f 706 379 899
f 812 96 706
f 1655 1282 1345
f 112 1282 1655
f 112 1395 1282
f 1632 1395 112
f 219 706 1632
f 899 1395 1632
f 706 899 1632
f 706 219 1787
f 1787 812 706
f 501 112 1655
f 1354 1632 112
f 1354 112 501
f 219 1632 1354
f 54 1655 1345
f 501 1655 54
f 894 501 54
f 1811 1354 501
f 1811 501 894
f 229 1787 219
f 219 1354 1811
f 229 219 1811
f 447 54 1345
f 447 1345 769
f 881 54 447
f 1068 1811 894
f 894 54 881
f 1068 894 881
f 613 1811 1068
f 613 229 1811
f 769 1527 626
f 769 626 749
f 447 769 749
f 852 881 447
f 852 447 749
f 852 1068 881
f 17 613 1068
f 17 1068 852
f 1045 548 1095
f 7 1045 1095
f 7 1095 959
f 1390 1428 7
f 1537 1830 1359
f 959 1095 96
f 1503 7 959
f 1390 7 1503
f 1359 1390 1537
f 959 96 812
f 959 812 361
f 959 361 1503
f 1489 1390 1503
f 1537 1390 1489
f 361 812 1787
f 1960 1503 361
f 1503 1960 1489
f 1943 1537 1489
f 361 1787 905
f 1960 361 905
f 1593 1489 1960
f 1943 1489 1593
f 905 1787 229
f 406 1943 1593
f 1268 905 613
f 905 229 613
f 905 1268 761
f 761 1960 905
f 1921 1960 761
f 1921 1593 1960
f 1387 1593 1921
f 1593 1387 406
f 676 1268 17
f 1268 613 17
f 1268 676 761
f 1830 1782 1126
f 1900 1126 1946
f 1900 1946 1972
f 1782 1830 1537
f 1946 1126 1782
f 1946 1782 1042
f 1748 1972 1946
f 1782 1537 1943
f 1782 1943 1933
f 1042 1782 1933
f 1748 1946 1042
f 1748 1042 280
f 1943 406 1933
f 1933 1276 280
f 1042 1933 280
f 1748 280 1454
f 1933 406 908
f 1276 1933 908
f 781 280 1276
f 1454 280 781
f 1332 1726 1576
f 97 1332 1972
f 1726 1332 97
f 97 1972 1748
f 1576 1726 1684
f 1989 1576 1684
f 1896 1726 97
f 1684 1726 1896
f 1472 97 1748
f 97 1472 1896
f 1472 1748 1454
f 1684 1896 1326
f 1465 1684 1326
f 231 1472 1454
f 1472 231 935
f 935 1896 1472
f 1675 1896 935
f 1326 1896 1675
f 1505 1465 1326
f 1989 1644 1576
f 1644 1989 23
f 1814 1374 23
f 1361 1814 23
f 1814 1361 950
f 23 1989 1197
f 23 1197 1361
f 1465 1989 1684
f 1989 1465 1197
f 1361 1197 1845
f 1886 950 1845
f 950 1361 1845
f 1197 1465 642
f 1396 1197 642
f 1396 1845 1197
f 1886 1845 831
f 642 1465 1505
f 1583 1396 642
f 831 1845 1396
f 1396 1947 831
f 549 642 1505
f 1583 642 549
f 1947 1396 1583
f 1992 1731 611
f 950 1948 1814
f 1948 950 1608
f 611 1948 1608
f 1914 611 1608
f 1992 611 1914
f 1600 1992 1914
f 1608 950 1886
f 1539 1914 1608
f 1600 1914 1668
f 989 1608 1886
f 1539 1608 989
f 1668 1914 1539
f 728 1886 831
f 989 1886 728
f 1905 1539 1301
f 1539 989 1301
f 72 1668 1905
f 1668 1539 1905
f 1728 1019 1349
f 1403 1162 1728
f 1019 1992 1349
f 1403 1728 1349
f 782 1162 1403
f 1349 1992 1600
f 1476 1349 1600
f 685 1403 1476
f 1403 1349 1476
f 1418 782 685
f 782 1403 685
f 235 1476 1668
f 1476 1600 1668
f 1371 1476 235
f 1371 685 1476
f 685 1371 1955
f 1418 685 1955
f 235 1668 72
f 1955 1371 1796
f 1254 1371 235
f 1796 1371 1254
f 705 1955 1796
f 820 1955 705
f 340 1527 1920
f 626 1527 340
f 880 1920 1874
f 1920 880 1102
f 340 1920 1102
f 1034 742 1823
f 1034 1874 742
f 234 1874 1034
f 1874 234 263
f 263 880 1874
f 98 1102 880
f 1516 340 1102
f 334 340 1516
f 1597 340 334
f 654 234 1034
f 263 234 424
f 267 98 263
f 98 880 263
f 115 1516 338
f 1516 1102 98
f 1516 98 338
f 334 1516 115
f 629 115 338
f 1758 629 338
f 1015 115 629
f 334 115 1015
f 1788 1034 1823
f 1788 1823 59
f 952 654 1788
f 654 1034 1788
f 654 952 566
f 566 424 654
f 424 234 654
f 424 566 1048
f 267 263 424
f 424 1048 267
f 67 338 267
f 338 98 267
f 952 463 566
f 463 1048 566
f 463 921 1048
f 921 1689 1048
f 1689 267 1048
f 67 267 1689
f 1758 338 67
f 937 629 1758
f 59 455 363
f 363 1788 59
f 952 1788 363
f 1362 363 455
f 1362 57 363
f 57 952 363
f 952 57 463
f 216 1689 921
f 606 626 340
f 626 606 811
f 749 626 811
f 230 749 739
f 749 811 739
f 230 852 749
f 354 1113 230
f 354 230 739
f 1113 852 230
f 17 852 1113
f 709 606 1597
f 606 340 1597
f 606 709 1320
f 811 606 1320
f 739 811 1320
f 1342 1320 709
f 739 1320 1342
f 1342 354 739
f 709 1597 334
f 1716 709 334
f 1716 334 1015
f 1716 1342 709
f 1342 1716 295
f 1716 1015 117
f 1037 1015 629
f 1037 629 937
f 1037 937 697
f 995 1758 67
f 67 1689 216
f 995 67 216
f 995 937 1758
f 1319 995 216
f 1319 697 995
f 697 937 995
f 1375 697 1319
f 1780 1375 1319
f 1334 1375 1780
f 464 1334 1780
f 1809 1334 464
f 1362 455 1988
f 1988 1235 1362
f 1235 57 1362
f 1235 602 57
f 602 463 57
f 602 1229 463
f 1229 921 463
f 1229 216 921
f 1480 1235 1988
f 1229 1319 216
f 1421 1235 1480
f 1421 602 1235
f 1163 602 1421
f 1229 602 1163
f 1319 1229 1163
f 1634 1421 1480
f 1634 1092 1421
f 1092 1163 1421
f 1780 1319 1163
f 1780 1163 1092
f 1834 1514 1634
f 1514 1092 1634
f 1514 1309 1092
f 464 1780 1092
f 1309 464 1092
f 1139 676 1113
f 676 17 1113
f 1139 761 676
f 193 761 1139
f 193 1139 1467
f 193 1921 761
f 1387 1921 193
f 551 1387 193
f 551 406 1387
f 354 1342 797
f 797 1139 354
f 1139 1113 354
f 1139 797 274
f 1467 1139 274
f 238 193 1467
f 193 238 1928
f 1928 551 193
f 797 1342 295
f 274 295 1881
f 797 295 274
f 1881 1467 274
f 829 1467 1881
f 238 1467 829
f 117 1015 1037
f 295 1716 117
f 697 1881 1037
f 1881 117 1037
f 1881 295 117
f 1881 697 1375
f 829 1881 1375
f 829 1375 1334
f 1334 238 829
f 1928 238 1334
f 1928 1334 1809
f 1288 534 1809
f 1288 1809 464
f 587 1876 1288
f 1876 534 1288
f 1692 1876 587
f 1853 1692 587
f 1309 1288 464
f 1294 1514 1712
f 1294 1309 1514
f 1294 1240 1309
f 1240 1288 1309
f 587 1288 1240
f 998 1294 1382
f 1240 1294 998
f 998 587 1240
f 998 1382 473
f 1853 587 998
f 1286 908 551
f 908 406 551
f 1286 1276 908
f 475 781 1286
f 1276 1286 781
f 475 1454 781
f 1223 1454 475
f 551 1928 1776
f 1286 551 1776
f 1717 1286 1776
f 475 1286 1717
f 475 1717 1474
f 1223 475 1474
f 1776 1928 1809
f 534 1776 1809
f 534 1717 1776
f 1717 534 1876
f 1876 1474 1717
f 1692 1474 1876
f 1692 1223 1474
f 1710 1692 1853
f 711 1710 1853
f 983 1710 711
f 711 1407 983
f 1407 711 1997
f 941 1407 1997
f 1627 998 473
f 1627 1853 998
f 1784 1627 473
f 711 1853 1627
f 1784 1498 1627
f 1498 711 1627
f 1498 1784 1350
f 1350 1749 1498
f 1749 1997 1498
f 1997 711 1498
f 854 231 1223
f 231 1454 1223
f 935 231 854
f 1557 935 854
f 1675 935 1557
f 1675 1557 1488
f 1326 1675 1488
f 1488 1505 1326
f 854 504 1557
f 1488 1557 1664
f 1449 1488 1664
f 854 1223 504
f 1223 1692 1710
f 1710 504 1223
f 983 504 1710
f 983 1557 504
f 1407 1557 983
f 1407 1664 1557
f 1664 1407 941
f 1449 1664 941
f 1518 1028 1997
f 1028 941 1997
f 1518 708 1028
f 1405 708 1518
f 1405 1143 708
f 1207 1143 1405
f 1749 1350 1763
f 1763 1029 1749
f 1029 1997 1749
f 1029 1518 1997
f 695 917 1763
f 917 1029 1763
f 1405 1518 1029
f 1405 1029 917
f 1520 1405 917
f 1520 1207 1405
f 549 1505 1488
f 1131 1947 1729
f 831 1947 1131
f 1449 549 1488
f 1798 549 1449
f 1798 1583 549
f 916 1583 1798
f 1729 1583 916
f 1947 1583 1729
f 1131 1729 1903
f 1449 941 1028
f 1798 1449 1028
f 708 916 1028
f 916 1798 1028
f 1729 916 708
f 1729 708 1143
f 1143 1903 1729
f 1645 1143 1207
f 1475 1645 1207
f 1605 1645 1475
f 1769 1605 1475
f 2 1769 1475
f 1377 1053 2
f 1053 1769 2
f 1340 256 1520
f 1207 1520 256
f 1475 1207 256
f 1681 256 1340
f 1681 2 256
f 1475 256 2
f 2 1681 1104
f 1377 2 1104
f 728 831 1131
f 597 728 1131
f 1301 728 597
f 989 728 1301
f 1905 1301 735
f 735 72 1905
f 1180 72 735
f 1131 1903 597
f 1831 1301 597
f 735 1301 1831
f 1528 735 1831
f 1180 735 1528
f 1645 1903 1143
f 1645 597 1903
f 597 1645 1605
f 1831 597 1605
f 1831 1605 1769
f 1528 1831 1769
f 1528 1769 1053
f 1995 1570 1711
f 1377 1220 1053
f 1861 1220 1377
f 1861 839 1220
f 1617 839 1861
f 1711 839 1617
f 1570 839 1711
f 1711 1617 969
f 1017 1377 1104
f 1017 1861 1377
f 1017 1104 1612
f 1617 1861 1017
f 19 1575 1612
f 1575 1017 1612
f 1575 1617 1017
f 1575 969 1617
f 1575 19 1594
f 1594 969 1575
f 1180 235 72
f 1254 235 1180
f 1796 1589 705
f 1254 1180 988
f 1589 1254 988
f 1589 1796 1254
f 1666 705 1589
f 1570 988 839
f 1570 1589 988
f 1995 1666 1570
f 1589 1570 1666
f 1220 1528 1053
f 1220 1180 1528
f 1220 988 1180
f 1220 839 988
f 511 870 1404
f 1812 870 511
f 813 1812 1742
f 912 813 1742
f 870 1330 1404
f 1812 1355 870
f 813 1355 1812
f 971 1355 813
f 870 1013 1330
f 939 1013 870
f 939 870 1355
f 939 1153 1013
f 971 910 1355
f 910 1195 1355
f 1195 939 1355
f 1656 1218 971
f 1218 910 971
f 939 1603 1153
f 1195 1603 939
f 740 1195 910
f 1218 740 910
f 1603 670 1153
f 1116 1890 1603
f 1116 1603 1195
f 740 1116 1195
f 1932 740 1218
f 1260 1099 1484
f 1260 1484 1452
f 1638 813 912
f 1638 912 1099
f 1894 1638 1099
f 1260 1894 1099
f 1566 1260 1452
f 1638 971 813
f 1260 1224 1894
f 1260 423 1224
f 423 1260 1566
f 1566 1904 423
f 1656 971 1638
f 1894 1656 1638
f 1400 1656 1894
f 1224 1400 1894
f 1840 1400 1224
f 423 1840 1224
f 1101 1840 423
f 1904 1101 423
f 1904 612 1101
f 1656 713 1218
f 1400 713 1656
f 946 713 1400
f 1840 946 1400
f 503 946 1840
f 1101 503 1840
f 713 1932 1218
f 713 1986 1932
f 1986 713 946
f 946 1192 1986
f 503 1192 946
f 1975 503 1101
f 1975 1101 612
f 850 1975 612
f 1747 1192 503
f 1975 1747 503
f 1545 1747 1975
f 850 1545 1975
f 1016 1566 1452
f 1693 1566 1016
f 1209 1693 1016
f 1693 1904 1566
f 1084 1904 1693
f 1084 1654 1904
f 1654 612 1904
f 1281 1209 1016
f 1209 1281 1142
f 1631 559 1438
f 871 1209 1142
f 871 521 1409
f 871 1409 1209
f 1047 521 871
f 1047 871 1438
f 559 1047 1438
f 559 21 1047
f 1209 1084 1693
f 1409 1084 1209
f 651 521 1047
f 21 651 1047
f 1521 1084 1409
f 10 1521 1409
f 521 10 1409
f 497 10 521
f 497 521 651
f 21 906 651
f 1521 120 1654
f 1654 1084 1521
f 1521 1427 120
f 10 1427 1521
f 997 1427 10
f 997 10 497
f 1707 997 497
f 651 1307 497
f 1307 1707 497
f 1307 651 906
f 906 1456 1307
f 120 612 1654
f 1707 1532 997
f 1307 1054 1707
f 1456 1054 1307
f 1456 1458 1054
f 1458 815 1054
f 850 612 120
f 120 1352 850
f 1352 120 1427
f 997 1352 1427
f 1532 1352 997
f 1532 1818 1352
f 1532 1707 1054
f 1054 640 1532
f 640 1818 1532
f 815 640 1054
f 815 1555 640
f 815 1725 1555
f 815 1065 1725
f 1352 553 850
f 1352 1775 553
f 1818 1775 1352
f 796 1775 1818
f 966 796 1818
f 966 1930 796
f 1818 1555 966
f 1555 1818 640
f 1555 1628 1930
f 1555 1930 966
f 1725 1628 1555
f 849 559 702
f 1425 1144 702
f 1144 849 702
f 1144 1425 690
f 586 1144 690
f 774 586 690
f 774 645 586
f 645 774 1966
f 603 645 1966
f 849 21 559
f 1144 764 849
f 289 764 1144
f 289 1144 586
f 586 784 289
f 645 784 586
f 63 784 645
f 63 645 603
f 603 599 63
f 863 21 849
f 849 1107 863
f 764 1107 849
f 764 260 1107
f 289 1587 260
f 289 260 764
f 784 249 289
f 249 1587 289
f 249 398 1587
f 249 887 398
f 536 249 784
f 536 887 249
f 536 810 887
f 536 784 63
f 63 599 536
f 599 896 536
f 896 810 536
f 1436 896 599
f 906 21 863
f 863 816 906
f 1107 816 863
f 1107 977 816
f 260 977 1107
f 1587 977 260
f 1120 977 1587
f 398 1120 1587
f 887 1174 398
f 810 674 887
f 674 1174 887
f 896 674 810
f 896 1595 674
f 1436 505 896
f 505 1595 896
f 816 1456 906
f 344 1456 816
f 344 816 977
f 1120 344 977
f 1120 1287 344
f 1120 398 1174
f 1174 1435 1120
f 1435 1287 1120
f 1824 1435 1174
f 1824 1445 1435
f 1445 375 1435
f 674 1824 1174
f 674 1510 1824
f 1510 1445 1824
f 1510 618 1445
f 1595 1510 674
f 1510 74 618
f 1935 1026 1595
f 1026 1510 1595
f 1026 74 1510
f 1026 1194 74
f 344 1458 1456
f 552 815 1458
f 344 1287 1458
f 1287 552 1458
f 732 1936 552
f 732 552 1287
f 732 1287 1435
f 732 1435 375
f 1065 815 552
f 1936 1065 552
f 689 603 1966
f 125 689 147
f 147 614 125
f 1073 614 147
f 1073 248 614
f 248 1073 173
f 194 248 173
f 822 194 173
f 689 1919 603
f 1919 599 603
f 125 1919 689
f 125 980 1919
f 814 980 125
f 614 814 125
f 248 273 614
f 273 814 614
f 1477 273 248
f 1477 248 194
f 915 1477 194
f 482 915 194
f 482 194 822
f 482 822 1074
f 1706 482 1074
f 1919 1436 599
f 1919 184 1436
f 980 184 1919
f 101 184 980
f 682 101 980
f 682 980 814
f 682 814 273
f 546 682 273
f 281 682 546
f 257 281 546
f 546 273 1477
f 758 546 1477
f 257 546 758
f 915 758 1477
f 1641 758 915
f 554 758 1641
f 994 1641 915
f 994 915 482
f 759 554 1641
f 759 1641 994
f 994 482 1706
f 362 994 1706
f 759 994 362
f 184 505 1436
f 1935 1595 505
f 301 1935 505
f 101 505 184
f 301 505 101
f 101 715 301
f 715 1702 301
f 281 101 682
f 715 101 281
f 281 325 715
f 325 1702 715
f 325 281 257
f 142 257 758
f 142 1730 325
f 325 257 142
f 142 758 554
f 509 1730 142
f 509 142 554
f 509 445 1730
f 1423 445 509
f 539 554 759
f 509 554 539
f 1020 1423 509
f 1020 509 539
f 1500 539 759
f 1500 759 362
f 1012 539 1500
f 1020 539 1012
f 1935 892 1026
f 892 1194 1026
f 1935 301 1702
f 892 1935 1702
f 325 448 1702
f 448 892 1702
f 1730 448 325
f 1730 445 448
f 577 1074 232
f 1198 1074 577
f 1768 1873 577
f 472 1198 577
f 1873 472 577
f 644 472 1873
f 297 644 1873
f 297 1873 243
f 297 243 304
f 304 861 855
f 855 297 304
f 433 861 304
f 592 861 433
f 592 1296 1652
f 40 592 1652
f 1706 1074 1198
f 1198 86 1855
f 1855 1706 1198
f 472 86 1198
f 472 78 86
f 644 78 472
f 644 1096 78
f 297 1096 644
f 855 1096 297
f 855 25 1096
f 855 227 25
f 227 855 861
f 158 227 861
f 158 861 592
f 592 397 158
f 1663 397 592
f 1663 592 40
f 94 397 1663
f 1855 362 1706
f 122 362 1855
f 122 1855 86
f 351 122 86
f 78 351 86
f 791 122 351
f 1096 886 78
f 886 351 78
f 791 351 886
f 678 791 886
f 25 47 1096
f 47 886 1096
f 678 886 47
f 47 514 164
f 164 678 47
f 171 47 25
f 227 171 25
f 171 514 47
f 171 1078 514
f 158 33 227
f 33 171 227
f 124 1078 171
f 124 171 33
f 124 570 1078
f 397 33 158
f 124 33 397
f 335 124 397
f 335 570 124
f 1733 570 335
f 1083 397 94
f 335 397 1083
f 1079 335 1083
f 1733 335 1079
f 647 1733 1079
f 1148 1733 647
f 1500 362 122
f 737 1500 122
f 737 1012 1500
f 737 122 791
f 491 1012 737
f 275 737 791
f 491 737 275
f 288 491 275
f 275 791 678
f 164 275 678
f 164 878 275
f 878 288 275
f 514 1913 164
f 1913 878 164
f 1078 1913 514
f 1078 570 1913
f 1733 456 570
f 40 1652 135
f 81 40 135
f 824 81 135
f 638 81 824
f 686 638 824
f 16 638 686
f 347 16 686
f 347 382 16
f 186 382 347
f 81 94 1663
f 1663 40 81
f 81 865 77
f 77 94 81
f 628 865 81
f 628 81 638
f 628 367 865
f 628 638 16
f 16 701 628
f 701 367 628
f 382 701 16
f 1098 367 701
f 1098 701 382
f 77 1083 94
f 865 768 77
f 1079 1083 77
f 768 1079 77
f 28 1148 647
f 647 1079 768
f 28 647 768
f 367 768 865
f 179 768 367
f 28 768 179
f 1541 28 179
f 1541 179 367
f 1541 367 1098
f 1603 1890 670
f 1890 533 670
f 1885 1116 740
f 740 1932 1885
f 1116 1789 1890
f 1885 1789 1116
f 1890 1794 533
f 1789 1794 1890
f 712 1826 1885
f 712 1885 1932
f 1794 763 533
f 1543 1794 1789
f 1885 1543 1789
f 1885 1826 1543
f 712 178 1826
f 1794 841 763
f 1543 841 1794
f 1543 1168 841
f 1826 1168 1543
f 1826 1909 1168
f 178 1909 1826
f 178 1844 1909
f 1844 1857 1909
f 841 1535 763
f 841 1469 1535
f 1469 1594 1535
f 1659 1594 1469
f 1469 841 1168
f 1857 1469 1168
f 1857 1659 1469
f 1857 1168 1909
f 1247 1986 1192
f 1192 1747 1247
f 1545 1635 1747
f 1545 850 553
f 553 1968 1545
f 553 1859 1968
f 1986 712 1932
f 712 1986 1247
f 996 712 1247
f 1247 1635 996
f 1747 1635 1247
f 1635 1545 1968
f 1968 1633 1635
f 1199 1633 1968
f 1859 1199 1968
f 996 178 712
f 1292 178 996
f 1635 1292 996
f 1292 1829 154
f 1633 1292 1635
f 1829 1292 1633
f 1829 1633 1199
f 178 1292 1844
f 1292 154 1844
f 1859 553 1775
f 1775 796 1859
f 796 1300 1859
f 1300 1199 1859
f 956 1888 1825
f 1808 1888 956
f 1825 1162 782
f 956 1825 782
f 1808 956 529
f 1156 1846 529
f 1846 1808 529
f 326 956 782
f 529 956 326
f 782 1418 326
f 80 529 326
f 113 1156 80
f 1156 529 80
f 80 326 1835
f 113 80 1579
f 555 326 1418
f 1835 326 555
f 80 1835 1579
f 1418 1955 820
f 555 1418 820
f 1835 555 1150
f 1579 1835 1150
f 1579 1150 802
f 1579 802 1253
f 555 820 1420
f 1150 555 1420
f 1244 233 1278
f 1244 565 233
f 1278 236 1289
f 1901 1244 1289
f 1244 1278 1289
f 1275 1846 1328
f 1739 1275 933
f 1275 1328 933
f 1739 1181 1275
f 1328 1846 1156
f 1021 1243 1739
f 1243 1613 1739
f 1887 1739 933
f 1021 1739 1887
f 1156 113 1839
f 1328 1156 1839
f 933 1328 1839
f 933 1839 1667
f 1887 933 1667
f 1021 1887 394
f 233 1887 1667
f 394 1887 233
f 113 1579 1253
f 1253 1839 113
f 1052 1839 1253
f 1052 1667 1839
f 1667 1052 185
f 233 1667 185
f 233 565 394
f 1052 1253 1187
f 1278 185 236
f 233 185 1278
f 1187 1253 802
f 1052 1187 547
f 1052 236 185
f 1052 547 236
f 330 1463 719
f 873 719 1642
f 873 330 719
f 931 330 873
f 404 725 931
f 404 931 873
f 1880 725 404
f 1642 719 1534
f 873 1642 134
f 404 873 134
f 404 134 1704
f 1188 1534 976
f 1642 1534 1188
f 1642 1188 487
f 134 1642 487
f 134 825 1704
f 1188 976 885
f 1188 1315 1057
f 487 1188 1057
f 134 487 825
f 487 1057 825
f 825 1057 1273
f 982 825 1273
f 982 942 1704
f 982 1704 825
f 565 976 394
f 976 565 885
f 1315 1188 885
f 668 1057 1315
f 1273 1057 668
f 1700 144 65
f 1700 1273 144
f 982 1273 1700
f 565 1244 1901
f 657 565 1901
f 657 885 565
f 311 1315 657
f 1315 885 657
f 1315 311 1233
f 1050 668 1233
f 1315 1233 668
f 801 668 1050
f 801 144 668
f 1273 668 144
f 1725 32 1628
f 32 65 801
f 65 144 801
f 411 32 1725
f 1065 411 1725
f 65 32 411
f 557 657 1901
f 856 311 557
f 311 657 557
f 1233 311 856
f 1050 1233 1205
f 1233 856 1205
f 1628 366 1930
f 366 1205 1930
f 1050 1205 366
f 1050 366 801
f 801 366 32
f 366 1628 32
f 1243 837 1613
f 1463 837 1243
f 719 1243 1534
f 1463 1243 719
f 1534 1243 1021
f 1021 394 976
f 1534 1021 976
f 620 725 1880
f 620 1880 1547
f 1547 211 620
f 138 211 1547
f 1573 211 138
f 1573 789 211
f 947 1584 789
f 947 789 1573
f 947 621 1584
f 621 947 1738
f 1738 750 621
f 138 1547 413
f 895 1573 138
f 1573 895 634
f 634 947 1573
f 947 634 736
f 1228 1738 736
f 1738 947 736
f 1279 1738 1228
f 1279 750 1738
f 404 1704 1820
f 1880 404 1820
f 1547 1880 1820
f 413 1547 1820
f 413 895 138
f 895 413 205
f 895 205 30
f 634 895 30
f 137 736 140
f 634 30 140
f 736 634 140
f 1106 1228 137
f 1228 736 137
f 1810 1279 1228
f 1810 1228 1106
f 942 1820 1704
f 528 1820 942
f 528 413 1820
f 1009 1399 528
f 1399 413 528
f 1399 1009 376
f 376 205 1399
f 376 30 205
f 205 413 1399
f 30 376 830
f 30 830 1141
f 140 30 1141
f 1850 1141 1217
f 140 1141 1850
f 137 140 1850
f 1106 137 1850
f 1850 1217 156
f 1106 1850 156
f 156 1810 1106
f 942 982 1700
f 1389 942 1700
f 1389 528 942
f 1803 1009 1227
f 1009 1389 1227
f 1009 528 1389
f 244 452 1538
f 452 1803 1538
f 1009 1803 452
f 452 830 376
f 452 376 1009
f 1445 1133 244
f 1445 244 375
f 1133 962 244
f 962 452 244
f 962 830 452
f 618 1046 1133
f 618 1133 1445
f 1046 962 1133
f 1046 1217 962
f 1141 830 962
f 1217 1141 962
f 74 1046 618
f 74 1367 1046
f 1367 1217 1046
f 1194 1367 74
f 1194 1023 1367
f 1023 156 1367
f 156 1217 1367
f 1258 65 293
f 1700 65 1258
f 1258 1227 1389
f 1389 1700 1258
f 677 293 1936
f 677 1258 293
f 677 1803 1258
f 1803 1227 1258
f 732 677 1936
f 732 1538 677
f 1538 1803 677
f 375 1538 732
f 375 244 1538
f 1065 293 411
f 293 1065 1936
f 293 65 411
f 327 750 844
f 828 327 844
f 573 1703 828
f 537 652 573
f 838 1703 573
f 652 838 573
f 902 1164 1630
f 1164 652 1630
f 305 48 902
f 1732 48 305
f 844 750 1279
f 1222 1279 646
f 844 1279 1222
f 1222 828 844
f 336 573 1222
f 573 828 1222
f 537 573 336
f 1630 652 537
f 544 902 1630
f 544 305 902
f 45 305 1160
f 305 544 1160
f 45 1732 305
f 646 1279 1810
f 610 1222 646
f 1109 387 610
f 387 336 1222
f 387 1222 610
f 104 62 1109
f 62 387 1109
f 62 537 336
f 62 336 387
f 1588 62 104
f 1588 1724 62
f 1724 1630 537
f 1724 537 62
f 1724 1588 1523
f 105 1724 1523
f 105 1523 416
f 544 1630 1724
f 544 1724 105
f 105 416 1331
f 1160 105 1331
f 544 105 1160
f 1088 156 1745
f 1810 156 1088
f 1088 646 1810
f 1316 862 526
f 862 1745 526
f 862 1088 1745
f 862 152 1088
f 152 610 646
f 152 646 1088
f 258 862 1316
f 152 862 258
f 1109 152 258
f 1109 610 152
f 258 1316 203
f 104 258 203
f 1109 258 104
f 71 203 1542
f 666 104 203
f 666 203 71
f 1588 104 666
f 1423 1542 445
f 71 1542 1423
f 1423 866 71
f 866 484 71
f 484 666 71
f 1523 1588 666
f 1523 666 484
f 866 1423 1020
f 1511 484 866
f 416 484 1511
f 1523 484 416
f 381 866 1020
f 381 1020 1012
f 381 1511 866
f 365 1511 381
f 365 416 1511
f 1331 416 365
f 892 794 1194
f 794 1023 1194
f 794 526 1023
f 1023 526 1745
f 1745 156 1023
f 794 1316 526
f 794 892 448
f 488 794 448
f 1316 794 488
f 445 488 448
f 445 1542 488
f 203 1316 488
f 1542 203 488
f 1737 48 1732
f 422 1737 1732
f 401 470 1737
f 401 1737 422
f 162 470 401
f 162 401 1202
f 162 1202 572
f 648 162 572
f 314 572 733
f 648 572 314
f 1963 648 314
f 314 733 1380
f 1963 314 1380
f 1793 710 1380
f 106 710 1793
f 99 150 45
f 150 422 1732
f 150 1732 45
f 150 99 568
f 150 401 422
f 157 568 403
f 157 401 150
f 150 568 157
f 157 403 31
f 18 157 31
f 1202 401 157
f 1202 157 18
f 18 31 806
f 572 806 733
f 1202 18 806
f 572 1202 806
f 733 806 958
f 582 733 958
f 1380 733 582
f 914 1380 582
f 439 1380 914
f 1793 1380 439
f 149 1160 1331
f 149 785 99
f 99 45 149
f 45 1160 149
f 1196 39 785
f 39 99 785
f 568 99 39
f 39 1196 1044
f 643 39 1044
f 403 568 39
f 403 39 643
f 643 1044 872
f 1580 643 872
f 403 643 1580
f 31 403 1580
f 1580 872 867
f 1468 1580 867
f 266 1468 867
f 31 1580 1468
f 806 31 1468
f 1370 266 584
f 1370 649 266
f 741 1468 266
f 649 741 266
f 741 806 1468
f 958 806 741
f 903 649 1370
f 903 510 649
f 510 517 585
f 585 741 649
f 510 585 649
f 585 958 741
f 517 914 582
f 582 958 585
f 517 582 585
f 1148 903 1733
f 1574 903 1148
f 1574 510 903
f 1439 510 1574
f 1439 517 510
f 1439 141 517
f 439 914 517
f 141 439 517
f 381 1012 491
f 650 381 491
f 220 365 381
f 220 381 650
f 600 365 220
f 600 220 1196
f 600 1196 785
f 1331 365 600
f 600 785 149
f 149 1331 600
f 650 491 288
f 1719 650 288
f 220 650 1719
f 1196 220 1719
f 878 1719 288
f 1081 1719 878
f 1081 1196 1719
f 1044 1196 1081
f 1913 1081 878
f 316 1081 1913
f 872 1044 1081
f 316 872 1081
f 570 316 1913
f 570 1402 316
f 1402 584 316
f 584 872 316
f 1402 1370 584
f 867 872 584
f 584 266 867
f 456 1402 570
f 456 1370 1402
f 903 456 1733
f 903 1370 456
f 788 106 1793
f 262 106 788
f 303 1182 322
f 303 434 1182
f 434 269 1182
f 434 262 788
f 303 262 434
f 637 382 186
f 1515 637 186
f 209 637 1515
f 1182 269 209
f 209 1515 1182
f 1515 322 1182
f 24 1793 439
f 788 1793 24
f 46 276 111
f 46 111 410
f 434 1127 269
f 434 276 1127
f 276 46 1127
f 276 788 24
f 276 24 111
f 434 788 276
f 1754 265 1098
f 637 1098 382
f 1754 1098 637
f 395 265 1754
f 209 1754 637
f 395 1754 209
f 209 269 1127
f 1127 46 395
f 209 1127 395
f 691 1574 1148
f 691 1148 28
f 458 1574 691
f 458 1439 1574
f 691 123 458
f 123 1317 671
f 671 1439 458
f 123 671 458
f 671 141 1439
f 1317 111 141
f 1317 141 671
f 1317 410 111
f 24 439 141
f 111 24 141
f 691 28 1541
f 574 691 1541
f 1541 1098 265
f 574 1541 265
f 383 1317 123
f 123 691 574
f 383 123 574
f 46 383 395
f 383 574 265
f 383 265 395
f 383 410 1317
f 383 46 410
f 1259 1615 1347
f 1338 1615 1259
f 925 1347 1973
f 1347 1625 1973
f 1851 1347 925
f 1259 1347 1851
f 925 1995 1974
f 1973 1995 925
f 721 925 1974
f 1080 1851 721
f 925 721 1851
f 438 1851 1080
f 1179 1857 1844
f 438 1080 1179
f 969 1974 1711
f 1995 1711 1974
f 1659 969 1594
f 1659 721 1974
f 1974 969 1659
f 1857 1080 1659
f 721 1659 1080
f 1080 1857 1179
f 1420 705 1666
f 1420 820 705
f 1625 1150 1420
f 1150 1625 1615
f 802 1150 1615
f 1338 802 1615
f 1973 1420 1666
f 1625 1420 1973
f 1615 1625 1347
f 1973 1666 1995
f 128 547 1338
f 1478 236 128
f 236 547 128
f 1289 236 1478
f 1289 1478 228
f 228 1901 1289
f 228 370 913
f 1901 913 557
f 228 913 1901
f 128 1338 1259
f 128 1259 1998
f 581 1478 1998
f 1478 128 1998
f 1565 1478 581
f 658 1565 1140
f 228 1478 1565
f 370 1565 658
f 370 228 1565
f 323 658 1199
f 370 658 323
f 370 323 1391
f 1998 1851 438
f 1259 1851 1998
f 581 1998 1239
f 1829 1239 154
f 1829 1140 1239
f 1140 581 1239
f 1565 581 1140
f 1829 1199 658
f 658 1140 1829
f 1179 1844 154
f 1239 1179 154
f 438 1179 1239
f 1998 438 1239
f 1187 802 1338
f 547 1187 1338
f 913 370 1391
f 1629 323 1300
f 1629 1391 323
f 856 913 1391
f 856 557 913
f 1629 1300 796
f 796 1930 1629
f 1205 1629 1930
f 1205 856 1391
f 1205 1391 1629
f 323 1199 1300

