v -0.238251 0.255312 -0.00942185
v -0.238251 0.255312 0.00942185
v -0.237412 0.274231 -0.00942185
v -0.234986 0.274231 -0.0283588
v -0.233307 0.255312 -0.0472958
v -0.235779 0.16072 -0.0283588
v -0.235733 -0.00954634 -0.0283588
v -0.237972 -0.728448 -0.00942185
v -0.235779 0.16072 0.0283588
v -0.233307 0.255312 0.0472958
v -0.234986 0.274231 0.0283588
v -0.237412 0.274231 0.00942185
v -0.237972 -0.728448 0.00942185
v -0.235593 -0.501281 0.0283588
v -0.2355 0.293149 -0.00942185
v -0.233074 0.293149 -0.0283588
v -0.230602 0.293149 -0.0472958
v -0.232468 0.274231 -0.0472958
v -0.229156 0.274231 -0.0630611
v -0.229529 0.255312 -0.0643204
v -0.233307 0.236394 -0.0472958
v -0.233214 -0.104139 -0.0472958
v -0.233027 -0.766285 -0.0472958
v -0.235593 -0.501281 -0.0283588
v -0.2355 -0.823041 -0.0283588
v -0.237925 -0.879796 -0.00942185
v -0.233214 -0.104139 0.0472958
v -0.233307 0.236394 0.0472958
v -0.233027 -0.766285 0.0472958
v -0.229529 0.255312 0.0643204
v -0.229156 0.274231 0.0630611
v -0.232468 0.274231 0.0472958
v -0.230602 0.293149 0.0472958
v -0.233074 0.293149 0.0283588
v -0.2355 0.293149 0.00942185
v -0.237925 -0.879796 0.00942185
v -0.2355 -0.823041 0.0283588
v -0.233354 0.312068 -0.00942185
v -0.230929 0.312068 -0.0283588
v -0.226731 0.318907 -0.0543855
v -0.22743 0.306247 -0.057977
v -0.228177 0.293149 -0.0602159
v -0.225938 0.274231 -0.0725296
v -0.226358 0.255312 -0.0737889
v -0.229529 0.236394 -0.0643204
v -0.229529 0.0282906 -0.0642271
v -0.229483 -0.312096 -0.0640872
v -0.229436 -0.633856 -0.0639473
v -0.229389 -0.860877 -0.063854
v -0.232981 -0.879796 -0.0472958
v -0.236806 -0.898714 -0.00942185
v -0.229436 -0.633856 0.0639473
v -0.229529 0.236394 0.0643204
v -0.229483 -0.312096 0.0640872
v -0.229529 0.0282906 0.0642271
v -0.232981 -0.879796 0.0472958
v -0.229389 -0.860877 0.063854
v -0.226358 0.255312 0.0737889
v -0.225938 0.274231 0.0725296
v -0.228177 0.293149 0.0602159
v -0.22743 0.306247 0.057977
v -0.226731 0.318907 0.0543855
v -0.230929 0.312068 0.0283588
v -0.233354 0.312068 0.00942185
v -0.236806 -0.898714 0.00942185
v -0.229343 0.332005 -0.0090487
v -0.228456 0.326475 -0.0283588
v -0.22757 0.323419 -0.041792
v -0.224772 0.330258 -0.0477622
v -0.219828 0.330986 -0.0661861
v -0.224212 0.312359 -0.0650667
v -0.224912 0.293149 -0.0696843
v -0.218848 0.293149 -0.0851231
v -0.2209 0.274231 -0.0851231
v -0.221787 0.255312 -0.0851231
v -0.221787 0.236394 -0.0851231
v -0.226358 0.16072 -0.0737423
v -0.226358 0.085046 -0.0736956
v -0.226218 -0.841959 -0.0733225
v -0.229389 -0.879796 -0.0638074
v -0.22883 -0.898714 -0.0621282
v -0.231861 -0.898714 -0.0472958
v -0.231115 -0.917633 -0.0283588
v -0.233541 -0.917633 -0.00942185
v -0.226218 -0.841959 0.0733225
v -0.226358 0.085046 0.0736956
v -0.226358 0.16072 0.0737423
v -0.231861 -0.898714 0.0472958
v -0.22883 -0.898714 0.0621282
v -0.229389 -0.879796 0.0638074
v -0.221787 0.236394 0.0851231
v -0.221787 0.255312 0.0851231
v -0.2209 0.274231 0.0851231
v -0.218848 0.293149 0.0851231
v -0.224912 0.293149 0.0696843
v -0.224212 0.312359 0.0650667
v -0.219828 0.330986 0.0661861
v -0.224772 0.330258 0.0477622
v -0.22757 0.323419 0.041792
v -0.228456 0.326475 0.0283588
v -0.229343 0.332005 0.0090487
v -0.233541 -0.917633 0.00942185
v -0.231115 -0.917633 0.0283588
v -0.227337 0.341319 -0.00247207
v -0.226544 0.338845 -0.0150656
v -0.225705 0.335934 -0.0283588
v -0.218242 0.35005 -0.0472958
v -0.20924 0.325311 -0.0972969
v -0.209846 0.36373 -0.0611954
v -0.212691 0.350778 -0.0669791
v -0.209893 0.344957 -0.0798991
v -0.212085 0.331423 -0.0857761
v -0.216563 0.312068 -0.0851231
v -0.210872 0.291548 -0.1049
v -0.208167 0.284127 -0.113575
v -0.213064 0.274231 -0.10406
v -0.213951 0.255312 -0.10406
v -0.213904 0.085046 -0.10406
v -0.22146 -0.841959 -0.0851231
v -0.221413 -0.879796 -0.0851231
v -0.226171 -0.879796 -0.0732758
v -0.225611 -0.898714 -0.0715967
v -0.22785 -0.911812 -0.0591897
v -0.228643 -0.917924 -0.0464562
v -0.226451 -0.924473 -0.0521933
v -0.22729 -0.927674 -0.0395997
v -0.22799 -0.929712 -0.0283588
v -0.229249 -0.932768 -0.00942185
v -0.226171 -0.879796 0.0732758
v -0.221413 -0.879796 0.0851231
v -0.22146 -0.841959 0.0851231
v -0.221507 -0.690611 0.0851231
v -0.228643 -0.917924 0.0464562
v -0.22785 -0.911812 0.0591897
v -0.225611 -0.898714 0.0715967
v -0.213904 0.085046 0.10406
v -0.213951 0.255312 0.10406
v -0.213064 0.274231 0.10406
v -0.208167 0.284127 0.113575
v -0.216563 0.312068 0.0851231
v -0.210872 0.291548 0.1049
v -0.20924 0.325311 0.0972969
v -0.212085 0.331423 0.0857761
v -0.209893 0.344957 0.0798991
v -0.212691 0.350778 0.0669791
v -0.209846 0.36373 0.0611954
v -0.218242 0.35005 0.0472958
v -0.225705 0.335934 0.0283588
v -0.226544 0.338845 0.0150656
v -0.227337 0.341319 0.00247207
v -0.229249 -0.932768 0.00942185
v -0.22799 -0.929712 0.0283588
v -0.22729 -0.927674 0.0395531
v -0.226451 -0.924473 0.0521933
v -0.21563 0.368969 -0.00942185
v -0.223792 0.348595 -0.0090487
v -0.220807 0.35005 -0.0283588
v -0.211385 0.367368 -0.0472958
v -0.207281 0.337826 -0.0925393
v -0.204435 0.331423 -0.10378
v -0.206348 0.312068 -0.109517
v -0.210359 0.312068 -0.100049
v -0.207327 0.357472 -0.0737889
v -0.207327 0.376827 -0.0472958
v -0.204855 0.369551 -0.0669791
v -0.197579 0.368969 -0.0851231
v -0.205135 0.350778 -0.0857761
v -0.207374 0.296787 -0.111756
v -0.198092 0.312068 -0.12295
v -0.20215 0.291548 -0.121131
v -0.202383 0.274231 -0.123883
v -0.208633 0.274231 -0.114415
v -0.209053 0.255312 -0.115161
v -0.209053 0.16072 -0.115161
v -0.209053 0.0472091 -0.115114
v -0.208913 -0.879796 -0.114881
v -0.213624 -0.823041 -0.10406
v -0.213577 -0.879796 -0.10406
v -0.208633 -0.89333 -0.114415
v -0.220201 -0.898714 -0.0851231
v -0.207794 -0.905991 -0.112829
v -0.216749 -0.917633 -0.0851231
v -0.224119 -0.917924 -0.065813
v -0.223139 -0.935096 -0.0464562
v -0.217635 -0.936551 -0.0661861
v -0.223792 -0.939171 -0.0283588
v -0.225005 -0.942227 -0.00942185
v -0.220201 -0.898714 0.0851231
v -0.213577 -0.879796 0.10406
v -0.208633 -0.89333 0.114415
v -0.213624 -0.823041 0.10406
v -0.216749 -0.917633 0.0851231
v -0.224119 -0.917924 0.065813
v -0.207794 -0.905991 0.112829
v -0.208913 -0.879796 0.114881
v -0.209053 0.255312 0.115161
v -0.208633 0.274231 0.114415
v -0.209053 0.0282906 0.115114
v -0.209053 0.16072 0.115161
v -0.20215 0.291548 0.121131
v -0.198092 0.312068 0.12295
v -0.207374 0.296787 0.111756
v -0.202383 0.274231 0.123883
v -0.210359 0.312068 0.100049
v -0.204435 0.331423 0.10378
v -0.207281 0.337826 0.0925393
v -0.206348 0.312068 0.109517
v -0.205135 0.350778 0.0857761
v -0.207327 0.357472 0.0737889
v -0.197579 0.368969 0.0851231
v -0.204855 0.369551 0.0669791
v -0.207327 0.376827 0.0472958
v -0.211385 0.367368 0.0472958
v -0.220807 0.35005 0.0283588
v -0.223792 0.348595 0.0090487
v -0.21563 0.368969 0.00942185
v -0.225005 -0.942227 0.00942185
v -0.223792 -0.939171 0.0283588
v -0.223139 -0.935096 0.0464562
v -0.217635 -0.936551 0.0661861
v -0.209846 0.381047 -0.00942185
v -0.208866 0.379592 -0.0250005
v -0.208074 0.378282 -0.0376407
v -0.212225 0.370715 -0.0301313
v -0.195806 0.351796 -0.105879
v -0.189137 0.359364 -0.113435
v -0.191842 0.346703 -0.117307
v -0.193847 0.329822 -0.123324
v -0.200098 0.387887 -0.0472958
v -0.190023 0.398511 -0.0587699
v -0.194454 0.388178 -0.0655331
v -0.191235 0.381338 -0.0851231
v -0.189277 0.378428 -0.0947315
v -0.191422 0.368969 -0.0993958
v -0.189556 0.322691 -0.132885
v -0.190396 0.312068 -0.134005
v -0.191749 0.293149 -0.135777
v -0.192915 0.274231 -0.137316
v -0.202896 0.255312 -0.12463
v -0.202896 0.0661276 -0.124583
v -0.202896 0.198557 -0.12463
v -0.20896 -0.539263 -0.114975
v -0.20285 -0.160894 -0.124536
v -0.202756 -0.690611 -0.124396
v -0.20271 -0.860877 -0.12435
v -0.20271 -0.879796 -0.124303
v -0.192541 -0.898714 -0.136803
v -0.203036 -0.899297 -0.121598
v -0.211712 -0.899297 -0.105506
v -0.190956 -0.914431 -0.134751
v -0.196506 -0.919525 -0.124863
v -0.206441 -0.917633 -0.109751
v -0.210452 -0.917633 -0.100282
v -0.208913 -0.929129 -0.0965506
v -0.210779 -0.948485 -0.0661861
v -0.213158 -0.950376 -0.0472958
v -0.20868 -0.946593 -0.0771472
v -0.211012 -0.935824 -0.0841436
v -0.214324 -0.950813 -0.0283588
v -0.215536 -0.951104 -0.00942185
v -0.211712 -0.899297 0.105506
v -0.20271 -0.879796 0.124303
v -0.203036 -0.899297 0.121598
v -0.192541 -0.898714 0.136803
v -0.210452 -0.917633 0.100282
v -0.208913 -0.929129 0.0965506
v -0.206441 -0.917633 0.109751
v -0.196506 -0.919525 0.124863
v -0.190956 -0.914431 0.134751
v -0.20271 -0.860877 0.12435
v -0.202756 -0.690611 0.124396
v -0.20285 -0.160894 0.124536
v -0.202896 0.0661276 0.124583
v -0.202896 0.255312 0.12463
v -0.202896 0.198557 0.12463
v -0.191749 0.293149 0.135777
v -0.190396 0.312068 0.134005
v -0.189556 0.322691 0.132885
v -0.193847 0.329822 0.123324
v -0.192915 0.274231 0.137316
v -0.191842 0.346703 0.117307
v -0.189137 0.359364 0.113435
v -0.195806 0.351796 0.105879
v -0.191422 0.368969 0.0993958
v -0.189277 0.378428 0.0947315
v -0.191235 0.381338 0.0851231
v -0.194454 0.388178 0.0655331
v -0.190023 0.398511 0.0587699
v -0.200098 0.387887 0.0472958
v -0.208074 0.378282 0.0376407
v -0.212225 0.370715 0.0301313
v -0.208866 0.379592 0.0250005
v -0.209846 0.381047 0.00942185
v -0.215536 -0.951104 0.00942185
v -0.214324 -0.950813 0.0283588
v -0.213158 -0.950376 0.0472958
v -0.210779 -0.948485 0.0661861
v -0.20868 -0.946593 0.0771472
v -0.211012 -0.935824 0.0841436
v -0.203689 0.390507 -0.00942185
v -0.203596 0.386723 -0.0301313
v -0.193008 0.403022 -0.0283588
v -0.171692 0.362274 -0.134285
v -0.167354 0.35005 -0.147578
v -0.174631 0.35005 -0.138109
v -0.185079 0.351796 -0.123324
v -0.186618 0.368969 -0.108818
v -0.173185 0.38192 -0.117353
v -0.168381 0.374935 -0.129947
v -0.16978 0.339281 -0.15075
v -0.187271 0.335206 -0.1299
v -0.191422 0.400548 -0.0472958
v -0.184472 0.410007 -0.0472958
v -0.172578 0.418593 -0.062548
v -0.17006 0.415974 -0.0751882
v -0.175144 0.403895 -0.0851231
v -0.184566 0.390798 -0.0851231
v -0.172205 0.399966 -0.0977167
v -0.179015 0.386577 -0.102568
v -0.179668 0.330986 -0.141841
v -0.172112 0.32662 -0.153688
v -0.173698 0.312068 -0.15574
v -0.183166 0.312068 -0.143473
v -0.17505 0.293149 -0.157513
v -0.185685 0.274231 -0.146785
v -0.193428 0.255312 -0.137969
v -0.193428 0.0282906 -0.137923
v -0.193381 -0.236422 -0.137876
v -0.193428 0.16072 -0.137969
v -0.193288 -0.766285 -0.137736
v -0.193241 -0.860877 -0.137736
v -0.193241 -0.879796 -0.13769
v -0.175843 -0.898714 -0.158539
v -0.173791 -0.917633 -0.15588
v -0.184426 -0.919525 -0.141374
v -0.189183 -0.927092 -0.132419
v -0.193521 -0.936551 -0.119779
v -0.20271 -0.935824 -0.103314
v -0.205975 -0.94179 -0.0897874
v -0.193334 -0.949358 -0.10406
v -0.199258 -0.950376 -0.0841436
v -0.198652 -0.953723 -0.0661861
v -0.198652 -0.955615 -0.0472958
v -0.190583 -0.94732 -0.115534
v -0.198652 -0.956052 -0.0283588
v -0.198652 -0.956343 -0.00942185
v -0.193241 -0.879796 0.13769
v -0.175843 -0.898714 0.158539
v -0.205975 -0.94179 0.0897874
v -0.20271 -0.935824 0.103314
v -0.193521 -0.936551 0.119779
v -0.189183 -0.927092 0.132419
v -0.173791 -0.917633 0.15588
v -0.184426 -0.919525 0.141374
v -0.193241 -0.860877 0.137736
v -0.193288 -0.766285 0.137736
v -0.193381 -0.236422 0.137876
v -0.193428 0.0282906 0.137923
v -0.193428 0.255312 0.137969
v -0.193428 0.16072 0.137969
v -0.17505 0.293149 0.157513
v -0.183166 0.312068 0.143473
v -0.185685 0.274231 0.146785
v -0.172112 0.32662 0.153688
v -0.169826 0.339281 0.15075
v -0.187271 0.335206 0.1299
v -0.173698 0.312068 0.15574
v -0.185079 0.351796 0.123324
v -0.186618 0.368969 0.108818
v -0.174631 0.35005 0.138109
v -0.167354 0.35005 0.147578
v -0.171692 0.362274 0.134285
v -0.168381 0.374935 0.129947
v -0.173185 0.38192 0.117353
v -0.179015 0.386577 0.102568
v -0.172205 0.399966 0.0977167
v -0.175144 0.403895 0.0851231
v -0.184566 0.390798 0.0851231
v -0.17006 0.415974 0.0751882
v -0.172578 0.418593 0.062548
v -0.184472 0.410007 0.0472958
v -0.191422 0.400548 0.0472958
v -0.193008 0.403022 0.0283588
v -0.203596 0.386723 0.0301313
v -0.203689 0.390507 0.00942185
v -0.198652 -0.956343 0.00942185
v -0.198652 -0.956052 0.0283588
v -0.198652 -0.955615 0.0472958
v -0.198652 -0.953723 0.0661861
v -0.199258 -0.950376 0.0841436
v -0.193334 -0.949358 0.10406
v -0.190583 -0.94732 0.115534
v -0.194221 0.404623 -0.00942185
v -0.186385 0.412481 -0.0283588
v -0.161291 0.369987 -0.14254
v -0.15075 0.377555 -0.15075
v -0.154248 0.364894 -0.154248
v -0.168007 0.394581 -0.110357
v -0.161897 0.389197 -0.124396
v -0.15574 0.383667 -0.138156
v -0.157886 0.35005 -0.157886
v -0.161757 0.333023 -0.161757
v -0.175004 0.421213 -0.0472958
v -0.0855895 0.530212 -0.0283588
v -0.167774 0.413354 -0.0851231
v -0.078733 0.530212 -0.0445905
v -0.154528 0.419175 -0.098976
v -0.161291 0.407388 -0.104666
v -0.153688 0.32662 -0.172112
v -0.165209 0.312068 -0.165209
v -0.166935 0.293149 -0.166935
v -0.168474 0.274231 -0.168474
v -0.176217 0.274231 -0.159005
v -0.17673 0.255312 -0.159705
v -0.186198 0.255312 -0.147438
v -0.186198 0.198557 -0.147438
v -0.186058 -0.596019 -0.147251
v -0.186012 -0.823041 -0.147205
v -0.186012 -0.860877 -0.147158
v -0.176543 -0.879796 -0.159425
v -0.168894 -0.879796 -0.168894
v -0.167961 -0.898714 -0.167961
v -0.165349 -0.917633 -0.165349
v -0.171739 -0.930148 -0.153222
v -0.17673 -0.936551 -0.142354
v -0.186711 -0.936551 -0.129201
v -0.179668 -0.950231 -0.122297
v -0.179715 -0.954597 -0.10406
v -0.179715 -0.956197 -0.0851231
v -0.168381 -0.942809 -0.149024
v -0.173278 -0.948339 -0.136384
v -0.179715 -0.956488 -0.0661861
v -0.176543 -0.879796 0.159425
v -0.186012 -0.860877 0.147158
v -0.167961 -0.898714 0.167961
v -0.168894 -0.879796 0.168894
v -0.186711 -0.936551 0.129201
v -0.171739 -0.930148 0.153222
v -0.17673 -0.936551 0.142354
v -0.165349 -0.917633 0.165349
v -0.186012 -0.823041 0.147205
v -0.186058 -0.596019 0.147251
v -0.186198 0.198557 0.147438
v -0.186198 0.255312 0.147438
v -0.166935 0.293149 0.166935
v -0.176217 0.274231 0.159005
v -0.168474 0.274231 0.168474
v -0.17673 0.255312 0.159705
v -0.165209 0.312068 0.165209
v -0.153688 0.32662 0.172112
v -0.161757 0.333023 0.161757
v -0.157886 0.35005 0.157886
v -0.154248 0.364894 0.154248
v -0.15075 0.377555 0.15075
v -0.161291 0.369987 0.14254
v -0.15574 0.383667 0.138156
v -0.161897 0.389197 0.124396
v -0.168007 0.394581 0.110357
v -0.161291 0.407388 0.104666
v -0.154528 0.419175 0.098976
v -0.167774 0.413354 0.0851231
v -0.078733 0.530212 0.0445905
v -0.0826044 0.530212 0.0357284
v -0.0855895 0.530212 0.0283588
v -0.175004 0.421213 0.0472958
v -0.186385 0.412481 0.0283588
v -0.194221 0.404623 0.00942185
v -0.179715 -0.956488 0.0661861
v -0.179715 -0.956197 0.0851231
v -0.179715 -0.954597 0.10406
v -0.179668 -0.950231 0.122297
v -0.168381 -0.942809 0.149024
v -0.173278 -0.948339 0.136384
v -0.187597 0.414082 -0.00942185
v -0.0900206 0.530212 -0.00942185
v -0.138156 0.383667 -0.15574
v -0.117353 0.38192 -0.173185
v -0.129947 0.374935 -0.168381
v -0.14254 0.369987 -0.161291
v -0.147578 0.35005 -0.167354
v -0.150563 0.396328 -0.131439
v -0.132419 0.416119 -0.132419
v -0.131439 0.396328 -0.150563
v -0.15075 0.339281 -0.169826
v -0.155414 0.402003 -0.118799
v -0.0730426 0.530212 -0.0528929
v -0.14991 0.414664 -0.111616
v -0.132885 0.322691 -0.189556
v -0.15574 0.312068 -0.173698
v -0.157513 0.293149 -0.17505
v -0.159005 0.274231 -0.176217
v -0.169127 0.255312 -0.169127
v -0.17673 0.236394 -0.159705
v -0.176636 -0.368852 -0.159565
v -0.16894 -0.747367 -0.16894
v -0.169127 0.0661276 -0.169127
v -0.16908 -0.141976 -0.16908
v -0.159425 -0.879796 -0.176543
v -0.158539 -0.898714 -0.175843
v -0.15588 -0.917633 -0.173791
v -0.153222 -0.930148 -0.171739
v -0.160824 -0.936406 -0.160824
v -0.161571 -0.95125 -0.142354
v -0.160824 -0.955615 -0.12295
v -0.141887 -0.956052 -0.141887
v -0.160824 -0.956488 -0.10406
v -0.149024 -0.942809 -0.168381
v -0.155787 -0.949067 -0.155787
v -0.176636 -0.368852 0.159565
v -0.16894 -0.747367 0.16894
v -0.16908 -0.141976 0.16908
v -0.169127 0.0661276 0.169127
v -0.158539 -0.898714 0.175843
v -0.15588 -0.917633 0.173791
v -0.159425 -0.879796 0.176543
v -0.160824 -0.936406 0.160824
v -0.153222 -0.930148 0.171739
v -0.17673 0.236394 0.159705
v -0.157513 0.293149 0.17505
v -0.15574 0.312068 0.173698
v -0.169127 0.255312 0.169127
v -0.159005 0.274231 0.176217
v -0.132885 0.322691 0.189556
v -0.15075 0.339281 0.169826
v -0.147578 0.35005 0.167354
v -0.14254 0.369987 0.161291
v -0.129947 0.374935 0.168381
v -0.117353 0.38192 0.173185
v -0.138156 0.383667 0.15574
v -0.131439 0.396328 0.150563
v -0.132419 0.416119 0.132419
v -0.150563 0.396328 0.131439
v -0.155414 0.402003 0.118799
v -0.14991 0.414664 0.111616
v -0.0754214 0.530212 0.0498612
v -0.0876885 0.530212 0.0197765
v -0.0900206 0.530212 0.00942185
v -0.187597 0.414082 0.00942185
v -0.160824 -0.956488 0.10406
v -0.141887 -0.956052 0.141887
v -0.160824 -0.955615 0.12295
v -0.161571 -0.95125 0.142354
v -0.155787 -0.949067 0.155787
v -0.149024 -0.942809 0.168381
v -0.124396 0.389197 -0.161897
v -0.110357 0.394581 -0.168007
v -0.0977167 0.399966 -0.172205
v -0.102568 0.386577 -0.179015
v -0.0947315 0.378428 -0.189277
v -0.108818 0.368969 -0.186618
v -0.113435 0.359364 -0.189137
v -0.134285 0.362274 -0.171692
v -0.138109 0.35005 -0.174631
v -0.14394 0.409134 -0.125609
v -0.111616 0.414664 -0.14991
v -0.125609 0.409134 -0.14394
v -0.0694045 0.530212 -0.0575106
v -0.0639006 0.530212 -0.0639006
v -0.0528929 0.530212 -0.0730426
v -0.0498612 0.530212 -0.0754214
v -0.118799 0.402003 -0.155414
v -0.123324 0.351796 -0.185079
v -0.117307 0.346703 -0.191842
v -0.1299 0.335206 -0.187271
v -0.123324 0.329822 -0.193847
v -0.12295 0.312068 -0.198092
v -0.134005 0.312068 -0.190396
v -0.143473 0.312068 -0.183166
v -0.135777 0.293149 -0.191749
v -0.146785 0.274231 -0.185685
v -0.159705 0.255312 -0.17673
v -0.159705 0.236394 -0.17673
v -0.159565 -0.368852 -0.176636
v -0.147205 -0.823041 -0.186012
v -0.147158 -0.860877 -0.186012
v -0.13769 -0.879796 -0.193241
v -0.136803 -0.898714 -0.192541
v -0.134751 -0.914431 -0.190956
v -0.141374 -0.919525 -0.184426
v -0.132419 -0.927092 -0.189183
v -0.142354 -0.936551 -0.17673
v -0.142354 -0.95125 -0.161571
v -0.12295 -0.955615 -0.160824
v -0.0851231 -0.956197 -0.179715
v -0.10406 -0.956488 -0.160824
v -0.115534 -0.94732 -0.190583
v -0.136384 -0.948339 -0.173278
v -0.129201 -0.936551 -0.186711
v -0.159705 0.236394 0.17673
v -0.159565 -0.368852 0.176636
v -0.136803 -0.898714 0.192541
v -0.134751 -0.914431 0.190956
v -0.132419 -0.927092 0.189183
v -0.141374 -0.919525 0.184426
v -0.13769 -0.879796 0.193241
v -0.147158 -0.860877 0.186012
v -0.147205 -0.823041 0.186012
v -0.142354 -0.936551 0.17673
v -0.135777 0.293149 0.191749
v -0.143473 0.312068 0.183166
v -0.146785 0.274231 0.185685
v -0.159705 0.255312 0.17673
v -0.123324 0.329822 0.193847
v -0.1299 0.335206 0.187271
v -0.134005 0.312068 0.190396
v -0.12295 0.312068 0.198092
v -0.117307 0.346703 0.191842
v -0.123324 0.351796 0.185079
v -0.138109 0.35005 0.174631
v -0.113435 0.359364 0.189137
v -0.134285 0.362274 0.171692
v -0.102568 0.386577 0.179015
v -0.0977167 0.399966 0.172205
v -0.110357 0.394581 0.168007
v -0.124396 0.389197 0.161897
v -0.108818 0.368969 0.186618
v -0.0947315 0.378428 0.189277
v -0.118799 0.402003 0.155414
v -0.125609 0.409134 0.14394
v -0.14394 0.409134 0.125609
v -0.111616 0.414664 0.14991
v -0.0528929 0.530212 0.0730426
v -0.0575106 0.530212 0.0694045
v -0.0639006 0.530212 0.0639006
v -0.0730426 0.530212 0.0528929
v -0.10406 -0.956488 0.160824
v -0.0851231 -0.956197 0.179715
v -0.12295 -0.955615 0.160824
v -0.142354 -0.95125 0.161571
v -0.136384 -0.948339 0.173278
v -0.115534 -0.94732 0.190583
v -0.129201 -0.936551 0.186711
v -0.104666 0.407388 -0.161291
v -0.098976 0.419175 -0.154528
v -0.0851231 0.413354 -0.167774
v -0.0851231 0.403895 -0.175144
v -0.0851231 0.390798 -0.184566
v -0.0851231 0.381338 -0.191235
v -0.0669791 0.369551 -0.204855
v -0.0851231 0.368969 -0.197579
v -0.0993958 0.368969 -0.191422
v -0.105879 0.351796 -0.195806
v -0.10378 0.331423 -0.204435
v -0.0445905 0.530212 -0.078733
v -0.109517 0.312068 -0.206348
v -0.111756 0.296787 -0.207374
v -0.113575 0.284127 -0.208167
v -0.121131 0.291548 -0.20215
v -0.123883 0.274231 -0.202383
v -0.137316 0.274231 -0.192915
v -0.147438 0.255312 -0.186198
v -0.147438 0.198557 -0.186198
v -0.147251 -0.596019 -0.186058
v -0.137736 -0.766285 -0.193288
v -0.137736 -0.860877 -0.193241
v -0.137876 -0.236422 -0.193381
v -0.124303 -0.879796 -0.20271
v -0.121598 -0.899297 -0.203036
v -0.114415 -0.89333 -0.208633
v -0.112829 -0.905991 -0.207794
v -0.124863 -0.919525 -0.196506
v -0.109751 -0.917633 -0.206441
v -0.119779 -0.936551 -0.193521
v -0.10406 -0.954597 -0.179715
v -0.122297 -0.950231 -0.179668
v -0.0472958 -0.955615 -0.198652
v -0.0283588 -0.956052 -0.198652
v -0.0661861 -0.956488 -0.179715
v -0.103314 -0.935824 -0.20271
v -0.0897874 -0.94179 -0.205975
v -0.0771472 -0.946593 -0.20868
v -0.10406 -0.949358 -0.193334
v -0.147438 0.198557 0.186198
v -0.147251 -0.596019 0.186058
v -0.121598 -0.899297 0.203036
v -0.114415 -0.89333 0.208633
v -0.124303 -0.879796 0.20271
v -0.112829 -0.905991 0.207794
v -0.124863 -0.919525 0.196506
v -0.109751 -0.917633 0.206441
v -0.119779 -0.936551 0.193521
v -0.137736 -0.860877 0.193241
v -0.137736 -0.766285 0.193288
v -0.137876 -0.236422 0.193381
v -0.137316 0.274231 0.192915
v -0.123883 0.274231 0.202383
v -0.121131 0.291548 0.20215
v -0.147438 0.255312 0.186198
v -0.10378 0.331423 0.204435
v -0.109517 0.312068 0.206348
v -0.113575 0.284127 0.208167
v -0.111756 0.296787 0.207374
v -0.105879 0.351796 0.195806
v -0.0993958 0.368969 0.191422
v -0.0851231 0.403895 0.175144
v -0.0851231 0.413354 0.167774
v -0.098976 0.419175 0.154528
v -0.104666 0.407388 0.161291
v -0.0851231 0.381338 0.191235
v -0.0851231 0.390798 0.184566
v -0.0851231 0.368969 0.197579
v -0.0669791 0.369551 0.204855
v -0.0445905 0.530212 0.078733
v -0.0661861 -0.956488 0.179715
v -0.0283588 -0.956052 0.198652
v -0.0472958 -0.955615 0.198652
v -0.10406 -0.954597 0.179715
v -0.122297 -0.950231 0.179668
v -0.0771472 -0.946593 0.20868
v -0.0897874 -0.94179 0.205975
v -0.103314 -0.935824 0.20271
v -0.10406 -0.949358 0.193334
v -0.0751882 0.415974 -0.17006
v -0.0587699 0.398511 -0.190023
v -0.0655331 0.388178 -0.194454
v -0.0611954 0.36373 -0.209846
v -0.0472958 0.376827 -0.207327
v -0.0737889 0.357472 -0.207327
v -0.0857761 0.350778 -0.205135
v -0.0925393 0.337826 -0.207281
v -0.0972969 0.325311 -0.20924
v -0.0357284 0.530212 -0.0826044
v -0.100049 0.312068 -0.210359
v -0.1049 0.291548 -0.210872
v -0.0851231 0.293149 -0.218848
v -0.0851231 0.274231 -0.2209
v -0.10406 0.274231 -0.213064
v -0.114415 0.274231 -0.208633
v -0.12463 0.255312 -0.202896
v -0.137969 0.255312 -0.193428
v -0.137969 0.16072 -0.193428
v -0.137923 0.0282906 -0.193428
v -0.124396 -0.690611 -0.202756
v -0.12435 -0.860877 -0.20271
v -0.124536 -0.160894 -0.20285
v -0.124583 0.0661276 -0.202896
v -0.114881 -0.879796 -0.208913
v -0.10406 -0.879796 -0.213577
v -0.0851231 -0.879796 -0.221413
v -0.0851231 -0.898714 -0.220201
v -0.105506 -0.899297 -0.211712
v -0.0715967 -0.898714 -0.225611
v -0.0851231 -0.917633 -0.216749
v -0.100282 -0.917633 -0.210452
v -0.0965506 -0.929129 -0.208913
v -0.0661861 -0.953723 -0.198652
v -0.0472958 -0.950376 -0.213158
v -0.0283588 -0.950813 -0.214324
v -0.00942185 -0.951104 -0.215536
v -0.00942185 -0.956343 -0.198652
v 0.0661861 -0.956488 -0.179715
v -0.0841436 -0.935824 -0.211012
v -0.0661861 -0.936551 -0.217635
v -0.0661861 -0.948485 -0.210779
v -0.0841436 -0.950376 -0.199258
v -0.137923 0.0282906 0.193428
v -0.137969 0.16072 0.193428
v -0.0851231 -0.879796 0.221413
v -0.10406 -0.879796 0.213577
v -0.114881 -0.879796 0.208913
v -0.105506 -0.899297 0.211712
v -0.0851231 -0.898714 0.220201
v -0.12435 -0.860877 0.20271
v -0.0715967 -0.898714 0.225611
v -0.100282 -0.917633 0.210452
v -0.0851231 -0.917633 0.216749
v -0.0965506 -0.929129 0.208913
v -0.124396 -0.690611 0.202756
v -0.124536 -0.160894 0.20285
v -0.124583 0.0661276 0.202896
v -0.137969 0.255312 0.193428
v -0.12463 0.255312 0.202896
v -0.114415 0.274231 0.208633
v -0.0925393 0.337826 0.207281
v -0.0972969 0.325311 0.20924
v -0.100049 0.312068 0.210359
v -0.10406 0.274231 0.213064
v -0.0851231 0.274231 0.2209
v -0.0851231 0.293149 0.218848
v -0.1049 0.291548 0.210872
v -0.0857761 0.350778 0.205135
v -0.0587699 0.398511 0.190023
v -0.0751882 0.415974 0.17006
v -0.0655331 0.388178 0.194454
v -0.0737889 0.357472 0.207327
v -0.0611954 0.36373 0.209846
v -0.0472958 0.376827 0.207327
v -0.0283588 0.530212 0.0855895
v 0.0661861 -0.956488 0.179715
v -0.00942185 -0.956343 0.198652
v -0.00942185 -0.951104 0.215536
v -0.0661861 -0.953723 0.198652
v -0.0283588 -0.950813 0.214324
v -0.0472958 -0.950376 0.213158
v -0.0661861 -0.936551 0.217635
v -0.0841436 -0.935824 0.211012
v -0.0661861 -0.948485 0.210779
v -0.0841436 -0.950376 0.199258
v -0.062548 0.418593 -0.172578
v -0.0283588 0.530212 -0.0855895
v -0.0472958 0.410007 -0.184472
v -0.0472958 0.400548 -0.191422
v -0.0472958 0.387887 -0.200098
v -0.0472958 0.367368 -0.211385
v -0.0472958 0.35005 -0.218242
v -0.0661861 0.330986 -0.219828
v -0.0669791 0.350778 -0.212691
v -0.0798991 0.344957 -0.209893
v -0.0376407 0.378282 -0.208074
v -0.0857761 0.331423 -0.212085
v -0.0650667 0.312359 -0.224212
v -0.0851231 0.312068 -0.216563
v -0.0696843 0.293149 -0.224912
v -0.0725296 0.274231 -0.225938
v -0.0737889 0.255312 -0.226358
v -0.0851231 0.255312 -0.221787
v -0.10406 0.255312 -0.213951
v -0.115161 0.255312 -0.209053
v -0.12463 0.198557 -0.202896
v -0.115161 0.16072 -0.209053
v -0.115114 0.0472091 -0.209053
v -0.114975 -0.539263 -0.20896
v -0.10406 0.085046 -0.213904
v -0.10406 -0.823041 -0.213624
v -0.0851231 -0.841959 -0.22146
v -0.0732758 -0.879796 -0.226171
v -0.0733225 -0.841959 -0.226218
v -0.0621282 -0.898714 -0.22883
v -0.0591897 -0.911812 -0.22785
v -0.065813 -0.917924 -0.224119
v -0.0464562 -0.935096 -0.223139
v -0.0283588 -0.939171 -0.223792
v -0.00942185 -0.942227 -0.225005
v 0.00942185 -0.951104 -0.215536
v 0.00942185 -0.956343 -0.198652
v 0.0851231 -0.956197 -0.179715
v 0.10406 -0.956488 -0.160824
v -0.0521933 -0.924473 -0.226451
v -0.12463 0.198557 0.202896
v -0.0732758 -0.879796 0.226171
v -0.0733225 -0.841959 0.226218
v -0.0851231 -0.841959 0.22146
v -0.10406 -0.823041 0.213624
v -0.114975 -0.539263 0.20896
v -0.10406 0.085046 0.213904
v -0.10406 0.255312 0.213951
v -0.115114 0.0472091 0.209053
v -0.0621282 -0.898714 0.22883
v -0.0591897 -0.911812 0.22785
v -0.065813 -0.917924 0.224119
v -0.115161 0.16072 0.209053
v -0.115161 0.255312 0.209053
v -0.0857761 0.331423 0.212085
v -0.0798991 0.344957 0.209893
v -0.0851231 0.312068 0.216563
v -0.0650667 0.312359 0.224212
v -0.0661861 0.330986 0.219828
v -0.0725296 0.274231 0.225938
v -0.0851231 0.255312 0.221787
v -0.0737889 0.255312 0.226358
v -0.0696843 0.293149 0.224912
v -0.0472958 0.400548 0.191422
v -0.0472958 0.410007 0.184472
v -0.062548 0.418593 0.172578
v -0.0472958 0.387887 0.200098
v -0.0472958 0.367368 0.211385
v -0.0669791 0.350778 0.212691
v -0.0472958 0.35005 0.218242
v -0.0376407 0.378282 0.208074
v -0.00942185 0.530212 0.0900206
v -0.0472958 0.421213 0.175004
v 0.10406 -0.956488 0.160824
v 0.0851231 -0.956197 0.179715
v 0.00942185 -0.956343 0.198652
v 0.00942185 -0.951104 0.215536
v -0.00942185 -0.942227 0.225005
v -0.0283588 -0.939171 0.223792
v -0.0464562 -0.935096 0.223139
v -0.0521933 -0.924473 0.226451
v -0.0472958 0.421213 -0.175004
v -0.0197765 0.530212 -0.0876885
v -0.0283588 0.412481 -0.186385
v -0.0283588 0.403022 -0.193008
v -0.0301313 0.370715 -0.212225
v -0.00942185 0.368969 -0.21563
v -0.0283588 0.35005 -0.220807
v -0.0150656 0.338845 -0.226544
v -0.0283588 0.335934 -0.225705
v -0.0477622 0.330258 -0.224772
v -0.0543855 0.318907 -0.226731
v -0.0250005 0.379592 -0.208866
v -0.0301313 0.386723 -0.203596
v -0.057977 0.306247 -0.22743
v -0.0602159 0.293149 -0.228177
v -0.0630611 0.274231 -0.229156
v -0.0851231 0.236394 -0.221787
v -0.0643204 0.255312 -0.229529
v -0.0643204 0.236394 -0.229529
v -0.0642271 0.0282906 -0.229529
v -0.0737423 0.16072 -0.226358
v -0.0736956 0.085046 -0.226358
v -0.0638074 -0.879796 -0.229389
v -0.0640872 -0.312096 -0.229483
v -0.0639473 -0.633856 -0.229436
v -0.063854 -0.860877 -0.229389
v -0.0472958 -0.879796 -0.232981
v -0.0472958 -0.898714 -0.231861
v -0.0464562 -0.917924 -0.228643
v -0.0395997 -0.927674 -0.22729
v -0.0283588 -0.929712 -0.22799
v -0.00942185 -0.932768 -0.229249
v 0.00942185 -0.942227 -0.225005
v 0.0283588 -0.950813 -0.214324
v 0.0472958 -0.955615 -0.198652
v 0.0283588 -0.956052 -0.198652
v 0.10406 -0.954597 -0.179715
v 0.12295 -0.955615 -0.160824
v 0.141887 -0.956052 -0.141887
v 0.160824 -0.956488 -0.10406
v -0.0283588 -0.917633 -0.231115
v -0.00942185 -0.917633 -0.233541
v -0.0638074 -0.879796 0.229389
v -0.063854 -0.860877 0.229389
v -0.0639473 -0.633856 0.229436
v -0.0640872 -0.312096 0.229483
v -0.0736956 0.085046 0.226358
v -0.0851231 0.236394 0.221787
v -0.0472958 -0.898714 0.231861
v -0.0472958 -0.879796 0.232981
v -0.0464562 -0.917924 0.228643
v -0.0543855 0.318907 0.226731
v -0.057977 0.306247 0.22743
v -0.0477622 0.330258 0.224772
v -0.0630611 0.274231 0.229156
v -0.0602159 0.293149 0.228177
v -0.0643204 0.236394 0.229529
v -0.0643204 0.255312 0.229529
v -0.0737423 0.16072 0.226358
v -0.0642271 0.0282906 0.229529
v -0.0283588 0.403022 0.193008
v -0.0283588 0.412481 0.186385
v -0.00942185 0.368969 0.21563
v -0.0301313 0.370715 0.212225
v -0.0283588 0.35005 0.220807
v -0.0283588 0.335934 0.225705
v -0.0150656 0.338845 0.226544
v -0.0250005 0.379592 0.208866
v -0.0301313 0.386723 0.203596
v 0.00942185 0.530212 0.0900206
v -0.00942185 0.414082 0.187597
v 0.160824 -0.956488 0.10406
v 0.141887 -0.956052 0.141887
v 0.12295 -0.955615 0.160824
v 0.10406 -0.954597 0.179715
v 0.0472958 -0.955615 0.198652
v 0.0283588 -0.956052 0.198652
v 0.0283588 -0.950813 0.214324
v 0.00942185 -0.942227 0.225005
v -0.00942185 -0.932768 0.229249
v -0.0283588 -0.929712 0.22799
v -0.0395997 -0.927674 0.22729
v -0.00942185 -0.917633 0.233541
v -0.0283588 -0.917633 0.231115
v -0.00942185 0.530212 -0.0900206
v -0.00942185 0.414082 -0.187597
v -0.00942185 0.404623 -0.194221
v -0.00942185 0.390507 -0.203689
v -0.00942185 0.381047 -0.209846
v 0.00942185 0.368969 -0.21563
v -0.00247207 0.341319 -0.227337
v -0.0090487 0.348595 -0.223792
v -0.0090487 0.332005 -0.229343
v -0.0283588 0.326475 -0.228456
v -0.041792 0.323419 -0.22757
v -0.00942185 0.312068 -0.233354
v -0.0283588 0.312068 -0.230929
v -0.0472958 0.293149 -0.230602
v -0.0472958 0.274231 -0.232468
v -0.0472958 0.255312 -0.233307
v -0.0472958 0.236394 -0.233307
v -0.0472958 -0.766285 -0.233027
v -0.0472958 -0.104139 -0.233214
v -0.00942185 -0.879796 -0.237925
v -0.0283588 -0.823041 -0.2355
v -0.00942185 -0.898714 -0.236806
v 0.00942185 -0.932768 -0.229249
v 0.0283588 -0.939171 -0.223792
v 0.0472958 -0.950376 -0.213158
v 0.0661861 -0.953723 -0.198652
v 0.10406 -0.949358 -0.193334
v 0.122297 -0.950231 -0.179668
v 0.142354 -0.95125 -0.161571
v 0.161571 -0.95125 -0.142354
v 0.160824 -0.955615 -0.12295
v 0.179715 -0.956197 -0.0851231
v 0.179715 -0.956488 -0.0661861
v 0.00942185 -0.917633 -0.233541
v -0.0472958 -0.766285 0.233027
v -0.0472958 -0.104139 0.233214
v -0.0472958 0.236394 0.233307
v -0.00942185 -0.898714 0.236806
v -0.00942185 -0.879796 0.237925
v -0.0283588 -0.823041 0.2355
v -0.0283588 0.312068 0.230929
v -0.00942185 0.312068 0.233354
v -0.041792 0.323419 0.22757
v -0.0472958 0.293149 0.230602
v -0.0472958 0.274231 0.232468
v -0.0472958 0.255312 0.233307
v -0.00942185 0.390507 0.203689
v -0.00942185 0.404623 0.194221
v 0.00942185 0.368969 0.21563
v -0.00942185 0.381047 0.209846
v -0.0090487 0.348595 0.223792
v -0.00247207 0.341319 0.227337
v -0.0090487 0.332005 0.229343
v -0.0283588 0.326475 0.228456
v 0.0197765 0.530212 0.0876885
v 0.00942185 0.414082 0.187597
v 0.0283588 0.412481 0.186385
v 0.0472958 0.421213 0.175004
v 0.179715 -0.956488 0.0661861
v 0.179715 -0.956197 0.0851231
v 0.160824 -0.955615 0.12295
v 0.161571 -0.95125 0.142354
v 0.142354 -0.95125 0.161571
v 0.122297 -0.950231 0.179668
v 0.10406 -0.949358 0.193334
v 0.0661861 -0.953723 0.198652
v 0.0472958 -0.950376 0.213158
v 0.0283588 -0.939171 0.223792
v 0.00942185 -0.932768 0.229249
v 0.00942185 -0.917633 0.233541
v 0.00942185 0.530212 -0.0900206
v 0.00942185 0.414082 -0.187597
v 0.00942185 0.404623 -0.194221
v 0.00942185 0.390507 -0.203689
v 0.00942185 0.381047 -0.209846
v 0.0250005 0.379592 -0.208866
v 0.0376407 0.378282 -0.208074
v 0.0301313 0.370715 -0.212225
v 0.0472958 0.367368 -0.211385
v 0.0283588 0.35005 -0.220807
v 0.0090487 0.348595 -0.223792
v 0.00247207 0.341319 -0.227337
v 0.0090487 0.332005 -0.229343
v 0.00942185 0.312068 -0.233354
v -0.00942185 0.293149 -0.2355
v -0.0283588 0.293149 -0.233074
v -0.0283588 0.274231 -0.234986
v -0.00942185 0.255312 -0.238251
v -0.0283588 0.16072 -0.235779
v -0.0283588 -0.501281 -0.235593
v -0.0283588 -0.00954634 -0.235733
v 0.00942185 -0.879796 -0.237925
v -0.00942185 -0.728448 -0.237972
v 0.00942185 -0.898714 -0.236806
v 0.0283588 -0.929712 -0.22799
v 0.0464562 -0.935096 -0.223139
v 0.0661861 -0.948485 -0.210779
v 0.0841436 -0.950376 -0.199258
v 0.0771472 -0.946593 -0.20868
v 0.115534 -0.94732 -0.190583
v 0.136384 -0.948339 -0.173278
v 0.155787 -0.949067 -0.155787
v 0.179715 -0.954597 -0.10406
v 0.173278 -0.948339 -0.136384
v 0.179668 -0.950231 -0.122297
v 0.198652 -0.955615 -0.0472958
v 0.198652 -0.956052 -0.0283588
v 0.198652 -0.956343 -0.00942185
v 0.0283588 -0.917633 -0.231115
v 0.0521933 -0.924473 -0.226451
v 0.0395531 -0.927674 -0.22729
v -0.0283588 -0.501281 0.235593
v -0.0283588 -0.00954634 0.235733
v -0.0283588 0.16072 0.235779
v 0.00942185 -0.898714 0.236806
v 0.00942185 -0.879796 0.237925
v -0.00942185 -0.728448 0.237972
v -0.0283588 0.293149 0.233074
v 0.00942185 0.312068 0.233354
v -0.00942185 0.293149 0.2355
v -0.0283588 0.274231 0.234986
v -0.00942185 0.255312 0.238251
v 0.00942185 0.390507 0.203689
v 0.00942185 0.404623 0.194221
v 0.0472958 0.367368 0.211385
v 0.0301313 0.370715 0.212225
v 0.0376407 0.378282 0.208074
v 0.0250005 0.379592 0.208866
v 0.00942185 0.381047 0.209846
v 0.00247207 0.341319 0.227337
v 0.0090487 0.348595 0.223792
v 0.0283588 0.35005 0.220807
v 0.0090487 0.332005 0.229343
v 0.0283588 0.530212 0.0855895
v 0.0283588 0.403022 0.193008
v 0.0472958 0.400548 0.191422
v 0.0472958 0.410007 0.184472
v 0.062548 0.418593 0.172578
v 0.198652 -0.956343 0.00942185
v 0.198652 -0.956052 0.0283588
v 0.198652 -0.955615 0.0472958
v 0.179715 -0.954597 0.10406
v 0.179668 -0.950231 0.122297
v 0.173278 -0.948339 0.136384
v 0.155787 -0.949067 0.155787
v 0.136384 -0.948339 0.173278
v 0.115534 -0.94732 0.190583
v 0.0661861 -0.948485 0.210779
v 0.0841436 -0.950376 0.199258
v 0.0771472 -0.946593 0.20868
v 0.0464562 -0.935096 0.223139
v 0.0283588 -0.929712 0.22799
v 0.0395997 -0.927674 0.22729
v 0.0521933 -0.924473 0.226451
v 0.0283588 -0.917633 0.231115
v 0.0283588 0.530212 -0.0855895
v 0.0472958 0.421213 -0.175004
v 0.0283588 0.412481 -0.186385
v 0.0283588 0.403022 -0.193008
v 0.0301313 0.386723 -0.203596
v 0.0472958 0.376827 -0.207327
v 0.0472958 0.387887 -0.200098
v 0.0611954 0.36373 -0.209846
v 0.0472958 0.35005 -0.218242
v 0.0150656 0.338845 -0.226544
v 0.0283588 0.335934 -0.225705
v 0.0283588 0.326475 -0.228456
v 0.041792 0.323419 -0.22757
v 0.0543855 0.318907 -0.226731
v 0.0283588 0.312068 -0.230929
v 0.00942185 0.293149 -0.2355
v -0.00942185 0.274231 -0.237412
v 0.00942185 0.255312 -0.238251
v 0.0472958 -0.879796 -0.232981
v 0.00942185 -0.728448 -0.237972
v 0.0283588 -0.823041 -0.2355
v 0.0472958 -0.898714 -0.231861
v 0.0661861 -0.936551 -0.217635
v 0.0897874 -0.94179 -0.205975
v 0.0841436 -0.935824 -0.211012
v 0.103314 -0.935824 -0.20271
v 0.119779 -0.936551 -0.193521
v 0.129201 -0.936551 -0.186711
v 0.149024 -0.942809 -0.168381
v 0.168381 -0.942809 -0.149024
v 0.193334 -0.949358 -0.10406
v 0.198652 -0.953723 -0.0661861
v 0.190583 -0.94732 -0.115534
v 0.213158 -0.950376 -0.0472958
v 0.214324 -0.950813 -0.0283588
v 0.215536 -0.951104 -0.00942185
v 0.0464562 -0.917924 -0.228643
v 0.0591897 -0.911812 -0.22785
v 0.065813 -0.917924 -0.224119
v 0.0472958 -0.898714 0.231861
v 0.0472958 -0.879796 0.232981
v 0.0283588 -0.823041 0.2355
v 0.00942185 -0.728448 0.237972
v 0.00942185 0.293149 0.2355
v 0.0283588 0.312068 0.230929
v 0.0543855 0.318907 0.226731
v 0.041792 0.323419 0.22757
v 0.0283588 0.326475 0.228456
v -0.00942185 0.274231 0.237412
v 0.00942185 0.255312 0.238251
v 0.0301313 0.386723 0.203596
v 0.0611954 0.36373 0.209846
v 0.0472958 0.376827 0.207327
v 0.0472958 0.35005 0.218242
v 0.0472958 0.387887 0.200098
v 0.0150656 0.338845 0.226544
v 0.0283588 0.335934 0.225705
v 0.0357284 0.530212 0.0826044
v 0.0751882 0.415974 0.17006
v 0.0587699 0.398511 0.190023
v 0.215536 -0.951104 0.00942185
v 0.198652 -0.953723 0.0661861
v 0.214324 -0.950813 0.0283588
v 0.213158 -0.950376 0.0472958
v 0.193334 -0.949358 0.10406
v 0.190583 -0.94732 0.115534
v 0.168381 -0.942809 0.149024
v 0.149024 -0.942809 0.168381
v 0.129201 -0.936551 0.186711
v 0.119779 -0.936551 0.193521
v 0.103314 -0.935824 0.20271
v 0.0897874 -0.94179 0.205975
v 0.0661861 -0.936551 0.217635
v 0.0841436 -0.935824 0.211012
v 0.065813 -0.917924 0.224119
v 0.0591897 -0.911812 0.22785
v 0.0464562 -0.917924 0.228643
v 0.0445905 0.530212 -0.078733
v 0.0751882 0.415974 -0.17006
v 0.062548 0.418593 -0.172578
v 0.0472958 0.410007 -0.184472
v 0.0472958 0.400548 -0.191422
v 0.0587699 0.398511 -0.190023
v 0.0655331 0.388178 -0.194454
v 0.0669791 0.369551 -0.204855
v 0.0851231 0.368969 -0.197579
v 0.0737889 0.357472 -0.207327
v 0.0798991 0.344957 -0.209893
v 0.0669791 0.350778 -0.212691
v 0.0661861 0.330986 -0.219828
v 0.0477622 0.330258 -0.224772
v 0.0650667 0.312359 -0.224212
v 0.057977 0.306247 -0.22743
v 0.0472958 0.293149 -0.230602
v 0.0283588 0.293149 -0.233074
v 0.00942185 0.274231 -0.237412
v 0.0283588 0.274231 -0.234986
v 0.0472958 0.255312 -0.233307
v 0.0283588 0.16072 -0.235779
v 0.0283588 -0.00954634 -0.235733
v 0.063854 -0.860877 -0.229389
v 0.0638074 -0.879796 -0.229389
v 0.0621282 -0.898714 -0.22883
v 0.0472958 -0.766285 -0.233027
v 0.0283588 -0.501281 -0.235593
v 0.0965506 -0.929129 -0.208913
v 0.109751 -0.917633 -0.206441
v 0.132419 -0.927092 -0.189183
v 0.142354 -0.936551 -0.17673
v 0.153222 -0.930148 -0.171739
v 0.160824 -0.936406 -0.160824
v 0.171739 -0.930148 -0.153222
v 0.17673 -0.936551 -0.142354
v 0.186711 -0.936551 -0.129201
v 0.210779 -0.948485 -0.0661861
v 0.199258 -0.950376 -0.0841436
v 0.20868 -0.946593 -0.0771472
v 0.193521 -0.936551 -0.119779
v 0.20271 -0.935824 -0.103314
v 0.205975 -0.94179 -0.0897874
v 0.223139 -0.935096 -0.0464562
v 0.223792 -0.939171 -0.0283588
v 0.225005 -0.942227 -0.00942185
v 0.0851231 -0.917633 -0.216749
v 0.0715967 -0.898714 -0.225611
v 0.0621282 -0.898714 0.22883
v 0.0638074 -0.879796 0.229389
v 0.063854 -0.860877 0.229389
v 0.0472958 -0.766285 0.233027
v 0.0283588 -0.501281 0.235593
v 0.0283588 -0.00954634 0.235733
v 0.00942185 0.274231 0.237412
v 0.0283588 0.293149 0.233074
v 0.0472958 0.293149 0.230602
v 0.0650667 0.312359 0.224212
v 0.0661861 0.330986 0.219828
v 0.0477622 0.330258 0.224772
v 0.057977 0.306247 0.22743
v 0.0283588 0.16072 0.235779
v 0.0472958 0.255312 0.233307
v 0.0283588 0.274231 0.234986
v 0.0851231 0.368969 0.197579
v 0.0669791 0.369551 0.204855
v 0.0669791 0.350778 0.212691
v 0.0798991 0.344957 0.209893
v 0.0737889 0.357472 0.207327
v 0.0655331 0.388178 0.194454
v 0.0445905 0.530212 0.078733
v 0.0851231 0.403895 0.175144
v 0.0851231 0.413354 0.167774
v 0.0851231 0.390798 0.184566
v 0.0851231 0.381338 0.191235
v 0.225005 -0.942227 0.00942185
v 0.210779 -0.948485 0.0661861
v 0.199258 -0.950376 0.0841436
v 0.223792 -0.939171 0.0283588
v 0.223139 -0.935096 0.0464562
v 0.20868 -0.946593 0.0771472
v 0.205975 -0.94179 0.0897874
v 0.20271 -0.935824 0.103314
v 0.193521 -0.936551 0.119779
v 0.186711 -0.936551 0.129201
v 0.17673 -0.936551 0.142354
v 0.171739 -0.930148 0.153222
v 0.160824 -0.936406 0.160824
v 0.153222 -0.930148 0.171739
v 0.142354 -0.936551 0.17673
v 0.132419 -0.927092 0.189183
v 0.109751 -0.917633 0.206441
v 0.0965506 -0.929129 0.208913
v 0.0851231 -0.917633 0.216749
v 0.0715967 -0.898714 0.225611
v 0.0528929 0.530212 -0.0730426
v 0.098976 0.419175 -0.154528
v 0.0851231 0.413354 -0.167774
v 0.0851231 0.403895 -0.175144
v 0.0851231 0.390798 -0.184566
v 0.0851231 0.381338 -0.191235
v 0.0947315 0.378428 -0.189277
v 0.0993958 0.368969 -0.191422
v 0.0857761 0.350778 -0.205135
v 0.0925393 0.337826 -0.207281
v 0.0857761 0.331423 -0.212085
v 0.0972969 0.325311 -0.20924
v 0.0851231 0.312068 -0.216563
v 0.0696843 0.293149 -0.224912
v 0.0602159 0.293149 -0.228177
v 0.0472958 0.274231 -0.232468
v 0.0630611 0.274231 -0.229156
v 0.0643204 0.255312 -0.229529
v 0.0472958 0.236394 -0.233307
v 0.0472958 -0.104139 -0.233214
v 0.0733225 -0.841959 -0.226218
v 0.0639473 -0.633856 -0.229436
v 0.0732758 -0.879796 -0.226171
v 0.100282 -0.917633 -0.210452
v 0.112829 -0.905991 -0.207794
v 0.124863 -0.919525 -0.196506
v 0.134751 -0.914431 -0.190956
v 0.141374 -0.919525 -0.184426
v 0.15588 -0.917633 -0.173791
v 0.165349 -0.917633 -0.165349
v 0.189183 -0.927092 -0.132419
v 0.173791 -0.917633 -0.15588
v 0.217635 -0.936551 -0.0661861
v 0.211012 -0.935824 -0.0841436
v 0.206441 -0.917633 -0.109751
v 0.208913 -0.929129 -0.0965506
v 0.226451 -0.924473 -0.0521933
v 0.22729 -0.927674 -0.0395531
v 0.22799 -0.929712 -0.0283588
v 0.229249 -0.932768 -0.00942185
v 0.0851231 -0.898714 -0.220201
v 0.0732758 -0.879796 0.226171
v 0.0733225 -0.841959 0.226218
v 0.0639473 -0.633856 0.229436
v 0.0472958 -0.104139 0.233214
v 0.0472958 0.274231 0.232468
v 0.0851231 0.312068 0.216563
v 0.0972969 0.325311 0.20924
v 0.0696843 0.293149 0.224912
v 0.0857761 0.331423 0.212085
v 0.0602159 0.293149 0.228177
v 0.0472958 0.236394 0.233307
v 0.0643204 0.255312 0.229529
v 0.0630611 0.274231 0.229156
v 0.0993958 0.368969 0.191422
v 0.0947315 0.378428 0.189277
v 0.0857761 0.350778 0.205135
v 0.0925393 0.337826 0.207281
v 0.0498612 0.530212 0.0754214
v 0.098976 0.419175 0.154528
v 0.0977167 0.399966 0.172205
v 0.229249 -0.932768 0.00942185
v 0.217635 -0.936551 0.0661861
v 0.22799 -0.929712 0.0283588
v 0.22729 -0.927674 0.0395997
v 0.226451 -0.924473 0.0521933
v 0.211012 -0.935824 0.0841436
v 0.208913 -0.929129 0.0965506
v 0.206441 -0.917633 0.109751
v 0.189183 -0.927092 0.132419
v 0.173791 -0.917633 0.15588
v 0.165349 -0.917633 0.165349
v 0.15588 -0.917633 0.173791
v 0.141374 -0.919525 0.184426
v 0.134751 -0.914431 0.190956
v 0.124863 -0.919525 0.196506
v 0.112829 -0.905991 0.207794
v 0.100282 -0.917633 0.210452
v 0.0851231 -0.898714 0.220201
v 0.0575106 0.530212 -0.0694045
v 0.132419 0.416119 -0.132419
v 0.111616 0.414664 -0.14991
v 0.104666 0.407388 -0.161291
v 0.0977167 0.399966 -0.172205
v 0.102568 0.386577 -0.179015
v 0.117353 0.38192 -0.173185
v 0.108818 0.368969 -0.186618
v 0.113435 0.359364 -0.189137
v 0.105879 0.351796 -0.195806
v 0.10378 0.331423 -0.204435
v 0.109517 0.312068 -0.206348
v 0.100049 0.312068 -0.210359
v 0.1049 0.291548 -0.210872
v 0.0851231 0.293149 -0.218848
v 0.0725296 0.274231 -0.225938
v 0.0737889 0.255312 -0.226358
v 0.0643204 0.236394 -0.229529
v 0.0642271 0.0282906 -0.229529
v 0.0640872 -0.312096 -0.229483
v 0.0851231 -0.841959 -0.22146
v 0.0851231 -0.879796 -0.221413
v 0.0736956 0.085046 -0.226358
v 0.105506 -0.899297 -0.211712
v 0.114415 -0.89333 -0.208633
v 0.121598 -0.899297 -0.203036
v 0.136803 -0.898714 -0.192541
v 0.158539 -0.898714 -0.175843
v 0.167961 -0.898714 -0.167961
v 0.184426 -0.919525 -0.141374
v 0.190956 -0.914431 -0.134751
v 0.196506 -0.919525 -0.124863
v 0.175843 -0.898714 -0.158539
v 0.224119 -0.917924 -0.065813
v 0.207794 -0.905991 -0.112829
v 0.210452 -0.917633 -0.100282
v 0.216749 -0.917633 -0.0851231
v 0.22785 -0.911812 -0.0591897
v 0.228643 -0.917924 -0.0464562
v 0.231115 -0.917633 -0.0283588
v 0.233541 -0.917633 -0.00942185
v 0.0851231 -0.879796 0.221413
v 0.0640872 -0.312096 0.229483
v 0.0851231 -0.841959 0.22146
v 0.0736956 0.085046 0.226358
v 0.100049 0.312068 0.210359
v 0.0851231 0.293149 0.218848
v 0.1049 0.291548 0.210872
v 0.109517 0.312068 0.206348
v 0.10378 0.331423 0.204435
v 0.0725296 0.274231 0.225938
v 0.0643204 0.236394 0.229529
v 0.0642271 0.0282906 0.229529
v 0.0737889 0.255312 0.226358
v 0.105879 0.351796 0.195806
v 0.113435 0.359364 0.189137
v 0.117353 0.38192 0.173185
v 0.102568 0.386577 0.179015
v 0.108818 0.368969 0.186618
v 0.0528929 0.530212 0.0730426
v 0.111616 0.414664 0.14991
v 0.132419 0.416119 0.132419
v 0.104666 0.407388 0.161291
v 0.110357 0.394581 0.168007
v 0.233541 -0.917633 0.00942185
v 0.224119 -0.917924 0.065813
v 0.231115 -0.917633 0.0283588
v 0.228643 -0.917924 0.0464562
v 0.22785 -0.911812 0.0591897
v 0.216749 -0.917633 0.0851231
v 0.210452 -0.917633 0.100282
v 0.207794 -0.905991 0.112829
v 0.196506 -0.919525 0.124863
v 0.190956 -0.914431 0.134751
v 0.184426 -0.919525 0.141374
v 0.175843 -0.898714 0.158539
v 0.167961 -0.898714 0.167961
v 0.158539 -0.898714 0.175843
v 0.136803 -0.898714 0.192541
v 0.121598 -0.899297 0.203036
v 0.114415 -0.89333 0.208633
v 0.105506 -0.899297 0.211712
v 0.0639006 0.530212 -0.0639006
v 0.14991 0.414664 -0.111616
v 0.14394 0.409134 -0.125609
v 0.150563 0.396328 -0.131439
v 0.15075 0.377555 -0.15075
v 0.131439 0.396328 -0.150563
v 0.125609 0.409134 -0.14394
v 0.0730426 0.530212 -0.0528929
v 0.0754214 0.530212 -0.0498612
v 0.118799 0.402003 -0.155414
v 0.110357 0.394581 -0.168007
v 0.124396 0.389197 -0.161897
v 0.138156 0.383667 -0.15574
v 0.129947 0.374935 -0.168381
v 0.134285 0.362274 -0.171692
v 0.147578 0.35005 -0.167354
v 0.138109 0.35005 -0.174631
v 0.123324 0.351796 -0.185079
v 0.117307 0.346703 -0.191842
v 0.123324 0.329822 -0.193847
v 0.12295 0.312068 -0.198092
v 0.111756 0.296787 -0.207374
v 0.113575 0.284127 -0.208167
v 0.0851231 0.274231 -0.2209
v 0.0851231 0.255312 -0.221787
v 0.0851231 0.236394 -0.221787
v 0.0737423 0.16072 -0.226358
v 0.10406 -0.823041 -0.213624
v 0.10406 -0.879796 -0.213577
v 0.10406 0.085046 -0.213904
v 0.114881 -0.879796 -0.208913
v 0.124303 -0.879796 -0.20271
v 0.13769 -0.879796 -0.193241
v 0.159425 -0.879796 -0.176543
v 0.168894 -0.879796 -0.168894
v 0.192541 -0.898714 -0.136803
v 0.203036 -0.899297 -0.121598
v 0.176543 -0.879796 -0.159425
v 0.208633 -0.89333 -0.114415
v 0.211712 -0.899297 -0.105506
v 0.220201 -0.898714 -0.0851231
v 0.225611 -0.898714 -0.0715967
v 0.22883 -0.898714 -0.0621282
v 0.231861 -0.898714 -0.0472958
v 0.236806 -0.898714 -0.00942185
v 0.10406 -0.879796 0.213577
v 0.10406 -0.823041 0.213624
v 0.10406 0.085046 0.213904
v 0.0851231 0.236394 0.221787
v 0.0737423 0.16072 0.226358
v 0.111756 0.296787 0.207374
v 0.0851231 0.274231 0.2209
v 0.113575 0.284127 0.208167
v 0.12295 0.312068 0.198092
v 0.123324 0.329822 0.193847
v 0.117307 0.346703 0.191842
v 0.0851231 0.255312 0.221787
v 0.123324 0.351796 0.185079
v 0.138109 0.35005 0.174631
v 0.147578 0.35005 0.167354
v 0.134285 0.362274 0.171692
v 0.129947 0.374935 0.168381
v 0.138156 0.383667 0.15574
v 0.124396 0.389197 0.161897
v 0.15075 0.377555 0.15075
v 0.0639006 0.530212 0.0639006
v 0.118799 0.402003 0.155414
v 0.125609 0.409134 0.14394
v 0.131439 0.396328 0.150563
v 0.150563 0.396328 0.131439
v 0.14394 0.409134 0.125609
v 0.14991 0.414664 0.111616
v 0.0730426 0.530212 0.0528929
v 0.0694045 0.530212 0.0575106
v 0.236806 -0.898714 0.00942185
v 0.231861 -0.898714 0.0472958
v 0.22883 -0.898714 0.0621282
v 0.225611 -0.898714 0.0715967
v 0.211712 -0.899297 0.105506
v 0.208633 -0.89333 0.114415
v 0.203036 -0.899297 0.121598
v 0.220201 -0.898714 0.0851231
v 0.192541 -0.898714 0.136803
v 0.176543 -0.879796 0.159425
v 0.168894 -0.879796 0.168894
v 0.159425 -0.879796 0.176543
v 0.13769 -0.879796 0.193241
v 0.124303 -0.879796 0.20271
v 0.114881 -0.879796 0.208913
v 0.154528 0.419175 -0.098976
v 0.161291 0.407388 -0.104666
v 0.155414 0.402003 -0.118799
v 0.161897 0.389197 -0.124396
v 0.15574 0.383667 -0.138156
v 0.168381 0.374935 -0.129947
v 0.161291 0.369987 -0.14254
v 0.167354 0.35005 -0.147578
v 0.154248 0.364894 -0.154248
v 0.14254 0.369987 -0.161291
v 0.173185 0.38192 -0.117353
v 0.078733 0.530212 -0.0445905
v 0.15075 0.339281 -0.169826
v 0.1299 0.335206 -0.187271
v 0.132885 0.322691 -0.189556
v 0.134005 0.312068 -0.190396
v 0.135777 0.293149 -0.191749
v 0.121131 0.291548 -0.20215
v 0.123883 0.274231 -0.202383
v 0.114415 0.274231 -0.208633
v 0.10406 0.274231 -0.213064
v 0.10406 0.255312 -0.213951
v 0.114975 -0.539263 -0.20896
v 0.124583 0.0661276 -0.202896
v 0.124536 -0.160894 -0.20285
v 0.124396 -0.690611 -0.202756
v 0.12435 -0.860877 -0.20271
v 0.115114 0.0472091 -0.209053
v 0.137736 -0.860877 -0.193241
v 0.147158 -0.860877 -0.186012
v 0.16894 -0.747367 -0.16894
v 0.147205 -0.823041 -0.186012
v 0.159565 -0.368852 -0.176636
v 0.169127 0.0661276 -0.169127
v 0.16908 -0.141976 -0.16908
v 0.193241 -0.879796 -0.13769
v 0.20271 -0.879796 -0.124303
v 0.176636 -0.368852 -0.159565
v 0.186012 -0.823041 -0.147205
v 0.186012 -0.860877 -0.147158
v 0.208913 -0.879796 -0.114881
v 0.213577 -0.879796 -0.10406
v 0.221413 -0.879796 -0.0851231
v 0.226171 -0.879796 -0.0732758
v 0.229389 -0.879796 -0.0638074
v 0.232981 -0.879796 -0.0472958
v 0.237925 -0.879796 -0.00942185
v 0.10406 0.255312 0.213951
v 0.10406 0.274231 0.213064
v 0.114415 0.274231 0.208633
v 0.123883 0.274231 0.202383
v 0.121131 0.291548 0.20215
v 0.135777 0.293149 0.191749
v 0.134005 0.312068 0.190396
v 0.132885 0.322691 0.189556
v 0.1299 0.335206 0.187271
v 0.15075 0.339281 0.169826
v 0.154248 0.364894 0.154248
v 0.14254 0.369987 0.161291
v 0.167354 0.35005 0.147578
v 0.161291 0.369987 0.14254
v 0.168381 0.374935 0.129947
v 0.173185 0.38192 0.117353
v 0.15574 0.383667 0.138156
v 0.155414 0.402003 0.118799
v 0.161897 0.389197 0.124396
v 0.154528 0.419175 0.098976
v 0.161291 0.407388 0.104666
v 0.078733 0.530212 0.0445905
v 0.237925 -0.879796 0.00942185
v 0.232981 -0.879796 0.0472958
v 0.229389 -0.879796 0.0638074
v 0.226171 -0.879796 0.0732758
v 0.221413 -0.879796 0.0851231
v 0.213577 -0.879796 0.10406
v 0.208913 -0.879796 0.114881
v 0.20271 -0.879796 0.124303
v 0.193241 -0.879796 0.13769
v 0.16894 -0.747367 0.16894
v 0.186012 -0.860877 0.147158
v 0.186012 -0.823041 0.147205
v 0.176636 -0.368852 0.159565
v 0.169127 0.0661276 0.169127
v 0.16908 -0.141976 0.16908
v 0.159565 -0.368852 0.176636
v 0.147205 -0.823041 0.186012
v 0.147158 -0.860877 0.186012
v 0.137736 -0.860877 0.193241
v 0.12435 -0.860877 0.20271
v 0.114975 -0.539263 0.20896
v 0.115114 0.0472091 0.209053
v 0.124396 -0.690611 0.202756
v 0.124536 -0.160894 0.20285
v 0.124583 0.0661276 0.202896
v 0.167774 0.413354 -0.0851231
v 0.172205 0.399966 -0.0977167
v 0.168007 0.394581 -0.110357
v 0.189137 0.359364 -0.113435
v 0.171692 0.362274 -0.134285
v 0.174631 0.35005 -0.138109
v 0.169826 0.339281 -0.15075
v 0.157886 0.35005 -0.157886
v 0.179015 0.386577 -0.102568
v 0.189277 0.378428 -0.0947315
v 0.186618 0.368969 -0.108818
v 0.0826044 0.530212 -0.0357284
v 0.17006 0.415974 -0.0751882
v 0.161757 0.333023 -0.161757
v 0.153688 0.32662 -0.172112
v 0.15574 0.312068 -0.173698
v 0.143473 0.312068 -0.183166
v 0.157513 0.293149 -0.17505
v 0.146785 0.274231 -0.185685
v 0.137316 0.274231 -0.192915
v 0.12463 0.255312 -0.202896
v 0.115161 0.255312 -0.209053
v 0.115161 0.16072 -0.209053
v 0.137923 0.0282906 -0.193428
v 0.137876 -0.236422 -0.193381
v 0.12463 0.198557 -0.202896
v 0.137736 -0.766285 -0.193288
v 0.147251 -0.596019 -0.186058
v 0.147438 0.198557 -0.186198
v 0.159705 0.236394 -0.17673
v 0.169127 0.255312 -0.169127
v 0.17673 0.236394 -0.159705
v 0.193241 -0.860877 -0.137736
v 0.20271 -0.860877 -0.12435
v 0.186058 -0.596019 -0.147251
v 0.186198 0.198557 -0.147438
v 0.193288 -0.766285 -0.137736
v 0.193381 -0.236422 -0.137876
v 0.213624 -0.823041 -0.10406
v 0.202756 -0.690611 -0.124396
v 0.20285 -0.160894 -0.124536
v 0.202896 0.0661276 -0.124583
v 0.209053 0.0282906 -0.115114
v 0.213951 0.255312 -0.10406
v 0.213904 0.085046 -0.10406
v 0.22146 -0.841959 -0.0851231
v 0.226218 -0.841959 -0.0733225
v 0.229389 -0.860877 -0.063854
v 0.233027 -0.766285 -0.0472958
v 0.2355 -0.823041 -0.0283588
v 0.237972 -0.728448 -0.00942185
v 0.115161 0.16072 0.209053
v 0.115161 0.255312 0.209053
v 0.12463 0.255312 0.202896
v 0.137316 0.274231 0.192915
v 0.146785 0.274231 0.185685
v 0.157513 0.293149 0.17505
v 0.143473 0.312068 0.183166
v 0.153688 0.32662 0.172112
v 0.15574 0.312068 0.173698
v 0.161757 0.333023 0.161757
v 0.157886 0.35005 0.157886
v 0.16978 0.339281 0.15075
v 0.174631 0.35005 0.138109
v 0.189137 0.359364 0.113435
v 0.171692 0.362274 0.134285
v 0.179015 0.386577 0.102568
v 0.172205 0.399966 0.0977167
v 0.168007 0.394581 0.110357
v 0.186618 0.368969 0.108818
v 0.189277 0.378428 0.0947315
v 0.167774 0.413354 0.0851231
v 0.0855895 0.530212 0.0283588
v 0.17006 0.415974 0.0751882
v 0.237972 -0.728448 0.00942185
v 0.2355 -0.823041 0.0283588
v 0.229389 -0.860877 0.063854
v 0.233027 -0.766285 0.0472958
v 0.226218 -0.841959 0.0733225
v 0.22146 -0.841959 0.0851231
v 0.213624 -0.823041 0.10406
v 0.20896 -0.539263 0.114975
v 0.202896 0.0661276 0.124583
v 0.20285 -0.160894 0.124536
v 0.202756 -0.690611 0.124396
v 0.20271 -0.860877 0.12435
v 0.213904 0.085046 0.10406
v 0.213951 0.255312 0.10406
v 0.209053 0.0472091 0.115114
v 0.193241 -0.860877 0.137736
v 0.186058 -0.596019 0.147251
v 0.193288 -0.766285 0.137736
v 0.193381 -0.236422 0.137876
v 0.186198 0.198557 0.147438
v 0.17673 0.236394 0.159705
v 0.169127 0.255312 0.169127
v 0.159705 0.236394 0.17673
v 0.147251 -0.596019 0.186058
v 0.147438 0.198557 0.186198
v 0.137736 -0.766285 0.193288
v 0.137876 -0.236422 0.193381
v 0.137923 0.0282906 0.193428
v 0.12463 0.198557 0.202896
v 0.175144 0.403895 -0.0851231
v 0.191422 0.368969 -0.0993958
v 0.195806 0.351796 -0.105879
v 0.204435 0.331423 -0.10378
v 0.191842 0.346703 -0.117307
v 0.185079 0.351796 -0.123324
v 0.187271 0.335206 -0.1299
v 0.189556 0.322691 -0.132885
v 0.172112 0.32662 -0.153688
v 0.184566 0.390798 -0.0851231
v 0.191235 0.381338 -0.0851231
v 0.204855 0.369551 -0.0669791
v 0.197579 0.368969 -0.0851231
v 0.0855895 0.530212 -0.0283588
v 0.172578 0.418593 -0.062548
v 0.190023 0.398511 -0.0587699
v 0.165209 0.312068 -0.165209
v 0.166935 0.293149 -0.166935
v 0.168474 0.274231 -0.168474
v 0.159005 0.274231 -0.176217
v 0.159705 0.255312 -0.17673
v 0.147438 0.255312 -0.186198
v 0.137969 0.255312 -0.193428
v 0.137969 0.16072 -0.193428
v 0.176217 0.274231 -0.159005
v 0.17673 0.255312 -0.159705
v 0.186198 0.255312 -0.147438
v 0.193428 0.16072 -0.137969
v 0.193428 0.0282906 -0.137923
v 0.202896 0.198557 -0.12463
v 0.209053 0.16072 -0.115161
v 0.209053 0.255312 -0.115161
v 0.208633 0.274231 -0.114415
v 0.213064 0.274231 -0.10406
v 0.221787 0.255312 -0.0851231
v 0.221787 0.236394 -0.0851231
v 0.221507 -0.690611 -0.0851231
v 0.226358 0.085046 -0.0736956
v 0.229483 -0.312096 -0.0640872
v 0.229436 -0.633856 -0.0639473
v 0.235593 -0.501281 -0.0283588
v 0.233214 -0.104139 -0.0472958
v 0.235779 0.16072 -0.0283588
v 0.238251 0.255312 -0.00942185
v 0.137969 0.255312 0.193428
v 0.159005 0.274231 0.176217
v 0.147438 0.255312 0.186198
v 0.159705 0.255312 0.17673
v 0.168474 0.274231 0.168474
v 0.166935 0.293149 0.166935
v 0.165209 0.312068 0.165209
v 0.172112 0.32662 0.153688
v 0.179668 0.330986 0.141841
v 0.187271 0.335206 0.1299
v 0.191842 0.346703 0.117307
v 0.185079 0.351796 0.123324
v 0.204435 0.331423 0.10378
v 0.195806 0.351796 0.105879
v 0.191422 0.368969 0.0993958
v 0.175144 0.403895 0.0851231
v 0.191235 0.381338 0.0851231
v 0.184566 0.390798 0.0851231
v 0.197579 0.368969 0.0851231
v 0.204855 0.369551 0.0669791
v 0.0900206 0.530212 0.00942185
v 0.172578 0.418593 0.062548
v 0.175004 0.421213 0.0472958
v 0.190023 0.398511 0.0587699
v 0.235593 -0.501281 0.0283588
v 0.238251 0.255312 0.00942185
v 0.235733 -0.00954634 0.0283588
v 0.229436 -0.633856 0.0639473
v 0.233214 -0.104139 0.0472958
v 0.229483 -0.312096 0.0640872
v 0.226358 0.085046 0.0736956
v 0.221787 0.236394 0.0851231
v 0.193428 0.0282906 0.137923
v 0.209053 0.16072 0.115161
v 0.202896 0.198557 0.12463
v 0.221787 0.255312 0.0851231
v 0.213064 0.274231 0.10406
v 0.208633 0.274231 0.114415
v 0.209053 0.255312 0.115161
v 0.193428 0.16072 0.137969
v 0.186198 0.255312 0.147438
v 0.17673 0.255312 0.159705
v 0.176217 0.274231 0.159005
v 0.137969 0.16072 0.193428
v 0.205135 0.350778 -0.0857761
v 0.207281 0.337826 -0.0925393
v 0.20924 0.325311 -0.0972969
v 0.206348 0.312068 -0.109517
v 0.193847 0.329822 -0.123324
v 0.198092 0.312068 -0.12295
v 0.190396 0.312068 -0.134005
v 0.183166 0.312068 -0.143473
v 0.173698 0.312068 -0.15574
v 0.194454 0.388178 -0.0655331
v 0.209846 0.36373 -0.0611954
v 0.207327 0.376827 -0.0472958
v 0.207327 0.357472 -0.0737889
v 0.0876885 0.530212 -0.0197765
v 0.175004 0.421213 -0.0472958
v 0.184472 0.410007 -0.0472958
v 0.191422 0.400548 -0.0472958
v 0.200098 0.387887 -0.0472958
v 0.17505 0.293149 -0.157513
v 0.185685 0.274231 -0.146785
v 0.193428 0.255312 -0.137969
v 0.202896 0.255312 -0.12463
v 0.202383 0.274231 -0.123883
v 0.208167 0.284127 -0.113575
v 0.2209 0.274231 -0.0851231
v 0.226358 0.255312 -0.0737889
v 0.226358 0.16072 -0.0737423
v 0.229529 0.0282906 -0.0642271
v 0.233307 0.236394 -0.0472958
v 0.233307 0.255312 -0.0472958
v 0.234986 0.274231 -0.0283588
v 0.237412 0.274231 -0.00942185
v 0.17505 0.293149 0.157513
v 0.173698 0.312068 0.15574
v 0.189556 0.322691 0.132885
v 0.193847 0.329822 0.123324
v 0.207281 0.337826 0.0925393
v 0.206348 0.312068 0.109517
v 0.20924 0.325311 0.0972969
v 0.205135 0.350778 0.0857761
v 0.194454 0.388178 0.0655331
v 0.207327 0.357472 0.0737889
v 0.209846 0.36373 0.0611954
v 0.207327 0.376827 0.0472958
v 0.0900206 0.530212 -0.00942185
v 0.186385 0.412481 0.0283588
v 0.187597 0.414082 0.00942185
v 0.184472 0.410007 0.0472958
v 0.191422 0.400548 0.0472958
v 0.200098 0.387887 0.0472958
v 0.237412 0.274231 0.00942185
v 0.234986 0.274231 0.0283588
v 0.233307 0.255312 0.0472958
v 0.235779 0.16072 0.0283588
v 0.233307 0.236394 0.0472958
v 0.229529 0.0282906 0.0642271
v 0.226358 0.16072 0.0737423
v 0.226358 0.255312 0.0737889
v 0.202896 0.255312 0.12463
v 0.2209 0.274231 0.0851231
v 0.208167 0.284127 0.113575
v 0.202383 0.274231 0.123883
v 0.193428 0.255312 0.137969
v 0.185685 0.274231 0.146785
v 0.209893 0.344957 -0.0798991
v 0.212085 0.331423 -0.0857761
v 0.224212 0.312359 -0.0650667
v 0.216563 0.312068 -0.0851231
v 0.210359 0.312068 -0.100049
v 0.219828 0.330986 -0.0661861
v 0.207374 0.296787 -0.111756
v 0.20215 0.291548 -0.121131
v 0.191749 0.293149 -0.135777
v 0.211385 0.367368 -0.0472958
v 0.218242 0.35005 -0.0472958
v 0.212691 0.350778 -0.0669791
v 0.208074 0.378282 -0.0376407
v 0.186385 0.412481 -0.0283588
v 0.193008 0.403022 -0.0283588
v 0.192915 0.274231 -0.137316
v 0.210872 0.291548 -0.1049
v 0.218848 0.293149 -0.0851231
v 0.225938 0.274231 -0.0725296
v 0.229529 0.255312 -0.0643204
v 0.229529 0.236394 -0.0643204
v 0.229156 0.274231 -0.0630611
v 0.232468 0.274231 -0.0472958
v 0.230602 0.293149 -0.0472958
v 0.233074 0.293149 -0.0283588
v 0.2355 0.293149 -0.00942185
v 0.191749 0.293149 0.135777
v 0.183166 0.312068 0.143473
v 0.190396 0.312068 0.134005
v 0.198092 0.312068 0.12295
v 0.212085 0.331423 0.0857761
v 0.209893 0.344957 0.0798991
v 0.207374 0.296787 0.111756
v 0.210359 0.312068 0.100049
v 0.216563 0.312068 0.0851231
v 0.224212 0.312359 0.0650667
v 0.219828 0.330986 0.0661861
v 0.211385 0.367368 0.0472958
v 0.212691 0.350778 0.0669791
v 0.218242 0.35005 0.0472958
v 0.208074 0.378282 0.0376407
v 0.187597 0.414082 -0.00942185
v 0.193008 0.403022 0.0283588
v 0.194221 0.404623 0.00942185
v 0.2355 0.293149 0.00942185
v 0.232468 0.274231 0.0472958
v 0.233074 0.293149 0.0283588
v 0.230602 0.293149 0.0472958
v 0.229529 0.255312 0.0643204
v 0.229156 0.274231 0.0630611
v 0.229529 0.236394 0.0643204
v 0.225938 0.274231 0.0725296
v 0.192915 0.274231 0.137316
v 0.218848 0.293149 0.0851231
v 0.210872 0.291548 0.1049
v 0.20215 0.291548 0.121131
v 0.226731 0.318907 -0.0543855
v 0.22743 0.306247 -0.057977
v 0.224912 0.293149 -0.0696843
v 0.224772 0.330258 -0.0477622
v 0.21563 0.368969 -0.00942185
v 0.220807 0.35005 -0.0283588
v 0.212225 0.370715 -0.0301313
v 0.226544 0.338845 -0.0150656
v 0.225705 0.335934 -0.0283588
v 0.208866 0.379592 -0.0250005
v 0.203596 0.386723 -0.0301313
v 0.194221 0.404623 -0.00942185
v 0.203689 0.390507 -0.00942185
v 0.228177 0.293149 -0.0602159
v 0.230929 0.312068 -0.0283588
v 0.233354 0.312068 -0.00942185
v 0.224912 0.293149 0.0696843
v 0.226731 0.318907 0.0543855
v 0.22743 0.306247 0.057977
v 0.224772 0.330258 0.0477622
v 0.220807 0.35005 0.0283588
v 0.21563 0.368969 0.00942185
v 0.212225 0.370715 0.0301313
v 0.225705 0.335934 0.0283588
v 0.226544 0.338845 0.0150656
v 0.208866 0.379592 0.0250005
v 0.203596 0.386723 0.0301313
v 0.203689 0.390507 0.00942185
v 0.233354 0.312068 0.00942185
v 0.228177 0.293149 0.0602159
v 0.230929 0.312068 0.0283588
v 0.22757 0.323419 -0.041792
v 0.227337 0.341319 -0.00247207
v 0.223792 0.348595 -0.0090487
v 0.209846 0.381047 -0.00942185
v 0.229343 0.332005 -0.0090487
v 0.228456 0.326475 -0.0283588
v 0.22757 0.323419 0.041792
v 0.227337 0.341319 0.00247207
v 0.223792 0.348595 0.0090487
v 0.209846 0.381047 0.00942185
v 0.228456 0.326475 0.0283588
v 0.229343 0.332005 0.0090487
f 1 2 12
f 1 12 3
f 1 3 4
f 1 4 5
f 1 5 21
f 1 21 6
f 1 6 7
f 1 7 8
f 1 8 13
f 1 13 2
f 2 9 28
f 2 28 10
f 2 10 11
f 2 11 12
f 2 13 14
f 2 14 9
f 3 12 35
f 3 35 15
f 3 15 16
f 3 16 4
f 4 16 17
f 4 17 18
f 4 18 5
f 5 18 19
f 5 19 20
f 5 20 45
f 5 45 21
f 6 21 22
f 6 22 7
f 7 22 23
f 7 23 24
f 7 24 8
f 8 24 25
f 8 25 26
f 8 26 36
f 8 36 13
f 9 27 28
f 9 14 29
f 9 29 27
f 10 30 31
f 10 31 32
f 10 32 11
f 10 28 53
f 10 53 30
f 11 32 33
f 11 33 34
f 11 34 35
f 11 35 12
f 13 36 37
f 13 37 14
f 14 37 29
f 15 35 64
f 15 64 38
f 15 38 39
f 15 39 16
f 16 39 17
f 17 39 40
f 17 40 41
f 17 41 18
f 18 41 42
f 18 42 19
f 19 42 43
f 19 43 44
f 19 44 20
f 20 44 45
f 21 45 46
f 21 46 47
f 21 47 48
f 21 48 22
f 22 48 23
f 23 48 49
f 23 49 50
f 23 50 25
f 23 25 24
f 25 50 26
f 26 50 82
f 26 82 51
f 26 51 65
f 26 65 36
f 27 29 52
f 27 52 28
f 28 52 54
f 28 54 55
f 28 55 53
f 29 37 56
f 29 56 57
f 29 57 52
f 30 58 31
f 30 53 58
f 31 59 60
f 31 60 32
f 31 58 59
f 32 60 61
f 32 61 33
f 33 61 62
f 33 62 63
f 33 63 34
f 34 63 64
f 34 64 35
f 36 65 88
f 36 88 56
f 36 56 37
f 38 64 101
f 38 101 66
f 38 66 67
f 38 67 68
f 38 68 40
f 38 40 39
f 40 68 69
f 40 69 70
f 40 70 71
f 40 71 41
f 41 72 42
f 41 71 72
f 42 72 43
f 43 72 73
f 43 73 74
f 43 74 44
f 44 74 75
f 44 75 76
f 44 76 77
f 44 77 46
f 44 46 45
f 46 77 78
f 46 78 47
f 47 79 48
f 47 78 79
f 48 79 49
f 49 79 80
f 49 80 50
f 50 80 81
f 50 81 82
f 51 82 83
f 51 83 84
f 51 84 102
f 51 102 65
f 52 57 85
f 52 85 54
f 53 55 58
f 54 85 86
f 54 86 55
f 55 86 87
f 55 87 58
f 56 88 89
f 56 89 90
f 56 90 57
f 57 90 85
f 58 91 92
f 58 92 93
f 58 93 59
f 58 87 91
f 59 93 94
f 59 94 95
f 59 95 60
f 60 95 61
f 61 95 96
f 61 96 62
f 62 96 97
f 62 97 98
f 62 98 99
f 62 99 64
f 62 64 63
f 64 99 100
f 64 100 101
f 65 102 103
f 65 103 88
f 66 101 150
f 66 150 104
f 66 104 105
f 66 105 106
f 66 106 67
f 67 106 68
f 68 106 69
f 69 106 107
f 69 107 70
f 70 108 71
f 70 107 109
f 70 109 110
f 70 110 111
f 70 111 112
f 70 112 108
f 71 108 113
f 71 113 72
f 72 113 73
f 73 113 114
f 73 114 115
f 73 115 74
f 74 115 116
f 74 116 117
f 74 117 75
f 75 117 76
f 76 78 77
f 76 117 118
f 76 118 119
f 76 119 78
f 78 119 79
f 79 119 120
f 79 120 121
f 79 121 80
f 80 121 122
f 80 122 81
f 81 122 123
f 81 123 82
f 82 123 124
f 82 124 83
f 83 124 125
f 83 125 84
f 84 125 126
f 84 126 127
f 84 127 128
f 84 128 151
f 84 151 102
f 85 90 129
f 85 129 130
f 85 130 131
f 85 131 86
f 86 91 87
f 86 131 132
f 86 132 91
f 88 103 133
f 88 133 134
f 88 134 89
f 89 135 129
f 89 129 90
f 89 134 135
f 91 136 137
f 91 137 92
f 91 132 136
f 92 137 138
f 92 138 93
f 93 138 139
f 93 139 94
f 94 140 95
f 94 139 141
f 94 141 140
f 95 140 96
f 96 142 97
f 96 140 142
f 97 142 143
f 97 143 144
f 97 144 145
f 97 145 146
f 97 146 147
f 97 147 98
f 98 147 148
f 98 148 99
f 99 148 100
f 100 148 101
f 101 148 149
f 101 149 150
f 102 151 152
f 102 152 153
f 102 153 154
f 102 154 103
f 103 154 133
f 104 150 216
f 104 216 155
f 104 155 156
f 104 156 157
f 104 157 105
f 105 157 107
f 105 107 106
f 107 157 158
f 107 158 109
f 108 112 159
f 108 159 160
f 108 160 161
f 108 161 162
f 108 162 113
f 109 163 111
f 109 111 110
f 109 158 164
f 109 164 165
f 109 165 166
f 109 166 163
f 111 159 112
f 111 163 167
f 111 167 159
f 113 162 114
f 114 162 168
f 114 168 115
f 115 168 169
f 115 169 170
f 115 170 171
f 115 171 172
f 115 172 116
f 116 172 117
f 117 172 173
f 117 173 174
f 117 174 175
f 117 175 176
f 117 176 118
f 118 176 177
f 118 177 119
f 119 177 178
f 119 178 120
f 120 178 179
f 120 179 180
f 120 180 121
f 121 180 122
f 122 180 181
f 122 181 182
f 122 182 123
f 123 182 183
f 123 183 125
f 123 125 124
f 125 184 126
f 125 183 185
f 125 185 184
f 126 184 127
f 127 184 128
f 128 184 186
f 128 186 187
f 128 187 217
f 128 217 151
f 129 135 188
f 129 188 130
f 130 189 131
f 130 188 190
f 130 190 189
f 131 189 191
f 131 191 136
f 131 136 132
f 133 154 134
f 134 192 135
f 134 154 193
f 134 193 192
f 135 192 194
f 135 194 188
f 136 191 195
f 136 195 137
f 137 196 197
f 137 197 138
f 137 195 198
f 137 198 199
f 137 199 196
f 138 197 139
f 139 200 201
f 139 201 202
f 139 202 141
f 139 197 203
f 139 203 200
f 140 141 204
f 140 204 142
f 141 202 204
f 142 205 206
f 142 206 143
f 142 204 207
f 142 207 205
f 143 206 144
f 144 206 208
f 144 208 209
f 144 209 146
f 144 146 145
f 146 210 211
f 146 211 212
f 146 212 213
f 146 213 147
f 146 209 210
f 147 214 149
f 147 149 148
f 147 213 214
f 149 214 150
f 150 214 215
f 150 215 216
f 151 217 218
f 151 218 219
f 151 219 152
f 152 219 153
f 153 219 154
f 154 219 220
f 154 220 193
f 155 216 293
f 155 293 221
f 155 221 222
f 155 222 223
f 155 223 224
f 155 224 158
f 155 158 157
f 155 157 156
f 158 224 223
f 158 223 164
f 159 167 225
f 159 225 160
f 160 225 226
f 160 226 227
f 160 227 228
f 160 228 161
f 161 228 169
f 161 169 168
f 161 168 162
f 163 166 167
f 164 223 229
f 164 229 230
f 164 230 231
f 164 231 165
f 165 231 232
f 165 232 233
f 165 233 166
f 166 233 234
f 166 234 167
f 167 234 225
f 169 228 235
f 169 235 236
f 169 236 237
f 169 237 170
f 170 237 171
f 171 237 238
f 171 238 239
f 171 239 172
f 172 239 173
f 173 239 241
f 173 241 174
f 174 240 175
f 174 241 240
f 175 240 242
f 175 242 176
f 176 242 240
f 176 240 243
f 176 243 244
f 176 244 245
f 176 245 246
f 176 246 179
f 176 179 178
f 176 178 177
f 179 246 247
f 179 247 248
f 179 248 181
f 179 181 249
f 179 249 180
f 180 249 181
f 181 248 250
f 181 250 251
f 181 251 252
f 181 252 253
f 181 253 182
f 182 253 254
f 182 254 183
f 183 254 185
f 184 185 255
f 184 255 256
f 184 256 186
f 185 257 255
f 185 254 258
f 185 258 257
f 186 256 187
f 187 256 259
f 187 259 260
f 187 260 294
f 187 294 217
f 188 194 261
f 188 261 190
f 189 190 195
f 189 195 191
f 190 262 195
f 190 261 194
f 190 194 263
f 190 263 264
f 190 264 262
f 192 265 194
f 192 193 266
f 192 266 265
f 193 220 266
f 194 265 267
f 194 267 268
f 194 268 269
f 194 269 263
f 195 262 270
f 195 270 271
f 195 271 272
f 195 272 273
f 195 273 198
f 196 274 197
f 196 199 275
f 196 275 274
f 197 274 203
f 198 273 275
f 198 275 199
f 200 203 276
f 200 276 201
f 201 277 278
f 201 278 279
f 201 279 207
f 201 207 202
f 201 276 277
f 202 207 204
f 203 280 276
f 203 274 280
f 205 281 282
f 205 282 283
f 205 283 206
f 205 207 279
f 205 279 281
f 206 283 208
f 208 283 284
f 208 284 210
f 208 210 209
f 210 284 285
f 210 285 211
f 211 285 286
f 211 286 287
f 211 287 212
f 212 287 288
f 212 288 289
f 212 289 290
f 212 290 213
f 213 290 291
f 213 291 216
f 213 216 214
f 214 216 215
f 216 291 290
f 216 290 292
f 216 292 293
f 217 294 295
f 217 295 296
f 217 296 218
f 218 296 219
f 219 296 297
f 219 297 220
f 220 297 298
f 220 298 299
f 220 299 266
f 221 293 385
f 221 385 300
f 221 300 301
f 221 301 222
f 222 301 223
f 223 301 302
f 223 302 229
f 225 234 226
f 226 303 304
f 226 304 305
f 226 305 306
f 226 306 227
f 226 234 233
f 226 233 307
f 226 307 308
f 226 308 309
f 226 309 303
f 227 310 311
f 227 311 228
f 227 306 310
f 228 311 235
f 229 302 312
f 229 312 230
f 230 312 313
f 230 313 314
f 230 314 315
f 230 315 316
f 230 316 317
f 230 317 232
f 230 232 231
f 232 317 233
f 233 317 316
f 233 316 318
f 233 318 319
f 233 319 308
f 233 308 307
f 235 311 320
f 235 320 321
f 235 321 322
f 235 322 323
f 235 323 236
f 236 323 237
f 237 323 324
f 237 324 325
f 237 325 238
f 238 325 415
f 238 415 326
f 238 326 239
f 239 326 329
f 239 329 241
f 240 241 329
f 240 329 327
f 240 327 328
f 240 328 243
f 243 328 330
f 243 330 244
f 244 330 245
f 245 331 332
f 245 332 246
f 245 330 331
f 246 332 247
f 247 333 250
f 247 250 248
f 247 332 420
f 247 420 333
f 250 333 334
f 250 334 335
f 250 335 336
f 250 336 251
f 251 336 252
f 252 336 337
f 252 337 338
f 252 338 254
f 252 254 253
f 254 338 339
f 254 339 258
f 255 257 340
f 255 340 341
f 255 341 342
f 255 342 256
f 256 342 343
f 256 343 259
f 257 258 339
f 257 339 344
f 257 344 340
f 259 343 260
f 260 343 345
f 260 345 346
f 260 346 386
f 260 386 294
f 262 264 347
f 262 347 355
f 262 355 270
f 263 269 264
f 264 269 348
f 264 348 433
f 264 433 347
f 265 266 267
f 266 299 349
f 266 349 350
f 266 350 267
f 267 350 351
f 267 351 352
f 267 352 268
f 268 352 269
f 269 353 348
f 269 352 354
f 269 354 353
f 270 355 356
f 270 356 271
f 271 356 272
f 272 356 357
f 272 357 273
f 273 358 360
f 273 360 275
f 273 357 358
f 274 359 280
f 274 275 360
f 274 360 359
f 276 361 362
f 276 362 277
f 276 280 363
f 276 363 361
f 277 362 278
f 278 364 365
f 278 365 366
f 278 366 279
f 278 362 367
f 278 367 364
f 279 366 281
f 280 359 444
f 280 444 363
f 281 366 365
f 281 365 368
f 281 368 282
f 282 369 285
f 282 285 284
f 282 284 283
f 282 368 370
f 282 370 371
f 282 371 372
f 282 372 373
f 282 373 374
f 282 374 369
f 285 374 375
f 285 375 376
f 285 376 377
f 285 377 378
f 285 378 286
f 285 369 374
f 286 378 288
f 286 288 287
f 288 378 377
f 288 377 379
f 288 379 380
f 288 380 381
f 288 381 382
f 288 382 289
f 289 382 383
f 289 383 290
f 290 383 384
f 290 384 292
f 292 384 293
f 293 384 385
f 294 386 387
f 294 387 388
f 294 388 295
f 295 388 296
f 296 388 389
f 296 389 297
f 297 389 390
f 297 390 391
f 297 391 298
f 298 392 349
f 298 349 299
f 298 391 392
f 300 385 467
f 300 467 393
f 300 393 302
f 300 302 301
f 302 393 474
f 302 474 394
f 302 394 312
f 303 309 395
f 303 395 304
f 304 310 305
f 304 395 396
f 304 396 397
f 304 397 310
f 305 310 306
f 308 319 318
f 308 318 398
f 308 398 399
f 308 399 400
f 308 400 396
f 308 396 309
f 309 396 395
f 310 397 401
f 310 401 402
f 310 402 321
f 310 321 320
f 310 320 311
f 312 394 313
f 313 394 403
f 313 403 314
f 314 403 404
f 314 404 315
f 315 405 316
f 315 404 406
f 315 406 405
f 316 405 318
f 318 405 407
f 318 407 408
f 318 408 398
f 321 402 409
f 321 409 410
f 321 410 322
f 322 410 411
f 322 411 324
f 322 324 323
f 324 411 412
f 324 412 413
f 324 413 325
f 325 413 414
f 325 414 415
f 326 415 416
f 326 416 329
f 327 329 416
f 327 416 328
f 328 417 418
f 328 418 330
f 328 416 417
f 330 418 331
f 331 419 332
f 331 418 419
f 332 419 420
f 333 420 421
f 333 421 422
f 333 422 334
f 334 422 423
f 334 423 424
f 334 424 336
f 334 336 335
f 336 424 425
f 336 425 426
f 336 426 337
f 337 426 344
f 337 344 338
f 338 344 339
f 340 427 428
f 340 428 342
f 340 342 341
f 340 344 427
f 342 428 343
f 343 429 345
f 343 428 429
f 344 426 430
f 344 430 431
f 344 431 427
f 345 429 432
f 345 432 346
f 346 432 468
f 346 468 386
f 347 433 434
f 347 434 355
f 348 435 436
f 348 436 433
f 348 353 435
f 349 392 350
f 350 392 351
f 351 392 437
f 351 437 352
f 352 438 353
f 352 353 354
f 352 437 439
f 352 439 438
f 353 440 435
f 353 438 440
f 355 434 441
f 355 441 356
f 356 441 357
f 357 441 442
f 357 442 443
f 357 443 358
f 358 443 360
f 359 360 443
f 359 443 444
f 361 445 367
f 361 367 362
f 361 363 446
f 361 446 447
f 361 447 445
f 363 444 448
f 363 448 446
f 364 367 449
f 364 449 450
f 364 450 451
f 364 451 365
f 365 452 453
f 365 453 371
f 365 371 370
f 365 370 368
f 365 451 452
f 367 445 449
f 371 453 454
f 371 454 455
f 371 455 372
f 372 455 373
f 373 455 454
f 373 454 374
f 374 456 457
f 374 457 458
f 374 458 376
f 374 376 375
f 374 454 456
f 376 458 459
f 376 459 460
f 376 460 461
f 376 461 377
f 377 461 379
f 379 461 462
f 379 462 463
f 379 463 464
f 379 464 380
f 380 465 381
f 380 464 465
f 381 465 466
f 381 466 382
f 382 466 383
f 383 467 385
f 383 385 384
f 383 466 538
f 383 538 467
f 386 468 469
f 386 469 387
f 387 469 388
f 388 469 470
f 388 470 389
f 389 470 391
f 389 391 390
f 391 470 471
f 391 471 392
f 392 472 437
f 392 471 473
f 392 473 472
f 393 467 538
f 393 538 474
f 394 474 475
f 394 475 403
f 396 476 477
f 396 477 478
f 396 478 479
f 396 479 480
f 396 480 397
f 396 400 481
f 396 481 482
f 396 482 483
f 396 483 476
f 397 480 484
f 397 484 401
f 398 408 485
f 398 485 399
f 399 485 481
f 399 481 400
f 401 484 402
f 402 484 409
f 403 475 404
f 404 475 537
f 404 537 536
f 404 536 464
f 404 464 463
f 404 463 462
f 404 462 535
f 404 535 625
f 404 625 624
f 404 624 623
f 404 623 622
f 404 622 703
f 404 703 788
f 404 788 870
f 404 870 949
f 404 949 1018
f 404 1018 1097
f 404 1097 1176
f 404 1176 1266
f 404 1266 1349
f 404 1349 1429
f 404 1429 1517
f 404 1517 1525
f 404 1525 1524
f 404 1524 1609
f 404 1609 1707
f 404 1707 1802
f 404 1802 1870
f 404 1870 1839
f 404 1839 1751
f 404 1751 1646
f 404 1646 1552
f 404 1552 1460
f 404 1460 1459
f 404 1459 1452
f 404 1452 1370
f 404 1370 1291
f 404 1291 1196
f 404 1196 1119
f 404 1119 1034
f 404 1034 964
f 404 964 881
f 404 881 800
f 404 800 722
f 404 722 644
f 404 644 560
f 404 560 559
f 404 559 558
f 404 558 557
f 404 557 486
f 404 486 406
f 405 406 407
f 406 486 407
f 407 487 408
f 407 486 487
f 408 487 485
f 409 488 489
f 409 489 410
f 409 484 488
f 410 489 411
f 411 489 490
f 411 490 412
f 412 490 491
f 412 491 492
f 412 492 413
f 413 492 414
f 414 492 496
f 414 496 493
f 414 493 416
f 414 416 415
f 416 493 494
f 416 494 417
f 417 494 418
f 418 420 419
f 418 494 420
f 420 495 421
f 420 494 496
f 420 496 497
f 420 497 495
f 421 498 499
f 421 499 422
f 421 495 498
f 422 499 500
f 422 500 423
f 423 500 501
f 423 501 424
f 424 501 502
f 424 502 430
f 424 430 425
f 425 430 426
f 427 431 503
f 427 503 428
f 428 503 504
f 428 504 429
f 429 504 505
f 429 505 506
f 429 506 432
f 430 507 508
f 430 508 431
f 430 502 507
f 431 508 503
f 432 506 585
f 432 585 668
f 432 668 751
f 432 751 837
f 432 837 919
f 432 919 996
f 432 996 1022
f 432 1022 951
f 432 951 872
f 432 872 789
f 432 789 704
f 432 704 626
f 432 626 539
f 432 539 468
f 433 509 441
f 433 441 434
f 433 436 510
f 433 510 511
f 433 511 512
f 433 512 509
f 435 513 436
f 435 440 514
f 435 514 513
f 436 513 515
f 436 515 510
f 437 472 439
f 438 516 517
f 438 517 440
f 438 439 472
f 438 472 516
f 440 517 514
f 441 509 442
f 442 509 443
f 443 518 448
f 443 448 444
f 443 509 518
f 445 519 520
f 445 520 449
f 445 447 519
f 446 448 521
f 446 521 447
f 447 522 519
f 447 521 522
f 448 518 512
f 448 512 521
f 449 520 450
f 450 520 523
f 450 523 524
f 450 524 451
f 451 524 452
f 452 524 453
f 453 524 525
f 453 525 454
f 454 525 526
f 454 526 527
f 454 527 528
f 454 528 529
f 454 529 530
f 454 530 531
f 454 531 532
f 454 532 456
f 456 532 457
f 457 532 533
f 457 533 458
f 458 533 459
f 459 533 534
f 459 534 460
f 460 534 535
f 460 535 462
f 460 462 461
f 464 536 465
f 465 536 537
f 465 537 466
f 466 537 538
f 468 539 469
f 469 540 541
f 469 541 470
f 469 539 540
f 470 542 471
f 470 541 542
f 471 542 473
f 472 473 543
f 472 543 544
f 472 544 516
f 473 542 543
f 474 538 537
f 474 537 475
f 476 545 477
f 476 483 545
f 477 545 546
f 477 546 547
f 477 547 548
f 477 548 549
f 477 549 550
f 477 550 551
f 477 551 478
f 478 551 552
f 478 552 479
f 479 552 480
f 480 553 484
f 480 552 551
f 480 551 553
f 481 485 554
f 481 554 482
f 482 555 556
f 482 556 483
f 482 554 487
f 482 487 486
f 482 486 557
f 482 557 558
f 482 558 559
f 482 559 560
f 482 560 555
f 483 556 561
f 483 561 545
f 484 553 562
f 484 562 563
f 484 563 564
f 484 564 488
f 485 487 554
f 488 564 565
f 488 565 566
f 488 566 567
f 488 567 568
f 488 568 489
f 489 568 490
f 490 568 569
f 490 569 570
f 490 570 491
f 491 570 571
f 491 571 492
f 492 571 572
f 492 572 496
f 493 496 494
f 495 497 498
f 496 572 573
f 496 573 498
f 496 498 497
f 498 573 574
f 498 574 575
f 498 575 576
f 498 576 577
f 498 577 499
f 499 577 578
f 499 578 500
f 500 578 579
f 500 579 580
f 500 580 501
f 501 580 581
f 501 581 507
f 501 507 502
f 503 582 505
f 503 505 504
f 503 508 582
f 505 582 583
f 505 583 584
f 505 584 585
f 505 585 506
f 507 586 587
f 507 587 508
f 507 581 588
f 507 588 586
f 508 587 582
f 509 512 518
f 510 515 511
f 511 515 512
f 512 589 602
f 512 602 521
f 512 515 590
f 512 590 589
f 513 591 595
f 513 595 515
f 513 514 592
f 513 592 591
f 514 517 593
f 514 593 594
f 514 594 592
f 515 595 596
f 515 596 597
f 515 597 590
f 516 544 517
f 517 544 598
f 517 598 593
f 519 599 600
f 519 600 520
f 519 522 601
f 519 601 599
f 520 600 523
f 521 602 522
f 522 602 601
f 523 603 604
f 523 604 524
f 523 600 605
f 523 605 606
f 523 606 603
f 524 607 608
f 524 608 609
f 524 609 525
f 524 604 607
f 525 609 610
f 525 610 611
f 525 611 526
f 526 611 527
f 527 611 610
f 527 610 528
f 528 612 613
f 528 613 614
f 528 614 615
f 528 615 529
f 528 610 616
f 528 616 617
f 528 617 612
f 529 615 530
f 530 618 619
f 530 619 531
f 530 615 618
f 531 534 620
f 531 620 532
f 531 619 621
f 531 621 622
f 531 622 623
f 531 623 624
f 531 624 625
f 531 625 535
f 531 535 534
f 532 620 533
f 533 620 534
f 539 626 540
f 540 626 627
f 540 627 628
f 540 628 629
f 540 629 542
f 540 542 541
f 542 629 543
f 543 630 544
f 543 629 630
f 544 630 631
f 544 631 632
f 544 632 598
f 545 561 546
f 546 561 633
f 546 633 547
f 547 633 634
f 547 634 635
f 547 635 636
f 547 636 549
f 547 549 548
f 549 636 637
f 549 637 638
f 549 638 639
f 549 639 640
f 549 640 641
f 549 641 551
f 549 551 550
f 551 641 642
f 551 642 643
f 551 643 563
f 551 563 562
f 551 562 553
f 555 560 634
f 555 634 633
f 555 633 561
f 555 561 556
f 560 644 634
f 563 643 565
f 563 565 564
f 565 643 645
f 565 645 566
f 566 645 646
f 566 646 647
f 566 647 648
f 566 648 569
f 566 569 567
f 567 569 568
f 569 648 649
f 569 649 650
f 569 650 570
f 570 650 730
f 570 730 651
f 570 651 571
f 571 651 652
f 571 652 572
f 572 652 573
f 573 653 574
f 573 652 653
f 574 654 655
f 574 655 575
f 574 653 656
f 574 656 654
f 575 655 576
f 576 655 734
f 576 734 657
f 576 657 577
f 577 658 578
f 577 657 659
f 577 659 658
f 578 658 660
f 578 660 661
f 578 661 580
f 578 580 579
f 580 661 662
f 580 662 663
f 580 663 588
f 580 588 581
f 582 664 583
f 582 587 665
f 582 665 664
f 583 664 584
f 584 664 666
f 584 666 667
f 584 667 750
f 584 750 668
f 584 668 585
f 586 588 663
f 586 663 669
f 586 669 670
f 586 670 671
f 586 671 672
f 586 672 665
f 586 665 587
f 589 673 688
f 589 688 602
f 589 590 673
f 590 597 674
f 590 674 673
f 591 592 675
f 591 675 676
f 591 676 677
f 591 677 595
f 592 678 675
f 592 594 593
f 592 593 679
f 592 679 678
f 593 680 679
f 593 598 632
f 593 632 681
f 593 681 680
f 595 677 763
f 595 763 682
f 595 682 596
f 596 682 597
f 597 682 683
f 597 683 684
f 597 684 674
f 599 606 605
f 599 605 600
f 599 601 685
f 599 685 686
f 599 686 687
f 599 687 606
f 601 602 688
f 601 688 771
f 601 771 685
f 603 689 607
f 603 607 604
f 603 606 690
f 603 690 689
f 606 687 691
f 606 691 692
f 606 692 690
f 607 689 610
f 607 610 608
f 608 610 609
f 610 689 693
f 610 693 694
f 610 694 617
f 610 617 616
f 612 617 613
f 613 695 696
f 613 696 697
f 613 697 698
f 613 698 614
f 613 617 695
f 614 698 618
f 614 618 615
f 617 699 700
f 617 700 695
f 617 694 701
f 617 701 702
f 617 702 699
f 618 698 621
f 618 621 619
f 621 697 622
f 621 698 697
f 622 697 703
f 626 704 627
f 627 705 706
f 627 706 707
f 627 707 628
f 627 704 790
f 627 790 705
f 628 707 629
f 629 707 708
f 629 708 630
f 630 708 631
f 631 709 710
f 631 710 711
f 631 711 681
f 631 681 632
f 631 708 712
f 631 712 709
f 634 644 635
f 635 713 636
f 635 644 713
f 636 714 637
f 636 713 714
f 637 714 638
f 638 715 639
f 638 714 715
f 639 716 640
f 639 715 717
f 639 717 716
f 640 716 718
f 640 718 719
f 640 719 641
f 641 719 642
f 642 719 720
f 642 720 643
f 643 720 721
f 643 721 645
f 644 722 713
f 645 721 723
f 645 723 646
f 646 723 724
f 646 724 647
f 647 724 725
f 647 725 726
f 647 726 727
f 647 727 728
f 647 728 649
f 647 649 648
f 649 728 729
f 649 729 650
f 650 729 730
f 651 730 731
f 651 731 652
f 652 731 732
f 652 732 656
f 652 656 653
f 654 733 734
f 654 734 655
f 654 656 735
f 654 735 733
f 656 732 736
f 656 736 735
f 657 734 737
f 657 737 659
f 658 659 660
f 659 737 738
f 659 738 739
f 659 739 740
f 659 740 741
f 659 741 660
f 660 741 740
f 660 740 742
f 660 742 743
f 660 743 744
f 660 744 662
f 660 662 661
f 662 744 745
f 662 745 669
f 662 669 663
f 664 665 672
f 664 672 746
f 664 746 666
f 666 746 747
f 666 747 748
f 666 748 749
f 666 749 667
f 667 749 750
f 668 750 835
f 668 835 751
f 669 745 670
f 670 745 752
f 670 752 671
f 671 752 753
f 671 753 754
f 671 754 672
f 672 754 755
f 672 755 746
f 673 684 756
f 673 756 757
f 673 757 771
f 673 771 688
f 673 674 684
f 675 678 676
f 676 758 759
f 676 759 760
f 676 760 677
f 676 678 761
f 676 761 762
f 676 762 758
f 677 760 763
f 678 764 762
f 678 762 761
f 678 679 680
f 678 680 765
f 678 765 766
f 678 766 764
f 680 681 711
f 680 711 767
f 680 767 765
f 682 763 683
f 683 763 768
f 683 768 769
f 683 769 684
f 684 769 770
f 684 770 756
f 685 771 772
f 685 772 686
f 686 773 691
f 686 691 687
f 686 772 773
f 689 774 693
f 689 690 775
f 689 775 774
f 690 776 775
f 690 692 776
f 691 773 777
f 691 777 778
f 691 778 779
f 691 779 780
f 691 780 692
f 692 780 776
f 693 781 694
f 693 774 781
f 694 781 701
f 695 700 782
f 695 782 783
f 695 783 696
f 696 783 703
f 696 703 697
f 699 702 784
f 699 784 782
f 699 782 700
f 701 781 785
f 701 785 786
f 701 786 702
f 702 786 787
f 702 787 784
f 703 783 788
f 704 789 874
f 704 874 790
f 705 790 791
f 705 791 706
f 706 792 707
f 706 791 793
f 706 793 794
f 706 794 792
f 707 792 712
f 707 712 708
f 709 795 796
f 709 796 710
f 709 712 797
f 709 797 795
f 710 796 767
f 710 767 711
f 712 792 798
f 712 798 797
f 713 799 714
f 713 722 800
f 713 800 799
f 714 799 801
f 714 801 802
f 714 802 803
f 714 803 717
f 714 717 715
f 716 717 804
f 716 804 805
f 716 805 806
f 716 806 807
f 716 807 808
f 716 808 718
f 717 803 809
f 717 809 804
f 718 808 719
f 719 808 720
f 720 808 810
f 720 810 721
f 721 810 806
f 721 806 811
f 721 811 812
f 721 812 723
f 723 812 724
f 724 812 725
f 725 813 814
f 725 814 726
f 725 812 813
f 726 814 815
f 726 815 816
f 726 816 817
f 726 817 727
f 727 817 728
f 728 817 818
f 728 818 729
f 729 818 820
f 729 820 819
f 729 819 731
f 729 731 730
f 731 819 736
f 731 736 732
f 733 737 734
f 733 735 737
f 735 736 737
f 736 820 821
f 736 821 822
f 736 822 737
f 736 819 820
f 737 822 821
f 737 821 817
f 737 817 823
f 737 823 824
f 737 824 738
f 738 824 825
f 738 825 739
f 739 826 740
f 739 825 827
f 739 827 826
f 740 826 742
f 742 826 902
f 742 902 828
f 742 828 829
f 742 829 743
f 743 829 830
f 743 830 745
f 743 745 744
f 745 830 753
f 745 753 752
f 746 755 754
f 746 754 747
f 747 754 831
f 747 831 832
f 747 832 833
f 747 833 748
f 748 833 749
f 749 833 912
f 749 912 834
f 749 834 835
f 749 835 750
f 751 835 915
f 751 915 836
f 751 836 837
f 753 830 838
f 753 838 831
f 753 831 754
f 756 770 839
f 756 839 757
f 757 839 772
f 757 772 771
f 758 762 840
f 758 840 841
f 758 841 842
f 758 842 759
f 759 842 843
f 759 843 760
f 760 844 770
f 760 770 769
f 760 769 768
f 760 768 763
f 760 843 845
f 760 845 846
f 760 846 847
f 760 847 844
f 762 764 840
f 764 848 922
f 764 922 840
f 764 766 849
f 764 849 848
f 765 767 766
f 766 767 850
f 766 850 849
f 767 796 795
f 767 795 850
f 770 844 847
f 770 847 851
f 770 851 839
f 772 852 773
f 772 839 851
f 772 851 852
f 773 852 846
f 773 846 777
f 774 775 853
f 774 853 854
f 774 854 781
f 775 855 856
f 775 856 857
f 775 857 853
f 775 776 855
f 776 780 855
f 777 846 859
f 777 859 778
f 778 858 779
f 778 859 860
f 778 860 858
f 779 858 861
f 779 861 855
f 779 855 780
f 781 854 785
f 782 862 863
f 782 863 864
f 782 864 783
f 782 784 787
f 782 787 865
f 782 865 862
f 783 864 788
f 785 854 786
f 786 866 787
f 786 854 867
f 786 867 857
f 786 857 868
f 786 868 866
f 787 869 865
f 787 866 869
f 788 864 871
f 788 871 870
f 789 872 873
f 789 873 956
f 789 956 874
f 790 874 875
f 790 875 791
f 791 875 958
f 791 958 876
f 791 876 793
f 792 794 797
f 792 797 798
f 793 876 794
f 794 876 877
f 794 877 878
f 794 878 797
f 795 797 878
f 795 878 879
f 795 879 850
f 799 880 801
f 799 800 880
f 800 881 880
f 801 880 882
f 801 882 802
f 802 882 883
f 802 883 803
f 803 883 809
f 804 809 884
f 804 884 885
f 804 885 886
f 804 886 805
f 805 886 887
f 805 887 888
f 805 888 889
f 805 889 806
f 806 889 890
f 806 890 811
f 806 810 808
f 806 808 807
f 809 891 885
f 809 885 884
f 809 883 892
f 809 892 891
f 811 890 893
f 811 893 813
f 811 813 812
f 813 893 894
f 813 894 814
f 814 894 895
f 814 895 815
f 815 896 816
f 815 895 897
f 815 897 898
f 815 898 899
f 815 899 900
f 815 900 896
f 816 896 817
f 817 896 823
f 817 821 820
f 817 820 818
f 823 896 825
f 823 825 824
f 825 896 901
f 825 901 827
f 826 827 902
f 827 903 904
f 827 904 905
f 827 905 902
f 827 901 903
f 828 902 906
f 828 906 907
f 828 907 829
f 829 907 908
f 829 908 838
f 829 838 830
f 831 838 909
f 831 909 910
f 831 910 911
f 831 911 832
f 832 911 833
f 833 911 986
f 833 986 912
f 834 912 913
f 834 913 914
f 834 914 915
f 834 915 835
f 836 915 914
f 836 914 916
f 836 916 917
f 836 917 918
f 836 918 837
f 837 918 919
f 838 908 920
f 838 920 921
f 838 921 909
f 840 922 841
f 841 922 923
f 841 923 924
f 841 924 925
f 841 925 926
f 841 926 842
f 842 926 927
f 842 927 845
f 842 845 843
f 845 927 846
f 846 927 859
f 846 852 851
f 846 851 847
f 848 928 929
f 848 929 922
f 848 849 928
f 849 850 879
f 849 879 930
f 849 930 928
f 853 857 854
f 854 857 867
f 855 861 856
f 856 931 857
f 856 861 932
f 856 932 931
f 857 931 933
f 857 933 868
f 858 934 935
f 858 935 861
f 858 860 934
f 859 927 860
f 860 936 937
f 860 937 934
f 860 927 938
f 860 938 939
f 860 939 936
f 861 935 932
f 862 940 941
f 862 941 863
f 862 865 940
f 863 941 871
f 863 871 864
f 865 869 940
f 866 942 943
f 866 943 869
f 866 868 944
f 866 944 942
f 868 933 945
f 868 945 946
f 868 946 944
f 869 943 942
f 869 942 947
f 869 947 948
f 869 948 940
f 870 871 941
f 870 941 950
f 870 950 1019
f 870 1019 949
f 872 951 952
f 872 952 873
f 873 952 953
f 873 953 954
f 873 954 955
f 873 955 956
f 874 956 875
f 875 957 958
f 875 956 955
f 875 955 957
f 876 958 1032
f 876 1032 959
f 876 959 877
f 877 959 878
f 878 959 960
f 878 960 961
f 878 961 879
f 879 961 962
f 879 962 963
f 879 963 930
f 880 881 964
f 880 964 882
f 882 965 966
f 882 966 883
f 882 964 965
f 883 966 967
f 883 967 892
f 885 891 968
f 885 968 1038
f 885 1038 969
f 885 969 1045
f 885 1045 970
f 885 970 971
f 885 971 886
f 886 971 970
f 886 970 887
f 887 972 888
f 887 970 972
f 888 972 973
f 888 973 974
f 888 974 889
f 889 974 890
f 890 974 975
f 890 975 976
f 890 976 977
f 890 977 893
f 891 892 968
f 892 967 968
f 893 977 978
f 893 978 894
f 894 978 895
f 895 978 979
f 895 979 897
f 896 900 901
f 897 979 980
f 897 980 898
f 898 980 899
f 899 901 900
f 899 980 903
f 899 903 901
f 902 905 906
f 903 980 904
f 904 981 905
f 904 980 982
f 904 982 981
f 905 981 906
f 906 983 985
f 906 985 907
f 906 981 984
f 906 984 983
f 907 985 920
f 907 920 908
f 909 921 910
f 910 921 911
f 911 921 997
f 911 997 986
f 912 986 987
f 912 987 988
f 912 988 913
f 913 988 914
f 914 989 916
f 914 988 989
f 916 989 990
f 916 990 991
f 916 991 992
f 916 992 917
f 917 992 918
f 918 992 993
f 918 993 994
f 918 994 995
f 918 995 919
f 919 995 996
f 920 985 921
f 921 985 1057
f 921 1057 997
f 922 929 923
f 923 929 998
f 923 998 924
f 924 998 999
f 924 999 1000
f 924 1000 925
f 925 1000 939
f 925 939 926
f 926 939 938
f 926 938 927
f 928 1001 1002
f 928 1002 929
f 928 930 963
f 928 963 1001
f 929 1002 1003
f 929 1003 998
f 931 1004 1005
f 931 1005 1006
f 931 1006 933
f 931 932 1007
f 931 1007 1004
f 932 935 1008
f 932 1008 1007
f 933 1006 945
f 934 1008 935
f 934 937 1009
f 934 1009 1008
f 936 1000 1009
f 936 1009 937
f 936 939 1000
f 940 948 1010
f 940 1010 1011
f 940 1011 950
f 940 950 941
f 942 1012 1092
f 942 1092 1013
f 942 1013 947
f 942 944 1014
f 942 1014 1015
f 942 1015 1093
f 942 1093 1012
f 944 946 1015
f 944 1015 1014
f 945 1016 946
f 945 1006 1017
f 945 1017 1016
f 946 1016 1015
f 947 1013 948
f 948 1013 1010
f 949 1019 1020
f 949 1020 1021
f 949 1021 1018
f 950 1011 1087
f 950 1087 1019
f 951 1022 1023
f 951 1023 952
f 952 1023 1024
f 952 1024 1025
f 952 1025 1026
f 952 1026 953
f 953 1026 954
f 954 1026 1027
f 954 1027 1028
f 954 1028 1029
f 954 1029 955
f 955 1029 1030
f 955 1030 957
f 957 1030 958
f 958 1031 1032
f 958 1030 1031
f 959 1032 1033
f 959 1033 962
f 959 962 960
f 960 962 961
f 962 1033 1078
f 962 1078 1001
f 962 1001 963
f 964 1034 1035
f 964 1035 965
f 965 1035 1036
f 965 1036 966
f 966 1036 1037
f 966 1037 967
f 967 1037 1038
f 967 1038 968
f 969 1038 1039
f 969 1039 1040
f 969 1040 1041
f 969 1041 1042
f 969 1042 1043
f 969 1043 1044
f 969 1044 1045
f 970 1045 1046
f 970 1046 972
f 972 1046 1047
f 972 1047 975
f 972 975 973
f 973 975 974
f 975 1047 1134
f 975 1134 1048
f 975 1048 1049
f 975 1049 976
f 976 1049 977
f 977 1049 1050
f 977 1050 978
f 978 1050 979
f 979 1050 1051
f 979 1051 1052
f 979 1052 980
f 980 1052 1054
f 980 1054 982
f 981 1053 984
f 981 982 1054
f 981 1054 1053
f 983 1055 1057
f 983 1057 985
f 983 984 1056
f 983 1056 1138
f 983 1138 1055
f 984 1053 1056
f 986 1058 1059
f 986 1059 987
f 986 997 1058
f 987 1059 988
f 988 1059 1060
f 988 1060 989
f 989 1060 1061
f 989 1061 990
f 990 1061 1060
f 990 1060 1062
f 990 1062 1063
f 990 1063 991
f 991 1063 1064
f 991 1064 992
f 992 1064 1065
f 992 1065 993
f 993 1066 994
f 993 1065 1067
f 993 1067 1068
f 993 1068 1066
f 994 1066 995
f 995 1066 1069
f 995 1069 1070
f 995 1070 1071
f 995 1071 996
f 996 1071 1102
f 996 1102 1022
f 997 1072 1073
f 997 1073 1074
f 997 1074 1058
f 997 1057 1072
f 998 1003 1075
f 998 1075 1076
f 998 1076 999
f 999 1076 1077
f 999 1077 1000
f 1000 1077 1085
f 1000 1085 1009
f 1001 1078 1079
f 1001 1079 1002
f 1002 1079 1161
f 1002 1161 1080
f 1002 1080 1003
f 1003 1080 1075
f 1004 1007 1081
f 1004 1081 1083
f 1004 1083 1005
f 1005 1082 1096
f 1005 1096 1016
f 1005 1016 1017
f 1005 1017 1006
f 1005 1083 1162
f 1005 1162 1082
f 1007 1008 1084
f 1007 1084 1081
f 1008 1009 1084
f 1009 1085 1084
f 1010 1086 1087
f 1010 1087 1011
f 1010 1013 1092
f 1010 1092 1086
f 1012 1088 1089
f 1012 1089 1090
f 1012 1090 1091
f 1012 1091 1092
f 1012 1093 1094
f 1012 1094 1095
f 1012 1095 1088
f 1015 1016 1096
f 1015 1096 1093
f 1018 1021 1097
f 1019 1087 1098
f 1019 1098 1020
f 1020 1098 1099
f 1020 1099 1100
f 1020 1100 1021
f 1021 1100 1101
f 1021 1101 1097
f 1022 1102 1103
f 1022 1103 1023
f 1023 1103 1104
f 1023 1104 1105
f 1023 1105 1024
f 1024 1105 1025
f 1025 1106 1107
f 1025 1107 1108
f 1025 1108 1026
f 1025 1105 1106
f 1026 1108 1109
f 1026 1109 1027
f 1027 1109 1110
f 1027 1110 1028
f 1028 1111 1112
f 1028 1112 1029
f 1028 1110 1113
f 1028 1113 1111
f 1029 1112 1111
f 1029 1111 1030
f 1030 1111 1114
f 1030 1114 1031
f 1031 1114 1032
f 1032 1114 1115
f 1032 1115 1033
f 1033 1115 1116
f 1033 1116 1117
f 1033 1117 1118
f 1033 1118 1078
f 1034 1119 1120
f 1034 1120 1121
f 1034 1121 1035
f 1035 1121 1122
f 1035 1122 1036
f 1036 1122 1037
f 1037 1122 1123
f 1037 1123 1038
f 1038 1123 1039
f 1039 1123 1040
f 1040 1124 1042
f 1040 1042 1041
f 1040 1123 1122
f 1040 1122 1125
f 1040 1125 1124
f 1042 1124 1126
f 1042 1126 1127
f 1042 1127 1043
f 1043 1127 1128
f 1043 1128 1045
f 1043 1045 1044
f 1045 1128 1046
f 1046 1128 1129
f 1046 1129 1130
f 1046 1130 1047
f 1047 1130 1131
f 1047 1131 1132
f 1047 1132 1133
f 1047 1133 1213
f 1047 1213 1134
f 1048 1134 1214
f 1048 1214 1135
f 1048 1135 1050
f 1048 1050 1049
f 1050 1135 1051
f 1051 1054 1052
f 1051 1135 1214
f 1051 1214 1136
f 1051 1136 1138
f 1051 1138 1056
f 1051 1056 1054
f 1053 1054 1056
f 1055 1137 1140
f 1055 1140 1057
f 1055 1138 1139
f 1055 1139 1137
f 1057 1140 1072
f 1058 1074 1059
f 1059 1074 1073
f 1059 1073 1141
f 1059 1141 1060
f 1060 1141 1062
f 1062 1142 1063
f 1062 1141 1143
f 1062 1143 1142
f 1063 1142 1144
f 1063 1144 1145
f 1063 1145 1146
f 1063 1146 1147
f 1063 1147 1064
f 1064 1147 1065
f 1065 1147 1148
f 1065 1148 1067
f 1066 1068 1149
f 1066 1149 1150
f 1066 1150 1069
f 1067 1148 1151
f 1067 1151 1068
f 1068 1151 1149
f 1069 1150 1152
f 1069 1152 1153
f 1069 1153 1154
f 1069 1154 1070
f 1070 1154 1071
f 1071 1154 1179
f 1071 1179 1102
f 1072 1155 1073
f 1072 1140 1155
f 1073 1155 1156
f 1073 1156 1157
f 1073 1157 1141
f 1075 1080 1076
f 1076 1085 1077
f 1076 1080 1085
f 1078 1118 1158
f 1078 1158 1159
f 1078 1159 1079
f 1079 1159 1160
f 1079 1160 1161
f 1080 1161 1168
f 1080 1168 1085
f 1081 1084 1167
f 1081 1167 1083
f 1082 1162 1251
f 1082 1251 1163
f 1082 1163 1164
f 1082 1164 1165
f 1082 1165 1166
f 1082 1166 1096
f 1083 1167 1250
f 1083 1250 1162
f 1084 1085 1167
f 1085 1168 1250
f 1085 1250 1167
f 1086 1098 1087
f 1086 1092 1169
f 1086 1169 1098
f 1088 1170 1171
f 1088 1171 1090
f 1088 1090 1089
f 1088 1095 1172
f 1088 1172 1170
f 1090 1171 1173
f 1090 1173 1098
f 1090 1098 1169
f 1090 1169 1091
f 1091 1169 1092
f 1093 1095 1094
f 1093 1096 1174
f 1093 1174 1095
f 1095 1174 1172
f 1096 1175 1174
f 1096 1166 1175
f 1097 1101 1177
f 1097 1177 1176
f 1098 1173 1099
f 1099 1178 1100
f 1099 1173 1178
f 1100 1178 1101
f 1101 1178 1177
f 1102 1179 1103
f 1103 1179 1104
f 1104 1180 1105
f 1104 1179 1181
f 1104 1181 1182
f 1104 1182 1180
f 1105 1180 1183
f 1105 1183 1106
f 1106 1183 1184
f 1106 1184 1107
f 1107 1184 1185
f 1107 1185 1108
f 1108 1185 1186
f 1108 1186 1109
f 1109 1186 1110
f 1110 1186 1187
f 1110 1187 1188
f 1110 1188 1189
f 1110 1189 1190
f 1110 1190 1113
f 1111 1113 1191
f 1111 1191 1114
f 1113 1190 1192
f 1113 1192 1191
f 1114 1191 1117
f 1114 1117 1116
f 1114 1116 1115
f 1117 1193 1194
f 1117 1194 1195
f 1117 1195 1118
f 1117 1191 1193
f 1118 1195 1158
f 1119 1196 1197
f 1119 1197 1198
f 1119 1198 1120
f 1120 1198 1199
f 1120 1199 1121
f 1121 1199 1200
f 1121 1200 1122
f 1122 1200 1125
f 1124 1125 1201
f 1124 1201 1202
f 1124 1202 1203
f 1124 1203 1126
f 1125 1200 1201
f 1126 1203 1204
f 1126 1204 1205
f 1126 1205 1206
f 1126 1206 1207
f 1126 1207 1208
f 1126 1208 1127
f 1127 1208 1209
f 1127 1209 1129
f 1127 1129 1128
f 1129 1209 1131
f 1129 1131 1130
f 1131 1209 1132
f 1132 1209 1208
f 1132 1208 1210
f 1132 1210 1211
f 1132 1211 1212
f 1132 1212 1133
f 1133 1212 1213
f 1134 1213 1215
f 1134 1215 1214
f 1136 1214 1215
f 1136 1215 1216
f 1136 1216 1309
f 1136 1309 1217
f 1136 1217 1218
f 1136 1218 1138
f 1137 1219 1220
f 1137 1220 1221
f 1137 1221 1140
f 1137 1139 1222
f 1137 1222 1219
f 1138 1223 1139
f 1138 1218 1223
f 1139 1223 1222
f 1140 1221 1156
f 1140 1156 1155
f 1141 1157 1224
f 1141 1224 1143
f 1142 1143 1224
f 1142 1224 1144
f 1144 1224 1225
f 1144 1225 1145
f 1145 1225 1226
f 1145 1226 1146
f 1146 1227 1147
f 1146 1226 1227
f 1147 1227 1228
f 1147 1228 1229
f 1147 1229 1148
f 1148 1229 1230
f 1148 1230 1231
f 1148 1231 1232
f 1148 1232 1151
f 1149 1233 1234
f 1149 1234 1150
f 1149 1151 1235
f 1149 1235 1233
f 1150 1234 1233
f 1150 1233 1152
f 1151 1232 1236
f 1151 1236 1237
f 1151 1237 1238
f 1151 1238 1235
f 1152 1233 1239
f 1152 1239 1240
f 1152 1240 1241
f 1152 1241 1153
f 1153 1241 1154
f 1154 1241 1271
f 1154 1271 1179
f 1156 1242 1157
f 1156 1221 1243
f 1156 1243 1242
f 1157 1242 1224
f 1158 1244 1159
f 1158 1195 1194
f 1158 1194 1244
f 1159 1244 1245
f 1159 1245 1246
f 1159 1246 1247
f 1159 1247 1160
f 1160 1247 1248
f 1160 1248 1161
f 1161 1248 1249
f 1161 1249 1168
f 1162 1250 1259
f 1162 1259 1251
f 1163 1251 1252
f 1163 1252 1164
f 1164 1253 1254
f 1164 1254 1255
f 1164 1255 1165
f 1164 1252 1256
f 1164 1256 1253
f 1165 1255 1175
f 1165 1175 1166
f 1168 1249 1257
f 1168 1257 1342
f 1168 1342 1258
f 1168 1258 1259
f 1168 1259 1250
f 1170 1260 1261
f 1170 1261 1171
f 1170 1172 1254
f 1170 1254 1262
f 1170 1262 1263
f 1170 1263 1264
f 1170 1264 1260
f 1171 1265 1178
f 1171 1178 1173
f 1171 1261 1265
f 1172 1174 1175
f 1172 1175 1255
f 1172 1255 1254
f 1176 1177 1266
f 1177 1178 1267
f 1177 1267 1268
f 1177 1268 1266
f 1178 1269 1267
f 1178 1265 1270
f 1178 1270 1269
f 1179 1271 1181
f 1180 1182 1272
f 1180 1272 1273
f 1180 1273 1183
f 1181 1271 1182
f 1182 1271 1274
f 1182 1274 1275
f 1182 1275 1272
f 1183 1273 1272
f 1183 1272 1276
f 1183 1276 1184
f 1184 1276 1277
f 1184 1277 1278
f 1184 1278 1279
f 1184 1279 1280
f 1184 1280 1185
f 1185 1280 1281
f 1185 1281 1282
f 1185 1282 1283
f 1185 1283 1186
f 1186 1283 1284
f 1186 1284 1285
f 1186 1285 1187
f 1187 1285 1286
f 1187 1286 1188
f 1188 1286 1287
f 1188 1287 1189
f 1189 1287 1288
f 1189 1288 1190
f 1190 1288 1192
f 1191 1192 1288
f 1191 1288 1193
f 1193 1288 1289
f 1193 1289 1194
f 1194 1289 1290
f 1194 1290 1244
f 1196 1291 1292
f 1196 1292 1293
f 1196 1293 1197
f 1197 1293 1294
f 1197 1294 1201
f 1197 1201 1198
f 1198 1201 1199
f 1199 1201 1200
f 1201 1294 1295
f 1201 1295 1296
f 1201 1296 1202
f 1202 1296 1203
f 1203 1296 1297
f 1203 1297 1204
f 1204 1297 1298
f 1204 1298 1299
f 1204 1299 1205
f 1205 1299 1206
f 1206 1300 1301
f 1206 1301 1208
f 1206 1208 1207
f 1206 1299 1300
f 1208 1302 1210
f 1208 1301 1302
f 1210 1302 1303
f 1210 1303 1304
f 1210 1304 1211
f 1211 1304 1305
f 1211 1305 1306
f 1211 1306 1212
f 1212 1306 1215
f 1212 1215 1213
f 1215 1306 1216
f 1216 1306 1307
f 1216 1307 1308
f 1216 1308 1387
f 1216 1387 1309
f 1217 1309 1310
f 1217 1310 1218
f 1218 1310 1222
f 1218 1222 1223
f 1219 1311 1220
f 1219 1222 1312
f 1219 1312 1311
f 1220 1311 1313
f 1220 1313 1243
f 1220 1243 1221
f 1222 1310 1312
f 1224 1242 1314
f 1224 1314 1225
f 1225 1314 1315
f 1225 1315 1316
f 1225 1316 1226
f 1226 1316 1317
f 1226 1317 1318
f 1226 1318 1319
f 1226 1319 1228
f 1226 1228 1227
f 1228 1230 1229
f 1228 1319 1320
f 1228 1320 1230
f 1230 1321 1231
f 1230 1320 1322
f 1230 1322 1321
f 1231 1321 1232
f 1232 1321 1236
f 1233 1235 1323
f 1233 1323 1239
f 1235 1238 1324
f 1235 1324 1323
f 1236 1321 1325
f 1236 1325 1237
f 1237 1325 1326
f 1237 1326 1238
f 1238 1326 1324
f 1239 1323 1327
f 1239 1327 1328
f 1239 1328 1329
f 1239 1329 1330
f 1239 1330 1240
f 1240 1330 1241
f 1241 1330 1352
f 1241 1352 1271
f 1242 1243 1315
f 1242 1315 1314
f 1243 1331 1315
f 1243 1313 1331
f 1244 1290 1332
f 1244 1332 1245
f 1245 1332 1333
f 1245 1333 1246
f 1246 1333 1334
f 1246 1334 1247
f 1247 1334 1335
f 1247 1335 1249
f 1247 1249 1248
f 1249 1335 1342
f 1249 1342 1257
f 1251 1259 1252
f 1252 1259 1336
f 1252 1336 1256
f 1253 1337 1338
f 1253 1338 1254
f 1253 1256 1339
f 1253 1339 1337
f 1254 1340 1263
f 1254 1263 1262
f 1254 1338 1340
f 1256 1336 1341
f 1256 1341 1339
f 1258 1342 1421
f 1258 1421 1343
f 1258 1343 1344
f 1258 1344 1336
f 1258 1336 1259
f 1260 1345 1346
f 1260 1346 1261
f 1260 1264 1347
f 1260 1347 1345
f 1261 1346 1270
f 1261 1270 1265
f 1263 1340 1348
f 1263 1348 1347
f 1263 1347 1264
f 1266 1268 1350
f 1266 1350 1349
f 1267 1269 1346
f 1267 1346 1351
f 1267 1351 1268
f 1268 1351 1350
f 1269 1270 1346
f 1271 1352 1274
f 1272 1275 1353
f 1272 1353 1276
f 1274 1352 1275
f 1275 1352 1354
f 1275 1354 1355
f 1275 1355 1356
f 1275 1356 1353
f 1276 1353 1357
f 1276 1357 1277
f 1277 1357 1358
f 1277 1358 1278
f 1278 1358 1359
f 1278 1359 1279
f 1279 1359 1360
f 1279 1360 1280
f 1280 1360 1281
f 1281 1360 1282
f 1282 1284 1283
f 1282 1360 1361
f 1282 1361 1362
f 1282 1362 1284
f 1284 1286 1285
f 1284 1362 1363
f 1284 1363 1286
f 1286 1364 1365
f 1286 1365 1366
f 1286 1366 1287
f 1286 1363 1364
f 1287 1367 1368
f 1287 1368 1288
f 1287 1366 1367
f 1288 1368 1289
f 1289 1368 1367
f 1289 1367 1290
f 1290 1367 1369
f 1290 1369 1332
f 1291 1370 1371
f 1291 1371 1372
f 1291 1372 1292
f 1292 1372 1373
f 1292 1373 1374
f 1292 1374 1293
f 1293 1374 1294
f 1294 1374 1297
f 1294 1297 1295
f 1295 1297 1296
f 1297 1374 1375
f 1297 1375 1376
f 1297 1376 1377
f 1297 1377 1378
f 1297 1378 1298
f 1298 1378 1379
f 1298 1379 1299
f 1299 1379 1300
f 1300 1380 1302
f 1300 1302 1301
f 1300 1379 1380
f 1302 1381 1382
f 1302 1382 1303
f 1302 1380 1381
f 1303 1382 1383
f 1303 1383 1384
f 1303 1384 1304
f 1304 1384 1385
f 1304 1385 1305
f 1305 1385 1307
f 1305 1307 1306
f 1307 1385 1386
f 1307 1386 1308
f 1308 1386 1387
f 1309 1387 1388
f 1309 1388 1389
f 1309 1389 1312
f 1309 1312 1310
f 1311 1390 1391
f 1311 1391 1313
f 1311 1312 1389
f 1311 1389 1392
f 1311 1392 1390
f 1313 1391 1331
f 1315 1393 1394
f 1315 1394 1395
f 1315 1395 1317
f 1315 1317 1316
f 1315 1331 1393
f 1317 1395 1396
f 1317 1396 1397
f 1317 1397 1319
f 1317 1319 1318
f 1319 1397 1398
f 1319 1398 1320
f 1320 1398 1322
f 1321 1399 1400
f 1321 1400 1401
f 1321 1401 1325
f 1321 1322 1399
f 1322 1400 1399
f 1322 1398 1402
f 1322 1402 1400
f 1323 1324 1326
f 1323 1326 1403
f 1323 1403 1327
f 1325 1404 1405
f 1325 1405 1326
f 1325 1401 1404
f 1326 1405 1406
f 1326 1406 1403
f 1327 1403 1407
f 1327 1407 1408
f 1327 1408 1409
f 1327 1409 1410
f 1327 1410 1328
f 1328 1410 1329
f 1329 1410 1330
f 1330 1410 1434
f 1330 1434 1352
f 1331 1391 1394
f 1331 1394 1393
f 1332 1369 1411
f 1332 1411 1333
f 1333 1412 1334
f 1333 1411 1413
f 1333 1413 1414
f 1333 1414 1412
f 1334 1412 1342
f 1334 1342 1335
f 1336 1344 1341
f 1337 1415 1338
f 1337 1339 1416
f 1337 1416 1417
f 1337 1417 1415
f 1338 1415 1418
f 1338 1418 1419
f 1338 1419 1348
f 1338 1348 1340
f 1339 1341 1420
f 1339 1420 1416
f 1341 1344 1420
f 1342 1412 1422
f 1342 1422 1421
f 1343 1423 1344
f 1343 1421 1423
f 1344 1423 1420
f 1345 1347 1424
f 1345 1424 1425
f 1345 1425 1346
f 1346 1426 1427
f 1346 1427 1351
f 1346 1425 1428
f 1346 1428 1426
f 1347 1348 1424
f 1348 1419 1424
f 1349 1350 1430
f 1349 1430 1431
f 1349 1431 1429
f 1350 1351 1432
f 1350 1432 1430
f 1351 1433 1432
f 1351 1427 1426
f 1351 1426 1433
f 1352 1434 1354
f 1353 1356 1435
f 1353 1435 1358
f 1353 1358 1357
f 1354 1434 1355
f 1355 1434 1356
f 1356 1434 1436
f 1356 1436 1437
f 1356 1437 1438
f 1356 1438 1435
f 1358 1435 1439
f 1358 1439 1440
f 1358 1440 1359
f 1359 1440 1441
f 1359 1441 1442
f 1359 1442 1360
f 1360 1442 1443
f 1360 1443 1444
f 1360 1444 1361
f 1361 1444 1443
f 1361 1443 1445
f 1361 1445 1446
f 1361 1446 1362
f 1362 1446 1363
f 1363 1365 1364
f 1363 1446 1447
f 1363 1447 1365
f 1365 1447 1448
f 1365 1448 1449
f 1365 1449 1367
f 1365 1367 1366
f 1367 1449 1450
f 1367 1450 1451
f 1367 1451 1369
f 1369 1450 1411
f 1369 1451 1450
f 1370 1452 1371
f 1371 1453 1454
f 1371 1454 1455
f 1371 1455 1456
f 1371 1456 1457
f 1371 1457 1458
f 1371 1458 1372
f 1371 1452 1459
f 1371 1459 1460
f 1371 1460 1453
f 1372 1458 1461
f 1372 1461 1373
f 1373 1461 1462
f 1373 1462 1374
f 1374 1462 1376
f 1374 1376 1375
f 1376 1462 1463
f 1376 1463 1464
f 1376 1464 1456
f 1376 1456 1465
f 1376 1465 1378
f 1376 1378 1377
f 1378 1466 1467
f 1378 1467 1468
f 1378 1468 1469
f 1378 1469 1470
f 1378 1470 1380
f 1378 1380 1379
f 1378 1465 1466
f 1380 1470 1471
f 1380 1471 1381
f 1381 1472 1473
f 1381 1473 1382
f 1381 1471 1472
f 1382 1473 1383
f 1383 1473 1474
f 1383 1474 1384
f 1384 1474 1475
f 1384 1475 1385
f 1385 1475 1386
f 1386 1475 1476
f 1386 1476 1477
f 1386 1477 1478
f 1386 1478 1388
f 1386 1388 1387
f 1388 1478 1392
f 1388 1392 1389
f 1390 1479 1480
f 1390 1480 1391
f 1390 1392 1477
f 1390 1477 1481
f 1390 1481 1479
f 1391 1480 1394
f 1392 1478 1477
f 1394 1396 1395
f 1394 1480 1482
f 1394 1482 1483
f 1394 1483 1396
f 1396 1483 1484
f 1396 1484 1485
f 1396 1485 1397
f 1397 1485 1486
f 1397 1486 1398
f 1398 1486 1402
f 1400 1402 1487
f 1400 1487 1488
f 1400 1488 1404
f 1400 1404 1401
f 1402 1486 1489
f 1402 1489 1576
f 1402 1576 1487
f 1403 1406 1407
f 1404 1406 1405
f 1404 1488 1490
f 1404 1490 1491
f 1404 1491 1492
f 1404 1492 1493
f 1404 1493 1406
f 1406 1493 1407
f 1407 1493 1494
f 1407 1494 1495
f 1407 1495 1408
f 1408 1495 1409
f 1409 1495 1496
f 1409 1496 1410
f 1410 1496 1526
f 1410 1526 1434
f 1411 1450 1497
f 1411 1497 1413
f 1412 1414 1422
f 1413 1497 1498
f 1413 1498 1499
f 1413 1499 1500
f 1413 1500 1414
f 1414 1500 1501
f 1414 1501 1422
f 1415 1417 1502
f 1415 1502 1418
f 1416 1420 1503
f 1416 1503 1504
f 1416 1504 1417
f 1417 1504 1502
f 1418 1502 1505
f 1418 1505 1506
f 1418 1506 1419
f 1419 1507 1425
f 1419 1425 1424
f 1419 1506 1507
f 1420 1423 1503
f 1421 1422 1423
f 1422 1501 1423
f 1423 1500 1508
f 1423 1508 1503
f 1423 1501 1500
f 1425 1507 1509
f 1425 1509 1510
f 1425 1510 1511
f 1425 1511 1512
f 1425 1512 1513
f 1425 1513 1426
f 1425 1426 1428
f 1426 1514 1515
f 1426 1515 1433
f 1426 1513 1516
f 1426 1516 1514
f 1429 1431 1517
f 1430 1432 1518
f 1430 1518 1519
f 1430 1519 1431
f 1431 1519 1520
f 1431 1520 1516
f 1431 1516 1521
f 1431 1521 1522
f 1431 1522 1523
f 1431 1523 1524
f 1431 1524 1525
f 1431 1525 1517
f 1432 1433 1518
f 1433 1515 1518
f 1434 1526 1436
f 1435 1438 1439
f 1436 1526 1527
f 1436 1527 1437
f 1437 1527 1438
f 1438 1527 1528
f 1438 1528 1529
f 1438 1529 1439
f 1439 1529 1441
f 1439 1441 1440
f 1441 1530 1531
f 1441 1531 1532
f 1441 1532 1443
f 1441 1443 1442
f 1441 1529 1533
f 1441 1533 1530
f 1443 1532 1534
f 1443 1534 1445
f 1445 1534 1618
f 1445 1618 1535
f 1445 1535 1536
f 1445 1536 1446
f 1446 1536 1447
f 1447 1536 1537
f 1447 1537 1538
f 1447 1538 1448
f 1448 1538 1539
f 1448 1539 1450
f 1448 1450 1449
f 1450 1539 1540
f 1450 1540 1497
f 1453 1460 1541
f 1453 1541 1542
f 1453 1542 1543
f 1453 1543 1454
f 1454 1543 1455
f 1455 1543 1544
f 1455 1544 1545
f 1455 1545 1456
f 1456 1546 1547
f 1456 1547 1548
f 1456 1548 1549
f 1456 1549 1467
f 1456 1467 1550
f 1456 1550 1465
f 1456 1464 1457
f 1456 1545 1551
f 1456 1551 1546
f 1457 1461 1458
f 1457 1464 1463
f 1457 1463 1461
f 1460 1552 1541
f 1461 1463 1462
f 1465 1550 1466
f 1466 1550 1467
f 1467 1553 1468
f 1467 1549 1553
f 1468 1553 1469
f 1469 1553 1470
f 1470 1553 1554
f 1470 1554 1471
f 1471 1555 1472
f 1471 1554 1555
f 1472 1556 1557
f 1472 1557 1558
f 1472 1558 1474
f 1472 1474 1473
f 1472 1555 1556
f 1474 1559 1560
f 1474 1560 1561
f 1474 1561 1475
f 1474 1558 1559
f 1475 1561 1562
f 1475 1562 1476
f 1476 1562 1477
f 1477 1562 1481
f 1479 1482 1480
f 1479 1481 1482
f 1481 1562 1482
f 1482 1563 1564
f 1482 1564 1565
f 1482 1565 1566
f 1482 1566 1567
f 1482 1567 1483
f 1482 1562 1568
f 1482 1568 1563
f 1483 1567 1569
f 1483 1569 1484
f 1484 1569 1570
f 1484 1570 1485
f 1485 1571 1486
f 1485 1570 1572
f 1485 1572 1573
f 1485 1573 1574
f 1485 1574 1575
f 1485 1575 1571
f 1486 1571 1489
f 1487 1576 1577
f 1487 1577 1490
f 1487 1490 1488
f 1489 1578 1579
f 1489 1579 1580
f 1489 1580 1576
f 1489 1571 1575
f 1489 1575 1574
f 1489 1574 1578
f 1490 1492 1491
f 1490 1577 1581
f 1490 1581 1582
f 1490 1582 1583
f 1490 1583 1492
f 1492 1583 1584
f 1492 1584 1493
f 1493 1584 1585
f 1493 1585 1494
f 1494 1585 1586
f 1494 1586 1495
f 1495 1586 1587
f 1495 1587 1496
f 1496 1587 1610
f 1496 1610 1526
f 1497 1540 1498
f 1498 1540 1499
f 1499 1588 1500
f 1499 1540 1588
f 1500 1588 1508
f 1502 1504 1505
f 1503 1589 1504
f 1503 1508 1588
f 1503 1588 1589
f 1504 1589 1590
f 1504 1590 1591
f 1504 1591 1592
f 1504 1592 1505
f 1505 1592 1593
f 1505 1593 1594
f 1505 1594 1595
f 1505 1595 1506
f 1506 1595 1596
f 1506 1596 1507
f 1507 1596 1597
f 1507 1597 1509
f 1509 1597 1510
f 1510 1597 1511
f 1511 1597 1598
f 1511 1598 1516
f 1511 1516 1599
f 1511 1599 1512
f 1512 1599 1513
f 1513 1599 1516
f 1514 1516 1520
f 1514 1520 1515
f 1515 1520 1518
f 1516 1598 1600
f 1516 1600 1601
f 1516 1601 1602
f 1516 1602 1603
f 1516 1603 1604
f 1516 1604 1521
f 1518 1520 1519
f 1521 1605 1522
f 1521 1604 1606
f 1521 1606 1605
f 1522 1605 1523
f 1523 1607 1524
f 1523 1605 1608
f 1523 1608 1607
f 1524 1607 1609
f 1526 1610 1611
f 1526 1611 1527
f 1527 1611 1528
f 1528 1611 1612
f 1528 1612 1613
f 1528 1613 1529
f 1529 1613 1533
f 1530 1533 1531
f 1531 1534 1532
f 1531 1533 1614
f 1531 1614 1615
f 1531 1615 1616
f 1531 1616 1617
f 1531 1617 1534
f 1533 1613 1614
f 1534 1617 1618
f 1535 1619 1536
f 1535 1618 1620
f 1535 1620 1621
f 1535 1621 1622
f 1535 1622 1623
f 1535 1623 1624
f 1535 1624 1619
f 1536 1619 1537
f 1537 1625 1626
f 1537 1626 1627
f 1537 1627 1538
f 1537 1619 1624
f 1537 1624 1623
f 1537 1623 1625
f 1538 1627 1628
f 1538 1628 1629
f 1538 1629 1539
f 1539 1629 1540
f 1540 1630 1631
f 1540 1631 1588
f 1540 1629 1632
f 1540 1632 1633
f 1540 1633 1634
f 1540 1634 1630
f 1541 1635 1636
f 1541 1636 1542
f 1541 1552 1635
f 1542 1636 1637
f 1542 1637 1543
f 1543 1637 1544
f 1544 1551 1545
f 1544 1637 1551
f 1546 1551 1638
f 1546 1638 1639
f 1546 1639 1547
f 1547 1639 1548
f 1548 1639 1638
f 1548 1638 1640
f 1548 1640 1641
f 1548 1641 1549
f 1549 1641 1642
f 1549 1642 1553
f 1551 1637 1636
f 1551 1636 1643
f 1551 1643 1644
f 1551 1644 1645
f 1551 1645 1638
f 1552 1646 1647
f 1552 1647 1635
f 1553 1642 1648
f 1553 1648 1649
f 1553 1649 1555
f 1553 1555 1554
f 1555 1649 1650
f 1555 1650 1651
f 1555 1651 1556
f 1556 1651 1557
f 1557 1652 1653
f 1557 1653 1654
f 1557 1654 1559
f 1557 1559 1558
f 1557 1651 1652
f 1559 1654 1655
f 1559 1655 1560
f 1560 1655 1656
f 1560 1656 1562
f 1560 1562 1561
f 1562 1656 1657
f 1562 1657 1568
f 1563 1568 1564
f 1564 1658 1659
f 1564 1659 1565
f 1564 1568 1657
f 1564 1657 1660
f 1564 1660 1761
f 1564 1761 1658
f 1565 1659 1661
f 1565 1661 1566
f 1566 1661 1567
f 1567 1661 1569
f 1569 1661 1572
f 1569 1572 1570
f 1572 1662 1573
f 1572 1661 1659
f 1572 1659 1662
f 1573 1662 1663
f 1573 1663 1664
f 1573 1664 1574
f 1574 1664 1758
f 1574 1758 1665
f 1574 1665 1763
f 1574 1763 1666
f 1574 1666 1578
f 1576 1580 1667
f 1576 1667 1668
f 1576 1668 1577
f 1577 1668 1581
f 1578 1669 1579
f 1578 1666 1670
f 1578 1670 1669
f 1579 1671 1667
f 1579 1667 1580
f 1579 1669 1672
f 1579 1672 1671
f 1581 1673 1582
f 1581 1668 1674
f 1581 1674 1675
f 1581 1675 1676
f 1581 1676 1677
f 1581 1677 1678
f 1581 1678 1679
f 1581 1679 1673
f 1582 1673 1680
f 1582 1680 1583
f 1583 1680 1681
f 1583 1681 1584
f 1584 1681 1585
f 1585 1682 1586
f 1585 1681 1682
f 1586 1682 1683
f 1586 1683 1684
f 1586 1684 1587
f 1587 1684 1685
f 1587 1685 1709
f 1587 1709 1610
f 1588 1686 1687
f 1588 1687 1590
f 1588 1590 1589
f 1588 1631 1686
f 1590 1687 1688
f 1590 1688 1591
f 1591 1689 1593
f 1591 1593 1592
f 1591 1688 1689
f 1593 1689 1690
f 1593 1690 1691
f 1593 1691 1692
f 1593 1692 1594
f 1594 1692 1595
f 1595 1693 1597
f 1595 1597 1596
f 1595 1692 1694
f 1595 1694 1693
f 1597 1693 1695
f 1597 1695 1696
f 1597 1696 1598
f 1598 1696 1697
f 1598 1697 1600
f 1600 1698 1699
f 1600 1699 1700
f 1600 1700 1601
f 1600 1697 1698
f 1601 1700 1602
f 1602 1700 1699
f 1602 1699 1603
f 1603 1701 1702
f 1603 1702 1703
f 1603 1703 1606
f 1603 1606 1604
f 1603 1699 1704
f 1603 1704 1705
f 1603 1705 1701
f 1605 1606 1703
f 1605 1703 1608
f 1607 1608 1702
f 1607 1702 1706
f 1607 1706 1609
f 1608 1703 1702
f 1609 1706 1708
f 1609 1708 1707
f 1610 1709 1710
f 1610 1710 1611
f 1611 1711 1612
f 1611 1710 1712
f 1611 1712 1711
f 1612 1711 1713
f 1612 1713 1613
f 1613 1713 1614
f 1614 1713 1714
f 1614 1714 1615
f 1615 1714 1715
f 1615 1715 1616
f 1616 1716 1717
f 1616 1717 1718
f 1616 1718 1719
f 1616 1719 1720
f 1616 1720 1617
f 1616 1715 1721
f 1616 1721 1722
f 1616 1722 1723
f 1616 1723 1716
f 1617 1720 1724
f 1617 1724 1618
f 1618 1724 1620
f 1620 1724 1621
f 1621 1725 1622
f 1621 1724 1726
f 1621 1726 1727
f 1621 1727 1725
f 1622 1725 1728
f 1622 1728 1729
f 1622 1729 1623
f 1623 1729 1823
f 1623 1823 1730
f 1623 1730 1785
f 1623 1785 1731
f 1623 1731 1625
f 1625 1732 1626
f 1625 1731 1733
f 1625 1733 1732
f 1626 1734 1628
f 1626 1628 1627
f 1626 1732 1735
f 1626 1735 1734
f 1628 1734 1629
f 1629 1734 1632
f 1630 1634 1631
f 1631 1634 1686
f 1632 1734 1633
f 1633 1735 1634
f 1633 1734 1735
f 1634 1735 1736
f 1634 1736 1825
f 1634 1825 1737
f 1634 1737 1686
f 1635 1647 1738
f 1635 1738 1636
f 1636 1738 1644
f 1636 1644 1643
f 1638 1645 1644
f 1638 1644 1739
f 1638 1739 1740
f 1638 1740 1741
f 1638 1741 1742
f 1638 1742 1743
f 1638 1743 1640
f 1640 1743 1641
f 1641 1648 1642
f 1641 1743 1742
f 1641 1742 1744
f 1641 1744 1745
f 1641 1745 1746
f 1641 1746 1648
f 1644 1738 1747
f 1644 1747 1748
f 1644 1748 1749
f 1644 1749 1750
f 1644 1750 1739
f 1646 1751 1647
f 1647 1752 1753
f 1647 1753 1738
f 1647 1751 1752
f 1648 1746 1649
f 1649 1746 1754
f 1649 1754 1650
f 1650 1754 1755
f 1650 1755 1652
f 1650 1652 1651
f 1652 1755 1756
f 1652 1756 1757
f 1652 1757 1653
f 1653 1757 1758
f 1653 1758 1759
f 1653 1759 1760
f 1653 1760 1654
f 1654 1760 1655
f 1655 1760 1761
f 1655 1761 1660
f 1655 1660 1657
f 1655 1657 1656
f 1658 1761 1663
f 1658 1663 1659
f 1659 1663 1662
f 1663 1761 1760
f 1663 1760 1759
f 1663 1759 1758
f 1663 1758 1664
f 1665 1758 1757
f 1665 1757 1756
f 1665 1756 1762
f 1665 1762 1763
f 1666 1763 1764
f 1666 1764 1670
f 1667 1671 1668
f 1668 1671 1674
f 1669 1670 1672
f 1670 1764 1846
f 1670 1846 1765
f 1670 1765 1766
f 1670 1766 1672
f 1671 1672 1675
f 1671 1675 1674
f 1672 1766 1676
f 1672 1676 1675
f 1673 1679 1774
f 1673 1774 1680
f 1676 1766 1765
f 1676 1765 1767
f 1676 1767 1768
f 1676 1768 1677
f 1677 1768 1678
f 1678 1768 1769
f 1678 1769 1770
f 1678 1770 1771
f 1678 1771 1850
f 1678 1850 1772
f 1678 1772 1773
f 1678 1773 1679
f 1679 1773 1774
f 1680 1774 1775
f 1680 1775 1681
f 1681 1776 1777
f 1681 1777 1682
f 1681 1775 1776
f 1682 1777 1683
f 1683 1778 1684
f 1683 1777 1779
f 1683 1779 1780
f 1683 1780 1778
f 1684 1778 1685
f 1685 1778 1781
f 1685 1781 1807
f 1685 1807 1709
f 1686 1737 1688
f 1686 1688 1687
f 1688 1782 1689
f 1688 1737 1825
f 1688 1825 1782
f 1689 1782 1784
f 1689 1784 1690
f 1690 1783 1691
f 1690 1784 1785
f 1690 1785 1783
f 1691 1783 1786
f 1691 1786 1787
f 1691 1787 1694
f 1691 1694 1692
f 1693 1694 1788
f 1693 1788 1789
f 1693 1789 1695
f 1694 1787 1788
f 1695 1697 1696
f 1695 1789 1697
f 1697 1789 1790
f 1697 1790 1791
f 1697 1791 1792
f 1697 1792 1793
f 1697 1793 1698
f 1698 1793 1699
f 1699 1793 1792
f 1699 1792 1794
f 1699 1794 1795
f 1699 1795 1796
f 1699 1796 1705
f 1699 1705 1704
f 1701 1705 1702
f 1702 1797 1706
f 1702 1705 1797
f 1705 1798 1799
f 1705 1799 1797
f 1705 1796 1800
f 1705 1800 1801
f 1705 1801 1798
f 1706 1797 1708
f 1707 1708 1803
f 1707 1803 1804
f 1707 1804 1802
f 1708 1797 1805
f 1708 1805 1803
f 1709 1806 1710
f 1709 1807 1808
f 1709 1808 1806
f 1710 1806 1712
f 1711 1712 1809
f 1711 1809 1713
f 1712 1806 1808
f 1712 1808 1810
f 1712 1810 1809
f 1713 1809 1811
f 1713 1811 1812
f 1713 1812 1714
f 1714 1812 1813
f 1714 1813 1721
f 1714 1721 1715
f 1716 1723 1717
f 1717 1814 1727
f 1717 1727 1718
f 1717 1723 1815
f 1717 1815 1816
f 1717 1816 1821
f 1717 1821 1814
f 1718 1727 1726
f 1718 1726 1719
f 1719 1726 1720
f 1720 1726 1724
f 1721 1813 1722
f 1722 1813 1817
f 1722 1817 1885
f 1722 1885 1818
f 1722 1818 1819
f 1722 1819 1820
f 1722 1820 1815
f 1722 1815 1723
f 1725 1727 1728
f 1727 1814 1728
f 1728 1814 1821
f 1728 1821 1888
f 1728 1888 1822
f 1728 1822 1823
f 1728 1823 1729
f 1730 1823 1824
f 1730 1824 1786
f 1730 1786 1783
f 1730 1783 1785
f 1731 1785 1784
f 1731 1784 1733
f 1732 1733 1735
f 1733 1784 1782
f 1733 1782 1825
f 1733 1825 1736
f 1733 1736 1735
f 1738 1753 1747
f 1739 1750 1826
f 1739 1826 1740
f 1740 1826 1827
f 1740 1827 1741
f 1741 1827 1828
f 1741 1828 1829
f 1741 1829 1830
f 1741 1830 1742
f 1742 1830 1744
f 1744 1830 1745
f 1745 1830 1831
f 1745 1831 1832
f 1745 1832 1833
f 1745 1833 1834
f 1745 1834 1746
f 1746 1834 1754
f 1747 1753 1748
f 1748 1835 1749
f 1748 1753 1835
f 1749 1836 1750
f 1749 1835 1837
f 1749 1837 1836
f 1750 1836 1838
f 1750 1838 1826
f 1751 1839 1840
f 1751 1840 1752
f 1752 1840 1841
f 1752 1841 1753
f 1753 1841 1842
f 1753 1842 1843
f 1753 1843 1837
f 1753 1837 1835
f 1754 1834 1755
f 1755 1844 1756
f 1755 1834 1844
f 1756 1844 1762
f 1762 1844 1845
f 1762 1845 1763
f 1763 1845 1764
f 1764 1845 1905
f 1764 1905 1846
f 1765 1846 1847
f 1765 1847 1767
f 1767 1847 1769
f 1767 1769 1768
f 1769 1847 1770
f 1770 1848 1849
f 1770 1849 1771
f 1770 1847 1848
f 1771 1849 1850
f 1772 1851 1773
f 1772 1850 1851
f 1773 1851 1852
f 1773 1852 1775
f 1773 1775 1774
f 1775 1852 1853
f 1775 1853 1776
f 1776 1853 1854
f 1776 1854 1777
f 1777 1854 1779
f 1778 1780 1781
f 1779 1854 1780
f 1780 1854 1855
f 1780 1855 1781
f 1781 1855 1856
f 1781 1856 1857
f 1781 1857 1876
f 1781 1876 1807
f 1786 1824 1858
f 1786 1858 1787
f 1787 1858 1859
f 1787 1859 1788
f 1788 1859 1789
f 1789 1859 1860
f 1789 1860 1790
f 1790 1860 1791
f 1791 1860 1861
f 1791 1861 1792
f 1792 1861 1794
f 1794 1862 1795
f 1794 1861 1863
f 1794 1863 1864
f 1794 1864 1862
f 1795 1865 1796
f 1795 1862 1865
f 1796 1865 1800
f 1797 1799 1805
f 1798 1801 1866
f 1798 1866 1805
f 1798 1805 1799
f 1800 1865 1867
f 1800 1867 1868
f 1800 1868 1801
f 1801 1868 1869
f 1801 1869 1866
f 1802 1804 1871
f 1802 1871 1872
f 1802 1872 1931
f 1802 1931 1870
f 1803 1805 1873
f 1803 1873 1804
f 1804 1873 1871
f 1805 1874 1873
f 1805 1866 1869
f 1805 1869 1875
f 1805 1875 1874
f 1807 1876 1877
f 1807 1877 1878
f 1807 1878 1880
f 1807 1880 1879
f 1807 1879 1808
f 1808 1879 1880
f 1808 1880 1810
f 1809 1810 1880
f 1809 1880 1811
f 1811 1880 1881
f 1811 1881 1812
f 1812 1881 1882
f 1812 1882 1813
f 1813 1882 1883
f 1813 1883 1817
f 1815 1820 1884
f 1815 1884 1816
f 1816 1884 1888
f 1816 1888 1821
f 1817 1883 1885
f 1818 1885 1886
f 1818 1886 1819
f 1819 1886 1887
f 1819 1887 1884
f 1819 1884 1820
f 1822 1888 1942
f 1822 1942 1889
f 1822 1889 1823
f 1823 1889 1824
f 1824 1889 1858
f 1826 1838 1890
f 1826 1890 1827
f 1827 1890 1891
f 1827 1891 1828
f 1828 1892 1893
f 1828 1893 1894
f 1828 1894 1829
f 1828 1891 1895
f 1828 1895 1892
f 1829 1894 1896
f 1829 1896 1831
f 1829 1831 1830
f 1831 1896 1849
f 1831 1849 1897
f 1831 1897 1898
f 1831 1898 1832
f 1832 1898 1833
f 1833 1898 1844
f 1833 1844 1834
f 1836 1837 1899
f 1836 1899 1900
f 1836 1900 1895
f 1836 1895 1901
f 1836 1901 1890
f 1836 1890 1838
f 1837 1843 1902
f 1837 1902 1899
f 1839 1870 1840
f 1840 1903 1841
f 1840 1870 1903
f 1841 1903 1842
f 1842 1903 1904
f 1842 1904 1843
f 1843 1904 1902
f 1844 1898 1845
f 1845 1898 1905
f 1846 1905 1847
f 1847 1905 1848
f 1848 1905 1898
f 1848 1898 1897
f 1848 1897 1849
f 1849 1896 1906
f 1849 1906 1907
f 1849 1907 1850
f 1850 1907 1908
f 1850 1908 1851
f 1851 1909 1910
f 1851 1910 1853
f 1851 1853 1852
f 1851 1908 1911
f 1851 1911 1909
f 1853 1910 1854
f 1854 1910 1909
f 1854 1909 1855
f 1855 1909 1911
f 1855 1911 1912
f 1855 1912 1856
f 1856 1912 1913
f 1856 1913 1914
f 1856 1914 1915
f 1856 1915 1857
f 1857 1915 1934
f 1857 1934 1876
f 1858 1889 1916
f 1858 1916 1917
f 1858 1917 1859
f 1859 1917 1860
f 1860 1917 1918
f 1860 1918 1919
f 1860 1919 1861
f 1861 1919 1863
f 1862 1864 1920
f 1862 1920 1921
f 1862 1921 1865
f 1863 1919 1922
f 1863 1922 1923
f 1863 1923 1864
f 1864 1923 1924
f 1864 1924 1925
f 1864 1925 1926
f 1864 1926 1920
f 1865 1921 1867
f 1867 1921 1868
f 1868 1927 1869
f 1868 1921 1928
f 1868 1928 1926
f 1868 1926 1929
f 1868 1929 1927
f 1869 1930 1875
f 1869 1927 1930
f 1870 1931 1903
f 1871 1873 1874
f 1871 1874 1932
f 1871 1932 1933
f 1871 1933 1872
f 1872 1933 1957
f 1872 1957 1931
f 1874 1875 1932
f 1875 1930 1932
f 1876 1934 1936
f 1876 1936 1877
f 1877 1935 1878
f 1877 1936 1937
f 1877 1937 1935
f 1878 1938 1940
f 1878 1940 1880
f 1878 1935 1939
f 1878 1939 1938
f 1880 1940 1881
f 1881 1940 1883
f 1881 1883 1882
f 1883 1940 1938
f 1883 1938 1939
f 1883 1939 1941
f 1883 1941 1885
f 1884 1887 1942
f 1884 1942 1888
f 1885 1941 1943
f 1885 1943 1886
f 1886 1943 1944
f 1886 1944 1922
f 1886 1922 1919
f 1886 1919 1945
f 1886 1945 1887
f 1887 1945 1916
f 1887 1916 1942
f 1889 1942 1916
f 1890 1895 1891
f 1890 1901 1895
f 1892 1895 1946
f 1892 1946 1947
f 1892 1947 1948
f 1892 1948 1893
f 1893 1948 1907
f 1893 1907 1906
f 1893 1906 1894
f 1894 1906 1896
f 1895 1900 1949
f 1895 1949 1946
f 1899 1950 1951
f 1899 1951 1900
f 1899 1902 1952
f 1899 1952 1950
f 1900 1951 1953
f 1900 1953 1954
f 1900 1954 1949
f 1902 1955 1950
f 1902 1950 1952
f 1902 1904 1956
f 1902 1956 1955
f 1903 1931 1957
f 1903 1957 1904
f 1904 1957 1958
f 1904 1958 1956
f 1907 1948 1908
f 1908 1948 1959
f 1908 1959 1911
f 1911 1959 1912
f 1912 1959 1947
f 1912 1947 1913
f 1913 1947 1946
f 1913 1946 1960
f 1913 1960 1914
f 1914 1960 1961
f 1914 1961 1915
f 1915 1961 1974
f 1915 1974 1934
f 1916 1945 1919
f 1916 1919 1918
f 1916 1918 1917
f 1920 1926 1921
f 1921 1926 1928
f 1922 1944 1923
f 1923 1944 1924
f 1924 1944 1943
f 1924 1943 1962
f 1924 1962 1925
f 1925 1963 1926
f 1925 1962 1964
f 1925 1964 1963
f 1926 1963 1965
f 1926 1965 1929
f 1927 1929 1966
f 1927 1966 1967
f 1927 1967 1968
f 1927 1968 1930
f 1929 1965 1969
f 1929 1969 1970
f 1929 1970 1966
f 1930 1968 1967
f 1930 1967 1971
f 1930 1971 1972
f 1930 1972 1932
f 1932 1972 1973
f 1932 1973 1933
f 1933 1973 1958
f 1933 1958 1957
f 1934 1974 1976
f 1934 1976 1936
f 1935 1937 1964
f 1935 1964 1975
f 1935 1975 1939
f 1936 1976 1937
f 1937 1976 1963
f 1937 1963 1964
f 1939 1975 1941
f 1941 1975 1962
f 1941 1962 1943
f 1946 1949 1977
f 1946 1977 1961
f 1946 1961 1960
f 1947 1959 1948
f 1949 1954 1977
f 1950 1967 1984
f 1950 1984 1978
f 1950 1978 1979
f 1950 1979 1951
f 1950 1955 1980
f 1950 1980 1986
f 1950 1986 1967
f 1951 1979 1978
f 1951 1978 1953
f 1953 1978 1981
f 1953 1981 1954
f 1954 1981 1982
f 1954 1982 1977
f 1955 1956 1980
f 1956 1958 1980
f 1958 1973 1986
f 1958 1986 1980
f 1961 1977 1982
f 1961 1982 1981
f 1961 1981 1988
f 1961 1988 1974
f 1962 1975 1964
f 1963 1976 1974
f 1963 1974 1983
f 1963 1983 1965
f 1965 1983 1969
f 1966 1970 1984
f 1966 1984 1985
f 1966 1985 1967
f 1967 1985 1984
f 1967 1986 1971
f 1969 1983 1987
f 1969 1987 1988
f 1969 1988 1970
f 1970 1988 1984
f 1971 1986 1972
f 1972 1986 1973
f 1974 1988 1987
f 1974 1987 1983
f 1978 1984 1988
f 1978 1988 1981
