# https://github.com/mikedh/trimesh
v -0.24974571 0.20188755 -0.32539701
v -0.09312783 -0.45876369 0.42804569
v -0.14882043 0.42570999 -0.16914648
v -0.23023367 0.39380780 -0.02218322
v -0.18299195 0.31064484 0.37265599
v 0.20997117 0.85811412 -0.03200549
v 0.08280727 0.44625422 0.20723926
v -0.21777935 0.77392322 -0.01733390
v -0.18933310 -0.87538475 0.15692204
v -0.25348538 -0.14077052 -0.32126004
v -0.24621232 -0.28709415 -0.32822603
v -0.15079352 0.87344521 0.11604231
v -0.09064324 -0.73386854 -0.42817730
v 0.24742880 -0.82587242 -0.28923962
v 0.16966270 -0.81878847 0.37143931
v -0.03030113 0.41504702 0.22299770
v -0.25961280 -0.82326967 0.20049894
v -0.06592830 -0.80745584 0.42436591
v 0.29252478 0.17909810 0.00133452
v -0.08431759 -0.31263828 -0.42841917
v 0.27234837 0.33280918 0.15797037
v 0.25214627 0.18555315 0.32262778
v 0.22600065 0.33548108 -0.33121988
v 0.26314497 0.15682797 -0.30594900
v -0.09476499 0.40548852 -0.21699689
v -0.23084721 -0.85823941 0.13089095
v 0.24887326 0.27904186 -0.32377777
v 0.24634483 -0.31586263 0.32813948
v -0.01473572 0.50565946 -0.21970963
v -0.26319963 -0.34649357 -0.30545989
v 0.11708883 -0.86193734 0.35610303
v -0.26114970 0.32825503 -0.30049384
v -0.09409750 0.42198944 -0.20311680
v -0.25925985 -0.80844313 0.29765782
v 0.11786616 0.09017114 0.42106727
v 0.25673643 0.34551045 -0.21887444
v 0.27017710 -0.80696905 -0.18538357
v -0.10387699 0.79489994 -0.19355924
v -0.21856065 0.82568234 0.00481338
v 0.26213086 -0.26176345 0.31036845
v 0.08549885 0.87388575 -0.16859901
v 0.24616539 -0.10600100 0.32826290
v 0.20035675 -0.81187755 0.35383570
v -0.11628547 0.77319336 0.18638283
v 0.14426275 -0.81084991 -0.39486140
v -0.13538462 0.86829811 0.14460899
v 0.16119649 -0.80734324 0.38570982
v -0.07717869 -0.87366802 -0.35434780
v -0.10034636 0.87361544 -0.16184840
v -0.11588784 0.87537819 -0.12516309
v 0.10739996 -0.17050225 -0.42460316
v -0.24860576 -0.18782613 0.32407761
v -0.25352520 -0.48143172 0.31957173
v 0.20011140 0.86110836 0.05581745
v -0.21191615 0.34180281 -0.32783693
v -0.11265333 0.41097414 -0.20201212
v 0.21575649 -0.84177554 0.30989972
v 0.15751375 0.32309645 0.39081931
v -0.18373278 0.86569256 0.08308148
v 0.00610679 -0.85002840 -0.38761008
v 0.24282321 0.01780466 0.33075595
v 0.02184147 0.33984220 0.41042510
v -0.11306966 0.68806231 -0.18980898
v -0.15274759 0.34592617 0.35854572
v 0.15809403 0.85333246 0.14498970
v -0.11497872 0.86830014 -0.16107780
v -0.27682823 -0.80079240 -0.14629853
v 0.24981619 -0.72272211 0.32512391
v -0.21796136 0.43023753 0.01459287
v 0.24616739 -0.21725254 0.32827470
v 0.06236613 0.41448003 0.21889262
v 0.25768125 -0.54994076 -0.31527206
v -0.09538474 0.29400992 -0.42746040
v 0.21853076 0.38004464 0.17900231
v 0.16390179 -0.87207514 -0.30069453
v -0.24874230 0.00000712 0.32395691
v -0.25917393 0.33845147 -0.25781661
v -0.15851450 0.65904272 0.15663964
v -0.18841518 0.42051241 -0.11976557
v -0.16957787 0.34041867 0.36077008
v 0.26258099 -0.69896430 0.30947447
v 0.11862747 -0.54172403 -0.42075717
v 0.18888305 0.31673798 0.36969057
v 0.14166632 0.33278099 -0.39974457
v 0.15037704 0.86973786 0.12603575
v 0.11229874 0.34229439 0.39658824
v 0.17253473 0.31928110 0.38045809
v 0.19242176 0.68761647 0.10705544
v 0.00342202 0.78130579 0.21910580
v -0.15929934 -0.87220353 0.30430004
v 0.26291683 -0.23151876 -0.30802664
v -0.15843017 0.41405639 0.16833057
v -0.24803619 0.33599091 -0.31109929
v 0.09633236 0.39459190 0.24069037
v 0.18660642 0.87073278 -0.05899207
v -0.12243831 -0.87523818 -0.31647697
v 0.28453174 0.33457321 -0.00768420
v 0.23032424 0.31758836 -0.33662477
v 0.24491443 -0.81318808 0.31976995
v 0.11837902 -0.42555162 -0.42074886
v 0.26815248 0.34218371 0.13160625
v -0.20636155 0.33481717 0.34755728
v -0.24810235 -0.16520448 -0.32682294
v 0.09438924 0.40607429 0.21673372
v -0.23462284 0.36144370 -0.23057571
v 0.08056450 0.41663107 0.21231788
v -0.24182728 -0.42055473 0.32918087
v -0.02155690 0.86213064 -0.20650594
v -0.03762723 0.45090520 -0.21815066
v -0.25728032 0.05381409 0.31575838
v -0.23142089 0.36975029 0.19661933
v -0.25110602 0.25352165 0.32191470
v -0.12152582 -0.15311770 0.41875860
v 0.26269570 0.19306484 -0.30764294
v 0.11263033 0.87538511 -0.11969387
v 0.25953558 -0.09134106 -0.31318408
v 0.06738457 0.34253612 -0.40492472
v -0.09270819 -0.29272786 0.42814875
v 0.25229558 -0.19634597 -0.32061979
v -0.29227135 -0.72943252 -0.00200097
v -0.15313838 0.59431618 -0.16257626
v -0.03057531 0.33982700 -0.41045779
v -0.25285074 0.34648526 -0.24301761
v 0.24875093 -0.44556370 0.32627580
v 0.15649499 0.72840571 0.15656888
v -0.28040573 -0.81452590 -0.05690439
v -0.12084915 -0.28482169 -0.41940692
v 0.03918904 0.42019206 -0.21989064
v 0.19368041 0.32970411 -0.36037275
v 0.26157904 -0.64066333 -0.30997238
v -0.09050791 -0.33198848 0.42829013
v -0.18962026 0.87155080 -0.03950567
v -0.26253191 -0.32761139 0.30830330
v -0.01117014 0.41361478 0.22455120
v -0.14929377 0.85556805 0.15224385
v 0.20047295 0.86606270 0.01866316
v -0.24519300 -0.61972952 0.32667875
v -0.16574723 0.42946872 0.15250745
v 0.01835136 0.42140979 -0.22107507
v -0.12731032 0.76792705 -0.17847496
v -0.06761565 0.66970140 0.21056227
v 0.11983509 0.41317415 -0.19469337
v 0.05763969 0.30969709 -0.42794982
v 0.26781666 -0.80655766 -0.21911953
v -0.06580997 0.87127715 -0.18319710
v -0.09910329 0.33965707 -0.40811414
v 0.13439263 0.40969497 0.18890147
v -0.00092364 0.40784377 -0.23143315
v 0.26452065 0.34146509 0.18306033
v -0.22635551 -0.81622529 -0.33259034
v -0.02587758 0.31982881 0.42655352
v 0.26265791 0.08640939 0.30870765
v 0.07822442 0.83142114 -0.20352124
v -0.20038779 0.40213203 -0.12570676
v 0.29254925 -0.54603380 0.00133425
v -0.19816841 0.38582915 0.19244523
v -0.14958303 0.87536967 0.07526268
v -0.23107213 0.32161883 0.33534473
v -0.16564919 0.32948175 0.38244972
v 0.06070674 0.34202638 0.40585428
v -0.00011402 0.85149246 0.21497057
v -0.19600956 0.39806437 -0.14680250
v 0.13710313 -0.81608915 0.39733076
v -0.03100675 0.33707309 0.41706589
v -0.27554753 0.33845061 0.09550208
v 0.14810587 0.34924418 -0.35189819
v 0.10002221 -0.74717396 0.42657542
v 0.25764328 -0.05946030 0.31693664
v -0.02639766 0.85346073 0.21260074
v -0.24087614 -0.70125920 -0.33219552
v -0.26255730 -0.50658214 -0.30967709
v 0.26403075 -0.43205422 -0.29732761
v 0.17815037 0.33320436 0.37087488
v -0.24861805 -0.56796062 0.32408553
v -0.21272384 0.41180095 -0.06579178
v -0.10039994 0.33132848 0.42201033
v -0.09986325 0.86233944 0.18075708
v 0.25547716 -0.39960563 -0.31760532
v -0.25792637 -0.36804435 -0.31613696
v -0.28100750 -0.80817342 0.08733790
v 0.08388603 -0.24026485 -0.42843270
v -0.11074564 0.41372877 0.20112707
v 0.02179957 0.86155742 0.20843643
v 0.00681341 0.34283733 -0.40465459
v -0.25999025 -0.36732212 0.31251252
v 0.05513644 0.87419862 0.18076615
v -0.21933712 -0.87199348 0.03966804
v 0.26623157 0.32837233 -0.25422528
v -0.26647684 0.33179402 -0.23628779
v -0.27588144 0.32810178 -0.13924737
v 0.29241586 -0.70065659 0.00208959
v 0.21431598 0.32826424 -0.34775549
v -0.08406126 0.64870733 -0.20423642
v -0.23004346 0.32851753 -0.33713737
v -0.28389367 0.31110868 -0.09215055
v 0.27986497 -0.79518569 -0.12937368
v -0.05871717 0.87447321 0.17794143
v -0.23915893 0.35343334 -0.26110107
v -0.09132392 0.85325277 -0.19386360
v 0.06535056 0.33260378 0.42252856
v -0.21897970 0.47984982 0.00227063
v 0.23098010 -0.80256790 -0.33459029
v -0.18077506 0.39713982 -0.17280851
v 0.15707913 -0.77614290 0.39314154
v 0.27831486 0.33477411 0.10879833
v -0.11224277 -0.49486560 0.42264968
v 0.26197815 -0.18276577 -0.30885038
v 0.09143350 -0.45567346 0.42826277
v -0.02497129 -0.87518442 0.35098794
v 0.12551950 0.86959940 0.15133168
v -0.20543550 0.86239237 -0.02169709
v 0.18608974 -0.80334514 0.36850423
v 0.20366491 0.85992450 -0.04798046
v -0.26300845 -0.00975479 0.30708739
v 0.07796168 0.85162562 0.19966589
v 0.03058864 0.32768968 -0.42455420
v -0.20490721 -0.87264305 0.17602631
v -0.15338966 0.87514144 -0.09453715
v -0.16855428 0.34368029 -0.35473874
v -0.04845371 0.85546643 0.20788367
v -0.11642100 0.85503691 -0.17780720
v -0.08684679 0.34161440 0.40607789
v 0.08885078 0.42496136 -0.20475610
v 0.14467221 0.86393619 0.14414398
v -0.16821994 -0.83409244 -0.35426044
v -0.26459554 0.28450671 -0.29168588
v -0.25169519 -0.52659625 -0.32308146
v 0.28775331 0.31914878 0.04507335
v -0.26365989 -0.71177238 -0.30118001
v 0.08986905 0.56807029 0.20273438
v 0.05590270 0.86143130 0.20027132
v 0.15344095 0.86010975 -0.14238003
v -0.14244948 0.39250612 0.21889825
v -0.11951384 -0.61155748 -0.42027164
v -0.25262299 -0.74853218 -0.32185310
v 0.10484173 0.05443578 0.42529395
v -0.09046282 -0.07862885 -0.42829770
v -0.02618764 0.32985497 -0.42360541
v 0.25599512 0.17473049 -0.31764373
v -0.12988253 0.87291163 -0.14061666
v 0.11957256 -0.22715600 -0.42007697
v 0.05459452 0.43576473 -0.21551986
v 0.25668731 0.30316502 0.31804761
v 0.09320334 0.85308045 -0.19299170
v 0.19208151 0.85373515 0.09411013
v 0.16479619 0.40609270 -0.17063451
v -0.25212827 -0.59391081 0.32108945
v -0.26712993 0.31976166 -0.25839216
v 0.24863693 0.33844143 0.30156183
v -0.20608661 0.36113590 -0.27258295
v 0.13814549 -0.86232346 -0.33912498
v 0.19936736 -0.87472034 -0.20137458
v 0.21098618 0.39637813 -0.11768756
v -0.04804358 0.41356769 0.22259778
v -0.12761067 0.33620569 0.40238765
v -0.28919029 0.32131481 -0.01463750
v -0.01746134 -0.87501144 -0.35227314
v 0.06744983 0.86956471 -0.18529308
v 0.24759723 -0.83503908 0.19953951
v 0.24348339 0.33917555 -0.30639666
v -0.19596308 0.86984301 -0.00228882
v -0.18759288 0.40887740 -0.13558595
v 0.21579561 0.82603276 -0.03248373
v 0.27163371 -0.79354918 0.21494380
v -0.29172480 0.29458743 0.00982312
v -0.14749624 0.86273336 -0.14366204
v 0.01674009 0.32962650 0.42381150
v -0.25241369 -0.23588701 -0.32230419
v 0.18930566 0.58120477 -0.11530116
v -0.03528862 0.40254307 0.23664626
v 0.25147873 -0.14920589 0.32364824
v -0.24729341 -0.33198854 0.32507110
v -0.01304981 0.34052923 0.40933761
v -0.18887478 0.87307996 -0.02036768
v 0.14107764 0.85540837 0.16045882
v 0.24890654 -0.74244368 -0.32375953
v 0.04413224 -0.87295783 -0.35766894
v -0.21515253 0.33146292 -0.34656405
v -0.12242161 -0.51982427 -0.41830483
v -0.28232765 0.33568612 -0.04392794
v -0.07434497 0.87207830 0.17910130
v -0.20460005 0.40197363 0.11359850
v 0.19618110 -0.87413168 0.22993401
v 0.10880455 0.85926664 0.17953148
v -0.26200819 0.27943298 0.30900243
v 0.01386232 0.33573315 -0.41918707
v -0.25957578 0.13045688 -0.31468999
v -0.13189165 0.84476793 0.17106242
v -0.23200028 -0.85956711 0.10449317
v -0.26281685 0.14852153 0.30809650
v -0.13346362 0.31346884 0.40951496
v 0.20034605 -0.87530172 -0.14452176
v -0.19651707 0.86446327 -0.05625573
v 0.17986833 0.86541414 0.09327638
v -0.25697017 -0.03154797 0.31635523
v -0.25869587 -0.59833515 -0.31687704
v -0.13559175 0.41675577 0.18410447
v 0.26266342 0.24376172 -0.30765423
v 0.25785562 -0.70499653 -0.31501785
v 0.26348993 0.33259308 -0.27556336
v 0.15123567 0.52545178 -0.16576235
v 0.09990089 0.33591759 0.41686493
v 0.00160299 0.85728461 -0.21246965
v -0.13268939 0.84660196 -0.16974434
v 0.03840635 0.34037369 0.40924591
v 0.17143710 0.85070419 -0.12965161
v 0.12300161 -0.09559556 0.41790664
v -0.11349656 0.43479082 -0.19208828
v 0.19960320 -0.86247122 0.29422048
v -0.16504973 0.48634872 -0.15292771
v 0.09143444 -0.36556128 0.42825988
v 0.24601816 0.30644313 -0.32593176
v -0.09594285 0.44301084 -0.20138335
v 0.13598070 0.42075655 -0.18130010
v 0.25176287 -0.67323518 0.32314312
v -0.20648260 0.85034311 -0.05889620
v -0.08082275 0.86826992 -0.18106708
v -0.23214874 -0.86003548 -0.09954199
v -0.25002277 -0.81151414 -0.31548676
v -0.19825870 -0.87365758 0.22843799
v -0.21150313 -0.87476814 0.07014256
v -0.26821071 -0.82771993 0.06015575
v 0.26435542 -0.81051618 0.24370113
v 0.20780009 0.39184076 -0.14852399
v -0.21139686 0.85840791 -0.00400928
v -0.21497881 0.84593314 -0.01862557
v -0.24756920 0.25322446 -0.32710055
v -0.00514425 0.86698318 -0.19979101
v 0.02631638 0.85195082 -0.21291594
v -0.24773096 0.27899444 0.32465160
v -0.22689790 0.33827776 0.32281494
v 0.27012882 0.33134463 -0.19223499
v -0.24754517 0.00863582 -0.32710981
v 0.26277417 0.14852178 0.30917463
v -0.10949031 0.33783188 0.40812203
v -0.08541536 0.40025482 0.22837995
v -0.26254871 -0.55038989 0.30948937
v -0.06999617 0.42589727 0.21302749
v 0.09001038 -0.09500000 -0.42830670
v 0.07484749 0.86960852 0.18189372
v -0.17601760 0.84415966 0.12600547
v -0.15180047 0.45279458 0.16625217
v 0.08764690 0.31781310 -0.42643067
v -0.07290135 0.46648166 -0.21114886
v -0.26301596 -0.25437903 0.30708817
v 0.20183307 -0.82865369 0.33657178
v 0.26512906 -0.80206931 0.27184775
v -0.27558863 0.31364834 0.17710632
v -0.23883462 0.33202025 -0.32585323
v 0.14856938 0.42292744 0.17116539
v -0.28763252 0.31728190 0.04674868
v -0.19961046 -0.85457742 0.30453435
v -0.24252427 0.34462926 0.28911591
v 0.19766147 0.85712373 0.07555839
v 0.24590673 -0.63856417 -0.32613769
v -0.21645443 0.44845179 -0.03014788
v -0.01367847 -0.80050606 -0.42628065
v 0.21078202 0.43065688 0.05814765
v 0.18146549 0.32140395 -0.37255746
v 0.17345600 0.87415469 0.07488561
v -0.01307679 0.86599135 0.20082708
v -0.12986577 0.87440622 0.13125771
v 0.09614888 0.34497955 -0.39617276
v -0.05756794 0.79219878 -0.21176405
v 0.23356989 -0.79089236 0.33722076
v 0.26366100 0.00788280 0.30131236
v 0.25937459 0.06115580 0.31441432
v -0.04736678 0.86987275 0.19016971
v 0.26530358 0.33121741 0.25514922
v -0.14514294 0.40989223 -0.18275809
v 0.22267455 0.32161105 0.34367013
v 0.26296955 -0.05234430 -0.30614775
v 0.16888696 0.75259221 -0.14093278
v 0.24736762 -0.53292900 0.32733798
v 0.16885957 0.34086284 0.36114499
v -0.26131535 0.23171070 0.31023702
v -0.27828181 0.33094457 0.11970342
v 0.11030413 0.40881419 0.20519274
v 0.04736208 0.58627313 0.21601373
v -0.26431373 0.33287519 0.26230574
v -0.18888178 0.39732128 0.16124706
v -0.01392341 0.34118298 -0.40788734
v -0.19341783 -0.78635609 0.36525008
v -0.16242005 0.86952758 -0.11055084
v 0.28232753 0.30642149 -0.10719918
v -0.26451820 0.34496152 -0.14855896
v -0.16394925 0.32908928 -0.38414299
v -0.26704806 0.34011281 0.16579011
v -0.14796782 -0.87537366 0.28632388
v -0.24659358 -0.57827777 -0.32791063
v -0.26170266 0.18277121 -0.31216666
v 0.27471507 -0.81170350 0.12335393
v -0.19489494 -0.87321943 -0.25716621
v 0.12151556 0.28813633 0.41883639
v 0.28759593 -0.80033225 -0.03053739
v 0.24733602 -0.66397744 -0.32503816
v 0.24580164 0.11794323 -0.32620317
v -0.19289406 0.85138744 0.09488283
v -0.10605319 -0.85864419 0.36858219
v 0.10561516 -0.87538886 -0.31670216
v -0.07406366 0.85504961 -0.19955648
v 0.21141884 0.85830712 0.00649052
v -0.26340914 -0.24554706 -0.30397704
v 0.26130053 -0.47058910 -0.31004655
v -0.02610717 -0.86229426 -0.37463534
v 0.25438860 -0.62903059 0.32038966
v 0.09032734 -0.19220378 0.42830035
v 0.22155280 -0.86170870 0.18383417
v 0.13443042 0.40259135 -0.19771907
v -0.08925873 0.41467261 0.20896533
v 0.25203884 -0.77022624 0.32260913
v 0.20724255 0.85923499 0.03929990
v -0.08307019 0.87441045 -0.16467248
v -0.04834402 0.87478083 -0.17954604
v -0.26243028 0.22753263 -0.31013468
v 0.19665769 0.85271317 -0.08538081
v 0.06880736 0.40145272 -0.23224755
v -0.09136498 -0.18097319 0.42824891
v -0.14269589 0.57194626 0.17102316
v -0.27615118 -0.78433198 0.17193983
v 0.11627129 -0.07177522 0.42158496
v -0.24093875 0.09316884 0.32985339
v 0.07707723 0.26117933 0.42844632
v -0.17880654 0.86392587 0.09928292
v -0.13791955 0.87513375 -0.11326526
v 0.21992904 -0.87192369 -0.04807618
v -0.09050517 -0.65525365 -0.42827857
v 0.25157404 -0.82223439 0.28616831
v 0.16340964 0.44862375 -0.15582527
v 0.26329425 -0.15288705 0.30507252
v 0.12168316 -0.59822613 0.41883337
v -0.06473381 0.33697698 -0.41720521
v -0.17052251 0.40931371 0.16074297
v 0.26420328 -0.29751223 -0.29591727
v -0.22054747 0.30925775 -0.34680068
v -0.05617400 -0.86706316 -0.36711931
v -0.04803554 0.33983126 -0.41044861
v 0.24076383 0.37050903 -0.13456911
v -0.07256822 -0.82809800 -0.40975204
v 0.21188246 0.77988350 -0.05565973
v -0.26836655 0.34101894 0.14240015
v 0.17476742 -0.87463707 -0.28389019
v 0.02519662 0.82690048 0.21691015
v 0.11006644 0.87016726 0.16182315
v -0.22610867 -0.86247772 -0.13201459
v 0.04782365 0.87138826 -0.18860170
v 0.12045129 -0.25281343 -0.41951573
v 0.11726102 -0.76828009 -0.42112517
v 0.25443897 -0.62029397 -0.31859526
v 0.17057958 0.41885561 -0.15101783
v 0.28927526 -0.80048639 0.00362426
v 0.04374884 -0.82049608 -0.41713661
v 0.24652380 0.26051697 0.32792947
v -0.12046978 0.06927962 -0.41967154
v -0.17517665 -0.87400281 -0.28784153
v -0.14834157 -0.80202836 0.39602908
v -0.00436827 0.33272651 -0.42245463
v 0.12242933 -0.10482492 -0.41810623
v 0.12087929 0.03847058 -0.41921443
v -0.17015155 0.30613166 -0.38361016
v 0.16808915 -0.87538904 0.24605589
v 0.25153965 -0.58516890 0.32324716
v 0.06244239 0.30575302 0.42838967
v 0.08313326 0.33700329 0.41640776
v -0.16057757 0.44282410 -0.15834336
v -0.21086772 0.82904983 0.05806437
v 0.26300880 -0.32617980 0.30776078
v 0.15924571 0.71306813 -0.15435749
v 0.11330505 0.85321617 -0.18134788
v 0.10115854 0.33543015 -0.41787106
v 0.24433579 -0.42119241 -0.32731029
v -0.23715918 -0.86099529 -0.03605951
v 0.24736659 -0.34072500 0.32733592
v -0.19844034 0.33670527 -0.35031262
v 0.17855592 0.47068119 -0.13537896
v -0.16659592 -0.83002901 0.35938522
v 0.22161813 0.40737051 0.02433803
v -0.03868699 0.87118268 -0.19021487
v 0.07155450 0.50590754 -0.21139896
v -0.13275461 0.34428379 0.37765649
v -0.09050716 0.01747306 0.42829248
v -0.15218036 0.31553015 0.39550042
v 0.13102140 0.31962904 -0.41046363
v 0.16940345 -0.77633673 -0.38314864
v -0.20091943 0.32114536 0.35820758
v -0.27169880 -0.81047416 0.15734540
v 0.26910123 0.34053248 -0.13732423
v -0.27121395 -0.80712837 -0.17783004
v -0.19536850 0.40067494 0.13875327
v -0.11951384 0.13104799 -0.42027164
v -0.12919872 0.86142057 -0.16248599
v -0.17228062 0.86115843 0.11486050
v 0.02188336 0.40594429 -0.23323554
v 0.04957838 -0.85562420 -0.38217035
v -0.26095343 0.12484582 0.31164786
v 0.11826832 0.33573306 -0.40819228
v -0.24516435 0.30619806 -0.32892305
v -0.23550452 -0.82351935 0.31599036
v -0.15012032 0.32908618 -0.39461485
v -0.25728029 -0.41795874 0.31575841
v -0.02295957 0.83412153 -0.21670727
v -0.24342616 0.33808640 0.30957222
v -0.09275968 -0.35252357 -0.42816654
v -0.16546741 0.42076719 -0.15711859
v 0.09556837 0.86471510 -0.17966317
v -0.24585493 0.22938949 0.32617113
v -0.25254017 -0.06076764 0.32066986
v 0.12094983 -0.69369346 0.41934058
v 0.26446217 0.30803448 0.29208535
v 0.14084542 0.32987952 0.40223250
v -0.25169519 -0.30818275 -0.32308146
v -0.21731164 0.38896281 0.13740519
v -0.20067142 0.30732217 -0.36139745
v -0.13189632 -0.81759095 0.39937860
v 0.19866340 0.86789495 -0.00525913
v -0.24639063 -0.44416299 -0.32808515
v 0.06560203 0.33260852 -0.42252573
v -0.00882859 -0.86212897 0.37487984
v -0.18830948 0.33300829 0.36085698
v -0.27937785 -0.78628719 0.13806136
v -0.20719162 0.86208075 0.01272279
v -0.03144865 0.50863761 0.21868165
v 0.26367775 -0.78063464 0.30130488
v -0.21069717 -0.87481833 -0.07515224
v -0.17943567 0.38551173 0.21354301
v -0.19123320 0.58146507 0.11114991
v 0.14538449 0.81870556 -0.16404358
v -0.22628546 -0.84405142 0.29207480
v -0.26209265 0.33331406 0.28467497
v -0.18886350 0.87139118 0.04522926
v -0.24828081 -0.50617963 0.32433426
v 0.11548806 0.87503946 0.13622628
v 0.25143427 -0.08479150 0.32339498
v -0.19040141 0.85709447 -0.09377909
v 0.10063780 0.45397514 -0.19916186
v 0.10004701 0.84242821 0.19343372
v -0.15546112 0.78945243 0.15618558
v -0.22499071 -0.84684330 -0.29102662
v -0.05684550 0.86324751 -0.19799918
v 0.15396611 0.79696864 0.15734881
v -0.09888568 -0.21887560 0.42682740
v -0.12029257 -0.35001636 0.41960308
v 0.18583474 -0.85403937 -0.31561050
v 0.25914982 0.32172224 -0.30903959
v -0.07067836 0.34548238 -0.39778587
v -0.25731763 -0.82618201 -0.19602714
v 0.25413901 -0.79397035 0.31894526
v -0.24113815 0.36266729 -0.19582179
v -0.17972805 0.40736446 -0.15173151
v -0.20849712 0.85653347 0.04268443
v -0.26269007 -0.61242533 0.30767155
v -0.24268547 0.27898496 -0.33082804
v 0.09123161 -0.79295933 -0.42700702
v 0.09293043 0.24039581 -0.42801851
v 0.28827354 0.31741670 -0.03961761
v 0.06679988 0.86444867 0.19315851
v -0.26301941 -0.05379938 -0.30771390
v 0.09672711 -0.38409612 -0.42774019
v 0.18165089 -0.87504029 -0.25949979
v 0.11431856 0.53021556 0.19116646
v 0.27060744 -0.81257635 -0.15731980
v 0.24820173 0.33176738 0.31952769
v 0.08351960 0.13886902 -0.42843047
v 0.27677724 0.33871233 -0.07927904
v -0.19464956 0.86076194 -0.07463377
v 0.03949055 0.39478177 -0.25431114
v 0.26133171 -0.45012578 -0.31019956
v 0.24758188 0.04378255 0.32711712
v -0.22669379 0.39639512 0.03337358
v 0.24985306 -0.28733197 0.32527828
v -0.17362183 0.39772499 0.17919186
v -0.10911466 -0.86249912 -0.36101386
v 0.12327153 -0.04259543 -0.41750666
v 0.25084206 -0.52718496 -0.32207760
v -0.10454138 0.84183264 0.19172285
v 0.20146780 -0.87513322 0.14379215
v -0.16596931 0.66159844 -0.14762415
v -0.23182765 -0.86303341 -0.06548226
v -0.23301528 -0.86086732 0.07857612
v -0.19747150 0.43488660 -0.09600141
v -0.18023291 -0.80689782 0.37036908
v 0.00000001 -0.87515026 0.35211039
v -0.24748324 -0.82581115 0.28925124
v 0.16865328 0.85704571 0.12679619
v -0.09464905 0.43657386 0.20164222
v 0.12168662 -0.26623812 0.41883236
v 0.22103296 0.34010172 0.32483023
v -0.26164243 0.19630952 0.30988503
v 0.14688677 -0.83152694 0.37297347
v 0.05688921 -0.79264712 -0.42786849
v 0.22554982 -0.81823510 0.33150366
v -0.26306596 -0.69010717 0.30611745
v -0.21376438 0.61682492 0.04796158
v 0.26292899 -0.21068929 -0.30710575
v -0.16329040 0.86145532 0.12808685
v 0.08035235 0.85837865 -0.19528197
v -0.13299328 0.43772113 0.17953207
v -0.08989245 -0.10047020 0.42831144
v 0.05550484 0.83534807 0.21150255
v 0.16309924 -0.81927496 -0.37437591
v 0.12938429 -0.79453129 0.41212961
v 0.22511508 0.40240732 -0.00043038
v -0.25845200 -0.20714548 0.31460884
v 0.17044309 0.86469060 -0.11036140
v 0.11266767 -0.87237948 -0.33820578
v -0.07910822 0.84394455 0.20129459
v -0.07762317 0.39871520 -0.23567046
v 0.12168662 -0.48465163 0.41883236
v -0.26671049 0.33431035 0.21927316
v -0.09942162 -0.79699981 0.42528293
v 0.26241446 0.03607429 0.30918744
v -0.07015309 0.32013848 -0.42638752
v 0.23793702 -0.86196917 -0.00733621
v -0.16564593 0.58399361 0.15028065
v 0.04644913 0.33362919 0.42156428
v -0.24632065 0.30717328 0.32561782
v 0.24994269 -0.04257717 -0.32299134
v 0.27754092 0.34303746 0.01676514
v 0.18836038 0.87245536 0.03778254
v 0.07362019 0.43496916 -0.21061677
v -0.17507173 -0.85206407 0.32600182
v 0.11462682 0.86548680 -0.16621841
v 0.26270843 -0.55908900 0.30937159
v 0.19201864 0.50506091 0.11041443
v -0.25760531 -0.64123255 -0.31730241
v 0.23913361 -0.82804215 0.30753306
v 0.17212915 0.39244726 0.19752558
v 0.24638075 -0.27796769 -0.32577473
v -0.19450104 0.86369079 0.06569826
v -0.09428191 -0.02222507 0.42810780
v 0.15532887 0.87341225 0.11009743
v -0.05216517 -0.87456024 0.35380492
v -0.00918969 0.87482023 0.18276155
v -0.06554431 0.33275723 0.42243612
v 0.12620378 0.40537634 0.19957441
v 0.26142547 0.33308050 0.29146141
v -0.27288139 0.34361491 -0.06873859
v 0.11340557 0.40084040 -0.21371695
v -0.13604425 0.32655689 -0.40651140
v -0.22117631 0.33381242 0.33706874
v -0.17907654 0.32869452 0.37248474
v -0.06559110 0.86193103 0.19667798
v -0.20003280 0.83771610 -0.08549833
v -0.27858716 -0.81981885 0.03494462
v 0.07000158 -0.82043171 -0.41729978
v 0.28052723 -0.80631018 0.10446271
v -0.26263627 -0.28808650 -0.30951133
v -0.26696464 -0.80830473 0.22224796
v -0.16341670 0.87539423 0.04117846
v -0.18484126 0.33236966 -0.36594051
v 0.28402880 -0.79253083 -0.08793588
v -0.26150176 -0.44271928 -0.31129137
v 0.26235610 -0.72666383 -0.30834696
v -0.25322571 -0.82299465 0.26364395
v -0.25000176 0.02717510 0.32291785
v 0.26243111 0.07858253 -0.30847505
v -0.25250074 -0.39417145 0.32043615
v 0.26334754 -0.72704881 0.30413571
v 0.02313143 -0.82326394 0.41443536
v -0.24417262 0.34997702 0.26595694
v -0.26346222 -0.12127931 0.30339104
v -0.06342318 0.87530959 -0.16339056
v -0.26134029 -0.81581128 -0.24472189
v -0.21815613 -0.86090118 -0.23296155
v -0.26288211 0.17574348 0.30716521
v -0.13156553 0.40486056 0.19640933
v 0.14950122 0.40679795 0.18285748
v -0.08984695 -0.69455522 -0.42830893
v -0.17350192 0.82810622 -0.13255206
v 0.25968945 0.32268867 0.30845729
v 0.26022562 0.33978412 0.23776515
v -0.08984602 -0.23151869 -0.42831159
v -0.00800357 0.32962662 0.42381147
v -0.20269063 -0.86570257 0.27946848
v 0.00984989 0.87101555 -0.19348770
v 0.13181858 0.87530196 0.11405560
v -0.26009965 -0.26509467 -0.31476247
v 0.20507218 0.40915003 -0.09577165
v -0.25150222 -0.82282400 -0.28310758
v -0.04979429 0.30546582 0.42835578
v 0.25510266 0.21841374 0.31919935
v 0.26336762 -0.03391437 0.30427039
v 0.26284197 -0.37567100 0.30912712
v 0.26029488 -0.30577901 0.31360412
v -0.25077954 -0.75275046 0.32218313
v -0.25691465 -0.62029397 -0.31720686
v 0.25095534 -0.12661362 -0.32209259
v -0.14851764 -0.86696565 -0.32419527
v 0.01060621 0.82713002 -0.21831587
v -0.09050716 -0.06115577 0.42829248
v 0.19792305 0.37986654 -0.21652089
v -0.27996090 0.33926523 0.03403267
v -0.21892075 0.38762420 -0.13643488
v 0.11252163 0.49605089 -0.19254914
v 0.26304272 -0.43246049 0.30748993
v 0.21866502 0.43246955 0.00059910
v -0.28402978 0.32728425 -0.06943458
v 0.18775728 -0.82080072 -0.35504967
v -0.24872082 0.16599399 0.32397911
v 0.26262039 -0.81789863 0.21897390
v -0.19088969 0.49228701 -0.11309517
v -0.17516749 -0.87387168 0.28664008
v 0.19266565 -0.78381819 -0.36584806
v -0.10483654 -0.87425417 -0.33849397
v -0.04919815 -0.80635136 -0.42470622
v -0.26229858 0.15730265 -0.31092834
v 0.15343428 -0.86665350 -0.31959245
v 0.11832250 0.37293914 -0.29773539
v -0.22657211 0.39103904 -0.07716182
v 0.12042258 -0.68964255 -0.41952306
v 0.08453040 0.32342610 0.42518300
v 0.19167264 0.41572231 -0.11762287
v -0.21126473 0.71989346 0.05823354
v -0.10985152 -0.80261099 -0.42186716
v 0.24733831 -0.23588710 -0.32504234
v -0.28890577 -0.79195786 -0.03743422
v 0.26334667 -0.23588690 0.30461442
v -0.26282445 0.00000001 -0.30916619
v -0.26102367 0.30691683 0.31026065
v -0.27948323 -0.82150233 0.00504496
v 0.22277099 0.39872822 -0.05175596
v -0.02226953 0.74132997 0.21804324
v 0.22145078 0.40731007 -0.02551675
v 0.17167723 0.29936060 0.38253728
v 0.14570843 -0.87532836 0.28864849
v -0.12631060 0.24766470 0.41524312
v -0.26569396 0.33330211 0.24050874
v 0.18055785 -0.80367863 -0.37119615
v -0.11135449 0.23057394 0.42334095
v -0.17165293 0.45490187 0.14609009
v -0.11816095 0.87164330 0.15380441
v 0.13183171 0.86539030 -0.15381701
v 0.19854167 0.39628738 0.14834280
v 0.09207836 -0.00583653 0.42818743
v 0.15041272 0.34463179 0.36514565
v 0.09238064 -0.57224327 0.42822063
v 0.16715777 0.42540082 0.15166628
v -0.06948579 0.40853333 0.22259732
v 0.22341798 -0.85376346 -0.26083609
v 0.26328883 0.11794551 0.30507454
v -0.25828180 -0.82858521 0.15638955
v -0.15097170 0.52318156 0.16600578
v -0.26295298 -0.12121179 -0.30813763
v -0.29251844 -0.65523905 -0.00132800
v -0.10719990 0.30469263 0.42463410
v 0.13048644 0.42802832 0.18172146
v 0.11464801 0.39779329 0.22120924
v 0.24640799 -0.60123664 -0.32574818
v 0.26601398 0.34760022 0.10123407
v 0.09685205 0.42497176 0.20124583
v -0.21244960 -0.87142503 0.12271532
v -0.11606120 0.34258199 -0.39416012
v -0.26323050 0.25357491 0.30406746
v 0.08815417 0.28012997 -0.42823914
v 0.15040930 -0.87539130 -0.28146955
v -0.22209367 0.30112717 0.34396559
v -0.25560611 -0.77578044 0.31745005
v -0.26333582 -0.46685991 0.30433336
v -0.25039521 -0.72447914 -0.32453680
v 0.25542077 0.34783742 0.21066096
v -0.11236840 0.60807669 -0.19128011
v -0.09482828 0.36110455 -0.34841779
v 0.16850112 0.39947313 0.17955376
v -0.15891623 0.76456529 -0.15301995
v 0.11435147 0.44974217 0.19200927
v 0.16238689 -0.79756337 -0.38672692
v -0.25693160 -0.33111352 -0.31735566
v 0.11183997 0.79211009 -0.18904087
v -0.17270844 0.82065850 0.13395467
v -0.21215385 0.40834290 0.07472206
v -0.27519169 0.30502501 -0.18258668
v -0.09046209 -0.03494615 -0.42829987
v -0.26472467 -0.80302775 0.27403754
v 0.25604373 0.34452268 -0.23994690
v 0.22305460 -0.86284745 0.15778041
v 0.01319624 -0.87521321 -0.35036409
v -0.12792073 0.82172352 0.17703375
v 0.25188264 0.12091202 0.32326391
v -0.15322526 0.72945309 -0.15950994
v 0.26466262 -0.78651887 -0.28841680
v 0.21636395 0.40013584 0.08467669
v 0.14770211 -0.79621142 0.39880544
v 0.28096065 0.32068941 0.12065658
v -0.25672051 0.34843922 0.18975197
v 0.10770235 0.42604706 -0.19625677
v -0.10696866 0.52013427 -0.19547458
v -0.12079381 -0.67708224 0.41927606
v 0.02615496 0.86468285 -0.20124358
v -0.19190399 -0.79851717 -0.36577860
v 0.21080738 -0.87505281 0.07443210
v 0.26308748 0.20093924 0.30682534
v 0.28032908 0.33043447 -0.10836952
v -0.11677577 0.42678127 0.19024824
v -0.19831160 0.41240507 -0.10977473
v 0.20638002 0.41702810 0.07799385
v 0.18715426 0.78957289 0.11475676
v 0.21138246 0.39495826 0.12113015
v -0.12251748 -0.74480373 0.41800192
v 0.09512205 0.87516916 -0.14912330
v 0.19286801 -0.87346077 0.26160213
v -0.12084226 0.10135395 -0.41940749
v 0.26073945 0.33316949 -0.29376718
v 0.11838412 0.82613677 0.18374427
v 0.12647563 0.17473049 -0.41508687
v -0.26304626 -0.27855113 0.30707219
v -0.21512251 0.82761419 0.03618725
v -0.26450789 -0.82620823 0.11586103
v -0.15500808 0.72715318 0.15831685
v -0.21027687 -0.87123263 0.14682387
v 0.27711391 0.34145707 0.04397509
v -0.21368966 0.45155025 0.04737575
v 0.08737551 -0.75184315 -0.42831907
v 0.09103392 -0.10530105 0.42823097
v -0.26291481 -0.14750800 0.30715349
v 0.11835058 -0.79920220 -0.41815844
v -0.14739382 0.45775497 -0.16975319
v -0.20803894 0.82972699 -0.06684234
v -0.08308818 0.33249754 0.42243755
v 0.07126804 0.55630416 -0.21075834
v 0.25881776 -0.00944632 0.31575352
v -0.11353126 0.46061614 0.19236207
v 0.26806906 0.30757266 0.25569880
v 0.24878743 -0.83007121 0.23913477
v -0.17668717 -0.87521303 0.26275265
v 0.11772683 0.29720965 -0.42098522
v -0.25030980 -0.19280760 -0.32473984
v 0.05068201 0.40349868 0.23261902
v -0.22578584 -0.85796970 0.18629654
v 0.00458694 0.40531871 0.23429476
v 0.26150861 -0.57738513 -0.31012589
v -0.26533118 0.30803558 0.28342465
v -0.12446515 -0.74156600 -0.41685885
v 0.18088515 0.42894536 0.13163088
v -0.24614093 -0.01631873 -0.32829732
v -0.10154089 0.87334448 0.16170143
v -0.20768535 0.37032202 -0.24104606
v 0.26446727 -0.70241112 -0.29294685
v -0.04209454 0.43677065 0.21760225
v 0.26318628 -0.02617695 -0.30575925
v -0.00542162 0.43241629 -0.22023366
v 0.20198134 0.45097440 0.08470649
v -0.14941587 0.30823371 -0.39862272
v 0.27722105 -0.81072688 -0.10794551
v -0.17695776 0.86955112 -0.08618064
v -0.27129182 0.33055118 -0.18218844
v -0.10091054 0.40373427 0.21625696
v 0.21463192 0.85084325 -0.01113020
v -0.10013219 0.86222172 -0.18096773
v 0.19779989 0.68053734 -0.09472528
v 0.19189684 0.39246953 0.17466810
v 0.24505086 0.34600955 -0.28084430
v 0.09602971 -0.86166406 -0.36947304
v 0.21695925 -0.87208945 -0.08011367
v -0.27314797 -0.78745490 0.20299412
v -0.17349380 0.51751119 -0.14161170
v -0.14911526 0.34164971 -0.37429717
v 0.16984650 -0.86523968 0.31232232
v -0.26365745 -0.18730538 0.30144504
v 0.23414776 0.29570439 0.33723944
v 0.20276487 -0.86948717 -0.24713530
v 0.20371415 0.40666330 0.10481680
v -0.17400174 0.62467879 0.13823877
v 0.03912663 0.85867059 0.20795926
v -0.26046735 -0.07579840 -0.31428108
v 0.19505928 0.42573187 0.10463563
v -0.25453794 0.04439336 -0.31986398
v -0.17296711 0.85309142 -0.12502038
v 0.26328304 -0.82878911 -0.10232773
v -0.28181487 0.30562735 0.11261334
v 0.25678757 -0.07084431 -0.31616113
v -0.24199313 0.05426022 0.32906199
v 0.16258411 0.87416649 0.09316204
v -0.09586376 0.32473332 -0.42433134
v 0.23679073 0.36934003 -0.17498174
v -0.28038388 -0.80949551 -0.08961070
v 0.26150861 -0.31528914 -0.31012589
v 0.12899202 0.84069473 -0.17469850
v -0.24662632 0.13711016 0.32557976
v 0.28523508 -0.80137765 -0.06099188
v -0.16291836 0.87315190 0.10173432
v -0.22317988 -0.80805725 0.33809662
v -0.25619048 -0.63776731 0.31680119
v -0.08017282 -0.78160030 -0.42852485
v 0.25415191 -0.82601219 -0.22516672
v 0.26287612 -0.75961202 0.30744696
v 0.09803659 0.30339485 0.42676789
v 0.08781110 0.81469542 0.20018899
v 0.25720873 0.34771147 -0.19297834
v 0.15254557 0.42533693 -0.16635159
v 0.12154394 -0.87247813 0.33294553
v -0.09093712 -0.85258830 -0.38309067
v 0.12047830 -0.39258820 0.41964895
v 0.13820656 0.87255627 -0.13361473
v -0.11997592 0.30746314 -0.41954952
v -0.23569812 -0.86058748 0.05356538
v -0.04803655 0.33577359 0.42027441
v 0.26257178 -0.66396976 -0.30825046
v -0.24621153 -0.50550765 -0.32822430
v 0.15854019 0.86595404 -0.12448469
v -0.21588203 0.41521969 0.04603041
v 0.12239944 -0.31888375 -0.41812530
v 0.12718119 0.33436128 0.40664274
v -0.12734988 -0.79222924 0.41385737
v 0.04809730 0.33269879 -0.42247134
v 0.24418314 0.32972604 -0.32252270
v -0.27688494 -0.80827856 -0.12172940
v 0.21992753 -0.86018658 -0.22233675
v -0.26290148 -0.65745604 -0.30784491
v -0.21307187 -0.78876048 0.35051769
v -0.08561131 -0.61155748 -0.42840320
v 0.12093262 -0.42458129 0.41934687
v -0.12079214 -0.64126730 0.41927618
v 0.18560478 0.54997176 0.12286911
v -0.18337958 0.34322095 0.34341538
v -0.19678168 -0.81621909 0.35264644
v -0.25503561 -0.82442719 0.23204812
v -0.26989833 0.32826230 -0.21043359
v -0.23725963 -0.79283404 -0.33441442
v 0.26297554 0.27074578 -0.30574822
v -0.19002670 0.38551608 -0.20489681
v -0.18794841 0.78276473 -0.11353455
v -0.21382642 -0.87514889 -0.01745950
v -0.20462640 0.41500384 -0.09010629
v -0.04235251 -0.85565221 0.38211769
v -0.25882638 0.27927092 -0.31554762
v -0.22557957 0.40106425 0.00871444
v 0.06124678 0.68584955 -0.21225864
v -0.21676348 0.77155894 0.02593706
v -0.26347676 0.05402725 -0.30328089
v 0.22460000 -0.86378390 -0.13028263
v 0.20468217 0.34400615 0.32701662
v -0.06295972 -0.83097595 0.40679419
v -0.19309108 0.42790630 0.10872280
v -0.12860543 -0.87518829 0.31280348
v 0.20159848 -0.87530696 -0.10905749
v -0.26126489 -0.73426092 0.31059337
v -0.29243359 0.21769360 -0.00167200
v 0.27921164 0.31334150 -0.14029345
v -0.26224071 -0.76074678 -0.30955389
v 0.07010265 0.78575224 -0.20779708
v 0.22013097 0.40164793 0.05767313
v -0.26913929 -0.78392887 0.24446394
v 0.17912173 0.40258735 0.16129108
v 0.24734025 0.01747276 -0.32504746
v 0.12120292 0.31451926 0.41830006
v 0.18411694 0.86054677 -0.09817205
v 0.10637541 0.75609195 -0.19278841
v 0.09383944 0.87425226 0.16283955
v -0.11291487 -0.81497544 0.41359591
v 0.12250506 -0.14852099 0.41825163
v 0.26071024 -0.82210076 -0.20052986
v 0.24219185 -0.54943413 -0.32891560
v 0.24540460 0.15363918 -0.32650855
v -0.26291537 -0.52419412 0.30806217
v -0.26399255 -0.37930548 -0.29794738
v -0.25132766 -0.70714843 0.32171905
v 0.16981760 0.68989795 0.14143141
v 0.17906219 0.43239594 -0.13437730
v -0.27996972 0.32948580 -0.11516500
v -0.08904733 0.87539279 -0.14382075
v 0.26268464 0.34504223 -0.16559674
v 0.02743115 -0.87511557 0.35093927
v -0.02006279 0.81736070 0.21772298
v 0.21097973 0.84468150 -0.05146762
v 0.26133171 -0.68562514 -0.31019956
v -0.04800158 0.32764485 -0.42456779
v 0.22758846 -0.86330932 -0.10374598
v 0.10782717 0.72035480 -0.19262980
v -0.26360232 0.04022685 0.30201849
v 0.02770880 0.77676302 -0.21706022
v 0.19189110 0.40981838 0.12529616
v 0.09049326 0.13111876 0.42828184
v -0.19939609 0.32562545 -0.36001232
v 0.25818506 0.10258748 -0.31508034
v -0.24640720 -0.35680348 -0.32805175
v 0.29234040 0.24392323 0.00217484
v -0.26351738 -0.71413672 0.30232656
v 0.14142913 0.85314202 -0.16127755
v 0.15877214 0.61184174 0.15691364
v -0.02055356 -0.78923368 0.42821321
v 0.05243343 -0.87488741 0.35155055
v 0.17997074 0.87526429 -0.02112891
v 0.14001480 0.44821665 -0.17502645
v 0.19764850 0.33829913 0.34692621
v -0.14462397 0.87183517 -0.12763824
v -0.02662089 0.40302241 -0.23649304
v 0.24693955 -0.69848812 0.32769260
v 0.08473094 -0.84091538 0.39634618
v 0.25621301 0.21841368 -0.31677601
v 0.18867068 0.59641939 0.11624363
v 0.25017101 0.09726373 0.32504809
v -0.22058906 0.35000905 0.29512641
v -0.11155999 0.47022966 -0.19357376
v -0.08849811 0.25896615 0.42829186
v 0.09135445 -0.34617367 -0.42829168
v 0.23732628 -0.86081439 -0.03362375
v 0.28503126 -0.78833479 0.07973936
v -0.08362422 -0.87458920 0.34915131
v 0.05298304 0.45163068 0.21613310
v 0.26097676 0.02550782 -0.31080538
v 0.19382919 0.51221341 -0.10611981
v -0.26859635 0.30862141 0.24978574
v 0.25805485 -0.82737744 -0.17145936
v 0.21972731 -0.82962716 -0.32033727
v -0.24425304 -0.25842756 -0.32970604
v 0.16355650 -0.83921659 -0.35010579
v 0.24153581 0.36885619 0.14394328
v 0.12523454 0.85533518 0.17334321
v -0.21319458 0.40462676 -0.08327942
v 0.15080138 0.39714018 0.20003594
v -0.25461981 -0.46303701 -0.31985733
v 0.17459132 0.54726440 -0.13978806
v 0.19962537 0.86620593 -0.02109330
v -0.22976358 0.34161872 -0.31449199
v 0.09075029 0.09590764 -0.42825803
v 0.26342466 0.22893102 0.30356178
v 0.08467022 0.49062702 0.20638540
v 0.02984654 0.29351258 -0.42845365
v -0.11395521 0.08923947 0.42269924
v 0.14076631 -0.82962042 -0.37904447
v 0.17133906 0.86424661 0.11112013
v -0.12127543 0.17532927 0.41893786
v 0.09041554 -0.47178712 -0.42828614
v 0.22614016 -0.84641761 0.28873622
v 0.26122761 -0.80825567 -0.28863558
v 0.18647058 0.87001562 0.06212804
v 0.24431688 -0.81842345 -0.31374717
v 0.02616443 -0.86483723 -0.37080213
v -0.22666693 -0.85966283 0.15820433
v -0.22020684 0.37018344 0.22474813
v -0.19318013 0.52550620 0.10748459
v 0.08940151 0.00658652 -0.42832902
v 0.28358018 -0.80728889 0.06134111
v -0.27479982 0.32712078 -0.16238692
v 0.15529297 0.53646809 0.16194502
v -0.25016361 -0.12075586 0.32281512
v 0.09611268 -0.87445182 0.34291765
v -0.07932427 0.30692938 0.42816138
v -0.27212191 0.31062850 0.21317306
v -0.21439786 0.38371348 -0.17203324
v 0.21470346 0.84613866 0.02377310
v -0.12326405 -0.44841301 -0.41771188
v -0.26337707 -0.82594782 -0.13236542
v -0.06827214 0.53432751 0.21221502
v 0.20425783 -0.78381395 0.35887283
v -0.20597617 -0.87086773 0.20047039
v -0.09249564 0.21841347 -0.42820013
v 0.00436831 -0.80880904 0.42366242
v 0.21886669 0.71278167 0.00272910
v 0.07496165 -0.79881936 0.42662486
v -0.17671515 0.72831607 -0.13106623
v 0.27723897 -0.79654431 0.15097375
v 0.27488977 -0.81859171 -0.07855961
v 0.05845972 0.78043675 0.21174692
v 0.26849377 0.32822362 0.22650824
v 0.24879329 -0.35819098 -0.32391647
v -0.11949988 -0.55040205 0.42014736
v -0.13481623 -0.81383866 -0.40079585
v -0.00052508 -0.86540341 -0.36976540
v 0.18088211 0.86818117 -0.08178113
v -0.21287525 0.55927414 0.05191545
v 0.25595650 -0.43288273 -0.31709829
v 0.14941852 -0.86023748 0.33500209
v 0.07538921 0.40267316 0.22791938
v 0.17821433 -0.82902420 0.35333553
v 0.21160273 0.33228496 0.34928387
v 0.26279670 -0.12231070 0.30916116
v 0.08861206 -0.81942779 0.41736442
v 0.09186137 0.86348414 0.18360136
v 0.26539823 -0.81665099 0.19422831
v -0.11708948 -0.43179896 0.42114633
v 0.27709594 0.33949870 0.06850639
v -0.15036787 0.40723124 0.18145108
v -0.26338047 -0.07417595 0.30399874
v -0.26274040 -0.81793469 -0.21926527
v 0.26296046 -0.18455504 0.30811155
v -0.12084046 -0.67708224 -0.41940758
v 0.00435264 0.34063458 0.40917575
v 0.22633536 -0.86428910 0.10450742
v -0.26334631 -0.39508912 0.30343568
v -0.11936773 -0.10485710 -0.42030481
v -0.24578971 0.17036363 -0.32855064
v 0.04195512 -0.80398560 0.42535421
v -0.20280646 -0.81990141 -0.34632474
v -0.19880347 0.85398036 0.07740154
v -0.10800251 -0.82851702 -0.40356436
v -0.02014008 0.87289882 -0.18921752
v -0.15756676 0.69459575 0.15662742
v 0.17867014 0.87529534 0.01307072
v 0.26222873 0.00000000 -0.30964041
v 0.27520263 -0.78386605 0.18265876
v -0.18088408 0.41117978 0.14585331
v 0.13228339 0.34267733 0.38316274
v 0.20499170 0.38696763 -0.17743486
v -0.26245800 -0.48210374 -0.30936399
v -0.12370060 -0.17785791 -0.41739762
v -0.26341233 -0.78739762 0.30041748
v 0.23106442 0.39096010 0.03771454
v -0.21305701 0.50257194 0.05130711
v 0.27558947 0.31160140 0.17838660
v -0.13449849 0.86038798 0.16000679
v 0.06779188 0.39397818 0.25323731
v 0.16847746 0.82952350 0.13894272
v -0.23932986 -0.86095864 -0.00405348
v 0.09154489 -0.20211387 -0.42810833
v -0.16798961 0.55895543 -0.14788714
v -0.12813133 -0.40749851 0.41385004
v -0.03651820 -0.82426298 -0.41331109
v -0.16147144 0.62702233 -0.15372407
v 0.12078395 -0.07428032 -0.41926065
v 0.01369104 0.66131598 -0.21912929
v -0.11698290 0.85285109 0.17990355
v -0.12206795 0.27917352 -0.41850930
v 0.26303104 -0.11359133 -0.30595022
v 0.23187423 0.36577842 -0.21843071
v 0.23866619 0.31864983 0.33243382
v -0.19857205 -0.87538850 0.03903367
v 0.18541525 0.84451008 -0.11272847
v -0.24982129 0.06894121 -0.32523283
v -0.11993608 0.40050846 0.21053384
v 0.05185900 0.83297944 -0.21233961
v 0.26281589 -0.50672030 0.30914888
v -0.16470549 -0.80540705 0.38265571
v -0.14707296 -0.77782035 0.39978811
v -0.13258234 0.43851942 -0.18032748
v 0.24955231 -0.47985017 -0.32322878
v -0.19821155 -0.87525886 -0.15037218
v 0.12090269 -0.45782211 -0.41920668
v 0.14619239 0.87455821 -0.11258924
v 0.26337233 -0.58559704 0.30437663
v 0.25332576 0.27993613 0.32110623
v -0.17858832 0.86022800 -0.10859632
v -0.25169519 -0.03734992 -0.32308146
v -0.18434016 -0.81663102 -0.36184555
v -0.12079213 -0.08299712 0.41927618
v -0.03042222 0.86824781 0.19529322
v -0.20013593 0.86507112 0.02992992
v 0.26347324 -0.52841920 -0.30231863
v -0.16095765 0.87531716 -0.07058575
v -0.15053740 0.62029040 0.16436546
v -0.12287474 -0.21323262 0.41777217
v -0.06124621 0.82349759 0.21045238
v -0.25198939 0.33861926 -0.29264638
v -0.22438370 -0.85305959 0.25841051
v 0.17455293 0.81243175 -0.13178968
v -0.16156296 0.84770763 -0.14291614
v -0.18960723 0.73768383 0.11182148
v 0.21876155 0.81564945 -0.00025976
v 0.19963691 -0.87536246 0.10927662
v 0.12329270 -0.82075781 -0.40313932
v -0.17444983 0.45642886 -0.14154820
v -0.25263798 0.32155949 -0.31890002
v -0.08250317 0.33660623 -0.41756865
v -0.14021853 -0.83101434 -0.37859890
v 0.24921465 -0.82765889 -0.26030630
v -0.05153207 0.40314528 -0.23313242
v -0.06760316 0.45715043 0.21317334
v 0.28486532 -0.80888975 0.03650786
v -0.26524830 0.34658095 -0.12239275
v 0.12153779 0.63573515 0.18495353
v -0.02659870 0.41548416 -0.22283256
v -0.10777670 0.60749984 0.19388315
v -0.25907129 -0.16844790 0.31421629
v -0.09050515 -0.56786191 -0.42827857
v -0.26581740 -0.82911050 -0.07321960
v 0.24613971 -0.12850599 0.32830957
v -0.09249397 -0.52856076 -0.42820626
v 0.24744897 -0.57666087 -0.32492936
v -0.12152700 -0.31865531 0.41875836
v -0.20810236 0.78437585 -0.06779691
v 0.26811507 -0.81897634 0.14796978
v 0.24392825 -0.50133079 -0.32762617
v 0.22739708 0.36192065 0.24526739
v 0.14698738 0.33525896 0.39044416
v -0.15344596 0.48390621 0.16481057
v 0.20433913 -0.80343461 -0.35400885
v -0.11271362 0.73042607 -0.18945296
v 0.12089792 0.07426059 -0.41920766
v -0.11912893 0.27599606 0.42016837
v -0.26438311 0.31503031 -0.28867084
v -0.12083440 -0.21404539 -0.41940805
v 0.23493111 -0.85926157 0.07989905
v -0.27853188 0.31403866 0.14686671
v -0.26225278 -0.80204254 -0.29892072
v 0.25073239 -0.17034899 0.32462993
v 0.19337963 0.33212808 0.36142313
v 0.24580123 0.19657201 -0.32620248
v 0.15555415 0.76408702 0.15673439
v 0.24879409 -0.33199552 -0.32391801
v -0.06231568 0.77324331 0.21083997
v 0.26357183 -0.28537849 0.30233103
v -0.12033393 0.39686918 -0.22019640
v 0.24645644 -0.77136827 -0.32577252
v -0.16126610 0.39748463 -0.19065621
v -0.12159384 -0.55453753 -0.41889131
v 0.26555818 0.30813518 -0.28120553
v 0.12043177 -0.48979270 -0.41951773
v 0.24016827 0.34781459 0.28327632
v -0.18999447 0.41297543 0.12405856
v -0.08874407 -0.37356398 0.42834300
v -0.19742903 0.29985878 0.36230007
v 0.12153537 -0.85500073 -0.36226624
v 0.25343755 0.34380582 -0.25925198
v -0.22002466 -0.86202151 -0.19778073
v -0.12084047 -0.64125198 -0.41940758
v -0.11712823 0.33028650 -0.41564426
v 0.07187239 -0.76481742 0.42857674
v 0.26224667 0.33504987 0.27584752
v 0.18977560 0.73785520 0.11154975
v -0.09050948 -0.69892323 0.42828515
v -0.21160160 -0.87285841 -0.11227164
v 0.21527413 -0.86078346 0.26407120
v -0.09046207 -0.39314398 -0.42829987
v -0.14059144 0.49695757 -0.17421405
v -0.12493815 0.82641250 -0.17909421
v -0.20794289 0.85895330 -0.03912145
v -0.14814079 0.42894560 0.16857713
v 0.11210860 0.32117867 -0.42120239
v 0.12734856 0.58234495 0.18193302
v 0.21336831 0.53807336 -0.05016051
v 0.15317886 0.56885809 -0.16343276
v 0.15902619 0.83855796 -0.14920531
v 0.26322526 -0.81284112 -0.24410059
v 0.01542618 0.42465320 0.22049853
v -0.26338133 0.07668395 0.30342814
v -0.26273447 -0.82406861 -0.16005865
v -0.15889078 0.75705040 0.15357338
v -0.29255304 -0.27520123 -0.00133024
v 0.16389671 0.87521476 -0.06545570
v 0.24694149 -0.26166153 0.32769927
v -0.21172281 0.39890546 -0.10478929
v -0.25738174 -0.55040199 -0.31684163
v -0.18309966 0.31749734 -0.37333232
v -0.21391933 0.55720085 -0.04677766
v 0.21078472 0.63757706 0.05997259
v 0.11477866 0.42195377 0.19407764
v 0.24640724 -0.68860263 -0.32574683
v -0.18755366 0.44582462 -0.11956546
v -0.26419899 -0.80744809 -0.26816952
v 0.19074711 -0.87529367 -0.22423781
v -0.08559034 -0.49784938 0.42840004
v -0.27556321 0.33867866 -0.09500602
v 0.25996691 0.34824142 0.15768597
v 0.27240318 0.30571812 0.21131609
v -0.24665666 -0.09324870 -0.32788292
v 0.10603166 0.83376044 -0.19193526
v 0.25785562 -0.15992098 -0.31501785
v 0.08047038 0.65244597 0.20565520
v -0.25040761 0.34861809 0.24393554
v -0.26294807 -0.18236734 -0.30814072
v -0.04631311 0.73839885 -0.21467339
v -0.09310286 0.25751320 -0.42798030
v -0.26735193 -0.81448328 0.18231770
v -0.26800179 -0.82355434 -0.10599408
v -0.15338714 0.33647978 0.38320124
v 0.25280517 -0.83380491 0.15843353
v -0.05245771 0.41999480 -0.21802753
v 0.08940151 -0.05026924 -0.42832902
v 0.25733334 -0.29054427 -0.31547982
v 0.26280460 -0.13959396 -0.30649310
v -0.26326829 -0.22626507 0.30510834
v -0.17374410 0.49912602 0.14224741
v 0.24808864 0.35140243 0.23601511
v 0.19794884 -0.87535548 -0.17488128
v -0.11411523 0.39305905 0.23617876
v 0.26023981 0.13240488 -0.31270286
v 0.21684127 -0.86166817 0.23619249
v -0.16195893 0.84823805 0.14246771
v 0.24638075 -0.30738080 -0.32577473
v 0.08909842 -0.86198634 0.37188092
v 0.24634489 -0.21261792 -0.32580909
v -0.23778418 0.37469956 -0.12298968
v 0.18561496 0.39980152 -0.15802211
v -0.08614066 0.87290126 0.17109965
v -0.09054463 0.08736540 -0.42826781
v -0.14342441 0.33225092 0.39856848
v 0.04210511 0.42169660 0.21906656
v 0.14937171 0.30861753 -0.39800507
v -0.26106703 -0.57785994 -0.31216088
v 0.20914133 -0.87535459 0.03785473
v -0.03314200 -0.86612761 0.36851209
v 0.17241682 0.33687544 -0.36793697
v 0.21898735 0.60377038 0.00441239
v -0.15109608 0.82917404 0.15901819
v 0.26284197 -0.53292900 0.30912712
v 0.18888767 0.63092953 -0.11523526
v 0.26285666 -0.24899174 -0.30805206
v -0.24262241 -0.03099364 0.32858875
v 0.10692915 0.68773264 0.19338658
v 0.26415548 -0.08052154 -0.29637894
v 0.12389745 -0.39684087 -0.41702428
v -0.08501060 -0.54761952 0.42840376
v -0.09014358 0.20618053 0.42830852
v -0.06297194 0.34265912 0.40454537
v -0.19260915 0.46146196 0.10940398
v 0.03920982 0.87114084 0.19028139
v -0.10671939 0.55869514 0.19504373
v -0.18040933 0.42373160 -0.13532363
v 0.11209869 0.73421788 0.18983687
v 0.07758904 0.41166583 -0.21791111
v -0.25194070 0.34230480 -0.27433592
v -0.16367793 0.40851840 -0.16911593
v 0.25490284 -0.79663104 -0.31529477
v -0.13222660 0.64661837 -0.17741150
v -0.07355890 0.43550467 -0.21061799
v -0.01253315 0.57180852 -0.21965358
v 0.12249274 -0.65960890 0.41825771
v -0.26320079 -0.49798694 0.30582893
v 0.26588815 0.34694502 -0.10797010
v -0.27087587 0.30536342 -0.22710843
v 0.25987759 0.05381079 -0.31308201
v -0.09082855 -0.27064499 -0.42825571
v 0.14168622 -0.78809643 -0.40363479
v -0.10680058 -0.76784664 0.42523417
v -0.16912085 0.54463422 0.14757448
v 0.16289203 0.41112980 0.16703673
v 0.19956905 0.37866774 0.21976568
v 0.12123354 -0.52384073 0.41914532
v -0.24571773 -0.05880829 -0.32861337
v 0.21507330 0.80179733 0.03755483
v 0.24936564 -0.25857377 -0.32343420
v -0.17407253 -0.86203164 -0.31454453
v -0.24489774 0.32823861 0.32241690
v 0.11733610 -0.63553530 -0.42132336
v 0.06312059 0.63437539 -0.21235573
v 0.10426997 0.59397626 -0.19599105
v -0.13186438 -0.86287034 -0.34389874
v 0.11232573 -0.81547618 0.41344473
v 0.27769795 0.34208018 -0.02704237
v 0.24278235 -0.07411940 -0.32846883
v 0.23499592 0.38768798 -0.02721156
v -0.07997531 0.83078426 -0.20288673
v -0.21366562 0.84998453 0.02386803
v -0.09584443 -0.87539607 0.32138544
v -0.06834470 0.50476837 -0.21234815
v -0.11095237 0.51169068 0.19327185
v -0.25979444 -0.39506555 -0.31464455
v 0.15968277 0.47434688 0.15887658
v -0.21290459 0.50002432 -0.05192748
v -0.21534981 0.82457411 -0.03599212
v 0.10585450 -0.79162377 0.42435113
v 0.17092946 0.50665218 -0.14585355
v -0.09615090 0.56484908 -0.19995752
v 0.12135448 -0.76382899 0.41899303
v -0.06633682 0.71935451 0.21024141
v -0.20769908 0.43888572 -0.06825440
v 0.09037591 0.05241925 -0.42829254
v -0.24593690 -0.12147471 -0.32844654
v -0.10413061 -0.46645841 -0.42570594
v 0.09795801 0.41017660 -0.20976478
v 0.09891829 -0.12991683 -0.42682210
v 0.18951169 0.87174964 -0.03962954
v 0.04730713 0.34267095 -0.40496221
v -0.28929266 -0.79267782 0.03026133
v -0.29100394 -0.79331219 -0.00435115
v -0.05446004 0.29503396 -0.42848188
v 0.11944734 0.20656182 -0.42009902
v -0.00738481 0.69488686 0.21947111
v -0.28433985 0.31807029 0.08259923
v 0.16722812 0.87536281 0.05210510
v -0.24906795 -0.80442303 0.31875271
v -0.08954541 0.12017722 0.42832300
v 0.01007747 0.31536859 -0.42740139
v -0.12344771 0.06328650 0.41737312
v 0.09122084 0.36080062 -0.35076696
v 0.22284846 -0.86296606 -0.15789238
v 0.29188746 0.30050871 -0.00496780
v -0.23713450 0.37075701 -0.16133018
v -0.28872982 0.30235395 -0.04325129
v 0.27461365 -0.81849277 0.08624475
v 0.26124504 -0.80483538 0.29837242
v 0.21285443 0.74406856 0.05176222
v 0.21023135 0.84018630 0.05776022
v -0.15487047 0.69241995 -0.15893807
v -0.08550161 0.86064738 0.19054414
v -0.21075325 -0.87404943 0.09642406
v -0.21893229 0.71975106 0.00202369
v 0.26892814 -0.78464794 0.24687156
v -0.12320600 -0.46105164 0.41754818
v 0.25099343 0.25591561 -0.32204217
v 0.18246539 0.41102746 0.14359692
v 0.09530111 -0.84101152 -0.39429450
v 0.23947877 0.38425601 0.00610504
v 0.12010655 0.27004707 -0.41966298
v -0.23800172 -0.86086750 0.02514299
v -0.10321765 -0.15824400 -0.42630202
v 0.12303604 -0.01229384 0.41786617
v 0.24736762 -0.36693451 0.32733798
v -0.11146183 -0.87342328 0.33662754
v 0.24641700 0.16458845 0.32806766
v 0.11154687 0.54517275 -0.19250879
v 0.26188213 -0.41302407 -0.30911031
v 0.25519410 -0.82104439 0.26244557
v -0.27274299 -0.79251391 -0.20514371
v -0.16451703 -0.81159365 -0.38035074
v 0.08294719 0.33605662 -0.41858244
v -0.01343632 -0.82407832 0.41370293
v 0.04679965 0.85761386 -0.20597905
v 0.21443951 0.30760437 -0.34957445
v -0.25610363 0.34634152 -0.21891858
v 0.21025759 0.41362756 -0.07003577
v -0.20419408 0.59850067 -0.07858714
v 0.12321316 -0.66284221 -0.41754675
v -0.20033404 -0.86284965 -0.29259068
v 0.10494281 0.26259887 0.42510849
v 0.16047798 0.60473329 -0.15605316
v -0.24583049 -0.22063118 0.32619676
v -0.12694237 0.41737545 -0.18662180
v -0.21154934 -0.83968848 -0.31587616
v -0.28180283 -0.78355205 -0.11400879
v 0.10751057 0.63785070 -0.19370420
v 0.26169541 -0.77551144 -0.30944085
v 0.12565179 -0.04762071 0.41597706
v 0.24019797 -0.85493219 -0.06915896
v 0.17781714 0.34530741 0.34306428
v 0.25216684 -0.23712470 0.32267135
v -0.12036194 -0.05298879 -0.41971919
v 0.12250993 -0.23588154 0.41824776
v -0.20489618 0.85579175 0.05608471
v -0.26131535 -0.34490129 0.31023702
v -0.25274462 0.34960476 0.21886431
v 0.14857604 0.34026662 -0.37642407
v -0.13177547 -0.86114293 0.34595942
v 0.21899347 0.48385036 0.00451099
v -0.10409249 0.34733003 0.38702944
v -0.10277921 -0.83957887 0.39328358
v 0.27742419 -0.78372854 -0.15863350
v -0.20506415 0.43169785 0.07559630
v 0.16268705 0.87421244 -0.09511919
v -0.03357523 0.87531322 0.17411570
v 0.14544761 0.74592775 -0.16540496
v -0.11132643 0.87462842 -0.14592411
v 0.29254851 0.10483845 0.00133295
v -0.12251189 -0.07867871 -0.41824722
v 0.19375372 0.30609500 -0.36500216
v 0.08654407 0.34555015 0.39673176
v 0.25528851 -0.74318439 0.31931743
v -0.25748971 -0.70115912 -0.31665480
v -0.21892154 0.58733732 0.00168655
v 0.00838210 0.72228223 -0.21928175
v 0.27106059 -0.82534575 0.05718403
v 0.26995811 0.30955872 -0.23575966
v 0.18491308 0.64220470 0.12170212
v -0.11065034 0.69850630 0.19120365
v -0.21496059 -0.79769695 -0.34975094
v -0.08954658 0.06329004 0.42831984
v 0.26922750 0.33163932 0.20220520
v -0.27792028 -0.82151979 -0.02861301
v 0.09147511 -0.61018085 -0.42825428
v 0.25571567 0.01747307 0.31842983
v -0.12082612 -0.41498262 -0.41941300
v 0.19248003 0.77347654 -0.10572460
v 0.22516619 -0.86330962 0.13003749
v -0.21077158 0.38649788 0.16732435
v 0.23400278 0.38010216 0.10939675
v -0.21893451 0.66252720 0.00118228
v -0.11863689 0.32462952 0.41695142
v 0.06087584 0.73651481 -0.21164560
v 0.27525049 0.32407591 -0.16587800
v 0.20452678 0.36253083 0.26930839
v 0.12168662 -0.33658335 0.41883236
v 0.09032587 -0.14852101 0.42830461
v 0.19436012 0.44102699 -0.10440352
v 0.09032588 -0.32325199 0.42830461
v -0.14669023 -0.86702961 0.32418573
v 0.22121206 0.36141077 -0.25733313
v 0.11412174 -0.01932627 -0.42263573
v -0.11871092 -0.57661152 0.42074198
v 0.09619133 0.87537879 0.14286214
v -0.25469682 0.10485983 0.31845301
v 0.21148461 -0.87526113 -0.01204957
v 0.26416370 -0.56018883 -0.29624721
v 0.06560880 0.85580003 -0.20145483
v 0.18996197 0.72290254 -0.11135141
v -0.08442500 -0.42125693 0.42841604
v -0.26264644 -0.41935357 -0.30930525
v 0.05723553 -0.82240325 0.41522077
v -0.26343381 -0.75789481 0.30199954
v -0.24482314 0.37834549 0.00824112
v 0.17676289 0.34461188 -0.34426096
v -0.25098264 -0.28913409 0.32194763
v 0.24637517 -0.71799862 -0.32576799
v 0.02120072 -0.86590356 0.36873645
v 0.11412902 -0.83691978 0.39001480
v -0.21245334 0.66983414 0.05362264
v -0.22065865 0.37393507 -0.20501560
v -0.12308618 -0.37491640 0.41761604
v -0.26243153 0.25325406 -0.30978325
v 0.08940091 -0.66182715 -0.42833042
v 0.08241146 0.03014377 0.42844138
v -0.12233003 -0.18346699 0.41817307
v 0.12248539 0.22278133 0.41826096
v 0.00723477 0.39641678 -0.25024483
v -0.12755838 0.87539643 0.10191298
v 0.24736953 -0.39314401 0.32734177
v -0.27203780 -0.81430936 0.13376524
v 0.21207464 0.69459343 0.05504392
v -0.10913490 -0.39717016 0.42387080
v 0.24733862 -0.45430124 -0.32504702
v 0.21720137 -0.80434221 0.34585199
v -0.22224209 0.39227331 0.09984771
v -0.25998238 0.32938910 0.30385339
v -0.26343763 -0.53112477 -0.30356294
v -0.12151558 -0.71225643 0.41876125
v -0.13542485 0.33804971 -0.39247510
v 0.09306637 0.21801525 0.42808622
v 0.16885228 0.30702436 -0.38352501
v -0.26359242 -0.43245879 0.30202189
v 0.26352668 -0.07040542 0.30275479
v 0.22828422 -0.86870974 0.01737683
v -0.05561165 -0.85321540 -0.38444185
v 0.06990951 0.37396213 -0.31467062
v 0.26286760 -0.27064142 -0.30643168
v -0.18493967 0.87450618 0.01727586
v 0.27802086 -0.82244587 -0.01409111
v -0.11475937 0.37210032 0.30264306
v 0.13994186 -0.87499207 -0.30264053
v -0.18281022 -0.87539196 0.20326848
v -0.21229933 0.68391919 -0.05433283
v 0.26877201 0.32921568 -0.21969815
v 0.19877155 0.85966516 -0.06725774
v -0.25957578 0.10542957 -0.31468999
v 0.12047830 -0.17417470 0.41964895
v -0.18019289 0.87344205 0.06499612
v 0.13937309 0.39332914 0.21893507
v -0.07307026 -0.86360002 0.37266827
v -0.19161771 0.64334565 -0.10955627
v 0.21383230 0.48542783 -0.04756869
v 0.15393884 0.78287810 -0.15773374
v 0.21887705 0.76388443 -0.00192510
v 0.09975986 -0.87540072 0.31138888
v 0.16168949 0.33483735 0.37997797
v -0.25329486 0.07787006 0.31959155
v -0.23748912 -0.82905436 -0.30775169
v 0.14686449 0.87539059 0.08629848
v -0.07578096 0.49070492 0.21006727
v -0.12133892 0.18407673 -0.41906995
v 0.16175804 0.32800695 -0.38602793
v 0.23404205 -0.86259007 0.04836586
v 0.26063794 -0.83009434 0.11807016
v -0.12931156 -0.78442889 -0.41337466
v -0.08943450 -0.19261374 -0.42834279
v -0.15160707 0.39060622 -0.21897231
v 0.11790875 0.87383199 -0.14749019
v -0.11110204 -0.76486892 -0.42355081
v -0.21115838 -0.82859117 0.32806131
v 0.24613008 -0.14666383 -0.32596931
v 0.15150167 0.68029201 -0.16225973
v 0.22261029 0.34629053 -0.30477303
v 0.20071027 0.82841760 0.08562493
v -0.20383635 0.34436181 0.32486194
v 0.06300636 -0.87522793 -0.34487599
v 0.12024839 -0.74195355 -0.41958332
v 0.09241490 -0.31014726 -0.42821503
v -0.22387092 -0.86191750 -0.16195525
v 0.02782040 0.46284679 -0.21908438
v 0.26322287 0.27927616 0.30491957
v 0.20229219 0.34478387 -0.32477900
v -0.06797095 0.37764820 0.30378702
v 0.09627779 -0.81784999 -0.41763929
v -0.26914331 0.33321288 0.19394380
v -0.24120945 0.03639180 -0.33195162
v -0.16999817 0.87377143 0.08234846
v -0.26390702 0.33066744 -0.27709469
v -0.26396030 -0.56302112 -0.29824251
v -0.24571690 -0.48079884 -0.32861134
v 0.10763080 0.68159705 -0.19307780
v 0.12468644 0.25589204 0.41665274
v 0.21442595 0.43116578 -0.04126143
v 0.21275073 0.50461286 0.05235827
v 0.26296178 -0.34507790 -0.30658966
v -0.11749476 0.86269110 0.16777401
v 0.09609061 0.39701810 -0.23314142
v 0.15046906 0.40344971 -0.18469112
v 0.02629576 0.40598631 0.23234451
v -0.27710459 0.34341994 -0.01869052
v 0.11199044 0.33117279 0.41793057
v -0.14759772 -0.87528133 -0.29781577
v 0.23587698 -0.75365943 0.33586049
v 0.25934365 -0.37468505 -0.31324238
v -0.24547775 -0.72938222 0.32646024
v 0.26280719 -0.09736218 0.30858955
v -0.21904317 0.52855772 -0.00005749
v -0.17148073 -0.77791893 0.38159108
v -0.03322535 -0.77412623 -0.42844698
v -0.08774812 -0.82017523 0.41685706
v -0.23638901 -0.78487319 0.33319420
v 0.20695199 0.82870084 -0.06992001
v 0.24061579 -0.60976398 0.33238608
v 0.22433113 0.39261988 -0.08378581
v 0.26221618 -0.46269470 0.31144494
v 0.11947180 0.14289926 -0.42010513
v 0.26405576 -0.38533205 -0.29728022
v -0.17054263 0.33574280 -0.37225947
v 0.26402575 -0.80746961 -0.26549873
v -0.24465562 -0.38811886 -0.32939300
v 0.09037381 -0.70764625 0.42827192
v -0.02044561 0.64983016 0.21885440
v 0.12240057 0.24024552 -0.41812363
v -0.04227769 -0.87478065 -0.35121220
v 0.09037288 -0.51545602 -0.42830151
v 0.19482079 0.82342523 -0.10033324
v 0.20479368 0.44068992 -0.07666676
v 0.26246116 -0.49519306 -0.30773747
v 0.03179705 0.49651244 0.21871203
v 0.20140466 -0.86503774 -0.28396171
v -0.10338266 0.39429611 -0.23794973
v -0.16318259 -0.87540936 -0.25302756
v -0.11835165 0.04038449 -0.42086235
v 0.08349895 0.08715761 0.42842987
v 0.07337950 0.72998625 0.20734550
v 0.12145766 0.34530652 -0.38252616
v -0.08443231 0.39192790 0.25439245
v 0.00878619 0.54979694 0.21989410
v 0.12090712 0.02183453 0.41935480
v 0.12134925 -0.71697938 -0.41888076
v -0.19554529 0.73800641 -0.09942787
v 0.02166744 -0.85290629 0.38470498
v 0.08166896 -0.06469529 0.42844793
v 0.14625204 0.39164734 -0.21907082
v -0.25729862 0.21367538 0.31603175
v 0.19904913 -0.87538576 -0.05917004
v 0.07586198 -0.87396073 0.35396445
v -0.08547360 0.04357405 -0.42840612
v 0.21897222 0.54147142 0.00464244
v 0.00436726 0.30317423 0.42841604
v -0.18080208 0.87350923 -0.06040806
v 0.24874818 -0.41935357 0.32627016
v 0.23222294 0.36654770 0.21390055
v -0.15577155 0.39741483 0.19492553
v 0.24430659 -0.38622299 -0.32733411
v 0.06722650 0.53330868 0.21227250
v 0.21880923 0.65864617 0.00702385
v 0.12324358 -0.60572392 -0.41751540
v -0.24382989 -0.46206263 0.32769468
v -0.24872568 -0.68147177 0.32398903
v -0.25732586 0.34946874 -0.17347156
v 0.09032737 -0.61155748 0.42830035
v 0.27574843 -0.82446074 0.02020553
v -0.16668196 0.30740690 0.38513744
v -0.21599762 0.32070798 0.34704936
v -0.28262326 0.33761173 0.00943488
v -0.19619511 -0.87463170 -0.22190866
v -0.21653612 0.41503489 -0.04297328
v -0.26276141 0.08037550 -0.30829555
v 0.03358908 0.63723302 0.21754168
v -0.26256904 0.02517681 -0.31008932
v 0.05458976 0.68792766 0.21384236
v 0.09071648 -0.65960878 0.42828757
v -0.25142702 -0.24220717 0.32152584
v 0.27801856 0.33970210 -0.05330692
v 0.02521116 0.39452910 0.25558901
v -0.20840354 0.77317244 0.06656373
v 0.12250993 -0.45429498 0.41824776
v 0.03040243 0.34032249 -0.40980873
v -0.25153628 -0.67994583 -0.32307398
v 0.07458931 -0.15642340 -0.42844614
v 0.17537823 -0.87374163 0.28890204
v -0.12338167 -0.34750929 -0.41763446
v -0.17998275 0.42945021 0.13302562
v 0.14277405 0.44583529 0.17343500
v -0.15160070 -0.79266095 -0.39658424
v 0.12730093 -0.17034921 -0.41445556
v 0.02240745 0.87540126 0.16572905
v 0.22316076 0.38359937 0.14613785
v 0.20734566 0.30709016 0.35654300
v -0.12037642 0.15668756 -0.41971856
v -0.11192888 0.65535355 0.19092992
v -0.03981987 0.68025041 -0.21630549
v -0.08346902 -0.81252831 -0.42194816
v -0.24734619 0.22714925 -0.32736996
v 0.19516495 -0.87519974 0.20116539
v -0.03865333 -0.81601042 0.42071652
v -0.19037412 0.69046319 -0.11123295
v -0.16606152 0.87540007 -0.02985599
v -0.14532293 -0.82626981 0.37978095
v -0.03022396 0.62815285 -0.21815658
v -0.26356626 -0.04375930 0.30233517
v -0.14594395 0.85410595 -0.15625180
v -0.07321314 -0.24300329 0.42844653
v 0.05856207 0.87537301 -0.15857406
v 0.17758885 -0.78466076 0.37824869
v -0.21298189 0.73595357 -0.05057592
v -0.11842404 -0.52425033 0.42084354
v 0.23177984 0.33339703 0.33067602
v -0.19420496 0.63659579 0.10394712
v 0.12241417 -0.20095651 -0.41811553
v 0.08813205 -0.56479746 -0.42835906
v 0.21305987 0.58926779 -0.05140604
v -0.26279578 -0.73435485 -0.30783948
v -0.26347685 -0.81073421 0.25166783
v 0.22229101 -0.86086297 -0.18792409
v 0.20987883 -0.81902671 -0.33987498
v -0.25695646 -0.78325438 -0.31782806
v -0.26393867 0.10682649 0.29855537
v -0.03908058 0.85807467 -0.20837288
v 0.13710897 0.49525693 0.17676271
v 0.12605186 0.05820956 0.41565657
v -0.08943398 -0.43641704 -0.42834413
v 0.18452600 0.84297550 0.11494648
v -0.12887101 -0.49192491 0.41329679
v -0.24447188 -0.37655392 0.32721117
v 0.24811004 0.23709594 0.32671422
v 0.18085389 0.45988536 0.13154720
v 0.12282265 -0.35735616 -0.41781327
v -0.14902160 0.86710894 0.13334987
v -0.06772970 0.62188488 0.21113606
v 0.28526017 0.31665584 -0.07349862
v 0.20579752 0.78137153 0.07340987
v 0.15377770 0.48409587 -0.16447829
v 0.15642583 0.65325701 0.15824060
v -0.26296866 -0.02510989 -0.30812734
v 0.25168085 -0.03494615 0.32317805
v -0.02153490 0.30847117 -0.42820030
v -0.18425773 0.84899503 0.11131806
v -0.08830366 -0.59976798 0.42834994
v -0.11844717 -0.31779051 -0.42084590
v -0.25566188 -0.44580936 0.31759089
v -0.20278631 0.83000213 0.08017777
v -0.00585527 0.87539035 -0.16960672
v 0.09032816 -0.27956951 0.42829809
v 0.12044451 -0.12286983 0.41965517
v 0.12259532 -0.51560080 -0.41798937
v -0.09050714 0.16599399 0.42829248
v 0.05435770 -0.86190671 0.37520102
v 0.25135463 0.34571621 0.26201278
v 0.27341682 -0.78060448 -0.20025519
v 0.24420083 0.23418659 -0.32741147
v -0.19234937 0.82662344 0.10541969
v -0.24593975 -0.83222312 -0.24627398
v 0.21697241 -0.78300023 -0.34769109
v -0.05433545 0.83869582 -0.21149667
v -0.17224681 0.43046665 -0.14423195
v 0.16083577 0.44448653 0.15810199
v 0.01940890 0.87273681 0.18955787
v -0.26320657 -0.15472837 -0.30592224
v -0.27905068 0.30600116 -0.14271995
v -0.18993740 -0.87538832 0.11841270
v -0.15653355 0.79627693 -0.15483627
v 0.20075634 0.33689737 -0.34621266
v 0.13942251 -0.87443221 0.31416035
v 0.12250003 -0.36693552 0.41825426
v -0.12298778 -0.13458687 -0.41790041
v 0.24879234 -0.10484546 -0.32391462
v -0.24626333 -0.30867893 0.32587609
v 0.29254803 0.02620959 0.00133244
v -0.18182072 0.59695345 -0.12724352
v 0.21823855 -0.86253023 0.21023421
v 0.29021576 -0.77316660 0.02852048
v -0.24729143 -0.35382962 0.32506549
v -0.26190796 0.30477381 -0.31044176
v 0.03081794 0.34808847 0.39006579
v 0.21468295 0.68544263 -0.04146294
v -0.24734087 -0.41935357 -0.32735297
v -0.24033067 0.36827499 0.15901175
v -0.24660762 -0.15117954 0.32560259
v -0.00809763 -0.82177830 -0.41580835
v 0.26267263 -0.75233865 -0.30730864
v 0.26390648 0.21841218 -0.29859036
v -0.12037642 -0.58591795 -0.41971856
v 0.21226081 0.73209900 -0.05450262
v 0.24736762 -0.50671953 0.32733798
v -0.18415798 0.34477881 -0.33984739
v 0.21199490 0.57230729 0.05565530
v -0.12287477 -0.24817912 0.41777214
v 0.24153677 0.36473197 0.18050523
v 0.26215646 -0.60992026 0.31166369
v 0.24596708 0.07177375 0.32842833
v 0.14453523 0.83312321 0.16376381
v 0.26295775 0.17364247 0.30811340
v -0.27718267 0.33946601 0.06589438
v -0.12315173 0.20380950 0.41758022
v -0.08698314 0.75644946 -0.20127596
v 0.02105741 -0.79091442 -0.42818978
v 0.24695565 -0.55958599 0.32766968
v -0.06755800 0.59960288 -0.21133834
v -0.09050640 -0.13978449 0.42829475
v -0.28075063 -0.80252445 0.11182320
v -0.23277630 0.34886611 -0.29032534
v 0.24640724 0.04209834 -0.32574683
v -0.01609278 0.77920294 -0.21819502
v -0.04406980 0.39186987 0.26281756
v 0.28898010 0.32165492 0.01818470
v -0.18895809 0.68668896 0.11395734
v -0.12159092 -0.02160916 -0.41889265
v 0.26266745 -0.20962748 0.30939278
v -0.15012863 0.53138173 -0.16639584
v 0.26235580 -0.60130179 -0.30834809
v 0.26331276 -0.67285788 0.30484092
v 0.26420832 0.11195632 -0.29580668
v -0.12287477 -0.28475037 0.41777214
v 0.17061675 0.50675142 0.14592507
v -0.06031007 0.54708934 -0.21396361
v -0.26393956 -0.63776714 0.29853061
v 0.12239944 -0.28393775 -0.41812530
v 0.05680018 0.41361663 -0.22121289
v 0.24730441 -0.19215697 0.32740420
v -0.25920585 0.35287264 0.11969818
v -0.24223641 -0.54890370 -0.33119389
v -0.15986352 0.86397552 -0.12746519
v 0.12239407 0.11909956 0.41834921
v 0.08328984 0.20295428 -0.42843968
v -0.29255256 0.04368262 -0.00132910
v -0.18854107 0.83820933 -0.11071108
v -0.24573022 0.09813643 -0.32859856
v -0.06497949 0.37477738 -0.31241471
v -0.22140963 -0.85893989 0.22165467
v 0.25806108 -0.51108778 -0.31491923
v 0.26237020 0.25342774 0.30987778
v -0.26330096 -0.57915586 0.30489793
v 0.04255465 0.59499145 -0.21687326
v -0.21137732 -0.87527090 -0.04382956
v -0.09238908 -0.73650414 0.42800993
v -0.18609573 -0.87539595 -0.10472745
v 0.26900586 -0.81367260 0.17308113
v 0.27557617 -0.82157058 -0.04735908
v -0.00758394 0.45134640 0.22009094
v 0.13536505 0.87286824 0.13503174
v 0.16066632 0.57205313 0.15587446
v -0.26688895 -0.82639366 0.08811219
v 0.24526633 -0.65093911 0.32896072
v -0.19229089 0.54782408 -0.10937116
v 0.00438245 0.86630112 0.20087963
v -0.19516453 -0.87536097 -0.18829137
v 0.09322572 -0.27556723 -0.42809439
v 0.09117438 -0.53861046 0.42826954
v -0.08811937 -0.12452640 -0.42837241
v -0.07547831 0.87538648 0.14921573
v 0.12249578 -0.56350654 0.41825649
v -0.21519697 0.62654924 -0.03950746
v -0.08561273 0.13104798 -0.42840090
v 0.26188821 0.29696581 -0.30932280
v -0.05968076 0.40038702 0.23730730
v -0.29255319 -0.57224321 -0.00132910
v 0.09143731 -0.23726015 0.42825061
v -0.24571563 -0.65758818 -0.32860827
v -0.12325238 -0.48639187 -0.41772017
v 0.03494292 0.31904930 0.42686635
v 0.08427893 0.61148912 0.20473827
v -0.09021893 -0.49368188 -0.42832622
v 0.24356271 0.20416798 0.33022738
v -0.07460755 0.41242582 -0.21806301
v -0.12158818 -0.37980705 -0.41889325
v 0.08478121 -0.42721817 -0.42841828
v 0.15499771 0.64128566 -0.16035253
v -0.22637112 0.39316499 0.06233612
v -0.26271382 0.01595253 0.30801994
v -0.10085408 -0.26038820 0.42632574
v 0.02150188 -0.78086966 0.42842853
v -0.09050516 0.17474358 -0.42827857
v -0.06265303 -0.77563828 0.42852288
v 0.10301951 -0.03731782 0.42594975
v -0.13515978 0.40032107 -0.20159668
v 0.12981477 -0.87457287 -0.31891888
v 0.12168551 0.18806195 0.41883269
v -0.12079381 -0.11794321 0.41927606
v -0.26298907 -0.21397744 -0.30768871
v -0.06548735 0.57588840 0.21254994
v -0.12011542 -0.71138167 -0.41985366
v 0.29255107 -0.24899121 0.00133121
v 0.26306731 -0.64601570 0.30715951
v 0.01755905 -0.82023507 -0.41734660
v 0.17617430 0.67166203 -0.13370553
v -0.09267392 0.00431407 -0.42817566
v -0.28233379 -0.81001627 0.06086020
v 0.27879408 0.31204849 0.14574072
v 0.26283482 -0.40188050 0.30913186
v 0.23180270 0.34336486 0.30826089
v 0.29052117 -0.76333845 -0.02290422
v -0.24662675 -0.53560358 0.32558182
v -0.12077258 0.03144381 0.41928220
v -0.12079212 -0.60805762 0.41927618
v -0.26299080 -0.30679730 0.30709317
v -0.01278594 0.39794669 0.24604626
v 0.07001857 -0.86675614 -0.36791399
v 0.08673164 0.36292499 0.34568658
v -0.17339042 -0.78441435 -0.38129666
v -0.24572909 -0.26420853 0.32627395
v 0.27436763 0.30507407 -0.19025958
v 0.26451460 0.03929144 -0.29270795
v -0.09949391 0.80572563 0.19544010
v -0.21734621 -0.85897565 -0.26486483
v -0.24579003 0.13770035 -0.32854527
v 0.10168467 0.17361088 -0.42621544
v -0.08251169 -0.87540638 -0.31909996
v -0.26537180 -0.77699780 -0.28403443
v -0.26462039 -0.36014256 0.29165229
v 0.14646861 0.30768344 0.40078643
v 0.24799845 -0.01512979 -0.32454261
v -0.19009431 0.78650022 0.10999790
v -0.26327270 -0.68144679 -0.30507320
v 0.26299572 -0.48410490 0.30804124
v 0.26916489 -0.78425640 -0.24408485
v 0.12088413 -0.57308918 -0.41921049
v 0.24668202 -0.47766185 0.32786351
v -0.08989192 -0.65184444 0.42831305
v 0.09032817 -0.49798301 0.42829809
v 0.26523998 -0.82389182 -0.13478751
v -0.20359421 0.41229770 0.09599370
v 0.08873704 -0.87473243 -0.34584591
v -0.28587723 -0.78722554 -0.07144397
v 0.29254946 -0.14852096 0.00133397
v -0.24229750 -0.33043212 -0.33114848
v 0.13570963 0.87540191 -0.08615672
v -0.15265027 0.82947689 -0.15754709
v -0.10669977 0.74074936 0.19286348
v -0.21973383 0.41655621 -0.01545959
v -0.26404938 -0.45809004 -0.29739720
v -0.24660388 0.19353494 0.32561025
v 0.09032518 0.17473052 0.42830667
v 0.17664661 0.39400023 -0.18850732
v -0.26021978 -0.09726173 0.31295758
v -0.24003758 -0.76011151 -0.33282638
v -0.26299745 -0.09708287 -0.30792588
v 0.21304788 0.63892537 -0.05128665
v 0.03360774 0.52971661 -0.21827750
v 0.12291528 -0.13620691 -0.41774282
v 0.07182678 0.87526923 0.16131900
v 0.09854300 0.37644148 0.29918391
v -0.12206609 -0.04450100 0.41837117
v -0.22696471 0.39382604 -0.05213530
v -0.19873556 -0.87149084 0.25195217
v 0.10875241 0.77626544 0.19127801
v 0.26492974 -0.47306332 -0.28846079
v 0.24197777 -0.06044085 0.33138427
v -0.07505117 0.70308918 -0.20703849
v -0.20247699 -0.77632290 -0.36012721
v 0.07147178 0.46655595 -0.21186262
v 0.26410869 -0.62466222 -0.29680991
v 0.24612314 0.07726677 -0.32596779
v 0.12089792 0.11005305 -0.41920766
v -0.24522035 -0.21510370 -0.32900390
v 0.26425821 0.06116724 0.29527268
v 0.09032813 -0.41061708 0.42829809
v 0.28068581 -0.78256398 0.12591282
v -0.12072123 0.14417914 0.41931450
v 0.24234813 -0.01030707 0.33110771
v 0.12206309 -0.72839814 0.41855949
v -0.24633643 -0.65683168 0.32580853
v 0.29255077 -0.35382974 0.00133239
v 0.19479343 -0.87539631 0.17343059
v 0.14441149 0.69114196 0.16745441
v -0.26241145 -0.66412896 0.30868119
v -0.12152583 -0.00413981 0.41875860
v -0.26448131 0.21484350 0.29294091
v 0.18931675 0.40567151 -0.13765198
v -0.29254556 0.13541599 -0.00132730
v -0.29255366 -0.05678747 -0.00132947
v -0.21611765 0.36378273 0.25429785
v -0.06333263 0.39270288 -0.25814426
v 0.26281589 -0.34946230 0.30914888
v 0.28563726 0.30823937 0.07449932
v -0.29254949 -0.38003936 -0.00133365
v -0.26392999 -0.61949366 -0.29853502
v 0.24590555 -0.17697150 -0.32613534
v 0.29254869 -0.45429996 0.00133502
v 0.12093262 -0.20616795 0.41934687
v 0.26451233 -0.16511552 -0.29276204
v -0.02032334 0.39464459 -0.25526637
v 0.12094983 -0.30141073 0.41934058
v -0.01802122 0.59718937 0.21925080
v -0.03941459 0.34842649 -0.38912967
v -0.03447589 0.34486729 0.39913985
v -0.24517640 -0.08514144 0.32669058
v 0.21515197 0.43197978 0.03643055
v -0.24195758 -0.62029189 -0.33139786
v 0.12169008 0.43762729 -0.18706194
v -0.26345462 -0.31273124 -0.30350015
v -0.29255253 -0.48050973 -0.00132826
v -0.27602774 -0.77587605 -0.17395611
v 0.09037971 -0.70766020 -0.42827943
v 0.29255143 -0.05678743 0.00133160
v 0.12048624 -0.62958682 0.41964757
v 0.28171313 0.33153671 0.08850284
v -0.10590772 0.83676201 -0.19171225
v 0.02793329 0.87503958 -0.18062608
v -0.13326038 0.56403381 -0.17817739
v 0.03032995 0.73650330 0.21711564
v -0.26193708 0.34279403 -0.19534834
v -0.26956037 -0.79220647 -0.23838435
v -0.12084226 -0.24899174 -0.41940749
v 0.07893310 0.38841635 -0.26762807
v -0.12338167 0.01068875 -0.41763446
v 0.22557016 -0.84465486 -0.29224658
v -0.26354951 0.20419483 -0.30250937
v 0.24616843 0.14094490 0.32827991
v -0.29255250 -0.16599447 -0.00133088
v -0.08330157 0.36284396 0.34657812
v 0.12351921 0.00658826 -0.41732189
v 0.12094823 0.15288925 0.41934079
v -0.21504489 -0.87474239 0.00877489
v 0.04237657 0.40483201 -0.23267888
v -0.26442990 0.12036635 -0.29351425
v -0.10333560 0.87536937 0.13101028
v -0.12241735 0.24894315 -0.41830364
v -0.28586990 -0.77976716 0.07024729
v -0.12319811 0.11249924 0.41755819
v -0.12242237 0.21404524 -0.41830462
v -0.11188680 0.37510857 -0.29493058
v 0.29253858 -0.62903017 0.00132823
f 1410 906 875
f 1901 875 126
f 716 1901 126
f 716 126 1448
f 1448 720 1355
f 716 1448 1355
f 1410 875 1901
f 120 716 1355
f 120 1901 716
f 120 1410 1901
f 744 1410 120
f 744 1970 1410
f 538 1409 1404
f 1404 1322 455
f 1322 1404 1409
f 455 1322 1578
f 1322 225 688
f 1578 1322 688
f 225 1327 688
f 546 1204 1555
f 1226 546 1555
f 538 1404 1882
f 664 1730 1882
f 393 1882 1404
f 1643 664 393
f 664 1882 393
f 1824 1204 1643
f 1204 664 1643
f 1127 1555 1824
f 1555 1204 1824
f 393 1404 455
f 393 455 1608
f 1608 1643 393
f 1608 455 1578
f 1824 1643 1608
f 445 1226 1555
f 1043 1226 445
f 318 1043 445
f 578 1165 318
f 472 1165 578
f 1211 318 445
f 524 318 1211
f 524 578 318
f 1812 578 524
f 1812 472 578
f 922 472 1812
f 1104 472 922
f 1211 1814 524
f 1211 445 1127
f 445 1555 1127
f 1211 1127 1814
f 1812 524 1814
f 1886 1694 1184
f 939 1694 1886
f 319 1534 679
f 1184 319 679
f 1184 1694 319
f 939 235 1694
f 1690 235 939
f 759 235 1690
f 1438 759 229
f 759 1690 229
f 679 1534 538
f 319 150 1534
f 1694 918 319
f 918 150 319
f 235 1913 1694
f 1913 918 1694
f 1913 235 759
f 1438 170 759
f 1534 150 1409
f 1534 1409 538
f 918 1445 150
f 1927 1445 1913
f 1913 1445 918
f 759 170 1913
f 1409 150 1084
f 1084 150 1445
f 789 1084 1445
f 1927 789 1445
f 170 1927 1913
f 1084 1134 225
f 225 1322 1409
f 1409 1084 225
f 1134 1084 789
f 1927 1877 789
f 1134 1395 225
f 1877 1662 1395
f 1395 1134 789
f 789 1877 1395
f 170 1859 1927
f 832 1877 1927
f 1859 832 1927
f 225 1395 1154
f 1395 1058 1154
f 1662 1058 1395
f 1541 1662 832
f 832 1662 1877
f 488 546 1226
f 1239 663 1980
f 1394 1980 1075
f 1980 663 1075
f 1075 546 1394
f 1394 546 488
f 67 488 1226
f 1886 1184 1239
f 1980 1886 1239
f 1394 488 1970
f 1970 488 67
f 1690 939 1886
f 1690 1886 229
f 229 1886 1980
f 1970 1980 1394
f 229 1980 1970
f 1239 1184 679
f 1239 679 1730
f 1239 1730 663
f 663 1730 1075
f 1730 538 1882
f 1730 679 538
f 546 664 1204
f 546 1075 1730
f 1730 664 546
f 906 67 1043
f 67 1226 1043
f 906 1043 1254
f 875 906 1254
f 875 1254 1165
f 126 875 1165
f 1410 67 906
f 1970 67 1410
f 1043 318 1254
f 1254 318 1165
f 1448 1165 472
f 1448 126 1165
f 1448 472 1104
f 720 1448 1104
f 1954 625 908
f 1565 296 1954
f 1565 1279 296
f 1891 1438 229
f 1656 1438 1891
f 1656 1891 908
f 1836 1656 908
f 625 1836 908
f 686 625 1954
f 296 686 1954
f 1279 390 296
f 1656 170 1438
f 1836 170 1656
f 625 1966 1836
f 1966 625 686
f 296 1966 686
f 390 1966 296
f 390 1760 1966
f 1799 1760 390
f 170 1077 1859
f 1077 170 1836
f 1836 1205 1077
f 1205 1836 1966
f 1966 234 1205
f 1760 234 1966
f 1799 1195 1760
f 1891 229 1970
f 1954 908 1891
f 1954 1891 1970
f 1834 1565 1954
f 744 1954 1970
f 1834 1954 744
f 1476 652 1908
f 1232 390 1279
f 1232 1279 1565
f 1503 227 1232
f 1232 1565 1503
f 171 227 1503
f 898 227 171
f 1095 898 171
f 1566 898 1095
f 1011 1566 1095
f 1908 1011 1095
f 652 516 1011
f 652 1011 1908
f 1476 1754 516
f 1476 516 652
f 1799 390 1232
f 227 1799 1232
f 1566 1011 516
f 898 1799 227
f 898 279 1799
f 898 1837 279
f 1566 1837 898
f 1566 1042 1837
f 516 1042 1566
f 1754 1042 516
f 1799 279 1195
f 1565 1834 1969
f 1969 1503 1565
f 1908 171 1503
f 1908 1503 1969
f 1095 171 1908
f 1953 1908 1969
f 1337 1476 955
f 1337 1754 1476
f 179 1596 1337
f 955 179 1337
f 30 179 955
f 30 975 179
f 767 975 30
f 1968 767 30
f 511 767 1968
f 511 1968 647
f 647 11 511
f 1596 1754 1337
f 975 1596 179
f 767 1903 975
f 1903 767 511
f 511 11 1903
f 1451 1042 1754
f 1596 1451 1754
f 975 1843 1596
f 1659 1843 975
f 1903 1659 975
f 1596 1843 1451
f 1717 1659 1903
f 1903 127 1717
f 127 1903 11
f 955 1476 1908
f 1953 955 1908
f 30 955 1968
f 1228 1968 1953
f 1968 955 1953
f 677 11 647
f 268 1005 677
f 268 677 403
f 268 403 1857
f 1857 1932 268
f 826 1932 1857
f 826 1857 1250
f 1736 103 1250
f 103 826 1250
f 10 103 1736
f 677 1005 11
f 268 1932 1005
f 826 103 1932
f 1005 127 11
f 1932 1981 1005
f 103 1096 1932
f 103 1743 1096
f 1981 127 1005
f 1181 1981 1932
f 1096 1181 1932
f 403 647 1968
f 1228 403 1968
f 403 677 647
f 1987 403 1228
f 1857 403 1987
f 1250 1857 1987
f 1736 1250 1987
f 743 10 1736
f 1348 10 743
f 1914 1348 743
f 1245 1348 1914
f 864 1245 1914
f 557 1319 864
f 1133 1319 557
f 1133 557 1712
f 834 1133 1712
f 718 834 1712
f 1348 103 10
f 1319 1245 864
f 834 1319 1133
f 1348 1743 103
f 1245 1743 1348
f 1245 1434 1081
f 1081 1743 1245
f 1319 1434 1245
f 834 1417 1319
f 1785 1417 834
f 834 1983 1785
f 1417 1434 1319
f 743 1736 1987
f 743 1987 1948
f 1914 743 1948
f 557 864 1914
f 557 1914 1948
f 1712 557 1948
f 1578 688 96
f 96 688 1327
f 1327 225 1154
f 704 1327 572
f 96 1327 704
f 572 1327 1154
f 96 704 1885
f 704 572 48
f 1885 704 48
f 572 891 48
f 48 891 436
f 1511 436 891
f 1885 48 1600
f 1600 48 436
f 1885 1600 257
f 257 1600 405
f 1600 436 405
f 405 436 1511
f 257 405 1059
f 405 60 1059
f 1608 1578 1885
f 1578 96 1885
f 1127 1824 1814
f 1824 1608 1814
f 1814 1608 1885
f 922 1812 1117
f 1812 1814 1117
f 1545 883 714
f 832 13 1545
f 1859 13 832
f 1859 668 13
f 714 883 1670
f 883 1545 13
f 883 705 1670
f 883 1585 705
f 1585 883 13
f 1585 357 705
f 668 1585 13
f 1662 1541 1058
f 891 572 1154
f 1086 891 1154
f 1154 1058 1086
f 1058 714 1086
f 1541 714 1058
f 1545 714 1541
f 832 1545 1541
f 714 1670 1086
f 1086 439 891
f 1670 439 1086
f 1511 891 439
f 439 1670 705
f 1511 439 1108
f 439 705 1108
f 1108 405 1511
f 705 357 1108
f 60 405 1108
f 1108 1757 60
f 1108 357 1757
f 1077 668 1859
f 1077 427 668
f 1205 427 1077
f 910 427 1205
f 234 910 1205
f 1760 910 234
f 1760 1164 910
f 1195 1164 1760
f 279 1167 1195
f 1167 1164 1195
f 1837 1840 279
f 1840 1167 279
f 1837 1349 1840
f 1042 1699 1349
f 1451 1699 1042
f 1349 1699 1840
f 1042 1349 1837
f 1451 1213 1699
f 1843 1213 1451
f 1659 503 1843
f 503 1213 1843
f 503 1659 1717
f 1717 20 503
f 127 20 1717
f 127 1312 20
f 1312 127 1981
f 672 1312 1981
f 672 1981 1181
f 1542 672 1181
f 1542 1181 1096
f 1386 1542 1096
f 1827 1542 1386
f 1827 1657 1542
f 1743 1386 1096
f 1743 1827 1386
f 1081 1827 1743
f 1081 237 1827
f 237 1081 1434
f 1417 237 1434
f 772 237 1417
f 772 1417 1785
f 1864 772 1785
f 720 644 1354
f 1355 720 1354
f 1354 644 1865
f 180 1996 1865
f 1996 1354 1865
f 1996 180 1778
f 1354 120 1355
f 520 1996 1778
f 1996 120 1354
f 744 120 1996
f 744 1996 520
f 289 1820 579
f 26 807 289
f 1104 922 1991
f 187 1385 1991
f 1385 1104 1991
f 187 895 1385
f 321 895 187
f 579 895 321
f 579 321 1376
f 1376 289 579
f 751 289 1376
f 26 289 751
f 1117 187 1991
f 321 187 1117
f 1376 1738 751
f 1376 321 1738
f 1991 922 1117
f 1738 321 1117
f 1029 741 26
f 828 741 1029
f 26 751 809
f 809 1029 26
f 828 1046 1807
f 751 1738 809
f 217 809 9
f 217 1029 809
f 828 1029 217
f 1046 828 217
f 1046 1518 320
f 320 1807 1046
f 1922 1807 320
f 1144 1807 1922
f 674 1144 1922
f 809 1738 9
f 1518 217 9
f 1046 217 1518
f 824 674 1922
f 824 320 1518
f 1922 320 824
f 528 1144 674
f 352 528 674
f 674 824 702
f 352 674 702
f 90 352 702
f 621 352 90
f 702 824 389
f 90 702 389
f 1465 90 934
f 1465 621 90
f 1423 621 1465
f 476 621 1423
f 1865 644 322
f 180 322 1820
f 180 1865 322
f 1778 180 1820
f 1778 1820 807
f 1496 1778 807
f 520 1778 1496
f 644 720 1385
f 720 1104 1385
f 1385 895 322
f 322 644 1385
f 322 895 579
f 322 579 1820
f 1820 289 807
f 1496 741 486
f 486 741 1253
f 520 1496 486
f 420 486 1253
f 1253 17 854
f 854 420 1253
f 854 17 648
f 942 648 1691
f 773 942 1691
f 420 520 486
f 854 648 942
f 977 942 1478
f 807 26 741
f 741 1496 807
f 741 828 17
f 17 1253 741
f 648 17 916
f 1691 916 654
f 1691 648 916
f 654 773 1691
f 916 17 1807
f 17 828 1807
f 654 916 1144
f 916 1807 1144
f 1097 773 34
f 1478 773 1097
f 942 773 1478
f 977 1478 936
f 34 773 583
f 773 654 583
f 1361 1097 34
f 757 1097 1361
f 1478 1097 757
f 685 1478 757
f 936 1478 685
f 936 685 1581
f 936 1581 956
f 977 936 956
f 583 654 1144
f 583 1144 528
f 498 583 528
f 34 583 498
f 1361 34 498
f 1361 498 881
f 1587 1361 881
f 757 1361 1587
f 685 757 1587
f 1546 528 352
f 1546 498 528
f 881 498 1546
f 1587 881 909
f 1587 909 685
f 1581 685 909
f 915 881 1546
f 915 909 881
f 383 909 915
f 383 1581 909
f 1546 352 621
f 915 1546 621
f 383 915 581
f 1584 1581 383
f 476 915 621
f 581 915 476
f 1123 581 476
f 581 1123 1584
f 383 581 1584
f 1123 476 1676
f 456 1123 1676
f 1124 1123 456
f 1584 1123 1124
f 798 1584 1124
f 1504 1584 798
f 854 942 977
f 1794 420 592
f 420 854 592
f 592 854 977
f 1794 592 1943
f 420 744 520
f 744 420 1794
f 1834 744 1794
f 1810 1834 1794
f 1810 1794 551
f 1636 592 956
f 592 977 956
f 1943 592 1636
f 1943 1636 1939
f 1794 1943 882
f 1943 1939 882
f 551 1794 882
f 137 551 882
f 247 551 137
f 1810 551 247
f 1810 247 174
f 137 882 1939
f 956 1581 1636
f 174 247 137
f 787 1636 1504
f 1636 1581 1584
f 1636 1584 1504
f 787 1939 1636
f 912 1939 787
f 912 137 1939
f 1468 137 1872
f 1468 174 137
f 1872 137 912
f 954 1834 1810
f 1810 337 954
f 1969 1834 954
f 1308 1969 954
f 758 1969 1308
f 1508 1969 758
f 1508 1953 1969
f 337 1810 174
f 1870 954 337
f 531 954 1870
f 1308 954 531
f 53 758 1308
f 1308 531 53
f 1635 758 53
f 1718 1508 758
f 758 1635 1718
f 500 1508 1718
f 1870 337 174
f 1635 53 531
f 1718 1635 107
f 107 500 1718
f 174 1468 1057
f 1057 1870 174
f 1701 1870 1057
f 1701 531 1870
f 1635 531 1701
f 1635 1701 1379
f 1635 1379 1107
f 107 1635 1107
f 1684 1701 1057
f 1107 1379 1071
f 1887 1953 1508
f 1887 1508 1080
f 1228 1953 1887
f 1873 1887 133
f 805 1228 1887
f 805 1887 1873
f 185 1887 1080
f 133 1887 1420
f 500 1080 1508
f 1080 500 657
f 1702 185 657
f 185 1080 657
f 1420 1887 185
f 272 1420 1750
f 1420 185 1750
f 133 1420 272
f 133 272 1745
f 1873 133 1745
f 1873 1745 1481
f 1481 805 1873
f 657 500 107
f 1702 657 107
f 1750 185 1702
f 1107 1702 107
f 1487 1702 1107
f 1702 1487 542
f 1750 1702 542
f 542 272 1750
f 272 542 1169
f 1169 1745 272
f 1745 1169 1791
f 345 1228 805
f 1261 1228 345
f 858 1228 1261
f 858 1987 1228
f 661 1987 858
f 814 661 858
f 858 1261 603
f 814 858 1163
f 1878 805 1481
f 1650 345 1878
f 345 805 1878
f 1650 1261 345
f 1261 1650 1407
f 1407 603 1261
f 858 603 52
f 1163 858 52
f 1756 814 1163
f 52 603 1407
f 1756 1163 52
f 1481 1745 1878
f 1407 1650 1878
f 1878 1745 1791
f 1878 1791 1765
f 1765 1407 1878
f 1407 1765 1141
f 1407 1141 1491
f 52 1407 1491
f 1491 1756 52
f 1756 1491 113
f 1948 1987 661
f 1074 1948 661
f 1678 1948 1074
f 1912 1074 661
f 1678 295 214
f 1036 814 1756
f 1036 661 814
f 1912 661 1036
f 1964 1074 1912
f 1074 1964 507
f 1074 507 1678
f 295 1678 507
f 76 214 295
f 1964 1912 1036
f 1288 295 507
f 76 295 1288
f 507 1964 1288
f 1856 1756 113
f 1036 1756 1856
f 1856 1964 1036
f 1920 1964 1135
f 1920 1288 1964
f 1135 1964 1856
f 1944 1288 1920
f 389 824 1518
f 389 1518 1334
f 934 90 389
f 1465 934 1423
f 1676 476 1423
f 1423 934 1389
f 399 1423 1389
f 399 1676 1423
f 934 389 1334
f 1334 1389 934
f 998 1389 1334
f 998 399 1389
f 399 998 1526
f 1426 399 1526
f 998 1334 632
f 632 1526 998
f 932 1526 924
f 932 1426 1526
f 632 1334 209
f 924 632 1281
f 924 1526 632
f 1281 632 209
f 209 582 518
f 1281 209 518
f 518 924 1281
f 514 456 1676
f 903 456 514
f 1124 456 903
f 1676 399 1426
f 514 1676 1426
f 949 514 1426
f 903 514 949
f 1124 903 1314
f 798 1124 1314
f 1586 949 1426
f 1586 1426 932
f 18 1586 932
f 1673 18 932
f 1673 932 924
f 1673 924 1397
f 1397 924 518
f 610 903 949
f 1314 903 610
f 610 949 1586
f 1813 798 1314
f 1813 1504 798
f 1504 1813 1210
f 610 1586 18
f 610 18 1851
f 1851 1314 610
f 1314 1851 1813
f 18 1673 1851
f 1851 1673 980
f 1210 1813 1851
f 980 1673 1397
f 980 1397 1048
f 1849 1210 980
f 1210 1851 980
f 1210 787 1504
f 1896 787 1210
f 1896 912 787
f 1716 912 1896
f 1716 1872 912
f 1468 1872 1716
f 1292 1468 1716
f 1701 1684 206
f 1379 1701 206
f 1057 1468 1292
f 1292 1684 1057
f 206 1684 1241
f 206 1241 2
f 1379 206 2
f 2 1071 1379
f 1071 2 1475
f 1241 1684 1292
f 2 1241 1475
f 1107 1498 1487
f 1498 1107 1071
f 1475 1498 1071
f 1200 1487 1498
f 542 1487 1200
f 542 1200 131
f 1169 542 131
f 118 1169 131
f 1791 1169 118
f 1200 1498 1475
f 1765 1791 1848
f 1141 1765 541
f 1848 1791 118
f 541 1765 1848
f 418 1141 541
f 1491 1141 418
f 418 113 1491
f 113 418 1777
f 1680 541 1848
f 1680 1848 118
f 418 541 1680
f 1920 630 1944
f 1777 1856 113
f 598 1856 1777
f 598 1135 1856
f 690 1135 598
f 690 1920 1135
f 1920 690 630
f 937 1737 1947
f 195 1737 937
f 1369 195 937
f 1369 937 265
f 1369 697 195
f 256 1369 265
f 1737 195 959
f 959 190 1737
f 280 697 1369
f 256 280 1369
f 959 195 1242
f 1242 195 697
f 1576 280 256
f 1993 1522 1645
f 333 834 718
f 1647 333 718
f 929 866 1647
f 929 1119 866
f 1119 929 1645
f 1805 1119 1645
f 1522 1805 1645
f 287 1522 1993
f 1647 1562 333
f 1562 1647 866
f 1119 1562 866
f 1805 1522 287
f 1883 1805 287
f 333 1562 834
f 1805 1562 1119
f 1562 1983 834
f 1805 454 1562
f 1883 801 1805
f 1562 1609 1983
f 454 1609 1562
f 801 454 1805
f 490 801 1883
f 1712 1948 1803
f 718 1712 1803
f 1647 718 929
f 929 718 1803
f 1993 929 1803
f 1993 1645 929
f 1947 1993 1803
f 706 287 1993
f 226 925 1488
f 706 1883 287
f 391 1082 706
f 1985 1 391
f 415 1 1985
f 415 1671 1
f 1488 1671 415
f 327 1671 1488
f 925 327 1488
f 1082 1883 706
f 1082 391 1
f 925 552 327
f 513 1671 327
f 513 327 552
f 1667 1883 1082
f 1 1998 1537
f 1 1537 1082
f 1671 1998 1
f 513 460 1998
f 513 1998 1671
f 1883 1667 490
f 1537 1667 1082
f 460 1995 1998
f 460 842 1995
f 842 1113 1995
f 1993 1947 1737
f 391 706 1985
f 706 1993 1985
f 1985 1993 771
f 771 1993 1737
f 771 1310 1985
f 1310 415 1985
f 1488 415 226
f 226 415 1310
f 1180 1751 226
f 32 1751 1180
f 497 925 1751
f 925 226 1751
f 32 1152 1751
f 1152 497 1751
f 93 1152 32
f 1143 93 32
f 32 1180 1564
f 1564 1143 32
f 552 925 497
f 349 194 497
f 1152 349 497
f 93 349 1152
f 1014 349 93
f 1143 1014 93
f 1779 1014 1143
f 435 552 497
f 435 497 194
f 194 278 435
f 349 1014 194
f 55 278 194
f 1014 55 194
f 513 552 435
f 973 1233 513
f 278 513 435
f 278 973 513
f 278 474 973
f 55 474 278
f 1779 55 1014
f 250 55 1779
f 1233 460 513
f 650 1233 973
f 474 650 973
f 1763 650 474
f 1763 474 55
f 250 1763 55
f 1233 387 460
f 1594 387 1233
f 1594 1233 650
f 650 219 1594
f 219 650 1763
f 499 639 842
f 387 842 460
f 387 499 842
f 1594 856 387
f 856 499 387
f 219 856 1594
f 1999 219 1763
f 1999 1763 250
f 248 1180 226
f 226 1310 248
f 1564 1180 248
f 189 248 1310
f 917 189 1310
f 1310 771 917
f 845 917 771
f 1034 845 771
f 190 1034 1737
f 1034 771 1737
f 77 1564 248
f 189 77 248
f 1979 917 845
f 386 1034 190
f 1301 1143 1564
f 1301 1564 77
f 123 77 189
f 917 1400 189
f 1400 123 189
f 1979 1400 917
f 1034 1637 845
f 1637 1979 845
f 1637 1034 386
f 198 1301 77
f 198 77 123
f 548 1400 1979
f 1637 548 1979
f 1301 1779 1143
f 1779 1301 198
f 105 198 123
f 105 123 1400
f 548 105 1400
f 1368 548 1637
f 386 1368 1637
f 1486 105 548
f 198 250 1779
f 198 836 250
f 105 836 198
f 1486 836 105
f 548 1040 1486
f 1040 548 1368
f 1368 693 1040
f 1486 920 836
f 1040 920 1486
f 693 162 1040
f 1040 203 920
f 203 1040 162
f 549 203 162
f 262 549 162
f 836 1543 250
f 1543 836 920
f 920 1194 1543
f 203 1194 920
f 1302 1194 203
f 549 1302 203
f 504 1302 549
f 1543 1999 250
f 1194 1853 1543
f 370 1853 1194
f 1302 370 1194
f 1302 3 370
f 1159 386 190
f 1159 190 959
f 697 637 1242
f 637 697 280
f 1159 959 1242
f 1576 637 280
f 1159 1242 1272
f 1272 1242 637
f 709 1272 637
f 1921 709 637
f 1921 637 1576
f 4 1921 1576
f 1479 4 1576
f 1159 1272 386
f 1272 1368 386
f 709 1231 1272
f 693 1368 1272
f 1272 1231 693
f 1009 1231 709
f 709 1921 175
f 1009 709 175
f 1644 175 1921
f 1907 1644 4
f 1644 1921 4
f 693 154 162
f 1231 154 693
f 154 262 162
f 154 1231 794
f 923 794 1231
f 1009 923 1231
f 175 923 1009
f 794 79 154
f 79 262 154
f 1733 504 549
f 1733 549 1298
f 465 504 1733
f 1151 465 1733
f 1151 816 465
f 310 816 1151
f 855 1787 310
f 1787 855 1106
f 3 1302 504
f 816 1125 3
f 3 504 465
f 465 816 3
f 310 1214 816
f 1787 1214 310
f 1644 1346 175
f 1346 1644 356
f 1644 1907 356
f 1339 1346 356
f 201 1339 356
f 1583 1339 201
f 1583 1234 1339
f 580 794 923
f 1346 580 923
f 1346 923 175
f 1238 580 701
f 1339 701 1346
f 701 580 1346
f 1822 701 1339
f 1234 1822 1339
f 1298 549 262
f 1298 262 79
f 580 79 794
f 1238 1733 1298
f 1238 1151 1733
f 1238 1298 79
f 1238 79 580
f 701 310 1151
f 701 1151 1238
f 855 310 701
f 855 701 1822
f 1106 855 1822
f 1977 1787 1106
f 121 1977 1106
f 577 1304 1109
f 1234 1583 1439
f 1402 1234 1830
f 1830 1234 1439
f 1519 1830 1456
f 1402 1822 1234
f 1402 1747 1822
f 1527 1747 1402
f 1830 1527 1402
f 1519 1527 1830
f 1519 1674 1527
f 1747 1106 1822
f 1674 577 1527
f 1747 121 1106
f 1109 121 1747
f 1109 1747 1527
f 577 1109 1527
f 1674 1374 577
f 1377 1519 1456
f 1683 1519 1377
f 8 1683 1377
f 1170 1683 8
f 1340 817 1170
f 1340 1170 8
f 1340 8 39
f 39 326 1340
f 1674 1519 1617
f 1617 1519 1683
f 1170 1617 1683
f 921 1617 1170
f 643 1804 921
f 817 643 1170
f 643 921 1170
f 1051 1674 1617
f 921 1051 1617
f 1804 669 921
f 1051 1374 1674
f 779 1374 1051
f 764 779 1051
f 921 764 1051
f 1739 764 921
f 669 1739 921
f 1905 1739 669
f 1146 1679 1905
f 266 1679 1146
f 1216 316 1340
f 316 817 1340
f 326 1216 1340
f 211 1216 326
f 325 211 326
f 534 1804 643
f 316 643 817
f 534 643 565
f 293 565 316
f 565 643 316
f 1216 293 316
f 325 261 211
f 867 669 1804
f 1132 1804 534
f 565 844 534
f 1627 844 565
f 293 1627 565
f 1216 132 293
f 132 1627 293
f 211 132 1216
f 211 274 132
f 261 274 211
f 867 1146 669
f 1146 1905 669
f 1800 1146 867
f 384 1800 867
f 867 1804 1132
f 1132 384 867
f 534 844 1132
f 844 384 1132
f 384 844 218
f 1139 218 844
f 1627 1139 844
f 132 1675 1627
f 274 1675 132
f 266 1146 1800
f 1800 985 266
f 384 985 1800
f 985 384 425
f 218 425 384
f 1675 1139 1627
f 1864 1785 1983
f 1609 1864 1983
f 1609 1624 1864
f 454 1624 1609
f 1275 1624 454
f 1275 454 801
f 801 1831 1275
f 490 1831 801
f 1667 1831 490
f 1850 1831 1667
f 1850 1667 1537
f 1998 1047 1537
f 1047 1850 1537
f 1995 1047 1998
f 1252 1047 1995
f 1113 1252 1995
f 1356 1047 1252
f 1356 1018 1047
f 1714 1018 1356
f 73 1252 1113
f 73 1113 894
f 1206 873 894
f 873 73 894
f 873 612 73
f 1153 612 873
f 1356 1252 73
f 612 1356 73
f 1153 432 612
f 966 1356 612
f 966 612 432
f 1714 1356 966
f 966 238 1714
f 238 457 1714
f 894 1113 842
f 639 894 842
f 1505 639 499
f 1505 499 856
f 219 762 856
f 1999 762 219
f 639 1206 894
f 1206 639 1505
f 752 1206 1505
f 856 752 1505
f 762 752 856
f 146 873 1206
f 146 1206 752
f 545 146 752
f 1153 873 146
f 545 1153 146
f 545 752 762
f 1806 762 1999
f 432 1153 545
f 1962 545 762
f 437 966 432
f 437 432 545
f 545 1962 437
f 1806 1962 762
f 238 966 437
f 122 238 437
f 1962 122 437
f 1950 1959 1806
f 382 457 238
f 382 238 122
f 1962 382 122
f 1543 1607 1999
f 1192 1607 1543
f 1853 1192 1543
f 1408 1853 370
f 56 1192 1853
f 56 1853 1408
f 1192 25 1607
f 56 25 1192
f 56 33 25
f 1950 1806 1999
f 1607 1950 1999
f 1607 607 1950
f 25 607 1607
f 1842 607 25
f 33 1842 25
f 607 1156 1950
f 1842 1156 607
f 1842 1257 1156
f 1959 1950 1156
f 986 1959 1156
f 1257 1161 1156
f 1161 986 1156
f 986 148 1959
f 1161 148 986
f 3 1408 370
f 3 1125 1408
f 1214 993 816
f 308 56 1408
f 1125 308 1408
f 816 993 1125
f 993 308 1125
f 1214 786 993
f 786 1214 1787
f 1977 1343 786
f 786 1787 1977
f 308 33 56
f 313 33 308
f 313 308 993
f 1305 1842 33
f 313 1305 33
f 993 344 313
f 344 1305 313
f 786 1335 993
f 1335 344 993
f 786 1793 1335
f 1343 1793 786
f 1305 1257 1842
f 1305 109 1257
f 109 1305 344
f 1335 109 344
f 1161 1257 109
f 29 109 1335
f 29 1335 1793
f 1306 29 1793
f 840 148 1161
f 840 1161 109
f 29 840 109
f 761 1977 121
f 1304 761 121
f 1109 1304 121
f 1374 1304 577
f 63 1304 1374
f 761 1343 1977
f 1304 193 761
f 63 193 1304
f 1776 1793 1343
f 1776 1343 761
f 761 193 1776
f 1926 193 63
f 1669 193 1926
f 1306 1793 1776
f 193 1677 1776
f 193 1669 1677
f 1776 1677 1306
f 1669 1111 1677
f 63 1374 779
f 1177 63 779
f 779 140 1177
f 140 779 764
f 140 764 1739
f 140 1739 1215
f 1905 1215 1739
f 140 1773 1177
f 38 1773 140
f 38 140 1215
f 1975 38 1215
f 1177 1926 63
f 1773 1926 1177
f 364 1773 38
f 1332 364 38
f 1332 38 1975
f 1251 1926 1773
f 364 1251 1773
f 1732 364 1332
f 1251 1669 1926
f 1781 1251 364
f 501 1781 364
f 501 364 1732
f 1440 1669 1251
f 1781 1440 1251
f 501 689 1781
f 1679 304 1905
f 304 1215 1905
f 1679 491 304
f 266 240 491
f 266 491 1679
f 304 221 1215
f 221 1975 1215
f 491 221 304
f 491 66 221
f 240 66 491
f 240 1432 66
f 1432 49 66
f 848 199 1975
f 848 1975 221
f 66 848 221
f 66 49 848
f 1432 960 49
f 199 1332 1975
f 199 401 1332
f 848 317 199
f 317 401 199
f 49 317 848
f 49 413 317
f 413 145 317
f 960 413 49
f 401 1732 1332
f 539 1732 401
f 145 539 401
f 145 401 317
f 662 145 413
f 960 662 413
f 539 1696 1732
f 145 414 539
f 478 1696 539
f 414 478 539
f 414 145 662
f 1696 501 1732
f 108 501 1696
f 478 108 1696
f 1087 108 478
f 414 1087 478
f 414 1720 1087
f 662 1720 414
f 108 303 501
f 328 303 108
f 1087 328 108
f 985 240 266
f 425 240 985
f 50 1432 240
f 50 240 425
f 1139 425 218
f 50 960 1432
f 50 425 1139
f 50 1139 1675
f 960 1720 662
f 1675 960 50
f 869 937 1947
f 351 265 937
f 1359 937 869
f 1359 351 937
f 1642 256 265
f 692 265 351
f 692 1642 265
f 377 1359 869
f 1642 1576 256
f 1771 692 351
f 1771 351 1359
f 165 1771 1359
f 165 1359 377
f 214 1948 1678
f 1803 1948 214
f 969 1803 214
f 1847 969 214
f 1695 1803 969
f 1695 969 1225
f 1695 1947 1803
f 1847 214 76
f 1847 76 655
f 969 1847 655
f 110 969 655
f 110 1225 969
f 1225 110 1533
f 1470 1695 1225
f 1470 1225 1533
f 495 1695 1470
f 871 110 655
f 422 1533 871
f 1533 110 871
f 422 1470 1533
f 495 1470 878
f 878 1470 422
f 1944 76 1288
f 871 655 76
f 76 1944 1871
f 871 76 1871
f 422 871 1364
f 1997 878 422
f 1364 871 1871
f 1997 422 1364
f 1945 1947 1695
f 1945 869 1947
f 1945 1695 290
f 665 1945 290
f 348 869 1945
f 348 1183 869
f 1039 348 1945
f 1002 1039 1945
f 753 1002 1945
f 1695 495 290
f 1945 665 588
f 753 1945 376
f 290 495 878
f 290 878 699
f 699 665 290
f 1909 665 699
f 588 665 1909
f 1945 588 1621
f 588 1909 1621
f 376 1945 1621
f 376 1621 506
f 376 506 112
f 753 376 112
f 330 285 112
f 285 753 112
f 506 1621 1909
f 112 506 756
f 330 112 756
f 756 506 1201
f 878 1997 1936
f 1022 878 1936
f 1022 699 878
f 1909 699 1022
f 1909 1022 1772
f 506 1909 1772
f 1201 506 726
f 506 1772 726
f 1640 1201 726
f 377 869 1183
f 165 377 1798
f 441 1798 377
f 1642 1479 1576
f 692 1479 1642
f 1846 569 1479
f 1479 692 1771
f 1846 1479 1771
f 1798 1771 165
f 1501 1846 1771
f 1501 1771 1798
f 512 1501 1798
f 512 1798 1755
f 926 4 1479
f 569 926 1479
f 1501 770 1846
f 1907 4 926
f 770 900 1846
f 900 569 1846
f 1899 770 1501
f 282 1501 512
f 512 489 282
f 1501 282 1899
f 489 1199 282
f 1002 753 831
f 1561 348 1039
f 727 1039 1002
f 727 609 1039
f 380 727 1002
f 380 1002 831
f 441 377 1183
f 1183 348 388
f 441 1183 388
f 388 348 1561
f 609 1561 1039
f 1561 784 388
f 609 784 1561
f 1421 784 609
f 727 1249 1421
f 727 1421 609
f 380 1249 727
f 660 1249 380
f 1755 1798 441
f 1755 441 388
f 784 1755 388
f 784 111 1755
f 111 784 1421
f 1421 1030 111
f 1249 1030 1421
f 660 1949 1249
f 1949 1030 1249
f 1454 512 1755
f 111 1454 1755
f 156 1454 111
f 156 111 1030
f 1454 489 512
f 381 489 1454
f 1030 525 156
f 525 1030 1949
f 156 381 1454
f 156 571 381
f 1092 1199 489
f 489 381 1092
f 433 1092 381
f 525 571 156
f 525 1630 571
f 433 381 571
f 1073 92 571
f 92 433 571
f 233 525 1949
f 1949 1516 233
f 1516 1265 233
f 525 233 1630
f 1073 571 1630
f 666 1073 1630
f 831 753 285
f 831 285 719
f 529 380 831
f 1502 831 719
f 1502 529 831
f 285 330 616
f 719 285 616
f 1323 719 616
f 1323 1502 719
f 529 660 380
f 1323 502 1502
f 616 330 756
f 616 756 158
f 158 1323 616
f 353 660 529
f 502 353 1502
f 353 529 1502
f 1323 331 502
f 640 331 158
f 331 1323 158
f 158 756 1641
f 502 992 353
f 331 992 502
f 158 1641 640
f 102 640 1641
f 353 992 660
f 992 1949 660
f 485 756 1201
f 1641 756 485
f 1551 992 331
f 1551 331 640
f 640 102 1551
f 102 1641 485
f 519 485 5
f 485 1201 5
f 641 519 5
f 102 914 1551
f 102 519 914
f 519 102 485
f 5 1201 1640
f 159 5 1640
f 159 641 5
f 519 80 914
f 641 80 519
f 641 159 80
f 1551 1516 992
f 1949 992 1516
f 291 482 1179
f 1640 726 1179
f 482 1640 1179
f 482 159 1640
f 1276 482 291
f 64 914 80
f 159 64 80
f 159 1255 64
f 1255 159 482
f 1255 482 1276
f 914 1516 1551
f 914 64 1516
f 1907 926 69
f 926 569 69
f 69 569 900
f 69 356 1907
f 811 69 900
f 201 356 69
f 811 201 69
f 1099 201 811
f 1583 201 1099
f 1061 1583 1099
f 1428 900 770
f 933 1428 1899
f 1428 770 1899
f 1899 282 933
f 811 900 1428
f 1295 1428 933
f 1099 811 1295
f 811 1428 1295
f 1031 1099 1295
f 1031 1061 1099
f 933 282 1199
f 1660 933 1199
f 1660 1295 933
f 1295 1660 730
f 1262 1295 730
f 1262 1031 1295
f 1315 1031 1262
f 1660 1199 1092
f 1092 433 138
f 138 1660 1092
f 138 433 92
f 730 1660 138
f 342 730 138
f 730 342 1175
f 1175 1262 730
f 1262 1175 742
f 1315 1262 742
f 1217 138 92
f 1217 92 1073
f 1217 1073 297
f 342 138 1217
f 597 342 1217
f 419 1315 742
f 1439 1583 1061
f 593 1439 1061
f 1456 1830 1439
f 1456 1439 593
f 1456 593 1485
f 526 1061 1031
f 593 1061 526
f 1686 593 526
f 1485 593 1686
f 1784 1485 1686
f 526 1031 1315
f 1686 526 862
f 1686 862 1784
f 614 526 1315
f 862 526 614
f 1784 862 78
f 1784 78 1088
f 862 614 1140
f 78 862 1140
f 419 614 1315
f 1140 614 419
f 1456 1485 1377
f 1377 1485 713
f 928 1377 713
f 8 1377 928
f 928 713 1653
f 8 928 39
f 39 928 806
f 466 928 1653
f 806 928 466
f 713 1485 1784
f 713 1784 1147
f 1653 713 1147
f 1653 1147 1890
f 466 1653 1719
f 1729 1719 1890
f 1719 1653 1890
f 769 1729 1890
f 341 1729 769
f 1784 1088 808
f 1147 1784 808
f 1227 1147 808
f 537 1890 1227
f 1890 1147 1227
f 769 1890 537
f 1284 769 537
f 1333 325 39
f 325 326 39
f 39 806 1333
f 550 1333 806
f 550 806 466
f 325 1333 521
f 466 1419 550
f 1085 1419 466
f 1085 466 1719
f 1719 1729 398
f 398 1085 1719
f 521 261 325
f 1333 1137 521
f 550 1137 1333
f 629 1419 1085
f 1729 1715 398
f 1715 1729 341
f 1137 1514 521
f 1514 261 521
f 550 530 1137
f 530 1514 1137
f 629 530 1419
f 530 550 1419
f 629 1524 530
f 1085 59 629
f 59 1524 629
f 398 59 1085
f 398 424 59
f 492 424 1715
f 424 398 1715
f 341 492 1715
f 424 880 1563
f 424 1563 59
f 492 880 424
f 595 492 341
f 1514 1675 274
f 1514 274 261
f 649 1514 530
f 649 530 1524
f 1524 59 1563
f 12 492 595
f 1706 12 595
f 1514 649 1675
f 1524 157 649
f 157 1524 1563
f 880 157 1563
f 880 492 12
f 769 1284 1268
f 341 769 1268
f 595 341 1268
f 135 1268 1284
f 1268 1706 595
f 1268 135 1706
f 1997 1364 1019
f 1944 630 481
f 1871 1944 481
f 1446 1871 481
f 1364 1871 1446
f 1019 1364 1446
f 1362 1997 1019
f 1362 1936 1997
f 1362 1019 1446
f 726 1772 729
f 1724 1936 1362
f 1724 1022 1936
f 1022 1724 1293
f 1772 1022 1293
f 729 1772 1293
f 994 726 729
f 1179 726 994
f 994 729 1293
f 1626 994 1293
f 1626 680 994
f 666 1630 233
f 1120 666 233
f 666 297 1073
f 1265 1120 233
f 1265 1516 1613
f 666 793 297
f 182 793 666
f 182 666 1120
f 846 182 1120
f 846 1120 1265
f 336 846 1265
f 1613 336 1265
f 846 410 182
f 738 410 336
f 410 846 336
f 1833 336 1613
f 1782 1833 1613
f 738 336 1833
f 1782 270 1833
f 1833 254 738
f 1833 270 254
f 1782 1874 270
f 270 16 254
f 270 134 16
f 134 270 1874
f 1255 480 64
f 1276 480 1255
f 1276 255 480
f 1276 291 255
f 291 1179 745
f 291 745 1457
f 255 1425 480
f 335 1425 255
f 335 255 1457
f 255 291 1457
f 64 1988 1516
f 480 1988 64
f 222 1425 335
f 1425 1988 480
f 1559 1613 1516
f 1988 1559 1516
f 1425 1294 1988
f 222 1294 1425
f 1559 1782 1613
f 896 1963 1294
f 1294 1963 1988
f 896 164 1963
f 164 273 1963
f 1559 1988 1963
f 1559 1963 1752
f 176 335 1457
f 745 1179 994
f 176 1457 745
f 176 222 335
f 1038 745 994
f 818 176 745
f 818 745 1038
f 818 222 176
f 680 1038 994
f 634 1038 680
f 634 818 1038
f 1294 222 818
f 634 1294 818
f 896 634 680
f 896 1294 634
f 151 896 680
f 164 896 151
f 151 680 1626
f 151 1626 673
f 164 673 273
f 673 164 151
f 597 1217 297
f 821 342 597
f 1175 342 821
f 742 1175 1336
f 793 597 297
f 821 597 793
f 1336 1175 821
f 1297 742 1336
f 1297 419 742
f 585 182 410
f 585 793 182
f 585 821 793
f 1336 821 1536
f 338 585 410
f 410 738 338
f 1157 585 338
f 1157 821 585
f 1536 821 1157
f 1044 1336 1536
f 1297 1336 1044
f 338 738 254
f 838 338 254
f 838 1157 338
f 522 1536 1157
f 522 1044 1536
f 838 254 16
f 1817 1157 838
f 522 1157 1817
f 1614 1044 522
f 1817 16 134
f 838 16 1817
f 1162 1140 419
f 78 1140 1668
f 1444 78 1668
f 1088 78 1444
f 1162 419 1297
f 1668 1140 1162
f 1297 1044 1858
f 1858 1162 1297
f 1707 1162 1858
f 1707 1668 1162
f 1668 1707 141
f 1444 1668 141
f 1961 1707 1858
f 141 1707 1598
f 1961 1858 1614
f 1858 1044 1614
f 1598 1707 1961
f 1358 141 1598
f 1906 808 1444
f 808 1088 1444
f 44 808 1906
f 1227 808 44
f 44 537 1227
f 777 537 44
f 777 1284 537
f 777 44 1881
f 575 777 1881
f 1444 141 1345
f 1345 1906 1444
f 1906 1345 1190
f 44 1906 1190
f 1881 44 1190
f 606 1881 1142
f 606 575 1881
f 1142 1881 1190
f 1190 1345 722
f 1345 141 1358
f 722 1345 1358
f 89 1190 722
f 963 1190 89
f 1142 1190 963
f 880 1494 157
f 1494 880 12
f 362 1494 12
f 362 12 1706
f 1994 1494 362
f 157 1494 649
f 649 1494 1675
f 1994 1828 1494
f 1494 960 1675
f 1430 1664 1828
f 1284 777 288
f 288 135 1284
f 135 46 1706
f 46 362 1706
f 1101 46 135
f 1101 135 288
f 1112 777 575
f 288 777 1112
f 731 46 1101
f 1101 1572 731
f 288 1112 1572
f 1101 288 1572
f 731 1994 362
f 731 362 46
f 731 1572 835
f 1112 177 1572
f 177 835 1572
f 177 1112 575
f 177 575 1375
f 731 835 1994
f 1274 835 177
f 177 1375 1274
f 1375 281 1274
f 1375 575 606
f 835 1828 1994
f 835 1274 1828
f 220 606 1142
f 642 197 281
f 642 281 1375
f 606 220 642
f 642 1375 606
f 1274 281 1828
f 281 197 1828
f 368 197 642
f 642 220 368
f 197 1430 1828
f 1430 197 368
f 169 1142 963
f 220 1142 169
f 220 1136 368
f 169 1136 220
f 1430 368 1136
f 169 963 161
f 361 633 1136
f 361 1136 169
f 169 161 361
f 1430 633 1664
f 1430 1136 633
f 257 1059 776
f 776 1059 1028
f 1028 1059 60
f 1552 776 277
f 1028 494 277
f 1028 277 776
f 494 1028 60
f 277 494 1875
f 277 1875 1552
f 1552 1900 400
f 1875 1900 1552
f 1875 494 1382
f 1900 1875 852
f 852 1875 1382
f 400 1900 605
f 605 1900 852
f 852 1202 605
f 1202 852 1382
f 1517 400 1854
f 251 605 1202
f 1854 605 251
f 1854 400 605
f 776 1885 257
f 400 1885 776
f 1264 1885 400
f 400 776 1552
f 1264 400 755
f 1264 755 1240
f 755 400 1517
f 1885 1264 292
f 1814 1885 292
f 935 1814 292
f 1814 935 1622
f 1117 1814 1622
f 357 1862 1757
f 1774 1862 357
f 1774 357 1585
f 1971 1774 1585
f 452 1862 1774
f 590 452 1774
f 1774 812 590
f 1774 1971 812
f 590 645 452
f 553 645 590
f 812 553 590
f 1560 645 553
f 553 815 1560
f 448 815 553
f 448 553 812
f 1553 448 812
f 1971 1553 812
f 1971 1616 1553
f 60 1757 1862
f 1862 494 60
f 1862 452 494
f 452 645 494
f 645 1382 494
f 1382 645 1560
f 1382 1560 1150
f 1150 1020 1202
f 1150 1202 1382
f 1560 815 1150
f 448 1313 815
f 668 1971 1585
f 427 1489 668
f 1489 1971 668
f 910 1489 427
f 1449 1489 910
f 910 1688 1449
f 1688 910 1164
f 1449 1324 1489
f 710 1616 1971
f 710 1971 1489
f 1489 1403 710
f 1324 1403 1489
f 1634 1324 1449
f 1688 1894 1449
f 1894 1634 1449
f 1688 1164 1167
f 1167 1601 1688
f 1840 1601 1167
f 1023 1601 1840
f 1699 1023 1840
f 1844 1023 1699
f 1601 82 1688
f 82 1894 1688
f 1723 82 1601
f 1197 1723 1601
f 1197 1601 1023
f 1128 1197 1023
f 1844 1128 1023
f 100 1128 1844
f 1213 1844 1699
f 1213 995 1844
f 995 1213 503
f 20 995 503
f 20 1554 995
f 20 1825 1554
f 995 558 1844
f 100 1844 558
f 1291 100 558
f 995 1705 558
f 901 1705 995
f 1554 901 995
f 1795 901 1554
f 1825 1795 1554
f 558 1705 1291
f 1312 181 20
f 181 1825 20
f 181 1312 672
f 181 672 1542
f 1542 1657 181
f 1657 1105 181
f 51 1105 1657
f 1657 1351 51
f 181 447 1825
f 447 1795 1825
f 181 241 447
f 1105 241 181
f 1687 241 1105
f 51 1687 1105
f 1351 1917 51
f 51 1663 1687
f 1917 1663 51
f 237 339 1827
f 339 1657 1827
f 1258 339 237
f 1258 237 772
f 1864 1032 772
f 1032 1258 772
f 339 1351 1657
f 1032 1467 1258
f 339 458 1351
f 1110 458 339
f 1110 339 1258
f 573 1110 1258
f 1467 573 1258
f 458 1917 1351
f 707 1854 251
f 1517 1854 707
f 1006 1202 1020
f 251 1202 1006
f 442 755 75
f 755 1517 75
f 707 75 1517
f 1006 707 251
f 1006 543 707
f 75 707 543
f 75 543 442
f 442 543 1606
f 1984 543 1004
f 1606 543 1984
f 755 559 1240
f 1264 1240 252
f 755 442 559
f 1240 559 860
f 1606 559 442
f 559 1606 860
f 860 1606 739
f 1240 860 907
f 1692 252 907
f 252 1240 907
f 1692 1264 252
f 1366 1264 1692
f 292 1264 1366
f 1984 739 1606
f 739 907 860
f 1003 1366 1692
f 1898 1366 1003
f 853 1622 935
f 1471 1622 426
f 292 1366 930
f 967 935 930
f 935 292 930
f 935 967 853
f 426 1622 853
f 1414 853 967
f 1414 426 853
f 996 1471 426
f 613 1471 996
f 1414 996 426
f 930 1366 1898
f 868 930 1898
f 868 967 930
f 967 868 1414
f 45 1020 1150
f 45 600 1020
f 45 1150 815
f 1313 45 815
f 1553 1313 448
f 1553 484 1313
f 1006 1020 600
f 45 766 600
f 1313 766 45
f 1313 484 766
f 1616 484 1553
f 698 543 1006
f 698 600 728
f 698 1006 600
f 728 600 766
f 728 766 484
f 703 728 484
f 1004 543 1693
f 543 698 1693
f 1176 1693 698
f 703 1176 728
f 1176 698 728
f 1482 703 484
f 202 1693 1176
f 1731 202 1176
f 1731 1176 703
f 1482 1731 703
f 1482 276 1731
f 1004 1027 1984
f 1027 14 1984
f 202 1004 1693
f 202 1027 1004
f 1731 1193 202
f 276 1193 1731
f 1027 1025 14
f 1303 1027 202
f 1303 202 1193
f 1193 1412 1303
f 1193 1758 1412
f 1758 1193 276
f 1482 653 276
f 653 1758 276
f 299 653 1482
f 1025 1027 1303
f 1303 780 1025
f 1412 780 1303
f 1758 780 1412
f 299 837 653
f 1155 739 1984
f 14 1155 1984
f 1155 907 739
f 884 907 1155
f 884 1692 907
f 884 951 1692
f 951 1003 1692
f 1025 1595 1155
f 1025 1155 14
f 1595 1223 1155
f 1223 884 1155
f 1898 1003 561
f 884 1223 144
f 951 884 144
f 37 1003 951
f 37 561 1003
f 780 1595 1025
f 1893 1223 1595
f 1893 144 1223
f 144 1727 37
f 37 951 144
f 37 1427 561
f 1893 1595 780
f 1727 144 1893
f 1427 37 1727
f 1893 780 1758
f 1893 1758 653
f 837 1893 653
f 837 1727 1893
f 868 1053 1414
f 1053 1816 1414
f 1816 996 1414
f 1816 1515 996
f 1515 613 996
f 843 868 1898
f 843 1053 868
f 1427 196 561
f 196 1898 561
f 843 1898 196
f 1634 1403 1324
f 484 1616 710
f 1237 1482 484
f 1237 484 710
f 1237 710 1403
f 1403 396 1237
f 1403 355 396
f 1634 355 1403
f 748 355 1634
f 748 1634 1894
f 952 748 1894
f 1168 748 952
f 748 449 355
f 1237 299 1482
f 1237 965 299
f 396 965 1237
f 396 897 965
f 897 396 355
f 130 897 355
f 130 355 449
f 748 1788 449
f 1168 1788 748
f 1168 830 1788
f 965 837 299
f 897 837 965
f 449 1929 130
f 1929 449 1788
f 1929 837 897
f 1929 1727 837
f 1929 1427 1727
f 1929 897 130
f 830 1472 1788
f 1472 1929 1788
f 2000 1427 1929
f 1472 2000 1929
f 1472 155 2000
f 82 952 1894
f 1723 952 82
f 1723 1172 952
f 1197 1172 1723
f 1172 1197 1128
f 1128 1499 1172
f 1128 471 1499
f 100 471 1128
f 1126 1172 1499
f 1172 574 952
f 72 1168 952
f 830 1168 72
f 574 72 952
f 574 1138 72
f 1808 1138 574
f 1172 1808 574
f 1172 1604 1808
f 1604 1172 1126
f 1126 404 1604
f 1499 404 1126
f 567 404 1499
f 1062 1499 471
f 567 1499 1062
f 1472 830 72
f 1138 1472 72
f 1604 1138 1808
f 404 1924 1604
f 1924 404 567
f 172 1924 567
f 172 567 1062
f 1924 1472 1138
f 1924 1138 1604
f 155 1472 1924
f 1924 1956 155
f 1291 471 100
f 1631 471 1291
f 1631 1291 1705
f 1056 1631 1705
f 1705 1189 1056
f 1189 1705 901
f 901 1269 1189
f 1269 901 1795
f 1795 628 1269
f 178 1392 471
f 1392 1062 471
f 178 471 1631
f 1580 178 1631
f 1056 1580 1631
f 1056 1571 1580
f 1189 1571 1056
f 876 1571 1189
f 876 1189 1269
f 628 1259 1269
f 876 1269 1259
f 172 1062 1392
f 178 1593 1392
f 1593 178 1580
f 1571 1593 1580
f 434 876 1259
f 172 1392 1593
f 1571 434 1593
f 434 1940 1593
f 876 434 1571
f 1956 1924 172
f 1956 172 1593
f 1940 1956 1593
f 1860 1940 434
f 628 1795 447
f 447 715 628
f 241 715 447
f 1687 1271 241
f 1271 715 241
f 1271 1687 1663
f 1955 1271 1663
f 1547 1955 1663
f 715 1321 628
f 119 1271 1955
f 628 1513 1259
f 1513 628 1321
f 1287 1513 1321
f 1287 1321 715
f 715 91 1287
f 1271 91 715
f 1271 594 91
f 119 594 1271
f 1955 207 119
f 207 594 119
f 1247 207 1955
f 1547 1247 1955
f 1513 434 1259
f 1247 1958 207
f 1260 1958 1247
f 1287 434 1513
f 91 434 1287
f 91 1860 434
f 594 1958 91
f 1958 1860 91
f 1958 594 207
f 1902 1860 1958
f 1989 573 1467
f 1547 1663 1917
f 458 1547 1917
f 458 1744 1547
f 1330 1744 458
f 1110 1330 458
f 573 1330 1110
f 1889 1330 573
f 1889 573 1989
f 617 1330 1889
f 1744 687 1547
f 687 1260 1547
f 1260 1247 1547
f 1744 1114 687
f 1114 1260 687
f 116 1114 1744
f 1330 870 116
f 116 1744 1330
f 617 870 1330
f 372 870 617
f 1889 839 617
f 839 372 617
f 1090 839 1889
f 116 1290 1114
f 870 1290 116
f 372 1290 870
f 1114 1958 1260
f 1290 1958 1114
f 1290 372 839
f 839 1972 1290
f 1880 1972 839
f 1290 1902 1958
f 1290 1972 1902
f 1880 1746 1972
f 1053 843 651
f 879 1816 1053
f 395 1515 1816
f 879 1053 651
f 395 1816 879
f 451 1515 395
f 651 843 196
f 879 1869 395
f 1869 451 395
f 651 1869 879
f 1427 651 196
f 191 1869 651
f 191 651 1427
f 2000 191 1427
f 1117 1622 1280
f 1117 1280 1149
f 1149 1738 1117
f 1941 1738 1149
f 1280 1622 1471
f 790 1149 1280
f 1531 9 1941
f 9 1738 1941
f 1518 9 1531
f 1334 1518 1531
f 582 1334 1531
f 582 209 1334
f 1531 1941 461
f 962 582 1531
f 725 1531 461
f 1941 1149 576
f 461 1941 1672
f 518 582 1483
f 518 1483 1618
f 1483 582 962
f 962 1531 981
f 962 981 1725
f 1483 962 1725
f 1618 1483 1725
f 1623 981 1531
f 1623 1531 1037
f 1270 1725 1623
f 1725 981 1623
f 1725 1270 988
f 1623 1037 1270
f 1037 1531 890
f 1037 890 31
f 1270 1037 31
f 1484 1270 31
f 988 1270 1484
f 1741 1531 725
f 890 1531 1741
f 31 890 1063
f 589 1484 31
f 659 1397 1618
f 1397 518 1618
f 1048 1397 659
f 1477 659 1618
f 1477 1618 1725
f 1477 1725 988
f 1068 1477 988
f 1328 1068 988
f 1328 988 1484
f 163 1328 1484
f 1328 163 601
f 980 1048 1849
f 1849 1048 1083
f 1048 659 1083
f 659 1477 1083
f 1597 1849 1207
f 1083 1477 1050
f 1207 1083 1050
f 1207 1849 1083
f 1050 1477 1068
f 1597 1207 167
f 1050 1068 1341
f 1341 1207 1050
f 1207 1341 167
f 601 1341 1328
f 1341 1068 1328
f 1344 1341 601
f 167 1341 1344
f 1938 167 1344
f 1938 1597 167
f 508 1597 1938
f 1597 1210 1849
f 1210 1597 1649
f 1649 1896 1210
f 1896 1649 1638
f 1716 1896 1638
f 736 1716 1638
f 1292 1716 736
f 1307 1649 508
f 1649 1597 508
f 1973 1649 1307
f 1638 1649 1973
f 1638 1973 431
f 736 1638 431
f 736 431 1829
f 1826 1292 736
f 1897 1292 1826
f 1897 1241 1292
f 1241 1897 208
f 1475 1241 208
f 1934 1475 208
f 1829 1826 736
f 1826 1829 1318
f 1318 1897 1826
f 608 1897 1318
f 1654 208 608
f 208 1897 608
f 208 1654 911
f 911 1934 208
f 1475 1934 311
f 1200 1475 311
f 1464 1200 311
f 1464 131 1200
f 1464 118 131
f 1680 118 1464
f 1680 1464 1721
f 1934 911 892
f 1742 311 892
f 311 1934 892
f 311 1742 1461
f 1461 1464 311
f 1464 1461 1960
f 1721 1464 1960
f 1680 1835 407
f 407 418 1680
f 1462 418 407
f 1777 418 1462
f 1835 1680 1721
f 1721 1960 586
f 1835 1721 586
f 1835 586 1418
f 1957 1835 1418
f 407 1835 1957
f 1523 407 1957
f 1523 1462 407
f 1462 1523 950
f 1777 1462 813
f 813 598 1777
f 1619 598 813
f 1619 690 598
f 1619 630 690
f 734 630 1619
f 1490 481 630
f 1490 630 734
f 734 1619 1852
f 1722 1462 950
f 813 1462 1722
f 813 1722 307
f 421 813 307
f 421 1619 813
f 1852 1619 421
f 1852 421 1413
f 1387 1852 1413
f 734 1852 1387
f 1280 1471 1510
f 1539 790 1280
f 1079 1149 790
f 1149 1079 1453
f 1453 576 1149
f 1510 1471 613
f 1280 1510 1539
f 1182 790 1539
f 1079 790 1182
f 1510 613 1639
f 1510 1639 1539
f 1079 1182 1540
f 1453 1079 1540
f 1515 1639 613
f 1658 725 461
f 283 461 1672
f 800 1658 461
f 800 461 283
f 775 576 1453
f 775 1941 576
f 408 1941 775
f 1672 1941 408
f 1748 1672 408
f 1748 283 1672
f 1267 283 1748
f 1212 800 283
f 1212 283 1267
f 259 1748 408
f 1267 1748 823
f 823 1212 1267
f 1453 1540 1256
f 1256 775 1453
f 408 775 1256
f 259 408 1256
f 1063 890 1741
f 589 31 1063
f 857 725 1658
f 857 1741 725
f 1063 1741 857
f 1065 589 1063
f 1065 857 346
f 1065 1063 857
f 1658 800 309
f 309 857 1658
f 857 309 57
f 346 857 57
f 309 800 1212
f 1024 309 1212
f 57 309 1024
f 1441 1539 1639
f 1182 1539 1441
f 1441 1370 1182
f 1370 1540 1182
f 1158 1441 1639
f 1033 1370 1441
f 646 1540 1370
f 392 1540 646
f 823 1748 259
f 1393 1024 1212
f 1393 1212 823
f 259 700 823
f 700 259 1070
f 700 323 823
f 323 1393 823
f 1256 1540 1171
f 1815 1256 1171
f 1070 259 1256
f 1070 1256 1815
f 1171 1540 392
f 1393 323 347
f 1935 1052 392
f 1052 1171 392
f 1052 1815 1171
f 1052 1091 1815
f 1091 1070 1815
f 1091 264 1070
f 264 700 1070
f 264 323 700
f 264 1378 323
f 1378 347 323
f 1935 1091 1052
f 1091 1378 264
f 1378 658 885
f 163 1484 589
f 47 163 589
f 601 163 782
f 204 601 782
f 1344 601 204
f 1938 1344 204
f 589 1065 15
f 47 589 15
f 782 163 47
f 204 47 1682
f 782 47 204
f 508 1938 204
f 212 15 1065
f 47 15 212
f 1682 47 212
f 43 1065 346
f 43 212 1065
f 1045 212 43
f 1682 212 1045
f 987 1682 1579
f 1682 1045 1579
f 987 204 1682
f 591 346 57
f 1500 346 591
f 1500 43 346
f 1500 1045 43
f 1045 1500 365
f 1045 365 1579
f 987 1579 68
f 1393 428 1024
f 428 626 1024
f 57 1024 626
f 591 57 626
f 591 626 99
f 365 591 99
f 1500 591 365
f 1579 365 411
f 1371 626 428
f 1371 99 626
f 547 99 1371
f 547 365 99
f 523 411 547
f 411 365 547
f 411 523 885
f 1437 411 885
f 1437 1579 411
f 658 68 1437
f 68 1579 1437
f 81 68 658
f 81 987 68
f 428 1393 347
f 1371 428 347
f 523 1371 347
f 523 547 1371
f 523 347 1378
f 1378 885 523
f 658 1437 885
f 1789 1378 1091
f 1789 658 1378
f 81 658 1789
f 1935 1861 1091
f 1861 1789 1091
f 1861 1935 2000
f 2000 1130 1861
f 1130 1767 1861
f 155 1130 2000
f 1589 1973 1307
f 431 1973 1589
f 431 1589 1829
f 508 204 987
f 1821 1307 508
f 1821 508 987
f 1589 1307 1821
f 1775 1829 1589
f 315 1821 987
f 1589 1821 406
f 1589 462 1775
f 315 987 81
f 315 81 1789
f 1861 315 1789
f 1861 1821 315
f 406 1821 1861
f 1589 406 1767
f 462 1767 1130
f 1589 1767 462
f 623 462 1130
f 623 1775 462
f 1767 406 1861
f 1285 1130 155
f 623 1130 1285
f 155 1122 1285
f 1956 1122 155
f 1956 1892 1122
f 695 1892 1956
f 1591 1892 695
f 374 1829 1775
f 374 1318 1829
f 1762 1318 374
f 1762 608 1318
f 1895 608 1762
f 1654 608 1895
f 124 1654 1895
f 1628 911 1654
f 1628 1654 124
f 1285 1775 623
f 374 1775 1285
f 1122 1762 374
f 1122 374 1285
f 1892 1762 1122
f 1895 1762 1892
f 1591 1895 1892
f 695 124 1591
f 1895 1591 124
f 695 1628 124
f 695 1956 1940
f 1867 695 1940
f 683 1867 1940
f 1940 1951 683
f 1940 467 1951
f 1940 1191 467
f 1191 1940 1860
f 1960 1461 28
f 1495 911 1628
f 892 911 1495
f 1742 892 1495
f 1388 1742 1495
f 473 1742 1388
f 473 1461 1742
f 28 1461 473
f 570 1960 28
f 1867 1628 695
f 1495 1628 1867
f 683 1495 1867
f 683 1388 1495
f 1951 1388 683
f 473 1388 1951
f 467 473 1951
f 467 28 473
f 684 28 467
f 1191 570 684
f 28 684 570
f 1191 684 467
f 1860 717 1191
f 1076 1786 717
f 717 1860 1902
f 1076 717 1902
f 430 1076 1902
f 1230 1960 570
f 586 1960 1230
f 1230 1418 586
f 70 1418 1230
f 1957 1418 70
f 1797 1957 70
f 1797 1523 1957
f 1185 950 1523
f 1185 1523 1797
f 1166 950 1185
f 1166 1185 271
f 1416 70 1230
f 40 570 1191
f 40 1230 570
f 1416 1230 40
f 1416 40 717
f 1786 1416 717
f 1786 70 1416
f 1786 1797 70
f 1076 1797 1786
f 430 1185 1076
f 1185 1797 1076
f 271 1185 430
f 717 40 1191
f 1902 1509 430
f 1509 1067 430
f 1972 1509 1902
f 1582 1067 1509
f 1972 682 1509
f 1746 366 1972
f 366 682 1972
f 421 307 1413
f 1413 307 1925
f 1387 1413 1937
f 42 307 1722
f 1722 950 1166
f 42 1722 1166
f 1925 307 42
f 1937 1413 1925
f 1925 42 533
f 1937 1925 1713
f 1067 271 430
f 1067 1166 271
f 1067 42 1166
f 1582 42 1067
f 1582 533 42
f 1509 533 1582
f 168 533 1509
f 1925 533 168
f 682 1713 168
f 1713 1925 168
f 1713 682 820
f 1937 1713 820
f 682 168 1509
f 366 820 682
f 451 1639 1515
f 1441 1158 1033
f 451 1158 1639
f 997 1370 1033
f 997 646 1370
f 392 646 1935
f 1749 1158 451
f 1033 1158 1749
f 1749 997 1033
f 997 1935 646
f 1869 1749 451
f 191 1749 1869
f 191 997 1749
f 191 1935 997
f 2000 1935 191
f 1032 1864 1624
f 1347 1032 1624
f 1275 1015 1347
f 1275 1347 1624
f 1015 1275 1831
f 563 1015 1831
f 1989 1467 1032
f 459 1989 1032
f 459 1032 1347
f 1347 1178 459
f 1015 1178 1347
f 1015 1931 1178
f 1931 1015 563
f 563 1592 1931
f 1850 563 1831
f 1802 563 1850
f 1047 1802 1850
f 1047 1018 1802
f 1018 554 1802
f 754 554 1018
f 1802 1884 563
f 1592 563 1884
f 1802 1357 1884
f 1357 1802 554
f 1599 1357 554
f 1384 1599 554
f 1384 554 754
f 1884 804 1592
f 804 1884 1357
f 1714 1363 1018
f 457 1363 1714
f 286 1363 457
f 216 1018 1363
f 286 216 1363
f 216 143 1018
f 216 904 143
f 143 754 1018
f 904 517 143
f 143 343 754
f 517 343 143
f 1396 343 517
f 470 343 1396
f 825 1384 754
f 343 825 754
f 1218 825 343
f 1218 343 470
f 382 184 457
f 184 286 457
f 1962 184 382
f 1512 184 1962
f 1806 1512 1962
f 1959 1493 1512
f 1959 1512 1806
f 1655 216 286
f 184 1655 286
f 1493 566 1512
f 1655 904 216
f 1655 1353 904
f 184 1353 1655
f 1512 1365 1353
f 1353 184 1512
f 1353 117 517
f 1353 517 904
f 1365 117 1353
f 1982 1512 566
f 117 1396 517
f 1365 363 117
f 363 470 1396
f 363 1396 117
f 1982 708 1512
f 470 496 1218
f 363 496 470
f 363 1612 496
f 1612 363 1365
f 1512 708 1365
f 483 825 1218
f 483 1218 496
f 496 84 483
f 1612 84 496
f 166 1612 1365
f 708 166 1365
f 148 1493 1959
f 493 566 1493
f 493 1493 148
f 139 493 148
f 493 1992 566
f 139 1992 493
f 139 128 1992
f 1992 417 566
f 128 1796 1992
f 1796 417 1992
f 1982 566 417
f 1300 1573 417
f 1796 1300 417
f 1573 1982 417
f 1350 1573 1300
f 223 1350 1300
f 1573 708 1982
f 638 1573 1350
f 1350 142 638
f 1573 1620 708
f 638 1620 1573
f 409 1620 638
f 142 409 638
f 142 314 409
f 840 139 148
f 1556 840 29
f 1306 1916 29
f 840 1556 139
f 29 1916 1556
f 1556 128 139
f 1556 242 128
f 1916 479 1556
f 128 242 1796
f 1556 1928 242
f 479 1928 1556
f 1916 819 479
f 242 1300 1796
f 242 620 1300
f 620 223 1300
f 620 242 1928
f 620 535 223
f 535 620 1928
f 1928 694 535
f 479 694 1928
f 819 1391 479
f 1391 694 479
f 785 142 1350
f 785 1350 223
f 785 1967 142
f 535 785 223
f 535 1967 785
f 1967 314 142
f 535 983 1967
f 983 535 694
f 694 1710 983
f 301 1710 694
f 1391 301 694
f 1391 1221 301
f 1677 1811 1306
f 1306 1811 1916
f 1811 1677 1111
f 1811 819 1916
f 1325 1811 1111
f 927 1325 1111
f 1326 819 1811
f 1326 1811 1325
f 819 1326 1391
f 1325 1411 1326
f 1411 1325 927
f 1567 1411 927
f 1326 1221 1391
f 1326 1406 1221
f 1411 1406 1326
f 1411 1845 1406
f 1845 1411 1567
f 1548 1845 1567
f 1111 1669 1440
f 1781 970 1440
f 689 970 1781
f 927 1111 1440
f 1458 927 1440
f 1458 1440 970
f 689 1121 970
f 940 1458 970
f 940 970 1121
f 1121 153 940
f 927 968 1567
f 968 927 1458
f 1458 947 968
f 940 947 1458
f 940 768 947
f 153 1246 768
f 153 768 940
f 968 1548 1567
f 968 468 1548
f 1431 468 968
f 947 1431 968
f 768 1431 947
f 768 1529 1431
f 527 1529 768
f 1246 527 768
f 877 527 1246
f 303 689 501
f 328 675 303
f 1087 675 328
f 1720 675 1087
f 303 329 689
f 675 788 303
f 788 329 303
f 675 1976 788
f 1976 675 1720
f 1121 689 329
f 329 1398 1121
f 1398 329 788
f 446 1398 788
f 1976 446 788
f 1976 1681 446
f 1398 1473 1121
f 446 1473 1398
f 258 1473 446
f 1681 258 446
f 1473 153 1121
f 1473 596 153
f 258 596 1473
f 41 258 1681
f 1681 799 41
f 596 244 153
f 244 1246 153
f 258 505 596
f 505 244 596
f 505 258 41
f 244 469 1246
f 505 469 244
f 41 622 505
f 622 469 505
f 799 622 41
f 799 1544 622
f 469 877 1246
f 877 469 622
f 622 732 978
f 978 877 622
f 1544 732 622
f 1720 115 1681
f 115 1720 960
f 960 1904 115
f 1681 1976 1720
f 1681 115 799
f 115 1544 799
f 982 1229 1904
f 893 732 1544
f 115 893 1544
f 115 1129 893
f 1904 1129 115
f 944 1889 1989
f 944 1989 459
f 1780 944 459
f 1178 1780 459
f 1178 1930 1780
f 1931 1930 1178
f 397 1930 1931
f 1592 397 1931
f 944 1090 1889
f 1000 1090 944
f 1000 944 1780
f 1780 1311 1000
f 1930 1311 1780
f 656 1311 1930
f 974 656 1930
f 974 1930 397
f 1266 974 397
f 1880 1090 1000
f 1311 1880 1000
f 656 1880 1311
f 974 1790 656
f 1790 974 1266
f 1880 839 1090
f 656 1790 1880
f 1433 1746 1880
f 1433 1880 1790
f 1507 1599 1384
f 1278 1507 1384
f 804 397 1592
f 953 397 804
f 804 1187 953
f 1599 1728 804
f 1599 804 1357
f 1728 1187 804
f 1435 1728 1599
f 1507 1435 1599
f 1399 1728 1435
f 1380 1728 1399
f 1399 27 1380
f 1187 239 953
f 953 1266 397
f 953 24 1266
f 239 24 953
f 114 239 1187
f 1728 989 1187
f 114 1187 989
f 1728 298 989
f 298 1728 1380
f 27 919 1380
f 919 298 1380
f 24 1790 1266
f 114 24 239
f 1759 114 989
f 298 1759 989
f 24 1879 1790
f 1879 19 1790
f 114 1759 24
f 1879 24 1759
f 298 1442 1759
f 1442 1879 1759
f 1442 298 919
f 1196 1442 919
f 1790 19 1433
f 1879 385 19
f 385 1879 938
f 825 1278 1384
f 483 1278 825
f 483 84 1278
f 1422 84 1612
f 166 1422 1612
f 84 1538 1278
f 1538 1507 1278
f 1538 84 1422
f 1422 1282 1538
f 166 1282 1422
f 1480 1282 166
f 1480 166 708
f 1558 1480 708
f 1538 359 1507
f 359 1435 1507
f 359 129 1435
f 1282 359 1538
f 1282 129 359
f 1480 129 1282
f 1740 129 1480
f 1558 1740 1480
f 129 1399 1435
f 129 192 1399
f 1740 192 129
f 1558 192 1740
f 23 192 1558
f 1549 23 1558
f 312 27 1399
f 98 312 1399
f 192 98 1399
f 98 905 312
f 23 98 192
f 23 905 98
f 1549 905 23
f 260 905 1549
f 1549 851 260
f 1832 919 27
f 1832 27 312
f 905 544 312
f 544 1832 312
f 905 260 544
f 260 802 544
f 851 802 260
f 1832 1196 919
f 1196 1832 544
f 544 802 1196
f 314 1574 409
f 409 1574 1620
f 1574 1911 1620
f 246 1911 1574
f 889 246 1574
f 1466 1558 708
f 1466 708 1620
f 1620 691 1466
f 1911 691 1620
f 246 1273 1911
f 450 1273 246
f 450 1946 1273
f 1549 1558 1466
f 1094 691 1911
f 1273 1094 1911
f 324 1094 1273
f 1946 324 1273
f 1115 1466 691
f 1094 1115 691
f 1466 851 1549
f 874 1115 1094
f 874 1094 324
f 324 438 874
f 1203 851 1466
f 1115 774 1466
f 774 1203 1466
f 36 774 1115
f 888 36 1115
f 888 1115 874
f 961 888 874
f 438 961 874
f 1459 938 1879
f 802 300 1196
f 300 188 1196
f 188 1442 1196
f 1879 1442 1520
f 1520 332 1879
f 332 1459 1879
f 1203 300 851
f 300 802 851
f 188 300 1203
f 188 774 1520
f 1520 1442 188
f 774 188 1203
f 1520 774 36
f 888 332 1520
f 888 1520 36
f 332 961 1459
f 961 332 888
f 487 938 1459
f 961 487 1459
f 1946 253 324
f 1946 712 253
f 712 678 253
f 253 438 324
f 678 1590 253
f 678 1401 1590
f 1401 721 1590
f 253 1590 438
f 1331 721 723
f 1331 602 1383
f 602 1331 723
f 438 487 961
f 438 1309 487
f 1590 1309 438
f 1590 564 1309
f 1590 721 1651
f 1590 1651 564
f 721 1331 1651
f 1329 1651 1331
f 1331 1383 1329
f 792 938 487
f 487 1309 792
f 889 1574 314
f 983 314 1967
f 889 314 983
f 450 246 889
f 983 429 889
f 450 889 429
f 429 983 1710
f 475 429 1710
f 1342 475 1710
f 1342 1710 301
f 301 1012 1342
f 1221 1012 301
f 958 450 429
f 475 958 429
f 958 1946 450
f 712 1946 958
f 1463 712 958
f 475 1463 958
f 1342 1001 475
f 1012 1001 1342
f 1463 678 712
f 1463 1603 678
f 1603 1401 678
f 475 1001 1463
f 1001 1603 1463
f 1001 1528 1603
f 1001 1220 1528
f 1012 269 1001
f 269 1220 1001
f 1569 721 1401
f 723 721 1569
f 1569 696 723
f 696 602 723
f 1603 1569 1401
f 1528 1569 1603
f 1528 696 1569
f 1528 1424 696
f 1220 1424 1528
f 1220 1625 1424
f 1548 1863 1845
f 269 1012 1221
f 1406 269 1221
f 1286 1406 1845
f 1863 1286 1845
f 1286 269 1406
f 269 1689 1220
f 1286 1689 269
f 1286 1915 1689
f 849 1915 1286
f 849 1286 1863
f 849 1753 1915
f 1689 1625 1220
f 1283 1625 1689
f 1915 1283 1689
f 1915 1633 1283
f 1633 1915 1753
f 1753 1049 1633
f 1431 373 468
f 373 1431 1529
f 527 1145 1529
f 1222 1145 527
f 1863 1548 468
f 1145 373 1529
f 468 1474 1863
f 1474 849 1863
f 1474 468 373
f 1452 1474 373
f 1145 1452 373
f 1118 1602 1145
f 1761 1753 849
f 1761 849 1474
f 1452 1761 1474
f 1452 440 1761
f 1602 1452 1145
f 1602 440 1452
f 1588 440 1602
f 1049 1753 1761
f 1761 1530 1049
f 440 1530 1761
f 263 1530 440
f 263 1148 1530
f 1588 263 440
f 1588 964 263
f 978 527 877
f 1222 527 978
f 232 1222 978
f 732 232 978
f 893 232 732
f 1129 899 893
f 1904 1429 1129
f 306 1145 1222
f 306 1222 232
f 232 899 306
f 893 899 232
f 899 604 306
f 1129 604 899
f 1129 1429 604
f 1429 1229 1060
f 1904 1229 1429
f 1118 1145 306
f 1118 306 604
f 604 946 1118
f 1429 946 604
f 1060 946 1429
f 1229 95 1060
f 1352 95 1229
f 1352 1229 982
f 1118 416 1602
f 946 416 1118
f 416 1588 1602
f 416 1521 1588
f 1521 964 1588
f 1060 416 946
f 1521 416 1060
f 1521 1060 95
f 213 964 1521
f 213 1521 95
f 1352 213 95
f 982 1013 1352
f 6 213 1352
f 1013 6 1352
f 515 1013 982
f 964 6 263
f 6 847 263
f 847 1148 263
f 6 964 213
f 847 6 1013
f 515 847 1013
f 385 976 19
f 1708 976 385
f 555 976 1708
f 555 1367 976
f 938 792 385
f 792 1708 385
f 555 97 1367
f 564 1708 792
f 792 1309 564
f 564 1651 1708
f 555 1708 1651
f 1651 1329 555
f 97 555 1329
f 1490 1446 481
f 1610 1446 1490
f 1610 1362 1446
f 1362 1610 972
f 236 1610 1490
f 1615 734 1387
f 1490 734 1615
f 1698 236 1615
f 236 1490 1615
f 35 236 1698
f 35 1610 236
f 1801 972 1610
f 1801 1610 35
f 972 1724 1362
f 1724 972 1910
f 1293 1724 1910
f 423 1293 1506
f 1293 1910 1506
f 423 1626 1293
f 423 1506 1405
f 972 1801 1990
f 1910 972 1990
f 1910 1990 1855
f 1506 1910 1855
f 1506 1855 1492
f 1506 1492 1568
f 1405 1506 1568
f 1874 1652 829
f 829 1224 134
f 829 134 1874
f 1652 1575 829
f 1575 1224 829
f 1652 827 1575
f 827 1277 1575
f 1652 1102 827
f 71 1277 827
f 1064 827 1102
f 827 1064 71
f 1064 106 71
f 94 104 1064
f 94 1064 1102
f 94 1102 1919
f 104 750 106
f 104 106 1064
f 747 104 94
f 747 635 378
f 378 750 104
f 378 104 747
f 1525 635 747
f 94 1525 747
f 378 635 1236
f 635 147 1236
f 1752 1963 273
f 1078 1752 273
f 1652 1782 1559
f 1752 1652 1559
f 1874 1782 1652
f 62 1752 1078
f 1752 1876 1652
f 305 1752 62
f 1876 1919 1652
f 160 1752 305
f 1752 160 1876
f 1919 1102 1652
f 160 464 1436
f 160 1436 1876
f 464 302 1436
f 302 86 1436
f 302 1577 86
f 1436 86 1876
f 86 1093 1876
f 1577 902 86
f 902 1093 86
f 1577 945 902
f 735 1919 1876
f 1876 1093 735
f 267 673 1626
f 673 1078 273
f 673 267 1078
f 267 1626 1838
f 267 62 1078
f 463 1626 423
f 1838 1626 463
f 267 305 62
f 267 615 305
f 615 267 1838
f 200 615 463
f 615 1838 463
f 160 305 615
f 200 160 615
f 711 200 463
f 200 464 160
f 464 200 711
f 886 423 1405
f 886 463 423
f 711 463 886
f 302 464 711
f 1405 1568 394
f 394 886 1405
f 945 886 394
f 1577 886 945
f 1577 711 886
f 302 711 1577
f 1817 134 1224
f 522 1817 1605
f 522 1605 1614
f 1817 1224 999
f 1817 999 1605
f 1224 1575 1277
f 999 1224 1277
f 1632 1614 1605
f 1277 71 999
f 1017 1605 999
f 1605 1017 1632
f 71 106 7
f 999 71 7
f 999 7 1017
f 7 106 750
f 1632 1017 560
f 230 1632 560
f 750 378 1236
f 750 1236 765
f 765 7 750
f 1017 7 765
f 1697 1017 765
f 560 1017 1697
f 746 1236 147
f 1661 765 746
f 765 1236 746
f 765 1661 1697
f 560 1697 1035
f 1598 1961 1646
f 379 1961 1614
f 1646 1961 379
f 1648 1358 1646
f 1358 1598 1646
f 1614 1632 379
f 1839 1646 379
f 1248 1646 1839
f 1648 1646 1248
f 230 379 1632
f 1839 379 230
f 1648 1248 1289
f 230 560 1219
f 1839 230 1219
f 1160 1839 1219
f 1160 1248 1839
f 1248 1160 1289
f 1219 560 1035
f 1160 1219 979
f 1942 1160 1711
f 1942 1289 1160
f 1978 722 1358
f 89 722 1978
f 443 963 89
f 443 161 963
f 1978 1358 1648
f 89 1978 1054
f 443 89 1054
f 1978 1648 1611
f 1054 1978 1611
f 887 599 1054
f 599 443 1054
f 1611 1648 1289
f 1611 1289 1299
f 1923 1611 1299
f 1923 1054 1611
f 887 1054 1923
f 887 1923 803
f 536 887 803
f 125 1299 1942
f 1289 1942 1299
f 1299 125 1188
f 1188 1923 1299
f 1923 1188 540
f 1769 803 540
f 803 1923 540
f 1904 960 1494
f 1494 1664 1904
f 1828 1664 1494
f 1664 1535 1904
f 1469 1535 1664
f 1918 1469 1664
f 1535 1360 1904
f 1360 1089 1904
f 676 1535 1469
f 1089 982 1904
f 1469 532 676
f 532 1818 676
f 1823 1735 633
f 1823 633 361
f 161 1823 361
f 633 1735 1664
f 183 161 443
f 1823 183 1735
f 161 183 1823
f 863 443 599
f 863 183 443
f 183 1296 1735
f 183 863 1296
f 1735 1296 1664
f 1296 186 1664
f 599 231 863
f 863 231 1296
f 231 186 1296
f 556 186 231
f 186 1918 1664
f 599 887 215
f 340 186 556
f 556 215 340
f 231 599 215
f 556 231 215
f 186 340 1918
f 215 887 536
f 1069 948 340
f 215 1069 340
f 1069 215 536
f 948 1469 1918
f 1918 340 948
f 284 536 803
f 444 284 1008
f 444 948 1069
f 284 444 1069
f 1069 536 284
f 532 444 210
f 444 532 1469
f 444 1469 948
f 1008 803 1769
f 1008 284 803
f 444 1008 210
f 1008 275 210
f 1818 532 210
f 1746 1933 366
f 1433 1933 1746
f 152 1933 740
f 740 1933 1433
f 1801 35 1698
f 61 1387 1937
f 1615 1387 61
f 1615 61 1698
f 568 1698 61
f 1768 1698 568
f 1768 1801 1698
f 991 1801 1768
f 1986 1801 991
f 1986 991 778
f 366 1450 820
f 1450 1937 820
f 1450 61 1937
f 568 1450 611
f 61 1450 568
f 367 568 611
f 367 1768 568
f 152 1768 367
f 991 1768 152
f 991 152 740
f 740 778 991
f 611 1450 366
f 611 366 1933
f 367 611 1933
f 152 367 1933
f 19 740 1433
f 1866 1770 19
f 1770 740 19
f 334 740 1770
f 1100 1770 1866
f 1100 1244 1770
f 1244 791 1770
f 1016 791 1244
f 822 1016 1244
f 822 1809 1016
f 1557 1809 822
f 1990 1801 1986
f 1990 1390 1855
f 1492 1855 1841
f 724 1568 1492
f 1390 1990 1986
f 1841 1855 1390
f 1703 724 1841
f 724 1492 1841
f 1666 724 453
f 724 1703 453
f 859 1666 453
f 22 1841 1390
f 778 740 334
f 1986 778 334
f 1390 1986 334
f 1770 1390 334
f 22 1390 1770
f 22 1770 791
f 791 1841 22
f 681 1841 791
f 1016 1703 681
f 1703 1841 681
f 1703 1016 1809
f 1809 453 1703
f 1557 1131 1809
f 1131 453 1809
f 1016 681 791
f 971 797 861
f 797 781 861
f 941 1098 477
f 795 781 941
f 861 781 795
f 477 1383 602
f 1098 1383 477
f 781 1455 941
f 1455 781 797
f 1665 1007 1455
f 1455 797 1665
f 810 618 1383
f 1098 810 1383
f 1098 1072 810
f 1098 1455 749
f 1098 749 1072
f 1455 1098 941
f 101 749 1455
f 1007 101 1455
f 205 101 783
f 1329 618 97
f 618 1329 1383
f 749 1974 1072
f 101 205 749
f 1919 1525 94
f 1010 635 1525
f 667 147 1010
f 147 635 1010
f 763 667 1010
f 627 763 1010
f 1525 627 1010
f 1525 1317 627
f 1316 350 667
f 667 763 1316
f 1460 1317 1525
f 850 943 763
f 627 850 763
f 943 733 1381
f 1381 737 1316
f 943 1381 1316
f 1316 763 943
f 943 850 733
f 850 1317 74
f 850 627 1317
f 733 797 971
f 1381 733 971
f 1317 1629 74
f 1317 1173 1629
f 1460 1173 1317
f 1665 797 733
f 850 74 1665
f 850 1665 733
f 1460 1198 1173
f 1198 1726 1173
f 74 1766 1007
f 74 1007 1665
f 1629 1766 74
f 1007 1243 101
f 1766 1243 1007
f 1243 1766 149
f 1766 760 149
f 1629 760 1766
f 1263 671 760
f 1173 1263 1629
f 1263 760 1629
f 1263 1726 671
f 1173 1726 1263
f 21 1100 1866
f 1447 1244 1100
f 1447 1055 1244
f 1055 822 1244
f 1055 369 822
f 369 1208 822
f 1866 783 101
f 21 1866 101
f 1243 21 101
f 149 1100 21
f 149 21 1243
f 1447 1100 149
f 760 1447 149
f 760 1055 1447
f 671 1055 760
f 671 369 1055
f 1726 369 671
f 1208 369 1726
f 394 1568 1888
f 1888 945 394
f 58 510 1888
f 510 902 945
f 510 945 1888
f 1174 735 1093
f 510 58 1174
f 1174 1093 902
f 510 1174 902
f 1415 1919 735
f 1888 1568 724
f 58 724 87
f 1888 724 58
f 375 1415 735
f 1532 375 735
f 1532 58 87
f 1532 735 1174
f 1532 1174 58
f 1415 1460 1919
f 1460 1525 1919
f 87 724 83
f 375 1186 1415
f 173 83 1186
f 1532 173 375
f 173 1186 375
f 87 83 173
f 1532 87 173
f 1415 931 1460
f 724 1666 83
f 1186 83 1666
f 1415 984 931
f 1186 984 1415
f 371 1666 859
f 371 1066 1666
f 1066 1186 1666
f 587 1868 931
f 984 1066 931
f 1066 587 931
f 1066 984 1186
f 931 1868 1460
f 1868 1198 1460
f 859 453 1131
f 371 859 1116
f 587 1685 1868
f 1066 1685 587
f 371 1116 1685
f 1685 1066 371
f 1131 1557 243
f 243 859 1131
f 243 1116 859
f 670 562 243
f 562 1116 243
f 1198 636 1208
f 1208 1726 1198
f 249 670 636
f 249 636 1198
f 249 1198 1868
f 249 562 670
f 1685 562 1868
f 562 249 1868
f 1685 1116 562
f 822 509 1557
f 243 1557 509
f 1208 509 822
f 1208 636 509
f 636 670 509
f 670 243 509
f 865 833 971
f 1704 833 865
f 1792 1704 624
f 913 1792 624
f 865 861 795
f 971 861 865
f 841 795 358
f 841 865 795
f 1704 865 841
f 624 1704 841
f 624 841 1570
f 624 1570 1764
f 913 624 1764
f 477 602 696
f 696 1965 477
f 1965 941 477
f 358 941 1965
f 795 941 358
f 1424 1965 696
f 1570 1965 1424
f 1570 841 358
f 358 1965 1570
f 1625 1570 1424
f 1764 1570 1625
f 147 667 350
f 746 147 350
f 746 350 1661
f 1697 1661 1338
f 737 350 1316
f 350 737 1734
f 1661 350 1734
f 1338 1661 1734
f 1792 1697 1338
f 1792 1035 1697
f 913 1035 1792
f 1381 971 833
f 833 737 1381
f 1704 737 833
f 1704 1734 737
f 1704 1338 1734
f 1338 1704 1792
f 1819 913 990
f 1443 979 990
f 88 957 1443
f 990 913 1764
f 990 1764 1235
f 1443 990 1235
f 1497 88 1235
f 88 1443 1235
f 1283 1764 1625
f 1235 1764 1283
f 1633 1235 1283
f 1497 1235 1633
f 1049 1497 1633
f 1219 1035 1819
f 1219 1819 979
f 1711 1160 979
f 1819 1035 913
f 979 1819 990
f 1443 1711 979
f 1711 1443 957
f 1942 1711 957
f 1209 957 88
f 1209 125 957
f 1188 125 1209
f 1188 1209 796
f 1700 1103 796
f 1372 1209 1497
f 1209 88 1497
f 1709 1209 1372
f 796 1209 1709
f 1550 796 1709
f 1700 796 1550
f 1049 1372 1497
f 1530 1372 1049
f 1320 1372 1530
f 1320 1709 1372
f 1148 1320 1530
f 1320 1550 1709
f 1041 1320 1148
f 1041 1373 1320
f 1373 1550 1320
f 125 1942 957
f 540 1188 796
f 540 796 1103
f 1769 540 1103
f 631 1535 676
f 85 631 676
f 1818 85 676
f 85 1021 631
f 584 1021 85
f 360 1360 1535
f 872 360 1535
f 631 1021 872
f 872 1535 631
f 1700 584 1103
f 294 360 872
f 294 1021 1700
f 294 1700 245
f 294 872 1021
f 1021 584 1700
f 1089 515 982
f 619 1089 1360
f 619 1360 1026
f 360 1026 1360
f 354 1550 1373
f 354 245 1550
f 245 1700 1550
f 1089 136 515
f 619 136 1089
f 412 136 619
f 54 1373 412
f 54 412 619
f 54 619 1026
f 354 1373 54
f 360 354 1026
f 354 54 1026
f 354 360 294
f 245 354 294
f 847 402 1041
f 1041 1148 847
f 1041 412 1373
f 136 402 515
f 402 847 515
f 136 1041 402
f 412 1041 136
f 65 275 1769
f 275 1008 1769
f 210 224 1818
f 224 85 1818
f 224 275 65
f 275 224 210
f 584 65 1103
f 65 1769 1103
f 65 584 85
f 65 85 224
f 1952 1866 19
f 976 1952 19
f 228 1952 976
f 783 1866 1952
f 228 976 1367
f 228 1367 1783
f 97 1783 1367
f 783 1952 1974
f 1974 205 783
f 97 618 1783
f 618 228 1783
f 618 810 228
f 810 1072 228
f 1072 1974 1952
f 1952 228 1072
f 1974 749 205

