v -0.298489 -0.866526 -0.00911596
v -0.291009 -0.866526 -0.0660907
v -0.29212 -0.87658 -0.0562151
v -0.292821 -0.879094 -0.0455798
v -0.29399 -0.882707 -0.0273479
v -0.294808 -0.88632 -0.00987562
v -0.298489 -0.866526 0.00911596
v -0.298489 0.373913 -0.00911596
v -0.286977 -0.866526 -0.082102
v -0.291009 0.373913 -0.0660907
v -0.283647 -0.884906 -0.082102
v -0.288789 -0.883493 -0.0629352
v -0.289724 -0.888205 -0.0455798
v -0.290951 -0.891819 -0.0273479
v -0.291652 -0.893547 -0.0164788
v -0.292353 -0.894332 -0.00432424
v -0.294808 -0.88632 0.00987562
v -0.29399 -0.882707 0.0273479
v -0.292821 -0.879094 0.0455798
v -0.29212 -0.87658 0.0562151
v -0.291009 -0.866526 0.0660907
v -0.298489 0.373913 0.00911596
v -0.298197 0.392136 -0.00911596
v -0.292061 0.392136 -0.0558645
v -0.280082 -0.866526 -0.100334
v -0.274531 -0.878937 -0.111554
v -0.286977 0.373913 -0.082102
v -0.290834 0.392136 -0.0649804
v -0.286685 0.392136 -0.082102
v -0.276868 -0.884906 -0.100276
v -0.272368 -0.891033 -0.106294
v -0.274706 -0.894804 -0.0941398
v -0.276985 -0.896532 -0.082102
v -0.279381 -0.89826 -0.0638117
v -0.292353 -0.894332 0.00432424
v -0.281835 -0.899831 -0.0273479
v -0.284465 -0.899516 -0.00987562
v -0.291652 -0.893547 0.0164788
v -0.290951 -0.891819 0.0273479
v -0.289724 -0.888205 0.0455798
v -0.288789 -0.883493 0.0629352
v -0.286977 -0.866526 0.082102
v -0.283647 -0.884906 0.082102
v -0.291009 0.373913 0.0660907
v -0.292061 0.392136 0.0558645
v -0.298197 0.392136 0.00911596
v -0.297379 0.410517 -0.00911596
v -0.291886 0.401405 -0.0547542
v -0.264947 -0.866526 -0.136798
v -0.280082 0.373913 -0.100334
v -0.25735 -0.881293 -0.148952
v -0.260506 -0.88632 -0.138259
v -0.25513 -0.893547 -0.145329
v -0.290542 0.408632 -0.0620002
v -0.285809 0.410517 -0.082102
v -0.279731 0.392136 -0.100334
v -0.257526 -0.895589 -0.133175
v -0.260564 -0.897631 -0.118566
v -0.26559 -0.899202 -0.100276
v -0.264538 -0.904386 -0.082102
v -0.263019 -0.908157 -0.0638117
v -0.265941 -0.908157 -0.0455798
v -0.284465 -0.899516 0.00987562
v -0.281835 -0.899831 0.0273479
v -0.279381 -0.89826 0.0638117
v -0.267109 -0.908942 -0.0273479
v -0.268219 -0.909571 -0.00911596
v -0.276985 -0.896532 0.082102
v -0.274531 -0.878937 0.111554
v -0.280082 -0.866526 0.100334
v -0.286977 0.373913 0.082102
v -0.272368 -0.891033 0.106294
v -0.276868 -0.884906 0.100276
v -0.274706 -0.894804 0.0941398
v -0.286685 0.392136 0.082102
v -0.290834 0.392136 0.0649804
v -0.291886 0.401405 0.0547542
v -0.297379 0.410517 0.00911596
v -0.295743 0.42874 -0.00911596
v -0.292353 0.423242 -0.03997
v -0.291535 0.413502 -0.0521246
v -0.294983 0.410517 -0.0273479
v -0.258285 -0.866526 -0.150413
v -0.264947 0.373913 -0.136798
v -0.274823 0.392136 -0.112255
v -0.264655 0.392136 -0.136798
v -0.250923 -0.88632 -0.15503
v -0.251974 -0.866526 -0.159588
v -0.219484 -0.877523 -0.201369
v -0.216913 -0.889776 -0.198097
v -0.2383 -0.894804 -0.165723
v -0.242391 -0.89716 -0.15503
v -0.247942 -0.900145 -0.138259
v -0.288555 0.42874 -0.0638117
v -0.278855 0.410517 -0.100334
v -0.284114 0.42874 -0.082102
v -0.24467 -0.907214 -0.117339
v -0.248644 -0.908942 -0.100334
v -0.252383 -0.910985 -0.082102
v -0.254662 -0.911927 -0.069889
v -0.255948 -0.912398 -0.057676
v -0.256825 -0.91287 -0.0455798
v -0.268219 -0.909571 0.00911596
v -0.267109 -0.908942 0.0273479
v -0.265941 -0.908157 0.0455798
v -0.263019 -0.908157 0.0638117
v -0.264538 -0.904386 0.082102
v -0.259104 -0.913812 -0.00911596
v -0.26559 -0.899202 0.100276
v -0.260564 -0.897631 0.118566
v -0.25513 -0.893547 0.145329
v -0.260506 -0.88632 0.138259
v -0.25735 -0.881293 0.148952
v -0.264947 -0.866526 0.136798
v -0.280082 0.373913 0.100334
v -0.257526 -0.895589 0.133175
v -0.279731 0.392136 0.100334
v -0.285809 0.410517 0.082102
v -0.290542 0.408632 0.0620002
v -0.294983 0.410517 0.0273479
v -0.291535 0.413502 0.0521246
v -0.292353 0.423242 0.03997
v -0.295743 0.42874 0.00911596
v -0.29212 0.457175 -0.0018115
v -0.293113 0.446963 -0.00835629
v -0.292412 0.440837 -0.0220887
v -0.291594 0.435495 -0.0342433
v -0.290893 0.429054 -0.045872
v -0.258285 0.373913 -0.150413
v -0.25811 0.392136 -0.15018
v -0.270615 0.410517 -0.120319
v -0.263778 0.410517 -0.136798
v -0.257701 0.410517 -0.149537
v -0.242858 -0.866526 -0.171567
v -0.251974 0.373913 -0.159588
v -0.235846 -0.866526 -0.180741
v -0.227548 -0.866526 -0.191552
v -0.219718 -0.866526 -0.20172
v -0.210836 -0.866526 -0.210836
v -0.201369 -0.877523 -0.219484
v -0.209141 -0.88365 -0.209141
v -0.198097 -0.889776 -0.216913
v -0.204758 -0.896375 -0.204758
v -0.221471 -0.895589 -0.185884
v -0.227782 -0.897945 -0.172444
v -0.228016 -0.904701 -0.15503
v -0.228425 -0.910042 -0.138492
v -0.234794 -0.911299 -0.122539
v -0.285867 0.446963 -0.0638117
v -0.276751 0.428269 -0.101386
v -0.273946 0.421828 -0.110151
v -0.281309 0.446963 -0.082102
v -0.275816 0.446963 -0.0964188
v -0.237541 -0.912398 -0.110385
v -0.239528 -0.913184 -0.100334
v -0.243209 -0.914441 -0.082102
v -0.24765 -0.914755 -0.0638117
v -0.246306 -0.916326 -0.0455798
v -0.256825 -0.91287 0.0455798
v -0.259104 -0.913812 0.00911596
v -0.255948 -0.912398 0.057676
v -0.254662 -0.911927 0.069889
v -0.252383 -0.910985 0.082102
v -0.248644 -0.908942 0.100334
v -0.24467 -0.907214 0.117339
v -0.247942 -0.900145 0.138259
v -0.246306 -0.917111 -0.0273479
v -0.246306 -0.91774 -0.00911596
v -0.216913 -0.889776 0.198097
v -0.250923 -0.88632 0.15503
v -0.242391 -0.89716 0.15503
v -0.2383 -0.894804 0.165723
v -0.219484 -0.877523 0.201369
v -0.251974 -0.866526 0.159588
v -0.258285 -0.866526 0.150413
v -0.264947 0.373913 0.136798
v -0.264655 0.392136 0.136798
v -0.274823 0.392136 0.112255
v -0.278855 0.410517 0.100334
v -0.284114 0.42874 0.082102
v -0.288555 0.42874 0.0638117
v -0.290893 0.429054 0.045872
v -0.291594 0.435495 0.0342433
v -0.292412 0.440837 0.0220887
v -0.293113 0.446963 0.00835629
v -0.29212 0.457175 0.0018115
v -0.29136 0.452933 -0.0139661
v -0.284874 0.48341 -0.00911596
v -0.289841 0.464087 -0.00835629
v -0.287153 0.465187 -0.0273479
v -0.2906 0.446963 -0.0278738
v -0.251799 0.392136 -0.159296
v -0.262025 0.42874 -0.136798
v -0.256825 0.42874 -0.148134
v -0.251273 0.410517 -0.158653
v -0.242858 0.373913 -0.171567
v -0.242683 0.392136 -0.171333
v -0.235846 0.373913 -0.180741
v -0.227548 0.373913 -0.191552
v -0.219718 0.373913 -0.20172
v -0.20172 -0.866526 -0.219718
v -0.210836 0.373913 -0.210836
v -0.191552 -0.866526 -0.227548
v -0.180741 -0.866526 -0.235846
v -0.171567 -0.866526 -0.242858
v -0.159588 -0.866526 -0.251974
v -0.148952 -0.881293 -0.25735
v -0.15503 -0.88632 -0.250923
v -0.145329 -0.893547 -0.25513
v -0.165723 -0.894804 -0.2383
v -0.185884 -0.895589 -0.221471
v -0.191786 -0.899202 -0.210427
v -0.19126 -0.908471 -0.19126
v -0.210427 -0.899202 -0.191786
v -0.208674 -0.907528 -0.172444
v -0.215102 -0.91067 -0.15503
v -0.218725 -0.912084 -0.14568
v -0.22264 -0.913498 -0.133525
v -0.228425 -0.914441 -0.117339
v -0.282302 0.465187 -0.0638117
v -0.273128 0.433924 -0.108223
v -0.27716 0.465658 -0.0831539
v -0.274531 0.460002 -0.0933217
v -0.254721 0.452933 -0.144511
v -0.266642 0.446963 -0.118566
v -0.228016 -0.91664 -0.100334
v -0.228016 -0.918525 -0.082102
v -0.228016 -0.919939 -0.0638117
v -0.246306 -0.916326 0.0455798
v -0.24765 -0.914755 0.0638117
v -0.246306 -0.91774 0.00911596
v -0.246306 -0.917111 0.0273479
v -0.243209 -0.914441 0.082102
v -0.239528 -0.913184 0.100334
v -0.237541 -0.912398 0.110385
v -0.234794 -0.911299 0.122539
v -0.228425 -0.910042 0.138492
v -0.228016 -0.904701 0.15503
v -0.228016 -0.920568 -0.0455798
v -0.228016 -0.921039 -0.00911596
v -0.221471 -0.895589 0.185884
v -0.204758 -0.896375 0.204758
v -0.198097 -0.889776 0.216913
v -0.209141 -0.88365 0.209141
v -0.227782 -0.897945 0.172444
v -0.201369 -0.877523 0.219484
v -0.210836 -0.866526 0.210836
v -0.219718 -0.866526 0.20172
v -0.227548 -0.866526 0.191552
v -0.235846 -0.866526 0.180741
v -0.242858 -0.866526 0.171567
v -0.251974 0.373913 0.159588
v -0.258285 0.373913 0.150413
v -0.25811 0.392136 0.15018
v -0.257701 0.410517 0.149537
v -0.263778 0.410517 0.136798
v -0.270615 0.410517 0.120319
v -0.273946 0.421828 0.110151
v -0.276751 0.428269 0.101386
v -0.275816 0.446963 0.0964188
v -0.281309 0.446963 0.082102
v -0.285867 0.446963 0.0638117
v -0.2906 0.446963 0.0278738
v -0.29136 0.452933 0.0139661
v -0.287153 0.465187 0.0273479
v -0.289841 0.464087 0.00835629
v -0.284874 0.48341 0.00911596
v -0.279147 0.501633 -0.00911596
v -0.275582 0.498177 -0.0455798
v -0.282536 0.48341 -0.0273479
v -0.28014 0.48341 -0.0455798
v -0.255948 0.440679 -0.14679
v -0.25028 0.42874 -0.15725
v -0.241164 0.42874 -0.169346
v -0.242157 0.410517 -0.17069
v -0.235671 0.392136 -0.180508
v -0.227198 0.392136 -0.191552
v -0.219543 0.392136 -0.201486
v -0.20172 0.373913 -0.219718
v -0.210602 0.392136 -0.210602
v -0.201486 0.392136 -0.219543
v -0.191552 0.373913 -0.227548
v -0.180741 0.373913 -0.235846
v -0.171567 0.373913 -0.242858
v -0.150413 -0.866526 -0.258285
v -0.159588 0.373913 -0.251974
v -0.111554 -0.878937 -0.274531
v -0.138259 -0.88632 -0.260506
v -0.136798 -0.866526 -0.264947
v -0.106294 -0.891033 -0.272368
v -0.0941398 -0.894804 -0.274706
v -0.133175 -0.895589 -0.257526
v -0.138259 -0.900145 -0.247942
v -0.15503 -0.89716 -0.242391
v -0.172444 -0.897945 -0.227782
v -0.15503 -0.904701 -0.228016
v -0.172444 -0.907528 -0.208674
v -0.177936 -0.910827 -0.197162
v -0.185007 -0.913027 -0.185007
v -0.197162 -0.910827 -0.177936
v -0.201895 -0.912713 -0.165782
v -0.205986 -0.913812 -0.15503
v -0.211479 -0.91554 -0.138492
v -0.209784 -0.918996 -0.118566
v -0.277686 0.48341 -0.0638117
v -0.273712 0.492679 -0.073103
v -0.275056 0.48341 -0.076726
v -0.258694 0.446806 -0.137791
v -0.273187 0.472099 -0.0899909
v -0.262902 0.465187 -0.118566
v -0.257234 0.465187 -0.132181
v -0.24952 0.446806 -0.153744
v -0.253202 0.465187 -0.141297
v -0.241281 0.48341 -0.151407
v -0.243209 0.465344 -0.156315
v -0.209784 -0.92041 -0.100334
v -0.209784 -0.921353 -0.082102
v -0.228016 -0.919939 0.0638117
v -0.228016 -0.918525 0.082102
v -0.228016 -0.921039 0.00911596
v -0.228016 -0.920568 0.0455798
v -0.228016 -0.91664 0.100334
v -0.228425 -0.914441 0.117339
v -0.22264 -0.913498 0.133525
v -0.218725 -0.912084 0.14568
v -0.215102 -0.91067 0.15503
v -0.208674 -0.907528 0.172444
v -0.210427 -0.899202 0.191786
v -0.209784 -0.921667 -0.0638117
v -0.185884 -0.895589 0.221471
v -0.19126 -0.908471 0.19126
v -0.191786 -0.899202 0.210427
v -0.165723 -0.894804 0.2383
v -0.145329 -0.893547 0.25513
v -0.15503 -0.88632 0.250923
v -0.159588 -0.866526 0.251974
v -0.171567 -0.866526 0.242858
v -0.180741 -0.866526 0.235846
v -0.191552 -0.866526 0.227548
v -0.20172 -0.866526 0.219718
v -0.148952 -0.881293 0.25735
v -0.210836 0.373913 0.210836
v -0.219718 0.373913 0.20172
v -0.227548 0.373913 0.191552
v -0.235846 0.373913 0.180741
v -0.242858 0.373913 0.171567
v -0.242683 0.392136 0.171333
v -0.251799 0.392136 0.159296
v -0.251273 0.410517 0.158653
v -0.256825 0.42874 0.148134
v -0.262025 0.42874 0.136798
v -0.273128 0.433924 0.108223
v -0.266642 0.446963 0.118566
v -0.254721 0.452933 0.144511
v -0.274531 0.460002 0.0933217
v -0.27716 0.465658 0.0831539
v -0.282302 0.465187 0.0638117
v -0.28014 0.48341 0.0455798
v -0.282536 0.48341 0.0273479
v -0.275582 0.498177 0.0455798
v -0.279147 0.501633 0.00911596
v -0.2764 0.50289 -0.0274063
v -0.274823 0.513887 -0.00911596
v -0.274063 0.511844 -0.021329
v -0.274355 0.494564 -0.0638117
v -0.272485 0.507289 -0.0455798
v -0.239469 0.446963 -0.167184
v -0.225036 0.42874 -0.190383
v -0.218783 0.417743 -0.200493
v -0.219192 0.405647 -0.201077
v -0.191552 0.392136 -0.227198
v -0.201077 0.405647 -0.219192
v -0.180508 0.392136 -0.235671
v -0.171333 0.392136 -0.242683
v -0.150413 0.373913 -0.258285
v -0.159296 0.392136 -0.251799
v -0.15018 0.392136 -0.25811
v -0.082102 -0.884906 -0.283647
v -0.100276 -0.884906 -0.276868
v -0.100334 -0.866526 -0.280082
v -0.082102 -0.866526 -0.286977
v -0.136798 0.373913 -0.264947
v -0.082102 -0.896532 -0.276985
v -0.118566 -0.897631 -0.260564
v -0.082102 -0.904386 -0.264538
v -0.117339 -0.907214 -0.24467
v -0.122539 -0.911299 -0.234794
v -0.138492 -0.910042 -0.228425
v -0.15503 -0.91067 -0.215102
v -0.165782 -0.912713 -0.201895
v -0.172444 -0.914284 -0.19126
v -0.17332 -0.918211 -0.17332
v -0.19126 -0.914284 -0.172444
v -0.191552 -0.917425 -0.15503
v -0.191552 -0.919939 -0.136798
v -0.271141 0.503675 -0.0638117
v -0.264947 0.519856 -0.0638117
v -0.256825 0.531796 -0.0764338
v -0.259513 0.520171 -0.0823358
v -0.268161 0.499905 -0.080349
v -0.259162 0.50179 -0.100626
v -0.256532 0.495821 -0.112196
v -0.25402 0.48828 -0.124351
v -0.271492 0.48341 -0.0858419
v -0.255948 0.476026 -0.129026
v -0.238008 0.459374 -0.165314
v -0.250572 0.482624 -0.135804
v -0.238826 0.496606 -0.148134
v -0.234385 0.48341 -0.160581
v -0.236431 0.47147 -0.163211
v -0.191552 -0.921353 -0.118566
v -0.191552 -0.921824 -0.100334
v -0.209784 -0.921353 0.082102
v -0.209784 -0.92041 0.100334
v -0.209784 -0.918996 0.118566
v -0.209784 -0.921667 0.0638117
v -0.211479 -0.91554 0.138492
v -0.205986 -0.913812 0.15503
v -0.201895 -0.912713 0.165782
v -0.197162 -0.910827 0.177936
v -0.172444 -0.897945 0.227782
v -0.172444 -0.907528 0.208674
v -0.185007 -0.913027 0.185007
v -0.177936 -0.910827 0.197162
v -0.15503 -0.904701 0.228016
v -0.15503 -0.89716 0.242391
v -0.106294 -0.891033 0.272368
v -0.111554 -0.878937 0.274531
v -0.138259 -0.88632 0.260506
v -0.138259 -0.900145 0.247942
v -0.133175 -0.895589 0.257526
v -0.0941398 -0.894804 0.274706
v -0.150413 -0.866526 0.258285
v -0.159588 0.373913 0.251974
v -0.171567 0.373913 0.242858
v -0.180741 0.373913 0.235846
v -0.191552 0.373913 0.227548
v -0.20172 0.373913 0.219718
v -0.136798 -0.866526 0.264947
v -0.201486 0.392136 0.219543
v -0.210602 0.392136 0.210602
v -0.219543 0.392136 0.201486
v -0.227198 0.392136 0.191552
v -0.235671 0.392136 0.180508
v -0.242157 0.410517 0.17069
v -0.241164 0.42874 0.169346
v -0.25028 0.42874 0.15725
v -0.255948 0.440679 0.14679
v -0.258694 0.446806 0.137791
v -0.24952 0.446806 0.153744
v -0.243209 0.465344 0.156315
v -0.241281 0.48341 0.151407
v -0.253202 0.465187 0.141297
v -0.257234 0.465187 0.132181
v -0.262902 0.465187 0.118566
v -0.273187 0.472099 0.0899909
v -0.275056 0.48341 0.076726
v -0.273712 0.492679 0.073103
v -0.277686 0.48341 0.0638117
v -0.274355 0.494564 0.0638117
v -0.272485 0.507289 0.0455798
v -0.2764 0.50289 0.0274063
v -0.274063 0.511844 0.021329
v -0.274823 0.513887 0.00911596
v -0.273245 0.509645 -0.0334836
v -0.271258 0.522998 -0.00911596
v -0.270557 0.518757 -0.0274063
v -0.267694 0.519856 -0.0455798
v -0.223341 0.446963 -0.188163
v -0.218023 0.42874 -0.199499
v -0.208907 0.42874 -0.208907
v -0.200493 0.417743 -0.218783
v -0.209901 0.411616 -0.209901
v -0.17069 0.410517 -0.242157
v -0.158653 0.410517 -0.251273
v -0.149537 0.410517 -0.257701
v -0.136798 0.392136 -0.264655
v -0.0562151 -0.87658 -0.29212
v -0.0629352 -0.883493 -0.288789
v -0.100334 0.373913 -0.280082
v -0.0660907 -0.866526 -0.291009
v -0.082102 0.373913 -0.286977
v -0.0455798 -0.888205 -0.289724
v -0.0273479 -0.891819 -0.290951
v -0.0638117 -0.89826 -0.279381
v -0.100276 -0.899202 -0.26559
v -0.0638117 -0.908157 -0.263019
v -0.069889 -0.911927 -0.254662
v -0.082102 -0.910985 -0.252383
v -0.100334 -0.908942 -0.248644
v -0.110385 -0.912398 -0.237541
v -0.117339 -0.914441 -0.228425
v -0.133525 -0.913498 -0.22264
v -0.14568 -0.912084 -0.218725
v -0.15503 -0.913812 -0.205986
v -0.138492 -0.91554 -0.211479
v -0.15503 -0.917425 -0.191552
v -0.136798 -0.919939 -0.191552
v -0.15503 -0.920568 -0.17332
v -0.17332 -0.920568 -0.15503
v -0.258344 0.535095 -0.0638117
v -0.237132 0.528968 -0.127623
v -0.254312 0.526454 -0.0885884
v -0.253844 0.544206 -0.0638117
v -0.247124 0.55646 -0.0638117
v -0.238008 0.566828 -0.0750313
v -0.241398 0.556617 -0.0814593
v -0.251215 0.53808 -0.0823358
v -0.256883 0.514358 -0.0947241
v -0.25437 0.507917 -0.106879
v -0.251799 0.50179 -0.118391
v -0.239644 0.516872 -0.132357
v -0.242449 0.502262 -0.137791
v -0.216329 0.446963 -0.197279
v -0.22112 0.465187 -0.185299
v -0.214108 0.465187 -0.194415
v -0.236255 0.508703 -0.144511
v -0.231522 0.502262 -0.154562
v -0.221646 0.501633 -0.167769
v -0.214634 0.501633 -0.176885
v -0.200434 0.49205 -0.200434
v -0.217381 0.48828 -0.180391
v -0.219601 0.476183 -0.183313
v -0.210076 0.484195 -0.191903
v -0.17332 -0.92151 -0.136798
v -0.191552 -0.921824 0.100334
v -0.15503 -0.921667 -0.15503
v -0.100334 -0.921824 -0.191552
v -0.191552 -0.921353 0.118566
v -0.191552 -0.917425 0.15503
v -0.191552 -0.919939 0.136798
v -0.19126 -0.914284 0.172444
v -0.15503 -0.91067 0.215102
v -0.165782 -0.912713 0.201895
v -0.17332 -0.918211 0.17332
v -0.172444 -0.914284 0.19126
v -0.138492 -0.910042 0.228425
v -0.082102 -0.884906 0.283647
v -0.100276 -0.884906 0.276868
v -0.082102 -0.866526 0.286977
v -0.100334 -0.866526 0.280082
v -0.122539 -0.911299 0.234794
v -0.117339 -0.907214 0.24467
v -0.082102 -0.904386 0.264538
v -0.118566 -0.897631 0.260564
v -0.082102 -0.896532 0.276985
v -0.150413 0.373913 0.258285
v -0.15018 0.392136 0.25811
v -0.159296 0.392136 0.251799
v -0.171333 0.392136 0.242683
v -0.180508 0.392136 0.235671
v -0.191552 0.392136 0.227198
v -0.136798 0.373913 0.264947
v -0.201077 0.405647 0.219192
v -0.219192 0.405647 0.201077
v -0.218783 0.417743 0.200493
v -0.225036 0.42874 0.190383
v -0.239469 0.446963 0.167184
v -0.238008 0.459374 0.165314
v -0.236431 0.47147 0.163211
v -0.234385 0.48341 0.160581
v -0.238826 0.496606 0.148134
v -0.250572 0.482624 0.135804
v -0.255948 0.476026 0.129026
v -0.271492 0.48341 0.0858419
v -0.25402 0.48828 0.124351
v -0.256532 0.495821 0.112196
v -0.259162 0.50179 0.100626
v -0.268161 0.499905 0.080349
v -0.259513 0.520171 0.0823358
v -0.256825 0.531796 0.0764338
v -0.264947 0.519856 0.0638117
v -0.271141 0.503675 0.0638117
v -0.267694 0.519856 0.0455798
v -0.273245 0.509645 0.0334836
v -0.270557 0.518757 0.0274063
v -0.271258 0.522998 0.00911596
v -0.264538 0.538237 -0.00911596
v -0.262142 0.538237 -0.0273479
v -0.259104 0.539494 -0.0455798
v -0.207213 0.446963 -0.207213
v -0.199499 0.42874 -0.218023
v -0.190383 0.42874 -0.225036
v -0.169346 0.42874 -0.241164
v -0.15725 0.42874 -0.25028
v -0.148134 0.42874 -0.256825
v -0.136798 0.410517 -0.263778
v -0.120319 0.410517 -0.270615
v -0.112255 0.392136 -0.274823
v -0.00911596 -0.866526 -0.298489
v -0.0455798 -0.879094 -0.292821
v -0.100334 0.392136 -0.279731
v -0.082102 0.392136 -0.286685
v -0.0660907 0.373913 -0.291009
v -0.0273479 -0.882707 -0.29399
v -0.0164788 -0.893547 -0.291652
v -0.0273479 -0.899831 -0.281835
v -0.0455798 -0.908157 -0.265941
v -0.00432424 -0.894332 -0.292353
v -0.057676 -0.912398 -0.255948
v -0.0638117 -0.914755 -0.24765
v -0.082102 -0.914441 -0.243209
v -0.100334 -0.913184 -0.239528
v -0.100334 -0.91664 -0.228016
v -0.118566 -0.918996 -0.209784
v -0.118566 -0.921353 -0.191552
v -0.136798 -0.92151 -0.17332
v -0.255013 0.546406 -0.0516571
v -0.234327 0.521742 -0.137791
v -0.243151 0.521742 -0.120319
v -0.236489 0.546092 -0.107872
v -0.234794 0.539179 -0.120319
v -0.225036 0.55756 -0.119384
v -0.218082 0.564315 -0.125987
v -0.221763 0.552218 -0.131948
v -0.225561 0.538551 -0.137557
v -0.241339 0.572484 -0.0455798
v -0.239586 0.569499 -0.0638117
v -0.22299 0.574683 -0.0991652
v -0.220828 0.568557 -0.113833
v -0.235496 0.562744 -0.0871859
v -0.233859 0.578611 -0.0638117
v -0.221471 0.587094 -0.082102
v -0.219367 0.584423 -0.0922698
v -0.233275 0.556617 -0.10121
v -0.239002 0.55049 -0.0957175
v -0.204992 0.465187 -0.204992
v -0.202713 0.479954 -0.202713
v -0.22112 0.532738 -0.148836
v -0.223692 0.518757 -0.154971
v -0.219426 0.511844 -0.164905
v -0.205518 0.501633 -0.188689
v -0.202596 0.514829 -0.184949
v -0.197805 0.501633 -0.197805
v -0.184949 0.514829 -0.202596
v -0.188689 0.501633 -0.205518
v -0.176885 0.501633 -0.214634
v -0.148134 0.496606 -0.238826
v -0.180391 0.48828 -0.217381
v -0.191903 0.484195 -0.210076
v -0.100334 -0.921824 0.191552
v -0.15503 -0.921667 0.15503
v -0.17332 -0.92151 0.136798
v 0.100334 -0.921824 -0.191552
v -0.082102 -0.921353 -0.209784
v -0.0638117 -0.921667 -0.209784
v -0.17332 -0.920568 0.15503
v -0.14568 -0.912084 0.218725
v -0.15503 -0.913812 0.205986
v -0.15503 -0.917425 0.191552
v -0.15503 -0.920568 0.17332
v -0.136798 -0.919939 0.191552
v -0.138492 -0.91554 0.211479
v -0.133525 -0.913498 0.22264
v -0.0629352 -0.883493 0.288789
v -0.0562151 -0.87658 0.29212
v -0.0660907 -0.866526 0.291009
v -0.082102 0.373913 0.286977
v -0.100334 0.373913 0.280082
v -0.110385 -0.912398 0.237541
v -0.082102 -0.910985 0.252383
v -0.100334 -0.908942 0.248644
v -0.117339 -0.914441 0.228425
v -0.069889 -0.911927 0.254662
v -0.0638117 -0.908157 0.263019
v -0.0638117 -0.89826 0.279381
v -0.100276 -0.899202 0.26559
v -0.0273479 -0.891819 0.290951
v -0.0455798 -0.888205 0.289724
v -0.136798 0.392136 0.264655
v -0.149537 0.410517 0.257701
v -0.158653 0.410517 0.251273
v -0.17069 0.410517 0.242157
v -0.200493 0.417743 0.218783
v -0.209901 0.411616 0.209901
v -0.208907 0.42874 0.208907
v -0.218023 0.42874 0.199499
v -0.223341 0.446963 0.188163
v -0.216329 0.446963 0.197279
v -0.214108 0.465187 0.194415
v -0.22112 0.465187 0.185299
v -0.219601 0.476183 0.183313
v -0.210076 0.484195 0.191903
v -0.217381 0.48828 0.180391
v -0.200434 0.49205 0.200434
v -0.214634 0.501633 0.176885
v -0.221646 0.501633 0.167769
v -0.231522 0.502262 0.154562
v -0.236255 0.508703 0.144511
v -0.242449 0.502262 0.137791
v -0.239644 0.516872 0.132357
v -0.251799 0.50179 0.118391
v -0.25437 0.507917 0.106879
v -0.256883 0.514358 0.0947241
v -0.254312 0.526454 0.0885884
v -0.237132 0.528968 0.127623
v -0.251215 0.53808 0.0823358
v -0.241398 0.556617 0.0814593
v -0.238008 0.566828 0.0750313
v -0.247124 0.55646 0.0638117
v -0.253844 0.544206 0.0638117
v -0.258344 0.535095 0.0638117
v -0.259104 0.539494 0.0455798
v -0.262142 0.538237 0.0273479
v -0.264538 0.538237 0.00911596
v -0.257818 0.551747 -0.00911596
v -0.255831 0.548134 -0.0395025
v -0.197279 0.446963 -0.216329
v -0.188163 0.446963 -0.223341
v -0.167184 0.446963 -0.239469
v -0.14679 0.440679 -0.255948
v -0.136798 0.42874 -0.262025
v -0.110151 0.421828 -0.273946
v -0.100334 0.410517 -0.278855
v 0.00911596 -0.866526 -0.298489
v -0.00987562 -0.88632 -0.294808
v -0.00911596 0.373913 -0.298489
v -0.0649804 0.392136 -0.290834
v -0.082102 0.410517 -0.285809
v -0.0558645 0.392136 -0.292061
v -0.00987562 -0.899516 -0.284465
v -0.0273479 -0.908942 -0.267109
v -0.0455798 -0.91287 -0.256825
v 0.00432424 -0.894332 -0.292353
v -0.0455798 -0.916326 -0.246306
v -0.0638117 -0.919939 -0.228016
v -0.082102 -0.918525 -0.228016
v -0.100334 -0.92041 -0.209784
v -0.251215 0.555046 -0.0455798
v -0.201252 0.566357 -0.146673
v -0.214225 0.55756 -0.137557
v -0.216855 0.580653 -0.104424
v -0.213874 0.574683 -0.119384
v -0.204116 0.588194 -0.118566
v -0.201252 0.584423 -0.1285
v -0.204525 0.573269 -0.135454
v -0.217497 0.544992 -0.144102
v -0.251682 0.558659 -0.0273479
v -0.252851 0.560859 -0.00911596
v -0.244728 0.574683 -0.00911596
v -0.237482 0.584266 -0.0205109
v -0.235846 0.581596 -0.0455798
v -0.219367 0.602647 -0.0561566
v -0.223867 0.593378 -0.0628767
v -0.217205 0.599819 -0.0683112
v -0.214517 0.596206 -0.082102
v -0.200025 0.601233 -0.107989
v -0.194415 0.465187 -0.214108
v -0.183313 0.476183 -0.219601
v -0.199675 0.526926 -0.181092
v -0.216446 0.524098 -0.16099
v -0.203414 0.538237 -0.167769
v -0.192312 0.520956 -0.192312
v -0.181092 0.526926 -0.199675
v -0.154971 0.518757 -0.223692
v -0.164905 0.511844 -0.219426
v -0.167769 0.501633 -0.221646
v -0.154562 0.502262 -0.231522
v -0.144511 0.508703 -0.236255
v -0.137791 0.502262 -0.242508
v -0.135804 0.482624 -0.250572
v -0.141297 0.465187 -0.253202
v -0.151407 0.48341 -0.241281
v -0.160581 0.48341 -0.234385
v 0.100334 -0.921824 0.191552
v -0.0638117 -0.921667 0.209784
v -0.082102 -0.921353 0.209784
v -0.118566 -0.921353 0.191552
v -0.136798 -0.92151 0.17332
v 0.191552 -0.921824 -0.100334
v 0.0638117 -0.921667 -0.209784
v 0.082102 -0.921353 -0.209784
v 0.118566 -0.921353 -0.191552
v 0.136798 -0.92151 -0.17332
v 0.15503 -0.921667 -0.15503
v -0.0455798 -0.920568 -0.228016
v -0.00911596 -0.921039 -0.228016
v -0.118566 -0.918996 0.209784
v -0.0455798 -0.879094 0.292821
v -0.00911596 -0.866526 0.298489
v -0.0660907 0.373913 0.291009
v -0.082102 0.392136 0.286685
v -0.100334 0.392136 0.279731
v -0.112255 0.392136 0.274823
v -0.100334 -0.913184 0.239528
v -0.082102 -0.914441 0.243209
v -0.100334 -0.91664 0.228016
v -0.0638117 -0.914755 0.24765
v -0.057676 -0.912398 0.255948
v -0.0455798 -0.908157 0.265941
v -0.0273479 -0.899831 0.281835
v -0.00432424 -0.894332 0.292353
v -0.0164788 -0.893547 0.291652
v -0.0273479 -0.882707 0.29399
v -0.120319 0.410517 0.270615
v -0.136798 0.410517 0.263778
v -0.148134 0.42874 0.256825
v -0.15725 0.42874 0.25028
v -0.169346 0.42874 0.241164
v -0.190383 0.42874 0.225036
v -0.199499 0.42874 0.218023
v -0.207213 0.446963 0.207213
v -0.204992 0.465187 0.204992
v -0.202713 0.479954 0.202713
v -0.148134 0.496606 0.238826
v -0.176885 0.501633 0.214634
v -0.188689 0.501633 0.205518
v -0.184949 0.514829 0.202596
v -0.197805 0.501633 0.197805
v -0.202596 0.514829 0.184949
v -0.205518 0.501633 0.188689
v -0.191903 0.484195 0.210076
v -0.180391 0.48828 0.217381
v -0.219426 0.511844 0.164905
v -0.223692 0.518757 0.154971
v -0.22112 0.532738 0.148836
v -0.234327 0.521742 0.137791
v -0.243151 0.521742 0.120319
v -0.225561 0.538551 0.137557
v -0.221763 0.552218 0.131948
v -0.218082 0.564315 0.125987
v -0.225036 0.55756 0.119384
v -0.234794 0.539179 0.120319
v -0.236489 0.546092 0.107872
v -0.239002 0.55049 0.0957175
v -0.233275 0.556617 0.10121
v -0.235496 0.562744 0.0871859
v -0.239586 0.569499 0.0638117
v -0.220828 0.568557 0.113833
v -0.22299 0.574683 0.0991652
v -0.219367 0.584423 0.0922698
v -0.221471 0.587094 0.082102
v -0.233859 0.578611 0.0638117
v -0.241339 0.572484 0.0455798
v -0.255013 0.546406 0.0516571
v -0.255831 0.548134 0.0395025
v -0.257818 0.551747 0.00911596
v -0.165314 0.459374 -0.238008
v -0.153744 0.446806 -0.24952
v -0.144511 0.452933 -0.254721
v -0.137791 0.446806 -0.258694
v -0.108223 0.433924 -0.273128
v -0.101386 0.428269 -0.276751
v -0.082102 0.42874 -0.284114
v 0.0660907 -0.866526 -0.291009
v 0.0562151 -0.87658 -0.29212
v 0.0455798 -0.879094 -0.292821
v 0.0273479 -0.882707 -0.29399
v 0.00987562 -0.88632 -0.294808
v 0.00911596 0.373913 -0.298489
v -0.00911596 0.392136 -0.298197
v -0.0620002 0.408632 -0.290542
v -0.0547542 0.401405 -0.291886
v -0.0638117 0.42874 -0.288555
v 0.00987562 -0.899516 -0.284465
v -0.00911596 -0.909571 -0.268219
v -0.0273479 -0.913341 -0.257993
v 0.0164788 -0.893547 -0.291652
v 0.0638117 -0.89826 -0.279381
v 0.0273479 -0.899831 -0.281835
v -0.00911596 -0.913812 -0.259104
v -0.0273479 -0.917111 -0.246306
v -0.179806 0.580339 -0.160756
v -0.184423 0.568242 -0.166717
v -0.190208 0.554418 -0.171567
v -0.200668 0.547348 -0.164204
v -0.196577 0.597462 -0.118566
v -0.183722 0.603432 -0.129435
v -0.179105 0.598248 -0.14159
v -0.184423 0.586151 -0.148602
v -0.196577 0.578454 -0.140655
v -0.252851 0.560859 0.00911596
v -0.244728 0.574683 0.00911596
v -0.238184 0.585209 -0.00911596
v -0.236664 0.583009 -0.0326655
v -0.231697 0.59432 -0.00911596
v -0.23158 0.591336 -0.0268804
v -0.220244 0.603746 -0.0455798
v -0.228016 0.592907 -0.0455798
v -0.159529 0.68308 -0.0269973
v -0.158828 0.68308 -0.0301528
v -0.202187 0.62197 -0.0586109
v -0.209725 0.610973 -0.0634611
v -0.205401 0.607517 -0.082102
v -0.202596 0.604375 -0.0958344
v -0.14644 0.68308 -0.0638117
v -0.137557 0.68308 -0.0826864
v -0.182202 0.620084 -0.109041
v -0.187461 0.607517 -0.118566
v -0.163211 0.47147 -0.236431
v -0.185299 0.465187 -0.22112
v -0.196402 0.538237 -0.176885
v -0.183838 0.549391 -0.183838
v -0.187286 0.538237 -0.187286
v -0.148836 0.532738 -0.22112
v -0.16099 0.524098 -0.216446
v -0.176885 0.538237 -0.196402
v -0.167769 0.538237 -0.203414
v -0.137791 0.521742 -0.234327
v -0.127623 0.528968 -0.237132
v -0.132357 0.516872 -0.239644
v -0.124351 0.48828 -0.25402
v -0.129026 0.476026 -0.255948
v -0.132181 0.465187 -0.257234
v -0.156315 0.465344 -0.243209
v 0.191552 -0.921824 0.100334
v 0.15503 -0.921667 0.15503
v 0.136798 -0.92151 0.17332
v 0.118566 -0.921353 0.191552
v 0.082102 -0.921353 0.209784
v 0.0638117 -0.921667 0.209784
v -0.00911596 -0.921039 0.228016
v -0.0455798 -0.920568 0.228016
v -0.0638117 -0.919939 0.228016
v -0.100334 -0.92041 0.209784
v 0.17332 -0.92151 -0.136798
v 0.191552 -0.921353 -0.118566
v 0.209784 -0.921353 -0.082102
v 0.209784 -0.921667 -0.0638117
v 0.00911596 -0.921039 -0.228016
v 0.0455798 -0.920568 -0.228016
v 0.0638117 -0.919939 -0.228016
v 0.100334 -0.92041 -0.209784
v 0.136798 -0.919939 -0.191552
v 0.15503 -0.920568 -0.17332
v 0.17332 -0.920568 -0.15503
v -0.00911596 -0.91774 -0.246306
v -0.082102 -0.918525 0.228016
v -0.00987562 -0.88632 0.294808
v 0.00911596 -0.866526 0.298489
v -0.00911596 0.373913 0.298489
v -0.0558645 0.392136 0.292061
v -0.0649804 0.392136 0.290834
v -0.082102 0.410517 0.285809
v -0.100334 0.410517 0.278855
v -0.0455798 -0.916326 0.246306
v -0.0455798 -0.91287 0.256825
v -0.0273479 -0.908942 0.267109
v -0.00987562 -0.899516 0.284465
v 0.00432424 -0.894332 0.292353
v -0.110151 0.421828 0.273946
v -0.136798 0.42874 0.262025
v -0.14679 0.440679 0.255948
v -0.167184 0.446963 0.239469
v -0.188163 0.446963 0.223341
v -0.197279 0.446963 0.216329
v -0.194415 0.465187 0.214108
v -0.183313 0.476183 0.219601
v -0.137791 0.502262 0.242449
v -0.144511 0.508703 0.236255
v -0.154562 0.502262 0.231522
v -0.167769 0.501633 0.221646
v -0.160581 0.48341 0.234385
v -0.151407 0.48341 0.241281
v -0.141297 0.465187 0.253202
v -0.135804 0.482624 0.250572
v -0.164905 0.511844 0.219426
v -0.154971 0.518757 0.223692
v -0.181092 0.526926 0.199675
v -0.192312 0.520956 0.192312
v -0.199675 0.526926 0.181092
v -0.216446 0.524098 0.16099
v -0.203414 0.538237 0.167769
v -0.217497 0.544992 0.144102
v -0.214225 0.55756 0.137557
v -0.201252 0.566357 0.146673
v -0.204525 0.573269 0.135454
v -0.201252 0.584423 0.1285
v -0.204116 0.588194 0.118566
v -0.213874 0.574683 0.119384
v -0.216855 0.580653 0.104483
v -0.235846 0.581596 0.0455798
v -0.200025 0.601233 0.107989
v -0.214517 0.596206 0.082102
v -0.217205 0.599819 0.0683112
v -0.223867 0.593378 0.0628767
v -0.219367 0.602647 0.0561566
v -0.251682 0.558659 0.0273479
v -0.251215 0.555046 0.0455798
v -0.237482 0.584266 0.0205109
v -0.0933217 0.460002 -0.274531
v -0.0964188 0.446963 -0.275816
v -0.118566 0.446963 -0.266642
v -0.082102 0.446963 -0.281309
v -0.0638117 0.446963 -0.285867
v 0.082102 -0.866526 -0.286977
v 0.0660907 0.373913 -0.291009
v 0.082102 -0.884906 -0.283647
v 0.0629352 -0.883493 -0.288789
v 0.0455798 -0.888205 -0.289724
v 0.0273479 -0.891819 -0.290951
v 0.00911596 0.392136 -0.298197
v 0.0558645 0.392136 -0.292061
v -0.00911596 0.410517 -0.297379
v -0.0521246 0.413502 -0.291535
v -0.0273479 0.410517 -0.294983
v -0.0342433 0.435495 -0.291594
v -0.045872 0.429054 -0.290893
v -0.03997 0.423242 -0.292353
v 0.0273479 -0.908942 -0.267109
v 0.00911596 -0.909571 -0.268219
v 0.082102 -0.904386 -0.264538
v 0.0638117 -0.908157 -0.263019
v 0.0455798 -0.908157 -0.265941
v 0.082102 -0.896532 -0.276985
v 0.00911596 -0.913812 -0.259104
v -0.17332 0.592907 -0.155088
v -0.167593 0.587565 -0.167593
v -0.178871 0.561644 -0.178871
v -0.178579 0.616628 -0.118566
v -0.129902 0.68308 -0.093906
v -0.1143 0.68308 -0.1143
v -0.166892 0.604846 -0.149478
v -0.238184 0.585209 0.00911596
v -0.231697 0.59432 0.00911596
v -0.222581 0.606731 -0.00911596
v -0.159938 0.68308 -0.00911596
v -0.21516 0.615843 -0.00911596
v -0.15351 0.68308 -0.0463979
v -0.153335 0.68308 -0.0469238
v -0.152809 0.68308 -0.0483263
v -0.199791 0.619299 -0.070824
v -0.148134 0.68308 -0.0599549
v -0.164204 0.547348 -0.200668
v -0.166717 0.568242 -0.184423
v -0.171567 0.554418 -0.190208
v -0.144102 0.544992 -0.217497
v -0.131948 0.552218 -0.221763
v -0.137557 0.538551 -0.225561
v -0.0764338 0.531796 -0.256825
v -0.0885884 0.526454 -0.254312
v -0.0947241 0.514358 -0.256883
v -0.120319 0.521742 -0.243151
v -0.118391 0.50179 -0.251799
v -0.125987 0.564315 -0.218082
v -0.119384 0.55756 -0.225036
v -0.120319 0.539179 -0.234794
v -0.107872 0.546092 -0.236489
v -0.0823358 0.53808 -0.251215
v -0.112196 0.495821 -0.256532
v -0.073103 0.492679 -0.273712
v -0.0858419 0.48341 -0.271492
v -0.0899909 0.472099 -0.273187
v -0.118566 0.465187 -0.262902
v 0.209784 -0.921667 0.0638117
v 0.209784 -0.921353 0.082102
v 0.191552 -0.921353 0.118566
v 0.17332 -0.92151 0.136798
v 0.17332 -0.920568 0.15503
v 0.15503 -0.920568 0.17332
v 0.136798 -0.919939 0.191552
v 0.100334 -0.92041 0.209784
v 0.0638117 -0.919939 0.228016
v 0.0455798 -0.920568 0.228016
v 0.00911596 -0.921039 0.228016
v -0.00911596 -0.91774 0.246306
v -0.0273479 -0.917111 0.246306
v 0.191552 -0.919939 -0.136798
v 0.209784 -0.92041 -0.100334
v 0.228016 -0.919939 -0.0638117
v 0.228016 -0.920568 -0.0455798
v 0.228016 -0.921039 -0.00911596
v 0.00911596 -0.91774 -0.246306
v 0.0273479 -0.917111 -0.246306
v 0.0455798 -0.916326 -0.246306
v 0.0638117 -0.914755 -0.24765
v 0.082102 -0.918525 -0.228016
v 0.118566 -0.918996 -0.209784
v 0.15503 -0.917425 -0.191552
v 0.17332 -0.918211 -0.17332
v 0.00987562 -0.88632 0.294808
v 0.0273479 -0.882707 0.29399
v 0.0455798 -0.879094 0.292821
v 0.0562151 -0.87658 0.29212
v 0.0660907 -0.866526 0.291009
v 0.00911596 0.373913 0.298489
v -0.00911596 0.392136 0.298197
v -0.0547542 0.401405 0.291886
v -0.0620002 0.408632 0.290542
v -0.0638117 0.42874 0.288555
v -0.082102 0.42874 0.284114
v -0.101386 0.428269 0.276751
v -0.00911596 -0.913812 0.259104
v -0.0273479 -0.913341 0.257993
v -0.00911596 -0.909571 0.268219
v 0.00987562 -0.899516 0.284465
v 0.0164788 -0.893547 0.291652
v 0.0273479 -0.899831 0.281835
v 0.0638117 -0.89826 0.279381
v -0.108223 0.433924 0.273128
v -0.137791 0.446806 0.258694
v -0.144511 0.452933 0.254721
v -0.153744 0.446806 0.24952
v -0.165314 0.459374 0.238008
v -0.185299 0.465187 0.22112
v -0.163211 0.47147 0.236431
v -0.124351 0.48828 0.25402
v -0.132357 0.516872 0.239644
v -0.127623 0.528968 0.237132
v -0.137791 0.521742 0.234327
v -0.148836 0.532738 0.22112
v -0.156315 0.465344 0.243209
v -0.132181 0.465187 0.257234
v -0.129026 0.476026 0.255948
v -0.16099 0.524098 0.216446
v -0.167769 0.538237 0.203414
v -0.176885 0.538237 0.196402
v -0.183838 0.549391 0.183838
v -0.187286 0.538237 0.187286
v -0.196402 0.538237 0.176885
v -0.200668 0.547348 0.164204
v -0.184423 0.568242 0.166717
v -0.179806 0.580339 0.160756
v -0.190208 0.554418 0.171567
v -0.196577 0.578454 0.140655
v -0.184423 0.586151 0.148602
v -0.179105 0.598248 0.14159
v -0.183722 0.603432 0.129435
v -0.196577 0.597462 0.118566
v -0.228016 0.592907 0.0455798
v -0.236664 0.583009 0.0326655
v -0.187461 0.607517 0.118566
v -0.182202 0.620084 0.109041
v -0.137557 0.68308 0.0826864
v -0.14644 0.68308 0.0638117
v -0.202596 0.604375 0.0958344
v -0.205401 0.607517 0.082102
v -0.209725 0.610973 0.0634611
v -0.202187 0.62197 0.0586109
v -0.159529 0.68308 0.0269973
v -0.220244 0.603746 0.0455798
v -0.23158 0.591336 0.0268804
v -0.0831539 0.465658 -0.27716
v -0.0638117 0.465187 -0.282302
v -0.0139661 0.452933 -0.29136
v -0.0278738 0.446963 -0.2906
v -0.0220887 0.440837 -0.292412
v 0.100334 -0.866526 -0.280082
v 0.111554 -0.878937 -0.274531
v 0.082102 0.373913 -0.286977
v 0.0649804 0.392136 -0.290834
v 0.082102 0.392136 -0.286685
v 0.100276 -0.884906 -0.276868
v 0.106294 -0.891033 -0.272368
v 0.0941398 -0.894804 -0.274706
v 0.0547542 0.401405 -0.291886
v 0.00911596 0.410517 -0.297379
v -0.00911596 0.42874 -0.295743
v 0.0455798 -0.91287 -0.256825
v 0.0273479 -0.913341 -0.257993
v 0.117339 -0.907214 -0.24467
v 0.100334 -0.908942 -0.248644
v 0.082102 -0.910985 -0.252383
v 0.069889 -0.911927 -0.254662
v 0.100276 -0.899202 -0.26559
v 0.118566 -0.897631 -0.260564
v 0.138259 -0.900145 -0.247942
v 0.057676 -0.912398 -0.255948
v -0.161633 0.599819 -0.161633
v -0.160756 0.580339 -0.179806
v -0.155088 0.592907 -0.17332
v -0.093906 0.68308 -0.129902
v -0.129435 0.603432 -0.183722
v -0.149478 0.604846 -0.166892
v -0.222581 0.606731 0.00911596
v -0.159938 0.68308 0.00911596
v -0.21516 0.615843 0.00911596
v -0.146673 0.566357 -0.201252
v -0.137557 0.55756 -0.214225
v -0.0638117 0.519856 -0.264947
v -0.0823358 0.520171 -0.259513
v -0.0814593 0.556617 -0.241398
v -0.0750313 0.566828 -0.238008
v -0.0638117 0.55646 -0.247124
v -0.0638117 0.544206 -0.253844
v -0.0638117 0.535095 -0.258344
v -0.106879 0.507917 -0.25437
v -0.080349 0.499905 -0.268161
v -0.135454 0.573269 -0.204525
v -0.1285 0.584423 -0.201252
v -0.118566 0.588194 -0.204116
v -0.119384 0.574683 -0.213874
v -0.104483 0.580653 -0.216855
v -0.113833 0.568557 -0.220828
v -0.10121 0.556617 -0.233275
v -0.0957175 0.55049 -0.239002
v -0.100626 0.50179 -0.259162
v -0.0638117 0.503675 -0.271141
v -0.0455798 0.507289 -0.272485
v -0.0638117 0.494564 -0.274355
v -0.0273479 0.48341 -0.282536
v -0.0455798 0.48341 -0.28014
v -0.0638117 0.48341 -0.277686
v -0.076726 0.48341 -0.275056
v 0.228016 -0.921039 0.00911596
v 0.228016 -0.920568 0.0455798
v 0.228016 -0.919939 0.0638117
v 0.209784 -0.92041 0.100334
v 0.191552 -0.919939 0.136798
v 0.17332 -0.918211 0.17332
v 0.15503 -0.917425 0.191552
v 0.118566 -0.918996 0.209784
v 0.082102 -0.918525 0.228016
v 0.0638117 -0.914755 0.24765
v 0.0455798 -0.916326 0.246306
v 0.0273479 -0.917111 0.246306
v 0.00911596 -0.91774 0.246306
v 0.191552 -0.917425 -0.15503
v 0.209784 -0.918996 -0.118566
v 0.228016 -0.918525 -0.082102
v 0.24765 -0.914755 -0.0638117
v 0.246306 -0.916326 -0.0455798
v 0.246306 -0.917111 -0.0273479
v 0.246306 -0.91774 -0.00911596
v 0.082102 -0.914441 -0.243209
v 0.100334 -0.91664 -0.228016
v 0.117339 -0.914441 -0.228425
v 0.133525 -0.913498 -0.22264
v 0.138492 -0.91554 -0.211479
v 0.172444 -0.914284 -0.19126
v 0.185007 -0.913027 -0.185007
v 0.19126 -0.914284 -0.172444
v 0.0273479 -0.891819 0.290951
v 0.0455798 -0.888205 0.289724
v 0.0629352 -0.883493 0.288789
v 0.082102 -0.866526 0.286977
v 0.082102 -0.884906 0.283647
v 0.0660907 0.373913 0.291009
v 0.0558645 0.392136 0.292061
v 0.00911596 0.392136 0.298197
v -0.00911596 0.410517 0.297379
v -0.0273479 0.410517 0.294983
v -0.0521246 0.413502 0.291535
v -0.03997 0.423242 0.292353
v -0.045872 0.429054 0.290893
v -0.0342433 0.435495 0.291594
v -0.0638117 0.446963 0.285867
v -0.082102 0.446963 0.281309
v -0.0964188 0.446963 0.275816
v 0.00911596 -0.913812 0.259104
v 0.00911596 -0.909571 0.268219
v 0.0273479 -0.908942 0.267109
v 0.0455798 -0.908157 0.265941
v 0.0638117 -0.908157 0.263019
v 0.082102 -0.904386 0.264538
v 0.082102 -0.896532 0.276985
v -0.118566 0.446963 0.266642
v -0.0933217 0.460002 0.274531
v -0.073103 0.492679 0.273712
v -0.112196 0.495821 0.256532
v -0.118391 0.50179 0.251799
v -0.0858419 0.48341 0.271492
v -0.120319 0.521742 0.243151
v -0.0947241 0.514358 0.256883
v -0.0885884 0.526454 0.254312
v -0.0764338 0.531796 0.256825
v -0.0823358 0.53808 0.251215
v -0.107872 0.546092 0.236489
v -0.120319 0.539179 0.234794
v -0.119384 0.55756 0.225036
v -0.125987 0.564315 0.218082
v -0.131948 0.552218 0.221763
v -0.137557 0.538551 0.225561
v -0.144102 0.544992 0.217497
v -0.118566 0.465187 0.262902
v -0.0899909 0.472099 0.273187
v -0.164204 0.547348 0.200668
v -0.171567 0.554418 0.190208
v -0.166717 0.568242 0.184423
v -0.178871 0.561644 0.178871
v -0.167593 0.587722 0.167593
v -0.17332 0.592907 0.155088
v -0.166892 0.604846 0.149478
v -0.1143 0.68308 0.1143
v -0.178579 0.616628 0.118566
v -0.123825 0.68308 0.101678
v -0.152809 0.68308 0.0483263
v -0.199791 0.619299 0.070824
v -0.153335 0.68308 0.0469238
v -0.159705 0.68308 0.0237833
v -0.0273479 0.465187 -0.287153
v -0.0018115 0.457175 -0.29212
v -0.00835629 0.446963 -0.293113
v 0.136798 -0.866526 -0.264947
v 0.100334 0.373913 -0.280082
v 0.148952 -0.881293 -0.25735
v 0.138259 -0.88632 -0.260506
v 0.145329 -0.893547 -0.25513
v 0.0620002 0.408632 -0.290542
v 0.082102 0.410517 -0.285809
v 0.100334 0.392136 -0.279731
v 0.133175 -0.895589 -0.257526
v 0.00911596 0.42874 -0.295743
v 0.03997 0.423242 -0.292353
v 0.0521246 0.413502 -0.291535
v 0.0273479 0.410517 -0.294983
v 0.122539 -0.911299 -0.234794
v 0.110385 -0.912398 -0.237541
v 0.100334 -0.913184 -0.239528
v 0.15503 -0.904701 -0.228016
v 0.138492 -0.910042 -0.228425
v 0.15503 -0.89716 -0.242391
v -0.148602 0.586151 -0.184423
v -0.140655 0.578454 -0.196577
v -0.14159 0.598248 -0.179105
v -0.0826864 0.68308 -0.137557
v -0.109041 0.620084 -0.182202
v -0.118566 0.616628 -0.178579
v -0.118566 0.607517 -0.187461
v -0.118566 0.597462 -0.196577
v -0.0455798 0.519856 -0.267694
v -0.0871859 0.562744 -0.235496
v -0.0638117 0.569499 -0.239586
v -0.0991652 0.574683 -0.22299
v -0.0922698 0.584423 -0.219367
v -0.082102 0.587094 -0.221471
v -0.0638117 0.578611 -0.233859
v -0.0455798 0.572484 -0.241339
v -0.0516571 0.546406 -0.255013
v -0.0455798 0.539494 -0.259104
v -0.107989 0.601233 -0.200025
v -0.0274063 0.50289 -0.2764
v -0.0455798 0.498177 -0.275582
v -0.0334836 0.509645 -0.273245
v -0.00911596 0.48341 -0.284874
v 0.246306 -0.91774 0.00911596
v 0.246306 -0.917111 0.0273479
v 0.246306 -0.916326 0.0455798
v 0.24765 -0.914755 0.0638117
v 0.228016 -0.918525 0.082102
v 0.209784 -0.918996 0.118566
v 0.191552 -0.917425 0.15503
v 0.19126 -0.914284 0.172444
v 0.185007 -0.913027 0.185007
v 0.172444 -0.914284 0.19126
v 0.138492 -0.91554 0.211479
v 0.133525 -0.913498 0.22264
v 0.117339 -0.914441 0.228425
v 0.100334 -0.91664 0.228016
v 0.082102 -0.914441 0.243209
v 0.069889 -0.911927 0.254662
v 0.057676 -0.912398 0.255948
v 0.0455798 -0.91287 0.256825
v 0.0273479 -0.913341 0.257993
v 0.211479 -0.91554 -0.138492
v 0.22264 -0.913498 -0.133525
v 0.228425 -0.914441 -0.117339
v 0.228016 -0.91664 -0.100334
v 0.243209 -0.914441 -0.082102
v 0.254662 -0.911927 -0.069889
v 0.255948 -0.912398 -0.057676
v 0.256825 -0.91287 -0.0455798
v 0.259104 -0.913812 -0.00911596
v 0.15503 -0.913812 -0.205986
v 0.14568 -0.912084 -0.218725
v 0.165782 -0.912713 -0.201895
v 0.177936 -0.910827 -0.197162
v 0.19126 -0.908471 -0.19126
v 0.197162 -0.910827 -0.177936
v 0.201895 -0.912713 -0.165782
v 0.205986 -0.913812 -0.15503
v 0.111554 -0.878937 0.274531
v 0.100334 -0.866526 0.280082
v 0.082102 0.373913 0.286977
v 0.0941398 -0.894804 0.274706
v 0.106294 -0.891033 0.272368
v 0.100276 -0.884906 0.276868
v 0.082102 0.392136 0.286685
v 0.0649804 0.392136 0.290834
v 0.0547542 0.401405 0.291886
v 0.00911596 0.410517 0.297379
v -0.00911596 0.42874 0.295743
v -0.0220887 0.440837 0.292412
v -0.0278738 0.446963 0.2906
v -0.0139661 0.452933 0.29136
v -0.0638117 0.465187 0.282302
v -0.0831539 0.465658 0.27716
v 0.082102 -0.910985 0.252383
v 0.100334 -0.908942 0.248644
v 0.117339 -0.907214 0.24467
v 0.138259 -0.900145 0.247942
v 0.118566 -0.897631 0.260564
v 0.100276 -0.899202 0.26559
v -0.0638117 0.494564 0.274355
v -0.0455798 0.507289 0.272485
v -0.0638117 0.503675 0.271141
v -0.0638117 0.519856 0.264947
v -0.0823358 0.520171 0.259513
v -0.080349 0.499905 0.268161
v -0.100626 0.50179 0.259162
v -0.076726 0.48341 0.275056
v -0.0638117 0.48341 0.277686
v -0.0455798 0.48341 0.28014
v -0.0273479 0.48341 0.282536
v -0.106879 0.507917 0.25437
v -0.0638117 0.535095 0.258344
v -0.0638117 0.544206 0.253844
v -0.0638117 0.55646 0.247124
v -0.0750313 0.566828 0.238008
v -0.0814593 0.556617 0.241398
v -0.0957175 0.55049 0.239002
v -0.10121 0.556617 0.233275
v -0.113833 0.568557 0.220828
v -0.146673 0.566357 0.201252
v -0.137557 0.55756 0.214225
v -0.104483 0.580653 0.216855
v -0.119384 0.574683 0.213874
v -0.118566 0.588194 0.204116
v -0.1285 0.584423 0.201252
v -0.135454 0.573269 0.204525
v -0.160756 0.580339 0.179806
v -0.155088 0.592907 0.17332
v -0.161633 0.599819 0.161633
v -0.149478 0.604846 0.166892
v -0.129435 0.603432 0.183722
v -0.118566 0.616628 0.178579
v -0.101678 0.68308 0.123825
v -0.00835629 0.464087 -0.289841
v 0.0018115 0.457175 -0.29212
v 0.150413 -0.866526 -0.258285
v 0.136798 0.373913 -0.264947
v 0.112255 0.392136 -0.274823
v 0.136798 0.392136 -0.264655
v 0.15503 -0.88632 -0.250923
v 0.159588 -0.866526 -0.251974
v 0.201369 -0.877523 -0.219484
v 0.198097 -0.889776 -0.216913
v 0.165723 -0.894804 -0.2383
v 0.0638117 0.42874 -0.288555
v 0.082102 0.42874 -0.284114
v 0.100334 0.410517 -0.278855
v 0.00835629 0.446963 -0.293113
v 0.0220887 0.440837 -0.292412
v 0.0342433 0.435495 -0.291594
v 0.045872 0.429054 -0.290893
v 0.172444 -0.897945 -0.227782
v 0.191786 -0.899202 -0.210427
v 0.172444 -0.907528 -0.208674
v 0.15503 -0.91067 -0.215102
v -0.0638117 0.68308 -0.14644
v -0.00911596 0.522998 -0.271258
v -0.0274063 0.518757 -0.270557
v -0.021329 0.511844 -0.274063
v -0.0273479 0.538237 -0.262142
v -0.0455798 0.581596 -0.235846
v -0.082102 0.596363 -0.214517
v -0.0683112 0.599819 -0.217264
v -0.0628767 0.593378 -0.223867
v -0.0561566 0.602647 -0.219367
v -0.00911596 0.574683 -0.244728
v -0.00911596 0.560859 -0.252851
v -0.0273479 0.558659 -0.251682
v -0.0455798 0.555046 -0.251215
v -0.0205109 0.584266 -0.237482
v -0.0395025 0.548134 -0.255831
v -0.0958344 0.604375 -0.202596
v -0.00911596 0.501633 -0.279147
v 0.00911596 0.48341 -0.284874
v 0.259104 -0.913812 0.00911596
v 0.256825 -0.91287 0.0455798
v 0.243209 -0.914441 0.082102
v 0.255948 -0.912398 0.057676
v 0.254662 -0.911927 0.069889
v 0.228016 -0.91664 0.100334
v 0.228425 -0.914441 0.117339
v 0.22264 -0.913498 0.133525
v 0.211479 -0.91554 0.138492
v 0.205986 -0.913812 0.15503
v 0.201895 -0.912713 0.165782
v 0.197162 -0.910827 0.177936
v 0.19126 -0.908471 0.19126
v 0.177936 -0.910827 0.197162
v 0.165782 -0.912713 0.201895
v 0.15503 -0.913812 0.205986
v 0.14568 -0.912084 0.218725
v 0.138492 -0.910042 0.228425
v 0.122539 -0.911299 0.234794
v 0.110385 -0.912398 0.237541
v 0.100334 -0.913184 0.239528
v 0.218725 -0.912084 -0.14568
v 0.228425 -0.910042 -0.138492
v 0.234794 -0.911299 -0.122539
v 0.237541 -0.912398 -0.110385
v 0.239528 -0.913184 -0.100334
v 0.252383 -0.910985 -0.082102
v 0.264538 -0.904386 -0.082102
v 0.263019 -0.908157 -0.0638117
v 0.265941 -0.908157 -0.0455798
v 0.267109 -0.908942 -0.0273479
v 0.268219 -0.909571 -0.00911596
v 0.204758 -0.896375 -0.204758
v 0.210427 -0.899202 -0.191786
v 0.208674 -0.907528 -0.172444
v 0.215102 -0.91067 -0.15503
v 0.136798 -0.866526 0.264947
v 0.145329 -0.893547 0.25513
v 0.138259 -0.88632 0.260506
v 0.148952 -0.881293 0.25735
v 0.100334 0.373913 0.280082
v 0.133175 -0.895589 0.257526
v 0.100334 0.392136 0.279731
v 0.082102 0.410517 0.285809
v 0.0620002 0.408632 0.290542
v 0.0273479 0.410517 0.294983
v 0.0521246 0.413502 0.291535
v 0.03997 0.423242 0.292353
v 0.00911596 0.42874 0.295743
v -0.0018115 0.457175 0.29212
v -0.00835629 0.446963 0.293113
v -0.0273479 0.465187 0.287153
v 0.15503 -0.904701 0.228016
v 0.15503 -0.89716 0.242391
v -0.0455798 0.498177 0.275582
v -0.0274063 0.50289 0.2764
v -0.0334836 0.509645 0.273245
v -0.0455798 0.519856 0.267694
v -0.00911596 0.48341 0.284874
v -0.0455798 0.539494 0.259104
v -0.0516571 0.546406 0.255013
v -0.0455798 0.572484 0.241339
v -0.0638117 0.569499 0.239586
v -0.0991652 0.574683 0.22299
v -0.0871859 0.562744 0.235496
v -0.0638117 0.578611 0.233859
v -0.082102 0.587094 0.221471
v -0.0922698 0.584423 0.219367
v -0.107989 0.601233 0.200025
v -0.118566 0.597462 0.196577
v -0.14159 0.598248 0.179105
v -0.148602 0.586151 0.184423
v -0.140655 0.578454 0.196577
v -0.118566 0.607517 0.187461
v -0.109041 0.620084 0.182202
v -0.0826864 0.68308 0.137557
v 0.0139661 0.452933 -0.29136
v 0.00835629 0.464087 -0.289841
v 0.0273479 0.465187 -0.287153
v 0.150413 0.373913 -0.258285
v 0.15018 0.392136 -0.25811
v 0.120319 0.410517 -0.270615
v 0.136798 0.410517 -0.263778
v 0.149537 0.410517 -0.257701
v 0.171567 -0.866526 -0.242858
v 0.159588 0.373913 -0.251974
v 0.180741 -0.866526 -0.235846
v 0.191552 -0.866526 -0.227548
v 0.20172 -0.866526 -0.219718
v 0.210836 -0.866526 -0.210836
v 0.219484 -0.877523 -0.201369
v 0.209141 -0.88365 -0.209141
v 0.216913 -0.889776 -0.198097
v 0.185884 -0.895589 -0.221471
v 0.0638117 0.446963 -0.285867
v 0.101386 0.428269 -0.276751
v 0.082102 0.446963 -0.281309
v 0.0964188 0.446963 -0.275816
v 0.110151 0.421828 -0.273946
v 0.0278738 0.446963 -0.2906
v -0.0599549 0.68308 -0.148134
v 0.00911596 0.522998 -0.271258
v -0.00911596 0.513887 -0.274823
v -0.00911596 0.538237 -0.264538
v -0.0455798 0.592907 -0.228016
v -0.0326655 0.583009 -0.236664
v -0.082102 0.607517 -0.205401
v -0.0634611 0.610973 -0.209725
v -0.0586109 0.62197 -0.202187
v -0.0269973 0.68308 -0.159529
v -0.0455798 0.603746 -0.220244
v 0.00911596 0.574683 -0.244728
v -0.00911596 0.585209 -0.238184
v 0.00911596 0.560859 -0.252851
v -0.00911596 0.551747 -0.257818
v -0.0268804 0.591336 -0.23158
v -0.00911596 0.59432 -0.231697
v -0.070824 0.619299 -0.199791
v 0.00911596 0.501633 -0.279147
v 0.0455798 0.498177 -0.275582
v 0.0273479 0.48341 -0.282536
v 0.268219 -0.909571 0.00911596
v 0.267109 -0.908942 0.0273479
v 0.265941 -0.908157 0.0455798
v 0.239528 -0.913184 0.100334
v 0.263019 -0.908157 0.0638117
v 0.252383 -0.910985 0.082102
v 0.264538 -0.904386 0.082102
v 0.237541 -0.912398 0.110385
v 0.234794 -0.911299 0.122539
v 0.228425 -0.910042 0.138492
v 0.218725 -0.912084 0.14568
v 0.215102 -0.91067 0.15503
v 0.208674 -0.907528 0.172444
v 0.210427 -0.899202 0.191786
v 0.204758 -0.896375 0.204758
v 0.191786 -0.899202 0.210427
v 0.172444 -0.907528 0.208674
v 0.15503 -0.91067 0.215102
v 0.228016 -0.904701 -0.15503
v 0.247942 -0.900145 -0.138259
v 0.24467 -0.907214 -0.117339
v 0.248644 -0.908942 -0.100334
v 0.260564 -0.897631 -0.118566
v 0.26559 -0.899202 -0.100276
v 0.276985 -0.896532 -0.082102
v 0.279381 -0.89826 -0.0638117
v 0.281835 -0.899831 -0.0273479
v 0.284465 -0.899516 -0.00987562
v 0.221471 -0.895589 -0.185884
v 0.227782 -0.897945 -0.172444
v 0.150413 -0.866526 0.258285
v 0.136798 0.373913 0.264947
v 0.165723 -0.894804 0.2383
v 0.198097 -0.889776 0.216913
v 0.15503 -0.88632 0.250923
v 0.201369 -0.877523 0.219484
v 0.159588 -0.866526 0.251974
v 0.136798 0.392136 0.264655
v 0.112255 0.392136 0.274823
v 0.100334 0.410517 0.278855
v 0.082102 0.42874 0.284114
v 0.0638117 0.42874 0.288555
v 0.045872 0.429054 0.290893
v 0.0342433 0.435495 0.291594
v 0.0220887 0.440837 0.292412
v 0.00835629 0.446963 0.293113
v 0.0018115 0.457175 0.29212
v -0.00835629 0.464087 0.289841
v 0.172444 -0.897945 0.227782
v -0.00911596 0.501633 0.279147
v -0.021329 0.511844 0.274063
v -0.0274063 0.518757 0.270557
v -0.00911596 0.522998 0.271258
v -0.0273479 0.538237 0.262142
v 0.00911596 0.48341 0.284874
v -0.0395025 0.548134 0.255831
v -0.0455798 0.555046 0.251215
v -0.0273479 0.558659 0.251682
v -0.00911596 0.560859 0.252851
v -0.00911596 0.574683 0.244728
v -0.0205109 0.584266 0.237482
v -0.0455798 0.581596 0.235846
v -0.0561566 0.602647 0.219367
v -0.0628767 0.593378 0.223867
v -0.0683112 0.599819 0.217205
v -0.082102 0.596363 0.214517
v -0.0958344 0.604375 0.202596
v -0.0638117 0.68308 0.14644
v 0.0638117 0.465187 -0.282302
v 0.0455798 0.48341 -0.28014
v 0.159296 0.392136 -0.251799
v 0.136798 0.42874 -0.262025
v 0.148134 0.42874 -0.256825
v 0.158653 0.410517 -0.251273
v 0.171567 0.373913 -0.242858
v 0.171333 0.392136 -0.242683
v 0.180741 0.373913 -0.235846
v 0.191552 0.373913 -0.227548
v 0.20172 0.373913 -0.219718
v 0.219718 -0.866526 -0.20172
v 0.210836 0.373913 -0.210836
v 0.227548 -0.866526 -0.191552
v 0.235846 -0.866526 -0.180741
v 0.242858 -0.866526 -0.171567
v 0.251974 -0.866526 -0.159588
v 0.25735 -0.881293 -0.148952
v 0.250923 -0.88632 -0.15503
v 0.25513 -0.893547 -0.145329
v 0.2383 -0.894804 -0.165723
v 0.108223 0.433924 -0.273128
v 0.0831539 0.465658 -0.27716
v 0.0933217 0.460002 -0.274531
v 0.144511 0.452933 -0.254721
v 0.118566 0.446963 -0.266642
v -0.0483263 0.68308 -0.152809
v 0.0455798 0.519856 -0.267694
v 0.0274063 0.518757 -0.270557
v 0.021329 0.511844 -0.274063
v 0.00911596 0.513887 -0.274823
v 0.00911596 0.538237 -0.264538
v 0.0273479 0.538237 -0.262142
v -0.0469238 0.68308 -0.153335
v -0.0237833 0.68308 -0.159705
v -0.00911596 0.606731 -0.222581
v 0.0455798 0.572484 -0.241339
v 0.00911596 0.585209 -0.238184
v 0.0205109 0.584266 -0.237482
v 0.0273479 0.558659 -0.251682
v 0.00911596 0.551747 -0.257818
v 0.00911596 0.59432 -0.231697
v 0.0274063 0.50289 -0.2764
v 0.0455798 0.507289 -0.272485
v 0.0638117 0.494564 -0.274355
v 0.073103 0.492679 -0.273712
v 0.284465 -0.899516 0.00987562
v 0.281835 -0.899831 0.0273479
v 0.279381 -0.89826 0.0638117
v 0.248644 -0.908942 0.100334
v 0.24467 -0.907214 0.117339
v 0.276985 -0.896532 0.082102
v 0.26559 -0.899202 0.100276
v 0.260564 -0.897631 0.118566
v 0.247942 -0.900145 0.138259
v 0.228016 -0.904701 0.15503
v 0.227782 -0.897945 0.172444
v 0.221471 -0.895589 0.185884
v 0.216913 -0.889776 0.198097
v 0.185884 -0.895589 0.221471
v 0.242391 -0.89716 -0.15503
v 0.257526 -0.895589 -0.133175
v 0.274706 -0.894804 -0.0941398
v 0.283647 -0.884906 -0.082102
v 0.288789 -0.883493 -0.0629352
v 0.289724 -0.888205 -0.0455798
v 0.290951 -0.891819 -0.0273479
v 0.291652 -0.893547 -0.0164788
v 0.292353 -0.894332 -0.00432424
v 0.150413 0.373913 0.258285
v 0.15018 0.392136 0.25811
v 0.209141 -0.88365 0.209141
v 0.219484 -0.877523 0.201369
v 0.210836 -0.866526 0.210836
v 0.20172 -0.866526 0.219718
v 0.191552 -0.866526 0.227548
v 0.180741 -0.866526 0.235846
v 0.171567 -0.866526 0.242858
v 0.159588 0.373913 0.251974
v 0.149537 0.410517 0.257701
v 0.136798 0.410517 0.263778
v 0.120319 0.410517 0.270615
v 0.110151 0.421828 0.273946
v 0.101386 0.428269 0.276751
v 0.0964188 0.446963 0.275816
v 0.082102 0.446963 0.281309
v 0.0638117 0.446963 0.285867
v 0.0278738 0.446963 0.2906
v 0.0139661 0.452933 0.29136
v 0.0273479 0.465187 0.287153
v 0.00835629 0.464087 0.289841
v 0.00911596 0.501633 0.279147
v -0.00911596 0.513887 0.274823
v 0.00911596 0.522998 0.271258
v -0.00911596 0.538237 0.264538
v 0.0273479 0.48341 0.282536
v 0.0455798 0.498177 0.275582
v -0.00911596 0.551747 0.257818
v 0.00911596 0.560859 0.252851
v 0.00911596 0.574683 0.244728
v -0.00911596 0.585209 0.238184
v -0.0326655 0.583009 0.236664
v -0.00911596 0.59432 0.231697
v -0.0268804 0.591336 0.23158
v -0.0455798 0.603746 0.220244
v -0.0455798 0.592907 0.228016
v -0.0269973 0.68308 0.159529
v -0.0301528 0.68308 0.158828
v -0.0586109 0.62197 0.202187
v -0.0634611 0.610973 0.209725
v -0.082102 0.607517 0.205401
v -0.070824 0.619299 0.199791
v -0.0483263 0.68308 0.152809
v 0.0638117 0.48341 -0.277686
v 0.076726 0.48341 -0.275056
v 0.14679 0.440679 -0.255948
v 0.15725 0.42874 -0.25028
v 0.17069 0.410517 -0.242157
v 0.169346 0.42874 -0.241164
v 0.180508 0.392136 -0.235671
v 0.191552 0.392136 -0.227198
v 0.201486 0.392136 -0.219543
v 0.219718 0.373913 -0.20172
v 0.210602 0.392136 -0.210602
v 0.219543 0.392136 -0.201486
v 0.227548 0.373913 -0.191552
v 0.235846 0.373913 -0.180741
v 0.242858 0.373913 -0.171567
v 0.258285 -0.866526 -0.150413
v 0.251974 0.373913 -0.159588
v 0.260506 -0.88632 -0.138259
v 0.264947 -0.866526 -0.136798
v 0.274531 -0.878937 -0.111554
v 0.272368 -0.891033 -0.106294
v 0.137791 0.446806 -0.258694
v 0.0899909 0.472099 -0.273187
v 0.118566 0.465187 -0.262902
v 0.132181 0.465187 -0.257234
v 0.153744 0.446806 -0.24952
v 0.141297 0.465187 -0.253202
v 0.151407 0.48341 -0.241281
v 0.156315 0.465344 -0.243209
v 0.0638117 0.519856 -0.264947
v 0.0638117 0.503675 -0.271141
v 0.0334836 0.509645 -0.273245
v 0.0455798 0.539494 -0.259104
v 0.0638117 0.535095 -0.258344
v 0.0395025 0.548134 -0.255831
v -0.00911596 0.68308 -0.159938
v -0.00911596 0.615843 -0.21516
v 0.00911596 0.606731 -0.222581
v 0.0638117 0.569499 -0.239586
v 0.0638117 0.55646 -0.247124
v 0.0516571 0.546406 -0.255013
v 0.0455798 0.555046 -0.251215
v 0.0326655 0.583009 -0.236664
v 0.0455798 0.581596 -0.235788
v 0.0268804 0.591336 -0.23158
v 0.0455798 0.603746 -0.220244
v 0.0455798 0.592907 -0.228016
v 0.0764338 0.531796 -0.256825
v 0.0823358 0.520171 -0.259513
v 0.080349 0.499905 -0.268161
v 0.100626 0.50179 -0.259162
v 0.112196 0.495821 -0.256532
v 0.124351 0.48828 -0.25402
v 0.0858419 0.48341 -0.271492
v 0.292353 -0.894332 0.00432424
v 0.291652 -0.893547 0.0164788
v 0.290951 -0.891819 0.0273479
v 0.289724 -0.888205 0.0455798
v 0.288789 -0.883493 0.0629352
v 0.283647 -0.884906 0.082102
v 0.274706 -0.894804 0.0941398
v 0.257526 -0.895589 0.133175
v 0.25513 -0.893547 0.145329
v 0.242391 -0.89716 0.15503
v 0.2383 -0.894804 0.165723
v 0.250923 -0.88632 0.15503
v 0.276868 -0.884906 -0.100276
v 0.286977 -0.866526 -0.082102
v 0.29212 -0.87658 -0.0562151
v 0.292821 -0.879094 -0.0455798
v 0.29399 -0.882707 -0.0273479
v 0.294808 -0.88632 -0.00987562
v 0.159296 0.392136 0.251799
v 0.251974 -0.866526 0.159588
v 0.242858 -0.866526 0.171567
v 0.235846 -0.866526 0.180741
v 0.227548 -0.866526 0.191552
v 0.219718 -0.866526 0.20172
v 0.25735 -0.881293 0.148952
v 0.210836 0.373913 0.210836
v 0.20172 0.373913 0.219718
v 0.191552 0.373913 0.227548
v 0.180741 0.373913 0.235846
v 0.171567 0.373913 0.242858
v 0.171333 0.392136 0.242683
v 0.158653 0.410517 0.251273
v 0.148134 0.42874 0.256825
v 0.136798 0.42874 0.262025
v 0.108223 0.433924 0.273128
v 0.118566 0.446963 0.266642
v 0.144511 0.452933 0.254721
v 0.0933217 0.460002 0.274531
v 0.0831539 0.465658 0.27716
v 0.0638117 0.465187 0.282302
v 0.0455798 0.48341 0.28014
v 0.0274063 0.50289 0.2764
v 0.021329 0.511844 0.274063
v 0.00911596 0.513887 0.274823
v 0.0274063 0.518757 0.270557
v 0.0455798 0.519856 0.267694
v 0.0273479 0.538237 0.262142
v 0.00911596 0.538237 0.264538
v 0.073103 0.492679 0.273712
v 0.0638117 0.494564 0.274355
v 0.0455798 0.507289 0.272485
v 0.00911596 0.551747 0.257818
v 0.0273479 0.558659 0.251682
v 0.0455798 0.572484 0.241339
v 0.0205109 0.584266 0.237482
v 0.00911596 0.585209 0.238184
v 0.00911596 0.59432 0.231697
v -0.00911596 0.606731 0.222581
v -0.00911596 0.68308 0.159938
v -0.00911596 0.615843 0.21516
v -0.0463979 0.68308 0.15351
v -0.0469238 0.68308 0.153335
v 0.167184 0.446963 -0.239469
v 0.200493 0.417743 -0.218783
v 0.201077 0.405647 -0.219192
v 0.190383 0.42874 -0.225036
v 0.227198 0.392136 -0.191552
v 0.219192 0.405647 -0.201077
v 0.235671 0.392136 -0.180508
v 0.242683 0.392136 -0.171333
v 0.258285 0.373913 -0.150413
v 0.251799 0.392136 -0.159296
v 0.25811 0.392136 -0.15018
v 0.280082 -0.866526 -0.100334
v 0.264947 0.373913 -0.136798
v 0.129026 0.476026 -0.255948
v 0.165314 0.459374 -0.238008
v 0.135804 0.482624 -0.250572
v 0.148134 0.496606 -0.238826
v 0.160581 0.48341 -0.234385
v 0.163211 0.47147 -0.236431
v 0.0638117 0.544206 -0.253844
v 0.00911596 0.68308 -0.159938
v 0.00911596 0.615843 -0.21516
v 0.0269973 0.68308 -0.159529
v 0.0750313 0.566828 -0.238008
v 0.0638117 0.578611 -0.233859
v 0.0561566 0.602647 -0.219367
v 0.127623 0.528968 -0.237132
v 0.0885884 0.526454 -0.254312
v 0.0814593 0.556617 -0.241398
v 0.0823358 0.53808 -0.251215
v 0.0947241 0.514358 -0.256883
v 0.106879 0.507917 -0.25437
v 0.118391 0.50179 -0.251799
v 0.132357 0.516872 -0.239644
v 0.137791 0.502262 -0.242508
v 0.294808 -0.88632 0.00987562
v 0.29399 -0.882707 0.0273479
v 0.292821 -0.879094 0.0455798
v 0.29212 -0.87658 0.0562151
v 0.276868 -0.884906 0.100276
v 0.272368 -0.891033 0.106294
v 0.286977 -0.866526 0.082102
v 0.274531 -0.878937 0.111554
v 0.260506 -0.88632 0.138259
v 0.291009 -0.866526 -0.0660907
v 0.286977 0.373913 -0.082102
v 0.298489 -0.866526 -0.00911596
v 0.258285 -0.866526 0.150413
v 0.251974 0.373913 0.159588
v 0.242858 0.373913 0.171567
v 0.235846 0.373913 0.180741
v 0.227548 0.373913 0.191552
v 0.219718 0.373913 0.20172
v 0.264947 -0.866526 0.136798
v 0.219543 0.392136 0.201486
v 0.210602 0.392136 0.210602
v 0.201486 0.392136 0.219543
v 0.191552 0.392136 0.227198
v 0.180508 0.392136 0.235671
v 0.17069 0.410517 0.242157
v 0.169346 0.42874 0.241164
v 0.15725 0.42874 0.25028
v 0.14679 0.440679 0.255948
v 0.137791 0.446806 0.258694
v 0.153744 0.446806 0.24952
v 0.156315 0.465344 0.243209
v 0.151407 0.48341 0.241281
v 0.141297 0.465187 0.253202
v 0.132181 0.465187 0.257234
v 0.118566 0.465187 0.262902
v 0.0899909 0.472099 0.273187
v 0.076726 0.48341 0.275056
v 0.0638117 0.48341 0.277686
v 0.0334836 0.509645 0.273245
v 0.0638117 0.503675 0.271141
v 0.0638117 0.519856 0.264947
v 0.0638117 0.535095 0.258344
v 0.0455798 0.539494 0.259104
v 0.0395025 0.548134 0.255831
v 0.124351 0.48828 0.25402
v 0.112196 0.495821 0.256532
v 0.100626 0.50179 0.259162
v 0.080349 0.499905 0.268161
v 0.0823358 0.520171 0.259513
v 0.0764338 0.531796 0.256825
v 0.0858419 0.48341 0.271492
v 0.0455798 0.555046 0.251215
v 0.0516571 0.546406 0.255013
v 0.0638117 0.55646 0.247124
v 0.0638117 0.569499 0.239586
v 0.0455798 0.581596 0.235846
v 0.0326655 0.583009 0.236664
v 0.0455798 0.592907 0.228016
v 0.0455798 0.603746 0.220244
v 0.0268804 0.591336 0.23158
v 0.00911596 0.606731 0.222581
v 0.00911596 0.68308 0.159938
v 0.00911596 0.615843 0.21516
v 0.188163 0.446963 -0.223341
v 0.199499 0.42874 -0.218023
v 0.208907 0.42874 -0.208907
v 0.218783 0.417743 -0.200493
v 0.209901 0.411616 -0.209901
v 0.242157 0.410517 -0.17069
v 0.251273 0.410517 -0.158653
v 0.257701 0.410517 -0.149537
v 0.264655 0.392136 -0.136798
v 0.280082 0.373913 -0.100334
v 0.197279 0.446963 -0.216329
v 0.185299 0.465187 -0.22112
v 0.194415 0.465187 -0.214108
v 0.200434 0.49205 -0.200434
v 0.180391 0.48828 -0.217381
v 0.144511 0.508703 -0.236255
v 0.154562 0.502262 -0.231522
v 0.167769 0.501633 -0.221646
v 0.176885 0.501633 -0.214634
v 0.191903 0.484195 -0.210076
v 0.183313 0.476183 -0.219601
v 0.0301528 0.68308 -0.158828
v 0.0991652 0.574683 -0.22299
v 0.113833 0.568557 -0.220828
v 0.0871859 0.562744 -0.235496
v 0.082102 0.587094 -0.221471
v 0.0922698 0.584423 -0.219367
v 0.0628767 0.593378 -0.223867
v 0.0586109 0.62197 -0.202187
v 0.0634611 0.610973 -0.209725
v 0.0683112 0.599819 -0.217205
v 0.137791 0.521742 -0.234327
v 0.120319 0.521742 -0.243151
v 0.107872 0.546092 -0.236489
v 0.120319 0.539179 -0.234794
v 0.119384 0.55756 -0.225036
v 0.125987 0.564315 -0.218082
v 0.131948 0.552218 -0.221763
v 0.137557 0.538551 -0.225561
v 0.10121 0.556617 -0.233275
v 0.0957175 0.55049 -0.239002
v 0.298489 -0.866526 0.00911596
v 0.291009 -0.866526 0.0660907
v 0.280082 -0.866526 0.100334
v 0.286977 0.373913 0.082102
v 0.291009 0.373913 -0.0660907
v 0.286685 0.392136 -0.082102
v 0.298489 0.373913 -0.00911596
v 0.258285 0.373913 0.150413
v 0.25811 0.392136 0.15018
v 0.251799 0.392136 0.159296
v 0.242683 0.392136 0.171333
v 0.235671 0.392136 0.180508
v 0.227198 0.392136 0.191552
v 0.264947 0.373913 0.136798
v 0.219192 0.405647 0.201077
v 0.201077 0.405647 0.219192
v 0.200493 0.417743 0.218783
v 0.190383 0.42874 0.225036
v 0.167184 0.446963 0.239469
v 0.165314 0.459374 0.238008
v 0.163211 0.47147 0.236431
v 0.160581 0.48341 0.234385
v 0.148134 0.496606 0.238826
v 0.135804 0.482624 0.250572
v 0.129026 0.476026 0.255948
v 0.0638117 0.544206 0.253844
v 0.137791 0.502262 0.242449
v 0.132357 0.516872 0.239644
v 0.118391 0.50179 0.251799
v 0.106879 0.507917 0.25437
v 0.0947241 0.514358 0.256883
v 0.0885884 0.526454 0.254312
v 0.127623 0.528968 0.237132
v 0.0823358 0.53808 0.251215
v 0.0814593 0.556617 0.241398
v 0.0750313 0.566828 0.238008
v 0.0638117 0.578611 0.233859
v 0.0561566 0.602647 0.219367
v 0.0269973 0.68308 0.159529
v 0.0237833 0.68308 0.159705
v 0.207213 0.446963 -0.207213
v 0.218023 0.42874 -0.199499
v 0.225036 0.42874 -0.190383
v 0.241164 0.42874 -0.169346
v 0.25028 0.42874 -0.15725
v 0.256825 0.42874 -0.148134
v 0.263778 0.410517 -0.136798
v 0.274823 0.392136 -0.112255
v 0.270615 0.410517 -0.120319
v 0.279731 0.392136 -0.100334
v 0.204992 0.465187 -0.204992
v 0.202713 0.479954 -0.202713
v 0.217381 0.48828 -0.180391
v 0.210076 0.484195 -0.191903
v 0.188689 0.501633 -0.205518
v 0.184949 0.514829 -0.202596
v 0.197805 0.501633 -0.197805
v 0.202596 0.514829 -0.184949
v 0.205518 0.501633 -0.188689
v 0.214634 0.501633 -0.176885
v 0.238826 0.496606 -0.148134
v 0.148836 0.532738 -0.22112
v 0.154971 0.518757 -0.223692
v 0.164905 0.511844 -0.219426
v 0.0463979 0.68308 -0.15351
v 0.104483 0.580653 -0.216855
v 0.082102 0.596363 -0.214517
v 0.107989 0.601233 -0.200025
v 0.070824 0.619299 -0.199791
v 0.0469238 0.68308 -0.153335
v 0.0483263 0.68308 -0.152809
v 0.082102 0.607517 -0.205401
v 0.0958344 0.604375 -0.202596
v 0.146673 0.566357 -0.201252
v 0.137557 0.55756 -0.214225
v 0.119384 0.574683 -0.213874
v 0.118566 0.588194 -0.204116
v 0.1285 0.584423 -0.201252
v 0.135454 0.573269 -0.204525
v 0.144102 0.544992 -0.217497
v 0.298489 0.373913 0.00911596
v 0.291009 0.373913 0.0660907
v 0.280082 0.373913 0.100334
v 0.286685 0.392136 0.082102
v 0.290834 0.392136 -0.0649804
v 0.292061 0.392136 -0.0558645
v 0.285809 0.410517 -0.082102
v 0.298197 0.392136 -0.00911596
v 0.264655 0.392136 0.136798
v 0.257701 0.410517 0.149537
v 0.251273 0.410517 0.158653
v 0.242157 0.410517 0.17069
v 0.218783 0.417743 0.200493
v 0.209901 0.411616 0.209901
v 0.208907 0.42874 0.208907
v 0.199499 0.42874 0.218023
v 0.188163 0.446963 0.223341
v 0.197279 0.446963 0.216329
v 0.194415 0.465187 0.214108
v 0.185299 0.465187 0.22112
v 0.183313 0.476183 0.219601
v 0.191903 0.484195 0.210076
v 0.180391 0.48828 0.217381
v 0.200434 0.49205 0.200434
v 0.176885 0.501633 0.214634
v 0.167769 0.501633 0.221646
v 0.154562 0.502262 0.231522
v 0.144511 0.508703 0.236255
v 0.120319 0.521742 0.243151
v 0.137791 0.521742 0.234327
v 0.137557 0.538551 0.225561
v 0.131948 0.552218 0.221763
v 0.125987 0.564315 0.218082
v 0.119384 0.55756 0.225036
v 0.120319 0.539179 0.234794
v 0.107872 0.546092 0.236489
v 0.0957175 0.55049 0.239002
v 0.10121 0.556617 0.233275
v 0.0871859 0.562744 0.235496
v 0.113833 0.568557 0.220828
v 0.0991652 0.574683 0.22299
v 0.0922698 0.584423 0.219367
v 0.082102 0.587094 0.221471
v 0.0628767 0.593378 0.223867
v 0.0634611 0.610973 0.209725
v 0.0586109 0.62197 0.202187
v 0.0683112 0.599819 0.217205
v 0.0469238 0.68308 0.153335
v 0.216329 0.446963 -0.197279
v 0.223341 0.446963 -0.188163
v 0.239469 0.446963 -0.167184
v 0.255948 0.440679 -0.14679
v 0.262025 0.42874 -0.136798
v 0.273946 0.421828 -0.110151
v 0.278855 0.410517 -0.100334
v 0.214108 0.465187 -0.194415
v 0.219601 0.476183 -0.183313
v 0.234385 0.48341 -0.160581
v 0.181092 0.526926 -0.199675
v 0.192312 0.520956 -0.192312
v 0.199675 0.526926 -0.181092
v 0.223692 0.518757 -0.154971
v 0.219426 0.511844 -0.164905
v 0.221646 0.501633 -0.167769
v 0.241281 0.48341 -0.151407
v 0.231522 0.502262 -0.154562
v 0.236255 0.508703 -0.144511
v 0.242449 0.502262 -0.137791
v 0.250572 0.482624 -0.135804
v 0.253202 0.465187 -0.141297
v 0.16099 0.524098 -0.216446
v 0.167769 0.538237 -0.203414
v 0.118566 0.597462 -0.196577
v 0.0638117 0.68308 -0.14644
v 0.0826864 0.68308 -0.137557
v 0.109041 0.620084 -0.182202
v 0.118566 0.607517 -0.187461
v 0.160756 0.580339 -0.179806
v 0.166717 0.568242 -0.184423
v 0.171567 0.554418 -0.190208
v 0.164204 0.547348 -0.200668
v 0.129435 0.603432 -0.183722
v 0.14159 0.598248 -0.179105
v 0.148602 0.586151 -0.184423
v 0.140655 0.578454 -0.196577
v 0.298197 0.392136 0.00911596
v 0.292061 0.392136 0.0558645
v 0.290834 0.392136 0.0649804
v 0.279731 0.392136 0.100334
v 0.274823 0.392136 0.112255
v 0.285809 0.410517 0.082102
v 0.290542 0.408632 -0.0620002
v 0.291886 0.401405 -0.0547542
v 0.284114 0.42874 -0.082102
v 0.288555 0.42874 -0.0638117
v 0.297379 0.410517 -0.00911596
v 0.270615 0.410517 0.120319
v 0.263778 0.410517 0.136798
v 0.256825 0.42874 0.148134
v 0.25028 0.42874 0.15725
v 0.241164 0.42874 0.169346
v 0.225036 0.42874 0.190383
v 0.218023 0.42874 0.199499
v 0.207213 0.446963 0.207213
v 0.204992 0.465187 0.204992
v 0.202713 0.479954 0.202713
v 0.210076 0.484195 0.191903
v 0.217381 0.48828 0.180391
v 0.238826 0.496606 0.148134
v 0.214634 0.501633 0.176885
v 0.205518 0.501633 0.188689
v 0.202596 0.514829 0.184949
v 0.197805 0.501633 0.197805
v 0.184949 0.514829 0.202596
v 0.188689 0.501633 0.205518
v 0.164905 0.511844 0.219426
v 0.154971 0.518757 0.223692
v 0.148836 0.532738 0.22112
v 0.144102 0.544992 0.217497
v 0.137557 0.55756 0.214225
v 0.146673 0.566357 0.201252
v 0.135454 0.573269 0.204525
v 0.1285 0.584423 0.201252
v 0.118566 0.588194 0.204116
v 0.119384 0.574683 0.213874
v 0.104483 0.580653 0.216855
v 0.107989 0.601233 0.200025
v 0.082102 0.596363 0.214517
v 0.082102 0.607517 0.205401
v 0.070824 0.619299 0.199791
v 0.0483263 0.68308 0.152809
v 0.0958344 0.604375 0.202596
v 0.238008 0.459374 -0.165314
v 0.24952 0.446806 -0.153744
v 0.254721 0.452933 -0.144511
v 0.258694 0.446806 -0.137791
v 0.273128 0.433924 -0.108223
v 0.276751 0.428269 -0.101386
v 0.236431 0.47147 -0.163211
v 0.22112 0.465187 -0.185299
v 0.176885 0.538237 -0.196402
v 0.183838 0.549391 -0.183838
v 0.187286 0.538237 -0.187286
v 0.22112 0.532738 -0.148836
v 0.216446 0.524098 -0.16099
v 0.196402 0.538237 -0.176885
v 0.203414 0.538237 -0.167769
v 0.243209 0.465344 -0.156315
v 0.234327 0.521742 -0.137791
v 0.237132 0.528968 -0.127623
v 0.239644 0.516872 -0.132357
v 0.25402 0.48828 -0.124351
v 0.255948 0.476026 -0.129026
v 0.257234 0.465187 -0.132181
v 0.101678 0.68308 -0.123825
v 0.118566 0.616628 -0.178579
v 0.155088 0.592907 -0.17332
v 0.167593 0.587565 -0.167593
v 0.178871 0.561644 -0.178871
v 0.1143 0.68308 -0.1143
v 0.149478 0.604846 -0.166892
v 0.291886 0.401405 0.0547542
v 0.297379 0.410517 0.00911596
v 0.290542 0.408632 0.0620002
v 0.278855 0.410517 0.100334
v 0.288555 0.42874 0.0638117
v 0.284114 0.42874 0.082102
v 0.291535 0.413502 -0.0521246
v 0.294983 0.410517 -0.0273479
v 0.275816 0.446963 -0.0964188
v 0.281309 0.446963 -0.082102
v 0.285867 0.446963 -0.0638117
v 0.292353 0.423242 -0.03997
v 0.291594 0.435495 -0.0342433
v 0.290893 0.429054 -0.045872
v 0.295743 0.42874 -0.00911596
v 0.273946 0.421828 0.110151
v 0.262025 0.42874 0.136798
v 0.255948 0.440679 0.14679
v 0.239469 0.446963 0.167184
v 0.223341 0.446963 0.188163
v 0.216329 0.446963 0.197279
v 0.214108 0.465187 0.194415
v 0.219601 0.476183 0.183313
v 0.234385 0.48341 0.160581
v 0.242449 0.502262 0.137791
v 0.236255 0.508703 0.144511
v 0.231522 0.502262 0.154562
v 0.221646 0.501633 0.167769
v 0.241281 0.48341 0.151407
v 0.253202 0.465187 0.141297
v 0.250572 0.482624 0.135804
v 0.219426 0.511844 0.164905
v 0.223692 0.518757 0.154971
v 0.199675 0.526926 0.181092
v 0.192312 0.520956 0.192312
v 0.181092 0.526926 0.199675
v 0.16099 0.524098 0.216446
v 0.167769 0.538237 0.203414
v 0.164204 0.547348 0.200668
v 0.166717 0.568242 0.184423
v 0.160756 0.580339 0.179806
v 0.171567 0.554418 0.190208
v 0.140655 0.578454 0.196577
v 0.148602 0.586151 0.184423
v 0.14159 0.598248 0.179105
v 0.129435 0.603432 0.183722
v 0.118566 0.597462 0.196577
v 0.118566 0.607517 0.187461
v 0.109041 0.620084 0.182202
v 0.0826864 0.68308 0.137557
v 0.0638117 0.68308 0.14644
v 0.0599549 0.68308 0.148134
v 0.274531 0.460002 -0.0933217
v 0.266642 0.446963 -0.118566
v 0.200668 0.547348 -0.164204
v 0.184423 0.568242 -0.166717
v 0.190208 0.554418 -0.171567
v 0.217497 0.544992 -0.144102
v 0.221763 0.552218 -0.131948
v 0.225561 0.538551 -0.137557
v 0.256825 0.531796 -0.0764338
v 0.254312 0.526454 -0.0885884
v 0.256883 0.514358 -0.0947241
v 0.243151 0.521742 -0.120319
v 0.251799 0.50179 -0.118391
v 0.218082 0.564315 -0.125987
v 0.225036 0.55756 -0.119384
v 0.234794 0.539179 -0.120319
v 0.236489 0.546092 -0.107872
v 0.251215 0.53808 -0.0823358
v 0.256532 0.495821 -0.112196
v 0.273712 0.492679 -0.073103
v 0.271492 0.48341 -0.0858419
v 0.273187 0.472099 -0.0899909
v 0.262902 0.465187 -0.118566
v 0.161633 0.599819 -0.161633
v 0.179806 0.580339 -0.160756
v 0.17332 0.592907 -0.155088
v 0.123825 0.68308 -0.101678
v 0.178579 0.616628 -0.118566
v 0.183722 0.603432 -0.129435
v 0.166892 0.604846 -0.149478
v 0.294983 0.410517 0.0273479
v 0.295743 0.42874 0.00911596
v 0.292353 0.423242 0.03997
v 0.291535 0.413502 0.0521246
v 0.276751 0.428269 0.101386
v 0.290893 0.429054 0.045872
v 0.291594 0.435495 0.0342433
v 0.285867 0.446963 0.0638117
v 0.281309 0.446963 0.082102
v 0.275816 0.446963 0.0964188
v 0.27716 0.465658 -0.0831539
v 0.282302 0.465187 -0.0638117
v 0.29136 0.452933 -0.0139661
v 0.2906 0.446963 -0.0278738
v 0.292412 0.440837 -0.0220887
v 0.293113 0.446963 -0.00835629
v 0.29212 0.457175 -0.0018115
v 0.273128 0.433924 0.108223
v 0.258694 0.446806 0.137791
v 0.254721 0.452933 0.144511
v 0.24952 0.446806 0.153744
v 0.238008 0.459374 0.165314
v 0.22112 0.465187 0.185299
v 0.236431 0.47147 0.163211
v 0.25402 0.48828 0.124351
v 0.239644 0.516872 0.132357
v 0.237132 0.528968 0.127623
v 0.234327 0.521742 0.137791
v 0.22112 0.532738 0.148836
v 0.243209 0.465344 0.156315
v 0.257234 0.465187 0.132181
v 0.255948 0.476026 0.129026
v 0.216446 0.524098 0.16099
v 0.203414 0.538237 0.167769
v 0.196402 0.538237 0.176885
v 0.183838 0.549391 0.183838
v 0.187286 0.538237 0.187286
v 0.176885 0.538237 0.196402
v 0.178871 0.561644 0.178871
v 0.167593 0.587565 0.167593
v 0.155088 0.592907 0.17332
v 0.149478 0.604846 0.166892
v 0.1143 0.68308 0.1143
v 0.093906 0.68308 0.129902
v 0.118566 0.616628 0.178579
v 0.201252 0.566357 -0.146673
v 0.214225 0.55756 -0.137557
v 0.264947 0.519856 -0.0638117
v 0.259513 0.520171 -0.0823358
v 0.241398 0.556617 -0.0814593
v 0.238008 0.566828 -0.0750313
v 0.247124 0.55646 -0.0638117
v 0.253844 0.544206 -0.0638117
v 0.258344 0.535095 -0.0638117
v 0.25437 0.507917 -0.106879
v 0.268161 0.499905 -0.080349
v 0.204525 0.573269 -0.135454
v 0.201252 0.584423 -0.1285
v 0.204116 0.588194 -0.118566
v 0.213874 0.574683 -0.119384
v 0.216855 0.580653 -0.104424
v 0.220828 0.568557 -0.113833
v 0.233275 0.556617 -0.10121
v 0.239002 0.55049 -0.0957175
v 0.259162 0.50179 -0.100626
v 0.271141 0.503675 -0.0638117
v 0.272485 0.507289 -0.0455798
v 0.274355 0.494564 -0.0638117
v 0.282536 0.48341 -0.0273479
v 0.28014 0.48341 -0.0455798
v 0.277686 0.48341 -0.0638117
v 0.275056 0.48341 -0.076726
v 0.184423 0.586151 -0.148602
v 0.196577 0.578454 -0.140655
v 0.179105 0.598248 -0.14159
v 0.137557 0.68308 -0.0826864
v 0.182202 0.620084 -0.109041
v 0.187461 0.607517 -0.118566
v 0.196577 0.597462 -0.118566
v 0.29212 0.457175 0.0018115
v 0.293113 0.446963 0.00835629
v 0.292412 0.440837 0.0220887
v 0.2906 0.446963 0.0278738
v 0.29136 0.452933 0.0139661
v 0.282302 0.465187 0.0638117
v 0.27716 0.465658 0.0831539
v 0.274531 0.460002 0.0933217
v 0.266642 0.446963 0.118566
v 0.287153 0.465187 -0.0273479
v 0.289841 0.464087 -0.00835629
v 0.284874 0.48341 -0.00911596
v 0.271492 0.48341 0.0858419
v 0.273712 0.492679 0.073103
v 0.256532 0.495821 0.112196
v 0.251799 0.50179 0.118391
v 0.243151 0.521742 0.120319
v 0.256883 0.514358 0.0947241
v 0.254312 0.526454 0.0885884
v 0.256825 0.531796 0.0764338
v 0.251215 0.53808 0.0823358
v 0.236489 0.546092 0.107872
v 0.234794 0.539179 0.120319
v 0.225036 0.55756 0.119384
v 0.218082 0.564315 0.125987
v 0.221763 0.552218 0.131948
v 0.225561 0.538551 0.137557
v 0.217497 0.544992 0.144102
v 0.262902 0.465187 0.118566
v 0.273187 0.472099 0.0899909
v 0.200668 0.547348 0.164204
v 0.190208 0.554418 0.171567
v 0.184423 0.568242 0.166717
v 0.179806 0.580339 0.160756
v 0.17332 0.592907 0.155088
v 0.161633 0.599819 0.161633
v 0.166892 0.604846 0.149478
v 0.183722 0.603432 0.129435
v 0.129902 0.68308 0.093906
v 0.267694 0.519856 -0.0455798
v 0.235496 0.562744 -0.0871859
v 0.239586 0.569499 -0.0638117
v 0.22299 0.574683 -0.0991652
v 0.219367 0.584423 -0.0922698
v 0.221471 0.587094 -0.082102
v 0.233859 0.578611 -0.0638117
v 0.241339 0.572484 -0.0455798
v 0.255013 0.546406 -0.0516571
v 0.259104 0.539494 -0.0455798
v 0.200025 0.601233 -0.107989
v 0.2764 0.50289 -0.0274063
v 0.275582 0.498177 -0.0455798
v 0.273245 0.509645 -0.0334836
v 0.14644 0.68308 -0.0638117
v 0.284874 0.48341 0.00911596
v 0.289841 0.464087 0.00835629
v 0.287153 0.465187 0.0273479
v 0.28014 0.48341 0.0455798
v 0.277686 0.48341 0.0638117
v 0.275056 0.48341 0.076726
v 0.279147 0.501633 -0.00911596
v 0.274355 0.494564 0.0638117
v 0.272485 0.507289 0.0455798
v 0.271141 0.503675 0.0638117
v 0.264947 0.519856 0.0638117
v 0.259513 0.520171 0.0823358
v 0.268161 0.499905 0.080349
v 0.259162 0.50179 0.100626
v 0.282536 0.48341 0.0273479
v 0.25437 0.507917 0.106879
v 0.258344 0.535095 0.0638117
v 0.253844 0.544206 0.0638117
v 0.247124 0.55646 0.0638117
v 0.238008 0.566828 0.0750313
v 0.241398 0.556617 0.0814593
v 0.239002 0.55049 0.0957175
v 0.233275 0.556617 0.10121
v 0.220828 0.568557 0.113833
v 0.201252 0.566357 0.146673
v 0.214225 0.55756 0.137557
v 0.216855 0.580653 0.104483
v 0.213874 0.574683 0.119384
v 0.204116 0.588194 0.118566
v 0.201252 0.584423 0.1285
v 0.204525 0.573269 0.135454
v 0.196577 0.578454 0.140655
v 0.184423 0.586151 0.148602
v 0.179105 0.598248 0.14159
v 0.187461 0.607517 0.118566
v 0.182202 0.620084 0.109041
v 0.178579 0.616628 0.118566
v 0.196577 0.597462 0.118566
v 0.137557 0.68308 0.0826864
v 0.271258 0.522998 -0.00911596
v 0.270557 0.518757 -0.0274063
v 0.274063 0.511844 -0.021329
v 0.262142 0.538237 -0.0273479
v 0.235788 0.581596 -0.0455798
v 0.214517 0.596206 -0.082102
v 0.217264 0.599819 -0.0683112
v 0.223867 0.593378 -0.0628767
v 0.219367 0.602647 -0.0561566
v 0.244728 0.574683 -0.00911596
v 0.252851 0.560859 -0.00911596
v 0.251682 0.558659 -0.0273479
v 0.251215 0.555046 -0.0455798
v 0.236664 0.583009 -0.0326655
v 0.237482 0.584266 -0.0205109
v 0.255831 0.548134 -0.0395025
v 0.202596 0.604375 -0.0958344
v 0.152809 0.68308 -0.0483263
v 0.199791 0.619299 -0.070824
v 0.279147 0.501633 0.00911596
v 0.275582 0.498177 0.0455798
v 0.274823 0.513887 -0.00911596
v 0.2764 0.50289 0.0274063
v 0.273245 0.509645 0.0334836
v 0.267694 0.519856 0.0455798
v 0.259104 0.539494 0.0455798
v 0.255013 0.546406 0.0516571
v 0.241339 0.572484 0.0455798
v 0.239586 0.569499 0.0638117
v 0.22299 0.574683 0.0991652
v 0.235496 0.562744 0.0871859
v 0.233859 0.578611 0.0638117
v 0.221471 0.587094 0.082102
v 0.219367 0.584423 0.0922698
v 0.200025 0.601233 0.107989
v 0.14644 0.68308 0.0638117
v 0.271258 0.522998 0.00911596
v 0.264538 0.538237 -0.00911596
v 0.228016 0.592907 -0.0455798
v 0.205401 0.607517 -0.082102
v 0.209725 0.610973 -0.0634611
v 0.202187 0.62197 -0.0586109
v 0.159529 0.68308 -0.0269973
v 0.220244 0.603746 -0.0455798
v 0.244728 0.574683 0.00911596
v 0.238184 0.585209 -0.00911596
v 0.257818 0.551747 -0.00911596
v 0.252851 0.560859 0.00911596
v 0.23158 0.591336 -0.0268804
v 0.231697 0.59432 -0.00911596
v 0.153335 0.68308 -0.0469238
v 0.274823 0.513887 0.00911596
v 0.274063 0.511844 0.021329
v 0.270557 0.518757 0.0274063
v 0.262142 0.538237 0.0273479
v 0.255831 0.548134 0.0395025
v 0.251215 0.555046 0.0455798
v 0.251682 0.558659 0.0273479
v 0.237482 0.584266 0.0205109
v 0.235846 0.581596 0.0455798
v 0.219367 0.602647 0.0561566
v 0.223867 0.593378 0.0628767
v 0.217205 0.599819 0.0683112
v 0.214517 0.596206 0.082102
v 0.202596 0.604375 0.0958344
v 0.148134 0.68308 0.0599549
v 0.264538 0.538237 0.00911596
v 0.159705 0.68308 -0.0237833
v 0.222581 0.606731 -0.00911596
v 0.238184 0.585209 0.00911596
v 0.257818 0.551747 0.00911596
v 0.231697 0.59432 0.00911596
v 0.236664 0.583009 0.0326655
v 0.23158 0.591336 0.0268804
v 0.220244 0.603746 0.0455798
v 0.228016 0.592907 0.0455798
v 0.159529 0.68308 0.0269973
v 0.158828 0.68308 0.0301528
v 0.202187 0.62197 0.0586109
v 0.209725 0.610973 0.0634611
v 0.205401 0.607517 0.082102
v 0.199791 0.619299 0.070824
v 0.152809 0.68308 0.0483263
v 0.159938 0.68308 -0.00911596
v 0.21516 0.615843 -0.00911596
v 0.222581 0.606731 0.00911596
v 0.159938 0.68308 0.00911596
v 0.21516 0.615843 0.00911596
v 0.15351 0.68308 0.0463979
v 0.153335 0.68308 0.0469238
f 1 2 3
f 1 3 4
f 1 4 5
f 1 5 6
f 1 6 17
f 1 17 7
f 1 7 22
f 1 22 8
f 1 8 10
f 1 10 2
f 2 9 3
f 2 10 27
f 2 27 9
f 3 9 11
f 3 11 12
f 3 12 4
f 4 12 13
f 4 13 14
f 4 14 5
f 5 14 15
f 5 15 6
f 6 15 16
f 6 16 35
f 6 35 17
f 7 17 18
f 7 18 19
f 7 19 20
f 7 20 21
f 7 21 44
f 7 44 22
f 8 22 46
f 8 46 23
f 8 23 24
f 8 24 10
f 9 25 26
f 9 26 11
f 9 27 50
f 9 50 25
f 10 24 28
f 10 28 29
f 10 29 27
f 11 26 30
f 11 30 31
f 11 31 32
f 11 32 33
f 11 33 12
f 12 33 13
f 13 33 14
f 14 33 34
f 14 34 15
f 15 34 16
f 16 34 36
f 16 36 37
f 16 37 63
f 16 63 35
f 17 35 38
f 17 38 18
f 18 38 39
f 18 39 19
f 19 39 40
f 19 40 41
f 19 41 20
f 20 42 21
f 20 41 43
f 20 43 42
f 21 42 71
f 21 71 44
f 22 44 45
f 22 45 46
f 23 46 78
f 23 78 47
f 23 47 48
f 23 48 24
f 24 48 28
f 25 49 26
f 25 50 84
f 25 84 49
f 26 51 52
f 26 52 53
f 26 53 31
f 26 31 30
f 26 49 51
f 27 29 50
f 28 48 54
f 28 54 55
f 28 55 29
f 29 55 95
f 29 95 56
f 29 56 50
f 31 53 32
f 32 57 58
f 32 58 33
f 32 53 57
f 33 58 59
f 33 59 60
f 33 60 34
f 34 60 61
f 34 61 62
f 34 62 36
f 35 63 64
f 35 64 65
f 35 65 38
f 36 62 66
f 36 66 37
f 37 66 67
f 37 67 103
f 37 103 63
f 38 65 39
f 39 65 68
f 39 68 40
f 40 68 41
f 41 68 43
f 42 43 69
f 42 69 70
f 42 70 115
f 42 115 71
f 43 72 73
f 43 73 69
f 43 68 74
f 43 74 72
f 44 71 75
f 44 75 76
f 44 76 45
f 45 76 77
f 45 77 46
f 46 77 78
f 47 78 123
f 47 123 79
f 47 79 80
f 47 80 81
f 47 81 82
f 47 82 54
f 47 54 48
f 49 83 51
f 49 84 129
f 49 129 83
f 50 56 85
f 50 85 86
f 50 86 84
f 51 87 53
f 51 53 52
f 51 83 88
f 51 88 89
f 51 89 87
f 53 87 90
f 53 90 91
f 53 91 92
f 53 92 93
f 53 93 57
f 54 82 81
f 54 81 94
f 54 94 55
f 55 94 96
f 55 96 95
f 56 95 85
f 57 93 58
f 58 93 60
f 58 60 59
f 60 97 98
f 60 98 99
f 60 99 100
f 60 100 61
f 60 93 97
f 61 100 101
f 61 101 62
f 62 101 102
f 62 102 66
f 63 103 104
f 63 104 64
f 64 104 105
f 64 105 65
f 65 105 106
f 65 106 107
f 65 107 68
f 66 102 67
f 67 102 108
f 67 108 160
f 67 160 103
f 68 107 109
f 68 109 110
f 68 110 74
f 69 73 72
f 69 72 111
f 69 111 112
f 69 112 113
f 69 113 114
f 69 114 70
f 70 114 176
f 70 176 115
f 71 115 75
f 72 74 111
f 74 110 116
f 74 116 111
f 75 117 179
f 75 179 118
f 75 118 76
f 75 115 117
f 76 118 119
f 76 119 77
f 77 119 78
f 78 119 120
f 78 120 121
f 78 121 122
f 78 122 123
f 79 123 186
f 79 186 124
f 79 124 125
f 79 125 126
f 79 126 127
f 79 127 128
f 79 128 80
f 80 128 94
f 80 94 81
f 83 129 135
f 83 135 88
f 84 86 130
f 84 130 129
f 85 95 131
f 85 131 86
f 86 131 132
f 86 132 133
f 86 133 130
f 87 89 90
f 88 134 89
f 88 135 196
f 88 196 134
f 89 134 136
f 89 136 137
f 89 137 138
f 89 138 139
f 89 139 140
f 89 140 141
f 89 141 90
f 90 141 142
f 90 142 143
f 90 143 144
f 90 144 91
f 91 144 145
f 91 145 92
f 92 145 146
f 92 146 93
f 93 146 147
f 93 147 148
f 93 148 97
f 94 128 127
f 94 127 149
f 94 149 96
f 95 96 150
f 95 150 151
f 95 151 131
f 96 149 152
f 96 152 153
f 96 153 150
f 97 148 98
f 98 148 99
f 99 148 154
f 99 154 155
f 99 155 100
f 100 155 156
f 100 156 157
f 100 157 101
f 101 157 102
f 102 157 158
f 102 158 108
f 103 159 104
f 103 160 159
f 104 159 105
f 105 159 161
f 105 161 106
f 106 161 162
f 106 162 107
f 107 162 163
f 107 163 164
f 107 164 165
f 107 165 166
f 107 166 110
f 107 110 109
f 108 158 167
f 108 167 168
f 108 168 231
f 108 231 160
f 110 166 116
f 111 169 170
f 111 170 113
f 111 113 112
f 111 116 166
f 111 166 171
f 111 171 172
f 111 172 169
f 113 170 173
f 113 173 174
f 113 174 175
f 113 175 114
f 114 175 253
f 114 253 176
f 115 176 177
f 115 177 178
f 115 178 117
f 117 178 179
f 118 179 180
f 118 180 181
f 118 181 119
f 119 181 121
f 119 121 120
f 121 181 122
f 122 181 182
f 122 182 123
f 123 182 183
f 123 183 184
f 123 184 185
f 123 185 186
f 124 187 125
f 124 186 267
f 124 267 188
f 124 188 189
f 124 189 190
f 124 190 187
f 125 187 126
f 126 187 191
f 126 191 149
f 126 149 127
f 129 130 135
f 130 133 192
f 130 192 135
f 131 151 132
f 132 151 193
f 132 193 194
f 132 194 133
f 133 194 195
f 133 195 192
f 134 196 198
f 134 198 136
f 135 192 197
f 135 197 196
f 136 198 199
f 136 199 137
f 137 199 200
f 137 200 138
f 138 200 202
f 138 202 139
f 139 201 140
f 139 202 279
f 139 279 201
f 140 201 203
f 140 203 204
f 140 204 205
f 140 205 206
f 140 206 207
f 140 207 208
f 140 208 142
f 140 142 141
f 142 208 209
f 142 209 210
f 142 210 211
f 142 211 143
f 143 211 212
f 143 212 213
f 143 213 214
f 143 214 144
f 144 214 145
f 145 214 146
f 146 214 215
f 146 215 216
f 146 216 147
f 147 216 217
f 147 217 218
f 147 218 148
f 148 218 219
f 148 219 154
f 149 191 187
f 149 187 220
f 149 220 152
f 150 153 221
f 150 221 193
f 150 193 151
f 152 220 222
f 152 222 223
f 152 223 153
f 153 223 224
f 153 224 225
f 153 225 221
f 154 219 155
f 155 219 156
f 156 219 226
f 156 226 227
f 156 227 157
f 157 227 228
f 157 228 158
f 158 228 167
f 159 160 229
f 159 229 230
f 159 230 161
f 160 231 232
f 160 232 229
f 161 230 162
f 162 230 233
f 162 233 234
f 162 234 163
f 163 234 235
f 163 235 236
f 163 236 164
f 164 236 165
f 165 236 166
f 166 236 237
f 166 237 238
f 166 238 171
f 167 228 239
f 167 239 168
f 168 239 240
f 168 240 320
f 168 320 231
f 169 172 241
f 169 241 242
f 169 242 243
f 169 243 244
f 169 244 173
f 169 173 170
f 171 238 245
f 171 245 172
f 172 245 241
f 173 246 247
f 173 247 248
f 173 248 249
f 173 249 250
f 173 250 251
f 173 251 174
f 173 244 246
f 174 251 346
f 174 346 252
f 174 252 253
f 174 253 175
f 176 253 254
f 176 254 177
f 177 254 255
f 177 255 256
f 177 256 257
f 177 257 178
f 178 257 179
f 179 257 258
f 179 258 259
f 179 259 180
f 180 259 260
f 180 260 261
f 180 261 262
f 180 262 181
f 181 262 183
f 181 183 182
f 183 262 184
f 184 262 263
f 184 263 264
f 184 264 185
f 185 264 186
f 186 264 265
f 186 265 266
f 186 266 267
f 187 190 220
f 188 267 361
f 188 361 268
f 188 268 269
f 188 269 270
f 188 270 190
f 188 190 189
f 190 270 271
f 190 271 220
f 192 195 275
f 192 275 197
f 193 221 272
f 193 272 194
f 194 272 273
f 194 273 195
f 195 273 274
f 195 274 275
f 196 197 276
f 196 276 198
f 197 275 276
f 198 276 277
f 198 277 199
f 199 277 200
f 200 277 278
f 200 278 202
f 201 279 282
f 201 282 203
f 202 278 280
f 202 280 281
f 202 281 279
f 203 282 283
f 203 283 204
f 204 283 284
f 204 284 205
f 205 284 286
f 205 286 206
f 206 285 207
f 206 286 375
f 206 375 285
f 207 287 288
f 207 288 209
f 207 209 208
f 207 285 289
f 207 289 287
f 209 288 287
f 209 287 290
f 209 290 291
f 209 291 292
f 209 292 293
f 209 293 294
f 209 294 210
f 210 294 295
f 210 295 211
f 211 295 212
f 212 295 296
f 212 296 297
f 212 297 213
f 213 215 214
f 213 297 298
f 213 298 299
f 213 299 300
f 213 300 215
f 215 300 216
f 216 300 301
f 216 301 217
f 217 301 302
f 217 302 218
f 218 302 303
f 218 303 304
f 218 304 219
f 219 304 226
f 220 271 305
f 220 305 306
f 220 306 307
f 220 307 222
f 221 225 308
f 221 308 272
f 222 307 309
f 222 309 223
f 223 309 310
f 223 310 311
f 223 311 224
f 224 312 272
f 224 272 308
f 224 308 225
f 224 311 313
f 224 313 314
f 224 314 315
f 224 315 312
f 226 304 227
f 227 304 316
f 227 316 228
f 228 316 317
f 228 317 239
f 229 232 318
f 229 318 230
f 230 318 319
f 230 319 233
f 231 320 321
f 231 321 318
f 231 318 232
f 233 319 322
f 233 322 323
f 233 323 234
f 234 323 235
f 235 323 236
f 236 323 324
f 236 324 237
f 237 324 325
f 237 325 326
f 237 326 238
f 238 327 328
f 238 328 245
f 238 326 327
f 239 317 329
f 239 329 240
f 240 329 416
f 240 416 320
f 241 245 328
f 241 328 242
f 242 330 243
f 242 328 331
f 242 331 332
f 242 332 330
f 243 330 333
f 243 333 334
f 243 334 335
f 243 335 246
f 243 246 244
f 246 336 337
f 246 337 338
f 246 338 339
f 246 339 340
f 246 340 247
f 246 335 341
f 246 341 336
f 247 340 438
f 247 438 342
f 247 342 343
f 247 343 248
f 248 343 344
f 248 344 249
f 249 344 345
f 249 345 250
f 250 345 346
f 250 346 251
f 252 346 347
f 252 347 348
f 252 348 254
f 252 254 253
f 254 348 255
f 255 349 350
f 255 350 256
f 255 348 349
f 256 350 351
f 256 351 258
f 256 258 257
f 258 351 259
f 259 351 352
f 259 352 260
f 260 353 354
f 260 354 355
f 260 355 261
f 260 352 353
f 261 355 356
f 261 356 357
f 261 357 262
f 262 264 263
f 262 357 264
f 264 357 265
f 265 357 358
f 265 358 359
f 265 359 267
f 265 267 266
f 267 359 360
f 267 360 361
f 268 362 269
f 268 361 464
f 268 464 363
f 268 363 364
f 268 364 362
f 269 365 270
f 269 362 366
f 269 366 365
f 270 365 306
f 270 306 271
f 271 306 305
f 272 312 367
f 272 367 273
f 273 367 274
f 274 368 369
f 274 369 275
f 274 367 368
f 275 370 276
f 275 369 370
f 276 370 277
f 277 370 278
f 278 370 280
f 279 281 371
f 279 371 282
f 280 370 372
f 280 372 281
f 281 372 371
f 282 371 283
f 283 371 373
f 283 373 374
f 283 374 284
f 284 374 286
f 285 375 382
f 285 382 289
f 286 374 376
f 286 376 377
f 286 377 375
f 287 378 379
f 287 379 290
f 287 289 380
f 287 380 381
f 287 381 378
f 289 382 480
f 289 480 380
f 290 379 378
f 290 378 291
f 291 383 384
f 291 384 292
f 291 378 383
f 292 384 293
f 293 384 385
f 293 385 386
f 293 386 387
f 293 387 388
f 293 388 296
f 293 296 294
f 294 296 295
f 296 388 389
f 296 389 297
f 297 389 298
f 298 389 390
f 298 390 299
f 299 301 300
f 299 390 391
f 299 391 392
f 299 392 393
f 299 393 301
f 301 393 302
f 302 393 303
f 303 394 304
f 303 393 394
f 304 394 395
f 304 395 411
f 304 411 316
f 306 365 366
f 306 366 396
f 306 396 397
f 306 397 398
f 306 398 399
f 306 399 400
f 306 400 401
f 306 401 402
f 306 402 403
f 306 403 404
f 306 404 307
f 307 404 309
f 309 404 405
f 309 405 311
f 309 311 310
f 311 405 313
f 312 315 406
f 312 406 367
f 313 405 407
f 313 407 408
f 313 408 314
f 314 409 410
f 314 410 315
f 314 408 409
f 315 410 406
f 316 411 317
f 317 411 412
f 317 412 329
f 318 321 413
f 318 413 414
f 318 414 319
f 319 415 322
f 319 414 415
f 320 416 321
f 321 416 413
f 322 415 323
f 323 415 324
f 324 415 417
f 324 417 418
f 324 418 325
f 325 419 326
f 325 418 419
f 326 420 327
f 326 419 420
f 327 331 328
f 327 420 331
f 329 412 526
f 329 526 416
f 330 332 421
f 330 421 333
f 331 422 332
f 331 420 423
f 331 423 424
f 331 424 422
f 332 422 425
f 332 425 421
f 333 421 426
f 333 426 334
f 334 427 428
f 334 428 429
f 334 429 341
f 334 341 335
f 334 426 430
f 334 430 431
f 334 431 432
f 334 432 427
f 336 341 433
f 336 433 547
f 336 547 434
f 336 434 435
f 336 435 337
f 337 435 436
f 337 436 338
f 338 436 437
f 338 437 339
f 339 437 438
f 339 438 340
f 341 429 428
f 341 428 439
f 341 439 433
f 342 438 440
f 342 440 441
f 342 441 442
f 342 442 343
f 343 442 443
f 343 443 344
f 344 443 345
f 345 443 444
f 345 444 347
f 345 347 346
f 347 444 445
f 347 445 349
f 347 349 348
f 349 445 446
f 349 446 447
f 349 447 350
f 350 447 448
f 350 448 351
f 351 448 352
f 352 448 449
f 352 449 353
f 353 449 354
f 354 449 448
f 354 448 450
f 354 450 451
f 354 451 452
f 354 452 453
f 354 453 454
f 354 454 355
f 355 454 455
f 355 455 456
f 355 456 356
f 356 456 457
f 356 457 357
f 357 457 458
f 357 458 459
f 357 459 358
f 358 459 458
f 358 458 359
f 359 458 460
f 359 460 360
f 360 460 461
f 360 461 462
f 360 462 361
f 361 462 463
f 361 463 464
f 362 364 465
f 362 465 366
f 363 464 577
f 363 577 466
f 363 466 364
f 364 466 467
f 364 467 468
f 364 468 465
f 366 465 468
f 366 468 396
f 367 469 368
f 367 406 469
f 368 470 369
f 368 469 514
f 368 514 470
f 369 470 471
f 369 471 472
f 369 472 473
f 369 473 370
f 370 473 372
f 371 372 373
f 372 474 373
f 372 473 472
f 372 472 474
f 373 474 374
f 374 474 475
f 374 475 376
f 375 377 382
f 376 475 476
f 376 476 377
f 377 476 477
f 377 477 382
f 378 381 478
f 378 478 479
f 378 479 383
f 380 480 482
f 380 482 381
f 381 481 478
f 381 482 594
f 381 594 481
f 382 477 480
f 383 479 483
f 383 483 484
f 383 484 485
f 383 485 385
f 383 385 486
f 383 486 384
f 384 486 385
f 385 487 488
f 385 488 489
f 385 489 490
f 385 490 386
f 385 485 487
f 386 490 387
f 387 490 489
f 387 489 491
f 387 491 492
f 387 492 493
f 387 493 388
f 388 493 494
f 388 494 389
f 389 494 390
f 390 494 495
f 390 495 391
f 391 495 496
f 391 496 497
f 391 497 392
f 392 394 393
f 392 497 498
f 392 498 499
f 392 499 500
f 392 500 395
f 392 395 394
f 395 500 411
f 396 468 397
f 397 468 501
f 397 501 398
f 398 502 503
f 398 503 399
f 398 501 504
f 398 504 505
f 398 505 506
f 398 506 507
f 398 507 508
f 398 508 502
f 399 503 509
f 399 509 400
f 400 510 401
f 400 509 510
f 401 510 402
f 402 510 511
f 402 511 403
f 403 511 512
f 403 512 513
f 403 513 407
f 403 407 405
f 403 405 404
f 406 514 469
f 406 410 515
f 406 515 516
f 406 516 514
f 407 513 408
f 408 513 517
f 408 517 518
f 408 518 519
f 408 519 520
f 408 520 521
f 408 521 522
f 408 522 409
f 409 523 410
f 409 522 524
f 409 524 523
f 410 523 516
f 410 516 515
f 411 525 412
f 411 500 525
f 412 525 527
f 412 527 528
f 412 528 644
f 412 644 770
f 412 770 906
f 412 906 765
f 412 765 641
f 412 641 526
f 413 416 526
f 413 526 529
f 413 529 414
f 414 529 531
f 414 531 415
f 415 530 417
f 415 531 530
f 417 530 532
f 417 532 418
f 418 532 419
f 419 423 420
f 419 532 423
f 421 425 426
f 422 424 533
f 422 533 425
f 423 534 424
f 423 532 535
f 423 535 536
f 423 536 534
f 424 534 533
f 425 430 426
f 425 533 537
f 425 537 430
f 427 538 539
f 427 539 428
f 427 432 538
f 428 539 538
f 428 538 540
f 428 540 541
f 428 541 439
f 430 537 542
f 430 542 543
f 430 543 544
f 430 544 545
f 430 545 431
f 431 545 432
f 432 545 546
f 432 546 538
f 433 439 553
f 433 553 547
f 434 547 548
f 434 548 549
f 434 549 550
f 434 550 435
f 435 550 551
f 435 551 436
f 436 551 552
f 436 552 437
f 437 552 438
f 438 552 440
f 439 541 659
f 439 659 553
f 440 552 554
f 440 554 441
f 441 554 555
f 441 555 442
f 442 555 443
f 443 555 444
f 444 555 445
f 445 555 556
f 445 556 446
f 446 556 557
f 446 557 558
f 446 558 447
f 447 558 448
f 448 558 450
f 450 558 559
f 450 559 451
f 451 560 452
f 451 559 560
f 452 560 561
f 452 561 562
f 452 562 453
f 453 562 563
f 453 563 564
f 453 564 454
f 454 564 456
f 454 456 455
f 456 564 565
f 456 565 457
f 457 565 458
f 458 566 567
f 458 567 568
f 458 568 569
f 458 569 570
f 458 570 571
f 458 571 572
f 458 572 573
f 458 573 461
f 458 461 460
f 458 565 566
f 461 573 574
f 461 574 575
f 461 575 462
f 462 575 463
f 463 575 574
f 463 574 576
f 463 576 577
f 463 577 464
f 466 468 467
f 466 577 705
f 466 705 578
f 466 578 579
f 466 579 468
f 468 579 580
f 468 580 501
f 470 514 581
f 470 581 471
f 471 582 472
f 471 581 582
f 472 582 583
f 472 583 584
f 472 584 474
f 474 584 475
f 475 584 585
f 475 585 586
f 475 586 476
f 476 586 587
f 476 587 477
f 477 587 588
f 477 588 589
f 477 589 480
f 478 481 590
f 478 590 591
f 478 591 479
f 479 591 483
f 480 589 592
f 480 592 593
f 480 593 482
f 481 594 717
f 481 717 590
f 482 593 594
f 483 591 484
f 484 591 595
f 484 595 596
f 484 596 485
f 485 597 598
f 485 598 487
f 485 596 599
f 485 599 597
f 487 598 600
f 487 600 488
f 488 600 601
f 488 601 602
f 488 602 603
f 488 603 489
f 489 603 491
f 491 603 492
f 492 603 602
f 492 602 604
f 492 604 605
f 492 605 493
f 493 605 496
f 493 496 495
f 493 495 494
f 496 605 497
f 497 605 498
f 498 606 499
f 498 605 728
f 498 728 606
f 499 606 607
f 499 607 527
f 499 527 500
f 500 527 525
f 501 580 608
f 501 608 504
f 502 609 517
f 502 517 512
f 502 512 511
f 502 511 610
f 502 610 509
f 502 509 503
f 502 508 611
f 502 611 612
f 502 612 613
f 502 613 614
f 502 614 615
f 502 615 616
f 502 616 609
f 504 608 505
f 505 617 618
f 505 618 506
f 505 608 617
f 506 619 620
f 506 620 621
f 506 621 507
f 506 618 622
f 506 622 623
f 506 623 624
f 506 624 619
f 507 621 625
f 507 625 626
f 507 626 508
f 508 626 611
f 509 610 510
f 510 610 511
f 512 517 513
f 514 516 627
f 514 627 581
f 516 523 628
f 516 628 627
f 517 609 629
f 517 629 630
f 517 630 631
f 517 631 518
f 518 631 519
f 519 631 520
f 520 632 521
f 520 631 632
f 521 632 633
f 521 633 634
f 521 634 635
f 521 635 636
f 521 636 637
f 521 637 638
f 521 638 639
f 521 639 640
f 521 640 628
f 521 628 524
f 521 524 522
f 523 524 628
f 526 641 642
f 526 642 643
f 526 643 529
f 527 607 528
f 528 607 606
f 528 606 645
f 528 645 646
f 528 646 771
f 528 771 644
f 529 643 647
f 529 647 531
f 530 531 535
f 530 535 532
f 531 647 535
f 533 534 648
f 533 648 537
f 534 536 649
f 534 649 648
f 535 650 536
f 535 647 651
f 535 651 652
f 535 652 650
f 536 650 653
f 536 653 649
f 537 648 654
f 537 654 542
f 538 655 656
f 538 656 540
f 538 546 655
f 540 656 657
f 540 657 781
f 540 781 658
f 540 658 659
f 540 659 541
f 542 660 661
f 542 661 662
f 542 662 543
f 542 654 663
f 542 663 660
f 543 662 544
f 544 662 661
f 544 661 664
f 544 664 665
f 544 665 666
f 544 666 546
f 544 546 667
f 544 667 545
f 545 667 546
f 546 668 669
f 546 669 655
f 546 666 668
f 547 553 548
f 548 670 671
f 548 671 549
f 548 553 670
f 549 671 672
f 549 672 673
f 549 673 550
f 550 673 551
f 551 673 554
f 551 554 552
f 553 659 670
f 554 673 674
f 554 674 675
f 554 675 555
f 555 675 556
f 556 675 674
f 556 674 676
f 556 676 677
f 556 677 557
f 557 677 679
f 557 679 678
f 557 678 558
f 558 678 559
f 559 678 679
f 559 679 680
f 559 680 681
f 559 681 560
f 560 681 680
f 560 680 682
f 560 682 561
f 561 682 683
f 561 683 684
f 561 684 562
f 562 684 685
f 562 685 686
f 562 686 687
f 562 687 688
f 562 688 689
f 562 689 690
f 562 690 563
f 563 690 566
f 563 566 564
f 564 566 565
f 566 690 691
f 566 691 692
f 566 692 567
f 567 692 693
f 567 693 568
f 568 693 569
f 569 693 694
f 569 694 570
f 570 694 695
f 570 695 571
f 571 695 696
f 571 696 697
f 571 697 698
f 571 698 699
f 571 699 700
f 571 700 701
f 571 701 702
f 571 702 572
f 572 702 574
f 572 574 573
f 574 577 576
f 574 702 703
f 574 703 704
f 574 704 577
f 577 704 705
f 578 705 837
f 578 837 706
f 578 706 707
f 578 707 579
f 579 707 580
f 580 707 608
f 581 708 582
f 581 627 708
f 582 708 709
f 582 709 583
f 583 709 710
f 583 710 584
f 584 710 585
f 585 710 711
f 585 711 586
f 586 711 712
f 586 712 587
f 587 712 713
f 587 713 588
f 588 713 714
f 588 714 589
f 589 714 592
f 590 715 849
f 590 849 716
f 590 716 595
f 590 595 591
f 590 717 850
f 590 850 715
f 592 714 719
f 592 719 593
f 593 718 594
f 593 719 718
f 594 718 720
f 594 720 717
f 595 716 596
f 596 716 599
f 597 599 721
f 597 721 722
f 597 722 598
f 598 722 723
f 598 723 600
f 599 716 849
f 599 849 724
f 599 724 855
f 599 855 721
f 600 723 601
f 601 725 726
f 601 726 727
f 601 727 602
f 601 723 725
f 602 727 604
f 604 727 605
f 605 727 728
f 606 728 645
f 608 707 729
f 608 729 617
f 609 616 629
f 611 626 625
f 611 625 613
f 611 613 612
f 613 625 620
f 613 620 614
f 614 730 731
f 614 731 615
f 614 620 732
f 614 732 733
f 614 733 734
f 614 734 735
f 614 735 736
f 614 736 730
f 615 737 629
f 615 629 616
f 615 731 737
f 617 729 738
f 617 738 739
f 617 739 740
f 617 740 741
f 617 741 742
f 617 742 618
f 618 742 622
f 619 624 732
f 619 732 620
f 620 625 621
f 622 742 743
f 622 743 744
f 622 744 623
f 623 744 745
f 623 745 746
f 623 746 624
f 624 746 747
f 624 747 732
f 627 628 748
f 627 748 708
f 628 749 748
f 628 640 749
f 629 750 751
f 629 751 630
f 629 737 752
f 629 752 750
f 630 633 631
f 630 751 750
f 630 750 633
f 631 633 632
f 633 750 634
f 634 750 753
f 634 753 754
f 634 754 635
f 635 754 755
f 635 755 756
f 635 756 636
f 636 756 637
f 637 757 638
f 637 756 757
f 638 757 758
f 638 758 759
f 638 759 760
f 638 760 761
f 638 761 762
f 638 762 763
f 638 763 764
f 638 764 639
f 639 764 640
f 640 764 749
f 641 765 911
f 641 911 766
f 641 766 767
f 641 767 768
f 641 768 769
f 641 769 642
f 642 769 651
f 642 651 647
f 642 647 643
f 644 771 772
f 644 772 773
f 644 773 774
f 644 774 775
f 644 775 770
f 645 728 726
f 645 726 776
f 645 776 646
f 646 776 777
f 646 777 920
f 646 920 771
f 648 649 654
f 649 653 654
f 650 652 778
f 650 778 653
f 651 769 768
f 651 768 652
f 652 768 915
f 652 915 778
f 653 778 654
f 654 778 663
f 655 669 779
f 655 779 656
f 656 780 657
f 656 779 780
f 657 780 931
f 657 931 781
f 658 781 782
f 658 782 659
f 659 782 783
f 659 783 784
f 659 784 670
f 660 785 661
f 660 663 785
f 661 785 664
f 663 786 785
f 663 778 787
f 663 787 786
f 664 785 786
f 664 786 788
f 664 788 789
f 664 789 665
f 665 790 666
f 665 789 790
f 666 790 791
f 666 791 792
f 666 792 793
f 666 793 668
f 668 793 794
f 668 794 779
f 668 779 669
f 670 784 795
f 670 795 796
f 670 796 671
f 671 796 797
f 671 797 672
f 672 797 798
f 672 798 799
f 672 799 673
f 673 799 674
f 674 799 800
f 674 800 801
f 674 801 676
f 676 801 802
f 676 802 677
f 677 802 679
f 679 802 803
f 679 803 680
f 680 803 804
f 680 804 682
f 682 804 683
f 683 685 684
f 683 804 685
f 685 805 806
f 685 806 807
f 685 807 808
f 685 808 809
f 685 809 810
f 685 810 811
f 685 811 686
f 685 804 812
f 685 812 813
f 685 813 805
f 686 811 814
f 686 814 687
f 687 814 688
f 688 814 689
f 689 814 815
f 689 815 816
f 689 816 817
f 689 817 696
f 689 696 691
f 689 691 690
f 691 696 692
f 692 696 818
f 692 818 693
f 693 818 694
f 694 818 696
f 694 696 695
f 696 817 819
f 696 819 820
f 696 820 821
f 696 821 822
f 696 822 823
f 696 823 824
f 696 824 697
f 697 824 825
f 697 825 698
f 698 826 827
f 698 827 699
f 698 825 826
f 699 828 700
f 699 827 829
f 699 829 830
f 699 830 831
f 699 831 832
f 699 832 833
f 699 833 828
f 700 828 834
f 700 834 835
f 700 835 701
f 701 835 702
f 702 835 703
f 703 835 836
f 703 836 704
f 704 836 705
f 705 836 837
f 706 837 872
f 706 872 739
f 706 739 738
f 706 738 707
f 707 738 729
f 708 748 838
f 708 838 709
f 709 838 710
f 710 839 711
f 710 838 839
f 711 839 840
f 711 840 841
f 711 841 842
f 711 842 712
f 712 842 843
f 712 843 713
f 713 843 714
f 714 843 844
f 714 844 719
f 715 845 846
f 715 846 847
f 715 847 848
f 715 848 849
f 715 850 987
f 715 987 845
f 717 720 851
f 717 851 992
f 717 992 850
f 718 719 852
f 718 852 853
f 718 853 720
f 719 844 854
f 719 854 852
f 720 853 851
f 721 855 1001
f 721 1001 856
f 721 856 722
f 722 856 723
f 723 856 857
f 723 857 725
f 724 849 858
f 724 858 859
f 724 859 860
f 724 860 855
f 725 857 861
f 725 861 862
f 725 862 726
f 726 728 727
f 726 862 927
f 726 927 776
f 730 736 863
f 730 863 864
f 730 864 865
f 730 865 866
f 730 866 731
f 731 866 737
f 732 747 733
f 733 747 734
f 734 747 735
f 735 747 867
f 735 867 868
f 735 868 869
f 735 869 870
f 735 870 863
f 735 863 871
f 735 871 736
f 736 871 863
f 737 866 752
f 739 872 873
f 739 873 740
f 740 873 1014
f 740 1014 874
f 740 874 741
f 741 875 742
f 741 874 876
f 741 876 877
f 741 877 878
f 741 878 879
f 741 879 875
f 742 875 879
f 742 879 743
f 743 745 744
f 743 879 878
f 743 878 880
f 743 880 881
f 743 881 882
f 743 882 883
f 743 883 745
f 745 883 884
f 745 884 885
f 745 885 746
f 746 885 747
f 747 885 886
f 747 886 887
f 747 887 888
f 747 888 889
f 747 889 867
f 748 749 890
f 748 890 891
f 748 891 838
f 749 764 890
f 750 752 892
f 750 892 893
f 750 893 894
f 750 894 753
f 752 866 892
f 753 894 754
f 754 895 896
f 754 896 755
f 754 894 893
f 754 893 897
f 754 897 898
f 754 898 895
f 755 759 756
f 755 896 895
f 755 895 759
f 756 759 758
f 756 758 757
f 759 895 899
f 759 899 900
f 759 900 901
f 759 901 760
f 760 902 761
f 760 901 902
f 761 903 762
f 761 902 903
f 762 903 904
f 762 904 840
f 762 840 763
f 763 840 905
f 763 905 890
f 763 890 764
f 765 906 907
f 765 907 908
f 765 908 909
f 765 909 910
f 765 910 911
f 766 911 1055
f 766 1055 912
f 766 912 913
f 766 913 767
f 767 913 914
f 767 914 915
f 767 915 768
f 770 775 916
f 770 916 917
f 770 917 918
f 770 918 919
f 770 919 1045
f 770 1045 906
f 771 920 921
f 771 921 772
f 772 921 922
f 772 922 923
f 772 923 773
f 773 923 1068
f 773 1068 924
f 773 924 925
f 773 925 774
f 774 925 775
f 775 925 926
f 775 926 916
f 776 927 777
f 777 927 1063
f 777 1063 920
f 778 928 787
f 778 915 928
f 779 794 780
f 780 794 929
f 780 929 1071
f 780 1071 930
f 780 930 1076
f 780 1076 931
f 781 931 932
f 781 932 933
f 781 933 782
f 782 933 934
f 782 934 935
f 782 935 783
f 783 935 784
f 784 935 795
f 786 787 928
f 786 928 788
f 788 928 914
f 788 914 936
f 788 936 937
f 788 937 789
f 789 937 790
f 790 937 938
f 790 938 791
f 791 939 792
f 791 938 939
f 792 940 1071
f 792 1071 929
f 792 929 793
f 792 939 1086
f 792 1086 940
f 793 929 794
f 795 935 941
f 795 941 796
f 796 941 942
f 796 942 797
f 797 942 943
f 797 943 798
f 798 943 944
f 798 944 799
f 799 944 800
f 800 944 945
f 800 945 946
f 800 946 801
f 801 946 802
f 802 946 803
f 803 947 804
f 803 946 947
f 804 947 948
f 804 948 812
f 805 949 950
f 805 950 951
f 805 951 952
f 805 952 806
f 805 813 953
f 805 953 954
f 805 954 955
f 805 955 956
f 805 956 949
f 806 952 957
f 806 957 807
f 807 957 808
f 808 957 958
f 808 958 959
f 808 959 809
f 809 959 960
f 809 960 961
f 809 961 810
f 810 961 815
f 810 815 814
f 810 814 811
f 812 948 953
f 812 953 813
f 815 961 962
f 815 962 816
f 816 962 961
f 816 961 963
f 816 963 964
f 816 964 820
f 816 820 819
f 816 819 817
f 820 964 965
f 820 965 821
f 821 965 966
f 821 966 967
f 821 967 968
f 821 968 969
f 821 969 970
f 821 970 971
f 821 971 829
f 821 829 822
f 822 829 826
f 822 826 824
f 822 824 823
f 824 826 825
f 826 829 827
f 828 833 972
f 828 972 834
f 829 971 830
f 830 971 831
f 831 971 973
f 831 973 974
f 831 974 832
f 832 974 975
f 832 975 976
f 832 976 833
f 833 976 977
f 833 977 972
f 834 873 872
f 834 872 978
f 834 978 979
f 834 979 835
f 834 972 980
f 834 980 873
f 835 979 836
f 836 979 978
f 836 978 837
f 837 978 872
f 838 891 890
f 838 890 905
f 838 905 839
f 839 905 840
f 840 981 982
f 840 982 983
f 840 983 841
f 840 904 981
f 841 983 842
f 842 983 982
f 842 982 843
f 843 982 844
f 844 982 984
f 844 984 985
f 844 985 854
f 845 986 846
f 845 987 1140
f 845 1140 986
f 846 986 988
f 846 988 989
f 846 989 847
f 847 989 990
f 847 990 991
f 847 991 848
f 848 991 858
f 848 858 849
f 850 992 993
f 850 993 987
f 851 853 994
f 851 994 1147
f 851 1147 992
f 852 854 995
f 852 995 996
f 852 996 994
f 852 994 853
f 854 985 997
f 854 997 998
f 854 998 999
f 854 999 995
f 855 860 1000
f 855 1000 1001
f 856 1001 1006
f 856 1006 861
f 856 861 857
f 858 991 859
f 859 1002 1003
f 859 1003 1004
f 859 1004 860
f 859 991 1005
f 859 1005 1002
f 860 1004 1000
f 861 1006 1063
f 861 1063 927
f 861 927 862
f 863 870 1007
f 863 1007 1008
f 863 1008 1009
f 863 1009 864
f 864 1009 893
f 864 893 865
f 865 893 866
f 866 893 892
f 867 889 868
f 868 889 888
f 868 888 1010
f 868 1010 1011
f 868 1011 1012
f 868 1012 1013
f 868 1013 869
f 869 1007 870
f 869 1013 1007
f 873 980 1014
f 874 1014 1015
f 874 1015 876
f 876 1015 1165
f 876 1165 1016
f 876 1016 878
f 876 878 877
f 878 1016 880
f 880 1017 1166
f 880 1166 1280
f 880 1280 1130
f 880 1130 1279
f 880 1279 1277
f 880 1277 1125
f 880 1125 1124
f 880 1124 1276
f 880 1276 1274
f 880 1274 1417
f 880 1417 1534
f 880 1534 1647
f 880 1647 1760
f 880 1760 1876
f 880 1876 1875
f 880 1875 1755
f 880 1755 1754
f 880 1754 1873
f 880 1873 1973
f 880 1973 2055
f 880 2055 2054
f 880 2054 2143
f 880 2143 2226
f 880 2226 2308
f 880 2308 2307
f 880 2307 2306
f 880 2306 2382
f 880 2382 2381
f 880 2381 2456
f 880 2456 2510
f 880 2510 2546
f 880 2546 2576
f 880 2576 2593
f 880 2593 2600
f 880 2600 2599
f 880 2599 2588
f 880 2588 2587
f 880 2587 2597
f 880 2597 2594
f 880 2594 2578
f 880 2578 2553
f 880 2553 2561
f 880 2561 2528
f 880 2528 2471
f 880 2471 2414
f 880 2414 2335
f 880 2335 2255
f 880 2255 2250
f 880 2250 2170
f 880 2170 2169
f 880 2169 2086
f 880 2086 2085
f 880 2085 2080
f 880 2080 1996
f 880 1996 1899
f 880 1899 1897
f 880 1897 1796
f 880 1796 1682
f 880 1682 1568
f 880 1568 1681
f 880 1681 1674
f 880 1674 1559
f 880 1559 1440
f 880 1440 1306
f 880 1306 1162
f 880 1162 1012
f 880 1012 1011
f 880 1011 887
f 880 887 886
f 880 886 1023
f 880 1023 1021
f 880 1021 1020
f 880 1020 1019
f 880 1019 881
f 880 1016 1018
f 880 1018 1017
f 881 1019 882
f 882 1019 1020
f 882 1020 1021
f 882 1021 1022
f 882 1022 883
f 883 1022 884
f 884 1022 885
f 885 1022 1023
f 885 1023 886
f 887 1011 888
f 888 1011 1010
f 893 1024 897
f 893 1009 1025
f 893 1025 1026
f 893 1026 1024
f 895 898 1027
f 895 1027 1028
f 895 1028 1029
f 895 1029 899
f 897 1024 898
f 898 1024 1027
f 899 1029 900
f 900 1030 1031
f 900 1031 1032
f 900 1032 1033
f 900 1033 1034
f 900 1034 901
f 900 1029 1028
f 900 1028 1035
f 900 1035 1036
f 900 1036 1037
f 900 1037 1038
f 900 1038 1039
f 900 1039 1030
f 901 1034 902
f 902 1034 1040
f 902 1040 1041
f 902 1041 1042
f 902 1042 903
f 903 1042 1043
f 903 1043 904
f 904 1043 1044
f 904 1044 981
f 906 1045 1046
f 906 1046 1047
f 906 1047 1048
f 906 1048 907
f 907 1048 1049
f 907 1049 1050
f 907 1050 908
f 908 1050 909
f 909 1050 1051
f 909 1051 1202
f 909 1202 1052
f 909 1052 910
f 910 1052 1053
f 910 1053 1054
f 910 1054 911
f 911 1054 1055
f 912 1055 1207
f 912 1207 1056
f 912 1056 913
f 913 1056 1057
f 913 1057 914
f 914 1057 936
f 914 928 915
f 916 926 917
f 917 926 1058
f 917 1058 1209
f 917 1209 1059
f 917 1059 918
f 918 1059 1060
f 918 1060 1061
f 918 1061 919
f 919 1061 1062
f 919 1062 1195
f 919 1195 1045
f 920 1063 921
f 921 1063 1064
f 921 1064 922
f 922 1064 1065
f 922 1065 1066
f 922 1066 1067
f 922 1067 923
f 923 1067 1068
f 924 1068 1069
f 924 1069 1070
f 924 1070 925
f 925 1070 926
f 926 1070 1058
f 930 1071 1072
f 930 1072 1073
f 930 1073 1074
f 930 1074 1075
f 930 1075 1228
f 930 1228 1076
f 931 1076 1230
f 931 1230 1077
f 931 1077 932
f 932 1077 1078
f 932 1078 933
f 933 1078 1079
f 933 1079 934
f 934 1080 1081
f 934 1081 935
f 934 1079 1080
f 935 1081 1082
f 935 1082 941
f 936 1057 1083
f 936 1083 1084
f 936 1084 937
f 937 1084 1085
f 937 1085 938
f 938 1085 939
f 939 1085 1241
f 939 1241 1086
f 940 1087 1071
f 940 1086 1088
f 940 1088 1089
f 940 1089 1087
f 941 1082 942
f 942 1082 1090
f 942 1090 943
f 943 1090 1091
f 943 1091 1092
f 943 1092 1093
f 943 1093 944
f 944 1093 1094
f 944 1094 945
f 945 1094 946
f 946 1094 947
f 947 1095 1096
f 947 1096 948
f 947 1094 1095
f 948 1096 953
f 949 956 1097
f 949 1097 1098
f 949 1098 950
f 950 1098 1099
f 950 1099 1100
f 950 1100 1101
f 950 1101 958
f 950 958 957
f 950 957 951
f 951 957 952
f 953 1096 954
f 954 1096 1102
f 954 1102 1092
f 954 1092 955
f 955 1103 1104
f 955 1104 956
f 955 1092 1103
f 956 1104 1097
f 958 1101 1105
f 958 1105 959
f 959 1105 1101
f 959 1101 1106
f 959 1106 1107
f 959 1107 1108
f 959 1108 1109
f 959 1109 960
f 960 1109 961
f 961 1109 1108
f 961 1108 1110
f 961 1110 963
f 963 1110 1111
f 963 1111 964
f 964 1111 965
f 965 1111 966
f 966 1112 1113
f 966 1113 967
f 966 1111 1114
f 966 1114 1112
f 967 1113 1115
f 967 1115 968
f 968 1113 1116
f 968 1116 1117
f 968 1117 1118
f 968 1118 1119
f 968 1119 973
f 968 973 969
f 968 1115 1113
f 969 973 970
f 970 973 971
f 972 1120 1121
f 972 1121 980
f 972 977 1120
f 973 1119 1122
f 973 1122 1123
f 973 1123 1124
f 973 1124 1125
f 973 1125 1126
f 973 1126 974
f 974 1126 975
f 975 1126 1127
f 975 1127 1128
f 975 1128 977
f 975 977 976
f 977 1128 1129
f 977 1129 1130
f 977 1130 1131
f 977 1131 1120
f 980 1121 1120
f 980 1120 1131
f 980 1131 1132
f 980 1132 1015
f 980 1015 1014
f 981 984 982
f 981 1044 1043
f 981 1043 1133
f 981 1133 984
f 984 1133 1134
f 984 1134 985
f 985 1135 1136
f 985 1136 1137
f 985 1137 997
f 985 1134 1135
f 986 1138 1139
f 986 1139 988
f 986 1140 1285
f 986 1285 1138
f 987 993 1141
f 987 1141 1142
f 987 1142 1140
f 988 1143 1144
f 988 1144 1145
f 988 1145 1005
f 988 1005 989
f 988 1139 1143
f 989 1005 990
f 990 1005 991
f 992 1146 993
f 992 1147 1146
f 993 1146 1141
f 994 996 995
f 994 995 999
f 994 999 1148
f 994 1148 1293
f 994 1293 1147
f 997 1137 1148
f 997 1148 998
f 998 1148 999
f 1000 1004 1149
f 1000 1149 1001
f 1001 1149 1150
f 1001 1150 1006
f 1002 1151 1152
f 1002 1152 1153
f 1002 1153 1154
f 1002 1154 1003
f 1002 1005 1155
f 1002 1155 1156
f 1002 1156 1157
f 1002 1157 1151
f 1003 1154 1158
f 1003 1158 1004
f 1004 1158 1149
f 1005 1145 1156
f 1005 1156 1155
f 1006 1065 1064
f 1006 1064 1063
f 1006 1150 1065
f 1007 1013 1159
f 1007 1159 1008
f 1008 1160 1009
f 1008 1159 1161
f 1008 1161 1160
f 1009 1160 1025
f 1012 1162 1163
f 1012 1163 1164
f 1012 1164 1159
f 1012 1159 1013
f 1015 1132 1131
f 1015 1131 1165
f 1016 1165 1167
f 1016 1167 1018
f 1017 1018 1167
f 1017 1167 1166
f 1021 1023 1022
f 1024 1026 1168
f 1024 1168 1169
f 1024 1169 1027
f 1025 1160 1168
f 1025 1168 1026
f 1027 1169 1028
f 1028 1169 1035
f 1030 1170 1041
f 1030 1041 1171
f 1030 1171 1031
f 1030 1039 1172
f 1030 1172 1173
f 1030 1173 1174
f 1030 1174 1175
f 1030 1175 1176
f 1030 1176 1170
f 1031 1171 1032
f 1032 1177 1033
f 1032 1171 1178
f 1032 1178 1177
f 1033 1177 1034
f 1034 1177 1040
f 1035 1169 1168
f 1035 1168 1179
f 1035 1179 1180
f 1035 1180 1181
f 1035 1181 1182
f 1035 1182 1183
f 1035 1183 1184
f 1035 1184 1036
f 1036 1184 1185
f 1036 1185 1038
f 1036 1038 1037
f 1038 1186 1039
f 1038 1185 1186
f 1039 1186 1172
f 1040 1177 1187
f 1040 1187 1041
f 1041 1187 1178
f 1041 1178 1171
f 1041 1170 1188
f 1041 1188 1189
f 1041 1189 1190
f 1041 1190 1191
f 1041 1191 1192
f 1041 1192 1193
f 1041 1193 1134
f 1041 1134 1194
f 1041 1194 1042
f 1042 1194 1043
f 1043 1194 1133
f 1045 1195 1196
f 1045 1196 1046
f 1046 1196 1197
f 1046 1197 1198
f 1046 1198 1047
f 1047 1198 1331
f 1047 1331 1199
f 1047 1199 1049
f 1047 1049 1048
f 1049 1199 1200
f 1049 1200 1050
f 1050 1200 1051
f 1051 1200 1201
f 1051 1201 1202
f 1052 1202 1203
f 1052 1203 1053
f 1053 1203 1204
f 1053 1204 1205
f 1053 1205 1206
f 1053 1206 1207
f 1053 1207 1054
f 1054 1207 1055
f 1056 1207 1240
f 1056 1240 1083
f 1056 1083 1057
f 1058 1070 1208
f 1058 1208 1209
f 1059 1209 1210
f 1059 1210 1060
f 1060 1210 1211
f 1060 1211 1212
f 1060 1212 1213
f 1060 1213 1214
f 1060 1214 1061
f 1061 1214 1062
f 1062 1214 1326
f 1062 1326 1195
f 1065 1150 1149
f 1065 1149 1066
f 1066 1215 1067
f 1066 1149 1158
f 1066 1158 1154
f 1066 1154 1215
f 1067 1215 1216
f 1067 1216 1068
f 1068 1216 1217
f 1068 1217 1218
f 1068 1218 1219
f 1068 1219 1069
f 1069 1219 1220
f 1069 1220 1070
f 1070 1220 1221
f 1070 1221 1222
f 1070 1222 1208
f 1071 1087 1072
f 1072 1087 1223
f 1072 1223 1073
f 1073 1223 1224
f 1073 1224 1225
f 1073 1225 1074
f 1074 1226 1075
f 1074 1225 1227
f 1074 1227 1226
f 1075 1226 1364
f 1075 1364 1228
f 1076 1228 1229
f 1076 1229 1230
f 1077 1230 1371
f 1077 1371 1231
f 1077 1231 1078
f 1078 1231 1079
f 1079 1231 1232
f 1079 1232 1233
f 1079 1233 1080
f 1080 1233 1234
f 1080 1234 1235
f 1080 1235 1236
f 1080 1236 1237
f 1080 1237 1081
f 1081 1237 1238
f 1081 1238 1239
f 1081 1239 1082
f 1082 1239 1090
f 1083 1240 1241
f 1083 1241 1085
f 1083 1085 1084
f 1086 1241 1242
f 1086 1242 1088
f 1087 1089 1223
f 1088 1242 1243
f 1088 1243 1089
f 1089 1243 1244
f 1089 1244 1245
f 1089 1245 1246
f 1089 1246 1223
f 1090 1239 1247
f 1090 1247 1091
f 1091 1247 1092
f 1092 1247 1239
f 1092 1239 1248
f 1092 1248 1103
f 1092 1102 1093
f 1093 1102 1094
f 1094 1102 1096
f 1094 1096 1095
f 1097 1249 1250
f 1097 1250 1251
f 1097 1251 1098
f 1097 1104 1252
f 1097 1252 1249
f 1098 1251 1099
f 1099 1251 1253
f 1099 1253 1254
f 1099 1254 1255
f 1099 1255 1256
f 1099 1256 1257
f 1099 1257 1258
f 1099 1258 1259
f 1099 1259 1260
f 1099 1260 1261
f 1099 1261 1262
f 1099 1262 1263
f 1099 1263 1100
f 1100 1263 1101
f 1101 1263 1262
f 1101 1262 1264
f 1101 1264 1106
f 1103 1265 1266
f 1103 1266 1104
f 1103 1248 1265
f 1104 1266 1252
f 1106 1264 1267
f 1106 1267 1107
f 1107 1267 1108
f 1108 1111 1110
f 1108 1267 1268
f 1108 1268 1269
f 1108 1269 1270
f 1108 1270 1112
f 1108 1112 1114
f 1108 1114 1111
f 1112 1270 1271
f 1112 1271 1113
f 1113 1271 1272
f 1113 1272 1116
f 1116 1272 1117
f 1117 1272 1273
f 1117 1273 1118
f 1118 1273 1274
f 1118 1274 1275
f 1118 1275 1123
f 1118 1123 1122
f 1118 1122 1119
f 1123 1275 1276
f 1123 1276 1124
f 1125 1277 1278
f 1125 1278 1126
f 1126 1278 1127
f 1127 1278 1128
f 1128 1278 1129
f 1129 1278 1277
f 1129 1277 1279
f 1129 1279 1130
f 1130 1280 1165
f 1130 1165 1131
f 1133 1194 1134
f 1134 1193 1192
f 1134 1192 1281
f 1134 1281 1135
f 1135 1282 1283
f 1135 1283 1137
f 1135 1137 1136
f 1135 1281 1282
f 1137 1283 1148
f 1138 1284 1139
f 1138 1285 1421
f 1138 1421 1284
f 1139 1284 1286
f 1139 1286 1287
f 1139 1287 1288
f 1139 1288 1144
f 1139 1144 1143
f 1140 1142 1285
f 1141 1146 1289
f 1141 1289 1290
f 1141 1290 1142
f 1142 1291 1285
f 1142 1290 1431
f 1142 1431 1291
f 1144 1288 1145
f 1145 1292 1156
f 1145 1288 1292
f 1146 1147 1289
f 1147 1293 1294
f 1147 1294 1295
f 1147 1295 1296
f 1147 1296 1289
f 1148 1283 1282
f 1148 1282 1419
f 1148 1419 1293
f 1151 1157 1297
f 1151 1297 1152
f 1152 1297 1153
f 1153 1297 1298
f 1153 1298 1299
f 1153 1299 1154
f 1154 1299 1215
f 1156 1292 1157
f 1157 1300 1301
f 1157 1301 1297
f 1157 1292 1288
f 1157 1288 1302
f 1157 1302 1300
f 1159 1164 1161
f 1160 1161 1303
f 1160 1303 1180
f 1160 1180 1304
f 1160 1304 1179
f 1160 1179 1168
f 1161 1164 1305
f 1161 1305 1303
f 1162 1306 1307
f 1162 1307 1308
f 1162 1308 1163
f 1163 1308 1307
f 1163 1307 1309
f 1163 1309 1310
f 1163 1310 1180
f 1163 1180 1305
f 1163 1305 1164
f 1165 1280 1167
f 1166 1167 1280
f 1170 1176 1311
f 1170 1311 1188
f 1172 1185 1312
f 1172 1312 1173
f 1172 1186 1185
f 1173 1313 1174
f 1173 1312 1184
f 1173 1184 1314
f 1173 1314 1315
f 1173 1315 1316
f 1173 1316 1317
f 1173 1317 1313
f 1174 1313 1318
f 1174 1318 1319
f 1174 1319 1175
f 1175 1319 1176
f 1176 1319 1320
f 1176 1320 1311
f 1177 1178 1187
f 1179 1304 1180
f 1180 1303 1305
f 1180 1310 1321
f 1180 1321 1181
f 1181 1321 1182
f 1182 1321 1183
f 1183 1321 1315
f 1183 1315 1314
f 1183 1314 1184
f 1184 1312 1185
f 1188 1311 1189
f 1189 1322 1323
f 1189 1323 1190
f 1189 1311 1324
f 1189 1324 1322
f 1190 1323 1191
f 1191 1323 1325
f 1191 1325 1281
f 1191 1281 1192
f 1195 1326 1196
f 1196 1326 1327
f 1196 1327 1197
f 1197 1327 1328
f 1197 1328 1329
f 1197 1329 1330
f 1197 1330 1198
f 1198 1330 1331
f 1199 1331 1332
f 1199 1332 1200
f 1200 1332 1333
f 1200 1333 1334
f 1200 1334 1335
f 1200 1335 1201
f 1201 1336 1202
f 1201 1335 1336
f 1202 1336 1337
f 1202 1337 1338
f 1202 1338 1339
f 1202 1339 1203
f 1203 1339 1340
f 1203 1340 1204
f 1204 1340 1341
f 1204 1341 1342
f 1204 1342 1343
f 1204 1343 1205
f 1205 1343 1344
f 1205 1344 1240
f 1205 1240 1206
f 1206 1240 1207
f 1208 1345 1209
f 1208 1222 1345
f 1209 1345 1346
f 1209 1346 1347
f 1209 1347 1348
f 1209 1348 1210
f 1210 1348 1349
f 1210 1349 1211
f 1211 1349 1350
f 1211 1350 1351
f 1211 1351 1352
f 1211 1352 1212
f 1212 1352 1353
f 1212 1353 1213
f 1213 1353 1214
f 1214 1353 1459
f 1214 1459 1326
f 1215 1217 1216
f 1215 1299 1217
f 1217 1299 1298
f 1217 1298 1297
f 1217 1297 1218
f 1218 1354 1219
f 1218 1297 1301
f 1218 1301 1355
f 1218 1355 1354
f 1219 1354 1220
f 1220 1354 1356
f 1220 1356 1221
f 1221 1356 1357
f 1221 1357 1358
f 1221 1358 1359
f 1221 1359 1360
f 1221 1360 1222
f 1222 1361 1345
f 1222 1360 1361
f 1223 1246 1224
f 1224 1246 1225
f 1225 1246 1227
f 1226 1227 1362
f 1226 1362 1363
f 1226 1363 1499
f 1226 1499 1364
f 1227 1246 1365
f 1227 1365 1366
f 1227 1366 1367
f 1227 1367 1362
f 1228 1364 1368
f 1228 1368 1369
f 1228 1369 1229
f 1229 1369 1370
f 1229 1370 1230
f 1230 1370 1371
f 1231 1371 1507
f 1231 1507 1372
f 1231 1372 1234
f 1231 1234 1233
f 1231 1233 1232
f 1234 1372 1235
f 1235 1372 1236
f 1236 1373 1237
f 1236 1372 1373
f 1237 1373 1374
f 1237 1374 1375
f 1237 1375 1376
f 1237 1376 1238
f 1238 1376 1377
f 1238 1377 1248
f 1238 1248 1239
f 1240 1344 1241
f 1241 1344 1343
f 1241 1343 1242
f 1242 1343 1243
f 1243 1343 1342
f 1243 1342 1244
f 1244 1342 1341
f 1244 1341 1245
f 1245 1341 1378
f 1245 1378 1379
f 1245 1379 1380
f 1245 1380 1381
f 1245 1381 1382
f 1245 1382 1383
f 1245 1383 1246
f 1246 1382 1365
f 1246 1383 1382
f 1248 1377 1266
f 1248 1266 1265
f 1249 1384 1385
f 1249 1385 1386
f 1249 1386 1387
f 1249 1387 1256
f 1249 1256 1388
f 1249 1388 1389
f 1249 1389 1390
f 1249 1390 1250
f 1249 1252 1391
f 1249 1391 1376
f 1249 1376 1392
f 1249 1392 1393
f 1249 1393 1394
f 1249 1394 1384
f 1250 1390 1395
f 1250 1395 1251
f 1251 1395 1253
f 1252 1266 1391
f 1253 1395 1254
f 1254 1388 1255
f 1254 1395 1389
f 1254 1389 1388
f 1255 1388 1256
f 1256 1387 1396
f 1256 1396 1397
f 1256 1397 1398
f 1256 1398 1399
f 1256 1399 1400
f 1256 1400 1257
f 1257 1401 1258
f 1257 1400 1401
f 1258 1401 1402
f 1258 1402 1260
f 1258 1260 1259
f 1260 1402 1403
f 1260 1403 1261
f 1261 1404 1405
f 1261 1405 1262
f 1261 1403 1406
f 1261 1406 1407
f 1261 1407 1408
f 1261 1408 1409
f 1261 1409 1410
f 1261 1410 1404
f 1262 1405 1264
f 1264 1405 1267
f 1266 1377 1391
f 1267 1405 1404
f 1267 1404 1268
f 1268 1404 1269
f 1269 1404 1411
f 1269 1411 1271
f 1269 1271 1270
f 1271 1411 1412
f 1271 1412 1413
f 1271 1413 1272
f 1272 1413 1273
f 1273 1413 1274
f 1274 1414 1415
f 1274 1415 1416
f 1274 1416 1417
f 1274 1276 1275
f 1274 1413 1414
f 1281 1325 1418
f 1281 1418 1282
f 1282 1418 1325
f 1282 1325 1458
f 1282 1458 1419
f 1284 1420 1286
f 1284 1421 1538
f 1284 1538 1420
f 1285 1291 1422
f 1285 1422 1423
f 1285 1423 1421
f 1286 1424 1288
f 1286 1288 1287
f 1286 1420 1425
f 1286 1425 1426
f 1286 1426 1424
f 1288 1424 1427
f 1288 1427 1428
f 1288 1428 1302
f 1289 1296 1295
f 1289 1295 1429
f 1289 1429 1290
f 1290 1429 1430
f 1290 1430 1431
f 1291 1431 1422
f 1293 1419 1432
f 1293 1432 1433
f 1293 1433 1434
f 1293 1434 1435
f 1293 1435 1294
f 1294 1435 1429
f 1294 1429 1295
f 1300 1302 1436
f 1300 1436 1437
f 1300 1437 1438
f 1300 1438 1439
f 1300 1439 1301
f 1301 1439 1355
f 1302 1428 1436
f 1306 1440 1321
f 1306 1321 1307
f 1307 1321 1309
f 1309 1321 1310
f 1311 1441 1442
f 1311 1442 1443
f 1311 1443 1324
f 1311 1320 1444
f 1311 1444 1441
f 1313 1317 1445
f 1313 1445 1318
f 1315 1321 1446
f 1315 1446 1316
f 1316 1446 1447
f 1316 1447 1448
f 1316 1448 1317
f 1317 1448 1449
f 1317 1449 1445
f 1318 1450 1451
f 1318 1451 1452
f 1318 1452 1453
f 1318 1453 1319
f 1318 1445 1454
f 1318 1454 1450
f 1319 1453 1455
f 1319 1455 1320
f 1320 1455 1444
f 1321 1440 1456
f 1321 1456 1446
f 1322 1324 1443
f 1322 1443 1457
f 1322 1457 1323
f 1323 1457 1325
f 1325 1457 1577
f 1325 1577 1458
f 1326 1459 1327
f 1327 1459 1328
f 1328 1459 1460
f 1328 1460 1329
f 1329 1461 1330
f 1329 1460 1462
f 1329 1462 1463
f 1329 1463 1461
f 1330 1461 1464
f 1330 1464 1331
f 1331 1464 1465
f 1331 1465 1466
f 1331 1466 1467
f 1331 1467 1332
f 1332 1467 1333
f 1333 1467 1468
f 1333 1468 1469
f 1333 1469 1334
f 1334 1469 1470
f 1334 1470 1471
f 1334 1471 1472
f 1334 1472 1473
f 1334 1473 1335
f 1335 1474 1336
f 1335 1473 1474
f 1336 1474 1337
f 1337 1475 1476
f 1337 1476 1477
f 1337 1477 1338
f 1337 1474 1475
f 1338 1340 1339
f 1338 1477 1478
f 1338 1478 1479
f 1338 1479 1340
f 1340 1479 1341
f 1341 1479 1378
f 1345 1361 1346
f 1346 1480 1481
f 1346 1481 1482
f 1346 1482 1347
f 1346 1361 1480
f 1347 1349 1348
f 1347 1482 1483
f 1347 1483 1484
f 1347 1484 1349
f 1349 1484 1350
f 1350 1484 1485
f 1350 1485 1486
f 1350 1486 1487
f 1350 1487 1351
f 1351 1487 1488
f 1351 1488 1352
f 1352 1488 1489
f 1352 1489 1490
f 1352 1490 1353
f 1353 1490 1580
f 1353 1580 1459
f 1354 1355 1356
f 1355 1439 1356
f 1356 1439 1357
f 1357 1439 1438
f 1357 1438 1358
f 1358 1438 1437
f 1358 1437 1491
f 1358 1491 1492
f 1358 1492 1493
f 1358 1493 1359
f 1359 1494 1360
f 1359 1493 1494
f 1360 1494 1480
f 1360 1480 1361
f 1362 1495 1363
f 1362 1367 1366
f 1362 1366 1496
f 1362 1496 1497
f 1362 1497 1498
f 1362 1498 1495
f 1363 1495 1611
f 1363 1611 1499
f 1364 1499 1368
f 1365 1382 1500
f 1365 1500 1496
f 1365 1496 1366
f 1368 1499 1501
f 1368 1501 1619
f 1368 1619 1502
f 1368 1502 1369
f 1369 1502 1503
f 1369 1503 1370
f 1370 1503 1371
f 1371 1503 1504
f 1371 1504 1505
f 1371 1505 1506
f 1371 1506 1507
f 1372 1507 1626
f 1372 1626 1508
f 1372 1508 1509
f 1372 1509 1373
f 1373 1509 1375
f 1373 1375 1374
f 1375 1509 1508
f 1375 1508 1510
f 1375 1510 1376
f 1376 1510 1393
f 1376 1393 1392
f 1376 1391 1377
f 1378 1479 1478
f 1378 1478 1477
f 1378 1477 1379
f 1379 1477 1380
f 1380 1477 1381
f 1381 1477 1476
f 1381 1476 1511
f 1381 1511 1512
f 1381 1512 1496
f 1381 1496 1500
f 1381 1500 1382
f 1384 1513 1385
f 1384 1394 1513
f 1385 1513 1514
f 1385 1514 1515
f 1385 1515 1516
f 1385 1516 1386
f 1386 1516 1387
f 1387 1516 1396
f 1389 1395 1390
f 1393 1510 1394
f 1394 1517 1513
f 1394 1510 1517
f 1396 1518 1519
f 1396 1519 1397
f 1396 1516 1518
f 1397 1519 1398
f 1398 1520 1521
f 1398 1521 1399
f 1398 1519 1520
f 1399 1522 1403
f 1399 1403 1523
f 1399 1523 1400
f 1399 1521 1524
f 1399 1524 1525
f 1399 1525 1526
f 1399 1526 1522
f 1400 1523 1402
f 1400 1402 1401
f 1402 1523 1403
f 1403 1522 1406
f 1404 1410 1411
f 1406 1526 1527
f 1406 1527 1407
f 1406 1522 1526
f 1407 1527 1408
f 1408 1527 1409
f 1409 1527 1528
f 1409 1528 1415
f 1409 1415 1529
f 1409 1529 1530
f 1409 1530 1411
f 1409 1411 1531
f 1409 1531 1410
f 1410 1531 1411
f 1411 1530 1412
f 1412 1529 1414
f 1412 1414 1413
f 1412 1530 1529
f 1414 1529 1415
f 1415 1532 1533
f 1415 1533 1416
f 1415 1528 1532
f 1416 1533 1417
f 1417 1533 1534
f 1419 1535 1432
f 1419 1458 1536
f 1419 1536 1537
f 1419 1537 1535
f 1420 1538 1544
f 1420 1544 1425
f 1421 1423 1539
f 1421 1539 1538
f 1422 1431 1540
f 1422 1540 1423
f 1423 1540 1541
f 1423 1541 1542
f 1423 1542 1539
f 1424 1426 1427
f 1425 1543 1426
f 1425 1544 1654
f 1425 1654 1543
f 1426 1543 1545
f 1426 1545 1546
f 1426 1546 1547
f 1426 1547 1548
f 1426 1548 1549
f 1426 1549 1550
f 1426 1550 1427
f 1427 1550 1551
f 1427 1551 1491
f 1427 1491 1552
f 1427 1552 1428
f 1428 1552 1436
f 1429 1435 1434
f 1429 1434 1553
f 1429 1553 1430
f 1430 1554 1431
f 1430 1553 1555
f 1430 1555 1556
f 1430 1556 1554
f 1431 1554 1557
f 1431 1557 1540
f 1432 1535 1433
f 1433 1535 1558
f 1433 1558 1553
f 1433 1553 1434
f 1436 1552 1437
f 1437 1552 1491
f 1440 1559 1456
f 1441 1560 1678
f 1441 1678 1561
f 1441 1561 1443
f 1441 1443 1442
f 1441 1444 1562
f 1441 1562 1679
f 1441 1679 1560
f 1443 1561 1457
f 1444 1455 1562
f 1445 1563 1564
f 1445 1564 1454
f 1445 1449 1563
f 1446 1456 1447
f 1447 1456 1565
f 1447 1565 1566
f 1447 1566 1449
f 1447 1449 1448
f 1449 1566 1567
f 1449 1567 1568
f 1449 1568 1569
f 1449 1569 1563
f 1450 1570 1572
f 1450 1572 1451
f 1450 1454 1571
f 1450 1571 1685
f 1450 1685 1570
f 1451 1572 1688
f 1451 1688 1573
f 1451 1573 1452
f 1452 1573 1455
f 1452 1455 1453
f 1454 1564 1563
f 1454 1563 1569
f 1454 1569 1574
f 1454 1574 1575
f 1454 1575 1571
f 1455 1573 1562
f 1456 1559 1576
f 1456 1576 1565
f 1457 1561 1678
f 1457 1678 1577
f 1458 1577 1578
f 1458 1578 1579
f 1458 1579 1537
f 1458 1537 1536
f 1459 1580 1460
f 1460 1580 1581
f 1460 1581 1582
f 1460 1582 1462
f 1461 1465 1464
f 1461 1463 1583
f 1461 1583 1465
f 1462 1582 1584
f 1462 1584 1463
f 1463 1585 1583
f 1463 1584 1586
f 1463 1586 1585
f 1465 1583 1587
f 1465 1587 1588
f 1465 1588 1466
f 1466 1588 1589
f 1466 1589 1590
f 1466 1590 1468
f 1466 1468 1467
f 1468 1590 1469
f 1469 1590 1591
f 1469 1591 1470
f 1470 1591 1592
f 1470 1592 1471
f 1471 1592 1593
f 1471 1593 1594
f 1471 1594 1595
f 1471 1595 1596
f 1471 1596 1472
f 1472 1597 1473
f 1472 1596 1597
f 1473 1597 1475
f 1473 1475 1474
f 1475 1597 1476
f 1476 1597 1511
f 1480 1494 1481
f 1481 1494 1598
f 1481 1598 1599
f 1481 1599 1482
f 1482 1599 1600
f 1482 1600 1601
f 1482 1601 1485
f 1482 1485 1483
f 1483 1485 1484
f 1485 1601 1486
f 1486 1601 1600
f 1486 1600 1599
f 1486 1599 1602
f 1486 1602 1603
f 1486 1603 1604
f 1486 1604 1605
f 1486 1605 1487
f 1487 1605 1488
f 1488 1605 1606
f 1488 1606 1489
f 1489 1606 1607
f 1489 1607 1490
f 1490 1607 1694
f 1490 1694 1580
f 1491 1551 1608
f 1491 1608 1492
f 1492 1609 1598
f 1492 1598 1493
f 1492 1608 1609
f 1493 1598 1494
f 1495 1498 1610
f 1495 1610 1717
f 1495 1717 1611
f 1496 1512 1612
f 1496 1612 1613
f 1496 1613 1614
f 1496 1614 1498
f 1496 1498 1497
f 1498 1614 1615
f 1498 1615 1616
f 1498 1616 1610
f 1499 1611 1617
f 1499 1617 1618
f 1499 1618 1501
f 1501 1618 1619
f 1502 1619 1620
f 1502 1620 1621
f 1502 1621 1503
f 1503 1621 1505
f 1503 1505 1504
f 1505 1621 1506
f 1506 1621 1622
f 1506 1622 1507
f 1507 1622 1623
f 1507 1623 1624
f 1507 1624 1625
f 1507 1625 1626
f 1508 1626 1634
f 1508 1634 1517
f 1508 1517 1627
f 1508 1627 1510
f 1510 1627 1517
f 1511 1596 1595
f 1511 1595 1628
f 1511 1628 1512
f 1511 1597 1596
f 1512 1628 1612
f 1513 1517 1629
f 1513 1629 1514
f 1514 1629 1630
f 1514 1630 1515
f 1515 1630 1516
f 1516 1630 1631
f 1516 1631 1632
f 1516 1632 1633
f 1516 1633 1518
f 1517 1634 1739
f 1517 1739 1629
f 1518 1633 1635
f 1518 1635 1519
f 1519 1635 1636
f 1519 1636 1520
f 1520 1636 1637
f 1520 1637 1638
f 1520 1638 1639
f 1520 1639 1640
f 1520 1640 1641
f 1520 1641 1521
f 1521 1641 1524
f 1524 1641 1642
f 1524 1642 1643
f 1524 1643 1525
f 1525 1643 1644
f 1525 1644 1645
f 1525 1645 1526
f 1526 1645 1527
f 1527 1645 1646
f 1527 1646 1647
f 1527 1647 1534
f 1527 1534 1533
f 1527 1533 1532
f 1527 1532 1528
f 1535 1537 1648
f 1535 1648 1553
f 1535 1553 1558
f 1537 1579 1649
f 1537 1649 1648
f 1538 1539 1544
f 1539 1650 1544
f 1539 1542 1650
f 1540 1557 1541
f 1541 1557 1651
f 1541 1651 1652
f 1541 1652 1542
f 1542 1653 1650
f 1542 1652 1653
f 1543 1654 1656
f 1543 1656 1545
f 1544 1650 1655
f 1544 1655 1654
f 1545 1656 1657
f 1545 1657 1546
f 1546 1657 1658
f 1546 1658 1547
f 1547 1658 1660
f 1547 1660 1548
f 1548 1659 1549
f 1548 1660 1770
f 1548 1770 1659
f 1549 1659 1661
f 1549 1661 1662
f 1549 1662 1663
f 1549 1663 1664
f 1549 1664 1665
f 1549 1665 1666
f 1549 1666 1551
f 1549 1551 1550
f 1551 1666 1667
f 1551 1667 1668
f 1551 1668 1608
f 1553 1648 1555
f 1554 1556 1669
f 1554 1669 1651
f 1554 1651 1557
f 1555 1648 1670
f 1555 1670 1671
f 1555 1671 1556
f 1556 1671 1672
f 1556 1672 1673
f 1556 1673 1669
f 1559 1674 1576
f 1560 1675 1676
f 1560 1676 1677
f 1560 1677 1678
f 1560 1679 1680
f 1560 1680 1675
f 1562 1573 1688
f 1562 1688 1679
f 1565 1576 1566
f 1566 1576 1567
f 1567 1576 1674
f 1567 1674 1681
f 1567 1681 1568
f 1568 1682 1683
f 1568 1683 1569
f 1569 1683 1575
f 1569 1575 1574
f 1570 1684 1572
f 1570 1685 1686
f 1570 1686 1684
f 1571 1575 1689
f 1571 1689 1685
f 1572 1684 1687
f 1572 1687 1688
f 1575 1683 1798
f 1575 1798 1689
f 1577 1690 1578
f 1577 1678 1677
f 1577 1677 1690
f 1578 1690 1691
f 1578 1691 1692
f 1578 1692 1579
f 1579 1692 1693
f 1579 1693 1649
f 1580 1694 1581
f 1581 1694 1695
f 1581 1695 1582
f 1582 1695 1696
f 1582 1696 1584
f 1583 1585 1587
f 1584 1696 1586
f 1585 1588 1587
f 1585 1586 1697
f 1585 1697 1588
f 1586 1698 1697
f 1586 1696 1699
f 1586 1699 1700
f 1586 1700 1701
f 1586 1701 1702
f 1586 1702 1698
f 1588 1697 1698
f 1588 1698 1702
f 1588 1702 1589
f 1589 1591 1590
f 1589 1702 1703
f 1589 1703 1591
f 1591 1703 1592
f 1592 1703 1593
f 1593 1703 1704
f 1593 1704 1705
f 1593 1705 1594
f 1594 1705 1706
f 1594 1706 1613
f 1594 1613 1707
f 1594 1707 1595
f 1595 1707 1628
f 1598 1609 1708
f 1598 1708 1599
f 1599 1708 1667
f 1599 1667 1709
f 1599 1709 1602
f 1602 1709 1710
f 1602 1710 1604
f 1602 1604 1603
f 1604 1710 1711
f 1604 1711 1712
f 1604 1712 1713
f 1604 1713 1714
f 1604 1714 1605
f 1605 1714 1715
f 1605 1715 1716
f 1605 1716 1606
f 1606 1716 1607
f 1607 1716 1815
f 1607 1815 1694
f 1608 1668 1609
f 1609 1668 1708
f 1610 1616 1726
f 1610 1726 1717
f 1611 1717 1718
f 1611 1718 1617
f 1612 1628 1707
f 1612 1707 1613
f 1613 1706 1719
f 1613 1719 1615
f 1613 1615 1614
f 1615 1720 1721
f 1615 1721 1722
f 1615 1722 1723
f 1615 1723 1724
f 1615 1724 1725
f 1615 1725 1616
f 1615 1719 1720
f 1616 1725 1844
f 1616 1844 1726
f 1617 1718 1727
f 1617 1727 1728
f 1617 1728 1729
f 1617 1729 1618
f 1618 1729 1619
f 1619 1729 1730
f 1619 1730 1731
f 1619 1731 1620
f 1620 1731 1732
f 1620 1732 1733
f 1620 1733 1734
f 1620 1734 1621
f 1621 1734 1623
f 1621 1623 1622
f 1623 1734 1624
f 1624 1734 1735
f 1624 1735 1736
f 1624 1736 1625
f 1625 1736 1626
f 1626 1736 1737
f 1626 1737 1738
f 1626 1738 1634
f 1629 1739 1858
f 1629 1858 1740
f 1629 1740 1630
f 1630 1740 1632
f 1630 1632 1631
f 1632 1740 1858
f 1632 1858 1741
f 1632 1741 1862
f 1632 1862 1742
f 1632 1742 1633
f 1633 1742 1635
f 1634 1738 1737
f 1634 1737 1743
f 1634 1743 1744
f 1634 1744 1739
f 1635 1742 1745
f 1635 1745 1637
f 1635 1637 1636
f 1637 1745 1638
f 1638 1746 1747
f 1638 1747 1639
f 1638 1745 1866
f 1638 1866 1746
f 1639 1747 1870
f 1639 1870 1748
f 1639 1748 1640
f 1640 1749 1641
f 1640 1748 1750
f 1640 1750 1751
f 1640 1751 1752
f 1640 1752 1753
f 1640 1753 1749
f 1641 1749 1753
f 1641 1753 1642
f 1642 1752 1754
f 1642 1754 1755
f 1642 1755 1756
f 1642 1756 1757
f 1642 1757 1644
f 1642 1644 1643
f 1642 1753 1752
f 1644 1757 1758
f 1644 1758 1646
f 1644 1646 1645
f 1646 1758 1759
f 1646 1759 1647
f 1647 1759 1760
f 1648 1649 1761
f 1648 1761 1693
f 1648 1693 1762
f 1648 1762 1670
f 1649 1693 1761
f 1650 1653 1765
f 1650 1765 1655
f 1651 1669 1763
f 1651 1763 1652
f 1652 1764 1653
f 1652 1763 1764
f 1653 1764 1766
f 1653 1766 1765
f 1654 1655 1767
f 1654 1767 1656
f 1655 1765 1767
f 1656 1767 1768
f 1656 1768 1657
f 1657 1768 1658
f 1658 1768 1769
f 1658 1769 1660
f 1659 1770 1773
f 1659 1773 1661
f 1660 1769 1771
f 1660 1771 1772
f 1660 1772 1770
f 1661 1773 1774
f 1661 1774 1662
f 1662 1774 1775
f 1662 1775 1663
f 1663 1775 1777
f 1663 1777 1664
f 1664 1776 1665
f 1664 1777 1885
f 1664 1885 1776
f 1665 1778 1667
f 1665 1667 1666
f 1665 1776 1779
f 1665 1779 1780
f 1665 1780 1778
f 1667 1781 1710
f 1667 1710 1709
f 1667 1708 1668
f 1667 1778 1780
f 1667 1780 1781
f 1669 1673 1782
f 1669 1782 1763
f 1670 1762 1783
f 1670 1783 1671
f 1671 1783 1784
f 1671 1784 1785
f 1671 1785 1672
f 1672 1786 1763
f 1672 1763 1782
f 1672 1782 1673
f 1672 1785 1787
f 1672 1787 1788
f 1672 1788 1789
f 1672 1789 1786
f 1675 1790 1791
f 1675 1791 1691
f 1675 1691 1792
f 1675 1792 1677
f 1675 1677 1676
f 1675 1680 1793
f 1675 1793 1794
f 1675 1794 1790
f 1677 1792 1690
f 1679 1688 1795
f 1679 1795 1680
f 1680 1795 1793
f 1682 1796 1797
f 1682 1797 1683
f 1683 1797 1898
f 1683 1898 1798
f 1684 1799 1800
f 1684 1800 1801
f 1684 1801 1802
f 1684 1802 1687
f 1684 1686 1803
f 1684 1803 1804
f 1684 1804 1799
f 1685 1689 1686
f 1686 1689 1805
f 1686 1805 1806
f 1686 1806 1807
f 1686 1807 1803
f 1687 1802 1795
f 1687 1795 1688
f 1689 1798 1806
f 1689 1806 1805
f 1690 1792 1691
f 1691 1791 1693
f 1691 1693 1692
f 1693 1791 1790
f 1693 1790 1808
f 1693 1808 1809
f 1693 1809 1810
f 1693 1810 1811
f 1693 1811 1812
f 1693 1812 1813
f 1693 1813 1814
f 1693 1814 1762
f 1694 1815 1695
f 1695 1815 1696
f 1696 1815 1816
f 1696 1816 1817
f 1696 1817 1699
f 1699 1817 1818
f 1699 1818 1819
f 1699 1819 1820
f 1699 1820 1821
f 1699 1821 1701
f 1699 1701 1700
f 1701 1821 1822
f 1701 1822 1702
f 1702 1822 1823
f 1702 1823 1824
f 1702 1824 1703
f 1703 1824 1704
f 1704 1824 1825
f 1704 1825 1705
f 1705 1825 1706
f 1706 1825 1823
f 1706 1823 1826
f 1706 1826 1720
f 1706 1720 1719
f 1710 1781 1711
f 1711 1781 1827
f 1711 1827 1780
f 1711 1780 1828
f 1711 1828 1829
f 1711 1829 1712
f 1712 1829 1830
f 1712 1830 1713
f 1713 1830 1714
f 1714 1830 1831
f 1714 1831 1715
f 1715 1831 1832
f 1715 1832 1716
f 1716 1832 1912
f 1716 1912 1815
f 1717 1726 1718
f 1718 1726 1833
f 1718 1833 1727
f 1720 1834 1835
f 1720 1835 1836
f 1720 1836 1837
f 1720 1837 1838
f 1720 1838 1721
f 1720 1826 1839
f 1720 1839 1834
f 1721 1838 1929
f 1721 1929 1840
f 1721 1840 1841
f 1721 1841 1722
f 1722 1841 1842
f 1722 1842 1723
f 1723 1842 1843
f 1723 1843 1724
f 1724 1843 1844
f 1724 1844 1725
f 1726 1844 1845
f 1726 1845 1833
f 1727 1833 1846
f 1727 1846 1847
f 1727 1847 1728
f 1728 1847 1848
f 1728 1848 1730
f 1728 1730 1729
f 1730 1848 1731
f 1731 1848 1849
f 1731 1849 1732
f 1732 1850 1851
f 1732 1851 1852
f 1732 1852 1733
f 1732 1849 1850
f 1733 1852 1853
f 1733 1853 1854
f 1733 1854 1734
f 1734 1736 1735
f 1734 1854 1736
f 1736 1854 1737
f 1737 1854 1855
f 1737 1855 1743
f 1739 1744 1856
f 1739 1856 1857
f 1739 1857 1858
f 1741 1858 1857
f 1741 1857 1859
f 1741 1859 1860
f 1741 1860 1861
f 1741 1861 1862
f 1742 1862 1866
f 1742 1866 1745
f 1743 1855 1863
f 1743 1863 1864
f 1743 1864 1744
f 1744 1864 1865
f 1744 1865 1856
f 1746 1867 1868
f 1746 1868 1747
f 1746 1866 1867
f 1747 1868 1869
f 1747 1869 1870
f 1748 1870 1871
f 1748 1871 1750
f 1750 1871 1972
f 1750 1972 1872
f 1750 1872 1752
f 1750 1752 1751
f 1752 1872 1754
f 1754 1872 1874
f 1754 1874 1873
f 1755 1875 1756
f 1756 1759 1757
f 1756 1875 1876
f 1756 1876 1760
f 1756 1760 1759
f 1757 1759 1758
f 1762 1814 1783
f 1763 1786 1877
f 1763 1877 1764
f 1764 1877 1766
f 1765 1766 1878
f 1765 1878 1879
f 1765 1879 1767
f 1766 1880 1878
f 1766 1877 1880
f 1767 1879 1768
f 1768 1879 1769
f 1769 1879 1771
f 1770 1772 1881
f 1770 1881 1773
f 1771 1879 1882
f 1771 1882 1772
f 1772 1882 1881
f 1773 1881 1774
f 1774 1881 1883
f 1774 1883 1884
f 1774 1884 1775
f 1775 1884 1777
f 1776 1885 1889
f 1776 1889 1779
f 1777 1884 1886
f 1777 1886 1887
f 1777 1887 1885
f 1779 1888 1780
f 1779 1889 1984
f 1779 1984 1888
f 1780 1888 1828
f 1780 1827 1781
f 1783 1814 1890
f 1783 1890 1785
f 1783 1785 1784
f 1785 1890 1787
f 1786 1789 1891
f 1786 1891 1877
f 1787 1890 1892
f 1787 1892 1893
f 1787 1893 1788
f 1788 1893 1894
f 1788 1894 1895
f 1788 1895 1789
f 1789 1895 1891
f 1790 1794 1808
f 1793 1795 1801
f 1793 1801 1794
f 1794 1801 1896
f 1794 1896 1808
f 1795 1802 1801
f 1796 1897 1898
f 1796 1898 1797
f 1798 1898 1899
f 1798 1899 1806
f 1799 1900 1800
f 1799 1804 1901
f 1799 1901 1900
f 1800 1900 1808
f 1800 1808 1896
f 1800 1896 1801
f 1803 1807 1804
f 1804 1807 1902
f 1804 1902 1901
f 1806 1899 1902
f 1806 1902 1807
f 1808 1903 1904
f 1808 1904 1809
f 1808 1900 1905
f 1808 1905 1906
f 1808 1906 1903
f 1809 1904 1907
f 1809 1907 1810
f 1810 1907 1908
f 1810 1908 1811
f 1811 1908 1812
f 1812 1908 1909
f 1812 1909 1813
f 1813 1909 1910
f 1813 1910 1911
f 1813 1911 1892
f 1813 1892 1890
f 1813 1890 1814
f 1815 1912 1816
f 1816 1912 1913
f 1816 1913 1817
f 1817 1913 1914
f 1817 1914 1818
f 1818 1914 1819
f 1819 1914 1915
f 1819 1915 1820
f 1820 1916 1917
f 1820 1917 1821
f 1820 1915 1918
f 1820 1918 1919
f 1820 1919 1916
f 1821 1917 1823
f 1821 1823 1822
f 1823 1920 1839
f 1823 1839 1826
f 1823 1825 1824
f 1823 1917 1919
f 1823 1919 1920
f 1828 1921 1829
f 1828 1888 1984
f 1828 1984 1922
f 1828 1922 2020
f 1828 2020 1921
f 1829 1921 1923
f 1829 1923 1830
f 1830 1923 1831
f 1831 1923 1832
f 1832 1923 2016
f 1832 2016 1912
f 1833 1845 1936
f 1833 1936 1846
f 1834 1839 1924
f 1834 1924 2023
f 1834 2023 1925
f 1834 1925 1926
f 1834 1926 1835
f 1835 1926 1927
f 1835 1927 1836
f 1836 1927 1928
f 1836 1928 1837
f 1837 1928 1929
f 1837 1929 1838
f 1839 1920 1919
f 1839 1919 1930
f 1839 1930 1924
f 1840 1929 1931
f 1840 1931 1932
f 1840 1932 1933
f 1840 1933 1841
f 1841 1933 1934
f 1841 1934 1842
f 1842 1934 1843
f 1843 1934 1935
f 1843 1935 1845
f 1843 1845 1844
f 1845 1935 1936
f 1846 1936 1937
f 1846 1937 1938
f 1846 1938 1847
f 1847 1938 1939
f 1847 1939 1848
f 1848 1939 1849
f 1849 1939 1940
f 1849 1940 1850
f 1850 1940 1851
f 1851 1940 1939
f 1851 1939 1941
f 1851 1941 1942
f 1851 1942 1943
f 1851 1943 1944
f 1851 1944 1945
f 1851 1945 1852
f 1852 1945 1946
f 1852 1946 1947
f 1852 1947 1853
f 1853 1947 1948
f 1853 1948 1854
f 1854 1948 1863
f 1854 1863 1949
f 1854 1949 1855
f 1855 1949 1863
f 1856 1865 1950
f 1856 1950 1857
f 1857 1950 1860
f 1857 1860 1859
f 1860 1950 1865
f 1860 1865 1951
f 1860 1951 1952
f 1860 1952 1953
f 1860 1953 1954
f 1860 1954 1861
f 1861 1954 1955
f 1861 1955 1862
f 1862 1955 1866
f 1863 1956 1957
f 1863 1957 1958
f 1863 1958 1959
f 1863 1959 1960
f 1863 1960 1961
f 1863 1961 1952
f 1863 1952 1951
f 1863 1951 1865
f 1863 1865 1864
f 1863 1948 1962
f 1863 1962 1956
f 1866 1955 1867
f 1867 1955 1963
f 1867 1963 1868
f 1868 1963 1964
f 1868 1964 1965
f 1868 1965 1966
f 1868 1966 1967
f 1868 1967 1869
f 1869 1967 1968
f 1869 1968 1969
f 1869 1969 1970
f 1869 1970 1971
f 1869 1971 1871
f 1869 1871 1870
f 1871 1971 1970
f 1871 1970 1972
f 1872 1972 1974
f 1872 1974 1874
f 1873 1874 1974
f 1873 1974 1973
f 1877 1891 1975
f 1877 1975 1880
f 1878 1880 1976
f 1878 1976 1977
f 1878 1977 1978
f 1878 1978 1979
f 1878 1979 1879
f 1879 1979 1882
f 1880 1975 1985
f 1880 1985 1976
f 1881 1882 1883
f 1882 1979 1978
f 1882 1978 1980
f 1882 1980 1883
f 1883 1980 1884
f 1884 1980 1981
f 1884 1981 1886
f 1885 1887 1889
f 1886 1981 1982
f 1886 1982 1887
f 1887 1983 1889
f 1887 1982 1983
f 1889 1983 1984
f 1891 1985 1975
f 1891 1895 1986
f 1891 1986 1987
f 1891 1987 1985
f 1892 1911 1893
f 1893 1988 1989
f 1893 1989 1894
f 1893 1911 1990
f 1893 1990 1991
f 1893 1991 1992
f 1893 1992 1993
f 1893 1993 1988
f 1894 1989 1994
f 1894 1994 1995
f 1894 1995 1895
f 1895 1995 1987
f 1895 1987 1986
f 1897 1899 1898
f 1899 1996 1902
f 1900 1997 1998
f 1900 1998 1999
f 1900 1999 1905
f 1900 1901 2000
f 1900 2000 2001
f 1900 2001 1997
f 1901 2002 2000
f 1901 1902 2002
f 1902 1996 2003
f 1902 2003 2004
f 1902 2004 2005
f 1902 2005 2002
f 1903 2006 1990
f 1903 1990 1910
f 1903 1910 1909
f 1903 1909 2007
f 1903 2007 1907
f 1903 1907 1904
f 1903 1906 2008
f 1903 2008 2009
f 1903 2009 2010
f 1903 2010 2011
f 1903 2011 2012
f 1903 2012 2013
f 1903 2013 2006
f 1905 1999 2014
f 1905 2014 2015
f 1905 2015 1906
f 1906 2015 2008
f 1907 2007 1908
f 1908 2007 1909
f 1910 1990 1911
f 1912 2016 1913
f 1913 2016 1914
f 1914 2016 1915
f 1915 2016 2017
f 1915 2017 1918
f 1916 1919 1917
f 1918 2018 1919
f 1918 2017 2097
f 1918 2097 2019
f 1918 2019 2098
f 1918 2098 2018
f 1919 2018 1930
f 1921 2020 2022
f 1921 2022 1923
f 1922 1984 2021
f 1922 2021 2020
f 1923 2022 2096
f 1923 2096 2016
f 1924 1930 2029
f 1924 2029 2023
f 1925 2023 2024
f 1925 2024 2025
f 1925 2025 2026
f 1925 2026 1926
f 1926 2026 2027
f 1926 2027 1927
f 1927 2027 2028
f 1927 2028 1928
f 1928 2028 1929
f 1929 2028 1931
f 1930 2018 2098
f 1930 2098 2029
f 1931 2028 2030
f 1931 2030 1932
f 1932 2030 2031
f 1932 2031 1933
f 1933 2031 1934
f 1934 2031 1935
f 1935 2031 1936
f 1936 2032 1937
f 1936 2031 2032
f 1937 2032 2033
f 1937 2033 2034
f 1937 2034 1938
f 1938 2034 1939
f 1939 2034 1941
f 1941 2034 2035
f 1941 2035 1942
f 1942 2036 1943
f 1942 2035 2036
f 1943 2037 2038
f 1943 2038 1944
f 1943 2036 2037
f 1944 2038 2039
f 1944 2039 2040
f 1944 2040 1945
f 1945 2040 1947
f 1945 1947 1946
f 1947 2040 1962
f 1947 1962 1948
f 1952 1961 1953
f 1953 2041 1964
f 1953 1964 1954
f 1953 1961 2041
f 1954 1964 1955
f 1955 1964 1963
f 1956 2042 2043
f 1956 2043 2044
f 1956 2044 1957
f 1956 1962 2040
f 1956 2040 2039
f 1956 2039 2042
f 1957 2044 2045
f 1957 2045 1958
f 1958 2045 1959
f 1959 2045 2046
f 1959 2046 1960
f 1960 2046 2047
f 1960 2047 1961
f 1961 2047 2048
f 1961 2048 2049
f 1961 2049 2050
f 1961 2050 2051
f 1961 2051 1965
f 1961 1965 2041
f 1964 2041 1965
f 1965 2051 1966
f 1966 2051 2052
f 1966 2052 1967
f 1967 1969 1968
f 1967 2052 2053
f 1967 2053 1969
f 1969 2053 1970
f 1970 2053 2054
f 1970 2054 1972
f 1972 2054 2055
f 1972 2055 1974
f 1973 1974 2055
f 1976 1985 2056
f 1976 2056 1977
f 1977 2057 1978
f 1977 2056 2057
f 1978 2057 2058
f 1978 2058 2059
f 1978 2059 1980
f 1980 2059 1981
f 1981 2059 2060
f 1981 2060 2061
f 1981 2061 1982
f 1982 2062 1983
f 1982 2061 2062
f 1983 2063 1984
f 1983 2062 2064
f 1983 2064 2063
f 1984 2063 2065
f 1984 2065 2021
f 1985 1987 2066
f 1985 2066 2056
f 1987 1995 2067
f 1987 2067 2066
f 1988 2068 2069
f 1988 2069 2067
f 1988 2067 1994
f 1988 1994 1989
f 1988 1993 2070
f 1988 2070 2071
f 1988 2071 2072
f 1988 2072 2073
f 1988 2073 2074
f 1988 2074 2075
f 1988 2075 2076
f 1988 2076 2068
f 1990 2006 2077
f 1990 2077 2078
f 1990 2078 2079
f 1990 2079 1991
f 1991 2079 1992
f 1992 2079 1993
f 1993 2079 2070
f 1994 2067 1995
f 1996 2080 2003
f 1997 2001 2081
f 1997 2081 1998
f 1998 2011 2010
f 1998 2010 2014
f 1998 2014 1999
f 1998 2081 2011
f 2000 2002 2005
f 2000 2005 2082
f 2000 2082 2001
f 2001 2082 2083
f 2001 2083 2081
f 2003 2084 2004
f 2003 2080 2085
f 2003 2085 2086
f 2003 2086 2084
f 2004 2087 2005
f 2004 2084 2087
f 2005 2087 2088
f 2005 2088 2082
f 2006 2013 2077
f 2008 2015 2014
f 2008 2014 2010
f 2008 2010 2009
f 2011 2089 2090
f 2011 2090 2012
f 2011 2081 2091
f 2011 2091 2092
f 2011 2092 2093
f 2011 2093 2094
f 2011 2094 2089
f 2012 2095 2077
f 2012 2077 2013
f 2012 2090 2095
f 2016 2096 2097
f 2016 2097 2017
f 2019 2097 2099
f 2019 2099 2098
f 2020 2021 2100
f 2020 2100 2101
f 2020 2101 2022
f 2021 2065 2150
f 2021 2150 2102
f 2021 2102 2100
f 2022 2101 2103
f 2022 2103 2181
f 2022 2181 2096
f 2023 2029 2024
f 2024 2029 2104
f 2024 2104 2105
f 2024 2105 2025
f 2025 2105 2106
f 2025 2106 2107
f 2025 2107 2026
f 2026 2107 2027
f 2027 2107 2030
f 2027 2030 2028
f 2029 2098 2104
f 2030 2107 2108
f 2030 2108 2109
f 2030 2109 2031
f 2031 2109 2032
f 2032 2109 2108
f 2032 2108 2110
f 2032 2110 2111
f 2032 2111 2033
f 2033 2111 2113
f 2033 2113 2112
f 2033 2112 2034
f 2034 2112 2035
f 2035 2112 2113
f 2035 2113 2114
f 2035 2114 2115
f 2035 2115 2036
f 2036 2115 2114
f 2036 2114 2116
f 2036 2116 2037
f 2037 2117 2118
f 2037 2118 2038
f 2037 2116 2117
f 2038 2118 2119
f 2038 2119 2120
f 2038 2120 2121
f 2038 2121 2122
f 2038 2122 2123
f 2038 2123 2042
f 2038 2042 2039
f 2042 2123 2043
f 2043 2123 2048
f 2043 2048 2044
f 2044 2048 2124
f 2044 2124 2045
f 2045 2124 2046
f 2046 2124 2048
f 2046 2048 2047
f 2048 2123 2125
f 2048 2125 2126
f 2048 2126 2127
f 2048 2127 2128
f 2048 2128 2129
f 2048 2129 2130
f 2048 2130 2131
f 2048 2131 2049
f 2049 2131 2132
f 2049 2132 2050
f 2050 2133 2134
f 2050 2134 2051
f 2050 2132 2133
f 2051 2134 2135
f 2051 2135 2136
f 2051 2136 2137
f 2051 2137 2138
f 2051 2138 2052
f 2052 2138 2139
f 2052 2139 2053
f 2053 2140 2141
f 2053 2141 2054
f 2053 2139 2142
f 2053 2142 2140
f 2054 2141 2143
f 2056 2144 2057
f 2056 2066 2144
f 2057 2144 2145
f 2057 2145 2058
f 2058 2145 2146
f 2058 2146 2059
f 2059 2146 2060
f 2060 2146 2147
f 2060 2147 2061
f 2061 2148 2062
f 2061 2147 2148
f 2062 2148 2149
f 2062 2149 2064
f 2063 2064 2150
f 2063 2150 2065
f 2064 2149 2150
f 2066 2067 2151
f 2066 2151 2144
f 2067 2152 2151
f 2067 2069 2152
f 2068 2076 2153
f 2068 2153 2069
f 2069 2153 2152
f 2070 2079 2071
f 2071 2079 2078
f 2071 2078 2154
f 2071 2154 2072
f 2072 2154 2155
f 2072 2155 2156
f 2072 2156 2073
f 2073 2156 2157
f 2073 2157 2158
f 2073 2158 2074
f 2074 2158 2075
f 2075 2159 2076
f 2075 2158 2159
f 2076 2160 2153
f 2076 2159 2161
f 2076 2161 2162
f 2076 2162 2163
f 2076 2163 2164
f 2076 2164 2165
f 2076 2165 2160
f 2077 2154 2166
f 2077 2166 2078
f 2077 2095 2167
f 2077 2167 2154
f 2078 2166 2154
f 2081 2083 2091
f 2082 2088 2083
f 2083 2168 2093
f 2083 2093 2092
f 2083 2092 2091
f 2083 2088 2169
f 2083 2169 2170
f 2083 2170 2171
f 2083 2171 2172
f 2083 2172 2168
f 2084 2088 2087
f 2084 2086 2169
f 2084 2169 2088
f 2089 2094 2173
f 2089 2173 2174
f 2089 2174 2175
f 2089 2175 2176
f 2089 2176 2090
f 2090 2176 2095
f 2093 2168 2177
f 2093 2177 2178
f 2093 2178 2179
f 2093 2179 2173
f 2093 2173 2180
f 2093 2180 2094
f 2094 2180 2173
f 2095 2176 2167
f 2096 2181 2182
f 2096 2182 2097
f 2097 2182 2183
f 2097 2183 2099
f 2098 2099 2184
f 2098 2184 2185
f 2098 2185 2104
f 2099 2183 2186
f 2099 2186 2260
f 2099 2260 2184
f 2100 2102 2187
f 2100 2187 2188
f 2100 2188 2101
f 2101 2188 2103
f 2102 2150 2189
f 2102 2189 2190
f 2102 2190 2187
f 2103 2188 2191
f 2103 2191 2258
f 2103 2258 2181
f 2104 2185 2192
f 2104 2192 2193
f 2104 2193 2105
f 2105 2193 2194
f 2105 2194 2106
f 2106 2194 2195
f 2106 2195 2196
f 2106 2196 2107
f 2107 2196 2108
f 2108 2196 2197
f 2108 2197 2198
f 2108 2198 2110
f 2110 2198 2199
f 2110 2199 2111
f 2111 2199 2113
f 2113 2199 2200
f 2113 2200 2114
f 2114 2200 2201
f 2114 2201 2116
f 2116 2201 2117
f 2117 2119 2118
f 2117 2201 2119
f 2119 2201 2202
f 2119 2202 2203
f 2119 2203 2204
f 2119 2204 2205
f 2119 2205 2206
f 2119 2206 2207
f 2119 2207 2208
f 2119 2208 2209
f 2119 2209 2210
f 2119 2210 2120
f 2120 2210 2211
f 2120 2211 2121
f 2121 2211 2122
f 2122 2211 2123
f 2123 2211 2212
f 2123 2212 2213
f 2123 2213 2125
f 2125 2213 2126
f 2126 2213 2127
f 2127 2213 2214
f 2127 2214 2215
f 2127 2215 2128
f 2128 2215 2216
f 2128 2216 2217
f 2128 2217 2218
f 2128 2218 2219
f 2128 2219 2220
f 2128 2220 2221
f 2128 2221 2135
f 2128 2135 2129
f 2129 2135 2133
f 2129 2133 2131
f 2129 2131 2130
f 2131 2133 2132
f 2133 2135 2134
f 2135 2221 2136
f 2136 2221 2137
f 2137 2221 2222
f 2137 2222 2223
f 2137 2223 2138
f 2138 2223 2142
f 2138 2142 2139
f 2140 2142 2224
f 2140 2224 2225
f 2140 2225 2141
f 2141 2225 2226
f 2141 2226 2143
f 2142 2223 2227
f 2142 2227 2224
f 2144 2151 2228
f 2144 2228 2145
f 2145 2228 2146
f 2146 2228 2229
f 2146 2229 2147
f 2147 2229 2230
f 2147 2230 2231
f 2147 2231 2232
f 2147 2232 2148
f 2148 2233 2149
f 2148 2232 2233
f 2149 2233 2150
f 2150 2233 2189
f 2151 2152 2234
f 2151 2234 2235
f 2151 2235 2228
f 2152 2153 2234
f 2153 2160 2234
f 2154 2167 2236
f 2154 2236 2237
f 2154 2237 2238
f 2154 2238 2155
f 2155 2238 2156
f 2156 2239 2240
f 2156 2240 2157
f 2156 2238 2237
f 2156 2237 2241
f 2156 2241 2242
f 2156 2242 2239
f 2157 2162 2158
f 2157 2240 2239
f 2157 2239 2162
f 2158 2162 2161
f 2158 2161 2159
f 2160 2165 2230
f 2160 2230 2243
f 2160 2243 2234
f 2162 2239 2244
f 2162 2244 2245
f 2162 2245 2246
f 2162 2246 2163
f 2163 2247 2164
f 2163 2246 2247
f 2164 2248 2165
f 2164 2247 2248
f 2165 2248 2249
f 2165 2249 2230
f 2167 2176 2236
f 2168 2172 2177
f 2170 2250 2171
f 2171 2250 2251
f 2171 2251 2177
f 2171 2177 2172
f 2173 2179 2252
f 2173 2252 2253
f 2173 2253 2254
f 2173 2254 2174
f 2174 2254 2237
f 2174 2237 2175
f 2175 2237 2176
f 2176 2237 2236
f 2177 2251 2255
f 2177 2255 2256
f 2177 2256 2178
f 2178 2252 2179
f 2178 2256 2252
f 2181 2257 2182
f 2181 2258 2257
f 2182 2257 2183
f 2183 2257 2259
f 2183 2259 2186
f 2184 2260 2185
f 2185 2260 2192
f 2186 2261 2262
f 2186 2262 2260
f 2186 2259 2261
f 2187 2190 2263
f 2187 2263 2264
f 2187 2264 2191
f 2187 2191 2188
f 2189 2233 2265
f 2189 2265 2266
f 2189 2266 2267
f 2189 2267 2190
f 2190 2268 2263
f 2190 2267 2269
f 2190 2269 2270
f 2190 2270 2268
f 2191 2264 2263
f 2191 2263 2268
f 2191 2268 2271
f 2191 2271 2340
f 2191 2340 2258
f 2192 2260 2272
f 2192 2272 2193
f 2193 2272 2273
f 2193 2273 2194
f 2194 2273 2274
f 2194 2274 2195
f 2195 2274 2275
f 2195 2275 2196
f 2196 2275 2197
f 2197 2275 2276
f 2197 2276 2277
f 2197 2277 2198
f 2198 2277 2199
f 2199 2277 2200
f 2200 2278 2201
f 2200 2277 2278
f 2201 2278 2279
f 2201 2279 2202
f 2202 2280 2203
f 2202 2279 2280
f 2203 2280 2204
f 2204 2281 2282
f 2204 2282 2283
f 2204 2283 2284
f 2204 2284 2205
f 2204 2280 2285
f 2204 2285 2286
f 2204 2286 2287
f 2204 2287 2281
f 2205 2284 2288
f 2205 2288 2206
f 2206 2288 2207
f 2207 2288 2289
f 2207 2289 2290
f 2207 2290 2208
f 2208 2290 2291
f 2208 2291 2292
f 2208 2292 2209
f 2209 2292 2212
f 2209 2212 2211
f 2209 2211 2210
f 2212 2292 2293
f 2212 2293 2213
f 2213 2293 2292
f 2213 2292 2294
f 2213 2294 2214
f 2214 2294 2295
f 2214 2295 2215
f 2215 2295 2216
f 2216 2296 2297
f 2216 2297 2217
f 2216 2295 2298
f 2216 2298 2296
f 2217 2297 2299
f 2217 2299 2218
f 2218 2297 2300
f 2218 2300 2301
f 2218 2301 2302
f 2218 2302 2303
f 2218 2303 2222
f 2218 2222 2219
f 2218 2299 2297
f 2219 2222 2220
f 2220 2222 2221
f 2222 2303 2304
f 2222 2304 2305
f 2222 2305 2306
f 2222 2306 2307
f 2222 2307 2227
f 2222 2227 2223
f 2224 2227 2225
f 2225 2227 2308
f 2225 2308 2226
f 2227 2307 2308
f 2228 2235 2234
f 2228 2234 2243
f 2228 2243 2229
f 2229 2243 2230
f 2230 2309 2265
f 2230 2265 2310
f 2230 2310 2231
f 2230 2249 2309
f 2231 2310 2232
f 2232 2310 2265
f 2232 2265 2233
f 2237 2311 2241
f 2237 2254 2312
f 2237 2312 2313
f 2237 2313 2311
f 2239 2242 2314
f 2239 2314 2315
f 2239 2315 2316
f 2239 2316 2244
f 2241 2311 2242
f 2242 2311 2314
f 2244 2316 2245
f 2245 2317 2318
f 2245 2318 2319
f 2245 2319 2320
f 2245 2320 2321
f 2245 2321 2246
f 2245 2316 2315
f 2245 2315 2322
f 2245 2322 2323
f 2245 2323 2324
f 2245 2324 2325
f 2245 2325 2326
f 2245 2326 2317
f 2246 2321 2247
f 2247 2321 2327
f 2247 2327 2328
f 2247 2328 2329
f 2247 2329 2248
f 2248 2330 2249
f 2248 2329 2330
f 2249 2330 2331
f 2249 2331 2309
f 2250 2255 2251
f 2252 2256 2332
f 2252 2332 2253
f 2253 2333 2254
f 2253 2332 2334
f 2253 2334 2333
f 2254 2333 2312
f 2255 2335 2336
f 2255 2336 2337
f 2255 2337 2338
f 2255 2338 2332
f 2255 2332 2256
f 2257 2258 2259
f 2258 2339 2259
f 2258 2340 2341
f 2258 2341 2342
f 2258 2342 2339
f 2259 2339 2342
f 2259 2342 2261
f 2260 2262 2343
f 2260 2343 2272
f 2261 2342 2341
f 2261 2341 2344
f 2261 2344 2345
f 2261 2345 2346
f 2261 2346 2262
f 2262 2346 2347
f 2262 2347 2348
f 2262 2348 2343
f 2265 2309 2266
f 2266 2309 2349
f 2266 2349 2350
f 2266 2350 2267
f 2267 2351 2352
f 2267 2352 2353
f 2267 2353 2269
f 2267 2350 2351
f 2268 2270 2271
f 2269 2353 2271
f 2269 2271 2270
f 2271 2353 2354
f 2271 2354 2355
f 2271 2355 2418
f 2271 2418 2340
f 2272 2343 2273
f 2273 2343 2356
f 2273 2356 2274
f 2274 2356 2357
f 2274 2357 2358
f 2274 2358 2359
f 2274 2359 2275
f 2275 2360 2276
f 2275 2359 2360
f 2276 2360 2277
f 2277 2360 2278
f 2278 2361 2362
f 2278 2362 2279
f 2278 2360 2361
f 2279 2362 2280
f 2280 2362 2285
f 2281 2287 2363
f 2281 2363 2364
f 2281 2364 2282
f 2282 2364 2365
f 2282 2365 2366
f 2282 2366 2367
f 2282 2367 2289
f 2282 2289 2288
f 2282 2288 2283
f 2283 2288 2284
f 2285 2362 2368
f 2285 2368 2358
f 2285 2358 2286
f 2286 2369 2370
f 2286 2370 2287
f 2286 2358 2369
f 2287 2370 2363
f 2289 2367 2371
f 2289 2371 2290
f 2290 2371 2367
f 2290 2367 2372
f 2290 2372 2373
f 2290 2373 2374
f 2290 2374 2375
f 2290 2375 2291
f 2291 2375 2292
f 2292 2375 2374
f 2292 2374 2376
f 2292 2376 2294
f 2294 2376 2295
f 2295 2376 2374
f 2295 2374 2298
f 2296 2377 2297
f 2296 2298 2374
f 2296 2374 2377
f 2297 2378 2379
f 2297 2379 2300
f 2297 2377 2378
f 2300 2379 2301
f 2301 2379 2380
f 2301 2380 2302
f 2302 2380 2381
f 2302 2381 2382
f 2302 2382 2383
f 2302 2383 2305
f 2302 2305 2304
f 2302 2304 2303
f 2305 2383 2382
f 2305 2382 2306
f 2309 2331 2330
f 2309 2330 2349
f 2311 2313 2384
f 2311 2384 2385
f 2311 2385 2314
f 2312 2333 2384
f 2312 2384 2313
f 2314 2385 2315
f 2315 2385 2322
f 2317 2386 2328
f 2317 2328 2387
f 2317 2387 2318
f 2317 2326 2388
f 2317 2388 2389
f 2317 2389 2390
f 2317 2390 2391
f 2317 2391 2392
f 2317 2392 2386
f 2318 2387 2319
f 2319 2393 2320
f 2319 2387 2394
f 2319 2394 2393
f 2320 2393 2321
f 2321 2393 2327
f 2322 2385 2384
f 2322 2384 2395
f 2322 2395 2396
f 2322 2396 2397
f 2322 2397 2398
f 2322 2398 2399
f 2322 2399 2400
f 2322 2400 2323
f 2323 2400 2401
f 2323 2401 2325
f 2323 2325 2324
f 2325 2402 2326
f 2325 2401 2402
f 2326 2402 2388
f 2327 2393 2403
f 2327 2403 2328
f 2328 2403 2394
f 2328 2394 2387
f 2328 2386 2404
f 2328 2404 2405
f 2328 2405 2406
f 2328 2406 2407
f 2328 2407 2408
f 2328 2408 2409
f 2328 2409 2350
f 2328 2350 2410
f 2328 2410 2329
f 2329 2410 2330
f 2330 2410 2349
f 2332 2338 2334
f 2333 2334 2411
f 2333 2411 2396
f 2333 2396 2412
f 2333 2412 2395
f 2333 2395 2384
f 2334 2338 2413
f 2334 2413 2411
f 2335 2414 2415
f 2335 2415 2336
f 2336 2415 2337
f 2337 2415 2416
f 2337 2416 2417
f 2337 2417 2396
f 2337 2396 2413
f 2337 2413 2338
f 2340 2418 2419
f 2340 2419 2420
f 2340 2420 2345
f 2340 2345 2344
f 2340 2344 2341
f 2343 2348 2356
f 2345 2420 2346
f 2346 2420 2421
f 2346 2421 2422
f 2346 2422 2423
f 2346 2423 2347
f 2347 2423 2424
f 2347 2424 2425
f 2347 2425 2348
f 2348 2425 2358
f 2348 2358 2426
f 2348 2426 2356
f 2349 2410 2350
f 2350 2409 2408
f 2350 2408 2427
f 2350 2427 2351
f 2351 2355 2354
f 2351 2354 2353
f 2351 2353 2352
f 2351 2427 2355
f 2355 2427 2428
f 2355 2428 2429
f 2355 2429 2472
f 2355 2472 2418
f 2356 2426 2357
f 2357 2426 2358
f 2358 2425 2369
f 2358 2368 2359
f 2359 2368 2360
f 2360 2368 2362
f 2360 2362 2361
f 2363 2430 2431
f 2363 2431 2432
f 2363 2432 2433
f 2363 2433 2364
f 2363 2370 2430
f 2364 2433 2365
f 2365 2433 2434
f 2365 2434 2435
f 2365 2435 2436
f 2365 2436 2437
f 2365 2437 2438
f 2365 2438 2439
f 2365 2439 2440
f 2365 2440 2441
f 2365 2441 2442
f 2365 2442 2443
f 2365 2443 2444
f 2365 2444 2366
f 2366 2444 2367
f 2367 2444 2443
f 2367 2443 2445
f 2367 2445 2372
f 2369 2446 2447
f 2369 2447 2370
f 2369 2425 2446
f 2370 2447 2430
f 2372 2445 2448
f 2372 2448 2373
f 2373 2448 2374
f 2374 2448 2449
f 2374 2449 2450
f 2374 2450 2377
f 2377 2450 2451
f 2377 2451 2378
f 2378 2451 2452
f 2378 2452 2453
f 2378 2453 2379
f 2379 2453 2380
f 2380 2453 2381
f 2381 2454 2455
f 2381 2455 2456
f 2381 2453 2454
f 2386 2392 2457
f 2386 2457 2404
f 2388 2401 2458
f 2388 2458 2389
f 2388 2402 2401
f 2389 2459 2390
f 2389 2458 2400
f 2389 2400 2460
f 2389 2460 2461
f 2389 2461 2462
f 2389 2462 2463
f 2389 2463 2459
f 2390 2459 2464
f 2390 2464 2465
f 2390 2465 2391
f 2391 2465 2392
f 2392 2465 2466
f 2392 2466 2457
f 2393 2394 2403
f 2395 2412 2396
f 2396 2411 2413
f 2396 2417 2467
f 2396 2467 2397
f 2397 2467 2398
f 2398 2467 2399
f 2399 2467 2461
f 2399 2461 2460
f 2399 2460 2400
f 2400 2458 2401
f 2404 2457 2405
f 2405 2468 2469
f 2405 2469 2406
f 2405 2457 2470
f 2405 2470 2468
f 2406 2469 2407
f 2407 2429 2427
f 2407 2427 2408
f 2407 2469 2429
f 2414 2471 2467
f 2414 2467 2415
f 2415 2467 2416
f 2416 2467 2417
f 2418 2422 2419
f 2418 2472 2473
f 2418 2473 2474
f 2418 2474 2422
f 2419 2422 2420
f 2420 2422 2421
f 2422 2474 2423
f 2423 2474 2475
f 2423 2475 2476
f 2423 2476 2431
f 2423 2431 2477
f 2423 2477 2424
f 2424 2477 2447
f 2424 2447 2425
f 2425 2447 2446
f 2427 2429 2428
f 2429 2469 2478
f 2429 2478 2530
f 2429 2530 2472
f 2430 2477 2431
f 2430 2447 2477
f 2431 2479 2480
f 2431 2480 2481
f 2431 2481 2482
f 2431 2482 2437
f 2431 2437 2483
f 2431 2483 2484
f 2431 2484 2485
f 2431 2485 2432
f 2431 2476 2475
f 2431 2475 2486
f 2431 2486 2479
f 2432 2485 2487
f 2432 2487 2433
f 2433 2487 2434
f 2434 2487 2435
f 2435 2483 2436
f 2435 2487 2484
f 2435 2484 2483
f 2436 2483 2437
f 2437 2482 2488
f 2437 2488 2489
f 2437 2489 2490
f 2437 2490 2491
f 2437 2491 2492
f 2437 2492 2438
f 2438 2493 2439
f 2438 2492 2493
f 2439 2493 2494
f 2439 2494 2441
f 2439 2441 2440
f 2441 2494 2495
f 2441 2495 2442
f 2442 2496 2497
f 2442 2497 2443
f 2442 2495 2498
f 2442 2498 2499
f 2442 2499 2500
f 2442 2500 2501
f 2442 2501 2502
f 2442 2502 2496
f 2443 2497 2445
f 2445 2497 2448
f 2448 2497 2496
f 2448 2496 2449
f 2449 2496 2450
f 2450 2496 2451
f 2451 2503 2501
f 2451 2501 2504
f 2451 2504 2452
f 2451 2496 2502
f 2451 2502 2503
f 2452 2505 2454
f 2452 2454 2453
f 2452 2504 2505
f 2454 2505 2455
f 2455 2506 2507
f 2455 2507 2508
f 2455 2508 2456
f 2455 2505 2501
f 2455 2501 2509
f 2455 2509 2506
f 2456 2508 2507
f 2456 2507 2510
f 2457 2511 2512
f 2457 2512 2513
f 2457 2513 2470
f 2457 2466 2514
f 2457 2514 2511
f 2459 2463 2515
f 2459 2515 2464
f 2461 2467 2516
f 2461 2516 2462
f 2462 2516 2517
f 2462 2517 2518
f 2462 2518 2463
f 2463 2518 2519
f 2463 2519 2515
f 2464 2520 2521
f 2464 2521 2522
f 2464 2522 2523
f 2464 2523 2465
f 2464 2515 2524
f 2464 2524 2525
f 2464 2525 2520
f 2465 2526 2466
f 2465 2523 2526
f 2466 2526 2514
f 2467 2471 2527
f 2467 2527 2516
f 2468 2470 2513
f 2468 2513 2478
f 2468 2478 2469
f 2471 2528 2529
f 2471 2529 2527
f 2472 2486 2474
f 2472 2474 2473
f 2472 2530 2531
f 2472 2531 2486
f 2474 2486 2475
f 2478 2513 2532
f 2478 2532 2562
f 2478 2562 2530
f 2479 2486 2531
f 2479 2531 2480
f 2480 2531 2533
f 2480 2533 2534
f 2480 2534 2535
f 2480 2535 2481
f 2481 2535 2482
f 2482 2535 2488
f 2484 2487 2485
f 2488 2536 2537
f 2488 2537 2489
f 2488 2535 2536
f 2489 2537 2490
f 2490 2538 2539
f 2490 2539 2491
f 2490 2537 2538
f 2491 2540 2495
f 2491 2495 2541
f 2491 2541 2492
f 2491 2539 2542
f 2491 2542 2543
f 2491 2543 2544
f 2491 2544 2540
f 2492 2541 2494
f 2492 2494 2493
f 2494 2541 2495
f 2495 2540 2498
f 2498 2544 2545
f 2498 2545 2499
f 2498 2540 2544
f 2499 2545 2500
f 2500 2545 2501
f 2501 2545 2509
f 2501 2505 2504
f 2501 2503 2502
f 2506 2509 2545
f 2506 2545 2507
f 2507 2545 2510
f 2510 2545 2546
f 2511 2547 2562
f 2511 2562 2532
f 2511 2532 2513
f 2511 2513 2512
f 2511 2514 2548
f 2511 2548 2577
f 2511 2577 2547
f 2514 2526 2548
f 2515 2519 2549
f 2515 2549 2524
f 2516 2527 2517
f 2517 2527 2550
f 2517 2550 2551
f 2517 2551 2519
f 2517 2519 2518
f 2519 2551 2552
f 2519 2552 2553
f 2519 2553 2554
f 2519 2554 2549
f 2520 2555 2558
f 2520 2558 2521
f 2520 2525 2556
f 2520 2556 2580
f 2520 2580 2555
f 2521 2557 2522
f 2521 2558 2581
f 2521 2581 2557
f 2522 2557 2526
f 2522 2526 2523
f 2524 2549 2525
f 2525 2549 2554
f 2525 2554 2559
f 2525 2559 2560
f 2525 2560 2556
f 2526 2557 2548
f 2527 2529 2550
f 2528 2561 2552
f 2528 2552 2529
f 2529 2552 2551
f 2529 2551 2550
f 2530 2533 2531
f 2530 2562 2563
f 2530 2563 2533
f 2533 2563 2534
f 2534 2563 2535
f 2535 2563 2564
f 2535 2564 2547
f 2535 2547 2565
f 2535 2565 2536
f 2536 2565 2566
f 2536 2566 2537
f 2537 2566 2567
f 2537 2567 2538
f 2538 2567 2568
f 2538 2568 2558
f 2538 2558 2555
f 2538 2555 2569
f 2538 2569 2570
f 2538 2570 2539
f 2539 2570 2542
f 2542 2570 2571
f 2542 2571 2572
f 2542 2572 2543
f 2543 2572 2573
f 2543 2573 2574
f 2543 2574 2544
f 2544 2574 2545
f 2545 2574 2575
f 2545 2575 2546
f 2546 2575 2576
f 2547 2564 2563
f 2547 2563 2562
f 2547 2577 2565
f 2548 2557 2581
f 2548 2581 2577
f 2552 2561 2553
f 2553 2578 2579
f 2553 2579 2554
f 2554 2579 2560
f 2554 2560 2559
f 2555 2580 2569
f 2556 2560 2582
f 2556 2582 2580
f 2558 2568 2581
f 2560 2579 2596
f 2560 2596 2582
f 2565 2577 2566
f 2566 2577 2581
f 2566 2581 2568
f 2566 2568 2567
f 2569 2583 2570
f 2569 2580 2582
f 2569 2582 2584
f 2569 2584 2585
f 2569 2585 2586
f 2569 2586 2583
f 2570 2583 2586
f 2570 2586 2571
f 2571 2585 2587
f 2571 2587 2588
f 2571 2588 2589
f 2571 2589 2590
f 2571 2590 2573
f 2571 2573 2572
f 2571 2586 2585
f 2573 2590 2591
f 2573 2591 2575
f 2573 2575 2574
f 2575 2591 2592
f 2575 2592 2576
f 2576 2592 2593
f 2578 2594 2595
f 2578 2595 2579
f 2579 2595 2598
f 2579 2598 2596
f 2582 2596 2585
f 2582 2585 2584
f 2585 2596 2587
f 2587 2596 2598
f 2587 2598 2597
f 2588 2599 2589
f 2589 2592 2590
f 2589 2599 2600
f 2589 2600 2593
f 2589 2593 2592
f 2590 2592 2591
f 2594 2597 2598
f 2594 2598 2595
