# https://github.com/mikedh/trimesh
v 0.40072915 0.19109683 0.17519645
v -0.10510840 -0.80776381 -0.38976035
v 0.35235000 0.35327899 0.18544400
v 0.42253727 0.32425874 -0.09969398
v -0.40681133 -0.78846300 0.10978661
v 0.35117176 -0.63126767 -0.26078516
v -0.34718499 0.77971500 0.34669900
v 0.06736898 0.11050878 -0.43201649
v -0.06819380 -0.81026000 0.21166654
v 0.17582789 -0.00237071 -0.40040439
v -0.17834064 -0.81026304 -0.32737097
v 0.26022214 -0.34907046 0.35170960
v 0.15299065 -0.80626428 -0.37498906
v -0.40631157 0.12659127 0.16167328
v -0.08870348 0.22745538 0.35769176
v -0.43428606 -0.46189114 0.05144838
v 0.43226615 -0.36519513 0.06587391
v 0.10639372 -0.81026000 0.21331282
v 0.05516571 -0.70852536 0.43369681
v -0.34180203 -0.28456819 -0.27290770
v -0.40071866 -0.53453356 -0.17527242
v -0.40636554 -0.49421677 0.16154556
v 0.27208689 0.07825776 -0.34239635
v 0.27208233 -0.08299936 -0.34240979
v 0.43226883 -0.52646923 0.06578171
v 0.37623897 0.29403698 -0.01516752
v -0.17555238 -0.27648887 0.40065387
v 0.05319635 -0.28456819 0.43407133
v -0.35101908 -0.05881160 0.26112580
v -0.20630074 -0.81026000 0.11217786
v 0.27206081 -0.49419945 -0.34242901
v -0.40074757 -0.66351116 -0.17524366
v 0.40641147 -0.37328956 -0.16137169
v -0.28083700 0.53902799 0.35334799
v 0.19140266 -0.81025428 0.32599655
v 0.34181255 0.14275661 0.27297825
v 0.43420485 0.09440625 -0.05178522
v 0.34182593 -0.35713422 0.27298635
v -0.27208883 -0.24425450 0.34251055
v -0.27260280 -0.71754158 0.34185979
v 0.35117629 -0.56676549 -0.26078030
v -0.36936727 0.28978097 -0.11056003
v -0.34180230 -0.17975250 -0.27290735
v 0.43423304 -0.43776849 -0.05169253
v -0.28981689 -0.81023616 -0.24508137
v 0.21498205 -0.81026000 0.05312419
v -0.05548941 -0.81019682 0.39323527
v -0.05227696 -0.05074941 -0.43421227
v 0.26022047 -0.53451365 0.35171068
v -0.07862707 -0.77630299 0.42048568
v 0.43162397 0.32086429 0.06451625
v -0.43426576 -0.69614464 0.05104725
v 0.07257319 0.34587362 0.37393904
v -0.26017305 -0.51032543 -0.35168511
v -0.30698165 0.20370318 0.13214599
v -0.27208912 -0.67157787 0.34251031
v -0.08150340 -0.81026000 0.01875511
v -0.40065944 -0.35711581 -0.17535511
v -0.16213967 0.08629835 -0.40615323
v -0.17556748 -0.07494340 0.40063956
v 0.41719341 0.34402049 -0.10497324
v -0.17520624 0.30378979 0.31295323
v 0.27225605 -0.11521176 -0.34223071
v -0.32520738 0.20369142 -0.06445962
v 0.14928199 0.20370251 -0.30189043
v 0.19114263 0.25164092 0.33515477
v -0.43428755 -0.54257721 0.05143942
v -0.00777938 0.20371200 0.06110761
v -0.14033985 0.20371200 -0.04552678
v 0.39436537 -0.81012988 0.03242358
v 0.26022542 -0.02656035 0.35170767
v 0.40629137 -0.43776256 -0.16157512
v -0.11528710 0.20365362 0.21030656
v 0.06745727 -0.00240278 -0.43200037
v 0.32443845 0.32522413 0.20953761
v 0.30937400 -0.81026495 0.20890963
v -0.43214017 0.18313159 -0.06652877
v 0.17509119 0.28731975 -0.40068260
v -0.01607216 0.32230660 -0.43455023
v -0.21700332 0.35179958 0.36935332
v -0.34132972 -0.81026590 -0.15795523
v 0.40634716 -0.09101810 -0.16147614
v 0.17368776 0.20371063 0.23511349
v -0.36071622 0.22495298 0.08036166
v -0.16214500 -0.33296472 -0.40615046
v -0.27208883 -0.58289003 0.34251055
v -0.16221556 -0.41357231 -0.40609857
v -0.36196199 0.35340500 -0.21665500
v 0.43220928 -0.23628213 0.06593666
v -0.43428636 -0.62323016 0.05149299
v -0.21780689 -0.81027007 -0.30553174
v 0.03085715 0.20371200 -0.13621755
v -0.36094099 0.22495130 -0.04031096
v 0.43423039 -0.33294421 -0.05164588
v -0.34177524 -0.38938388 -0.27290756
v 0.06744536 -0.07496563 -0.43195090
v 0.27207577 -0.24425426 -0.34241539
v -0.31828782 0.60921264 0.30317116
v -0.22389375 -0.74553531 -0.37214580
v -0.34179264 -0.69568843 -0.27288431
v 0.39142305 -0.80893403 0.09075639
v 0.16234355 -0.51029921 0.40608513
v -0.07030535 -0.75687504 -0.42918208
v -0.32401091 0.22782701 0.17698336
v 0.40073347 -0.01043595 0.17511611
v -0.21769400 0.45720500 0.26177800
v -0.43217307 0.12660304 -0.06642179
v 0.25274596 -0.81013370 0.30392125
v -0.17555238 -0.21202013 0.40065387
v 0.15407459 0.20371200 0.01486616
v -0.05303157 -0.70443004 -0.43396798
v -0.40636030 -0.41358882 0.16155733
v -0.40066355 -0.14751981 -0.17534216
v -0.05208300 -0.57487905 -0.43423867
v -0.40620017 0.23146251 0.16199628
v -0.06691723 -0.35711992 0.43214494
v 0.43205371 -0.75896770 0.03941856
v -0.43422666 0.22333026 0.05204380
v -0.14559691 0.25110647 0.34597519
v -0.34178144 -0.46194863 -0.27290648
v -0.43214446 -0.25223678 -0.06640968
v -0.05531200 0.25241098 0.36158636
v -0.10483953 0.21438523 0.34183940
v -0.31799960 -0.76170433 -0.29483774
v -0.06688571 0.11856938 0.43218032
v -0.40071142 -0.42165494 -0.17529626
v 0.26101097 -0.38938430 -0.34935904
v -0.27222416 0.27161649 0.34232536
v 0.16225426 -0.59901541 0.40614048
v -0.10590063 -0.81026000 -0.16528589
v -0.17557716 0.15887883 0.40062156
v -0.34180230 -0.11525053 -0.27290735
v -0.06688571 0.00569080 0.43218032
v 0.35121214 0.02181538 -0.26074460
v 0.34181169 -0.00237209 0.27297923
v 0.40072092 -0.09914037 0.17512791
v 0.32299614 -0.79431844 0.26658404
v 0.00016958 -0.81006569 -0.39524186
v 0.40080947 -0.64739347 0.17502262
v -0.16211072 -0.37324324 -0.40617505
v -0.16211584 -0.51840329 -0.40617239
v -0.27732837 0.30406520 0.33753714
v -0.06691723 -0.61509353 0.43214494
v 0.35119900 -0.24425705 -0.26073912
v 0.43223432 -0.30869144 0.06585602
v -0.40069801 -0.07494642 -0.17529418
v 0.34181082 -0.03462290 0.27298033
v 0.33382106 -0.77621907 -0.27005735
v 0.34183457 -0.23619430 0.27298364
v 0.34180737 -0.19587803 0.27298385
v -0.05214851 -0.30873680 -0.43422377
v 0.37058207 0.34615031 0.11924940
v -0.16215256 -0.55868095 -0.40614650
v 0.40630469 -0.01047201 -0.16154936
v 0.16251850 -0.46194863 0.40596798
v 0.16245636 -0.34099784 0.40601242
v 0.06758661 -0.45386839 -0.43193907
v -0.26017350 -0.10718769 -0.35168499
v 0.41619539 -0.74553901 0.12323672
v 0.20303521 -0.81026000 -0.11572848
v -0.06691723 -0.05076154 0.43214494
v -0.32409993 0.20367527 0.09852195
v -0.28613737 0.57623774 0.35713649
v 0.08829539 0.20729457 0.32849920
v 0.26022550 0.02181631 0.35170761
v -0.16229510 0.16693692 -0.40606752
v 0.22212899 0.20386018 0.22884266
v 0.00023002 0.20926419 0.32604632
v 0.05274428 -0.81026000 -0.06450150
v 0.16931801 0.34432599 -0.34805200
v -0.16372803 -0.75222725 -0.40509936
v 0.26021963 -0.63126665 0.35171127
v -0.26017252 -0.60707831 -0.35168540
v -0.40628093 -0.03459159 0.16171467
v -0.33874702 0.34020600 0.19811669
v 0.27286547 -0.71758550 -0.34158215
v 0.34181210 0.02987907 0.27297860
v -0.43240529 -0.70788574 -0.06406815
v -0.35102233 -0.38938433 0.26112235
v -0.25751790 -0.81023544 -0.27648786
v -0.34180194 -0.24425450 -0.27290782
v 0.16252841 0.06213019 0.40596503
v 0.43227252 0.09438026 0.06580974
v -0.30170685 0.31183258 0.24160962
v 0.40071622 0.06212948 0.17513645
v 0.26022169 -0.26038003 0.35170978
v -0.34272927 0.78417522 0.32690084
v -0.25996831 0.15873143 -0.35183483
v 0.25287914 0.32504851 0.35626689
v -0.31865776 0.21453524 -0.16558068
v 0.17577891 0.12664893 -0.40045130
v 0.05158301 0.32243416 -0.37428510
v -0.16220748 0.02987906 -0.40610254
v -0.36945340 -0.81024790 -0.08787002
v -0.22943798 0.37372074 0.33946019
v -0.27208883 -0.55063903 0.34251055
v 0.17567903 0.22338682 -0.40060267
v 0.16252460 -0.13137610 0.40596610
v 0.02241402 0.20422113 0.24231680
v -0.05238776 0.02181567 -0.43416944
v -0.40635312 -0.33293042 0.16157316
v 0.27952603 -0.38937631 -0.33508149
v 0.34180257 -0.55870181 0.27299055
v -0.34553894 0.20645532 -0.08868879
v -0.43189925 0.23831397 -0.06797691
v 0.05584247 -0.81026000 0.08849163
v 0.25396460 -0.78890711 0.34005287
v -0.26305640 0.69057626 0.35629925
v -0.34180245 -0.02656030 -0.27290711
v -0.43422347 0.15085033 0.05173389
v 0.22622989 0.32546771 0.37084657
v -0.06681256 -0.28459567 0.43218994
v 0.14110617 -0.81024796 0.35072032
v -0.22438411 -0.81026000 -0.05197852
v -0.43215865 -0.03455067 -0.06642202
v -0.26031107 0.25563848 -0.35165146
v -0.34178102 0.20718727 -0.27294937
v 0.24880853 0.22388491 -0.26675507
v -0.43214360 -0.13936344 -0.06642555
v 0.17571193 -0.13134971 -0.40052164
v 0.19364446 0.20783937 0.25811377
v -0.40062976 0.23955099 -0.17554851
v 0.17575024 -0.32486257 -0.40050030
v 0.33497134 0.20374276 0.00531705
v -0.27208883 0.09438109 0.34251055
v 0.43223161 -0.47004685 0.06584046
v -0.27208883 -0.34100750 0.34251055
v 0.42743501 0.34432599 -0.04031330
v 0.23540589 0.35380599 -0.34842277
v -0.29865274 0.40865022 0.29111600
v 0.05661362 0.35364118 0.42083156
v -0.04312418 0.33887571 0.42994362
v 0.24705106 0.34448257 0.29987529
v 0.34475863 0.35496196 0.21764861
v 0.39266127 0.35281283 -0.16985533
v 0.20303597 0.35446119 -0.36719182
v -0.33125699 0.35352799 -0.20231900
v -0.02980866 0.27944225 -0.38120088
v -0.02638409 0.30580682 0.43375903
v -0.04031330 0.35380200 -0.41119999
v 0.39507499 0.35423699 -0.10481500
v 0.38569257 0.33750406 -0.00431786
v -0.05664637 0.35347933 0.42039257
v -0.33567500 0.34432599 0.27033401
v -0.17132249 0.21304114 -0.32175249
v 0.25077355 0.35454565 0.33396658
v 0.42727101 0.34432599 -0.00806225
v -0.37992001 0.34432599 0.02418870
v 0.29832199 0.35433599 -0.26607001
v 0.26821205 -0.78084660 -0.33291396
v -0.29562011 0.34641108 -0.30957264
v 0.26022241 -0.22006652 0.35170928
v -0.10481500 0.35336101 0.40662500
v 0.03719791 0.21183407 -0.35415819
v 0.38870436 0.34489849 -0.18768930
v 0.05301346 -0.03461583 0.43411064
v 0.18083921 0.21153691 0.29483020
v -0.40547371 0.33663180 -0.15600558
v 0.05506504 -0.74720663 -0.43310332
v -0.08812741 0.34193733 -0.37267652
v -0.15479673 0.22444585 0.23223698
v -0.19744100 0.45720500 0.28219700
v -0.37361327 0.34417769 0.13782634
v -0.20223141 0.35453370 -0.36578646
v -0.09723591 -0.81026345 -0.35823491
v 0.32978049 0.20733358 -0.14486507
v -0.29148179 0.55487067 0.35381988
v -0.23287016 0.20645845 -0.26855013
v -0.37842801 0.35347199 0.18476200
v 0.26022613 0.07019284 0.35170728
v -0.29139495 0.39272246 0.28280395
v -0.26607001 0.35429299 -0.29832101
v -0.35110900 0.35334101 0.20156901
v -0.29832101 0.35428399 -0.28219599
v -0.29832101 0.35440999 -0.26607001
v 0.18486026 0.20821328 -0.30806565
v -0.17860685 0.34719649 0.33473730
v -0.43002054 0.34153518 0.00804592
v 0.32753193 0.34290466 0.21899554
v 0.27190974 0.34896627 -0.27157927
v 0.16931801 0.35402301 0.37895000
v 0.41621876 0.35443476 -0.00805785
v 0.38775700 0.35287499 -0.17892601
v 0.33717889 0.32538685 -0.27594411
v -0.38452178 0.35392648 -0.07257847
v 0.18662603 0.21982743 0.31891623
v 0.30307439 0.34938186 -0.23691432
v 0.13706701 0.35431600 -0.37894899
v -0.22007711 0.21237394 -0.29515952
v 0.42151055 0.35068551 -0.07516784
v -0.37270400 0.35319901 0.20156901
v -0.40435255 -0.77177644 0.15243733
v 0.42243183 -0.77494144 -0.07816612
v 0.26234373 0.34866703 -0.34097371
v 0.34921303 0.35382578 -0.23622611
v 0.21542369 0.35415179 -0.34433237
v -0.37999600 0.34432599 -0.02418780
v -0.17768478 0.33927915 0.27176845
v -0.30155122 0.58751112 0.35569578
v -0.30505362 0.21458136 -0.18578729
v 0.41635525 0.34462863 0.10550182
v -0.26605374 0.75558358 0.29535961
v 0.10695106 0.21692365 -0.33924800
v -0.28007600 0.37657699 0.32740301
v -0.29700100 0.36237499 0.26742500
v 0.12096389 0.34533396 0.37442914
v -0.01625046 -0.80898643 0.40178108
v -0.28400210 0.21696942 -0.21611567
v 0.17329170 0.35247120 0.39129302
v 0.30167025 0.32747746 0.31202179
v 0.23513570 0.20685360 -0.26014584
v 0.17237876 -0.79111028 -0.38471213
v -0.29820099 0.39270300 0.29832199
v -0.25033528 -0.75827581 0.35502839
v 0.24005559 -0.77578402 0.35638484
v 0.34626085 0.35254249 -0.25116771
v 0.13893910 0.35270894 -0.40539235
v -0.41630369 0.35395184 -0.04031950
v 0.12100651 -0.80985469 -0.37786877
v 0.28316572 -0.78928161 -0.31166184
v -0.36677033 -0.78905487 -0.20757605
v -0.07256185 0.35065717 0.37870833
v -0.28219599 0.35427901 -0.29832101
v 0.32843453 0.33923325 0.28329828
v 0.12246643 0.20492257 -0.31854120
v 0.33960643 -0.76109499 0.27343294
v 0.33057299 0.35356399 0.24994600
v 0.06154044 -0.79580748 -0.41094258
v 0.36282399 0.35421199 -0.20156799
v 0.13629316 0.35147154 -0.36357847
v 0.24444526 0.22481963 0.28565264
v 0.16919614 0.34851199 -0.39454672
v -0.41562638 0.35376856 -0.05644759
v 0.34293541 0.21077734 -0.11307851
v 0.28219700 0.35416099 0.29832199
v 0.41466346 0.32349211 -0.13057426
v 0.35251275 0.20387918 0.03224069
v 0.19482195 -0.75910819 0.38772312
v -0.38882700 0.35318899 -0.16931701
v -0.33684063 0.35087192 -0.26622212
v -0.29059497 0.56185162 0.28311342
v -0.33911252 0.23663884 0.15537749
v -0.13706601 0.34737599 0.37681800
v -0.28336099 0.39283001 0.32804900
v -0.40574715 0.34800240 -0.13547967
v 0.23382001 0.35417801 0.33057299
v -0.38738525 0.34577593 0.18720394
v -0.38963407 0.35455084 -0.02418843
v -0.34127486 0.34946278 0.26079747
v 0.40123099 0.35333100 0.02418870
v -0.36770201 0.34432599 0.22233000
v 0.40659299 0.35337901 -0.10481500
v 0.09054945 0.34739506 0.42037061
v 0.26607099 0.35417500 0.31444800
v 0.21769500 0.35426700 0.34669900
v 0.21278110 0.34877607 0.37297118
v -0.38201338 0.34953082 0.05643857
v 0.38356903 0.34956232 -0.07249926
v 0.17131776 -0.80998027 -0.35838774
v 0.13717814 0.20684060 -0.31658620
v -0.30336636 0.53766799 0.34542245
v -0.26281381 0.80533087 0.32160044
v 0.40675020 0.35483301 0.04033604
v -0.22512278 0.61888027 0.32257479
v 0.10030840 0.22878215 0.36009166
v -0.34701321 0.20960480 0.08869115
v -0.23926009 0.69916213 0.33300829
v 0.25820300 0.35231099 -0.29045901
v -0.18461220 0.36795422 0.28217754
v -0.12941585 0.24982728 -0.34454572
v 0.43424469 0.32365552 -0.00005293
v -0.00805641 0.35433397 -0.41607240
v -0.06207658 0.35453251 0.39107975
v -0.24765207 0.21573390 0.22954518
v 0.21644659 0.22873294 0.30839279
v -0.24150948 0.68221074 0.33892229
v 0.04033905 0.34525120 0.37100372
v -0.37020561 0.34440759 -0.21898289
v 0.00806325 0.35315999 -0.40142199
v 0.29674780 -0.80018681 -0.28435749
v 0.36282399 0.35425800 0.18544400
v -0.30037153 0.20706528 0.18627080
v 0.37665996 0.32557425 -0.06478753
v -0.14404300 0.28360578 0.35053879
v 0.15396114 0.35163677 -0.40075833
v 0.27487016 -0.80940568 0.28669041
v 0.28731591 0.34942833 -0.25458586
v -0.12096112 0.35091516 0.37938061
v 0.08556326 0.23776948 -0.35163057
v 0.33057299 0.35437700 -0.23381899
v 0.35241109 0.35310900 -0.18221816
v -0.24159536 0.68221283 0.29035825
v -0.32770401 -0.80764937 0.23485027
v -0.33204654 0.21715254 -0.15127015
v -0.31239220 0.21057323 0.17583323
v -0.31444699 0.35424799 0.25316101
v -0.12785470 0.27972001 0.36214909
v -0.18544300 0.35696501 0.36282399
v -0.38571399 0.35326299 0.08869070
v -0.42143399 0.34498700 0.08720020
v 0.22754580 0.32008514 -0.31367904
v -0.00069519 0.30438542 -0.38704419
v 0.26607099 0.35425001 -0.31444699
v -0.29231077 0.37656122 0.31421459
v -0.33555877 0.20557870 -0.12724288
v 0.41652998 0.35438302 -0.02418559
v 0.40017200 0.35334000 0.07256520
v -0.02418780 0.35367301 -0.41119999
v -0.15263739 0.35285461 0.37798104
v -0.27993742 0.79383922 0.36001301
v 0.25140017 0.35080263 -0.29845932
v -0.31444699 0.79203302 0.36282399
v -0.41964698 0.35306859 -0.07357424
v 0.35686210 0.20839602 -0.00713663
v -0.36132962 0.22757559 0.04436672
v -0.08869150 0.35455352 0.38987926
v 0.23285143 0.35360935 -0.32964548
v 0.42328003 0.35024196 0.04037361
v -0.22538733 0.64558506 0.30554509
v 0.26082557 0.20385560 0.22281799
v -0.07231160 0.35159740 -0.38329411
v -0.34586322 0.20662135 0.04031516
v -0.30059665 0.44103971 0.29166961
v -0.30937332 0.45705041 0.30944642
v 0.08917273 0.20922892 -0.33684888
v 0.34415609 0.35384083 -0.19908345
v -0.28219599 0.35437199 -0.28219599
v -0.34588552 0.20659910 -0.04031234
v 0.26751438 0.34434336 0.33781764
v -0.37985200 0.34432599 0.07256520
v -0.33182001 0.63458502 0.33057299
v 0.25002843 -0.79397535 -0.33686456
v -0.23958807 0.39269197 0.34014893
v 0.12120529 0.35229561 0.40739012
v 0.24831405 0.35380894 -0.31290752
v 0.26970401 0.35324100 -0.28219599
v -0.05653924 0.35107931 -0.42289984
v -0.35044649 0.21834327 0.12999550
v -0.18449666 0.34946400 0.38834164
v 0.38741919 0.32217094 0.03930971
v -0.16054204 0.25643843 0.32272744
v -0.21259554 0.20371325 -0.27522120
v 0.26619336 0.35327631 -0.33079004
v -0.20457211 0.36059842 0.25026658
v 0.18607053 -0.81020880 -0.34413886
v -0.26256546 0.36970916 0.25952414
v -0.29818383 -0.79894686 0.28500429
v -0.12094100 0.35427600 -0.39507401
v -0.41059101 0.34432599 0.12094200
v 0.18544400 0.35421401 -0.36282301
v -0.30850703 0.79861319 0.33058172
v -0.20162399 0.35610712 0.36914432
v 0.40790290 0.35165489 -0.12120999
v -0.39952010 0.35453615 0.12101674
v 0.41993412 0.34898704 0.08891840
v -0.30669615 0.52057910 0.34065863
v -0.10481500 0.35432699 -0.39507401
v 0.34180164 -0.60707855 0.27299148
v 0.39151084 0.35512415 0.10472587
v -0.05364886 0.27911419 -0.43385628
v -0.40245593 0.35435706 0.04031479
v -0.00805083 0.34940135 0.37579486
v -0.39212441 -0.80861223 0.09539591
v -0.36470085 0.35313758 0.16866817
v 0.39613920 0.35009712 0.00830214
v 0.04031603 -0.81005663 -0.39528763
v -0.20154956 0.38286620 0.31192887
v -0.33297792 0.69894499 0.35745159
v -0.16888094 0.35489184 -0.35468119
v 0.31952941 0.35282984 0.24782440
v 0.05643970 0.34432599 -0.38001299
v 0.21671000 0.35342300 0.36197099
v -0.14507982 0.21655257 0.26604342
v -0.25838709 -0.81016463 0.29819250
v 0.13706701 0.35385299 0.39507499
v -0.20036560 -0.81039494 0.33814377
v 0.15157209 0.34606108 0.37074155
v -0.04033205 0.20587054 -0.35134959
v 0.28204593 0.34429398 0.27404815
v -0.29221639 0.72351295 0.36890894
v -0.02417791 0.35097179 -0.42363349
v -0.32993400 0.35373601 0.26477501
v -0.10706121 0.34778872 -0.36875272
v -0.23529689 0.69936168 0.30714190
v -0.11311292 0.32324791 -0.41917613
v -0.35164350 0.32463741 -0.25722539
v -0.35931504 0.34452578 0.23809934
v 0.01624691 0.32262233 -0.43401712
v 0.39936924 0.34153888 0.16847089
v -0.37311313 0.34862536 0.21290007
v -0.34246331 0.73124719 0.32673690
v 0.19187066 0.33026138 -0.33609632
v -0.32588556 0.62833768 0.31088448
v 0.40610409 -0.78051257 0.13037010
v -0.24793702 0.35363033 -0.31250083
v -0.13923568 0.33922851 -0.35546601
v 0.34669900 0.35434100 -0.21769400
v 0.39804184 0.35423011 0.13708770
v 0.18288088 0.23057114 0.33469713
v -0.34588653 0.35255364 0.25123358
v -0.07258989 0.22005835 0.35330343
v -0.35980260 0.22451365 -0.11088104
v 0.39381737 0.35260081 -0.02409583
v -0.29832101 0.35510299 0.25402999
v 0.23658675 0.34293437 -0.31184784
v -0.28258646 0.72476703 0.29022372
v -0.33013171 0.33766735 -0.28278649
v 0.33209038 0.35017043 -0.20235029
v -0.28230143 0.36125159 0.25871861
v -0.32431224 -0.74724084 0.28909549
v 0.13109173 0.28018972 0.36408424
v -0.33758399 0.35290301 0.22240300
v -0.21533518 0.35157022 -0.33539277
v 0.24994600 0.35418200 -0.33057201
v -0.23381899 0.60233402 0.28138399
v -0.41405365 0.35312438 0.08911780
v -0.32877350 0.78924012 0.36666358
v -0.21769400 0.47332999 0.26450700
v -0.22542927 0.61934566 0.28859985
v -0.18695952 0.34282151 -0.34329310
v -0.33681321 0.79080492 0.34673300
v 0.34573451 0.22584084 0.12599687
v -0.34312642 0.78302330 0.36032203
v -0.38217777 0.34211662 0.19904678
v 0.00352419 0.35447505 0.39052162
v -0.13704129 0.35444042 -0.37327397
v -0.12094100 0.33980101 0.36893800
v -0.31509987 0.61833936 0.35386816
v -0.38959798 0.35454842 0.00806264
v -0.41714492 0.34400401 0.10496413
v -0.24280338 0.74017912 0.32984594
v 0.35602599 0.35297501 -0.23004800
v -0.23377030 0.35791925 0.35125515
v 0.20158643 0.35459158 0.36501601
v 0.40930799 0.35341701 0.08869070
v -0.37997100 0.34432599 -0.00806225
v -0.31444699 0.35430700 -0.23381899
v 0.31090701 0.34588999 0.24982600
v -0.22056861 0.60261631 0.29287288
v 0.33706123 -0.79405546 -0.25055143
v -0.25089899 0.77971500 0.31444800
v -0.23995309 0.47330117 0.34264556
v -0.40100500 0.35013300 0.15319300
v -0.26385799 0.20372094 -0.19881248
v -0.38970029 0.35457170 -0.05644038
v 0.04814805 0.32014993 0.43448284
v 0.26022336 -0.12331340 0.35170874
v 0.04812986 0.32281721 -0.43334150
v 0.23245732 0.35028222 -0.35882220
v -0.32007703 0.77623940 0.30548665
v -0.26314193 0.65953320 0.35627159
v 0.37366578 -0.75530046 -0.22045836
v -0.23103505 0.31149051 0.24415345
v -0.20593616 0.36422303 0.33167130
v -0.23425300 0.66683602 0.29832199
v 0.21888493 0.34613445 0.32218584
v -0.11262068 -0.75871950 0.41875201
v 0.35462838 0.21665862 -0.07285675
v -0.23382504 0.40124595 0.25396475
v -0.24225752 0.50986564 0.26489347
v -0.28074703 0.80373788 0.31364000
v -0.31061000 0.55395800 0.34270400
v -0.15459791 -0.75957990 0.40674496
v 0.18574169 0.35227871 -0.38520744
v -0.36388299 0.35334399 -0.15444700
v 0.28362131 0.34319568 0.32339907
v -0.21034536 0.41193992 0.25550607
v 0.23303697 -0.80989158 0.32247141
v 0.07256520 0.35424101 -0.39507401
v -0.41836029 0.32430190 -0.11558300
v -0.32594940 0.74569410 0.37108195
v -0.14572142 0.21567535 0.28212437
v -0.39176399 0.35337400 -0.15319200
v 0.29096329 0.20369831 -0.14594139
v -0.24677612 0.73031014 0.30117854
v 0.30113071 -0.77966273 -0.30092984
v -0.25760210 0.21253765 -0.24819103
v -0.10256740 -0.80932063 0.38752514
v 0.39817721 0.35498703 0.12096275
v 0.26016584 0.34462458 -0.28370208
v 0.04036018 0.35362589 0.42149881
v 0.07745290 0.20388325 0.24342734
v 0.21873100 0.35339200 0.33143699
v 0.09615373 -0.80620378 -0.39318103
v -0.31238499 0.34192601 -0.29627901
v -0.22359379 0.23542599 -0.30769721
v 0.19916470 0.34251666 -0.38203096
v -0.34209922 0.34029710 -0.17028366
v -0.41771331 -0.75694376 0.11730547
v -0.05643880 0.35373500 -0.41119999
v -0.13536900 0.20802443 0.24003993
v -0.36282301 0.35439399 -0.18544300
v 0.01705950 0.20369962 -0.32706517
v -0.24011609 0.20469329 -0.25174466
v -0.17181592 0.35212469 -0.39233166
v -0.31444699 0.35443500 -0.24994500
v -0.02419084 0.35395795 0.41643918
v 0.26753941 0.35333136 0.32796109
v 0.35134673 -0.81014317 0.18077390
v -0.07320460 0.35333857 0.41927132
v -0.24023521 0.71530211 0.33187515
v -0.38165149 0.34318542 -0.19989035
v -0.36154228 -0.80866206 0.17132549
v -0.31565470 0.52151501 0.30791664
v -0.19909403 0.33767909 0.38555688
v -0.29203287 0.68790215 0.28835472
v -0.26750588 0.34266409 -0.33895290
v -0.28856501 0.35302201 -0.25481799
v -0.38194036 0.34937552 0.04031302
v -0.30486593 -0.77732724 0.29912174
v -0.19059409 0.23503484 0.22362556
v 0.00806353 0.35424083 -0.41623896
v -0.41455686 -0.79440302 0.04849605
v -0.32630679 0.73135000 0.30754331
v -0.16217189 -0.61513293 -0.40613282
v -0.18061045 0.35591593 0.34664878
v -0.18506400 0.35439101 0.37923899
v -0.39507401 0.35428700 0.08869070
v -0.34386599 0.76358902 0.36138701
v -0.30015221 0.50547510 0.34094518
v 0.39564699 0.34432599 0.05643970
v -0.19472748 0.36053607 0.31437644
v -0.27407369 0.39271352 0.27012020
v -0.26017293 -0.26037997 -0.35168523
v 0.21623300 0.35317600 -0.36185300
v -0.21853529 -0.79750550 -0.35242072
v -0.36775854 0.35025948 0.15564054
v -0.39750686 0.35326642 -0.13816260
v 0.27123040 0.22560197 0.26549333
v 0.38207167 0.35007682 -0.10474905
v -0.19392939 -0.79271758 -0.37108764
v -0.20030244 0.45729807 0.30333188
v -0.13966922 0.35130680 0.40518460
v -0.30755863 0.56991738 0.34889495
v 0.35489178 0.31757477 -0.25549078
v -0.25952855 0.57812583 0.35357207
v -0.26466683 0.35266173 -0.28114668
v -0.28889850 0.77989733 0.29635027
v -0.18380579 0.33792862 -0.39284804
v 0.07213610 0.21530700 -0.34659001
v -0.23980582 0.52988005 0.34219989
v 0.37217414 -0.80844176 -0.15338401
v -0.22055200 0.57008302 0.28414300
v -0.23048723 -0.80927622 -0.32701102
v -0.23341507 0.35344607 -0.33020937
v -0.15328513 0.35346058 0.39813361
v -0.20156799 0.35921499 0.34669900
v -0.42047754 0.35290828 0.07462112
v -0.34599182 0.74717480 0.35426530
v 0.28219700 0.35426101 -0.29832101
v -0.30000916 0.32443258 -0.22186659
v -0.16936360 0.35478839 0.38443813
v 0.02416754 0.21749526 0.35164624
v -0.08874360 0.35312524 0.41224390
v 0.40637240 -0.30871943 -0.16143706
v -0.42462435 0.34943131 0.04826123
v -0.34077087 -0.80998075 0.20298620
v 0.28322300 0.35338101 0.28305000
v -0.11722809 0.21150401 0.30897057
v 0.36949265 0.35389557 0.13522659
v -0.39850408 0.35352400 0.13985969
v -0.32775038 0.32167882 0.28552312
v 0.25240347 0.21960801 0.26883754
v -0.35596660 0.34237644 -0.15307821
v -0.27965191 -0.81023031 0.26315093
v 0.39507499 0.35366499 -0.13706601
v -0.26017350 -0.15556434 -0.35168499
v -0.07256430 0.35412300 -0.39507401
v 0.43232465 -0.71352023 0.06440943
v -0.08868255 0.34684226 0.37328631
v 0.35598481 -0.80828202 -0.18550158
v 0.41071254 0.32469228 0.14243236
v 0.22065374 0.22033118 0.29675692
v 0.31737784 0.20370579 0.11788864
v -0.19159271 0.42733577 0.27622220
v -0.35135981 0.34469900 -0.24915196
v -0.32927990 0.61824709 0.33658749
v 0.16315950 -0.75873995 0.40447605
v -0.25915852 0.20402373 0.21930370
v -0.23263501 0.68296200 0.31444800
v -0.29681742 0.35354221 -0.24851118
v 0.05641851 0.35441756 -0.39049396
v -0.00806413 0.35397589 0.41661301
v -0.03221321 0.35439977 0.38874787
v -0.13928860 0.23157187 0.34911308
v -0.24445978 0.66699022 0.28674519
v -0.38277099 0.35106876 0.12081010
v 0.12095018 0.35472983 0.38970199
v 0.40367511 -0.80075890 -0.08342958
v -0.26607001 0.35422900 -0.31444699
v -0.15320902 0.35149264 -0.35557064
v -0.20540860 0.50579715 0.30644318
v -0.25272724 0.35182905 -0.34572941
v 0.40808100 0.34432599 0.13706701
v 0.29670709 0.30560032 0.25397947
v -0.23789051 0.34463277 -0.35941529
v -0.28218535 -0.79897207 0.30122328
v -0.36110774 0.35395971 0.18395580
v 0.38822463 0.32550308 0.06292316
v -0.28065819 0.41812605 0.33616614
v -0.24994500 0.35410199 -0.33057201
v -0.25133318 0.21854784 -0.26495713
v -0.38958529 0.35454988 0.02418854
v -0.33780548 0.66777307 0.33933234
v 0.32375401 0.35289899 0.27530900
v -0.24470299 0.49739274 0.34458601
v -0.31421202 -0.79890883 0.26869696
v -0.35257098 0.35338178 -0.16714233
v 0.30050769 0.33745846 -0.31178895
v -0.31447050 0.78609848 0.37312487
v 0.31444800 0.35423100 -0.26607001
v -0.29297599 0.37542099 0.28218001
v -0.22039410 0.58630461 0.31860986
v -0.38496110 -0.79458278 0.16507505
v 0.36040294 0.35348740 0.16708389
v 0.35989314 0.23183101 0.10015200
v -0.33057201 0.35439399 -0.21769400
v 0.31990701 0.34375900 0.23527500
v 0.30821180 -0.80972159 -0.25184661
v -0.33279464 0.35306460 0.23352189
v 0.31475097 0.35319436 0.28251138
v 0.38194093 0.35492352 0.16937749
v 0.11501075 -0.79337782 0.40250495
v 0.29832199 0.35402101 0.28219700
v -0.33298478 0.20367335 0.05973120
v -0.24182414 0.65090668 0.28506002
v -0.29832101 0.34432599 0.24757500
v -0.38259181 0.35035577 0.10480128
v -0.29878718 0.80048436 0.30927268
v -0.30797216 0.44076172 0.31025013
v 0.29832199 0.35426301 -0.28219599
v 0.33806035 -0.79618555 0.24351697
v 0.17074452 0.34415454 0.35715297
v -0.24340910 0.34655800 0.35558638
v -0.24787734 0.77248818 0.33062059
v -0.18547833 0.35338068 -0.37923095
v 0.31810233 -0.79773247 -0.26691589
v -0.23216489 0.28721538 -0.30606776
v 0.22238401 0.34432599 0.36773500
v -0.17708477 0.32308936 0.32589284
v -0.28279200 0.35353699 -0.26672700
v 0.28859112 0.21031892 -0.20015410
v 0.43223396 -0.64735460 0.06571106
v 0.02418980 0.35409892 -0.41645819
v -0.37355855 0.32550603 -0.06338831
v 0.38821423 -0.80947787 -0.10050530
v -0.28248966 0.20647454 -0.20120835
v -0.24901941 0.76394767 0.30766121
v -0.26909292 0.20579176 -0.21689022
v -0.04031922 0.35392129 0.41619760
v -0.38398436 0.35340571 -0.04031802
v -0.11456734 -0.79226911 0.40350312
v -0.33207110 -0.79308224 0.25738552
v -0.27208883 0.23144767 0.34251055
v 0.39517200 0.35317901 -0.15185601
v -0.42890579 0.34153676 -0.04038650
v 0.05298353 -0.63938963 0.43414110
v -0.40082341 0.35454684 0.10485972
v -0.29636756 -0.80879283 0.26767406
v -0.27300262 0.34813979 -0.26844466
v -0.11751387 0.30402020 0.36398482
v -0.08885053 -0.80845344 -0.39330423
v -0.38009799 0.34432599 -0.08868980
v 0.37895000 0.35412800 -0.16931701
v -0.40562016 0.27941921 0.16325988
v -0.38004699 0.34432599 -0.05643880
v -0.37348911 0.32550430 -0.03226079
v -0.31467190 0.34395087 0.24238434
v 0.18532783 0.35111386 -0.34912854
v 0.37083825 0.32599118 -0.22618920
v -0.30754200 0.35289001 -0.29134199
v -0.04827232 0.32369024 -0.43431705
v -0.32438543 0.56991738 0.31688622
v -0.37894899 0.35424000 -0.16931701
v -0.08856121 0.35356197 -0.41703001
v -0.20724486 0.52644587 0.30197021
v 0.43390170 0.32248428 0.03216073
v 0.28040567 0.35225844 -0.26463389
v -0.12119410 0.35200754 -0.40774649
v -0.38184783 0.34859061 -0.10478035
v -0.25908938 0.79647988 0.30818474
v 0.40668300 0.35337999 0.10481600
v -0.40056217 0.33966452 0.16856302
v -0.34787914 -0.78962690 0.23897777
v 0.37842599 0.35345101 -0.18475799
v -0.26623082 -0.79893994 0.31730276
v -0.14995925 0.32256627 -0.40976146
v -0.43015432 0.34169173 0.02417912
v -0.22556932 0.32493925 -0.37122333
v -0.00811244 0.21914928 0.35440588
v -0.34669799 0.35439900 -0.21769400
v 0.26457500 0.35357901 -0.29682899
v 0.19005337 0.34505633 0.38603702
v -0.16852318 0.25314614 0.23570433
v -0.22372642 0.33038273 -0.32200965
v -0.33057201 0.35445899 -0.23381899
v -0.37330589 0.32535967 0.08090204
v 0.22123700 0.33194050 -0.32325155
v -0.04598248 0.21013743 0.32426348
v 0.39067292 0.35509109 -0.12094200
v -0.32708493 0.65067095 0.31082445
v -0.34717873 0.20958629 -0.07256380
v 0.22055365 -0.77540958 -0.36711383
v 0.08128875 -0.77737361 -0.41915539
v -0.34951472 0.21851628 -0.13077614
v -0.18153018 0.29676312 0.24309941
v 0.24988349 0.33992299 -0.35364240
v -0.30745935 0.20397657 -0.15160912
v -0.40055534 0.35481846 -0.10488409
v 0.08911315 0.35258037 -0.41715178
v 0.29645357 0.21214235 0.20287016
v -0.18629199 0.35463700 0.33206499
v -0.21811345 0.58654797 0.29108393
v -0.40154079 -0.80842286 -0.04837915
v 0.21228395 0.21312003 0.28224584
v -0.32362351 0.57998306 0.33375353
v 0.34382787 0.33631724 0.26637825
v -0.42816845 0.32288265 -0.08050098
v 0.18630505 0.34810600 0.34838271
v -0.20113800 0.42624000 0.26552001
v -0.30697212 0.50552720 0.29324844
v -0.34695116 0.20962805 0.10486043
v 0.41481775 -0.79408491 -0.04855197
v -0.00802544 0.21437000 -0.36828801
v -0.39059535 0.35477626 -0.08869389
v -0.33990014 0.71535587 0.32335752
v 0.26659641 0.31310162 -0.34624761
v 0.15473455 0.35240993 0.40148744
v 0.08714170 0.35319701 0.41147900
v 0.33057299 0.35413101 -0.24994500
v -0.36244866 -0.80984962 0.15456626
v 0.31444800 0.35435900 -0.24994500
v 0.42744499 0.34432599 -0.02418780
v 0.08831363 0.35321262 -0.37444770
v -0.31444699 0.35677201 0.26607099
v -0.31868967 0.20640862 0.15264273
v 0.39507499 0.35400301 -0.07256430
v -0.21303463 0.37581041 0.32585970
v 0.12096139 0.35450000 -0.40064096
v 0.08869070 0.35432100 -0.39507401
v -0.40806502 0.34880167 -0.12115692
v 0.38674000 0.35261700 -0.06079130
v -0.00807372 0.35102871 -0.39981446
v -0.30298001 0.35760930 0.29777685
v -0.17503834 0.31490204 0.29253215
v -0.30716524 0.48236778 0.29496154
v -0.23205087 0.63482475 0.28874826
v 0.35600984 0.32504755 -0.16086599
v 0.38827446 -0.79178804 0.16404761
v 0.04031729 0.35398889 -0.41622093
v -0.02573605 0.21743363 -0.37138167
v -0.06151218 -0.79569781 0.41111186
v -0.21862882 -0.79861826 0.35058555
v 0.14442979 0.32342708 0.41087076
v 0.31305453 0.35327411 -0.23252057
v -0.34459826 -0.80803198 -0.20860137
v 0.17620574 0.32425949 0.39859512
v 0.07957049 -0.79200214 0.41143191
v -0.38545927 0.35190120 -0.18569835
v 0.12092052 0.35450804 -0.37381977
v -0.22437087 0.55433881 0.27402550
v 0.24953441 0.20638408 -0.24323046
v 0.04179802 0.34944209 -0.38448516
v -0.10482669 0.34680551 0.37313634
v 0.00804098 0.35342100 0.42162195
v -0.42264012 0.35264292 -0.00808601
v 0.38146317 0.34334937 0.20007382
v -0.33431399 0.68291974 0.32107246
v -0.17558965 -0.43776298 0.40060931
v -0.17787315 0.28172866 0.23843066
v 0.38522801 0.35321099 -0.13706601
v -0.27208883 -0.15556434 0.34251055
v 0.35128030 0.21775304 -0.08914304
v -0.34819338 -0.76185328 0.26062796
v 0.41120100 0.35360399 -0.07256430
v 0.33050951 0.35315594 0.26574919
v -0.18394408 0.32845017 0.25476432
v 0.15417500 0.35338399 0.37967801
v 0.40178901 0.35320699 0.05643970
v -0.36087781 0.22500797 0.01612135
v -0.26483899 0.35324901 -0.32948300
v -0.28559744 0.34326401 -0.24716026
v -0.42233422 0.35276616 -0.02423893
v 0.37003917 0.21760318 0.02239828
v -0.08583645 0.23697159 -0.35705057
v -0.33480963 0.34891912 -0.18748045
v 0.34907383 0.35378182 0.23428947
v -0.16849682 0.20961697 0.21177582
v -0.29156080 0.44338101 0.33417949
v 0.20997722 -0.80552077 -0.34688562
v 0.36282399 0.35406899 -0.18544300
v -0.33322430 0.76351184 0.37102383
v 0.34947714 -0.80283320 -0.21152978
v -0.24477418 0.63459253 0.34314734
v 0.10490623 0.34400791 -0.41696483
v 0.21395449 0.25243437 0.31796083
v 0.28432044 0.27328616 0.26430544
v -0.17894495 -0.80982649 0.35617644
v -0.12051754 0.35485050 -0.37063241
v 0.01616943 0.34434962 -0.42698982
v -0.37983099 0.34432599 0.08869070
v 0.11237624 0.32348344 0.41936651
v -0.20925571 0.52431703 0.28266314
v -0.35523009 0.35257509 -0.23553210
v 0.10489980 0.34431815 0.36996764
v -0.33101344 0.79263294 0.32593116
v -0.37798268 -0.80722255 0.14408869
v 0.04031420 0.34432599 -0.42630401
v -0.42132697 -0.77473372 -0.08044071
v 0.08869445 0.35470888 0.39029184
v 0.29959032 0.34459153 0.25998756
v -0.06691723 -0.42158756 0.43214494
v -0.10314400 0.35317793 -0.37679535
v 0.39094457 0.34415987 0.07323340
v -0.23010600 0.66683602 0.31444800
v 0.31027108 0.34801227 0.29410633
v 0.16934983 0.20407073 -0.30201313
v -0.06680987 0.32263541 -0.37509084
v -0.41656187 0.35410336 0.00806113
v -0.29907852 0.35283640 -0.29911068
v -0.30792275 -0.80978012 0.25110915
v -0.34135357 0.71435720 0.35113484
v 0.39102462 -0.80339974 0.11463839
v -0.31047192 0.56010622 0.29696187
v -0.30982330 0.32826397 -0.30401647
v 0.37845838 0.23894119 0.04655120
v -0.33263084 0.21709749 0.15131427
v 0.40515295 0.35148311 -0.13998258
v -0.37708601 0.35388455 0.15158112
v -0.10481765 0.35455739 0.39012921
v 0.37824357 0.35322544 -0.15274017
v -0.37380728 0.32623935 -0.10480391
v -0.31659764 0.53768837 0.30706313
v -0.21738634 0.53141296 0.32003242
v -0.29487669 0.59414899 0.28543383
v 0.42452729 -0.78188002 -0.02057228
v 0.35700920 -0.81023192 -0.16789833
v 0.18475799 0.35343701 0.37842599
v -0.02421680 0.21360326 0.34389144
v 0.16246545 0.17503951 0.40600938
v 0.35372356 0.20417078 0.05927404
v -0.23809643 0.45420295 0.25899887
v 0.20173977 0.21717550 0.30310151
v 0.36197099 0.35342899 -0.21671200
v 0.35109037 0.18298431 -0.26093131
v -0.25530499 0.61860412 0.27712566
v -0.37989131 -0.80965865 0.11503345
v -0.26831648 0.54604757 0.35431421
v -0.23981765 0.44895703 0.34264076
v 0.36795893 0.21489114 0.05648430
v 0.36466461 0.35271105 0.21893801
v -0.21769400 0.35375300 -0.34669799
v -0.17131554 0.23487276 0.22572742
v -0.14075993 -0.79109681 -0.39688426
v -0.38961443 0.35454956 -0.00806289
v -0.24581975 0.61391777 0.34447536
v 0.31714806 0.23466951 -0.18282436
v -0.11456407 -0.79365176 -0.40243796
v 0.36385500 0.35327601 -0.17059501
v 0.07256520 0.35324201 -0.38463101
v 0.37840900 0.34432599 -0.12094100
v 0.25956833 0.21043764 0.24635883
v -0.32635298 0.35020038 0.27823001
v 0.33610636 0.35141122 -0.26505244
v 0.02418945 -0.81005734 -0.39532676
v -0.34359780 0.20586203 -0.10494071
v 0.40090606 -0.75588036 -0.17112152
v -0.36085957 -0.80285501 0.19093238
v -0.34715062 0.20958059 -0.05643830
v 0.31302801 -0.80981833 0.24464503
v 0.29153126 -0.80993581 -0.26605809
v -0.30962363 0.47176737 0.31903854
v 0.26621529 -0.79897517 -0.31728107
v -0.40592799 0.34873992 0.13632022
v -0.25737986 0.26396072 0.24721877
v -0.28033340 0.20370303 -0.16557576
v -0.18985440 0.32230178 -0.33623409
v -0.31440178 0.79412895 0.31123775
v 0.18405525 0.35385507 0.36137760
v 0.06424483 0.23509446 0.36042818
v 0.07313462 0.20591396 -0.33608577
v 0.18546523 -0.80196226 -0.36574894
v -0.03218237 -0.81004608 -0.39499119
v -0.19661009 0.31150988 0.24070595
v -0.27179712 0.65892994 0.28240031
v -0.42731723 0.32467777 0.08050570
v -0.34191903 0.69894642 0.33470750
v -0.31307691 0.35254535 -0.21667469
v 0.39477709 0.35135084 -0.00794392
v 0.23989201 0.35301799 -0.31960800
v 0.37234908 0.35326257 -0.20481923
v -0.30696684 -0.80749321 -0.26344928
v 0.03232480 0.35440555 0.38873816
v 0.26601085 -0.80892467 -0.29825315
v -0.29907730 0.79153454 0.36576566
v -0.36096048 0.22494136 -0.05643645
v -0.18387103 -0.80927807 -0.35471740
v -0.11528306 0.25541091 0.36202064
v 0.01054219 0.34183806 -0.39219582
v -0.24191211 -0.81009781 0.31328660
v 0.03795142 0.35350147 -0.39244008
v -0.05258871 0.34769073 -0.38551280
v -0.31737551 0.35273114 -0.28177476
v 0.01525082 0.21718264 -0.36764964
v 0.39507499 0.35424799 -0.08868980
v -0.26607051 0.69084865 0.28606039
v 0.37895000 0.35433400 0.15319300
v -0.37081972 0.32502806 -0.22564855
v 0.38546199 -0.79391766 -0.16512051
v 0.30046341 0.20799698 0.18373017
v 0.12274197 0.34034622 -0.35861510
v -0.05775863 0.35358101 -0.39189458
v -0.23303124 0.57023799 0.27425560
v -0.29623637 0.22637960 0.22331648
v -0.04034744 -0.80606699 0.40283480
v -0.04038714 0.21994692 0.35436136
v -0.25976160 0.77998745 0.35175878
v -0.13706601 0.35321099 0.38488001
v 0.35525459 0.21274675 0.08742138
v -0.21458000 0.57008302 0.29832199
v -0.26307338 0.79572982 0.34591570
v 0.14347479 -0.79147446 -0.39567062
v 0.26022017 -0.44582349 0.35171089
v -0.25513101 -0.79016262 0.33696160
v 0.12338022 0.22701818 0.35970998
v 0.40734375 -0.79152220 0.10009452
v 0.39854863 -0.80981624 -0.03035668
v 0.21946010 0.35102552 -0.33329168
v -0.14383073 -0.79091954 0.39572662
v 0.29643613 0.35241321 -0.24826142
v -0.14657101 0.21481742 0.29836845
v 0.16234812 0.32801977 0.35866544
v 0.41597500 0.35446221 0.00806838
v -0.27556118 0.48932776 0.34899238
v 0.02421365 0.34534055 0.37089574
v 0.00013104 -0.79709285 -0.41194853
v -0.31570700 0.53783202 0.33057299
v 0.19824369 -0.79108590 0.37044325
v -0.27368397 0.32556525 -0.25695443
v -0.20201810 0.47365177 0.27509090
v -0.29626399 0.37657699 0.29832199
v -0.43465424 0.32289270 0.04540700
v 0.41120100 0.35348800 0.05643970
v -0.32272768 0.32799947 0.22049524
v -0.32145923 0.20438392 -0.13914420
v 0.09797989 -0.79367852 -0.40659028
v -0.35007963 -0.78855276 -0.23742126
v -0.28636590 0.75575793 0.36855692
v -0.29128307 0.62485600 0.28487185
v -0.36787710 0.34006417 -0.13547646
v -0.43366104 -0.75555944 -0.00462342
v 0.31711504 0.34267229 -0.21524411
v -0.38381901 0.35333201 0.13706701
v 0.42706478 0.34435201 0.01583049
v -0.38801482 0.32566968 0.19522448
v -0.02317795 0.22773385 0.35912582
v -0.15319200 0.35435101 -0.37894899
v -0.38917461 0.35342169 0.17273124
v -0.36096507 0.22513901 -0.08026013
v -0.26059321 -0.71848315 -0.35120660
v -0.26321688 0.72376132 0.35617995
v 0.35511243 0.34275967 0.15130687
v 0.34483710 0.35134071 0.25217685
v -0.10555433 0.35253489 -0.41209501
v -0.43410587 0.32209620 -0.01337969
v -0.20410331 0.28969920 0.23468028
v -0.19974644 0.39286590 0.25683996
v -0.23478150 0.35392916 -0.34944618
v 0.41820174 0.32581320 0.11626170
v 0.26022619 0.17501269 0.35170713
v 0.39964244 0.35265571 0.15260094
v -0.36282301 0.35415101 0.20156901
v 0.40346843 0.34652424 -0.15506968
v 0.33012852 0.35296968 0.23430803
v -0.18537293 0.21259658 -0.31318632
v 0.28635585 0.22639537 0.24627756
v -0.27526391 -0.80976808 0.28327760
v -0.25410393 0.35250247 -0.29350814
v -0.31805372 0.59499681 0.34555167
v -0.27533469 0.60641938 0.35936612
v -0.18719876 0.34413612 0.30999026
v 0.20130429 0.35296413 0.34169233
v -0.23539552 0.65882522 0.33058941
v -0.30454442 0.32958236 0.24263181
v -0.19681768 -0.79254270 0.37026128
v -0.18931518 0.40474448 0.28916922
v -0.11216637 0.22683658 0.35656238
v -0.00205398 -0.77964425 0.42476758
v -0.33949706 0.68262780 0.34392545
v -0.37579551 -0.78749728 0.19207460
v 0.38960305 0.32408062 0.19436772
v 0.23327997 -0.79022813 -0.35085240
v 0.23594199 0.35369998 0.34891602
v 0.34789962 -0.73915356 -0.26479816
v 0.10552189 0.35246074 0.41023928
v 0.32065201 0.35301399 -0.22321001
v 0.20141301 0.23234876 0.32083455
v -0.20015502 0.33489996 -0.38455194
v -0.04485929 0.23512265 -0.37021279
v -0.31208858 -0.81019825 0.23002484
v -0.26606798 0.46515161 0.34675461
v 0.36683100 0.35335001 0.15319300
v -0.31173354 0.48930863 0.31961423
v -0.37674034 -0.80515516 -0.15966690
v -0.15793453 0.23359287 0.28977093
v -0.37994599 0.34432599 0.00806325
v -0.40601030 -0.71209037 0.16224426
v -0.36282301 0.35419300 -0.16931701
v 0.28481895 -0.79432595 0.30512035
v -0.27357131 0.33923349 0.33915639
v -0.25800845 0.37709391 0.33907437
v 0.33558345 0.34719738 0.20379265
v -0.40238893 0.35428426 0.05644091
v -0.36834517 0.35443160 -0.20344026
v -0.23552677 0.59485877 0.33595446
v 0.26093143 0.22736797 -0.25198826
v 0.16931801 0.35406700 -0.36282301
v 0.30151102 0.35295698 -0.29669946
v 0.16130820 0.30528966 0.35757929
v -0.20841241 0.32956690 0.24370195
v -0.31443900 0.35582900 0.28174999
v -0.33289683 0.20729046 0.13743941
v 0.12840247 0.21192189 0.34527737
v -0.28162858 0.21019134 0.22619702
v 0.32335082 0.32552698 -0.20025748
v -0.15067315 0.22523737 0.25000578
v -0.34365693 -0.72863859 -0.27028179
v 0.36807725 0.21512091 0.04027725
v -0.37085226 0.32486266 0.12908217
v -0.28862011 0.25794309 0.24119297
v -0.37894899 0.35431099 -0.15319200
v -0.14715393 0.20813529 0.21907592
v 0.29856172 0.35310289 0.29858652
v -0.28220716 0.51475585 0.35033402
v 0.08043835 0.32172778 0.42744622
v -0.41171196 -0.79123622 0.08052970
v -0.26476571 0.21698233 0.23956451
v -0.21618700 0.35308099 -0.36179700
v 0.16021696 0.35426930 -0.37894902
v 0.28119835 -0.80698246 -0.28924277
v 0.29713970 -0.80730647 0.27363712
v -0.40163183 -0.80916804 -0.01621506
v -0.41617197 0.34456551 -0.10543858
v 0.08865725 0.21563627 0.35061237
v -0.39849895 0.34186238 -0.16919753
v -0.07448245 0.35102513 -0.42139789
v -0.28878191 0.27750799 0.24474534
v 0.27957648 -0.15558000 -0.33503380
v -0.27189139 -0.76858729 -0.33654460
v 0.36989993 0.32256755 0.22732358
v -0.28219599 0.80114102 0.34669900
v 0.34166908 0.20385578 0.07154802
v -0.07128941 0.30007258 0.43076992
v -0.21680339 0.43530434 0.25796264
v 0.07256740 0.35451564 0.38906333
v -0.26555875 0.72539979 0.29049549
v -0.33445913 0.30025280 -0.28042114
v -0.29254314 0.77988571 0.37098449
v 0.23151313 0.32308391 0.30539143
v -0.21847700 0.36318201 0.34559399
v -0.32150161 0.34817117 -0.20414506
v -0.26084802 0.32393175 -0.35095930
v -0.30510154 0.79744178 0.34672847
v 0.39880294 -0.80983216 -0.00216049
v -0.14191864 0.30609643 0.36000967
v -0.29150015 0.69903237 0.36736175
v 0.31163871 -0.78911108 -0.28309542
v -0.08524300 0.32090518 0.36491284
v 0.23874928 0.22395033 -0.27945888
v -0.34556180 0.35352814 -0.18438244
v 0.27433741 0.20762306 -0.21575917
v 0.28219700 0.35425001 -0.28219599
v -0.34712568 0.20961680 0.00806374
v -0.33406499 0.65071100 0.33057299
v 0.05196927 -0.81026000 -0.22503804
v 0.35450706 0.27187136 -0.14754306
v -0.25303248 0.36185002 0.34266055
v -0.27139276 0.43645346 0.34310639
v -0.30871654 0.22784069 0.20205700
v 0.42009497 0.34814030 -0.08952173
v -0.15306415 0.33694017 0.36178914
v -0.24043436 0.41673297 0.34214658
v 0.07430575 0.35393527 0.41917726
v 0.37213236 -0.75793153 0.22233519
v 0.38385719 0.35328951 0.18557683
v -0.16740580 0.28559786 0.27180851
v 0.38860950 -0.80347300 -0.12897828
v -0.22569884 0.32429114 0.37078556
v 0.32539916 0.20410690 -0.11179730
v -0.20963503 0.50569332 0.27323282
v 0.33141124 0.21222563 0.13225980
v -0.08868980 0.21731900 0.34625101
v -0.27897492 0.41253009 0.27278498
v 0.39344516 -0.81001407 0.06477260
v -0.28643203 0.46606246 0.34204280
v -0.21857287 0.56197834 0.31893289
v 0.24411216 0.32475603 -0.29552284
v -0.21135145 0.54957950 0.29835305
v -0.29020771 0.32713729 -0.32318464
v 0.39180148 0.35340199 -0.05393575
v -0.41569269 -0.79363561 0.01595505
v -0.32263756 0.58607501 0.30903533
v 0.26372313 0.34279642 0.28657389
v -0.08564593 0.33775774 0.42436200
v -0.15418366 0.35291240 -0.40174976
v -0.16166152 0.25549397 0.25467443
v 0.08871508 0.34502521 0.37135878
v -0.03992660 0.21529201 -0.36271399
v 0.13699083 0.35123989 0.38113275
v -0.25936443 0.80261618 0.33357200
v -0.30232900 0.20551771 -0.16943765
v -0.29879254 0.48933980 0.33839938
v -0.04027895 0.34492940 0.36883628
v -0.31574553 0.67597508 0.30025494
v -0.21098544 0.27206761 -0.32175547
v -0.25220647 0.71413034 0.29359066
v 0.07245306 0.34151903 -0.37327993
v 0.02362855 0.34575078 -0.38734171
v 0.04975569 -0.77102488 0.42899922
v -0.23419471 0.25465226 -0.29857513
v 0.19457115 -0.75900340 -0.38860232
v -0.00806225 0.34432599 -0.42720500
v -0.32770568 0.66680163 0.31101686
v -0.32747850 -0.80908710 -0.22949423
v 0.41136900 0.34432599 0.12094200
v -0.02402197 0.35137933 -0.39916050
v 0.41400599 -0.79354948 0.04035270
v 0.27453634 0.30576050 0.27288780
v 0.35977796 0.34377855 0.23718035
v 0.31246355 0.35368100 0.26405078
v 0.10283016 0.35387081 -0.37039930
v 0.42532423 0.31839281 0.09162160
v -0.14394237 -0.80673391 0.37779140
v 0.06449687 0.20773226 0.32722768
v 0.28086171 0.35327637 -0.31708002
v -0.28219599 0.79559302 0.30204400
v 0.15396780 0.21562517 -0.32424796
v -0.35583910 0.28992158 0.14506979
v -0.37894899 0.35419801 0.16931801
v 0.20118718 0.34691483 -0.33910280
v -0.22505583 0.52183509 0.26909032
v 0.28114101 0.35334501 0.31343800
v -0.27737954 0.34431201 0.24841562
v 0.34053952 0.31837314 0.16940145
v 0.43222231 0.21529569 0.06603888
v 0.39280322 0.35337827 -0.04027421
v -0.37700099 0.34292701 -0.12231900
v -0.28214079 0.35032749 -0.32022220
v -0.29224366 0.67364550 0.36595818
v -0.36996499 0.35294199 -0.14382701
v -0.19420360 0.20488884 0.20294622
v 0.40758973 -0.71994555 -0.15796869
v 0.22623464 0.28185719 -0.30823943
v -0.33558941 0.35447639 -0.24999835
v -0.26028743 0.77999604 0.30122989
v 0.31740573 0.34022352 -0.29354006
v 0.38575438 0.29873338 0.05813335
v -0.29212219 0.20758598 0.20240256
v -0.24975982 0.69927144 0.29058817
v 0.24864291 0.35375574 0.31132188
v 0.41891050 0.35404918 0.07338064
v -0.17900869 0.31358531 0.25322032
v 0.10432586 0.20885345 0.34278816
v -0.31884235 0.34119713 0.29245299
v 0.28387833 0.21150644 0.22776537
v 0.24388117 0.20370415 -0.20934007
v -0.08215556 -0.80765754 0.39789033
v -0.20452259 0.48972604 0.27672935
v 0.36779082 0.21881448 0.07407760
v -0.05618452 0.22073030 0.35411078
v 0.10482082 0.35476515 0.39038768
v -0.16811985 0.31710717 0.40353554
v -0.21769400 0.48945600 0.26738700
v -0.00017694 0.32188123 0.36558598
v -0.05689341 0.21041808 -0.35379288
v -0.32896635 0.35392296 0.24788967
v 0.21047476 0.25794962 -0.31715602
v -0.34669799 0.35444000 -0.20156799
v 0.26983386 0.24440564 0.27606165
v -0.20438699 0.45720500 0.26915500
v 0.24925153 -0.81026238 -0.30650857
v -0.25604102 0.59643883 0.27448487
v -0.37169340 0.32430676 -0.12020828
v 0.36194167 0.21214789 0.00826060
v -0.30697960 0.76030183 0.37305152
v -0.32434210 0.73101538 0.36823922
v -0.08084829 0.32390180 -0.42727795
v 0.43363291 -0.75720423 -0.00343775
v -0.27836969 0.32223582 0.24750209
v -0.23617539 0.34805188 -0.31577861
v -0.08030198 -0.79186749 -0.41141257
v -0.19333784 0.44020516 0.28237951
v -0.13756803 0.35565409 -0.40269214
v 0.04840555 -0.79729974 0.41156450
v -0.22294469 0.49574691 0.32787877
v -0.41648602 0.35302958 -0.08921649
v -0.25257078 0.20434070 -0.22813411
v 0.27525568 0.32560360 0.33782360
v -0.03966060 0.35219607 -0.39567688
v -0.14896165 0.21835266 0.31514543
v -0.04568688 0.20370647 -0.32870254
v 0.14387815 -0.79125112 0.39559811
v 0.37436524 0.32044423 0.09363713
v 0.35936594 -0.78725350 0.22187175
v -0.28068709 0.80335259 0.33042756
v -0.22590192 0.23708998 0.22610819
v -0.32756090 0.60223091 0.32394361
v -0.16931701 0.35423300 -0.37894899
v -0.25097322 0.70710468 0.34546006
v -0.32816401 0.64970702 0.34814399
v -0.24525622 0.65825415 0.34285495
v 0.30062664 0.22564629 0.21629976
v 0.15605053 -0.75835210 -0.40639520
v -0.04866386 -0.79473042 -0.41430596
v -0.30982172 0.64318830 0.29573771
v 0.37943101 0.35342899 0.12176900
v -0.30528867 0.42615214 0.30641705
v -0.29089469 0.23933731 -0.21905285
v 0.29133761 -0.76015800 -0.32195979
v -0.28219002 0.64265239 0.36217993
v 0.40071645 -0.51031673 0.17512578
v 0.37041178 0.23419885 -0.00197980
v -0.22167738 0.60244572 0.31796625
v -0.16221882 -0.48613691 -0.40609670
v -0.31374627 0.50544798 0.32000151
v -0.22016627 0.20678040 0.20544048
v 0.37182829 0.33822739 -0.13697878
v 0.35318726 0.21523790 -0.05651398
v 0.35536107 0.24349397 -0.12609603
v -0.31993631 0.55384231 0.32905048
v 0.15928419 0.21626705 0.33567512
v -0.11836629 -0.81026149 0.37461030
v 0.38413751 0.33756438 -0.20022780
v 0.05644777 0.34597638 0.37385875
v 0.29241213 0.23164478 -0.21248332
v 0.05663079 0.35319272 -0.42085975
v 0.00807137 0.34628299 0.37363851
v -0.21816184 0.53852636 0.27672175
v 0.26025307 0.27820504 0.35157949
v 0.38240409 0.27157381 0.04796461
v -0.36813971 0.28269687 0.11028659
v -0.20095660 0.35102296 -0.34085041
v 0.17587523 -0.45388535 -0.40036887
v -0.34074649 0.32825917 0.27177903
v 0.37192988 -0.79174048 0.19467370
v -0.39260882 -0.81002265 0.07259045
v -0.19341120 0.34456581 0.25135514
v 0.14525983 0.23348223 0.35891607
v 0.26758370 0.21399446 -0.23139551
v -0.16741528 0.34259105 0.39794758
v 0.27914792 0.33972108 -0.33285454
v -0.33373204 0.77982843 0.37123591
v -0.32686827 0.75250137 0.30835772
v 0.35975870 0.34484485 -0.23754714
v -0.15488601 0.23144799 0.26607099
v -0.21756776 0.34433666 -0.37037200
v -0.18103543 0.20382236 -0.29292879
v -0.31869778 0.64971858 0.35776189
v -0.25053096 0.32286707 -0.28737134
v 0.31968912 0.32260361 0.29461005
v 0.38525006 -0.77308118 -0.19039232
v 0.36811921 0.34879038 -0.15671763
v -0.29396400 -0.75599533 -0.31923962
v 0.04892746 0.20428877 -0.33798990
v 0.23487470 -0.80922741 -0.32348824
v -0.37338117 0.32559288 0.04838488
v 0.34336758 0.29476508 0.27060720
v 0.06879101 -0.65997726 -0.43166462
v 0.13987026 0.35205147 0.40512550
v 0.31482506 0.20516726 0.14695469
v -0.25195500 0.74746400 0.30121499
v -0.40141520 0.29514337 -0.17335039
v -0.34418604 0.76362348 0.32594296
v -0.40197337 -0.80401385 -0.07949273
v -0.27435705 -0.76249224 0.33813655
v 0.17562972 0.25562838 -0.40060979
v -0.32721299 0.63458502 0.34517300
v -0.01588187 0.20381153 -0.35246897
v -0.35941446 0.22427283 0.11292303
v 0.20041774 -0.79272377 -0.36784595
v 0.22134258 0.20624219 -0.27775803
v 0.01656064 -0.79599059 0.41364855
v 0.03511732 0.23892428 -0.36748135
v 0.41152099 0.35323799 -0.08720580
v 0.36298648 0.23639685 -0.04958887
v -0.27476597 0.52201718 0.27312970
v -0.35657793 0.29683822 -0.14152190
v -0.29336914 0.39272255 0.31853566
v 0.00848400 -0.74449295 -0.43402526
v 0.38638178 -0.80372691 0.13738769
v -0.18542477 0.35479245 -0.35921365
v -0.22349244 0.27166364 0.23308957
v -0.28554517 0.37463456 0.27367452
v 0.43424240 -0.59902889 -0.05173710
v -0.25954592 0.75767606 0.35324115
v -0.18906868 0.25917602 0.22860536
v -0.23194180 -0.80513078 0.33429250
v 0.33487311 0.23789114 -0.16317008
v 0.05319634 -0.20394081 0.43407133
v 0.40141404 0.29465970 0.17330959
v 0.31523481 -0.75570005 0.29867497
v -0.19127722 0.37077451 0.30108765
v 0.39396501 0.34432599 0.02418870
v 0.43500933 0.32209817 -0.03202960
v -0.05643085 0.34666839 0.37338334
v -0.42183995 -0.78339440 -0.01720926
v 0.27205768 -0.54257590 -0.34243163
v -0.41155833 0.32299960 -0.13906622
v 0.22762725 0.23260498 -0.29678223
v 0.22187573 -0.79581469 0.35283533
v 0.02418870 0.35325399 -0.39876199
v -0.39000151 0.35472241 0.07256894
v 0.21821846 0.34437472 -0.36997575
v -0.14330620 0.23312798 -0.33775595
v 0.23265691 0.35124630 0.31389380
v 0.29694924 0.20375285 0.16259655
v -0.08866433 0.35465220 -0.39049548
v -0.24206808 0.43165508 0.25706324
v 0.39279425 -0.81016219 -0.06517602
v -0.23815626 0.21883662 -0.28317958
v -0.29835400 -0.75443649 0.31566775
v -0.20253700 0.44107899 0.26759201
v -0.31444699 0.35428700 -0.26607001
v -0.25237527 0.73951852 0.34501478
v -0.13694677 0.33484107 0.36719385
v -0.22643670 0.20370883 0.18367092
v 0.36136216 0.21976526 -0.03052666
v 0.12094200 0.34432599 -0.41136399
v 0.27433726 0.32897872 0.27413270
v -0.39393765 -0.81014484 0.04918178
v -0.26017290 -0.32488203 -0.35168529
v -0.12945305 -0.80968076 -0.37776479
v -0.37281516 0.32285675 0.10621680
v -0.12904635 0.20430352 -0.31862128
v 0.08061783 -0.80979663 0.39246723
v -0.30023301 0.36393499 0.28219700
v 0.05644092 0.35443974 0.38879973
v 0.16702357 0.35360837 0.36782706
v -0.13055232 0.21425372 -0.33247837
v -0.37341365 0.32556564 0.02418833
v 0.34086221 0.34192303 0.18467924
v 0.41563264 0.35449988 0.02419900
v -0.29832351 0.64397633 0.36280078
v 0.30722240 0.33048743 -0.22106132
v 0.27835855 0.20375629 0.19403876
v -0.16459112 0.28612918 0.32837594
v 0.02417636 0.35350412 0.42165247
v 0.36980399 -0.79193425 -0.19790722
v 0.29620129 0.35347736 0.27045929
v -0.37549829 -0.75695312 -0.21693487
v -0.21611284 0.43310401 0.32356381
v 0.41265243 -0.79298407 0.06388737
v 0.14600733 0.20393769 0.26809508
v 0.36891583 -0.81022918 -0.12817222
v 0.28802460 0.32899415 -0.32622716
v 0.43140805 0.32188615 -0.06497769
v -0.35130531 0.35037675 0.18766059
v 0.37086260 0.34435666 -0.21813840
v 0.41587469 0.35420287 -0.05645153
v 0.13865015 0.32370567 -0.41183636
v 0.35119286 -0.33294204 -0.26075253
v 0.33354580 -0.81019342 -0.20569080
v 0.38857350 0.35314971 0.08774316
v 0.24904136 0.25279924 0.29149616
v 0.17569077 -0.51032484 -0.40055099
v -0.02954138 0.32331812 -0.38729745
v -0.34708497 0.20964116 0.07256567
v 0.35565338 0.34429914 -0.16981050
v 0.31421274 -0.78522515 0.28510836
v 0.27207866 0.25546244 -0.34244832
v 0.20156901 0.35331100 -0.35026300
v 0.16196670 0.32228363 -0.34292650
v -0.29626042 0.41357735 0.32149306
v -0.30130792 0.35054803 -0.23004128
v -0.26524210 0.23952900 -0.25410533
v 0.20916134 0.32502636 0.32219231
v -0.31259367 0.20370251 -0.11781172
v 0.25916034 -0.76022536 -0.34905127
v -0.32091427 -0.77722102 0.28299740
v 0.40629402 -0.66352075 -0.16157465
v -0.26017338 0.02181625 -0.35168505
v 0.30824795 0.28699055 0.22875458
v 0.11542886 0.32481691 -0.41844553
v 0.35531750 0.22829479 -0.09891511
v -0.15221700 0.20964940 -0.32205465
v 0.16778234 0.23790815 0.35038048
v -0.32634199 -0.80086470 -0.25333568
v -0.21922861 -0.77626258 -0.36745751
v -0.37344623 0.32553729 0.00000949
v -0.43209389 -0.60702032 -0.06655420
v 0.12819377 0.21582717 -0.32969192
v 0.28994045 0.32830518 -0.24125327
v -0.21634021 0.46553022 0.32262874
v 0.13717626 -0.80795175 -0.37845263
v -0.26606482 0.51381892 0.35142460
v -0.12286152 0.32295662 0.41635883
v -0.19112140 0.23790696 -0.32366112
v 0.07254431 0.21598503 0.35077265
v 0.17339318 -0.78955197 0.38474059
v -0.06687130 0.17503880 0.43215048
v -0.34917590 0.35398465 0.23632450
v -0.19301027 0.21700983 0.21508320
v 0.42285481 0.34933054 0.05651519
v 0.37408721 0.35183159 0.20698930
v 0.26064542 -0.15557599 -0.34963465
v 0.21701142 -0.80928421 0.33511731
v -0.12157069 0.35451567 0.40554193
v -0.28447172 -0.78094375 0.31707779
v 0.03292241 0.20848386 0.32564571
v -0.23672318 0.58477831 0.27598786
v -0.32201982 0.67512953 0.36116213
v -0.27380517 0.36097586 0.33174643
v 0.13332739 0.20658168 0.32400766
v -0.40506601 0.34207001 0.15319300
v -0.06876866 0.33448076 0.36641857
v 0.17538272 -0.80880344 0.36081573
v 0.04880458 -0.81013227 0.39433616
v 0.00801471 0.21881676 0.35452709
v -0.27347827 0.24752310 0.24657919
v 0.31904033 0.21839453 0.17065218
v 0.42633200 0.34432599 -0.05643880
v 0.20998809 0.21670677 -0.30825368
v -0.29467133 0.29574057 0.24459249
v -0.24175616 0.74042016 0.31364235
v 0.16235419 0.11854376 0.40608254
v -0.40415230 -0.79138184 -0.11359285
v -0.43327788 0.29626757 -0.05483118
v -0.17558207 -0.62321049 0.40061492
v -0.27208877 -0.40550843 0.34250116
v 0.11958519 -0.79359889 -0.40094826
v -0.24604286 0.35613191 0.25054178
v -0.27591681 0.48123896 0.27209440
v -0.26040211 0.21472138 -0.35157883
v 0.35119110 -0.68762249 -0.26072112
v 0.20886642 0.29922527 -0.32525343
v -0.25084671 0.23847631 0.24249199
v 0.06743796 0.23146705 -0.43212801
v -0.27241904 0.21878545 -0.23524764
v -0.08812582 0.21578518 -0.34787476
v 0.26022124 -0.39744678 0.35171005
v 0.17300375 0.22118978 -0.32224673
v -0.20248501 0.48148763 0.30314320
v -0.35102168 -0.67964184 0.26112282
v 0.35118255 -0.49420148 -0.26077384
v -0.36120713 0.25299788 0.12555239
v -0.36977574 -0.75903255 0.22641242
v -0.39124268 0.35511455 -0.12088203
v -0.37870771 0.35329410 -0.13695942
v 0.26022446 -0.07493686 0.35170817
v -0.29282609 0.42493987 0.28335667
v -0.17553566 0.21531124 0.40067464
v 0.16298939 0.27809888 0.40567675
v 0.33452484 -0.80561751 -0.23209447
v 0.16556844 0.35303983 -0.35384494
v -0.28808853 0.20489980 -0.18715049
v 0.39532900 0.34432599 0.04031420
v 0.16420801 0.32944822 -0.40415692
v 0.19552672 0.32532614 -0.38882744
v -0.40634584 -0.24417661 0.16159238
v 0.34178260 0.18303524 0.27300715
v 0.43424311 -0.66353101 -0.05172876
v 0.38393101 0.34579501 -0.05582520
v -0.28755286 -0.80837655 -0.28107643
v -0.05230521 -0.12329653 -0.43419963
v 0.10455269 -0.80968869 0.38608900
v -0.29889116 0.46421361 0.33094367
v 0.27206260 0.19099264 -0.34244579
v 0.03204000 -0.79503626 -0.41338906
v 0.34494764 0.22287248 -0.14321011
v 0.17587194 -0.56678218 -0.40039393
v 0.29630163 0.32815936 0.25710222
v 0.27652061 0.20382020 -0.17884746
v 0.31932065 0.35289222 -0.27975860
v -0.26752174 0.39933014 0.33932653
v -0.29658005 0.20385766 0.16103731
v -0.25756639 0.56212944 0.27117041
v 0.38585699 0.35320199 -0.08868980
v 0.13369469 0.32868445 0.36809191
v -0.31681386 0.63446951 0.35617259
v -0.38421297 -0.78611207 -0.18002363
v 0.16260022 0.21159732 0.31287524
v 0.23236270 0.23755181 0.30253395
v -0.35234848 -0.71746540 0.25902453
v -0.35441011 -0.80938160 -0.18349972
v 0.14831932 -0.81021869 -0.35896263
v -0.42018744 -0.75643241 -0.10826880
v -0.05255865 0.17505243 -0.43410990
v -0.16219847 -0.67942613 -0.40608457
v 0.41515952 -0.79346693 0.01607635
v -0.20233731 0.20979699 -0.30673727
v 0.18770605 0.32820871 0.33863094
v -0.24546185 -0.76585615 -0.35728917
v 0.43452343 -0.73325306 -0.04985537
v -0.28871560 0.75607026 0.29346311
v -0.14954336 -0.81020629 0.35971260
v -0.28244916 -0.79549599 -0.30614471
v 0.26860720 -0.79158336 0.32422784
v 0.29501155 0.34749946 0.30929682
v -0.30209276 0.60737270 0.35832298
v -0.21739852 -0.77587926 0.36885604
v 0.33192068 0.22713864 0.15292265
v -0.27209985 0.05406758 0.34251198
v -0.06468436 -0.80970240 -0.39418167
v -0.40092316 -0.72265249 -0.17457764
v -0.40057227 0.17502953 -0.17551692
v -0.35102281 -0.51838857 0.26112184
v -0.32331631 0.32508469 -0.19093320
v 0.05897344 0.21797813 -0.35508105
v 0.35760671 -0.78580517 -0.22612481
v 0.14901967 0.34705305 -0.35354021
v -0.07632858 0.20392722 -0.33603859
v 0.22622029 -0.74552995 -0.37040049
v 0.00020917 0.32799533 -0.39051366
v 0.30449542 0.21763952 -0.18756206
v -0.23844713 0.53794789 0.26843363
v -0.25517651 0.63471860 0.27927855
v -0.12137068 -0.75697881 -0.41674584
v -0.23542903 -0.77845597 0.35660130
v 0.40307793 -0.77898109 -0.14446196
v 0.35711053 -0.76799983 -0.24402994
v 0.28556564 -0.75916570 0.32698071
v -0.26052347 -0.79325247 -0.32951093
v -0.33695081 0.20540939 0.12332462
v -0.34409347 0.73108965 0.35227388
v -0.29982516 -0.78754258 -0.29705906
v 0.38361880 0.34045142 -0.03269281
v 0.05642055 0.21653114 0.35114628
v -0.39294201 0.35340199 0.15319300
v -0.38938203 0.32501468 -0.19464809
v 0.34185717 -0.70322788 0.27282110
v -0.34650782 -0.76381743 -0.26184818
v 0.37087458 0.32496294 -0.11565568
v 0.10484013 0.35475934 -0.40124315
v -0.30016649 0.21940294 -0.19995105
v -0.16171017 -0.79702073 -0.38447711
v -0.26357225 0.62643248 0.35610437
v 0.01462090 0.20512247 -0.35205698
v 0.04029385 0.21706371 0.35148320
v 0.06479633 -0.80996239 -0.39414206
v 0.27210706 0.13471206 -0.34239995
v 0.24934848 0.34422308 0.35359809
v -0.18736748 0.39286399 0.27508277
v -0.11513481 0.32820588 0.36570972
v -0.32374918 0.70433897 0.30563787
v 0.34180400 -0.50226313 0.27298871
v -0.03260451 -0.75749427 -0.43410823
v 0.37915295 0.34229752 -0.08864314
v 0.26022223 -0.30069378 0.35170954
v 0.43224216 -0.15560228 0.06587548
v -0.26017317 -0.45388600 -0.35168505
v -0.17303723 -0.78993022 0.38542750
v -0.29699770 0.72219884 0.29305679
v -0.31444725 0.70756918 0.36757886
v 0.17562212 -0.69476241 -0.40045360
v 0.06748351 -0.24426086 -0.43195763
v -0.03203763 -0.78142011 0.42253327
v 0.41813707 -0.75848085 -0.11479296
v 0.34125558 -0.80849785 0.21158940
v 0.35116205 0.25560728 -0.26090294
v -0.17558534 -0.53451073 0.40061045
v -0.35101724 0.02987898 0.26111531
v 0.15273115 -0.80831617 0.37156790
v -0.39603302 -0.79629773 0.12761156
v -0.06684010 0.06211292 0.43218642
v -0.02560310 0.20481487 0.24434885
v -0.29290244 0.35730156 0.31521779
v -0.36197099 0.35343701 0.21671200
v 0.41648591 0.35434386 -0.04031725
v -0.26004577 -0.80827928 -0.30754703
v 0.31256798 -0.81018782 -0.23177010
v -0.35602799 0.35297701 0.23005000
v 0.34708053 0.20473872 -0.02425283
v -0.22796600 0.20370734 -0.23612948
v -0.19479381 0.40901336 0.26541889
v -0.32109612 0.55400234 0.31599423
v -0.25004071 0.40003061 0.25780556
v 0.40593529 0.24734123 -0.16246206
v 0.34179723 -0.29263124 0.27298215
v 0.31111872 0.32501841 0.23874862
v -0.08066765 0.21082337 0.32632837
v -0.05282091 0.23143916 -0.43411821
v 0.27217448 -0.20399342 -0.34230021
v -0.14539379 0.22176667 0.33096692
v -0.35506520 0.31902352 0.25509953
v -0.23747937 0.71546787 0.30880642
v 0.43227461 -0.41355306 0.06571712
v 0.02486483 -0.75082225 0.43472531
v 0.34181011 -0.06687391 0.27298126
v 0.27209353 -0.28456813 -0.34241170
v -0.38092735 -0.80921638 -0.13142781
v 0.38839146 -0.76023299 0.19452707
v -0.11201671 0.22113699 -0.34453884
v -0.32047644 -0.78871620 -0.27567261
v 0.29417896 0.25196874 0.24427326
v 0.31756067 0.21005602 -0.16375171
v -0.00929380 0.24226496 -0.38026184
v -0.20360626 -0.80948931 -0.34222060
v 0.27207091 -0.33294415 -0.34241959
v -0.07256430 0.35356101 -0.41119999
v 0.34536952 0.35318229 0.20081384
v 0.35060614 0.34774745 0.16970776
v -0.27209985 -0.20394038 0.34251198
v -0.35102269 -0.45388666 0.26112202
v 0.01639547 0.32111314 0.43466467
v -0.26017305 -0.38938400 -0.35168517
v -0.26073331 0.28678632 -0.35117516
v 0.22307126 -0.75656289 0.37218320
v -0.17558207 -0.34906355 0.40061492
v 0.34180868 -0.10718766 0.27298200
v 0.33436948 0.20370384 0.08826662
v -0.19873177 0.44139233 0.30284557
v 0.34179720 -0.42969859 0.27298531
v -0.33144599 0.34411800 0.21859799
v -0.35311365 0.21511865 0.05644044
v -0.39682513 -0.76043284 -0.17801595
v -0.35102120 -0.63932979 0.26112324
v -0.17552726 -0.14751397 0.40068477
v -0.23952258 0.48149776 0.26181954
v 0.25081804 0.32446635 0.29114372
v 0.16058719 0.27195784 0.35729149
v -0.29954267 0.46162012 0.28898630
v 0.42351446 -0.76383519 0.09019228
v -0.17560154 0.00569080 0.40058771
v -0.41124552 0.32273346 0.14357843
v -0.35101500 0.19105941 0.26113495
v -0.02418694 -0.79490602 -0.41475138
v 0.34301701 0.20409882 -0.04488075
v -0.43428102 0.28066611 0.05092469
v 0.17575894 -0.06684925 -0.40048176
v -0.34180230 -0.14750150 -0.27290735
v 0.27399257 0.23657195 -0.23688020
v 0.31761727 -0.75705224 -0.29550296
v 0.37525818 0.34228721 0.10639018
v -0.21623857 0.39784914 0.32452992
v -0.40067708 -0.47806561 -0.17534314
v -0.01598761 0.34130242 0.42982310
v -0.33206934 -0.80939287 0.21851496
v 0.31352159 0.22647206 0.19031034
v 0.17577979 -0.26040164 -0.40046710
v 0.26022047 -0.49419978 0.35171068
v -0.30704662 0.28076687 0.22749443
v -0.17558207 0.08631825 0.40061492
v -0.34524378 0.20519656 -0.01622730
v 0.40598673 -0.78839082 -0.11291098
v 0.34177384 0.23952122 0.27300841
v -0.11461934 0.32366535 -0.36013588
v 0.01623810 -0.81014484 0.39502177
v 0.26022300 -0.17168978 0.35170907
v -0.36091748 0.22498992 -0.01612796
v 0.40636018 0.07013916 -0.16145645
v 0.32879868 0.35363650 -0.21601140
v 0.40638340 -0.17169271 -0.16141412
v 0.16252171 -0.27650538 0.40596706
v 0.35826719 0.32226345 0.13023162
v -0.36367029 0.25621620 -0.11997645
v 0.40635598 -0.51028270 -0.16147241
v -0.43424362 0.06216807 0.05165238
v -0.38928968 -0.75770450 0.19205806
v -0.34178871 0.07825296 -0.27290770
v 0.29880327 0.20596130 -0.17479785
v -0.43425918 -0.15562423 0.05155653
v 0.00458235 -0.77383828 -0.42714873
v -0.10509025 0.34314975 0.41827810
v -0.27208883 -0.62320369 0.34251055
v 0.38659233 0.33073163 0.01721058
v 0.26022729 0.11856914 0.35170671
v -0.27208883 0.18307133 0.34251055
v -0.27208883 0.13469467 0.34251055
v -0.43210149 -0.49418187 -0.06652294
v 0.35119316 -0.41357690 -0.26072901
v -0.16228811 0.22340150 -0.40608603
v -0.22334675 -0.74588084 0.37216887
v 0.02998759 0.23627079 0.36047271
v 0.24994600 0.35321400 -0.34204999
v 0.17583770 0.18304722 -0.40043864
v -0.23737089 0.56038326 0.33966735
v 0.06871565 0.27917087 -0.43154731
v -0.35101795 0.11856816 0.26112691
v 0.06276111 0.20370629 -0.31126758
v -0.15705360 0.30515948 0.34588408
v 0.40438586 0.31944624 -0.16548343
v -0.19424230 -0.76062995 0.38853797
v -0.19308706 0.37805280 0.25633988
v -0.34163526 0.23982389 -0.15142563
v 0.34288299 0.20873417 0.10644223
v -0.06677563 -0.12330404 0.43219450
v 0.06755624 -0.55869609 -0.43193117
v -0.27208883 -0.46194866 0.34251055
v -0.33201101 0.71435201 0.36037999
v 0.34006184 0.34047937 -0.18562336
v -0.40634274 -0.63934559 0.16157846
v 0.21158828 0.20369513 -0.24078225
v -0.16348393 0.33616012 0.35071510
v -0.15969981 -0.81006527 -0.36264813
v 0.43426594 -0.10721103 -0.05161407
v -0.40071824 -0.28461957 -0.17525986
v -0.41660228 0.35414803 0.02418771
v -0.42745671 0.34155247 -0.05655771
v 0.27208579 0.01375557 -0.34239727
v -0.12552705 0.21499388 0.34164003
v 0.43418655 0.18312831 -0.05194629
v -0.24552460 0.34321463 -0.29975304
v 0.06746070 -0.34905699 -0.43194810
v 0.43420845 -0.52648467 -0.05178434
v -0.34915301 0.76358902 0.34669900
v 0.40425280 -0.75946969 0.16239171
v 0.40077639 0.24756989 0.17528750
v -0.35102203 -0.58288985 0.26112264
v 0.40636945 -0.24429630 -0.16144048
v -0.16220927 -0.20394067 -0.40610185
v -0.35102209 -0.31681964 0.26112270
v -0.34333366 0.74739367 0.32619843
v -0.23975721 -0.79148895 -0.34609184
v -0.26017335 -0.20394078 -0.35168505
v 0.05307118 0.06213003 0.43408376
v 0.35120994 -0.15556598 -0.26068765
v -0.35102040 -0.13943915 0.26112434
v 0.05307118 -0.55063903 0.43408376
v 0.43416661 0.25548169 -0.05220490
v 0.17578778 0.06213694 -0.40044826
v 0.06443887 0.32191619 0.36603630
v 0.43217716 0.26317239 0.06590892
v 0.36733162 -0.80994856 0.15517733
v 0.10133267 0.20374718 -0.31747368
v -0.43427733 -0.26855388 0.05151358
v -0.27209985 0.00569052 0.34251198
v -0.19755013 0.42005998 0.30442870
v -0.37320650 0.32328048 -0.08853713
v 0.30943432 0.31010497 -0.30438498
v -0.39982700 0.34903601 -0.15319200
v -0.34711918 0.20962600 0.02418919
v -0.34465417 0.35411328 0.21604948
v -0.05216236 -0.64736205 -0.43424767
v -0.40634772 -0.56677455 0.16157196
v -0.05220868 -0.21194713 -0.43421885
v 0.27210382 -0.04268178 -0.34240276
v -0.19332631 -0.76129955 -0.38804966
v -0.37097594 0.32676888 0.22578660
v 0.20054378 0.32363030 0.38511327
v -0.36070940 -0.81026101 0.13097484
v 0.40073013 -0.42165187 0.17511559
v -0.35325930 -0.79742384 0.21866660
v 0.40071610 -0.20394461 0.17511731
v 0.12803763 -0.75774705 0.41464826
v 0.07361945 0.35278288 -0.41999242
v 0.00048917 0.27179083 -0.38291749
v -0.26017335 0.09438099 -0.35168505
v 0.34181213 0.11050652 0.27297878
v -0.40072069 -0.21198341 -0.17526908
v 0.26730919 0.32538018 -0.26716280
v 0.37542251 0.26696244 0.07705382
v 0.27205008 -0.66351408 -0.34241715
v 0.29888102 -0.77735907 0.30508503
v 0.05301346 0.15887587 0.43411064
v -0.34178251 0.14278120 -0.27291590
v -0.34272528 0.26195046 -0.27168632
v -0.06696280 -0.48616725 0.43213910
v -0.21931876 0.30511981 -0.32173491
v 0.16239659 -0.00233344 0.40605450
v -0.23066059 0.63460726 0.32629582
v -0.22025244 0.38407400 0.25150219
v -0.21625285 -0.81024635 0.32152641
v 0.43425134 -0.00240296 -0.05169906
v 0.19590898 -0.80901390 0.34764293
v 0.16251886 -0.63932902 0.40596649
v 0.34180179 -0.65545481 0.27299127
v -0.05226916 0.10242400 -0.43417758
v -0.38824293 -0.80827945 -0.10226574
v 0.08021806 0.32429460 -0.42807427
v 0.22605634 0.32474339 -0.37058023
v -0.35347295 0.33176142 0.16608599
v -0.06744818 -0.67935681 0.43195480
v 0.35663199 -0.76309067 0.24612747
v -0.43420130 -0.37325728 0.05171155
v 0.33460116 0.20379212 -0.08173286
v -0.42587444 -0.77569795 -0.04831339
v 0.34181216 0.07019293 0.27297848
v 0.26022601 0.23144740 0.35170919
v 0.16239047 -0.40550956 0.40605634
v 0.21337466 -0.81022918 -0.32649338
v -0.35101947 -0.22812943 0.26111320
v -0.16315858 0.27841225 -0.40565953
v 0.15338600 0.35336000 -0.36257699
v -0.18777642 0.36077049 0.25909856
v 0.35121581 0.10243901 -0.26072961
v 0.26020387 -0.68760765 0.35172269
v -0.16659747 0.35375205 0.36421654
v -0.34180209 -0.21200353 -0.27290761
v -0.06677563 -0.20393164 0.43219450
v 0.12849224 -0.80930167 0.37870240
v 0.10198873 -0.81018233 -0.37738135
v 0.26022032 -0.57482743 0.35171083
v -0.11646778 0.21087782 0.26628730
v -0.05213959 -0.40549004 -0.43422493
v 0.16246140 -0.06688364 0.40601084
v -0.34180495 -0.65545481 -0.27290252
v -0.35114819 0.25558522 0.26094440
v -0.14728212 0.20375736 0.19464006
v 0.17582232 -0.63124764 -0.40045968
v -0.39424413 -0.81015432 0.01622181
v -0.43216795 -0.37326306 -0.06637187
v 0.16252260 -0.20394067 0.40596682
v 0.40629166 -0.59095734 -0.16157930
v -0.40064317 0.01375351 -0.17535926
v 0.05351770 0.24603169 0.43398049
v 0.13209459 0.23653500 -0.33731061
v -0.34180415 -0.59901512 -0.27290404
v 0.27208352 -0.44582346 -0.34242070
v 0.43219155 -0.06683603 0.06597176
v -0.27209985 -0.28456804 0.34251198
v -0.27623358 0.22863409 0.24551018
v -0.22652932 0.21591429 0.21613322
v -0.40627375 0.05403529 0.16173452
v -0.40066069 -0.59899652 -0.17534685
v -0.06725748 0.23926038 0.43206137
v 0.06752735 0.17506702 -0.43200007
v 0.43221924 0.15883814 0.06601208
v -0.16210592 0.12664692 -0.40617758
v 0.23372383 0.34804076 0.35944247
v -0.27208877 -0.05074737 0.34250116
v -0.23953037 0.20436488 0.20323135
v 0.08876161 -0.75894904 0.42446867
v -0.25733700 0.28620422 0.24688947
v 0.43424898 -0.22005156 -0.05160901
v 0.10068623 0.32244286 -0.36038864
v 0.20122287 0.20396417 -0.28652561
v 0.10790449 -0.75454080 -0.42051151
v -0.34180230 -0.07493675 -0.27290735
v -0.40618473 0.18305136 0.16194780
v -0.43423536 -0.04275588 0.05171639
v -0.40064871 0.10243628 -0.17536198
v 0.40071255 0.12664466 0.17514414
v -0.34180260 0.02181629 -0.27290672
v 0.05319635 -0.12331320 0.43407133
v -0.04033789 0.35105649 -0.42361188
v -0.40631279 -0.13940617 0.16165426
v -0.07202678 -0.74231201 0.43067729
v -0.26017264 -0.55870163 -0.35168532
v -0.34180292 -0.53451312 -0.27290574
v 0.16251764 -0.55870146 0.40596774
v -0.17536847 -0.69476873 0.40064344
v 0.40621471 0.15875266 -0.16175942
v 0.22898412 0.21140100 0.26142997
v -0.07186209 0.20640618 0.24790087
v -0.09837789 0.20398976 -0.32844558
v -0.16220914 -0.12331323 -0.40610188
v 0.05295583 -0.45388600 0.43413615
v 0.36102876 0.30342868 -0.14749859
v -0.34180257 -0.33294484 -0.27290684
v 0.06728970 0.05404696 -0.43205979
v -0.34346205 -0.81022054 0.18007886
v 0.34183538 -0.15556438 0.27298254
v -0.13706601 0.35369599 0.39507499
v -0.42913112 -0.75667506 0.07082868
v -0.06684010 -0.55065620 0.43218642
v 0.29134399 0.35289001 -0.30754399
v 0.06740395 -0.15557687 -0.43198562
v -0.27208883 -0.51032531 0.34251055
v -0.13581577 0.25917488 0.35616213
v -0.07275468 0.21480222 -0.35189268
v -0.31028271 -0.81026447 -0.20908161
v -0.16200893 -0.45388594 -0.40624452
v 0.26648778 0.35364899 0.29649493
v 0.27205482 -0.59901422 -0.34241351
v -0.43400374 -0.75808799 0.03234973
v 0.27368128 -0.81024593 0.25916806
v 0.40069467 -0.31682578 0.17514732
v -0.30191028 0.52885324 0.28935540
v -0.26017365 -0.05074847 -0.35168487
v 0.40045887 -0.70413423 0.17551081
v 0.40080807 -0.58289152 0.17502527
v -0.25072750 0.32111150 0.35586643
v -0.26017269 -0.66351640 -0.35168526
v 0.16245423 -0.69483763 0.40595046
v -0.41887307 0.32511568 0.11378140
v -0.05208226 -0.49420083 -0.43423936
v 0.17575455 -0.19588351 -0.40047854
v 0.43223479 -0.58285290 0.06571624
v -0.02519517 -0.74374241 0.43392539
v -0.27728331 0.44885230 0.27205241
v -0.02416237 0.34560359 0.37058449
v 0.35121042 -0.06687603 -0.26072776
v 0.36282399 0.35415700 0.20156901
v -0.16210878 -0.27647468 -0.40617615
v 0.16253924 0.23144716 0.40596262
v -0.14407122 0.20370820 -0.29634896
v -0.43214682 0.05401086 -0.06645961
v 0.26404503 -0.81023246 -0.27918190
v 0.43224242 0.02186467 0.06585285
v -0.32602632 0.20370074 0.01413597
v 0.26017764 -0.73812515 0.35179424
v 0.05297674 -0.36521292 0.43411821
v -0.17551915 0.26350689 0.40065145
v -0.32027471 0.23687728 -0.17912078
v 0.17571959 -0.38940519 -0.40051979
v -0.27208883 -0.10718769 0.34251055
v -0.27737918 0.20366393 0.17889880
v 0.37029111 -0.81022543 0.10784468
v -0.16220865 -0.04268577 -0.40610206
v -0.40519619 -0.77579898 -0.14477919
f 2000 1580 1104
f 2000 1104 1690
f 909 1526 1374
f 1876 1374 814
f 1876 909 1374
f 1406 814 1142
f 1406 1876 814
f 1374 1526 1868
f 1526 2000 1690
f 1604 1715 2000
f 1586 1604 2000
f 2000 1715 1580
f 1051 1876 1406
f 178 1586 909
f 178 909 1876
f 1051 178 1876
f 90 178 52
f 90 1490 178
f 1586 2000 1526
f 909 1586 1526
f 32 1604 1586
f 178 32 1586
f 1490 32 178
f 67 1769 1490
f 1490 1914 32
f 1490 21 1914
f 1769 21 1490
f 16 1901 1769
f 1769 1735 21
f 1769 126 1735
f 1901 126 1769
f 1825 121 1901
f 1901 58 126
f 1796 58 1901
f 121 1796 1901
f 1761 219 121
f 121 1849 1796
f 219 1849 121
f 219 113 1849
f 1930 215 219
f 219 146 113
f 215 146 219
f 215 1904 146
f 1693 992 1487
f 992 1693 1563
f 1693 1625 1563
f 1563 1625 1596
f 180 1563 1669
f 1596 1669 1563
f 1622 1596 1149
f 1596 1622 1669
f 1584 1580 321
f 1104 1580 1584
f 81 1104 1584
f 81 1690 1104
f 1584 321 856
f 321 1047 856
f 1224 1047 1487
f 1224 856 1047
f 1487 1631 1693
f 1487 1047 1631
f 1961 856 1224
f 1961 1584 856
f 81 1584 1961
f 1224 1487 992
f 45 1224 992
f 1961 1224 45
f 45 992 1563
f 45 1563 180
f 194 1374 1868
f 814 1374 194
f 1868 1526 1690
f 194 1868 1690
f 1142 814 194
f 194 1690 81
f 1900 1142 194
f 214 1900 194
f 214 194 81
f 1631 124 1693
f 1127 124 1631
f 124 1625 1693
f 1127 1363 124
f 100 1363 1127
f 124 1363 1625
f 1973 1060 1363
f 100 1973 1363
f 1896 1973 100
f 1363 1149 1596
f 1363 1596 1625
f 1363 1060 1149
f 1580 1450 321
f 1580 1715 1450
f 1604 1450 1715
f 32 1450 1604
f 1450 1047 321
f 1450 1631 1047
f 1450 1127 1631
f 100 1127 1450
f 32 100 1450
f 32 1896 100
f 1907 1973 1896
f 1907 173 1973
f 1907 1938 173
f 1939 1938 1907
f 1939 54 1938
f 1914 1896 32
f 1914 1907 1896
f 21 1907 1914
f 21 1939 1907
f 120 54 1939
f 120 1650 54
f 95 1650 120
f 95 1705 1650
f 1735 120 1939
f 1735 1939 21
f 126 120 1735
f 126 95 120
f 1949 1705 95
f 1949 1431 1705
f 20 1431 1949
f 20 624 1431
f 58 95 126
f 1949 95 58
f 1796 1949 58
f 1796 20 1949
f 181 624 20
f 1888 624 181
f 1888 1814 624
f 43 1814 1888
f 43 667 1814
f 1730 667 43
f 1796 181 20
f 1849 181 1796
f 1849 1888 181
f 1849 43 1888
f 113 43 1849
f 113 1730 43
f 132 667 1730
f 132 158 667
f 1928 158 132
f 1928 1969 158
f 209 1969 1928
f 209 1481 1969
f 113 132 1730
f 146 132 113
f 146 1928 132
f 146 209 1928
f 1904 209 146
f 1622 1149 1813
f 91 1669 644
f 180 1669 91
f 644 1622 1813
f 644 1669 1622
f 644 626 1697
f 644 1813 626
f 626 1813 1488
f 91 644 1697
f 1697 626 631
f 1488 631 626
f 11 1697 997
f 11 91 1697
f 997 1697 631
f 1794 631 1635
f 1794 997 631
f 1635 631 1837
f 11 997 1794
f 1432 1635 954
f 1635 1432 1794
f 214 81 1961
f 130 45 180
f 130 1961 45
f 130 214 1961
f 130 180 91
f 130 91 11
f 1588 171 1837
f 1837 171 1635
f 171 954 1635
f 171 1617 954
f 1588 1617 171
f 1149 1592 1813
f 1060 1592 1149
f 1592 1488 1813
f 1060 99 1592
f 1973 99 1060
f 99 1488 1592
f 1488 1837 631
f 99 1837 1488
f 99 1588 1837
f 1973 1588 99
f 1973 615 1588
f 173 615 1973
f 1938 615 173
f 1938 153 615
f 54 153 1938
f 54 141 153
f 54 1324 141
f 1650 1324 54
f 1650 1962 1324
f 1650 87 1962
f 1705 87 1650
f 1705 140 87
f 1431 140 1705
f 1431 85 140
f 1431 1984 85
f 624 1984 1431
f 624 1810 1984
f 1814 1810 624
f 667 1810 1814
f 667 1946 1810
f 158 1946 667
f 1969 1946 158
f 1969 1999 1946
f 1481 1999 1969
f 762 958 1291
f 762 2 958
f 1603 762 1291
f 1603 1291 1314
f 983 1603 1314
f 983 1314 1726
f 138 1726 1036
f 138 983 1726
f 1036 1726 1762
f 265 1794 1432
f 265 11 1794
f 1432 954 958
f 265 1432 2
f 2 1432 958
f 265 2 762
f 265 762 1603
f 983 265 1603
f 1175 983 138
f 1175 265 983
f 130 11 265
f 1175 130 265
f 169 130 1175
f 57 214 130
f 169 57 130
f 1617 958 954
f 1588 111 1617
f 1588 1833 111
f 1291 1617 103
f 1617 1291 958
f 1617 111 103
f 103 1314 1291
f 103 1646 1314
f 111 1646 103
f 1646 1726 1314
f 1646 1762 1726
f 1646 1389 1762
f 111 1389 1646
f 615 1833 1588
f 153 114 615
f 615 114 1833
f 141 114 153
f 141 1976 114
f 1324 1976 141
f 1962 1976 1324
f 87 1894 1962
f 1962 1894 1976
f 140 1894 87
f 1984 151 85
f 85 1894 140
f 85 151 1894
f 1810 1835 1984
f 1946 1835 1810
f 1946 1564 1835
f 1984 1835 151
f 1999 1564 1946
f 1999 48 1564
f 1999 200 48
f 1201 1406 1142
f 1900 1201 1142
f 1430 1201 1900
f 1430 613 1201
f 1346 613 1430
f 1346 1136 613
f 463 1136 1346
f 463 5 1136
f 1663 5 463
f 1663 292 5
f 292 1663 714
f 1051 1406 1201
f 1965 1051 1201
f 1965 1201 613
f 1954 1965 613
f 1954 613 1136
f 52 1051 1965
f 52 1965 1954
f 589 52 1954
f 52 178 1051
f 1791 90 52
f 589 1136 5
f 589 1954 1136
f 1107 52 589
f 1791 52 1107
f 292 589 5
f 1107 589 292
f 1758 714 1090
f 1758 292 714
f 1107 292 1758
f 67 1490 90
f 1834 67 90
f 1834 90 1791
f 22 67 1834
f 16 1769 67
f 22 16 67
f 1874 1901 16
f 112 1874 16
f 112 16 22
f 1825 1901 1874
f 201 1825 1874
f 201 1874 112
f 1559 1825 201
f 1761 121 1825
f 1559 1761 1825
f 1936 1761 1559
f 1930 219 1761
f 1930 1761 1936
f 174 1930 1936
f 947 1663 463
f 1840 463 1346
f 1840 947 463
f 1840 1346 1430
f 30 1900 214
f 30 1430 1900
f 30 1840 1430
f 907 1663 947
f 907 714 1663
f 1840 907 947
f 831 907 1840
f 603 907 831
f 603 714 907
f 968 714 603
f 968 1090 714
f 1842 1090 968
f 1951 603 831
f 968 603 1951
f 657 968 1951
f 1842 968 657
f 1951 831 1840
f 1737 1842 657
f 393 1842 1737
f 393 784 1842
f 753 784 393
f 1100 1737 657
f 1100 393 1737
f 921 393 1100
f 921 753 393
f 1100 657 1951
f 1951 1840 30
f 665 921 1100
f 1100 1951 30
f 707 753 921
f 1479 753 707
f 759 707 921
f 447 707 759
f 447 1479 707
f 610 1479 447
f 665 759 921
f 1077 759 665
f 1077 447 759
f 697 447 1077
f 697 610 447
f 1508 610 697
f 474 697 1077
f 786 697 474
f 786 1508 697
f 1024 1508 786
f 1546 1758 1090
f 1583 1758 1546
f 1583 1107 1758
f 1543 1107 1583
f 1543 1791 1107
f 1716 1791 1543
f 1546 1090 1842
f 1546 1842 784
f 1583 1546 874
f 874 1546 784
f 874 784 753
f 510 1583 874
f 1479 874 753
f 510 874 1479
f 1543 1583 510
f 510 1479 610
f 56 1543 510
f 56 1716 1543
f 1421 610 1508
f 1421 510 610
f 40 510 1421
f 56 510 40
f 1375 1421 1508
f 40 1421 1375
f 1375 1508 1024
f 1808 1791 1716
f 1808 1834 1791
f 1606 1834 1808
f 1606 22 1834
f 1764 1716 56
f 1764 1808 1716
f 86 1808 1764
f 196 1808 86
f 196 1606 1808
f 1958 1606 196
f 1703 22 1606
f 1703 112 22
f 179 112 1703
f 1788 1606 1958
f 1788 1703 1606
f 1529 1703 1788
f 1529 179 1703
f 179 201 112
f 1811 201 179
f 1811 1559 201
f 1881 1559 1811
f 227 179 1529
f 227 1811 179
f 1910 1811 227
f 1910 1881 1811
f 1881 1936 1559
f 1817 1936 1881
f 39 1881 1910
f 1702 1881 39
f 1817 1881 1702
f 872 1817 1702
f 29 1936 1817
f 29 174 1936
f 1661 174 29
f 1996 1817 872
f 1996 29 1817
f 1920 29 1996
f 1826 1661 29
f 1826 29 1920
f 30 214 57
f 665 1100 30
f 1862 474 665
f 9 665 30
f 1862 665 9
f 474 1077 665
f 1000 786 474
f 1024 786 1000
f 1397 1024 1000
f 1618 1024 1397
f 1862 1000 474
f 1862 1397 1000
f 853 1862 476
f 853 1397 1862
f 853 1618 1397
f 1600 1618 853
f 1085 853 476
f 1085 1600 853
f 898 1085 476
f 1651 1085 898
f 1595 476 1862
f 1595 898 476
f 1233 898 1595
f 1233 1651 898
f 1595 1862 9
f 1029 1651 1233
f 314 1375 1024
f 314 40 1375
f 1618 314 1024
f 1772 314 1618
f 1772 40 314
f 56 40 1772
f 1772 1618 1600
f 1941 56 1772
f 1528 56 1941
f 1782 1600 1085
f 1782 1772 1600
f 1782 1085 1651
f 1941 1772 1782
f 563 1782 1651
f 1941 1782 563
f 563 1651 1029
f 1528 1764 56
f 1528 86 1764
f 1660 86 1528
f 1660 196 86
f 1660 1958 196
f 869 1958 1660
f 869 1788 1958
f 869 1529 1788
f 1708 1529 869
f 1708 227 1529
f 27 227 1708
f 27 1910 227
f 27 39 1910
f 109 39 27
f 109 1702 39
f 1717 1702 109
f 1717 872 1702
f 1717 1996 872
f 60 1996 1717
f 60 1920 1996
f 1723 1920 60
f 1723 1826 1920
f 9 30 57
f 206 9 57
f 1332 1233 1595
f 1332 1595 9
f 47 578 1332
f 1267 578 47
f 47 1332 9
f 1747 47 9
f 1747 307 47
f 752 1233 1332
f 752 1029 1233
f 578 752 1332
f 1267 752 578
f 50 752 1267
f 50 1267 852
f 852 1267 47
f 1015 852 47
f 1656 852 1015
f 307 1015 47
f 1656 1015 307
f 1088 1656 307
f 557 1029 752
f 557 563 1029
f 557 1941 563
f 1872 1941 557
f 1872 1528 1941
f 50 557 752
f 1937 557 50
f 1872 557 1937
f 1656 50 852
f 1979 50 1656
f 1979 1937 50
f 1872 1937 1979
f 1979 1656 1088
f 1955 1528 143
f 1955 1660 1528
f 143 1528 1872
f 757 143 1872
f 1857 869 1660
f 1857 1660 1955
f 912 869 1857
f 1947 912 1857
f 116 869 912
f 116 1708 869
f 212 27 1708
f 212 1708 116
f 1992 116 912
f 1717 109 1889
f 1889 27 212
f 1889 109 27
f 1786 1717 1889
f 1786 60 1717
f 161 1723 60
f 133 1723 161
f 161 60 1786
f 133 161 256
f 107 1987 1757
f 1987 1904 215
f 1987 1931 1904
f 107 1931 1987
f 77 107 210
f 118 205 77
f 107 1605 1931
f 77 1605 107
f 205 1605 77
f 205 222 1605
f 258 1372 1408
f 345 258 1408
f 1145 1629 1372
f 258 1145 1372
f 859 602 1629
f 1145 859 1629
f 258 1830 1145
f 345 1830 258
f 345 628 1830
f 339 859 1145
f 573 1145 1830
f 573 339 1145
f 628 573 1830
f 1527 570 205
f 818 570 1527
f 1798 818 1527
f 756 1798 1527
f 1065 756 1527
f 1296 570 818
f 1296 1143 570
f 413 1296 818
f 1798 413 818
f 883 756 1065
f 866 883 1065
f 333 413 1798
f 318 1798 756
f 318 333 1798
f 883 318 756
f 570 222 205
f 570 1372 222
f 570 1408 1372
f 841 1408 570
f 841 345 1408
f 1143 841 570
f 809 841 1143
f 1296 809 1143
f 841 628 345
f 841 1547 628
f 809 1547 841
f 1296 825 809
f 413 825 1296
f 413 285 825
f 333 285 413
f 333 545 285
f 318 545 333
f 318 751 545
f 883 751 318
f 883 348 751
f 866 348 883
f 866 955 348
f 1933 1481 209
f 1759 1481 1933
f 1759 1847 1481
f 1855 1847 1759
f 1904 1933 209
f 1904 1759 1933
f 1931 1759 1904
f 1855 1759 1931
f 1855 188 1847
f 217 188 1855
f 217 1533 188
f 1856 1533 217
f 1856 216 1533
f 1605 1855 1931
f 1605 217 1855
f 222 217 1605
f 1856 217 222
f 1784 805 394
f 1784 1755 805
f 394 405 1045
f 805 405 394
f 1994 394 190
f 1994 1784 394
f 190 808 1211
f 190 1045 808
f 190 394 1045
f 1634 1994 300
f 1994 190 300
f 1634 300 1555
f 300 1211 1555
f 190 1211 300
f 1318 1634 308
f 1318 1994 1634
f 1211 976 1555
f 808 976 1211
f 308 747 749
f 1634 747 308
f 747 1634 1555
f 1538 1318 308
f 1475 1318 1538
f 747 544 749
f 1555 544 747
f 976 544 1555
f 1538 749 1297
f 308 749 1538
f 1475 577 702
f 1475 1538 577
f 1755 502 805
f 1755 1059 502
f 805 966 405
f 502 966 805
f 1059 966 502
f 1059 204 966
f 1059 802 204
f 996 802 1059
f 996 969 802
f 93 969 996
f 93 428 969
f 1749 428 93
f 1749 1743 428
f 802 64 204
f 969 64 802
f 428 64 969
f 405 1477 1045
f 966 1477 405
f 204 1477 966
f 204 64 1477
f 1743 64 428
f 1477 808 1045
f 1477 976 808
f 1743 1990 64
f 486 507 1157
f 340 507 486
f 340 1003 507
f 507 925 1157
f 507 585 925
f 507 1003 585
f 1003 771 585
f 340 1423 1003
f 1199 1706 216
f 1157 216 1856
f 1157 1199 216
f 925 1199 1157
f 925 251 1199
f 585 251 925
f 585 920 251
f 771 920 585
f 1003 920 771
f 1003 274 920
f 1423 274 1003
f 1423 275 274
f 1199 1162 1706
f 251 1248 1199
f 920 1248 251
f 920 323 1248
f 274 323 920
f 274 427 323
f 275 427 274
f 275 741 427
f 1199 607 1162
f 1248 607 1199
f 637 1039 1359
f 637 760 1039
f 881 693 607
f 1248 881 607
f 1248 690 881
f 323 690 1248
f 323 272 690
f 427 272 323
f 427 637 272
f 741 637 427
f 741 760 637
f 1372 1008 222
f 1629 1008 1372
f 602 1008 1629
f 602 378 1008
f 1114 378 602
f 859 1114 602
f 339 774 859
f 573 774 339
f 573 1131 774
f 628 1131 573
f 628 1548 1131
f 1008 1856 222
f 1008 486 1856
f 664 1050 1387
f 904 486 1008
f 904 676 486
f 378 904 1008
f 88 904 378
f 1114 88 378
f 859 592 1114
f 774 592 859
f 774 1108 592
f 1131 1108 774
f 1131 565 1108
f 565 1050 664
f 565 1250 1050
f 1548 565 1131
f 1548 1250 565
f 1250 1548 1050
f 1387 1755 1784
f 486 1157 1856
f 588 664 1387
f 676 340 486
f 1254 340 676
f 904 1254 676
f 88 791 904
f 1114 791 88
f 1114 1278 791
f 592 1278 1114
f 592 1170 1278
f 1170 708 588
f 1108 1170 592
f 1108 708 1170
f 708 664 588
f 565 708 1108
f 708 565 664
f 1387 1784 1994
f 1607 1387 1994
f 1607 588 1387
f 1161 886 1607
f 886 588 1607
f 588 886 1170
f 904 796 1254
f 791 796 904
f 791 717 796
f 1278 717 791
f 1278 237 717
f 237 886 1161
f 1170 237 1278
f 1170 886 237
f 988 1607 651
f 988 1161 1607
f 1254 1423 340
f 1254 596 1423
f 796 596 1254
f 796 537 596
f 717 537 796
f 717 988 537
f 237 988 717
f 237 1161 988
f 1318 1607 1994
f 651 1607 1318
f 1474 988 651
f 596 275 1423
f 596 681 275
f 537 681 596
f 537 1474 681
f 988 1474 537
f 1039 1318 1475
f 1039 651 1318
f 1039 882 651
f 760 882 1039
f 1474 882 681
f 882 1474 651
f 741 882 760
f 741 608 882
f 681 741 275
f 681 608 741
f 608 681 882
f 1283 932 42
f 932 1828 42
f 1247 932 1283
f 1247 780 932
f 780 1828 932
f 780 763 1828
f 763 745 1828
f 763 285 745
f 285 766 745
f 766 767 745
f 766 751 767
f 751 297 767
f 297 1489 767
f 297 536 1489
f 1548 1547 1247
f 1547 1548 628
f 1547 780 1247
f 809 780 1547
f 780 825 763
f 825 780 809
f 825 285 763
f 285 545 766
f 545 751 766
f 751 348 297
f 348 536 297
f 348 955 536
f 1387 42 1755
f 42 1059 1755
f 42 996 1059
f 42 745 996
f 745 93 996
f 745 767 93
f 767 1749 93
f 767 1489 1749
f 1828 745 42
f 1387 1283 42
f 1050 1283 1387
f 1247 1050 1548
f 1050 1247 1283
f 1481 193 1999
f 1847 193 1481
f 1847 59 193
f 1847 1918 59
f 1220 702 1420
f 1220 1475 702
f 702 268 1420
f 268 702 594
f 586 1420 289
f 1220 1420 586
f 289 268 442
f 289 1420 268
f 586 289 1590
f 188 1918 1847
f 188 166 1918
f 1533 166 188
f 1533 1771 166
f 442 1590 289
f 1497 586 1590
f 216 1771 1533
f 442 1357 1590
f 1075 1590 1357
f 1497 1075 245
f 1497 1590 1075
f 1357 245 1075
f 1357 1485 245
f 1357 1986 1485
f 1414 245 1485
f 1414 1497 245
f 1986 1434 1485
f 1439 1485 1434
f 1414 1485 1439
f 544 1297 749
f 702 577 594
f 577 1297 594
f 577 1538 1297
f 1297 1673 594
f 544 1673 1297
f 594 442 268
f 594 1673 442
f 1673 1357 442
f 976 1673 544
f 976 69 1673
f 1673 1986 1357
f 1990 69 64
f 1477 69 976
f 64 69 1477
f 1098 639 1882
f 639 787 1882
f 595 787 639
f 595 1205 787
f 1205 1293 787
f 738 1475 1220
f 1359 1475 738
f 1359 1039 1475
f 693 696 1162
f 607 693 1162
f 1802 1078 1359
f 1078 637 1359
f 881 701 693
f 690 701 881
f 690 495 701
f 495 1078 1802
f 272 495 690
f 272 1078 495
f 637 1078 272
f 1162 789 1706
f 1858 1359 738
f 795 1359 1858
f 795 1802 1359
f 696 789 1162
f 693 1068 696
f 1290 1802 795
f 1802 1290 495
f 701 1068 693
f 701 645 1068
f 495 645 701
f 495 1290 645
f 1215 1220 586
f 1706 789 216
f 1215 738 1220
f 1858 738 1215
f 696 1356 789
f 1290 513 645
f 1290 795 513
f 1138 264 1356
f 1068 1356 696
f 1068 1138 1356
f 1068 952 1138
f 645 952 1068
f 645 513 952
f 216 1882 1771
f 1215 586 1497
f 789 1882 216
f 789 1098 1882
f 977 795 1858
f 1356 1098 789
f 1342 795 977
f 1342 513 795
f 264 1098 1356
f 952 264 1138
f 952 1342 264
f 513 1342 952
f 977 1858 1215
f 1098 736 639
f 520 1342 977
f 736 595 639
f 264 736 1098
f 264 1391 736
f 1342 1391 264
f 1391 1342 520
f 469 520 977
f 736 1308 595
f 1391 1308 736
f 1391 469 1308
f 469 1391 520
f 370 1497 1414
f 1215 370 977
f 370 1215 1497
f 691 977 496
f 691 469 977
f 1308 1205 595
f 1308 1057 1205
f 469 1057 1308
f 469 691 1057
f 1746 977 370
f 1746 496 977
f 1057 1293 1205
f 1057 526 1293
f 691 526 1057
f 526 691 496
f 193 200 1999
f 59 200 193
f 1918 1867 59
f 59 1867 200
f 166 1587 1918
f 1771 1587 166
f 1771 1681 1587
f 1587 1867 1918
f 1692 1414 1439
f 370 1414 1692
f 1986 1945 1434
f 1439 1945 1692
f 1945 1439 1434
f 885 370 1692
f 1539 1945 1611
f 1945 1539 1692
f 885 1692 1539
f 1960 1539 1611
f 885 1539 1960
f 1611 1301 1275
f 1945 1301 1611
f 1275 1960 1611
f 1099 1960 1275
f 1099 885 1960
f 1301 478 1275
f 1275 478 1208
f 1099 1208 851
f 1099 1275 1208
f 1301 1378 478
f 851 478 1378
f 851 1208 478
f 1696 1099 851
f 1301 593 1378
f 824 851 1378
f 1696 851 824
f 1673 69 1986
f 69 92 1986
f 1986 1301 1945
f 1986 92 1301
f 92 593 1301
f 69 68 92
f 787 485 1882
f 1293 485 787
f 1293 779 485
f 1293 448 779
f 1882 1681 1771
f 1882 460 1681
f 485 460 1882
f 779 1064 485
f 448 1064 779
f 448 457 1064
f 485 1287 460
f 1064 1287 485
f 1064 775 1287
f 457 775 1064
f 457 1417 775
f 775 1146 1287
f 775 1699 1146
f 1417 1699 775
f 1417 668 1699
f 1287 772 460
f 1146 772 1287
f 1146 437 772
f 1699 437 1146
f 1699 590 437
f 668 590 1699
f 668 1012 590
f 437 1935 772
f 590 1935 437
f 590 240 1935
f 1012 240 590
f 1012 1299 240
f 1299 1012 1002
f 772 79 460
f 1935 79 772
f 1935 481 79
f 1226 1299 1466
f 240 481 1935
f 240 408 481
f 1299 408 240
f 1299 1226 408
f 1613 1466 402
f 481 1222 79
f 843 1466 1613
f 843 1226 1466
f 481 372 1222
f 408 372 481
f 1226 372 408
f 1226 843 372
f 899 496 1746
f 526 448 1293
f 526 899 448
f 899 526 496
f 483 899 1746
f 899 457 448
f 899 913 457
f 899 483 913
f 918 370 885
f 918 1746 370
f 260 1746 918
f 483 260 913
f 260 483 1746
f 913 1417 457
f 1417 913 260
f 421 260 918
f 1417 421 668
f 421 1417 260
f 238 885 1099
f 238 918 885
f 1002 421 918
f 421 1012 668
f 1012 421 1002
f 1466 918 238
f 1299 1002 1466
f 1002 918 1466
f 238 1099 1696
f 1466 238 402
f 1846 238 1696
f 402 238 1846
f 1757 215 1930
f 1757 1987 215
f 1913 1930 174
f 1913 1757 1930
f 210 107 1757
f 14 210 1757
f 14 1757 1913
f 118 77 210
f 118 210 1929
f 1929 210 14
f 115 118 1929
f 1728 205 118
f 1728 1527 205
f 1728 1065 1527
f 1975 986 1728
f 1042 1065 1728
f 986 1042 1728
f 788 1065 1042
f 788 278 1065
f 278 866 1065
f 656 788 1042
f 648 1042 986
f 648 656 1042
f 400 648 986
f 530 986 1975
f 530 400 986
f 919 866 278
f 1797 278 788
f 1797 919 278
f 656 1797 788
f 765 118 115
f 765 1728 118
f 1975 1728 765
f 530 516 400
f 449 530 1975
f 656 461 1797
f 656 1113 461
f 648 1113 656
f 516 648 400
f 758 516 530
f 454 530 449
f 454 758 530
f 919 955 866
f 919 529 955
f 1797 529 919
f 1797 703 529
f 461 703 1797
f 648 1412 1113
f 516 1412 648
f 516 618 1412
f 758 618 516
f 1724 1975 765
f 974 1975 1724
f 974 449 1975
f 1514 974 1724
f 783 1514 1724
f 974 454 449
f 783 1724 765
f 1055 783 765
f 1514 661 974
f 1514 543 661
f 783 543 1514
f 347 783 1055
f 524 347 1055
f 974 661 454
f 1628 661 543
f 1058 543 783
f 1058 1628 543
f 1058 783 347
f 1661 1913 174
f 1778 1913 1661
f 1778 14 1913
f 1602 1661 1826
f 1778 1661 1602
f 225 1778 1602
f 1768 1778 225
f 415 84 1714
f 84 1545 1379
f 880 1743 1749
f 880 1173 1743
f 880 1831 1173
f 415 1831 880
f 415 422 1831
f 422 1714 725
f 1714 422 415
f 1714 1467 725
f 84 1467 1714
f 84 366 1467
f 1379 366 84
f 1379 822 366
f 822 438 1623
f 1379 438 822
f 1173 1990 1743
f 1831 1990 1173
f 422 1990 1831
f 366 725 1467
f 366 162 725
f 822 162 366
f 1623 162 822
f 422 725 1990
f 1623 55 162
f 1725 14 1778
f 1725 1929 14
f 1725 115 1929
f 1897 115 1725
f 1545 438 1379
f 438 342 927
f 1545 342 438
f 438 1122 1623
f 1122 927 836
f 927 1122 438
f 342 104 927
f 1122 55 1623
f 836 55 1122
f 104 836 927
f 104 395 836
f 104 1179 395
f 836 1575 55
f 395 1575 836
f 395 382 1575
f 1179 382 395
f 1179 1258 382
f 1179 1014 1258
f 382 1997 1575
f 1258 1997 382
f 1014 1124 1258
f 1014 1911 1124
f 1130 1911 1014
f 1130 1519 1911
f 1258 679 1997
f 1124 679 1258
f 1124 1137 679
f 1911 1137 1124
f 1767 1778 1768
f 1767 1725 1778
f 754 1725 1767
f 754 1897 1725
f 536 1106 1489
f 1106 1440 1489
f 1106 248 1440
f 248 1366 1440
f 248 609 1366
f 609 357 1366
f 357 797 1366
f 357 430 797
f 430 901 797
f 901 1433 797
f 901 728 1433
f 728 1129 1433
f 728 687 1129
f 955 1106 536
f 955 529 1106
f 529 248 1106
f 529 703 248
f 703 609 248
f 461 609 703
f 1113 609 461
f 1113 357 609
f 357 1412 430
f 1412 357 1113
f 1412 901 430
f 1412 399 901
f 618 399 1412
f 399 728 901
f 758 399 618
f 758 728 399
f 454 728 758
f 454 687 728
f 1341 1545 84
f 1489 880 1749
f 1489 1440 880
f 1440 415 880
f 1440 1366 415
f 1366 84 415
f 1366 1341 84
f 1366 797 1341
f 797 1433 1341
f 1433 1129 1341
f 1897 765 115
f 1838 765 1897
f 1838 1055 765
f 687 263 1129
f 490 1055 1838
f 490 524 1055
f 687 1053 263
f 661 687 454
f 661 1053 687
f 1053 929 263
f 1628 1053 661
f 1628 929 1053
f 1058 929 1628
f 1058 1239 929
f 1058 269 1239
f 269 1058 347
f 291 347 524
f 291 269 347
f 490 291 524
f 1341 1238 1545
f 1684 1838 1897
f 1129 1238 1341
f 1129 1871 1238
f 263 1871 1129
f 263 627 1871
f 929 627 263
f 627 464 1871
f 351 490 1838
f 487 351 1838
f 487 1838 1684
f 1239 627 929
f 1239 464 627
f 269 464 1239
f 269 698 464
f 291 698 269
f 291 1072 698
f 490 1072 291
f 490 1667 1072
f 1667 490 351
f 1671 351 487
f 1671 1667 351
f 1238 342 1545
f 1871 1457 175
f 698 1871 464
f 698 1457 1871
f 487 500 1501
f 500 487 1684
f 1457 273 175
f 1072 1457 698
f 1072 273 1457
f 273 1832 175
f 1667 273 1072
f 1667 1832 273
f 1671 1832 1667
f 1671 1501 1832
f 1501 1671 487
f 1238 104 342
f 1238 1741 104
f 1238 1871 1741
f 175 1741 1871
f 175 1044 1741
f 175 1713 1044
f 1832 1713 175
f 1832 512 1713
f 512 720 1713
f 1501 512 1832
f 1501 720 512
f 500 720 1501
f 500 1276 720
f 104 1741 1179
f 1044 184 1741
f 1044 1084 184
f 1044 768 1084
f 720 1044 1713
f 720 768 1044
f 1276 768 720
f 1276 396 768
f 1741 1014 1179
f 1741 1130 1014
f 1741 1147 1130
f 1523 1147 1741
f 184 1523 1741
f 768 727 1084
f 396 727 768
f 396 504 727
f 184 1289 1523
f 1084 1289 184
f 727 1289 1084
f 727 1243 1289
f 504 1243 727
f 504 509 1243
f 1130 975 1519
f 1147 975 1130
f 1147 1923 975
f 1523 1923 1147
f 1289 1923 1523
f 509 446 1243
f 662 1684 1897
f 1344 1684 662
f 349 1684 1344
f 349 500 1684
f 244 349 1344
f 963 1344 662
f 963 244 1344
f 349 1276 500
f 349 482 1276
f 482 349 244
f 963 482 244
f 128 1897 754
f 142 1897 128
f 142 662 1897
f 1264 963 662
f 482 396 1276
f 482 835 396
f 963 835 482
f 963 1121 835
f 1121 963 1264
f 844 1121 1264
f 1666 662 142
f 1666 1264 662
f 1110 1666 142
f 1264 1666 844
f 835 504 396
f 835 305 504
f 1121 305 835
f 1121 1436 305
f 844 1436 1121
f 712 305 1436
f 712 1393 305
f 1041 1436 844
f 1041 712 1436
f 404 844 1666
f 404 1041 844
f 305 509 504
f 1512 1666 1110
f 1393 509 305
f 304 1666 1512
f 304 404 1666
f 1177 1512 1110
f 1393 446 509
f 1111 304 1512
f 972 846 424
f 1103 846 972
f 1325 846 1103
f 1325 821 846
f 313 712 1041
f 313 271 712
f 1388 1041 404
f 1388 313 1041
f 230 271 313
f 1473 313 1388
f 1473 230 313
f 1317 1550 230
f 1317 230 1473
f 423 1550 1317
f 730 423 1317
f 889 1317 1473
f 889 730 1317
f 424 423 730
f 424 1721 423
f 1566 730 889
f 1566 424 730
f 1566 972 424
f 846 1721 424
f 1212 972 1566
f 1212 1103 972
f 1212 1566 1195
f 620 1103 1212
f 620 1325 1103
f 271 623 1393
f 271 1393 712
f 344 404 304
f 344 1388 404
f 1193 623 271
f 230 1193 271
f 700 1388 344
f 700 1473 1388
f 1550 1193 230
f 1980 1193 1550
f 423 1980 1550
f 889 1473 700
f 1178 889 700
f 1721 1980 423
f 1195 889 1178
f 1195 1566 889
f 1721 1532 1980
f 846 1532 1721
f 1034 1212 1195
f 821 1532 846
f 821 1386 1532
f 1134 1212 1034
f 1134 620 1212
f 623 446 1393
f 1574 304 1111
f 1574 344 304
f 1574 700 344
f 1178 700 1574
f 1101 1195 1178
f 1034 1195 1101
f 1495 1134 1034
f 773 1675 1330
f 816 1202 773
f 1307 1202 816
f 1079 1307 816
f 677 493 1307
f 677 1307 1079
f 431 493 677
f 1377 431 677
f 604 821 1325
f 456 604 1325
f 1037 604 456
f 1037 933 604
f 361 1037 456
f 1675 924 933
f 1330 933 1037
f 1330 1675 933
f 562 1037 361
f 562 1330 1037
f 773 924 1675
f 816 773 1330
f 634 1330 562
f 634 816 1330
f 1202 924 773
f 1079 816 634
f 1307 98 1202
f 1599 1079 299
f 493 98 1307
f 528 677 1079
f 528 1079 1599
f 493 1315 98
f 1579 677 528
f 1579 1377 677
f 604 1968 821
f 456 1325 620
f 933 1968 604
f 924 341 1968
f 924 1968 933
f 267 562 361
f 634 562 267
f 163 634 267
f 935 341 924
f 1202 935 924
f 299 1079 634
f 299 634 163
f 98 935 1202
f 98 1049 935
f 1315 1049 98
f 1443 528 1599
f 1443 1579 528
f 1968 1386 821
f 1134 456 620
f 34 456 1134
f 34 361 456
f 341 1386 1968
f 267 361 34
f 267 34 948
f 1080 299 163
f 1080 1599 299
f 1320 1599 1080
f 1320 1443 1599
f 948 1134 1495
f 948 34 1134
f 341 1576 1386
f 636 267 948
f 636 163 267
f 935 1576 341
f 935 1282 1576
f 1080 163 636
f 1049 1282 935
f 1049 946 1282
f 1049 1616 946
f 1636 1320 1080
f 922 826 987
f 1624 826 922
f 1624 491 826
f 649 491 1624
f 649 1812 491
f 1805 1812 649
f 1805 1373 1812
f 619 1805 649
f 1174 493 431
f 1174 801 493
f 1310 431 1377
f 1310 1174 431
f 704 801 1174
f 704 1223 801
f 704 1174 1310
f 1511 1310 1358
f 1511 704 1310
f 868 1214 1223
f 868 1223 704
f 1089 868 704
f 1511 1089 704
f 1644 1214 868
f 987 1644 868
f 987 868 1089
f 468 987 1089
f 468 1089 1511
f 826 1644 987
f 922 987 468
f 1789 922 468
f 614 1644 826
f 491 614 826
f 1286 922 1789
f 1286 1624 922
f 1812 614 491
f 1812 1353 614
f 571 1624 1286
f 571 649 1624
f 1373 1353 1812
f 892 649 571
f 892 619 649
f 801 1315 493
f 1358 1377 1579
f 1358 1310 1377
f 1223 1315 801
f 1223 1214 1315
f 1653 468 1511
f 1653 1789 468
f 1286 1789 1653
f 1285 892 571
f 1443 1358 1579
f 1214 606 1315
f 1249 1358 1443
f 1249 1511 1358
f 1644 606 1214
f 1166 1511 1249
f 1166 1653 1511
f 1644 1652 606
f 480 1653 1166
f 614 1652 1644
f 480 1286 1653
f 1353 1652 614
f 1353 1594 1652
f 1048 1285 480
f 1285 1286 480
f 1285 571 1286
f 550 1594 1353
f 1315 985 1049
f 606 985 1315
f 1249 1443 1320
f 1652 506 606
f 1594 506 1652
f 985 1616 1049
f 551 1320 1636
f 551 1249 1320
f 606 1006 985
f 208 1249 551
f 208 1166 1249
f 506 1006 606
f 506 1156 1006
f 1061 1166 208
f 1061 480 1166
f 1594 1156 506
f 1594 302 1156
f 1395 480 1061
f 1395 1048 480
f 7 1373 1805
f 7 187 1373
f 523 1805 619
f 523 7 1805
f 521 187 7
f 523 521 7
f 187 1353 1373
f 187 550 1353
f 1352 619 892
f 1352 523 619
f 187 906 550
f 521 906 187
f 523 517 521
f 517 523 1352
f 710 892 1285
f 710 1352 892
f 906 978 550
f 906 451 978
f 521 451 906
f 521 1163 451
f 517 1163 521
f 517 412 1163
f 517 710 412
f 710 517 1352
f 550 638 1594
f 1158 1285 1048
f 1158 710 1285
f 978 638 550
f 978 729 638
f 451 729 978
f 412 995 1163
f 710 995 412
f 995 710 1158
f 729 1236 638
f 729 561 1236
f 451 561 729
f 451 1305 561
f 1163 1305 451
f 1163 1151 1305
f 995 1151 1163
f 995 410 1151
f 410 995 1158
f 638 302 1594
f 638 1255 302
f 1017 1048 1395
f 1017 1158 1048
f 1236 1255 638
f 1236 781 1255
f 561 781 1236
f 1151 1210 1305
f 1151 1021 1210
f 1021 410 1017
f 410 1021 1151
f 410 1158 1017
f 561 362 781
f 1305 362 561
f 362 1305 1210
f 1723 1602 1826
f 1742 1602 1723
f 1742 225 1602
f 1742 1768 225
f 725 162 1990
f 162 69 1990
f 55 69 162
f 55 1426 69
f 1426 1898 69
f 1575 1997 55
f 1997 1921 1426
f 679 1921 1997
f 1137 374 679
f 1536 374 1137
f 1911 1536 1137
f 1519 1536 1911
f 1997 1426 55
f 1912 1326 1921
f 374 1921 679
f 374 1912 1921
f 1306 1912 374
f 1536 1306 374
f 1921 1326 1426
f 1326 1251 1426
f 1912 1251 1326
f 1912 1502 1251
f 1306 1502 1912
f 1306 611 1502
f 1306 1396 611
f 1251 1898 1426
f 1251 888 1898
f 1502 888 1251
f 611 888 1502
f 611 953 888
f 1396 953 611
f 1396 794 953
f 888 1132 1898
f 953 1132 888
f 953 261 1132
f 794 261 953
f 794 1126 261
f 794 1206 1126
f 261 591 1132
f 1126 591 261
f 131 1768 1742
f 131 1767 1768
f 1551 1767 131
f 1551 754 1767
f 1993 754 1551
f 1126 1355 473
f 1355 572 473
f 1355 1105 572
f 1105 1031 572
f 1105 1300 1031
f 1206 1355 1126
f 1206 1105 1355
f 1105 441 1300
f 441 1683 1300
f 441 685 1683
f 441 119 685
f 473 591 1126
f 1683 685 1800
f 119 1959 685
f 975 1536 1519
f 1289 553 1923
f 1243 553 1289
f 1243 1531 553
f 446 1531 1243
f 975 1306 1536
f 975 1392 1306
f 1923 1392 975
f 553 1392 1923
f 446 1861 1531
f 553 1066 1392
f 1531 1120 553
f 1531 444 1120
f 1861 444 1531
f 1392 1396 1306
f 1392 1066 1396
f 553 984 1066
f 1120 984 553
f 444 1347 1120
f 1861 1783 444
f 1066 870 1396
f 1066 806 870
f 984 806 1066
f 984 1262 806
f 1120 1262 984
f 1120 877 1262
f 1347 877 1120
f 444 1884 1347
f 1783 1884 444
f 870 794 1396
f 870 1206 794
f 1972 142 128
f 1972 1110 142
f 734 1110 1972
f 1177 1110 734
f 1111 1512 1177
f 1188 1972 128
f 734 1972 1188
f 533 1177 734
f 195 1177 533
f 195 1111 1177
f 1993 128 754
f 1188 128 1993
f 80 734 1188
f 533 80 1160
f 80 533 734
f 838 1160 554
f 838 195 1160
f 195 533 1160
f 605 80 1188
f 1160 647 554
f 80 647 1160
f 80 452 647
f 452 80 605
f 1402 467 622
f 467 554 622
f 467 838 554
f 845 740 62
f 1347 298 877
f 298 1081 845
f 1081 740 845
f 1081 277 740
f 1884 298 1347
f 1884 369 298
f 369 1081 298
f 369 1402 1081
f 1402 622 1081
f 622 277 1081
f 622 812 277
f 554 812 622
f 647 812 554
f 647 616 812
f 452 616 647
f 452 398 616
f 452 617 398
f 617 605 439
f 617 452 605
f 1783 369 1884
f 1206 1186 1105
f 1186 441 1105
f 870 1186 1206
f 1186 1446 441
f 806 1186 870
f 62 1446 1186
f 1262 1186 806
f 1262 845 1186
f 845 62 1186
f 62 740 1446
f 740 1780 1446
f 877 298 1262
f 298 845 1262
f 740 1793 1780
f 277 1793 740
f 277 616 1793
f 616 277 812
f 616 1887 1793
f 398 1887 616
f 617 1887 398
f 617 652 1887
f 1446 119 441
f 1446 384 119
f 1446 1780 384
f 1793 1165 1780
f 1793 1181 1165
f 1887 1181 1793
f 1887 409 1181
f 652 409 1887
f 384 1959 119
f 384 397 1959
f 384 1165 397
f 1165 384 1780
f 1181 1425 1165
f 409 1425 1181
f 409 343 1425
f 409 1018 343
f 1272 1188 1993
f 605 1188 1272
f 1350 605 1272
f 1350 439 605
f 439 652 617
f 652 439 1350
f 646 1350 1272
f 652 646 409
f 646 652 1350
f 1496 1272 1993
f 633 1272 1496
f 633 646 1272
f 646 1018 409
f 646 1953 1018
f 633 1953 646
f 1676 1861 446
f 1676 559 1861
f 1418 559 1676
f 559 567 1861
f 1418 567 559
f 1418 1154 567
f 1861 1067 1783
f 567 1067 1861
f 623 1676 446
f 433 1574 1111
f 1193 1676 623
f 1182 1574 433
f 1193 1418 1676
f 1182 1178 1574
f 1980 1418 1193
f 949 1178 1182
f 1980 942 1418
f 949 1101 1178
f 1532 942 1980
f 1532 1718 942
f 542 1101 949
f 706 1101 542
f 706 1034 1101
f 1386 1718 1532
f 1386 560 1718
f 706 1495 1034
f 433 1111 195
f 1295 706 542
f 1734 195 838
f 1734 433 195
f 1734 1182 433
f 1451 1182 1734
f 942 1154 1418
f 1451 949 1182
f 942 106 1154
f 1493 949 1451
f 1718 106 942
f 1718 518 106
f 1493 542 949
f 1718 1273 518
f 1295 542 1493
f 560 1273 1718
f 560 1190 1273
f 467 1734 838
f 567 1674 1067
f 1827 1734 467
f 567 820 1674
f 1154 820 567
f 1827 1451 1734
f 1154 1422 820
f 1422 675 820
f 1422 1292 675
f 1711 1451 1827
f 106 1422 1154
f 106 1280 1422
f 1280 1292 1422
f 1280 262 1292
f 262 1711 1292
f 262 632 1711
f 632 1451 1711
f 632 1493 1451
f 518 1280 106
f 518 1040 1280
f 1040 262 1280
f 1040 632 262
f 1040 1542 632
f 1542 1493 632
f 1273 1040 518
f 1273 1268 1040
f 1268 1542 1040
f 1542 1295 1493
f 1190 1268 1273
f 1190 1542 1268
f 1190 692 1542
f 692 1295 1542
f 1067 1642 1783
f 1642 369 1783
f 1642 1402 369
f 1642 1086 1402
f 1086 467 1402
f 1674 1642 1067
f 1674 1086 1642
f 1086 1827 467
f 820 675 1674
f 675 1086 1674
f 675 1827 1086
f 1292 1827 675
f 1292 1711 1827
f 641 1495 706
f 1386 1615 560
f 641 948 1495
f 1576 1615 1386
f 1776 948 641
f 636 948 1776
f 1282 1510 1576
f 956 1080 636
f 956 1636 1080
f 894 1636 956
f 641 706 1295
f 1615 1241 560
f 1576 861 1615
f 1576 1013 861
f 1510 1013 1576
f 1115 636 1776
f 1282 515 1510
f 1115 956 636
f 946 515 1282
f 946 519 515
f 364 956 1115
f 1616 519 946
f 1616 847 519
f 1860 956 364
f 1860 894 956
f 1241 1190 560
f 1241 903 1190
f 934 1295 692
f 934 641 1295
f 1615 1338 1241
f 1338 903 1241
f 861 1338 1615
f 861 1198 1338
f 1198 1196 934
f 1196 641 934
f 1196 1776 641
f 1013 643 861
f 643 1198 861
f 643 1020 1198
f 1020 1196 1198
f 1510 643 1013
f 1510 813 643
f 813 1020 643
f 813 1196 1020
f 813 713 1196
f 713 1776 1196
f 713 1115 1776
f 515 813 1510
f 515 539 813
f 539 713 813
f 539 1323 713
f 1323 1115 713
f 519 539 515
f 519 1323 539
f 519 364 1323
f 364 1115 1323
f 847 419 519
f 419 364 519
f 419 1860 364
f 903 692 1190
f 903 776 692
f 776 934 692
f 1198 903 1338
f 1198 776 903
f 934 776 1198
f 985 726 1616
f 1311 1636 894
f 1311 551 1636
f 985 686 726
f 1006 686 985
f 1006 392 686
f 376 551 1311
f 376 208 551
f 1006 1259 392
f 367 1309 376
f 1309 208 376
f 1156 1259 1006
f 1156 1216 1259
f 601 1309 367
f 1309 1061 208
f 1156 575 1216
f 531 1309 601
f 531 1424 1309
f 1424 1061 1309
f 302 575 1156
f 302 1371 575
f 1371 1524 575
f 1424 1395 1061
f 302 748 1371
f 748 1524 1371
f 748 531 1524
f 748 735 531
f 735 1424 531
f 735 1395 1424
f 726 847 1616
f 726 419 847
f 419 1083 1860
f 1083 894 1860
f 1083 1311 894
f 686 419 726
f 686 555 419
f 555 915 419
f 915 1083 419
f 392 555 686
f 392 915 555
f 392 680 915
f 680 1083 915
f 680 376 1083
f 376 1311 1083
f 1259 484 392
f 484 680 392
f 484 376 680
f 484 367 376
f 1216 484 1259
f 1216 1685 484
f 1685 367 484
f 1685 601 367
f 575 1685 1216
f 575 1524 1685
f 1524 601 1685
f 1524 531 601
f 1255 748 302
f 1255 541 748
f 541 735 748
f 735 1017 1395
f 781 541 1255
f 781 735 541
f 781 1210 735
f 1210 1017 735
f 1210 1021 1017
f 362 1210 781
f 1664 1723 133
f 1664 1742 1723
f 125 1742 1664
f 1898 68 69
f 1898 73 68
f 1132 73 1898
f 591 73 1132
f 591 1893 73
f 1893 1944 73
f 73 1665 68
f 1944 1665 73
f 473 1893 591
f 572 1893 473
f 1031 1893 572
f 1031 659 1893
f 1300 659 1031
f 1683 659 1300
f 1683 1800 659
f 685 1087 1800
f 1959 1087 685
f 1959 998 1087
f 1800 123 659
f 1087 123 1800
f 659 1680 1893
f 123 1680 659
f 123 1192 1680
f 1087 1192 123
f 1087 15 1192
f 998 15 1087
f 1680 1944 1893
f 1192 501 1680
f 15 501 1192
f 15 122 501
f 1680 799 1944
f 501 799 1680
f 501 1270 799
f 122 1270 501
f 799 1665 1944
f 1270 1016 799
f 122 1016 1270
f 1016 939 799
f 1016 1056 939
f 122 1056 1016
f 799 168 1665
f 939 168 799
f 939 790 168
f 1056 790 939
f 125 131 1742
f 1551 131 1500
f 1915 1993 1551
f 1500 131 125
f 1915 1551 1500
f 1854 1500 125
f 397 998 1959
f 1165 761 397
f 1425 761 1165
f 1425 1643 761
f 1425 527 1643
f 343 527 1425
f 343 388 527
f 1018 388 343
f 527 864 1643
f 388 864 527
f 388 930 864
f 761 998 397
f 761 1168 998
f 1643 1168 761
f 864 1168 1643
f 864 670 1168
f 930 670 864
f 930 416 670
f 998 122 15
f 1168 122 998
f 670 1515 1168
f 670 322 1515
f 416 322 670
f 322 1405 1515
f 322 373 1405
f 1515 122 1168
f 1515 1213 122
f 1405 1213 1515
f 373 1213 1405
f 373 684 1213
f 1213 1274 122
f 1213 1981 1274
f 684 1981 1213
f 122 1274 1056
f 1981 462 1274
f 684 462 1981
f 1507 633 1496
f 1953 388 1018
f 1953 1507 388
f 633 1507 1953
f 1496 1993 1915
f 1153 1496 1915
f 1763 1507 1496
f 1507 930 388
f 1507 253 930
f 253 1507 1763
f 1204 1496 1153
f 1204 1763 1496
f 1763 1204 654
f 253 416 930
f 253 654 416
f 654 253 1763
f 1204 600 654
f 416 373 322
f 654 373 416
f 654 600 373
f 232 1204 1153
f 243 1204 232
f 243 600 1204
f 600 243 373
f 239 1153 1915
f 232 1153 239
f 243 684 373
f 243 750 684
f 750 243 232
f 1736 232 239
f 750 597 684
f 597 232 1736
f 597 750 232
f 684 525 462
f 597 525 684
f 597 683 525
f 683 597 1736
f 965 1036 1568
f 965 138 1036
f 1568 1036 1762
f 466 965 1568
f 1639 1568 328
f 1639 466 1568
f 584 328 1046
f 584 1639 328
f 804 1046 328
f 1530 584 1046
f 1175 138 965
f 1175 965 466
f 1891 466 1639
f 1175 466 1891
f 1891 1639 584
f 1175 1891 1585
f 1585 1891 319
f 319 584 1530
f 319 1891 584
f 160 169 1175
f 1833 1389 111
f 1833 1368 1389
f 1762 259 1568
f 1389 259 1762
f 1368 259 1389
f 259 328 1568
f 259 804 328
f 259 1927 804
f 1368 1927 259
f 804 1927 1046
f 1927 1530 1046
f 1368 1654 1927
f 1976 1787 114
f 114 1368 1833
f 114 1787 1368
f 1787 1899 1368
f 1787 1570 1899
f 1894 157 1976
f 1976 157 1787
f 1894 1803 157
f 157 1465 1787
f 1803 1995 157
f 151 1803 1894
f 151 1655 1803
f 1655 223 1803
f 1655 1739 223
f 1835 1655 151
f 1564 1957 1835
f 1835 1957 1655
f 1957 1977 1655
f 48 96 1564
f 200 74 48
f 1564 96 1957
f 74 96 48
f 96 220 1957
f 74 1729 96
f 1585 319 1494
f 445 1175 1585
f 1494 1530 1022
f 1494 319 1530
f 1585 1494 13
f 13 1494 1022
f 445 1585 359
f 312 13 1022
f 359 13 312
f 13 359 1585
f 982 359 312
f 982 445 359
f 1880 445 890
f 890 982 1380
f 890 445 982
f 312 1380 982
f 1988 1880 1281
f 1380 803 890
f 803 1092 890
f 1281 1880 1365
f 1365 890 1092
f 1365 1880 890
f 432 1365 1092
f 1281 1365 432
f 1880 1175 445
f 160 1175 1880
f 1988 160 1880
f 1670 160 1988
f 46 169 160
f 1927 1022 1530
f 1927 1313 1022
f 1927 1654 1313
f 1368 1899 1654
f 1313 312 1022
f 1313 1221 312
f 1654 1221 1313
f 1221 1380 312
f 1654 1612 1221
f 1221 803 1380
f 1221 1612 803
f 1654 1852 1612
f 1899 1852 1654
f 1478 1092 803
f 1092 1478 432
f 1612 1478 803
f 176 1478 1612
f 1852 176 1612
f 1465 1570 1787
f 1570 1964 1899
f 1465 1407 1570
f 1899 1964 1852
f 1407 1964 1570
f 157 1343 1465
f 1995 1343 157
f 1465 31 1407
f 1343 31 1465
f 1343 1908 31
f 1995 1908 1343
f 1995 127 1908
f 1803 223 1995
f 223 127 1995
f 223 1698 127
f 223 1689 1698
f 1739 1689 223
f 1655 1977 1739
f 1957 220 1977
f 1739 97 1689
f 1977 97 1739
f 1977 1682 97
f 1977 1505 1682
f 220 1505 1977
f 96 1729 220
f 74 10 1729
f 220 63 1505
f 1729 63 220
f 1729 24 63
f 1729 1836 24
f 10 1836 1729
f 10 1799 1836
f 1988 1281 994
f 973 1281 432
f 973 994 1281
f 432 250 973
f 1140 1988 994
f 971 1988 1140
f 1140 973 320
f 1140 994 973
f 320 973 250
f 1140 380 971
f 320 380 1140
f 320 576 380
f 576 1167 380
f 737 380 1167
f 737 971 380
f 148 737 1167
f 1462 160 1670
f 1670 1988 971
f 937 160 1462
f 1670 971 719
f 719 971 737
f 1462 1670 1553
f 540 719 737
f 1553 719 540
f 1553 1670 719
f 148 540 737
f 937 1462 671
f 1553 893 1462
f 893 671 1462
f 540 1609 1553
f 1609 893 1553
f 1454 937 642
f 671 893 1448
f 1609 1448 893
f 1009 671 1448
f 1009 937 671
f 642 937 1009
f 642 1187 1454
f 1361 1009 1448
f 1454 160 937
f 1419 160 1454
f 1027 160 1419
f 1027 46 160
f 1164 46 1027
f 1419 1454 746
f 1187 746 1454
f 1478 250 432
f 1319 250 1478
f 1319 320 250
f 176 1319 1478
f 1319 576 320
f 1319 1732 576
f 1732 1167 576
f 176 1732 1319
f 1852 1732 176
f 1852 1534 1732
f 1852 6 1534
f 1732 148 1167
f 1732 1094 148
f 1534 1094 1732
f 148 1620 540
f 1620 1609 540
f 1094 1620 148
f 1620 552 1609
f 1094 552 1620
f 1534 552 1094
f 552 1448 1609
f 552 1361 1448
f 1534 1252 552
f 1534 1480 1252
f 6 1480 1534
f 1964 6 1852
f 1964 41 6
f 1407 41 1964
f 1407 1544 41
f 6 1903 1480
f 41 1903 6
f 41 1756 1903
f 1544 1756 41
f 127 202 1908
f 31 1544 1407
f 1908 1544 31
f 202 1770 1908
f 1908 1770 1544
f 1544 72 1756
f 1770 72 1544
f 1770 33 72
f 1698 202 127
f 1698 1461 202
f 1689 1461 1698
f 202 1461 1770
f 1689 144 1461
f 1461 33 1770
f 1461 655 33
f 144 655 1461
f 144 1809 655
f 1505 1148 1682
f 97 144 1689
f 1682 144 97
f 1148 144 1682
f 1148 1816 144
f 144 1752 1809
f 1816 1752 144
f 63 1148 1505
f 24 1982 63
f 1836 1982 24
f 1799 134 1836
f 63 1816 1148
f 63 1982 1816
f 134 1982 1836
f 1816 82 1752
f 1982 82 1816
f 1982 154 82
f 134 154 1982
f 1187 642 1009
f 1619 1187 1009
f 689 1419 746
f 1619 1744 1187
f 1744 746 1187
f 689 746 1744
f 823 1419 689
f 823 1027 1419
f 1744 293 689
f 293 823 689
f 823 936 1027
f 936 1164 1027
f 1361 967 1009
f 967 1619 1009
f 552 967 1361
f 552 1252 967
f 967 1657 1619
f 1252 1657 967
f 1619 1657 1744
f 1657 293 1744
f 293 936 823
f 1593 936 293
f 1593 1288 936
f 1657 1593 293
f 1480 1657 1252
f 1480 1561 1657
f 1561 1593 1657
f 1903 1561 1480
f 1903 1394 1561
f 1903 1804 1394
f 1756 1804 1903
f 1756 44 1804
f 72 44 1756
f 33 44 72
f 33 94 44
f 655 94 33
f 1809 94 655
f 1809 1924 94
f 1752 1924 1809
f 1752 1795 1924
f 82 1795 1752
f 154 1795 82
f 154 1863 1795
f 206 57 169
f 18 9 206
f 1747 9 18
f 1517 1747 18
f 213 1517 18
f 1435 1517 213
f 1565 1435 213
f 1890 1565 213
f 1382 307 1747
f 1382 1088 307
f 1294 1747 1517
f 1294 1382 1747
f 1219 1382 1294
f 858 1517 1435
f 858 1294 1517
f 858 1219 1294
f 723 1435 1565
f 723 858 1435
f 723 1565 1890
f 1687 1979 1088
f 19 1979 1687
f 757 1979 19
f 757 1872 1979
f 1687 1088 1382
f 1219 1687 1382
f 19 1687 1219
f 1922 1219 858
f 1922 19 1219
f 1922 858 723
f 1974 1922 1844
f 1974 19 1922
f 1974 757 19
f 1865 757 1974
f 1844 1922 723
f 1818 143 757
f 1818 1955 143
f 129 757 1865
f 129 1818 757
f 1940 1818 129
f 102 1818 1940
f 1818 1857 1955
f 1947 1857 1818
f 1992 912 1947
f 102 1947 1818
f 155 1947 102
f 1879 1947 155
f 1879 1992 1947
f 28 116 1992
f 28 212 116
f 156 1992 1879
f 28 1992 156
f 1753 28 156
f 1399 212 28
f 1399 1889 212
f 1934 1889 1399
f 1934 1786 1889
f 1902 28 1753
f 1902 1399 28
f 198 1399 1902
f 198 1934 1399
f 256 1786 1934
f 256 161 1786
f 1895 1934 198
f 1895 256 1934
f 1859 256 1895
f 46 206 169
f 18 206 46
f 1966 35 18
f 76 18 46
f 1966 18 76
f 35 213 18
f 1662 1890 213
f 1516 213 35
f 1516 1662 213
f 1499 1662 1516
f 1864 1516 35
f 1038 1499 1516
f 1038 1516 1864
f 108 35 1966
f 568 35 108
f 1506 35 568
f 1506 1864 35
f 1410 1864 1506
f 1410 1038 1864
f 1410 1506 568
f 207 568 108
f 207 1410 568
f 207 315 1410
f 1302 723 1890
f 1302 1890 1662
f 1499 1302 1662
f 338 1499 1038
f 1707 1038 1410
f 1707 338 1038
f 1886 338 1707
f 1886 1974 338
f 172 1974 1886
f 172 1865 1974
f 315 1707 1410
f 1886 1707 1991
f 1991 1707 315
f 1844 723 1302
f 678 1844 1302
f 1974 1844 678
f 678 1302 1499
f 338 678 1499
f 1974 678 338
f 172 129 1865
f 1892 129 172
f 1892 1940 129
f 49 1940 1892
f 49 102 1940
f 1740 102 49
f 1740 155 102
f 1023 155 1740
f 1023 1879 155
f 1540 1879 1023
f 12 1879 1540
f 12 156 1879
f 1648 156 12
f 1648 1753 156
f 186 1753 1648
f 252 1753 186
f 252 1902 1753
f 1748 1902 252
f 1748 198 1902
f 547 198 1748
f 1549 198 547
f 1549 1895 198
f 71 1895 1549
f 71 1859 1895
f 70 46 1164
f 1998 46 70
f 1194 1998 70
f 101 1998 1194
f 76 46 1998
f 599 76 1998
f 970 1966 76
f 1823 599 1998
f 1658 76 599
f 970 76 1658
f 1658 732 970
f 1304 732 1658
f 1345 1658 599
f 1304 1658 1345
f 1390 1823 1998
f 923 1390 1998
f 1345 1823 849
f 1345 599 1823
f 386 108 1966
f 1597 207 108
f 1109 108 386
f 1109 1597 108
f 1141 1966 970
f 1141 386 1966
f 1109 386 1141
f 1469 1109 1141
f 1469 1853 1109
f 137 1141 970
f 1469 1141 137
f 137 970 732
f 326 137 732
f 1873 732 1304
f 1184 1873 1304
f 1184 1630 1873
f 1691 1304 1345
f 1691 1184 1304
f 1970 1184 1691
f 1970 1630 1184
f 139 1630 1970
f 139 1866 1630
f 1621 207 1597
f 1621 1991 207
f 1991 315 207
f 1621 1597 1109
f 1853 1621 1109
f 1401 1621 1853
f 1886 1621 1401
f 1886 1991 1621
f 1401 1853 1469
f 1630 1886 1401
f 1866 1886 1630
f 1866 172 1886
f 326 1469 137
f 1401 1469 326
f 1630 1401 326
f 1873 326 732
f 1630 326 1873
f 139 458 1866
f 1971 458 139
f 1971 203 458
f 1321 203 1971
f 1321 1645 203
f 458 172 1866
f 458 1892 172
f 203 1892 458
f 203 49 1892
f 1645 49 203
f 1841 1645 1321
f 1841 1712 1645
f 1645 1740 49
f 1712 1740 1645
f 1712 1023 1740
f 1712 1540 1023
f 38 1712 1841
f 1967 1678 38
f 1967 38 1841
f 38 1540 1712
f 38 12 1540
f 1678 12 38
f 1678 1648 12
f 1678 186 1648
f 1843 149 1967
f 149 1678 1967
f 1843 150 149
f 1843 1952 150
f 136 1952 1843
f 149 186 1678
f 149 252 186
f 150 252 149
f 150 1748 252
f 1952 1748 150
f 1952 547 1748
f 136 1709 1952
f 136 1688 1709
f 105 1688 136
f 105 147 1688
f 105 135 147
f 1709 547 1952
f 1709 1549 547
f 1688 1549 1709
f 147 1549 1688
f 147 71 1549
f 135 71 147
f 923 1998 101
f 1026 494 923
f 1589 70 1164
f 1227 70 1589
f 1452 70 1227
f 1452 1194 70
f 1026 1194 1452
f 1026 101 1194
f 1026 923 101
f 936 1589 1164
f 849 1823 1390
f 494 1390 923
f 494 849 1390
f 1722 1026 1452
f 1722 494 1026
f 159 494 1722
f 743 159 669
f 743 139 159
f 1288 1589 936
f 1288 117 1589
f 117 1227 1589
f 117 1452 1227
f 117 1722 1452
f 669 1722 117
f 1288 669 117
f 669 159 1722
f 1561 1288 1593
f 1561 669 1288
f 1561 743 669
f 494 1806 849
f 1806 1691 849
f 1691 1345 849
f 1970 1691 1806
f 159 1806 494
f 159 1970 1806
f 139 1970 159
f 1978 139 743
f 1978 1971 139
f 25 1971 1978
f 1394 743 1561
f 1394 1978 743
f 1804 1978 1394
f 1804 25 1978
f 25 1321 1971
f 226 1321 25
f 1686 1841 226
f 1804 226 25
f 44 226 1804
f 1686 226 44
f 226 1841 1321
f 145 1967 17
f 94 1686 44
f 94 17 1686
f 94 145 17
f 1924 145 94
f 1924 89 145
f 17 1841 1686
f 17 1967 1841
f 89 1967 145
f 1649 1843 89
f 1649 89 1924
f 1795 1649 1924
f 89 1843 1967
f 1649 136 1843
f 1909 136 1649
f 1989 105 1909
f 1795 1909 1649
f 1863 1909 1795
f 1863 1989 1909
f 1909 105 136
f 1867 1950 200
f 1950 74 200
f 1867 8 1950
f 8 1820 1950
f 1587 8 1867
f 1587 1916 8
f 1681 1916 1587
f 1681 1537 1916
f 1916 191 8
f 1537 1775 1916
f 1537 197 1775
f 1378 593 1637
f 1004 1378 1637
f 1004 824 1378
f 1004 1696 824
f 254 1004 1637
f 1383 1696 1004
f 593 1364 1637
f 593 1779 1364
f 254 1637 1364
f 1383 1004 254
f 1608 254 1364
f 1608 1383 254
f 1779 981 1364
f 640 1364 981
f 640 1608 1364
f 389 1608 640
f 389 1383 1608
f 1779 425 981
f 1779 1824 425
f 981 425 640
f 389 640 425
f 303 425 1824
f 303 389 425
f 1824 65 325
f 1491 1824 325
f 1491 303 1824
f 1906 303 1491
f 1906 389 303
f 92 1779 593
f 1779 65 1824
f 92 65 1779
f 92 1792 65
f 68 110 92
f 460 1537 1681
f 460 488 1537
f 79 488 460
f 1222 488 79
f 1222 900 488
f 999 843 1613
f 372 900 1222
f 372 612 900
f 843 612 372
f 843 379 612
f 379 843 999
f 488 1777 1537
f 612 744 900
f 379 744 612
f 379 1411 744
f 1411 999 1218
f 1411 379 999
f 488 548 1777
f 900 548 488
f 900 908 548
f 744 908 900
f 744 850 908
f 1411 850 744
f 1411 1001 850
f 1001 1411 1218
f 908 1336 548
f 850 1336 908
f 1001 1336 850
f 1001 682 1336
f 548 1869 1777
f 1336 1869 548
f 1336 1845 1869
f 682 1845 1336
f 682 569 1845
f 1845 810 1869
f 569 810 1845
f 569 840 810
f 1869 1483 1777
f 810 1483 1869
f 810 895 1483
f 810 1633 895
f 840 1633 810
f 1777 1376 1537
f 895 1428 1483
f 1633 1428 895
f 1633 839 1428
f 1383 1846 1696
f 1218 1613 402
f 1218 999 1613
f 192 402 1846
f 192 1846 1383
f 192 1218 402
f 1218 863 1001
f 863 1218 192
f 471 863 192
f 863 682 1001
f 682 863 471
f 389 192 1383
f 1217 471 192
f 682 960 569
f 960 471 1217
f 960 682 471
f 1925 192 389
f 1925 1217 192
f 834 1217 1925
f 960 840 569
f 960 834 840
f 834 960 1217
f 1231 834 1925
f 834 1633 840
f 834 1231 1633
f 1906 1925 389
f 1011 1231 1925
f 1231 839 1633
f 1231 860 839
f 860 1231 1011
f 1950 10 74
f 1950 1820 10
f 8 191 1820
f 1820 1799 10
f 191 23 1820
f 191 1640 23
f 1820 23 1799
f 1916 1775 191
f 1376 197 1537
f 325 65 360
f 325 360 1491
f 360 1237 1491
f 1237 360 65
f 1237 1906 1491
f 1541 65 917
f 1541 1237 65
f 1541 1906 1237
f 917 1926 276
f 276 1541 917
f 1522 276 1926
f 1522 1541 276
f 1277 1541 1522
f 1775 1640 191
f 1775 1567 1640
f 197 1567 1775
f 1381 1522 1926
f 1376 1470 197
f 1409 1277 1522
f 1381 1409 1522
f 1381 1169 1409
f 1381 311 1169
f 197 1470 1567
f 311 218 1169
f 92 1266 1792
f 65 1792 917
f 1792 1926 917
f 1792 1381 1926
f 1792 311 1381
f 1792 862 311
f 1792 1266 862
f 311 862 218
f 1116 218 862
f 110 1266 92
f 110 574 1266
f 574 1572 1266
f 110 1875 574
f 110 1727 1875
f 110 224 1727
f 1483 1376 1777
f 1483 78 1376
f 1483 1460 78
f 1428 1460 1483
f 1428 317 1460
f 839 317 1428
f 317 1557 1460
f 317 385 1557
f 1460 1557 78
f 385 332 1557
f 1557 1558 78
f 332 1558 1557
f 332 564 1558
f 564 587 1558
f 1472 1925 1906
f 1011 1925 1472
f 1610 330 1011
f 860 317 839
f 860 288 317
f 860 330 288
f 330 860 1011
f 1610 1011 1472
f 288 385 317
f 288 1139 385
f 330 1139 288
f 330 1883 1139
f 1883 330 1610
f 1554 1883 1610
f 1472 1906 1541
f 170 1610 1472
f 1139 332 385
f 1883 1117 1139
f 1554 1117 1883
f 1554 1610 170
f 1535 1541 1277
f 1535 1472 1541
f 492 1472 1535
f 769 1472 492
f 769 170 1472
f 1139 564 332
f 1117 564 1139
f 1117 450 564
f 1554 450 1117
f 1554 769 450
f 769 1554 170
f 492 1240 769
f 564 236 587
f 450 236 564
f 769 236 450
f 769 1471 236
f 1471 769 1240
f 78 1870 1376
f 1870 1470 1376
f 1277 1253 1535
f 1558 1870 78
f 798 492 1535
f 798 1535 401
f 587 1870 1558
f 587 1413 1870
f 1240 1028 296
f 1028 492 798
f 1028 1240 492
f 236 1413 587
f 236 625 1413
f 1471 625 236
f 1471 296 625
f 296 1471 1240
f 1253 1277 1409
f 401 1535 1253
f 1197 401 1253
f 1413 549 1870
f 798 417 1028
f 798 505 417
f 505 798 401
f 505 401 1197
f 625 549 1413
f 296 549 625
f 296 229 549
f 1028 229 296
f 1028 417 229
f 990 417 505
f 1253 1409 1169
f 218 1253 1169
f 1850 1253 218
f 1870 827 1470
f 1850 1197 1253
f 1870 807 827
f 549 807 1870
f 229 807 549
f 505 411 435
f 411 505 1197
f 580 411 1197
f 229 1774 807
f 417 1774 229
f 417 514 1774
f 990 514 417
f 990 435 514
f 435 990 505
f 23 134 1799
f 23 1885 134
f 1640 1885 23
f 134 1750 154
f 1885 1750 134
f 1885 1942 1750
f 1567 945 1640
f 1470 945 1567
f 1470 1659 945
f 945 1885 1640
f 1266 1349 862
f 1266 1171 1349
f 1266 1572 1171
f 862 1349 1116
f 1731 1116 1349
f 1572 742 1171
f 1335 1349 1171
f 1335 1731 1349
f 574 1760 1572
f 742 1335 1171
f 1614 1572 1760
f 1614 742 1572
f 1614 1335 742
f 574 1695 1760
f 574 266 1695
f 1760 1695 1614
f 1614 957 1335
f 957 1614 1695
f 1398 957 1695
f 1398 1695 266
f 1569 1398 266
f 1329 1398 1569
f 945 1942 1885
f 945 1677 1942
f 1659 1677 945
f 1875 1189 574
f 574 1189 266
f 224 1672 1727
f 334 266 1189
f 1875 334 1189
f 224 414 1672
f 334 1569 266
f 873 334 1875
f 558 873 1875
f 1328 1875 1727
f 1328 558 1875
f 1329 1569 334
f 1484 1329 334
f 1484 334 873
f 1727 1427 1328
f 1672 1427 1727
f 414 1427 1672
f 558 1484 873
f 1385 558 1328
f 1385 1328 1427
f 1322 1427 414
f 1385 1484 558
f 1322 1385 1427
f 1850 218 1116
f 807 294 827
f 580 368 411
f 580 1197 1850
f 280 580 1850
f 1774 294 807
f 514 294 1774
f 514 443 294
f 435 443 514
f 435 403 443
f 411 403 435
f 411 792 403
f 792 411 368
f 436 368 580
f 436 792 368
f 280 436 580
f 1351 1455 827
f 294 1351 827
f 443 1351 294
f 778 280 1850
f 443 1235 1351
f 403 1235 443
f 792 1235 403
f 792 650 1235
f 436 650 792
f 436 1172 650
f 280 1172 436
f 280 778 1172
f 827 1829 1470
f 1455 1829 827
f 1455 709 1829
f 1235 1455 1351
f 1235 709 1455
f 1235 1956 709
f 1956 1118 709
f 650 1956 1235
f 650 1118 1956
f 1172 1118 650
f 1172 731 1118
f 778 731 1172
f 778 249 731
f 1829 1659 1470
f 709 1256 1829
f 1118 1256 709
f 1118 1573 1256
f 731 1573 1118
f 249 1573 731
f 249 711 1573
f 1829 284 1659
f 1256 284 1829
f 1256 1573 284
f 1573 964 284
f 711 964 1573
f 284 635 1659
f 1731 1850 1116
f 1492 1850 1731
f 387 1850 1492
f 387 778 1850
f 1731 1335 1492
f 1444 1492 1335
f 1030 387 1492
f 287 1030 1492
f 1444 287 1492
f 387 249 778
f 387 1030 249
f 1125 1335 957
f 1125 1444 1335
f 1444 855 287
f 1444 1052 855
f 1052 1444 1125
f 1030 711 249
f 1030 832 711
f 287 832 1030
f 287 855 832
f 1096 855 1052
f 1176 957 1398
f 1125 957 1176
f 1948 1125 1176
f 848 1125 1948
f 1052 508 1751
f 508 1052 1125
f 1790 508 1125
f 832 964 711
f 832 830 964
f 855 830 832
f 855 390 830
f 1096 390 855
f 1096 1751 390
f 1751 1096 1052
f 1176 1398 1329
f 848 1790 1125
f 964 635 284
f 964 316 635
f 1790 426 508
f 1468 1790 848
f 830 316 964
f 390 316 830
f 390 295 316
f 1751 295 390
f 1751 497 295
f 508 497 1751
f 508 426 497
f 391 426 1790
f 391 1790 1468
f 635 770 1659
f 1327 848 1948
f 316 1354 635
f 1354 770 635
f 295 1354 316
f 1354 1458 770
f 1362 1468 848
f 1327 1362 848
f 295 532 1354
f 532 1458 1354
f 532 944 1458
f 497 532 295
f 497 944 532
f 426 944 497
f 426 329 944
f 391 329 426
f 391 891 329
f 391 959 891
f 959 391 1468
f 1362 959 1468
f 770 1677 1659
f 1458 1333 770
f 1327 931 1362
f 944 991 1458
f 991 1333 1458
f 329 991 944
f 991 255 1333
f 991 785 255
f 891 991 329
f 891 785 991
f 959 785 891
f 959 764 785
f 1362 764 959
f 1362 931 764
f 871 931 1327
f 26 1385 1322
f 383 1329 1484
f 383 1484 1385
f 26 383 1385
f 1632 1176 1329
f 1632 1948 1176
f 383 1632 1329
f 1632 1327 1948
f 1647 1632 383
f 1626 383 26
f 242 1626 26
f 961 1327 1632
f 630 961 1632
f 1647 630 1632
f 358 1647 383
f 1562 358 383
f 1626 1562 383
f 800 1327 961
f 800 871 1327
f 630 800 961
f 1577 630 1647
f 358 1577 1647
f 842 358 1562
f 1750 1863 154
f 1750 37 1863
f 1942 37 1750
f 1677 1801 1942
f 1942 1801 37
f 1677 1819 1801
f 770 1781 1677
f 1333 1781 770
f 1333 255 1781
f 255 235 1781
f 785 283 255
f 283 235 255
f 764 283 785
f 764 235 283
f 235 755 1073
f 931 235 764
f 931 755 235
f 871 755 931
f 871 666 755
f 1781 336 1677
f 235 1073 1781
f 1073 336 1781
f 1073 928 336
f 755 928 1073
f 666 928 755
f 1626 1200 1562
f 1626 1246 1200
f 1626 503 1246
f 242 503 1626
f 242 989 503
f 800 666 871
f 630 241 800
f 1577 241 630
f 1577 1005 241
f 358 1005 1577
f 358 837 1005
f 842 837 358
f 842 1200 837
f 1200 842 1562
f 336 4 1677
f 928 453 336
f 453 4 336
f 453 61 4
f 800 928 666
f 800 453 928
f 453 352 61
f 241 453 800
f 241 352 453
f 352 1180 61
f 352 1384 1180
f 1005 352 241
f 1005 1384 352
f 837 1384 1005
f 837 875 1384
f 1200 875 837
f 1200 1459 875
f 1246 1459 1200
f 1246 1668 1459
f 503 1668 1246
f 503 406 1668
f 989 406 503
f 989 282 406
f 4 1819 1677
f 4 1456 1819
f 1456 1404 1819
f 1404 371 1819
f 61 1180 4
f 1180 1456 4
f 1180 290 1456
f 290 1521 1456
f 1521 1404 1456
f 1521 228 1404
f 228 833 1404
f 833 371 1404
f 833 247 371
f 1384 290 1180
f 875 290 1384
f 290 1459 1521
f 1459 290 875
f 1459 228 1521
f 1459 1668 228
f 1668 833 228
f 1668 406 833
f 406 247 833
f 406 282 247
f 1815 133 256
f 1815 1664 133
f 1815 125 1664
f 1854 125 1815
f 1859 1815 256
f 182 1815 1859
f 1525 1815 182
f 1525 1854 1815
f 1665 199 68
f 199 582 68
f 582 110 68
f 582 83 110
f 168 199 1665
f 790 1518 168
f 1056 1518 790
f 1056 1773 1518
f 168 1509 199
f 1518 1509 168
f 1518 653 1509
f 1518 1773 653
f 653 1638 1509
f 1773 1638 653
f 1509 582 199
f 1509 1234 582
f 1638 1234 1509
f 1638 1627 1234
f 1773 1627 1638
f 1773 980 1627
f 1627 1498 1234
f 980 1498 1627
f 1234 164 582
f 1498 164 1234
f 1498 1144 164
f 980 1144 1498
f 980 365 1144
f 164 1453 582
f 1144 1263 164
f 1144 365 1263
f 164 1513 1453
f 1263 1513 164
f 1263 1123 1513
f 365 1123 1263
f 365 1025 1123
f 1905 1500 1854
f 1905 1915 1500
f 940 1854 1525
f 1985 1905 940
f 1905 1854 940
f 1274 1773 1056
f 462 1337 1274
f 462 525 1337
f 1337 1035 1274
f 525 1035 1337
f 525 993 1035
f 1274 1821 1773
f 1035 1821 1274
f 1035 377 1821
f 993 377 1035
f 1773 1821 980
f 377 1334 1821
f 993 1334 377
f 993 1437 1334
f 1334 53 1821
f 1437 53 1334
f 1437 1155 53
f 1821 365 980
f 1821 511 365
f 53 1207 1821
f 1155 1207 53
f 1155 910 1207
f 1821 905 511
f 1207 905 1821
f 910 905 1207
f 910 1271 905
f 511 1025 365
f 905 1578 511
f 905 306 1578
f 1271 306 905
f 1271 688 306
f 1905 239 1915
f 1704 239 1905
f 1704 1736 239
f 865 1736 1704
f 683 865 525
f 865 683 1736
f 1447 865 1704
f 865 993 525
f 865 1447 993
f 546 1704 1905
f 581 1704 546
f 581 1447 1704
f 1447 581 993
f 231 581 546
f 581 1437 993
f 581 231 1437
f 1135 546 1905
f 1183 546 1135
f 1183 231 546
f 231 1155 1437
f 231 1183 1155
f 353 1183 1135
f 1183 910 1155
f 1183 829 910
f 829 1183 353
f 1552 1905 1985
f 902 1905 1552
f 902 1135 1905
f 1095 353 902
f 353 1135 902
f 829 1271 910
f 829 1095 1271
f 1095 829 353
f 434 1095 902
f 1095 688 1271
f 1095 434 688
f 165 1859 71
f 165 182 1859
f 270 182 165
f 1766 182 270
f 1766 1525 182
f 1416 674 110
f 110 1710 224
f 674 1710 110
f 1453 83 582
f 83 1416 110
f 83 167 1416
f 221 167 83
f 167 1445 1416
f 221 1943 167
f 1943 962 167
f 167 420 1445
f 962 420 167
f 1348 1123 1025
f 1513 1581 1453
f 1513 1331 1581
f 1123 1331 1513
f 1348 1331 1123
f 257 221 1453
f 1581 257 1453
f 1486 499 1331
f 1348 1486 1331
f 1453 221 83
f 1581 286 257
f 1331 286 1581
f 499 286 1331
f 1486 66 499
f 257 815 221
f 257 943 815
f 286 943 257
f 286 1097 943
f 499 1097 286
f 66 896 1097
f 66 1097 499
f 1070 1525 1766
f 1070 940 1525
f 815 1943 221
f 943 673 815
f 943 375 673
f 1878 940 1070
f 1878 1985 940
f 1097 375 943
f 896 375 1097
f 815 331 1943
f 673 331 815
f 1582 331 673
f 375 1582 673
f 896 1582 375
f 1943 663 962
f 331 663 1943
f 1582 1464 331
f 511 1348 1025
f 306 1209 1578
f 688 1209 306
f 511 1720 1348
f 511 1119 1720
f 1578 1119 511
f 1578 1032 1119
f 1578 477 1032
f 1209 477 1578
f 878 1438 477
f 1209 878 477
f 1720 1486 1348
f 477 733 1032
f 1438 733 477
f 878 281 1438
f 1720 66 1486
f 1119 66 1720
f 1119 1591 66
f 1032 1591 1119
f 733 1591 1032
f 733 819 1591
f 733 979 819
f 1438 979 733
f 281 979 1438
f 281 938 979
f 1476 896 66
f 1591 1476 66
f 1591 1082 1476
f 819 1082 1591
f 979 1082 819
f 979 534 1082
f 938 534 979
f 534 938 793
f 1339 1985 1878
f 1339 1552 1985
f 211 1552 1339
f 211 1839 1552
f 1082 556 1476
f 739 356 211
f 356 1839 211
f 356 793 1839
f 1082 583 556
f 1082 355 583
f 534 355 1082
f 534 472 355
f 472 356 739
f 534 356 472
f 356 534 793
f 896 1464 1582
f 1159 1464 896
f 1476 1159 896
f 1415 233 1159
f 556 1159 1476
f 556 1415 1159
f 1919 739 211
f 583 1415 556
f 583 346 1415
f 355 346 583
f 355 1093 346
f 472 1093 355
f 472 1919 1093
f 1919 472 739
f 1719 1228 1464
f 1159 1719 1464
f 189 211 1339
f 233 1203 1719
f 233 1719 1159
f 1415 1260 233
f 1919 1641 1093
f 1641 211 189
f 1641 1919 211
f 346 1260 1415
f 346 246 1260
f 1093 246 346
f 246 1093 1641
f 854 902 1552
f 1369 902 854
f 1369 434 902
f 688 475 1209
f 434 475 688
f 434 1369 475
f 828 1369 854
f 475 878 1209
f 475 828 878
f 1369 828 475
f 857 854 1552
f 309 828 857
f 828 854 857
f 828 281 878
f 828 309 281
f 793 309 857
f 938 309 793
f 309 938 281
f 1839 857 1552
f 793 857 1839
f 105 177 135
f 185 177 105
f 185 1877 177
f 1932 1877 185
f 1932 1848 1877
f 135 165 71
f 177 165 135
f 1877 165 177
f 1877 270 165
f 1848 270 1877
f 1848 1766 270
f 1710 1152 224
f 1152 337 224
f 674 1785 1710
f 1191 1785 674
f 1152 941 337
f 1019 1152 1710
f 1785 1019 1710
f 1191 522 1785
f 522 716 1785
f 224 1284 414
f 337 1284 224
f 884 1284 337
f 1128 884 337
f 950 337 941
f 950 1128 337
f 1269 950 941
f 1019 941 1152
f 1019 1269 941
f 1785 716 1019
f 1322 414 1284
f 716 1269 1019
f 1322 1284 884
f 926 884 1128
f 926 1128 950
f 1269 926 950
f 926 1322 884
f 1851 926 1269
f 716 1851 1269
f 420 1265 1445
f 1265 811 1445
f 962 1265 420
f 962 1076 1265
f 1416 1370 674
f 1445 1010 1416
f 1445 811 1010
f 1265 1312 811
f 1076 1312 1265
f 1694 1312 1076
f 1520 1370 1416
f 1010 1520 1416
f 1010 1738 1520
f 811 1738 1010
f 1312 1738 811
f 1370 1191 674
f 1370 1601 1191
f 1520 1601 1370
f 1738 1601 1520
f 1601 522 1191
f 1932 36 1848
f 1 36 1932
f 1 1560 36
f 1 1745 1560
f 1807 1745 1
f 663 629 962
f 331 629 663
f 331 1279 629
f 1464 1279 331
f 629 1076 962
f 1279 1076 629
f 1279 1694 1076
f 36 1766 1848
f 36 1070 1766
f 1560 1070 36
f 1745 1070 1560
f 1745 1878 1070
f 1754 1851 716
f 1754 716 522
f 1754 1303 1851
f 1754 1733 1303
f 152 1733 1754
f 1340 1322 926
f 1851 1340 926
f 1340 26 1322
f 440 26 1340
f 1257 440 1340
f 1257 1340 1851
f 1303 1257 1851
f 440 1765 26
f 1303 699 1257
f 1765 242 26
f 1463 699 1303
f 1463 914 699
f 1733 1463 1303
f 459 1463 1733
f 1316 1733 152
f 1316 459 1733
f 660 1316 152
f 1694 1482 1312
f 897 1482 1694
f 695 1482 897
f 1482 1738 1312
f 1679 75 1482
f 695 1679 1482
f 1571 1679 695
f 718 75 1679
f 718 279 75
f 538 718 1679
f 911 1679 1571
f 911 538 1679
f 470 718 538
f 1244 1601 1738
f 1482 1244 1738
f 75 1244 1482
f 75 1441 1244
f 1112 1441 75
f 279 1112 75
f 718 1074 279
f 234 1112 279
f 1074 234 279
f 470 1074 718
f 470 327 1074
f 1244 522 1601
f 1244 1754 522
f 1062 1754 1244
f 1701 1062 1244
f 1441 1701 1244
f 1112 1700 1441
f 3 1701 1441
f 1700 3 1441
f 234 1700 1112
f 1074 887 234
f 327 887 1074
f 327 1063 887
f 1150 1367 1745
f 1229 1367 1150
f 1229 817 1367
f 660 152 1754
f 1062 660 1754
f 1701 715 1062
f 951 1229 1150
f 1063 1229 887
f 1229 1063 817
f 1102 660 1062
f 715 1102 1062
f 3 715 1701
f 3 381 715
f 1700 381 3
f 1700 1983 381
f 234 1983 1700
f 234 951 1983
f 951 887 1229
f 887 951 234
f 1807 1150 1745
f 1400 1150 1807
f 1091 1150 1400
f 867 1150 1091
f 867 1504 1150
f 1504 951 1150
f 1102 1007 660
f 715 1007 1102
f 715 722 1007
f 381 722 715
f 381 1185 722
f 1185 1504 867
f 1983 1185 381
f 1983 1504 1185
f 951 1504 1983
f 1464 897 1279
f 1228 897 1464
f 1298 189 1339
f 1719 1429 1228
f 1203 1429 1719
f 233 1963 1203
f 429 189 1298
f 429 1641 189
f 1260 1963 233
f 1260 354 1963
f 246 354 1260
f 246 598 354
f 598 246 429
f 246 1641 429
f 897 1694 1279
f 1203 479 1429
f 566 429 1298
f 658 1449 479
f 1963 479 1203
f 1963 658 479
f 1963 335 658
f 354 335 1963
f 354 1242 335
f 1242 598 566
f 598 1242 354
f 598 429 566
f 1228 695 897
f 310 1298 1339
f 1429 695 1228
f 1429 1571 695
f 1298 310 566
f 479 1571 1429
f 479 911 1571
f 1598 566 310
f 1449 911 479
f 658 724 1449
f 335 724 658
f 335 1133 724
f 1242 1133 335
f 1242 1598 1133
f 1598 1242 566
f 1745 1339 1878
f 1367 1360 1745
f 1360 1339 1745
f 1360 310 1339
f 911 1230 538
f 916 310 1360
f 1598 916 1133
f 1598 310 916
f 1230 470 538
f 1449 1230 911
f 724 1230 1449
f 724 721 1230
f 1133 721 724
f 1133 916 721
f 916 324 721
f 324 916 1360
f 1230 327 470
f 1230 876 327
f 876 705 324
f 721 876 1230
f 721 705 876
f 705 721 324
f 817 1360 1367
f 817 324 1360
f 324 817 876
f 876 1063 327
f 1063 876 817
f 183 185 1989
f 37 1989 1863
f 37 183 1989
f 1989 185 105
f 183 1932 185
f 1917 1932 183
f 1245 1 1917
f 1822 1807 1245
f 37 1917 183
f 1801 1917 37
f 1245 1917 1801
f 1819 1245 1801
f 1819 1822 1245
f 1917 1 1932
f 1807 1 1245
f 1257 699 440
f 242 465 989
f 465 242 1765
f 1403 465 1765
f 1556 1765 440
f 1556 1403 1765
f 621 440 699
f 621 1556 440
f 914 621 699
f 350 465 1403
f 363 1403 1556
f 363 350 1403
f 879 1556 621
f 879 363 1556
f 407 621 914
f 407 879 621
f 1463 407 914
f 1316 579 459
f 1232 1069 1822
f 301 1225 1069
f 465 282 989
f 465 1033 282
f 350 1033 465
f 350 1442 1033
f 363 1442 350
f 879 1043 363
f 407 1043 879
f 407 1261 1043
f 1261 535 455
f 1463 1261 407
f 1463 535 1261
f 535 301 455
f 535 782 301
f 459 535 1463
f 459 782 535
f 782 1225 301
f 782 579 1225
f 579 782 459
f 371 1822 1819
f 371 777 1822
f 777 51 1822
f 51 1232 1822
f 247 1054 371
f 1054 777 371
f 1054 418 777
f 418 51 777
f 418 1503 51
f 1503 1261 51
f 1261 1232 51
f 1261 455 1232
f 455 1069 1232
f 455 301 1069
f 282 1054 247
f 282 1033 1054
f 1033 1442 1054
f 1442 418 1054
f 363 418 1442
f 1043 418 363
f 1043 1503 418
f 1261 1503 1043
f 489 1091 1400
f 489 1185 1091
f 1185 867 1091
f 660 579 1316
f 660 498 579
f 1007 498 660
f 1007 1071 498
f 1071 722 489
f 722 1071 1007
f 722 1185 489
f 1069 1807 1822
f 1069 1400 1807
f 1069 672 1400
f 672 489 1400
f 1225 672 1069
f 1225 694 672
f 694 1071 672
f 1071 489 672
f 579 694 1225
f 579 498 694
f 498 1071 694

