v -0.330032 0.186167 0.00880539
v -0.327706 0.186167 0.0265735
v -0.327642 0.203871 0.0265735
v -0.329903 0.203871 0.00880539
v -0.329903 0.203871 -0.00883346
v -0.329968 0.186167 -0.00883346
v -0.323313 -0.611958 -0.00883346
v -0.323313 -0.611958 0.00880539
v -0.321051 -0.611958 0.026315
v -0.323054 0.186167 0.062045
v -0.32299 0.203871 0.062045
v -0.326996 0.221576 0.0265735
v -0.329322 0.221576 0.00880539
v -0.329322 0.221576 -0.00883346
v -0.327642 0.203871 -0.0265369
v -0.327706 0.186167 -0.0265369
v -0.320987 -0.611958 -0.0267954
v -0.318338 -0.611958 0.046926
v -0.320534 0.186167 0.0787147
v -0.316335 -0.611958 0.062045
v -0.32047 0.203871 0.0785208
v -0.320147 0.221576 0.0767117
v -0.322344 0.221576 0.062045
v -0.326091 0.239281 0.0265735
v -0.328353 0.239281 0.00880539
v -0.328353 0.239281 -0.00883346
v -0.32467 0.221576 -0.044305
v -0.325316 0.203871 -0.044305
v -0.32538 0.186167 -0.044305
v -0.319501 -0.611958 -0.0381023
v -0.323054 0.186167 -0.0620085
v -0.318919 0.186167 0.0875664
v -0.318919 0.203871 0.0873726
v -0.313362 -0.611958 0.0797485
v -0.318531 0.221576 0.0855635
v -0.319694 0.239281 0.0739981
v -0.321374 0.239281 0.062045
v -0.319307 0.250186 0.0720597
v -0.326996 0.256986 0.00880539
v -0.3237 0.239281 -0.044305
v -0.326996 0.256986 -0.00883346
v -0.319307 0.250186 -0.0720232
v -0.322344 0.221576 -0.0620085
v -0.32299 0.203871 -0.0620085
v -0.318338 -0.611958 -0.0468894
v -0.32047 0.203871 -0.0784197
v -0.32047 0.186167 -0.0786135
v -0.320405 0.168334 -0.0780966
v -0.316335 -0.611958 -0.0620085
v -0.315042 0.186167 0.0975165
v -0.314978 0.203871 0.0975165
v -0.30787 -0.611958 0.0975165
v -0.314332 0.221576 0.0975165
v -0.313298 0.239281 0.0975165
v -0.318079 0.239281 0.0828498
v -0.317433 0.256472 0.0787147
v -0.318725 0.261989 0.0679246
v -0.320082 0.256472 0.062045
v -0.319501 0.269174 0.0561008
v -0.325057 0.274819 0.00880539
v -0.321374 0.239281 -0.0620085
v -0.320082 0.256472 -0.0620085
v -0.325057 0.274819 -0.00883346
v -0.319501 0.269174 -0.0560642
v -0.318725 0.261989 -0.0678881
v -0.317433 0.256472 -0.0786781
v -0.318014 0.239281 -0.0828133
v -0.319694 0.239281 -0.0739615
v -0.320147 0.221576 -0.0766106
v -0.318531 0.221576 -0.0855269
v -0.318854 0.203871 -0.0872714
v -0.318919 0.186167 -0.0875299
v -0.313362 -0.611958 -0.0797765
v -0.307741 0.186167 0.11522
v -0.302701 0.203871 0.127173
v -0.302895 -0.611958 0.109534
v -0.298695 0.221576 0.135249
v -0.301861 0.239281 0.12517
v -0.301538 0.249288 0.124395
v -0.311812 0.256986 0.0975165
v -0.315172 0.274819 0.0797485
v -0.315947 0.292523 0.062045
v -0.318079 0.274947 0.062045
v -0.318208 0.293037 0.0446646
v -0.322925 0.292523 0.00880539
v -0.322925 0.292523 -0.00883346
v -0.318208 0.293037 -0.044628
v -0.318079 0.274947 -0.0620085
v -0.315947 0.292523 -0.0620085
v -0.315107 0.274819 -0.0797765
v -0.311812 0.256986 -0.09748
v -0.313233 0.239281 -0.09748
v -0.314267 0.221576 -0.09748
v -0.314978 0.203871 -0.09748
v -0.315042 0.186167 -0.09748
v -0.30787 -0.611958 -0.09748
v -0.293009 0.186167 0.150692
v -0.292945 0.203871 0.150692
v -0.299148 -0.611958 0.11858
v -0.286677 -0.611958 0.148624
v -0.292234 0.221576 0.150692
v -0.291265 0.239281 0.150692
v -0.289779 0.256986 0.150692
v -0.29792 0.255959 0.131373
v -0.304187 0.255959 0.116254
v -0.300892 0.261091 0.122844
v -0.309744 0.274819 0.0975165
v -0.312975 0.292523 0.0797485
v -0.313233 0.310228 0.062045
v -0.318854 0.299323 0.0335515
v -0.31963 0.304198 0.0217276
v -0.320341 0.310228 0.00796545
v -0.319307 0.320107 0.00150433
v -0.319307 0.320107 -0.00146779
v -0.320341 0.310228 -0.00799351
v -0.31963 0.304198 -0.0217557
v -0.318854 0.299323 -0.0335795
v -0.31291 0.292523 -0.0797765
v -0.313233 0.310228 -0.0620085
v -0.309679 0.274819 -0.09748
v -0.303735 0.274819 -0.111953
v -0.300892 0.260963 -0.122808
v -0.301538 0.24916 -0.124358
v -0.305932 0.239281 -0.115248
v -0.298178 0.239281 -0.133985
v -0.302314 0.221576 -0.126361
v -0.299018 0.203871 -0.136053
v -0.302701 0.186167 -0.127266
v -0.302766 -0.611958 -0.109821
v -0.286419 0.168334 0.164131
v -0.286483 0.186167 0.16426
v -0.286483 0.203871 0.164195
v -0.282865 -0.611958 0.157734
v -0.28616 0.221576 0.163678
v -0.285644 0.239281 0.162838
v -0.284868 0.256986 0.161611
v -0.284157 0.269815 0.160383
v -0.287065 0.275332 0.152113
v -0.307483 0.292523 0.0975165
v -0.310132 0.310228 0.0797485
v -0.310003 0.327933 0.062045
v -0.315624 0.310228 0.0442769
v -0.318596 0.31613 0.0133282
v -0.317304 0.326778 0.00796545
v -0.313492 0.345638 0.00880539
v -0.317239 0.326778 -0.00799351
v -0.318596 0.31613 -0.0132916
v -0.313492 0.345638 -0.00883346
v -0.310132 0.310228 -0.0797765
v -0.307418 0.292523 -0.09748
v -0.310003 0.327933 -0.0620085
v -0.292751 0.292523 -0.132952
v -0.283382 0.281618 -0.158925
v -0.295012 0.274819 -0.132952
v -0.289779 0.256986 -0.150655
v -0.29792 0.255831 -0.131336
v -0.287 0.275332 -0.152076
v -0.2912 0.239281 -0.150655
v -0.292234 0.221576 -0.150655
v -0.292945 0.203871 -0.150655
v -0.293009 0.186167 -0.150655
v -0.293074 -0.611958 -0.13321
v -0.280798 0.186167 0.173112
v -0.280733 0.203871 0.173047
v -0.275758 -0.611958 0.168395
v -0.280345 0.221576 0.17253
v -0.279764 0.239281 0.17169
v -0.278924 0.256986 0.170463
v -0.27873 0.275332 0.167167
v -0.275306 0.292523 0.168395
v -0.283382 0.281618 0.158897
v -0.286354 0.292523 0.148366
v -0.301797 0.303429 0.107337
v -0.304381 0.309715 0.0981626
v -0.303089 0.327933 0.0926707
v -0.301926 0.339223 0.0898924
v -0.306772 0.327933 0.0797485
v -0.314655 0.327933 0.0265735
v -0.30212 0.357313 0.0737396
v -0.306513 0.345638 0.062045
v -0.311166 0.345638 0.0265735
v -0.303024 0.361033 0.062045
v -0.309421 0.363471 0.00880539
v -0.314655 0.327933 -0.0265369
v -0.312329 0.327933 -0.044305
v -0.309421 0.363471 -0.00883346
v -0.303024 0.361033 -0.0620085
v -0.308839 0.345638 -0.044305
v -0.306772 0.327933 -0.0797765
v -0.301926 0.339095 -0.0898559
v -0.303024 0.327933 -0.0926342
v -0.304381 0.309715 -0.0981261
v -0.301797 0.303429 -0.107301
v -0.306513 0.345638 -0.0620085
v -0.30212 0.357313 -0.0737677
v -0.286354 0.292523 -0.148329
v -0.282607 0.292523 -0.157245
v -0.275306 0.292523 -0.168423
v -0.284157 0.269687 -0.160347
v -0.284868 0.256986 -0.161574
v -0.285644 0.239281 -0.162802
v -0.286096 0.221576 -0.163642
v -0.286483 0.203871 -0.164223
v -0.286483 0.186167 -0.164288
v -0.282801 -0.611958 -0.157633
v -0.286548 -0.611958 -0.148846
v -0.271816 0.168334 0.184935
v -0.271881 0.186167 0.185065
v -0.271881 0.203871 0.185
v -0.267746 -0.611958 0.179637
v -0.271493 0.221576 0.184483
v -0.270912 0.239281 0.183708
v -0.270007 0.256986 0.182609
v -0.26878 0.274819 0.180994
v -0.267487 0.292523 0.179314
v -0.266518 0.303942 0.178022
v -0.271299 0.309972 0.169558
v -0.282607 0.292523 0.157217
v -0.284933 0.310228 0.144877
v -0.282736 0.332167 0.139643
v -0.281314 0.345638 0.136154
v -0.297855 0.345381 0.0964827
v -0.292945 0.363471 0.0975165
v -0.300634 0.351026 0.0855635
v -0.303283 0.345381 0.0796838
v -0.299018 0.363342 0.0796838
v -0.294366 0.381175 0.0797485
v -0.297985 0.381175 0.062045
v -0.300828 0.369885 0.062045
v -0.307095 0.363471 0.0265735
v -0.301409 0.372323 0.0531287
v -0.304123 0.365139 0.0460214
v -0.302184 0.375402 0.0413048
v -0.301474 0.390284 0.018174
v -0.304963 0.381175 0.00880539
v -0.304963 0.381175 -0.00883346
v -0.301474 0.390284 -0.0182021
v -0.300698 0.387205 -0.0300259
v -0.301409 0.372323 -0.0530921
v -0.304123 0.365139 -0.0460495
v -0.307095 0.363471 -0.0265369
v -0.300828 0.369885 -0.0620085
v -0.303283 0.345381 -0.0797119
v -0.300569 0.351026 -0.0855915
v -0.292945 0.363471 -0.09748
v -0.297791 0.345381 -0.0964462
v -0.289973 0.345638 -0.115248
v -0.284997 0.345638 -0.127266
v -0.282736 0.332167 -0.139606
v -0.299406 0.327933 -0.101486
v -0.284933 0.310228 -0.14484
v -0.297985 0.381175 -0.0620085
v -0.294302 0.381175 -0.0797765
v -0.299018 0.363342 -0.0797119
v -0.281056 0.310228 -0.153692
v -0.270266 0.327933 -0.16558
v -0.271299 0.309972 -0.169586
v -0.266518 0.303942 -0.17805
v -0.267487 0.292523 -0.179278
v -0.26878 0.274819 -0.181022
v -0.278665 0.275332 -0.167131
v -0.278859 0.256986 -0.170426
v -0.279699 0.239281 -0.171654
v -0.280345 0.221576 -0.172494
v -0.280733 0.203871 -0.173075
v -0.280733 0.186167 -0.17314
v -0.282736 -0.611958 -0.157762
v -0.24946 0.186167 0.214334
v -0.260961 -0.611958 0.188489
v -0.242611 0.203871 0.223185
v -0.256632 0.221576 0.203867
v -0.254048 0.240564 0.205611
v -0.248168 0.247235 0.212654
v -0.254371 0.256986 0.203027
v -0.261995 0.274819 0.189911
v -0.245002 0.292523 0.208583
v -0.23615 0.292523 0.220084
v -0.23447 0.310228 0.217887
v -0.243322 0.310228 0.206386
v -0.265161 0.315745 0.176278
v -0.270266 0.327933 0.165552
v -0.281056 0.310228 0.153728
v -0.274724 0.345638 0.150692
v -0.279505 0.326907 0.14927
v -0.269878 0.363342 0.151402
v -0.279182 0.362188 0.131502
v -0.283899 0.355388 0.124589
v -0.273496 0.381175 0.132923
v -0.287582 0.381817 0.0984857
v -0.285127 0.39888 0.0921538
v -0.283705 0.407861 0.0886648
v -0.289262 0.39888 0.0797485
v -0.283641 0.425437 0.0707029
v -0.293074 0.39888 0.062045
v -0.300698 0.387205 0.0299979
v -0.302055 0.392209 0.00880539
v -0.299406 0.401061 0.00880539
v -0.302055 0.392209 -0.00883346
v -0.299406 0.401061 -0.00883346
v -0.293074 0.39888 -0.0620085
v -0.285127 0.39888 -0.0921173
v -0.287582 0.381817 -0.0985138
v -0.283899 0.355388 -0.124617
v -0.281314 0.345638 -0.136117
v -0.274724 0.345638 -0.150655
v -0.279505 0.326907 -0.149298
v -0.289262 0.39888 -0.0797765
v -0.266712 0.357313 -0.16067
v -0.268198 0.345638 -0.162737
v -0.26374 0.327933 -0.174432
v -0.259928 0.309972 -0.184834
v -0.243322 0.310228 -0.20635
v -0.23447 0.310228 -0.217851
v -0.23615 0.292523 -0.220047
v -0.245002 0.292523 -0.208547
v -0.253143 0.274819 -0.201439
v -0.270007 0.256986 -0.182573
v -0.270847 0.239281 -0.183671
v -0.271429 0.221576 -0.184447
v -0.271881 0.203871 -0.184964
v -0.271881 0.186167 -0.185028
v -0.267681 -0.611958 -0.179601
v -0.275629 -0.611958 -0.168552
v -0.242611 0.186167 0.22325
v -0.236538 -0.611958 0.220278
v -0.233695 0.203871 0.233717
v -0.233307 0.221576 0.233329
v -0.242159 0.221576 0.222668
v -0.23376 0.186167 0.233781
v -0.24287 0.240564 0.220084
v -0.240027 0.256986 0.221635
v -0.236409 0.275075 0.223121
v -0.230012 0.281233 0.230034
v -0.228914 0.292523 0.228936
v -0.226717 0.310228 0.226739
v -0.23111 0.339223 0.213558
v -0.242224 0.327805 0.202574
v -0.253919 0.327805 0.187326
v -0.26374 0.327933 0.174404
v -0.268198 0.345638 0.162709
v -0.266712 0.357313 0.160642
v -0.264967 0.369116 0.157799
v -0.267875 0.381175 0.145716
v -0.266454 0.391567 0.142809
v -0.283124 0.388103 0.105076
v -0.280733 0.381817 0.115026
v -0.275564 0.39888 0.11522
v -0.264515 0.403371 0.138415
v -0.26697 0.410812 0.126592
v -0.264967 0.422615 0.121681
v -0.278342 0.414917 0.095772
v -0.270201 0.435059 0.0983565
v -0.277567 0.43429 0.0797485
v -0.282154 0.421075 0.0797485
v -0.285062 0.412223 0.0797485
v -0.267552 0.464952 0.0750965
v -0.275435 0.452123 0.062045
v -0.281767 0.433905 0.0636603
v -0.282478 0.43955 0.0442769
v -0.285385 0.430697 0.0442769
v -0.29456 0.416585 0.00880539
v -0.292234 0.416585 0.0265735
v -0.286807 0.418381 0.0636603
v -0.29456 0.416585 -0.00883346
v -0.289908 0.416585 -0.044305
v -0.286807 0.418381 -0.0636237
v -0.283641 0.425437 -0.0706663
v -0.283705 0.407733 -0.0886283
v -0.275564 0.39888 -0.115248
v -0.283124 0.388103 -0.105104
v -0.273496 0.381175 -0.132952
v -0.279182 0.362059 -0.131465
v -0.269878 0.363342 -0.15143
v -0.285062 0.412095 -0.0797765
v -0.264967 0.369116 -0.157827
v -0.253208 0.380149 -0.169005
v -0.259798 0.363342 -0.167325
v -0.22956 0.350898 -0.211519
v -0.261543 0.345638 -0.171589
v -0.247457 0.33345 -0.194009
v -0.226717 0.310228 -0.226702
v -0.228914 0.292523 -0.228899
v -0.232403 0.327933 -0.215202
v -0.230012 0.281233 -0.229998
v -0.236409 0.275075 -0.223084
v -0.240027 0.256986 -0.221598
v -0.263223 0.256986 -0.191425
v -0.248104 0.247107 -0.212682
v -0.264063 0.239281 -0.192588
v -0.264644 0.221576 -0.193363
v -0.249008 0.221576 -0.21378
v -0.257343 0.203871 -0.203895
v -0.242611 0.186167 -0.223213
v -0.265097 0.186167 -0.19388
v -0.252045 -0.611958 -0.200018
v -0.229237 -0.611958 0.229259
v -0.223163 0.203871 0.242569
v -0.222646 0.221576 0.242181
v -0.232726 0.239281 0.232683
v -0.223228 0.186167 0.242633
v -0.231821 0.256986 0.231843
v -0.230981 0.26943 0.231003
v -0.223098 0.275075 0.236366
v -0.220062 0.292523 0.236107
v -0.217865 0.310228 0.234428
v -0.215216 0.327933 0.232425
v -0.213536 0.339223 0.231068
v -0.211533 0.351026 0.229582
v -0.224132 0.327933 0.22409
v -0.218834 0.363471 0.218856
v -0.22956 0.351026 0.211555
v -0.245907 0.345638 0.192043
v -0.261543 0.345638 0.171561
v -0.247457 0.33345 0.194046
v -0.243387 0.363471 0.188683
v -0.250171 0.363471 0.179831
v -0.259798 0.363342 0.167297
v -0.253208 0.380149 0.169041
v -0.25114 0.39888 0.163355
v -0.263029 0.381175 0.154568
v -0.260315 0.397982 0.149529
v -0.248556 0.44404 0.142421
v -0.262448 0.416585 0.132665
v -0.256116 0.43429 0.132923
v -0.265291 0.441474 0.104818
v -0.267746 0.447504 0.0929937
v -0.27033 0.452892 0.0805238
v -0.263158 0.470469 0.0805238
v -0.254371 0.4892 0.0814283
v -0.250559 0.501132 0.0766471
v -0.265161 0.476884 0.0654048
v -0.268392 0.470469 0.0604943
v -0.270783 0.469828 0.0442769
v -0.273109 0.469828 0.0265735
v -0.284028 0.444168 0.0204354
v -0.283253 0.441987 0.0322592
v -0.288745 0.43429 0.00880539
v -0.285385 0.430697 -0.044305
v -0.288745 0.43429 -0.00883346
v -0.283253 0.441987 -0.0322227
v -0.282478 0.43955 -0.044305
v -0.281767 0.433905 -0.0636237
v -0.275435 0.452123 -0.0620085
v -0.267552 0.464952 -0.0751245
v -0.277567 0.43429 -0.0797765
v -0.282154 0.420947 -0.0797765
v -0.270201 0.435059 -0.0983199
v -0.278278 0.414917 -0.0957355
v -0.26697 0.410683 -0.126555
v -0.264515 0.403371 -0.138379
v -0.266454 0.391567 -0.142772
v -0.267875 0.381175 -0.14568
v -0.263029 0.381175 -0.154596
v -0.25114 0.39888 -0.163319
v -0.246747 0.385281 -0.175336
v -0.227686 0.363471 -0.209063
v -0.232209 0.37784 -0.197304
v -0.231046 0.339095 -0.213522
v -0.236086 0.345253 -0.204928
v -0.245907 0.345638 -0.192006
v -0.252691 0.345638 -0.183154
v -0.213988 0.393364 -0.213974
v -0.215991 0.381175 -0.215977
v -0.218769 0.363471 -0.21882
v -0.217865 0.310228 -0.234456
v -0.213536 0.339095 -0.231096
v -0.220062 0.292523 -0.236136
v -0.230981 0.26943 -0.231031
v -0.231821 0.256986 -0.231807
v -0.24287 0.240436 -0.220112
v -0.242159 0.221576 -0.222632
v -0.242547 0.203871 -0.223149
v -0.233695 0.203871 -0.23368
v -0.233695 0.186167 -0.233745
v -0.23363 0.168334 -0.233616
v -0.229172 -0.611958 -0.229222
v -0.236344 -0.611958 -0.22037
v -0.220579 -0.611958 0.236237
v -0.214311 0.203871 0.249417
v -0.213794 0.221576 0.24903
v -0.220126 0.240436 0.242892
v -0.214376 0.186167 0.249482
v -0.209077 -0.611958 0.245153
v -0.221612 0.256986 0.240049
v -0.210305 0.274819 0.246316
v -0.208561 0.292523 0.245024
v -0.178063 0.303942 0.266539
v -0.206364 0.310228 0.243344
v -0.194023 0.333578 0.247479
v -0.204942 0.345381 0.236107
v -0.160683 0.357313 0.266733
v -0.188724 0.363471 0.243409
v -0.209142 0.363471 0.227708
v -0.213988 0.393364 0.21401
v -0.216056 0.381175 0.216078
v -0.183168 0.345638 0.252713
v -0.171602 0.345638 0.261564
v -0.227686 0.363471 0.2091
v -0.2304 0.389771 0.194886
v -0.23951 0.38156 0.186357
v -0.246747 0.385281 0.175373
v -0.249073 0.409914 0.160642
v -0.252885 0.416072 0.151208
v -0.2503 0.43429 0.145135
v -0.232403 0.447248 0.162063
v -0.239122 0.45161 0.150368
v -0.23111 0.479963 0.14268
v -0.233695 0.486506 0.132277
v -0.231433 0.498309 0.125881
v -0.245777 0.455972 0.136671
v -0.246036 0.473548 0.118838
v -0.248556 0.461745 0.124847
v -0.2503 0.45084 0.131631
v -0.246682 0.421717 0.157476
v -0.244098 0.43429 0.153987
v -0.263288 0.452892 0.0983565
v -0.256439 0.469828 0.0975165
v -0.248491 0.479321 0.107014
v -0.246294 0.492407 0.0975165
v -0.248168 0.496256 0.088471
v -0.245971 0.506392 0.0814283
v -0.236732 0.52461 0.0812991
v -0.247651 0.512935 0.0681184
v -0.266001 0.478808 0.0535809
v -0.252045 0.506392 0.0621096
v -0.261801 0.485864 0.0604943
v -0.262706 0.489072 0.0442769
v -0.27537 0.469828 0.00880539
v -0.284739 0.445965 0.00880539
v -0.284739 0.445965 -0.00883346
v -0.284028 0.444168 -0.0203989
v -0.277761 0.452123 -0.044305
v -0.270783 0.469828 -0.044305
v -0.268392 0.470469 -0.0605224
v -0.265161 0.476755 -0.0654328
v -0.250559 0.501132 -0.0766752
v -0.254306 0.4892 -0.0814564
v -0.263158 0.470469 -0.0804872
v -0.267746 0.447504 -0.0929572
v -0.27033 0.452892 -0.0804872
v -0.265291 0.441346 -0.104781
v -0.263094 0.435059 -0.115507
v -0.262383 0.416585 -0.132693
v -0.256116 0.43429 -0.132952
v -0.248556 0.44404 -0.142385
v -0.260315 0.397982 -0.149492
v -0.252885 0.416072 -0.151236
v -0.228655 0.39888 -0.192652
v -0.230335 0.389643 -0.194849
v -0.249008 0.409785 -0.160605
v -0.239704 0.417483 -0.168875
v -0.225941 0.382715 -0.203442
v -0.194863 0.389643 -0.230385
v -0.203456 0.382715 -0.225927
v -0.209077 0.363471 -0.227672
v -0.211533 0.350898 -0.229545
v -0.219092 0.399137 -0.204864
v -0.211468 0.405167 -0.211454
v -0.204878 0.399137 -0.219078
v -0.206364 0.310228 -0.243307
v -0.178063 0.303942 -0.266503
v -0.194023 0.33345 -0.247443
v -0.171538 0.345638 -0.261528
v -0.208561 0.292523 -0.244987
v -0.210305 0.274819 -0.246344
v -0.223098 0.275075 -0.236394
v -0.221612 0.256986 -0.240012
v -0.220062 0.240436 -0.242855
v -0.232726 0.239281 -0.232711
v -0.233307 0.221576 -0.233293
v -0.223098 0.203871 -0.242532
v -0.223163 0.186167 -0.242597
v -0.220385 -0.611958 -0.236329
v -0.203908 0.203871 0.257429
v -0.184525 0.221576 0.27145
v -0.183749 0.239281 0.270868
v -0.192601 0.239281 0.264084
v -0.185042 0.203871 0.271902
v -0.212631 0.247235 0.248125
v -0.185106 0.186167 0.271902
v -0.179614 -0.611958 0.267702
v -0.191503 0.256986 0.263244
v -0.201453 0.274819 0.253165
v -0.179291 0.292523 0.267509
v -0.168436 0.292523 0.275326
v -0.169599 0.309972 0.271256
v -0.165593 0.327933 0.270287
v -0.174445 0.327933 0.263761
v -0.151443 0.363342 0.269899
v -0.15784 0.369116 0.264924
v -0.163396 0.39888 0.251162
v -0.169018 0.380149 0.253229
v -0.167338 0.363342 0.25982
v -0.179873 0.363471 0.250193
v -0.16275 0.345638 0.268219
v -0.153769 0.310228 0.281012
v -0.150668 0.345638 0.274745
v -0.194927 0.389771 0.230422
v -0.203456 0.382715 0.225964
v -0.225941 0.382715 0.203479
v -0.204878 0.399137 0.219179
v -0.211468 0.405167 0.211491
v -0.219157 0.399137 0.2049
v -0.228655 0.39888 0.192689
v -0.216379 0.416585 0.199667
v -0.230335 0.425181 0.177117
v -0.208754 0.452123 0.189781
v -0.217219 0.468545 0.168266
v -0.229495 0.459051 0.158316
v -0.235246 0.43429 0.165746
v -0.211533 0.44032 0.193464
v -0.233566 0.469828 0.145975
v -0.226846 0.469828 0.154827
v -0.210241 0.473676 0.174016
v -0.207139 0.488045 0.168266
v -0.221354 0.487147 0.150368
v -0.216056 0.502158 0.146169
v -0.212631 0.513961 0.141646
v -0.213471 0.533077 0.125235
v -0.22788 0.491766 0.137705
v -0.228397 0.510112 0.119226
v -0.233372 0.504596 0.114057
v -0.242418 0.486121 0.113863
v -0.250236 0.468545 0.113863
v -0.230917 0.514987 0.107402
v -0.232984 0.518965 0.0975165
v -0.230335 0.531537 0.0882125
v -0.232726 0.535771 0.0763887
v -0.244291 0.522044 0.0621096
v -0.248814 0.515372 0.0562946
v -0.234276 0.541288 0.0612051
v -0.263869 0.491766 0.0265735
v -0.265032 0.49446 0.00880539
v -0.267746 0.482914 0.0265735
v -0.25534 0.505237 0.0442769
v -0.27537 0.469828 -0.00883346
v -0.268909 0.48548 0.00880539
v -0.273109 0.469828 -0.0265369
v -0.266001 0.478808 -0.053609
v -0.261801 0.485864 -0.0605224
v -0.25198 0.506392 -0.0620731
v -0.247587 0.512935 -0.0680819
v -0.236732 0.52461 -0.0812626
v -0.245971 0.506392 -0.0814564
v -0.248168 0.496256 -0.0884344
v -0.248491 0.479321 -0.107042
v -0.250236 0.468545 -0.113827
v -0.256568 0.452123 -0.115248
v -0.2503 0.45084 -0.131659
v -0.246036 0.473548 -0.118802
v -0.231433 0.498309 -0.125844
v -0.233695 0.486506 -0.132241
v -0.23111 0.479963 -0.142708
v -0.233566 0.469828 -0.145938
v -0.232403 0.447119 -0.162091
v -0.244033 0.43429 -0.154015
v -0.246682 0.421588 -0.157504
v -0.2503 0.43429 -0.145098
v -0.232661 0.413249 -0.180182
v -0.216314 0.416585 -0.19963
v -0.230335 0.425052 -0.177081
v -0.226135 0.418125 -0.186127
v -0.17535 0.385281 -0.246732
v -0.179808 0.363471 -0.250156
v -0.192601 0.39888 -0.228641
v -0.163332 0.39888 -0.251125
v -0.160618 0.357184 -0.266697
v -0.193377 0.44032 -0.211519
v -0.196543 0.428388 -0.213974
v -0.199644 0.416585 -0.2163
v -0.213923 0.428388 -0.196594
v -0.211533 0.44032 -0.193428
v -0.196801 0.464439 -0.196787
v -0.160618 0.409785 -0.249058
v -0.184848 0.309972 -0.259912
v -0.176254 0.315745 -0.265146
v -0.165529 0.327933 -0.27025
v -0.169599 0.309972 -0.271284
v -0.168436 0.292523 -0.27529
v -0.179291 0.292523 -0.267472
v -0.188143 0.292523 -0.260688
v -0.17438 0.327933 -0.263725
v -0.162686 0.345638 -0.268183
v -0.189888 0.274819 -0.26198
v -0.203004 0.256986 -0.254356
v -0.212631 0.247107 -0.248153
v -0.21373 0.221576 -0.248993
v -0.222582 0.221576 -0.242144
v -0.214246 0.203871 -0.249381
v -0.203908 0.203871 -0.257328
v -0.203908 0.186167 -0.257393
v -0.208884 -0.611958 -0.245246
v -0.172507 0.221576 0.280366
v -0.171667 0.239281 0.279785
v -0.182586 0.256986 0.270028
v -0.173088 0.203871 0.280754
v -0.173153 0.186167 0.280818
v -0.168565 -0.611958 0.275585
v -0.168436 -0.611702 0.275714
v -0.181036 0.274819 0.268801
v -0.157258 0.292523 0.282628
v -0.167144 0.275332 0.278686
v -0.16036 0.269815 0.284178
v -0.158938 0.281618 0.283403
v -0.13613 0.345638 0.281335
v -0.131478 0.362188 0.279203
v -0.145757 0.381175 0.267896
v -0.142849 0.391567 0.266475
v -0.154609 0.381175 0.26305
v -0.172248 0.39888 0.244378
v -0.17535 0.385409 0.246768
v -0.160683 0.409914 0.24903
v -0.144852 0.310228 0.284954
v -0.142462 0.320492 0.28392
v -0.139619 0.332295 0.282757
v -0.149311 0.327035 0.279526
v -0.192666 0.39888 0.228677
v -0.180196 0.413378 0.232683
v -0.199709 0.416585 0.216401
v -0.213988 0.428516 0.196565
v -0.196607 0.428516 0.213946
v -0.193441 0.44032 0.211555
v -0.196801 0.464567 0.196824
v -0.218963 0.434418 0.187003
v -0.203521 0.469058 0.185711
v -0.197706 0.487532 0.1808
v -0.195186 0.49677 0.177505
v -0.211533 0.494332 0.157993
v -0.198739 0.503697 0.16762
v -0.196284 0.51627 0.161159
v -0.209917 0.52307 0.138092
v -0.19273 0.528074 0.156571
v -0.197253 0.53513 0.144747
v -0.203392 0.540005 0.132342
v -0.197706 0.553604 0.127625
v -0.193635 0.565407 0.122069
v -0.197253 0.570796 0.110245
v -0.215733 0.537054 0.11522
v -0.224585 0.521787 0.114057
v -0.228397 0.527817 0.0975165
v -0.212567 0.549242 0.105851
v -0.215022 0.553476 0.0940275
v -0.217606 0.558993 0.0797485
v -0.213923 0.569256 0.0738042
v -0.229237 0.547574 0.0665678
v -0.230917 0.550397 0.0547439
v -0.245454 0.526149 0.0442769
v -0.249719 0.517297 0.0442769
v -0.265032 0.494332 -0.00883346
v -0.268909 0.48548 -0.00883346
v -0.259992 0.505237 0.00880539
v -0.248297 0.532051 0.00053516
v -0.248297 0.532051 -0.00056323
v -0.267746 0.482914 -0.0265369
v -0.263869 0.491766 -0.0265369
v -0.262706 0.489072 -0.044305
v -0.25534 0.505237 -0.044305
v -0.248814 0.515372 -0.0562581
v -0.244291 0.522044 -0.0620731
v -0.234276 0.541288 -0.0612331
v -0.232726 0.535771 -0.0763521
v -0.23027 0.531537 -0.088176
v -0.230917 0.514987 -0.107365
v -0.228397 0.510112 -0.119189
v -0.233307 0.504596 -0.11402
v -0.242418 0.486121 -0.113827
v -0.22788 0.491766 -0.137668
v -0.213471 0.533077 -0.125198
v -0.214763 0.4824 -0.16222
v -0.210241 0.473548 -0.174044
v -0.226846 0.469828 -0.15479
v -0.212631 0.513961 -0.141609
v -0.216056 0.50203 -0.146132
v -0.221354 0.487147 -0.150332
v -0.215539 0.452123 -0.180893
v -0.235181 0.43429 -0.165709
v -0.169018 0.380021 -0.253193
v -0.167273 0.363214 -0.259783
v -0.154544 0.381175 -0.263014
v -0.157775 0.369116 -0.264952
v -0.151378 0.363214 -0.269863
v -0.150668 0.345638 -0.274644
v -0.153704 0.310228 -0.28104
v -0.165722 0.43429 -0.235166
v -0.17703 0.425052 -0.230321
v -0.189758 0.452123 -0.208676
v -0.180906 0.452123 -0.215525
v -0.162039 0.447119 -0.232388
v -0.168824 0.417483 -0.239689
v -0.20869 0.452123 -0.189745
v -0.203521 0.469058 -0.185674
v -0.193506 0.476371 -0.193492
v -0.157452 0.421588 -0.246667
v -0.142397 0.44404 -0.248541
v -0.145111 0.43429 -0.250285
v -0.151185 0.416072 -0.25287
v -0.157193 0.292523 -0.282591
v -0.158938 0.28149 -0.283366
v -0.16036 0.269687 -0.284142
v -0.167144 0.275332 -0.27865
v -0.180971 0.274819 -0.268764
v -0.182586 0.256986 -0.269992
v -0.183685 0.239281 -0.270832
v -0.203908 0.221576 -0.256553
v -0.184977 0.203871 -0.271866
v -0.193893 0.186167 -0.265081
v -0.188337 -0.611958 -0.261011
v -0.163655 0.221576 0.286117
v -0.162815 0.239281 0.285664
v -0.161587 0.256986 0.284889
v -0.170439 0.256986 0.27888
v -0.164236 0.203871 0.286504
v -0.164301 0.186167 0.286504
v -0.157775 -0.611958 0.282757
v -0.168371 -0.611958 0.275714
v -0.148342 0.292523 0.286375
v -0.107377 0.303557 0.301817
v -0.150668 0.256986 0.289799
v -0.152089 0.275332 0.287086
v -0.127278 0.345638 0.285018
v -0.124629 0.355388 0.28392
v -0.132964 0.381175 0.273517
v -0.149505 0.39811 0.260337
v -0.105116 0.388103 0.283144
v -0.101045 0.39888 0.281465
v -0.138456 0.403499 0.264536
v -0.142397 0.444168 0.248577
v -0.145176 0.43429 0.250387
v -0.157517 0.421717 0.246704
v -0.168888 0.417483 0.239726
v -0.133416 0.327035 0.286375
v -0.101497 0.327933 0.299426
v -0.0898671 0.339223 0.301946
v -0.177094 0.425181 0.230357
v -0.18614 0.418125 0.226222
v -0.165787 0.43429 0.235268
v -0.162104 0.447248 0.232425
v -0.189823 0.452123 0.208777
v -0.193506 0.476371 0.193529
v -0.191697 0.508573 0.172982
v -0.17606 0.530383 0.176019
v -0.186334 0.523327 0.168589
v -0.180906 0.537183 0.164195
v -0.176836 0.548986 0.158962
v -0.189564 0.559121 0.133311
v -0.177288 0.567332 0.14184
v -0.180002 0.574388 0.131179
v -0.177288 0.585037 0.124072
v -0.177094 0.602613 0.106045
v -0.193247 0.582599 0.102298
v -0.199579 0.576441 0.0968058
v -0.209659 0.558993 0.0990026
v -0.211468 0.565279 0.0856281
v -0.195767 0.586191 0.0904739
v -0.198029 0.589399 0.0797485
v -0.194217 0.601587 0.0688938
v -0.201066 0.595044 0.0626265
v -0.196543 0.605051 0.0570699
v -0.210305 0.581444 0.062045
v -0.215926 0.572464 0.062045
v -0.225231 0.557197 0.0612051
v -0.231692 0.551808 0.0442769
v -0.237766 0.540775 0.0442769
v -0.212179 0.584139 0.0489289
v -0.226781 0.560661 0.0442769
v -0.246617 0.528587 0.0265735
v -0.250882 0.519734 0.0265735
v -0.259992 0.505237 -0.00883346
v -0.247522 0.530511 0.012359
v -0.240156 0.540775 0.0265735
v -0.234018 0.556042 0.00880539
v -0.229107 0.564894 0.00880539
v -0.229107 0.564894 -0.00883346
v -0.234018 0.556042 -0.00883346
v -0.232855 0.553989 -0.0265369
v -0.237766 0.540775 -0.044305
v -0.247522 0.530511 -0.0123871
v -0.250882 0.519734 -0.0265369
v -0.249719 0.517297 -0.044305
v -0.245454 0.526149 -0.044305
v -0.230917 0.550397 -0.054772
v -0.229237 0.547574 -0.0665958
v -0.212567 0.549242 -0.105879
v -0.213923 0.569256 -0.0737677
v -0.217606 0.558993 -0.0797119
v -0.211468 0.565279 -0.0855915
v -0.215733 0.536926 -0.115248
v -0.228332 0.527817 -0.09748
v -0.22452 0.521787 -0.11402
v -0.197253 0.570796 -0.110208
v -0.193635 0.565407 -0.122032
v -0.197706 0.553476 -0.127589
v -0.203392 0.540005 -0.132305
v -0.197189 0.53513 -0.144711
v -0.192666 0.528074 -0.156535
v -0.209853 0.52307 -0.138056
v -0.197706 0.487532 -0.180764
v -0.19622 0.51627 -0.161187
v -0.191697 0.508573 -0.17301
v -0.209142 0.506905 -0.151495
v -0.211533 0.494204 -0.157956
v -0.200549 0.522557 -0.150655
v -0.195186 0.496641 -0.177469
v -0.207074 0.488045 -0.168229
v -0.149505 0.397982 -0.2603
v -0.142785 0.391567 -0.266438
v -0.145692 0.381175 -0.26786
v -0.136065 0.345638 -0.281299
v -0.149246 0.326907 -0.27949
v -0.139554 0.332167 -0.28272
v -0.144852 0.310228 -0.284917
v -0.153963 0.43429 -0.244083
v -0.185623 0.469058 -0.203507
v -0.168178 0.452636 -0.225022
v -0.168242 0.468545 -0.21714
v -0.154803 0.469828 -0.226832
v -0.145951 0.469828 -0.233551
v -0.150345 0.451481 -0.239108
v -0.179873 0.518451 -0.179859
v -0.177482 0.496641 -0.195172
v -0.180713 0.487532 -0.197692
v -0.142656 0.479963 -0.231096
v -0.132253 0.486506 -0.23368
v -0.125856 0.498309 -0.231419
v -0.118814 0.473548 -0.246021
v -0.124823 0.461745 -0.248541
v -0.131607 0.45084 -0.250285
v -0.0929685 0.447504 -0.26773
v -0.104793 0.441346 -0.265275
v -0.132964 0.43429 -0.2561
v -0.132641 0.416585 -0.262432
v -0.138391 0.403371 -0.2645
v -0.148342 0.292523 -0.286338
v -0.152089 0.275332 -0.287049
v -0.150668 0.256986 -0.289698
v -0.161523 0.256986 -0.284852
v -0.170374 0.256986 -0.278844
v -0.171602 0.239281 -0.279683
v -0.172442 0.221576 -0.28033
v -0.18446 0.221576 -0.271413
v -0.173024 0.203871 -0.280717
v -0.185042 0.186167 -0.271866
v -0.17942 -0.611958 -0.267795
v -0.150668 0.221576 0.292319
v -0.150668 0.239281 0.291285
v -0.150668 0.203871 0.292965
v -0.150668 0.186167 0.29303
v -0.157646 -0.611958 0.282821
v -0.132964 0.292523 0.292772
v -0.0974914 0.292523 0.307503
v -0.0982021 0.309715 0.304401
v -0.124435 0.249416 0.301559
v -0.122884 0.261219 0.300913
v -0.112029 0.274819 0.303755
v -0.0964576 0.345381 0.297811
v -0.0974914 0.363471 0.292965
v -0.0985252 0.381817 0.287603
v -0.0921285 0.39888 0.285147
v -0.0886394 0.407861 0.283661
v -0.126632 0.410812 0.266992
v -0.132705 0.416713 0.262469
v -0.131671 0.45084 0.250322
v -0.118814 0.473548 0.246058
v -0.125856 0.498309 0.231455
v -0.14272 0.479963 0.231132
v -0.146015 0.469828 0.233588
v -0.150345 0.45161 0.239144
v -0.154027 0.43429 0.244119
v -0.132964 0.43429 0.256137
v -0.104793 0.441474 0.265312
v -0.0797229 0.345381 0.303303
v -0.0856026 0.351026 0.300589
v -0.0926454 0.327933 0.303045
v -0.0797875 0.310228 0.310216
v -0.0797875 0.327933 0.306792
v -0.154867 0.469828 0.226868
v -0.17787 0.461873 0.213171
v -0.174057 0.473676 0.210263
v -0.185688 0.469058 0.203543
v -0.180777 0.487532 0.197728
v -0.177546 0.49677 0.195209
v -0.173024 0.508573 0.19172
v -0.16863 0.523327 0.186292
v -0.156547 0.528074 0.192753
v -0.164236 0.537183 0.18093
v -0.160941 0.569128 0.1609
v -0.173541 0.558479 0.154697
v -0.166821 0.574131 0.148624
v -0.160941 0.586833 0.143584
v -0.172765 0.579135 0.135896
v -0.17367 0.598251 0.11522
v -0.125792 0.698706 0.0731581
v -0.126567 0.698706 0.0716075
v -0.130767 0.698706 0.0619158
v -0.136905 0.698706 0.0442769
v -0.14104 0.698706 0.0281887
v -0.145369 0.698706 0.00977456
v -0.232855 0.553989 0.0265735
v -0.212954 0.585421 0.0371051
v -0.217025 0.577467 0.0435662
v -0.227944 0.562842 0.0265735
v -0.222323 0.576184 0.00880539
v -0.222323 0.576184 -0.00883346
v -0.217025 0.577467 -0.0435297
v -0.227944 0.562842 -0.0265369
v -0.231692 0.551808 -0.044305
v -0.246617 0.528587 -0.0265369
v -0.226781 0.560661 -0.044305
v -0.212179 0.584139 -0.0488924
v -0.215926 0.572464 -0.0620085
v -0.225231 0.557197 -0.0612331
v -0.209659 0.558993 -0.098966
v -0.210305 0.581316 -0.0620085
v -0.196543 0.605051 -0.0570334
v -0.194152 0.601587 -0.0688572
v -0.197964 0.589399 -0.0797765
v -0.195767 0.586191 -0.0904374
v -0.193247 0.582599 -0.102261
v -0.199579 0.576441 -0.0968339
v -0.177094 0.602613 -0.106009
v -0.177288 0.585037 -0.1241
v -0.180002 0.574388 -0.131207
v -0.177288 0.567332 -0.141803
v -0.189564 0.558993 -0.133275
v -0.193183 0.546933 -0.139413
v -0.187045 0.542058 -0.151818
v -0.180842 0.537054 -0.164223
v -0.186269 0.523327 -0.168617
v -0.175996 0.530255 -0.175983
v -0.105116 0.388103 -0.283173
v -0.132964 0.381175 -0.273416
v -0.131478 0.362059 -0.279167
v -0.124564 0.35526 -0.283883
v -0.127213 0.345638 -0.284982
v -0.0898671 0.339223 -0.30191
v -0.0925808 0.327933 -0.303073
v -0.0981375 0.309715 -0.304365
v -0.107312 0.303429 -0.301781
v -0.173993 0.473548 -0.210226
v -0.172959 0.508573 -0.191683
v -0.167596 0.503697 -0.198661
v -0.146145 0.50203 -0.216106
v -0.157969 0.494204 -0.211519
v -0.150345 0.487147 -0.22134
v -0.168242 0.488045 -0.207061
v -0.162169 0.4824 -0.214749
v -0.141622 0.513961 -0.212617
v -0.12521 0.533077 -0.213457
v -0.13768 0.491766 -0.227865
v -0.119201 0.510112 -0.228382
v -0.114032 0.504596 -0.233357
v -0.113838 0.486121 -0.242403
v -0.106989 0.479321 -0.248476
v -0.113838 0.468545 -0.250221
v -0.0983313 0.452892 -0.263272
v -0.0868949 0.459307 -0.265275
v -0.0751354 0.464952 -0.267537
v -0.0804982 0.452892 -0.270315
v -0.0797875 0.43429 -0.277551
v -0.0983313 0.435059 -0.270186
v -0.109832 0.429543 -0.267407
v -0.115518 0.435059 -0.263078
v -0.121657 0.422615 -0.264952
v -0.0957468 0.414917 -0.278327
v -0.126567 0.410683 -0.266955
v -0.0886394 0.407733 -0.283689
v -0.0921285 0.39888 -0.285111
v -0.132964 0.292523 -0.292735
v -0.111965 0.274819 -0.303719
v -0.12282 0.260963 -0.300876
v -0.131348 0.255831 -0.297904
v -0.12437 0.24916 -0.301522
v -0.150668 0.239281 -0.291184
v -0.16275 0.239281 -0.285563
v -0.16359 0.221576 -0.28608
v -0.164172 0.203871 -0.286468
v -0.173088 0.186167 -0.280717
v -0.168371 -0.611958 -0.275742
v -0.115195 0.221576 0.306986
v -0.134062 0.239281 0.298199
v -0.127213 0.203871 0.302722
v -0.135936 0.168334 0.298974
v -0.127278 0.186167 0.302722
v -0.148858 -0.611958 0.286569
v -0.132964 -0.611958 0.293159
v -0.0974914 0.274819 0.309764
v -0.0797875 0.292523 0.312995
v -0.0974914 0.256986 0.311832
v -0.0974914 0.239281 0.313318
v -0.0797875 0.39888 0.289282
v -0.0797875 0.381175 0.294322
v -0.0797875 0.412095 0.285083
v -0.0706771 0.425437 0.283661
v -0.0797875 0.421075 0.282111
v -0.0797875 0.43429 0.277588
v -0.0983313 0.435059 0.270222
v -0.0957468 0.414917 0.278363
v -0.109897 0.429671 0.267379
v -0.115583 0.435059 0.263115
v -0.0929685 0.447504 0.267702
v -0.0983313 0.452892 0.263244
v -0.113838 0.468545 0.250257
v -0.0974914 0.469828 0.25646
v -0.106989 0.479321 0.248448
v -0.113838 0.486121 0.242439
v -0.0974914 0.492407 0.246316
v -0.114097 0.504596 0.233329
v -0.119266 0.510112 0.228419
v -0.12521 0.533205 0.213494
v -0.141686 0.513961 0.212654
v -0.146145 0.502158 0.216078
v -0.150345 0.487147 0.221376
v -0.162233 0.4824 0.214786
v -0.0737785 0.357313 0.302075
v -0.0797229 0.363342 0.299039
v -0.062019 0.310228 0.313318
v -0.062019 0.327933 0.310023
v -0.062019 0.345638 0.306534
v -0.157969 0.494332 0.211555
v -0.161199 0.51627 0.196242
v -0.138133 0.52307 0.209875
v -0.144723 0.53513 0.197276
v -0.127601 0.553604 0.197728
v -0.133287 0.559121 0.189587
v -0.158938 0.548986 0.176859
v -0.154674 0.558479 0.173564
v -0.141816 0.567332 0.177311
v -0.1486 0.574131 0.166844
v -0.143625 0.586833 0.1609
v -0.1444 0.605821 0.144424
v -0.156224 0.598636 0.137511
v -0.109962 0.698706 0.0924769
v -0.145369 0.698706 -0.00980263
v -0.214828 0.588372 0.00880539
v -0.214828 0.588372 -0.00883346
v -0.212954 0.585421 -0.0370685
v -0.143043 0.698706 -0.0203342
v -0.140976 0.698706 -0.0285399
v -0.136517 0.698706 -0.0457264
v -0.130702 0.698706 -0.0619438
v -0.125792 0.698706 -0.0731216
v -0.173605 0.598251 -0.115248
v -0.172765 0.579135 -0.135924
v -0.160941 0.586833 -0.143612
v -0.166821 0.574131 -0.148652
v -0.160941 0.569128 -0.160928
v -0.173541 0.558479 -0.154661
v -0.176836 0.548986 -0.158925
v -0.158938 0.548986 -0.176823
v -0.164172 0.537054 -0.180893
v -0.156547 0.528074 -0.192717
v -0.168565 0.523198 -0.186256
v -0.0985252 0.381817 -0.287566
v -0.0974914 0.363471 -0.292929
v -0.120752 0.367191 -0.282268
v -0.0964576 0.345381 -0.297775
v -0.0856026 0.351026 -0.300617
v -0.0797229 0.345381 -0.303267
v -0.0797875 0.327933 -0.306756
v -0.0797875 0.310228 -0.310115
v -0.0974914 0.292523 -0.307402
v -0.161135 0.51627 -0.19627
v -0.138068 0.52307 -0.209839
v -0.144723 0.53513 -0.19724
v -0.132318 0.540005 -0.203378
v -0.127601 0.553476 -0.197692
v -0.122044 0.565407 -0.193621
v -0.11022 0.570796 -0.19724
v -0.105891 0.549242 -0.212552
v -0.115195 0.536926 -0.215718
v -0.114032 0.521787 -0.22457
v -0.107377 0.514987 -0.230902
v -0.0814674 0.506392 -0.246021
v -0.0885102 0.496256 -0.248153
v -0.0804982 0.470469 -0.263143
v -0.0974914 0.483427 -0.250479
v -0.0814674 0.4892 -0.254356
v -0.0766861 0.501132 -0.250544
v -0.0654435 0.476884 -0.265146
v -0.062019 0.452123 -0.275419
v -0.0706771 0.425437 -0.283625
v -0.0797875 0.420947 -0.282139
v -0.0797875 0.412095 -0.285046
v -0.0797875 0.39888 -0.289246
v -0.0797875 0.381175 -0.29435
v -0.0974914 0.274819 -0.309663
v -0.0974914 0.256986 -0.311795
v -0.116229 0.255831 -0.304171
v -0.0974914 0.239281 -0.313281
v -0.125081 0.239281 -0.301845
v -0.133933 0.239281 -0.298162
v -0.150668 0.221576 -0.292218
v -0.150668 0.203871 -0.292929
v -0.150668 0.186167 -0.292993
v -0.164236 0.186167 -0.286468
v -0.157646 -0.611958 -0.282849
v -0.0974914 0.221576 0.314287
v -0.0974914 0.203871 0.314998
v -0.0974914 0.186167 0.315062
v -0.0976852 -0.611958 0.307761
v -0.0797875 0.274819 0.315192
v -0.062019 0.292523 0.316032
v -0.0787537 0.256601 0.317453
v -0.0830181 0.239281 0.318034
v -0.0874118 0.203871 0.318874
v -0.0856026 0.221576 0.318551
v -0.062019 0.39888 0.293095
v -0.062019 0.381175 0.298005
v -0.0636343 0.433905 0.281723
v -0.062019 0.452123 0.275391
v -0.0654435 0.476884 0.265183
v -0.0751354 0.464952 0.267573
v -0.0636343 0.418381 0.286827
v -0.00884274 0.416585 0.294581
v -0.0443151 0.430697 0.285406
v -0.0322972 0.441987 0.283274
v -0.0804982 0.452892 0.270351
v -0.0868949 0.459307 0.265247
v -0.0804982 0.470469 0.263115
v -0.0974914 0.483427 0.250451
v -0.0814674 0.4892 0.254328
v -0.0885102 0.496256 0.248125
v -0.107442 0.514987 0.230939
v -0.114097 0.521787 0.224607
v -0.115195 0.537054 0.215755
v -0.11022 0.570796 0.197212
v -0.122044 0.565407 0.193658
v -0.062019 0.361033 0.303045
v -0.033654 0.299451 0.318874
v -0.0218299 0.304327 0.31965
v -0.0443151 0.310228 0.315644
v -0.0443151 0.327933 0.312349
v -0.0443151 0.345638 0.30886
v -0.124112 0.585037 0.177311
v -0.137487 0.598636 0.156183
v -0.115195 0.598251 0.173628
v -0.0731324 0.698706 0.125816
v -0.0925162 0.698706 0.109922
v -0.102143 0.698706 0.100618
v -0.118038 0.698706 -0.082684
v -0.156224 0.598636 -0.137474
v -0.1444 0.605821 -0.144388
v -0.1486 0.574131 -0.166808
v -0.141816 0.567332 -0.177275
v -0.154674 0.558479 -0.173527
v -0.143625 0.586833 -0.160928
v -0.145822 0.558479 -0.180376
v -0.0797229 0.363342 -0.299002
v -0.0737785 0.357313 -0.302104
v -0.062019 0.327933 -0.309986
v -0.062019 0.310228 -0.313217
v -0.0797875 0.292523 -0.312894
v -0.133287 0.559121 -0.189551
v -0.131155 0.574388 -0.180053
v -0.124112 0.585037 -0.177275
v -0.10602 0.602613 -0.177081
v -0.102273 0.582599 -0.193234
v -0.0968452 0.576441 -0.19963
v -0.0989775 0.558993 -0.209645
v -0.0940669 0.553476 -0.215008
v -0.0881871 0.531537 -0.230321
v -0.0974914 0.527817 -0.228382
v -0.0974914 0.518965 -0.23297
v -0.0812736 0.52461 -0.236717
v -0.068028 0.512935 -0.247636
v -0.0536193 0.478808 -0.265986
v -0.0605329 0.470469 -0.268377
v -0.0620836 0.506392 -0.25203
v -0.0605329 0.485864 -0.261786
v -0.0443151 0.489072 -0.262691
v -0.0443151 0.469828 -0.270767
v -0.0443151 0.452123 -0.277745
v -0.0203438 0.44404 -0.284012
v -0.0321679 0.441987 -0.283237
v -0.0443151 0.43955 -0.282462
v -0.0636343 0.433905 -0.281751
v -0.0443151 0.430697 -0.285369
v -0.0265466 0.416585 -0.292218
v -0.0443151 0.416585 -0.289892
v -0.0636343 0.418381 -0.286791
v -0.062019 0.39888 -0.293058
v -0.062019 0.381175 -0.297968
v -0.0797875 0.274819 -0.31509
v -0.0786891 0.256472 -0.317416
v -0.0828243 0.239281 -0.317998
v -0.085538 0.221576 -0.318515
v -0.0873472 0.203871 -0.318902
v -0.0974914 0.221576 -0.31425
v -0.115195 0.221576 -0.306949
v -0.135161 0.221576 -0.298679
v -0.127149 0.203871 -0.302685
v -0.0974914 0.186167 -0.315026
v -0.148858 -0.611958 -0.286597
v -0.0876056 0.186167 0.318939
v -0.0974914 -0.611958 0.307826
v -0.0680926 0.262246 0.318745
v -0.0447028 0.293165 0.318228
v -0.0620836 0.275075 0.318099
v -0.0265466 0.274819 0.322816
v -0.0721632 0.250443 0.319327
v -0.0741016 0.239281 0.319714
v -0.0784952 0.203871 0.32049
v -0.0767507 0.221576 0.320167
v -0.0182762 0.390284 0.301494
v -0.00884274 0.40119 0.299426
v -0.0412783 0.375402 0.302205
v -0.0301003 0.387205 0.300719
v -0.020473 0.444168 0.284049
v -0.0443151 0.452123 0.277782
v -0.0536193 0.478808 0.266022
v -0.0443151 0.4892 0.262727
v -0.0605329 0.485864 0.261823
v -0.0563331 0.515501 0.248836
v -0.0621482 0.506392 0.252002
v -0.0681572 0.513063 0.247608
v -0.0766861 0.501132 0.25058
v -0.0443151 0.416585 0.289929
v 0.00886113 0.416585 0.294581
v -0.00884274 0.43429 0.28883
v -0.026482 0.435444 0.286181
v -0.0814674 0.506392 0.245993
v -0.0974914 0.527945 0.228419
v -0.0882517 0.531537 0.230357
v -0.0989775 0.542314 0.219567
v -0.105891 0.549242 0.212524
v -0.0968452 0.576441 0.199602
v -0.102337 0.582599 0.193206
v -0.106085 0.602613 0.177117
v -0.0989775 0.558993 0.209682
v -0.00884274 0.345638 0.313512
v -0.00884274 0.363471 0.309441
v -0.0265466 0.363471 0.307115
v -0.0272574 0.293165 0.32049
v -0.00884274 0.292523 0.322945
v -0.00800278 0.310228 0.32036
v -0.0265466 0.327933 0.314675
v -0.0826951 0.698706 0.118063
v -0.0619544 0.698706 0.130727
v -0.109897 0.698706 -0.0924403
v -0.137487 0.598636 -0.156212
v -0.100593 0.698706 -0.102067
v -0.0924516 0.698706 -0.10995
v -0.135936 0.579135 -0.172752
v -0.0731324 0.698706 -0.125844
v -0.115195 0.598251 -0.173592
v -0.062019 0.345638 -0.306497
v -0.062019 0.369885 -0.300811
v -0.062019 0.361033 -0.303008
v -0.0443151 0.327933 -0.312312
v -0.0132364 0.316001 -0.318579
v -0.0443151 0.310228 -0.315543
v -0.0216361 0.304198 -0.319613
v -0.0333956 0.299195 -0.318838
v -0.062019 0.292523 -0.31593
v -0.0904486 0.586191 -0.195754
v -0.0716463 0.698706 -0.126555
v -0.0619544 0.698706 -0.130755
v -0.0737785 0.569256 -0.213974
v -0.0856026 0.565279 -0.211519
v -0.0797229 0.558993 -0.217657
v -0.076363 0.535771 -0.232711
v -0.0620836 0.522044 -0.244277
v -0.0562038 0.515372 -0.248799
v -0.0666065 0.547574 -0.229287
v -0.0612436 0.541288 -0.234262
v -0.0443151 0.480219 -0.266632
v -0.0265466 0.469828 -0.273093
v -0.0443151 0.505237 -0.255325
v -0.0265466 0.491766 -0.263854
v -0.0263528 0.45084 -0.280588
v -0.00884274 0.445965 -0.284723
v -0.00884274 0.43429 -0.288729
v -0.00884274 0.416585 -0.294479
v -0.00884274 0.401061 -0.29939
v -0.0250605 0.397212 -0.298421
v -0.0180824 0.390156 -0.301457
v -0.0299065 0.387205 -0.300682
v -0.0460597 0.381175 -0.300101
v -0.0531024 0.372323 -0.301393
v -0.0678341 0.261989 -0.318709
v -0.072034 0.250186 -0.319355
v -0.0739723 0.239281 -0.319678
v -0.0766861 0.221576 -0.32013
v -0.0974914 0.203871 -0.314961
v -0.0784952 0.203871 -0.320453
v -0.0786245 0.186167 -0.320518
v -0.0874764 0.186167 -0.318902
v -0.0974914 -0.611958 -0.307854
v -0.0782368 0.168334 0.320425
v -0.0787537 0.186167 0.32049
v -0.0797875 -0.611958 0.313318
v -0.0620836 0.256601 0.320102
v -0.0443151 0.256986 0.322428
v -0.0265466 0.256986 0.324754
v -0.0562685 0.269302 0.319521
v -0.00884274 0.274819 0.325077
v -0.062019 0.239281 0.321459
v -0.0443151 0.239281 0.323785
v -0.0265466 0.239281 0.326111
v -0.062019 0.221576 0.322363
v -0.062019 0.203871 0.32301
v -0.062019 0.186167 0.323074
v -0.0251251 0.381304 0.302851
v -0.00884274 0.381175 0.304983
v -0.00884274 0.392337 0.302075
v 0.00886113 0.40119 0.299426
v -0.00884274 0.446093 0.28476
v -0.00884274 0.469828 0.275456
v -0.0443151 0.469828 0.270804
v -0.00884274 0.485608 0.26893
v -0.00884274 0.49446 0.265053
v -0.0265466 0.505237 0.257752
v -0.0443151 0.505237 0.255362
v -0.0443151 0.517425 0.24974
v -0.0443151 0.526277 0.245476
v -0.0621482 0.522044 0.244378
v -0.0612436 0.541288 0.234298
v -0.0666711 0.547574 0.229259
v -0.0764276 0.535771 0.232748
v -0.0813382 0.52461 0.236754
v 0.0636527 0.418381 0.286827
v 0.0706955 0.425437 0.283661
v 0.0442689 0.430697 0.285406
v 0.0265004 0.435444 0.286181
v 0.00886113 0.43429 0.28883
v -0.0856672 0.565279 0.211491
v -0.0738431 0.569256 0.213946
v -0.0905132 0.586191 0.19579
v -0.00800278 0.326907 0.317259
v -0.00154151 0.320235 0.319327
v 0.00886113 0.363471 0.309441
v 0.00886113 0.292523 0.322945
v -0.0455428 0.698706 0.137317
v -0.0689326 0.601587 0.194175
v -0.0571084 0.605051 0.196565
v -0.0443151 0.345638 -0.308823
v -0.0265466 0.363471 -0.307079
v -0.00884274 0.363471 -0.309405
v -0.00884274 0.345638 -0.313475
v -0.0460597 0.365139 -0.304107
v -0.0265466 0.327933 -0.314638
v -0.00793817 0.326778 -0.317287
v -0.00793817 0.3101 -0.320324
v -0.00884274 0.292523 -0.322844
v -0.0271281 0.293037 -0.320453
v -0.0388876 0.287392 -0.319613
v -0.0619544 0.274947 -0.318063
v -0.0797875 0.589399 -0.198015
v -0.0443151 0.698706 -0.136828
v -0.0570438 0.605051 -0.196529
v -0.0688679 0.601587 -0.194138
v -0.062019 0.581444 -0.210291
v -0.062019 0.572464 -0.215977
v -0.0547824 0.550397 -0.230902
v -0.0443151 0.526149 -0.24544
v -0.0443151 0.517297 -0.249704
v -0.0612436 0.557197 -0.225216
v -0.00884274 0.469828 -0.275355
v -0.00884274 0.494332 -0.265017
v -0.00884274 0.48548 -0.268893
v -0.0265466 0.505237 -0.257651
v 0.00886113 0.445965 -0.284723
v 0.00886113 0.43429 -0.288729
v 0.00886113 0.416585 -0.294479
v 0.00886113 0.401061 -0.29939
v -0.00884274 0.392209 -0.302039
v -0.00884274 0.381175 -0.304946
v -0.0265466 0.256986 -0.324653
v -0.0443151 0.256986 -0.322327
v -0.0619544 0.256472 -0.320065
v -0.0265466 0.274819 -0.322715
v -0.00884274 0.239281 -0.328336
v -0.0443151 0.239281 -0.323684
v -0.062019 0.239281 -0.321358
v -0.062019 0.221576 -0.322327
v -0.062019 0.203871 -0.322973
v -0.062019 0.186167 -0.323038
v -0.062019 -0.611958 -0.316318
v -0.0797875 -0.611958 -0.313346
v -0.062019 -0.611958 0.316355
v -0.00884274 0.256986 0.327015
v 0.00886113 0.274819 0.325077
v -0.0443151 0.221576 0.324689
v -0.00884274 0.221576 0.329341
v -0.00884274 0.239281 0.328372
v -0.0443151 0.203871 0.325336
v -0.0443151 0.186167 0.3254
v -0.0268051 -0.611958 0.321007
v 0.00886113 0.381175 0.304983
v 0.00886113 0.392337 0.302075
v 0.0182946 0.390284 0.301494
v 0.0620374 0.39888 0.293095
v 0.00886113 0.446093 0.28476
v 0.00886113 0.469828 0.275456
v 0.00886113 0.485608 0.26893
v 0.00886113 0.49446 0.265053
v -0.000701545 0.532051 0.248319
v -0.00884274 0.505237 0.260014
v -0.0265466 0.519734 0.250903
v -0.0265466 0.528715 0.246639
v -0.0443151 0.540775 0.237852
v -0.054847 0.550397 0.230939
v -0.0612436 0.557197 0.225253
v -0.062019 0.572592 0.215949
v 0.0797413 0.39888 0.289282
v 0.0797413 0.412223 0.285083
v 0.0886578 0.407861 0.283661
v 0.0797413 0.43429 0.277588
v 0.0750891 0.464952 0.267573
v 0.0654619 0.476884 0.265183
v 0.0620374 0.452123 0.275391
v 0.0636527 0.433905 0.281723
v 0.0323155 0.441987 0.283274
v 0.0204914 0.444168 0.284049
v -0.062019 0.581444 0.210328
v -0.0797875 0.589399 0.197987
v 0.0015599 0.320235 0.319327
v 0.0620374 0.361033 0.303045
v 0.026565 0.363471 0.307115
v 0.046078 0.365139 0.304143
v 0.0531854 0.372323 0.301429
v 0.0251435 0.381304 0.302851
v 0.00886113 0.345638 0.313512
v 0.0272758 0.293165 0.32049
v 0.0336724 0.299451 0.318874
v 0.0218483 0.304327 0.31965
v 0.00802117 0.310228 0.32036
v 0.026565 0.274819 0.322816
v -0.0265466 0.698706 0.141646
v -0.0490318 0.584267 0.212201
v 0.00886113 0.363471 -0.309405
v 0.00886113 0.345638 -0.313475
v -0.00141228 0.320107 -0.31929
v 0.00886113 0.292523 -0.322844
v -0.00884274 0.274819 -0.324976
v -0.0281619 0.698706 -0.141028
v -0.048838 0.584139 -0.212165
v -0.0203438 0.698706 -0.143031
v -0.0443151 0.540775 -0.237751
v -0.0443151 0.560661 -0.226832
v -0.0265466 0.528587 -0.246603
v -0.0265466 0.519734 -0.250867
v 0.00886113 0.469828 -0.275355
v 0.00886113 0.494332 -0.265017
v -0.00884274 0.505237 -0.259912
v -0.000443094 0.531922 -0.248282
v 0.00886113 0.48548 -0.268893
v 0.0263712 0.45084 -0.280588
v 0.0203622 0.44404 -0.284012
v 0.0442689 0.430697 -0.285369
v 0.026565 0.416585 -0.292218
v 0.0321863 0.441987 -0.283237
v 0.0620374 0.39888 -0.293123
v 0.0181007 0.390156 -0.301457
v 0.00886113 0.392209 -0.302039
v 0.00886113 0.381175 -0.304946
v -0.00884274 0.256986 -0.326914
v 0.00886113 0.239281 -0.328336
v -0.00884274 0.221576 -0.329305
v -0.0443151 0.221576 -0.324653
v -0.0443151 0.203871 -0.325299
v -0.0443151 0.186167 -0.325364
v -0.0379831 -0.611958 -0.319484
v 0.00886113 0.256986 0.327015
v 0.00886113 0.221576 0.329341
v -0.0265466 0.203871 0.327662
v -0.00884274 0.203871 0.329923
v 0.00886113 0.239281 0.328372
v -0.0265466 0.186167 0.327726
v -0.00884274 -0.611958 0.323333
v 0.0301187 0.387205 0.300719
v 0.0620374 0.381175 0.298005
v 0.0797413 0.381175 0.294322
v 0.0442689 0.469828 0.270804
v 0.0536377 0.478808 0.266022
v 0.0442689 0.489072 0.262727
v 0.0442689 0.505237 0.255362
v 0.0442689 0.517297 0.24974
v 0.00886113 0.505237 0.260014
v 0.000655322 0.532051 0.248319
v -0.00884274 0.564894 0.229129
v -0.00884274 0.556042 0.23404
v -0.0265466 0.540775 0.240178
v -0.0265466 0.553989 0.232877
v -0.0265466 0.562842 0.227966
v -0.0443151 0.560661 0.226803
v 0.0921469 0.39888 0.285147
v 0.13841 0.403499 0.264536
v 0.126585 0.410812 0.266992
v 0.0957652 0.414917 0.278363
v 0.0983497 0.435059 0.270222
v 0.132724 0.39811 0.268672
v 0.0929869 0.447504 0.267702
v 0.0805166 0.452892 0.270351
v 0.0869133 0.459307 0.265247
v 0.0805166 0.470469 0.263115
v 0.0814858 0.4892 0.254328
v 0.0767045 0.501132 0.25058
v 0.0681756 0.513063 0.247608
v 0.0621666 0.506392 0.252002
v 0.0563515 0.515501 0.248836
v 0.0605513 0.485864 0.261823
v 0.0442689 0.452123 0.277782
v 0.013384 0.31613 0.318616
v 0.00802117 0.326907 0.317259
v 0.0620374 0.345638 0.306534
v 0.0737969 0.357313 0.302075
v 0.026565 0.327933 0.314675
v 0.0620374 0.327933 0.310023
v 0.0447212 0.293165 0.318228
v 0.0620374 0.292523 0.316032
v 0.0620374 0.310228 0.313318
v 0.026565 0.256986 0.324754
v 0.0680464 0.262246 0.318745
v 0.0562222 0.269302 0.319521
v 0.062102 0.275075 0.318099
v -0.00987655 0.698706 0.145393
v -0.0435398 0.577467 0.217047
v -0.00884274 0.576184 0.222345
v -0.0265466 0.586576 0.213687
v 0.026565 0.363471 -0.307143
v 0.026565 0.345638 -0.311214
v 0.00795656 0.326778 -0.317287
v 0.00143067 0.320107 -0.31929
v 0.00795656 0.3101 -0.320324
v 0.0215898 0.304198 -0.319613
v 0.033414 0.299195 -0.318838
v 0.0271465 0.293037 -0.320453
v 0.00886113 0.274819 -0.324976
v -0.0370139 0.585421 -0.21294
v -0.0434751 0.577467 -0.217011
v -0.00981194 0.698706 -0.145357
v -0.0265466 0.540775 -0.240077
v -0.0122672 0.530511 -0.247507
v -0.0265466 0.562842 -0.22793
v -0.00884274 0.564894 -0.229093
v -0.00884274 0.556042 -0.234003
v -0.00735665 0.523968 -0.251255
v 0.0442689 0.480219 -0.266632
v 0.026565 0.469828 -0.273093
v 0.026565 0.491766 -0.263854
v 0.000461484 0.531922 -0.248282
v 0.00886113 0.505237 -0.259912
v 0.026565 0.519734 -0.250867
v 0.026565 0.505237 -0.257651
v 0.0442689 0.505237 -0.255325
v 0.0442689 0.452123 -0.277745
v 0.0620374 0.452123 -0.275419
v 0.0706309 0.425437 -0.283625
v 0.0442689 0.43955 -0.282462
v 0.0636527 0.418381 -0.286791
v 0.0797413 0.381175 -0.29435
v 0.0620374 0.381175 -0.297968
v 0.0299249 0.387205 -0.300682
v 0.00886113 0.256986 -0.326914
v 0.0620374 0.239281 -0.321358
v 0.00886113 0.221576 -0.329305
v 0.026565 0.256986 -0.324653
v 0.0720523 0.250186 -0.319355
v -0.00884274 0.203871 -0.329951
v -0.0265466 0.186167 -0.32769
v -0.0265466 -0.611958 -0.32097
v 0.0620374 0.221576 0.322363
v 0.0620374 0.239281 0.321459
v 0.026565 0.239281 0.326111
v 0.00886113 0.203871 0.329923
v 0.026565 0.203871 0.327662
v 0.0620374 0.203871 0.32301
v -0.00884274 0.186167 0.329988
v 0.00886113 0.186167 0.330052
v -0.00884274 0.168334 0.329858
v 0.00886113 -0.611958 0.323333
v 0.0797413 0.363342 0.299039
v 0.085621 0.351026 0.300589
v 0.026565 0.519734 0.250903
v 0.0442689 0.526277 0.245476
v 0.026565 0.528715 0.246639
v 0.0442689 0.540775 0.237852
v 0.026565 0.540775 0.240178
v 0.00886113 0.556042 0.23404
v 0.00886113 0.564894 0.229129
v 0.0985436 0.381817 0.287603
v 0.105134 0.388103 0.283144
v 0.132724 0.416713 0.262469
v 0.142868 0.391567 0.266475
v 0.142416 0.444168 0.248577
v 0.109851 0.429671 0.267379
v 0.104811 0.441474 0.265312
v 0.13169 0.45084 0.250322
v 0.0983497 0.452892 0.263244
v 0.0975097 0.469828 0.25646
v 0.107008 0.479321 0.248513
v 0.0975097 0.492407 0.246316
v 0.0885286 0.496256 0.248125
v 0.0814858 0.506392 0.245993
v 0.081292 0.52461 0.236754
v 0.0621666 0.522044 0.244378
v 0.076446 0.535771 0.232748
v 0.061262 0.541288 0.234298
v 0.0797413 0.327933 0.306792
v 0.0797413 0.345381 0.303303
v 0.0797413 0.310228 0.310216
v 0.0797413 0.292523 0.312995
v 0.0797413 0.274819 0.315192
v 0.0721816 0.250443 0.319391
v 0.0442689 0.256986 0.322428
v 0.00983032 0.698706 0.145393
v -0.00884274 0.588372 0.21485
v 0.00886113 0.576184 0.222345
v 0.0620374 0.361033 -0.303008
v 0.046078 0.381175 -0.300101
v 0.0531208 0.372323 -0.301393
v 0.0620374 0.369885 -0.300811
v 0.0620374 0.345638 -0.306497
v 0.0620374 0.327933 -0.309986
v 0.026565 0.327933 -0.314638
v 0.0132548 0.316001 -0.318579
v 0.0620374 0.310228 -0.313217
v 0.0620374 0.292523 -0.31593
v 0.0388414 0.287392 -0.319613
v 0.026565 0.274819 -0.322715
v -0.0265466 0.586448 -0.213651
v -0.0265466 0.576184 -0.219983
v 0.00983032 0.698706 -0.145357
v -0.00884274 0.588244 -0.214814
v 0.00886113 0.564894 -0.229093
v -0.00884274 0.576184 -0.222244
v 0.0536377 0.478808 -0.265986
v 0.0442689 0.489072 -0.262691
v 0.0605513 0.470469 -0.268377
v 0.026565 0.540775 -0.240077
v 0.0122856 0.530511 -0.247507
v 0.00737504 0.523968 -0.251255
v 0.00886113 0.556042 -0.234003
v 0.0442689 0.517297 -0.249704
v 0.026565 0.528587 -0.246603
v 0.0562222 0.515372 -0.248799
v 0.0605513 0.485864 -0.261851
v 0.0653972 0.476884 -0.265146
v 0.0750891 0.464952 -0.267537
v 0.0636527 0.433905 -0.281751
v 0.0797413 0.43429 -0.277551
v 0.0797413 0.421075 -0.282139
v 0.0886578 0.407861 -0.283689
v 0.0797413 0.412095 -0.285111
v 0.0797413 0.39888 -0.289246
v 0.0921469 0.39888 -0.285111
v 0.0855564 0.351026 -0.300617
v 0.0796766 0.363342 -0.299002
v 0.0737323 0.357313 -0.302104
v 0.0620374 0.221576 -0.322327
v 0.00886113 0.203871 -0.329951
v 0.0678525 0.261989 -0.318709
v 0.0619728 0.256472 -0.320065
v 0.0797413 0.274819 -0.31509
v 0.0786428 0.256472 -0.317416
v 0.0828427 0.239281 -0.318063
v 0.0739261 0.239281 -0.319678
v 0.00886113 0.186167 -0.330016
v -0.00884274 0.186167 -0.329951
v -0.00884274 -0.611958 -0.323231
v 0.0767691 0.221576 0.320167
v 0.07412 0.239281 0.319714
v 0.0785136 0.203871 0.32049
v 0.0620374 0.186167 0.323074
v 0.0263066 -0.611958 0.321071
v 0.0898855 0.339223 0.301946
v 0.0975097 0.363471 0.292965
v 0.0548008 0.550397 0.230939
v 0.026565 0.553989 0.232877
v 0.0442689 0.560661 0.226803
v 0.026565 0.562842 0.227966
v 0.0435581 0.577467 0.217047
v 0.124647 0.355388 0.28392
v 0.132982 0.381175 0.273517
v 0.132982 0.43429 0.256202
v 0.131496 0.362188 0.279203
v 0.145775 0.381175 0.267896
v 0.157858 0.369116 0.264989
v 0.154627 0.381175 0.26305
v 0.149523 0.39811 0.260401
v 0.162122 0.447248 0.232425
v 0.150363 0.45161 0.239144
v 0.142674 0.479963 0.231132
v 0.132271 0.486506 0.233717
v 0.125875 0.498309 0.231455
v 0.118832 0.473548 0.246058
v 0.145194 0.43429 0.250387
v 0.160636 0.409914 0.249094
v 0.157535 0.421717 0.246704
v 0.154046 0.43429 0.244119
v 0.113857 0.468545 0.250257
v 0.113857 0.486121 0.242439
v 0.114115 0.504596 0.233394
v 0.107395 0.514987 0.230939
v 0.0975097 0.518965 0.233006
v 0.0975097 0.527945 0.228419
v 0.0882701 0.531537 0.230357
v 0.0797413 0.558993 0.217629
v 0.0737969 0.569256 0.213946
v 0.0666249 0.547574 0.229259
v 0.0989958 0.542314 0.219567
v 0.085621 0.565279 0.211491
v 0.0975097 0.292523 0.307503
v 0.0981559 0.309715 0.304401
v 0.0926638 0.327933 0.303045
v 0.0975097 0.274819 0.309764
v 0.0787721 0.256601 0.317453
v 0.0975097 0.256986 0.311896
v 0.0830365 0.239281 0.318034
v 0.026565 0.698706 0.141646
v 0.00886113 0.588372 0.21485
v 0.026565 0.586576 0.213687
v 0.0489856 0.584267 0.212201
v 0.0797413 0.327933 -0.306756
v 0.0797413 0.310228 -0.310115
v 0.0797413 0.292523 -0.312894
v 0.0619728 0.274947 -0.318063
v 0.028568 0.698706 -0.140963
v 0.0570622 0.605051 -0.196529
v 0.0488564 0.584139 -0.212165
v 0.0370323 0.585421 -0.21294
v 0.026565 0.586448 -0.213651
v 0.00886113 0.588244 -0.214814
v 0.00886113 0.576184 -0.222244
v 0.026565 0.576184 -0.219983
v 0.0434935 0.577467 -0.217011
v 0.026565 0.562842 -0.22793
v 0.0442689 0.540775 -0.237751
v 0.0442689 0.560661 -0.226832
v 0.0442689 0.526149 -0.24544
v 0.062102 0.522044 -0.244341
v 0.0680464 0.512935 -0.247636
v 0.062102 0.506392 -0.25203
v 0.0766399 0.501132 -0.250544
v 0.0814212 0.4892 -0.254356
v 0.0805166 0.470469 -0.263143
v 0.0869133 0.459307 -0.265275
v 0.0929869 0.447504 -0.26773
v 0.0805166 0.452892 -0.270315
v 0.0983497 0.435059 -0.270186
v 0.0957652 0.414917 -0.278327
v 0.121675 0.422615 -0.264952
v 0.132659 0.416585 -0.262432
v 0.126585 0.410683 -0.266955
v 0.13841 0.403371 -0.2645
v 0.132659 0.397982 -0.268635
v 0.105069 0.388103 -0.283173
v 0.0984789 0.381817 -0.287566
v 0.0975097 0.363471 -0.292929
v 0.0898855 0.339223 -0.30191
v 0.0796766 0.345381 -0.303267
v 0.0767045 0.221576 -0.32013
v 0.0620374 0.203871 -0.322973
v 0.0975097 0.274819 -0.309663
v 0.0975097 0.256986 -0.311795
v 0.0975097 0.239281 -0.313281
v 0.0855564 0.221576 -0.318515
v 0.0620374 0.186167 -0.323038
v 0.0379368 -0.611958 -0.319484
v 0.026565 -0.611958 -0.32097
v 0.00905497 -0.611958 -0.323231
v 0.085621 0.221576 0.318551
v 0.0874302 0.203871 0.318874
v 0.0787721 0.186167 0.32049
v 0.087624 0.186167 0.318939
v 0.0782552 0.168334 0.320425
v 0.0620374 -0.611958 0.316355
v 0.0964759 0.345381 0.297811
v 0.101516 0.327933 0.299426
v 0.139637 0.332295 0.282757
v 0.127296 0.345638 0.285018
v 0.061262 0.557197 0.225253
v 0.0620374 0.572592 0.215949
v 0.136148 0.345638 0.281335
v 0.151461 0.363342 0.269899
v 0.169036 0.380149 0.253229
v 0.163415 0.39888 0.251162
v 0.160701 0.357313 0.266733
v 0.189841 0.452123 0.208777
v 0.168196 0.452764 0.225059
v 0.154886 0.469828 0.226868
v 0.145969 0.469828 0.233588
v 0.165805 0.43429 0.235268
v 0.19346 0.44032 0.211555
v 0.174076 0.473676 0.210263
v 0.162252 0.482529 0.214786
v 0.150363 0.487147 0.221376
v 0.146163 0.502158 0.216078
v 0.14164 0.513961 0.212654
v 0.125229 0.533205 0.213494
v 0.137699 0.491766 0.227902
v 0.11922 0.510112 0.228419
v 0.204896 0.399137 0.219179
v 0.180214 0.413378 0.232683
v 0.177113 0.425181 0.230357
v 0.172267 0.39888 0.244378
v 0.192684 0.39888 0.228677
v 0.114115 0.521787 0.224607
v 0.115214 0.537054 0.21582
v 0.0968636 0.576441 0.199602
v 0.102291 0.582599 0.19327
v 0.090467 0.586191 0.19579
v 0.0797413 0.598379 0.191978
v 0.0688863 0.601587 0.194175
v 0.0626189 0.595044 0.201088
v 0.0570622 0.605051 0.196565
v 0.0620374 0.581444 0.210328
v 0.105909 0.549242 0.212589
v 0.0989958 0.558993 0.209682
v 0.132982 0.292523 0.292772
v 0.107395 0.303557 0.301817
v 0.112048 0.274819 0.303755
v 0.132982 0.274819 0.295098
v 0.124389 0.249416 0.301559
v 0.122838 0.261219 0.300913
v 0.0975097 0.239281 0.313318
v 0.042912 0.698706 0.137899
v 0.0981559 0.309715 -0.304365
v 0.0975097 0.292523 -0.307402
v 0.0925992 0.327933 -0.303073
v 0.0442689 0.698706 -0.136893
v 0.0688863 0.601587 -0.194138
v 0.0737969 0.569256 -0.213974
v 0.0620374 0.581444 -0.210291
v 0.045755 0.698706 -0.136505
v 0.0619082 0.698706 -0.130755
v 0.0620374 0.572464 -0.215977
v 0.0548008 0.550397 -0.230902
v 0.0611974 0.541288 -0.234262
v 0.0665603 0.547574 -0.229287
v 0.0763814 0.535771 -0.232711
v 0.081292 0.52461 -0.236717
v 0.0814212 0.506392 -0.246021
v 0.088464 0.496256 -0.248153
v 0.0975097 0.483427 -0.250479
v 0.107008 0.479321 -0.248476
v 0.0983497 0.452892 -0.263272
v 0.113857 0.468545 -0.250221
v 0.131625 0.45084 -0.250285
v 0.104811 0.441474 -0.265275
v 0.109851 0.429543 -0.267407
v 0.132982 0.43429 -0.2561
v 0.142416 0.44404 -0.248541
v 0.142803 0.391567 -0.266438
v 0.132982 0.381175 -0.273481
v 0.124582 0.35526 -0.283883
v 0.0964759 0.345381 -0.297839
v 0.136084 0.345638 -0.281299
v 0.139573 0.332167 -0.28272
v 0.0873656 0.203871 -0.318902
v 0.0785136 0.203871 -0.320453
v 0.0786428 0.186167 -0.320518
v 0.111918 0.274819 -0.303719
v 0.118057 0.292523 -0.298938
v 0.120835 0.274819 -0.300036
v 0.152107 0.275332 -0.287049
v 0.122773 0.260963 -0.300876
v 0.116247 0.255831 -0.304171
v 0.124324 0.24916 -0.301522
v 0.125099 0.239281 -0.301845
v 0.0975097 0.221576 -0.314315
v 0.0620374 -0.611958 -0.316318
v 0.0975097 0.221576 0.314352
v 0.0975097 0.203871 0.314998
v 0.0975097 0.186167 0.315062
v 0.0871071 0.168334 0.318874
v 0.0795474 -0.611958 0.313382
v 0.0975097 -0.611958 0.307826
v 0.133434 0.327035 0.286375
v 0.150686 0.345638 0.274745
v 0.14248 0.320492 0.28392
v 0.153723 0.310228 0.281077
v 0.149265 0.327035 0.279526
v 0.175368 0.385409 0.246768
v 0.194881 0.389771 0.230422
v 0.162769 0.345638 0.268219
v 0.171621 0.345638 0.261564
v 0.211551 0.351026 0.229582
v 0.188743 0.363471 0.243409
v 0.179891 0.363471 0.250193
v 0.196819 0.464567 0.196824
v 0.193524 0.476371 0.193529
v 0.185706 0.469058 0.203543
v 0.186998 0.434418 0.218986
v 0.196626 0.428516 0.21401
v 0.211487 0.405167 0.211491
v 0.199921 0.452123 0.199925
v 0.180796 0.487532 0.197728
v 0.1775 0.49677 0.195209
v 0.157987 0.494332 0.211555
v 0.161218 0.51627 0.196242
v 0.150686 0.522557 0.200571
v 0.138151 0.52307 0.209875
v 0.156566 0.528074 0.192753
v 0.144742 0.53513 0.197276
v 0.127619 0.553604 0.197728
v 0.122063 0.565407 0.193658
v 0.110238 0.570796 0.197212
v 0.199727 0.416585 0.216401
v 0.214006 0.393364 0.21401
v 0.186094 0.418253 0.226222
v 0.106103 0.602613 0.177117
v 0.0731508 0.698706 0.125816
v 0.0716001 0.698706 0.126592
v 0.0619082 0.698706 0.130791
v 0.14836 0.292523 0.286375
v 0.152107 0.275332 0.287086
v 0.157276 0.292523 0.282628
v 0.144871 0.310228 0.284954
v 0.150686 0.256986 0.289799
v 0.125164 0.239281 0.301882
v 0.150686 0.239281 0.291285
v 0.144871 0.310228 -0.284917
v 0.107331 0.303429 -0.301781
v 0.0797413 0.589399 -0.198015
v 0.0797413 0.575543 -0.207319
v 0.096799 0.576441 -0.19963
v 0.085621 0.565279 -0.211519
v 0.0797413 0.558993 -0.217657
v 0.0731508 0.698706 -0.125844
v 0.102291 0.582599 -0.193234
v 0.090467 0.586191 -0.195754
v 0.0611974 0.557197 -0.225216
v 0.0940207 0.553476 -0.215008
v 0.0882055 0.531537 -0.230321
v 0.0975097 0.518965 -0.23297
v 0.107395 0.514987 -0.230902
v 0.114051 0.504596 -0.233357
v 0.113857 0.486121 -0.242403
v 0.0975097 0.492279 -0.24628
v 0.118832 0.473548 -0.246021
v 0.124841 0.461745 -0.248541
v 0.125875 0.498309 -0.231419
v 0.132271 0.486506 -0.23368
v 0.142674 0.479963 -0.231096
v 0.145969 0.469828 -0.233551
v 0.150363 0.451481 -0.239108
v 0.162058 0.447119 -0.232388
v 0.165741 0.43429 -0.235231
v 0.153981 0.43429 -0.244083
v 0.15747 0.421588 -0.246667
v 0.160636 0.409785 -0.249058
v 0.145129 0.43429 -0.250285
v 0.149523 0.397982 -0.2603
v 0.154563 0.381175 -0.263014
v 0.157793 0.369116 -0.264952
v 0.145646 0.381175 -0.26786
v 0.131496 0.362059 -0.279167
v 0.150686 0.345638 -0.274708
v 0.149265 0.326907 -0.27949
v 0.153723 0.310228 -0.28104
v 0.0975097 0.203871 -0.314961
v 0.0975097 0.186167 -0.315026
v 0.0874948 0.186167 -0.318902
v 0.0797413 -0.611958 -0.313346
v 0.14836 0.292523 -0.286403
v 0.158892 0.28149 -0.283366
v 0.160378 0.269687 -0.284142
v 0.150686 0.256986 -0.289763
v 0.150686 0.239281 -0.291184
v 0.133951 0.239281 -0.298162
v 0.135179 0.221576 -0.298679
v 0.150686 0.203871 -0.292929
v 0.127167 0.203871 -0.302685
v 0.150686 0.221576 0.292319
v 0.127232 0.203871 0.302722
v 0.115214 0.186167 0.307761
v 0.132982 -0.611958 0.293159
v 0.165612 0.327933 0.270287
v 0.20916 0.363471 0.227708
v 0.203475 0.382715 0.225964
v 0.174463 0.327933 0.263761
v 0.194041 0.333578 0.247479
v 0.183186 0.345638 0.252713
v 0.204961 0.345381 0.236107
v 0.213554 0.339223 0.231068
v 0.226735 0.310228 0.226739
v 0.218852 0.363471 0.218856
v 0.216074 0.381175 0.216078
v 0.211551 0.44032 0.193464
v 0.208773 0.452123 0.189846
v 0.203539 0.469058 0.185711
v 0.197724 0.487532 0.1808
v 0.195204 0.49677 0.177505
v 0.176079 0.530383 0.176084
v 0.219175 0.399137 0.2049
v 0.216397 0.416585 0.199667
v 0.214006 0.428516 0.19663
v 0.172977 0.508573 0.19172
v 0.168648 0.523327 0.186292
v 0.164255 0.537183 0.18093
v 0.133305 0.559121 0.189587
v 0.141834 0.567332 0.177311
v 0.12413 0.585037 0.177311
v 0.229578 0.351026 0.211555
v 0.227704 0.363471 0.209165
v 0.22596 0.382715 0.203479
v 0.230418 0.389771 0.194886
v 0.115214 0.598251 0.173628
v 0.09247 0.698706 0.109922
v 0.137505 0.598636 0.156248
v 0.158956 0.281618 0.283403
v 0.160378 0.269815 0.284178
v 0.16839 0.292523 0.275326
v 0.169618 0.309972 0.271256
v 0.161606 0.256986 0.284889
v 0.162833 0.239281 0.285664
v 0.157212 0.292523 -0.282591
v 0.110238 0.570796 -0.19724
v 0.0989958 0.558993 -0.209645
v 0.0827134 0.698706 -0.118026
v 0.137505 0.598636 -0.156212
v 0.115214 0.598251 -0.173592
v 0.106039 0.602613 -0.177081
v 0.105845 0.549242 -0.212552
v 0.115214 0.536926 -0.215783
v 0.0975097 0.527817 -0.228382
v 0.114051 0.521787 -0.22457
v 0.11922 0.510112 -0.228382
v 0.137699 0.491766 -0.22793
v 0.125164 0.533077 -0.213457
v 0.174011 0.473548 -0.210226
v 0.168261 0.468545 -0.217204
v 0.154821 0.469828 -0.226832
v 0.14164 0.513961 -0.212617
v 0.146163 0.50203 -0.216106
v 0.150363 0.487147 -0.22134
v 0.162187 0.4824 -0.214814
v 0.180925 0.452123 -0.215525
v 0.189777 0.452123 -0.20874
v 0.193395 0.44032 -0.211519
v 0.196561 0.428516 -0.213974
v 0.168842 0.417483 -0.239689
v 0.151203 0.416072 -0.25287
v 0.186094 0.418125 -0.226185
v 0.204896 0.399137 -0.219143
v 0.172202 0.39888 -0.244341
v 0.16335 0.39888 -0.251125
v 0.169036 0.380021 -0.253193
v 0.160636 0.357184 -0.266697
v 0.151397 0.363214 -0.269863
v 0.162704 0.345638 -0.268183
v 0.165547 0.327933 -0.27025
v 0.150686 0.186167 -0.292993
v 0.118573 -0.611958 -0.299131
v 0.0975097 -0.611958 -0.307854
v 0.0799997 -0.611958 -0.313281
v 0.16839 0.292523 -0.27529
v 0.170393 0.256986 -0.278844
v 0.161541 0.256986 -0.284852
v 0.167098 0.275332 -0.278714
v 0.162769 0.239281 -0.285628
v 0.150686 0.221576 -0.292218
v 0.163609 0.221576 -0.28608
v 0.16419 0.203871 -0.286468
v 0.150686 0.203871 0.292965
v 0.163673 0.221576 0.286181
v 0.150686 0.186167 0.29303
v 0.148812 -0.611958 0.286569
v 0.178017 0.303942 0.266539
v 0.176273 0.315745 0.265183
v 0.206382 0.310228 0.243344
v 0.20257 0.327805 0.242246
v 0.215234 0.327933 0.232425
v 0.217883 0.310228 0.234428
v 0.228932 0.292523 0.228936
v 0.234489 0.310228 0.217887
v 0.232421 0.327933 0.215238
v 0.231064 0.339223 0.213558
v 0.230353 0.425181 0.177117
v 0.244116 0.43429 0.154051
v 0.232421 0.447248 0.162128
v 0.225055 0.452764 0.168201
v 0.210259 0.473676 0.174081
v 0.214782 0.482529 0.162257
v 0.211551 0.494332 0.157993
v 0.216074 0.502158 0.146169
v 0.21265 0.513961 0.141646
v 0.191715 0.508573 0.172982
v 0.186288 0.523327 0.168589
v 0.192749 0.528074 0.156571
v 0.180925 0.537183 0.16426
v 0.160959 0.569128 0.1609
v 0.228674 0.39888 0.192689
v 0.249027 0.409914 0.160642
v 0.158956 0.548986 0.176859
v 0.154692 0.558479 0.173564
v 0.148618 0.574131 0.166844
v 0.143579 0.586833 0.160965
v 0.236104 0.345381 0.204965
v 0.252709 0.345638 0.183191
v 0.261561 0.345638 0.171626
v 0.26673 0.357313 0.160642
v 0.243405 0.363471 0.188748
v 0.246765 0.385409 0.175373
v 0.251159 0.39888 0.163355
v 0.100611 0.698706 0.102169
v 0.144419 0.605821 0.144424
v 0.170457 0.256986 0.27888
v 0.167162 0.275332 0.278686
v 0.179309 0.292523 0.267509
v 0.171685 0.239281 0.279785
v 0.172525 0.221576 0.280366
v 0.169553 0.309972 -0.271284
v 0.122063 0.565407 -0.193686
v 0.09247 0.698706 -0.10995
v 0.144419 0.605821 -0.144388
v 0.143579 0.586833 -0.160928
v 0.12413 0.585037 -0.177275
v 0.127619 0.553604 -0.197692
v 0.132336 0.540005 -0.203378
v 0.144742 0.53513 -0.19724
v 0.156566 0.528074 -0.192717
v 0.138087 0.52307 -0.209839
v 0.185641 0.469058 -0.203507
v 0.180731 0.487532 -0.197692
v 0.161153 0.51627 -0.19627
v 0.167615 0.503697 -0.198661
v 0.1775 0.496641 -0.195172
v 0.157987 0.494204 -0.211519
v 0.168261 0.488045 -0.207061
v 0.193524 0.476371 -0.193492
v 0.196755 0.464567 -0.196787
v 0.211422 0.405167 -0.211454
v 0.199662 0.416585 -0.2163
v 0.214006 0.393364 -0.213974
v 0.194881 0.389643 -0.230385
v 0.175368 0.385281 -0.246732
v 0.167291 0.363214 -0.259783
v 0.211487 0.350898 -0.229545
v 0.171556 0.345638 -0.261528
v 0.179826 0.363471 -0.250156
v 0.174399 0.327933 -0.263725
v 0.176273 0.315745 -0.265146
v 0.178017 0.303942 -0.266503
v 0.164255 0.186167 -0.286468
v 0.157664 -0.611958 -0.282849
v 0.148812 -0.611958 -0.286597
v 0.179309 0.292523 -0.267472
v 0.180989 0.274819 -0.268764
v 0.182605 0.256986 -0.269992
v 0.171621 0.239281 -0.279748
v 0.17246 0.221576 -0.28033
v 0.173042 0.203871 -0.280717
v 0.173107 0.186167 -0.280782
v 0.164255 0.203871 0.286504
v 0.173107 0.203871 0.280754
v 0.164319 0.186167 0.286504
v 0.157664 -0.611958 0.282821
v 0.208579 0.292523 0.245024
v 0.22008 0.292523 0.236172
v 0.23003 0.281233 0.230034
v 0.236169 0.292523 0.220084
v 0.243341 0.310228 0.206386
v 0.242242 0.327805 0.202574
v 0.266537 0.303942 0.178022
v 0.247476 0.333578 0.194046
v 0.2467 0.421717 0.157476
v 0.248574 0.444168 0.142421
v 0.239141 0.45161 0.150368
v 0.233584 0.469828 0.145975
v 0.231129 0.479963 0.14268
v 0.229513 0.459051 0.158316
v 0.217237 0.468545 0.168266
v 0.221372 0.487147 0.150368
v 0.21349 0.533077 0.125235
v 0.209871 0.52307 0.138092
v 0.200567 0.522557 0.150692
v 0.197272 0.53513 0.144747
v 0.197724 0.553604 0.127625
v 0.189583 0.559121 0.133311
v 0.176854 0.548986 0.158962
v 0.177306 0.567332 0.14184
v 0.166839 0.574131 0.148624
v 0.160959 0.586833 0.143584
v 0.173559 0.558479 0.154697
v 0.263047 0.381175 0.154568
v 0.260334 0.39811 0.149529
v 0.252903 0.416072 0.151208
v 0.268216 0.345638 0.162709
v 0.263758 0.327933 0.174468
v 0.269896 0.363342 0.151402
v 0.264921 0.369116 0.157863
v 0.253226 0.380149 0.169041
v 0.259817 0.363342 0.167297
v 0.281074 0.310228 0.153728
v 0.274742 0.345638 0.150692
v 0.10998 0.698706 0.0924769
v 0.156243 0.598636 0.137511
v 0.182605 0.256986 0.270028
v 0.181054 0.274819 0.268801
v 0.201472 0.274819 0.253165
v 0.184478 0.221576 0.271514
v 0.183703 0.239281 0.270868
v 0.131173 0.574388 -0.180053
v 0.141834 0.567332 -0.177275
v 0.133305 0.559121 -0.189551
v 0.102097 0.698706 -0.100581
v 0.156243 0.598636 -0.137474
v 0.160959 0.586833 -0.143612
v 0.160895 0.569128 -0.160928
v 0.109915 0.698706 -0.0924403
v 0.148618 0.574131 -0.166872
v 0.135954 0.579135 -0.172752
v 0.14584 0.558479 -0.180376
v 0.158956 0.548986 -0.176823
v 0.16419 0.537054 -0.180893
v 0.176014 0.530255 -0.176047
v 0.168584 0.523327 -0.18632
v 0.172977 0.508573 -0.191683
v 0.179891 0.518451 -0.179859
v 0.203539 0.469058 -0.185674
v 0.208708 0.452123 -0.189809
v 0.195204 0.496641 -0.177533
v 0.197724 0.487532 -0.180764
v 0.211551 0.44032 -0.193428
v 0.213942 0.428516 -0.196594
v 0.216332 0.416585 -0.19963
v 0.219111 0.399137 -0.204864
v 0.230353 0.389643 -0.194849
v 0.22596 0.382715 -0.203442
v 0.227704 0.363471 -0.209128
v 0.229513 0.351026 -0.211519
v 0.216009 0.381175 -0.216041
v 0.209096 0.363471 -0.227672
v 0.203475 0.382715 -0.225927
v 0.21349 0.339095 -0.231096
v 0.191974 0.345638 -0.245892
v 0.183122 0.345638 -0.252676
v 0.218788 0.363471 -0.21882
v 0.193976 0.33345 -0.247443
v 0.187321 0.327676 -0.253904
v 0.20257 0.327676 -0.242209
v 0.206382 0.310228 -0.243307
v 0.22008 0.292523 -0.236136
v 0.199727 0.292523 -0.251836
v 0.217883 0.310228 -0.234456
v 0.157793 -0.611958 -0.282785
v 0.201407 0.274819 -0.253128
v 0.203022 0.256986 -0.254356
v 0.21265 0.247107 -0.248153
v 0.183703 0.239281 -0.270832
v 0.184478 0.221576 -0.271478
v 0.184995 0.203871 -0.271866
v 0.18506 0.186167 -0.271866
v 0.179697 -0.611958 -0.267601
v 0.168584 -0.611958 -0.275613
v 0.16839 -0.611958 -0.275742
v 0.173171 0.186167 0.280818
v 0.18506 0.203871 0.271902
v 0.168196 -0.611958 0.275843
v 0.210324 0.274819 0.246316
v 0.223117 0.275075 0.236366
v 0.231 0.26943 0.231003
v 0.236362 0.275075 0.223121
v 0.246313 0.274819 0.210328
v 0.253162 0.274819 0.201476
v 0.245021 0.292523 0.208583
v 0.26518 0.315745 0.176278
v 0.267506 0.292523 0.179314
v 0.275324 0.292523 0.168395
v 0.271253 0.309972 0.169558
v 0.270284 0.327933 0.165552
v 0.265309 0.441474 0.104818
v 0.267764 0.447504 0.0929937
v 0.250319 0.45084 0.131631
v 0.246054 0.473548 0.118838
v 0.231452 0.498309 0.125881
v 0.233713 0.486506 0.132277
v 0.266407 0.391567 0.142809
v 0.264534 0.403371 0.138415
v 0.262401 0.416713 0.132665
v 0.256134 0.43429 0.132923
v 0.226864 0.469828 0.154827
v 0.227898 0.491766 0.137705
v 0.215751 0.537054 0.11522
v 0.197207 0.570796 0.110245
v 0.193653 0.565407 0.122069
v 0.20341 0.540005 0.132342
v 0.228415 0.510112 0.119226
v 0.224603 0.521787 0.114057
v 0.177306 0.585037 0.124136
v 0.281333 0.345638 0.136154
v 0.279201 0.362188 0.131502
v 0.267893 0.381175 0.145716
v 0.279524 0.327035 0.14927
v 0.282625 0.292523 0.157217
v 0.284951 0.310228 0.144877
v 0.282754 0.332295 0.139643
v 0.118057 0.698706 0.0827206
v 0.173623 0.598251 0.11522
v 0.12581 0.698706 0.0731581
v 0.203022 0.256986 0.254392
v 0.21265 0.247235 0.248125
v 0.221631 0.256986 0.240049
v 0.213813 0.221576 0.24903
v 0.19262 0.239281 0.264084
v 0.154692 0.558479 -0.173527
v 0.12581 0.698706 -0.0731216
v 0.173623 0.598251 -0.115248
v 0.177306 0.585037 -0.1241
v 0.172784 0.579135 -0.135924
v 0.177306 0.567332 -0.141868
v 0.166839 0.574131 -0.148652
v 0.173559 0.558479 -0.154661
v 0.176854 0.548986 -0.158925
v 0.18086 0.537183 -0.164223
v 0.186288 0.523327 -0.168617
v 0.191715 0.508573 -0.17301
v 0.210259 0.473548 -0.174044
v 0.226864 0.469828 -0.154855
v 0.215557 0.452123 -0.180893
v 0.232421 0.447119 -0.162091
v 0.216074 0.50203 -0.146197
v 0.211551 0.494204 -0.157956
v 0.221372 0.487147 -0.150332
v 0.214782 0.4824 -0.16222
v 0.235199 0.43429 -0.165709
v 0.218917 0.434418 -0.186966
v 0.239658 0.417483 -0.168875
v 0.23268 0.413249 -0.180182
v 0.226154 0.418125 -0.186127
v 0.228674 0.39888 -0.192652
v 0.2467 0.385281 -0.175336
v 0.253226 0.380149 -0.169005
v 0.232227 0.37784 -0.197304
v 0.251159 0.39888 -0.163383
v 0.25019 0.363471 -0.179859
v 0.26673 0.357313 -0.16067
v 0.252709 0.345638 -0.183154
v 0.236104 0.345381 -0.204928
v 0.231064 0.339223 -0.213522
v 0.226735 0.310228 -0.226767
v 0.215234 0.327933 -0.232388
v 0.228932 0.292523 -0.228899
v 0.23003 0.281233 -0.229998
v 0.231 0.26943 -0.231031
v 0.223117 0.275075 -0.236394
v 0.210259 0.274819 -0.246344
v 0.211874 0.256986 -0.247572
v 0.22008 0.240436 -0.242855
v 0.213166 0.235304 -0.248541
v 0.221631 0.256986 -0.240012
v 0.23184 0.256986 -0.231871
v 0.213748 0.221576 -0.248993
v 0.214265 0.203871 -0.249381
v 0.193912 0.186167 -0.265081
v 0.200115 -0.611958 -0.251965
v 0.184931 0.168334 0.271837
v 0.18506 0.186167 0.271902
v 0.16839 -0.611958 0.275714
v 0.179439 -0.611958 0.267832
v 0.193976 0.186167 0.265118
v 0.214394 0.186167 0.249482
v 0.21433 0.203871 0.249417
v 0.23184 0.256986 0.231843
v 0.240045 0.256986 0.221635
v 0.254389 0.256986 0.203027
v 0.268798 0.274819 0.181059
v 0.278748 0.275332 0.167167
v 0.2834 0.281618 0.158962
v 0.263112 0.435059 0.115543
v 0.267377 0.429671 0.109857
v 0.278361 0.414917 0.095772
v 0.270219 0.435059 0.0983565
v 0.270349 0.452892 0.0805238
v 0.26757 0.465081 0.0751611
v 0.263177 0.470469 0.0805238
v 0.256457 0.469828 0.0975165
v 0.250254 0.468545 0.113863
v 0.277585 0.43429 0.0797485
v 0.24851 0.479321 0.107014
v 0.242436 0.486121 0.113863
v 0.246313 0.492407 0.0975165
v 0.23339 0.504596 0.114057
v 0.273515 0.381175 0.132923
v 0.283142 0.388103 0.105141
v 0.268604 0.39811 0.132665
v 0.281462 0.39888 0.10107
v 0.283724 0.407861 0.0886648
v 0.266989 0.410812 0.126592
v 0.264921 0.422615 0.121681
v 0.228415 0.527817 0.0975165
v 0.230289 0.531537 0.0882125
v 0.219499 0.542314 0.0990026
v 0.21252 0.549242 0.105916
v 0.193266 0.582599 0.102298
v 0.177113 0.602613 0.106045
v 0.209677 0.558993 0.0990026
v 0.230935 0.514987 0.107402
v 0.285016 0.345638 0.127302
v 0.283917 0.355388 0.124653
v 0.286373 0.292523 0.148366
v 0.301815 0.303429 0.107337
v 0.3044 0.309715 0.0981626
v 0.300652 0.31536 0.104559
v 0.286373 0.327035 0.13344
v 0.299424 0.327933 0.101522
v 0.301944 0.339223 0.0898924
v 0.130785 0.698706 0.0619158
v 0.22008 0.240564 0.242892
v 0.222665 0.221576 0.242181
v 0.126585 0.698706 -0.0716355
v 0.177113 0.602613 -0.106073
v 0.193653 0.565407 -0.122032
v 0.18002 0.574388 -0.131207
v 0.189583 0.559121 -0.133275
v 0.197724 0.553604 -0.127589
v 0.197207 0.53513 -0.144711
v 0.192684 0.528074 -0.156535
v 0.200567 0.522557 -0.150655
v 0.196238 0.51627 -0.161187
v 0.212585 0.513961 -0.141609
v 0.20916 0.506905 -0.151495
v 0.231129 0.479963 -0.142708
v 0.233584 0.469828 -0.145938
v 0.248574 0.44404 -0.142385
v 0.244051 0.43429 -0.154015
v 0.246636 0.421717 -0.157504
v 0.249027 0.409785 -0.16067
v 0.259817 0.363342 -0.167325
v 0.263047 0.381175 -0.154596
v 0.264921 0.369116 -0.157827
v 0.252903 0.416072 -0.151236
v 0.269896 0.363342 -0.15143
v 0.274742 0.345638 -0.150655
v 0.281074 0.310228 -0.153756
v 0.268216 0.345638 -0.162737
v 0.261561 0.345638 -0.171589
v 0.247411 0.333578 -0.194009
v 0.242178 0.327805 -0.202602
v 0.232421 0.327933 -0.215202
v 0.234424 0.310228 -0.217851
v 0.236169 0.292523 -0.220047
v 0.240045 0.256986 -0.221598
v 0.236362 0.275075 -0.223084
v 0.246313 0.274819 -0.210291
v 0.23268 0.239281 -0.232711
v 0.2226 0.221576 -0.242144
v 0.242888 0.240436 -0.220112
v 0.223117 0.203871 -0.242532
v 0.223181 0.186167 -0.242597
v 0.209031 -0.611958 -0.245116
v 0.188484 -0.611958 0.260918
v 0.20005 -0.611958 0.252066
v 0.223246 0.186167 0.242633
v 0.208902 -0.611958 0.245282
v 0.220274 -0.611958 0.236495
v 0.223181 0.203871 0.242569
v 0.232744 0.239281 0.232748
v 0.242888 0.240564 0.220084
v 0.248122 0.247235 0.212654
v 0.270026 0.256986 0.182609
v 0.278878 0.256986 0.170463
v 0.284176 0.269815 0.160383
v 0.287083 0.275332 0.152113
v 0.26518 0.476884 0.0654694
v 0.250577 0.501132 0.0767117
v 0.254325 0.4892 0.081493
v 0.283659 0.425437 0.0707029
v 0.275453 0.452123 0.062045
v 0.250448 0.483555 0.0975165
v 0.282173 0.421075 0.0797485
v 0.248187 0.496256 0.0885356
v 0.2876 0.381817 0.0985503
v 0.285145 0.39888 0.0921538
v 0.294385 0.381175 0.0797485
v 0.28928 0.39888 0.0797485
v 0.28508 0.412223 0.0797485
v 0.23675 0.52461 0.0812991
v 0.232744 0.535771 0.0763887
v 0.214976 0.553476 0.0940921
v 0.199598 0.576441 0.0968058
v 0.213942 0.569256 0.0738042
v 0.195786 0.586191 0.0904739
v 0.191974 0.598379 0.0797485
v 0.211487 0.565279 0.0856281
v 0.24599 0.506392 0.081493
v 0.297809 0.345381 0.0964827
v 0.292963 0.363471 0.0975165
v 0.30259 0.292523 0.109276
v 0.307436 0.292523 0.0975165
v 0.31015 0.310228 0.0797485
v 0.303043 0.327933 0.0926707
v 0.303301 0.345381 0.0797485
v 0.300587 0.351026 0.0856281
v 0.30679 0.327933 0.0797485
v 0.136536 0.698706 0.045763
v 0.19417 0.601587 0.0688938
v 0.196561 0.605051 0.0570699
v 0.233326 0.221576 0.233329
v 0.130721 0.698706 -0.0619438
v 0.193266 0.582599 -0.102326
v 0.197207 0.570796 -0.110208
v 0.21349 0.533077 -0.125198
v 0.209871 0.52307 -0.138056
v 0.227898 0.491766 -0.137668
v 0.231452 0.498309 -0.125909
v 0.233713 0.486506 -0.132241
v 0.246054 0.473548 -0.118866
v 0.250319 0.45084 -0.131659
v 0.265309 0.441474 -0.104781
v 0.256134 0.43429 -0.132952
v 0.264534 0.403371 -0.138379
v 0.266407 0.391567 -0.142837
v 0.260334 0.39811 -0.149492
v 0.250319 0.43429 -0.145098
v 0.267893 0.381175 -0.145745
v 0.279201 0.362188 -0.131465
v 0.281333 0.345638 -0.136117
v 0.282754 0.332295 -0.139606
v 0.279524 0.327035 -0.149298
v 0.284951 0.310228 -0.14484
v 0.282625 0.292523 -0.157245
v 0.270284 0.327933 -0.16558
v 0.263758 0.327933 -0.174432
v 0.253937 0.327805 -0.18729
v 0.248833 0.321646 -0.195818
v 0.243341 0.310228 -0.20635
v 0.266537 0.303942 -0.17805
v 0.245021 0.292523 -0.208547
v 0.253162 0.274819 -0.201439
v 0.24754 0.256986 -0.211906
v 0.248122 0.247107 -0.212682
v 0.242178 0.221576 -0.222632
v 0.233326 0.221576 -0.233293
v 0.264081 0.239281 -0.192588
v 0.256586 0.221576 -0.203895
v 0.233713 0.203871 -0.23368
v 0.233713 0.186167 -0.233745
v 0.22919 -0.611958 -0.229222
v 0.220338 -0.611958 -0.236329
v 0.233778 0.186167 0.233781
v 0.229255 -0.611958 0.229259
v 0.233713 0.203871 0.233717
v 0.242178 0.221576 0.222668
v 0.264081 0.239281 0.192624
v 0.270866 0.239281 0.183708
v 0.279782 0.239281 0.17169
v 0.284887 0.256986 0.161611
v 0.289797 0.256986 0.150692
v 0.300911 0.261219 0.122844
v 0.309762 0.274819 0.0975165
v 0.26841 0.470469 0.0605589
v 0.26602 0.478808 0.0536455
v 0.262724 0.489072 0.0442769
v 0.26182 0.485864 0.0605589
v 0.248833 0.515501 0.0562946
v 0.251999 0.506392 0.0621096
v 0.247605 0.512935 0.0681184
v 0.285403 0.430697 0.0442769
v 0.281785 0.434033 0.0637249
v 0.293092 0.39888 0.062045
v 0.286825 0.418381 0.0637249
v 0.294578 0.416585 0.00880539
v 0.283271 0.441987 0.0322592
v 0.284047 0.444168 0.0204354
v 0.273127 0.469828 0.0265735
v 0.299037 0.363342 0.0797485
v 0.302138 0.357441 0.0738042
v 0.234295 0.541288 0.0612051
v 0.229255 0.547574 0.0666324
v 0.217625 0.558993 0.0797485
v 0.215945 0.572592 0.062045
v 0.210324 0.581444 0.062045
v 0.201084 0.595044 0.0626265
v 0.312993 0.292523 0.0797485
v 0.313252 0.310228 0.062045
v 0.310021 0.327933 0.062045
v 0.136923 0.698706 0.0442769
v 0.212197 0.584139 0.0489935
v 0.143062 0.698706 0.0204354
v 0.140994 0.698706 0.0285764
v 0.242565 0.203871 0.223185
v 0.136859 0.698706 -0.044305
v 0.196561 0.605051 -0.0570334
v 0.19417 0.601587 -0.0688572
v 0.195786 0.586191 -0.090502
v 0.213942 0.569256 -0.0737677
v 0.199598 0.576441 -0.0968339
v 0.209677 0.558993 -0.098966
v 0.21252 0.549242 -0.105879
v 0.215751 0.536926 -0.115248
v 0.224538 0.521787 -0.114085
v 0.228415 0.510112 -0.119189
v 0.233326 0.504596 -0.114085
v 0.246313 0.492279 -0.09748
v 0.242436 0.486121 -0.113827
v 0.24851 0.479321 -0.107042
v 0.250254 0.468545 -0.113827
v 0.256586 0.452123 -0.115248
v 0.2677 0.447504 -0.0929572
v 0.270219 0.435059 -0.0983199
v 0.263112 0.435059 -0.115571
v 0.264921 0.422615 -0.121645
v 0.266989 0.410812 -0.126555
v 0.262401 0.416585 -0.132693
v 0.283659 0.407861 -0.0886283
v 0.275582 0.39888 -0.115248
v 0.268604 0.39811 -0.132693
v 0.283142 0.388103 -0.105104
v 0.27345 0.381175 -0.132952
v 0.280751 0.381817 -0.11499
v 0.28605 0.362188 -0.11499
v 0.283853 0.355388 -0.124617
v 0.285016 0.345638 -0.127266
v 0.301944 0.339223 -0.0898559
v 0.286373 0.327035 -0.133404
v 0.301815 0.303429 -0.107365
v 0.286373 0.292523 -0.148394
v 0.2834 0.281618 -0.158925
v 0.275324 0.292523 -0.168423
v 0.271253 0.309972 -0.169586
v 0.259946 0.309972 -0.184834
v 0.267506 0.292523 -0.179278
v 0.268798 0.274819 -0.181022
v 0.263241 0.256986 -0.191489
v 0.270866 0.239281 -0.183736
v 0.270026 0.256986 -0.182573
v 0.242565 0.203871 -0.223149
v 0.264663 0.221576 -0.193363
v 0.26505 0.203871 -0.19388
v 0.257362 0.203871 -0.203895
v 0.24263 0.186167 -0.223213
v 0.236362 -0.611958 -0.22037
v 0.24263 0.186167 0.22325
v 0.236362 -0.611958 0.220407
v 0.249027 0.221576 0.213752
v 0.249414 0.203871 0.214334
v 0.271447 0.221576 0.184483
v 0.280364 0.221576 0.17253
v 0.285662 0.239281 0.162838
v 0.291283 0.239281 0.150692
v 0.301557 0.249416 0.124395
v 0.304206 0.255959 0.116254
v 0.31183 0.256986 0.0975165
v 0.31519 0.274819 0.0797485
v 0.275388 0.469828 0.00880539
v 0.268927 0.485608 0.00880539
v 0.26505 0.49446 0.00880539
v 0.263887 0.491766 0.0265735
v 0.255359 0.505237 0.0442769
v 0.249673 0.517297 0.0442769
v 0.245473 0.526149 0.0442769
v 0.230935 0.550397 0.0548085
v 0.24431 0.522044 0.0621096
v 0.286179 0.435444 0.0264442
v 0.299424 0.40119 0.00880539
v 0.300652 0.369244 0.0650171
v 0.298714 0.379379 0.0602359
v 0.300717 0.387205 0.0300625
v 0.301492 0.390284 0.0182386
v 0.294578 0.416585 -0.00883346
v 0.288763 0.43429 0.00880539
v 0.284757 0.446093 0.00880539
v 0.281268 0.454945 0.00880539
v 0.30272 0.363342 0.0602359
v 0.306532 0.345638 0.062045
v 0.225249 0.557197 0.0612051
v 0.318744 0.262117 0.0679892
v 0.315965 0.292523 0.062045
v 0.318873 0.299323 0.0336161
v 0.319648 0.304327 0.0217922
v 0.315642 0.310228 0.0442769
v 0.314673 0.327933 0.0265735
v 0.2268 0.560661 0.0442769
v 0.217043 0.577467 0.0435662
v 0.213683 0.586576 0.0265735
v 0.145388 0.698706 0.00983917
v 0.141059 0.698706 -0.0282168
v 0.212197 0.584139 -0.048957
v 0.210324 0.581444 -0.0620085
v 0.145388 0.698706 -0.00980263
v 0.197982 0.589399 -0.0797765
v 0.211487 0.565279 -0.0855915
v 0.215945 0.572464 -0.0620085
v 0.229255 0.547574 -0.0665958
v 0.232744 0.535771 -0.0763521
v 0.217625 0.558993 -0.0797119
v 0.219499 0.542314 -0.098966
v 0.230289 0.531537 -0.088176
v 0.22835 0.527817 -0.09748
v 0.23087 0.514987 -0.107365
v 0.239916 0.505237 -0.09748
v 0.248122 0.496256 -0.088499
v 0.263112 0.470469 -0.0804872
v 0.265244 0.459307 -0.0869484
v 0.254325 0.4892 -0.0814564
v 0.263241 0.452892 -0.0983199
v 0.26757 0.464952 -0.0751245
v 0.270349 0.452892 -0.0804872
v 0.277585 0.43429 -0.0797765
v 0.278296 0.414917 -0.0957355
v 0.28928 0.39888 -0.0797765
v 0.285145 0.39888 -0.0921173
v 0.281462 0.39888 -0.101034
v 0.282108 0.421075 -0.0797765
v 0.283659 0.425437 -0.0706663
v 0.28508 0.412095 -0.0797765
v 0.2876 0.381817 -0.0985138
v 0.292963 0.363471 -0.09748
v 0.289991 0.345638 -0.115248
v 0.297809 0.345381 -0.0964462
v 0.300587 0.351026 -0.0855915
v 0.303301 0.345381 -0.0797119
v 0.30679 0.327933 -0.0797765
v 0.31015 0.310228 -0.0797765
v 0.303043 0.327933 -0.0926342
v 0.300652 0.315232 -0.104523
v 0.304335 0.309715 -0.0981907
v 0.307436 0.292523 -0.09748
v 0.30259 0.292523 -0.109239
v 0.292769 0.292523 -0.132952
v 0.300071 0.274819 -0.120805
v 0.295031 0.274819 -0.132952
v 0.287019 0.275332 -0.152076
v 0.289797 0.256986 -0.150655
v 0.284176 0.269815 -0.160347
v 0.278684 0.275332 -0.167131
v 0.278878 0.256986 -0.170426
v 0.279718 0.239281 -0.171654
v 0.280299 0.221576 -0.172494
v 0.271447 0.221576 -0.184447
v 0.271835 0.203871 -0.185028
v 0.265115 0.186167 -0.193944
v 0.245344 -0.611958 -0.20874
v 0.249479 0.186167 0.214398
v 0.245279 -0.611958 0.208906
v 0.271899 0.203871 0.185
v 0.280751 0.203871 0.173112
v 0.286114 0.221576 0.163678
v 0.292252 0.221576 0.150692
v 0.31435 0.221576 0.0975165
v 0.30188 0.239281 0.12517
v 0.313316 0.239281 0.0975165
v 0.317451 0.256472 0.0787147
v 0.318033 0.239281 0.0829144
v 0.275388 0.469828 -0.00883346
v 0.268927 0.485608 -0.00883346
v 0.26505 0.49446 -0.00883346
v 0.248316 0.532051 0.000599771
v 0.260011 0.505237 0.00880539
v 0.257685 0.505237 0.0265735
v 0.2509 0.519734 0.0265735
v 0.246636 0.528587 0.0265735
v 0.237784 0.540775 0.0442769
v 0.23171 0.551808 0.0442769
v 0.299424 0.40119 -0.00883346
v 0.302074 0.392337 0.00880539
v 0.304787 0.363471 0.0442769
v 0.307113 0.363471 0.0265735
v 0.309439 0.363471 0.00880539
v 0.302849 0.381304 0.025152
v 0.304981 0.381175 0.00880539
v 0.288763 0.43429 -0.00883346
v 0.286825 0.418381 -0.0636883
v 0.285403 0.430697 -0.044305
v 0.283271 0.441987 -0.0322873
v 0.284757 0.446093 -0.00883346
v 0.281268 0.454945 -0.00883346
v 0.311184 0.345638 0.0265735
v 0.319325 0.250314 0.0721243
v 0.3201 0.256472 0.062045
v 0.327014 0.256986 0.00880539
v 0.319519 0.269174 0.0561654
v 0.318097 0.274947 0.062045
v 0.320488 0.293037 0.0272196
v 0.322943 0.292523 0.00880539
v 0.320359 0.310228 0.00803006
v 0.31351 0.345638 0.00880539
v 0.319325 0.320235 0.00156894
v 0.317258 0.326778 0.00803006
v 0.227963 0.562842 0.0265735
v 0.222341 0.576184 0.00880539
v 0.229126 0.564894 0.00880539
v 0.214846 0.588372 0.00880539
v 0.213683 0.586576 -0.0265369
v 0.217043 0.577467 -0.0435297
v 0.2268 0.560661 -0.044305
v 0.23087 0.550397 -0.054772
v 0.225249 0.557197 -0.0612331
v 0.214846 0.588372 -0.00883346
v 0.234295 0.541288 -0.0612331
v 0.23675 0.52461 -0.0812626
v 0.247605 0.512935 -0.0680819
v 0.232938 0.518965 -0.09748
v 0.24599 0.506392 -0.0814564
v 0.250577 0.501132 -0.0766752
v 0.26518 0.476884 -0.0654328
v 0.275453 0.452123 -0.0620085
v 0.293092 0.39888 -0.0620085
v 0.29432 0.381175 -0.0797765
v 0.281721 0.433905 -0.0636883
v 0.299037 0.363342 -0.0797119
v 0.302074 0.357313 -0.0737677
v 0.306532 0.345638 -0.0620085
v 0.310021 0.327933 -0.0620085
v 0.313252 0.310228 -0.0620085
v 0.312928 0.292523 -0.0797765
v 0.309698 0.274819 -0.09748
v 0.31183 0.256986 -0.09748
v 0.301492 0.249288 -0.124358
v 0.291219 0.239281 -0.150655
v 0.284887 0.256986 -0.161574
v 0.285597 0.239281 -0.162802
v 0.286114 0.221576 -0.163642
v 0.280751 0.203871 -0.173075
v 0.271899 0.186167 -0.185028
v 0.2677 -0.611958 -0.179601
v 0.260915 -0.611958 -0.188453
v 0.265115 0.186167 0.193981
v 0.252063 -0.611958 0.200054
v 0.271899 0.186167 0.185065
v 0.280816 0.186167 0.173176
v 0.286502 0.203871 0.164195
v 0.292963 0.203871 0.150692
v 0.299037 0.203871 0.136089
v 0.314996 0.203871 0.0975165
v 0.318937 0.203871 0.0874372
v 0.31855 0.221576 0.0856281
v 0.319713 0.239281 0.0740627
v 0.284047 0.444168 -0.0204635
v 0.273127 0.469828 -0.0265369
v 0.26602 0.478808 -0.053609
v 0.262724 0.489072 -0.044305
v 0.255359 0.505237 -0.044305
v 0.260011 0.505237 -0.00883346
v 0.248316 0.532051 -0.000627841
v 0.234036 0.556042 0.00880539
v 0.232873 0.553989 0.0265735
v 0.24754 0.530511 0.0124236
v 0.302074 0.392337 -0.00883346
v 0.301492 0.390284 -0.0182667
v 0.309439 0.363471 -0.00883346
v 0.304981 0.381175 -0.00883346
v 0.321393 0.239281 0.062045
v 0.326109 0.239281 0.0265735
v 0.327014 0.256986 -0.00883346
v 0.325076 0.274819 0.00880539
v 0.328371 0.239281 0.00880539
v 0.322943 0.292523 -0.00883346
v 0.319325 0.320235 -0.0015324
v 0.222341 0.576184 -0.00883346
v 0.229126 0.564894 -0.00883346
v 0.227963 0.562842 -0.0265369
v 0.23171 0.551808 -0.044305
v 0.237784 0.540775 -0.044305
v 0.245408 0.526149 -0.044305
v 0.24431 0.522044 -0.0621377
v 0.248833 0.515372 -0.0562581
v 0.251999 0.506392 -0.0621377
v 0.26182 0.485864 -0.0605224
v 0.270801 0.469828 -0.044305
v 0.277779 0.452123 -0.044305
v 0.298003 0.381175 -0.0620085
v 0.303043 0.361033 -0.0620085
v 0.308858 0.345638 -0.044305
v 0.312347 0.327933 -0.044305
v 0.319648 0.304327 -0.0217557
v 0.318873 0.299323 -0.0335795
v 0.315965 0.292523 -0.0620085
v 0.318744 0.262117 -0.0679527
v 0.315125 0.274819 -0.0797765
v 0.317451 0.256472 -0.0786781
v 0.318033 0.239281 -0.0828779
v 0.313252 0.239281 -0.09748
v 0.30595 0.239281 -0.115248
v 0.292252 0.221576 -0.150655
v 0.292963 0.203871 -0.150655
v 0.286502 0.203871 -0.164223
v 0.280751 0.186167 -0.17314
v 0.275712 -0.611958 -0.168423
v 0.2677 -0.611958 0.179637
v 0.271835 0.168334 0.184935
v 0.286437 0.168334 0.164131
v 0.286502 0.186167 0.16426
v 0.275647 -0.611958 0.168589
v 0.275776 -0.611958 0.168395
v 0.282819 -0.611958 0.157734
v 0.293028 0.186167 0.150692
v 0.30272 0.186167 0.127302
v 0.315061 0.186167 0.0975165
v 0.318937 0.186167 0.087631
v 0.320488 0.203871 0.0785855
v 0.320165 0.221576 0.0767763
v 0.322362 0.221576 0.062045
v 0.249673 0.517297 -0.044305
v 0.250836 0.519734 -0.0265369
v 0.246636 0.528587 -0.0265369
v 0.24754 0.530511 -0.0124517
v 0.232873 0.553989 -0.0265369
v 0.234036 0.556042 -0.00883346
v 0.302849 0.381304 -0.0251155
v 0.300717 0.387205 -0.0300905
v 0.31351 0.345638 -0.00883346
v 0.307113 0.363471 -0.0265369
v 0.304141 0.365139 -0.0460495
v 0.301427 0.372323 -0.0531567
v 0.327014 0.221576 0.0265735
v 0.32934 0.221576 0.00880539
v 0.328371 0.239281 -0.00883346
v 0.319325 0.250314 -0.0720878
v 0.3201 0.256472 -0.0620085
v 0.325076 0.274819 -0.00883346
v 0.320488 0.293037 -0.0272476
v 0.320359 0.310228 -0.00799351
v 0.314673 0.327933 -0.0265369
v 0.317258 0.326778 -0.00799351
v 0.320359 0.274947 -0.0446927
v 0.319519 0.269174 -0.0561288
v 0.319713 0.239281 -0.0740261
v 0.31855 0.221576 -0.0855269
v 0.314285 0.221576 -0.09748
v 0.302332 0.221576 -0.126361
v 0.299037 0.203871 -0.136053
v 0.293028 0.186167 -0.150655
v 0.286502 0.186167 -0.164288
v 0.282819 -0.611958 -0.157698
v 0.275841 -0.611958 -0.168229
v 0.286566 -0.611958 0.148882
v 0.293092 -0.611958 0.133182
v 0.302784 -0.611958 0.109728
v 0.307824 -0.611958 0.0975165
v 0.320424 0.168334 0.0781978
v 0.320488 0.186167 0.0787147
v 0.313252 -0.611958 0.0800069
v 0.313316 -0.611958 0.0797485
v 0.323073 0.186167 0.062045
v 0.323008 0.203871 0.062045
v 0.32766 0.203871 0.0265735
v 0.329922 0.203871 0.00880539
v 0.32934 0.221576 -0.00883346
v 0.323719 0.239281 -0.044305
v 0.321393 0.239281 -0.0620085
v 0.322362 0.221576 -0.0620085
v 0.320165 0.221576 -0.0766752
v 0.318873 0.203871 -0.087336
v 0.314996 0.203871 -0.09748
v 0.315061 0.186167 -0.09748
v 0.30272 0.186167 -0.127266
v 0.286696 -0.611958 -0.148587
v 0.316353 -0.611958 0.062045
v 0.327725 0.186167 0.0265735
v 0.330051 0.186167 0.00880539
v 0.329922 0.203871 -0.00883346
v 0.32766 0.203871 -0.0265369
v 0.325334 0.203871 -0.044305
v 0.324688 0.221576 -0.044305
v 0.323008 0.203871 -0.0620085
v 0.320488 0.203871 -0.0784843
v 0.318937 0.186167 -0.0875299
v 0.307824 -0.611958 -0.09748
v 0.302784 -0.611958 -0.109691
v 0.321005 -0.611958 0.0265735
v 0.323267 -0.611958 -0.00883346
v 0.329857 0.168334 -0.00883346
v 0.329986 0.186167 -0.00883346
v 0.323267 -0.611958 0.00906383
v 0.327725 0.186167 -0.0265369
v 0.325399 0.186167 -0.044305
v 0.323073 0.186167 -0.0620085
v 0.320488 0.186167 -0.0786781
v 0.320424 0.168334 -0.0781612
v 0.313381 -0.611958 -0.0795181
v 0.313316 -0.611958 -0.0797765
v 0.307889 -0.611958 -0.0972862
v 0.321005 -0.611958 -0.0265369
v 0.316353 -0.611958 -0.0620085
f 1 2 3
f 1 3 4
f 1 4 5
f 1 5 6
f 1 6 7
f 1 7 8
f 1 8 9
f 1 9 2
f 2 10 11
f 2 11 3
f 2 9 10
f 3 11 23
f 3 23 12
f 3 12 13
f 3 13 4
f 4 13 14
f 4 14 5
f 5 14 15
f 5 15 16
f 5 16 6
f 6 16 7
f 7 17 30
f 7 30 45
f 7 45 49
f 7 49 73
f 7 73 96
f 7 96 129
f 7 129 162
f 7 162 206
f 7 206 205
f 7 205 267
f 7 267 323
f 7 323 322
f 7 322 395
f 7 395 477
f 7 477 476
f 7 476 573
f 7 573 692
f 7 692 807
f 7 807 943
f 7 943 1078
f 7 1078 1196
f 7 1196 1293
f 7 1293 1388
f 7 1388 1479
f 7 1479 1478
f 7 1478 1563
f 7 1563 1662
f 7 1662 1761
f 7 1761 1862
f 7 1862 1861
f 7 1861 1860
f 7 1860 1963
f 7 1963 2056
f 7 2056 2148
f 7 2148 2147
f 7 2147 2146
f 7 2146 2239
f 7 2239 2238
f 7 2238 2339
f 7 2339 2349
f 7 2349 2348
f 7 2348 2347
f 7 2347 2449
f 7 2449 2544
f 7 2544 2633
f 7 2633 2632
f 7 2632 2726
f 7 2726 2827
f 7 2827 2911
f 7 2911 2910
f 7 2910 2973
f 7 2973 3020
f 7 3020 3019
f 7 3019 3042
f 7 3042 3054
f 7 3054 3053
f 7 3053 3067
f 7 3067 3066
f 7 3066 3065
f 7 3065 3069
f 7 3069 3068
f 7 3068 3056
f 7 3056 3059
f 7 3059 3055
f 7 3055 3043
f 7 3043 3028
f 7 3028 3027
f 7 3027 3024
f 7 3024 3023
f 7 3023 3022
f 7 3022 3021
f 7 3021 2980
f 7 2980 2979
f 7 2979 2978
f 7 2978 2974
f 7 2974 2913
f 7 2913 2829
f 7 2829 2728
f 7 2728 2635
f 7 2635 2549
f 7 2549 2548
f 7 2548 2546
f 7 2546 2545
f 7 2545 2453
f 7 2453 2452
f 7 2452 2352
f 7 2352 2250
f 7 2250 2160
f 7 2160 2069
f 7 2069 1969
f 7 1969 1968
f 7 1968 1868
f 7 1868 1766
f 7 1766 1672
f 7 1672 1570
f 7 1570 1488
f 7 1488 1480
f 7 1480 1391
f 7 1391 1295
f 7 1295 1200
f 7 1200 1085
f 7 1085 1084
f 7 1084 948
f 7 948 814
f 7 814 815
f 7 815 698
f 7 698 581
f 7 581 483
f 7 483 478
f 7 478 396
f 7 396 325
f 7 325 269
f 7 269 210
f 7 210 165
f 7 165 133
f 7 133 100
f 7 100 99
f 7 99 76
f 7 76 52
f 7 52 34
f 7 34 20
f 7 20 18
f 7 18 9
f 7 9 8
f 7 16 17
f 9 18 10
f 10 19 11
f 10 18 20
f 10 20 19
f 11 21 22
f 11 22 23
f 11 19 21
f 12 23 24
f 12 24 13
f 13 24 25
f 13 25 26
f 13 26 14
f 14 26 40
f 14 40 27
f 14 27 28
f 14 28 15
f 15 28 29
f 15 29 16
f 16 29 17
f 17 29 31
f 17 31 30
f 19 32 33
f 19 33 21
f 19 20 34
f 19 34 32
f 21 33 22
f 22 35 55
f 22 55 36
f 22 36 23
f 22 33 35
f 23 36 37
f 23 37 24
f 24 37 38
f 24 38 39
f 24 39 25
f 25 39 41
f 25 41 26
f 26 41 42
f 26 42 40
f 27 40 61
f 27 61 43
f 27 43 44
f 27 44 28
f 28 44 31
f 28 31 29
f 30 31 45
f 31 44 46
f 31 46 47
f 31 47 48
f 31 48 49
f 31 49 45
f 32 50 51
f 32 51 33
f 32 34 52
f 32 52 50
f 33 51 53
f 33 53 35
f 35 53 54
f 35 54 55
f 36 55 38
f 36 38 37
f 38 56 57
f 38 57 58
f 38 58 39
f 38 55 56
f 39 58 57
f 39 57 59
f 39 59 60
f 39 60 63
f 39 63 41
f 40 42 61
f 41 62 42
f 41 63 64
f 41 64 65
f 41 65 62
f 42 62 65
f 42 65 66
f 42 66 67
f 42 67 68
f 42 68 61
f 43 61 68
f 43 68 69
f 43 69 44
f 44 69 46
f 46 69 70
f 46 70 71
f 46 71 72
f 46 72 47
f 47 72 73
f 47 73 48
f 48 73 49
f 50 74 51
f 50 52 74
f 51 75 53
f 51 74 75
f 52 76 74
f 53 77 78
f 53 78 54
f 53 75 77
f 54 78 79
f 54 79 80
f 54 80 55
f 55 80 81
f 55 81 56
f 56 81 57
f 57 81 82
f 57 82 83
f 57 83 59
f 59 83 60
f 60 83 84
f 60 84 85
f 60 85 86
f 60 86 63
f 63 86 87
f 63 87 88
f 63 88 64
f 64 88 65
f 65 88 89
f 65 89 90
f 65 90 66
f 66 91 67
f 66 90 91
f 67 92 70
f 67 70 68
f 67 91 92
f 68 70 69
f 70 92 93
f 70 93 71
f 71 93 94
f 71 94 72
f 72 94 95
f 72 95 96
f 72 96 73
f 74 97 98
f 74 98 75
f 74 76 99
f 74 99 100
f 74 100 97
f 75 98 77
f 77 101 102
f 77 102 78
f 77 98 101
f 78 102 79
f 79 103 104
f 79 104 105
f 79 105 80
f 79 102 103
f 80 105 106
f 80 106 107
f 80 107 81
f 81 107 108
f 81 108 82
f 82 108 109
f 82 109 110
f 82 110 84
f 82 84 83
f 84 110 85
f 85 110 111
f 85 111 112
f 85 112 113
f 85 113 114
f 85 114 86
f 86 114 115
f 86 115 116
f 86 116 117
f 86 117 87
f 87 117 89
f 87 89 88
f 89 118 90
f 89 117 119
f 89 119 118
f 90 118 120
f 90 120 91
f 91 120 121
f 91 121 122
f 91 122 123
f 91 123 92
f 92 123 124
f 92 124 93
f 93 124 125
f 93 125 126
f 93 126 127
f 93 127 94
f 94 127 95
f 95 127 128
f 95 128 129
f 95 129 96
f 97 130 131
f 97 131 132
f 97 132 98
f 97 100 133
f 97 133 130
f 98 132 134
f 98 134 101
f 101 134 135
f 101 135 102
f 102 135 136
f 102 136 103
f 103 136 137
f 103 137 138
f 103 138 106
f 103 106 104
f 104 106 105
f 106 138 107
f 107 138 139
f 107 139 108
f 108 139 140
f 108 140 109
f 109 140 141
f 109 141 142
f 109 142 110
f 110 142 111
f 111 142 143
f 111 143 112
f 112 143 144
f 112 144 113
f 113 144 145
f 113 145 148
f 113 148 114
f 114 146 147
f 114 147 115
f 114 148 146
f 115 147 116
f 116 147 119
f 116 119 117
f 118 119 149
f 118 149 150
f 118 150 120
f 119 147 151
f 119 151 149
f 120 150 121
f 121 150 152
f 121 152 153
f 121 153 154
f 121 154 122
f 122 155 156
f 122 156 123
f 122 154 157
f 122 157 155
f 123 158 125
f 123 125 124
f 123 156 155
f 123 155 158
f 125 158 159
f 125 159 126
f 126 159 127
f 127 159 160
f 127 160 161
f 127 161 128
f 128 161 162
f 128 162 129
f 130 163 131
f 130 133 163
f 131 163 132
f 132 164 134
f 132 163 164
f 133 165 163
f 134 166 135
f 134 164 166
f 135 166 167
f 135 167 136
f 136 168 137
f 136 167 168
f 137 168 169
f 137 169 170
f 137 170 171
f 137 171 138
f 138 171 172
f 138 172 139
f 139 172 173
f 139 173 174
f 139 174 175
f 139 175 140
f 140 175 176
f 140 176 177
f 140 177 141
f 141 178 143
f 141 143 142
f 141 177 179
f 141 179 180
f 141 180 181
f 141 181 178
f 143 178 144
f 144 178 145
f 145 181 182
f 145 182 183
f 145 183 186
f 145 186 148
f 145 178 181
f 146 184 147
f 146 148 184
f 147 184 185
f 147 185 151
f 148 186 187
f 148 187 188
f 148 188 185
f 148 185 184
f 149 151 189
f 149 189 190
f 149 190 191
f 149 191 192
f 149 192 150
f 150 192 193
f 150 193 152
f 151 185 188
f 151 188 194
f 151 194 195
f 151 195 189
f 152 193 196
f 152 196 153
f 153 157 154
f 153 196 197
f 153 197 198
f 153 198 199
f 153 199 155
f 153 155 157
f 155 200 158
f 155 199 200
f 158 200 201
f 158 201 159
f 159 201 202
f 159 202 160
f 160 202 203
f 160 203 161
f 161 203 204
f 161 204 205
f 161 205 206
f 161 206 162
f 163 207 208
f 163 208 209
f 163 209 164
f 163 165 210
f 163 210 207
f 164 209 211
f 164 211 166
f 166 211 212
f 166 212 167
f 167 212 213
f 167 213 168
f 168 213 214
f 168 214 169
f 169 214 215
f 169 215 170
f 170 215 216
f 170 216 217
f 170 217 218
f 170 218 171
f 171 218 172
f 172 218 219
f 172 219 173
f 173 219 174
f 174 219 175
f 175 220 176
f 175 219 220
f 176 221 222
f 176 222 223
f 176 223 224
f 176 224 225
f 176 225 177
f 176 220 221
f 177 225 179
f 179 224 226
f 179 226 227
f 179 227 228
f 179 228 229
f 179 229 182
f 179 182 180
f 179 225 224
f 180 182 181
f 182 230 183
f 182 229 231
f 182 231 232
f 182 232 230
f 183 230 231
f 183 231 233
f 183 233 234
f 183 234 235
f 183 235 236
f 183 236 186
f 186 236 237
f 186 237 238
f 186 238 239
f 186 239 240
f 186 240 241
f 186 241 187
f 187 195 194
f 187 194 188
f 187 241 240
f 187 240 239
f 187 239 242
f 187 242 195
f 189 195 243
f 189 243 190
f 190 243 244
f 190 244 245
f 190 245 246
f 190 246 247
f 190 247 248
f 190 248 249
f 190 249 250
f 190 250 191
f 191 250 192
f 192 251 193
f 192 250 251
f 193 251 196
f 195 242 252
f 195 252 253
f 195 253 254
f 195 254 244
f 195 244 243
f 196 251 197
f 197 251 255
f 197 255 256
f 197 256 257
f 197 257 198
f 198 257 258
f 198 258 259
f 198 259 260
f 198 260 261
f 198 261 199
f 199 262 200
f 199 261 262
f 200 262 263
f 200 263 201
f 201 263 264
f 201 264 202
f 202 264 265
f 202 265 203
f 203 265 266
f 203 266 204
f 204 266 267
f 204 267 205
f 207 268 208
f 207 210 269
f 207 269 268
f 208 268 209
f 209 270 211
f 209 268 270
f 211 271 272
f 211 272 212
f 211 270 271
f 212 272 273
f 212 273 213
f 213 274 275
f 213 275 214
f 213 273 274
f 214 275 215
f 215 275 276
f 215 276 216
f 216 276 277
f 216 277 278
f 216 278 279
f 216 279 280
f 216 280 281
f 216 281 217
f 217 281 218
f 218 281 282
f 218 282 219
f 219 282 220
f 220 283 221
f 220 282 284
f 220 284 283
f 221 283 285
f 221 285 286
f 221 286 287
f 221 287 222
f 222 287 223
f 223 287 288
f 223 288 289
f 223 289 224
f 224 289 290
f 224 290 227
f 224 227 226
f 227 290 291
f 227 291 292
f 227 292 293
f 227 293 294
f 227 294 228
f 228 231 229
f 228 294 234
f 228 234 295
f 228 295 231
f 230 232 231
f 231 295 234
f 231 234 233
f 234 296 235
f 234 294 297
f 234 297 296
f 235 296 298
f 235 298 236
f 236 298 237
f 237 298 299
f 237 299 300
f 237 300 252
f 237 252 238
f 238 252 239
f 239 252 242
f 244 254 253
f 244 253 301
f 244 301 302
f 244 302 245
f 245 303 246
f 245 302 303
f 246 303 247
f 247 303 248
f 248 303 304
f 248 304 249
f 249 304 305
f 249 305 306
f 249 306 255
f 249 255 251
f 249 251 250
f 252 300 253
f 253 300 307
f 253 307 301
f 255 306 305
f 255 305 308
f 255 308 309
f 255 309 256
f 256 309 310
f 256 310 258
f 256 258 257
f 258 310 311
f 258 311 312
f 258 312 313
f 258 313 314
f 258 314 315
f 258 315 259
f 259 316 260
f 259 315 316
f 260 316 317
f 260 317 262
f 260 262 261
f 262 317 263
f 263 318 264
f 263 317 318
f 264 318 319
f 264 319 320
f 264 320 265
f 265 320 321
f 265 321 266
f 266 321 322
f 266 322 323
f 266 323 267
f 268 324 270
f 268 269 324
f 269 325 324
f 270 326 327
f 270 327 328
f 270 328 271
f 270 324 329
f 270 329 326
f 271 328 272
f 272 328 273
f 273 328 330
f 273 330 331
f 273 331 274
f 274 331 332
f 274 332 275
f 275 332 276
f 276 332 277
f 277 332 333
f 277 333 334
f 277 334 278
f 278 335 336
f 278 336 337
f 278 337 279
f 278 334 335
f 279 337 280
f 280 337 338
f 280 338 339
f 280 339 281
f 281 339 340
f 281 340 282
f 282 340 341
f 282 341 283
f 282 283 284
f 283 341 285
f 285 341 342
f 285 342 343
f 285 343 286
f 286 343 344
f 286 344 288
f 286 288 287
f 288 344 345
f 288 345 346
f 288 346 289
f 289 346 345
f 289 345 290
f 290 345 344
f 290 344 347
f 290 347 348
f 290 348 291
f 291 348 349
f 291 349 350
f 291 350 351
f 291 351 352
f 291 352 353
f 291 353 354
f 291 354 293
f 291 293 355
f 291 355 292
f 292 355 293
f 293 353 356
f 293 356 357
f 293 357 358
f 293 358 359
f 293 359 360
f 293 360 361
f 293 361 362
f 293 362 363
f 293 363 294
f 293 354 353
f 294 363 297
f 296 297 299
f 296 299 298
f 297 363 362
f 297 362 361
f 297 361 364
f 297 364 299
f 299 364 365
f 299 365 366
f 299 366 300
f 300 366 367
f 300 367 307
f 301 307 368
f 301 368 369
f 301 369 370
f 301 370 302
f 302 370 371
f 302 371 303
f 303 371 372
f 303 372 304
f 304 372 373
f 304 373 305
f 305 373 308
f 307 367 374
f 307 374 368
f 308 373 375
f 308 375 376
f 308 376 377
f 308 377 378
f 308 378 379
f 308 379 309
f 309 379 310
f 310 379 380
f 310 380 311
f 311 380 312
f 312 380 313
f 313 381 382
f 313 382 314
f 313 380 383
f 313 383 381
f 314 382 384
f 314 384 385
f 314 385 316
f 314 316 315
f 316 385 386
f 316 386 387
f 316 387 317
f 317 387 388
f 317 388 318
f 318 388 389
f 318 389 390
f 318 390 319
f 319 390 320
f 320 390 391
f 320 391 392
f 320 392 393
f 320 393 394
f 320 394 321
f 321 394 395
f 321 395 322
f 324 325 396
f 324 396 329
f 326 397 327
f 326 329 400
f 326 400 397
f 327 398 399
f 327 399 328
f 327 397 398
f 328 399 330
f 329 396 400
f 330 399 401
f 330 401 331
f 331 401 402
f 331 402 332
f 332 402 333
f 333 402 403
f 333 403 404
f 333 404 334
f 334 404 405
f 334 405 335
f 335 405 406
f 335 406 407
f 335 407 408
f 335 408 409
f 335 409 336
f 336 409 410
f 336 410 411
f 336 411 412
f 336 412 413
f 336 413 414
f 336 414 337
f 337 414 338
f 338 414 339
f 339 414 413
f 339 413 340
f 340 413 341
f 341 411 415
f 341 415 416
f 341 416 417
f 341 417 418
f 341 418 342
f 341 413 411
f 342 418 419
f 342 419 420
f 342 420 344
f 342 344 343
f 344 348 347
f 344 420 421
f 344 421 422
f 344 422 348
f 348 423 349
f 348 422 423
f 349 423 350
f 350 424 425
f 350 425 351
f 350 423 424
f 351 425 352
f 352 425 426
f 352 426 353
f 353 426 427
f 353 427 356
f 356 428 429
f 356 429 430
f 356 430 431
f 356 431 357
f 356 427 426
f 356 426 428
f 357 431 432
f 357 432 433
f 357 433 434
f 357 434 435
f 357 435 436
f 357 436 359
f 357 359 358
f 359 436 360
f 360 436 361
f 361 437 439
f 361 439 364
f 361 436 437
f 364 438 367
f 364 367 366
f 364 366 365
f 364 439 440
f 364 440 438
f 367 438 441
f 367 441 442
f 367 442 443
f 367 443 444
f 367 444 445
f 367 445 446
f 367 446 368
f 367 368 374
f 368 446 445
f 368 445 447
f 368 447 448
f 368 448 449
f 368 449 450
f 368 450 369
f 369 451 370
f 369 450 451
f 370 451 371
f 371 451 372
f 372 451 452
f 372 452 373
f 373 452 375
f 375 452 451
f 375 451 453
f 375 453 454
f 375 454 376
f 376 454 455
f 376 455 377
f 377 456 378
f 377 455 457
f 377 457 456
f 378 458 459
f 378 459 460
f 378 460 461
f 378 461 379
f 378 456 462
f 378 462 463
f 378 463 464
f 378 464 381
f 378 381 458
f 379 461 380
f 380 461 460
f 380 460 459
f 380 459 458
f 380 458 383
f 381 465 382
f 381 383 458
f 381 464 466
f 381 466 465
f 382 467 384
f 382 465 467
f 384 468 385
f 384 467 468
f 385 468 386
f 386 468 469
f 386 469 470
f 386 470 388
f 386 388 387
f 388 470 389
f 389 470 391
f 389 391 390
f 391 470 471
f 391 471 472
f 391 472 392
f 392 472 393
f 393 472 473
f 393 473 474
f 393 474 475
f 393 475 476
f 393 476 477
f 393 477 395
f 393 395 394
f 396 478 400
f 397 479 480
f 397 480 398
f 397 400 482
f 397 482 479
f 398 480 481
f 398 481 399
f 399 481 401
f 400 478 483
f 400 483 482
f 401 484 402
f 401 481 484
f 402 484 403
f 403 485 486
f 403 486 404
f 403 484 485
f 404 486 487
f 404 487 405
f 405 487 488
f 405 488 406
f 406 489 407
f 406 488 489
f 407 489 490
f 407 490 408
f 408 491 492
f 408 492 493
f 408 493 494
f 408 494 495
f 408 495 410
f 408 410 409
f 408 490 496
f 408 496 497
f 408 497 491
f 410 495 411
f 411 495 494
f 411 494 498
f 411 498 415
f 411 413 412
f 415 498 499
f 415 499 500
f 415 500 416
f 416 500 418
f 416 418 417
f 418 500 499
f 418 499 501
f 418 501 419
f 419 501 499
f 419 499 502
f 419 502 420
f 420 502 421
f 421 502 503
f 421 503 504
f 421 504 422
f 422 505 506
f 422 506 507
f 422 507 508
f 422 508 509
f 422 509 510
f 422 510 511
f 422 511 512
f 422 512 513
f 422 513 425
f 422 425 424
f 422 424 423
f 422 504 502
f 422 502 514
f 422 514 515
f 422 515 505
f 425 513 426
f 426 513 516
f 426 516 428
f 428 516 517
f 428 517 518
f 428 518 429
f 429 519 520
f 429 520 430
f 429 518 519
f 430 520 521
f 430 521 522
f 430 522 523
f 430 523 431
f 431 524 432
f 431 523 525
f 431 525 526
f 431 526 527
f 431 527 524
f 432 524 433
f 433 524 434
f 434 524 528
f 434 528 435
f 435 529 437
f 435 437 436
f 435 528 529
f 437 529 530
f 437 530 439
f 438 440 441
f 439 530 531
f 439 531 440
f 440 531 443
f 440 443 441
f 441 443 442
f 443 531 532
f 443 532 533
f 443 533 534
f 443 534 535
f 443 535 444
f 444 535 536
f 444 536 537
f 444 537 538
f 444 538 539
f 444 539 540
f 444 540 445
f 445 540 539
f 445 539 447
f 447 539 541
f 447 541 542
f 447 542 448
f 448 543 449
f 448 542 543
f 449 543 450
f 450 543 544
f 450 544 545
f 450 545 451
f 451 546 453
f 451 545 546
f 453 546 547
f 453 547 454
f 454 548 549
f 454 549 455
f 454 547 550
f 454 550 551
f 454 551 548
f 455 549 552
f 455 552 457
f 456 457 552
f 456 552 462
f 462 553 554
f 462 554 555
f 462 555 556
f 462 556 463
f 462 552 549
f 462 549 557
f 462 557 558
f 462 558 559
f 462 559 553
f 463 556 464
f 464 556 466
f 465 560 561
f 465 561 467
f 465 466 562
f 465 562 560
f 466 556 563
f 466 563 562
f 467 561 564
f 467 564 565
f 467 565 566
f 467 566 468
f 468 567 469
f 468 566 567
f 469 567 568
f 469 568 569
f 469 569 470
f 470 569 471
f 471 569 570
f 471 570 472
f 472 570 473
f 473 570 571
f 473 571 572
f 473 572 474
f 474 572 475
f 475 572 476
f 476 572 573
f 479 574 480
f 479 482 574
f 480 575 576
f 480 576 577
f 480 577 481
f 480 574 578
f 480 578 575
f 481 577 579
f 481 579 484
f 482 580 578
f 482 578 574
f 482 483 580
f 483 581 580
f 484 582 583
f 484 583 485
f 484 579 582
f 485 583 486
f 486 584 487
f 486 583 584
f 487 584 585
f 487 585 586
f 487 586 587
f 487 587 588
f 487 588 489
f 487 489 488
f 489 497 496
f 489 496 490
f 489 588 497
f 491 589 707
f 491 707 590
f 491 590 591
f 491 591 592
f 491 592 593
f 491 593 594
f 491 594 492
f 491 497 595
f 491 595 596
f 491 596 597
f 491 597 589
f 492 594 598
f 492 598 493
f 493 598 599
f 493 599 494
f 494 499 600
f 494 600 498
f 494 599 598
f 494 598 601
f 494 601 602
f 494 602 603
f 494 603 499
f 497 588 595
f 498 600 499
f 499 603 604
f 499 604 502
f 502 603 605
f 502 605 606
f 502 606 514
f 502 504 503
f 502 604 603
f 505 607 608
f 505 608 609
f 505 609 506
f 505 515 610
f 505 610 611
f 505 611 607
f 506 609 612
f 506 612 507
f 507 612 609
f 507 609 613
f 507 613 608
f 507 608 614
f 507 614 615
f 507 615 616
f 507 616 617
f 507 617 618
f 507 618 619
f 507 619 620
f 507 620 509
f 507 509 508
f 509 621 622
f 509 622 519
f 509 519 623
f 509 623 511
f 509 511 510
f 509 620 619
f 509 619 621
f 511 518 624
f 511 624 512
f 511 623 518
f 512 516 513
f 512 624 516
f 514 606 610
f 514 610 515
f 516 624 518
f 516 518 517
f 518 623 519
f 519 622 520
f 520 622 625
f 520 625 521
f 521 625 626
f 521 626 522
f 522 627 628
f 522 628 523
f 522 626 627
f 523 629 630
f 523 630 525
f 523 628 631
f 523 631 629
f 524 527 632
f 524 632 633
f 524 633 634
f 524 634 528
f 525 630 526
f 526 630 635
f 526 635 527
f 527 635 632
f 528 636 530
f 528 530 529
f 528 634 637
f 528 637 750
f 528 750 636
f 530 636 531
f 531 636 638
f 531 638 533
f 531 533 532
f 533 638 639
f 533 639 534
f 534 639 535
f 535 639 640
f 535 640 641
f 535 641 642
f 535 642 536
f 536 642 643
f 536 643 644
f 536 644 645
f 536 645 537
f 537 645 646
f 537 646 538
f 538 646 539
f 539 646 647
f 539 647 648
f 539 648 649
f 539 649 541
f 541 544 542
f 541 649 545
f 541 545 544
f 542 544 543
f 545 649 650
f 545 650 651
f 545 651 652
f 545 652 653
f 545 653 654
f 545 654 655
f 545 655 656
f 545 656 657
f 545 657 550
f 545 550 547
f 545 547 658
f 545 658 546
f 546 658 547
f 548 551 659
f 548 659 660
f 548 660 557
f 548 557 549
f 550 657 551
f 551 657 661
f 551 661 662
f 551 662 659
f 553 663 664
f 553 664 555
f 553 555 554
f 553 559 665
f 553 665 666
f 553 666 663
f 555 664 556
f 556 664 667
f 556 667 563
f 557 660 558
f 558 668 669
f 558 669 670
f 558 670 559
f 558 660 671
f 558 671 672
f 558 672 673
f 558 673 668
f 559 670 674
f 559 674 665
f 560 675 561
f 560 562 675
f 561 675 562
f 561 562 676
f 561 676 677
f 561 677 678
f 561 678 679
f 561 679 680
f 561 680 681
f 561 681 564
f 562 563 682
f 562 682 676
f 563 683 682
f 563 667 683
f 564 681 565
f 565 684 802
f 565 802 685
f 565 685 567
f 565 567 566
f 565 681 680
f 565 680 684
f 567 685 686
f 567 686 568
f 568 686 687
f 568 687 688
f 568 688 569
f 569 688 570
f 570 688 571
f 571 688 687
f 571 687 689
f 571 689 572
f 572 689 690
f 572 690 691
f 572 691 692
f 572 692 573
f 575 693 576
f 575 578 693
f 576 694 695
f 576 695 579
f 576 579 577
f 576 693 694
f 578 696 693
f 578 580 697
f 578 697 696
f 579 695 582
f 580 581 697
f 581 698 699
f 581 699 697
f 582 695 700
f 582 700 583
f 583 700 584
f 584 700 585
f 585 701 586
f 585 700 702
f 585 702 703
f 585 703 704
f 585 704 701
f 586 701 587
f 587 595 588
f 587 701 596
f 587 596 595
f 589 597 705
f 589 705 706
f 589 706 707
f 590 707 708
f 590 708 709
f 590 709 591
f 591 710 598
f 591 598 711
f 591 711 592
f 591 709 712
f 591 712 710
f 592 711 593
f 593 711 594
f 594 711 598
f 596 701 713
f 596 713 714
f 596 714 715
f 596 715 716
f 596 716 597
f 597 715 705
f 597 716 715
f 598 710 717
f 598 717 601
f 601 718 719
f 601 719 602
f 601 717 718
f 602 611 720
f 602 720 605
f 602 605 603
f 602 719 721
f 602 721 722
f 602 722 723
f 602 723 611
f 605 720 606
f 606 720 724
f 606 724 610
f 607 723 725
f 607 725 608
f 607 611 723
f 608 725 614
f 608 613 609
f 610 724 611
f 611 724 720
f 614 725 726
f 614 726 615
f 615 726 727
f 615 727 728
f 615 728 616
f 616 728 617
f 617 728 727
f 617 727 729
f 617 729 618
f 618 729 730
f 618 730 731
f 618 731 619
f 619 731 732
f 619 732 733
f 619 733 734
f 619 734 735
f 619 735 736
f 619 736 737
f 619 737 738
f 619 738 739
f 619 739 621
f 621 739 625
f 621 625 622
f 625 739 740
f 625 740 626
f 626 740 627
f 627 738 741
f 627 741 742
f 627 742 628
f 627 740 738
f 628 742 743
f 628 743 744
f 628 744 745
f 628 745 631
f 629 631 746
f 629 746 747
f 629 747 630
f 630 747 748
f 630 748 635
f 631 745 746
f 632 635 633
f 633 749 750
f 633 750 637
f 633 637 634
f 633 635 748
f 633 748 751
f 633 751 752
f 633 752 753
f 633 753 749
f 636 639 638
f 636 750 754
f 636 754 639
f 639 754 755
f 639 755 756
f 639 756 640
f 640 756 757
f 640 757 758
f 640 758 641
f 641 758 642
f 642 758 759
f 642 759 760
f 642 760 761
f 642 761 643
f 643 761 762
f 643 762 763
f 643 763 644
f 644 763 645
f 645 763 764
f 645 764 765
f 645 765 651
f 645 651 766
f 645 766 646
f 646 650 647
f 646 766 650
f 647 650 649
f 647 649 648
f 650 766 651
f 651 767 653
f 651 653 652
f 651 765 764
f 651 764 768
f 651 768 767
f 653 769 770
f 653 770 771
f 653 771 655
f 653 655 654
f 653 767 768
f 653 768 772
f 653 772 773
f 653 773 774
f 653 774 769
f 655 771 775
f 655 775 672
f 655 672 776
f 655 776 656
f 656 776 657
f 657 776 661
f 659 662 660
f 660 662 671
f 661 776 672
f 661 672 671
f 661 671 662
f 663 666 777
f 663 777 778
f 663 778 664
f 664 778 667
f 665 674 666
f 666 779 780
f 666 780 777
f 666 674 779
f 667 778 777
f 667 777 780
f 667 780 781
f 667 781 782
f 667 782 783
f 667 783 683
f 668 784 785
f 668 785 669
f 668 673 786
f 668 786 787
f 668 787 788
f 668 788 784
f 669 785 789
f 669 789 670
f 670 789 674
f 672 775 790
f 672 790 673
f 673 790 791
f 673 791 792
f 673 792 786
f 674 789 793
f 674 793 794
f 674 794 795
f 674 795 796
f 674 796 779
f 676 682 677
f 677 682 683
f 677 683 783
f 677 783 797
f 677 797 678
f 678 797 679
f 679 797 798
f 679 798 799
f 679 799 800
f 679 800 801
f 679 801 680
f 680 801 684
f 684 801 802
f 685 802 686
f 686 803 804
f 686 804 687
f 686 802 803
f 687 804 689
f 689 804 690
f 690 804 805
f 690 805 691
f 691 805 806
f 691 806 692
f 692 806 807
f 693 808 809
f 693 809 694
f 693 696 812
f 693 812 808
f 694 809 810
f 694 810 811
f 694 811 695
f 695 811 700
f 696 697 812
f 697 813 812
f 697 699 814
f 697 814 813
f 698 815 699
f 699 815 814
f 700 811 702
f 701 704 816
f 701 816 817
f 701 817 713
f 702 811 703
f 703 811 810
f 703 810 818
f 703 818 819
f 703 819 704
f 704 819 816
f 705 820 821
f 705 821 706
f 705 715 820
f 706 821 822
f 706 822 708
f 706 708 707
f 708 823 709
f 708 822 824
f 708 824 825
f 708 825 826
f 708 826 827
f 708 827 828
f 708 828 823
f 709 823 828
f 709 828 712
f 710 712 717
f 712 828 827
f 712 827 829
f 712 829 830
f 712 830 718
f 712 718 717
f 713 817 714
f 714 817 831
f 714 831 715
f 715 832 833
f 715 833 820
f 715 831 832
f 718 830 834
f 718 834 835
f 718 835 719
f 719 835 834
f 719 834 721
f 721 834 722
f 722 834 836
f 722 836 837
f 722 837 838
f 722 838 723
f 723 838 839
f 723 839 725
f 725 839 726
f 726 839 727
f 727 840 729
f 727 839 841
f 727 841 842
f 727 842 840
f 729 840 730
f 730 840 842
f 730 842 732
f 730 732 731
f 732 842 841
f 732 841 843
f 732 843 733
f 733 843 844
f 733 844 845
f 733 845 735
f 733 735 734
f 735 845 736
f 736 846 847
f 736 847 848
f 736 848 849
f 736 849 737
f 736 845 846
f 737 849 850
f 737 850 851
f 737 851 852
f 737 852 741
f 737 741 738
f 738 740 739
f 741 852 742
f 742 852 853
f 742 853 743
f 743 853 744
f 744 853 851
f 744 851 850
f 744 850 854
f 744 854 855
f 744 855 856
f 744 856 857
f 744 857 858
f 744 858 859
f 744 859 860
f 744 860 745
f 745 861 746
f 745 860 861
f 746 862 863
f 746 863 747
f 746 861 860
f 746 860 864
f 746 864 865
f 746 865 862
f 747 863 866
f 747 866 867
f 747 867 748
f 748 867 751
f 749 755 754
f 749 754 750
f 749 753 868
f 749 868 757
f 749 757 755
f 751 867 752
f 752 869 870
f 752 870 871
f 752 871 872
f 752 872 873
f 752 873 753
f 752 867 869
f 753 873 874
f 753 874 875
f 753 875 876
f 753 876 877
f 753 877 878
f 753 878 868
f 755 757 756
f 757 868 879
f 757 879 758
f 758 879 880
f 758 880 759
f 759 880 881
f 759 881 760
f 760 881 882
f 760 882 761
f 761 883 762
f 761 882 884
f 761 884 885
f 761 885 886
f 761 886 883
f 762 883 887
f 762 887 888
f 762 888 763
f 763 889 764
f 763 888 889
f 764 889 768
f 768 887 883
f 768 883 890
f 768 890 891
f 768 891 892
f 768 892 893
f 768 893 894
f 768 894 895
f 768 895 896
f 768 896 772
f 768 889 887
f 769 774 897
f 769 897 770
f 770 791 775
f 770 775 771
f 770 897 791
f 772 898 899
f 772 899 903
f 772 903 900
f 772 900 901
f 772 901 773
f 772 896 902
f 772 902 898
f 773 901 774
f 774 901 903
f 774 903 904
f 774 904 897
f 775 791 790
f 779 796 905
f 779 905 906
f 779 906 780
f 780 906 907
f 780 907 781
f 781 908 782
f 781 907 908
f 782 908 909
f 782 909 783
f 783 909 910
f 783 910 911
f 783 911 797
f 784 912 793
f 784 793 789
f 784 789 785
f 784 788 912
f 786 792 913
f 786 913 787
f 787 914 788
f 787 913 915
f 787 915 916
f 787 916 914
f 788 914 916
f 788 916 917
f 788 917 918
f 788 918 794
f 788 794 912
f 791 897 792
f 792 897 903
f 792 903 919
f 792 919 920
f 792 920 921
f 792 921 913
f 793 912 794
f 794 918 917
f 794 917 922
f 794 922 923
f 794 923 924
f 794 924 925
f 794 925 926
f 794 926 927
f 794 927 928
f 794 928 929
f 794 929 930
f 794 930 931
f 794 931 932
f 794 932 906
f 794 906 905
f 794 905 795
f 795 905 796
f 797 933 798
f 797 911 933
f 798 934 799
f 798 933 934
f 799 935 936
f 799 936 937
f 799 937 800
f 799 934 935
f 800 937 801
f 801 937 802
f 802 937 938
f 802 938 803
f 803 938 939
f 803 939 940
f 803 940 804
f 804 940 805
f 805 940 939
f 805 939 941
f 805 941 1077
f 805 1077 942
f 805 942 806
f 806 942 807
f 807 942 943
f 808 944 809
f 808 812 944
f 809 944 945
f 809 945 810
f 810 945 818
f 812 946 944
f 812 813 947
f 812 947 946
f 813 814 948
f 813 948 947
f 816 949 817
f 816 819 949
f 817 949 950
f 817 950 951
f 817 951 831
f 818 945 952
f 818 952 953
f 818 953 819
f 819 954 950
f 819 950 949
f 819 953 954
f 820 833 821
f 821 833 955
f 821 955 956
f 821 956 957
f 821 957 822
f 822 957 824
f 824 957 958
f 824 958 825
f 825 958 826
f 826 958 959
f 826 959 960
f 826 960 961
f 826 961 827
f 827 962 963
f 827 963 964
f 827 964 965
f 827 965 966
f 827 966 967
f 827 967 837
f 827 837 968
f 827 968 829
f 827 961 969
f 827 969 970
f 827 970 962
f 829 968 836
f 829 836 834
f 829 834 830
f 831 951 832
f 832 951 833
f 833 971 972
f 833 972 956
f 833 956 955
f 833 951 973
f 833 973 974
f 833 974 975
f 833 975 971
f 836 968 837
f 837 967 966
f 837 966 965
f 837 965 976
f 837 976 977
f 837 977 838
f 838 977 978
f 838 978 979
f 838 979 839
f 839 979 980
f 839 980 981
f 839 981 841
f 841 844 843
f 841 981 982
f 841 982 983
f 841 983 984
f 841 984 985
f 841 985 986
f 841 986 844
f 844 987 845
f 844 986 987
f 845 987 846
f 846 986 988
f 846 988 989
f 846 989 990
f 846 990 848
f 846 848 847
f 846 987 986
f 848 990 989
f 848 989 991
f 848 991 849
f 849 991 992
f 849 992 850
f 850 992 993
f 850 993 994
f 850 994 854
f 851 853 852
f 854 856 855
f 854 994 856
f 856 858 857
f 856 994 858
f 858 864 859
f 858 994 995
f 858 995 996
f 858 996 997
f 858 997 864
f 859 864 860
f 862 998 870
f 862 870 863
f 862 865 1001
f 862 1001 998
f 863 870 869
f 863 869 866
f 864 999 1000
f 864 1000 865
f 864 997 999
f 865 1000 1001
f 866 869 867
f 868 878 879
f 870 998 871
f 871 998 1001
f 871 1001 872
f 872 1001 1000
f 872 1000 1002
f 872 1002 1003
f 872 1003 873
f 873 1003 1004
f 873 1004 1005
f 873 1005 875
f 873 875 874
f 875 1006 876
f 875 1005 1008
f 875 1008 1006
f 876 880 1007
f 876 1007 877
f 876 1006 881
f 876 881 880
f 877 1007 878
f 878 1007 880
f 878 880 879
f 881 1006 1008
f 881 1008 1009
f 881 1009 1010
f 881 1010 1011
f 881 1011 882
f 882 1011 1010
f 882 1010 884
f 883 886 1012
f 883 1012 890
f 884 1010 1013
f 884 1013 1014
f 884 1014 1015
f 884 1015 1016
f 884 1016 1017
f 884 1017 1018
f 884 1018 1019
f 884 1019 886
f 884 886 885
f 886 1019 1012
f 887 889 888
f 890 1019 1018
f 890 1018 1020
f 890 1020 891
f 890 1012 1019
f 891 1020 1021
f 891 1021 1022
f 891 1022 1023
f 891 1023 1024
f 891 1024 892
f 892 1024 893
f 893 1024 1025
f 893 1025 1148
f 893 1148 1026
f 893 1026 894
f 894 1026 1027
f 894 1027 895
f 895 1028 902
f 895 902 896
f 895 1027 1028
f 897 904 903
f 898 902 1028
f 898 1028 899
f 899 1028 1029
f 899 1029 903
f 900 903 901
f 903 1029 919
f 906 932 1030
f 906 1030 1031
f 906 1031 1032
f 906 1032 907
f 907 1032 908
f 908 1032 1033
f 908 1033 1034
f 908 1034 1035
f 908 1035 910
f 908 910 909
f 910 1035 1036
f 910 1036 911
f 911 1037 1038
f 911 1038 933
f 911 1036 1037
f 913 921 1039
f 913 1039 915
f 915 1039 916
f 916 1039 922
f 916 922 917
f 919 1029 920
f 920 1029 1040
f 920 1040 1041
f 920 1041 1042
f 920 1042 1043
f 920 1043 1044
f 920 1044 1045
f 920 1045 921
f 921 1045 1046
f 921 1046 1039
f 922 1039 1046
f 922 1046 1045
f 922 1045 1044
f 922 1044 1042
f 922 1042 1047
f 922 1047 1048
f 922 1048 1049
f 922 1049 924
f 922 924 923
f 924 1050 1051
f 924 1051 1052
f 924 1052 925
f 924 1049 1048
f 924 1048 1050
f 925 1053 1054
f 925 1054 926
f 925 1052 1053
f 926 1054 1055
f 926 1055 927
f 927 1055 928
f 928 1055 1056
f 928 1056 1057
f 928 1057 1058
f 928 1058 1059
f 928 1059 1060
f 928 1060 929
f 929 1060 1061
f 929 1061 1062
f 929 1062 930
f 930 1062 1061
f 930 1061 1063
f 930 1063 931
f 931 1064 1065
f 931 1065 932
f 931 1063 1064
f 932 1065 1066
f 932 1066 1067
f 932 1067 1030
f 933 1038 1068
f 933 1068 934
f 934 1068 1069
f 934 1069 1070
f 934 1070 1071
f 934 1071 935
f 935 1071 1072
f 935 1072 1073
f 935 1073 936
f 936 1073 1074
f 936 1074 938
f 936 938 937
f 938 1074 939
f 939 1074 1075
f 939 1075 1076
f 939 1076 941
f 941 1076 1195
f 941 1195 1077
f 942 1077 943
f 943 1077 1078
f 944 1079 1080
f 944 1080 945
f 944 946 1081
f 944 1081 1079
f 945 1080 952
f 946 947 1081
f 947 1082 1083
f 947 1083 1081
f 947 948 1084
f 947 1084 1085
f 947 1085 1082
f 950 954 1086
f 950 1086 1087
f 950 1087 974
f 950 974 951
f 951 974 973
f 952 1088 953
f 952 1080 1089
f 952 1089 1088
f 953 1088 1086
f 953 1086 954
f 956 972 957
f 957 972 958
f 958 1090 959
f 958 972 1091
f 958 1091 1090
f 959 1092 1093
f 959 1093 1094
f 959 1094 1095
f 959 1095 1096
f 959 1096 1097
f 959 1097 960
f 959 1090 1092
f 960 1097 961
f 961 1097 1098
f 961 1098 1099
f 961 1099 969
f 962 970 1100
f 962 1100 1101
f 962 1101 1102
f 962 1102 963
f 963 1102 1103
f 963 1103 1104
f 963 1104 1105
f 963 1105 964
f 964 1105 1106
f 964 1106 1107
f 964 1107 1108
f 964 1108 1109
f 964 1109 965
f 965 1110 1111
f 965 1111 1112
f 965 1112 1113
f 965 1113 978
f 965 978 976
f 965 1109 1110
f 969 1099 970
f 970 1099 1098
f 970 1098 1096
f 970 1096 1100
f 971 975 1114
f 971 1114 972
f 972 1114 1115
f 972 1115 1091
f 974 1087 1116
f 974 1116 1117
f 974 1117 975
f 975 1117 1118
f 975 1118 1114
f 976 978 977
f 978 1113 980
f 978 980 979
f 980 1112 981
f 980 1113 1112
f 981 1112 1119
f 981 1119 1111
f 981 1111 1110
f 981 1110 982
f 982 1110 1120
f 982 1120 983
f 983 1120 1110
f 983 1110 984
f 984 1121 1109
f 984 1109 1122
f 984 1122 985
f 984 1110 1121
f 985 1122 1123
f 985 1123 1124
f 985 1124 1125
f 985 1125 986
f 986 1125 1126
f 986 1126 1127
f 986 1127 1128
f 986 1128 1129
f 986 1129 1130
f 986 1130 989
f 986 989 988
f 989 1130 1131
f 989 1131 991
f 991 1131 992
f 992 1132 1239
f 992 1239 1238
f 992 1238 1337
f 992 1337 1237
f 992 1237 1338
f 992 1338 1433
f 992 1433 1529
f 992 1529 1617
f 992 1617 1707
f 992 1707 1811
f 992 1811 1918
f 992 1918 2006
f 992 2006 2005
f 992 2005 2004
f 992 2004 2101
f 992 2101 2198
f 992 2198 2289
f 992 2289 2391
f 992 2391 2393
f 992 2393 2501
f 992 2501 2589
f 992 2589 2671
f 992 2671 2674
f 992 2674 2673
f 992 2673 2770
f 992 2770 2774
f 992 2774 2771
f 992 2771 2676
f 992 2676 2593
f 992 2593 2504
f 992 2504 2400
f 992 2400 2303
f 992 2303 2299
f 992 2299 2207
f 992 2207 2112
f 992 2112 2021
f 992 2021 1927
f 992 1927 1926
f 992 1926 1922
f 992 1922 1819
f 992 1819 1724
f 992 1724 1632
f 992 1632 1538
f 992 1538 1536
f 992 1536 1449
f 992 1449 1357
f 992 1357 1356
f 992 1356 1344
f 992 1344 1342
f 992 1342 1341
f 992 1341 1339
f 992 1339 1240
f 992 1240 1141
f 992 1141 1140
f 992 1140 1139
f 992 1139 1138
f 992 1138 1137
f 992 1137 1133
f 992 1133 997
f 992 997 996
f 992 996 995
f 992 995 994
f 992 994 993
f 992 1131 1132
f 997 1133 1135
f 997 1135 1134
f 997 1134 999
f 999 1134 1000
f 1000 1134 1002
f 1002 1134 1135
f 1002 1135 1003
f 1003 1135 1004
f 1004 1135 1136
f 1004 1136 1009
f 1004 1009 1008
f 1004 1008 1005
f 1009 1014 1013
f 1009 1013 1010
f 1009 1136 1133
f 1009 1133 1137
f 1009 1137 1014
f 1014 1137 1138
f 1014 1138 1139
f 1014 1139 1140
f 1014 1140 1015
f 1015 1017 1016
f 1015 1140 1017
f 1017 1140 1018
f 1018 1140 1141
f 1018 1141 1020
f 1020 1142 1021
f 1020 1141 1142
f 1021 1143 1022
f 1021 1142 1144
f 1021 1144 1143
f 1022 1143 1023
f 1023 1143 1145
f 1023 1145 1146
f 1023 1146 1147
f 1023 1147 1148
f 1023 1148 1024
f 1024 1148 1025
f 1026 1148 1027
f 1027 1029 1028
f 1027 1148 1029
f 1029 1149 1150
f 1029 1150 1151
f 1029 1151 1152
f 1029 1152 1040
f 1029 1148 1146
f 1029 1146 1149
f 1030 1067 1153
f 1030 1153 1154
f 1030 1154 1033
f 1030 1033 1155
f 1030 1155 1031
f 1031 1155 1033
f 1031 1033 1032
f 1033 1154 1156
f 1033 1156 1035
f 1033 1035 1034
f 1035 1156 1154
f 1035 1154 1157
f 1035 1157 1158
f 1035 1158 1159
f 1035 1159 1160
f 1035 1160 1036
f 1036 1160 1037
f 1037 1160 1161
f 1037 1161 1038
f 1038 1161 1068
f 1040 1162 1041
f 1040 1152 1151
f 1040 1151 1162
f 1041 1162 1047
f 1041 1047 1042
f 1042 1044 1043
f 1047 1162 1151
f 1047 1151 1163
f 1047 1163 1048
f 1048 1163 1151
f 1048 1151 1164
f 1048 1164 1165
f 1048 1165 1166
f 1048 1166 1167
f 1048 1167 1168
f 1048 1168 1169
f 1048 1169 1170
f 1048 1170 1171
f 1048 1171 1050
f 1050 1171 1172
f 1050 1172 1051
f 1051 1172 1173
f 1051 1173 1174
f 1051 1174 1052
f 1052 1174 1053
f 1053 1175 1056
f 1053 1056 1054
f 1053 1174 1176
f 1053 1176 1175
f 1054 1056 1055
f 1056 1175 1057
f 1057 1175 1177
f 1057 1177 1178
f 1057 1178 1179
f 1057 1179 1180
f 1057 1180 1181
f 1057 1181 1059
f 1057 1059 1058
f 1059 1181 1182
f 1059 1182 1066
f 1059 1066 1060
f 1060 1066 1064
f 1060 1064 1061
f 1061 1064 1063
f 1064 1066 1065
f 1066 1182 1181
f 1066 1181 1183
f 1066 1183 1184
f 1066 1184 1067
f 1067 1184 1185
f 1067 1185 1153
f 1068 1161 1069
f 1069 1186 1187
f 1069 1187 1070
f 1069 1161 1186
f 1070 1187 1188
f 1070 1188 1071
f 1071 1188 1072
f 1072 1189 1190
f 1072 1190 1191
f 1072 1191 1073
f 1072 1188 1187
f 1072 1187 1189
f 1073 1191 1192
f 1073 1192 1074
f 1074 1192 1075
f 1075 1192 1193
f 1075 1193 1076
f 1076 1193 1194
f 1076 1194 1195
f 1077 1195 1196
f 1077 1196 1078
f 1079 1197 1089
f 1079 1089 1080
f 1079 1081 1198
f 1079 1198 1197
f 1081 1083 1199
f 1081 1199 1198
f 1082 1199 1083
f 1082 1085 1199
f 1085 1200 1199
f 1086 1088 1201
f 1086 1201 1087
f 1087 1201 1202
f 1087 1202 1116
f 1088 1203 1201
f 1088 1089 1204
f 1088 1204 1203
f 1089 1197 1205
f 1089 1205 1206
f 1089 1206 1204
f 1090 1207 1093
f 1090 1093 1092
f 1090 1091 1207
f 1091 1208 1207
f 1091 1115 1114
f 1091 1114 1208
f 1093 1209 1210
f 1093 1210 1211
f 1093 1211 1212
f 1093 1212 1095
f 1093 1095 1094
f 1093 1207 1213
f 1093 1213 1214
f 1093 1214 1215
f 1093 1215 1216
f 1093 1216 1209
f 1095 1212 1217
f 1095 1217 1100
f 1095 1100 1096
f 1096 1098 1097
f 1100 1217 1212
f 1100 1212 1218
f 1100 1218 1101
f 1101 1218 1103
f 1101 1103 1102
f 1103 1219 1104
f 1103 1218 1219
f 1104 1219 1220
f 1104 1220 1106
f 1104 1106 1105
f 1106 1221 1222
f 1106 1222 1223
f 1106 1223 1107
f 1106 1220 1221
f 1107 1223 1108
f 1108 1223 1224
f 1108 1224 1109
f 1109 1225 1226
f 1109 1226 1227
f 1109 1227 1123
f 1109 1123 1122
f 1109 1121 1110
f 1109 1224 1225
f 1111 1119 1112
f 1114 1228 1208
f 1114 1118 1228
f 1116 1202 1229
f 1116 1229 1230
f 1116 1230 1231
f 1116 1231 1232
f 1116 1232 1117
f 1117 1232 1233
f 1117 1233 1118
f 1118 1233 1228
f 1123 1227 1124
f 1124 1126 1125
f 1124 1227 1127
f 1124 1127 1126
f 1127 1227 1234
f 1127 1234 1129
f 1127 1129 1128
f 1129 1235 1130
f 1129 1234 1236
f 1129 1236 1237
f 1129 1237 1235
f 1130 1235 1238
f 1130 1238 1239
f 1130 1239 1132
f 1130 1132 1131
f 1133 1136 1135
f 1141 1240 1241
f 1141 1241 1144
f 1141 1144 1142
f 1143 1144 1145
f 1144 1241 1242
f 1144 1242 1146
f 1144 1146 1145
f 1146 1243 1244
f 1146 1244 1245
f 1146 1245 1149
f 1146 1148 1147
f 1146 1242 1246
f 1146 1246 1243
f 1149 1245 1247
f 1149 1247 1164
f 1149 1164 1150
f 1150 1164 1151
f 1153 1185 1157
f 1153 1157 1154
f 1157 1185 1248
f 1157 1248 1249
f 1157 1249 1158
f 1158 1249 1159
f 1159 1249 1250
f 1159 1250 1160
f 1160 1251 1252
f 1160 1252 1161
f 1160 1250 1251
f 1161 1252 1186
f 1164 1247 1253
f 1164 1253 1165
f 1165 1253 1166
f 1166 1253 1167
f 1167 1244 1254
f 1167 1254 1255
f 1167 1255 1256
f 1167 1256 1168
f 1167 1253 1244
f 1168 1256 1257
f 1168 1257 1258
f 1168 1258 1259
f 1168 1259 1169
f 1169 1259 1260
f 1169 1260 1261
f 1169 1261 1170
f 1170 1261 1262
f 1170 1262 1171
f 1171 1262 1172
f 1172 1262 1263
f 1172 1263 1173
f 1173 1178 1174
f 1173 1263 1261
f 1173 1261 1264
f 1173 1264 1178
f 1174 1178 1177
f 1174 1177 1176
f 1175 1176 1177
f 1178 1264 1265
f 1178 1265 1179
f 1179 1266 1267
f 1179 1267 1180
f 1179 1265 1268
f 1179 1268 1269
f 1179 1269 1270
f 1179 1270 1266
f 1180 1267 1271
f 1180 1271 1272
f 1180 1272 1273
f 1180 1273 1274
f 1180 1274 1275
f 1180 1275 1276
f 1180 1276 1181
f 1181 1276 1275
f 1181 1275 1277
f 1181 1277 1278
f 1181 1278 1279
f 1181 1279 1280
f 1181 1280 1281
f 1181 1281 1185
f 1181 1185 1184
f 1181 1184 1183
f 1185 1281 1282
f 1185 1282 1249
f 1185 1249 1248
f 1186 1283 1187
f 1186 1252 1283
f 1187 1283 1284
f 1187 1284 1285
f 1187 1285 1189
f 1189 1285 1286
f 1189 1286 1287
f 1189 1287 1288
f 1189 1288 1289
f 1189 1289 1290
f 1189 1290 1190
f 1190 1290 1191
f 1191 1290 1192
f 1192 1290 1193
f 1193 1290 1291
f 1193 1291 1194
f 1194 1291 1292
f 1194 1292 1293
f 1194 1293 1196
f 1194 1196 1195
f 1197 1198 1205
f 1198 1199 1294
f 1198 1294 1205
f 1199 1200 1294
f 1200 1295 1294
f 1201 1203 1296
f 1201 1296 1202
f 1202 1297 1229
f 1202 1296 1298
f 1202 1298 1299
f 1202 1299 1297
f 1203 1204 1300
f 1203 1300 1296
f 1204 1206 1301
f 1204 1301 1300
f 1205 1294 1302
f 1205 1302 1303
f 1205 1303 1206
f 1206 1303 1301
f 1207 1208 1304
f 1207 1304 1305
f 1207 1305 1213
f 1208 1306 1307
f 1208 1307 1304
f 1208 1228 1306
f 1209 1216 1210
f 1210 1216 1308
f 1210 1308 1309
f 1210 1309 1310
f 1210 1310 1211
f 1211 1310 1311
f 1211 1311 1312
f 1211 1312 1313
f 1211 1313 1314
f 1211 1314 1315
f 1211 1315 1316
f 1211 1316 1212
f 1212 1316 1221
f 1212 1221 1219
f 1212 1219 1218
f 1213 1305 1317
f 1213 1317 1214
f 1214 1317 1305
f 1214 1305 1406
f 1214 1406 1318
f 1214 1318 1425
f 1214 1425 1319
f 1214 1319 1320
f 1214 1320 1215
f 1215 1320 1216
f 1216 1320 1319
f 1216 1319 1308
f 1219 1221 1220
f 1221 1316 1222
f 1222 1316 1321
f 1222 1321 1223
f 1223 1321 1322
f 1223 1322 1224
f 1224 1322 1225
f 1225 1322 1323
f 1225 1323 1324
f 1225 1324 1325
f 1225 1325 1226
f 1226 1326 1327
f 1226 1327 1328
f 1226 1328 1227
f 1226 1325 1329
f 1226 1329 1326
f 1227 1328 1234
f 1228 1233 1330
f 1228 1330 1331
f 1228 1331 1332
f 1228 1332 1306
f 1229 1297 1333
f 1229 1333 1334
f 1229 1334 1230
f 1230 1334 1335
f 1230 1335 1231
f 1231 1335 1336
f 1231 1336 1232
f 1232 1336 1330
f 1232 1330 1233
f 1234 1328 1236
f 1235 1237 1337
f 1235 1337 1238
f 1236 1328 1237
f 1237 1328 1327
f 1237 1327 1338
f 1240 1339 1241
f 1241 1339 1242
f 1242 1340 1246
f 1242 1339 1341
f 1242 1341 1342
f 1242 1342 1340
f 1243 1246 1244
f 1244 1246 1343
f 1244 1343 1254
f 1244 1253 1247
f 1244 1247 1245
f 1246 1340 1344
f 1246 1344 1345
f 1246 1345 1255
f 1246 1255 1343
f 1249 1346 1250
f 1249 1282 1347
f 1249 1347 1348
f 1249 1348 1346
f 1250 1349 1350
f 1250 1350 1251
f 1250 1346 1436
f 1250 1436 1349
f 1251 1350 1351
f 1251 1351 1352
f 1251 1352 1353
f 1251 1353 1354
f 1251 1354 1252
f 1252 1354 1283
f 1254 1343 1255
f 1255 1345 1256
f 1256 1345 1344
f 1256 1344 1257
f 1257 1355 1258
f 1257 1344 1356
f 1257 1356 1357
f 1257 1357 1355
f 1258 1355 1358
f 1258 1358 1359
f 1258 1359 1259
f 1259 1359 1260
f 1260 1359 1360
f 1260 1360 1361
f 1260 1361 1261
f 1261 1361 1264
f 1261 1263 1262
f 1264 1361 1265
f 1265 1362 1363
f 1265 1363 1268
f 1265 1361 1364
f 1265 1364 1365
f 1265 1365 1362
f 1266 1366 1367
f 1266 1367 1271
f 1266 1271 1267
f 1266 1270 1366
f 1268 1363 1269
f 1269 1363 1368
f 1269 1368 1270
f 1270 1368 1369
f 1270 1369 1366
f 1271 1367 1272
f 1272 1370 1273
f 1272 1367 1370
f 1273 1370 1371
f 1273 1371 1372
f 1273 1372 1274
f 1274 1372 1277
f 1274 1277 1275
f 1277 1372 1373
f 1277 1373 1278
f 1278 1373 1374
f 1278 1374 1279
f 1279 1374 1280
f 1280 1374 1281
f 1281 1375 1376
f 1281 1376 1377
f 1281 1377 1282
f 1281 1374 1375
f 1282 1378 1379
f 1282 1379 1347
f 1282 1377 1378
f 1283 1380 1381
f 1283 1381 1284
f 1283 1354 1380
f 1284 1381 1285
f 1285 1382 1286
f 1285 1381 1382
f 1286 1382 1383
f 1286 1383 1287
f 1287 1384 1288
f 1287 1383 1385
f 1287 1385 1386
f 1287 1386 1387
f 1287 1387 1292
f 1287 1292 1384
f 1288 1384 1289
f 1289 1384 1291
f 1289 1291 1290
f 1291 1384 1292
f 1292 1387 1388
f 1292 1388 1293
f 1294 1389 1390
f 1294 1390 1302
f 1294 1295 1391
f 1294 1391 1389
f 1296 1300 1392
f 1296 1392 1393
f 1296 1393 1394
f 1296 1394 1299
f 1296 1299 1395
f 1296 1395 1298
f 1297 1299 1333
f 1298 1395 1299
f 1299 1394 1481
f 1299 1481 1396
f 1299 1396 1334
f 1299 1334 1333
f 1300 1394 1393
f 1300 1393 1392
f 1300 1301 1397
f 1300 1397 1398
f 1300 1398 1399
f 1300 1399 1394
f 1301 1303 1400
f 1301 1400 1397
f 1302 1401 1303
f 1302 1390 1402
f 1302 1402 1401
f 1303 1401 1400
f 1304 1307 1403
f 1304 1403 1331
f 1304 1331 1404
f 1304 1404 1405
f 1304 1405 1305
f 1305 1405 1490
f 1305 1490 1406
f 1306 1403 1307
f 1306 1332 1331
f 1306 1331 1403
f 1308 1319 1407
f 1308 1407 1408
f 1308 1408 1409
f 1308 1409 1309
f 1309 1409 1310
f 1310 1409 1408
f 1310 1408 1410
f 1310 1410 1311
f 1311 1410 1411
f 1311 1411 1412
f 1311 1412 1413
f 1311 1413 1312
f 1312 1413 1313
f 1313 1414 1415
f 1313 1415 1416
f 1313 1416 1315
f 1313 1315 1314
f 1313 1413 1414
f 1315 1416 1417
f 1315 1417 1418
f 1315 1418 1419
f 1315 1419 1420
f 1315 1420 1316
f 1316 1420 1321
f 1318 1406 1421
f 1318 1421 1422
f 1318 1422 1423
f 1318 1423 1424
f 1318 1424 1425
f 1319 1425 1493
f 1319 1493 1407
f 1321 1420 1322
f 1322 1420 1323
f 1323 1419 1324
f 1323 1420 1419
f 1324 1329 1325
f 1324 1419 1426
f 1324 1426 1329
f 1326 1329 1426
f 1326 1426 1427
f 1326 1427 1428
f 1326 1428 1327
f 1327 1428 1338
f 1330 1336 1429
f 1330 1429 1430
f 1330 1430 1331
f 1331 1431 1489
f 1331 1489 1404
f 1331 1430 1517
f 1331 1517 1431
f 1334 1432 1517
f 1334 1517 1430
f 1334 1430 1335
f 1334 1396 1482
f 1334 1482 1432
f 1335 1430 1429
f 1335 1429 1336
f 1338 1428 1434
f 1338 1434 1435
f 1338 1435 1433
f 1340 1342 1344
f 1346 1348 1436
f 1347 1379 1348
f 1348 1437 1438
f 1348 1438 1439
f 1348 1439 1436
f 1348 1379 1440
f 1348 1440 1437
f 1349 1441 1442
f 1349 1442 1350
f 1349 1436 1439
f 1349 1439 1441
f 1350 1442 1443
f 1350 1443 1352
f 1350 1352 1351
f 1352 1444 1353
f 1352 1443 1444
f 1353 1444 1445
f 1353 1445 1354
f 1354 1445 1446
f 1354 1446 1447
f 1354 1447 1380
f 1355 1448 1358
f 1355 1357 1448
f 1357 1449 1450
f 1357 1450 1451
f 1357 1451 1448
f 1358 1448 1450
f 1358 1450 1452
f 1358 1452 1453
f 1358 1453 1364
f 1358 1364 1361
f 1358 1361 1360
f 1358 1360 1359
f 1362 1365 1454
f 1362 1454 1455
f 1362 1455 1363
f 1363 1455 1456
f 1363 1456 1368
f 1364 1457 1454
f 1364 1454 1365
f 1364 1453 1457
f 1366 1458 1367
f 1366 1369 1459
f 1366 1459 1460
f 1366 1460 1458
f 1367 1458 1370
f 1368 1456 1461
f 1368 1461 1459
f 1368 1459 1369
f 1370 1458 1371
f 1371 1462 1463
f 1371 1463 1372
f 1371 1458 1543
f 1371 1543 1462
f 1372 1463 1464
f 1372 1464 1373
f 1373 1464 1465
f 1373 1465 1374
f 1374 1465 1555
f 1374 1555 1466
f 1374 1466 1376
f 1374 1376 1375
f 1376 1466 1467
f 1376 1467 1377
f 1377 1467 1378
f 1378 1467 1438
f 1378 1438 1379
f 1379 1438 1440
f 1380 1468 1469
f 1380 1469 1470
f 1380 1470 1381
f 1380 1447 1471
f 1380 1471 1468
f 1381 1470 1469
f 1381 1469 1468
f 1381 1468 1472
f 1381 1472 1473
f 1381 1473 1474
f 1381 1474 1475
f 1381 1475 1382
f 1382 1475 1383
f 1383 1475 1476
f 1383 1476 1385
f 1385 1476 1386
f 1386 1476 1477
f 1386 1477 1478
f 1386 1478 1479
f 1386 1479 1387
f 1387 1479 1388
f 1389 1402 1390
f 1389 1391 1480
f 1389 1480 1402
f 1394 1399 1485
f 1394 1485 1481
f 1396 1481 1564
f 1396 1564 1482
f 1397 1400 1483
f 1397 1483 1398
f 1398 1483 1484
f 1398 1484 1399
f 1399 1484 1485
f 1400 1401 1486
f 1400 1486 1483
f 1401 1402 1487
f 1401 1487 1486
f 1402 1480 1488
f 1402 1488 1487
f 1404 1489 1490
f 1404 1490 1405
f 1406 1490 1491
f 1406 1491 1492
f 1406 1492 1421
f 1407 1493 1494
f 1407 1494 1408
f 1408 1494 1495
f 1408 1495 1410
f 1410 1495 1496
f 1410 1496 1411
f 1411 1496 1580
f 1411 1580 1497
f 1411 1497 1498
f 1411 1498 1412
f 1412 1498 1414
f 1412 1414 1413
f 1414 1498 1499
f 1414 1499 1500
f 1414 1500 1415
f 1415 1500 1501
f 1415 1501 1502
f 1415 1502 1416
f 1416 1502 1417
f 1417 1502 1418
f 1418 1502 1503
f 1418 1503 1504
f 1418 1504 1427
f 1418 1427 1419
f 1419 1427 1426
f 1421 1492 1422
f 1422 1492 1505
f 1422 1505 1506
f 1422 1506 1507
f 1422 1507 1508
f 1422 1508 1509
f 1422 1509 1510
f 1422 1510 1511
f 1422 1511 1512
f 1422 1512 1513
f 1422 1513 1423
f 1423 1513 1424
f 1424 1513 1425
f 1425 1513 1514
f 1425 1514 1493
f 1427 1504 1515
f 1427 1515 1435
f 1427 1435 1434
f 1427 1434 1516
f 1427 1516 1428
f 1428 1516 1434
f 1431 1518 1519
f 1431 1519 1520
f 1431 1520 1521
f 1431 1521 1522
f 1431 1522 1491
f 1431 1491 1489
f 1431 1517 1523
f 1431 1523 1518
f 1432 1524 1525
f 1432 1525 1526
f 1432 1526 1527
f 1432 1527 1517
f 1432 1482 1528
f 1432 1528 1524
f 1433 1435 1530
f 1433 1530 1529
f 1435 1515 1530
f 1437 1440 1438
f 1438 1467 1556
f 1438 1556 1531
f 1438 1531 1532
f 1438 1532 1439
f 1439 1532 1624
f 1439 1624 1533
f 1439 1533 1442
f 1439 1442 1441
f 1442 1533 1443
f 1443 1533 1444
f 1444 1533 1624
f 1444 1624 1534
f 1444 1534 1629
f 1444 1629 1535
f 1444 1535 1445
f 1445 1535 1471
f 1445 1471 1446
f 1446 1471 1447
f 1448 1451 1450
f 1449 1536 1450
f 1450 1537 1452
f 1450 1536 1538
f 1450 1538 1537
f 1452 1537 1453
f 1453 1537 1454
f 1453 1454 1457
f 1454 1539 1455
f 1454 1537 1540
f 1454 1540 1539
f 1455 1539 1541
f 1455 1541 1542
f 1455 1542 1456
f 1456 1542 1461
f 1458 1460 1547
f 1458 1547 1543
f 1459 1544 1547
f 1459 1547 1460
f 1459 1461 1542
f 1459 1542 1545
f 1459 1545 1546
f 1459 1546 1642
f 1459 1642 1544
f 1462 1548 1549
f 1462 1549 1463
f 1462 1543 1548
f 1463 1550 1551
f 1463 1551 1464
f 1463 1549 1552
f 1463 1552 1550
f 1464 1551 1465
f 1465 1551 1553
f 1465 1553 1554
f 1465 1554 1555
f 1466 1555 1556
f 1466 1556 1467
f 1468 1557 1472
f 1468 1471 1535
f 1468 1535 1557
f 1472 1558 1657
f 1472 1657 1559
f 1472 1559 1560
f 1472 1560 1473
f 1472 1557 1655
f 1472 1655 1558
f 1473 1560 1475
f 1473 1475 1474
f 1475 1560 1561
f 1475 1561 1476
f 1476 1561 1562
f 1476 1562 1477
f 1477 1562 1563
f 1477 1563 1478
f 1481 1485 1568
f 1481 1568 1564
f 1482 1564 1613
f 1482 1613 1528
f 1483 1486 1484
f 1484 1565 1568
f 1484 1568 1485
f 1484 1486 1566
f 1484 1566 1567
f 1484 1567 1666
f 1484 1666 1565
f 1486 1487 1569
f 1486 1569 1566
f 1487 1488 1569
f 1488 1570 1569
f 1489 1491 1490
f 1491 1522 1571
f 1491 1571 1572
f 1491 1572 1492
f 1492 1572 1573
f 1492 1573 1505
f 1493 1514 1494
f 1494 1514 1574
f 1494 1574 1575
f 1494 1575 1495
f 1495 1575 1496
f 1496 1575 1576
f 1496 1576 1577
f 1496 1577 1578
f 1496 1578 1579
f 1496 1579 1580
f 1497 1580 1681
f 1497 1681 1581
f 1497 1581 1582
f 1497 1582 1583
f 1497 1583 1501
f 1497 1501 1500
f 1497 1500 1499
f 1497 1499 1498
f 1501 1583 1584
f 1501 1584 1585
f 1501 1585 1586
f 1501 1586 1502
f 1502 1586 1530
f 1502 1530 1504
f 1502 1504 1503
f 1504 1530 1515
f 1505 1587 1507
f 1505 1507 1506
f 1505 1573 1587
f 1507 1588 1589
f 1507 1589 1590
f 1507 1590 1591
f 1507 1591 1508
f 1507 1587 1592
f 1507 1592 1588
f 1508 1591 1593
f 1508 1593 1594
f 1508 1594 1509
f 1509 1594 1593
f 1509 1593 1595
f 1509 1595 1596
f 1509 1596 1597
f 1509 1597 1598
f 1509 1598 1510
f 1510 1575 1511
f 1510 1598 1599
f 1510 1599 1600
f 1510 1600 1601
f 1510 1601 1602
f 1510 1602 1576
f 1510 1576 1575
f 1511 1575 1603
f 1511 1603 1514
f 1511 1514 1513
f 1511 1513 1512
f 1514 1603 1574
f 1517 1527 1604
f 1517 1604 1605
f 1517 1605 1523
f 1518 1523 1606
f 1518 1606 1607
f 1518 1607 1572
f 1518 1572 1521
f 1518 1521 1520
f 1518 1520 1519
f 1521 1572 1571
f 1521 1571 1522
f 1523 1608 1609
f 1523 1609 1606
f 1523 1605 1608
f 1524 1610 1525
f 1524 1528 1610
f 1525 1610 1611
f 1525 1611 1612
f 1525 1612 1526
f 1526 1612 1604
f 1526 1604 1527
f 1528 1613 1614
f 1528 1614 1615
f 1528 1615 1616
f 1528 1616 1611
f 1528 1611 1610
f 1529 1530 1617
f 1530 1586 1618
f 1530 1618 1619
f 1530 1619 1620
f 1530 1620 1617
f 1531 1556 1621
f 1531 1621 1622
f 1531 1622 1532
f 1532 1622 1623
f 1532 1623 1624
f 1534 1624 1625
f 1534 1625 1626
f 1534 1626 1627
f 1534 1627 1628
f 1534 1628 1629
f 1535 1629 1655
f 1535 1655 1557
f 1537 1630 1631
f 1537 1631 1540
f 1537 1538 1632
f 1537 1632 1630
f 1539 1633 1634
f 1539 1634 1541
f 1539 1540 1633
f 1540 1631 1635
f 1540 1635 1636
f 1540 1636 1637
f 1540 1637 1633
f 1541 1634 1542
f 1542 1634 1638
f 1542 1638 1545
f 1543 1547 1639
f 1543 1639 1640
f 1543 1640 1548
f 1544 1641 1639
f 1544 1639 1547
f 1544 1642 1643
f 1544 1643 1644
f 1544 1644 1645
f 1544 1645 1646
f 1544 1646 1641
f 1545 1638 1546
f 1546 1638 1634
f 1546 1634 1633
f 1546 1633 1637
f 1546 1637 1636
f 1546 1636 1726
f 1546 1726 1642
f 1548 1647 1648
f 1548 1648 1549
f 1548 1640 1647
f 1549 1648 1552
f 1550 1649 1551
f 1550 1552 1650
f 1550 1650 1649
f 1551 1649 1651
f 1551 1651 1553
f 1552 1648 1650
f 1553 1652 1653
f 1553 1653 1654
f 1553 1654 1554
f 1553 1651 1649
f 1553 1649 1652
f 1554 1654 1556
f 1554 1556 1555
f 1556 1654 1621
f 1558 1656 1751
f 1558 1751 1657
f 1558 1655 1658
f 1558 1658 1659
f 1558 1659 1656
f 1559 1657 1752
f 1559 1752 1660
f 1559 1660 1561
f 1559 1561 1560
f 1561 1660 1562
f 1562 1660 1661
f 1562 1661 1563
f 1563 1661 1662
f 1564 1568 1665
f 1564 1665 1613
f 1565 1663 1664
f 1565 1664 1665
f 1565 1665 1568
f 1565 1666 1667
f 1565 1667 1668
f 1565 1668 1663
f 1566 1569 1669
f 1566 1669 1567
f 1567 1669 1670
f 1567 1670 1666
f 1569 1570 1671
f 1569 1671 1669
f 1570 1672 1670
f 1570 1670 1671
f 1572 1607 1573
f 1573 1607 1673
f 1573 1673 1674
f 1573 1674 1587
f 1574 1603 1575
f 1576 1602 1577
f 1577 1601 1578
f 1577 1602 1601
f 1578 1675 1579
f 1578 1601 1676
f 1578 1676 1677
f 1578 1677 1675
f 1579 1675 1580
f 1580 1677 1678
f 1580 1678 1679
f 1580 1679 1680
f 1580 1680 1681
f 1580 1675 1677
f 1581 1681 1709
f 1581 1709 1619
f 1581 1619 1618
f 1581 1618 1585
f 1581 1585 1584
f 1581 1584 1582
f 1582 1584 1583
f 1585 1618 1586
f 1587 1674 1682
f 1587 1682 1683
f 1587 1683 1592
f 1588 1684 1589
f 1588 1592 1685
f 1588 1685 1686
f 1588 1686 1684
f 1589 1684 1590
f 1590 1684 1687
f 1590 1687 1688
f 1590 1688 1591
f 1591 1688 1593
f 1592 1683 1685
f 1593 1689 1690
f 1593 1690 1595
f 1593 1688 1689
f 1595 1690 1691
f 1595 1691 1596
f 1596 1691 1692
f 1596 1692 1597
f 1597 1693 1694
f 1597 1694 1598
f 1597 1692 1693
f 1598 1694 1695
f 1598 1695 1696
f 1598 1696 1599
f 1599 1697 1601
f 1599 1601 1600
f 1599 1696 1698
f 1599 1698 1699
f 1599 1699 1697
f 1601 1697 1676
f 1604 1612 1609
f 1604 1609 1608
f 1604 1608 1605
f 1606 1609 1700
f 1606 1700 1607
f 1607 1700 1701
f 1607 1701 1674
f 1607 1674 1673
f 1609 1612 1702
f 1609 1702 1700
f 1611 1703 1612
f 1611 1616 1614
f 1611 1614 1704
f 1611 1704 1703
f 1612 1703 1702
f 1613 1665 1705
f 1613 1705 1706
f 1613 1706 1614
f 1614 1706 1705
f 1614 1705 1704
f 1614 1616 1615
f 1617 1620 1708
f 1617 1708 1812
f 1617 1812 1707
f 1619 1709 1812
f 1619 1812 1708
f 1619 1708 1620
f 1621 1710 1622
f 1621 1654 1711
f 1621 1711 1712
f 1621 1712 1713
f 1621 1713 1710
f 1622 1714 1715
f 1622 1715 1716
f 1622 1716 1623
f 1622 1710 1714
f 1623 1717 1625
f 1623 1625 1624
f 1623 1716 1717
f 1625 1717 1626
f 1626 1717 1718
f 1626 1718 1627
f 1627 1718 1719
f 1627 1719 1628
f 1628 1719 1720
f 1628 1720 1721
f 1628 1721 1629
f 1629 1721 1658
f 1629 1658 1655
f 1630 1722 1723
f 1630 1723 1631
f 1630 1632 1722
f 1631 1723 1636
f 1631 1636 1635
f 1632 1724 1824
f 1632 1824 1725
f 1632 1725 1722
f 1636 1723 1727
f 1636 1727 1825
f 1636 1825 1726
f 1639 1728 1640
f 1639 1641 1729
f 1639 1729 1728
f 1640 1728 1730
f 1640 1730 1648
f 1640 1648 1647
f 1641 1646 1729
f 1642 1731 1732
f 1642 1732 1733
f 1642 1733 1643
f 1642 1726 1734
f 1642 1734 1731
f 1643 1733 1644
f 1644 1735 1645
f 1644 1733 1732
f 1644 1732 1736
f 1644 1736 1831
f 1644 1831 1735
f 1645 1735 1646
f 1646 1735 1737
f 1646 1737 1738
f 1646 1738 1729
f 1648 1730 1739
f 1648 1739 1740
f 1648 1740 1649
f 1648 1649 1741
f 1648 1741 1650
f 1649 1650 1741
f 1649 1740 1742
f 1649 1742 1743
f 1649 1743 1744
f 1649 1744 1745
f 1649 1745 1746
f 1649 1746 1652
f 1652 1746 1744
f 1652 1744 1747
f 1652 1747 1748
f 1652 1748 1749
f 1652 1749 1750
f 1652 1750 1653
f 1653 1750 1713
f 1653 1713 1712
f 1653 1712 1711
f 1653 1711 1654
f 1656 1659 1751
f 1657 1751 1854
f 1657 1854 1752
f 1658 1753 1754
f 1658 1754 1659
f 1658 1721 1753
f 1659 1754 1753
f 1659 1753 1755
f 1659 1755 1756
f 1659 1756 1757
f 1659 1757 1758
f 1659 1758 1751
f 1660 1752 1759
f 1660 1759 1760
f 1660 1760 1661
f 1661 1760 1761
f 1661 1761 1662
f 1663 1762 1763
f 1663 1763 1664
f 1663 1668 1762
f 1664 1763 1705
f 1664 1705 1665
f 1666 1670 1667
f 1667 1670 1668
f 1668 1764 1762
f 1668 1670 1765
f 1668 1765 1764
f 1669 1671 1670
f 1670 1672 1766
f 1670 1766 1765
f 1674 1701 1767
f 1674 1767 1768
f 1674 1768 1682
f 1676 1769 1678
f 1676 1678 1677
f 1676 1697 1769
f 1678 1770 1679
f 1678 1769 1771
f 1678 1771 1772
f 1678 1772 1770
f 1679 1770 1680
f 1680 1770 1772
f 1680 1772 1681
f 1681 1772 1773
f 1681 1773 1709
f 1682 1768 1774
f 1682 1774 1775
f 1682 1775 1683
f 1683 1775 1685
f 1684 1686 1776
f 1684 1776 1687
f 1685 1775 1777
f 1685 1777 1778
f 1685 1778 1779
f 1685 1779 1780
f 1685 1780 1781
f 1685 1781 1686
f 1686 1782 1783
f 1686 1783 1784
f 1686 1784 1785
f 1686 1785 1786
f 1686 1786 1787
f 1686 1787 1689
f 1686 1689 1688
f 1686 1688 1776
f 1686 1781 1788
f 1686 1788 1789
f 1686 1789 1790
f 1686 1790 1791
f 1686 1791 1782
f 1687 1776 1688
f 1689 1787 1792
f 1689 1792 1690
f 1690 1792 1691
f 1691 1792 1692
f 1692 1792 1787
f 1692 1787 1793
f 1692 1793 1693
f 1693 1793 1794
f 1693 1794 1694
f 1694 1794 1695
f 1695 1794 1795
f 1695 1795 1796
f 1695 1796 1797
f 1695 1797 1696
f 1696 1797 1798
f 1696 1798 1698
f 1697 1699 1769
f 1698 1799 1800
f 1698 1800 1801
f 1698 1801 1699
f 1698 1798 1802
f 1698 1802 1803
f 1698 1803 1799
f 1699 1801 1769
f 1700 1767 1701
f 1700 1702 1767
f 1702 1703 1804
f 1702 1804 1805
f 1702 1805 1806
f 1702 1806 1767
f 1703 1704 1807
f 1703 1807 1804
f 1704 1705 1808
f 1704 1808 1809
f 1704 1809 1807
f 1705 1763 1810
f 1705 1810 1808
f 1707 1812 1813
f 1707 1813 1814
f 1707 1814 1811
f 1709 1773 1814
f 1709 1814 1813
f 1709 1813 1812
f 1710 1750 1714
f 1710 1713 1750
f 1714 1750 1715
f 1715 1815 1816
f 1715 1816 1718
f 1715 1718 1717
f 1715 1717 1716
f 1715 1750 1815
f 1718 1816 1817
f 1718 1817 1719
f 1719 1817 1755
f 1719 1755 1753
f 1719 1753 1818
f 1719 1818 1720
f 1720 1818 1721
f 1721 1818 1753
f 1722 1725 1723
f 1723 1725 1727
f 1724 1819 1820
f 1724 1820 1821
f 1724 1821 1822
f 1724 1822 1823
f 1724 1823 1824
f 1725 1824 1825
f 1725 1825 1727
f 1726 1825 1826
f 1726 1826 1827
f 1726 1827 1828
f 1726 1828 1734
f 1728 1739 1730
f 1728 1729 1738
f 1728 1738 1739
f 1731 1829 1732
f 1731 1734 1830
f 1731 1830 1829
f 1732 1829 1736
f 1734 1828 1830
f 1735 1831 1737
f 1736 1829 1831
f 1737 1831 1832
f 1737 1832 1833
f 1737 1833 1834
f 1737 1834 1738
f 1738 1834 1739
f 1739 1834 1833
f 1739 1833 1835
f 1739 1835 1740
f 1740 1835 1836
f 1740 1836 1837
f 1740 1837 1838
f 1740 1838 1839
f 1740 1839 1840
f 1740 1840 1742
f 1742 1841 1744
f 1742 1744 1743
f 1742 1840 1839
f 1742 1839 1841
f 1744 1841 1842
f 1744 1842 1843
f 1744 1843 1844
f 1744 1844 1845
f 1744 1845 1846
f 1744 1846 1847
f 1744 1847 1747
f 1744 1746 1745
f 1747 1847 1848
f 1747 1848 1849
f 1747 1849 1748
f 1748 1750 1749
f 1748 1849 1850
f 1748 1850 1851
f 1748 1851 1852
f 1748 1852 1750
f 1750 1852 1815
f 1751 1758 1853
f 1751 1853 1854
f 1752 1854 1859
f 1752 1859 1759
f 1755 1855 1856
f 1755 1856 1757
f 1755 1757 1756
f 1755 1817 1855
f 1757 1857 1858
f 1757 1858 1853
f 1757 1853 1758
f 1757 1856 1857
f 1759 1859 1860
f 1759 1860 1861
f 1759 1861 1862
f 1759 1862 1761
f 1759 1761 1760
f 1762 1863 1763
f 1762 1764 1864
f 1762 1864 1863
f 1763 1863 1810
f 1764 1765 1865
f 1764 1865 1866
f 1764 1866 1864
f 1765 1867 1865
f 1765 1766 1868
f 1765 1868 1867
f 1767 1869 1768
f 1767 1806 1870
f 1767 1870 1871
f 1767 1871 1872
f 1767 1872 1774
f 1767 1774 1869
f 1768 1869 1774
f 1769 1801 1873
f 1769 1873 1874
f 1769 1874 1814
f 1769 1814 1771
f 1771 1814 1773
f 1771 1773 1772
f 1774 1872 1875
f 1774 1875 1777
f 1774 1777 1775
f 1777 1875 1876
f 1777 1876 1778
f 1778 1876 1779
f 1779 1877 1878
f 1779 1878 1780
f 1779 1876 1879
f 1779 1879 1877
f 1780 1878 1789
f 1780 1789 1781
f 1781 1789 1788
f 1782 1880 1881
f 1782 1881 1882
f 1782 1882 1784
f 1782 1784 1883
f 1782 1883 1783
f 1782 1791 1884
f 1782 1884 1885
f 1782 1885 1880
f 1783 1883 1784
f 1784 1882 1886
f 1784 1886 1887
f 1784 1887 1888
f 1784 1888 1889
f 1784 1889 1890
f 1784 1890 1891
f 1784 1891 1892
f 1784 1892 1786
f 1784 1786 1785
f 1786 1893 1794
f 1786 1794 1793
f 1786 1793 1787
f 1786 1892 1891
f 1786 1891 1893
f 1789 1894 1895
f 1789 1895 1896
f 1789 1896 1790
f 1789 1878 1897
f 1789 1897 1898
f 1789 1898 1894
f 1790 1896 1884
f 1790 1884 1791
f 1794 1893 1795
f 1795 1893 1899
f 1795 1899 1797
f 1795 1797 1796
f 1797 1900 1798
f 1797 1899 1900
f 1798 1900 1802
f 1799 1803 1800
f 1800 1803 1901
f 1800 1901 1902
f 1800 1902 1903
f 1800 1903 1904
f 1800 1904 1905
f 1800 1905 1906
f 1800 1906 1907
f 1800 1907 1908
f 1800 1908 1874
f 1800 1874 1801
f 1801 1874 1873
f 1802 1900 1909
f 1802 1909 1910
f 1802 1910 1803
f 1803 1910 1901
f 1804 1911 1912
f 1804 1912 1805
f 1804 1807 1913
f 1804 1913 1914
f 1804 1914 1911
f 1805 1912 1870
f 1805 1870 1806
f 1807 1809 1913
f 1808 1810 1809
f 1809 1915 1916
f 1809 1916 1914
f 1809 1914 1913
f 1809 1810 1917
f 1809 1917 1915
f 1810 1863 1917
f 1811 1814 1918
f 1814 1874 1908
f 1814 1908 1907
f 1814 1907 1918
f 1815 1852 1851
f 1815 1851 1816
f 1816 1919 1920
f 1816 1920 1817
f 1816 1851 1921
f 1816 1921 1919
f 1817 1920 1855
f 1819 1922 1820
f 1820 1923 1924
f 1820 1924 1925
f 1820 1925 1821
f 1820 1922 1926
f 1820 1926 1927
f 1820 1927 1923
f 1821 1925 1928
f 1821 1928 1929
f 1821 1929 1830
f 1821 1830 1827
f 1821 1827 1822
f 1822 1827 1826
f 1822 1826 1823
f 1823 1826 1824
f 1824 1826 1825
f 1827 1830 1828
f 1829 1929 1831
f 1829 1830 1929
f 1831 1929 1832
f 1832 1929 1930
f 1832 1930 1833
f 1833 1930 1931
f 1833 1931 1932
f 1833 1932 1933
f 1833 1933 1835
f 1835 1933 1934
f 1835 1934 1935
f 1835 1935 1836
f 1836 1935 1936
f 1836 1936 1837
f 1837 1937 1838
f 1837 1936 1937
f 1838 1938 1839
f 1838 1937 1939
f 1838 1939 1938
f 1839 1938 1940
f 1839 1940 1941
f 1839 1941 1841
f 1841 1941 1942
f 1841 1942 1842
f 1842 1942 1843
f 1843 1942 1941
f 1843 1941 1943
f 1843 1943 1844
f 1844 1846 1845
f 1844 1943 1944
f 1844 1944 1846
f 1846 1945 1847
f 1846 1944 1945
f 1847 1945 1848
f 1848 1945 1946
f 1848 1946 1850
f 1848 1850 1849
f 1850 1947 1948
f 1850 1948 1851
f 1850 1946 1947
f 1851 1948 1949
f 1851 1949 1950
f 1851 1950 1921
f 1853 1858 1951
f 1853 1951 1952
f 1853 1952 1854
f 1854 1952 1953
f 1854 1953 1859
f 1855 1954 1856
f 1855 1920 1955
f 1855 1955 1954
f 1856 1954 1956
f 1856 1956 1957
f 1856 1957 1958
f 1856 1958 1959
f 1856 1959 1960
f 1856 1960 1857
f 1857 1961 1962
f 1857 1962 1858
f 1857 1960 1961
f 1858 1962 1951
f 1859 1953 1963
f 1859 1963 1860
f 1863 1964 1917
f 1863 1864 1964
f 1864 1866 1965
f 1864 1965 1964
f 1865 1867 1967
f 1865 1967 1866
f 1866 1966 1965
f 1866 1967 1968
f 1866 1968 1969
f 1866 1969 1966
f 1867 1868 1968
f 1867 1968 1967
f 1870 1912 1970
f 1870 1970 1871
f 1871 1971 1875
f 1871 1875 1872
f 1871 1970 1972
f 1871 1972 1973
f 1871 1973 1974
f 1871 1974 1971
f 1875 1971 1876
f 1876 1971 1879
f 1877 1975 1878
f 1877 1879 1975
f 1878 1975 1976
f 1878 1976 1897
f 1879 1971 1973
f 1879 1973 1977
f 1879 1977 1978
f 1879 1978 1979
f 1879 1979 1980
f 1879 1980 1981
f 1879 1981 1975
f 1880 1982 1983
f 1880 1983 1984
f 1880 1984 1886
f 1880 1886 1881
f 1880 1885 1982
f 1881 1886 1882
f 1884 1985 1885
f 1884 1896 1985
f 1885 1985 1986
f 1885 1986 1987
f 1885 1987 1988
f 1885 1988 1982
f 1886 1984 1989
f 1886 1989 1887
f 1887 1989 1990
f 1887 1990 1991
f 1887 1991 1888
f 1888 1991 1889
f 1889 1991 1990
f 1889 1990 1890
f 1890 1990 1992
f 1890 1992 1993
f 1890 1993 1994
f 1890 1994 1891
f 1891 1994 1995
f 1891 1995 1996
f 1891 1996 1997
f 1891 1997 1998
f 1891 1998 1999
f 1891 1999 1900
f 1891 1900 1899
f 1891 1899 1893
f 1894 1987 2000
f 1894 2000 1895
f 1894 1898 1976
f 1894 1976 2001
f 1894 2001 1987
f 1895 2000 2002
f 1895 2002 1896
f 1896 2002 1986
f 1896 1986 1985
f 1897 1976 1898
f 1900 1999 1909
f 1901 1910 1999
f 1901 1999 1902
f 1902 1904 1903
f 1902 1999 2003
f 1902 2003 2004
f 1902 2004 2005
f 1902 2005 2006
f 1902 2006 1904
f 1904 2006 1905
f 1905 1907 1906
f 1905 2006 1907
f 1907 2006 1918
f 1909 1999 1910
f 1911 2007 1912
f 1911 1914 2008
f 1911 2008 2007
f 1912 2007 2009
f 1912 2009 2010
f 1912 2010 1972
f 1912 1972 1970
f 1914 1916 2008
f 1915 2011 1916
f 1915 1917 2012
f 1915 2012 2013
f 1915 2013 2011
f 1916 2011 2008
f 1917 1964 2012
f 1919 2014 2015
f 1919 2015 1920
f 1919 1921 2014
f 1920 2015 1955
f 1921 1950 2014
f 1923 2016 1924
f 1923 1927 2016
f 1924 1928 1925
f 1924 2016 2017
f 1924 2017 2018
f 1924 2018 2019
f 1924 2019 2020
f 1924 2020 1932
f 1924 1932 1931
f 1924 1931 1928
f 1927 2021 2022
f 1927 2022 2023
f 1927 2023 2016
f 1928 1931 2024
f 1928 2024 1929
f 1929 2024 1931
f 1929 1931 1930
f 1932 2020 2025
f 1932 2025 2026
f 1932 2026 1933
f 1933 2026 2027
f 1933 2027 1934
f 1934 2027 2028
f 1934 2028 2029
f 1934 2029 1935
f 1935 2030 2031
f 1935 2031 1936
f 1935 2029 2030
f 1936 2031 2030
f 1936 2030 1937
f 1937 2032 1939
f 1937 2030 2032
f 1938 1939 2033
f 1938 2033 1940
f 1939 2032 2033
f 1940 1944 1941
f 1940 2033 1944
f 1941 1944 1943
f 1944 2033 2032
f 1944 2032 2034
f 1944 2034 2035
f 1944 2035 2036
f 1944 2036 2037
f 1944 2037 2038
f 1944 2038 2039
f 1944 2039 2040
f 1944 2040 2041
f 1944 2041 2042
f 1944 2042 2043
f 1944 2043 2044
f 1944 2044 2045
f 1944 2045 1945
f 1945 2045 2046
f 1945 2046 2047
f 1945 2047 2048
f 1945 2048 2049
f 1945 2049 1946
f 1946 2049 1947
f 1947 2049 1949
f 1947 1949 1948
f 1949 2049 2050
f 1949 2050 1950
f 1950 2050 2051
f 1950 2051 2052
f 1950 2052 2014
f 1951 1962 2053
f 1951 2053 2054
f 1951 2054 2055
f 1951 2055 1953
f 1951 1953 1952
f 1953 2055 2056
f 1953 2056 1963
f 1954 1955 1956
f 1955 2015 2057
f 1955 2057 1957
f 1955 1957 1956
f 1957 2058 2059
f 1957 2059 2060
f 1957 2060 1958
f 1957 2057 2058
f 1958 2060 1959
f 1959 2060 1960
f 1960 2060 2061
f 1960 2061 2062
f 1960 2062 1961
f 1961 2062 2063
f 1961 2063 1962
f 1962 2063 2064
f 1962 2064 2065
f 1962 2065 2053
f 1964 2066 2012
f 1964 1965 2067
f 1964 2067 2066
f 1965 1966 2068
f 1965 2068 2067
f 1966 1969 2068
f 1969 2069 2068
f 1971 1974 1973
f 1972 2010 1973
f 1973 2010 2009
f 1973 2009 2070
f 1973 2070 1977
f 1975 1981 1980
f 1975 1980 1976
f 1976 1980 2071
f 1976 2071 2072
f 1976 2072 2001
f 1977 2070 2073
f 1977 2073 1978
f 1978 2073 2074
f 1978 2074 2075
f 1978 2075 1979
f 1979 2075 2076
f 1979 2076 2077
f 1979 2077 2078
f 1979 2078 2079
f 1979 2079 2080
f 1979 2080 2001
f 1979 2001 2071
f 1979 2071 1980
f 1982 1988 2081
f 1982 2081 2082
f 1982 2082 1983
f 1983 1990 1989
f 1983 1989 1984
f 1983 2082 2083
f 1983 2083 2084
f 1983 2084 2085
f 1983 2085 2086
f 1983 2086 1990
f 1986 2002 2000
f 1986 2000 1987
f 1987 2001 2087
f 1987 2087 2088
f 1987 2088 2089
f 1987 2089 2081
f 1987 2081 1988
f 1990 2090 1992
f 1990 2086 2090
f 1992 2090 2091
f 1992 2091 1995
f 1992 1995 1993
f 1993 1995 1994
f 1995 2091 2086
f 1995 2086 2092
f 1995 2092 1996
f 1996 2092 1997
f 1997 2092 2093
f 1997 2093 1998
f 1998 2094 2095
f 1998 2095 2003
f 1998 2003 1999
f 1998 2093 2094
f 2001 2072 2071
f 2001 2080 2096
f 2001 2096 2097
f 2001 2097 2098
f 2001 2098 2099
f 2001 2099 2087
f 2003 2095 2100
f 2003 2100 2004
f 2004 2100 2102
f 2004 2102 2101
f 2007 2008 2103
f 2007 2103 2009
f 2008 2011 2104
f 2008 2104 2103
f 2009 2103 2105
f 2009 2105 2106
f 2009 2106 2070
f 2011 2107 2104
f 2011 2013 2107
f 2012 2066 2013
f 2013 2066 2108
f 2013 2108 2107
f 2014 2052 2109
f 2014 2109 2057
f 2014 2057 2015
f 2016 2023 2017
f 2017 2023 2018
f 2018 2023 2022
f 2018 2022 2110
f 2018 2110 2111
f 2018 2111 2019
f 2019 2111 2025
f 2019 2025 2020
f 2021 2112 2113
f 2021 2113 2114
f 2021 2114 2115
f 2021 2115 2022
f 2022 2115 2110
f 2025 2111 2116
f 2025 2116 2026
f 2026 2116 2117
f 2026 2117 2118
f 2026 2118 2027
f 2027 2118 2028
f 2028 2118 2119
f 2028 2119 2120
f 2028 2120 2029
f 2029 2120 2034
f 2029 2034 2030
f 2030 2034 2032
f 2034 2121 2036
f 2034 2036 2035
f 2034 2120 2122
f 2034 2122 2121
f 2036 2123 2124
f 2036 2124 2125
f 2036 2125 2037
f 2036 2121 2122
f 2036 2122 2126
f 2036 2126 2127
f 2036 2127 2128
f 2036 2128 2129
f 2036 2129 2123
f 2037 2125 2039
f 2037 2039 2038
f 2039 2125 2124
f 2039 2124 2130
f 2039 2130 2131
f 2039 2131 2132
f 2039 2132 2040
f 2040 2132 2133
f 2040 2133 2134
f 2040 2134 2043
f 2040 2043 2042
f 2040 2042 2041
f 2043 2135 2044
f 2043 2134 2136
f 2043 2136 2137
f 2043 2137 2138
f 2043 2138 2139
f 2043 2139 2046
f 2043 2046 2135
f 2044 2135 2045
f 2045 2135 2046
f 2046 2139 2047
f 2047 2139 2140
f 2047 2140 2141
f 2047 2141 2142
f 2047 2142 2048
f 2048 2142 2050
f 2048 2050 2049
f 2050 2142 2141
f 2050 2141 2143
f 2050 2143 2052
f 2050 2052 2051
f 2052 2143 2144
f 2052 2144 2109
f 2053 2065 2054
f 2054 2065 2145
f 2054 2145 2146
f 2054 2146 2147
f 2054 2147 2055
f 2055 2147 2148
f 2055 2148 2056
f 2057 2109 2058
f 2058 2109 2149
f 2058 2149 2059
f 2059 2150 2151
f 2059 2151 2060
f 2059 2149 2152
f 2059 2152 2150
f 2060 2151 2061
f 2061 2153 2154
f 2061 2154 2062
f 2061 2151 2153
f 2062 2154 2063
f 2063 2154 2064
f 2064 2154 2155
f 2064 2155 2156
f 2064 2156 2145
f 2064 2145 2065
f 2066 2157 2158
f 2066 2158 2108
f 2066 2067 2157
f 2067 2068 2159
f 2067 2159 2157
f 2068 2069 2159
f 2069 2160 2159
f 2070 2106 2161
f 2070 2161 2162
f 2070 2162 2073
f 2073 2162 2074
f 2074 2077 2076
f 2074 2076 2075
f 2074 2162 2163
f 2074 2163 2164
f 2074 2164 2077
f 2077 2164 2165
f 2077 2165 2078
f 2078 2165 2166
f 2078 2166 2167
f 2078 2167 2168
f 2078 2168 2169
f 2078 2169 2170
f 2078 2170 2096
f 2078 2096 2079
f 2079 2096 2080
f 2081 2089 2171
f 2081 2171 2172
f 2081 2172 2173
f 2081 2173 2082
f 2082 2173 2174
f 2082 2174 2175
f 2082 2175 2083
f 2083 2175 2084
f 2084 2176 2085
f 2084 2175 2176
f 2085 2176 2177
f 2085 2177 2178
f 2085 2178 2179
f 2085 2179 2180
f 2085 2180 2086
f 2086 2091 2090
f 2086 2180 2181
f 2086 2181 2182
f 2086 2182 2183
f 2086 2183 2184
f 2086 2184 2092
f 2087 2099 2185
f 2087 2185 2088
f 2088 2185 2186
f 2088 2186 2171
f 2088 2171 2089
f 2092 2184 2187
f 2092 2187 2093
f 2093 2187 2188
f 2093 2188 2094
f 2094 2184 2189
f 2094 2189 2190
f 2094 2190 2095
f 2094 2188 2184
f 2095 2190 2102
f 2095 2102 2100
f 2096 2170 2191
f 2096 2191 2192
f 2096 2192 2193
f 2096 2193 2194
f 2096 2194 2195
f 2096 2195 2097
f 2097 2195 2099
f 2097 2099 2098
f 2099 2195 2196
f 2099 2196 2197
f 2099 2197 2185
f 2101 2102 2199
f 2101 2199 2198
f 2102 2190 2199
f 2103 2104 2105
f 2104 2107 2200
f 2104 2200 2201
f 2104 2201 2105
f 2105 2202 2161
f 2105 2161 2106
f 2105 2201 2202
f 2107 2108 2203
f 2107 2203 2200
f 2108 2158 2204
f 2108 2204 2203
f 2109 2205 2149
f 2109 2144 2205
f 2110 2115 2206
f 2110 2206 2122
f 2110 2122 2117
f 2110 2117 2116
f 2110 2116 2111
f 2112 2207 2113
f 2113 2208 2209
f 2113 2209 2210
f 2113 2210 2114
f 2113 2207 2208
f 2114 2210 2115
f 2115 2210 2206
f 2117 2122 2119
f 2117 2119 2118
f 2119 2122 2120
f 2122 2206 2211
f 2122 2211 2212
f 2122 2212 2213
f 2122 2213 2214
f 2122 2214 2215
f 2122 2215 2126
f 2123 2216 2124
f 2123 2129 2217
f 2123 2217 2216
f 2124 2216 2131
f 2124 2131 2130
f 2126 2218 2219
f 2126 2219 2127
f 2126 2215 2214
f 2126 2214 2218
f 2127 2219 2220
f 2127 2220 2221
f 2127 2221 2128
f 2128 2221 2220
f 2128 2220 2222
f 2128 2222 2129
f 2129 2222 2217
f 2131 2216 2223
f 2131 2223 2224
f 2131 2224 2132
f 2132 2225 2133
f 2132 2224 2225
f 2133 2225 2137
f 2133 2137 2226
f 2133 2226 2136
f 2133 2136 2134
f 2136 2226 2137
f 2137 2225 2227
f 2137 2227 2228
f 2137 2228 2138
f 2138 2228 2139
f 2139 2228 2229
f 2139 2229 2140
f 2140 2229 2230
f 2140 2230 2141
f 2141 2231 2232
f 2141 2232 2143
f 2141 2230 2233
f 2141 2233 2231
f 2143 2232 2234
f 2143 2234 2144
f 2144 2234 2235
f 2144 2235 2236
f 2144 2236 2205
f 2145 2156 2237
f 2145 2237 2238
f 2145 2238 2239
f 2145 2239 2146
f 2149 2205 2236
f 2149 2236 2240
f 2149 2240 2152
f 2150 2152 2241
f 2150 2241 2242
f 2150 2242 2243
f 2150 2243 2151
f 2151 2243 2153
f 2152 2240 2241
f 2153 2243 2244
f 2153 2244 2155
f 2153 2155 2154
f 2155 2244 2245
f 2155 2245 2156
f 2156 2245 2246
f 2156 2246 2237
f 2157 2247 2158
f 2157 2159 2247
f 2158 2247 2248
f 2158 2248 2204
f 2159 2249 2247
f 2159 2160 2250
f 2159 2250 2249
f 2161 2202 2251
f 2161 2251 2252
f 2161 2252 2163
f 2161 2163 2162
f 2163 2252 2166
f 2163 2166 2165
f 2163 2165 2164
f 2166 2252 2167
f 2167 2252 2253
f 2167 2253 2254
f 2167 2254 2168
f 2168 2255 2256
f 2168 2256 2169
f 2168 2254 2257
f 2168 2257 2255
f 2169 2256 2170
f 2170 2256 2258
f 2170 2258 2191
f 2171 2259 2172
f 2171 2186 2259
f 2172 2259 2260
f 2172 2260 2173
f 2173 2260 2261
f 2173 2261 2262
f 2173 2262 2263
f 2173 2263 2264
f 2173 2264 2265
f 2173 2265 2175
f 2173 2175 2174
f 2175 2265 2263
f 2175 2263 2176
f 2176 2266 2177
f 2176 2263 2266
f 2177 2266 2178
f 2178 2266 2263
f 2178 2263 2179
f 2179 2263 2267
f 2179 2267 2268
f 2179 2268 2269
f 2179 2269 2180
f 2180 2269 2182
f 2180 2182 2181
f 2182 2269 2268
f 2182 2268 2267
f 2182 2267 2270
f 2182 2270 2183
f 2183 2270 2271
f 2183 2271 2272
f 2183 2272 2273
f 2183 2273 2184
f 2184 2274 2275
f 2184 2275 2276
f 2184 2276 2199
f 2184 2199 2190
f 2184 2190 2189
f 2184 2188 2187
f 2184 2273 2277
f 2184 2277 2274
f 2185 2197 2186
f 2186 2197 2278
f 2186 2278 2279
f 2186 2279 2280
f 2186 2280 2260
f 2186 2260 2259
f 2191 2258 2192
f 2192 2258 2193
f 2193 2281 2194
f 2193 2258 2282
f 2193 2282 2281
f 2194 2283 2284
f 2194 2284 2285
f 2194 2285 2286
f 2194 2286 2195
f 2194 2281 2287
f 2194 2287 2288
f 2194 2288 2283
f 2195 2286 2196
f 2196 2286 2285
f 2196 2285 2197
f 2197 2285 2284
f 2197 2284 2278
f 2198 2199 2289
f 2199 2276 2290
f 2199 2290 2289
f 2200 2291 2292
f 2200 2292 2201
f 2200 2203 2291
f 2201 2292 2202
f 2202 2292 2293
f 2202 2293 2251
f 2203 2204 2294
f 2203 2294 2295
f 2203 2295 2291
f 2204 2248 2351
f 2204 2351 2294
f 2206 2210 2296
f 2206 2296 2297
f 2206 2297 2298
f 2206 2298 2211
f 2207 2299 2208
f 2208 2300 2301
f 2208 2301 2302
f 2208 2302 2209
f 2208 2299 2303
f 2208 2303 2300
f 2209 2302 2304
f 2209 2304 2305
f 2209 2305 2210
f 2210 2305 2296
f 2211 2298 2213
f 2211 2213 2212
f 2213 2298 2306
f 2213 2306 2307
f 2213 2307 2308
f 2213 2308 2214
f 2214 2309 2310
f 2214 2310 2218
f 2214 2308 2309
f 2216 2217 2223
f 2217 2222 2220
f 2217 2220 2223
f 2218 2311 2219
f 2218 2310 2311
f 2219 2311 2220
f 2220 2311 2309
f 2220 2309 2312
f 2220 2312 2223
f 2223 2313 2314
f 2223 2314 2224
f 2223 2312 2315
f 2223 2315 2316
f 2223 2316 2313
f 2224 2314 2317
f 2224 2317 2225
f 2225 2317 2318
f 2225 2318 2319
f 2225 2319 2320
f 2225 2320 2227
f 2227 2321 2322
f 2227 2322 2323
f 2227 2323 2324
f 2227 2324 2325
f 2227 2325 2231
f 2227 2231 2326
f 2227 2326 2327
f 2227 2327 2228
f 2227 2320 2321
f 2228 2327 2326
f 2228 2326 2233
f 2228 2233 2229
f 2229 2233 2230
f 2231 2328 2329
f 2231 2329 2330
f 2231 2330 2232
f 2231 2233 2326
f 2231 2325 2331
f 2231 2331 2328
f 2232 2330 2328
f 2232 2328 2332
f 2232 2332 2234
f 2234 2332 2333
f 2234 2333 2235
f 2235 2333 2334
f 2235 2334 2335
f 2235 2335 2236
f 2236 2336 2337
f 2236 2337 2240
f 2236 2335 2338
f 2236 2338 2336
f 2237 2246 2339
f 2237 2339 2238
f 2240 2337 2340
f 2240 2340 2241
f 2241 2340 2341
f 2241 2341 2242
f 2242 2341 2342
f 2242 2342 2343
f 2242 2343 2243
f 2243 2343 2344
f 2243 2344 2244
f 2244 2344 2245
f 2245 2345 2246
f 2245 2344 2345
f 2246 2345 2346
f 2246 2346 2347
f 2246 2347 2348
f 2246 2348 2349
f 2246 2349 2339
f 2247 2249 2350
f 2247 2350 2248
f 2248 2350 2351
f 2249 2250 2350
f 2250 2352 2350
f 2251 2293 2252
f 2252 2293 2353
f 2252 2353 2354
f 2252 2354 2253
f 2253 2354 2355
f 2253 2355 2356
f 2253 2356 2254
f 2254 2356 2357
f 2254 2357 2358
f 2254 2358 2359
f 2254 2359 2257
f 2255 2257 2360
f 2255 2360 2258
f 2255 2258 2256
f 2257 2359 2361
f 2257 2361 2362
f 2257 2362 2363
f 2257 2363 2364
f 2257 2364 2360
f 2258 2360 2282
f 2260 2365 2366
f 2260 2366 2367
f 2260 2367 2368
f 2260 2368 2369
f 2260 2369 2370
f 2260 2370 2263
f 2260 2263 2261
f 2260 2280 2279
f 2260 2279 2371
f 2260 2371 2372
f 2260 2372 2373
f 2260 2373 2374
f 2260 2374 2365
f 2261 2263 2262
f 2263 2265 2375
f 2263 2375 2264
f 2263 2370 2369
f 2263 2369 2376
f 2263 2376 2267
f 2264 2375 2265
f 2267 2377 2378
f 2267 2378 2379
f 2267 2379 2271
f 2267 2271 2380
f 2267 2380 2270
f 2267 2376 2369
f 2267 2369 2381
f 2267 2381 2382
f 2267 2382 2377
f 2270 2380 2271
f 2271 2379 2272
f 2272 2277 2273
f 2272 2379 2274
f 2272 2274 2277
f 2274 2379 2383
f 2274 2383 2276
f 2274 2276 2275
f 2276 2383 2290
f 2278 2284 2371
f 2278 2371 2279
f 2281 2282 2364
f 2281 2364 2287
f 2282 2360 2364
f 2283 2288 2384
f 2283 2384 2385
f 2283 2385 2386
f 2283 2386 2284
f 2284 2386 2371
f 2287 2387 2288
f 2287 2364 2388
f 2287 2388 2389
f 2287 2389 2390
f 2287 2390 2387
f 2288 2390 2384
f 2288 2387 2390
f 2289 2290 2391
f 2290 2383 2392
f 2290 2392 2393
f 2290 2393 2391
f 2291 2394 2293
f 2291 2293 2292
f 2291 2295 2395
f 2291 2395 2394
f 2293 2394 2396
f 2293 2396 2353
f 2294 2351 2397
f 2294 2397 2398
f 2294 2398 2295
f 2295 2398 2395
f 2296 2305 2304
f 2296 2304 2297
f 2297 2304 2302
f 2297 2302 2399
f 2297 2399 2306
f 2297 2306 2298
f 2300 2303 2400
f 2300 2400 2301
f 2301 2400 2401
f 2301 2401 2402
f 2301 2402 2403
f 2301 2403 2404
f 2301 2404 2405
f 2301 2405 2302
f 2302 2405 2404
f 2302 2404 2406
f 2302 2406 2407
f 2302 2407 2309
f 2302 2309 2307
f 2302 2307 2399
f 2306 2399 2307
f 2307 2309 2308
f 2309 2407 2408
f 2309 2408 2409
f 2309 2409 2410
f 2309 2410 2315
f 2309 2315 2312
f 2309 2311 2310
f 2313 2316 2411
f 2313 2411 2412
f 2313 2412 2314
f 2314 2412 2413
f 2314 2413 2414
f 2314 2414 2317
f 2315 2410 2415
f 2315 2415 2416
f 2315 2416 2417
f 2315 2417 2316
f 2316 2417 2418
f 2316 2418 2411
f 2317 2419 2420
f 2317 2420 2318
f 2317 2414 2419
f 2318 2420 2421
f 2318 2421 2422
f 2318 2422 2423
f 2318 2423 2319
f 2319 2423 2422
f 2319 2422 2424
f 2319 2424 2320
f 2320 2424 2321
f 2321 2425 2426
f 2321 2426 2427
f 2321 2427 2322
f 2321 2424 2428
f 2321 2428 2425
f 2322 2427 2323
f 2323 2427 2429
f 2323 2429 2324
f 2324 2430 2431
f 2324 2431 2432
f 2324 2432 2433
f 2324 2433 2331
f 2324 2331 2325
f 2324 2429 2430
f 2328 2434 2435
f 2328 2435 2334
f 2328 2334 2332
f 2328 2330 2329
f 2328 2331 2434
f 2331 2433 2434
f 2332 2334 2333
f 2334 2338 2335
f 2334 2435 2338
f 2336 2436 2437
f 2336 2437 2438
f 2336 2438 2439
f 2336 2439 2337
f 2336 2338 2436
f 2337 2439 2440
f 2337 2440 2340
f 2338 2435 2434
f 2338 2434 2436
f 2340 2440 2441
f 2340 2441 2341
f 2341 2441 2342
f 2342 2442 2443
f 2342 2443 2344
f 2342 2344 2343
f 2342 2441 2444
f 2342 2444 2445
f 2342 2445 2442
f 2344 2443 2446
f 2344 2446 2447
f 2344 2447 2345
f 2345 2447 2543
f 2345 2543 2448
f 2345 2448 2346
f 2346 2448 2449
f 2346 2449 2347
f 2350 2450 2451
f 2350 2451 2351
f 2350 2352 2452
f 2350 2452 2453
f 2350 2453 2450
f 2351 2451 2454
f 2351 2454 2455
f 2351 2455 2456
f 2351 2456 2397
f 2353 2396 2354
f 2354 2396 2355
f 2355 2396 2457
f 2355 2457 2458
f 2355 2458 2356
f 2356 2458 2357
f 2357 2458 2358
f 2358 2458 2459
f 2358 2459 2554
f 2358 2554 2460
f 2358 2460 2361
f 2358 2361 2359
f 2361 2460 2461
f 2361 2461 2362
f 2362 2388 2363
f 2362 2461 2462
f 2362 2462 2388
f 2363 2388 2364
f 2365 2374 2463
f 2365 2463 2464
f 2365 2464 2465
f 2365 2465 2466
f 2365 2466 2366
f 2366 2467 2468
f 2366 2468 2469
f 2366 2469 2470
f 2366 2470 2471
f 2366 2471 2367
f 2366 2466 2472
f 2366 2472 2467
f 2367 2471 2368
f 2368 2471 2473
f 2368 2473 2474
f 2368 2474 2369
f 2369 2474 2475
f 2369 2475 2476
f 2369 2476 2381
f 2371 2386 2385
f 2371 2385 2477
f 2371 2477 2478
f 2371 2478 2479
f 2371 2479 2372
f 2372 2479 2480
f 2372 2480 2481
f 2372 2481 2482
f 2372 2482 2373
f 2373 2482 2483
f 2373 2483 2374
f 2374 2483 2464
f 2374 2464 2463
f 2377 2382 2484
f 2377 2484 2485
f 2377 2485 2486
f 2377 2486 2487
f 2377 2487 2378
f 2378 2488 2489
f 2378 2489 2379
f 2378 2487 2490
f 2378 2490 2488
f 2379 2489 2383
f 2381 2476 2491
f 2381 2491 2382
f 2382 2491 2484
f 2383 2489 2392
f 2384 2492 2493
f 2384 2493 2385
f 2384 2390 2492
f 2385 2493 2477
f 2388 2462 2494
f 2388 2494 2389
f 2389 2494 2495
f 2389 2495 2496
f 2389 2496 2497
f 2389 2497 2498
f 2389 2498 2390
f 2390 2499 2500
f 2390 2500 2492
f 2390 2498 2499
f 2392 2489 2393
f 2393 2489 2488
f 2393 2488 2501
f 2394 2395 2396
f 2395 2398 2502
f 2395 2502 2396
f 2396 2502 2457
f 2397 2503 2502
f 2397 2502 2398
f 2397 2456 2550
f 2397 2550 2503
f 2400 2504 2505
f 2400 2505 2401
f 2401 2505 2402
f 2402 2505 2506
f 2402 2506 2507
f 2402 2507 2404
f 2402 2404 2403
f 2404 2507 2506
f 2404 2506 2508
f 2404 2508 2407
f 2404 2407 2406
f 2407 2508 2509
f 2407 2509 2408
f 2408 2510 2511
f 2408 2511 2409
f 2408 2509 2510
f 2409 2511 2512
f 2409 2512 2513
f 2409 2513 2410
f 2410 2513 2514
f 2410 2514 2515
f 2410 2515 2415
f 2411 2516 2412
f 2411 2418 2516
f 2412 2516 2414
f 2412 2414 2413
f 2414 2516 2517
f 2414 2517 2518
f 2414 2518 2519
f 2414 2519 2419
f 2415 2417 2416
f 2415 2515 2514
f 2415 2514 2516
f 2415 2516 2417
f 2417 2516 2418
f 2419 2519 2520
f 2419 2520 2420
f 2420 2520 2421
f 2421 2521 2422
f 2421 2520 2521
f 2422 2521 2424
f 2424 2521 2428
f 2425 2428 2426
f 2426 2429 2427
f 2426 2428 2430
f 2426 2430 2522
f 2426 2522 2429
f 2428 2523 2524
f 2428 2524 2430
f 2428 2521 2525
f 2428 2525 2523
f 2429 2522 2430
f 2430 2524 2609
f 2430 2609 2526
f 2430 2526 2527
f 2430 2527 2528
f 2430 2528 2529
f 2430 2529 2530
f 2430 2530 2431
f 2431 2530 2531
f 2431 2531 2433
f 2431 2433 2432
f 2433 2531 2532
f 2433 2532 2533
f 2433 2533 2434
f 2434 2533 2534
f 2434 2534 2436
f 2436 2535 2437
f 2436 2534 2535
f 2437 2535 2438
f 2438 2536 2445
f 2438 2445 2444
f 2438 2444 2439
f 2438 2535 2537
f 2438 2537 2538
f 2438 2538 2536
f 2439 2444 2441
f 2439 2441 2440
f 2442 2445 2539
f 2442 2539 2540
f 2442 2540 2446
f 2442 2446 2443
f 2445 2536 2541
f 2445 2541 2539
f 2446 2540 2542
f 2446 2542 2447
f 2447 2542 2543
f 2448 2543 2544
f 2448 2544 2449
f 2450 2454 2451
f 2450 2453 2454
f 2453 2545 2454
f 2454 2545 2546
f 2454 2546 2455
f 2455 2547 2550
f 2455 2550 2456
f 2455 2546 2548
f 2455 2548 2549
f 2455 2549 2547
f 2457 2502 2551
f 2457 2551 2552
f 2457 2552 2458
f 2458 2552 2553
f 2458 2553 2459
f 2459 2553 2554
f 2460 2554 2555
f 2460 2555 2461
f 2461 2555 2556
f 2461 2556 2462
f 2462 2556 2557
f 2462 2557 2494
f 2464 2483 2465
f 2465 2482 2481
f 2465 2481 2466
f 2465 2483 2482
f 2466 2481 2472
f 2467 2472 2468
f 2468 2558 2559
f 2468 2559 2560
f 2468 2560 2469
f 2468 2472 2561
f 2468 2561 2562
f 2468 2562 2558
f 2469 2473 2470
f 2469 2560 2563
f 2469 2563 2473
f 2470 2473 2471
f 2472 2481 2564
f 2472 2564 2561
f 2473 2563 2475
f 2473 2475 2474
f 2475 2565 2476
f 2475 2563 2565
f 2476 2565 2491
f 2477 2566 2478
f 2477 2493 2566
f 2478 2566 2567
f 2478 2567 2480
f 2478 2480 2479
f 2480 2567 2481
f 2481 2567 2568
f 2481 2568 2569
f 2481 2569 2570
f 2481 2570 2561
f 2481 2561 2564
f 2484 2571 2485
f 2484 2491 2571
f 2485 2572 2486
f 2485 2571 2572
f 2486 2573 2490
f 2486 2490 2487
f 2486 2572 2573
f 2488 2490 2574
f 2488 2574 2575
f 2488 2575 2576
f 2488 2576 2577
f 2488 2577 2501
f 2490 2573 2578
f 2490 2578 2574
f 2491 2565 2579
f 2491 2579 2571
f 2492 2500 2493
f 2493 2500 2580
f 2493 2580 2581
f 2493 2581 2566
f 2494 2557 2582
f 2494 2582 2495
f 2495 2582 2583
f 2495 2583 2496
f 2496 2583 2584
f 2496 2584 2585
f 2496 2585 2499
f 2496 2499 2497
f 2497 2499 2498
f 2499 2585 2500
f 2500 2586 2587
f 2500 2587 2581
f 2500 2581 2580
f 2500 2585 2584
f 2500 2584 2588
f 2500 2588 2586
f 2501 2577 2590
f 2501 2590 2591
f 2501 2591 2589
f 2502 2503 2551
f 2503 2550 2592
f 2503 2592 2551
f 2504 2593 2594
f 2504 2594 2505
f 2505 2594 2595
f 2505 2595 2506
f 2506 2595 2596
f 2506 2596 2509
f 2506 2509 2508
f 2509 2596 2510
f 2510 2596 2511
f 2511 2597 2512
f 2511 2596 2597
f 2512 2597 2514
f 2512 2514 2513
f 2514 2597 2596
f 2514 2596 2516
f 2516 2518 2517
f 2516 2596 2598
f 2516 2598 2599
f 2516 2599 2600
f 2516 2600 2518
f 2518 2600 2599
f 2518 2599 2601
f 2518 2601 2602
f 2518 2602 2603
f 2518 2603 2604
f 2518 2604 2605
f 2518 2605 2606
f 2518 2606 2607
f 2518 2607 2608
f 2518 2608 2525
f 2518 2525 2521
f 2518 2521 2520
f 2518 2520 2519
f 2523 2525 2607
f 2523 2607 2606
f 2523 2606 2524
f 2524 2606 2609
f 2525 2608 2607
f 2526 2610 2611
f 2526 2611 2527
f 2526 2609 2610
f 2527 2611 2612
f 2527 2612 2613
f 2527 2613 2528
f 2528 2613 2612
f 2528 2612 2614
f 2528 2614 2615
f 2528 2615 2616
f 2528 2616 2529
f 2529 2616 2617
f 2529 2617 2530
f 2530 2617 2531
f 2531 2617 2618
f 2531 2618 2532
f 2532 2618 2619
f 2532 2619 2620
f 2532 2620 2533
f 2533 2620 2534
f 2534 2620 2621
f 2534 2621 2535
f 2535 2621 2622
f 2535 2622 2623
f 2535 2623 2538
f 2535 2538 2537
f 2536 2538 2623
f 2536 2623 2624
f 2536 2624 2625
f 2536 2625 2541
f 2539 2541 2626
f 2539 2626 2627
f 2539 2627 2540
f 2540 2627 2542
f 2541 2625 2628
f 2541 2628 2629
f 2541 2629 2626
f 2542 2630 2543
f 2542 2627 2630
f 2543 2630 2631
f 2543 2631 2632
f 2543 2632 2633
f 2543 2633 2544
f 2547 2634 2636
f 2547 2636 2550
f 2547 2549 2635
f 2547 2635 2634
f 2550 2636 2592
f 2551 2592 2637
f 2551 2637 2552
f 2552 2638 2553
f 2552 2637 2638
f 2553 2638 2639
f 2553 2639 2554
f 2554 2639 2640
f 2554 2640 2555
f 2555 2641 2556
f 2555 2640 2641
f 2556 2641 2642
f 2556 2642 2557
f 2557 2642 2643
f 2557 2643 2644
f 2557 2644 2582
f 2558 2562 2645
f 2558 2645 2646
f 2558 2646 2647
f 2558 2647 2648
f 2558 2648 2649
f 2558 2649 2650
f 2558 2650 2651
f 2558 2651 2559
f 2559 2651 2571
f 2559 2571 2579
f 2559 2579 2565
f 2559 2565 2560
f 2560 2565 2563
f 2561 2652 2653
f 2561 2653 2562
f 2561 2570 2569
f 2561 2569 2568
f 2561 2568 2654
f 2561 2654 2655
f 2561 2655 2656
f 2561 2656 2652
f 2562 2657 2658
f 2562 2658 2659
f 2562 2659 2645
f 2562 2653 2657
f 2566 2581 2587
f 2566 2587 2568
f 2566 2568 2567
f 2568 2587 2660
f 2568 2660 2661
f 2568 2661 2654
f 2571 2651 2572
f 2572 2651 2662
f 2572 2662 2663
f 2572 2663 2575
f 2572 2575 2664
f 2572 2664 2578
f 2572 2578 2573
f 2574 2578 2575
f 2575 2665 2666
f 2575 2666 2591
f 2575 2591 2667
f 2575 2667 2590
f 2575 2590 2577
f 2575 2577 2576
f 2575 2578 2664
f 2575 2663 2665
f 2582 2644 2583
f 2583 2644 2668
f 2583 2668 2584
f 2584 2668 2669
f 2584 2669 2670
f 2584 2670 2588
f 2586 2588 2661
f 2586 2661 2587
f 2587 2661 2660
f 2588 2670 2661
f 2589 2591 2671
f 2590 2667 2591
f 2591 2666 2672
f 2591 2672 2673
f 2591 2673 2674
f 2591 2674 2671
f 2592 2636 2675
f 2592 2675 2637
f 2593 2676 2677
f 2593 2677 2678
f 2593 2678 2679
f 2593 2679 2594
f 2594 2679 2680
f 2594 2680 2681
f 2594 2681 2682
f 2594 2682 2595
f 2595 2682 2683
f 2595 2683 2596
f 2596 2683 2684
f 2596 2684 2685
f 2596 2685 2686
f 2596 2686 2599
f 2596 2599 2598
f 2599 2686 2687
f 2599 2687 2688
f 2599 2688 2689
f 2599 2689 2601
f 2601 2690 2691
f 2601 2691 2602
f 2601 2689 2690
f 2602 2692 2603
f 2602 2691 2692
f 2603 2692 2693
f 2603 2693 2694
f 2603 2694 2695
f 2603 2695 2604
f 2604 2695 2696
f 2604 2696 2697
f 2604 2697 2698
f 2604 2698 2605
f 2605 2698 2697
f 2605 2697 2699
f 2605 2699 2700
f 2605 2700 2701
f 2605 2701 2606
f 2606 2701 2702
f 2606 2702 2703
f 2606 2703 2610
f 2606 2610 2609
f 2610 2703 2704
f 2610 2704 2801
f 2610 2801 2705
f 2610 2705 2706
f 2610 2706 2611
f 2611 2706 2707
f 2611 2707 2612
f 2612 2707 2708
f 2612 2708 2709
f 2612 2709 2614
f 2614 2709 2710
f 2614 2710 2711
f 2614 2711 2615
f 2615 2711 2712
f 2615 2712 2713
f 2615 2713 2714
f 2615 2714 2616
f 2616 2714 2621
f 2616 2621 2617
f 2617 2621 2715
f 2617 2715 2619
f 2617 2619 2618
f 2619 2715 2620
f 2620 2715 2621
f 2621 2714 2713
f 2621 2713 2716
f 2621 2716 2622
f 2622 2716 2623
f 2623 2717 2718
f 2623 2718 2624
f 2623 2716 2717
f 2624 2718 2625
f 2625 2719 2628
f 2625 2718 2720
f 2625 2720 2719
f 2626 2629 2721
f 2626 2721 2627
f 2627 2721 2630
f 2628 2719 2722
f 2628 2722 2629
f 2629 2722 2723
f 2629 2723 2724
f 2629 2724 2721
f 2630 2721 2725
f 2630 2725 2631
f 2631 2725 2632
f 2632 2725 2726
f 2634 2727 2675
f 2634 2675 2636
f 2634 2635 2727
f 2635 2728 2727
f 2637 2729 2638
f 2637 2675 2730
f 2637 2730 2729
f 2638 2729 2731
f 2638 2731 2639
f 2639 2731 2732
f 2639 2732 2640
f 2640 2732 2733
f 2640 2733 2641
f 2641 2733 2734
f 2641 2734 2642
f 2642 2734 2735
f 2642 2735 2643
f 2643 2735 2736
f 2643 2736 2737
f 2643 2737 2644
f 2644 2737 2738
f 2644 2738 2668
f 2645 2659 2646
f 2646 2659 2739
f 2646 2739 2740
f 2646 2740 2741
f 2646 2741 2742
f 2646 2742 2647
f 2647 2742 2743
f 2647 2743 2648
f 2648 2743 2649
f 2649 2744 2745
f 2649 2745 2746
f 2649 2746 2747
f 2649 2747 2651
f 2649 2651 2650
f 2649 2743 2744
f 2651 2747 2662
f 2652 2748 2653
f 2652 2656 2748
f 2653 2748 2657
f 2654 2749 2655
f 2654 2661 2750
f 2654 2750 2751
f 2654 2751 2752
f 2654 2752 2753
f 2654 2753 2749
f 2655 2749 2656
f 2656 2749 2849
f 2656 2849 2754
f 2656 2754 2856
f 2656 2856 2755
f 2656 2755 2748
f 2657 2748 2658
f 2658 2748 2755
f 2658 2755 2756
f 2658 2756 2757
f 2658 2757 2739
f 2658 2739 2659
f 2661 2758 2750
f 2661 2670 2759
f 2661 2759 2758
f 2662 2746 2663
f 2662 2747 2746
f 2663 2746 2760
f 2663 2760 2665
f 2665 2672 2666
f 2665 2760 2746
f 2665 2746 2672
f 2668 2738 2761
f 2668 2761 2762
f 2668 2762 2669
f 2669 2762 2763
f 2669 2763 2764
f 2669 2764 2765
f 2669 2765 2670
f 2670 2765 2766
f 2670 2766 2862
f 2670 2862 2759
f 2672 2746 2767
f 2672 2767 2768
f 2672 2768 2769
f 2672 2769 2770
f 2672 2770 2673
f 2675 2727 2828
f 2675 2828 2730
f 2676 2771 2677
f 2677 2772 2773
f 2677 2773 2680
f 2677 2680 2678
f 2677 2771 2774
f 2677 2774 2772
f 2678 2680 2775
f 2678 2775 2679
f 2679 2775 2680
f 2680 2776 2681
f 2680 2773 2777
f 2680 2777 2778
f 2680 2778 2779
f 2680 2779 2780
f 2680 2780 2776
f 2681 2776 2682
f 2682 2779 2781
f 2682 2781 2683
f 2682 2776 2779
f 2683 2781 2684
f 2684 2782 2783
f 2684 2783 2685
f 2684 2781 2782
f 2685 2784 2686
f 2685 2783 2784
f 2686 2784 2785
f 2686 2785 2687
f 2687 2785 2786
f 2687 2786 2688
f 2688 2786 2690
f 2688 2690 2689
f 2690 2787 2788
f 2690 2788 2691
f 2690 2786 2789
f 2690 2789 2787
f 2691 2788 2692
f 2692 2788 2790
f 2692 2790 2693
f 2693 2790 2788
f 2693 2788 2791
f 2693 2791 2792
f 2693 2792 2793
f 2693 2793 2694
f 2694 2793 2699
f 2694 2699 2794
f 2694 2794 2695
f 2695 2794 2697
f 2695 2697 2696
f 2697 2794 2699
f 2699 2795 2796
f 2699 2796 2797
f 2699 2797 2700
f 2699 2793 2798
f 2699 2798 2799
f 2699 2799 2800
f 2699 2800 2795
f 2700 2797 2702
f 2700 2702 2701
f 2702 2801 2704
f 2702 2704 2703
f 2702 2797 2796
f 2702 2796 2801
f 2705 2801 2802
f 2705 2802 2706
f 2706 2803 2707
f 2706 2802 2804
f 2706 2804 2803
f 2707 2803 2708
f 2708 2804 2802
f 2708 2802 2805
f 2708 2805 2806
f 2708 2806 2807
f 2708 2807 2808
f 2708 2808 2809
f 2708 2809 2709
f 2708 2803 2804
f 2709 2810 2710
f 2709 2809 2810
f 2710 2811 2812
f 2710 2812 2813
f 2710 2813 2814
f 2710 2814 2711
f 2710 2810 2809
f 2710 2809 2811
f 2711 2814 2815
f 2711 2815 2712
f 2712 2815 2816
f 2712 2816 2817
f 2712 2817 2818
f 2712 2818 2819
f 2712 2819 2713
f 2713 2819 2820
f 2713 2820 2717
f 2713 2717 2716
f 2717 2820 2821
f 2717 2821 2720
f 2717 2720 2718
f 2719 2720 2822
f 2719 2822 2823
f 2719 2823 2824
f 2719 2824 2722
f 2720 2821 2822
f 2721 2724 2725
f 2722 2824 2825
f 2722 2825 2723
f 2723 2825 2826
f 2723 2826 2724
f 2724 2826 2725
f 2725 2826 2827
f 2725 2827 2726
f 2727 2728 2829
f 2727 2829 2828
f 2729 2730 2830
f 2729 2830 2731
f 2730 2828 2830
f 2731 2830 2732
f 2732 2830 2831
f 2732 2831 2832
f 2732 2832 2733
f 2733 2832 2833
f 2733 2833 2734
f 2734 2833 2834
f 2734 2834 2835
f 2734 2835 2735
f 2735 2737 2736
f 2735 2835 2836
f 2735 2836 2737
f 2737 2837 2738
f 2737 2836 2838
f 2737 2838 2837
f 2738 2837 2761
f 2739 2757 2861
f 2739 2861 2839
f 2739 2839 2840
f 2739 2840 2740
f 2740 2840 2841
f 2740 2841 2741
f 2741 2841 2929
f 2741 2929 2842
f 2741 2842 2843
f 2741 2843 2844
f 2741 2844 2743
f 2741 2743 2742
f 2743 2844 2845
f 2743 2845 2744
f 2744 2845 2745
f 2745 2846 2847
f 2745 2847 2746
f 2745 2845 2846
f 2746 2847 2848
f 2746 2848 2767
f 2749 2753 2850
f 2749 2850 2933
f 2749 2933 2849
f 2750 2851 2852
f 2750 2852 2853
f 2750 2853 2854
f 2750 2854 2752
f 2750 2752 2751
f 2750 2758 2851
f 2752 2854 2753
f 2753 2854 2853
f 2753 2853 2855
f 2753 2855 2850
f 2754 2849 2857
f 2754 2857 2799
f 2754 2799 2858
f 2754 2858 2859
f 2754 2859 2856
f 2755 2856 2860
f 2755 2860 2756
f 2756 2860 2861
f 2756 2861 2757
f 2758 2759 2851
f 2759 2862 2852
f 2759 2852 2851
f 2761 2837 2863
f 2761 2863 2864
f 2761 2864 2865
f 2761 2865 2866
f 2761 2866 2867
f 2761 2867 2762
f 2762 2868 2763
f 2762 2867 2868
f 2763 2868 2869
f 2763 2869 2764
f 2764 2869 2870
f 2764 2870 2765
f 2765 2870 2766
f 2766 2871 2862
f 2766 2870 2872
f 2766 2872 2873
f 2766 2873 2871
f 2767 2874 2768
f 2767 2848 2931
f 2767 2931 2874
f 2768 2875 2769
f 2768 2874 2876
f 2768 2876 2875
f 2769 2875 2877
f 2769 2877 2770
f 2770 2877 2883
f 2770 2883 2774
f 2772 2878 2879
f 2772 2879 2880
f 2772 2880 2881
f 2772 2881 2882
f 2772 2882 2777
f 2772 2777 2773
f 2772 2774 2878
f 2774 2883 2878
f 2776 2780 2779
f 2777 2882 2778
f 2778 2882 2884
f 2778 2884 2779
f 2779 2885 2782
f 2779 2782 2781
f 2779 2884 2886
f 2779 2886 2885
f 2782 2885 2887
f 2782 2887 2783
f 2783 2887 2784
f 2784 2887 2888
f 2784 2888 2785
f 2785 2888 2786
f 2786 2889 2789
f 2786 2888 2889
f 2787 2791 2788
f 2787 2789 2791
f 2789 2889 2791
f 2791 2889 2890
f 2791 2890 2891
f 2791 2891 2799
f 2791 2799 2793
f 2791 2793 2792
f 2793 2799 2798
f 2795 2892 2893
f 2795 2893 2796
f 2795 2800 2799
f 2795 2799 2892
f 2796 2893 2805
f 2796 2805 2801
f 2799 2857 2892
f 2799 2891 2894
f 2799 2894 2859
f 2799 2859 2858
f 2801 2805 2802
f 2805 2895 2896
f 2805 2896 2806
f 2805 2893 2895
f 2806 2896 2807
f 2807 2896 2897
f 2807 2897 2898
f 2807 2898 2808
f 2808 2899 2900
f 2808 2900 2812
f 2808 2812 2811
f 2808 2811 2809
f 2808 2898 2899
f 2812 2900 2901
f 2812 2901 2813
f 2813 2901 2815
f 2813 2815 2814
f 2815 2901 2902
f 2815 2902 2818
f 2815 2818 2816
f 2816 2818 2817
f 2818 2902 2903
f 2818 2903 2904
f 2818 2904 2905
f 2818 2905 2819
f 2819 2905 2821
f 2819 2821 2820
f 2821 2905 2822
f 2822 2906 2823
f 2822 2905 2906
f 2823 2906 2907
f 2823 2907 2908
f 2823 2908 2824
f 2824 2908 2825
f 2825 2908 2909
f 2825 2909 2826
f 2826 2909 2910
f 2826 2910 2911
f 2826 2911 2827
f 2828 2912 2830
f 2828 2829 2913
f 2828 2913 2974
f 2828 2974 2912
f 2830 2912 2914
f 2830 2914 2915
f 2830 2915 2831
f 2831 2915 2916
f 2831 2916 2832
f 2832 2916 2917
f 2832 2917 2833
f 2833 2917 2918
f 2833 2918 2834
f 2834 2918 2919
f 2834 2919 2920
f 2834 2920 2921
f 2834 2921 2836
f 2834 2836 2835
f 2836 2921 2838
f 2837 2838 2863
f 2838 2921 2922
f 2838 2922 2863
f 2839 2861 2923
f 2839 2923 2924
f 2839 2924 2925
f 2839 2925 2840
f 2840 2925 2841
f 2841 2925 2926
f 2841 2926 2927
f 2841 2927 2928
f 2841 2928 2929
f 2842 2929 2945
f 2842 2945 2876
f 2842 2876 2930
f 2842 2930 2931
f 2842 2931 2847
f 2842 2847 2932
f 2842 2932 2845
f 2842 2845 2843
f 2843 2845 2844
f 2845 2932 2846
f 2846 2932 2847
f 2847 2931 2848
f 2849 2933 2934
f 2849 2934 2892
f 2849 2892 2857
f 2850 2855 2936
f 2850 2936 2933
f 2852 2862 2871
f 2852 2871 2853
f 2853 2871 2872
f 2853 2872 2943
f 2853 2943 2935
f 2853 2935 2936
f 2853 2936 2855
f 2856 2859 2923
f 2856 2923 2860
f 2859 2891 2923
f 2859 2894 2891
f 2860 2923 2861
f 2863 2865 2864
f 2863 2922 2937
f 2863 2937 2938
f 2863 2938 2865
f 2865 2939 3005
f 2865 3005 2940
f 2865 2940 2866
f 2865 2938 2941
f 2865 2941 3002
f 2865 3002 2939
f 2866 2940 2867
f 2867 2940 2868
f 2868 2940 2869
f 2869 2942 2943
f 2869 2943 2872
f 2869 2872 2870
f 2869 2940 3005
f 2869 3005 2942
f 2871 2873 2872
f 2874 2931 2930
f 2874 2930 2876
f 2875 2876 2945
f 2875 2945 2944
f 2875 2944 2883
f 2875 2883 2877
f 2878 2883 2944
f 2878 2944 2879
f 2879 2944 2945
f 2879 2945 2946
f 2879 2946 2880
f 2880 2946 2992
f 2880 2992 2947
f 2880 2947 2881
f 2881 2947 2948
f 2881 2948 2949
f 2881 2949 2950
f 2881 2950 2884
f 2881 2884 2882
f 2884 2950 2886
f 2885 2886 2889
f 2885 2889 2888
f 2885 2888 2887
f 2886 2950 2951
f 2886 2951 2952
f 2886 2952 2890
f 2886 2890 2889
f 2890 2925 2891
f 2890 2952 2951
f 2890 2951 2953
f 2890 2953 2926
f 2890 2926 2925
f 2891 2925 2954
f 2891 2954 2955
f 2891 2955 2923
f 2892 2934 2956
f 2892 2956 2893
f 2893 2956 2896
f 2893 2896 2895
f 2896 2956 2957
f 2896 2957 2897
f 2897 2957 2958
f 2897 2958 2959
f 2897 2959 2898
f 2898 2959 2960
f 2898 2960 2899
f 2899 2960 2961
f 2899 2961 2962
f 2899 2962 2900
f 2900 2962 2963
f 2900 2963 2964
f 2900 2964 2901
f 2901 2964 2902
f 2902 2964 2965
f 2902 2965 2966
f 2902 2966 2967
f 2902 2967 2903
f 2903 2967 2968
f 2903 2968 2904
f 2904 2968 2969
f 2904 2969 2906
f 2904 2906 2905
f 2906 2969 2907
f 2907 2970 2971
f 2907 2971 2908
f 2907 2969 2970
f 2908 2971 3018
f 2908 3018 2972
f 2908 2972 2909
f 2909 2972 2910
f 2910 2972 2973
f 2912 2974 2975
f 2912 2975 2914
f 2914 2975 2915
f 2915 2976 2977
f 2915 2977 2916
f 2915 2975 2974
f 2915 2974 2978
f 2915 2978 2979
f 2915 2979 2980
f 2915 2980 2976
f 2916 2977 2981
f 2916 2981 2917
f 2917 2981 2918
f 2918 2981 2982
f 2918 2982 2983
f 2918 2983 2919
f 2919 2983 2984
f 2919 2984 2920
f 2920 2984 2985
f 2920 2985 2986
f 2920 2986 2921
f 2921 2986 2922
f 2922 2986 2987
f 2922 2987 2937
f 2923 2955 2954
f 2923 2954 2924
f 2924 2954 2925
f 2926 2953 2927
f 2927 2951 2988
f 2927 2988 2928
f 2927 2953 2951
f 2928 2988 2989
f 2928 2989 2990
f 2928 2990 2991
f 2928 2991 2929
f 2929 2991 2948
f 2929 2948 2992
f 2929 2992 2993
f 2929 2993 2945
f 2933 2936 2934
f 2934 2936 2935
f 2934 2935 2994
f 2934 2994 2995
f 2934 2995 2956
f 2935 2943 2996
f 2935 2996 2957
f 2935 2957 2997
f 2935 2997 2998
f 2935 2998 2999
f 2935 2999 2994
f 2937 2987 2938
f 2938 2987 3000
f 2938 3000 3001
f 2938 3001 2941
f 2939 3002 3003
f 2939 3003 3004
f 2939 3004 2963
f 2939 2963 3005
f 2941 3001 3033
f 2941 3033 3002
f 2942 3005 3006
f 2942 3006 2961
f 2942 2961 2960
f 2942 2960 3007
f 2942 3007 2943
f 2943 3007 3008
f 2943 3008 3009
f 2943 3009 2996
f 2945 2993 2992
f 2945 2992 2946
f 2947 2992 2948
f 2948 2991 2990
f 2948 2990 2949
f 2949 2990 2988
f 2949 2988 2951
f 2949 2951 2950
f 2956 2995 2999
f 2956 2999 2957
f 2957 2996 2958
f 2957 2999 2998
f 2957 2998 2997
f 2958 2996 2959
f 2959 3008 2960
f 2959 2996 3008
f 2960 3008 3007
f 2961 3006 2962
f 2962 3006 3010
f 2962 3010 3011
f 2962 3011 2963
f 2963 3011 3005
f 2963 3004 3003
f 2963 3003 2965
f 2963 2965 2964
f 2965 3003 2966
f 2966 3012 3013
f 2966 3013 2967
f 2966 3003 3012
f 2967 3013 3014
f 2967 3014 2968
f 2968 3014 3015
f 2968 3015 2969
f 2969 3015 3016
f 2969 3016 2970
f 2970 3016 3017
f 2970 3017 2971
f 2971 3017 3018
f 2972 3018 3019
f 2972 3019 3020
f 2972 3020 2973
f 2976 2981 2977
f 2976 2980 2981
f 2980 3021 2981
f 2981 3021 3022
f 2981 3022 2982
f 2982 3022 2983
f 2983 3022 3023
f 2983 3023 3024
f 2983 3024 2984
f 2984 3025 3026
f 2984 3026 2985
f 2984 3024 3027
f 2984 3027 3028
f 2984 3028 3025
f 2985 3026 3029
f 2985 3029 3030
f 2985 3030 2986
f 2986 3030 2987
f 2987 3030 3031
f 2987 3031 3000
f 2988 2990 2989
f 2994 2999 2995
f 2996 3009 3008
f 3000 3031 3001
f 3001 3031 3032
f 3001 3032 3046
f 3001 3046 3033
f 3002 3033 3049
f 3002 3049 3034
f 3002 3034 3003
f 3003 3034 3035
f 3003 3035 3012
f 3005 3011 3010
f 3005 3010 3006
f 3012 3035 3036
f 3012 3036 3037
f 3012 3037 3013
f 3013 3037 3051
f 3013 3051 3038
f 3013 3038 3014
f 3014 3038 3039
f 3014 3039 3016
f 3014 3016 3015
f 3016 3039 3040
f 3016 3040 3041
f 3016 3041 3017
f 3017 3041 3042
f 3017 3042 3019
f 3017 3019 3018
f 3025 3029 3026
f 3025 3028 3043
f 3025 3043 3029
f 3029 3044 3031
f 3029 3031 3030
f 3029 3043 3055
f 3029 3055 3044
f 3031 3044 3045
f 3031 3045 3032
f 3032 3045 3046
f 3033 3046 3047
f 3033 3047 3048
f 3033 3048 3049
f 3034 3049 3036
f 3034 3036 3035
f 3036 3049 3048
f 3036 3048 3050
f 3036 3050 3037
f 3037 3050 3051
f 3038 3051 3052
f 3038 3052 3039
f 3039 3052 3040
f 3040 3052 3053
f 3040 3053 3054
f 3040 3054 3042
f 3040 3042 3041
f 3044 3055 3045
f 3045 3056 3057
f 3045 3057 3058
f 3045 3058 3046
f 3045 3055 3059
f 3045 3059 3056
f 3046 3058 3060
f 3046 3060 3047
f 3047 3060 3061
f 3047 3061 3048
f 3048 3061 3062
f 3048 3062 3050
f 3050 3062 3051
f 3051 3062 3063
f 3051 3063 3052
f 3052 3063 3064
f 3052 3064 3065
f 3052 3065 3066
f 3052 3066 3067
f 3052 3067 3053
f 3056 3068 3057
f 3057 3060 3058
f 3057 3068 3060
f 3060 3068 3061
f 3061 3068 3069
f 3061 3069 3062
f 3062 3064 3063
f 3062 3069 3064
f 3064 3069 3065
