v -0.259083 -0.869875 -0.00933255
v -0.256648 -0.888584 -0.0280486
v -0.259032 -0.888584 -0.00933255
v -0.259032 -0.888584 0.00933277
v -0.259083 -0.215178 -0.00933255
v -0.254163 -0.888584 -0.0467646
v -0.251475 -0.907294 -0.0467646
v -0.253909 -0.907294 -0.0280486
v -0.256648 -0.196468 -0.0280486
v -0.256293 -0.907294 -0.00933255
v -0.256293 -0.907294 0.00933277
v -0.256648 -0.888584 0.0280488
v -0.259032 -0.196468 0.00933277
v -0.259032 -0.196468 -0.00933255
v -0.250663 -0.888584 -0.06543
v -0.254163 -0.196468 -0.0467646
v -0.247062 -0.908865 -0.0670023
v -0.244627 -0.918863 -0.0618288
v -0.245946 -0.920719 -0.0467646
v -0.258931 -0.177758 -0.00933255
v -0.256496 -0.177758 -0.0280486
v -0.247163 -0.92229 -0.0280486
v -0.248381 -0.923576 -0.00933255
v -0.253909 -0.907294 0.0280488
v -0.248381 -0.923576 0.00933277
v -0.247163 -0.92229 0.0280488
v -0.245946 -0.920719 0.0467649
v -0.251475 -0.907294 0.0467649
v -0.254163 -0.888584 0.0467649
v -0.256648 -0.196468 0.0280488
v -0.258931 -0.177758 0.00933277
v -0.245794 -0.869875 -0.0811027
v -0.245794 -0.888584 -0.081052
v -0.244932 -0.903724 -0.0789725
v -0.250663 -0.196468 -0.06543
v -0.254011 -0.177758 -0.0467646
v -0.243055 -0.916149 -0.0743061
v -0.237222 -0.925432 -0.0670023
v -0.23778 -0.930003 -0.0467646
v -0.258626 -0.159049 -0.00933255
v -0.256243 -0.159049 -0.0280486
v -0.238997 -0.931574 -0.0280486
v -0.240215 -0.933002 -0.00933255
v -0.240215 -0.933002 0.00933277
v -0.238997 -0.931574 0.0280488
v -0.244627 -0.918863 0.061829
v -0.23778 -0.930003 0.0467649
v -0.247062 -0.908865 0.0670025
v -0.250663 -0.888584 0.0654302
v -0.254163 -0.196468 0.0467649
v -0.256496 -0.177758 0.0280488
v -0.256243 -0.159049 0.0280488
v -0.258626 -0.159049 0.00933277
v -0.236766 -0.888584 -0.102862
v -0.245794 -0.215178 -0.0811027
v -0.224593 -0.898296 -0.131114
v -0.226774 -0.90558 -0.120969
v -0.233875 -0.907294 -0.102862
v -0.250511 -0.177758 -0.06543
v -0.245693 -0.177758 -0.0808999
v -0.245794 -0.196468 -0.081052
v -0.253757 -0.159049 -0.0467646
v -0.225353 -0.918006 -0.114325
v -0.227737 -0.920862 -0.102862
v -0.230426 -0.926718 -0.0829794
v -0.224897 -0.935716 -0.0759292
v -0.226469 -0.936715 -0.06543
v -0.228397 -0.937858 -0.0467646
v -0.258119 -0.140339 -0.00933255
v -0.255735 -0.140339 -0.0280486
v -0.229614 -0.938429 -0.0280486
v -0.230882 -0.938858 -0.00933255
v -0.230882 -0.938858 0.00933277
v -0.229614 -0.938429 0.0280488
v -0.228397 -0.937858 0.0467649
v -0.243055 -0.916149 0.0743064
v -0.237222 -0.925432 0.0670025
v -0.226469 -0.936715 0.0654302
v -0.224897 -0.935716 0.0759294
v -0.244932 -0.903724 0.0789727
v -0.245794 -0.888584 0.0810522
v -0.245794 -0.869875 0.081103
v -0.250663 -0.196468 0.0654302
v -0.254011 -0.177758 0.0467649
v -0.253757 -0.159049 0.0467649
v -0.255735 -0.140339 0.0280488
v -0.258119 -0.140339 0.00933277
v -0.228853 -0.888584 -0.121578
v -0.236766 -0.196468 -0.102862
v -0.224643 -0.888584 -0.131164
v -0.217492 -0.888584 -0.140548
v -0.200957 -0.888584 -0.162104
v -0.191624 -0.888584 -0.174226
v -0.207347 -0.902581 -0.151706
v -0.214854 -0.906723 -0.139939
v -0.222361 -0.910865 -0.126802
v -0.250207 -0.159049 -0.06543
v -0.24554 -0.159049 -0.0805448
v -0.241838 -0.177758 -0.0902325
v -0.236613 -0.177758 -0.102862
v -0.25325 -0.140339 -0.0467646
v -0.209884 -0.921005 -0.136338
v -0.214753 -0.925718 -0.120767
v -0.219013 -0.930288 -0.102862
v -0.222057 -0.933431 -0.0884066
v -0.207094 -0.936287 -0.114731
v -0.209681 -0.937572 -0.102862
v -0.215564 -0.938572 -0.0829794
v -0.215108 -0.941429 -0.06543
v -0.215108 -0.943 -0.0467646
v -0.257358 -0.121629 -0.00933255
v -0.254975 -0.121629 -0.0280486
v -0.215108 -0.944142 -0.00933255
v -0.215108 -0.944142 0.00933277
v -0.215108 -0.943 0.0467649
v -0.215108 -0.941429 0.0654302
v -0.230426 -0.926718 0.0829796
v -0.227737 -0.920862 0.102862
v -0.225353 -0.918006 0.114325
v -0.226774 -0.90558 0.12097
v -0.233875 -0.907294 0.102862
v -0.215564 -0.938572 0.0829796
v -0.222057 -0.933431 0.0884068
v -0.209681 -0.937572 0.102862
v -0.207094 -0.936287 0.114731
v -0.224593 -0.898296 0.131114
v -0.236766 -0.888584 0.102862
v -0.245794 -0.215178 0.081103
v -0.245794 -0.196468 0.0810522
v -0.245693 -0.177758 0.0809001
v -0.250511 -0.177758 0.0654302
v -0.250207 -0.159049 0.0654302
v -0.25325 -0.140339 0.0467649
v -0.254975 -0.121629 0.0280488
v -0.257358 -0.121629 0.00933277
v -0.228853 -0.196468 -0.121578
v -0.224643 -0.196468 -0.131164
v -0.208159 -0.869875 -0.152721
v -0.217492 -0.196468 -0.140548
v -0.200957 -0.215178 -0.162104
v -0.183559 -0.888584 -0.183559
v -0.18995 -0.907294 -0.172096
v -0.191624 -0.215178 -0.174226
v -0.205116 -0.915006 -0.148815
v -0.2497 -0.140339 -0.06543
v -0.245287 -0.140339 -0.0798854
v -0.241432 -0.140339 -0.0892688
v -0.241686 -0.159049 -0.0898775
v -0.236309 -0.159049 -0.102862
v -0.228701 -0.177758 -0.121578
v -0.252489 -0.121629 -0.0467646
v -0.191878 -0.921576 -0.15901
v -0.181936 -0.931003 -0.15901
v -0.203188 -0.933573 -0.127208
v -0.187871 -0.91772 -0.169408
v -0.190711 -0.937144 -0.135831
v -0.196747 -0.938858 -0.121223
v -0.196392 -0.942428 -0.102862
v -0.196392 -0.944285 -0.084146
v -0.196392 -0.945142 -0.06543
v -0.256395 -0.102919 -0.00933255
v -0.251525 -0.102919 -0.0467646
v -0.196392 -0.94557 -0.0467646
v -0.196392 -0.945713 -0.00933255
v -0.196392 -0.945713 0.00933277
v -0.196392 -0.94557 0.0467649
v -0.196392 -0.945142 0.0654302
v -0.196392 -0.944285 0.0841462
v -0.196392 -0.942428 0.102862
v -0.219013 -0.930288 0.102862
v -0.214753 -0.925718 0.120767
v -0.209884 -0.921005 0.136338
v -0.222361 -0.910865 0.126803
v -0.196747 -0.938858 0.121223
v -0.190711 -0.937144 0.135831
v -0.203188 -0.933573 0.127208
v -0.191624 -0.888584 0.174227
v -0.200957 -0.888584 0.162104
v -0.217492 -0.888584 0.140548
v -0.224643 -0.888584 0.131165
v -0.228853 -0.888584 0.121578
v -0.214854 -0.906723 0.139939
v -0.207347 -0.902581 0.151707
v -0.236766 -0.196468 0.102862
v -0.236613 -0.177758 0.102862
v -0.241838 -0.177758 0.0902327
v -0.24554 -0.159049 0.080545
v -0.245287 -0.140339 0.0798857
v -0.2497 -0.140339 0.0654302
v -0.252489 -0.121629 0.0467649
v -0.251525 -0.102919 0.0467649
v -0.256395 -0.102919 0.00933277
v -0.224542 -0.177758 -0.131063
v -0.208159 -0.215178 -0.152721
v -0.208058 -0.177758 -0.152619
v -0.200957 -0.196468 -0.162053
v -0.174227 -0.888584 -0.191624
v -0.172096 -0.907294 -0.18995
v -0.181429 -0.907294 -0.181429
v -0.183559 -0.196468 -0.183559
v -0.191573 -0.196468 -0.174226
v -0.248939 -0.121629 -0.06543
v -0.244881 -0.121629 -0.0789217
v -0.241026 -0.121629 -0.0882544
v -0.23494 -0.121629 -0.102862
v -0.235751 -0.140339 -0.102862
v -0.228194 -0.140339 -0.120817
v -0.227687 -0.160762 -0.123303
v -0.224491 -0.168046 -0.130961
v -0.16885 -0.935716 -0.16885
v -0.185943 -0.934716 -0.148308
v -0.169408 -0.91772 -0.18787
v -0.175343 -0.923861 -0.175342
v -0.172553 -0.937287 -0.15901
v -0.178893 -0.939715 -0.141359
v -0.177726 -0.943999 -0.121578
v -0.177726 -0.945285 -0.102862
v -0.255127 -0.0842098 -0.00933255
v -0.252743 -0.0842098 -0.0280486
v -0.250257 -0.0842098 -0.0467646
v -0.247924 -0.102919 -0.06543
v -0.177726 -0.94557 -0.084146
v -0.177726 -0.945713 -0.06543
v -0.177726 -0.945713 0.0654302
v -0.177726 -0.94557 0.0841462
v -0.177726 -0.945285 0.102862
v -0.177726 -0.943999 0.121578
v -0.187871 -0.91772 0.169408
v -0.205116 -0.915006 0.148815
v -0.181936 -0.931003 0.15901
v -0.191878 -0.921576 0.15901
v -0.178893 -0.939715 0.14136
v -0.172553 -0.937287 0.15901
v -0.16885 -0.935716 0.16885
v -0.185943 -0.934716 0.148308
v -0.18995 -0.907294 0.172096
v -0.183559 -0.888584 0.183559
v -0.191624 -0.215178 0.174227
v -0.208159 -0.869875 0.152721
v -0.200957 -0.215178 0.162104
v -0.217492 -0.196468 0.140548
v -0.224643 -0.196468 0.131165
v -0.228853 -0.196468 0.121578
v -0.228701 -0.177758 0.121578
v -0.236309 -0.159049 0.102862
v -0.241686 -0.159049 0.0898777
v -0.241432 -0.140339 0.089269
v -0.244881 -0.121629 0.078922
v -0.248939 -0.121629 0.0654302
v -0.247924 -0.102919 0.0654302
v -0.250257 -0.0842098 0.0467649
v -0.252743 -0.0842098 0.0280488
v -0.255127 -0.0842098 0.00933277
v -0.200703 -0.159049 -0.161749
v -0.191523 -0.177758 -0.174074
v -0.162104 -0.888584 -0.200956
v -0.131114 -0.898296 -0.224592
v -0.151707 -0.902581 -0.207347
v -0.174227 -0.215178 -0.191624
v -0.148815 -0.915006 -0.205116
v -0.183458 -0.177758 -0.183458
v -0.174074 -0.177758 -0.191522
v -0.174227 -0.196468 -0.191573
v -0.244374 -0.102919 -0.077603
v -0.233875 -0.102919 -0.102862
v -0.227788 -0.121629 -0.119854
v -0.224085 -0.140339 -0.13015
v -0.22439 -0.155478 -0.130708
v -0.15901 -0.931003 -0.181936
v -0.148308 -0.934716 -0.185943
v -0.135831 -0.937144 -0.190711
v -0.15901 -0.937287 -0.172553
v -0.15901 -0.941571 -0.15901
v -0.136338 -0.921005 -0.209883
v -0.15901 -0.921576 -0.191877
v -0.15901 -0.944571 -0.140294
v -0.15901 -0.94557 -0.121578
v -0.253656 -0.0655001 -0.00933255
v -0.251272 -0.0655001 -0.0280486
v -0.248787 -0.0655001 -0.0467646
v -0.246606 -0.0842098 -0.06543
v -0.243258 -0.0739266 -0.0750162
v -0.243664 -0.0842098 -0.0759799
v -0.15901 -0.945713 -0.102862
v -0.15901 -0.945713 0.102862
v -0.15901 -0.94557 0.121578
v -0.15901 -0.944571 0.140294
v -0.15901 -0.941571 0.15901
v -0.175343 -0.923861 0.175343
v -0.169408 -0.91772 0.187871
v -0.181429 -0.907294 0.181429
v -0.148308 -0.934716 0.185943
v -0.15901 -0.931003 0.181936
v -0.15901 -0.937287 0.172553
v -0.135831 -0.937144 0.190711
v -0.172096 -0.907294 0.18995
v -0.174227 -0.888584 0.191624
v -0.183559 -0.196468 0.183559
v -0.191573 -0.196468 0.174227
v -0.200957 -0.196468 0.162054
v -0.208159 -0.215178 0.152721
v -0.208058 -0.177758 0.15262
v -0.224542 -0.177758 0.131063
v -0.224491 -0.168046 0.130962
v -0.227687 -0.160762 0.123303
v -0.228194 -0.140339 0.120818
v -0.235751 -0.140339 0.102862
v -0.23494 -0.121629 0.102862
v -0.241026 -0.121629 0.0882546
v -0.244374 -0.102919 0.0776032
v -0.243664 -0.0842098 0.0759802
v -0.243258 -0.0739266 0.0750164
v -0.246606 -0.0842098 0.0654302
v -0.248787 -0.0655001 0.0467649
v -0.251272 -0.0655001 0.0280488
v -0.253656 -0.0655001 0.00933277
v -0.19132 -0.159049 -0.173871
v -0.200399 -0.140339 -0.161343
v -0.152721 -0.869875 -0.208159
v -0.140548 -0.888584 -0.217491
v -0.162104 -0.215178 -0.200956
v -0.0789726 -0.903724 -0.244932
v -0.12097 -0.90558 -0.226773
v -0.126803 -0.910865 -0.222361
v -0.139939 -0.906723 -0.214854
v -0.131165 -0.888584 -0.224643
v -0.121578 -0.888584 -0.228853
v -0.102862 -0.888584 -0.236765
v -0.0810522 -0.888584 -0.245794
v -0.162054 -0.196468 -0.200956
v -0.183204 -0.159049 -0.183204
v -0.173872 -0.159049 -0.191319
v -0.161749 -0.159049 -0.200703
v -0.15262 -0.177758 -0.208057
v -0.239809 -0.0842098 -0.0853633
v -0.232556 -0.0842098 -0.102862
v -0.22723 -0.102919 -0.118636
v -0.223629 -0.121629 -0.129237
v -0.215564 -0.121629 -0.140294
v -0.216528 -0.140339 -0.140294
v -0.127208 -0.933573 -0.203188
v -0.114731 -0.936287 -0.207094
v -0.121223 -0.938858 -0.196747
v -0.141359 -0.939715 -0.178893
v -0.121578 -0.943999 -0.177726
v -0.140294 -0.944571 -0.15901
v -0.114325 -0.918006 -0.225353
v -0.120767 -0.925718 -0.214753
v -0.121578 -0.94557 -0.15901
v -0.251931 -0.0467904 -0.00933255
v -0.247062 -0.0467904 -0.0467646
v -0.243765 -0.0323653 -0.0582276
v -0.244475 -0.0467904 -0.0611187
v -0.244982 -0.0667855 -0.0662922
v -0.2427 -0.061501 -0.0730888
v -0.236867 -0.0467904 -0.084146
v -0.239555 -0.0667855 -0.0824215
v -0.230983 -0.0655001 -0.102862
v -0.102862 -0.945713 -0.15901
v -0.102862 -0.945713 0.15901
v -0.121578 -0.94557 0.15901
v -0.140294 -0.944571 0.15901
v -0.141359 -0.939715 0.178893
v -0.121578 -0.943999 0.177726
v -0.15901 -0.921576 0.191878
v -0.136338 -0.921005 0.209884
v -0.148815 -0.915006 0.205116
v -0.127208 -0.933573 0.203188
v -0.114731 -0.936287 0.207094
v -0.121223 -0.938858 0.196747
v -0.151707 -0.902581 0.207348
v -0.131114 -0.898296 0.224593
v -0.162104 -0.888584 0.200957
v -0.174227 -0.215178 0.191624
v -0.174227 -0.196468 0.191573
v -0.174074 -0.177758 0.191523
v -0.183458 -0.177758 0.183458
v -0.191523 -0.177758 0.174075
v -0.200703 -0.159049 0.161749
v -0.22439 -0.155478 0.130708
v -0.224085 -0.140339 0.13015
v -0.227788 -0.121629 0.119854
v -0.233875 -0.102919 0.102862
v -0.232556 -0.0842098 0.102862
v -0.239809 -0.0842098 0.0853635
v -0.230983 -0.0655001 0.102862
v -0.239555 -0.0667855 0.0824217
v -0.236867 -0.0467904 0.0841462
v -0.2427 -0.061501 0.073089
v -0.244982 -0.0667855 0.0662924
v -0.244475 -0.0467904 0.0611189
v -0.243765 -0.0323653 0.0582278
v -0.247062 -0.0467904 0.0467649
v -0.251931 -0.0467904 0.00933277
v -0.191015 -0.140339 -0.173466
v -0.207094 -0.121629 -0.151351
v -0.199891 -0.121629 -0.160735
v -0.190559 -0.121629 -0.172857
v -0.152721 -0.215178 -0.208159
v -0.140548 -0.196468 -0.217491
v -0.0654301 -0.888584 -0.250663
v -0.0670024 -0.908865 -0.247062
v -0.0743063 -0.916149 -0.243055
v -0.102862 -0.907294 -0.233874
v -0.131165 -0.196468 -0.224643
v -0.121578 -0.196468 -0.228853
v -0.0811029 -0.869875 -0.245794
v -0.102862 -0.196468 -0.236765
v -0.182799 -0.140339 -0.182798
v -0.173466 -0.140339 -0.191015
v -0.130962 -0.168046 -0.224491
v -0.161344 -0.140339 -0.200399
v -0.130708 -0.155478 -0.22439
v -0.131063 -0.177758 -0.224542
v -0.22581 -0.0655001 -0.115238
v -0.226571 -0.0842098 -0.117064
v -0.22302 -0.102919 -0.127969
v -0.214347 -0.102919 -0.140294
v -0.102862 -0.937572 -0.20968
v -0.102862 -0.930288 -0.219013
v -0.0884067 -0.933431 -0.222056
v -0.0759294 -0.935716 -0.224897
v -0.102862 -0.942428 -0.196392
v -0.0841461 -0.944285 -0.196392
v -0.102862 -0.945285 -0.177726
v -0.102862 -0.920862 -0.227737
v -0.0841461 -0.94557 -0.177726
v -0.249953 -0.0280806 -0.00933255
v -0.247519 -0.0280806 -0.0280486
v -0.24478 -0.0269381 -0.0480834
v -0.243055 -0.0199398 -0.0551843
v -0.241939 -0.0467904 -0.0704513
v -0.24128 -0.0269381 -0.064872
v -0.234737 -0.0280806 -0.084146
v -0.227687 -0.0280806 -0.101239
v -0.22439 -0.0383638 -0.111992
v -0.228245 -0.045505 -0.104587
v -0.225049 -0.0507894 -0.113564
v -0.0654301 -0.945713 -0.177726
v -0.0654301 -0.945713 0.177726
v -0.0841461 -0.94557 0.177726
v -0.102862 -0.945285 0.177726
v -0.102862 -0.942428 0.196392
v -0.0841461 -0.944285 0.196392
v -0.114325 -0.918006 0.225353
v -0.126803 -0.910865 0.222361
v -0.120767 -0.925718 0.214753
v -0.139939 -0.906723 0.214854
v -0.102862 -0.937572 0.209681
v -0.0759294 -0.935716 0.224897
v -0.0884067 -0.933431 0.222057
v -0.102862 -0.930288 0.219013
v -0.12097 -0.90558 0.226774
v -0.0789726 -0.903724 0.244932
v -0.0810522 -0.888584 0.245794
v -0.102862 -0.888584 0.236766
v -0.121578 -0.888584 0.228853
v -0.131165 -0.888584 0.224643
v -0.140548 -0.888584 0.217492
v -0.152721 -0.869875 0.208159
v -0.162104 -0.215178 0.200957
v -0.162054 -0.196468 0.200957
v -0.15262 -0.177758 0.208058
v -0.161749 -0.159049 0.200703
v -0.173872 -0.159049 0.19132
v -0.183204 -0.159049 0.183204
v -0.19132 -0.159049 0.173872
v -0.200399 -0.140339 0.161344
v -0.216528 -0.140339 0.140294
v -0.215564 -0.121629 0.140294
v -0.223629 -0.121629 0.129237
v -0.22723 -0.102919 0.118636
v -0.226571 -0.0842098 0.117064
v -0.22581 -0.0655001 0.115238
v -0.225049 -0.0507894 0.113564
v -0.228245 -0.045505 0.104587
v -0.22439 -0.0383638 0.111992
v -0.227687 -0.0280806 0.101239
v -0.234737 -0.0280806 0.0841462
v -0.241939 -0.0467904 0.0704516
v -0.24128 -0.0269381 0.0648723
v -0.243055 -0.0199398 0.0551845
v -0.24478 -0.0269381 0.0480836
v -0.247519 -0.0280806 0.0280488
v -0.249953 -0.0280806 0.00933277
v -0.206485 -0.102919 -0.15054
v -0.199283 -0.102919 -0.159923
v -0.18995 -0.102919 -0.172045
v -0.18219 -0.121629 -0.18219
v -0.0467648 -0.869875 -0.254163
v -0.0467648 -0.888584 -0.254112
v -0.0467648 -0.907294 -0.251424
v -0.0654301 -0.196468 -0.250663
v -0.0618289 -0.918863 -0.244627
v -0.0670024 -0.925432 -0.237222
v -0.0829796 -0.926718 -0.230425
v -0.121578 -0.177758 -0.228701
v -0.0811029 -0.215178 -0.245794
v -0.102862 -0.177758 -0.236613
v -0.0810522 -0.196468 -0.245794
v -0.172857 -0.121629 -0.190559
v -0.123303 -0.160762 -0.227686
v -0.160735 -0.121629 -0.199891
v -0.151351 -0.121629 -0.207094
v -0.140294 -0.140339 -0.216528
v -0.13015 -0.140339 -0.224085
v -0.120817 -0.140339 -0.228194
v -0.221296 -0.0655001 -0.124621
v -0.222209 -0.0842098 -0.126447
v -0.211912 -0.0655001 -0.138975
v -0.211557 -0.0846382 -0.141917
v -0.205978 -0.0910652 -0.149931
v -0.0829796 -0.938572 -0.215564
v -0.0467648 -0.930003 -0.23778
v -0.0654301 -0.936715 -0.226469
v -0.0654301 -0.941429 -0.215108
v -0.0654301 -0.945142 -0.196392
v -0.0467648 -0.943 -0.215108
v -0.0467648 -0.94557 -0.196392
v -0.247721 -0.00937094 -0.00933255
v -0.243867 -0.01337 -0.042707
v -0.242497 -0.00808555 -0.0480834
v -0.240367 0.00933877 -0.0467646
v -0.237628 0.0280485 -0.0467646
v -0.23636 0.00933877 -0.06543
v -0.238896 -0.00937094 -0.06543
v -0.232353 -0.00937094 -0.084146
v -0.222615 -0.00937094 -0.107681
v -0.223781 -0.0280806 -0.110572
v -0.218303 -0.0280806 -0.121578
v -0.220991 -0.045505 -0.120513
v -0.00933267 -0.945713 -0.196392
v -0.00933267 -0.945713 0.196392
v -0.0467648 -0.94557 0.196392
v -0.0654301 -0.945142 0.196392
v -0.0654301 -0.941429 0.215108
v -0.0829796 -0.938572 0.215564
v -0.0467648 -0.943 0.215108
v -0.102862 -0.920862 0.227737
v -0.0743063 -0.916149 0.243055
v -0.0467648 -0.930003 0.23778
v -0.0670024 -0.925432 0.237222
v -0.0829796 -0.926718 0.230426
v -0.0654301 -0.936715 0.226469
v -0.102862 -0.907294 0.233875
v -0.0654301 -0.888584 0.250663
v -0.0670024 -0.908865 0.247062
v -0.0811029 -0.869875 0.245794
v -0.102862 -0.196468 0.236766
v -0.121578 -0.196468 0.228853
v -0.131165 -0.196468 0.224643
v -0.140548 -0.196468 0.217492
v -0.152721 -0.215178 0.208159
v -0.131063 -0.177758 0.224542
v -0.130962 -0.168046 0.224491
v -0.130708 -0.155478 0.22439
v -0.161344 -0.140339 0.200399
v -0.173466 -0.140339 0.191015
v -0.182799 -0.140339 0.182799
v -0.191015 -0.140339 0.173466
v -0.190559 -0.121629 0.172857
v -0.199891 -0.121629 0.160735
v -0.207094 -0.121629 0.151352
v -0.214347 -0.102919 0.140294
v -0.22302 -0.102919 0.127969
v -0.222209 -0.0842098 0.126448
v -0.221296 -0.0655001 0.124622
v -0.218303 -0.0280806 0.121578
v -0.223781 -0.0280806 0.110572
v -0.220991 -0.045505 0.120513
v -0.222615 -0.00937094 0.107681
v -0.232353 -0.00937094 0.0841462
v -0.238896 -0.00937094 0.0654302
v -0.243867 -0.01337 0.0427072
v -0.247721 -0.00937094 0.00933277
v -0.23636 0.00933877 0.0654302
v -0.237628 0.0280485 0.0467649
v -0.240367 0.00933877 0.0467649
v -0.242497 -0.00808555 0.0480836
v -0.189139 -0.0842098 -0.171031
v -0.181429 -0.102919 -0.181429
v -0.172046 -0.102919 -0.18995
v -0.00933267 -0.664068 -0.259032
v -0.00933267 -0.888584 -0.258981
v -0.0467648 -0.196468 -0.254163
v -0.0280487 -0.271164 -0.256648
v -0.00933267 -0.907294 -0.256293
v -0.0467648 -0.920719 -0.245946
v -0.0809 -0.177758 -0.245692
v -0.0654301 -0.177758 -0.250511
v -0.102862 -0.159049 -0.236309
v -0.0898776 -0.159049 -0.241685
v -0.0902327 -0.177758 -0.241838
v -0.159923 -0.102919 -0.199283
v -0.15054 -0.102919 -0.206485
v -0.140294 -0.102919 -0.214347
v -0.140294 -0.121629 -0.215564
v -0.129237 -0.121629 -0.223629
v -0.119854 -0.121629 -0.227788
v -0.102862 -0.140339 -0.235751
v -0.20963 -0.0280806 -0.135983
v -0.210847 -0.0467904 -0.137555
v -0.204761 -0.0655001 -0.148359
v -0.20542 -0.0786397 -0.149221
v -0.0280487 -0.931574 -0.238997
v -0.0467648 -0.937858 -0.228396
v -0.00933267 -0.944142 -0.215108
v -0.0280487 -0.938429 -0.229614
v -0.00933267 -0.938858 -0.230882
v -0.243867 0.0227641 -0.00522415
v -0.244881 0.0106242 -0.0106006
v -0.243055 0.0176224 -0.0177015
v -0.233469 0.0280485 -0.06543
v -0.242244 0.0286198 -0.0106006
v -0.23707 0.0467582 -0.0280486
v -0.234585 0.0467582 -0.0467646
v -0.227534 0.0280485 -0.0821679
v -0.22865 0.0111955 -0.0860227
v -0.221904 0.0111955 -0.102304
v -0.218963 0.0280485 -0.102862
v -0.208818 0.0467582 -0.11752
v -0.212825 0.00933877 -0.121578
v -0.215666 -0.00937094 -0.121578
v -0.20821 -0.00937094 -0.134157
v 0.00933267 -0.945713 -0.196392
v 0.00933267 -0.945713 0.196392
v -0.00933267 -0.944142 0.215108
v -0.0467648 -0.937858 0.228397
v -0.00933267 -0.938858 0.230882
v -0.0280487 -0.938429 0.229614
v -0.0618289 -0.918863 0.244627
v -0.0280487 -0.931574 0.238997
v -0.0467648 -0.920719 0.245946
v -0.0467648 -0.907294 0.251424
v -0.0467648 -0.888584 0.254112
v -0.0467648 -0.869875 0.254163
v -0.0654301 -0.196468 0.250663
v -0.0811029 -0.215178 0.245794
v -0.0810522 -0.196468 0.245794
v -0.102862 -0.177758 0.236614
v -0.121578 -0.177758 0.228701
v -0.123303 -0.160762 0.227687
v -0.120817 -0.140339 0.228194
v -0.13015 -0.140339 0.224085
v -0.140294 -0.140339 0.216528
v -0.151351 -0.121629 0.207094
v -0.160735 -0.121629 0.199892
v -0.172857 -0.121629 0.190559
v -0.18219 -0.121629 0.18219
v -0.18995 -0.102919 0.172046
v -0.199283 -0.102919 0.159923
v -0.206485 -0.102919 0.15054
v -0.205978 -0.0910652 0.149931
v -0.211557 -0.0846382 0.141917
v -0.211912 -0.0655001 0.138976
v -0.210847 -0.0467904 0.137555
v -0.20963 -0.0280806 0.135983
v -0.20821 -0.00937094 0.134157
v -0.215666 -0.00937094 0.121578
v -0.212825 0.00933877 0.121578
v -0.208818 0.0467582 0.117521
v -0.218963 0.0280485 0.102862
v -0.221904 0.0111955 0.102304
v -0.22865 0.0111955 0.0860229
v -0.243055 0.0176224 0.0177017
v -0.244881 0.0106242 0.0106008
v -0.243867 0.0227641 0.00522437
v -0.227534 0.0280485 0.0821681
v -0.233469 0.0280485 0.0654302
v -0.234585 0.0467582 0.0467649
v -0.23707 0.0467582 0.0280488
v -0.242244 0.0286198 0.0106008
v -0.180415 -0.0842098 -0.180414
v -0.188226 -0.0655001 -0.169864
v -0.171031 -0.0842098 -0.189138
v -0.149931 -0.0910652 -0.205978
v 0.00933267 -0.888584 -0.259032
v -0.00933267 -0.196468 -0.259032
v 0.00933267 -0.215178 -0.259083
v -0.0467648 -0.177758 -0.254011
v -0.0280487 -0.196468 -0.256648
v 0.00933267 -0.907294 -0.256293
v -0.00933267 -0.923576 -0.248381
v -0.0280487 -0.92229 -0.247163
v -0.080545 -0.159049 -0.24554
v -0.0654301 -0.159049 -0.250207
v -0.0467648 -0.159049 -0.253757
v -0.089269 -0.140339 -0.241432
v -0.141917 -0.0846382 -0.211557
v -0.138976 -0.0655001 -0.211912
v -0.127969 -0.102919 -0.22302
v -0.118636 -0.102919 -0.22723
v -0.102862 -0.102919 -0.233874
v -0.102862 -0.121629 -0.234939
v -0.201058 -0.00937094 -0.14349
v -0.184523 -0.00937094 -0.165046
v -0.185892 -0.0280806 -0.166872
v -0.203696 -0.0467904 -0.146939
v -0.187516 -0.0526461 -0.168951
v -0.196595 -0.0655001 -0.15901
v -0.00933267 -0.933002 -0.240214
v 0.00933267 -0.944142 -0.215108
v 0.00933267 -0.938858 -0.230882
v -0.236208 0.0654679 -0.00933255
v -0.239454 0.0467582 -0.00933255
v -0.230375 0.0467582 -0.06543
v -0.224897 0.058184 -0.0758278
v -0.225911 0.0467582 -0.0783131
v -0.231339 0.0654679 -0.0467646
v -0.224542 0.0938895 -0.0563509
v -0.22368 0.0280485 -0.0915513
v -0.224491 0.0186222 -0.0934787
v -0.215716 0.0467582 -0.102862
v -0.207043 0.0654679 -0.114477
v -0.203087 0.0467582 -0.126904
v -0.205877 0.0190507 -0.131063
v -0.209528 0.0263346 -0.12239
v -0.206688 0.00933877 -0.132128
v 0.0467648 -0.94557 -0.196392
v 0.0654301 -0.945713 -0.177726
v 0.0654301 -0.945713 0.177726
v 0.0467648 -0.94557 0.196392
v 0.00933267 -0.944142 0.215108
v -0.00933267 -0.933002 0.240215
v 0.00933267 -0.938858 0.230882
v -0.0280487 -0.92229 0.247163
v -0.00933267 -0.907294 0.256293
v -0.00933267 -0.888584 0.258981
v -0.00933267 -0.851165 0.259032
v -0.0280487 -0.776326 0.256648
v -0.0467648 -0.196468 0.254163
v -0.0654301 -0.177758 0.250511
v -0.0809 -0.177758 0.245693
v -0.0902327 -0.177758 0.241838
v -0.0898776 -0.159049 0.241686
v -0.102862 -0.159049 0.236309
v -0.102862 -0.140339 0.235751
v -0.119854 -0.121629 0.227788
v -0.129237 -0.121629 0.223629
v -0.140294 -0.121629 0.215564
v -0.140294 -0.102919 0.214347
v -0.15054 -0.102919 0.206485
v -0.159923 -0.102919 0.199283
v -0.172046 -0.102919 0.18995
v -0.181429 -0.102919 0.181429
v -0.189139 -0.0842098 0.171031
v -0.20542 -0.0786397 0.149221
v -0.204761 -0.0655001 0.148359
v -0.203696 -0.0467904 0.146939
v -0.185892 -0.0280806 0.166872
v -0.184523 -0.00937094 0.165046
v -0.201058 -0.00937094 0.14349
v -0.206688 0.00933877 0.132128
v -0.205877 0.0190507 0.131063
v -0.209528 0.0263346 0.12239
v -0.203087 0.0467582 0.126904
v -0.207043 0.0654679 0.114477
v -0.215716 0.0467582 0.102862
v -0.22368 0.0280485 0.0915515
v -0.224491 0.0186222 0.0934789
v -0.239454 0.0467582 0.00933277
v -0.236208 0.0654679 0.00933277
v -0.225911 0.0467582 0.0783133
v -0.224897 0.058184 0.075828
v -0.230375 0.0467582 0.0654302
v -0.224542 0.0938895 0.0563511
v -0.231339 0.0654679 0.0467649
v -0.179197 -0.0655001 -0.179197
v -0.168952 -0.0526461 -0.187515
v -0.169865 -0.0655001 -0.188225
v -0.149221 -0.0786397 -0.20542
v 0.0280487 -0.869875 -0.256648
v 0.0467648 -0.888584 -0.254163
v -0.00933267 -0.177758 -0.258931
v 0.00933267 -0.196468 -0.259032
v 0.0280487 -0.196468 -0.256648
v -0.0280487 -0.177758 -0.256496
v 0.0467648 -0.907294 -0.251424
v 0.0467648 -0.920719 -0.245946
v 0.0280487 -0.92229 -0.247163
v 0.00933267 -0.923576 -0.248381
v -0.0798856 -0.140339 -0.245287
v -0.0654301 -0.140339 -0.249699
v -0.0280487 -0.159049 -0.256242
v -0.0467648 -0.140339 -0.25325
v -0.0882546 -0.121629 -0.241026
v -0.0789219 -0.121629 -0.244881
v -0.126447 -0.0842098 -0.222209
v -0.148359 -0.0655001 -0.204761
v -0.137555 -0.0467904 -0.210847
v -0.117064 -0.0842098 -0.226571
v -0.102862 -0.0842098 -0.232556
v -0.0776031 -0.102919 -0.244374
v -0.190153 0.00933877 -0.153684
v -0.182951 0.00933877 -0.163017
v -0.171893 0.0280485 -0.171893
v -0.173618 0.00933877 -0.173618
v -0.17514 -0.00937094 -0.175139
v -0.17656 -0.0280806 -0.17656
v 0.00933267 -0.933002 -0.240214
v 0.0467648 -0.943 -0.215108
v 0.0654301 -0.945142 -0.196392
v 0.0280487 -0.938429 -0.229614
v -0.232657 0.0841776 -0.00933255
v -0.226976 0.0647538 -0.0658865
v -0.225506 0.0841776 -0.0591913
v -0.223629 0.0706095 -0.0724295
v -0.216173 0.0841776 -0.084146
v -0.220636 0.0647538 -0.0829287
v -0.212217 0.0654679 -0.102862
v -0.222057 0.0467582 -0.0876458
v -0.230223 0.0841776 -0.0280486
v -0.227737 0.0841776 -0.0467646
v -0.225201 0.0968888 -0.0467646
v -0.223172 0.106315 -0.0467646
v -0.219774 0.121597 -0.0467646
v -0.215412 0.140307 -0.0467646
v -0.206181 0.169728 -0.0571117
v -0.215006 0.121597 -0.06543
v -0.220281 0.101173 -0.0637562
v -0.222259 0.0841776 -0.0685239
v -0.205978 0.0758939 -0.1126
v -0.201007 0.0654679 -0.12381
v -0.191675 0.0654679 -0.136947
v -0.181226 0.0280485 -0.160785
v -0.192537 0.0456156 -0.14141
v -0.186095 0.0511857 -0.148359
v -0.187363 0.0387601 -0.150033
v 0.102862 -0.945285 -0.177726
v 0.0841461 -0.94557 -0.177726
v 0.102862 -0.945713 -0.15901
v 0.102862 -0.945713 0.15901
v 0.0841461 -0.94557 0.177726
v 0.102862 -0.945285 0.177726
v 0.0654301 -0.945142 0.196392
v 0.0467648 -0.943 0.215108
v 0.00933267 -0.933002 0.240215
v -0.00933267 -0.923576 0.248381
v 0.0280487 -0.938429 0.229614
v 0.00933267 -0.907294 0.256293
v 0.00933267 -0.888584 0.259032
v 0.00933267 -0.757616 0.259083
v -0.00933267 -0.196468 0.259032
v -0.0280487 -0.196468 0.256648
v -0.0467648 -0.177758 0.254011
v -0.0467648 -0.159049 0.253757
v -0.0654301 -0.159049 0.250207
v -0.080545 -0.159049 0.24554
v -0.089269 -0.140339 0.241432
v -0.102862 -0.121629 0.23494
v -0.102862 -0.102919 0.233875
v -0.118636 -0.102919 0.22723
v -0.127969 -0.102919 0.22302
v -0.138976 -0.0655001 0.211912
v -0.141917 -0.0846382 0.211557
v -0.149931 -0.0910652 0.205978
v -0.171031 -0.0842098 0.189139
v -0.180415 -0.0842098 0.180415
v -0.188226 -0.0655001 0.169865
v -0.196595 -0.0655001 0.15901
v -0.187516 -0.0526461 0.168952
v -0.17656 -0.0280806 0.17656
v -0.17514 -0.00937094 0.17514
v -0.173618 0.00933877 0.173618
v -0.171893 0.0280485 0.171894
v -0.182951 0.00933877 0.163017
v -0.190153 0.00933877 0.153685
v -0.181226 0.0280485 0.160786
v -0.187363 0.0387601 0.150033
v -0.186095 0.0511857 0.148359
v -0.192537 0.0456156 0.14141
v -0.191675 0.0654679 0.136947
v -0.201007 0.0654679 0.12381
v -0.205978 0.0758939 0.112601
v -0.212217 0.0654679 0.102862
v -0.222057 0.0467582 0.087646
v -0.232657 0.0841776 0.00933277
v -0.220636 0.0647538 0.0829289
v -0.216173 0.0841776 0.0841462
v -0.223629 0.0706095 0.0724297
v -0.225506 0.0841776 0.0591915
v -0.226976 0.0647538 0.0658867
v -0.220281 0.101173 0.0637564
v -0.215006 0.121597 0.0654302
v -0.206181 0.169728 0.0571119
v -0.215412 0.140307 0.0467649
v -0.219774 0.121597 0.0467649
v -0.223172 0.106315 0.0467649
v -0.225201 0.0968888 0.0467649
v -0.230223 0.0841776 0.0280488
v -0.227737 0.0841776 0.0467649
v -0.222259 0.0841776 0.0685242
v -0.15901 -0.0655001 -0.196594
v -0.166872 -0.0280806 -0.185892
v -0.146939 -0.0467904 -0.203695
v 0.0654301 -0.888584 -0.250663
v 0.0467648 -0.196468 -0.254163
v -0.00933267 -0.159049 -0.258626
v 0.00933267 -0.177758 -0.258931
v 0.0280487 -0.177758 -0.256496
v 0.0670024 -0.908865 -0.247062
v 0.0618289 -0.918863 -0.244627
v 0.0467648 -0.930003 -0.23778
v 0.0280487 -0.931574 -0.238997
v -0.0654301 -0.121629 -0.248938
v -0.0280487 -0.140339 -0.255735
v -0.0467648 -0.121629 -0.252489
v -0.124622 -0.0655001 -0.221296
v -0.115238 -0.0655001 -0.22581
v -0.135983 -0.0280806 -0.20963
v -0.102862 -0.0655001 -0.230983
v -0.0750164 -0.0739266 -0.243258
v -0.0853635 -0.0842098 -0.239809
v -0.0759801 -0.0842098 -0.243664
v -0.0654301 -0.102919 -0.247924
v -0.169966 0.0467582 -0.169966
v -0.163017 0.00933877 -0.18295
v -0.165046 -0.00937094 -0.184523
v 0.0467648 -0.937858 -0.228396
v 0.0654301 -0.941429 -0.215108
v 0.0841461 -0.944285 -0.196392
v -0.228802 0.102887 -0.00933255
v -0.212065 0.102887 -0.084146
v -0.206992 0.102887 -0.0964205
v -0.204659 0.0883194 -0.109659
v -0.208514 0.0828922 -0.103217
v -0.226266 0.103459 -0.0278964
v -0.224035 0.110171 -0.0340337
v -0.222513 0.12074 -0.0278964
v -0.217897 0.140307 -0.0280486
v -0.213231 0.159016 -0.0280486
v -0.210695 0.159016 -0.0467646
v -0.197913 0.159016 -0.084146
v -0.203797 0.159016 -0.0700456
v -0.205319 0.147876 -0.0736975
v -0.20755 0.159016 -0.0606622
v -0.207043 0.17287 -0.0467646
v -0.204355 0.182154 -0.0467646
v -0.200196 0.196436 -0.0467646
v -0.194414 0.215146 -0.0467646
v -0.187871 0.226857 -0.0580754
v -0.194718 0.196436 -0.06543
v -0.186704 0.185867 -0.0926671
v -0.191725 0.178869 -0.0855155
v -0.209782 0.141021 -0.0666473
v -0.206942 0.135308 -0.0776537
v -0.208108 0.119883 -0.0839938
v -0.188784 0.140307 -0.11468
v -0.191269 0.121597 -0.118231
v -0.199536 0.0828922 -0.119955
v -0.187921 0.0966031 -0.132027
v -0.189443 0.0841776 -0.134055
v -0.174074 0.0646109 -0.160075
v -0.182291 0.0841776 -0.143388
v -0.180313 0.0456156 -0.157336
v -0.1688 0.0578983 -0.168799
v 0.121578 -0.943999 -0.177726
v 0.140294 -0.944571 -0.15901
v 0.121578 -0.94557 -0.15901
v 0.15901 -0.945713 -0.102862
v 0.15901 -0.945713 0.102862
v 0.121578 -0.94557 0.15901
v 0.140294 -0.944571 0.15901
v 0.121578 -0.943999 0.177726
v 0.0841461 -0.944285 0.196392
v 0.0654301 -0.941429 0.215108
v 0.0467648 -0.937858 0.228397
v 0.0280487 -0.931574 0.238997
v 0.0280487 -0.92229 0.247163
v 0.00933267 -0.923576 0.248381
v 0.0467648 -0.907294 0.251424
v 0.0467648 -0.920719 0.245946
v 0.0467648 -0.888584 0.254163
v 0.0280487 -0.869875 0.256648
v 0.00933267 -0.215178 0.259083
v 0.00933267 -0.196468 0.259032
v -0.00933267 -0.177758 0.258931
v -0.0280487 -0.177758 0.256496
v -0.0280487 -0.159049 0.256243
v -0.0467648 -0.140339 0.25325
v -0.0654301 -0.140339 0.2497
v -0.0798856 -0.140339 0.245287
v -0.0789219 -0.121629 0.244881
v -0.0882546 -0.121629 0.241026
v -0.0776031 -0.102919 0.244374
v -0.102862 -0.0842098 0.232556
v -0.117064 -0.0842098 0.226571
v -0.126447 -0.0842098 0.222209
v -0.148359 -0.0655001 0.204761
v -0.149221 -0.0786397 0.20542
v -0.137555 -0.0467904 0.210847
v -0.169865 -0.0655001 0.188226
v -0.168952 -0.0526461 0.187516
v -0.179197 -0.0655001 0.179197
v -0.166872 -0.0280806 0.185893
v -0.165046 -0.00937094 0.184523
v -0.163017 0.00933877 0.182951
v -0.169966 0.0467582 0.169966
v -0.1688 0.0578983 0.1688
v -0.180313 0.0456156 0.157337
v -0.174074 0.0646109 0.160076
v -0.182291 0.0841776 0.143388
v -0.189443 0.0841776 0.134056
v -0.187921 0.0966031 0.132027
v -0.199536 0.0828922 0.119955
v -0.191269 0.121597 0.118231
v -0.188784 0.140307 0.11468
v -0.204659 0.0883194 0.109659
v -0.208514 0.0828922 0.103217
v -0.228802 0.102887 0.00933277
v -0.206992 0.102887 0.0964207
v -0.212065 0.102887 0.0841462
v -0.206942 0.135308 0.0776539
v -0.209782 0.141021 0.0666475
v -0.20755 0.159016 0.0606624
v -0.208108 0.119883 0.0839941
v -0.210695 0.159016 0.0467649
v -0.205319 0.147876 0.0736977
v -0.203797 0.159016 0.0700458
v -0.197913 0.159016 0.0841462
v -0.191725 0.178869 0.0855157
v -0.186704 0.185867 0.0926674
v -0.194718 0.196436 0.0654302
v -0.187871 0.226857 0.0580756
v -0.194414 0.215146 0.0467649
v -0.200196 0.196436 0.0467649
v -0.204355 0.182154 0.0467649
v -0.207043 0.17287 0.0467649
v -0.217897 0.140307 0.0280488
v -0.222513 0.12074 0.0278967
v -0.213231 0.159016 0.0280488
v -0.224035 0.110171 0.0340339
v -0.226266 0.103459 0.0278967
v 0.0811029 -0.869875 -0.245794
v 0.0810522 -0.888584 -0.245794
v 0.0789726 -0.903724 -0.244932
v 0.0654301 -0.196468 -0.250663
v 0.0467648 -0.177758 -0.254011
v 0.00933267 -0.159049 -0.258626
v -0.00933267 -0.140339 -0.258119
v 0.0280487 -0.159049 -0.256242
v 0.0743063 -0.916149 -0.243055
v 0.0670024 -0.925432 -0.237222
v 0.0759294 -0.935716 -0.224897
v 0.0654301 -0.936715 -0.226469
v -0.0467648 -0.102919 -0.251525
v -0.0280487 -0.121629 -0.254974
v -0.113564 -0.0507894 -0.225049
v -0.121578 -0.0280806 -0.218303
v -0.120513 -0.045505 -0.220991
v -0.111992 -0.0383638 -0.22439
v -0.14349 -0.00937094 -0.201058
v -0.134157 -0.00937094 -0.20821
v -0.0841461 -0.0467904 -0.236867
v -0.0824216 -0.0667855 -0.239555
v -0.073089 -0.061501 -0.2427
v -0.0662924 -0.0667855 -0.244982
v -0.0654301 -0.0842098 -0.246605
v -0.0467648 -0.0842098 -0.250257
v -0.160786 0.0280485 -0.181226
v -0.131063 0.0190507 -0.205876
v -0.153685 0.00933877 -0.190153
v 0.102862 -0.942428 -0.196392
v 0.0829796 -0.938572 -0.215564
v -0.225658 0.117455 -0.00933255
v -0.202935 0.102887 -0.105804
v -0.204355 0.125025 -0.0901311
v -0.187313 0.15059 -0.1126
v -0.223527 0.126739 -0.00933255
v -0.220332 0.140307 -0.00933255
v -0.215666 0.159016 -0.00933255
v -0.208058 0.178583 -0.0279472
v -0.194769 0.140307 -0.102862
v -0.202833 0.141021 -0.0839938
v -0.18853 0.173299 -0.0966741
v -0.205319 0.185439 -0.0341351
v -0.203341 0.195293 -0.0279472
v -0.197457 0.215146 -0.0280486
v -0.187161 0.243424 -0.0378377
v -0.188885 0.233284 -0.0451416
v -0.18574 0.239282 -0.0502644
v -0.175748 0.252422 -0.06543
v -0.182849 0.233284 -0.0647706
v -0.168089 0.242425 -0.09287
v -0.173567 0.235141 -0.0856676
v -0.185284 0.219145 -0.0705528
v -0.189443 0.213717 -0.0647706
v -0.168597 0.281129 -0.0566552
v -0.187363 0.206576 -0.0755234
v -0.185081 0.196436 -0.0887109
v -0.17027 0.229856 -0.0966234
v -0.183559 0.178869 -0.102913
v -0.185385 0.163015 -0.109151
v -0.181784 0.140307 -0.124013
v -0.184472 0.121597 -0.127614
v -0.192791 0.102887 -0.122795
v -0.18082 0.102887 -0.139077
v -0.170524 0.102887 -0.152467
v -0.172908 0.0841776 -0.15551
v -0.148359 0.0511857 -0.186095
v -0.157337 0.0456156 -0.180313
v -0.167024 0.0704667 -0.167024
v -0.155511 0.0841776 -0.172908
v -0.160075 0.0646109 -0.174074
v 0.121223 -0.938858 -0.196747
v 0.141359 -0.939715 -0.178893
v 0.15901 -0.941571 -0.15901
v 0.15901 -0.944571 -0.140294
v 0.15901 -0.94557 -0.121578
v 0.177726 -0.945713 -0.06543
v 0.177726 -0.945713 0.0654302
v 0.15901 -0.94557 0.121578
v 0.15901 -0.944571 0.140294
v 0.15901 -0.941571 0.15901
v 0.141359 -0.939715 0.178893
v 0.121223 -0.938858 0.196747
v 0.102862 -0.942428 0.196392
v 0.0829796 -0.938572 0.215564
v 0.0654301 -0.936715 0.226469
v 0.0467648 -0.930003 0.23778
v 0.0618289 -0.918863 0.244627
v 0.0670024 -0.908865 0.247062
v 0.0654301 -0.888584 0.250663
v 0.0467648 -0.196468 0.254163
v 0.0280487 -0.196468 0.256648
v 0.00933267 -0.177758 0.258931
v -0.00933267 -0.159049 0.258626
v -0.0280487 -0.140339 0.255735
v -0.0467648 -0.121629 0.252489
v -0.0654301 -0.121629 0.248939
v -0.0654301 -0.102919 0.247924
v -0.0759801 -0.0842098 0.243664
v -0.0853635 -0.0842098 0.239809
v -0.0750164 -0.0739266 0.243258
v -0.102862 -0.0655001 0.230983
v -0.115238 -0.0655001 0.22581
v -0.124622 -0.0655001 0.221296
v -0.15901 -0.0655001 0.196595
v -0.146939 -0.0467904 0.203696
v -0.135983 -0.0280806 0.20963
v -0.14349 -0.00937094 0.201058
v -0.153685 0.00933877 0.190153
v -0.131063 0.0190507 0.205877
v -0.160786 0.0280485 0.181226
v -0.157337 0.0456156 0.180313
v -0.148359 0.0511857 0.186095
v -0.160075 0.0646109 0.174075
v -0.155511 0.0841776 0.172908
v -0.167024 0.0704667 0.167024
v -0.172908 0.0841776 0.155511
v -0.170524 0.102887 0.152467
v -0.192791 0.102887 0.122796
v -0.18082 0.102887 0.139077
v -0.184472 0.121597 0.127614
v -0.181784 0.140307 0.124013
v -0.187313 0.15059 0.112601
v -0.202935 0.102887 0.105804
v -0.225658 0.117455 0.00933277
v -0.204355 0.125025 0.0901313
v -0.202833 0.141021 0.0839941
v -0.194769 0.140307 0.102862
v -0.18853 0.173299 0.0966743
v -0.185385 0.163015 0.109152
v -0.183559 0.178869 0.102913
v -0.17027 0.229856 0.0966236
v -0.168089 0.242425 0.0928702
v -0.185081 0.196436 0.0887111
v -0.187363 0.206576 0.0755237
v -0.189443 0.213717 0.0647708
v -0.18574 0.239282 0.0502646
v -0.185284 0.219145 0.070553
v -0.173567 0.235141 0.0856679
v -0.182849 0.233284 0.0647708
v -0.175748 0.252422 0.0654302
v -0.168597 0.281129 0.0566555
v -0.188885 0.233284 0.0451418
v -0.187161 0.243424 0.037838
v -0.197457 0.215146 0.0280488
v -0.203341 0.195293 0.0279474
v -0.205319 0.185439 0.0341353
v -0.208058 0.178583 0.0279474
v -0.220332 0.140307 0.00933277
v -0.223527 0.126739 0.00933277
v -0.215666 0.159016 0.00933277
v 0.102862 -0.888584 -0.236765
v 0.0811029 -0.215178 -0.245794
v 0.131114 -0.898296 -0.224592
v 0.12097 -0.90558 -0.226773
v 0.102862 -0.907294 -0.233874
v 0.0654301 -0.177758 -0.250511
v 0.0809 -0.177758 -0.245692
v 0.0810522 -0.196468 -0.245794
v 0.0467648 -0.159049 -0.253757
v 0.00933267 -0.140339 -0.258119
v -0.00933267 -0.121629 -0.257358
v 0.0280487 -0.140339 -0.255735
v 0.114325 -0.918006 -0.225353
v 0.102862 -0.920862 -0.227737
v 0.0829796 -0.926718 -0.230425
v 0.0884067 -0.933431 -0.222056
v 0.114731 -0.936287 -0.207094
v 0.102862 -0.937572 -0.20968
v -0.0280487 -0.0842098 -0.252743
v -0.00933267 -0.102919 -0.256394
v -0.104587 -0.045505 -0.228244
v -0.121578 -0.00937094 -0.215666
v -0.107681 -0.00937094 -0.222614
v -0.110572 -0.0280806 -0.223781
v -0.101239 -0.0280806 -0.227686
v -0.132128 0.00933877 -0.206688
v -0.0841461 -0.0280806 -0.234737
v -0.0704515 -0.0467904 -0.241939
v -0.0611188 -0.0467904 -0.244475
v -0.0467648 -0.0655001 -0.248786
v -0.150033 0.0387601 -0.187363
v -0.12239 0.0263346 -0.209528
v -0.121578 0.00933877 -0.212825
v -0.14141 0.0456156 -0.192537
v -0.136947 0.0654679 -0.191674
v -0.126904 0.0467582 -0.203087
v -0.117521 0.0467582 -0.208818
v -0.200804 0.119883 -0.101138
v -0.190001 0.157588 -0.102913
v -0.168495 0.206148 -0.112448
v -0.17027 0.196436 -0.114731
v -0.173567 0.177726 -0.119042
v -0.16814 0.167586 -0.130606
v -0.170118 0.15516 -0.133193
v -0.210695 0.177726 -0.00933255
v -0.206181 0.188438 -0.0216578
v -0.204253 0.200435 -0.00933255
v -0.199891 0.215146 -0.00933255
v -0.191573 0.233855 -0.0280486
v -0.18782 0.245424 -0.0280486
v -0.184624 0.254707 -0.0280486
v -0.178842 0.271132 -0.0280486
v -0.0930223 0.513358 -0.00933255
v -0.175089 0.271132 -0.0467646
v -0.182849 0.250851 -0.0451416
v -0.170068 0.269418 -0.0639083
v -0.168394 0.261991 -0.0749148
v -0.15617 0.252708 -0.103826
v -0.163981 0.235141 -0.102862
v -0.166111 0.218573 -0.109101
v -0.182038 0.213717 -0.0827258
v -0.0799363 0.513358 -0.0474747
v -0.150439 0.282272 -0.0945945
v -0.152822 0.271132 -0.0978914
v -0.16601 0.274417 -0.0691326
v -0.0893704 0.513358 -0.0261719
v -0.089269 0.513358 -0.026527
v -0.165249 0.140307 -0.145569
v -0.167227 0.126881 -0.148156
v -0.168952 0.114313 -0.150438
v -0.164894 0.0841776 -0.164894
v -0.152467 0.102887 -0.170524
v -0.143388 0.0841776 -0.182291
v 0.135831 -0.937144 -0.190711
v 0.15901 -0.937287 -0.172553
v 0.16885 -0.935716 -0.16885
v 0.172553 -0.937287 -0.15901
v 0.178893 -0.939715 -0.141359
v 0.177726 -0.943999 -0.121578
v 0.177726 -0.945285 -0.102862
v 0.177726 -0.94557 -0.084146
v 0.196392 -0.945713 -0.00933255
v 0.196392 -0.94557 -0.0467646
v 0.196392 -0.945713 0.00933277
v 0.196392 -0.94557 0.0467649
v 0.177726 -0.94557 0.0841462
v 0.177726 -0.945285 0.102862
v 0.177726 -0.943999 0.121578
v 0.178893 -0.939715 0.14136
v 0.172553 -0.937287 0.15901
v 0.16885 -0.935716 0.16885
v 0.15901 -0.937287 0.172553
v 0.135831 -0.937144 0.190711
v 0.114731 -0.936287 0.207094
v 0.102862 -0.937572 0.209681
v 0.0759294 -0.935716 0.224897
v 0.0670024 -0.925432 0.237222
v 0.0743063 -0.916149 0.243055
v 0.0789726 -0.903724 0.244932
v 0.0810522 -0.888584 0.245794
v 0.0811029 -0.869875 0.245794
v 0.0654301 -0.196468 0.250663
v 0.0467648 -0.177758 0.254011
v 0.0280487 -0.177758 0.256496
v 0.0280487 -0.159049 0.256243
v 0.00933267 -0.159049 0.258626
v -0.00933267 -0.140339 0.258119
v -0.0280487 -0.121629 0.254975
v -0.0467648 -0.102919 0.251525
v -0.0467648 -0.0842098 0.250257
v -0.0654301 -0.0842098 0.246606
v -0.0662924 -0.0667855 0.244982
v -0.073089 -0.061501 0.2427
v -0.0841461 -0.0467904 0.236867
v -0.0824216 -0.0667855 0.239555
v -0.113564 -0.0507894 0.225049
v -0.111992 -0.0383638 0.22439
v -0.120513 -0.045505 0.220991
v -0.121578 -0.0280806 0.218303
v -0.134157 -0.00937094 0.20821
v -0.132128 0.00933877 0.206688
v -0.121578 -0.00937094 0.215666
v -0.121578 0.00933877 0.212825
v -0.12239 0.0263346 0.209529
v -0.117521 0.0467582 0.208818
v -0.126904 0.0467582 0.203087
v -0.136947 0.0654679 0.191675
v -0.14141 0.0456156 0.192537
v -0.150033 0.0387601 0.187363
v -0.143388 0.0841776 0.182291
v -0.152467 0.102887 0.170524
v -0.164894 0.0841776 0.164894
v -0.168952 0.114313 0.150439
v -0.167227 0.126881 0.148156
v -0.165249 0.140307 0.145569
v -0.170118 0.15516 0.133193
v -0.16814 0.167586 0.130607
v -0.173567 0.177726 0.119042
v -0.17027 0.196436 0.114731
v -0.168495 0.206148 0.112449
v -0.190001 0.157588 0.102913
v -0.200804 0.119883 0.101138
v -0.166111 0.218573 0.109101
v -0.168394 0.261991 0.074915
v -0.182038 0.213717 0.082726
v -0.163981 0.235141 0.102862
v -0.15617 0.252708 0.103826
v -0.152822 0.271132 0.0978916
v -0.150439 0.282272 0.0945948
v -0.0799363 0.513358 0.047475
v -0.182849 0.250851 0.0451418
v -0.175089 0.271132 0.0467649
v -0.170068 0.269418 0.0639086
v -0.16601 0.274417 0.0691328
v -0.0891675 0.513358 0.0267808
v -0.089269 0.513358 0.0265272
v -0.0925151 0.513358 0.0128832
v -0.178842 0.271132 0.0280488
v -0.184624 0.254707 0.0280488
v -0.18782 0.245424 0.0280488
v -0.191573 0.233855 0.0280488
v -0.199891 0.215146 0.00933277
v -0.204253 0.200435 0.00933277
v -0.206181 0.188438 0.021658
v -0.210695 0.177726 0.00933277
v 0.121578 -0.888584 -0.228853
v 0.102862 -0.196468 -0.236765
v 0.151707 -0.902581 -0.207347
v 0.139939 -0.906723 -0.214854
v 0.126803 -0.910865 -0.222361
v 0.131165 -0.888584 -0.224643
v 0.140548 -0.888584 -0.217491
v 0.162104 -0.888584 -0.200956
v 0.174227 -0.888584 -0.191624
v 0.0654301 -0.159049 -0.250207
v 0.080545 -0.159049 -0.24554
v 0.0902327 -0.177758 -0.241838
v 0.102862 -0.177758 -0.236613
v 0.0467648 -0.140339 -0.25325
v 0.00933267 -0.121629 -0.257358
v 0.0280487 -0.121629 -0.254974
v 0.136338 -0.921005 -0.209883
v 0.120767 -0.925718 -0.214753
v 0.102862 -0.930288 -0.219013
v 0.127208 -0.933573 -0.203188
v -0.0280487 -0.0655001 -0.251272
v -0.00933267 -0.0842098 -0.255126
v 0.00933267 -0.102919 -0.256394
v -0.102862 0.0280485 -0.218962
v -0.102304 0.0111955 -0.221904
v -0.0860228 0.0111955 -0.22865
v -0.0841461 -0.00937094 -0.232353
v -0.0654301 -0.00937094 -0.238896
v -0.0648722 -0.0269381 -0.24128
v -0.0582277 -0.0323653 -0.243765
v -0.0467648 -0.0467904 -0.247062
v -0.12381 0.0654679 -0.201007
v -0.134056 0.0841776 -0.189443
v -0.114477 0.0654679 -0.207043
v -0.153786 0.233855 -0.117622
v -0.158706 0.214289 -0.121172
v -0.15125 0.210004 -0.13299
v -0.163119 0.196436 -0.124114
v -0.166416 0.177726 -0.128375
v -0.163372 0.160445 -0.139787
v -0.156271 0.177869 -0.14141
v -0.206942 0.191151 -0.00933255
v -0.194008 0.233855 -0.00933255
v -0.189037 0.248852 -0.00933255
v -0.185842 0.258278 -0.00933255
v -0.181226 0.271132 -0.00933255
v -0.0930223 0.513358 0.00933277
v -0.151149 0.246709 -0.114173
v -0.0790233 0.513358 -0.0489456
v -0.0757265 0.507788 -0.0572639
v -0.135527 0.269704 -0.121477
v -0.145823 0.271132 -0.107224
v -0.14846 0.259135 -0.110724
v -0.150844 0.171728 -0.150844
v -0.152924 0.159016 -0.152924
v -0.148156 0.126881 -0.167227
v -0.150439 0.114313 -0.168951
v -0.139077 0.102887 -0.18082
v -0.132027 0.0966031 -0.187921
v 0.148308 -0.934716 -0.185943
v 0.15901 -0.931003 -0.181936
v 0.169408 -0.91772 -0.18787
v 0.175343 -0.923861 -0.175342
v 0.187871 -0.91772 -0.169408
v 0.181936 -0.931003 -0.15901
v 0.185943 -0.934716 -0.148308
v 0.190711 -0.937144 -0.135831
v 0.196747 -0.938858 -0.121223
v 0.196392 -0.942428 -0.102862
v 0.196392 -0.944285 -0.084146
v 0.196392 -0.945142 -0.06543
v 0.215108 -0.944142 -0.00933255
v 0.215108 -0.944142 0.00933277
v 0.196392 -0.945142 0.0654302
v 0.196392 -0.944285 0.0841462
v 0.196392 -0.942428 0.102862
v 0.196747 -0.938858 0.121223
v 0.190711 -0.937144 0.135831
v 0.185943 -0.934716 0.148308
v 0.181936 -0.931003 0.15901
v 0.187871 -0.91772 0.169408
v 0.175343 -0.923861 0.175343
v 0.169408 -0.91772 0.187871
v 0.15901 -0.931003 0.181936
v 0.148308 -0.934716 0.185943
v 0.127208 -0.933573 0.203188
v 0.120767 -0.925718 0.214753
v 0.102862 -0.930288 0.219013
v 0.0884067 -0.933431 0.222057
v 0.0829796 -0.926718 0.230426
v 0.102862 -0.920862 0.227737
v 0.114325 -0.918006 0.225353
v 0.12097 -0.90558 0.226774
v 0.102862 -0.907294 0.233875
v 0.131114 -0.898296 0.224593
v 0.102862 -0.888584 0.236766
v 0.0811029 -0.215178 0.245794
v 0.0810522 -0.196468 0.245794
v 0.0809 -0.177758 0.245693
v 0.0654301 -0.177758 0.250511
v 0.0467648 -0.159049 0.253757
v 0.0280487 -0.140339 0.255735
v 0.00933267 -0.140339 0.258119
v -0.00933267 -0.121629 0.257358
v -0.00933267 -0.102919 0.256395
v -0.0280487 -0.0842098 0.252743
v -0.0467648 -0.0655001 0.248787
v -0.0611188 -0.0467904 0.244475
v -0.0704515 -0.0467904 0.241939
v -0.0841461 -0.0280806 0.234737
v -0.101239 -0.0280806 0.227687
v -0.104587 -0.045505 0.228245
v -0.110572 -0.0280806 0.223781
v -0.107681 -0.00937094 0.222615
v -0.114477 0.0654679 0.207043
v -0.102862 0.0280485 0.218963
v -0.12381 0.0654679 0.201007
v -0.134056 0.0841776 0.189443
v -0.132027 0.0966031 0.187921
v -0.139077 0.102887 0.18082
v -0.150439 0.114313 0.168952
v -0.148156 0.126881 0.167227
v -0.152924 0.159016 0.152924
v -0.150844 0.171728 0.150844
v -0.163372 0.160445 0.139787
v -0.156271 0.177869 0.14141
v -0.166416 0.177726 0.128375
v -0.163119 0.196436 0.124114
v -0.15125 0.210004 0.132991
v -0.158706 0.214289 0.121173
v -0.153786 0.233855 0.117622
v -0.151149 0.246709 0.114173
v -0.14846 0.259135 0.110724
v -0.145823 0.271132 0.107224
v -0.0748135 0.513358 0.0559961
v -0.181226 0.271132 0.00933277
v -0.185842 0.258278 0.00933277
v -0.189037 0.248852 0.00933277
v -0.194008 0.233855 0.00933277
v -0.206942 0.191151 0.00933277
v 0.121578 -0.196468 -0.228853
v 0.172096 -0.907294 -0.18995
v 0.148815 -0.915006 -0.205116
v 0.131165 -0.196468 -0.224643
v 0.152721 -0.869875 -0.208159
v 0.140548 -0.196468 -0.217491
v 0.162104 -0.215178 -0.200956
v 0.183559 -0.888584 -0.183559
v 0.174227 -0.215178 -0.191624
v 0.0654301 -0.140339 -0.249699
v 0.0798856 -0.140339 -0.245287
v 0.0898776 -0.159049 -0.241685
v 0.089269 -0.140339 -0.241432
v 0.102862 -0.159049 -0.236309
v 0.121578 -0.177758 -0.228701
v 0.0467648 -0.121629 -0.252489
v 0.0467648 -0.102919 -0.251525
v 0.15901 -0.921576 -0.191877
v -0.00933267 -0.0655001 -0.253656
v -0.00933267 -0.0467904 -0.251931
v 0.00933267 -0.0842098 -0.255126
v 0.0280487 -0.0842098 -0.252743
v -0.102862 0.0467582 -0.215716
v -0.0915514 0.0280485 -0.223679
v -0.0934788 0.0186222 -0.224491
v -0.082168 0.0280485 -0.227534
v -0.0654301 0.00933877 -0.23636
v -0.0551845 -0.0199398 -0.243055
v -0.0480835 -0.0269381 -0.244779
v -0.0280487 -0.0280806 -0.247518
v -0.119955 0.0828922 -0.199536
v -0.112601 0.0758939 -0.205978
v -0.146584 0.233855 -0.126955
v -0.148866 0.222429 -0.129896
v -0.14841 0.184296 -0.148409
v -0.153735 0.196436 -0.136236
v -0.143388 0.252708 -0.120868
v -0.0666474 0.513358 -0.064517
v -0.131165 0.26242 -0.131164
v -0.14141 0.177869 -0.156271
v -0.139787 0.160445 -0.163372
v -0.145569 0.140307 -0.165249
v -0.124013 0.140307 -0.181784
v -0.127614 0.121597 -0.184472
v -0.122796 0.102887 -0.19279
v -0.118231 0.121597 -0.191269
v 0.181429 -0.907294 -0.181429
v 0.205116 -0.915006 -0.148815
v 0.209884 -0.921005 -0.136338
v 0.191878 -0.921576 -0.15901
v 0.18995 -0.907294 -0.172096
v 0.203188 -0.933573 -0.127208
v 0.207094 -0.936287 -0.114731
v 0.209681 -0.937572 -0.102862
v 0.215564 -0.938572 -0.0829794
v 0.215108 -0.941429 -0.06543
v 0.215108 -0.943 -0.0467646
v 0.230882 -0.938858 -0.00933255
v 0.230882 -0.938858 0.00933277
v 0.215108 -0.943 0.0467649
v 0.215108 -0.941429 0.0654302
v 0.215564 -0.938572 0.0829796
v 0.209681 -0.937572 0.102862
v 0.207094 -0.936287 0.114731
v 0.203188 -0.933573 0.127208
v 0.191878 -0.921576 0.15901
v 0.209884 -0.921005 0.136338
v 0.205116 -0.915006 0.148815
v 0.18995 -0.907294 0.172096
v 0.181429 -0.907294 0.181429
v 0.172096 -0.907294 0.18995
v 0.148815 -0.915006 0.205116
v 0.136338 -0.921005 0.209884
v 0.15901 -0.921576 0.191878
v 0.126803 -0.910865 0.222361
v 0.139939 -0.906723 0.214854
v 0.151707 -0.902581 0.207348
v 0.174227 -0.888584 0.191624
v 0.162104 -0.888584 0.200957
v 0.140548 -0.888584 0.217492
v 0.131165 -0.888584 0.224643
v 0.121578 -0.888584 0.228853
v 0.102862 -0.196468 0.236766
v 0.102862 -0.177758 0.236614
v 0.0902327 -0.177758 0.241838
v 0.080545 -0.159049 0.24554
v 0.0654301 -0.159049 0.250207
v 0.0467648 -0.140339 0.25325
v 0.0280487 -0.121629 0.254975
v 0.00933267 -0.121629 0.257358
v 0.00933267 -0.102919 0.256395
v -0.00933267 -0.0842098 0.255127
v -0.0280487 -0.0655001 0.251272
v -0.0467648 -0.0467904 0.247062
v -0.0582277 -0.0323653 0.243765
v -0.0648722 -0.0269381 0.24128
v -0.0654301 -0.00937094 0.238896
v -0.0841461 -0.00937094 0.232353
v -0.0860228 0.0111955 0.22865
v -0.102304 0.0111955 0.221904
v -0.112601 0.0758939 0.205978
v -0.102862 0.0467582 0.215716
v -0.0934788 0.0186222 0.224491
v -0.0915514 0.0280485 0.22368
v -0.119955 0.0828922 0.199536
v -0.122796 0.102887 0.192791
v -0.118231 0.121597 0.191269
v -0.127614 0.121597 0.184472
v -0.124013 0.140307 0.181784
v -0.145569 0.140307 0.165249
v -0.14141 0.177869 0.156271
v -0.14841 0.184296 0.14841
v -0.139787 0.160445 0.163372
v -0.153735 0.196436 0.136237
v -0.148866 0.222429 0.129897
v -0.146584 0.233855 0.126955
v -0.143388 0.252708 0.120868
v -0.135527 0.269704 0.121477
v -0.0666474 0.513358 0.0645172
v -0.131165 0.26242 0.131165
v 0.131063 -0.177758 -0.224542
v 0.152721 -0.215178 -0.208159
v 0.15262 -0.177758 -0.208057
v 0.162054 -0.196468 -0.200956
v 0.191624 -0.888584 -0.174226
v 0.183559 -0.196468 -0.183559
v 0.174227 -0.196468 -0.191573
v 0.0654301 -0.121629 -0.248938
v 0.0789219 -0.121629 -0.244881
v 0.102862 -0.140339 -0.235751
v 0.0882546 -0.121629 -0.241026
v 0.102862 -0.121629 -0.234939
v 0.123303 -0.160762 -0.227686
v 0.120817 -0.140339 -0.228194
v 0.130962 -0.168046 -0.224491
v 0.0467648 -0.0842098 -0.250257
v 0.0654301 -0.102919 -0.247924
v 0.00933267 -0.0655001 -0.253656
v -0.00933267 -0.0280806 -0.249953
v 0.00933267 -0.0467904 -0.251931
v 0.0280487 -0.0655001 -0.251272
v -0.102862 0.0654679 -0.212216
v -0.0758279 0.058184 -0.224897
v -0.0876459 0.0467582 -0.222056
v -0.0783132 0.0467582 -0.225911
v -0.0654301 0.0280485 -0.233469
v -0.0467648 0.0280485 -0.237628
v -0.0427071 -0.01337 -0.243866
v -0.00933267 -0.00937094 -0.247721
v -0.0467648 0.00933877 -0.240367
v -0.0480835 -0.00808555 -0.242497
v -0.11468 0.140307 -0.188783
v -0.109659 0.0883194 -0.204659
v -0.103217 0.0828922 -0.208514
v -0.13299 0.210004 -0.15125
v -0.136237 0.196436 -0.153735
v -0.129896 0.222429 -0.148866
v -0.0645171 0.513358 -0.0666473
v -0.120868 0.252708 -0.143388
v -0.126955 0.233855 -0.146584
v -0.057264 0.507788 -0.0757263
v -0.121477 0.269704 -0.135526
v -0.128375 0.177726 -0.166415
v -0.130607 0.167586 -0.16814
v -0.133193 0.15516 -0.170118
v -0.112601 0.15059 -0.187312
v 0.222361 -0.910865 -0.126802
v 0.207347 -0.902581 -0.151706
v 0.214854 -0.906723 -0.139939
v 0.225353 -0.918006 -0.114325
v 0.214753 -0.925718 -0.120767
v 0.219013 -0.930288 -0.102862
v 0.222057 -0.933431 -0.0884066
v 0.224897 -0.935716 -0.0759292
v 0.226469 -0.936715 -0.06543
v 0.228397 -0.937858 -0.0467646
v 0.229614 -0.938429 -0.0280486
v 0.240215 -0.933002 -0.00933255
v 0.229614 -0.938429 0.0280488
v 0.240215 -0.933002 0.00933277
v 0.228397 -0.937858 0.0467649
v 0.226469 -0.936715 0.0654302
v 0.224897 -0.935716 0.0759294
v 0.222057 -0.933431 0.0884068
v 0.219013 -0.930288 0.102862
v 0.214753 -0.925718 0.120767
v 0.225353 -0.918006 0.114325
v 0.222361 -0.910865 0.126803
v 0.214854 -0.906723 0.139939
v 0.207347 -0.902581 0.151707
v 0.191624 -0.888584 0.174227
v 0.183559 -0.888584 0.183559
v 0.174227 -0.215178 0.191624
v 0.152721 -0.869875 0.208159
v 0.162104 -0.215178 0.200957
v 0.140548 -0.196468 0.217492
v 0.131165 -0.196468 0.224643
v 0.121578 -0.196468 0.228853
v 0.121578 -0.177758 0.228701
v 0.102862 -0.159049 0.236309
v 0.0898776 -0.159049 0.241686
v 0.089269 -0.140339 0.241432
v 0.0798856 -0.140339 0.245287
v 0.0654301 -0.140339 0.2497
v 0.0467648 -0.121629 0.252489
v 0.0467648 -0.102919 0.251525
v 0.0280487 -0.0842098 0.252743
v 0.00933267 -0.0842098 0.255127
v -0.00933267 -0.0655001 0.253656
v -0.00933267 -0.0467904 0.251931
v -0.0280487 -0.0280806 0.247519
v -0.0480835 -0.0269381 0.24478
v -0.0551845 -0.0199398 0.243055
v -0.0654301 0.00933877 0.23636
v -0.082168 0.0280485 0.227534
v -0.102862 0.0654679 0.212217
v -0.103217 0.0828922 0.208514
v -0.109659 0.0883194 0.204659
v -0.11468 0.140307 0.188784
v -0.0876459 0.0467582 0.222057
v -0.0758279 0.058184 0.224897
v -0.0783132 0.0467582 0.225911
v -0.112601 0.15059 0.187313
v -0.133193 0.15516 0.170118
v -0.130607 0.167586 0.16814
v -0.128375 0.177726 0.166416
v -0.136237 0.196436 0.153735
v -0.13299 0.210004 0.15125
v -0.129896 0.222429 0.148866
v -0.0645171 0.513358 0.0666475
v -0.126955 0.233855 0.146584
v -0.120868 0.252708 0.143388
v -0.121477 0.269704 0.135527
v -0.055996 0.513358 0.0748136
v 0.161749 -0.159049 -0.200703
v 0.174074 -0.177758 -0.191522
v 0.200957 -0.888584 -0.162104
v 0.224593 -0.898296 -0.131114
v 0.191624 -0.215178 -0.174226
v 0.183458 -0.177758 -0.183458
v 0.191523 -0.177758 -0.174074
v 0.191573 -0.196468 -0.174226
v 0.0776031 -0.102919 -0.244374
v 0.119854 -0.121629 -0.227788
v 0.102862 -0.102919 -0.233874
v 0.130708 -0.155478 -0.22439
v 0.13015 -0.140339 -0.224085
v 0.0467648 -0.0655001 -0.248786
v 0.0654301 -0.0842098 -0.246605
v 0.0750164 -0.0739266 -0.243258
v 0.0759801 -0.0842098 -0.243664
v 0.00933267 -0.0280806 -0.249953
v 0.0467648 -0.0467904 -0.247062
v -0.0841461 0.0841776 -0.216173
v -0.0829288 0.0647538 -0.220636
v -0.0724296 0.0706095 -0.223629
v -0.0591914 0.0841776 -0.225505
v -0.0658866 0.0647538 -0.226976
v -0.0654301 0.0467582 -0.230375
v -0.0467648 0.0467582 -0.234584
v -0.0177016 0.0176224 -0.243055
v -0.0280487 0.0467582 -0.23707
v -0.0106007 0.0286198 -0.242243
v -0.0106007 0.0106242 -0.244881
v -0.00522426 0.0227641 -0.243866
v 0.00933267 -0.00937094 -0.247721
v -0.105804 0.102887 -0.202935
v -0.0964206 0.102887 -0.206992
v -0.121172 0.214289 -0.158706
v -0.112448 0.206148 -0.168495
v -0.124114 0.196436 -0.163119
v -0.117622 0.233855 -0.153786
v -0.0489458 0.513358 -0.0790232
v -0.110724 0.259135 -0.14846
v -0.114173 0.246709 -0.151148
v -0.0945947 0.282272 -0.150438
v -0.107224 0.271132 -0.145823
v -0.119042 0.177726 -0.173567
v -0.114731 0.196436 -0.17027
v -0.109152 0.163015 -0.185385
v -0.0966742 0.173299 -0.18853
v -0.102913 0.157588 -0.190001
v -0.102862 0.140307 -0.194768
v 0.226774 -0.90558 -0.120969
v 0.243055 -0.916149 -0.0743061
v 0.227737 -0.920862 -0.102862
v 0.230426 -0.926718 -0.0829794
v 0.237222 -0.925432 -0.0670023
v 0.23778 -0.930003 -0.0467646
v 0.238997 -0.931574 -0.0280486
v 0.247163 -0.92229 -0.0280486
v 0.248381 -0.923576 -0.00933255
v 0.248381 -0.923576 0.00933277
v 0.247163 -0.92229 0.0280488
v 0.238997 -0.931574 0.0280488
v 0.23778 -0.930003 0.0467649
v 0.237222 -0.925432 0.0670025
v 0.243055 -0.916149 0.0743064
v 0.230426 -0.926718 0.0829796
v 0.227737 -0.920862 0.102862
v 0.226774 -0.90558 0.12097
v 0.224593 -0.898296 0.131114
v 0.200957 -0.888584 0.162104
v 0.191624 -0.215178 0.174227
v 0.183559 -0.196468 0.183559
v 0.174227 -0.196468 0.191573
v 0.162054 -0.196468 0.200957
v 0.152721 -0.215178 0.208159
v 0.15262 -0.177758 0.208058
v 0.131063 -0.177758 0.224542
v 0.130962 -0.168046 0.224491
v 0.123303 -0.160762 0.227687
v 0.120817 -0.140339 0.228194
v 0.102862 -0.140339 0.235751
v 0.102862 -0.121629 0.23494
v 0.0882546 -0.121629 0.241026
v 0.0789219 -0.121629 0.244881
v 0.0654301 -0.121629 0.248939
v 0.0654301 -0.102919 0.247924
v 0.0467648 -0.0842098 0.250257
v 0.0280487 -0.0655001 0.251272
v 0.00933267 -0.0655001 0.253656
v 0.00933267 -0.0467904 0.251931
v -0.00933267 -0.0280806 0.249953
v -0.00933267 -0.00937094 0.247721
v -0.0427071 -0.01337 0.243867
v -0.0480835 -0.00808555 0.242497
v -0.0467648 0.00933877 0.240367
v -0.0467648 0.0280485 0.237628
v -0.0654301 0.0280485 0.233469
v -0.0829288 0.0647538 0.220636
v -0.0841461 0.0841776 0.216173
v -0.0964206 0.102887 0.206992
v -0.105804 0.102887 0.202935
v -0.0658866 0.0647538 0.226977
v -0.0591914 0.0841776 0.225506
v -0.0724296 0.0706095 0.223629
v -0.0654301 0.0467582 0.230375
v -0.102913 0.157588 0.190001
v -0.0966742 0.173299 0.18853
v -0.109152 0.163015 0.185385
v -0.112448 0.206148 0.168495
v -0.114731 0.196436 0.17027
v -0.119042 0.177726 0.173567
v -0.102862 0.140307 0.194769
v -0.124114 0.196436 0.163119
v -0.121172 0.214289 0.158706
v -0.117622 0.233855 0.153786
v -0.114173 0.246709 0.151149
v -0.110724 0.259135 0.14846
v -0.107224 0.271132 0.145823
v -0.0945947 0.282272 0.150439
v -0.0474749 0.513358 0.0799364
v 0.161344 -0.140339 -0.200399
v 0.173872 -0.159049 -0.191319
v 0.208159 -0.869875 -0.152721
v 0.217492 -0.888584 -0.140548
v 0.200957 -0.215178 -0.162104
v 0.244932 -0.903724 -0.0789725
v 0.224643 -0.888584 -0.131164
v 0.228853 -0.888584 -0.121578
v 0.236766 -0.888584 -0.102862
v 0.245794 -0.888584 -0.081052
v 0.200957 -0.196468 -0.162053
v 0.183204 -0.159049 -0.183204
v 0.19132 -0.159049 -0.173871
v 0.200703 -0.159049 -0.161749
v 0.208058 -0.177758 -0.152619
v 0.0853635 -0.0842098 -0.239809
v 0.102862 -0.0842098 -0.232556
v 0.129237 -0.121629 -0.223629
v 0.118636 -0.102919 -0.22723
v 0.140294 -0.140339 -0.216528
v 0.140294 -0.121629 -0.215564
v 0.0582277 -0.0323653 -0.243765
v 0.0611188 -0.0467904 -0.244475
v 0.0662924 -0.0667855 -0.244982
v 0.073089 -0.061501 -0.2427
v 0.0841461 -0.0467904 -0.236867
v 0.0824216 -0.0667855 -0.239555
v 0.102862 -0.0655001 -0.230983
v 0.0551845 -0.0199398 -0.243055
v 0.0280487 -0.0280806 -0.247518
v 0.0480835 -0.0269381 -0.244779
v -0.0841461 0.102887 -0.212064
v -0.0685241 0.0841776 -0.222259
v -0.056351 0.0938895 -0.224542
v -0.0467648 0.0654679 -0.231338
v -0.00933267 0.0654679 -0.236208
v -0.00933267 0.0467582 -0.239454
v 0.00522426 0.0227641 -0.243866
v 0.0106007 0.0106242 -0.244881
v 0.0177016 0.0176224 -0.243055
v 0.0467648 0.00933877 -0.240367
v 0.0480835 -0.00808555 -0.242497
v 0.0427071 -0.01337 -0.243866
v -0.101138 0.119883 -0.200804
v -0.0901312 0.125025 -0.204355
v -0.083994 0.119883 -0.208108
v -0.109101 0.218573 -0.166111
v -0.0966235 0.229856 -0.17027
v -0.0474749 0.513358 -0.0799362
v -0.0978915 0.271132 -0.152822
v -0.103826 0.252708 -0.15617
v -0.102862 0.235141 -0.163981
v -0.0928702 0.242425 -0.168089
v -0.102913 0.178869 -0.183559
v -0.0926673 0.185867 -0.186704
v -0.0841461 0.159016 -0.197913
v -0.083994 0.141021 -0.202833
v 0.233875 -0.907294 -0.102862
v 0.247062 -0.908865 -0.0670023
v 0.244627 -0.918863 -0.0618288
v 0.245946 -0.920719 -0.0467646
v 0.256293 -0.907294 -0.00933255
v 0.256293 -0.907294 0.00933277
v 0.245946 -0.920719 0.0467649
v 0.244627 -0.918863 0.061829
v 0.233875 -0.907294 0.102862
v 0.247062 -0.908865 0.0670025
v 0.244932 -0.903724 0.0789727
v 0.245794 -0.888584 0.0810522
v 0.236766 -0.888584 0.102862
v 0.228853 -0.888584 0.121578
v 0.224643 -0.888584 0.131165
v 0.217492 -0.888584 0.140548
v 0.208159 -0.869875 0.152721
v 0.200957 -0.215178 0.162104
v 0.200957 -0.196468 0.162054
v 0.191573 -0.196468 0.174227
v 0.191523 -0.177758 0.174075
v 0.183458 -0.177758 0.183458
v 0.174074 -0.177758 0.191523
v 0.161749 -0.159049 0.200703
v 0.130708 -0.155478 0.22439
v 0.13015 -0.140339 0.224085
v 0.119854 -0.121629 0.227788
v 0.102862 -0.102919 0.233875
v 0.0776031 -0.102919 0.244374
v 0.0759801 -0.0842098 0.243664
v 0.0750164 -0.0739266 0.243258
v 0.0654301 -0.0842098 0.246606
v 0.0467648 -0.0655001 0.248787
v 0.0467648 -0.0467904 0.247062
v 0.00933267 -0.0280806 0.249953
v 0.00933267 -0.00937094 0.247721
v -0.00522426 0.0227641 0.243867
v -0.0106007 0.0106242 0.244881
v -0.0177016 0.0176224 0.243055
v -0.0106007 0.0286198 0.242244
v -0.0280487 0.0467582 0.23707
v -0.0467648 0.0467582 0.234585
v -0.0685241 0.0841776 0.222259
v -0.0841461 0.102887 0.212065
v -0.083994 0.119883 0.208108
v -0.0901312 0.125025 0.204355
v -0.101138 0.119883 0.200804
v -0.056351 0.0938895 0.224542
v -0.0926673 0.185867 0.186704
v -0.0841461 0.159016 0.197913
v -0.102913 0.178869 0.183559
v -0.0966235 0.229856 0.17027
v -0.109101 0.218573 0.166111
v -0.083994 0.141021 0.202833
v -0.103826 0.252708 0.15617
v -0.0978915 0.271132 0.152822
v -0.102862 0.235141 0.163981
v -0.0928702 0.242425 0.168089
v -0.0691327 0.274417 0.16601
v -0.0265271 0.513358 0.089269
v -0.0749149 0.261991 0.168394
v 0.173466 -0.140339 -0.191015
v 0.151351 -0.121629 -0.207094
v 0.160735 -0.121629 -0.199891
v 0.172857 -0.121629 -0.190559
v 0.208159 -0.215178 -0.152721
v 0.217492 -0.196468 -0.140548
v 0.250663 -0.888584 -0.06543
v 0.224643 -0.196468 -0.131164
v 0.228853 -0.196468 -0.121578
v 0.245794 -0.869875 -0.0811027
v 0.236766 -0.196468 -0.102862
v 0.182799 -0.140339 -0.182798
v 0.191015 -0.140339 -0.173466
v 0.200399 -0.140339 -0.161343
v 0.22439 -0.155478 -0.130708
v 0.224491 -0.168046 -0.130961
v 0.224542 -0.177758 -0.131063
v 0.115238 -0.0655001 -0.22581
v 0.117064 -0.0842098 -0.226571
v 0.127969 -0.102919 -0.22302
v 0.140294 -0.102919 -0.214347
v 0.0704515 -0.0467904 -0.241939
v 0.0648722 -0.0269381 -0.24128
v 0.0841461 -0.0280806 -0.234737
v 0.101239 -0.0280806 -0.227686
v 0.111992 -0.0383638 -0.22439
v 0.104587 -0.045505 -0.228244
v 0.113564 -0.0507894 -0.225049
v 0.0467648 0.0280485 -0.237628
v 0.0654301 0.00933877 -0.23636
v 0.0654301 -0.00937094 -0.238896
v -0.0654301 0.121597 -0.215006
v -0.0637563 0.101173 -0.220281
v -0.0467648 0.140307 -0.215412
v -0.0467648 0.121597 -0.219774
v -0.0467648 0.106315 -0.223172
v -0.0467648 0.0968888 -0.225201
v -0.0280487 0.0841776 -0.230222
v -0.0467648 0.0841776 -0.227737
v -0.0571119 0.169728 -0.206181
v 0.00933267 0.0654679 -0.236208
v -0.00933267 0.0841776 -0.232657
v 0.00933267 0.0467582 -0.239454
v 0.0106007 0.0286198 -0.242243
v -0.0776539 0.135308 -0.206942
v -0.0267807 0.513358 -0.0891674
v -0.0691327 0.274417 -0.16601
v -0.0749149 0.261991 -0.168394
v -0.0654301 0.252422 -0.175748
v -0.0647707 0.233284 -0.182849
v -0.0580756 0.226857 -0.18787
v -0.0856678 0.235141 -0.173567
v -0.082726 0.213717 -0.182038
v -0.088711 0.196436 -0.185081
v -0.0654301 0.196436 -0.194718
v -0.0855156 0.178869 -0.191725
v -0.0700457 0.159016 -0.203797
v -0.0736976 0.147876 -0.205318
v 0.251424 -0.907294 -0.0467646
v 0.259032 -0.888584 -0.00933255
v 0.259032 -0.888584 0.00933277
v 0.251424 -0.907294 0.0467649
v 0.250663 -0.888584 0.0654302
v 0.245794 -0.869875 0.081103
v 0.236766 -0.196468 0.102862
v 0.228853 -0.196468 0.121578
v 0.224643 -0.196468 0.131165
v 0.217492 -0.196468 0.140548
v 0.208159 -0.215178 0.152721
v 0.208058 -0.177758 0.15262
v 0.200703 -0.159049 0.161749
v 0.19132 -0.159049 0.173872
v 0.183204 -0.159049 0.183204
v 0.173872 -0.159049 0.19132
v 0.161344 -0.140339 0.200399
v 0.140294 -0.140339 0.216528
v 0.140294 -0.121629 0.215564
v 0.129237 -0.121629 0.223629
v 0.118636 -0.102919 0.22723
v 0.102862 -0.0842098 0.232556
v 0.0853635 -0.0842098 0.239809
v 0.102862 -0.0655001 0.230983
v 0.0824216 -0.0667855 0.239555
v 0.0841461 -0.0467904 0.236867
v 0.073089 -0.061501 0.2427
v 0.0662924 -0.0667855 0.244982
v 0.0611188 -0.0467904 0.244475
v 0.0582277 -0.0323653 0.243765
v 0.0551845 -0.0199398 0.243055
v 0.0480835 -0.0269381 0.24478
v 0.0280487 -0.0280806 0.247519
v 0.0480835 -0.00808555 0.242497
v 0.0467648 0.00933877 0.240367
v 0.0177016 0.0176224 0.243055
v 0.0106007 0.0106242 0.244881
v 0.00522426 0.0227641 0.243867
v 0.0427071 -0.01337 0.243867
v -0.00933267 0.0654679 0.236208
v -0.00933267 0.0467582 0.239454
v -0.0467648 0.0654679 0.231339
v -0.0637563 0.101173 0.220281
v -0.0654301 0.121597 0.215006
v -0.0776539 0.135308 0.206942
v -0.0467648 0.0841776 0.227737
v -0.0280487 0.0841776 0.230223
v -0.0467648 0.0968888 0.225201
v -0.0467648 0.106315 0.223172
v -0.0467648 0.121597 0.219774
v -0.0467648 0.140307 0.215412
v -0.0571119 0.169728 0.206181
v -0.0855156 0.178869 0.191725
v -0.0654301 0.196436 0.194718
v -0.088711 0.196436 0.185081
v -0.0736976 0.147876 0.205319
v -0.0700457 0.159016 0.203797
v -0.082726 0.213717 0.182038
v -0.0856678 0.235141 0.173567
v -0.0580756 0.226857 0.187871
v -0.0647707 0.233284 0.182849
v -0.0654301 0.252422 0.175748
v -0.0566554 0.281129 0.168597
v -0.026172 0.513358 0.0893705
v -0.0639085 0.269418 0.170068
v 0.15054 -0.102919 -0.206485
v 0.159923 -0.102919 -0.199283
v 0.18219 -0.121629 -0.18219
v 0.172046 -0.102919 -0.18995
v 0.254163 -0.888584 -0.0467646
v 0.250663 -0.196468 -0.06543
v 0.228701 -0.177758 -0.121578
v 0.245794 -0.215178 -0.0811027
v 0.236613 -0.177758 -0.102862
v 0.245794 -0.196468 -0.081052
v 0.190559 -0.121629 -0.172857
v 0.216528 -0.140339 -0.140294
v 0.199891 -0.121629 -0.160735
v 0.207094 -0.121629 -0.151351
v 0.227687 -0.160762 -0.123303
v 0.224085 -0.140339 -0.13015
v 0.228194 -0.140339 -0.120817
v 0.124622 -0.0655001 -0.221296
v 0.126447 -0.0842098 -0.222209
v 0.138976 -0.0655001 -0.211912
v 0.141917 -0.0846382 -0.211557
v 0.149931 -0.0910652 -0.205978
v 0.0841461 -0.00937094 -0.232353
v 0.110572 -0.0280806 -0.223781
v 0.107681 -0.00937094 -0.222614
v 0.120513 -0.045505 -0.220991
v 0.121578 -0.0280806 -0.218303
v 0.0654301 0.0280485 -0.233469
v 0.0280487 0.0467582 -0.23707
v 0.0467648 0.0467582 -0.234584
v 0.082168 0.0280485 -0.227534
v 0.0860228 0.0111955 -0.22865
v -0.0666474 0.141021 -0.209782
v -0.0606623 0.159016 -0.20755
v -0.0467648 0.159016 -0.210695
v -0.0280487 0.159016 -0.213231
v -0.0280487 0.140307 -0.217897
v -0.0278966 0.12074 -0.222513
v -0.0340338 0.110171 -0.224034
v -0.0278966 0.103459 -0.226266
v -0.00933267 0.102887 -0.228802
v -0.0467648 0.215146 -0.194413
v -0.0467648 0.196436 -0.200196
v -0.0467648 0.182154 -0.204355
v -0.0467648 0.17287 -0.207043
v 0.0467648 0.0654679 -0.231338
v 0.00933267 0.0841776 -0.232657
v -0.0265271 0.513358 -0.0892688
v -0.0566554 0.281129 -0.168596
v -0.0639085 0.269418 -0.170067
v -0.0647707 0.213717 -0.189443
v -0.0705529 0.219145 -0.185284
v -0.0502645 0.239282 -0.18574
v -0.0755236 0.206576 -0.187363
v 0.259083 -0.869875 -0.00933255
v 0.256648 -0.869875 0.0280488
v 0.254163 -0.888584 0.0467649
v 0.259032 -0.196468 0.00933277
v 0.250663 -0.196468 0.0654302
v 0.245794 -0.215178 0.081103
v 0.245794 -0.196468 0.0810522
v 0.236613 -0.177758 0.102862
v 0.228701 -0.177758 0.121578
v 0.224542 -0.177758 0.131063
v 0.224491 -0.168046 0.130962
v 0.22439 -0.155478 0.130708
v 0.200399 -0.140339 0.161344
v 0.191015 -0.140339 0.173466
v 0.182799 -0.140339 0.182799
v 0.173466 -0.140339 0.191015
v 0.172857 -0.121629 0.190559
v 0.160735 -0.121629 0.199892
v 0.151351 -0.121629 0.207094
v 0.140294 -0.102919 0.214347
v 0.127969 -0.102919 0.22302
v 0.117064 -0.0842098 0.226571
v 0.115238 -0.0655001 0.22581
v 0.113564 -0.0507894 0.225049
v 0.104587 -0.045505 0.228245
v 0.111992 -0.0383638 0.22439
v 0.101239 -0.0280806 0.227687
v 0.0841461 -0.0280806 0.234737
v 0.0704515 -0.0467904 0.241939
v 0.0648722 -0.0269381 0.24128
v 0.0654301 -0.00937094 0.238896
v 0.0654301 0.00933877 0.23636
v 0.0467648 0.0280485 0.237628
v 0.0106007 0.0286198 0.242244
v 0.00933267 0.0467582 0.239454
v 0.00933267 0.0654679 0.236208
v -0.00933267 0.0841776 0.232657
v -0.0606623 0.159016 0.20755
v -0.0666474 0.141021 0.209782
v -0.00933267 0.102887 0.228802
v -0.0278966 0.103459 0.226266
v -0.0340338 0.110171 0.224035
v -0.0278966 0.12074 0.222513
v -0.0280487 0.140307 0.217897
v -0.0280487 0.159016 0.213231
v -0.0467648 0.159016 0.210695
v -0.0467648 0.17287 0.207043
v -0.0467648 0.182154 0.204355
v -0.0467648 0.196436 0.200196
v -0.0467648 0.215146 0.194414
v -0.0647707 0.213717 0.189443
v -0.0755236 0.206576 0.187363
v -0.0705529 0.219145 0.185284
v -0.0502645 0.239282 0.18574
v -0.0467648 0.271132 0.175089
v -0.0128831 0.513358 0.0925152
v 0.181429 -0.102919 -0.181429
v 0.18995 -0.102919 -0.172045
v 0.171031 -0.0842098 -0.189138
v 0.256648 -0.869875 -0.0280486
v 0.254163 -0.196468 -0.0467646
v 0.245693 -0.177758 -0.0808999
v 0.250511 -0.177758 -0.06543
v 0.236309 -0.159049 -0.102862
v 0.241686 -0.159049 -0.0898775
v 0.241838 -0.177758 -0.0902325
v 0.215564 -0.121629 -0.140294
v 0.199283 -0.102919 -0.159923
v 0.206485 -0.102919 -0.15054
v 0.214347 -0.102919 -0.140294
v 0.223629 -0.121629 -0.129237
v 0.227788 -0.121629 -0.119854
v 0.235751 -0.140339 -0.102862
v 0.135983 -0.0280806 -0.20963
v 0.137555 -0.0467904 -0.210847
v 0.148359 -0.0655001 -0.204761
v 0.149221 -0.0786397 -0.20542
v 0.121578 0.00933877 -0.212825
v 0.121578 -0.00937094 -0.215666
v 0.102304 0.0111955 -0.221904
v 0.102862 0.0280485 -0.218962
v 0.117521 0.0467582 -0.208818
v 0.134157 -0.00937094 -0.20821
v 0.0654301 0.0467582 -0.230375
v 0.0758279 0.058184 -0.224897
v 0.0783132 0.0467582 -0.225911
v 0.056351 0.0938895 -0.224542
v 0.0915514 0.0280485 -0.223679
v 0.0934788 0.0186222 -0.224491
v -0.00933267 0.159016 -0.215666
v -0.0279473 0.178583 -0.208057
v -0.00933267 0.140307 -0.220332
v -0.00933267 0.126739 -0.223527
v -0.00933267 0.117455 -0.225658
v 0.00933267 0.102887 -0.228802
v -0.0451417 0.233284 -0.188885
v -0.0378379 0.243424 -0.18716
v -0.0279473 0.195293 -0.20334
v -0.0341352 0.185439 -0.205318
v -0.0280487 0.215146 -0.197457
v 0.0280487 0.0841776 -0.230222
v 0.0467648 0.0841776 -0.227737
v 0.0467648 0.0968888 -0.225201
v -0.00933267 0.513358 -0.0930222
v -0.0467648 0.271132 -0.175089
v -0.0451417 0.250851 -0.182849
v 0.259083 -0.215178 -0.00933255
v 0.256648 -0.196468 0.0280488
v 0.254163 -0.196468 0.0467649
v 0.259032 -0.196468 -0.00933255
v 0.258931 -0.177758 0.00933277
v 0.250511 -0.177758 0.0654302
v 0.245693 -0.177758 0.0809001
v 0.241838 -0.177758 0.0902327
v 0.241686 -0.159049 0.0898777
v 0.236309 -0.159049 0.102862
v 0.227687 -0.160762 0.123303
v 0.228194 -0.140339 0.120818
v 0.224085 -0.140339 0.13015
v 0.216528 -0.140339 0.140294
v 0.207094 -0.121629 0.151352
v 0.199891 -0.121629 0.160735
v 0.190559 -0.121629 0.172857
v 0.18219 -0.121629 0.18219
v 0.172046 -0.102919 0.18995
v 0.159923 -0.102919 0.199283
v 0.15054 -0.102919 0.206485
v 0.149931 -0.0910652 0.205978
v 0.141917 -0.0846382 0.211557
v 0.138976 -0.0655001 0.211912
v 0.126447 -0.0842098 0.222209
v 0.124622 -0.0655001 0.221296
v 0.120513 -0.045505 0.220991
v 0.121578 -0.0280806 0.218303
v 0.110572 -0.0280806 0.223781
v 0.107681 -0.00937094 0.222615
v 0.0841461 -0.00937094 0.232353
v 0.0860228 0.0111955 0.22865
v 0.082168 0.0280485 0.227534
v 0.0654301 0.0280485 0.233469
v 0.0467648 0.0467582 0.234585
v 0.0280487 0.0467582 0.23707
v 0.0467648 0.0654679 0.231339
v 0.00933267 0.0841776 0.232657
v 0.00933267 0.102887 0.228802
v -0.00933267 0.117455 0.225658
v -0.00933267 0.126739 0.223528
v -0.00933267 0.140307 0.220332
v -0.00933267 0.159016 0.215666
v -0.0279473 0.178583 0.208058
v -0.0341352 0.185439 0.205319
v -0.0279473 0.195293 0.203341
v -0.0280487 0.215146 0.197457
v -0.0378379 0.243424 0.187161
v -0.0451417 0.233284 0.188885
v -0.0451417 0.250851 0.182849
v -0.00933267 0.513358 0.0930224
v -0.0280487 0.271132 0.178842
v 0.180415 -0.0842098 -0.180414
v 0.189139 -0.0842098 -0.171031
v 0.205978 -0.0910652 -0.149931
v 0.169865 -0.0655001 -0.188225
v 0.256648 -0.196468 -0.0280486
v 0.254011 -0.177758 -0.0467646
v 0.24554 -0.159049 -0.0805448
v 0.250207 -0.159049 -0.06543
v 0.253757 -0.159049 -0.0467646
v 0.241432 -0.140339 -0.0892688
v 0.22302 -0.102919 -0.127969
v 0.211557 -0.0846382 -0.141917
v 0.211912 -0.0655001 -0.138975
v 0.22723 -0.102919 -0.118636
v 0.23494 -0.121629 -0.102862
v 0.233875 -0.102919 -0.102862
v 0.166872 -0.0280806 -0.185892
v 0.146939 -0.0467904 -0.203695
v 0.14349 -0.00937094 -0.201058
v 0.165046 -0.00937094 -0.184523
v 0.168952 -0.0526461 -0.187515
v 0.15901 -0.0655001 -0.196594
v 0.12239 0.0263346 -0.209528
v 0.131063 0.0190507 -0.205876
v 0.132128 0.00933877 -0.206688
v 0.102862 0.0467582 -0.215716
v 0.114477 0.0654679 -0.207043
v 0.126904 0.0467582 -0.203087
v 0.0658866 0.0647538 -0.226976
v 0.0591914 0.0841776 -0.225505
v 0.0724296 0.0706095 -0.223629
v 0.0841461 0.0841776 -0.216173
v 0.0829288 0.0647538 -0.220636
v 0.102862 0.0654679 -0.212216
v 0.0876459 0.0467582 -0.222056
v 0.0654301 0.121597 -0.215006
v 0.0637563 0.101173 -0.220281
v 0.0685241 0.0841776 -0.222259
v 0.0467648 0.106315 -0.223172
v 0.0467648 0.121597 -0.219774
v 0.0467648 0.140307 -0.215412
v 0.0571119 0.169728 -0.206181
v 0.00933267 0.159016 -0.215666
v -0.00933267 0.177726 -0.210695
v -0.0216579 0.188438 -0.206181
v 0.00933267 0.140307 -0.220332
v 0.00933267 0.126739 -0.223527
v 0.00933267 0.117455 -0.225658
v 0.0340338 0.110171 -0.224034
v 0.0278966 0.103459 -0.226266
v -0.0280487 0.271132 -0.178842
v -0.0280487 0.254707 -0.184624
v -0.0280487 0.245424 -0.18782
v -0.0280487 0.233855 -0.191573
v -0.00933267 0.200435 -0.204253
v -0.00933267 0.215146 -0.199891
v 0.00933267 0.513358 -0.0930222
v -0.00933267 0.271132 -0.181226
v 0.256496 -0.177758 0.0280488
v 0.254011 -0.177758 0.0467649
v 0.258931 -0.177758 -0.00933255
v 0.258626 -0.159049 0.00933277
v 0.256243 -0.159049 0.0280488
v 0.253757 -0.159049 0.0467649
v 0.250207 -0.159049 0.0654302
v 0.24554 -0.159049 0.080545
v 0.241432 -0.140339 0.089269
v 0.235751 -0.140339 0.102862
v 0.227788 -0.121629 0.119854
v 0.223629 -0.121629 0.129237
v 0.215564 -0.121629 0.140294
v 0.214347 -0.102919 0.140294
v 0.206485 -0.102919 0.15054
v 0.199283 -0.102919 0.159923
v 0.18995 -0.102919 0.172046
v 0.181429 -0.102919 0.181429
v 0.171031 -0.0842098 0.189139
v 0.149221 -0.0786397 0.20542
v 0.148359 -0.0655001 0.204761
v 0.137555 -0.0467904 0.210847
v 0.135983 -0.0280806 0.20963
v 0.134157 -0.00937094 0.20821
v 0.121578 -0.00937094 0.215666
v 0.121578 0.00933877 0.212825
v 0.117521 0.0467582 0.208818
v 0.102862 0.0280485 0.218963
v 0.102304 0.0111955 0.221904
v 0.0934788 0.0186222 0.224491
v 0.0915514 0.0280485 0.22368
v 0.0783132 0.0467582 0.225911
v 0.0758279 0.058184 0.224897
v 0.0654301 0.0467582 0.230375
v 0.056351 0.0938895 0.224542
v 0.0467648 0.0841776 0.227737
v 0.0280487 0.0841776 0.230223
v 0.0467648 0.0968888 0.225201
v 0.0278966 0.103459 0.226266
v 0.0340338 0.110171 0.224035
v 0.00933267 0.117455 0.225658
v 0.00933267 0.126739 0.223528
v 0.00933267 0.140307 0.220332
v 0.00933267 0.159016 0.215666
v -0.00933267 0.177726 0.210695
v -0.0216579 0.188438 0.206181
v -0.00933267 0.200435 0.204254
v -0.00933267 0.215146 0.199892
v -0.0280487 0.233855 0.191573
v -0.0280487 0.245424 0.18782
v -0.0280487 0.254707 0.184625
v 0.00933267 0.513358 0.0930224
v -0.00933267 0.271132 0.181226
v -0.00933267 0.258278 0.185842
v 0.179197 -0.0655001 -0.179197
v 0.187516 -0.0526461 -0.168951
v 0.188226 -0.0655001 -0.169864
v 0.20542 -0.0786397 -0.149221
v 0.256496 -0.177758 -0.0280486
v 0.245287 -0.140339 -0.0798854
v 0.2497 -0.140339 -0.06543
v 0.256243 -0.159049 -0.0280486
v 0.25325 -0.140339 -0.0467646
v 0.241026 -0.121629 -0.0882544
v 0.244881 -0.121629 -0.0789217
v 0.222209 -0.0842098 -0.126447
v 0.226571 -0.0842098 -0.117064
v 0.204761 -0.0655001 -0.148359
v 0.210847 -0.0467904 -0.137555
v 0.232556 -0.0842098 -0.102862
v 0.244374 -0.102919 -0.077603
v 0.17656 -0.0280806 -0.17656
v 0.173618 0.00933877 -0.173618
v 0.17514 -0.00937094 -0.175139
v 0.153685 0.00933877 -0.190153
v 0.163017 0.00933877 -0.18295
v 0.171893 0.0280485 -0.171893
v 0.136947 0.0654679 -0.191674
v 0.14141 0.0456156 -0.192537
v 0.148359 0.0511857 -0.186095
v 0.150033 0.0387601 -0.187363
v 0.160786 0.0280485 -0.181226
v 0.112601 0.0758939 -0.205978
v 0.12381 0.0654679 -0.201007
v 0.0841461 0.102887 -0.212064
v 0.0964206 0.102887 -0.206992
v 0.109659 0.0883194 -0.204659
v 0.103217 0.0828922 -0.208514
v 0.0606623 0.159016 -0.20755
v 0.0666474 0.141021 -0.209782
v 0.0776539 0.135308 -0.206942
v 0.083994 0.119883 -0.208108
v 0.0278966 0.12074 -0.222513
v 0.0280487 0.140307 -0.217897
v 0.0280487 0.159016 -0.213231
v 0.0467648 0.159016 -0.210695
v 0.0467648 0.17287 -0.207043
v 0.0467648 0.182154 -0.204355
v 0.0467648 0.196436 -0.200196
v 0.0467648 0.215146 -0.194413
v 0.0580756 0.226857 -0.18787
v 0.0654301 0.196436 -0.194718
v 0.0926673 0.185867 -0.186704
v 0.0855156 0.178869 -0.191725
v 0.0841461 0.159016 -0.197913
v 0.0700457 0.159016 -0.203797
v 0.0736976 0.147876 -0.205318
v 0.00933267 0.177726 -0.210695
v 0.0279473 0.178583 -0.208057
v -0.00933267 0.191151 -0.206942
v -0.00933267 0.258278 -0.185842
v -0.00933267 0.248852 -0.189037
v -0.00933267 0.233855 -0.194008
v 0.00933267 0.200435 -0.204253
v 0.00933267 0.215146 -0.199891
v 0.0128831 0.513358 -0.092515
v 0.0280487 0.271132 -0.178842
v 0.00933267 0.271132 -0.181226
v 0.258626 -0.159049 -0.00933255
v 0.258119 -0.140339 0.00933277
v 0.255735 -0.140339 0.0280488
v 0.25325 -0.140339 0.0467649
v 0.2497 -0.140339 0.0654302
v 0.245287 -0.140339 0.0798857
v 0.244881 -0.121629 0.078922
v 0.241026 -0.121629 0.0882546
v 0.23494 -0.121629 0.102862
v 0.233875 -0.102919 0.102862
v 0.22723 -0.102919 0.118636
v 0.22302 -0.102919 0.127969
v 0.211912 -0.0655001 0.138976
v 0.211557 -0.0846382 0.141917
v 0.205978 -0.0910652 0.149931
v 0.189139 -0.0842098 0.171031
v 0.180415 -0.0842098 0.180415
v 0.169865 -0.0655001 0.188226
v 0.15901 -0.0655001 0.196595
v 0.168952 -0.0526461 0.187516
v 0.146939 -0.0467904 0.203696
v 0.166872 -0.0280806 0.185893
v 0.165046 -0.00937094 0.184523
v 0.14349 -0.00937094 0.201058
v 0.132128 0.00933877 0.206688
v 0.131063 0.0190507 0.205877
v 0.12239 0.0263346 0.209529
v 0.126904 0.0467582 0.203087
v 0.114477 0.0654679 0.207043
v 0.102862 0.0467582 0.215716
v 0.0876459 0.0467582 0.222057
v 0.102862 0.0654679 0.212217
v 0.0829288 0.0647538 0.220636
v 0.0841461 0.0841776 0.216173
v 0.0724296 0.0706095 0.223629
v 0.0591914 0.0841776 0.225506
v 0.0658866 0.0647538 0.226977
v 0.0467648 0.140307 0.215412
v 0.0467648 0.121597 0.219774
v 0.0467648 0.106315 0.223172
v 0.0685241 0.0841776 0.222259
v 0.0637563 0.101173 0.220281
v 0.0654301 0.121597 0.215006
v 0.0571119 0.169728 0.206181
v 0.0278966 0.12074 0.222513
v 0.0280487 0.140307 0.217897
v 0.0280487 0.159016 0.213231
v 0.0279473 0.178583 0.208058
v 0.00933267 0.177726 0.210695
v -0.00933267 0.191151 0.206942
v 0.00933267 0.200435 0.204254
v 0.00933267 0.215146 0.199892
v -0.00933267 0.233855 0.194008
v -0.00933267 0.248852 0.189037
v 0.0265271 0.513358 0.089269
v 0.00933267 0.271132 0.181226
v 0.0280487 0.271132 0.178842
v 0.0378379 0.243424 0.187161
v 0.0467648 0.271132 0.175089
v 0.00933267 0.258278 0.185842
v 0.196595 -0.0655001 -0.15901
v 0.185892 -0.0280806 -0.166872
v 0.203696 -0.0467904 -0.146939
v 0.248939 -0.121629 -0.06543
v 0.255735 -0.140339 -0.0280486
v 0.252489 -0.121629 -0.0467646
v 0.221296 -0.0655001 -0.124621
v 0.22581 -0.0655001 -0.115238
v 0.20963 -0.0280806 -0.135983
v 0.230983 -0.0655001 -0.102862
v 0.243258 -0.0739266 -0.0750162
v 0.239809 -0.0842098 -0.0853633
v 0.247924 -0.102919 -0.06543
v 0.243664 -0.0842098 -0.0759799
v 0.184523 -0.00937094 -0.165046
v 0.169966 0.0467582 -0.169966
v 0.182951 0.00933877 -0.163017
v 0.160075 0.0646109 -0.174074
v 0.134056 0.0841776 -0.189443
v 0.143388 0.0841776 -0.182291
v 0.1688 0.0578983 -0.168799
v 0.157337 0.0456156 -0.180313
v 0.11468 0.140307 -0.188783
v 0.118231 0.121597 -0.191269
v 0.119955 0.0828922 -0.199536
v 0.132027 0.0966031 -0.187921
v 0.105804 0.102887 -0.202935
v 0.0901312 0.125025 -0.204355
v 0.112601 0.15059 -0.187312
v 0.083994 0.141021 -0.202833
v 0.0341352 0.185439 -0.205318
v 0.0279473 0.195293 -0.20334
v 0.0280487 0.215146 -0.197457
v 0.0378379 0.243424 -0.18716
v 0.0451417 0.233284 -0.188885
v 0.0502645 0.239282 -0.18574
v 0.0647707 0.233284 -0.182849
v 0.0928702 0.242425 -0.168089
v 0.0856678 0.235141 -0.173567
v 0.0705529 0.219145 -0.185284
v 0.0647707 0.213717 -0.189443
v 0.0566554 0.281129 -0.168596
v 0.0654301 0.252422 -0.175748
v 0.0755236 0.206576 -0.187363
v 0.088711 0.196436 -0.185081
v 0.102913 0.178869 -0.183559
v 0.109152 0.163015 -0.185385
v 0.0966742 0.173299 -0.18853
v 0.0966235 0.229856 -0.17027
v 0.102862 0.140307 -0.194768
v 0.00933267 0.191151 -0.206942
v 0.0216579 0.188438 -0.206181
v 0.00933267 0.258278 -0.185842
v 0.00933267 0.248852 -0.189037
v 0.00933267 0.233855 -0.194008
v 0.026172 0.513358 -0.0893703
v 0.0467648 0.271132 -0.175089
v 0.0280487 0.254707 -0.184624
v 0.258119 -0.140339 -0.00933255
v 0.257358 -0.121629 0.00933277
v 0.254975 -0.121629 0.0280488
v 0.252489 -0.121629 0.0467649
v 0.248939 -0.121629 0.0654302
v 0.244374 -0.102919 0.0776032
v 0.232556 -0.0842098 0.102862
v 0.226571 -0.0842098 0.117064
v 0.222209 -0.0842098 0.126448
v 0.204761 -0.0655001 0.148359
v 0.20542 -0.0786397 0.149221
v 0.210847 -0.0467904 0.137555
v 0.188226 -0.0655001 0.169865
v 0.187516 -0.0526461 0.168952
v 0.179197 -0.0655001 0.179197
v 0.17656 -0.0280806 0.17656
v 0.17514 -0.00937094 0.17514
v 0.173618 0.00933877 0.173618
v 0.171893 0.0280485 0.171894
v 0.163017 0.00933877 0.182951
v 0.153685 0.00933877 0.190153
v 0.160786 0.0280485 0.181226
v 0.150033 0.0387601 0.187363
v 0.148359 0.0511857 0.186095
v 0.14141 0.0456156 0.192537
v 0.136947 0.0654679 0.191675
v 0.12381 0.0654679 0.201007
v 0.112601 0.0758939 0.205978
v 0.103217 0.0828922 0.208514
v 0.109659 0.0883194 0.204659
v 0.0964206 0.102887 0.206992
v 0.0841461 0.102887 0.212065
v 0.0467648 0.159016 0.210695
v 0.0776539 0.135308 0.206942
v 0.0666474 0.141021 0.209782
v 0.0606623 0.159016 0.20755
v 0.083994 0.119883 0.208108
v 0.0855156 0.178869 0.191725
v 0.0926673 0.185867 0.186704
v 0.0654301 0.196436 0.194718
v 0.0580756 0.226857 0.187871
v 0.0467648 0.215146 0.194414
v 0.0467648 0.196436 0.200196
v 0.0467648 0.182154 0.204355
v 0.0467648 0.17287 0.207043
v 0.0736976 0.147876 0.205319
v 0.0700457 0.159016 0.203797
v 0.0841461 0.159016 0.197913
v 0.0341352 0.185439 0.205319
v 0.0216579 0.188438 0.206181
v 0.00933267 0.191151 0.206942
v 0.0279473 0.195293 0.203341
v 0.0280487 0.215146 0.197457
v 0.00933267 0.233855 0.194008
v 0.00933267 0.248852 0.189037
v 0.0267807 0.513358 0.0891676
v 0.0566554 0.281129 0.168597
v 0.0280487 0.254707 0.184625
v 0.0502645 0.239282 0.18574
v 0.0451417 0.250851 0.182849
v 0.0280487 0.245424 0.18782
v 0.0280487 0.233855 0.191573
v 0.0451417 0.233284 0.188885
v 0.251525 -0.102919 -0.0467646
v 0.254975 -0.121629 -0.0280486
v 0.218303 -0.0280806 -0.121578
v 0.220991 -0.045505 -0.120513
v 0.22439 -0.0383638 -0.111992
v 0.225049 -0.0507894 -0.113564
v 0.201058 -0.00937094 -0.14349
v 0.20821 -0.00937094 -0.134157
v 0.239555 -0.0667855 -0.0824215
v 0.236867 -0.0467904 -0.084146
v 0.2427 -0.061501 -0.0730888
v 0.244982 -0.0667855 -0.0662922
v 0.246606 -0.0842098 -0.06543
v 0.250257 -0.0842098 -0.0467646
v 0.190153 0.00933877 -0.153684
v 0.181226 0.0280485 -0.160785
v 0.205877 0.0190507 -0.131063
v 0.155511 0.0841776 -0.172908
v 0.152467 0.102887 -0.170524
v 0.186095 0.0511857 -0.148359
v 0.180313 0.0456156 -0.157336
v 0.167024 0.0704667 -0.167024
v 0.172908 0.0841776 -0.15551
v 0.174074 0.0646109 -0.160075
v 0.124013 0.140307 -0.181784
v 0.127614 0.121597 -0.184472
v 0.122796 0.102887 -0.19279
v 0.139077 0.102887 -0.18082
v 0.101138 0.119883 -0.200804
v 0.102913 0.157588 -0.190001
v 0.112448 0.206148 -0.168495
v 0.114731 0.196436 -0.17027
v 0.119042 0.177726 -0.173567
v 0.130607 0.167586 -0.16814
v 0.133193 0.15516 -0.170118
v 0.0280487 0.233855 -0.191573
v 0.0280487 0.245424 -0.18782
v 0.0451417 0.250851 -0.182849
v 0.103826 0.252708 -0.15617
v 0.102862 0.235141 -0.163981
v 0.109101 0.218573 -0.166111
v 0.082726 0.213717 -0.182038
v 0.0749149 0.261991 -0.168394
v 0.0474749 0.513358 -0.0799362
v 0.0945947 0.282272 -0.150438
v 0.0978915 0.271132 -0.152822
v 0.0691327 0.274417 -0.16601
v 0.0639085 0.269418 -0.170067
v 0.0265271 0.513358 -0.0892688
v 0.257358 -0.121629 -0.00933255
v 0.256395 -0.102919 0.00933277
v 0.251525 -0.102919 0.0467649
v 0.247924 -0.102919 0.0654302
v 0.243664 -0.0842098 0.0759802
v 0.239809 -0.0842098 0.0853635
v 0.243258 -0.0739266 0.0750164
v 0.230983 -0.0655001 0.102862
v 0.22581 -0.0655001 0.115238
v 0.221296 -0.0655001 0.124622
v 0.203696 -0.0467904 0.146939
v 0.196595 -0.0655001 0.15901
v 0.20963 -0.0280806 0.135983
v 0.185892 -0.0280806 0.166872
v 0.184523 -0.00937094 0.165046
v 0.169966 0.0467582 0.169966
v 0.182951 0.00933877 0.163017
v 0.1688 0.0578983 0.1688
v 0.157337 0.0456156 0.180313
v 0.160075 0.0646109 0.174075
v 0.143388 0.0841776 0.182291
v 0.134056 0.0841776 0.189443
v 0.132027 0.0966031 0.187921
v 0.119955 0.0828922 0.199536
v 0.118231 0.121597 0.191269
v 0.11468 0.140307 0.188784
v 0.112601 0.15059 0.187313
v 0.105804 0.102887 0.202935
v 0.0901312 0.125025 0.204355
v 0.083994 0.141021 0.202833
v 0.088711 0.196436 0.185081
v 0.0966742 0.173299 0.18853
v 0.109152 0.163015 0.185385
v 0.102913 0.178869 0.183559
v 0.0966235 0.229856 0.17027
v 0.0928702 0.242425 0.168089
v 0.0755236 0.206576 0.187363
v 0.0647707 0.213717 0.189443
v 0.0705529 0.219145 0.185284
v 0.0856678 0.235141 0.173567
v 0.0647707 0.233284 0.182849
v 0.0654301 0.252422 0.175748
v 0.102862 0.140307 0.194769
v 0.0474749 0.513358 0.0799364
v 0.0691327 0.274417 0.16601
v 0.0639085 0.269418 0.170068
v 0.0749149 0.261991 0.168394
v 0.256395 -0.102919 -0.00933255
v 0.252743 -0.0842098 -0.0280486
v 0.223781 -0.0280806 -0.110572
v 0.215666 -0.00937094 -0.121578
v 0.222615 -0.00937094 -0.107681
v 0.228245 -0.045505 -0.104587
v 0.227687 -0.0280806 -0.101239
v 0.206688 0.00933877 -0.132128
v 0.234737 -0.0280806 -0.084146
v 0.241939 -0.0467904 -0.0704513
v 0.244475 -0.0467904 -0.0611187
v 0.248787 -0.0655001 -0.0467646
v 0.187363 0.0387601 -0.150033
v 0.209528 0.0263346 -0.12239
v 0.212825 0.00933877 -0.121578
v 0.192537 0.0456156 -0.14141
v 0.191675 0.0654679 -0.136947
v 0.203087 0.0467582 -0.126904
v 0.208818 0.0467582 -0.11752
v 0.150439 0.114313 -0.168951
v 0.164894 0.0841776 -0.164894
v 0.170524 0.102887 -0.152467
v 0.182291 0.0841776 -0.143388
v 0.145569 0.140307 -0.165249
v 0.148156 0.126881 -0.167227
v 0.117622 0.233855 -0.153786
v 0.121172 0.214289 -0.158706
v 0.13299 0.210004 -0.15125
v 0.124114 0.196436 -0.163119
v 0.128375 0.177726 -0.166415
v 0.139787 0.160445 -0.163372
v 0.14141 0.177869 -0.156271
v 0.114173 0.246709 -0.151148
v 0.055996 0.513358 -0.0748133
v 0.107224 0.271132 -0.145823
v 0.110724 0.259135 -0.14846
v 0.255127 -0.0842098 0.00933277
v 0.252743 -0.0842098 0.0280488
v 0.250257 -0.0842098 0.0467649
v 0.246606 -0.0842098 0.0654302
v 0.244982 -0.0667855 0.0662924
v 0.2427 -0.061501 0.073089
v 0.236867 -0.0467904 0.0841462
v 0.239555 -0.0667855 0.0824217
v 0.225049 -0.0507894 0.113564
v 0.22439 -0.0383638 0.111992
v 0.220991 -0.045505 0.120513
v 0.218303 -0.0280806 0.121578
v 0.20821 -0.00937094 0.134157
v 0.201058 -0.00937094 0.14349
v 0.190153 0.00933877 0.153685
v 0.181226 0.0280485 0.160786
v 0.205877 0.0190507 0.131063
v 0.180313 0.0456156 0.157337
v 0.186095 0.0511857 0.148359
v 0.174074 0.0646109 0.160076
v 0.172908 0.0841776 0.155511
v 0.167024 0.0704667 0.167024
v 0.155511 0.0841776 0.172908
v 0.152467 0.102887 0.170524
v 0.122796 0.102887 0.192791
v 0.139077 0.102887 0.18082
v 0.127614 0.121597 0.184472
v 0.124013 0.140307 0.181784
v 0.133193 0.15516 0.170118
v 0.130607 0.167586 0.16814
v 0.119042 0.177726 0.173567
v 0.114731 0.196436 0.17027
v 0.112448 0.206148 0.168495
v 0.102913 0.157588 0.190001
v 0.101138 0.119883 0.200804
v 0.082726 0.213717 0.182038
v 0.109101 0.218573 0.166111
v 0.102862 0.235141 0.163981
v 0.103826 0.252708 0.15617
v 0.0978915 0.271132 0.152822
v 0.0945947 0.282272 0.150439
v 0.0489458 0.513358 0.0790234
v 0.255127 -0.0842098 -0.00933255
v 0.251272 -0.0655001 -0.0280486
v 0.232353 -0.00937094 -0.084146
v 0.218963 0.0280485 -0.102862
v 0.221904 0.0111955 -0.102304
v 0.22865 0.0111955 -0.0860227
v 0.238896 -0.00937094 -0.06543
v 0.24128 -0.0269381 -0.064872
v 0.243765 -0.0323653 -0.0582276
v 0.247062 -0.0467904 -0.0467646
v 0.201007 0.0654679 -0.12381
v 0.189443 0.0841776 -0.134055
v 0.207043 0.0654679 -0.114477
v 0.152924 0.159016 -0.152924
v 0.167227 0.126881 -0.148156
v 0.168952 0.114313 -0.150438
v 0.18082 0.102887 -0.139077
v 0.187921 0.0966031 -0.132027
v 0.150844 0.171728 -0.150844
v 0.126955 0.233855 -0.146584
v 0.129896 0.222429 -0.148866
v 0.14841 0.184296 -0.148409
v 0.136237 0.196436 -0.153735
v 0.120868 0.252708 -0.143388
v 0.121477 0.269704 -0.135526
v 0.0645171 0.513358 -0.0666473
v 0.131165 0.26242 -0.131164
v 0.253656 -0.0655001 0.00933277
v 0.251272 -0.0655001 0.0280488
v 0.248787 -0.0655001 0.0467649
v 0.244475 -0.0467904 0.0611189
v 0.241939 -0.0467904 0.0704516
v 0.234737 -0.0280806 0.0841462
v 0.227687 -0.0280806 0.101239
v 0.228245 -0.045505 0.104587
v 0.223781 -0.0280806 0.110572
v 0.222615 -0.00937094 0.107681
v 0.215666 -0.00937094 0.121578
v 0.206688 0.00933877 0.132128
v 0.187363 0.0387601 0.150033
v 0.212825 0.00933877 0.121578
v 0.209528 0.0263346 0.12239
v 0.208818 0.0467582 0.117521
v 0.203087 0.0467582 0.126904
v 0.191675 0.0654679 0.136947
v 0.192537 0.0456156 0.14141
v 0.182291 0.0841776 0.143388
v 0.170524 0.102887 0.152467
v 0.164894 0.0841776 0.164894
v 0.150439 0.114313 0.168952
v 0.148156 0.126881 0.167227
v 0.145569 0.140307 0.165249
v 0.139787 0.160445 0.163372
v 0.14141 0.177869 0.156271
v 0.128375 0.177726 0.166416
v 0.124114 0.196436 0.163119
v 0.13299 0.210004 0.15125
v 0.121172 0.214289 0.158706
v 0.117622 0.233855 0.153786
v 0.114173 0.246709 0.151149
v 0.110724 0.259135 0.14846
v 0.107224 0.271132 0.145823
v 0.121477 0.269704 0.135527
v 0.057264 0.507788 0.0757265
v 0.0645171 0.513358 0.0666475
v 0.253656 -0.0655001 -0.00933255
v 0.251931 -0.0467904 -0.00933255
v 0.23636 0.00933877 -0.06543
v 0.215716 0.0467582 -0.102862
v 0.22368 0.0280485 -0.0915513
v 0.224491 0.0186222 -0.0934787
v 0.227534 0.0280485 -0.0821679
v 0.243055 -0.0199398 -0.0551843
v 0.24478 -0.0269381 -0.0480834
v 0.247519 -0.0280806 -0.0280486
v 0.199536 0.0828922 -0.119955
v 0.205978 0.0758939 -0.1126
v 0.165249 0.140307 -0.145569
v 0.181784 0.140307 -0.124013
v 0.184472 0.121597 -0.127614
v 0.192791 0.102887 -0.122795
v 0.191269 0.121597 -0.118231
v 0.156271 0.177869 -0.14141
v 0.163372 0.160445 -0.139787
v 0.15125 0.210004 -0.13299
v 0.153735 0.196436 -0.136236
v 0.148866 0.222429 -0.129896
v 0.0666474 0.513358 -0.064517
v 0.143388 0.252708 -0.120868
v 0.146584 0.233855 -0.126955
v 0.0748135 0.513358 -0.0559959
v 0.135527 0.269704 -0.121477
v 0.251931 -0.0467904 0.00933277
v 0.247062 -0.0467904 0.0467649
v 0.243765 -0.0323653 0.0582278
v 0.24128 -0.0269381 0.0648723
v 0.238896 -0.00937094 0.0654302
v 0.232353 -0.00937094 0.0841462
v 0.22865 0.0111955 0.0860229
v 0.221904 0.0111955 0.102304
v 0.218963 0.0280485 0.102862
v 0.207043 0.0654679 0.114477
v 0.201007 0.0654679 0.12381
v 0.189443 0.0841776 0.134056
v 0.187921 0.0966031 0.132027
v 0.18082 0.102887 0.139077
v 0.168952 0.114313 0.150439
v 0.167227 0.126881 0.148156
v 0.152924 0.159016 0.152924
v 0.150844 0.171728 0.150844
v 0.14841 0.184296 0.14841
v 0.136237 0.196436 0.153735
v 0.129896 0.222429 0.148866
v 0.126955 0.233855 0.146584
v 0.120868 0.252708 0.143388
v 0.131165 0.26242 0.131165
v 0.0666474 0.513358 0.0645172
v 0.249953 -0.0280806 -0.00933255
v 0.233469 0.0280485 -0.06543
v 0.237628 0.0280485 -0.0467646
v 0.222057 0.0467582 -0.0876458
v 0.212217 0.0654679 -0.102862
v 0.224897 0.058184 -0.0758278
v 0.225911 0.0467582 -0.0783131
v 0.243867 -0.01337 -0.042707
v 0.247721 -0.00937094 -0.00933255
v 0.240367 0.00933877 -0.0467646
v 0.242497 -0.00808555 -0.0480834
v 0.188784 0.140307 -0.11468
v 0.204659 0.0883194 -0.109659
v 0.208514 0.0828922 -0.103217
v 0.170118 0.15516 -0.133193
v 0.187313 0.15059 -0.1126
v 0.166416 0.177726 -0.128375
v 0.16814 0.167586 -0.130606
v 0.158706 0.214289 -0.121172
v 0.168495 0.206148 -0.112448
v 0.163119 0.196436 -0.124114
v 0.153786 0.233855 -0.117622
v 0.14846 0.259135 -0.110724
v 0.151149 0.246709 -0.114173
v 0.0799363 0.513358 -0.0474747
v 0.150439 0.282272 -0.0945945
v 0.145823 0.271132 -0.107224
v 0.249953 -0.0280806 0.00933277
v 0.247519 -0.0280806 0.0280488
v 0.24478 -0.0269381 0.0480836
v 0.243055 -0.0199398 0.0551845
v 0.23636 0.00933877 0.0654302
v 0.224491 0.0186222 0.0934789
v 0.227534 0.0280485 0.0821681
v 0.22368 0.0280485 0.0915515
v 0.215716 0.0467582 0.102862
v 0.205978 0.0758939 0.112601
v 0.199536 0.0828922 0.119955
v 0.192791 0.102887 0.122796
v 0.191269 0.121597 0.118231
v 0.184472 0.121597 0.127614
v 0.181784 0.140307 0.124013
v 0.165249 0.140307 0.145569
v 0.156271 0.177869 0.14141
v 0.163372 0.160445 0.139787
v 0.153735 0.196436 0.136237
v 0.15125 0.210004 0.132991
v 0.148866 0.222429 0.129897
v 0.146584 0.233855 0.126955
v 0.143388 0.252708 0.120868
v 0.135527 0.269704 0.121477
v 0.0757265 0.507788 0.0572641
v 0.0790233 0.513358 0.0489459
v 0.230375 0.0467582 -0.06543
v 0.234585 0.0467582 -0.0467646
v 0.23707 0.0467582 -0.0280486
v 0.242244 0.0286198 -0.0106006
v 0.243055 0.0176224 -0.0177015
v 0.216173 0.0841776 -0.084146
v 0.220636 0.0647538 -0.0829287
v 0.223629 0.0706095 -0.0724295
v 0.225506 0.0841776 -0.0591913
v 0.226976 0.0647538 -0.0658865
v 0.244881 0.0106242 -0.0106006
v 0.243867 0.0227641 -0.00522415
v 0.247721 -0.00937094 0.00933277
v 0.202935 0.102887 -0.105804
v 0.206992 0.102887 -0.0964205
v 0.173567 0.177726 -0.119042
v 0.17027 0.196436 -0.114731
v 0.185385 0.163015 -0.109151
v 0.18853 0.173299 -0.0966741
v 0.190001 0.157588 -0.102913
v 0.194769 0.140307 -0.102862
v 0.166111 0.218573 -0.109101
v 0.17027 0.229856 -0.0966234
v 0.152822 0.271132 -0.0978914
v 0.15617 0.252708 -0.103826
v 0.163981 0.235141 -0.102862
v 0.0891675 0.513358 -0.0267806
v 0.16601 0.274417 -0.0691326
v 0.168394 0.261991 -0.0749148
v 0.168089 0.242425 -0.09287
v 0.243867 -0.01337 0.0427072
v 0.242497 -0.00808555 0.0480836
v 0.240367 0.00933877 0.0467649
v 0.237628 0.0280485 0.0467649
v 0.233469 0.0280485 0.0654302
v 0.225911 0.0467582 0.0783133
v 0.222057 0.0467582 0.087646
v 0.224897 0.058184 0.075828
v 0.212217 0.0654679 0.102862
v 0.208514 0.0828922 0.103217
v 0.204659 0.0883194 0.109659
v 0.188784 0.140307 0.11468
v 0.187313 0.15059 0.112601
v 0.170118 0.15516 0.133193
v 0.16814 0.167586 0.130607
v 0.166416 0.177726 0.128375
v 0.163119 0.196436 0.124114
v 0.168495 0.206148 0.112449
v 0.158706 0.214289 0.121173
v 0.153786 0.233855 0.117622
v 0.151149 0.246709 0.114173
v 0.14846 0.259135 0.110724
v 0.145823 0.271132 0.107224
v 0.150439 0.282272 0.0945948
v 0.0799363 0.513358 0.047475
v 0.224542 0.0938895 -0.0563509
v 0.231339 0.0654679 -0.0467646
v 0.236208 0.0654679 -0.00933255
v 0.239454 0.0467582 -0.00933255
v 0.222259 0.0841776 -0.0685239
v 0.212065 0.102887 -0.084146
v 0.243867 0.0227641 0.00522437
v 0.244881 0.0106242 0.0106008
v 0.243055 0.0176224 0.0177017
v 0.200804 0.119883 -0.101138
v 0.204355 0.125025 -0.0901311
v 0.208108 0.119883 -0.0839938
v 0.183559 0.178869 -0.102913
v 0.186704 0.185867 -0.0926671
v 0.197913 0.159016 -0.084146
v 0.202833 0.141021 -0.0839938
v 0.089269 0.513358 -0.026527
v 0.168597 0.281129 -0.0566552
v 0.175748 0.252422 -0.06543
v 0.170068 0.269418 -0.0639083
v 0.182849 0.233284 -0.0647706
v 0.187871 0.226857 -0.0580754
v 0.173567 0.235141 -0.0856676
v 0.182038 0.213717 -0.0827258
v 0.185081 0.196436 -0.0887109
v 0.242244 0.0286198 0.0106008
v 0.23707 0.0467582 0.0280488
v 0.234585 0.0467582 0.0467649
v 0.230375 0.0467582 0.0654302
v 0.226976 0.0647538 0.0658867
v 0.225506 0.0841776 0.0591915
v 0.223629 0.0706095 0.0724297
v 0.216173 0.0841776 0.0841462
v 0.220636 0.0647538 0.0829289
v 0.206992 0.102887 0.0964207
v 0.202935 0.102887 0.105804
v 0.190001 0.157588 0.102913
v 0.18853 0.173299 0.0966743
v 0.185385 0.163015 0.109152
v 0.17027 0.196436 0.114731
v 0.173567 0.177726 0.119042
v 0.194769 0.140307 0.102862
v 0.17027 0.229856 0.0966236
v 0.166111 0.218573 0.109101
v 0.15617 0.252708 0.103826
v 0.152822 0.271132 0.0978916
v 0.163981 0.235141 0.102862
v 0.168089 0.242425 0.0928702
v 0.16601 0.274417 0.0691328
v 0.089269 0.513358 0.0265272
v 0.168394 0.261991 0.074915
v 0.215412 0.140307 -0.0467646
v 0.219774 0.121597 -0.0467646
v 0.223172 0.106315 -0.0467646
v 0.225201 0.0968888 -0.0467646
v 0.230223 0.0841776 -0.0280486
v 0.227737 0.0841776 -0.0467646
v 0.220281 0.101173 -0.0637562
v 0.215006 0.121597 -0.06543
v 0.206181 0.169728 -0.0571117
v 0.236208 0.0654679 0.00933277
v 0.232657 0.0841776 -0.00933255
v 0.239454 0.0467582 0.00933277
v 0.206942 0.135308 -0.0776537
v 0.194718 0.196436 -0.06543
v 0.191725 0.178869 -0.0855155
v 0.203797 0.159016 -0.0700456
v 0.205319 0.147876 -0.0736975
v 0.0925151 0.513358 -0.012883
v 0.175089 0.271132 -0.0467646
v 0.18574 0.239282 -0.0502644
v 0.194414 0.215146 -0.0467646
v 0.189443 0.213717 -0.0647706
v 0.185284 0.219145 -0.0705528
v 0.187363 0.206576 -0.0755234
v 0.231339 0.0654679 0.0467649
v 0.224542 0.0938895 0.0563511
v 0.222259 0.0841776 0.0685242
v 0.212065 0.102887 0.0841462
v 0.208108 0.119883 0.0839941
v 0.204355 0.125025 0.0901313
v 0.200804 0.119883 0.101138
v 0.186704 0.185867 0.0926674
v 0.197913 0.159016 0.0841462
v 0.183559 0.178869 0.102913
v 0.202833 0.141021 0.0839941
v 0.185081 0.196436 0.0887111
v 0.182038 0.213717 0.082726
v 0.173567 0.235141 0.0856679
v 0.187871 0.226857 0.0580756
v 0.182849 0.233284 0.0647708
v 0.175748 0.252422 0.0654302
v 0.168597 0.281129 0.0566555
v 0.0893704 0.513358 0.0261721
v 0.170068 0.269418 0.0639086
v 0.210695 0.159016 -0.0467646
v 0.213231 0.159016 -0.0280486
v 0.217897 0.140307 -0.0280486
v 0.222513 0.12074 -0.0278964
v 0.224035 0.110171 -0.0340337
v 0.226266 0.103459 -0.0278964
v 0.228802 0.102887 -0.00933255
v 0.209782 0.141021 -0.0666473
v 0.20755 0.159016 -0.0606622
v 0.200196 0.196436 -0.0467646
v 0.204355 0.182154 -0.0467646
v 0.207043 0.17287 -0.0467646
v 0.232657 0.0841776 0.00933277
v 0.0930223 0.513358 -0.00933255
v 0.178842 0.271132 -0.0280486
v 0.187161 0.243424 -0.0378377
v 0.182849 0.250851 -0.0451416
v 0.188885 0.233284 -0.0451416
v 0.230223 0.0841776 0.0280488
v 0.227737 0.0841776 0.0467649
v 0.215006 0.121597 0.0654302
v 0.220281 0.101173 0.0637564
v 0.225201 0.0968888 0.0467649
v 0.223172 0.106315 0.0467649
v 0.219774 0.121597 0.0467649
v 0.215412 0.140307 0.0467649
v 0.206181 0.169728 0.0571119
v 0.206942 0.135308 0.0776539
v 0.191725 0.178869 0.0855157
v 0.194718 0.196436 0.0654302
v 0.205319 0.147876 0.0736977
v 0.203797 0.159016 0.0700458
v 0.187363 0.206576 0.0755237
v 0.185284 0.219145 0.070553
v 0.189443 0.213717 0.0647708
v 0.194414 0.215146 0.0467649
v 0.18574 0.239282 0.0502646
v 0.175089 0.271132 0.0467649
v 0.0930223 0.513358 0.00933277
v 0.215666 0.159016 -0.00933255
v 0.208058 0.178583 -0.0279472
v 0.220332 0.140307 -0.00933255
v 0.223527 0.126739 -0.00933255
v 0.225658 0.117455 -0.00933255
v 0.228802 0.102887 0.00933277
v 0.203341 0.195293 -0.0279472
v 0.205319 0.185439 -0.0341351
v 0.197457 0.215146 -0.0280486
v 0.181226 0.271132 -0.00933255
v 0.185842 0.258278 -0.00933255
v 0.184624 0.254707 -0.0280486
v 0.18782 0.245424 -0.0280486
v 0.191573 0.233855 -0.0280486
v 0.20755 0.159016 0.0606624
v 0.209782 0.141021 0.0666475
v 0.226266 0.103459 0.0278967
v 0.224035 0.110171 0.0340339
v 0.222513 0.12074 0.0278967
v 0.217897 0.140307 0.0280488
v 0.213231 0.159016 0.0280488
v 0.210695 0.159016 0.0467649
v 0.207043 0.17287 0.0467649
v 0.204355 0.182154 0.0467649
v 0.200196 0.196436 0.0467649
v 0.187161 0.243424 0.037838
v 0.188885 0.233284 0.0451418
v 0.182849 0.250851 0.0451418
v 0.178842 0.271132 0.0280488
v 0.181226 0.271132 0.00933277
v 0.215666 0.159016 0.00933277
v 0.210695 0.177726 -0.00933255
v 0.206181 0.188438 -0.0216578
v 0.220332 0.140307 0.00933277
v 0.223527 0.126739 0.00933277
v 0.225658 0.117455 0.00933277
v 0.204253 0.200435 -0.00933255
v 0.199891 0.215146 -0.00933255
v 0.185842 0.258278 0.00933277
v 0.189037 0.248852 -0.00933255
v 0.194008 0.233855 -0.00933255
v 0.208058 0.178583 0.0279474
v 0.205319 0.185439 0.0341353
v 0.203341 0.195293 0.0279474
v 0.197457 0.215146 0.0280488
v 0.18782 0.245424 0.0280488
v 0.184624 0.254707 0.0280488
v 0.191573 0.233855 0.0280488
v 0.210695 0.177726 0.00933277
v 0.206942 0.191151 -0.00933255
v 0.204253 0.200435 0.00933277
v 0.199891 0.215146 0.00933277
v 0.189037 0.248852 0.00933277
v 0.194008 0.233855 0.00933277
v 0.206181 0.188438 0.021658
v 0.206942 0.191151 0.00933277
f 1 2 3
f 1 3 4
f 1 4 13
f 1 13 5
f 1 5 9
f 1 9 2
f 2 6 7
f 2 7 8
f 2 8 10
f 2 10 3
f 2 9 16
f 2 16 6
f 3 10 11
f 3 11 4
f 4 11 24
f 4 24 12
f 4 12 30
f 4 30 13
f 5 13 14
f 5 14 9
f 6 15 7
f 6 16 35
f 6 35 15
f 7 17 18
f 7 18 19
f 7 19 8
f 7 15 17
f 8 19 10
f 9 14 20
f 9 20 21
f 9 21 36
f 9 36 16
f 10 19 22
f 10 22 23
f 10 23 25
f 10 25 11
f 11 25 26
f 11 26 27
f 11 27 24
f 12 24 28
f 12 28 29
f 12 29 50
f 12 50 30
f 13 30 31
f 13 31 20
f 13 20 14
f 15 32 33
f 15 33 34
f 15 34 17
f 15 35 55
f 15 55 32
f 16 36 59
f 16 59 35
f 17 37 18
f 17 34 37
f 18 37 38
f 18 38 39
f 18 39 19
f 19 39 42
f 19 42 22
f 20 31 53
f 20 53 40
f 20 40 41
f 20 41 21
f 21 41 62
f 21 62 36
f 22 42 43
f 22 43 23
f 23 43 44
f 23 44 25
f 24 27 28
f 25 44 26
f 26 44 45
f 26 45 47
f 26 47 27
f 27 46 28
f 27 47 46
f 28 46 48
f 28 48 49
f 28 49 29
f 29 49 83
f 29 83 50
f 30 50 84
f 30 84 51
f 30 51 31
f 31 51 52
f 31 52 53
f 32 54 33
f 32 55 89
f 32 89 54
f 33 56 34
f 33 54 56
f 34 56 57
f 34 57 58
f 34 58 37
f 35 59 60
f 35 60 61
f 35 61 55
f 36 62 59
f 37 58 57
f 37 57 63
f 37 63 64
f 37 64 65
f 37 65 66
f 37 66 38
f 38 66 39
f 39 66 67
f 39 67 68
f 39 68 42
f 40 53 87
f 40 87 69
f 40 69 70
f 40 70 41
f 41 70 101
f 41 101 62
f 42 68 43
f 43 68 71
f 43 71 72
f 43 72 73
f 43 73 44
f 44 73 74
f 44 74 75
f 44 75 45
f 45 75 47
f 46 76 48
f 46 47 77
f 46 77 76
f 47 75 78
f 47 78 79
f 47 79 77
f 48 76 80
f 48 80 49
f 49 80 81
f 49 81 82
f 49 82 128
f 49 128 83
f 50 83 131
f 50 131 84
f 51 84 85
f 51 85 52
f 52 85 133
f 52 133 86
f 52 86 87
f 52 87 53
f 54 88 56
f 54 89 136
f 54 136 88
f 55 61 89
f 56 88 90
f 56 90 91
f 56 91 92
f 56 92 93
f 56 93 94
f 56 94 95
f 56 95 96
f 56 96 57
f 57 96 63
f 59 62 97
f 59 97 98
f 59 98 60
f 60 98 148
f 60 148 99
f 60 99 61
f 61 99 100
f 61 100 89
f 62 101 145
f 62 145 97
f 63 96 102
f 63 102 103
f 63 103 104
f 63 104 64
f 64 104 105
f 64 105 65
f 65 105 66
f 66 105 106
f 66 106 107
f 66 107 108
f 66 108 67
f 67 108 109
f 67 109 68
f 68 109 110
f 68 110 71
f 69 87 135
f 69 135 111
f 69 111 112
f 69 112 70
f 70 112 151
f 70 151 101
f 71 110 72
f 72 110 113
f 72 113 114
f 72 114 73
f 73 114 115
f 73 115 74
f 74 115 75
f 75 115 116
f 75 116 78
f 76 77 79
f 76 79 117
f 76 117 118
f 76 118 119
f 76 119 120
f 76 120 121
f 76 121 80
f 78 116 122
f 78 122 79
f 79 123 117
f 79 122 124
f 79 124 125
f 79 125 123
f 80 120 126
f 80 126 81
f 80 121 120
f 81 127 82
f 81 126 127
f 82 127 184
f 82 184 128
f 83 128 129
f 83 129 130
f 83 130 131
f 84 131 85
f 85 132 189
f 85 189 133
f 85 131 132
f 86 133 190
f 86 190 134
f 86 134 135
f 86 135 87
f 88 136 137
f 88 137 90
f 89 100 150
f 89 150 136
f 90 137 139
f 90 139 91
f 91 138 92
f 91 139 194
f 91 194 138
f 92 138 194
f 92 194 140
f 92 140 143
f 92 143 93
f 93 141 142
f 93 142 94
f 93 143 200
f 93 200 141
f 94 142 144
f 94 144 95
f 95 144 96
f 96 144 102
f 97 145 146
f 97 146 98
f 98 146 147
f 98 147 148
f 99 148 100
f 100 148 149
f 100 149 150
f 101 151 202
f 101 202 145
f 102 152 153
f 102 153 154
f 102 154 103
f 102 144 155
f 102 155 152
f 103 154 106
f 103 106 104
f 104 106 105
f 106 156 157
f 106 157 107
f 106 154 156
f 107 157 158
f 107 158 108
f 108 158 109
f 109 158 159
f 109 159 110
f 110 159 160
f 110 160 113
f 111 135 192
f 111 192 161
f 111 161 112
f 112 161 162
f 112 162 151
f 113 160 163
f 113 163 164
f 113 164 165
f 113 165 114
f 114 165 166
f 114 166 167
f 114 167 115
f 115 167 168
f 115 168 116
f 116 168 169
f 116 169 122
f 117 123 118
f 118 123 170
f 118 170 119
f 119 170 171
f 119 171 172
f 119 172 173
f 119 173 120
f 120 173 126
f 122 169 124
f 123 125 170
f 124 169 174
f 124 174 125
f 125 174 175
f 125 175 176
f 125 176 171
f 125 171 170
f 126 177 178
f 126 178 179
f 126 179 180
f 126 180 181
f 126 181 127
f 126 173 182
f 126 182 183
f 126 183 177
f 127 181 243
f 127 243 184
f 128 184 129
f 129 184 185
f 129 185 186
f 129 186 130
f 130 186 246
f 130 246 187
f 130 187 131
f 131 187 132
f 132 187 188
f 132 188 189
f 133 189 249
f 133 249 190
f 134 190 191
f 134 191 192
f 134 192 135
f 136 150 193
f 136 193 137
f 137 193 139
f 139 193 195
f 139 195 196
f 139 196 140
f 139 140 194
f 140 196 143
f 141 197 198
f 141 198 199
f 141 199 142
f 141 200 259
f 141 259 197
f 142 199 155
f 142 155 144
f 143 196 201
f 143 201 200
f 145 202 203
f 145 203 146
f 146 203 147
f 147 203 204
f 147 204 205
f 147 205 206
f 147 206 149
f 147 149 148
f 149 206 207
f 149 207 208
f 149 208 150
f 150 208 209
f 150 209 193
f 151 162 202
f 152 155 153
f 153 210 211
f 153 211 154
f 153 155 210
f 154 211 156
f 155 199 212
f 155 212 213
f 155 213 210
f 156 211 210
f 156 210 214
f 156 214 215
f 156 215 157
f 157 215 216
f 157 216 158
f 158 216 159
f 159 217 160
f 159 216 217
f 160 217 163
f 161 192 253
f 161 253 218
f 161 218 219
f 161 219 162
f 162 219 220
f 162 220 221
f 162 221 202
f 163 217 222
f 163 222 223
f 163 223 164
f 164 223 284
f 164 284 359
f 164 359 439
f 164 439 532
f 164 532 625
f 164 625 720
f 164 720 831
f 164 831 960
f 164 960 1110
f 164 1110 1266
f 164 1266 1268
f 164 1268 1111
f 164 1111 961
f 164 961 832
f 164 832 721
f 164 721 626
f 164 626 533
f 164 533 440
f 164 440 360
f 164 360 285
f 164 285 224
f 164 224 165
f 165 224 166
f 166 225 226
f 166 226 167
f 166 224 225
f 167 226 168
f 168 226 227
f 168 227 169
f 169 227 174
f 171 176 172
f 172 228 229
f 172 229 173
f 172 176 230
f 172 230 231
f 172 231 228
f 173 229 182
f 174 227 232
f 174 232 175
f 175 233 234
f 175 234 235
f 175 235 176
f 175 232 233
f 176 235 230
f 177 183 236
f 177 236 237
f 177 237 298
f 177 298 238
f 177 238 240
f 177 240 178
f 178 239 179
f 178 240 301
f 178 301 239
f 179 239 301
f 179 301 241
f 179 241 242
f 179 242 180
f 180 242 243
f 180 243 181
f 182 229 183
f 183 229 236
f 184 243 244
f 184 244 185
f 185 244 245
f 185 245 246
f 185 246 186
f 187 246 247
f 187 247 188
f 188 247 248
f 188 248 189
f 189 248 249
f 190 249 191
f 191 250 251
f 191 251 252
f 191 252 192
f 191 249 250
f 192 252 253
f 193 209 195
f 195 209 254
f 195 254 255
f 195 255 196
f 196 255 201
f 197 256 257
f 197 257 258
f 197 258 198
f 197 259 321
f 197 321 256
f 198 260 212
f 198 212 199
f 198 258 260
f 200 201 255
f 200 255 261
f 200 261 262
f 200 262 263
f 200 263 259
f 202 221 264
f 202 264 203
f 203 264 204
f 204 264 265
f 204 265 205
f 205 265 266
f 205 266 206
f 206 266 207
f 207 266 267
f 207 267 268
f 207 268 208
f 208 268 209
f 209 268 254
f 210 213 212
f 210 212 269
f 210 269 270
f 210 270 271
f 210 271 272
f 210 272 273
f 210 273 214
f 212 260 274
f 212 274 275
f 212 275 269
f 214 273 215
f 215 273 216
f 216 273 276
f 216 276 217
f 217 276 277
f 217 277 222
f 218 253 316
f 218 316 278
f 218 278 279
f 218 279 219
f 219 279 280
f 219 280 220
f 220 280 281
f 220 281 221
f 221 281 282
f 221 282 283
f 221 283 264
f 222 277 284
f 222 284 223
f 224 285 286
f 224 286 225
f 225 286 226
f 226 287 227
f 226 286 287
f 227 288 232
f 227 287 288
f 228 231 230
f 228 230 234
f 228 234 289
f 228 289 290
f 228 290 291
f 228 291 236
f 228 236 229
f 230 235 234
f 232 288 233
f 233 288 234
f 234 292 293
f 234 293 290
f 234 290 289
f 234 288 294
f 234 294 295
f 234 295 292
f 236 291 237
f 237 291 296
f 237 296 297
f 237 297 374
f 237 374 298
f 238 298 299
f 238 299 300
f 238 300 240
f 240 300 241
f 240 241 301
f 241 300 302
f 241 302 303
f 241 303 242
f 242 303 243
f 243 303 244
f 244 303 304
f 244 304 305
f 244 305 245
f 245 305 306
f 245 306 307
f 245 307 247
f 245 247 246
f 247 307 308
f 247 308 309
f 247 309 248
f 248 309 310
f 248 310 249
f 249 310 250
f 250 310 311
f 250 311 312
f 250 312 313
f 250 313 251
f 251 313 314
f 251 314 315
f 251 315 252
f 252 315 316
f 252 316 253
f 254 317 255
f 254 268 318
f 254 318 395
f 254 395 317
f 255 317 261
f 256 319 320
f 256 320 257
f 256 321 399
f 256 399 319
f 257 322 323
f 257 323 324
f 257 324 325
f 257 325 258
f 257 320 326
f 257 326 327
f 257 327 328
f 257 328 329
f 257 329 322
f 258 325 260
f 259 263 330
f 259 330 321
f 260 324 274
f 260 325 324
f 261 317 331
f 261 331 332
f 261 332 262
f 262 332 333
f 262 333 334
f 262 334 330
f 262 330 263
f 264 283 335
f 264 335 336
f 264 336 265
f 265 336 337
f 265 337 266
f 266 337 338
f 266 338 267
f 267 338 339
f 267 339 340
f 267 340 268
f 268 340 318
f 269 341 270
f 269 275 274
f 269 274 341
f 270 341 271
f 271 341 342
f 271 342 343
f 271 343 344
f 271 344 272
f 272 344 273
f 273 344 345
f 273 345 346
f 273 346 276
f 274 324 347
f 274 347 348
f 274 348 341
f 276 346 349
f 276 349 277
f 277 349 359
f 277 359 284
f 278 316 394
f 278 394 350
f 278 350 279
f 279 350 351
f 279 351 280
f 280 351 352
f 280 352 353
f 280 353 281
f 281 353 354
f 281 354 282
f 282 354 355
f 282 355 356
f 282 356 357
f 282 357 358
f 282 358 336
f 282 336 335
f 282 335 283
f 285 360 361
f 285 361 286
f 286 361 362
f 286 362 287
f 287 362 288
f 288 363 294
f 288 362 364
f 288 364 363
f 290 293 365
f 290 365 366
f 290 366 367
f 290 367 296
f 290 296 291
f 292 368 293
f 292 295 368
f 293 368 366
f 293 366 365
f 294 363 295
f 295 369 368
f 295 363 370
f 295 370 369
f 296 367 371
f 296 371 297
f 297 371 372
f 297 372 373
f 297 373 461
f 297 461 374
f 298 374 375
f 298 375 376
f 298 376 377
f 298 377 378
f 298 378 299
f 299 378 300
f 300 378 302
f 302 378 379
f 302 379 304
f 302 304 303
f 304 379 380
f 304 380 305
f 305 380 306
f 306 381 382
f 306 382 307
f 306 380 381
f 307 382 308
f 308 382 383
f 308 383 309
f 309 383 310
f 310 383 384
f 310 384 385
f 310 385 311
f 311 385 312
f 312 386 387
f 312 387 388
f 312 388 389
f 312 389 390
f 312 390 313
f 312 385 384
f 312 384 386
f 313 390 391
f 313 391 314
f 314 391 392
f 314 392 393
f 314 393 315
f 315 393 394
f 315 394 316
f 317 395 331
f 318 340 396
f 318 396 397
f 318 397 398
f 318 398 395
f 319 399 400
f 319 400 320
f 320 400 405
f 320 405 326
f 321 330 400
f 321 400 399
f 322 329 401
f 322 401 402
f 322 402 403
f 322 403 404
f 322 404 323
f 323 404 403
f 323 403 347
f 323 347 324
f 326 405 406
f 326 406 327
f 327 406 408
f 327 408 328
f 328 407 329
f 328 408 498
f 328 498 407
f 329 407 401
f 330 334 400
f 331 395 409
f 331 409 410
f 331 410 332
f 332 410 412
f 332 412 333
f 333 411 334
f 333 412 413
f 333 413 411
f 334 411 414
f 334 414 400
f 336 358 415
f 336 415 416
f 336 416 337
f 337 416 417
f 337 417 338
f 338 417 418
f 338 418 339
f 339 418 396
f 339 396 340
f 341 348 342
f 342 419 343
f 342 348 420
f 342 420 421
f 342 421 422
f 342 422 419
f 343 423 345
f 343 345 344
f 343 419 423
f 345 423 424
f 345 424 425
f 345 425 346
f 346 425 349
f 347 403 426
f 347 426 420
f 347 420 348
f 349 425 427
f 349 427 439
f 349 439 359
f 350 394 485
f 350 485 428
f 350 428 429
f 350 429 351
f 351 429 430
f 351 430 431
f 351 431 352
f 352 432 353
f 352 431 433
f 352 433 432
f 353 432 355
f 353 355 354
f 355 432 434
f 355 434 356
f 356 434 435
f 356 435 436
f 356 436 437
f 356 437 438
f 356 438 358
f 356 358 357
f 358 438 415
f 360 440 441
f 360 441 361
f 361 441 442
f 361 442 362
f 362 442 364
f 363 364 370
f 364 443 370
f 364 442 444
f 364 444 443
f 366 445 446
f 366 446 367
f 366 368 447
f 366 447 445
f 367 446 448
f 367 448 371
f 368 369 447
f 369 370 449
f 369 449 450
f 369 450 451
f 369 451 452
f 369 452 447
f 370 443 449
f 371 448 372
f 372 448 446
f 372 446 453
f 372 453 454
f 372 454 455
f 372 455 456
f 372 456 457
f 372 457 458
f 372 458 459
f 372 459 373
f 373 459 460
f 373 460 553
f 373 553 461
f 374 461 462
f 374 462 375
f 375 462 376
f 376 463 464
f 376 464 465
f 376 465 377
f 376 462 463
f 377 465 466
f 377 466 467
f 377 467 378
f 378 467 379
f 379 467 560
f 379 560 468
f 379 468 380
f 380 468 469
f 380 469 381
f 381 469 470
f 381 470 471
f 381 471 382
f 382 471 472
f 382 472 383
f 383 472 384
f 384 473 474
f 384 474 386
f 384 472 473
f 386 474 475
f 386 475 388
f 386 388 387
f 388 476 477
f 388 477 478
f 388 478 479
f 388 479 389
f 388 475 476
f 389 479 480
f 389 480 391
f 389 391 390
f 391 480 392
f 392 480 481
f 392 481 482
f 392 482 393
f 393 482 483
f 393 483 484
f 393 484 485
f 393 485 394
f 395 398 409
f 396 418 486
f 396 486 487
f 396 487 397
f 397 487 488
f 397 488 398
f 398 488 489
f 398 489 409
f 400 414 405
f 401 490 491
f 401 491 492
f 401 492 402
f 401 407 498
f 401 498 493
f 401 493 585
f 401 585 490
f 402 492 494
f 402 494 403
f 403 494 495
f 403 495 422
f 403 422 496
f 403 496 426
f 405 414 406
f 406 414 497
f 406 497 499
f 406 499 408
f 408 499 500
f 408 500 498
f 409 489 501
f 409 501 410
f 410 501 412
f 411 413 502
f 411 502 497
f 411 497 414
f 412 501 503
f 412 503 504
f 412 504 505
f 412 505 413
f 413 505 506
f 413 506 507
f 413 507 502
f 415 438 508
f 415 508 509
f 415 509 416
f 416 509 417
f 417 509 510
f 417 510 418
f 418 510 511
f 418 511 512
f 418 512 486
f 419 513 423
f 419 422 513
f 420 426 421
f 421 426 496
f 421 496 422
f 422 495 514
f 422 514 515
f 422 515 513
f 423 513 516
f 423 516 424
f 424 517 425
f 424 516 518
f 424 518 517
f 425 517 519
f 425 519 427
f 427 519 439
f 428 485 575
f 428 575 520
f 428 520 431
f 428 431 429
f 429 431 430
f 431 520 521
f 431 521 522
f 431 522 523
f 431 523 524
f 431 524 525
f 431 525 526
f 431 526 433
f 432 433 526
f 432 526 527
f 432 527 434
f 434 527 435
f 435 527 528
f 435 528 529
f 435 529 436
f 436 529 530
f 436 530 531
f 436 531 508
f 436 508 438
f 436 438 437
f 439 519 532
f 440 533 534
f 440 534 441
f 441 534 442
f 442 535 444
f 442 534 535
f 443 536 537
f 443 537 449
f 443 444 536
f 444 535 538
f 444 538 536
f 445 447 452
f 445 452 539
f 445 539 540
f 445 540 453
f 445 453 446
f 449 537 450
f 450 541 542
f 450 542 540
f 450 540 543
f 450 543 451
f 450 537 544
f 450 544 541
f 451 543 539
f 451 539 452
f 453 540 545
f 453 545 454
f 454 546 455
f 454 545 540
f 454 540 547
f 454 547 546
f 455 546 548
f 455 548 456
f 456 548 638
f 456 638 549
f 456 549 550
f 456 550 457
f 457 550 551
f 457 551 458
f 458 551 552
f 458 552 459
f 459 552 553
f 459 553 460
f 461 553 552
f 461 552 462
f 462 552 463
f 463 554 555
f 463 555 464
f 463 552 554
f 464 555 556
f 464 556 557
f 464 557 558
f 464 558 465
f 465 558 466
f 466 558 559
f 466 559 560
f 466 560 467
f 468 560 561
f 468 561 562
f 468 562 563
f 468 563 469
f 469 563 470
f 470 563 564
f 470 564 471
f 471 564 565
f 471 565 472
f 472 565 473
f 473 566 474
f 473 565 566
f 474 567 475
f 474 566 567
f 475 567 477
f 475 477 476
f 477 568 569
f 477 569 478
f 477 567 570
f 477 570 568
f 478 569 571
f 478 571 572
f 478 572 479
f 479 572 480
f 480 572 573
f 480 573 481
f 481 573 482
f 482 574 575
f 482 575 485
f 482 485 484
f 482 484 483
f 482 573 576
f 482 576 577
f 482 577 578
f 482 578 579
f 482 579 574
f 486 512 487
f 487 512 488
f 488 512 580
f 488 580 581
f 488 581 489
f 489 581 582
f 489 582 501
f 490 583 584
f 490 584 491
f 490 585 681
f 490 681 586
f 490 586 583
f 491 584 587
f 491 587 492
f 492 587 588
f 492 588 494
f 493 498 500
f 493 500 589
f 493 589 590
f 493 590 680
f 493 680 585
f 494 588 514
f 494 514 495
f 497 502 591
f 497 591 499
f 499 591 592
f 499 592 593
f 499 593 500
f 500 593 589
f 501 582 594
f 501 594 503
f 502 507 591
f 503 594 595
f 503 595 504
f 504 595 596
f 504 596 597
f 504 597 505
f 505 597 506
f 506 597 598
f 506 598 599
f 506 599 507
f 507 599 600
f 507 600 591
f 508 531 530
f 508 530 601
f 508 601 602
f 508 602 509
f 509 602 510
f 510 603 604
f 510 604 511
f 510 602 698
f 510 698 603
f 511 604 512
f 512 604 580
f 513 515 516
f 514 605 606
f 514 606 515
f 514 588 684
f 514 684 605
f 515 606 516
f 516 606 518
f 517 518 607
f 517 607 519
f 518 606 608
f 518 608 609
f 518 609 607
f 519 607 532
f 520 575 667
f 520 667 610
f 520 610 611
f 520 611 612
f 520 612 523
f 520 523 522
f 520 522 521
f 523 612 524
f 524 613 525
f 524 612 614
f 524 614 615
f 524 615 616
f 524 616 613
f 525 613 617
f 525 617 618
f 525 618 527
f 525 527 526
f 527 618 528
f 528 618 619
f 528 619 620
f 528 620 621
f 528 621 622
f 528 622 623
f 528 623 530
f 528 530 529
f 530 623 624
f 530 624 601
f 532 607 702
f 532 702 625
f 533 626 723
f 533 723 627
f 533 627 534
f 534 627 535
f 535 627 538
f 536 538 628
f 536 628 544
f 536 544 537
f 538 627 629
f 538 629 630
f 538 630 628
f 539 543 540
f 540 542 631
f 540 631 547
f 541 544 628
f 541 628 632
f 541 632 726
f 541 726 633
f 541 633 631
f 541 631 542
f 546 547 634
f 546 634 635
f 546 635 636
f 546 636 731
f 546 731 637
f 546 637 638
f 546 638 548
f 547 631 634
f 549 638 639
f 549 639 640
f 549 640 641
f 549 641 550
f 550 641 554
f 550 554 551
f 551 554 552
f 554 641 555
f 555 642 556
f 555 641 642
f 556 642 643
f 556 643 644
f 556 644 645
f 556 645 557
f 557 645 646
f 557 646 647
f 557 647 648
f 557 648 558
f 558 648 559
f 559 648 649
f 559 649 561
f 559 561 560
f 561 649 650
f 561 650 651
f 561 651 562
f 562 651 652
f 562 652 563
f 563 652 564
f 564 652 653
f 564 653 654
f 564 654 655
f 564 655 565
f 565 655 566
f 566 655 656
f 566 656 567
f 567 656 657
f 567 657 568
f 567 568 570
f 568 657 658
f 568 658 659
f 568 659 571
f 568 571 569
f 571 659 660
f 571 660 661
f 571 661 662
f 571 662 663
f 571 663 664
f 571 664 572
f 572 664 576
f 572 576 573
f 574 579 575
f 575 579 578
f 575 578 665
f 575 665 666
f 575 666 667
f 576 664 668
f 576 668 669
f 576 669 577
f 577 665 578
f 577 669 670
f 577 670 671
f 577 671 672
f 577 672 665
f 580 673 581
f 580 604 674
f 580 674 673
f 581 673 675
f 581 675 582
f 582 675 676
f 582 676 594
f 583 677 584
f 583 586 681
f 583 681 678
f 583 678 679
f 583 679 677
f 584 677 587
f 585 680 777
f 585 777 681
f 587 677 682
f 587 682 781
f 587 781 683
f 587 683 684
f 587 684 588
f 589 593 592
f 589 592 685
f 589 685 590
f 590 685 686
f 590 686 687
f 590 687 680
f 591 600 688
f 591 688 592
f 592 688 685
f 594 676 595
f 595 676 596
f 596 676 689
f 596 689 690
f 596 690 691
f 596 691 598
f 596 598 597
f 598 691 692
f 598 692 599
f 599 692 693
f 599 693 694
f 599 694 600
f 600 694 688
f 601 624 695
f 601 695 696
f 601 696 697
f 601 697 698
f 601 698 602
f 603 698 699
f 603 699 700
f 603 700 604
f 604 700 674
f 605 684 701
f 605 701 606
f 606 701 608
f 607 609 703
f 607 703 702
f 608 701 609
f 609 701 800
f 609 800 703
f 610 612 611
f 610 667 762
f 610 762 704
f 610 704 705
f 610 705 614
f 610 614 612
f 613 616 706
f 613 706 707
f 613 707 708
f 613 708 617
f 614 705 615
f 615 705 704
f 615 704 709
f 615 709 616
f 616 709 710
f 616 710 706
f 617 708 711
f 617 711 712
f 617 712 618
f 618 712 619
f 619 712 620
f 620 712 711
f 620 711 713
f 620 713 714
f 620 714 621
f 621 714 715
f 621 715 716
f 621 716 717
f 621 717 622
f 622 717 716
f 622 716 623
f 623 716 718
f 623 718 624
f 624 718 695
f 625 702 719
f 625 719 720
f 626 721 722
f 626 722 723
f 627 723 725
f 627 725 629
f 628 630 724
f 628 724 632
f 629 725 837
f 629 837 724
f 629 724 630
f 631 633 634
f 632 724 726
f 633 727 634
f 633 726 727
f 634 727 728
f 634 728 635
f 635 728 636
f 636 728 729
f 636 729 730
f 636 730 844
f 636 844 731
f 637 731 845
f 637 845 732
f 637 732 733
f 637 733 639
f 637 639 638
f 639 733 734
f 639 734 640
f 640 734 735
f 640 735 736
f 640 736 641
f 641 736 642
f 642 736 643
f 643 737 738
f 643 738 644
f 643 736 737
f 644 738 739
f 644 739 740
f 644 740 645
f 645 740 646
f 646 740 741
f 646 741 742
f 646 742 743
f 646 743 647
f 647 743 744
f 647 744 648
f 648 744 649
f 649 744 745
f 649 745 650
f 650 745 746
f 650 746 653
f 650 653 651
f 651 653 652
f 653 746 747
f 653 747 654
f 654 747 655
f 655 747 748
f 655 748 749
f 655 749 656
f 656 749 657
f 657 749 750
f 657 750 751
f 657 751 752
f 657 752 658
f 658 752 753
f 658 753 659
f 659 753 754
f 659 754 660
f 660 754 755
f 660 755 661
f 661 756 757
f 661 757 662
f 661 755 754
f 661 754 756
f 662 757 758
f 662 758 759
f 662 759 760
f 662 760 663
f 663 760 664
f 664 760 668
f 665 672 667
f 665 667 666
f 667 672 761
f 667 761 762
f 668 759 763
f 668 763 669
f 668 760 759
f 669 763 764
f 669 764 765
f 669 765 670
f 670 765 766
f 670 766 767
f 670 767 671
f 671 767 762
f 671 762 761
f 671 761 672
f 673 674 699
f 673 699 768
f 673 768 769
f 673 769 770
f 673 770 675
f 674 700 699
f 675 770 771
f 675 771 676
f 676 771 689
f 677 772 773
f 677 773 778
f 677 778 682
f 677 679 772
f 678 681 774
f 678 774 899
f 678 899 775
f 678 775 679
f 679 775 776
f 679 776 772
f 680 687 784
f 680 784 777
f 681 777 774
f 682 778 779
f 682 779 780
f 682 780 781
f 683 781 800
f 683 800 701
f 683 701 684
f 685 688 782
f 685 782 686
f 686 782 783
f 686 783 785
f 686 785 687
f 687 785 906
f 687 906 784
f 688 694 786
f 688 786 787
f 688 787 782
f 689 771 690
f 690 788 691
f 690 771 789
f 690 789 895
f 690 895 790
f 690 790 788
f 691 788 791
f 691 791 692
f 692 791 792
f 692 792 693
f 693 792 793
f 693 793 786
f 693 786 694
f 695 718 794
f 695 794 696
f 696 794 795
f 696 795 796
f 696 796 797
f 696 797 697
f 697 797 798
f 697 798 799
f 697 799 699
f 697 699 698
f 699 799 768
f 702 703 801
f 702 801 802
f 702 802 719
f 703 803 801
f 703 800 803
f 704 762 877
f 704 877 804
f 704 804 812
f 704 812 709
f 706 805 707
f 706 710 806
f 706 806 805
f 707 805 806
f 707 806 807
f 707 807 808
f 707 808 809
f 707 809 810
f 707 810 713
f 707 713 811
f 707 811 708
f 708 811 711
f 709 812 813
f 709 813 710
f 710 814 815
f 710 815 816
f 710 816 817
f 710 817 818
f 710 818 819
f 710 819 820
f 710 820 821
f 710 821 807
f 710 807 806
f 710 813 812
f 710 812 814
f 711 811 713
f 713 810 822
f 713 822 714
f 714 822 823
f 714 823 715
f 715 823 824
f 715 824 716
f 716 825 795
f 716 795 794
f 716 794 718
f 716 824 826
f 716 826 827
f 716 827 828
f 716 828 825
f 719 802 829
f 719 829 830
f 719 830 720
f 720 830 959
f 720 959 831
f 721 832 962
f 721 962 833
f 721 833 722
f 722 833 834
f 722 834 835
f 722 835 723
f 723 836 725
f 723 835 836
f 724 837 970
f 724 970 838
f 724 838 726
f 725 836 839
f 725 839 837
f 726 838 727
f 727 840 841
f 727 841 728
f 727 838 970
f 727 970 840
f 728 841 729
f 729 841 842
f 729 842 975
f 729 975 843
f 729 843 844
f 729 844 730
f 731 844 978
f 731 978 845
f 732 845 846
f 732 846 847
f 732 847 848
f 732 848 733
f 733 848 735
f 733 735 734
f 735 848 849
f 735 849 736
f 736 849 737
f 737 849 850
f 737 850 738
f 738 850 851
f 738 851 852
f 738 852 739
f 739 852 853
f 739 853 741
f 739 741 740
f 741 853 854
f 741 854 855
f 741 855 856
f 741 856 742
f 742 856 743
f 743 856 744
f 744 856 857
f 744 857 745
f 745 857 858
f 745 858 746
f 746 858 859
f 746 859 747
f 747 859 860
f 747 860 748
f 748 860 861
f 748 861 749
f 749 861 750
f 750 862 863
f 750 863 864
f 750 864 751
f 750 861 862
f 751 864 865
f 751 865 866
f 751 866 867
f 751 867 753
f 751 753 752
f 753 867 754
f 754 867 866
f 754 866 868
f 754 868 869
f 754 869 870
f 754 870 871
f 754 871 872
f 754 872 756
f 756 872 873
f 756 873 757
f 757 873 874
f 757 874 758
f 758 874 875
f 758 875 764
f 758 764 876
f 758 876 759
f 759 876 763
f 762 767 890
f 762 890 877
f 763 876 764
f 764 875 878
f 764 878 879
f 764 879 880
f 764 880 881
f 764 881 882
f 764 882 765
f 765 882 881
f 765 881 766
f 766 883 884
f 766 884 885
f 766 885 886
f 766 886 887
f 766 887 888
f 766 888 889
f 766 889 890
f 766 890 891
f 766 891 767
f 766 881 880
f 766 880 892
f 766 892 883
f 767 891 890
f 768 799 769
f 769 789 893
f 769 893 770
f 769 799 894
f 769 894 895
f 769 895 789
f 770 893 771
f 771 893 789
f 772 776 897
f 772 897 773
f 773 896 778
f 773 897 1037
f 773 1037 896
f 774 777 784
f 774 784 898
f 774 898 1039
f 774 1039 899
f 775 899 776
f 776 899 900
f 776 900 1038
f 776 1038 897
f 778 901 902
f 778 902 779
f 778 896 901
f 779 902 903
f 779 903 904
f 779 904 780
f 780 904 800
f 780 800 781
f 782 787 783
f 783 787 905
f 783 905 907
f 783 907 785
f 784 906 1040
f 784 1040 898
f 785 907 1047
f 785 1047 906
f 786 793 787
f 787 793 905
f 788 790 908
f 788 908 909
f 788 909 791
f 790 895 910
f 790 910 908
f 791 909 792
f 792 909 911
f 792 911 912
f 792 912 913
f 792 913 793
f 793 913 914
f 793 914 915
f 793 915 905
f 795 825 916
f 795 916 796
f 796 917 918
f 796 918 797
f 796 916 917
f 797 918 894
f 797 894 798
f 798 894 799
f 800 904 919
f 800 919 803
f 801 803 919
f 801 919 920
f 801 920 921
f 801 921 802
f 802 921 829
f 804 877 1010
f 804 1010 922
f 804 922 814
f 804 814 812
f 807 821 808
f 808 821 923
f 808 923 924
f 808 924 925
f 808 925 926
f 808 926 810
f 808 810 809
f 810 926 822
f 814 922 927
f 814 927 928
f 814 928 815
f 815 928 816
f 816 928 929
f 816 929 817
f 817 929 930
f 817 930 931
f 817 931 932
f 817 932 818
f 818 933 934
f 818 934 935
f 818 935 936
f 818 936 819
f 818 932 937
f 818 937 938
f 818 938 939
f 818 939 940
f 818 940 941
f 818 941 942
f 818 942 943
f 818 943 944
f 818 944 933
f 819 936 945
f 819 945 946
f 819 946 947
f 819 947 923
f 819 923 820
f 820 923 821
f 822 926 925
f 822 925 948
f 822 948 949
f 822 949 950
f 822 950 823
f 823 950 951
f 823 951 952
f 823 952 824
f 824 953 827
f 824 827 826
f 824 952 954
f 824 954 953
f 825 828 955
f 825 955 956
f 825 956 916
f 827 953 956
f 827 956 955
f 827 955 828
f 829 921 957
f 829 957 958
f 829 958 959
f 829 959 830
f 831 959 1109
f 831 1109 960
f 832 961 1112
f 832 1112 962
f 833 962 834
f 834 963 964
f 834 964 965
f 834 965 835
f 834 962 963
f 835 965 836
f 836 966 967
f 836 967 839
f 836 965 966
f 837 968 969
f 837 969 970
f 837 839 967
f 837 967 968
f 840 971 973
f 840 973 841
f 840 970 969
f 840 969 972
f 840 972 971
f 841 973 974
f 841 974 842
f 842 974 1125
f 842 1125 975
f 843 975 976
f 843 976 1126
f 843 1126 977
f 843 977 844
f 844 977 978
f 845 978 979
f 845 979 846
f 846 979 1128
f 846 1128 980
f 846 980 981
f 846 981 847
f 847 981 982
f 847 982 848
f 848 982 849
f 849 982 983
f 849 983 984
f 849 984 850
f 850 984 851
f 851 985 986
f 851 986 852
f 851 984 985
f 852 986 987
f 852 987 853
f 853 987 988
f 853 988 854
f 854 989 990
f 854 990 855
f 854 988 991
f 854 991 1139
f 854 1139 989
f 855 990 856
f 856 990 857
f 857 990 992
f 857 992 858
f 858 992 993
f 858 993 994
f 858 994 861
f 858 861 859
f 859 861 860
f 861 994 862
f 862 995 863
f 862 994 993
f 862 993 995
f 863 995 864
f 864 995 996
f 864 996 865
f 865 996 997
f 865 997 998
f 865 998 866
f 866 998 868
f 868 998 999
f 868 999 1000
f 868 1000 869
f 869 1000 870
f 870 999 1001
f 870 1001 872
f 870 872 871
f 870 1000 999
f 872 1001 1002
f 872 1002 1003
f 872 1003 873
f 873 1003 1004
f 873 1004 1005
f 873 1005 874
f 874 1005 1006
f 874 1006 1007
f 874 1007 1008
f 874 1008 1009
f 874 1009 875
f 875 1009 879
f 875 879 878
f 877 890 889
f 877 889 1010
f 879 1008 1011
f 879 1011 1012
f 879 1012 892
f 879 892 880
f 879 1009 1008
f 883 892 1012
f 883 1012 884
f 884 1013 1014
f 884 1014 1015
f 884 1015 885
f 884 1012 1016
f 884 1016 1013
f 885 1017 886
f 885 1015 1018
f 885 1018 1019
f 885 1019 1020
f 885 1020 1021
f 885 1021 1022
f 885 1022 1023
f 885 1023 1024
f 885 1024 1025
f 885 1025 1026
f 885 1026 1027
f 885 1027 1028
f 885 1028 1017
f 886 1029 1030
f 886 1030 887
f 886 1017 1031
f 886 1031 1029
f 887 1030 1032
f 887 1032 888
f 888 1032 889
f 889 1032 1033
f 889 1033 1010
f 894 918 910
f 894 910 895
f 896 1034 1035
f 896 1035 1036
f 896 1036 901
f 896 1037 1186
f 896 1186 1034
f 897 1038 1190
f 897 1190 1037
f 898 1040 1194
f 898 1194 1039
f 899 1039 1041
f 899 1041 900
f 900 1041 1193
f 900 1193 1038
f 901 1042 902
f 901 1036 1042
f 902 1042 1043
f 902 1043 903
f 903 1043 1044
f 903 1044 1045
f 903 1045 919
f 903 919 904
f 905 915 1046
f 905 1046 907
f 906 1047 1195
f 906 1195 1040
f 907 1046 1047
f 908 1048 909
f 908 910 1049
f 908 1049 1050
f 908 1050 1051
f 908 1051 1048
f 909 1048 911
f 910 918 1052
f 910 1052 1053
f 910 1053 1049
f 911 1048 1054
f 911 1054 1055
f 911 1055 912
f 912 1055 1054
f 912 1054 1056
f 912 1056 1057
f 912 1057 1058
f 912 1058 915
f 912 915 914
f 912 914 913
f 915 1058 1059
f 915 1059 1046
f 916 956 1060
f 916 1060 917
f 917 1060 1061
f 917 1061 1062
f 917 1062 918
f 918 1062 1210
f 918 1210 1052
f 919 1045 920
f 920 1063 921
f 920 1045 1064
f 920 1064 1063
f 921 1063 957
f 922 1010 1158
f 922 1158 1065
f 922 1065 928
f 922 928 927
f 923 947 924
f 924 1066 925
f 924 947 1067
f 924 1067 1066
f 925 1066 1068
f 925 1068 948
f 928 1065 929
f 929 1065 1069
f 929 1069 930
f 930 1069 1070
f 930 1070 1071
f 930 1071 931
f 931 1071 1072
f 931 1072 937
f 931 937 932
f 933 1073 1074
f 933 1074 935
f 933 935 934
f 933 944 943
f 933 943 1075
f 933 1075 1073
f 935 1074 946
f 935 946 945
f 935 945 936
f 937 1072 1076
f 937 1076 938
f 938 1076 939
f 939 1076 1077
f 939 1077 1078
f 939 1078 1079
f 939 1079 940
f 940 1079 1080
f 940 1080 1081
f 940 1081 941
f 941 1082 1083
f 941 1083 1084
f 941 1084 1085
f 941 1085 1086
f 941 1086 1087
f 941 1087 942
f 941 1081 1088
f 941 1088 1082
f 942 1087 1089
f 942 1089 1090
f 942 1090 943
f 943 1090 1084
f 943 1084 1091
f 943 1091 1092
f 943 1092 1093
f 943 1093 1075
f 946 1067 947
f 946 1074 1067
f 948 1068 1094
f 948 1094 1095
f 948 1095 949
f 949 1095 951
f 949 951 1096
f 949 1096 950
f 950 1096 951
f 951 1097 1098
f 951 1098 954
f 951 954 952
f 951 1095 1097
f 953 954 1099
f 953 1099 956
f 954 1098 1099
f 956 1100 1101
f 956 1101 1060
f 956 1099 1102
f 956 1102 1103
f 956 1103 1104
f 956 1104 1100
f 957 1063 1105
f 957 1105 1106
f 957 1106 1107
f 957 1107 958
f 958 1108 1109
f 958 1109 959
f 958 1107 1108
f 960 1109 1265
f 960 1265 1110
f 961 1111 1270
f 961 1270 1112
f 962 1112 1113
f 962 1113 963
f 963 1113 1114
f 963 1114 964
f 964 1114 1115
f 964 1115 1116
f 964 1116 1117
f 964 1117 965
f 965 1117 966
f 966 1117 1118
f 966 1118 1119
f 966 1119 967
f 967 1119 1120
f 967 1120 968
f 968 1120 972
f 968 972 969
f 971 972 1121
f 971 1121 1122
f 971 1122 1123
f 971 1123 973
f 972 1120 1121
f 973 1123 1286
f 973 1286 1124
f 973 1124 1125
f 973 1125 974
f 975 1125 976
f 976 1125 1126
f 977 1126 1290
f 977 1290 1127
f 977 1127 979
f 977 979 978
f 979 1127 1291
f 979 1291 1128
f 980 1128 1292
f 980 1292 1129
f 980 1129 1130
f 980 1130 981
f 981 1130 983
f 981 983 982
f 983 1130 985
f 983 985 984
f 985 1131 1132
f 985 1132 1133
f 985 1133 986
f 985 1130 1131
f 986 1133 1134
f 986 1134 1135
f 986 1135 1136
f 986 1136 987
f 987 1136 988
f 988 1136 1137
f 988 1137 991
f 989 1138 990
f 989 1139 993
f 989 993 1138
f 990 1138 992
f 991 1140 1139
f 991 1137 1140
f 992 1138 993
f 993 1139 995
f 995 1139 1140
f 995 1140 996
f 996 1140 1141
f 996 1141 1305
f 996 1305 1142
f 996 1142 997
f 997 1142 1143
f 997 1143 1144
f 997 1144 998
f 998 1144 999
f 999 1144 1145
f 999 1145 1146
f 999 1146 1147
f 999 1147 1148
f 999 1148 1149
f 999 1149 1150
f 999 1150 1001
f 1001 1150 1002
f 1002 1150 1151
f 1002 1151 1004
f 1002 1004 1003
f 1004 1152 1005
f 1004 1151 1153
f 1004 1153 1154
f 1004 1154 1006
f 1004 1006 1152
f 1005 1152 1006
f 1006 1154 1007
f 1007 1154 1155
f 1007 1155 1156
f 1007 1156 1008
f 1008 1156 1157
f 1008 1157 1011
f 1010 1033 1032
f 1010 1032 1158
f 1011 1016 1012
f 1011 1157 1159
f 1011 1159 1016
f 1013 1016 1159
f 1013 1159 1160
f 1013 1160 1018
f 1013 1018 1014
f 1014 1018 1015
f 1017 1028 1031
f 1018 1160 1020
f 1018 1020 1019
f 1020 1160 1161
f 1020 1161 1162
f 1020 1162 1022
f 1020 1022 1021
f 1022 1162 1163
f 1022 1163 1164
f 1022 1164 1165
f 1022 1165 1166
f 1022 1166 1167
f 1022 1167 1023
f 1023 1167 1168
f 1023 1168 1169
f 1023 1169 1024
f 1024 1170 1025
f 1024 1169 1171
f 1024 1171 1172
f 1024 1172 1166
f 1024 1166 1173
f 1024 1173 1174
f 1024 1174 1175
f 1024 1175 1170
f 1025 1170 1176
f 1025 1176 1177
f 1025 1177 1026
f 1026 1177 1178
f 1026 1178 1179
f 1026 1179 1180
f 1026 1180 1027
f 1027 1180 1028
f 1028 1180 1181
f 1028 1181 1031
f 1029 1031 1184
f 1029 1184 1182
f 1029 1182 1183
f 1029 1183 1030
f 1030 1158 1032
f 1030 1183 1158
f 1031 1181 1184
f 1034 1185 1035
f 1034 1186 1351
f 1034 1351 1185
f 1035 1185 1187
f 1035 1187 1036
f 1036 1187 1188
f 1036 1188 1189
f 1036 1189 1042
f 1037 1190 1191
f 1037 1191 1192
f 1037 1192 1186
f 1038 1193 1190
f 1039 1194 1196
f 1039 1196 1041
f 1040 1195 1364
f 1040 1364 1194
f 1041 1196 1363
f 1041 1363 1193
f 1042 1189 1188
f 1042 1188 1197
f 1042 1197 1198
f 1042 1198 1199
f 1042 1199 1044
f 1042 1044 1043
f 1044 1199 1200
f 1044 1200 1201
f 1044 1201 1202
f 1044 1202 1064
f 1044 1064 1045
f 1046 1059 1203
f 1046 1203 1204
f 1046 1204 1047
f 1047 1204 1195
f 1048 1051 1205
f 1048 1205 1054
f 1049 1053 1206
f 1049 1206 1207
f 1049 1207 1208
f 1049 1208 1051
f 1049 1051 1050
f 1051 1054 1205
f 1051 1208 1209
f 1051 1209 1054
f 1052 1210 1053
f 1053 1210 1206
f 1054 1209 1211
f 1054 1211 1056
f 1056 1211 1212
f 1056 1212 1213
f 1056 1213 1057
f 1057 1213 1058
f 1058 1213 1214
f 1058 1214 1059
f 1059 1214 1370
f 1059 1370 1203
f 1060 1101 1215
f 1060 1215 1061
f 1061 1216 1217
f 1061 1217 1206
f 1061 1206 1210
f 1061 1210 1062
f 1061 1215 1100
f 1061 1100 1218
f 1061 1218 1219
f 1061 1219 1220
f 1061 1220 1221
f 1061 1221 1216
f 1063 1064 1202
f 1063 1202 1105
f 1065 1158 1183
f 1065 1183 1069
f 1066 1222 1073
f 1066 1073 1068
f 1066 1067 1222
f 1067 1074 1073
f 1067 1073 1222
f 1068 1223 1075
f 1068 1075 1093
f 1068 1093 1224
f 1068 1224 1225
f 1068 1225 1226
f 1068 1226 1227
f 1068 1227 1228
f 1068 1228 1094
f 1068 1073 1223
f 1069 1183 1182
f 1069 1182 1070
f 1070 1182 1184
f 1070 1184 1071
f 1071 1184 1349
f 1071 1349 1229
f 1071 1229 1072
f 1072 1229 1230
f 1072 1230 1076
f 1073 1075 1223
f 1076 1230 1077
f 1077 1230 1231
f 1077 1231 1078
f 1078 1232 1392
f 1078 1392 1233
f 1078 1233 1079
f 1078 1231 1232
f 1079 1234 1235
f 1079 1235 1236
f 1079 1236 1237
f 1079 1237 1238
f 1079 1238 1239
f 1079 1239 1081
f 1079 1081 1080
f 1079 1233 1234
f 1081 1239 1238
f 1081 1238 1088
f 1082 1240 1241
f 1082 1241 1084
f 1082 1084 1083
f 1082 1088 1240
f 1084 1242 1243
f 1084 1243 1244
f 1084 1244 1091
f 1084 1090 1245
f 1084 1245 1085
f 1084 1241 1246
f 1084 1246 1247
f 1084 1247 1248
f 1084 1248 1242
f 1085 1245 1086
f 1086 1245 1089
f 1086 1089 1087
f 1088 1249 1241
f 1088 1241 1240
f 1088 1238 1250
f 1088 1250 1251
f 1088 1251 1249
f 1089 1245 1090
f 1091 1244 1224
f 1091 1224 1093
f 1091 1093 1092
f 1094 1228 1252
f 1094 1252 1253
f 1094 1253 1095
f 1095 1253 1254
f 1095 1254 1097
f 1097 1254 1098
f 1098 1255 1102
f 1098 1102 1099
f 1098 1254 1255
f 1100 1104 1219
f 1100 1219 1218
f 1100 1215 1101
f 1102 1255 1256
f 1102 1256 1103
f 1103 1256 1257
f 1103 1257 1104
f 1104 1257 1219
f 1105 1202 1201
f 1105 1201 1258
f 1105 1258 1106
f 1106 1258 1259
f 1106 1259 1107
f 1107 1259 1260
f 1107 1260 1261
f 1107 1261 1262
f 1107 1262 1263
f 1107 1263 1108
f 1108 1264 1109
f 1108 1263 1264
f 1109 1264 1265
f 1110 1265 1267
f 1110 1267 1266
f 1111 1268 1269
f 1111 1269 1270
f 1112 1270 1271
f 1112 1271 1113
f 1113 1271 1272
f 1113 1272 1114
f 1114 1273 1274
f 1114 1274 1275
f 1114 1275 1276
f 1114 1276 1115
f 1114 1272 1273
f 1115 1276 1277
f 1115 1277 1116
f 1116 1277 1278
f 1116 1278 1279
f 1116 1279 1117
f 1117 1279 1118
f 1118 1279 1280
f 1118 1280 1119
f 1119 1280 1120
f 1120 1280 1281
f 1120 1281 1121
f 1121 1282 1122
f 1121 1281 1282
f 1122 1282 1283
f 1122 1283 1123
f 1123 1283 1284
f 1123 1284 1285
f 1123 1285 1446
f 1123 1446 1286
f 1124 1286 1449
f 1124 1449 1287
f 1124 1287 1288
f 1124 1288 1125
f 1125 1288 1126
f 1126 1288 1289
f 1126 1289 1290
f 1127 1290 1452
f 1127 1452 1291
f 1128 1291 1453
f 1128 1453 1292
f 1129 1292 1293
f 1129 1293 1130
f 1130 1293 1131
f 1131 1293 1294
f 1131 1294 1295
f 1131 1295 1134
f 1131 1134 1132
f 1132 1134 1133
f 1134 1296 1297
f 1134 1297 1298
f 1134 1298 1299
f 1134 1299 1135
f 1134 1295 1296
f 1135 1299 1298
f 1135 1298 1300
f 1135 1300 1136
f 1136 1300 1137
f 1137 1300 1301
f 1137 1301 1302
f 1137 1302 1303
f 1137 1303 1140
f 1140 1303 1304
f 1140 1304 1141
f 1141 1304 1305
f 1142 1305 1143
f 1143 1305 1306
f 1143 1306 1307
f 1143 1307 1308
f 1143 1308 1309
f 1143 1309 1310
f 1143 1310 1311
f 1143 1311 1312
f 1143 1312 1146
f 1143 1146 1313
f 1143 1313 1144
f 1144 1313 1145
f 1145 1313 1146
f 1146 1311 1147
f 1146 1312 1311
f 1147 1311 1314
f 1147 1314 1148
f 1148 1314 1315
f 1148 1315 1149
f 1149 1315 1316
f 1149 1316 1151
f 1149 1151 1150
f 1151 1316 1317
f 1151 1317 1153
f 1153 1317 1154
f 1154 1318 1155
f 1154 1317 1318
f 1155 1319 1320
f 1155 1320 1156
f 1155 1318 1319
f 1156 1320 1321
f 1156 1321 1322
f 1156 1322 1323
f 1156 1323 1324
f 1156 1324 1163
f 1156 1163 1162
f 1156 1162 1325
f 1156 1325 1161
f 1156 1161 1157
f 1157 1326 1159
f 1157 1161 1326
f 1159 1161 1160
f 1159 1326 1161
f 1161 1325 1162
f 1163 1324 1165
f 1163 1165 1164
f 1165 1327 1166
f 1165 1324 1327
f 1166 1328 1174
f 1166 1174 1173
f 1166 1172 1329
f 1166 1329 1167
f 1166 1327 1330
f 1166 1330 1331
f 1166 1331 1332
f 1166 1332 1333
f 1166 1333 1334
f 1166 1334 1328
f 1167 1329 1168
f 1168 1329 1171
f 1168 1171 1169
f 1170 1335 1177
f 1170 1177 1176
f 1170 1175 1336
f 1170 1336 1335
f 1171 1329 1172
f 1174 1328 1337
f 1174 1337 1175
f 1175 1337 1328
f 1175 1328 1338
f 1175 1338 1339
f 1175 1339 1340
f 1175 1340 1336
f 1177 1335 1336
f 1177 1336 1341
f 1177 1341 1342
f 1177 1342 1343
f 1177 1343 1344
f 1177 1344 1345
f 1177 1345 1178
f 1178 1345 1488
f 1178 1488 1346
f 1178 1346 1347
f 1178 1347 1179
f 1179 1348 1180
f 1179 1347 1348
f 1180 1348 1181
f 1181 1349 1184
f 1181 1348 1349
f 1185 1350 1187
f 1185 1351 1490
f 1185 1490 1350
f 1186 1192 1351
f 1187 1352 1353
f 1187 1353 1354
f 1187 1354 1188
f 1187 1350 1355
f 1187 1355 1356
f 1187 1356 1357
f 1187 1357 1358
f 1187 1358 1352
f 1188 1354 1197
f 1190 1193 1359
f 1190 1359 1360
f 1190 1360 1191
f 1191 1360 1501
f 1191 1501 1361
f 1191 1361 1192
f 1192 1361 1362
f 1192 1362 1351
f 1193 1363 1499
f 1193 1499 1359
f 1194 1364 1365
f 1194 1365 1196
f 1195 1204 1372
f 1195 1372 1364
f 1196 1365 1505
f 1196 1505 1363
f 1197 1354 1366
f 1197 1366 1367
f 1197 1367 1368
f 1197 1368 1198
f 1198 1368 1200
f 1198 1200 1199
f 1200 1368 1201
f 1201 1368 1367
f 1201 1367 1369
f 1201 1369 1258
f 1203 1370 1508
f 1203 1508 1371
f 1203 1371 1204
f 1204 1371 1510
f 1204 1510 1372
f 1206 1217 1207
f 1207 1217 1221
f 1207 1221 1373
f 1207 1373 1374
f 1207 1374 1375
f 1207 1375 1376
f 1207 1376 1209
f 1207 1209 1208
f 1209 1376 1211
f 1211 1376 1212
f 1212 1376 1377
f 1212 1377 1378
f 1212 1378 1379
f 1212 1379 1213
f 1213 1379 1214
f 1214 1379 1380
f 1214 1380 1370
f 1216 1221 1217
f 1219 1381 1220
f 1219 1257 1382
f 1219 1382 1381
f 1220 1381 1383
f 1220 1383 1221
f 1221 1383 1373
f 1224 1244 1384
f 1224 1384 1385
f 1224 1385 1386
f 1224 1386 1387
f 1224 1387 1225
f 1225 1387 1226
f 1226 1387 1388
f 1226 1388 1227
f 1227 1389 1228
f 1227 1388 1390
f 1227 1390 1389
f 1228 1389 1252
f 1229 1349 1489
f 1229 1489 1391
f 1229 1391 1230
f 1230 1391 1231
f 1231 1391 1489
f 1231 1489 1347
f 1231 1347 1346
f 1231 1346 1232
f 1232 1346 1488
f 1232 1488 1392
f 1233 1392 1234
f 1234 1392 1393
f 1234 1393 1394
f 1234 1394 1235
f 1235 1394 1236
f 1236 1395 1237
f 1236 1394 1395
f 1237 1396 1341
f 1237 1341 1340
f 1237 1340 1339
f 1237 1339 1334
f 1237 1334 1484
f 1237 1484 1608
f 1237 1608 1719
f 1237 1719 1723
f 1237 1723 1842
f 1237 1842 1959
f 1237 1959 2082
f 1237 2082 2193
f 1237 2193 2294
f 1237 2294 2405
f 1237 2405 2526
f 1237 2526 2645
f 1237 2645 2745
f 1237 2745 2826
f 1237 2826 2891
f 1237 2891 2943
f 1237 2943 2996
f 1237 2996 3051
f 1237 3051 3101
f 1237 3101 3145
f 1237 3145 3185
f 1237 3185 3160
f 1237 3160 3120
f 1237 3120 3068
f 1237 3068 3023
f 1237 3023 2968
f 1237 2968 2917
f 1237 2917 2914
f 1237 2914 2852
f 1237 2852 2782
f 1237 2782 2696
f 1237 2696 2701
f 1237 2701 2587
f 1237 2587 2469
f 1237 2469 2352
f 1237 2352 2241
f 1237 2241 2131
f 1237 2131 2006
f 1237 2006 1891
f 1237 1891 1762
f 1237 1762 1647
f 1237 1647 1527
f 1237 1527 1398
f 1237 1398 1246
f 1237 1246 1251
f 1237 1251 1250
f 1237 1250 1238
f 1237 1395 1485
f 1237 1485 1396
f 1241 1249 1246
f 1242 1397 1243
f 1242 1248 1397
f 1243 1397 1244
f 1244 1397 1384
f 1246 1249 1251
f 1246 1398 1247
f 1247 1398 1399
f 1247 1399 1400
f 1247 1400 1401
f 1247 1401 1402
f 1247 1402 1248
f 1248 1402 1397
f 1252 1389 1403
f 1252 1403 1253
f 1253 1403 1404
f 1253 1404 1255
f 1253 1255 1254
f 1255 1404 1405
f 1255 1405 1406
f 1255 1406 1256
f 1256 1406 1407
f 1256 1407 1408
f 1256 1408 1257
f 1257 1408 1382
f 1258 1369 1409
f 1258 1409 1260
f 1258 1260 1259
f 1260 1409 1410
f 1260 1410 1411
f 1260 1411 1412
f 1260 1412 1413
f 1260 1413 1414
f 1260 1414 1415
f 1260 1415 1416
f 1260 1416 1261
f 1261 1416 1262
f 1262 1416 1417
f 1262 1417 1263
f 1263 1417 1418
f 1263 1418 1419
f 1263 1419 1264
f 1264 1419 1420
f 1264 1420 1267
f 1264 1267 1265
f 1266 1267 1421
f 1266 1421 1422
f 1266 1422 1268
f 1267 1420 1421
f 1268 1422 1269
f 1269 1423 1271
f 1269 1271 1270
f 1269 1422 1423
f 1271 1423 1424
f 1271 1424 1272
f 1272 1425 1426
f 1272 1426 1273
f 1272 1424 1425
f 1273 1426 1427
f 1273 1427 1274
f 1274 1427 1275
f 1275 1428 1429
f 1275 1429 1430
f 1275 1430 1431
f 1275 1431 1432
f 1275 1432 1433
f 1275 1433 1434
f 1275 1434 1277
f 1275 1277 1276
f 1275 1427 1428
f 1277 1434 1435
f 1277 1435 1278
f 1278 1435 1436
f 1278 1436 1437
f 1278 1437 1438
f 1278 1438 1280
f 1278 1280 1279
f 1280 1438 1439
f 1280 1439 1282
f 1280 1282 1281
f 1282 1439 1440
f 1282 1440 1441
f 1282 1441 1442
f 1282 1442 1443
f 1282 1443 1283
f 1283 1442 1444
f 1283 1444 1284
f 1283 1443 1442
f 1284 1444 1445
f 1284 1445 1285
f 1285 1445 1572
f 1285 1572 1446
f 1286 1446 1447
f 1286 1447 1448
f 1286 1448 1449
f 1287 1449 1450
f 1287 1450 1289
f 1287 1289 1288
f 1289 1450 1577
f 1289 1577 1451
f 1289 1451 1452
f 1289 1452 1290
f 1291 1452 1579
f 1291 1579 1453
f 1292 1453 1454
f 1292 1454 1293
f 1293 1454 1455
f 1293 1455 1294
f 1294 1455 1582
f 1294 1582 1456
f 1294 1456 1295
f 1295 1456 1457
f 1295 1457 1296
f 1296 1457 1297
f 1297 1457 1458
f 1297 1458 1459
f 1297 1459 1298
f 1298 1459 1460
f 1298 1460 1301
f 1298 1301 1461
f 1298 1461 1300
f 1300 1461 1301
f 1301 1460 1462
f 1301 1462 1303
f 1301 1303 1302
f 1303 1462 1463
f 1303 1463 1306
f 1303 1306 1304
f 1304 1306 1305
f 1306 1463 1307
f 1307 1309 1308
f 1307 1463 1309
f 1309 1464 1310
f 1309 1463 1465
f 1309 1465 1464
f 1310 1464 1466
f 1310 1466 1311
f 1311 1466 1467
f 1311 1467 1314
f 1314 1467 1468
f 1314 1468 1315
f 1315 1469 1470
f 1315 1470 1316
f 1315 1468 1469
f 1316 1470 1471
f 1316 1471 1472
f 1316 1472 1318
f 1316 1318 1317
f 1318 1472 1473
f 1318 1473 1319
f 1319 1474 1320
f 1319 1473 1474
f 1320 1474 1321
f 1321 1474 1475
f 1321 1475 1476
f 1321 1476 1322
f 1322 1476 1477
f 1322 1477 1323
f 1323 1477 1324
f 1324 1477 1478
f 1324 1478 1479
f 1324 1479 1480
f 1324 1480 1327
f 1327 1480 1481
f 1327 1481 1330
f 1328 1334 1338
f 1330 1481 1331
f 1331 1481 1332
f 1332 1481 1482
f 1332 1482 1333
f 1333 1482 1483
f 1333 1483 1484
f 1333 1484 1334
f 1334 1339 1338
f 1336 1340 1341
f 1341 1396 1342
f 1342 1396 1485
f 1342 1485 1486
f 1342 1486 1343
f 1343 1486 1344
f 1344 1487 1488
f 1344 1488 1345
f 1344 1486 1487
f 1347 1489 1348
f 1348 1489 1349
f 1350 1490 1493
f 1350 1493 1355
f 1351 1362 1504
f 1351 1504 1490
f 1352 1358 1491
f 1352 1491 1492
f 1352 1492 1353
f 1353 1492 1354
f 1354 1492 1366
f 1355 1493 1495
f 1355 1495 1356
f 1356 1494 1357
f 1356 1495 1611
f 1356 1611 1494
f 1357 1494 1611
f 1357 1611 1496
f 1357 1496 1498
f 1357 1498 1358
f 1358 1497 1491
f 1358 1498 1615
f 1358 1615 1497
f 1359 1499 1500
f 1359 1500 1360
f 1360 1500 1502
f 1360 1502 1501
f 1361 1501 1362
f 1362 1501 1503
f 1362 1503 1504
f 1363 1505 1617
f 1363 1617 1499
f 1364 1372 1365
f 1365 1372 1506
f 1365 1506 1505
f 1366 1492 1411
f 1366 1411 1507
f 1366 1507 1410
f 1366 1410 1369
f 1366 1369 1367
f 1369 1410 1409
f 1370 1380 1509
f 1370 1509 1508
f 1371 1508 1627
f 1371 1627 1510
f 1372 1510 1511
f 1372 1511 1506
f 1373 1383 1512
f 1373 1512 1513
f 1373 1513 1514
f 1373 1514 1374
f 1374 1514 1375
f 1375 1514 1515
f 1375 1515 1516
f 1375 1516 1376
f 1376 1516 1377
f 1377 1516 1517
f 1377 1517 1378
f 1378 1517 1379
f 1379 1517 1380
f 1380 1517 1518
f 1380 1518 1519
f 1380 1519 1628
f 1380 1628 1509
f 1381 1382 1408
f 1381 1408 1520
f 1381 1520 1521
f 1381 1521 1383
f 1383 1521 1512
f 1384 1522 1523
f 1384 1523 1385
f 1384 1397 1522
f 1385 1523 1386
f 1386 1524 1525
f 1386 1525 1387
f 1386 1523 1524
f 1387 1525 1388
f 1388 1525 1390
f 1389 1390 1403
f 1390 1525 1524
f 1390 1524 1403
f 1392 1488 1487
f 1392 1487 1393
f 1393 1487 1486
f 1393 1486 1394
f 1394 1486 1485
f 1394 1485 1395
f 1397 1402 1526
f 1397 1526 1522
f 1398 1527 1399
f 1399 1527 1528
f 1399 1528 1400
f 1400 1528 1526
f 1400 1526 1402
f 1400 1402 1401
f 1403 1524 1529
f 1403 1529 1530
f 1403 1530 1531
f 1403 1531 1405
f 1403 1405 1404
f 1405 1531 1532
f 1405 1532 1533
f 1405 1533 1406
f 1406 1533 1407
f 1407 1533 1408
f 1408 1534 1520
f 1408 1533 1535
f 1408 1535 1534
f 1410 1507 1411
f 1411 1413 1412
f 1411 1492 1491
f 1411 1491 1536
f 1411 1536 1413
f 1413 1537 1538
f 1413 1538 1539
f 1413 1539 1414
f 1413 1536 1540
f 1413 1540 1537
f 1414 1541 1415
f 1414 1539 1538
f 1414 1538 1541
f 1415 1541 1416
f 1416 1541 1542
f 1416 1542 1417
f 1417 1542 1543
f 1417 1543 1418
f 1418 1543 1544
f 1418 1544 1545
f 1418 1545 1419
f 1419 1545 1546
f 1419 1546 1420
f 1420 1546 1421
f 1421 1546 1547
f 1421 1547 1548
f 1421 1548 1422
f 1422 1548 1549
f 1422 1549 1423
f 1423 1549 1424
f 1424 1549 1550
f 1424 1550 1425
f 1425 1550 1551
f 1425 1551 1552
f 1425 1552 1426
f 1426 1552 1553
f 1426 1553 1427
f 1427 1553 1554
f 1427 1554 1428
f 1428 1554 1429
f 1429 1555 1430
f 1429 1554 1556
f 1429 1556 1555
f 1430 1557 1558
f 1430 1558 1559
f 1430 1559 1432
f 1430 1432 1431
f 1430 1555 1556
f 1430 1556 1557
f 1432 1559 1560
f 1432 1560 1561
f 1432 1561 1562
f 1432 1562 1563
f 1432 1563 1433
f 1433 1435 1434
f 1433 1563 1562
f 1433 1562 1435
f 1435 1562 1436
f 1436 1562 1441
f 1436 1441 1437
f 1437 1441 1440
f 1437 1440 1438
f 1438 1440 1439
f 1441 1562 1564
f 1441 1564 1442
f 1442 1564 1444
f 1444 1564 1565
f 1444 1565 1566
f 1444 1566 1567
f 1444 1567 1568
f 1444 1568 1569
f 1444 1569 1570
f 1444 1570 1571
f 1444 1571 1445
f 1445 1571 1687
f 1445 1687 1572
f 1446 1572 1447
f 1447 1572 1573
f 1447 1573 1574
f 1447 1574 1448
f 1448 1574 1690
f 1448 1690 1575
f 1448 1575 1449
f 1449 1575 1576
f 1449 1576 1450
f 1450 1576 1693
f 1450 1693 1577
f 1451 1577 1694
f 1451 1694 1578
f 1451 1578 1579
f 1451 1579 1452
f 1453 1579 1580
f 1453 1580 1454
f 1454 1580 1697
f 1454 1697 1581
f 1454 1581 1455
f 1455 1581 1698
f 1455 1698 1582
f 1456 1582 1583
f 1456 1583 1584
f 1456 1584 1457
f 1457 1584 1458
f 1458 1584 1585
f 1458 1585 1586
f 1458 1586 1587
f 1458 1587 1459
f 1459 1587 1460
f 1460 1587 1463
f 1460 1463 1462
f 1463 1587 1588
f 1463 1588 1589
f 1463 1589 1465
f 1464 1590 1466
f 1464 1465 1591
f 1464 1591 1590
f 1465 1589 1592
f 1465 1592 1593
f 1465 1593 1591
f 1466 1590 1594
f 1466 1594 1468
f 1466 1468 1467
f 1468 1594 1595
f 1468 1595 1596
f 1468 1596 1597
f 1468 1597 1469
f 1469 1597 1470
f 1470 1597 1471
f 1471 1597 1598
f 1471 1598 1599
f 1471 1599 1473
f 1471 1473 1472
f 1473 1600 1601
f 1473 1601 1475
f 1473 1475 1474
f 1473 1599 1602
f 1473 1602 1600
f 1475 1601 1603
f 1475 1603 1476
f 1476 1603 1477
f 1477 1603 1478
f 1478 1603 1601
f 1478 1601 1604
f 1478 1604 1479
f 1479 1604 1480
f 1480 1604 1605
f 1480 1605 1481
f 1481 1606 1482
f 1481 1605 1606
f 1482 1606 1607
f 1482 1607 1483
f 1483 1607 1484
f 1484 1607 1609
f 1484 1609 1608
f 1490 1504 1610
f 1490 1610 1493
f 1491 1497 1536
f 1493 1610 1495
f 1495 1610 1612
f 1495 1612 1613
f 1495 1613 1496
f 1495 1496 1611
f 1496 1613 1498
f 1497 1614 1540
f 1497 1540 1536
f 1497 1615 1728
f 1497 1728 1614
f 1498 1613 1616
f 1498 1616 1615
f 1499 1617 1618
f 1499 1618 1500
f 1500 1618 1502
f 1501 1502 1503
f 1502 1619 1503
f 1502 1618 1620
f 1502 1620 1621
f 1502 1621 1619
f 1503 1622 1504
f 1503 1619 1623
f 1503 1623 1622
f 1504 1622 1624
f 1504 1624 1610
f 1505 1506 1617
f 1506 1511 1625
f 1506 1625 1626
f 1506 1626 1617
f 1508 1509 1629
f 1508 1629 1627
f 1509 1628 1741
f 1509 1741 1629
f 1510 1627 1630
f 1510 1630 1511
f 1511 1630 1737
f 1511 1737 1625
f 1512 1521 1631
f 1512 1631 1632
f 1512 1632 1633
f 1512 1633 1513
f 1513 1633 1634
f 1513 1634 1515
f 1513 1515 1514
f 1515 1634 1635
f 1515 1635 1516
f 1516 1635 1636
f 1516 1636 1517
f 1517 1637 1638
f 1517 1638 1628
f 1517 1628 1519
f 1517 1519 1518
f 1517 1636 1639
f 1517 1639 1640
f 1517 1640 1637
f 1520 1534 1535
f 1520 1535 1521
f 1521 1535 1641
f 1521 1641 1642
f 1521 1642 1643
f 1521 1643 1631
f 1522 1526 1528
f 1522 1528 1523
f 1523 1528 1524
f 1524 1644 1645
f 1524 1645 1529
f 1524 1528 1646
f 1524 1646 1644
f 1527 1647 1528
f 1528 1648 1649
f 1528 1649 1646
f 1528 1647 1650
f 1528 1650 1651
f 1528 1651 1648
f 1529 1652 1653
f 1529 1653 1530
f 1529 1645 1652
f 1530 1653 1654
f 1530 1654 1531
f 1531 1654 1532
f 1532 1654 1655
f 1532 1655 1641
f 1532 1641 1533
f 1533 1641 1535
f 1537 1656 1538
f 1537 1540 1657
f 1537 1657 1658
f 1537 1658 1656
f 1538 1656 1659
f 1538 1659 1660
f 1538 1660 1541
f 1540 1614 1657
f 1541 1660 1542
f 1542 1660 1661
f 1542 1661 1662
f 1542 1662 1663
f 1542 1663 1543
f 1543 1663 1544
f 1544 1663 1664
f 1544 1664 1545
f 1545 1664 1665
f 1545 1665 1546
f 1546 1665 1666
f 1546 1666 1547
f 1547 1666 1667
f 1547 1667 1669
f 1547 1669 1548
f 1548 1668 1549
f 1548 1669 1668
f 1549 1668 1670
f 1549 1670 1550
f 1550 1670 1671
f 1550 1671 1551
f 1551 1671 1672
f 1551 1672 1552
f 1552 1672 1553
f 1553 1672 1673
f 1553 1673 1674
f 1553 1674 1675
f 1553 1675 1554
f 1554 1675 1556
f 1556 1676 1677
f 1556 1677 1557
f 1556 1675 1676
f 1557 1677 1678
f 1557 1678 1679
f 1557 1679 1558
f 1558 1679 1680
f 1558 1680 1681
f 1558 1681 1559
f 1559 1681 1560
f 1560 1681 1567
f 1560 1567 1566
f 1560 1566 1561
f 1561 1564 1562
f 1561 1566 1565
f 1561 1565 1564
f 1567 1681 1794
f 1567 1794 1682
f 1567 1682 1684
f 1567 1684 1568
f 1568 1683 1569
f 1568 1684 1797
f 1568 1797 1683
f 1569 1683 1797
f 1569 1797 1685
f 1569 1685 1686
f 1569 1686 1570
f 1570 1686 1687
f 1570 1687 1571
f 1572 1687 1688
f 1572 1688 1573
f 1573 1688 1689
f 1573 1689 1690
f 1573 1690 1574
f 1575 1690 1691
f 1575 1691 1692
f 1575 1692 1576
f 1576 1692 1693
f 1577 1693 1807
f 1577 1807 1694
f 1578 1694 1695
f 1578 1695 1580
f 1578 1580 1579
f 1580 1695 1696
f 1580 1696 1697
f 1581 1697 1811
f 1581 1811 1698
f 1582 1698 1699
f 1582 1699 1583
f 1583 1699 1813
f 1583 1813 1700
f 1583 1700 1701
f 1583 1701 1702
f 1583 1702 1584
f 1584 1702 1585
f 1585 1702 1586
f 1586 1703 1587
f 1586 1702 1703
f 1587 1703 1588
f 1588 1704 1592
f 1588 1592 1589
f 1588 1703 1704
f 1590 1705 1706
f 1590 1706 1707
f 1590 1707 1708
f 1590 1708 1596
f 1590 1596 1594
f 1590 1591 1705
f 1591 1709 1710
f 1591 1710 1705
f 1591 1593 1709
f 1592 1704 1593
f 1593 1704 1711
f 1593 1711 1709
f 1594 1596 1595
f 1596 1708 1597
f 1597 1708 1598
f 1598 1708 1712
f 1598 1712 1713
f 1598 1713 1599
f 1599 1713 1602
f 1600 1602 1714
f 1600 1714 1715
f 1600 1715 1716
f 1600 1716 1601
f 1601 1716 1717
f 1601 1717 1718
f 1601 1718 1609
f 1601 1609 1604
f 1602 1713 1714
f 1604 1609 1605
f 1605 1609 1606
f 1606 1609 1607
f 1608 1609 1719
f 1609 1718 1720
f 1609 1720 1721
f 1609 1721 1722
f 1609 1722 1723
f 1609 1723 1719
f 1610 1624 1612
f 1612 1624 1724
f 1612 1724 1725
f 1612 1725 1613
f 1613 1725 1616
f 1614 1726 1727
f 1614 1727 1657
f 1614 1728 1847
f 1614 1847 1726
f 1615 1616 1725
f 1615 1725 1729
f 1615 1729 1730
f 1615 1730 1731
f 1615 1731 1728
f 1617 1626 1732
f 1617 1732 1618
f 1618 1732 1620
f 1619 1621 1733
f 1619 1733 1623
f 1620 1732 1734
f 1620 1734 1621
f 1621 1734 1733
f 1622 1623 1735
f 1622 1735 1624
f 1623 1736 1735
f 1623 1733 1736
f 1624 1735 1724
f 1625 1737 1738
f 1625 1738 1626
f 1626 1738 1739
f 1626 1739 1740
f 1626 1740 1732
f 1627 1629 1630
f 1628 1638 1755
f 1628 1755 1741
f 1629 1741 1872
f 1629 1872 1742
f 1629 1742 1630
f 1630 1742 1737
f 1631 1643 1743
f 1631 1743 1744
f 1631 1744 1632
f 1632 1744 1743
f 1632 1743 1745
f 1632 1745 1746
f 1632 1746 1747
f 1632 1747 1748
f 1632 1748 1635
f 1632 1635 1634
f 1632 1634 1633
f 1635 1748 1749
f 1635 1749 1636
f 1636 1750 1639
f 1636 1749 1751
f 1636 1751 1752
f 1636 1752 1750
f 1637 1640 1638
f 1638 1640 1639
f 1638 1639 1750
f 1638 1750 1753
f 1638 1753 1754
f 1638 1754 1880
f 1638 1880 1755
f 1641 1655 1642
f 1642 1655 1756
f 1642 1756 1757
f 1642 1757 1743
f 1642 1743 1643
f 1644 1758 1759
f 1644 1759 1760
f 1644 1760 1645
f 1644 1646 1758
f 1645 1760 1652
f 1646 1649 1761
f 1646 1761 1758
f 1647 1762 1650
f 1648 1651 1763
f 1648 1763 1764
f 1648 1764 1649
f 1649 1764 1761
f 1650 1762 1765
f 1650 1765 1651
f 1651 1765 1766
f 1651 1766 1763
f 1652 1760 1767
f 1652 1767 1653
f 1653 1655 1654
f 1653 1767 1655
f 1655 1767 1768
f 1655 1768 1759
f 1655 1759 1769
f 1655 1769 1770
f 1655 1770 1771
f 1655 1771 1772
f 1655 1772 1756
f 1656 1658 1727
f 1656 1727 1773
f 1656 1773 1659
f 1657 1727 1658
f 1659 1774 1775
f 1659 1775 1661
f 1659 1661 1660
f 1659 1773 1774
f 1661 1775 1662
f 1662 1775 1776
f 1662 1776 1663
f 1663 1776 1774
f 1663 1774 1777
f 1663 1777 1778
f 1663 1778 1664
f 1664 1778 1665
f 1665 1778 1779
f 1665 1779 1667
f 1665 1667 1666
f 1667 1779 1780
f 1667 1780 1781
f 1667 1781 1782
f 1667 1782 1669
f 1668 1669 1670
f 1669 1782 1783
f 1669 1783 1784
f 1669 1784 1670
f 1670 1784 1785
f 1670 1785 1671
f 1671 1785 1672
f 1672 1785 1786
f 1672 1786 1787
f 1672 1787 1788
f 1672 1788 1673
f 1673 1788 1789
f 1673 1789 1674
f 1674 1789 1676
f 1674 1676 1675
f 1676 1789 1787
f 1676 1787 1790
f 1676 1790 1677
f 1677 1790 1791
f 1677 1791 1678
f 1678 1791 1679
f 1679 1791 1680
f 1680 1791 1792
f 1680 1792 1917
f 1680 1917 1793
f 1680 1793 1794
f 1680 1794 1681
f 1682 1794 1795
f 1682 1795 1796
f 1682 1796 1684
f 1684 1796 1685
f 1684 1685 1797
f 1685 1796 1798
f 1685 1798 1799
f 1685 1799 1686
f 1686 1799 1687
f 1687 1799 1688
f 1688 1799 1800
f 1688 1800 1801
f 1688 1801 1689
f 1689 1801 1802
f 1689 1802 1803
f 1689 1803 1691
f 1689 1691 1690
f 1691 1803 1804
f 1691 1804 1805
f 1691 1805 1806
f 1691 1806 1692
f 1692 1806 1693
f 1693 1806 1807
f 1694 1807 1695
f 1695 1808 1809
f 1695 1809 1696
f 1695 1807 1808
f 1696 1809 1932
f 1696 1932 1810
f 1696 1810 1811
f 1696 1811 1697
f 1698 1811 1812
f 1698 1812 1699
f 1699 1812 1934
f 1699 1934 1813
f 1700 1813 1702
f 1700 1702 1701
f 1702 1813 1814
f 1702 1814 1815
f 1702 1815 1816
f 1702 1816 1817
f 1702 1817 1818
f 1702 1818 1703
f 1703 1818 1819
f 1703 1819 1704
f 1704 1819 1711
f 1705 1710 1820
f 1705 1820 1821
f 1705 1821 1706
f 1706 1821 1707
f 1707 1821 1822
f 1707 1822 1823
f 1707 1823 1712
f 1707 1712 1708
f 1709 1711 1710
f 1710 1824 1825
f 1710 1825 1826
f 1710 1826 1821
f 1710 1821 1820
f 1710 1711 1819
f 1710 1819 1827
f 1710 1827 1824
f 1712 1828 1829
f 1712 1829 1830
f 1712 1830 1831
f 1712 1831 1832
f 1712 1832 1833
f 1712 1833 1714
f 1712 1714 1713
f 1712 1823 1834
f 1712 1834 1828
f 1714 1833 1715
f 1715 1833 1835
f 1715 1835 1716
f 1716 1835 1717
f 1717 1835 1831
f 1717 1831 1836
f 1717 1836 1718
f 1718 1837 1720
f 1718 1836 1837
f 1720 1837 1838
f 1720 1838 1721
f 1721 1838 1839
f 1721 1839 1722
f 1722 1840 1723
f 1722 1839 1840
f 1723 1840 1841
f 1723 1841 1842
f 1724 1735 1843
f 1724 1843 1961
f 1724 1961 1844
f 1724 1844 1725
f 1725 1844 1729
f 1726 1845 1846
f 1726 1846 1727
f 1726 1847 1965
f 1726 1965 1845
f 1727 1848 1773
f 1727 1846 1849
f 1727 1849 1850
f 1727 1850 1851
f 1727 1851 1852
f 1727 1852 1848
f 1728 1731 1853
f 1728 1853 1847
f 1729 1844 1854
f 1729 1854 1855
f 1729 1855 1730
f 1730 1855 1856
f 1730 1856 1857
f 1730 1857 1853
f 1730 1853 1731
f 1732 1740 1858
f 1732 1858 1859
f 1732 1859 1734
f 1733 1860 1736
f 1733 1734 1861
f 1733 1861 1860
f 1734 1859 1861
f 1735 1736 1862
f 1735 1862 1843
f 1736 1860 1863
f 1736 1863 1862
f 1737 1742 1864
f 1737 1864 1865
f 1737 1865 1738
f 1738 1865 1866
f 1738 1866 1739
f 1739 1866 1867
f 1739 1867 1868
f 1739 1868 1869
f 1739 1869 1870
f 1739 1870 1859
f 1739 1859 1858
f 1739 1858 1740
f 1741 1871 1872
f 1741 1755 1871
f 1742 1872 1873
f 1742 1873 1871
f 1742 1871 1864
f 1743 1757 1874
f 1743 1874 1875
f 1743 1875 1745
f 1745 1875 1876
f 1745 1876 1746
f 1746 1876 1748
f 1746 1748 1747
f 1748 1876 1749
f 1749 1876 1877
f 1749 1877 1751
f 1750 1752 1754
f 1750 1754 1753
f 1751 1877 1878
f 1751 1878 1879
f 1751 1879 1752
f 1752 1879 1754
f 1754 1879 1878
f 1754 1878 2001
f 1754 2001 1880
f 1755 1880 1881
f 1755 1881 1882
f 1755 1882 1883
f 1755 1883 1884
f 1755 1884 1885
f 1755 1885 1871
f 1756 1886 1887
f 1756 1887 1757
f 1756 1772 1886
f 1757 1888 1874
f 1757 1887 1888
f 1758 1761 1759
f 1759 1768 1760
f 1759 1761 1889
f 1759 1889 1890
f 1759 1890 1769
f 1760 1768 1767
f 1761 1764 1889
f 1762 1891 1765
f 1763 1766 1765
f 1763 1765 1892
f 1763 1892 1764
f 1764 1892 1893
f 1764 1893 1894
f 1764 1894 1889
f 1765 1891 1895
f 1765 1895 1892
f 1769 1890 1896
f 1769 1896 1897
f 1769 1897 1770
f 1770 1897 1898
f 1770 1898 1772
f 1770 1772 1771
f 1772 1898 1899
f 1772 1899 1887
f 1772 1887 1886
f 1773 1848 1900
f 1773 1900 1774
f 1774 1901 1902
f 1774 1902 1777
f 1774 1776 1775
f 1774 1900 1848
f 1774 1848 1901
f 1777 1902 1778
f 1778 1902 1903
f 1778 1903 1780
f 1778 1780 1779
f 1780 1903 1904
f 1780 1904 1781
f 1781 1904 1905
f 1781 1905 1782
f 1782 1905 1783
f 1783 1906 1785
f 1783 1785 1784
f 1783 1905 1906
f 1785 1906 1907
f 1785 1907 1786
f 1786 1907 1787
f 1787 1908 1790
f 1787 1789 1788
f 1787 1907 1909
f 1787 1909 1910
f 1787 1910 1908
f 1790 1910 1791
f 1790 1908 1910
f 1791 1910 1911
f 1791 1911 1912
f 1791 1912 1913
f 1791 1913 1914
f 1791 1914 1915
f 1791 1915 1792
f 1792 1915 1916
f 1792 1916 2029
f 1792 2029 1917
f 1793 1917 1918
f 1793 1918 1919
f 1793 1919 1794
f 1794 1919 1920
f 1794 1920 1921
f 1794 1921 1922
f 1794 1922 1795
f 1795 1922 1796
f 1796 1922 1798
f 1798 1922 1923
f 1798 1923 1800
f 1798 1800 1799
f 1800 1923 1924
f 1800 1924 1801
f 1801 1924 1802
f 1802 1924 1925
f 1802 1925 1926
f 1802 1926 1803
f 1803 1926 1804
f 1804 1926 1927
f 1804 1927 1805
f 1805 1927 1928
f 1805 1928 1806
f 1806 1928 1807
f 1807 1928 1808
f 1808 1928 1929
f 1808 1929 1930
f 1808 1930 1931
f 1808 1931 1809
f 1809 1931 1932
f 1810 1932 1933
f 1810 1933 1812
f 1810 1812 1811
f 1812 1933 2051
f 1812 2051 1934
f 1813 1934 1935
f 1813 1935 1814
f 1814 1935 2056
f 1814 2056 1936
f 1814 1936 1937
f 1814 1937 1938
f 1814 1938 1817
f 1814 1817 1816
f 1814 1816 1815
f 1817 1938 1818
f 1818 1938 1939
f 1818 1939 1940
f 1818 1940 1941
f 1818 1941 1819
f 1819 1941 1827
f 1821 1942 1943
f 1821 1943 1822
f 1821 1826 1942
f 1822 1943 1944
f 1822 1944 1945
f 1822 1945 1823
f 1823 1946 1834
f 1823 1945 1946
f 1824 1827 1825
f 1825 1947 1826
f 1825 1827 1947
f 1826 1947 1942
f 1827 1941 1947
f 1828 1834 1829
f 1829 1948 1830
f 1829 1834 1949
f 1829 1949 1948
f 1830 1948 1950
f 1830 1950 1951
f 1830 1951 1831
f 1831 1951 1952
f 1831 1952 1837
f 1831 1837 1836
f 1831 1835 1832
f 1832 1835 1833
f 1834 1945 1953
f 1834 1953 1949
f 1834 1946 1945
f 1837 1952 1838
f 1838 1954 1955
f 1838 1955 1839
f 1838 1952 1956
f 1838 1956 1954
f 1839 1955 1841
f 1839 1841 1840
f 1841 1955 1957
f 1841 1957 1842
f 1842 1958 1959
f 1842 1957 1960
f 1842 1960 1958
f 1843 1862 1962
f 1843 1962 1963
f 1843 1963 1964
f 1843 1964 1961
f 1844 1961 1854
f 1845 1965 1966
f 1845 1966 1846
f 1846 1966 1968
f 1846 1968 1849
f 1847 1853 1966
f 1847 1966 1965
f 1848 1852 1967
f 1848 1967 1901
f 1849 1968 1969
f 1849 1969 1850
f 1850 1969 1971
f 1850 1971 1851
f 1851 1970 1852
f 1851 1971 2091
f 1851 2091 1970
f 1852 1970 1967
f 1853 1857 1966
f 1854 1961 1972
f 1854 1972 1973
f 1854 1973 1855
f 1855 1973 1974
f 1855 1974 1856
f 1856 1974 1975
f 1856 1975 1976
f 1856 1976 1857
f 1857 1976 1977
f 1857 1977 1966
f 1859 1870 1978
f 1859 1978 1979
f 1859 1979 1861
f 1860 1861 1980
f 1860 1980 1981
f 1860 1981 1863
f 1861 1979 1980
f 1862 1863 1962
f 1863 1981 1962
f 1864 1982 1865
f 1864 1871 1983
f 1864 1983 1982
f 1865 1982 1867
f 1865 1867 1866
f 1867 1982 1984
f 1867 1984 1868
f 1868 1984 1985
f 1868 1985 1986
f 1868 1986 1987
f 1868 1987 1988
f 1868 1988 1870
f 1868 1870 1869
f 1870 1988 1978
f 1871 1873 1872
f 1871 1885 1884
f 1871 1884 1883
f 1871 1883 1989
f 1871 1989 1990
f 1871 1990 1991
f 1871 1991 1983
f 1874 1888 1992
f 1874 1992 1993
f 1874 1993 1875
f 1875 1993 1876
f 1876 1994 1995
f 1876 1995 1996
f 1876 1996 1997
f 1876 1997 1998
f 1876 1998 1999
f 1876 1999 1877
f 1876 1993 1992
f 1876 1992 2000
f 1876 2000 1994
f 1877 1999 1998
f 1877 1998 2002
f 1877 2002 1878
f 1878 2002 2130
f 1878 2130 2001
f 1880 1882 1881
f 1880 2001 2003
f 1880 2003 2004
f 1880 2004 1882
f 1882 2004 1989
f 1882 1989 1883
f 1887 1899 2005
f 1887 2005 1888
f 1888 2005 1992
f 1889 1894 1895
f 1889 1895 1890
f 1890 1895 1897
f 1890 1897 1896
f 1891 2006 2007
f 1891 2007 2008
f 1891 2008 1895
f 1892 1895 1893
f 1893 1895 1894
f 1895 2008 2009
f 1895 2009 2010
f 1895 2010 2011
f 1895 2011 2012
f 1895 2012 2013
f 1895 2013 2014
f 1895 2014 1897
f 1897 2014 2015
f 1897 2015 2000
f 1897 2000 2016
f 1897 2016 1898
f 1898 2017 2018
f 1898 2018 1899
f 1898 2016 2000
f 1898 2000 2017
f 1899 2018 2005
f 1901 2019 1902
f 1901 1967 2019
f 1902 2019 1903
f 1903 2019 1904
f 1904 2019 2088
f 1904 2088 2020
f 1904 2020 2021
f 1904 2021 1905
f 1905 2021 2140
f 1905 2140 2022
f 1905 2022 1906
f 1906 2022 1907
f 1907 2022 1909
f 1909 2022 2023
f 1909 2023 1910
f 1910 2023 1911
f 1911 2023 2024
f 1911 2024 1912
f 1912 2024 2143
f 1912 2143 2025
f 1912 2025 2026
f 1912 2026 1913
f 1913 2026 2027
f 1913 2027 1914
f 1914 2027 2028
f 1914 2028 1915
f 1915 2028 2029
f 1915 2029 1916
f 1917 2029 2028
f 1917 2028 1918
f 1918 2028 2030
f 1918 2030 1920
f 1918 1920 1919
f 1920 2030 2031
f 1920 2031 2032
f 1920 2032 1921
f 1921 2032 2033
f 1921 2033 2034
f 1921 2034 1922
f 1922 2034 1923
f 1923 2034 2153
f 1923 2153 2035
f 1923 2035 1924
f 1924 2035 2036
f 1924 2036 1925
f 1925 2036 2037
f 1925 2037 2038
f 1925 2038 1926
f 1926 2038 2039
f 1926 2039 1927
f 1927 2039 2040
f 1927 2040 1928
f 1928 2040 2041
f 1928 2041 1929
f 1929 2041 1930
f 1930 2042 2043
f 1930 2043 2044
f 1930 2044 2045
f 1930 2045 2046
f 1930 2046 1931
f 1930 2041 2040
f 1930 2040 2042
f 1931 2046 2047
f 1931 2047 1932
f 1932 2047 2048
f 1932 2048 1933
f 1933 2048 2049
f 1933 2049 2050
f 1933 2050 2051
f 1934 2051 2049
f 1934 2049 1935
f 1935 2052 2053
f 1935 2053 2054
f 1935 2054 2055
f 1935 2055 2056
f 1935 2049 2057
f 1935 2057 2052
f 1936 1938 1937
f 1936 2056 2173
f 1936 2173 2058
f 1936 2058 2059
f 1936 2059 1939
f 1936 1939 1938
f 1939 2059 1940
f 1940 2059 2058
f 1940 2058 2060
f 1940 2060 1941
f 1941 2060 1947
f 1942 1947 2061
f 1942 2061 1943
f 1943 2061 2062
f 1943 2062 1944
f 1944 2062 2063
f 1944 2063 1945
f 1945 2063 1953
f 1947 2062 2061
f 1947 2060 2064
f 1947 2064 2065
f 1947 2065 2066
f 1947 2066 2067
f 1947 2067 2068
f 1947 2068 2069
f 1947 2069 2070
f 1947 2070 2062
f 1948 1949 2071
f 1948 2071 2070
f 1948 2070 2072
f 1948 2072 2073
f 1948 2073 1957
f 1948 1957 1951
f 1948 1951 1950
f 1949 1953 2074
f 1949 2074 2075
f 1949 2075 2070
f 1949 2070 2071
f 1951 1957 1952
f 1952 1957 1956
f 1953 2063 2074
f 1954 1956 1957
f 1954 1957 1955
f 1957 2073 2076
f 1957 2076 2077
f 1957 2077 2078
f 1957 2078 2079
f 1957 2079 2080
f 1957 2080 1960
f 1958 2081 1959
f 1958 1960 2081
f 1959 2081 2082
f 1960 2080 2083
f 1960 2083 2081
f 1961 1964 1972
f 1962 1981 2084
f 1962 2084 2085
f 1962 2085 1963
f 1963 2085 2087
f 1963 2087 1964
f 1964 2086 1972
f 1964 2087 2086
f 1966 1977 1968
f 1967 2088 2019
f 1967 1970 2091
f 1967 2091 2089
f 1967 2089 2198
f 1967 2198 2088
f 1968 1977 1969
f 1969 1977 2090
f 1969 2090 2092
f 1969 2092 1971
f 1971 2092 2093
f 1971 2093 2091
f 1972 2086 2094
f 1972 2094 1973
f 1973 2094 1974
f 1974 2095 1975
f 1974 2094 2096
f 1974 2096 2097
f 1974 2097 2095
f 1975 2098 1976
f 1975 2095 2099
f 1975 2099 2100
f 1975 2100 2098
f 1976 2098 2090
f 1976 2090 1977
f 1978 2101 2102
f 1978 2102 1979
f 1978 1988 2101
f 1979 2102 1980
f 1980 2102 2103
f 1980 2103 1981
f 1981 2103 2104
f 1981 2104 2105
f 1981 2105 2084
f 1982 1983 1991
f 1982 1991 2106
f 1982 2106 1984
f 1984 2106 1985
f 1985 2107 1986
f 1985 2106 2108
f 1985 2108 2107
f 1986 2109 2101
f 1986 2101 1988
f 1986 1988 1987
f 1986 2107 2110
f 1986 2110 2109
f 1989 2111 1990
f 1989 2004 2112
f 1989 2112 2113
f 1989 2113 2111
f 1990 2111 2114
f 1990 2114 2115
f 1990 2115 2106
f 1990 2106 1991
f 1992 2005 2116
f 1992 2116 2117
f 1992 2117 2000
f 1994 2118 2119
f 1994 2119 2120
f 1994 2120 2121
f 1994 2121 1995
f 1994 2000 2118
f 1995 2121 2122
f 1995 2122 1996
f 1996 2122 1997
f 1997 2002 1998
f 1997 2122 2123
f 1997 2123 2124
f 1997 2124 2002
f 2000 2015 2011
f 2000 2011 2125
f 2000 2125 2126
f 2000 2126 2127
f 2000 2127 2128
f 2000 2128 2118
f 2000 2117 2018
f 2000 2018 2017
f 2001 2129 2112
f 2001 2112 2003
f 2001 2130 2238
f 2001 2238 2129
f 2002 2124 2232
f 2002 2232 2130
f 2003 2112 2004
f 2005 2018 2116
f 2006 2131 2132
f 2006 2132 2007
f 2007 2132 2008
f 2008 2132 2133
f 2008 2133 2009
f 2009 2011 2010
f 2009 2133 2132
f 2009 2132 2011
f 2011 2015 2134
f 2011 2134 2135
f 2011 2135 2012
f 2011 2132 2136
f 2011 2136 2125
f 2012 2135 2013
f 2013 2137 2014
f 2013 2135 2137
f 2014 2137 2015
f 2015 2137 2134
f 2018 2117 2116
f 2020 2088 2197
f 2020 2197 2138
f 2020 2138 2021
f 2021 2139 2140
f 2021 2138 2244
f 2021 2244 2141
f 2021 2141 2245
f 2021 2245 2139
f 2022 2140 2023
f 2023 2140 2246
f 2023 2246 2142
f 2023 2142 2143
f 2023 2143 2024
f 2025 2143 2144
f 2025 2144 2145
f 2025 2145 2146
f 2025 2146 2026
f 2026 2146 2147
f 2026 2147 2027
f 2027 2147 2028
f 2028 2147 2030
f 2030 2147 2148
f 2030 2148 2031
f 2031 2149 2150
f 2031 2150 2151
f 2031 2151 2032
f 2031 2148 2149
f 2032 2151 2033
f 2033 2151 2152
f 2033 2152 2153
f 2033 2153 2034
f 2035 2153 2154
f 2035 2154 2155
f 2035 2155 2156
f 2035 2156 2036
f 2036 2156 2037
f 2037 2156 2157
f 2037 2157 2038
f 2038 2157 2158
f 2038 2158 2039
f 2039 2158 2159
f 2039 2159 2040
f 2040 2159 2160
f 2040 2160 2042
f 2042 2160 2161
f 2042 2161 2044
f 2042 2044 2043
f 2044 2161 2162
f 2044 2162 2163
f 2044 2163 2164
f 2044 2164 2165
f 2044 2165 2045
f 2045 2165 2166
f 2045 2166 2047
f 2045 2047 2046
f 2047 2166 2048
f 2048 2166 2167
f 2048 2167 2049
f 2049 2051 2050
f 2049 2167 2168
f 2049 2168 2169
f 2049 2169 2170
f 2049 2170 2053
f 2049 2053 2052
f 2049 2052 2057
f 2053 2170 2054
f 2054 2170 2171
f 2054 2171 2056
f 2054 2056 2055
f 2056 2171 2172
f 2056 2172 2173
f 2058 2173 2281
f 2058 2281 2174
f 2058 2174 2065
f 2058 2065 2060
f 2060 2065 2064
f 2062 2175 2176
f 2062 2176 2063
f 2062 2070 2175
f 2063 2176 2074
f 2065 2174 2066
f 2066 2174 2177
f 2066 2177 2178
f 2066 2178 2179
f 2066 2179 2067
f 2067 2179 2068
f 2068 2179 2180
f 2068 2180 2069
f 2069 2180 2181
f 2069 2181 2182
f 2069 2182 2183
f 2069 2183 2070
f 2070 2184 2185
f 2070 2185 2186
f 2070 2186 2187
f 2070 2187 2078
f 2070 2078 2072
f 2070 2075 2074
f 2070 2074 2175
f 2070 2183 2184
f 2072 2188 2189
f 2072 2189 2073
f 2072 2078 2188
f 2073 2189 2076
f 2074 2176 2175
f 2076 2189 2190
f 2076 2190 2077
f 2077 2190 2078
f 2078 2190 2188
f 2078 2187 2191
f 2078 2191 2081
f 2078 2081 2080
f 2078 2080 2079
f 2080 2081 2083
f 2081 2191 2192
f 2081 2192 2082
f 2082 2192 2193
f 2084 2105 2085
f 2085 2105 2087
f 2086 2087 2194
f 2086 2194 2195
f 2086 2195 2094
f 2087 2105 2196
f 2087 2196 2194
f 2088 2198 2300
f 2088 2300 2197
f 2089 2091 2093
f 2089 2093 2199
f 2089 2199 2200
f 2089 2200 2301
f 2089 2301 2198
f 2090 2098 2201
f 2090 2201 2092
f 2092 2201 2202
f 2092 2202 2203
f 2092 2203 2093
f 2093 2203 2199
f 2094 2195 2205
f 2094 2205 2096
f 2095 2097 2204
f 2095 2204 2099
f 2096 2205 2206
f 2096 2206 2097
f 2097 2206 2207
f 2097 2207 2204
f 2098 2100 2201
f 2099 2204 2208
f 2099 2208 2209
f 2099 2209 2100
f 2100 2210 2201
f 2100 2209 2210
f 2101 2109 2110
f 2101 2110 2211
f 2101 2211 2212
f 2101 2212 2102
f 2102 2212 2103
f 2103 2213 2214
f 2103 2214 2104
f 2103 2212 2313
f 2103 2313 2213
f 2104 2214 2105
f 2105 2214 2196
f 2106 2115 2108
f 2107 2108 2110
f 2108 2215 2216
f 2108 2216 2110
f 2108 2115 2217
f 2108 2217 2218
f 2108 2218 2219
f 2108 2219 2215
f 2110 2216 2220
f 2110 2220 2211
f 2111 2113 2221
f 2111 2221 2222
f 2111 2222 2223
f 2111 2223 2114
f 2112 2129 2113
f 2113 2129 2224
f 2113 2224 2221
f 2114 2223 2225
f 2114 2225 2226
f 2114 2226 2115
f 2115 2226 2217
f 2118 2128 2119
f 2119 2227 2229
f 2119 2229 2120
f 2119 2128 2228
f 2119 2228 2227
f 2120 2229 2230
f 2120 2230 2121
f 2121 2231 2122
f 2121 2230 2231
f 2122 2231 2124
f 2122 2124 2123
f 2124 2231 2343
f 2124 2343 2232
f 2125 2136 2233
f 2125 2233 2234
f 2125 2234 2126
f 2126 2235 2236
f 2126 2236 2127
f 2126 2234 2237
f 2126 2237 2235
f 2127 2236 2128
f 2128 2236 2228
f 2129 2238 2239
f 2129 2239 2224
f 2130 2232 2240
f 2130 2240 2238
f 2131 2241 2242
f 2131 2242 2132
f 2132 2242 2136
f 2134 2137 2135
f 2136 2243 2234
f 2136 2234 2233
f 2136 2242 2243
f 2138 2197 2300
f 2138 2300 2244
f 2139 2245 2246
f 2139 2246 2140
f 2141 2244 2247
f 2141 2247 2356
f 2141 2356 2248
f 2141 2248 2245
f 2142 2246 2355
f 2142 2355 2249
f 2142 2249 2250
f 2142 2250 2144
f 2142 2144 2143
f 2144 2250 2251
f 2144 2251 2145
f 2145 2251 2252
f 2145 2252 2253
f 2145 2253 2146
f 2146 2253 2254
f 2146 2254 2148
f 2146 2148 2147
f 2148 2254 2149
f 2149 2254 2255
f 2149 2255 2256
f 2149 2256 2257
f 2149 2257 2150
f 2150 2257 2258
f 2150 2258 2259
f 2150 2259 2260
f 2150 2260 2151
f 2151 2260 2152
f 2152 2260 2261
f 2152 2261 2154
f 2152 2154 2153
f 2154 2261 2262
f 2154 2262 2263
f 2154 2263 2155
f 2155 2263 2264
f 2155 2264 2156
f 2156 2264 2157
f 2157 2264 2265
f 2157 2265 2266
f 2157 2266 2267
f 2157 2267 2158
f 2158 2267 2268
f 2158 2268 2159
f 2159 2268 2160
f 2160 2268 2269
f 2160 2269 2161
f 2161 2163 2162
f 2161 2269 2163
f 2163 2269 2270
f 2163 2270 2271
f 2163 2271 2272
f 2163 2272 2164
f 2164 2272 2273
f 2164 2273 2274
f 2164 2274 2165
f 2165 2274 2166
f 2166 2274 2168
f 2166 2168 2167
f 2168 2274 2169
f 2169 2274 2275
f 2169 2275 2276
f 2169 2276 2277
f 2169 2277 2170
f 2170 2277 2278
f 2170 2278 2279
f 2170 2279 2171
f 2171 2279 2172
f 2172 2279 2173
f 2173 2279 2280
f 2173 2280 2390
f 2173 2390 2281
f 2174 2281 2282
f 2174 2282 2177
f 2177 2282 2394
f 2177 2394 2283
f 2177 2283 2179
f 2177 2179 2178
f 2179 2283 2180
f 2180 2283 2284
f 2180 2284 2181
f 2181 2284 2285
f 2181 2285 2286
f 2181 2286 2182
f 2182 2286 2287
f 2182 2287 2184
f 2182 2184 2183
f 2184 2287 2288
f 2184 2288 2185
f 2185 2288 2186
f 2186 2288 2289
f 2186 2289 2290
f 2186 2290 2291
f 2186 2291 2187
f 2187 2291 2292
f 2187 2292 2191
f 2188 2190 2189
f 2191 2292 2291
f 2191 2291 2293
f 2191 2293 2192
f 2192 2293 2291
f 2192 2291 2193
f 2193 2291 2295
f 2193 2295 2294
f 2194 2196 2296
f 2194 2296 2297
f 2194 2297 2195
f 2195 2298 2205
f 2195 2297 2298
f 2196 2214 2299
f 2196 2299 2296
f 2198 2301 2412
f 2198 2412 2300
f 2199 2203 2202
f 2199 2202 2302
f 2199 2302 2200
f 2200 2302 2303
f 2200 2303 2304
f 2200 2304 2301
f 2201 2210 2305
f 2201 2305 2202
f 2202 2305 2302
f 2204 2207 2208
f 2205 2298 2206
f 2206 2298 2207
f 2207 2306 2208
f 2207 2298 2307
f 2207 2307 2308
f 2207 2308 2306
f 2208 2306 2309
f 2208 2309 2209
f 2209 2310 2210
f 2209 2309 2311
f 2209 2311 2310
f 2210 2310 2305
f 2211 2312 2313
f 2211 2313 2212
f 2211 2220 2314
f 2211 2314 2315
f 2211 2315 2312
f 2213 2313 2316
f 2213 2316 2317
f 2213 2317 2214
f 2214 2317 2299
f 2215 2318 2319
f 2215 2319 2216
f 2215 2219 2318
f 2216 2319 2320
f 2216 2320 2220
f 2217 2226 2218
f 2218 2226 2225
f 2218 2225 2321
f 2218 2321 2322
f 2218 2322 2219
f 2219 2322 2323
f 2219 2323 2319
f 2219 2319 2318
f 2220 2320 2314
f 2221 2324 2222
f 2221 2224 2325
f 2221 2325 2324
f 2222 2324 2325
f 2222 2325 2326
f 2222 2326 2327
f 2222 2327 2328
f 2222 2328 2329
f 2222 2329 2321
f 2222 2321 2330
f 2222 2330 2223
f 2223 2330 2225
f 2224 2331 2332
f 2224 2332 2333
f 2224 2333 2326
f 2224 2326 2325
f 2224 2239 2238
f 2224 2238 2240
f 2224 2240 2334
f 2224 2334 2335
f 2224 2335 2336
f 2224 2336 2337
f 2224 2337 2331
f 2225 2330 2321
f 2227 2338 2341
f 2227 2341 2229
f 2227 2228 2339
f 2227 2339 2461
f 2227 2461 2338
f 2228 2236 2340
f 2228 2340 2339
f 2229 2341 2342
f 2229 2342 2230
f 2230 2342 2343
f 2230 2343 2231
f 2232 2343 2344
f 2232 2344 2345
f 2232 2345 2240
f 2234 2243 2242
f 2234 2242 2241
f 2234 2241 2346
f 2234 2346 2347
f 2234 2347 2348
f 2234 2348 2349
f 2234 2349 2237
f 2235 2340 2236
f 2235 2237 2350
f 2235 2350 2340
f 2237 2349 2466
f 2237 2466 2351
f 2237 2351 2350
f 2240 2345 2344
f 2240 2344 2334
f 2241 2352 2471
f 2241 2471 2353
f 2241 2353 2346
f 2244 2300 2247
f 2245 2248 2354
f 2245 2354 2355
f 2245 2355 2246
f 2247 2300 2356
f 2248 2356 2472
f 2248 2472 2357
f 2248 2357 2358
f 2248 2358 2354
f 2249 2355 2359
f 2249 2359 2360
f 2249 2360 2361
f 2249 2361 2250
f 2250 2361 2252
f 2250 2252 2251
f 2252 2361 2362
f 2252 2362 2253
f 2253 2362 2363
f 2253 2363 2255
f 2253 2255 2254
f 2255 2363 2364
f 2255 2364 2256
f 2256 2364 2365
f 2256 2365 2366
f 2256 2366 2257
f 2257 2366 2258
f 2258 2366 2367
f 2258 2367 2368
f 2258 2368 2369
f 2258 2369 2259
f 2259 2369 2370
f 2259 2370 2260
f 2260 2370 2261
f 2261 2370 2371
f 2261 2371 2262
f 2262 2265 2263
f 2262 2371 2372
f 2262 2372 2265
f 2263 2265 2264
f 2265 2372 2373
f 2265 2373 2266
f 2266 2373 2267
f 2267 2373 2374
f 2267 2374 2492
f 2267 2492 2375
f 2267 2375 2268
f 2268 2375 2269
f 2269 2375 2376
f 2269 2376 2271
f 2269 2271 2270
f 2271 2376 2377
f 2271 2377 2378
f 2271 2378 2273
f 2271 2273 2272
f 2273 2378 2379
f 2273 2379 2380
f 2273 2380 2381
f 2273 2381 2382
f 2273 2382 2275
f 2273 2275 2274
f 2275 2382 2383
f 2275 2383 2276
f 2276 2384 2385
f 2276 2385 2277
f 2276 2383 2384
f 2277 2385 2386
f 2277 2386 2387
f 2277 2387 2278
f 2278 2387 2388
f 2278 2388 2280
f 2278 2280 2279
f 2280 2388 2389
f 2280 2389 2390
f 2281 2390 2391
f 2281 2391 2282
f 2282 2392 2393
f 2282 2393 2394
f 2282 2391 2392
f 2283 2394 2395
f 2283 2395 2284
f 2284 2395 2396
f 2284 2396 2285
f 2285 2396 2397
f 2285 2397 2286
f 2286 2397 2520
f 2286 2520 2398
f 2286 2398 2287
f 2287 2399 2288
f 2287 2398 2399
f 2288 2399 2289
f 2289 2400 2290
f 2289 2399 2400
f 2290 2401 2524
f 2290 2524 2402
f 2290 2402 2291
f 2290 2400 2401
f 2291 2403 2404
f 2291 2404 2295
f 2291 2402 2403
f 2294 2295 2406
f 2294 2406 2527
f 2294 2527 2405
f 2295 2404 2407
f 2295 2407 2406
f 2296 2299 2316
f 2296 2316 2408
f 2296 2408 2409
f 2296 2409 2410
f 2296 2410 2297
f 2297 2410 2411
f 2297 2411 2298
f 2298 2411 2307
f 2299 2317 2316
f 2300 2412 2356
f 2301 2304 2415
f 2301 2415 2412
f 2302 2305 2413
f 2302 2413 2303
f 2303 2413 2414
f 2303 2414 2416
f 2303 2416 2304
f 2304 2416 2536
f 2304 2536 2415
f 2305 2310 2417
f 2305 2417 2418
f 2305 2418 2413
f 2306 2419 2420
f 2306 2420 2309
f 2306 2308 2419
f 2307 2411 2308
f 2308 2411 2421
f 2308 2421 2534
f 2308 2534 2422
f 2308 2422 2419
f 2309 2420 2423
f 2309 2423 2311
f 2310 2311 2417
f 2311 2424 2417
f 2311 2423 2424
f 2312 2425 2316
f 2312 2316 2313
f 2312 2315 2426
f 2312 2426 2427
f 2312 2427 2425
f 2314 2320 2428
f 2314 2428 2315
f 2315 2428 2429
f 2315 2429 2430
f 2315 2430 2426
f 2316 2425 2408
f 2319 2429 2428
f 2319 2428 2320
f 2319 2323 2431
f 2319 2431 2432
f 2319 2432 2433
f 2319 2433 2434
f 2319 2434 2435
f 2319 2435 2429
f 2321 2329 2436
f 2321 2436 2322
f 2322 2436 2437
f 2322 2437 2323
f 2323 2437 2431
f 2326 2333 2327
f 2327 2333 2438
f 2327 2438 2439
f 2327 2439 2440
f 2327 2440 2441
f 2327 2441 2329
f 2327 2329 2328
f 2329 2441 2436
f 2331 2442 2443
f 2331 2443 2444
f 2331 2444 2445
f 2331 2445 2438
f 2331 2438 2332
f 2331 2337 2442
f 2332 2438 2333
f 2334 2344 2335
f 2335 2344 2446
f 2335 2446 2336
f 2336 2446 2447
f 2336 2447 2448
f 2336 2448 2449
f 2336 2449 2337
f 2337 2450 2451
f 2337 2451 2452
f 2337 2452 2453
f 2337 2453 2454
f 2337 2454 2455
f 2337 2455 2456
f 2337 2456 2457
f 2337 2457 2458
f 2337 2458 2459
f 2337 2459 2460
f 2337 2460 2442
f 2337 2449 2450
f 2338 2448 2447
f 2338 2447 2341
f 2338 2461 2462
f 2338 2462 2448
f 2339 2340 2463
f 2339 2463 2582
f 2339 2582 2461
f 2340 2350 2463
f 2341 2447 2342
f 2342 2447 2446
f 2342 2446 2343
f 2343 2446 2344
f 2346 2353 2464
f 2346 2464 2347
f 2347 2464 2348
f 2348 2465 2466
f 2348 2466 2349
f 2348 2464 2465
f 2350 2467 2582
f 2350 2582 2463
f 2350 2351 2468
f 2350 2468 2467
f 2351 2466 2586
f 2351 2586 2468
f 2352 2469 2470
f 2352 2470 2471
f 2353 2471 2584
f 2353 2584 2464
f 2354 2358 2359
f 2354 2359 2355
f 2356 2412 2415
f 2356 2415 2472
f 2357 2472 2590
f 2357 2590 2473
f 2357 2473 2474
f 2357 2474 2358
f 2358 2474 2475
f 2358 2475 2359
f 2359 2475 2476
f 2359 2476 2360
f 2360 2476 2477
f 2360 2477 2361
f 2361 2477 2362
f 2362 2477 2478
f 2362 2478 2479
f 2362 2479 2480
f 2362 2480 2363
f 2363 2480 2364
f 2364 2480 2481
f 2364 2481 2482
f 2364 2482 2365
f 2365 2482 2483
f 2365 2483 2367
f 2365 2367 2366
f 2367 2483 2484
f 2367 2484 2485
f 2367 2485 2486
f 2367 2486 2368
f 2368 2486 2369
f 2369 2486 2370
f 2370 2486 2487
f 2370 2487 2371
f 2371 2487 2488
f 2371 2488 2372
f 2372 2488 2489
f 2372 2489 2373
f 2373 2489 2490
f 2373 2490 2374
f 2374 2490 2491
f 2374 2491 2492
f 2375 2492 2376
f 2376 2492 2493
f 2376 2493 2494
f 2376 2494 2495
f 2376 2495 2377
f 2377 2495 2496
f 2377 2496 2378
f 2378 2496 2497
f 2378 2497 2379
f 2379 2497 2498
f 2379 2498 2380
f 2380 2499 2500
f 2380 2500 2381
f 2380 2498 2497
f 2380 2497 2499
f 2381 2384 2383
f 2381 2383 2382
f 2381 2500 2501
f 2381 2501 2384
f 2384 2501 2502
f 2384 2502 2385
f 2385 2502 2386
f 2386 2503 2504
f 2386 2504 2505
f 2386 2505 2506
f 2386 2506 2507
f 2386 2507 2508
f 2386 2508 2387
f 2386 2502 2501
f 2386 2501 2503
f 2387 2508 2507
f 2387 2507 2388
f 2388 2509 2510
f 2388 2510 2511
f 2388 2511 2391
f 2388 2391 2390
f 2388 2390 2389
f 2388 2507 2506
f 2388 2506 2512
f 2388 2512 2513
f 2388 2513 2514
f 2388 2514 2515
f 2388 2515 2509
f 2391 2511 2393
f 2391 2393 2392
f 2393 2516 2394
f 2393 2511 2510
f 2393 2510 2516
f 2394 2516 2395
f 2395 2517 2396
f 2395 2516 2517
f 2396 2517 2518
f 2396 2518 2397
f 2397 2518 2519
f 2397 2519 2520
f 2398 2520 2640
f 2398 2640 2521
f 2398 2521 2399
f 2399 2521 2400
f 2400 2521 2640
f 2400 2640 2522
f 2400 2522 2523
f 2400 2523 2401
f 2401 2523 2643
f 2401 2643 2524
f 2402 2524 2403
f 2403 2524 2525
f 2403 2525 2407
f 2403 2407 2404
f 2405 2527 2528
f 2405 2528 2529
f 2405 2529 2530
f 2405 2530 2526
f 2406 2407 2531
f 2406 2531 2527
f 2407 2525 2644
f 2407 2644 2531
f 2408 2425 2409
f 2409 2421 2532
f 2409 2532 2410
f 2409 2425 2533
f 2409 2533 2534
f 2409 2534 2421
f 2410 2532 2411
f 2411 2532 2421
f 2413 2418 2414
f 2414 2418 2535
f 2414 2535 2537
f 2414 2537 2416
f 2415 2536 2590
f 2415 2590 2472
f 2416 2537 2654
f 2416 2654 2536
f 2417 2424 2418
f 2418 2424 2535
f 2419 2422 2538
f 2419 2538 2539
f 2419 2539 2420
f 2420 2539 2423
f 2422 2534 2540
f 2422 2540 2538
f 2423 2539 2541
f 2423 2541 2542
f 2423 2542 2543
f 2423 2543 2424
f 2424 2544 2535
f 2424 2543 2545
f 2424 2545 2544
f 2425 2427 2533
f 2426 2546 2533
f 2426 2533 2427
f 2426 2430 2546
f 2429 2435 2547
f 2429 2547 2430
f 2430 2547 2548
f 2430 2548 2546
f 2431 2549 2433
f 2431 2433 2432
f 2431 2437 2550
f 2431 2550 2551
f 2431 2551 2549
f 2433 2549 2552
f 2433 2552 2553
f 2433 2553 2434
f 2434 2553 2435
f 2435 2553 2552
f 2435 2552 2547
f 2436 2441 2440
f 2436 2440 2554
f 2436 2554 2555
f 2436 2555 2556
f 2436 2556 2437
f 2437 2556 2557
f 2437 2557 2550
f 2438 2445 2439
f 2439 2558 2440
f 2439 2445 2559
f 2439 2559 2558
f 2440 2558 2560
f 2440 2560 2554
f 2442 2460 2443
f 2443 2460 2444
f 2444 2559 2445
f 2444 2460 2561
f 2444 2561 2559
f 2448 2462 2450
f 2448 2450 2449
f 2450 2462 2562
f 2450 2562 2451
f 2451 2562 2452
f 2452 2562 2563
f 2452 2563 2564
f 2452 2564 2565
f 2452 2565 2453
f 2453 2565 2566
f 2453 2566 2567
f 2453 2567 2454
f 2454 2568 2569
f 2454 2569 2570
f 2454 2570 2571
f 2454 2571 2572
f 2454 2572 2455
f 2454 2567 2573
f 2454 2573 2574
f 2454 2574 2568
f 2455 2572 2575
f 2455 2575 2576
f 2455 2576 2456
f 2456 2577 2578
f 2456 2578 2579
f 2456 2579 2458
f 2456 2458 2457
f 2456 2576 2569
f 2456 2569 2580
f 2456 2580 2577
f 2458 2581 2561
f 2458 2561 2460
f 2458 2460 2459
f 2458 2579 2581
f 2461 2582 2583
f 2461 2583 2462
f 2462 2583 2562
f 2464 2584 2585
f 2464 2585 2465
f 2465 2585 2586
f 2465 2586 2466
f 2467 2563 2583
f 2467 2583 2582
f 2467 2468 2564
f 2467 2564 2563
f 2468 2586 2688
f 2468 2688 2564
f 2469 2587 2588
f 2469 2588 2565
f 2469 2565 2470
f 2470 2565 2589
f 2470 2589 2584
f 2470 2584 2471
f 2473 2590 2702
f 2473 2702 2591
f 2473 2591 2592
f 2473 2592 2474
f 2474 2592 2593
f 2474 2593 2475
f 2475 2593 2594
f 2475 2594 2476
f 2476 2594 2478
f 2476 2478 2477
f 2478 2594 2595
f 2478 2595 2479
f 2479 2595 2481
f 2479 2481 2480
f 2481 2595 2596
f 2481 2596 2482
f 2482 2596 2597
f 2482 2597 2483
f 2483 2597 2598
f 2483 2598 2484
f 2484 2599 2600
f 2484 2600 2485
f 2484 2598 2601
f 2484 2601 2712
f 2484 2712 2599
f 2485 2600 2486
f 2486 2600 2487
f 2487 2600 2602
f 2487 2602 2488
f 2488 2602 2603
f 2488 2603 2604
f 2488 2604 2491
f 2488 2491 2489
f 2489 2491 2490
f 2491 2604 2605
f 2491 2605 2493
f 2491 2493 2492
f 2493 2605 2606
f 2493 2606 2607
f 2493 2607 2494
f 2494 2607 2608
f 2494 2608 2609
f 2494 2609 2610
f 2494 2610 2496
f 2494 2496 2495
f 2496 2610 2497
f 2497 2610 2609
f 2497 2609 2611
f 2497 2611 2612
f 2497 2612 2613
f 2497 2613 2614
f 2497 2614 2615
f 2497 2615 2499
f 2499 2615 2616
f 2499 2616 2500
f 2500 2616 2617
f 2500 2617 2501
f 2501 2617 2503
f 2503 2617 2618
f 2503 2618 2505
f 2503 2505 2504
f 2505 2619 2620
f 2505 2620 2621
f 2505 2621 2512
f 2505 2512 2506
f 2505 2618 2619
f 2509 2622 2518
f 2509 2518 2517
f 2509 2517 2516
f 2509 2516 2510
f 2509 2515 2622
f 2512 2621 2513
f 2513 2621 2514
f 2514 2623 2624
f 2514 2624 2625
f 2514 2625 2515
f 2514 2621 2626
f 2514 2626 2623
f 2515 2627 2628
f 2515 2628 2629
f 2515 2629 2630
f 2515 2630 2631
f 2515 2631 2632
f 2515 2632 2633
f 2515 2633 2634
f 2515 2634 2622
f 2515 2625 2635
f 2515 2635 2636
f 2515 2636 2637
f 2515 2637 2627
f 2518 2622 2634
f 2518 2634 2519
f 2519 2638 2639
f 2519 2639 2520
f 2519 2634 2638
f 2520 2639 2640
f 2522 2640 2639
f 2522 2639 2641
f 2522 2641 2642
f 2522 2642 2523
f 2523 2642 2651
f 2523 2651 2643
f 2524 2643 2644
f 2524 2644 2525
f 2526 2530 2646
f 2526 2646 2645
f 2527 2531 2528
f 2528 2531 2647
f 2528 2647 2529
f 2529 2648 2649
f 2529 2649 2530
f 2529 2647 2650
f 2529 2650 2651
f 2529 2651 2642
f 2529 2642 2632
f 2529 2632 2631
f 2529 2631 2652
f 2529 2652 2648
f 2530 2649 2648
f 2530 2648 2646
f 2531 2644 2650
f 2531 2650 2647
f 2533 2540 2534
f 2533 2546 2540
f 2535 2544 2653
f 2535 2653 2537
f 2536 2654 2702
f 2536 2702 2590
f 2537 2653 2654
f 2538 2540 2655
f 2538 2655 2656
f 2538 2656 2657
f 2538 2657 2658
f 2538 2658 2539
f 2539 2658 2541
f 2540 2546 2659
f 2540 2659 2660
f 2540 2660 2655
f 2541 2661 2542
f 2541 2658 2662
f 2541 2662 2661
f 2542 2661 2662
f 2542 2662 2663
f 2542 2663 2664
f 2542 2664 2665
f 2542 2665 2544
f 2542 2544 2545
f 2542 2545 2543
f 2544 2665 2666
f 2544 2666 2653
f 2546 2548 2667
f 2546 2667 2756
f 2546 2756 2659
f 2547 2668 2548
f 2547 2552 2668
f 2548 2669 2667
f 2548 2668 2669
f 2549 2551 2670
f 2549 2670 2552
f 2550 2557 2551
f 2551 2557 2671
f 2551 2671 2670
f 2552 2672 2673
f 2552 2673 2668
f 2552 2670 2674
f 2552 2674 2675
f 2552 2675 2676
f 2552 2676 2672
f 2554 2560 2677
f 2554 2677 2678
f 2554 2678 2555
f 2555 2678 2557
f 2555 2557 2679
f 2555 2679 2556
f 2556 2679 2557
f 2557 2680 2671
f 2557 2678 2680
f 2558 2681 2581
f 2558 2581 2560
f 2558 2559 2681
f 2559 2561 2581
f 2559 2581 2681
f 2560 2682 2579
f 2560 2579 2578
f 2560 2578 2683
f 2560 2683 2684
f 2560 2684 2685
f 2560 2685 2686
f 2560 2686 2687
f 2560 2687 2677
f 2560 2581 2682
f 2562 2583 2563
f 2564 2688 2565
f 2565 2689 2589
f 2565 2588 2690
f 2565 2690 2567
f 2565 2567 2566
f 2565 2688 2689
f 2567 2690 2588
f 2567 2588 2573
f 2568 2574 2569
f 2569 2691 2692
f 2569 2692 2693
f 2569 2693 2580
f 2569 2576 2694
f 2569 2694 2570
f 2569 2574 2695
f 2569 2695 2696
f 2569 2696 2697
f 2569 2697 2698
f 2569 2698 2691
f 2570 2694 2571
f 2571 2694 2575
f 2571 2575 2572
f 2573 2699 2695
f 2573 2695 2700
f 2573 2700 2574
f 2573 2588 2587
f 2573 2587 2701
f 2573 2701 2699
f 2574 2700 2695
f 2575 2694 2576
f 2577 2580 2578
f 2578 2580 2683
f 2579 2682 2581
f 2580 2693 2683
f 2584 2589 2689
f 2584 2689 2585
f 2585 2689 2586
f 2586 2689 2688
f 2591 2702 2749
f 2591 2749 2703
f 2591 2703 2592
f 2592 2703 2704
f 2592 2704 2593
f 2593 2704 2594
f 2594 2704 2705
f 2594 2705 2595
f 2595 2705 2706
f 2595 2706 2707
f 2595 2707 2596
f 2596 2707 2708
f 2596 2708 2709
f 2596 2709 2710
f 2596 2710 2597
f 2597 2710 2598
f 2598 2710 2711
f 2598 2711 2601
f 2599 2712 2603
f 2599 2603 2713
f 2599 2713 2600
f 2600 2713 2602
f 2601 2714 2712
f 2601 2711 2714
f 2602 2713 2603
f 2603 2712 2715
f 2603 2715 2605
f 2603 2605 2604
f 2605 2715 2606
f 2606 2715 2607
f 2607 2715 2716
f 2607 2716 2608
f 2608 2717 2609
f 2608 2716 2718
f 2608 2718 2717
f 2609 2717 2611
f 2611 2717 2719
f 2611 2719 2720
f 2611 2720 2612
f 2612 2720 2613
f 2613 2719 2721
f 2613 2721 2615
f 2613 2615 2614
f 2613 2720 2719
f 2615 2721 2722
f 2615 2722 2723
f 2615 2723 2616
f 2616 2723 2724
f 2616 2724 2725
f 2616 2725 2617
f 2617 2725 2726
f 2617 2726 2727
f 2617 2727 2619
f 2617 2619 2618
f 2619 2727 2728
f 2619 2728 2729
f 2619 2729 2620
f 2620 2626 2621
f 2620 2729 2730
f 2620 2730 2626
f 2623 2626 2730
f 2623 2730 2731
f 2623 2731 2635
f 2623 2635 2624
f 2624 2635 2625
f 2627 2637 2628
f 2628 2732 2629
f 2628 2637 2733
f 2628 2733 2734
f 2628 2734 2735
f 2628 2735 2736
f 2628 2736 2737
f 2628 2737 2732
f 2629 2732 2738
f 2629 2738 2739
f 2629 2739 2630
f 2630 2739 2740
f 2630 2740 2741
f 2630 2741 2737
f 2630 2737 2742
f 2630 2742 2743
f 2630 2743 2646
f 2630 2646 2648
f 2630 2648 2631
f 2631 2648 2652
f 2632 2641 2638
f 2632 2638 2633
f 2632 2642 2641
f 2633 2638 2634
f 2635 2731 2637
f 2635 2637 2636
f 2637 2731 2744
f 2637 2744 2733
f 2638 2641 2639
f 2643 2651 2650
f 2643 2650 2644
f 2645 2646 2746
f 2645 2746 2745
f 2646 2743 2747
f 2646 2747 2748
f 2646 2748 2746
f 2653 2749 2654
f 2653 2666 2750
f 2653 2750 2749
f 2654 2749 2702
f 2655 2751 2657
f 2655 2657 2656
f 2655 2660 2752
f 2655 2752 2753
f 2655 2753 2751
f 2657 2662 2754
f 2657 2754 2658
f 2657 2751 2755
f 2657 2755 2662
f 2658 2754 2662
f 2659 2756 2660
f 2660 2756 2752
f 2662 2755 2757
f 2662 2757 2663
f 2663 2757 2758
f 2663 2758 2759
f 2663 2759 2664
f 2664 2759 2665
f 2665 2759 2760
f 2665 2760 2666
f 2666 2760 2828
f 2666 2828 2750
f 2667 2669 2756
f 2668 2673 2761
f 2668 2761 2669
f 2669 2762 2763
f 2669 2763 2752
f 2669 2752 2756
f 2669 2761 2672
f 2669 2672 2764
f 2669 2764 2765
f 2669 2765 2766
f 2669 2766 2767
f 2669 2767 2762
f 2670 2671 2674
f 2671 2680 2768
f 2671 2768 2769
f 2671 2769 2674
f 2672 2676 2765
f 2672 2765 2764
f 2672 2761 2673
f 2674 2769 2770
f 2674 2770 2675
f 2675 2770 2771
f 2675 2771 2676
f 2676 2771 2765
f 2677 2687 2772
f 2677 2772 2773
f 2677 2773 2678
f 2678 2773 2768
f 2678 2768 2680
f 2683 2693 2774
f 2683 2774 2775
f 2683 2775 2776
f 2683 2776 2777
f 2683 2777 2684
f 2684 2777 2685
f 2685 2777 2778
f 2685 2778 2686
f 2686 2779 2687
f 2686 2778 2780
f 2686 2780 2779
f 2687 2779 2772
f 2691 2781 2692
f 2691 2698 2781
f 2692 2781 2693
f 2693 2781 2774
f 2695 2699 2696
f 2696 2699 2701
f 2696 2782 2697
f 2697 2782 2783
f 2697 2783 2784
f 2697 2784 2698
f 2698 2784 2781
f 2703 2749 2827
f 2703 2827 2785
f 2703 2785 2786
f 2703 2786 2704
f 2704 2786 2787
f 2704 2787 2705
f 2705 2787 2788
f 2705 2788 2708
f 2705 2708 2706
f 2706 2708 2707
f 2708 2789 2790
f 2708 2790 2791
f 2708 2791 2792
f 2708 2792 2709
f 2708 2788 2789
f 2709 2792 2791
f 2709 2791 2793
f 2709 2793 2710
f 2710 2793 2711
f 2711 2793 2794
f 2711 2794 2795
f 2711 2795 2796
f 2711 2796 2714
f 2712 2714 2715
f 2714 2796 2797
f 2714 2797 2798
f 2714 2798 2716
f 2714 2716 2715
f 2716 2798 2865
f 2716 2865 2799
f 2716 2799 2718
f 2717 2718 2800
f 2717 2800 2719
f 2718 2799 2801
f 2718 2801 2800
f 2719 2800 2802
f 2719 2802 2803
f 2719 2803 2804
f 2719 2804 2805
f 2719 2805 2806
f 2719 2806 2807
f 2719 2807 2721
f 2721 2807 2722
f 2722 2807 2808
f 2722 2808 2724
f 2722 2724 2723
f 2724 2809 2725
f 2724 2808 2810
f 2724 2810 2811
f 2724 2811 2726
f 2724 2726 2809
f 2725 2809 2726
f 2726 2811 2727
f 2727 2811 2812
f 2727 2812 2728
f 2728 2813 2814
f 2728 2814 2815
f 2728 2815 2816
f 2728 2816 2817
f 2728 2817 2734
f 2728 2734 2733
f 2728 2733 2818
f 2728 2818 2744
f 2728 2744 2729
f 2728 2812 2813
f 2729 2819 2730
f 2729 2744 2819
f 2730 2744 2731
f 2730 2819 2744
f 2732 2820 2738
f 2732 2737 2820
f 2733 2744 2818
f 2734 2817 2736
f 2734 2736 2735
f 2736 2821 2737
f 2736 2817 2821
f 2737 2748 2743
f 2737 2743 2742
f 2737 2741 2820
f 2737 2821 2822
f 2737 2822 2823
f 2737 2823 2824
f 2737 2824 2825
f 2737 2825 2745
f 2737 2745 2748
f 2738 2820 2740
f 2738 2740 2739
f 2740 2820 2741
f 2743 2748 2747
f 2745 2825 2826
f 2745 2746 2748
f 2749 2750 2827
f 2750 2828 2892
f 2750 2892 2827
f 2751 2753 2755
f 2752 2763 2753
f 2753 2829 2755
f 2753 2763 2767
f 2753 2767 2830
f 2753 2830 2831
f 2753 2831 2832
f 2753 2832 2829
f 2755 2829 2757
f 2757 2829 2758
f 2758 2829 2833
f 2758 2833 2834
f 2758 2834 2835
f 2758 2835 2759
f 2759 2835 2760
f 2760 2835 2836
f 2760 2836 2828
f 2762 2767 2763
f 2765 2837 2766
f 2765 2771 2838
f 2765 2838 2837
f 2766 2837 2839
f 2766 2839 2767
f 2767 2839 2830
f 2768 2773 2769
f 2769 2773 2840
f 2769 2840 2841
f 2769 2841 2842
f 2769 2842 2770
f 2770 2842 2843
f 2770 2843 2844
f 2770 2844 2771
f 2771 2844 2838
f 2772 2779 2845
f 2772 2845 2773
f 2773 2845 2840
f 2774 2846 2847
f 2774 2847 2775
f 2774 2781 2846
f 2775 2847 2776
f 2776 2848 2849
f 2776 2849 2777
f 2776 2847 2848
f 2777 2849 2778
f 2778 2849 2780
f 2779 2780 2845
f 2780 2849 2848
f 2780 2848 2845
f 2781 2784 2850
f 2781 2850 2846
f 2782 2851 2783
f 2782 2852 2853
f 2782 2853 2851
f 2783 2851 2784
f 2784 2851 2850
f 2785 2827 2892
f 2785 2892 2854
f 2785 2854 2855
f 2785 2855 2786
f 2786 2855 2856
f 2786 2856 2787
f 2787 2856 2788
f 2788 2856 2857
f 2788 2857 2789
f 2789 2857 2790
f 2790 2857 2858
f 2790 2858 2859
f 2790 2859 2791
f 2791 2859 2860
f 2791 2860 2794
f 2791 2794 2861
f 2791 2861 2793
f 2793 2861 2794
f 2794 2860 2862
f 2794 2862 2796
f 2794 2796 2795
f 2796 2862 2863
f 2796 2863 2864
f 2796 2864 2797
f 2797 2864 2865
f 2797 2865 2798
f 2799 2865 2801
f 2800 2866 2802
f 2800 2801 2866
f 2801 2865 2864
f 2801 2864 2867
f 2801 2867 2868
f 2801 2868 2869
f 2801 2869 2870
f 2801 2870 2871
f 2801 2871 2872
f 2801 2872 2803
f 2801 2803 2866
f 2802 2866 2803
f 2803 2871 2804
f 2803 2872 2871
f 2804 2871 2873
f 2804 2873 2805
f 2805 2873 2874
f 2805 2874 2806
f 2806 2874 2875
f 2806 2875 2808
f 2806 2808 2807
f 2808 2876 2810
f 2808 2875 2876
f 2810 2876 2811
f 2811 2877 2812
f 2811 2876 2877
f 2812 2878 2813
f 2812 2877 2878
f 2813 2879 2814
f 2813 2878 2879
f 2814 2879 2880
f 2814 2880 2881
f 2814 2881 2815
f 2815 2881 2882
f 2815 2882 2816
f 2816 2882 2817
f 2817 2882 2883
f 2817 2883 2884
f 2817 2884 2885
f 2817 2885 2821
f 2821 2885 2886
f 2821 2886 2822
f 2822 2886 2823
f 2823 2886 2824
f 2824 2886 2887
f 2824 2887 2825
f 2825 2887 2888
f 2825 2888 2889
f 2825 2889 2890
f 2825 2890 2826
f 2826 2890 2891
f 2828 2836 2893
f 2828 2893 2892
f 2829 2832 2894
f 2829 2894 2833
f 2830 2839 2895
f 2830 2895 2896
f 2830 2896 2897
f 2830 2897 2831
f 2831 2897 2832
f 2832 2897 2898
f 2832 2898 2894
f 2833 2894 2899
f 2833 2899 2834
f 2834 2899 2835
f 2835 2899 2836
f 2836 2899 2900
f 2836 2900 2901
f 2836 2901 2944
f 2836 2944 2893
f 2837 2838 2844
f 2837 2844 2902
f 2837 2902 2903
f 2837 2903 2839
f 2839 2903 2895
f 2840 2845 2841
f 2841 2845 2904
f 2841 2904 2905
f 2841 2905 2906
f 2841 2906 2842
f 2842 2906 2843
f 2843 2906 2844
f 2844 2907 2902
f 2844 2906 2908
f 2844 2908 2907
f 2845 2848 2909
f 2845 2909 2910
f 2845 2910 2904
f 2846 2850 2853
f 2846 2853 2847
f 2847 2853 2848
f 2848 2911 2912
f 2848 2912 2909
f 2848 2853 2913
f 2848 2913 2911
f 2850 2851 2853
f 2852 2914 2853
f 2853 2915 2916
f 2853 2916 2913
f 2853 2914 2917
f 2853 2917 2918
f 2853 2918 2915
f 2854 2892 2893
f 2854 2893 2919
f 2854 2919 2855
f 2855 2919 2920
f 2855 2920 2856
f 2856 2920 2921
f 2856 2921 2857
f 2857 2921 2858
f 2858 2921 2922
f 2858 2922 2923
f 2858 2923 2924
f 2858 2924 2859
f 2859 2924 2860
f 2860 2924 2863
f 2860 2863 2862
f 2863 2924 2925
f 2863 2925 2926
f 2863 2926 2927
f 2863 2927 2869
f 2863 2869 2867
f 2863 2867 2864
f 2867 2869 2868
f 2869 2927 2928
f 2869 2928 2870
f 2870 2928 2929
f 2870 2929 2871
f 2871 2929 2930
f 2871 2930 2873
f 2873 2930 2931
f 2873 2931 2874
f 2874 2932 2933
f 2874 2933 2875
f 2874 2931 2932
f 2875 2933 2934
f 2875 2934 2935
f 2875 2935 2877
f 2875 2877 2876
f 2877 2935 2936
f 2877 2936 2878
f 2878 2936 2879
f 2879 2936 2880
f 2880 2936 2937
f 2880 2937 2938
f 2880 2938 2881
f 2881 2938 2882
f 2882 2938 2883
f 2883 2938 2937
f 2883 2937 2939
f 2883 2939 2884
f 2884 2939 2885
f 2885 2939 2940
f 2885 2940 2886
f 2886 2941 2887
f 2886 2940 2941
f 2887 2941 2889
f 2887 2889 2888
f 2889 2941 2942
f 2889 2942 2890
f 2890 2942 2891
f 2891 2942 2943
f 2893 2944 2971
f 2893 2971 2919
f 2894 2898 2945
f 2894 2945 2946
f 2894 2946 2899
f 2895 2947 2896
f 2895 2903 2948
f 2895 2948 2949
f 2895 2949 2947
f 2896 2898 2897
f 2896 2947 2950
f 2896 2950 2898
f 2898 2950 2945
f 2899 2951 2952
f 2899 2952 2944
f 2899 2944 2901
f 2899 2901 2900
f 2899 2946 2953
f 2899 2953 2954
f 2899 2954 2951
f 2902 2907 2908
f 2902 2908 2903
f 2903 2908 2955
f 2903 2955 2956
f 2903 2956 2957
f 2903 2957 2948
f 2904 2910 2958
f 2904 2958 2905
f 2905 2958 2959
f 2905 2959 2955
f 2905 2955 2906
f 2906 2955 2908
f 2909 2960 2961
f 2909 2961 2910
f 2909 2912 2960
f 2910 2961 2958
f 2911 2962 2963
f 2911 2963 2964
f 2911 2964 2912
f 2911 2913 2962
f 2912 2964 2960
f 2913 2916 2965
f 2913 2965 2962
f 2915 2918 2966
f 2915 2966 2967
f 2915 2967 2916
f 2916 2967 2965
f 2917 2968 2969
f 2917 2969 2970
f 2917 2970 2918
f 2918 2970 2966
f 2919 2971 2972
f 2919 2972 2920
f 2920 2972 2973
f 2920 2973 2974
f 2920 2974 2921
f 2921 2974 2922
f 2922 2974 2923
f 2923 2975 2924
f 2923 2974 2975
f 2924 2975 2925
f 2925 2976 2926
f 2925 2975 2977
f 2925 2977 2976
f 2926 2976 2927
f 2927 2978 2979
f 2927 2979 2928
f 2927 2976 2978
f 2928 2980 2929
f 2928 2979 2980
f 2929 2980 2981
f 2929 2981 2931
f 2929 2931 2930
f 2931 2981 2982
f 2931 2982 2983
f 2931 2983 2984
f 2931 2984 2932
f 2932 2984 2933
f 2933 2984 2934
f 2934 2984 2985
f 2934 2985 2986
f 2934 2986 2936
f 2934 2936 2935
f 2936 2987 2937
f 2936 2986 2988
f 2936 2988 2987
f 2937 2987 2989
f 2937 2989 2990
f 2937 2990 2991
f 2937 2991 2942
f 2937 2942 2939
f 2939 2942 2940
f 2940 2942 2941
f 2942 2991 2992
f 2942 2992 2993
f 2942 2993 2994
f 2942 2994 2995
f 2942 2995 2943
f 2943 2995 2996
f 2944 2952 3009
f 2944 3009 2971
f 2945 2950 2949
f 2945 2949 2997
f 2945 2997 2998
f 2945 2998 2946
f 2946 2998 2999
f 2946 2999 3000
f 2946 3000 3001
f 2946 3001 2953
f 2947 2949 2950
f 2948 2957 3002
f 2948 3002 3003
f 2948 3003 2949
f 2949 3003 3002
f 2949 3002 3004
f 2949 3004 3005
f 2949 3005 3006
f 2949 3006 2997
f 2951 2954 2952
f 2952 2954 2953
f 2952 2953 3001
f 2952 3001 3007
f 2952 3007 3008
f 2952 3008 3058
f 2952 3058 3009
f 2955 2959 2956
f 2956 2959 3010
f 2956 3010 3011
f 2956 3011 3002
f 2956 3002 2957
f 2958 2961 2959
f 2959 2961 3012
f 2959 3012 3013
f 2959 3013 2963
f 2959 2963 3014
f 2959 3014 3015
f 2959 3015 3016
f 2959 3016 3017
f 2959 3017 3010
f 2960 2964 3012
f 2960 3012 2961
f 2962 2965 2963
f 2963 3013 2964
f 2963 2965 3018
f 2963 3018 3019
f 2963 3019 3014
f 2964 3013 3012
f 2965 2967 3018
f 2966 2970 2969
f 2966 2969 3020
f 2966 3020 2967
f 2967 3020 3021
f 2967 3021 3022
f 2967 3022 3018
f 2968 3023 3024
f 2968 3024 3025
f 2968 3025 3026
f 2968 3026 2969
f 2969 3026 3020
f 2971 2974 2972
f 2971 3009 2974
f 2972 2974 2973
f 2974 3009 3027
f 2974 3027 3028
f 2974 3028 3029
f 2974 3029 3030
f 2974 3030 2975
f 2975 3030 3031
f 2975 3031 2977
f 2976 2977 2978
f 2977 3031 3032
f 2977 3032 2978
f 2978 3032 3033
f 2978 3033 2979
f 2979 3033 3034
f 2979 3034 3035
f 2979 3035 2980
f 2980 3035 3036
f 2980 3036 3037
f 2980 3037 3038
f 2980 3038 2983
f 2980 2983 2981
f 2981 2983 2982
f 2983 3038 2984
f 2984 3038 2985
f 2985 3038 3039
f 2985 3039 3040
f 2985 3040 2986
f 2986 3040 2988
f 2987 2988 3041
f 2987 3041 3042
f 2987 3042 2989
f 2988 3040 3041
f 2989 3043 2990
f 2989 3042 3043
f 2990 3043 3044
f 2990 3044 3045
f 2990 3045 2991
f 2991 3046 2992
f 2991 3045 3046
f 2992 3046 3047
f 2992 3047 2993
f 2993 3047 3048
f 2993 3048 2994
f 2994 3049 3050
f 2994 3050 2995
f 2994 3048 3049
f 2995 3050 2996
f 2996 3050 3051
f 2997 3006 3005
f 2997 3005 3052
f 2997 3052 2998
f 2998 3052 3053
f 2998 3053 2999
f 2999 3053 3054
f 2999 3054 3055
f 2999 3055 3000
f 3000 3055 3008
f 3000 3008 3001
f 3001 3008 3007
f 3002 3056 3004
f 3002 3011 3057
f 3002 3057 3056
f 3004 3056 3052
f 3004 3052 3005
f 3008 3055 3054
f 3008 3054 3112
f 3008 3112 3058
f 3009 3058 3059
f 3009 3059 3060
f 3009 3060 3029
f 3009 3029 3028
f 3009 3028 3027
f 3010 3061 3062
f 3010 3062 3011
f 3010 3017 3061
f 3011 3063 3057
f 3011 3062 3063
f 3014 3019 3064
f 3014 3064 3065
f 3014 3065 3015
f 3015 3065 3066
f 3015 3066 3017
f 3015 3017 3016
f 3017 3066 3067
f 3017 3067 3062
f 3017 3062 3061
f 3018 3022 3026
f 3018 3026 3019
f 3019 3026 3065
f 3019 3065 3064
f 3020 3026 3021
f 3021 3026 3022
f 3023 3068 3069
f 3023 3069 3024
f 3024 3069 3025
f 3025 3070 3026
f 3025 3069 3071
f 3025 3071 3070
f 3026 3070 3072
f 3026 3072 3073
f 3026 3073 3074
f 3026 3074 3075
f 3026 3075 3076
f 3026 3076 3065
f 3029 3060 3030
f 3030 3077 3078
f 3030 3078 3079
f 3030 3079 3031
f 3030 3060 3077
f 3031 3079 3080
f 3031 3080 3034
f 3031 3034 3032
f 3032 3034 3033
f 3034 3081 3082
f 3034 3082 3083
f 3034 3083 3084
f 3034 3084 3085
f 3034 3085 3035
f 3034 3080 3081
f 3035 3085 3084
f 3035 3084 3036
f 3036 3084 3037
f 3037 3084 3086
f 3037 3086 3087
f 3037 3087 3039
f 3037 3039 3038
f 3039 3088 3089
f 3039 3089 3090
f 3039 3090 3044
f 3039 3044 3091
f 3039 3091 3092
f 3039 3092 3041
f 3039 3041 3040
f 3039 3087 3093
f 3039 3093 3088
f 3041 3092 3042
f 3042 3092 3043
f 3043 3091 3044
f 3043 3092 3091
f 3044 3094 3095
f 3044 3095 3046
f 3044 3046 3045
f 3044 3090 3094
f 3046 3095 3047
f 3047 3096 3097
f 3047 3097 3048
f 3047 3095 3098
f 3047 3098 3096
f 3048 3097 3050
f 3048 3050 3049
f 3050 3097 3099
f 3050 3099 3051
f 3051 3100 3101
f 3051 3099 3102
f 3051 3102 3100
f 3052 3103 3104
f 3052 3104 3105
f 3052 3105 3106
f 3052 3106 3107
f 3052 3107 3108
f 3052 3108 3053
f 3052 3056 3109
f 3052 3109 3110
f 3052 3110 3111
f 3052 3111 3103
f 3053 3108 3107
f 3053 3107 3113
f 3053 3113 3054
f 3054 3113 3159
f 3054 3159 3112
f 3056 3057 3109
f 3057 3063 3110
f 3057 3110 3109
f 3058 3060 3059
f 3058 3112 3114
f 3058 3114 3077
f 3058 3077 3060
f 3062 3067 3115
f 3062 3115 3063
f 3063 3115 3110
f 3065 3076 3116
f 3065 3116 3111
f 3065 3111 3117
f 3065 3117 3066
f 3066 3118 3119
f 3066 3119 3067
f 3066 3117 3111
f 3066 3111 3118
f 3067 3119 3115
f 3068 3120 3121
f 3068 3121 3069
f 3069 3121 3122
f 3069 3122 3073
f 3069 3073 3070
f 3069 3070 3071
f 3070 3073 3072
f 3073 3123 3111
f 3073 3111 3116
f 3073 3116 3124
f 3073 3124 3125
f 3073 3125 3074
f 3073 3122 3123
f 3074 3125 3075
f 3075 3126 3076
f 3075 3125 3126
f 3076 3126 3116
f 3077 3114 3078
f 3078 3114 3112
f 3078 3112 3127
f 3078 3127 3079
f 3079 3127 3128
f 3079 3128 3080
f 3080 3128 3082
f 3080 3082 3081
f 3082 3128 3083
f 3083 3128 3129
f 3083 3129 3084
f 3084 3129 3130
f 3084 3130 3086
f 3086 3130 3131
f 3086 3131 3132
f 3086 3132 3087
f 3087 3133 3093
f 3087 3132 3133
f 3088 3093 3089
f 3089 3134 3090
f 3089 3093 3135
f 3089 3135 3134
f 3090 3134 3136
f 3090 3136 3094
f 3093 3132 3137
f 3093 3137 3135
f 3093 3133 3132
f 3094 3099 3095
f 3094 3136 3134
f 3094 3134 3099
f 3095 3099 3098
f 3096 3098 3099
f 3096 3099 3097
f 3099 3134 3138
f 3099 3138 3139
f 3099 3139 3140
f 3099 3140 3141
f 3099 3141 3142
f 3099 3142 3143
f 3099 3143 3102
f 3100 3144 3101
f 3100 3102 3144
f 3101 3144 3145
f 3102 3143 3146
f 3102 3146 3144
f 3103 3147 3148
f 3103 3148 3149
f 3103 3149 3150
f 3103 3150 3104
f 3103 3111 3147
f 3104 3150 3151
f 3104 3151 3105
f 3105 3151 3106
f 3106 3113 3107
f 3106 3151 3152
f 3106 3152 3153
f 3106 3153 3113
f 3110 3115 3154
f 3110 3154 3155
f 3110 3155 3111
f 3111 3123 3156
f 3111 3156 3157
f 3111 3157 3158
f 3111 3158 3147
f 3111 3155 3119
f 3111 3119 3118
f 3112 3159 3165
f 3112 3165 3127
f 3113 3153 3191
f 3113 3191 3159
f 3115 3119 3154
f 3116 3126 3124
f 3119 3155 3154
f 3120 3160 3161
f 3120 3161 3162
f 3120 3162 3121
f 3121 3162 3163
f 3121 3163 3122
f 3122 3163 3162
f 3122 3162 3164
f 3122 3164 3123
f 3123 3164 3162
f 3123 3162 3156
f 3124 3126 3125
f 3127 3165 3166
f 3127 3166 3128
f 3128 3167 3168
f 3128 3168 3129
f 3128 3166 3165
f 3128 3165 3169
f 3128 3169 3170
f 3128 3170 3171
f 3128 3171 3172
f 3128 3172 3173
f 3128 3173 3167
f 3129 3168 3130
f 3130 3168 3167
f 3130 3167 3131
f 3131 3167 3174
f 3131 3174 3132
f 3132 3174 3137
f 3134 3135 3175
f 3134 3175 3173
f 3134 3173 3176
f 3134 3176 3138
f 3135 3137 3177
f 3135 3177 3178
f 3135 3178 3173
f 3135 3173 3175
f 3137 3174 3177
f 3138 3176 3179
f 3138 3179 3139
f 3139 3179 3180
f 3139 3180 3140
f 3140 3180 3141
f 3141 3180 3181
f 3141 3181 3176
f 3141 3176 3173
f 3141 3173 3182
f 3141 3182 3183
f 3141 3183 3144
f 3141 3144 3143
f 3141 3143 3142
f 3143 3144 3146
f 3144 3183 3184
f 3144 3184 3145
f 3145 3184 3185
f 3147 3158 3148
f 3148 3186 3188
f 3148 3188 3149
f 3148 3158 3187
f 3148 3187 3186
f 3149 3188 3189
f 3149 3189 3150
f 3150 3190 3151
f 3150 3189 3190
f 3151 3190 3153
f 3151 3153 3152
f 3153 3190 3221
f 3153 3221 3191
f 3156 3192 3193
f 3156 3193 3157
f 3156 3162 3194
f 3156 3194 3192
f 3157 3193 3158
f 3158 3193 3187
f 3159 3191 3169
f 3159 3169 3165
f 3160 3195 3161
f 3160 3185 3215
f 3160 3215 3195
f 3161 3195 3196
f 3161 3196 3197
f 3161 3197 3162
f 3162 3197 3198
f 3162 3198 3199
f 3162 3199 3194
f 3167 3200 3201
f 3167 3201 3174
f 3167 3173 3200
f 3169 3191 3202
f 3169 3202 3203
f 3169 3203 3170
f 3170 3203 3171
f 3171 3203 3204
f 3171 3204 3172
f 3172 3204 3205
f 3172 3205 3206
f 3172 3206 3207
f 3172 3207 3173
f 3173 3208 3209
f 3173 3209 3210
f 3173 3210 3182
f 3173 3178 3177
f 3173 3177 3200
f 3173 3207 3208
f 3174 3201 3177
f 3176 3181 3179
f 3177 3201 3200
f 3179 3181 3180
f 3182 3211 3212
f 3182 3212 3183
f 3182 3210 3211
f 3183 3212 3211
f 3183 3211 3213
f 3183 3213 3184
f 3184 3213 3211
f 3184 3211 3185
f 3185 3211 3214
f 3185 3214 3215
f 3186 3216 3219
f 3186 3219 3188
f 3186 3187 3217
f 3186 3217 3234
f 3186 3234 3216
f 3187 3193 3218
f 3187 3218 3217
f 3188 3219 3220
f 3188 3220 3189
f 3189 3220 3221
f 3189 3221 3190
f 3191 3221 3203
f 3191 3203 3202
f 3192 3194 3222
f 3192 3222 3218
f 3192 3218 3193
f 3194 3199 3226
f 3194 3226 3223
f 3194 3223 3222
f 3195 3215 3224
f 3195 3224 3196
f 3196 3224 3238
f 3196 3238 3225
f 3196 3225 3198
f 3196 3198 3197
f 3198 3225 3226
f 3198 3226 3199
f 3203 3221 3204
f 3204 3221 3220
f 3204 3220 3205
f 3205 3220 3219
f 3205 3219 3216
f 3205 3216 3206
f 3206 3216 3227
f 3206 3227 3208
f 3206 3208 3207
f 3208 3227 3228
f 3208 3228 3209
f 3209 3228 3210
f 3210 3228 3229
f 3210 3229 3230
f 3210 3230 3211
f 3211 3231 3232
f 3211 3232 3214
f 3211 3230 3233
f 3211 3233 3231
f 3214 3232 3224
f 3214 3224 3215
f 3216 3234 3227
f 3217 3218 3235
f 3217 3235 3241
f 3217 3241 3234
f 3218 3222 3235
f 3222 3236 3241
f 3222 3241 3235
f 3222 3223 3237
f 3222 3237 3236
f 3223 3226 3239
f 3223 3239 3237
f 3224 3232 3231
f 3224 3231 3238
f 3225 3238 3239
f 3225 3239 3226
f 3227 3240 3228
f 3227 3234 3240
f 3228 3240 3229
f 3229 3236 3230
f 3229 3240 3236
f 3230 3237 3239
f 3230 3239 3233
f 3230 3236 3237
f 3231 3233 3239
f 3231 3239 3238
f 3234 3241 3240
f 3236 3240 3241
