# https://github.com/mikedh/trimesh
v -0.00006992 0.33355027 0.63348293
v 0.47562537 -0.08957095 0.15776771
v 0.33667690 -0.07692443 -0.17855662
v 0.42653203 0.36494565 0.26923323
v 0.21364321 -0.45675209 0.53290129
v -0.41141289 0.32723507 0.39665404
v -0.22684553 0.03043001 -0.22411805
v -0.00006477 0.08094847 0.63348794
v -0.33647233 0.40933022 -0.17878570
v 0.23089512 -0.63256985 0.10584934
v -0.33647341 0.22619464 -0.17878573
v -0.45964763 0.15671594 0.03511470
v -0.23840161 0.00517040 0.56940293
v -0.04985911 -0.42724591 -0.27904484
v -0.43281457 -0.04740310 0.09750575
v -0.12553397 0.30829003 0.61661160
v 0.16460532 -0.26639846 -0.24539720
v -0.45944852 0.01148405 0.28072652
v -0.12740807 -0.09587485 -0.30035397
v -0.04540198 0.36500955 -0.28100803
v 0.04687005 -0.46947733 -0.31615305
v -0.41167864 0.23250955 -0.08081524
v 0.03774900 0.25773874 -0.33335561
v 0.12574573 0.12515569 0.61653519
v 0.43625361 0.41588390 0.11024217
v -0.12553503 0.39038509 0.61661392
v 0.03177631 0.50219107 -0.50881141
v 0.42510402 -0.31680056 0.10180534
v 0.21236619 0.39666957 0.54401028
v -0.33617750 0.46616581 0.49437886
v 0.17642985 -0.58904743 -0.20308784
v -0.06029310 0.01202332 -0.31627610
v -0.00023547 -0.63257104 0.15813117
v -0.41088736 -0.45535317 0.02043591
v -0.04037571 0.33349925 -0.60537565
v 0.21366742 -0.19713393 0.53615248
v -0.22979851 -0.63257098 0.10527050
v -0.23840596 0.36512452 0.56941050
v 0.03668334 0.38387102 -0.28156990
v 0.41144288 -0.10218516 0.39661124
v 0.32890555 0.40948877 0.44968286
v 0.41175729 -0.44950998 -0.08068217
v -0.31346491 0.30197501 -0.15603986
v 0.12574661 -0.14007485 0.61656213
v -0.38534665 -0.28531998 -0.06307338
v 0.31885338 -0.31689066 0.44954476
v -0.43166292 -0.25400633 0.10021764
v 0.42274866 -0.49325633 0.09767260
v -0.38536829 -0.01377499 -0.06307659
v -0.43692848 0.42840007 0.10659764
v -0.23840196 0.11252504 0.56940752
v -0.12553830 0.45985016 0.61658895
v 0.12828124 0.16305886 -0.29996055
v 0.21229114 0.42824328 0.54445028
v 0.12574342 -0.36741528 0.61655343
v 0.16868900 0.15040496 -0.24655418
v -0.01257854 -0.08998269 -0.40455806
v 0.23839548 0.27671471 0.56940693
v -0.00064118 -0.35400456 0.58750153
v 0.45968297 -0.44319487 0.03512813
v -0.33618715 -0.03903474 0.49437493
v 0.45944607 0.06832082 0.28072616
v -0.33648086 -0.35478646 -0.17878622
v 0.41142341 -0.35478508 0.39661816
v -0.33620474 -0.46213993 0.49437475
v -0.09593932 -0.59001964 0.53872758
v 0.33618918 0.48511049 0.49436909
v -0.43011191 -0.63262391 0.02932310
v -0.14011513 -0.59003729 0.11200131
v -0.18565728 -0.44768530 -0.23624550
v 0.47562930 0.36512652 0.15774076
v 0.18321563 0.62074780 -0.27394557
v 0.32067719 -0.19692972 0.44936407
v -0.45966497 0.45985049 0.03511688
v 0.12800618 -0.08896681 -0.30006656
v 0.45962915 0.30829197 0.03507935
v -0.45946309 0.36511981 0.28070155
v -0.21601748 -0.39215848 0.53093159
v 0.32751301 -0.63263083 0.46338412
v 0.34177670 0.60179067 -0.17254744
v -0.42506769 0.18815091 0.26503611
v 0.47563699 0.26409239 0.15783627
v 0.30677122 -0.49344674 -0.15316662
v 0.47562787 0.03672187 0.15775441
v -0.45964310 -0.08956467 0.03509664
v 0.33619004 -0.09587011 0.49436677
v -0.38538155 0.30197498 -0.06307579
v 0.25122517 -0.55928105 -0.18870644
v -0.28809968 0.60743916 0.53146499
v 0.47563708 -0.33583894 0.15780371
v 0.39153373 0.60933679 0.34008822
v -0.38539571 0.37143999 -0.06307072
v 0.41177255 -0.12744652 -0.08067740
v -0.47562647 -0.39901605 0.15770651
v -0.04455874 0.51587284 -0.32829928
v -0.31957820 0.25147456 0.45616060
v -0.14984888 0.62354267 -0.28396288
v -0.12553576 0.21356241 0.61659110
v -0.47562623 0.16305433 0.15778250
v 0.00922134 -0.59003299 0.31802371
v 0.43291965 -0.63257951 0.03527091
v 0.18015490 -0.63257098 0.30493158
v -0.31347889 0.08726502 -0.15604514
v -0.11318556 0.02770108 0.56346816
v 0.16253656 -0.38635403 -0.24555753
v -0.41167417 0.33986568 -0.08081806
v 0.23889014 0.37143975 -0.25384980
v 0.12762623 0.03661465 -0.30021694
v 0.12869611 0.60725451 -0.25963095
v 0.23979923 0.58212656 0.56847203
v 0.41144550 -0.19690993 0.39661133
v -0.21636131 0.22592126 0.53882444
v -0.38535571 -0.34847000 -0.06307294
v 0.21216635 0.45982119 0.54490983
v -0.33619085 -0.13375990 0.49437675
v -0.31347215 -0.29163501 -0.15605065
v -0.00579661 -0.63257098 0.39684609
v -0.41141212 -0.27900502 0.39664721
v 0.42025864 -0.41167012 0.26696724
v 0.04220462 -0.03785172 -0.59065312
v -0.45968413 0.03674604 0.03513371
v 0.38417479 -0.08355565 -0.05399024
v -0.45945311 0.25776833 0.28071994
v 0.12844543 0.43452278 -0.29989463
v -0.31347042 -0.36110270 -0.15605579
v -0.10327164 -0.63257098 -0.05371185
v 0.45944077 -0.53698516 0.03454757
v 0.28553167 -0.60914761 -0.21796648
v -0.45943242 -0.12109893 0.28074935
v 0.45942152 0.20725292 0.28077450
v 0.17067994 0.30172667 -0.24665181
v -0.42350301 -0.06447721 0.26182747
v 0.42713180 0.41578498 0.26893359
v 0.12765743 0.29571617 -0.30020466
v 0.12333728 -0.58977014 0.10792430
v -0.41166404 -0.16533493 -0.08081397
v 0.16655964 -0.14017676 -0.24541372
v -0.22683233 0.09989506 -0.22412866
v 0.33666778 0.03043012 -0.17855920
v 0.10379991 -0.63257051 -0.05492632
v -0.23840123 0.28934479 0.56940907
v 0.23888794 0.28303099 -0.25383097
v 0.42498404 0.08725832 0.26549757
v -0.45945922 0.45984977 0.28071725
v -0.21503843 -0.43694097 0.53075939
v -0.45952475 0.53776866 0.03483073
v -0.18635254 -0.63257098 0.30145216
v -0.00083661 0.53273225 0.63345963
v 0.33618507 0.33354989 0.49437052
v 0.24426135 0.60665596 -0.20122358
v -0.12328210 -0.27468657 -0.30192783
v -0.41750789 -0.63257414 -0.00761917
v -0.06876326 0.62507081 -0.27918568
v 0.01023364 0.12515494 -0.63171232
v -0.43601522 0.62136567 0.23368709
v 0.00002759 -0.03926028 -0.62839079
v -0.03579628 0.35317418 -0.61537784
v 0.37155741 -0.63241065 -0.10266610
v -0.43573499 0.62909698 0.29688999
v -0.40635723 0.60837191 0.00445992
v 0.05660786 0.62763983 0.59747082
v -0.25891501 0.62820399 0.53685999
v -0.02793451 0.25561073 -0.55844688
v -0.01894500 0.62866598 -0.29672101
v 0.41684586 0.62294388 0.37834942
v 0.20985945 0.61813426 0.58072162
v 0.46494672 -0.60987777 0.24144508
v 0.23826857 0.62905431 -0.23362176
v -0.35302335 0.60813946 0.40862471
v -0.08220993 0.62648338 -0.29921955
v 0.27154499 0.62908202 0.52423000
v -0.04051245 -0.09160046 -0.47708061
v 0.04714779 -0.11644781 -0.32994154
v 0.34732500 0.62719500 0.44845000
v 0.03163575 0.53040963 -0.34191281
v -0.41047499 0.62896299 0.33478001
v 0.20106032 -0.62661803 -0.26212257
v 0.19357187 -0.58346117 -0.21720152
v 0.39949301 0.62310898 -0.04412050
v 0.00007454 -0.44936237 0.58613992
v 0.41176957 0.45985010 -0.08068094
v -0.01894500 0.62899101 0.61264002
v -0.45961300 0.62361401 0.08217960
v -0.04252300 -0.10233030 -0.53117877
v 0.38521501 0.62780201 -0.09464060
v -0.27542749 -0.63247830 0.51596951
v -0.47561616 0.51253480 0.15848668
v 0.41770878 -0.58040565 0.23972169
v -0.33709481 0.62096071 -0.13040920
v 0.45961100 0.62361503 0.08217960
v -0.01464227 0.51138061 -0.51894730
v -0.15403816 0.60828358 0.60457921
v -0.00043061 0.60668027 -0.28168166
v 0.31703314 -0.58357072 0.43851003
v -0.06197247 0.60672927 0.62549478
v 0.03876843 -0.09444285 -0.44795775
v -0.32150701 0.62416101 -0.15730800
v 0.21369511 -0.08330136 0.53757429
v -0.02670337 0.38903835 -0.54548198
v 0.04997182 0.52726930 -0.32721016
v 0.22102500 0.62815398 -0.23357099
v -0.45478383 0.62949109 0.15793377
v 0.37258500 0.62860101 -0.10727100
v 0.35287231 -0.61631179 0.47286567
v -0.38521501 0.62985200 0.39793000
v 0.38712248 0.62773955 0.41084570
v -0.18309887 0.62158656 -0.24251568
v 0.36609027 -0.58211792 0.34691855
v -0.33702415 0.62255049 0.48519406
v -0.02918710 -0.16136269 -0.42875350
v -0.44664899 0.62321800 0.29688999
v -0.40367535 0.60970664 0.31684530
v 0.44836500 0.62898201 0.22111000
v -0.45534766 0.61066556 0.29052359
v 0.01894500 0.62889302 0.61264002
v 0.34792838 0.62018800 0.47617343
v 0.02500644 0.62358576 0.62387484
v -0.05656109 0.62662637 0.59519875
v -0.02749587 0.35261792 -0.55909747
v -0.02572908 0.37072876 -0.55494910
v -0.22102500 0.62773198 0.56212002
v -0.03614054 0.40282065 -0.60707349
v 0.22996791 -0.63256675 -0.23025709
v -0.21804804 0.60462254 0.54315341
v -0.05076938 0.62209409 -0.30750120
v -0.39382929 0.61987287 -0.04511371
v -0.08630831 0.60871464 0.57913458
v -0.02397493 0.43048313 -0.51237929
v 0.44836500 0.62899601 0.23374000
v 0.00631501 0.62866002 -0.29672101
v 0.17050500 0.62924600 0.57475001
v 0.04205285 -0.14045016 -0.37868443
v -0.41997316 0.60798991 0.04971279
v 0.41950968 -0.57878888 0.12031453
v 0.03155705 0.62134695 -0.28573117
v 0.04232343 0.44099870 -0.54244411
v -0.15382342 -0.57138157 0.54464644
v 0.16498967 0.62228727 0.56354564
v -0.46687147 0.62451321 0.11963093
v -0.03168006 0.62821847 -0.30222228
v 0.47209936 -0.62312913 0.17719842
v 0.34732500 0.62715101 -0.14516100
v 0.42310500 0.62956899 0.32214999
v -0.11310967 0.62367773 0.61162359
v 0.33633786 -0.58706778 -0.08824383
v -0.28265259 -0.61796743 -0.22005340
v -0.01893377 0.52586704 -0.44182107
v 0.01896280 0.62168956 -0.28542927
v -0.05177908 -0.14047737 -0.31912756
v -0.23884544 -0.32320964 -0.25385305
v 0.46830335 -0.61253417 0.21553583
v 0.27540895 -0.56851828 0.48136124
v 0.32206500 0.62870401 0.48633999
v -0.03435851 -0.05412360 -0.33394197
v 0.39378989 -0.58871335 0.27902371
v -0.35995501 0.62913501 0.43582001
v -0.40551504 0.60918832 0.40423828
v -0.46886191 0.61929411 0.20957190
v -0.44487771 0.62363839 0.12008677
v 0.03157500 0.62813598 -0.29672101
v 0.01409232 -0.18597054 -0.34412500
v -0.28813052 0.60725164 -0.21599889
v 0.45949000 0.51566005 0.03465576
v -0.45443827 -0.62069654 0.29160917
v 0.17050500 0.62641901 -0.27146101
v 0.02070751 0.07464553 -0.62691605
v 0.36129165 -0.62506670 -0.13641752
v 0.30943501 0.62803698 -0.18305101
v -0.16499577 -0.58093148 -0.22743292
v 0.27154499 0.62647003 -0.19568101
v 0.04899343 0.60780072 -0.31184119
v 0.22127491 0.62808609 -0.24975795
v -0.27154499 0.62887102 0.52423000
v 0.08217624 0.62574559 -0.30059233
v -0.00006789 -0.48108628 0.63347363
v -0.32206500 0.62852502 0.48633999
v -0.13828740 -0.58441377 -0.23655358
v -0.39697009 -0.57896763 0.03684590
v -0.03771142 -0.10238249 -0.41761589
v 0.30858484 -0.02648487 -0.15514529
v -0.03183943 0.44894835 -0.47937560
v 0.28417501 0.62922800 -0.19568101
v -0.08405650 0.62167954 0.58518088
v -0.45347819 0.62780058 0.05679467
v -0.13404290 0.61654979 -0.29659075
v 0.03670969 0.45693907 -0.45401546
v -0.04261892 0.41447806 -0.56689453
v 0.24628501 0.62927800 -0.22094101
v 0.00620920 0.61989677 0.60348666
v 0.02542214 0.07463355 -0.55624455
v -0.35995501 0.62799901 0.42319000
v -0.00622556 0.61943758 0.60323590
v -0.03700338 0.53683615 -0.33085719
v 0.33469501 0.62750697 -0.15779100
v 0.28109977 -0.59005839 0.44588590
v -0.42756024 0.62738127 0.33504340
v -0.41047499 0.62985301 0.34740999
v -0.19604793 0.62675542 0.57819515
v -0.00631501 0.62715697 0.61264002
v 0.33694595 -0.58999294 0.36958325
v 0.26552206 -0.59000820 0.45998400
v -0.02644353 -0.62720501 -0.30657762
v -0.03781479 0.42777011 -0.52947199
v -0.44836500 0.62943000 0.06954960
v -0.04097660 0.36561871 -0.57892895
v 0.23365501 0.62883598 0.54948997
v 0.03101966 0.60296166 0.59371507
v -0.01153477 0.21909079 -0.63159102
v 0.42367214 0.62307972 0.03747849
v 0.04161565 0.19284108 -0.59905642
v 0.38701922 -0.58691359 0.01370487
v 0.20289236 0.60555834 0.54921854
v 0.11412490 0.62829912 0.60816497
v 0.16484667 -0.58896065 0.53042275
v -0.24918272 0.61715126 0.56008035
v -0.45294839 0.62801045 0.25917858
v -0.01256061 0.39742419 -0.53272402
v 0.18575966 -0.60959148 -0.27608150
v -0.01148469 0.45482755 -0.34730569
v -0.30943501 0.62743700 -0.18305101
v -0.44465211 0.62433690 0.13259654
v -0.44431630 -0.63259619 0.10110872
v 0.40743470 0.62485045 -0.01867446
v 0.07031718 0.62472612 0.62323201
v -0.21752009 -0.24101451 0.53194618
v -0.05683500 0.62850302 -0.29672101
v 0.31440446 -0.57483208 -0.13947998
v 0.37502196 -0.63264155 0.40340084
v 0.07650518 -0.62722939 -0.30394500
v 0.04586309 0.62013501 0.62625539
v 0.43528867 -0.61792588 -0.02312816
v 0.04121213 -0.10959060 -0.54383403
v 0.29768553 0.62579405 -0.19835810
v 0.14502728 0.62198651 -0.25908762
v -0.44114700 0.62844753 0.01875255
v 0.01206016 -0.08923749 -0.40694508
v -0.45454469 0.62949884 0.17060503
v 0.22067526 0.62424898 0.54791462
v -0.03117034 -0.17600083 -0.33847851
v 0.17526186 -0.62532061 -0.27521658
v -0.44836500 0.62877297 0.09480960
v 0.30789962 -0.57278860 0.45475179
v -0.13940124 0.62295991 0.57060635
v -0.24379078 0.61806476 0.52586228
v 0.30302429 -0.58900154 -0.09902638
v -0.34732500 0.62795198 0.44845000
v -0.12514883 -0.53694004 0.61669439
v -0.43880400 0.62273300 0.20848000
v -0.33223826 0.62456125 -0.14440221
v 0.30891573 0.62416995 -0.16722210
v -0.02047546 0.41332048 -0.52559137
v 0.45599806 0.62051433 0.02979154
v 0.02331799 0.46197352 -0.36567467
v -0.35617343 0.60755455 -0.10111099
v -0.41983372 -0.63246745 0.32878536
v 0.23077872 0.61729342 -0.21139100
v -0.45137206 0.62336570 0.28400543
v 0.05662977 0.62274861 -0.28320143
v 0.45087335 0.62740630 0.27180752
v 0.41047499 0.62982303 0.34740999
v 0.20135143 -0.63259745 0.55762988
v 0.35670832 0.62010139 0.46376407
v -0.34478915 0.62326586 0.43620151
v 0.43566021 0.60830396 0.17591733
v 0.38521501 0.62818402 -0.08201060
v 0.37258500 0.62642002 -0.09464060
v 0.47063333 0.62409168 0.18387915
v 0.20065793 0.62599188 -0.25913036
v -0.43807927 0.62179047 0.32267171
v 0.37896955 -0.62029535 -0.12200512
v 0.34582210 0.60815674 -0.11336052
v -0.40793863 0.62586862 -0.01869383
v -0.28380352 0.62068206 0.49428394
v 0.23839548 -0.44319502 0.56940609
v -0.32246181 -0.58416957 0.41719598
v 0.25486070 -0.58285755 0.48975134
v 0.04885331 -0.14045809 -0.33034989
v 0.04428346 0.62823284 -0.30114195
v 0.42363068 0.62706566 0.33984840
v 0.37258500 0.62931502 0.41056001
v 0.27946687 -0.63159955 -0.20411246
v 0.46102765 0.62874341 0.16415840
v -0.46443406 -0.62892252 0.18334395
v -0.37257820 0.61568105 -0.08072897
v 0.27154499 0.62921602 -0.20831101
v 0.41414955 0.62918115 0.36038843
v 0.14524500 0.62935501 -0.27146101
v 0.23916763 -0.56170261 -0.25361529
v -0.29960647 0.61759597 0.52111298
v 0.46920338 0.62279975 0.19749513
v 0.34023479 -0.57698935 -0.10212748
v -0.42346150 0.62078214 0.36016500
v 0.36604336 0.60774827 0.45581165
v 0.42310500 0.62840903 -0.01886050
v 0.43573499 0.62975901 0.03165950
v -0.20810978 0.61925977 0.54992825
v -0.21639718 0.09965000 0.53693795
v -0.02369711 0.48912966 -0.55765986
v 0.23365501 0.62631398 -0.22094101
v -0.35029650 0.62597167 0.46131280
v -0.35884318 0.62388116 -0.10727576
v 0.43567526 0.62919700 0.04959710
v 0.00631501 0.62706900 0.61264002
v -0.30364975 -0.57540393 -0.14359981
v -0.42858225 0.60871845 -0.04059136
v -0.27168000 0.62384999 0.50939900
v -0.38113374 0.62500840 0.37238327
v -0.44836500 0.62887400 0.24637000
v -0.31060499 -0.58735913 -0.11169533
v -0.13261500 0.62828302 -0.28409100
v 0.42179430 -0.27908504 0.26619539
v 0.44323900 0.62757283 0.19581400
v 0.42437288 0.61857104 0.28390235
v 0.23983444 0.61960316 -0.25074241
v 0.43573499 0.62933999 0.01902950
v 0.03710610 0.62903130 0.61263973
v 0.41934469 0.62749398 0.30920854
v 0.44836500 0.62788600 0.04428950
v -0.44311199 0.62768686 0.19583517
v -0.43041256 0.60945928 0.26682752
v 0.02940982 -0.09124444 -0.42917773
v -0.43678772 0.61790526 0.09751389
v 0.30917189 0.61729628 0.46886191
v -0.33469501 0.62799400 0.47371000
v 0.05097486 0.47435790 -0.32835928
v -0.36692846 -0.63169605 0.42985305
v 0.26952678 0.62433589 0.50952744
v 0.43468747 0.62055397 0.25890085
v -0.40721616 0.62355679 0.32247132
v -0.46099746 0.62104994 0.24650544
v -0.20387353 0.62758088 0.56211919
v 0.05691928 0.62807989 -0.30108666
v 0.23438615 0.62307394 0.53517157
v -0.27154499 0.62836897 -0.20831101
v 0.45442104 0.62840015 0.06945875
v -0.11837024 0.62598234 -0.26589775
v 0.31377316 0.61437416 0.51135063
v -0.03816250 0.48708805 -0.53056246
v -0.00002013 0.56776935 -0.32861370
v 0.46063891 0.62230754 0.24086946
v 0.45687953 -0.61447364 0.28765327
v -0.25239724 -0.58783424 -0.16248621
v -0.33289114 0.62434322 0.45934954
v 0.17748480 0.62075609 0.59386361
v 0.40591452 -0.57251334 0.03701884
v -0.17050500 0.62942100 0.57475001
v 0.06465374 0.60607302 0.58524436
v -0.34992665 0.62081879 0.42045847
v -0.42310500 0.62855798 0.30952001
v -0.27026710 0.61732143 -0.19072592
v 0.35745177 0.62348676 -0.10769849
v 0.34732500 0.62699699 0.46108001
v -0.29700464 0.61830735 0.48210844
v 0.42377794 -0.41128653 0.09992298
v -0.00631501 0.62274998 -0.28691000
v -0.24272650 0.62213379 -0.21549316
v -0.04560028 0.54170901 -0.28094578
v -0.45168576 0.62522119 0.03814173
v -0.04420500 0.62851602 -0.29672101
v 0.43785602 0.62321973 0.24024589
v 0.38298666 0.62272018 -0.07066032
v 0.39106134 -0.63265026 0.37449801
v -0.42310500 0.62963301 0.32214999
v -0.25891501 0.62818801 -0.22094101
v -0.32519475 0.61719507 -0.18624125
v -0.44580960 0.61724323 0.31328747
v 0.42414406 0.61833334 0.05739698
v 0.08717287 0.62992495 0.60000694
v -0.19441253 0.62512964 -0.23813036
v 0.45365939 0.62790287 0.05682509
v -0.09472510 0.62962401 -0.28409100
v 0.14524500 0.62973899 0.58737999
v -0.33469501 0.62835002 -0.15779100
v -0.03567563 0.31392223 -0.61558235
v -0.23478088 0.62352878 0.56399441
v 0.44836500 0.62868202 0.09480960
v -0.00492083 0.58790195 0.60072303
v -0.41974083 -0.58026844 0.18997997
v 0.18313500 0.62917799 0.57475001
v -0.03193020 0.62141252 0.62746137
v 0.47060379 0.62567163 0.14494585
v 0.25891501 0.62838501 -0.20831101
v -0.39784500 0.62925202 0.36004001
v -0.03609333 0.50260615 -0.48229805
v 0.35995501 0.62885898 0.43582001
v 0.44836500 0.62888402 0.24637000
v -0.29770404 0.61595333 -0.17038333
v -0.23365501 0.62791800 0.54948997
v 0.01894500 0.62857503 -0.29672101
v 0.41047499 0.62632197 -0.05675050
v 0.47371602 0.61899495 0.16406584
v 0.39301643 0.62775010 0.35971320
v 0.02426730 -0.16725998 -0.40996921
v 0.04204725 0.12217735 -0.58811295
v 0.00134544 -0.12895529 -0.56915540
v -0.37040097 0.62451118 -0.09398586
v -0.24628501 0.62724501 0.53685999
v 0.39876965 0.61961395 -0.03101872
v -0.04249601 0.39726517 -0.58308035
v -0.41378704 0.62173557 0.30639440
v 0.05694576 0.62724984 0.61794001
v 0.41807362 0.62475097 0.02073232
v 0.12564074 -0.54405046 0.61657220
v -0.00631501 0.62868702 -0.29672101
v -0.36321884 0.62394017 0.44858310
v -0.09995671 0.60970408 -0.26425439
v 0.46360105 0.60649967 0.06133658
v -0.28417501 0.62774199 -0.19568101
v 0.13261500 0.62844098 -0.27146101
v -0.14923356 -0.63255584 0.58344924
v 0.39260077 0.63124639 0.38529664
v -0.15787500 0.62915099 -0.27146101
v -0.03142982 0.19714095 -0.61972976
v 0.46954879 -0.62179548 0.19832548
v 0.00615101 0.62178642 -0.31401250
v -0.34732500 0.62762898 -0.13253100
v 0.01513172 -0.09881638 -0.36238918
v 0.18313500 0.62846398 -0.25883099
v -0.41398242 0.62350875 0.37734783
v -0.13974926 0.62971646 0.58738345
v 0.17295358 0.59074700 -0.24705604
v -0.46888855 0.62300920 0.19642426
v 0.03881888 -0.14849003 -0.41905746
v -0.47558236 -0.54992682 0.15717109
v -0.03781492 0.45145214 -0.50470054
v -0.32112342 0.62395805 0.46994951
v 0.41047499 0.62806898 -0.03149050
v -0.07402981 -0.57261258 -0.25257066
v 0.09560764 -0.63258338 0.59603608
v -0.47163945 0.62082011 0.15795341
v 0.45191628 0.62870705 0.25916597
v -0.23837674 0.56575578 0.56924242
v -0.24277097 -0.62714928 0.55760086
v 0.46704111 -0.62200201 0.10059567
v -0.41047499 0.62885898 -0.04412050
v -0.04180403 0.45081204 -0.52757472
v 0.01289751 0.35290489 -0.55010211
v -0.06957547 0.62684816 0.61621332
v -0.43674204 0.61938149 0.17044361
v 0.10735500 0.62972200 -0.28409100
v -0.22683233 -0.10218500 -0.22412866
v 0.43803629 0.55871618 0.11021644
v 0.02849412 0.43860406 -0.50234896
v 0.33760250 0.61990619 -0.12849104
v -0.10516964 -0.58930385 -0.22827537
v 0.36408448 0.61903214 -0.09173430
v -0.01894129 0.62170696 -0.28528383
v 0.43573499 0.62779701 0.28426000
v 0.13866860 0.62527388 -0.28793699
v -0.22039872 0.61996233 -0.22967672
v 0.45164758 0.60630912 0.30070046
v -0.04215619 -0.14070643 -0.38434348
v -0.37867060 0.61970192 0.43687606
v 0.22126269 -0.62859315 -0.25087571
v 0.36204979 0.62417859 0.44895759
v 0.03327720 0.14409569 -0.56425077
v -0.23699403 0.62020856 -0.25244913
v -0.25022554 -0.63257909 -0.21461922
v -0.46543345 0.62229353 0.10664625
v 0.03161705 0.62053323 -0.31007805
v 0.13261500 0.62975299 0.58737999
v -0.02122697 -0.07813955 -0.48455152
v 0.41919929 -0.58287561 0.21471910
v 0.41324785 -0.58817506 0.15479720
v 0.42124262 -0.32326886 0.26657030
v -0.04420500 0.62912703 0.61264002
v -0.21532170 -0.55141181 0.52844614
v -0.02011086 0.62203383 -0.31211069
v 0.44278055 0.62311518 0.12015644
v -0.20105034 -0.58966887 -0.18018608
v -0.30926207 0.62691027 0.48374841
v 0.42310500 0.62938303 -0.00623051
v -0.38521501 0.62781203 -0.09464060
v 0.33839667 -0.58416563 0.39277014
v 0.21230160 -0.56254977 -0.21318834
v 0.24715228 0.62267888 -0.20573257
v 0.31410757 0.50973207 -0.15432374
v 0.44343367 0.62711757 0.18317515
v 0.29999152 -0.57922918 -0.15470003
v 0.10082687 -0.62235212 0.61870909
v -0.30924156 0.62379259 -0.16823941
v 0.37828273 0.61089528 0.36470437
v -0.00824129 -0.08260230 -0.33532247
v 0.31248063 0.62724018 0.49917114
v 0.04022977 -0.08991928 -0.56945002
v -0.22088109 -0.55976039 -0.19796151
v -0.27240896 0.62017900 -0.22557151
v 0.04257666 0.62327725 0.59563559
v -0.46682054 0.60931844 0.08863902
v 0.06929646 0.62874931 0.59596640
v -0.03874123 -0.12102409 -0.33968666
v -0.02227572 -0.12476335 -0.56579095
v -0.47564259 -0.30425557 0.15768251
v 0.32007656 -0.23481591 0.44943336
v -0.00276582 0.43270582 -0.47665071
v 0.46631411 0.62154478 0.10668955
v -0.30875280 -0.62036258 0.51472121
v -0.43573499 0.62786800 0.28426000
v 0.03605494 -0.01433898 -0.61399615
v 0.03249968 -0.58461666 0.56841570
v 0.03157500 0.62349200 0.60100299
v 0.44998306 0.62178671 0.01828313
v 0.18392143 0.62260163 0.56080025
v -0.43846753 0.55339324 0.11178426
v -0.10862997 0.61906105 -0.30261683
v 0.15879299 0.62169021 -0.25535628
v 0.47058180 0.62436152 0.13200296
v -0.46674818 -0.61050749 0.22719397
v -0.42395693 -0.52926368 0.10689361
v -0.40196896 0.62376630 0.39790833
v -0.09453665 0.62410253 0.58354038
v 0.40464851 0.61828190 -0.00847123
v 0.27944183 -0.56016141 -0.17102024
v -0.28401196 0.62370622 0.52665168
v 0.32748026 -0.61913842 -0.18461274
v -0.38521501 0.62948000 0.38530001
v 0.44058746 0.61991161 0.32240850
v -0.46824977 -0.62308246 0.11475196
v -0.43760881 -0.61658430 0.33378774
v 0.35774246 -0.58313251 -0.06743373
v -0.20808700 0.62222320 0.57741076
v -0.12000076 0.63082850 0.59534299
v -0.46042201 0.62377298 0.09480960
v 0.43559277 0.61719364 0.33718613
v 0.39784500 0.62876701 -0.06938060
v -0.03188591 0.42425835 -0.33428597
v 0.04029274 -0.15025057 -0.34980962
v 0.43641815 0.62083679 0.22106026
v 0.44354028 0.62842995 0.08230470
v -0.18313500 0.62926400 0.57475001
v 0.26405680 -0.58549035 0.47424054
v -0.11241907 0.62096602 0.57586682
v 0.21493115 -0.55159777 0.53038269
v 0.32202443 -0.11472272 0.44917560
v 0.09747540 0.61829674 0.62034750
v 0.00460605 0.45084399 -0.33784103
v 0.01181941 -0.20430180 -0.33320993
v 0.43397513 0.60821646 0.20394747
v -0.44836500 0.62898701 0.23374000
v 0.35995501 0.62857401 -0.11990100
v -0.36834452 0.62051487 0.38574997
v -0.01686781 -0.09600098 -0.37859005
v 0.04112352 0.21987167 -0.57797319
v 0.03986605 0.40062422 -0.55305445
v -0.32206500 0.62806898 -0.17042100
v 0.44456917 0.62551832 0.14522734
v -0.17674798 -0.61087364 0.59518433
v 0.01755377 0.16582312 -0.55133206
v 0.29702768 0.61864382 -0.16797575
v -0.01368681 -0.62463856 0.62801212
v -0.12935534 0.60521448 -0.25495005
v -0.12012603 0.62903923 -0.28842008
v 0.03746175 -0.06475255 -0.59542185
v -0.45198014 0.62729549 0.27193382
v -0.01068773 0.09989505 -0.63191175
v 0.38224399 -0.53033030 -0.05145169
v -0.20376752 -0.62133855 0.58280081
v -0.44436297 0.62539899 0.14523679
v -0.42726603 0.62212026 0.34787145
v 0.10823089 0.62129003 -0.26764590
v -0.39985800 0.62274802 0.33478001
v 0.03663277 -0.10183726 -0.41114819
v -0.43768251 0.61777312 0.15595324
v 0.32362387 -0.58097613 -0.11722443
v 0.42310500 0.62891400 0.00639950
v -0.44543463 -0.63248301 0.24028106
v 0.46274728 -0.61946571 0.06326420
v 0.02373532 0.47355485 -0.57728267
v 0.39522377 0.62366539 0.34729230
v 0.00132519 0.45452988 -0.36543062
v 0.32525802 0.62163013 -0.18319225
v -0.02984565 0.22847234 -0.56039280
v -0.41047499 0.62920803 0.36004001
v -0.46283820 -0.61921191 0.25335774
v 0.44377428 0.62852740 0.20847337
v 0.32175401 0.62389898 -0.15730900
v -0.02747296 0.51606989 -0.46665409
v -0.33624530 -0.56839877 0.40098023
v 0.32206500 0.62798202 0.47371000
v 0.20914392 0.62260532 -0.23116668
v -0.37831149 -0.53392202 -0.05165045
v -0.38532764 0.14410003 -0.06307542
v -0.21652327 0.14396736 0.53761637
v -0.22468774 0.61906570 0.57347929
v -0.44836500 0.62888199 0.20848000
v 0.37167072 0.62020934 -0.08223436
v -0.23314737 0.62030929 0.53559077
v -0.34945717 0.62747365 -0.14543550
v -0.00069015 0.41363183 -0.52044117
v 0.32600561 -0.63224143 -0.16189864
v -0.35995501 0.62852401 -0.11990100
v -0.02604309 0.29715896 -0.55695778
v -0.33063897 -0.63240510 0.46914023
v 0.38216281 0.62378228 0.37220427
v -0.10735500 0.62987500 -0.28409100
v -0.14436246 0.62184441 -0.25436172
v 0.41323799 0.62274301 0.00639950
v -0.09554193 0.62229538 0.61717474
v 0.30553168 -0.59006697 0.41791946
v 0.44387782 -0.63262075 0.18415275
v 0.02702101 -0.07789678 -0.49320108
v 0.25619337 0.62645096 0.52240801
v 0.06961272 0.62721425 -0.30108345
v 0.28400764 0.62367499 -0.21121861
v -0.43185842 -0.43184415 0.09906933
v 0.19555727 0.62516081 -0.24336065
v 0.19682398 0.62653387 0.58088118
v -0.22128944 0.62850666 -0.24823779
v 0.15036206 -0.63256228 0.58180565
v -0.03860573 -0.11635732 -0.36863688
v -0.00643543 0.62082261 -0.31449509
v 0.13885966 -0.58961171 0.53379679
v -0.22226365 0.62253332 0.54701948
v 0.02450030 0.45224521 -0.41547680
v 0.10158566 -0.62243009 -0.30348173
v 0.33074394 0.56103426 0.44961017
v 0.42100400 0.62290198 -0.04412050
v -0.36702681 -0.62015122 0.45363709
v -0.18924044 -0.62937337 -0.26597381
v -0.38030356 -0.58177054 0.32101279
v 0.03586414 -0.16147169 -0.36546758
v 0.38903311 0.54833895 -0.05333182
v -0.43843499 0.62293702 0.22111000
v 0.10604722 0.62697995 0.57890892
v -0.37258500 0.62957603 0.41056001
v 0.03464428 -0.11049343 -0.36656716
v 0.13269806 -0.63122827 -0.28103989
v -0.39485979 -0.63250661 0.38145036
v 0.29922086 -0.58833718 0.44388038
v -0.28417501 0.62897998 0.51160002
v 0.20336442 -0.59010464 0.50891668
v 0.45781994 -0.62687880 0.24127968
v 0.03749024 -0.03960195 -0.54714435
v -0.16752589 -0.58688647 0.53255069
v -0.17787330 -0.58836412 -0.20518103
v 0.33676752 0.62280077 -0.16958486
v 0.13183782 0.61636657 0.56837970
v 0.25535339 -0.63250077 -0.21652238
v -0.42083755 0.62191850 0.03636794
v 0.30943501 0.62878197 0.48633999
v 0.25891501 0.62830597 0.53685999
v 0.39920726 -0.58865452 0.07804020
v 0.34340361 -0.63242275 -0.13960773
v 0.03978974 0.02483449 -0.57382536
v 0.25714859 -0.63253659 0.52721477
v -0.04383901 0.62115896 -0.28266108
v -0.22647122 0.58583754 -0.22371839
v 0.04086797 0.48204046 -0.51751000
v -0.36627185 0.62013423 -0.13768077
v 0.03470300 -0.59004289 0.54737252
v -0.15762942 0.62604600 -0.25439823
v -0.44521281 0.62606305 0.10764385
v 0.13261500 0.62222499 -0.26248300
v -0.03145660 0.62099397 -0.28321272
v 0.15811764 -0.62884879 -0.27712166
v 0.28417501 0.62941402 0.51160002
v -0.17031735 0.62806410 -0.25336429
v -0.04431400 0.62161267 0.62436426
v 0.20811322 0.62782180 0.55859292
v 0.04407375 0.62151426 -0.28499711
v 0.02721928 0.27731434 -0.55685419
v -0.02093627 0.15333849 -0.62721968
v -0.43396485 0.60744190 0.34307653
v 0.33474255 0.62570739 0.45790386
v 0.12574457 0.44722059 0.61653471
v -0.38060102 -0.58070505 -0.01773228
v -0.03157500 0.62351298 0.60092598
v 0.38521501 0.62983400 0.39793000
v 0.02026153 -0.16401693 -0.44598860
v -0.25731516 -0.61693794 -0.23984405
v -0.03986866 -0.07294001 -0.54162240
v -0.01885661 0.14409830 -0.55201435
v -0.38960668 0.62617004 0.41080165
v -0.03665350 0.47743139 -0.33811992
v 0.03256369 0.42965895 -0.60249102
v -0.46815729 -0.61197823 0.09934919
v -0.23345746 0.62727582 -0.23160253
v -0.41801217 -0.62183845 0.37971932
v -0.29712456 0.62675536 -0.19735958
v 0.01861184 0.04133888 -0.62816584
v 0.44001764 0.62609220 0.00607576
v -0.42744511 0.62750262 -0.01917579
v -0.00643208 0.62232763 0.62866336
v -0.17553954 0.62102878 0.55955780
v -0.01307094 -0.57156503 0.58142179
v -0.01047270 0.01161098 -0.63197660
v 0.16769806 -0.00100711 -0.24594045
v 0.03008305 0.32769847 -0.55830449
v 0.37847009 -0.58161354 0.32879943
v 0.29239184 0.61645335 0.48217905
v 0.33139044 0.62340456 -0.14512199
v -0.30943501 0.62790602 0.49897000
v -0.39634633 0.62558573 -0.05659036
v -0.23837027 -0.52517515 0.56939620
v 0.02059531 0.01164021 -0.62693906
v -0.03518196 -0.09164905 -0.33464426
v -0.00661082 -0.09622760 -0.35010871
v 0.45861074 -0.62403697 0.04221223
v -0.04039268 -0.15544504 -0.34040067
v -0.31299359 0.61827993 0.51140505
v 0.42635503 0.62347305 -0.03128691
v -0.10728125 0.63053417 0.59533149
v 0.03811108 0.23250422 -0.61067349
v 0.34732500 0.62743098 -0.13253100
v 0.19892713 -0.58898258 -0.18412846
v 0.39784500 0.62994200 0.37266999
v -0.36262769 -0.59005117 0.29808286
v -0.29680499 0.62649298 0.51160002
v 0.46207762 0.60223114 0.26444888
v 0.36833882 0.60964483 -0.13737892
v 0.23621775 0.60842943 0.52751476
v 0.30706331 -0.63249302 0.48932189
v 0.24628501 0.62841302 0.53685999
v -0.41005144 -0.58213687 0.08762030
v 0.27557412 -0.57751846 -0.16727994
v 0.41047499 0.62828600 -0.04412050
v 0.15787500 0.62898499 -0.27146101
v 0.01326430 -0.58890402 0.56814259
v -0.32151642 -0.57472897 -0.11604586
v -0.40376338 0.61993164 -0.08934546
v 0.01436394 -0.56876338 0.58145738
v -0.22528347 -0.40017524 -0.22487399
v 0.43430987 0.62138617 -0.01923520
v -0.04004376 -0.08433891 -0.50946194
v -0.04232141 0.44124866 -0.56287092
v -0.43231934 0.62754554 0.05715500
v -0.17553182 -0.62453109 0.58992451
v -0.05083032 -0.63120210 -0.30515572
v 0.43159992 0.62089562 0.27145925
v 0.25910679 0.62047452 -0.19459784
v -0.42787194 -0.62201446 0.35424417
v -0.27993703 -0.58524680 -0.14926594
v 0.41691387 0.60963458 0.03733643
v -0.01550931 -0.01355111 -0.53160602
v 0.03917199 -0.12316880 -0.34817141
v 0.28355742 0.62109941 -0.17822011
v 0.03670907 -0.10613403 -0.39063519
v 0.43778810 0.62257028 -0.00502464
v -0.02267320 0.54939616 -0.33294129
v 0.01060645 -0.09000308 -0.33688489
v -0.03817318 0.46609682 -0.56255883
v -0.14470939 0.62298858 0.60218424
v -0.06928139 0.62755936 0.59362668
v -0.43573499 0.62725502 0.30952001
v 0.14878237 -0.61884111 -0.29083651
v 0.03921078 0.49136093 -0.28161055
v 0.26315913 0.62747687 -0.22118771
v 0.30778390 -0.30436355 -0.15377823
v -0.22684003 -0.17796499 -0.22412324
v -0.43745899 0.62334901 0.25900000
v -0.10132702 0.62364089 -0.27140579
v -0.13356943 0.62636435 0.60700071
v 0.34741300 0.62262201 -0.12049900
v 0.44376737 0.62666225 0.17053127
v -0.03990584 -0.10626934 -0.55631983
v -0.04244271 -0.00728949 -0.58763421
v -0.41909742 -0.57401752 0.25356141
v 0.15173285 -0.61866987 0.60491967
v 0.10577016 -0.46875510 -0.30882606
v -0.46102872 0.62073797 0.06943141
v -0.04177348 0.47862610 -0.50543058
v 0.00061306 -0.08995616 -0.60668129
v -0.45425192 0.62918913 0.18326253
v -0.38943437 0.61909634 -0.10740170
v 0.16960336 0.62549561 -0.25355265
v -0.39784500 0.62823999 -0.06938060
v 0.14059307 0.60205078 0.61075050
v -0.07620999 -0.62488282 0.62258065
v -0.32510817 0.62136018 0.49871540
v -0.35943401 0.62339801 0.41061601
v 0.01917885 0.62230837 -0.31203893
v -0.02212702 -0.15589842 -0.49222162
v 0.01642051 0.31582958 -0.62949544
v -0.39026117 -0.57848287 0.30458710
v -0.35250494 -0.63260090 -0.11367675
v -0.02940099 0.45407340 -0.58987093
v 0.03425626 -0.01465830 -0.55049318
v 0.19559117 0.62571508 0.56045645
v 0.03942527 0.46945569 -0.55223233
v -0.35175830 0.61773336 -0.15790142
v 0.27116331 0.61675382 0.54388559
v -0.00612832 -0.17865859 -0.39096120
v -0.39423165 0.62380493 0.34723404
v -0.42549106 0.62355971 -0.03157843
v -0.01228361 -0.18066530 -0.36437070
v 0.04133510 0.26407549 -0.57971406
v 0.01792690 0.54211026 -0.34018403
v 0.08000696 -0.55950439 0.56502932
v 0.01978150 -0.63180858 -0.29943985
v 0.01772998 0.39909962 -0.53247523
v 0.03806717 0.37699497 -0.56508595
v -0.26277399 -0.56755644 0.48599839
v 0.02961436 -0.06882910 -0.51954854
v -0.03186920 0.05480623 -0.61916184
v -0.02839576 0.45455679 -0.33812335
v 0.10002405 0.62278336 -0.30064526
v 0.41853479 0.62098658 0.29594836
v 0.43876427 0.61777222 0.10772327
v -0.01060428 -0.16553704 -0.46059847
v 0.09209781 0.61901170 -0.26985458
v -0.42623374 0.62059474 0.28121659
v -0.03741555 -0.62330842 0.62790513
v 0.03356385 0.30197105 -0.56308186
v -0.44068921 -0.62729234 0.31521213
v 0.23510480 -0.57641220 -0.19627136
v -0.03157500 0.62924099 0.61264002
v -0.37878582 -0.59019202 0.04630696
v -0.25741115 0.62424022 0.52005535
v -0.03705608 -0.03358879 -0.55001777
v 0.02070230 0.09989508 -0.62691915
v -0.32286531 -0.58872098 0.39592654
v -0.01393338 0.45162019 -0.39106309
v 0.44530672 -0.63253188 0.08827665
v 0.03774257 0.51536095 -0.39367357
v -0.42066991 -0.57558233 0.13853946
v -0.02721144 0.46525121 -0.36504206
v -0.13792217 -0.63260841 -0.26504368
v 0.42505157 -0.60940397 -0.04947820
v -0.46530840 -0.63005722 0.16454406
v -0.02244662 0.53750390 -0.35225651
v 0.04228853 0.39981014 -0.58500528
v -0.23874146 0.55966580 -0.25386107
v -0.01639902 -0.06421843 -0.61718535
v 0.42005014 0.61715627 -0.06039231
v -0.46876830 -0.62584627 0.13824132
v 0.44472042 0.62439567 0.13258673
v 0.00635940 0.62241715 0.62768453
v -0.08252770 0.62510735 0.61849976
v -0.08827145 -0.57618916 0.56057692
v 0.00306529 -0.62028897 -0.31633139
v 0.30960095 0.18185885 -0.15560697
v -0.17427407 0.62511492 -0.27293172
v -0.34657392 0.62236875 -0.11977477
v -0.02989304 -0.01386176 -0.62131178
v -0.01336119 0.35358000 -0.55068725
v 0.12583444 -0.61707187 0.61512494
v 0.32734612 0.61003697 -0.13897379
v 0.45390561 -0.62104881 0.02345619
v 0.38841558 0.62166804 -0.10929286
v 0.21846341 0.60745424 0.54135156
v -0.13678284 -0.58232361 0.54209512
v -0.03838813 -0.25283605 -0.32540464
v 0.04160796 -0.10855360 -0.43007499
v -0.05974641 0.43557826 -0.31640130
v -0.43598711 0.34623709 0.10356923
v 0.22127430 0.62732345 0.56608921
v 0.08181535 0.62725633 -0.28014797
v -0.33887830 0.60678375 0.43434966
v -0.04224370 -0.13124810 -0.44142330
v 0.21271595 0.35261500 0.54330158
v 0.13837427 0.62516320 0.60351437
v -0.03703312 0.26408339 -0.61430722
v 0.38085327 -0.60920972 0.43653169
v 0.01766834 -0.06656419 -0.61552089
v 0.44702151 -0.62488425 0.30605581
v 0.40616855 0.62776840 0.33443278
v 0.01237405 -0.10950844 -0.58843845
v 0.11638569 -0.58892447 -0.23658641
v -0.01975458 0.21254531 -0.55217808
v -0.00184886 0.37740049 -0.54306293
v 0.01731182 0.09989288 -0.55122298
v 0.42747465 0.45936066 0.26946935
v 0.41155201 -0.53682745 -0.08095255
v -0.40269160 -0.58980745 0.13820665
v 0.37884772 -0.62592071 0.42922485
v -0.35303536 -0.61766911 -0.15695161
v -0.33733258 -0.61296397 0.49261934
v 0.37710252 0.62261689 -0.12093500
v -0.38280964 0.62083858 0.36122331
v -0.46654361 -0.62425292 0.20276789
v 0.44158962 0.62554848 0.15777040
v 0.38940549 0.61901283 0.42420584
v -0.02387134 -0.58887136 -0.24842727
v -0.18342729 0.62212169 0.58809650
v -0.24628501 0.62680900 0.54948997
v 0.03863587 0.41585323 -0.53743905
v -0.12585515 -0.60557437 -0.30087534
v -0.37258500 0.62745202 0.39793000
v 0.16697940 -0.58317137 -0.23165974
v 0.07415365 -0.58138341 0.56157953
v 0.03527835 0.43034649 -0.52383596
v 0.17913263 -0.63252795 -0.25576615
v 0.01985204 -0.09976646 -0.34827313
v 0.04089091 0.50925392 -0.35296014
v -0.00293748 0.42730755 -0.50355995
v 0.03008634 -0.10285182 -0.33712885
v 0.22912459 -0.57996577 0.51756263
v -0.18588635 -0.56355858 -0.21951763
v 0.31621239 -0.48149866 0.45004255
v -0.04111873 -0.13157712 -0.47663826
v 0.03755812 -0.13208036 -0.51794940
v 0.39056021 0.60969758 -0.05068139
v -0.41867730 -0.57972968 0.22732243
v 0.12574504 -0.00745911 0.61653590
v 0.33517990 0.62076187 0.49009255
v 0.43573499 0.62906700 0.29688999
v -0.02260104 0.02474130 -0.55384821
v -0.20100193 -0.58280987 -0.20250401
v -0.14524500 0.62981898 -0.27146101
v -0.03863015 0.50564539 -0.44479862
v 0.36858830 0.62299997 0.39146301
v 0.44512123 -0.63225448 0.06289544
v -0.03340174 -0.16488852 -0.37183976
v 0.34878486 0.61579192 0.42061847
v 0.01624029 0.12977593 -0.55087906
v -0.34702665 -0.59006757 0.32627007
v 0.41175061 0.54173976 -0.08062793
v -0.40418094 -0.57970065 0.06199202
v 0.45820874 0.62017190 0.04412046
v -0.01582070 0.10451791 -0.55125612
v 0.29742008 0.62621939 0.51375186
v -0.01306352 -0.18692258 -0.34162775
v -0.27244285 -0.57694274 -0.16210398
v -0.44836500 0.62940001 0.08217960
v -0.43416226 0.62099707 0.24625660
v 0.16382442 -0.57231963 0.54404330
v 0.21336351 0.06792507 0.53956676
v -0.06764968 -0.58384520 0.56089479
v -0.23924391 -0.57723045 -0.18197684
v 0.25133339 -0.58901000 -0.15110064
v 0.21878833 0.60678530 -0.26254144
v -0.38534617 -0.15270500 -0.06307042
v -0.23794743 -0.55930954 0.50684845
v 0.29680499 0.62831599 -0.18305101
v -0.32418269 -0.58912677 -0.08886004
v 0.20233005 0.60839379 -0.22886714
v -0.04092314 0.33979800 -0.57833505
v 0.20839500 0.62877297 -0.24620099
v 0.01527176 -0.58040327 -0.26391041
v 0.46042401 0.62376201 0.09480960
v 0.36805612 -0.61398566 0.45312214
v 0.04166501 0.45521286 -0.52362657
v -0.03755159 -0.20723677 -0.32736748
v -0.42300016 0.62890518 0.01167484
v 0.11983066 0.62853110 0.58301550
v -0.03377025 0.23250814 -0.61678493
v -0.02531929 0.32729933 -0.55618751
v -0.03987110 0.51689637 -0.35327542
v 0.25397328 -0.61792266 0.55761498
v 0.02820808 0.53058559 -0.36723599
v 0.23717211 -0.62020177 -0.25304955
v -0.03905031 -0.10972658 -0.39213416
v -0.15819791 0.62766623 0.59265697
v 0.35519844 -0.59000432 0.32937166
v 0.02546371 0.44021499 -0.48007751
v -0.04147218 0.48840213 -0.37135535
v 0.03868903 0.01177166 -0.60868186
v -0.43328178 0.60780829 0.21523836
v -0.41710699 0.62213713 -0.06355341
v -0.35275817 -0.62537712 0.46787202
v 0.02750934 0.18830486 -0.62213564
v -0.05718535 0.61908245 -0.27853537
v 0.13787851 0.60764080 -0.29586163
v -0.40555340 -0.61594027 -0.08913166
v -0.45936814 -0.51229697 0.28094879
v -0.03736423 -0.09016184 -0.45642883
v -0.01466870 0.51813692 -0.49285084
v 0.04216137 0.15671974 -0.59302002
v -0.02615497 -0.13689406 -0.54163319
v 0.29057950 -0.58109260 0.46764937
v 0.46940285 0.62283909 0.11936961
v -0.38851258 -0.61810929 -0.11080305
v -0.40126151 -0.58654004 0.26439455
v -0.13244566 0.62810129 -0.26581109
v 0.42874193 0.54801124 0.26934499
v 0.19919962 0.61681193 -0.26962456
v 0.20353727 -0.61982310 0.58370495
v 0.03881884 0.48202747 -0.34072796
v 0.01360377 0.50734043 -0.53169119
v 0.12669224 -0.63208294 0.59483802
v 0.33617881 -0.31057984 0.49436948
v 0.00009347 0.48987836 -0.56813997
v 0.12582929 -0.61928493 -0.29917195
v -0.41891256 -0.58182430 0.20856224
v -0.43855792 0.62459016 0.00050220
v -0.43201748 0.62160891 0.07631977
v -0.17238604 0.62326419 0.59276384
v 0.02281930 0.45527822 -0.33992428
v -0.03754019 -0.58090651 0.57067460
v 0.08248784 0.62563020 0.61771965
v 0.21428488 -0.58200359 -0.20278208
v -0.16526592 -0.63231719 -0.26327148
v 0.01708341 0.53294241 -0.40060771
v -0.44836500 0.62897497 0.22111000
v 0.05768914 -0.25938836 -0.32514676
v 0.35958824 0.62610215 0.41876090
v 0.28801185 0.61934632 0.53026819
v -0.25892276 0.62074655 0.55035734
v -0.38521501 0.62735403 -0.08201060
v -0.32500911 -0.59006292 0.35935298
v -0.46580198 0.62736648 0.14520259
v 0.03628198 0.37843606 -0.61282086
v 0.36663559 -0.61143589 -0.13959315
v -0.05770672 -0.56892270 0.56968021
v 0.00721025 -0.08043023 -0.45159823
v -0.02617052 0.18199313 -0.55708420
v 0.33666924 -0.17796504 -0.17855619
v -0.33647323 0.11883964 -0.17878827
v 0.22989181 -0.61995476 0.57239974
v -0.41161776 0.53520727 -0.08083484
v 0.03863077 -0.13641860 -0.49261841
v 0.04196475 0.43724418 -0.57140821
v 0.38614267 -0.56108809 0.32353786
v 0.17084303 0.59686524 -0.28237396
v 0.35508931 -0.62769997 0.45548114
v -0.11377878 -0.58146119 0.55088264
v 0.00674134 -0.01391849 -0.63249135
v -0.30781385 -0.42420140 0.45444605
v 0.40535238 0.62321043 -0.08490854
v 0.47142372 -0.61814064 0.12687294
v -0.37474895 0.62351012 -0.11951377
v -0.03853289 0.16935436 -0.61110151
v 0.04121092 0.06994514 -0.57918626
v 0.33666271 -0.27900514 -0.17856009
v -0.27947119 -0.59012914 -0.12772906
v 0.04044856 0.03766404 -0.60559058
v 0.43044287 -0.61374700 0.35143971
v 0.05086046 -0.63202024 0.62021542
v -0.05871092 0.51640761 -0.31673282
v 0.03530731 0.47561330 -0.35607806
v 0.41803786 -0.63052696 0.34989038
v 0.02608065 0.51512372 -0.47186941
v 0.35745183 0.62016761 -0.14880425
v -0.01359921 -0.10904425 -0.58884555
v 0.45971680 -0.62724793 0.21411356
v -0.03095842 0.07951080 -0.56177723
v -0.26312232 -0.59014899 0.11695673
v -0.27031702 0.62262386 0.53896075
v -0.25831738 -0.58896458 0.47266299
v 0.43269992 -0.63188243 0.01176840
v 0.03776299 0.06074006 -0.61154985
v 0.37831625 -0.58399779 -0.03637721
v -0.37258500 0.62863398 -0.10727100
v 0.45938185 -0.49340966 0.28089681
v -0.01044095 -0.05968359 -0.50674570
v 0.16061160 -0.50639230 -0.24571334
v 0.00002570 -0.17302120 -0.42209318
v 0.23825216 -0.53691483 0.56945932
v -0.23049310 -0.61667621 -0.25737712
v -0.39034837 0.61092365 0.34108317
v 0.46698317 0.60867107 0.08980531
v -0.45957673 -0.49369621 0.03499555
v 0.42835617 0.59079587 0.27096194
v 0.18813935 -0.57076538 0.53738046
v 0.22903354 -0.58864033 -0.17798114
v -0.37258500 0.62889600 0.42319000
v -0.37998211 0.60708338 -0.12230207
v 0.45088208 0.62266415 0.28864056
v 0.35704640 -0.63255721 -0.11646281
v -0.03988793 0.46956459 -0.43135750
v -0.03478919 0.46885335 -0.39122477
v 0.27581650 -0.61593843 0.54081303
v 0.30588254 -0.53642505 -0.15310939
v -0.10050590 -0.57807493 -0.24674657
v 0.01618921 0.24430190 -0.62938124
v 0.08711106 -0.57621682 -0.26195747
v 0.00704952 0.30197287 -0.54790801
v 0.06759808 0.62259674 -0.27756381
v 0.37258500 0.62888598 0.42319000
v 0.11880927 -0.58993149 0.53966546
v -0.04228008 0.06716313 -0.59199560
v -0.02826979 0.45574826 -0.41538188
v 0.01047805 -0.09420408 -0.38018259
v 0.10649743 -0.58000648 0.55600065
v 0.04035113 0.49508122 -0.47393039
v -0.35802326 -0.58110315 0.36062568
v 0.02719393 0.25084797 -0.55689615
v 0.08413012 -0.63257557 -0.28138578
v -0.05062399 -0.58739549 -0.24885637
v 0.36300239 0.62425363 -0.13297382
v -0.00662309 0.44541785 -0.60942334
v 0.03733382 0.26878300 -0.61242801
v -0.42310500 0.62957603 -0.00623051
v 0.01560697 -0.03856906 -0.51848525
v 0.00212340 -0.07497861 -0.48051244
v 0.29680499 0.62930202 0.49897000
v 0.00025320 0.06457918 0.59388423
v 0.03875668 0.47569242 -0.37847337
v -0.11868745 -0.58192092 -0.24140438
v 0.32651123 -0.58347154 0.41854972
v 0.03805262 0.51141822 -0.41690186
v -0.09705234 -0.63257384 0.59671032
v -0.45942339 -0.26006046 0.28077421
v 0.02583781 -0.63181704 0.61891997
v 0.05037744 0.50336319 -0.32894793
v 0.47246155 -0.62526220 0.15170182
v 0.00000703 0.32725450 -0.54776686
v -0.37592992 -0.59006870 0.01244571
v -0.46524289 0.62641591 0.13251124
v -0.03497667 0.01799533 -0.61603570
v 0.33666945 0.44722024 -0.17855534
v 0.42358497 -0.62455183 -0.03756478
v 0.35424709 -0.57321584 0.37993598
v -0.30879545 0.61667591 -0.19926699
v 0.03618354 0.46085697 -0.43052796
v -0.04390872 0.62309283 0.59687608
v 0.03340144 0.13146822 -0.61618018
v -0.02106181 -0.08681057 -0.43227559
v -0.29921135 -0.58853799 -0.12767719
v -0.43912917 0.60702217 0.12653829
v 0.04115236 0.50770819 -0.37706894
v -0.39789432 0.63017893 0.37806296
v 0.04093930 0.47695416 -0.40707919
v 0.43573457 0.61923409 0.09528910
v 0.45852071 -0.63121480 0.12847567
v 0.28650013 0.60769385 -0.21723126
v 0.03518594 0.10506508 -0.56680232
v -0.47432411 -0.60953510 0.15020426
v -0.25720286 0.62171990 -0.20403029
v 0.45962229 0.18831703 0.03507651
v 0.02585939 -0.09040067 -0.59531540
v -0.31347075 0.39670002 -0.15604559
v 0.23839335 0.52300006 0.56941080
v 0.39181012 -0.57093364 -0.01517635
v 0.33469501 0.62835902 0.47371000
v 0.17317230 0.61684614 -0.28014326
v -0.30624565 -0.49339154 0.45469236
v 0.11984177 0.62518442 -0.26909950
v 0.23889047 -0.12113023 -0.25383294
v 0.04217372 0.31787327 -0.59226620
v -0.21727185 -0.47512501 0.52902877
v -0.12152030 0.60779274 0.56977779
v -0.04212995 0.19722039 -0.58372921
v -0.26063526 -0.56806189 -0.17238264
v 0.04079887 0.50113660 -0.44293565
v 0.44387043 -0.61937326 -0.00241124
v 0.39441121 0.62395203 -0.05673652
v -0.21197754 -0.58680791 0.51577234
v 0.40823066 0.62341529 0.32241473
v -0.40692309 -0.63253379 0.35398215
v -0.46190861 0.60738814 0.26343518
v 0.35199410 -0.61851650 -0.15769252
v 0.23919889 0.54121983 -0.25363478
v -0.03214243 -0.15145019 -0.46066433
v -0.03553532 0.51549667 -0.41337806
v 0.33617881 0.54193658 0.49436158
v -0.19182588 0.61496836 0.55178684
v -0.09506132 0.62543184 -0.30030340
v -0.02130263 0.12515491 -0.62712574
v -0.04450335 0.10626863 -0.32792258
v -0.04218761 0.48816395 -0.41017655
v -0.22315633 -0.58305645 -0.19038792
v 0.46288812 0.62313139 0.21471629
v 0.03771677 -0.16491571 -0.33942452
v 0.00631501 0.62272698 -0.28694299
v 0.06415804 -0.57991052 -0.26660937
v 0.05763856 -0.16302392 -0.32569939
v -0.05350331 -0.11544283 -0.31863791
v 0.35667992 0.60882747 -0.09855731
v 0.20460607 -0.63255978 -0.24332342
v -0.44210020 -0.63252151 0.06491598
v 0.32343346 0.61808288 0.45807549
v -0.47251838 0.61901373 0.17689182
v -0.03616289 0.52192718 -0.37773269
v -0.02508263 -0.10358120 -0.36061057
v -0.20631047 -0.61760348 -0.26735491
v 0.14111178 -0.58493835 -0.24153927
v 0.42811039 0.61778909 0.07324007
v 0.41584179 -0.57898378 0.26570147
v 0.33979201 -0.57051462 0.40639850
v -0.00051274 0.49108371 0.60005766
v 0.00741963 0.42346972 -0.62019992
v -0.30741543 -0.63251048 -0.17335995
v -0.21099463 0.61917013 -0.26433140
v 0.00063518 0.54312611 -0.35270452
v 0.02691326 0.49039909 -0.55024433
v 0.39528552 -0.61580724 0.41744587
v 0.43088734 -0.63262695 0.27441010
v -0.03532356 -0.00100066 -0.33391613
v -0.41221401 0.62052500 0.01381877
v -0.01533291 0.53166842 -0.41657391
v -0.25386500 -0.58984238 -0.14301960
v 0.01355781 0.44005710 -0.44803545
v 0.02886988 0.05022855 -0.55919802
v 0.38588572 0.11787376 -0.05291706
v -0.42980373 -0.61758745 -0.03751242
v -0.46394673 0.62050515 0.23407760
v 0.12572826 0.52930027 0.61652994
v 0.04212549 -0.09310947 -0.49224180
v -0.01521001 -0.03861532 -0.51921839
v 0.15707625 0.61861515 -0.28550816
v -0.28664652 -0.59868640 0.53260118
v 0.22043720 0.61952007 -0.21881700
v -0.22684810 0.52299988 -0.22397874
v -0.02447672 -0.60780728 -0.31530470
v 0.33666515 0.52929986 -0.17853984
v -0.14464866 -0.50440753 -0.25256926
v 0.33583179 0.58833885 0.49445376
v 0.03733353 -0.19407150 -0.33174536
v -0.03289421 0.50192010 -0.50478649
v -0.19602486 0.62799668 -0.26071253
v -0.39138755 -0.57320350 0.01094137
v -0.37473589 -0.61832345 -0.12874603
v 0.01870739 0.62202287 0.60126173
v 0.01013475 0.51791888 -0.49838388
v 0.03931931 -0.14313486 -0.44205061
v -0.34375781 -0.58262503 0.37879342
v 0.41835690 -0.58030558 0.10166233
v 0.04263776 -0.11579136 -0.46350089
v 0.41142070 0.35249475 0.39661530
v -0.25132903 -0.44438455 -0.19932055
v 0.42836145 0.60860080 0.35661337
v -0.33993417 0.61941844 -0.17182598
v -0.23884651 0.15041569 -0.25385255
v 0.27763054 -0.63262111 0.50357282
v 0.03777352 -0.62052852 -0.31217253
v -0.03681120 0.37776455 -0.61337692
v -0.01503199 -0.07012969 -0.49833760
v 0.44469738 -0.63257915 0.11262161
v -0.11638223 -0.63186240 -0.28798920
v -0.02917993 -0.07647739 -0.60180920
v 0.01628199 0.03409208 -0.55141211
v 0.40766743 -0.61739475 0.40113696
v 0.21109992 -0.58232379 0.52584988
v 0.00909990 0.38201830 -0.63061935
v -0.05847637 0.54701227 -0.31595281
v -0.21696800 -0.19061571 0.53299505
v -0.23265886 -0.60843986 0.57196146
v -0.28143179 -0.57826257 0.46912029
v 0.00179774 -0.63245374 0.61521167
v 0.18444471 0.62039548 -0.24386862
v 0.31313887 -0.61962533 -0.19536468
v 0.37818301 0.60767156 -0.06927294
v -0.04699336 0.58661932 -0.31587338
v -0.18074208 -0.56003630 0.53818166
v -0.03316223 -0.09619703 -0.58197886
v -0.02155786 0.44438598 -0.44877756
v 0.03548816 0.17996770 -0.56626326
v -0.21789220 -0.29165009 0.53113520
v -0.03371550 0.11979996 -0.56554121
v 0.27739963 0.61989278 0.49598601
v 0.36639795 -0.57018924 0.35858569
v 0.03340527 0.55412090 -0.32685208
v 0.41852587 -0.61817878 0.38030297
v 0.02429702 0.45260721 -0.59503692
v -0.11473153 0.60722947 0.61851859
v 0.25317299 -0.58285677 -0.17928126
v -0.00095206 0.44370058 -0.41968256
v -0.00777848 0.50471979 -0.54343420
v 0.00058577 -0.10830644 0.59130710
v -0.04061220 -0.10306669 -0.44166970
v -0.27936199 -0.58981305 0.44483519
v -0.44345763 -0.63259113 0.20574170
v -0.39027444 0.61769521 0.42315009
v -0.45298183 0.60900271 0.01798037
v -0.05553516 -0.03718637 -0.31802487
v -0.33617952 0.38406909 0.49437773
v -0.23874164 0.59471446 0.52766031
v -0.43341026 -0.37147215 0.09617712
v 0.00967746 -0.06197763 -0.50571477
v -0.04104983 0.27199492 -0.57940936
v 0.30282345 -0.63251597 -0.17964655
v 0.43858343 0.60666907 0.13595884
v -0.03942883 0.41114804 -0.54461873
v 0.02384406 0.22542240 -0.55387491
v 0.37485421 -0.58884853 -0.01296724
v -0.04162080 0.03252359 -0.58316970
v 0.40933979 -0.57884520 0.05999014
v 0.04282735 -0.09425572 -0.51792657
v 0.21340251 -0.61040187 -0.26456037
v 0.31309211 0.60819948 -0.15534131
v -0.04135450 0.46821791 -0.45454273
v 0.31798506 -0.61574537 0.50863594
v 0.39719868 0.61876988 -0.09878011
v 0.05955616 -0.61862886 -0.30953678
v 0.47562784 0.45985523 0.15773197
v 0.01329567 -0.15399125 -0.51245081
v -0.24648820 0.62723893 -0.23497555
v 0.44836500 0.62645501 0.10744000
v 0.38186786 -0.47461227 -0.05342875
v -0.43404239 0.59422743 0.09636050
v 0.38762033 0.32033461 -0.05221297
v -0.04088986 0.30828083 -0.57828075
v -0.12432265 0.53763694 -0.30145726
v 0.04232235 -0.06495196 -0.56840080
v 0.18722489 -0.56967092 -0.22875886
v -0.01434375 0.36879459 -0.62994206
v -0.04439021 0.28934628 -0.32731292
v -0.34446695 -0.58959949 -0.06428387
v 0.02007469 0.45300451 -0.39057690
v -0.00662059 0.27671149 -0.54807216
v -0.38518801 0.54827350 -0.06307331
v 0.30106837 -0.58844131 -0.12643662
v -0.02243545 0.53240138 -0.39379093
v 0.11998500 0.62338603 -0.29516500
v 0.39936534 -0.57156926 0.01347767
v -0.31330562 0.54866028 -0.15615824
v 0.03048017 0.16489291 -0.61966759
v -0.07634655 -0.63085902 -0.30562121
v 0.40559080 0.60820431 0.31412721
v -0.07841993 0.60294127 -0.30848336
v -0.21616887 0.04918045 0.53616452
v -0.00271374 0.06830928 -0.54828763
v -0.41949993 -0.50541753 0.25880885
v 0.01850739 0.01112762 -0.54523849
v -0.12553923 -0.44951022 0.61661893
v -0.00037714 0.52495670 -0.46700776
v 0.03747438 -0.58554196 -0.26551872
v 0.41134652 0.53506958 0.39670393
v -0.43514401 0.62346202 0.27175099
v -0.23884501 0.42827535 -0.25385475
v -0.01871707 0.62049013 0.60043502
v -0.33689508 -0.53635561 -0.17831892
v -0.26741776 -0.61914635 0.54633844
v -0.30531824 -0.48270935 -0.15808757
v -0.02236336 0.43677893 -0.49441960
v -0.27184758 0.60805476 0.54382908
v -0.15097046 -0.61909193 0.60509926
v -0.01909186 0.62160724 0.62868911
v -0.28489739 0.61648136 -0.17936178
v -0.35117823 0.61863399 0.47318962
v -0.29680499 0.62634897 -0.18305101
v -0.00075175 0.54984540 -0.33644527
v 0.01191155 0.34599414 -0.63102496
v -0.31764811 0.60506809 0.46424466
v 0.41539234 -0.62444508 -0.06423329
v -0.41166690 0.44090566 -0.08081548
v 0.03002263 0.35411176 -0.56063461
v -0.36770439 0.60917044 0.45361316
v 0.27787411 -0.58785182 -0.15225418
v 0.00006257 0.24513787 -0.54793572
v 0.01242824 -0.17976351 -0.36668563
v 0.12574449 -0.46214014 0.61654484
v 0.32574177 -0.56032497 0.43281829
v -0.16718353 0.60511017 -0.24318121
v -0.04997385 0.49132410 -0.31988817
v -0.19024746 -0.58489877 0.53052658
v -0.33608258 -0.57437086 -0.09813357
v 0.41980702 -0.57749373 0.13805535
v -0.23884900 -0.20322409 -0.25384697
v -0.01246928 0.29565996 -0.63118660
v 0.11525007 0.60901636 -0.30352420
v 0.32206500 0.62843001 -0.17042100
v -0.33527434 0.62183648 0.44796738
v -0.21828368 0.54734731 0.54280174
v -0.42247200 0.62381297 0.29675800
v -0.05349109 -0.63225746 0.61595553
v 0.31793973 -0.37371138 0.44972995
v -0.08126850 0.62702543 -0.27650645
v -0.31631544 -0.63081920 0.49224830
v -0.36232707 0.62056148 0.39756054
v -0.34374475 -0.58386117 -0.08448461
v -0.30718142 -0.58999312 -0.09124354
v 0.25702232 -0.55919021 0.49664691
v 0.15868554 0.62762368 0.59446961
v -0.04018242 0.15671909 -0.57559401
v -0.21702321 0.33331203 0.54017776
v -0.38534665 -0.22217003 -0.06307338
v 0.38308510 -0.25385410 -0.05392118
v 0.03513471 0.30389959 -0.61483395
v -0.46294871 -0.61889046 0.06308437
v -0.32290322 -0.61694205 -0.18907166
v 0.04014093 -0.07040131 -0.54183835
v 0.06527473 -0.59003103 0.54675543
v -0.45042303 -0.63105416 0.26806530
v 0.00014358 0.36580074 0.59820336
v -0.28890011 -0.62073165 0.52811259
v 0.02640758 -0.03906505 -0.61910748
v -0.18313500 0.62943399 -0.25883099
v -0.02696516 -0.03885890 -0.61966175
v 0.42987618 0.61035204 -0.03727478
v 0.03745814 -0.14371073 -0.46680090
v -0.31469023 -0.02660387 0.45529374
v -0.36894199 -0.57878274 0.34270573
v -0.03602251 0.61148089 0.59273177
v 0.09472510 0.62925500 -0.28409100
v -0.36573568 -0.58459759 -0.05242291
v 0.32578954 0.16999023 0.44948027
v 0.25416306 -0.62407070 -0.23925616
v 0.43733087 0.49149773 0.11084366
v 0.21440132 0.57360685 0.54451019
v -0.38121909 -0.63246214 0.40488032
v 0.02396882 0.37972912 -0.54919910
v 0.05056183 -0.63242280 -0.29342666
v -0.22874847 -0.58969665 -0.16676876
v -0.41993672 -0.57944721 0.16437614
v 0.17652816 0.60641319 0.55651796
v 0.01618920 0.28219199 -0.62938112
v 0.26159805 0.61693829 -0.23561126
v 0.31534156 -0.52479154 0.44997120
v 0.33618629 0.01780032 0.49437213
v -0.01805984 -0.55472749 -0.26260793
v -0.03262559 -0.00014532 -0.55429494
v 0.01474785 -0.01468089 -0.53013563
v 0.40674281 -0.63254327 -0.03791748
v -0.12133058 -0.56013566 0.55346441
v -0.46225154 0.60646433 0.05310307
v 0.23515941 0.62076777 0.56683695
v -0.33875364 0.60797852 0.49086002
v 0.04207197 0.35566550 -0.58786249
v -0.21751581 -0.63209105 0.56188655
v -0.30405611 -0.53059912 -0.15091763
v -0.21751566 -0.51236624 0.52784306
v -0.15341944 0.60790467 0.56140649
v 0.00583236 -0.53649849 -0.31776443
v -0.08894862 0.62974608 0.60001230
v -0.45832419 -0.62772113 0.22615780
v -0.01235768 -0.15314549 -0.51814288
v -0.12739576 0.10621211 -0.30036899
v -0.15770404 0.62714690 0.56968713
v 0.23889108 -0.41161996 -0.25387636
v -0.03378354 0.09357768 -0.61676961
v 0.39040571 -0.61889690 -0.10793470
v -0.05689399 0.62817210 0.61654466
v 0.18826975 -0.58518785 0.52661109
v -0.43619812 0.61851978 0.18516812
v 0.47564140 -0.44318199 0.15785801
v -0.02963627 -0.30817765 -0.32496291
v -0.39025638 -0.63263184 -0.06291217
v 0.22876513 -0.58981949 0.49408907
v 0.43781933 0.62687308 0.30971232
v 0.00098987 0.13980694 0.59500086
v 0.24507371 -0.57761741 0.50330597
v -0.00025558 0.54177344 0.60076010
v -0.23840497 0.51036996 0.56940979
v -0.21601556 -0.00785911 0.53549337
v 0.43191221 0.60914057 0.24063377
v -0.46159351 -0.62517923 0.08543054
v -0.05324272 -0.16593641 -0.31866521
v -0.40764943 0.62899828 -0.03131143
v 0.02281239 -0.13639808 -0.54546577
v 0.04170049 -0.00179476 -0.57313436
v -0.01257990 -0.58912635 0.56821245
v 0.34968150 -0.58855915 0.35653436
v 0.05133728 -0.58226258 0.56903797
v 0.21374705 -0.13984004 0.53683251
v 0.44207942 -0.63258862 0.22877184
v -0.40738231 0.62201601 -0.00728608
v 0.47559354 -0.53725481 0.15810417
v 0.36973938 -0.59005070 0.30154413
v -0.06957101 0.62784892 -0.29982877
v 0.44025129 -0.61800104 0.32719901
v 0.41218930 0.62227166 -0.06923240
v -0.45925906 0.54100919 0.28129900
v 0.40395504 -0.62080187 -0.08935384
v -0.02459281 0.04889439 -0.55535245
v 0.37540963 0.62292296 0.43680814
v 0.01046210 -0.60196745 0.63297570
v -0.12721506 -0.18449765 -0.30043539
v -0.21632524 -0.07079516 0.53473759
v 0.08366995 0.61898184 0.58172917
v -0.25194117 -0.63254285 0.53297514
v 0.42641214 0.30785447 0.26803797
v -0.18121469 -0.63256884 0.56857055
v 0.03802690 0.07469285 -0.33327773
v 0.12574506 0.35249501 0.61654353
v -0.22683780 0.18198995 -0.22409169
v 0.03617189 0.43002534 -0.33355260
v -0.01192754 0.03611091 -0.63141763
v 0.15133238 0.62705147 0.57378185
v 0.31951767 -0.27270919 0.44947383
v 0.34292045 0.61941582 0.43591553
v 0.21326195 0.15035442 0.54058444
v -0.10089562 -0.62418771 -0.30317473
v 0.07597717 -0.62473905 0.62261856
v -0.04036013 0.13146369 -0.60673773
v -0.39325961 -0.59008789 0.17267744
v -0.12383419 -0.44916472 -0.30173010
v 0.35652745 -0.56729192 -0.08392848
v -0.00123107 0.18454765 -0.54813081
v 0.08755324 -0.58966923 0.54531068
v -0.29314396 -0.63258392 0.49537218
v -0.29680499 0.62849402 0.49897000
v 0.23839125 0.37144002 0.56940961
v -0.02725384 -0.37500986 -0.32069030
v -0.42117000 0.62306499 -0.04412050
v -0.41169715 -0.46846452 -0.08077144
v -0.04209050 0.23249914 -0.58874708
v -0.20821334 0.62871248 -0.24242431
v 0.16157438 -0.56149453 -0.24513939
v 0.45942649 0.47876543 0.28075492
v 0.03646252 -0.15756397 -0.39207157
v -0.35724252 -0.62725317 -0.14023332
v 0.45963582 -0.08322687 0.03510881
v -0.03969338 0.38772017 -0.56401563
v 0.27349943 -0.62125021 -0.22485024
v -0.41140032 -0.39899072 0.39664915
v -0.23839702 -0.43056485 0.56940114
v -0.35992134 -0.59017813 -0.02491167
v -0.42919394 0.56685591 0.26814085
v -0.31615478 0.04833331 0.45535854
v 0.00029737 -0.52539974 0.58495855
v 0.33211467 0.60055214 0.44782400
v -0.33647040 0.49142522 -0.17879181
v 0.39417225 -0.63254666 -0.06592522
v 0.33666608 -0.46214002 -0.17856021
v -0.41141221 0.09989513 0.39665094
v 0.30899119 0.09976477 -0.15559356
v -0.04254585 -0.12910537 -0.41767320
v -0.39693484 0.60879719 -0.02751549
v 0.44405389 0.60740393 -0.00345020
v 0.22708294 -0.63262886 0.54265314
v -0.00458622 0.54037642 -0.37753823
v 0.45835033 -0.62495583 0.26530373
v -0.43772206 0.49785209 0.10899433
v 0.33919463 -0.61494118 0.49043787
v 0.30240148 -0.60883576 -0.20494401
v -0.23618512 -0.58330685 0.49512035
v 0.03772552 -0.08931157 -0.46710640
v 0.03769237 -0.50547582 -0.27533999
v 0.38412604 -0.63165289 -0.08895122
v 0.42381701 -0.07102621 0.26540211
v 0.03449199 0.26540408 -0.28141421
v 0.39267096 -0.58997202 0.12237998
v 0.41985923 -0.48746642 0.26676551
v 0.41956156 -0.53217024 0.26661566
v 0.01020672 0.15260080 -0.63162118
v -0.39158544 -0.59014028 0.23492636
v 0.40352041 -0.57281870 0.29095784
v -0.04264149 -0.10603444 -0.49776343
v -0.40422291 -0.62011832 0.40483773
v 0.38495985 0.01100683 -0.05356411
v 0.12466688 -0.57170409 -0.25356355
v 0.33671463 -0.54376107 -0.17847489
v 0.13585240 -0.56865323 0.55091786
v -0.04186461 -0.07283813 -0.57200193
v -0.15083003 0.60688859 -0.29066938
v -0.45876881 -0.61810935 0.03543909
v -0.00408916 0.18318580 -0.63347930
v -0.12760358 -0.62569815 0.61298555
v -0.04566131 0.25778815 -0.28094590
v -0.07620965 -0.58915997 -0.23926494
v -0.05866010 -0.08440287 -0.31678602
v -0.38627115 -0.47326964 -0.05323523
v 0.29667705 -0.61771011 0.52481538
v -0.04454099 0.23247692 -0.32769963
v -0.22683515 -0.03272005 -0.22413310
v -0.42405090 0.01135870 0.26232609
v 0.38763845 -0.58892572 0.03874817
v -0.04195558 -0.04571862 -0.59286088
v -0.47414643 0.60303938 0.14085411
v -0.06313415 0.60924041 0.58534718
v -0.01672599 0.33260655 -0.62963051
v -0.03358198 -0.16188698 -0.40564823
v -0.37594554 -0.63239843 -0.09382662
v -0.16698927 -0.61728382 -0.28368208
v -0.32354191 0.54802942 0.45833120
v 0.42309213 -0.15278232 0.26561406
v 0.14756723 -0.63257658 -0.26548669
v -0.01246967 0.25776988 -0.63118678
v -0.42058524 -0.33576196 0.26160121
v -0.32873064 -0.63257277 -0.14882664
v 0.31312877 0.60699439 -0.19681706
v 0.41843873 -0.58836108 0.17693767
v -0.31346500 0.19461998 -0.15603989
v -0.23883714 -0.43057388 -0.25386301
v 0.41146517 -0.27900589 0.39661488
v 0.41910040 -0.56524175 0.08093596
v 0.17262666 0.46593297 -0.24692138
v 0.11998500 0.62958401 -0.28409100
v 0.47560543 0.54185814 0.15777962
v 0.02300350 0.21271332 -0.62577391
v -0.47563303 0.03674625 0.15781203
v 0.33618376 -0.41793486 0.49436814
v -0.00355217 0.47063923 -0.59063917
v 0.03797116 0.34620920 -0.33326799
v 0.45963162 0.41564596 0.03508045
v -0.00019841 -0.58895165 -0.25124311
v -0.01729515 0.40627897 -0.62351787
v -0.04445185 0.38404074 -0.32713494
v -0.43118563 -0.31093839 0.10131995
v 0.23888785 0.45984939 -0.25383300
v -0.43572018 0.62986940 0.03697118
v -0.00015116 -0.30435342 0.58822364
v -0.38536379 -0.08323999 -0.06307258
v 0.32123154 -0.15904610 0.44935498
v -0.15084708 -0.58957028 -0.21015166
v 0.17977250 -0.59004015 0.50962836
v 0.23839384 0.16936105 0.56941146
v 0.21380737 -0.01402460 0.53838354
v 0.40919110 0.60829121 0.01106083
v 0.10245953 -0.58461380 -0.24867496
v 0.01472782 -0.16004319 -0.47893050
v -0.23884466 0.34618056 -0.25385410
v -0.04872515 -0.59009016 0.54269451
v -0.03560405 0.42873588 -0.59847271
v -0.33618131 0.18199021 0.49437752
v 0.41141862 -0.52524519 0.39659658
v 0.02381254 0.20169875 -0.55390865
v -0.12553570 0.51668495 0.61659038
v 0.29784709 -0.62659049 -0.19981599
v -0.42572743 0.28315529 0.26655999
v -0.03702705 0.28934351 -0.61431473
v 0.30873066 0.03033663 -0.15539017
v 0.11602752 -0.54371125 -0.30479032
v 0.02860378 0.40361562 -0.61601287
v 0.12899941 -0.22435057 -0.29966879
v -0.14669839 -0.55427653 -0.24524462
v 0.42801413 0.50320476 0.26948032
v -0.41305840 -0.58712029 0.11283643
v 0.31337368 0.44066355 -0.15432793
v -0.00007083 0.44090509 0.63348842
v -0.04197895 0.10282205 -0.58857137
v 0.33772323 -0.58902138 -0.05536127
v 0.30769202 -0.37373990 -0.15332849
v -0.00035452 -0.16577554 0.59028178
v -0.37497792 0.60568774 0.36858767
v -0.33606005 0.54134834 0.49444175
v 0.41176823 0.36512503 -0.08068338
v 0.00000326 -0.14385888 -0.54551601
v 0.16569674 -0.20948581 -0.24529454
v 0.31064063 0.27017808 -0.15530494
v -0.28457144 0.62422669 -0.21027264
v 0.23839377 0.04937539 0.56941265
v -0.19812325 0.60655850 0.58639997
v -0.01139975 -0.45062837 -0.31718606
v -0.23840261 0.20725004 0.56940770
v 0.11440990 -0.63243127 -0.28111604
v -0.25101966 -0.42673907 0.49720976
v 0.43020067 0.00844865 0.10540003
v -0.21667911 -0.13389798 0.53380811
v -0.45961756 -0.36113322 0.03504284
v -0.31347433 -0.11481502 -0.15604343
v -0.12554057 -0.35478577 0.61658955
v 0.07394926 -0.32909787 -0.32032600
v 0.09457345 0.62516141 0.58573520
v 0.41177163 -0.24743044 -0.08068314
v 0.33618692 -0.20322481 0.49436811
v -0.12741485 -0.00114820 -0.30034074
v -0.33620009 -0.53150964 0.49433926
v 0.33619338 -0.51879936 0.49433127
v 0.23888938 -0.02640632 -0.25383547
v -0.02502904 -0.06488248 -0.51779699
v -0.42822361 0.50930786 0.26856098
v -0.22684629 0.27671498 -0.22404942
v 0.16382244 -0.32322797 -0.24539009
v 0.02647130 -0.11655641 -0.56972629
v 0.02231515 0.60556370 0.63112551
v -0.47563908 -0.19687718 0.15784585
v 0.08489904 -0.40147594 -0.31654340
v -0.01074455 0.00964598 -0.54280478
v 0.21427515 -0.50601381 0.53181243
v -0.41167209 -0.31689480 -0.08081150
v -0.00847742 -0.02666937 -0.28734475
v 0.21199036 0.49771267 0.54547054
v 0.31884655 -0.59004545 0.39309525
v -0.31308106 -0.10870266 0.45523110
v -0.41141313 0.42827502 0.39665207
v 0.21273951 0.29572311 0.54256690
v -0.31019866 -0.58420753 0.43415093
v 0.34801459 0.62215245 -0.15773338
v -0.31134644 -0.19693354 0.45521352
v -0.40452823 -0.57001191 0.28144875
v -0.30870667 -0.35500604 0.45487231
v 0.00006175 0.43498337 0.59923011
v 0.24369313 -0.59004551 0.47154462
v 0.41143978 0.12515582 0.39661187
v 0.46677271 0.60923022 0.22722925
v 0.38681376 0.22535129 -0.05239875
v -0.42158309 -0.24131766 0.26210558
v 0.17180122 0.38403243 -0.24669108
v -0.41893482 -0.61611640 -0.06485094
v 0.33618838 0.23882523 0.49436933
v -0.11266283 -0.45518696 -0.26170725
v -0.26910812 0.60563111 0.50333148
v 0.41144127 0.44722036 0.39661998
v 0.24966212 0.62519580 0.55272460
v 0.30830342 -0.15283400 -0.15445568
v 0.00036614 0.28994977 0.59707129
v 0.23839544 0.45353523 0.56941158
v 0.00009256 -0.48724025 0.58557791
v 0.40476033 0.62016988 0.40321696
v -0.45963007 -0.22215571 0.03505297
v -0.38538158 0.22619499 -0.06307580
v 0.34061599 -0.61938018 -0.17219315
v -0.27364108 -0.63260686 -0.19509424
v -0.12586860 -0.53161675 -0.30117008
v 0.00003252 -0.40504003 0.58677268
v -0.23884359 0.25145611 -0.25385678
v 0.31382748 0.56836015 -0.15484485
v -0.00020745 -0.26013198 0.58888572
v 0.41144753 0.00516918 0.39661148
v -0.41137949 0.52298659 0.39665270
v 0.45967755 -0.33583999 0.03513594
v -0.38536066 0.06200503 -0.06306979
v 0.38805893 0.40266982 -0.05273468
v -0.44964635 -0.61922574 0.01076908
v 0.04291210 0.58358133 -0.28129831
v -0.30475587 -0.61787409 -0.20330513
v -0.04300968 0.05103063 -0.32899350
v -0.33659402 0.55924779 -0.17858244
v 0.03347707 0.34608811 -0.61615258
v 0.45942807 -0.36107075 0.28074884
v 0.38276899 -0.32939628 -0.05359145
v 0.41176888 0.13778447 -0.08068115
v 0.33040565 0.51665002 0.44963351
v -0.43237892 -0.63255191 0.29095539
v -0.38272372 -0.41481093 -0.06799906
v 0.46547791 -0.61882919 0.08217874
v 0.45944291 -0.22216710 0.28072095
v 0.33171570 -0.55818993 -0.11661395
v 0.39365321 -0.59010237 0.24759221
v -0.47562680 -0.08322464 0.15777680
v 0.32813838 0.33995032 0.44943541
v -0.33619887 -0.22217038 0.49437335
v 0.33666459 -0.37372994 -0.17856254
v 0.30744094 -0.43693078 -0.15307483
v -0.41821277 0.60770488 0.38124114
v -0.13905077 -0.59008372 0.51749903
v 0.09070015 0.55666482 -0.31419158
v -0.33656830 -0.44953364 -0.17868000
v -0.31257078 0.60294431 -0.15598102
v 0.16141035 -0.44952703 -0.24568886
v 0.04247290 -0.12788463 -0.40414003
v -0.21755417 -0.59005076 0.47722763
v 0.42461243 0.01137026 0.26539883
v -0.22683033 -0.32952493 -0.22411710
v -0.41141722 -0.51253420 0.39659101
v -0.45945042 0.13778286 0.28072488
v 0.12574549 0.24514103 0.61654252
v -0.38691720 -0.61718023 0.42817602
v -0.32209846 0.41547573 0.45714653
v 0.12574519 -0.26006079 0.61655813
v -0.45965138 0.26406479 0.03510371
v -0.47562152 0.28932938 0.15777370
v 0.04097172 0.46318907 -0.48541382
v -0.33647978 -0.12744413 -0.17878163
v -0.43497512 0.25126284 0.10024168
v -0.21822765 -0.34200397 0.53023356
v -0.28995585 -0.59006298 0.41600597
v -0.41619366 0.60799938 0.29438210
v -0.21799344 -0.63262850 -0.23588723
v 0.26898867 0.61587036 -0.18541183
v -0.34460291 -0.63257027 0.44492570
v 0.42816773 -0.10940563 0.10305151
v -0.33876786 -0.61822194 -0.17482609
v 0.00124837 -0.04575381 0.59219944
v 0.23888811 -0.21585490 -0.25382540
v 0.01720029 0.52698618 -0.43726599
v -0.33619499 -0.39267445 0.49437377
v -0.12737451 0.33355933 -0.30037814
v -0.42686442 0.36563909 0.26643065
v 0.32390481 0.01236000 0.44916478
v 0.35074657 -0.63264555 0.42866161
v -0.22683232 -0.25374502 -0.22412865
v 0.03906577 -0.01742346 -0.33298963
v -0.04441040 0.16936339 -0.32743150
v 0.35853314 0.60721940 0.40103522
v 0.00148494 -0.32997537 -0.28637815
v 0.42538190 0.16309598 0.26631194
v -0.21628751 0.27660036 0.53959703
v 0.43214297 0.13204359 0.10730537
v 0.33666787 0.14410004 -0.17855690
v -0.00851885 0.15757236 -0.28688696
v -0.04518446 0.45969453 -0.28106570
v -0.43160847 -0.19734679 0.09909187
v 0.07048090 -0.58905876 -0.24136910
v -0.23884401 0.49774000 -0.25386348
v -0.38226876 -0.59035867 0.07808120
v -0.40498421 -0.63259315 -0.03611124
v -0.43969721 0.60914749 -0.01360891
v 0.16960688 0.22596522 -0.24666379
v -0.23884772 0.04306057 -0.25384676
v -0.04212147 0.47230241 -0.47983667
v -0.45966506 0.36510536 0.03513035
v 0.21352865 -0.25999233 0.53542870
v -0.18333636 0.60773319 -0.27706489
v -0.41167244 0.11252607 -0.08081913
v -0.47307217 -0.60987186 0.17783885
v -0.30540162 -0.56270623 0.45361120
v -0.31347170 0.47879499 -0.15604652
v -0.44370833 -0.63261539 0.13175306
v -0.31737569 0.11801571 0.45566085
v -0.00904537 0.06817226 -0.28739753
v -0.21646816 0.18175462 0.53820068
v 0.41176322 -0.35478517 -0.08068610
v 0.32687181 0.25766218 0.44960010
v 0.45943844 -0.07692523 0.28072417
v -0.33619726 -0.31058025 0.49437183
v 0.41713750 -0.58903885 0.19587141
v -0.10099156 -0.62082684 0.61965680
v -0.43214762 -0.12799692 0.09776764
v -0.23839729 -0.32952523 0.56940764
v 0.31204468 0.35848272 -0.15477590
v 0.42635986 0.23897396 0.26625809
v 0.38228282 -0.40516222 -0.05355871
v -0.32894987 0.61069131 -0.13682775
v -0.23840432 0.44090477 0.56940436
v 0.21294490 0.22617903 0.54162431
v -0.21868227 0.47834024 0.54170763
v 0.41666529 -0.63262314 0.31272730
v 0.21199806 0.53534472 0.54584295
v -0.31842145 0.18158656 0.45591655
v 0.23838919 -0.33583999 0.56940740
v -0.43349004 0.04655266 0.09770052
v -0.38541058 0.48511001 -0.06306971
v 0.45963079 0.05570185 0.03509016
v 0.01366293 0.42597914 -0.51115113
v -0.00006984 0.21356481 0.63348705
v 0.25826186 0.60725856 0.50945729
v 0.23888537 -0.31689566 -0.25388858
v -0.33648315 -0.24743001 -0.17878710
v -0.12027484 -0.36300704 -0.30316776
v 0.04010688 0.09357387 -0.60631114
v -0.42266074 -0.14665037 0.26192868
v 0.14903201 -0.58901799 -0.21638194
v 0.32220796 -0.05936632 0.45001876
v -0.00737913 -0.13420276 -0.28746116
v -0.23839827 -0.10849961 0.56940430
v -0.38320759 0.61815518 -0.06623463
v -0.03639530 -0.13614205 -0.51557004
v -0.47562733 -0.48107994 0.15778542
v 0.33666626 0.35249555 -0.17855231
v -0.00007278 -0.20322488 0.63347197
v 0.02497575 -0.43289217 -0.28071669
v -0.23877656 -0.52523220 -0.25388697
v -0.31346449 -0.01377502 -0.15603654
v -0.12553783 0.10621028 0.61659837
v 0.33618850 0.41564503 0.49436805
v 0.45967558 -0.21585461 0.03513882
v 0.41978997 -0.63246459 -0.01286684
v 0.21388182 -0.39868626 0.53357470
v -0.21797681 0.40262043 0.54084224
v -0.42371029 -0.39429829 0.12752189
v 0.42230657 -0.22222869 0.26608109
v -0.04453130 0.33986726 -0.32790598
v 0.17781143 -0.61926782 0.59431857
v 0.23888494 0.18830441 -0.25383475
v -0.33619103 0.06832124 0.49437326
v -0.01196244 -0.58987910 0.10775689
v -0.41141215 -0.02640542 0.39665073
v -0.00928432 0.07021880 -0.63220960
v -0.41974309 -0.42389083 0.26061419
v 0.33618835 0.13147047 0.49437156
v -0.25891367 0.61748517 -0.23764494
v -0.45945451 -0.39267489 0.28073448
v -0.38540664 0.42827502 -0.06307406
v -0.38606352 -0.58896643 0.28152359
v -0.14054164 -0.62482649 -0.29039532
v -0.22684573 0.37143996 -0.22405392
v -0.12553827 -0.24743427 0.61661381
v -0.02200192 -0.09964246 -0.34590709
v 0.00136365 0.01123531 0.59295356
v 0.45943949 0.34621155 0.28075501
v -0.22684152 0.45353499 -0.22405654
v -0.46674737 0.61959046 0.22171226
v 0.42655957 -0.21615086 0.10319123
v 0.07800721 0.60638714 -0.30892605
v -0.00007288 -0.34847000 0.63348049
v 0.30853087 -0.08335809 -0.15478191
v -0.31347564 -0.20953999 -0.15604390
v -0.01522658 -0.63257766 -0.29125080
v -0.12553784 -0.12744531 0.61661154
v 0.47563607 0.15670143 0.15777473
v 0.47563076 -0.21585475 0.15779690
v -0.12738220 0.44092458 -0.30036110
v 0.41176832 0.00517066 -0.08067605
v -0.32084018 0.33338979 0.45665616
v 0.38969353 -0.58337122 0.30497292
v -0.32302406 0.48502219 0.45774829
v 0.32965612 0.46618131 0.44971538
v -0.42768553 0.44031528 0.26696575
v -0.41141757 -0.15270531 0.39664948
v 0.42084366 -0.36751333 0.26677227
v 0.30802423 -0.22854905 -0.15413450
v -0.47562650 0.40933001 0.15777145
v 0.23839210 -0.08323940 0.56940448
v -0.30990303 -0.27914745 0.45506176
v 0.43369442 0.23981890 0.10844661
v -0.42455164 0.09347069 0.26330894
v 0.41177168 0.25776893 -0.08068132
v 0.00040798 0.21468657 0.59604305
v -0.31332898 -0.42811152 -0.15685911
v 0.21349850 -0.32937464 0.53457659
v 0.37618580 -0.57153380 -0.05935742
v 0.26304466 -0.58972061 0.11085355
v -0.33647001 0.32091948 -0.17879274
v -0.23840116 -0.22217022 0.56940740
v -0.00006782 -0.05797972 0.63348562
v -0.00818925 -0.23823307 -0.28746361
v 0.33666801 0.25145498 -0.17855860
v 0.03795918 0.16936281 -0.33331257
v 0.16727178 -0.07068063 -0.24560812
v -0.41167137 -0.02008990 -0.08082142
v 0.32443520 0.08674097 0.44980833
v 0.23888756 0.08095007 -0.25383046
v -0.12738577 0.21988565 -0.30037305
v -0.33647373 -0.00114520 -0.17878124
v -0.12623079 0.56334281 0.61624241
v 0.38347295 -0.17187583 -0.05424267
v -0.42673072 -0.48073620 0.10427227
v -0.43408605 0.14967561 0.09777199
v 0.31103444 0.62104636 -0.19384992
v 0.17586146 -0.63258207 0.57007676
v 0.38853180 0.47862631 -0.05319661
v 0.23889095 -0.49371499 -0.25384769
v 0.31691876 -0.43020052 0.45006531
v 0.42000204 -0.44953200 0.26685870
v 0.16812031 0.07463910 -0.24627653
v -0.33617958 0.28934494 0.49437746
v -0.41141227 0.21987891 0.39665413
v 0.23838978 -0.21585494 0.56940377
v -0.00021087 -0.21596721 0.58953136
v 0.17306353 0.53553051 -0.24720059
v 0.41143855 0.24514015 0.39661622
v 0.43506879 0.33459830 0.10941339
v -0.12553947 -0.00745944 0.61660492
v 0.41145632 -0.43687961 0.39661199
v -0.23885070 -0.07692362 -0.25384143
v -0.44066787 -0.61708057 -0.01119255
f 152 2000 1276
f 1850 1276 1752
f 152 1276 1850
f 1142 1276 2000
f 1142 1567 1276
f 1567 1752 1276
f 1567 1054 1752
f 1712 1567 1142
f 1712 1733 1567
f 1763 1733 1712
f 1763 136 1733
f 85 136 1763
f 121 1974 85
f 1974 136 85
f 1635 1062 1293
f 875 1293 1573
f 875 1635 1293
f 1642 966 1826
f 1642 1573 966
f 875 1573 1642
f 1263 1826 1452
f 1642 1826 1263
f 1263 1452 1779
f 1509 1752 1054
f 1850 1752 1509
f 1635 1054 1062
f 1509 1054 1635
f 1509 1635 875
f 1567 1403 1062
f 1567 1062 1054
f 1403 1293 1062
f 1293 966 1573
f 1403 966 1293
f 966 1403 1826
f 1492 1428 819
f 1403 1452 1826
f 404 409 1199
f 404 819 409
f 1403 1779 1452
f 1492 819 404
f 681 1292 766
f 1467 766 1579
f 766 1467 681
f 1442 1467 1379
f 1442 681 1467
f 1428 681 1442
f 1579 1379 1467
f 1428 1442 1025
f 1379 1025 1442
f 819 1025 409
f 819 1428 1025
f 1025 1443 409
f 1379 1443 1025
f 1567 1801 1403
f 1963 1624 1405
f 1963 1788 1624
f 1405 1428 1492
f 1624 34 681
f 1788 34 1624
f 1405 681 1428
f 1405 1624 681
f 1733 63 1567
f 1567 63 1801
f 125 1788 1963
f 125 113 1788
f 116 113 125
f 116 45 113
f 1788 113 34
f 136 1892 1733
f 1733 1892 63
f 1941 45 116
f 1941 1448 45
f 136 1817 1892
f 1941 1022 1448
f 1713 1022 1941
f 1713 1665 1022
f 1974 1817 136
f 1974 1978 1817
f 1907 1665 1713
f 1907 49 1665
f 558 246 770
f 558 1766 246
f 1822 770 1139
f 558 770 1822
f 1822 1139 1256
f 1766 1779 246
f 1766 1263 1779
f 37 1509 875
f 126 875 1642
f 37 875 126
f 126 1263 1766
f 126 1642 1263
f 1403 1906 246
f 1403 246 1779
f 246 1906 770
f 1906 1139 770
f 1906 1256 1139
f 1199 832 404
f 1199 1115 832
f 409 1115 1199
f 1013 404 832
f 1013 1492 404
f 1492 1013 1224
f 832 442 1013
f 832 1272 442
f 1115 1272 832
f 1224 1013 442
f 1019 1224 442
f 1272 1475 442
f 1019 442 1475
f 586 1019 1242
f 586 1224 1019
f 1475 1242 1019
f 1242 570 998
f 1475 570 1242
f 586 1242 998
f 1443 1115 409
f 1579 1443 1379
f 1443 1272 1115
f 1801 1906 1403
f 1801 1646 1906
f 70 1301 586
f 70 822 1301
f 1301 1963 1405
f 1405 1492 1224
f 1301 1224 586
f 1301 1405 1224
f 63 1646 1801
f 63 250 1646
f 822 125 1301
f 125 1963 1301
f 1807 116 125
f 1807 125 822
f 1892 250 63
f 1892 1430 250
f 1835 1941 116
f 1835 116 1807
f 849 1941 1835
f 1817 1430 1892
f 1817 1999 1430
f 849 1713 1941
f 541 1713 849
f 1978 1999 1817
f 1978 1853 1999
f 1627 1713 541
f 1627 1907 1713
f 719 1822 1256
f 1082 719 1636
f 1082 1822 719
f 917 1636 1929
f 917 1082 1636
f 1310 917 1929
f 977 1310 1929
f 977 1554 1310
f 126 1766 558
f 126 558 1822
f 917 1822 1082
f 126 1822 917
f 988 586 998
f 1256 1636 719
f 998 735 988
f 1906 1767 1636
f 1906 1636 1256
f 735 269 988
f 1287 988 1688
f 735 1667 269
f 1688 988 269
f 1636 977 1929
f 269 1667 277
f 1767 977 1636
f 1688 269 277
f 277 545 1179
f 1667 545 277
f 1179 1688 277
f 1154 1179 545
f 1154 1688 1179
f 1287 1688 1154
f 570 735 998
f 570 1667 735
f 1443 69 1272
f 1272 570 1475
f 69 570 1272
f 70 586 988
f 1287 70 988
f 1906 1558 1767
f 1646 1558 1906
f 1754 70 1287
f 250 1893 1646
f 1646 1893 1558
f 250 151 1893
f 1807 822 70
f 1754 1807 70
f 14 1807 1754
f 1839 1807 14
f 1430 151 250
f 1430 1539 151
f 849 1835 1970
f 1970 1807 1839
f 1970 1835 1807
f 1999 1539 1430
f 1999 19 1539
f 1898 541 849
f 1898 849 1970
f 1853 1719 1999
f 1719 19 1999
f 1734 541 1898
f 1734 1627 541
f 828 1285 302
f 1285 930 302
f 1389 1310 1554
f 1389 917 1310
f 1942 1389 828
f 1942 917 1389
f 1942 828 302
f 1942 302 930
f 126 917 1942
f 977 1389 1554
f 1767 1389 977
f 1389 1285 828
f 1767 1285 1389
f 1767 1495 1285
f 528 1287 1154
f 545 1622 1154
f 528 1154 1622
f 1169 528 1622
f 1482 528 1169
f 1482 1169 973
f 1482 973 1658
f 1622 973 1169
f 69 1667 570
f 69 1920 1667
f 1667 1920 545
f 545 973 1622
f 545 1920 973
f 1767 1706 1495
f 1558 1706 1767
f 1565 1706 1558
f 1754 1287 528
f 1482 1754 528
f 14 1754 1482
f 1600 14 1482
f 1905 14 1600
f 151 1508 1893
f 1893 1565 1558
f 1893 1508 1565
f 1839 14 1905
f 1539 942 151
f 1539 1033 942
f 151 942 1508
f 1033 637 942
f 1610 184 1901
f 855 592 1059
f 1059 184 855
f 1901 184 1059
f 855 1326 592
f 1498 1901 1059
f 1326 1124 592
f 1498 1059 1700
f 1700 592 495
f 1700 1059 592
f 495 592 1124
f 949 990 1234
f 990 1610 1901
f 172 1610 990
f 1056 172 990
f 1341 990 949
f 1341 1056 990
f 279 949 1589
f 279 1341 949
f 1234 990 872
f 210 949 1234
f 210 1589 949
f 1634 1589 210
f 990 1901 872
f 899 1234 872
f 210 1234 899
f 872 1901 1498
f 1137 210 899
f 1137 1634 210
f 19 249 1539
f 1539 1519 1033
f 249 1519 1539
f 19 1248 249
f 1519 339 1033
f 1519 799 339
f 799 552 1003
f 249 799 1519
f 552 1589 1634
f 710 552 799
f 591 710 799
f 249 591 799
f 1042 1589 552
f 710 1042 552
f 1248 591 249
f 1042 279 1589
f 1003 552 1634
f 799 1003 339
f 1932 710 591
f 1932 1255 710
f 339 1012 1033
f 882 1003 1634
f 885 1003 882
f 339 885 1012
f 339 1003 885
f 1012 637 1033
f 882 1634 1137
f 923 862 1311
f 1460 156 923
f 934 156 1460
f 934 1107 156
f 824 184 1610
f 1616 1326 855
f 771 1616 855
f 771 855 184
f 824 771 184
f 1630 1311 1616
f 909 1630 1616
f 909 1616 771
f 856 1460 1630
f 856 934 1460
f 909 856 1630
f 1483 856 909
f 1616 1311 1326
f 1723 771 824
f 1630 923 1311
f 1630 1460 923
f 1280 771 1723
f 1280 909 771
f 834 1483 909
f 1311 1124 1326
f 1280 1723 1135
f 834 909 1280
f 1311 862 1124
f 172 824 1610
f 1341 1198 1056
f 279 1198 1341
f 172 562 824
f 1308 1723 824
f 279 57 1198
f 1056 562 172
f 1308 824 562
f 1135 1723 1308
f 1056 1175 562
f 1056 1095 1175
f 1198 1095 1056
f 562 1175 1308
f 19 1346 1623
f 1719 1346 19
f 19 1623 1248
f 1719 32 1346
f 796 591 1248
f 1623 796 1248
f 1623 254 796
f 1346 254 1623
f 32 1269 1346
f 642 1042 710
f 796 1932 591
f 1269 254 1346
f 1042 57 279
f 642 57 1042
f 642 710 1255
f 796 583 1932
f 254 583 796
f 1255 797 642
f 1932 797 1255
f 1932 583 797
f 1251 1451 1618
f 1518 1451 1251
f 68 1618 1777
f 1251 1618 68
f 322 1518 1251
f 152 1777 2000
f 68 1777 152
f 1208 925 919
f 1859 1208 919
f 1859 919 383
f 970 1859 383
f 776 1518 618
f 322 618 1518
f 1862 618 322
f 1862 925 618
f 919 925 1862
f 1343 970 383
f 1343 383 919
f 1343 919 1862
f 608 970 1497
f 674 608 1497
f 1497 970 1343
f 666 674 1497
f 1455 674 666
f 666 1497 1343
f 1787 264 1455
f 1787 1455 666
f 904 264 1787
f 355 619 904
f 831 619 355
f 355 904 1787
f 1230 831 355
f 778 831 1230
f 776 1451 1518
f 1142 1618 1451
f 776 1142 1451
f 524 1142 776
f 1142 2000 1777
f 1142 1777 1618
f 609 814 1008
f 278 609 1008
f 34 609 278
f 1208 618 925
f 1208 776 618
f 524 776 1208
f 524 1208 1859
f 1902 1142 524
f 609 1690 814
f 609 915 1690
f 609 1476 915
f 609 478 1476
f 1690 915 964
f 915 1476 964
f 608 1859 970
f 608 524 1859
f 1055 1902 524
f 264 674 1455
f 1055 608 674
f 1055 674 264
f 1055 524 608
f 478 1394 1074
f 1394 993 1074
f 1394 857 993
f 1394 1743 857
f 619 264 904
f 619 1055 264
f 1808 1055 619
f 1808 831 778
f 1808 619 831
f 1808 778 1611
f 94 1142 1902
f 94 1712 1142
f 34 705 1981
f 34 1981 609
f 1981 478 609
f 1981 1394 478
f 1981 1923 1394
f 705 1914 1981
f 1914 1923 1981
f 1926 1902 1055
f 1926 94 1902
f 1577 1055 1808
f 1577 1926 1055
f 1349 705 34
f 113 1349 34
f 113 1661 1349
f 45 1661 113
f 593 1712 94
f 1349 1914 705
f 1661 1914 1349
f 1661 1641 1914
f 1926 593 94
f 1183 593 1926
f 1914 1641 1923
f 118 1926 1577
f 118 1183 1926
f 593 1763 1712
f 47 1661 45
f 1448 47 45
f 1448 1846 47
f 1729 1763 593
f 1661 1750 1641
f 47 1750 1661
f 1846 1750 47
f 1183 1729 593
f 1953 1183 118
f 85 1763 1729
f 1022 1846 1448
f 1022 1872 1846
f 1665 1872 1022
f 1793 85 1729
f 1846 1895 1750
f 1872 1895 1846
f 129 1793 1729
f 129 1729 1183
f 1953 129 1183
f 121 85 1793
f 1665 15 1872
f 49 15 1665
f 1653 121 1793
f 1872 132 1895
f 15 132 1872
f 15 1628 132
f 18 1653 1793
f 18 1793 129
f 1921 129 1953
f 1921 18 129
f 37 1251 68
f 37 322 1251
f 37 68 152
f 37 152 1850
f 37 1862 322
f 37 1343 1862
f 1787 666 1343
f 728 778 1230
f 1611 778 728
f 1472 1611 728
f 1811 1611 1472
f 426 1811 1472
f 718 1811 426
f 1824 718 426
f 1050 718 1824
f 1824 426 1472
f 693 1050 1824
f 967 1050 693
f 1440 967 693
f 597 967 1440
f 681 34 1292
f 1292 34 278
f 1008 907 278
f 1008 1849 907
f 814 1849 1008
f 766 1292 1188
f 1292 278 1188
f 278 907 1188
f 1188 1579 766
f 1849 1127 907
f 1476 1557 964
f 478 1557 1476
f 1690 1849 814
f 964 1849 1690
f 964 1127 1849
f 1557 1127 964
f 993 1608 1074
f 857 1608 993
f 1063 1608 857
f 1743 1063 857
f 1063 1743 1928
f 1074 1557 478
f 1074 1608 1557
f 874 1928 1743
f 1063 1928 1608
f 874 807 1928
f 1928 807 1608
f 1394 874 1743
f 1394 720 874
f 874 720 807
f 720 1006 807
f 1464 1006 720
f 1464 1166 1006
f 1166 678 1297
f 1166 1090 1006
f 1297 1090 1166
f 1297 678 911
f 1297 911 1090
f 1811 1808 1611
f 1720 1811 718
f 1720 1808 1811
f 967 718 1050
f 1720 718 967
f 678 375 911
f 678 1740 375
f 678 1860 1740
f 1217 1860 678
f 1282 967 597
f 1720 967 1282
f 1394 1464 720
f 1923 1464 1394
f 1464 678 1166
f 1923 678 1464
f 1923 1217 678
f 1923 1108 1217
f 65 1808 1720
f 65 1577 1808
f 1830 1577 65
f 1923 1744 1108
f 1641 1744 1923
f 1641 1958 1744
f 1869 1577 1830
f 1869 118 1577
f 1750 1958 1641
f 1750 1742 1958
f 1795 118 1869
f 1795 1953 118
f 1895 1742 1750
f 1895 1737 1742
f 115 1953 1795
f 132 1737 1895
f 1628 1463 132
f 132 1463 1737
f 1921 1953 115
f 61 1921 115
f 37 1850 1509
f 147 1343 37
f 147 1787 1343
f 147 355 1787
f 147 1230 355
f 728 1230 147
f 147 1472 728
f 1824 1472 147
f 1562 1824 147
f 1562 1440 693
f 1562 693 1824
f 1542 186 1562
f 597 1440 1562
f 186 597 1562
f 1457 597 186
f 1404 1457 186
f 1542 1404 186
f 533 1404 1542
f 1491 533 1542
f 1491 1318 533
f 657 1318 1491
f 907 1127 1188
f 1188 1127 1579
f 1579 1127 1443
f 1608 1127 1557
f 807 1127 1608
f 1006 1127 807
f 1090 1127 1006
f 911 1820 1090
f 375 1820 911
f 1740 1820 375
f 1740 1860 1342
f 1740 1342 1820
f 1860 1319 1342
f 1860 892 1319
f 1217 892 1860
f 1319 1129 1342
f 892 1129 1319
f 1217 1023 892
f 892 1598 1129
f 892 1023 1598
f 1598 1805 1129
f 1342 1805 1820
f 1129 1805 1342
f 1598 1228 1805
f 1282 597 1457
f 794 1720 1282
f 1282 1457 1404
f 1318 1282 1404
f 794 1282 1318
f 1318 1404 533
f 1023 1228 1598
f 1023 567 1228
f 1493 567 1023
f 567 1427 1228
f 1108 1709 1217
f 1217 1493 1023
f 1217 1221 1493
f 1709 1221 1217
f 794 65 1720
f 1578 1830 65
f 1578 65 794
f 1709 145 1221
f 1709 78 145
f 1744 1709 1108
f 1744 1819 1709
f 1958 1819 1744
f 1958 1329 1819
f 1819 78 1709
f 1873 1869 1830
f 1873 1830 1578
f 1958 325 1329
f 1742 325 1958
f 1742 1317 325
f 1968 1795 1869
f 1968 1869 1873
f 1711 1317 1742
f 1737 1711 1742
f 1968 115 1795
f 1899 115 1968
f 1463 1540 1737
f 1737 1540 1711
f 1463 1516 1540
f 1899 61 115
f 13 61 1899
f 147 37 33
f 1542 1562 147
f 1544 1542 147
f 117 1544 147
f 510 1544 117
f 657 1491 1544
f 1544 1491 1542
f 827 657 1544
f 647 657 827
f 510 827 1544
f 1408 827 510
f 1408 647 827
f 1620 1408 510
f 1182 1620 510
f 1871 1620 1182
f 1127 69 1443
f 1090 69 1127
f 1090 100 69
f 1820 100 1090
f 1805 100 1820
f 1805 1799 100
f 1228 1427 1805
f 1427 1799 1805
f 1427 734 1799
f 647 1318 657
f 567 1325 1427
f 647 794 1318
f 347 794 647
f 1493 1325 567
f 1325 734 1427
f 1325 237 734
f 734 941 1799
f 237 941 734
f 347 647 1408
f 1325 1486 237
f 237 1486 941
f 941 1106 1799
f 1486 1106 941
f 1106 66 1799
f 347 1408 1620
f 347 1620 1871
f 1396 794 347
f 1396 1578 794
f 1493 1486 1325
f 1221 1486 1493
f 145 1486 1221
f 145 180 1486
f 78 1768 145
f 1714 1873 1578
f 1714 1578 1396
f 78 59 1768
f 1819 59 78
f 1819 1664 59
f 1329 1664 1819
f 1931 1968 1873
f 1931 1873 1714
f 1329 1771 1664
f 325 1771 1329
f 325 1993 1771
f 1317 1993 325
f 1943 1899 1968
f 1943 1968 1931
f 1317 1696 1993
f 1711 1696 1317
f 1997 13 1899
f 1997 1899 1943
f 1516 104 1540
f 1540 1340 1711
f 1540 104 1340
f 33 37 126
f 117 147 33
f 1182 510 117
f 1437 868 1182
f 1437 1182 117
f 1320 1437 117
f 1320 902 1437
f 868 1871 1182
f 650 902 1320
f 69 100 1920
f 1799 1675 100
f 66 1675 1799
f 1106 929 66
f 1486 929 1106
f 1486 1094 929
f 929 1675 66
f 929 1018 1675
f 929 1094 1018
f 1018 1079 1675
f 1094 1079 1018
f 1094 785 1079
f 1094 1582 785
f 1079 1523 1675
f 1079 785 1523
f 868 347 1871
f 902 868 1437
f 347 868 902
f 275 347 902
f 275 902 1538
f 1538 902 650
f 145 1768 180
f 180 1761 1486
f 1486 1761 1094
f 1761 1582 1094
f 275 1396 347
f 1939 1396 275
f 1939 1714 1396
f 1939 1931 1714
f 1904 1931 1939
f 1711 1340 1696
f 1904 1943 1931
f 1969 1943 1904
f 104 1827 1340
f 104 1933 1827
f 1969 1997 1943
f 121 1858 1974
f 12 1858 121
f 22 1858 12
f 1814 22 12
f 1814 106 22
f 1855 106 1814
f 1855 1417 106
f 74 1417 1855
f 74 1100 1417
f 146 1100 74
f 1851 1100 146
f 1851 405 1100
f 405 1049 1100
f 1049 820 1100
f 782 405 1851
f 782 884 405
f 1075 782 1851
f 1566 1049 405
f 884 1566 405
f 1075 1173 782
f 1566 535 1049
f 884 535 1566
f 884 1520 535
f 782 1520 884
f 782 372 1520
f 1173 372 782
f 1173 1528 372
f 1858 1978 1974
f 1858 1098 1978
f 1907 1775 49
f 103 1775 1907
f 22 1098 1858
f 22 11 1098
f 103 682 1775
f 1645 1764 682
f 1645 682 103
f 22 1967 11
f 106 1967 22
f 43 87 1764
f 43 1764 1645
f 9 1967 106
f 1417 9 106
f 43 92 87
f 1212 92 43
f 1584 9 1417
f 1100 1584 1417
f 1927 92 1212
f 1861 1927 1212
f 1861 1886 1927
f 1781 1584 1100
f 1147 1781 1100
f 749 880 1781
f 1147 749 1781
f 1387 1886 1861
f 1387 1382 1886
f 1387 354 1382
f 880 1303 1781
f 1877 354 1387
f 1303 465 1781
f 1802 1877 1387
f 1194 262 1781
f 465 1194 1781
f 1590 160 1382
f 820 1147 1100
f 820 864 1147
f 1900 1590 1382
f 1900 226 1590
f 384 1900 1382
f 354 384 1382
f 864 1111 1147
f 1111 749 1147
f 864 1133 1111
f 688 880 749
f 1111 691 749
f 1133 691 1111
f 1133 401 691
f 749 516 688
f 691 516 749
f 691 933 516
f 933 401 354
f 401 933 691
f 189 354 1877
f 189 933 354
f 880 473 1303
f 688 473 880
f 688 349 473
f 349 189 1877
f 516 349 688
f 516 189 349
f 933 189 516
f 1303 645 465
f 473 645 1303
f 473 197 645
f 197 1877 1802
f 197 349 1877
f 349 197 473
f 465 320 1194
f 645 320 465
f 645 581 320
f 581 1802 487
f 197 581 645
f 581 197 1802
f 1590 1528 160
f 1049 866 820
f 1049 793 866
f 535 793 1049
f 535 226 793
f 226 1520 1590
f 1520 226 535
f 1520 372 1590
f 372 1528 1590
f 820 573 864
f 820 1089 573
f 866 1089 820
f 866 1900 1089
f 793 1900 866
f 793 226 1900
f 573 1133 864
f 573 496 1133
f 1089 496 573
f 1089 384 496
f 1900 384 1089
f 401 496 354
f 496 401 1133
f 496 384 354
f 1098 1853 1978
f 7 103 1907
f 7 1907 1627
f 138 103 7
f 11 1304 1098
f 1098 1304 1853
f 1547 103 138
f 1547 1645 103
f 1967 1769 11
f 11 1769 1304
f 1725 43 1645
f 1725 1645 1547
f 9 1674 1967
f 9 1401 1674
f 1967 1674 1769
f 1930 1212 43
f 1930 43 1725
f 1584 1401 9
f 1584 1848 1401
f 1935 1861 1212
f 1935 1212 1930
f 1284 1861 1935
f 1781 1848 1584
f 1781 922 1848
f 262 922 1781
f 262 1925 922
f 587 1925 262
f 1925 557 922
f 456 1209 747
f 557 1264 922
f 1410 1802 1387
f 1410 487 1802
f 1284 1387 1861
f 450 1410 1387
f 747 1387 1284
f 747 450 1387
f 1209 450 747
f 1194 779 262
f 779 1703 262
f 1703 587 262
f 1703 434 587
f 587 464 1925
f 434 464 587
f 434 1209 464
f 1925 1368 557
f 464 1368 1925
f 464 456 1368
f 1209 456 464
f 1368 777 557
f 456 777 1368
f 550 456 747
f 557 708 1264
f 777 708 557
f 777 550 708
f 550 777 456
f 708 1569 1264
f 550 1569 708
f 320 779 1194
f 320 1412 779
f 581 1412 320
f 581 487 1412
f 779 508 1703
f 1412 508 779
f 1412 1410 508
f 487 1410 1412
f 508 434 1703
f 508 450 434
f 1410 450 508
f 450 1209 434
f 1853 1499 1719
f 1864 138 7
f 1734 7 1627
f 1864 7 1734
f 1304 1499 1853
f 1304 1977 1499
f 1844 1547 138
f 1844 138 1864
f 1621 1547 1844
f 1769 1977 1304
f 1769 1831 1977
f 1621 1725 1547
f 1674 1831 1769
f 1401 1946 1674
f 1946 1831 1674
f 20 1725 1621
f 20 1930 1725
f 1848 1946 1401
f 1848 1374 1946
f 1845 1930 20
f 1845 1935 1930
f 1845 1284 1935
f 1264 1857 922
f 922 1374 1848
f 922 1857 1374
f 1425 747 1284
f 1425 469 747
f 1857 1617 1374
f 651 1425 1284
f 651 1284 1845
f 457 651 1845
f 285 605 1374
f 1617 285 1374
f 469 550 747
f 1264 1291 1857
f 1569 1291 1264
f 1569 469 1291
f 469 1569 550
f 207 469 1425
f 1291 932 1857
f 1291 1459 932
f 469 1459 1291
f 469 207 1459
f 1459 757 932
f 207 757 1459
f 757 207 1425
f 932 1617 1857
f 932 97 1617
f 932 512 97
f 757 512 932
f 757 751 512
f 751 757 1425
f 696 1425 651
f 97 285 1617
f 512 999 97
f 751 999 512
f 751 696 999
f 696 751 1425
f 97 410 285
f 999 410 97
f 999 1064 410
f 696 1064 999
f 1064 696 651
f 285 652 605
f 410 652 285
f 1064 652 410
f 1064 436 652
f 436 1064 651
f 652 695 605
f 436 695 652
f 436 851 695
f 851 436 506
f 436 651 506
f 1502 894 1161
f 1190 786 934
f 1190 1549 786
f 894 1549 1190
f 1502 1922 894
f 1502 655 1922
f 786 1107 934
f 894 1922 1549
f 856 1190 934
f 1357 1190 856
f 1483 1357 856
f 1357 894 1190
f 1161 894 1357
f 1693 1502 1161
f 1693 1161 1126
f 1483 997 1357
f 1536 1357 997
f 1536 1161 1357
f 1126 1161 1536
f 1731 1483 834
f 997 1483 1731
f 1393 1126 1536
f 1010 1126 1393
f 1499 32 1719
f 1499 1780 32
f 1499 1240 1780
f 1780 1269 32
f 1240 1545 1780
f 1556 1239 1502
f 1556 762 1239
f 1112 762 1556
f 1239 655 1502
f 513 762 1112
f 513 1619 762
f 1239 154 655
f 762 154 1239
f 762 1607 154
f 1619 1607 762
f 1556 1502 1693
f 1330 1556 1693
f 1446 1556 1330
f 1446 1112 1556
f 1223 1112 1446
f 1223 513 1112
f 1330 1693 1126
f 772 1446 1330
f 1096 1223 1446
f 1010 1330 1126
f 772 1330 1010
f 1096 1446 772
f 1560 1096 772
f 1977 1837 1499
f 1499 1837 1240
f 1036 308 513
f 1036 1640 308
f 952 1640 1036
f 1683 1640 952
f 1683 1431 1640
f 308 1619 513
f 1568 513 1223
f 1568 1036 513
f 952 1036 1568
f 1351 952 1568
f 1351 1683 952
f 1373 1683 1351
f 959 1223 1096
f 672 1568 1223
f 672 1223 959
f 163 1568 672
f 163 1351 1568
f 692 1351 163
f 692 1373 1351
f 1381 692 163
f 959 1096 1560
f 1421 672 959
f 1421 163 672
f 1381 163 1421
f 1157 692 1381
f 1831 1378 1977
f 1977 1626 1837
f 1378 1626 1977
f 1378 23 1626
f 35 1633 474
f 157 1633 35
f 222 1659 1307
f 474 1431 1683
f 474 1633 1431
f 157 1377 1633
f 1307 1377 157
f 1659 1377 1307
f 1377 1414 1633
f 1659 1315 1377
f 1373 474 1683
f 1373 35 474
f 1027 35 1373
f 305 35 1027
f 305 157 35
f 305 1307 157
f 499 1307 305
f 1575 499 305
f 499 222 1307
f 1037 1373 692
f 1037 1027 1373
f 219 1027 1037
f 219 305 1027
f 220 305 219
f 220 1575 305
f 199 1575 220
f 199 1354 1575
f 935 219 1037
f 220 219 935
f 1187 692 1157
f 1187 1037 692
f 935 1037 1187
f 960 220 935
f 960 199 220
f 317 199 960
f 1946 1660 1831
f 1946 944 1660
f 1831 1916 1378
f 1831 1660 1916
f 20 1621 1603
f 1676 1659 222
f 1676 1171 1659
f 1171 1262 1659
f 287 499 1575
f 1354 287 1575
f 1676 222 499
f 287 1676 499
f 825 1676 287
f 825 287 1354
f 303 825 1354
f 825 876 1676
f 536 825 303
f 536 841 825
f 438 841 536
f 861 536 525
f 861 438 536
f 303 1354 351
f 525 303 228
f 525 536 303
f 841 876 825
f 438 398 841
f 1290 438 861
f 351 199 317
f 351 1354 199
f 228 303 351
f 876 1171 1676
f 841 1655 876
f 398 1655 841
f 438 1339 398
f 438 191 1339
f 689 351 317
f 985 351 689
f 985 228 351
f 876 1655 1171
f 398 1072 1655
f 398 1339 1072
f 1854 861 525
f 484 861 1854
f 484 1290 861
f 1000 1854 1362
f 1000 484 1854
f 1000 1362 1150
f 1241 1000 1150
f 525 228 1406
f 281 525 1406
f 281 1854 525
f 1362 281 1327
f 1362 1854 281
f 1150 1362 1327
f 1162 1150 1327
f 1162 1241 1150
f 1000 677 484
f 281 1406 595
f 1327 281 595
f 985 1406 228
f 595 1406 985
f 1338 1327 1273
f 1338 1162 1327
f 1374 1426 1946
f 1374 1119 1426
f 1946 1426 944
f 944 626 1660
f 944 895 626
f 1426 895 944
f 1426 774 895
f 1046 1241 1151
f 1038 1046 774
f 1426 1038 774
f 1151 1241 1162
f 916 1046 1151
f 774 916 895
f 774 1046 916
f 912 1151 1162
f 916 1151 912
f 319 895 916
f 912 1162 1338
f 636 895 319
f 895 636 626
f 670 916 912
f 319 916 670
f 1845 20 39
f 1290 191 438
f 1235 1000 1241
f 247 677 1000
f 1235 247 1000
f 1290 1057 191
f 484 1057 1290
f 677 1057 484
f 1235 1271 247
f 1057 1295 191
f 677 1397 1057
f 247 1397 677
f 605 1391 1374
f 1374 1316 1119
f 1391 1316 1374
f 1391 1324 1316
f 1254 1241 1046
f 1254 1235 1241
f 1038 1254 1046
f 95 1038 1426
f 1119 95 1426
f 1316 95 1119
f 1316 293 95
f 1254 1384 1235
f 95 293 1038
f 920 1254 1038
f 293 920 1038
f 1316 839 293
f 1324 839 1316
f 1384 1271 1235
f 1254 1593 1384
f 920 1593 1254
f 293 839 920
f 1324 439 839
f 1324 568 439
f 920 1265 1593
f 839 1265 920
f 839 1413 1265
f 839 439 1413
f 568 711 439
f 506 651 457
f 1052 506 457
f 746 1052 457
f 754 746 457
f 193 754 457
f 846 457 1845
f 605 1238 1391
f 1238 170 1391
f 170 1531 1391
f 1391 225 1324
f 1531 225 1391
f 225 568 1324
f 225 240 568
f 695 1238 605
f 695 471 1238
f 851 471 695
f 471 170 1238
f 471 1439 170
f 851 1439 471
f 1439 851 506
f 153 506 1052
f 153 1439 506
f 1439 1531 170
f 1439 153 1531
f 1531 326 225
f 153 326 1531
f 153 1052 326
f 326 459 225
f 1052 459 326
f 1052 746 459
f 459 240 225
f 746 240 459
f 746 754 240
f 547 754 193
f 240 164 568
f 754 164 240
f 754 547 164
f 164 711 568
f 164 504 711
f 547 504 164
f 547 455 504
f 455 547 193
f 49 1885 15
f 1775 1885 49
f 1885 1628 15
f 1885 1960 1628
f 1809 1653 18
f 1587 18 1921
f 1587 1809 18
f 682 1982 1775
f 1982 1885 1775
f 1764 1982 682
f 99 121 1653
f 99 12 121
f 1982 1960 1885
f 1982 81 1960
f 1809 99 1653
f 1991 1809 1587
f 1814 12 99
f 1764 1818 1982
f 87 1818 1764
f 1815 1814 99
f 1818 81 1982
f 1682 81 1818
f 123 1815 99
f 123 99 1809
f 1991 123 1809
f 6 123 1991
f 1855 1814 1815
f 87 945 1818
f 92 945 87
f 92 50 945
f 1956 1855 1815
f 945 1682 1818
f 945 1832 1682
f 50 1832 945
f 1956 1815 77
f 77 1815 123
f 6 77 123
f 1738 77 6
f 74 1855 1956
f 1927 50 92
f 1886 50 1927
f 1886 1595 50
f 187 74 1956
f 50 1952 1832
f 1595 1952 50
f 1595 1724 1952
f 144 187 1956
f 144 1956 77
f 1738 144 77
f 1773 144 1738
f 187 146 74
f 589 1487 146
f 1487 1345 146
f 1345 1851 146
f 233 1371 604
f 1382 160 1886
f 160 1595 1886
f 160 233 1595
f 233 604 1595
f 187 589 146
f 1631 589 187
f 1253 1631 187
f 258 1253 187
f 522 1253 258
f 604 1724 1595
f 604 1048 1724
f 539 1048 604
f 1200 663 604
f 663 539 604
f 539 1506 1048
f 1371 1200 604
f 1936 187 1534
f 1936 258 187
f 1534 187 144
f 1231 1936 1534
f 1277 1936 1231
f 214 1231 1534
f 1048 1580 1724
f 1048 1015 1580
f 1015 420 1580
f 420 1821 1580
f 763 466 1534
f 466 214 1534
f 1773 1534 144
f 763 1534 1773
f 1798 763 1773
f 257 1798 1773
f 1821 212 1580
f 589 860 1487
f 458 1345 1487
f 284 458 1487
f 860 284 1487
f 183 860 589
f 623 183 589
f 1075 1851 1345
f 335 1075 1345
f 458 335 1345
f 860 304 284
f 183 304 860
f 183 1014 304
f 623 1014 183
f 623 341 1014
f 1076 422 1371
f 458 1663 335
f 284 1663 458
f 284 826 1663
f 304 826 284
f 304 1076 826
f 1014 1076 304
f 341 1076 1014
f 341 422 1076
f 1076 1371 233
f 1075 1034 1173
f 335 1034 1075
f 1663 1034 335
f 1663 739 1034
f 739 826 233
f 826 739 1663
f 826 1076 233
f 1270 233 160
f 1270 739 233
f 1528 1270 160
f 1034 1528 1173
f 1034 1270 1528
f 739 1270 1034
f 239 589 1631
f 239 559 589
f 1253 530 1631
f 1189 239 1631
f 1091 1189 1631
f 530 1091 1631
f 559 623 589
f 530 202 1091
f 1253 202 530
f 1253 337 202
f 1253 863 337
f 522 863 1253
f 559 341 623
f 559 752 341
f 239 752 559
f 239 259 752
f 1189 259 239
f 1189 321 259
f 1091 321 1189
f 1091 658 321
f 202 658 1091
f 522 419 863
f 422 1200 1371
f 752 422 341
f 752 1200 422
f 752 259 1200
f 259 321 1200
f 321 663 1200
f 321 658 663
f 202 663 658
f 337 663 202
f 337 539 663
f 863 539 337
f 863 1506 539
f 419 1506 863
f 430 1277 1231
f 316 430 1231
f 654 316 1231
f 357 1231 214
f 357 654 1231
f 258 419 522
f 258 685 419
f 1936 685 258
f 1936 1084 685
f 1277 1084 1936
f 1277 639 1084
f 430 639 1277
f 430 408 639
f 316 408 430
f 211 357 214
f 155 1015 1048
f 419 1048 1506
f 419 348 1048
f 685 348 419
f 348 723 1048
f 1084 348 685
f 1084 723 348
f 723 155 1048
f 639 723 1084
f 639 155 723
f 408 155 639
f 408 1015 155
f 1015 850 420
f 316 1015 408
f 316 850 1015
f 850 1400 420
f 654 850 316
f 654 1400 850
f 357 1400 654
f 357 598 1400
f 211 598 357
f 211 159 598
f 420 901 1821
f 1400 901 420
f 598 901 1400
f 901 1436 1821
f 159 901 598
f 159 1436 901
f 1436 500 1821
f 466 211 214
f 369 466 763
f 466 159 211
f 466 844 159
f 466 369 844
f 296 369 763
f 659 296 763
f 763 392 659
f 1798 392 763
f 844 1436 159
f 844 449 1436
f 369 449 844
f 369 463 449
f 296 463 369
f 519 392 1798
f 500 212 1821
f 449 500 1436
f 500 429 212
f 463 500 449
f 463 429 500
f 296 429 463
f 296 176 429
f 659 176 296
f 659 297 176
f 392 297 659
f 392 673 297
f 519 673 392
f 610 1798 257
f 610 519 1798
f 1960 1581 1628
f 1960 1863 1581
f 1628 1581 1463
f 1919 1921 61
f 1919 1587 1921
f 81 1863 1960
f 81 1883 1863
f 1677 1587 1919
f 1677 1991 1587
f 81 96 1883
f 1682 96 81
f 1682 1948 96
f 1990 1991 1677
f 1990 6 1991
f 1832 1948 1682
f 1832 1812 1948
f 1347 6 1990
f 1347 1738 6
f 1952 1812 1832
f 1952 1950 1812
f 1724 1950 1952
f 30 1738 1347
f 1773 1738 30
f 1580 212 1724
f 212 1140 1724
f 1140 1697 1724
f 1697 1950 1724
f 1697 1637 1950
f 1697 169 1637
f 641 169 1697
f 1344 257 1773
f 1419 1344 1773
f 553 1344 1419
f 1698 1773 30
f 1419 1773 1698
f 169 948 1637
f 1489 1419 1698
f 1411 1419 1489
f 948 1415 1637
f 800 1489 1698
f 800 1698 89
f 389 800 89
f 429 1140 212
f 429 661 1140
f 176 661 429
f 661 883 1140
f 297 661 176
f 297 883 661
f 673 883 297
f 673 483 883
f 519 483 673
f 519 1202 483
f 610 1202 519
f 1140 969 1697
f 883 969 1140
f 483 969 883
f 1202 969 483
f 1202 407 969
f 1202 616 407
f 610 616 1202
f 610 205 616
f 969 407 1697
f 407 641 1697
f 616 641 407
f 205 641 616
f 205 978 641
f 641 1441 169
f 978 1441 641
f 773 610 257
f 1344 773 257
f 773 205 610
f 773 978 205
f 773 725 978
f 1344 725 773
f 1344 1146 725
f 553 1146 1344
f 505 553 1419
f 1441 870 169
f 725 1441 978
f 725 870 1441
f 1146 870 725
f 1146 291 870
f 553 291 1146
f 553 256 291
f 505 256 553
f 400 505 1419
f 1411 400 1419
f 169 448 948
f 870 448 169
f 291 448 870
f 448 363 948
f 256 448 291
f 256 363 448
f 505 363 256
f 505 346 363
f 400 346 505
f 209 1411 1489
f 363 1434 948
f 346 1434 363
f 400 1434 346
f 400 443 1434
f 1411 443 400
f 1411 424 443
f 209 424 1411
f 869 209 1489
f 1434 1415 948
f 443 1415 1434
f 443 526 1415
f 424 526 443
f 209 526 424
f 209 276 526
f 869 276 209
f 526 571 1415
f 276 571 526
f 869 571 276
f 869 792 571
f 800 869 1489
f 800 792 869
f 1581 1516 1463
f 1863 397 1581
f 1581 1392 1516
f 397 1392 1581
f 13 1919 61
f 51 1919 13
f 1883 683 1863
f 1863 683 397
f 1883 1865 683
f 51 1677 1919
f 1707 1677 51
f 96 112 1883
f 1948 1841 96
f 1883 112 1865
f 96 1841 112
f 1990 1677 1707
f 141 1990 1707
f 1812 1913 1948
f 1948 1447 1841
f 1948 1913 1447
f 38 1990 141
f 38 1347 1990
f 1812 1880 1913
f 1950 1880 1812
f 1878 1347 38
f 1878 30 1347
f 1515 30 1878
f 1415 1755 1637
f 453 1755 1415
f 453 373 1755
f 1637 1880 1950
f 1637 1435 1880
f 1755 1435 1637
f 1515 1698 30
f 532 1698 1515
f 89 1698 532
f 1407 89 532
f 1755 1348 1435
f 315 1407 532
f 684 315 532
f 1348 224 1435
f 1705 684 532
f 571 453 1415
f 792 453 571
f 792 1563 453
f 1563 373 453
f 373 406 1755
f 800 1563 792
f 800 808 1563
f 389 808 800
f 808 373 1563
f 808 730 373
f 389 730 808
f 389 614 730
f 614 389 89
f 730 406 373
f 614 406 730
f 614 273 406
f 614 1128 273
f 1128 89 1407
f 1128 614 89
f 315 1088 1407
f 406 908 1755
f 273 908 406
f 1128 908 273
f 1128 162 908
f 1128 1088 162
f 1088 1128 1407
f 908 1348 1755
f 908 344 1348
f 162 344 908
f 162 497 344
f 1088 497 162
f 1088 975 497
f 315 975 1088
f 344 687 1348
f 684 475 315
f 497 687 344
f 975 687 497
f 975 488 687
f 315 488 975
f 315 475 488
f 687 224 1348
f 687 713 224
f 488 713 687
f 475 713 488
f 475 221 713
f 684 221 475
f 621 684 1705
f 713 396 224
f 221 396 713
f 221 431 396
f 684 431 221
f 684 621 431
f 1908 51 13
f 1908 13 1997
f 1392 104 1516
f 397 104 1392
f 98 51 1908
f 98 1707 51
f 683 104 397
f 683 1512 104
f 1865 1512 683
f 1865 1962 1512
f 141 1707 98
f 16 141 98
f 112 1962 1865
f 1841 1962 112
f 1841 1759 1962
f 38 141 16
f 26 38 16
f 1447 1759 1841
f 1447 1456 1759
f 1913 1456 1447
f 1878 38 26
f 52 1878 26
f 1515 1878 52
f 1680 1515 52
f 1880 1745 1913
f 1880 1261 1745
f 224 1237 1435
f 1705 532 1515
f 1979 1515 1680
f 1979 1705 1515
f 1237 1494 1435
f 192 1705 1979
f 1237 784 1494
f 1435 1222 1880
f 1494 1222 1435
f 1222 1261 1880
f 1336 192 1979
f 396 1237 224
f 431 1237 396
f 621 298 431
f 298 621 1705
f 1077 974 1705
f 431 784 1237
f 298 784 431
f 298 630 784
f 298 974 630
f 974 298 1705
f 1077 1705 192
f 630 446 784
f 974 446 630
f 974 1077 446
f 784 1500 1494
f 446 1500 784
f 1077 1500 446
f 1077 1043 1500
f 1043 1077 192
f 1500 343 1494
f 1043 343 1500
f 1043 520 343
f 1043 842 520
f 842 1043 192
f 1494 343 1222
f 842 852 520
f 343 632 1222
f 520 632 343
f 520 622 632
f 852 622 520
f 622 802 632
f 852 192 1336
f 852 842 192
f 852 244 622
f 244 852 1336
f 244 802 622
f 104 1177 1933
f 8 1908 1997
f 8 1997 1969
f 104 1512 1177
f 1889 98 1908
f 1889 1908 8
f 16 98 1889
f 1 16 1889
f 1 26 16
f 1692 26 1
f 1745 1456 1913
f 1692 52 26
f 148 52 1692
f 148 1680 52
f 1222 227 1261
f 227 1514 1261
f 227 1632 1514
f 1632 1465 1514
f 1465 477 1514
f 195 1336 1979
f 195 1979 1680
f 148 195 1680
f 1409 195 148
f 1409 480 195
f 1728 1409 148
f 783 1409 1728
f 632 227 1222
f 632 611 227
f 802 611 632
f 802 1496 611
f 611 283 227
f 1496 283 611
f 283 1632 227
f 283 843 1632
f 1496 843 283
f 843 218 1632
f 218 1465 1632
f 218 1196 1465
f 1196 767 1465
f 1465 1402 477
f 767 1402 1465
f 1402 292 477
f 244 1496 802
f 244 698 1496
f 698 244 1336
f 928 1336 195
f 928 698 1336
f 698 928 1496
f 928 843 1496
f 928 538 843
f 538 928 195
f 538 218 843
f 538 1504 218
f 1504 538 195
f 1504 1196 218
f 1504 566 1196
f 1504 758 566
f 758 1504 195
f 480 758 195
f 566 767 1196
f 566 906 767
f 758 906 566
f 758 480 906
f 906 1402 767
f 906 182 1402
f 480 182 906
f 480 1409 182
f 182 292 1402
f 182 299 292
f 1409 299 182
f 1409 783 299
f 930 1306 889
f 889 1942 930
f 1474 1942 889
f 1474 889 1306
f 1474 1306 1365
f 329 1474 1365
f 1168 1474 329
f 1168 329 715
f 140 126 1942
f 1168 1942 1474
f 140 1942 1168
f 140 1168 1639
f 1285 1495 930
f 1495 1306 930
f 1495 1365 1306
f 1495 1685 1365
f 21 1685 1495
f 1365 715 329
f 1685 715 1365
f 1029 1482 1658
f 1600 1482 1029
f 1658 1398 1029
f 1658 1847 1398
f 1600 1029 1398
f 1398 1847 1246
f 1600 1398 1246
f 1847 1156 1246
f 1600 1246 1156
f 1847 1672 1156
f 1847 958 1672
f 1847 1896 958
f 973 1847 1658
f 1920 1847 973
f 1920 135 1847
f 135 1896 1847
f 135 805 1896
f 1706 21 1495
f 1706 1730 21
f 21 859 1685
f 1730 859 21
f 1803 1905 1600
f 1508 1715 1565
f 1565 1730 1706
f 1715 1730 1565
f 105 1839 1905
f 1726 1839 105
f 1085 1508 942
f 637 1085 942
f 1508 1085 1715
f 637 1289 1085
f 1289 1687 1085
f 17 1839 1726
f 17 1970 1839
f 1701 1970 17
f 1367 1498 1700
f 495 1124 957
f 1367 1700 1521
f 1521 1700 495
f 1727 495 957
f 495 1727 1521
f 991 1367 1521
f 1727 332 1521
f 332 991 1521
f 332 1359 991
f 1137 899 769
f 1367 872 1498
f 1673 872 1367
f 1673 899 872
f 493 1137 769
f 1673 769 899
f 1462 769 1673
f 523 493 769
f 1101 1367 991
f 1101 1673 1367
f 1101 1462 1673
f 1462 1296 769
f 1296 523 769
f 1101 1299 1462
f 1299 1296 1462
f 1299 943 1296
f 943 523 1296
f 943 1804 523
f 1359 1101 991
f 1359 1279 1101
f 1279 1299 1101
f 196 943 1299
f 943 662 1804
f 637 1012 261
f 1422 885 882
f 261 885 1422
f 261 1012 885
f 493 882 1137
f 1422 882 493
f 261 1289 637
f 1572 1422 493
f 721 1422 1572
f 1244 1422 721
f 1244 261 1422
f 1244 1289 261
f 523 1572 493
f 726 986 835
f 983 726 517
f 983 986 726
f 1244 1247 1289
f 627 1244 721
f 232 721 1572
f 232 627 721
f 627 377 1244
f 1804 1572 523
f 1804 232 1572
f 232 835 627
f 835 377 627
f 1804 837 232
f 837 726 232
f 726 835 232
f 835 173 377
f 662 837 1804
f 986 173 835
f 377 1247 1244
f 1247 1687 1289
f 173 1247 377
f 173 75 1247
f 1701 1898 1970
f 137 1898 1701
f 923 954 862
f 156 954 923
f 156 1458 954
f 1107 1458 156
f 1107 599 1458
f 862 957 1124
f 1174 1135 1350
f 1174 1280 1135
f 1484 1280 1174
f 1484 834 1280
f 862 1211 957
f 1211 862 954
f 1174 1350 893
f 1211 1727 957
f 1211 585 1727
f 954 653 1211
f 1458 653 954
f 1458 120 653
f 733 893 1453
f 733 1174 893
f 1174 733 1484
f 877 1484 733
f 1484 877 1395
f 585 332 1727
f 585 1453 332
f 1453 1359 332
f 653 585 1211
f 653 1375 585
f 1375 1453 585
f 1453 893 1359
f 120 1375 653
f 120 733 1375
f 733 1453 1375
f 120 1458 599
f 1522 733 120
f 1522 877 733
f 599 1522 120
f 1198 336 1095
f 57 336 1198
f 1175 1350 1308
f 1350 1135 1308
f 336 421 1095
f 1175 701 1350
f 1350 701 893
f 336 662 421
f 1175 1599 701
f 1095 1599 1175
f 1095 196 1599
f 421 196 1095
f 1279 1599 1299
f 1599 196 1299
f 421 943 196
f 943 421 662
f 701 1359 893
f 701 1279 1359
f 1599 1279 701
f 642 336 57
f 642 1163 336
f 797 1163 642
f 797 517 1163
f 797 840 517
f 583 840 797
f 254 1836 583
f 1269 1836 254
f 840 983 517
f 583 1836 840
f 336 837 662
f 1163 837 336
f 517 837 1163
f 517 726 837
f 840 986 983
f 840 1836 986
f 1836 173 986
f 1836 75 173
f 1973 1898 137
f 1973 1734 1898
f 787 1734 1973
f 1708 1168 715
f 1639 1168 1708
f 1708 715 1073
f 727 1708 1073
f 1639 1708 727
f 845 727 1073
f 1639 727 845
f 755 1639 845
f 982 755 340
f 982 1639 755
f 845 340 755
f 177 982 340
f 1250 982 177
f 318 177 340
f 982 140 1639
f 140 982 1250
f 223 140 1250
f 140 223 738
f 1685 1073 715
f 1613 1156 1672
f 1136 1156 1613
f 1136 1600 1156
f 1613 1672 958
f 958 1896 1257
f 1613 958 1257
f 1685 845 1073
f 1570 1613 1257
f 1136 1613 1570
f 1896 979 1257
f 1257 979 1570
f 845 318 340
f 1896 31 979
f 1685 318 845
f 31 178 979
f 1376 979 178
f 1376 1570 979
f 1685 388 318
f 1685 1986 388
f 1136 1570 1376
f 575 1136 1376
f 1896 805 31
f 31 805 178
f 135 1020 805
f 135 345 1020
f 135 1966 345
f 1803 1600 1136
f 105 1905 1803
f 1730 1501 859
f 859 1986 1685
f 859 1501 1986
f 1730 1891 1501
f 1715 1891 1730
f 1085 1687 1715
f 1687 1891 1715
f 1687 1828 1891
f 75 1687 1247
f 1219 1828 1687
f 75 1219 1687
f 1836 108 75
f 108 1722 75
f 75 1722 1219
f 318 1360 177
f 554 1250 177
f 223 1250 554
f 1360 554 177
f 223 554 1041
f 1360 1041 554
f 1469 223 1041
f 738 223 1469
f 1576 738 1469
f 381 738 1576
f 128 381 1576
f 128 1681 381
f 128 1597 1681
f 1352 140 738
f 1352 738 381
f 1352 381 1681
f 743 1352 690
f 1149 140 1352
f 10 140 1149
f 1149 1352 743
f 10 1149 1585
f 178 1081 575
f 388 1360 318
f 575 1376 178
f 1360 388 1041
f 905 575 1081
f 388 1469 1041
f 1469 128 1576
f 388 128 1469
f 388 1614 128
f 1986 1614 388
f 128 1614 1597
f 805 1081 178
f 805 1020 1145
f 805 1145 1081
f 1145 905 1081
f 88 575 905
f 1020 1337 1145
f 1337 905 1145
f 88 905 1337
f 1020 815 1337
f 1020 1420 815
f 1020 1383 1420
f 1020 345 1383
f 613 1337 815
f 613 88 1337
f 83 613 1153
f 1383 579 1420
f 579 815 1420
f 579 613 815
f 1153 613 579
f 88 1136 575
f 1803 1136 88
f 1501 1586 1986
f 1986 1586 1614
f 1501 1796 1586
f 83 1803 88
f 1797 105 1803
f 1797 1803 83
f 83 88 613
f 1891 1796 1501
f 1891 1114 1796
f 1695 1726 105
f 1695 105 1797
f 848 1726 1695
f 1828 1114 1891
f 1828 1097 1114
f 17 1726 848
f 1955 1701 17
f 1955 17 848
f 1219 1097 1828
f 1219 3 1097
f 1758 137 1701
f 1758 1701 1955
f 1940 137 1758
f 1722 3 1219
f 1722 139 3
f 1940 1973 137
f 280 787 1973
f 280 1973 1940
f 1352 1681 1322
f 1597 1322 1681
f 615 1352 1322
f 690 1352 615
f 1765 690 615
f 1232 690 1765
f 743 690 1232
f 267 743 1232
f 1149 743 267
f 1232 1093 267
f 370 1149 267
f 158 1149 370
f 1093 370 267
f 1503 158 370
f 1585 1149 158
f 1585 158 1601
f 1601 158 1503
f 1535 1601 1503
f 1585 1601 1535
f 1383 327 579
f 664 327 1383
f 1153 579 327
f 1597 615 1322
f 345 664 1383
f 1614 615 1597
f 1791 327 664
f 1791 1153 327
f 83 1153 1791
f 1614 1765 615
f 1791 664 391
f 1614 1232 1765
f 1614 1093 1232
f 1614 963 1093
f 1093 963 370
f 963 1503 370
f 345 245 664
f 345 1694 245
f 245 391 664
f 1694 620 245
f 1559 391 245
f 620 1559 245
f 1559 1791 391
f 1694 1132 620
f 1356 1132 1694
f 656 1791 1559
f 1132 1965 620
f 1965 1559 620
f 656 1559 1965
f 1214 1132 1356
f 1214 1965 1132
f 1214 656 1965
f 1503 963 1535
f 1370 1797 83
f 1586 963 1614
f 1586 42 963
f 1796 42 1586
f 1370 83 1791
f 1876 1797 1370
f 1370 1791 656
f 1876 1695 1797
f 1784 848 1695
f 1796 1866 42
f 1114 1866 1796
f 1784 1695 1876
f 1449 1955 848
f 1097 1717 1114
f 1114 1717 1866
f 1449 848 1784
f 1980 1955 1449
f 1980 1758 1955
f 3 93 1097
f 1097 93 1717
f 122 1758 1980
f 122 1940 1758
f 139 1947 3
f 3 1947 93
f 122 280 1940
f 1612 280 122
f 1416 1585 1535
f 1485 1585 1416
f 1192 1485 1416
f 1911 1485 1192
f 918 1192 1416
f 331 1911 1192
f 1226 1911 331
f 331 1192 918
f 1535 918 1416
f 963 918 1535
f 331 127 1226
f 963 331 918
f 963 127 331
f 42 127 963
f 42 60 127
f 1866 60 42
f 1866 1774 60
f 1717 1774 1866
f 1717 1910 1774
f 93 1910 1717
f 93 1574 1910
f 1947 1574 93
f 1947 1887 1574
f 33 126 140
f 102 117 33
f 529 117 709
f 529 1320 117
f 1184 1320 529
f 1118 1184 529
f 1555 1118 529
f 1538 650 1320
f 1538 1320 1184
f 580 1555 529
f 100 135 1920
f 1675 750 100
f 750 1454 100
f 1454 1561 100
f 1561 1160 100
f 1523 750 1675
f 1523 818 750
f 785 818 1523
f 785 821 818
f 1582 821 785
f 818 600 750
f 821 600 818
f 600 1525 750
f 821 1525 600
f 1582 1525 821
f 1582 888 1525
f 1525 1454 750
f 1525 980 1454
f 1525 888 980
f 980 1561 1454
f 980 1164 1561
f 888 1164 980
f 1118 1538 1184
f 503 275 1538
f 503 1118 1555
f 503 1538 1118
f 503 1555 580
f 1761 888 1582
f 180 888 1761
f 55 275 1423
f 55 1939 275
f 1423 275 503
f 1813 1939 55
f 1813 1904 1939
f 1969 1904 44
f 44 1904 1813
f 994 1969 44
f 10 33 140
f 102 33 10
f 1984 709 117
f 361 117 102
f 361 1984 117
f 1592 361 102
f 1305 1592 102
f 1070 529 709
f 858 1070 709
f 1917 709 1984
f 1917 858 709
f 1067 1984 361
f 1067 1917 1984
f 936 529 1070
f 936 580 529
f 858 936 1070
f 100 1736 135
f 135 1044 1966
f 1736 1044 135
f 1668 1746 100
f 1746 1736 100
f 1746 295 1736
f 1160 1668 100
f 1160 712 1668
f 1668 731 1746
f 1561 1164 1160
f 888 1615 1164
f 1615 712 1160
f 1164 1615 1160
f 712 314 1668
f 712 1016 314
f 1615 1016 712
f 1615 1732 1016
f 503 858 1917
f 314 1505 1668
f 1016 1505 314
f 1016 1144 1505
f 1138 503 1917
f 1732 1144 1016
f 1505 731 1668
f 1138 1917 1067
f 1732 633 1144
f 503 580 936
f 503 936 858
f 180 5 888
f 888 5 1615
f 1768 5 180
f 1768 1912 5
f 5 1732 1615
f 1138 1423 503
f 374 55 1423
f 374 1423 1138
f 59 1912 1768
f 1664 1964 59
f 59 1964 1912
f 1884 1813 55
f 1884 55 374
f 1771 1856 1664
f 1993 1856 1771
f 1664 1856 1964
f 1993 36 1856
f 1992 1813 1884
f 1696 36 1993
f 1340 1526 1696
f 1696 1526 36
f 1340 198 1526
f 1992 44 1813
f 1827 198 1340
f 1933 1670 1827
f 1827 1670 198
f 1957 994 44
f 1485 10 1585
f 79 102 1834
f 328 102 462
f 328 1834 102
f 745 1592 1305
f 79 1305 102
f 812 1305 79
f 1099 361 1592
f 1099 1067 361
f 1039 1592 745
f 1039 1099 1592
f 1152 1039 745
f 1625 745 1305
f 1152 745 1625
f 1625 1305 812
f 1966 1694 345
f 1966 1356 1694
f 1044 1530 1966
f 1530 1792 1966
f 295 699 1736
f 1736 300 1044
f 731 1510 1746
f 1746 301 295
f 1510 376 1746
f 1510 1513 376
f 1746 631 301
f 376 631 1746
f 1444 376 1513
f 376 252 631
f 1444 252 376
f 301 1060 295
f 631 1060 301
f 252 1060 631
f 1444 1480 252
f 295 729 699
f 1060 729 295
f 1060 342 729
f 252 342 1060
f 1480 342 252
f 1505 1314 731
f 1144 1314 1505
f 1144 633 1314
f 731 987 1510
f 1314 987 731
f 1138 1067 1099
f 633 987 1314
f 987 1513 1510
f 1138 1099 1039
f 633 1513 987
f 633 1444 1513
f 1732 1444 633
f 1138 1039 1152
f 1138 1152 1625
f 1721 1138 1625
f 5 989 1732
f 1912 1987 5
f 1732 989 1444
f 5 1987 989
f 989 1480 1444
f 1721 374 1138
f 1654 374 1721
f 1964 1438 1912
f 1912 1438 1987
f 1964 46 1438
f 1654 1884 374
f 1071 1884 1654
f 1856 46 1964
f 1856 1551 46
f 1856 594 1551
f 36 594 1856
f 36 73 594
f 1071 1992 1884
f 1718 1992 1071
f 1666 73 36
f 1526 1666 36
f 1526 634 1666
f 198 634 1526
f 1957 44 1992
f 86 1992 1718
f 86 1957 1992
f 198 1897 634
f 1670 1897 198
f 1670 1833 1897
f 1704 994 1957
f 1481 1704 1957
f 1481 1957 86
f 1911 10 1485
f 101 10 1911
f 913 10 101
f 101 1911 1130
f 913 101 1002
f 1309 10 913
f 700 10 1309
f 1268 102 10
f 1881 102 1268
f 1527 10 700
f 1527 1268 10
f 462 102 1881
f 1121 462 1881
f 1313 328 462
f 1596 812 79
f 1596 1363 812
f 1105 79 1834
f 204 79 1105
f 1596 79 204
f 1031 204 1105
f 965 1834 328
f 1031 1834 965
f 1031 1105 1834
f 953 1031 965
f 1267 953 965
f 1267 328 1313
f 1267 965 328
f 1363 1625 812
f 1966 1629 1356
f 1966 742 1629
f 1966 1604 742
f 1629 311 1356
f 311 1214 1356
f 742 1358 1629
f 311 1386 1214
f 445 311 1629
f 445 1386 311
f 1358 445 1629
f 1386 656 1214
f 1966 1792 1644
f 1644 1604 1966
f 1792 1870 1644
f 1644 564 1604
f 1792 563 1870
f 1530 255 1792
f 1530 1949 255
f 1609 255 1949
f 300 1524 1044
f 1736 574 300
f 1193 1524 300
f 1193 300 574
f 574 1260 1193
f 1524 208 1044
f 1332 208 1524
f 1193 1332 1524
f 1044 789 1530
f 208 789 1044
f 1332 789 208
f 1332 1103 789
f 789 1949 1530
f 1103 1949 789
f 1103 1609 1949
f 1103 1606 1609
f 729 194 699
f 342 194 729
f 699 1180 1736
f 194 1180 699
f 1424 1180 194
f 342 1424 194
f 1480 1424 342
f 1180 574 1736
f 1260 574 1180
f 1424 1260 1180
f 1721 1363 1596
f 1480 1260 1424
f 1721 1596 204
f 1721 204 1031
f 953 1721 1031
f 1678 1721 953
f 1678 953 1267
f 1721 1625 1363
f 1370 656 1386
f 48 1370 1386
f 454 1370 48
f 454 1876 1370
f 989 1193 1260
f 989 1332 1193
f 1988 1605 1103
f 989 1103 1332
f 989 1988 1103
f 1987 1988 989
f 1987 119 1988
f 1605 1606 1103
f 989 1260 1480
f 1998 1721 1678
f 1998 1654 1721
f 1438 119 1987
f 1438 1954 119
f 46 565 1954
f 46 1954 1438
f 64 1654 1998
f 64 1071 1654
f 1647 1071 64
f 46 411 565
f 1551 411 46
f 594 411 1551
f 594 1915 411
f 73 1915 594
f 1647 1718 1071
f 111 1718 1647
f 73 1638 1915
f 1666 1638 73
f 634 1638 1666
f 634 1602 1638
f 40 1718 111
f 40 86 1718
f 1897 1602 634
f 1833 1602 1897
f 1833 1806 1602
f 1772 86 40
f 1772 1481 86
f 1130 1911 1226
f 938 1130 1226
f 938 101 1130
f 798 101 938
f 1002 101 798
f 667 1002 798
f 1789 1002 667
f 1789 913 1002
f 534 913 1789
f 700 1309 1205
f 1186 700 1205
f 534 1309 913
f 1205 1309 534
f 241 700 1186
f 514 700 241
f 1110 1205 534
f 1186 1205 1110
f 955 1881 1268
f 1125 1527 700
f 1594 1527 732
f 1594 1268 1527
f 441 1268 1594
f 955 1268 441
f 1125 700 514
f 732 1527 1125
f 251 732 1125
f 251 167 732
f 167 1594 732
f 251 1125 514
f 1334 462 1121
f 1313 462 1334
f 1117 1334 1121
f 1532 1881 955
f 1532 1121 1881
f 1117 1121 1532
f 1648 1358 742
f 1298 1648 742
f 1648 445 1358
f 48 445 1648
f 1226 127 938
f 127 798 938
f 127 667 798
f 127 1789 667
f 127 1529 1789
f 1604 1298 742
f 1604 234 1298
f 1604 1429 234
f 564 1429 1604
f 234 1648 1298
f 1644 1429 564
f 48 1648 234
f 48 234 1429
f 1644 48 1429
f 241 251 514
f 1529 1186 1110
f 1529 241 1186
f 1529 251 241
f 1789 1529 534
f 1529 1110 534
f 1792 188 563
f 1792 1259 188
f 255 1259 1792
f 1609 1259 255
f 1609 1606 1259
f 1606 188 1259
f 1606 563 188
f 1606 1870 563
f 167 441 1594
f 1134 441 167
f 1529 1134 167
f 1529 167 251
f 1678 1313 1334
f 1117 1678 1334
f 1134 1117 1532
f 1134 1678 1117
f 441 1532 955
f 1134 1532 441
f 1678 1267 1313
f 48 1386 445
f 60 1529 127
f 1605 1644 1870
f 1605 48 1644
f 1988 48 1605
f 1988 454 48
f 119 454 1988
f 60 1507 1529
f 1605 1870 1606
f 1507 1783 1134
f 1507 1134 1529
f 1134 1998 1678
f 1783 1998 1134
f 1784 1876 454
f 28 1784 454
f 1954 454 119
f 1954 28 454
f 565 28 1954
f 1774 1507 60
f 1774 90 1507
f 90 1783 1507
f 1783 64 1998
f 1647 64 1783
f 1449 1784 28
f 1937 1449 28
f 1937 1980 1449
f 411 28 565
f 411 1937 28
f 1915 1937 411
f 1910 90 1774
f 1910 1945 90
f 1790 1783 90
f 1945 1790 90
f 1790 111 1647
f 1790 1647 1783
f 1825 1980 1937
f 1825 122 1980
f 1574 2 1910
f 1638 1937 1915
f 1638 1825 1937
f 1602 1825 1638
f 2 1945 1910
f 2 1868 1790
f 2 1790 1945
f 1868 111 1790
f 1868 40 111
f 1710 122 1825
f 1710 1612 122
f 1887 84 1574
f 1602 1710 1825
f 1806 1710 1602
f 84 2 1574
f 84 1868 2
f 1868 1772 40
f 786 795 1107
f 1549 795 786
f 1549 780 795
f 1922 780 1549
f 1922 266 780
f 655 266 1922
f 655 910 266
f 795 599 1107
f 795 1047 599
f 780 1047 795
f 780 1116 1047
f 1131 1116 780
f 266 1131 780
f 266 1894 1131
f 910 1894 266
f 1395 834 1484
f 1395 1731 834
f 1312 1731 1395
f 1312 997 1731
f 1312 1536 997
f 1393 1536 1312
f 961 1010 1393
f 1274 1393 1312
f 290 1393 1274
f 961 1393 290
f 1522 1395 877
f 744 1395 1522
f 1395 744 1312
f 1274 1312 744
f 1113 290 1274
f 1207 290 1113
f 1207 961 290
f 1047 1522 599
f 1047 744 1522
f 1116 744 1047
f 1131 1113 1116
f 1113 744 1116
f 1113 1274 744
f 1894 1113 1131
f 1894 1207 1113
f 1780 1545 1269
f 1269 1545 1836
f 1545 108 1836
f 787 1864 1734
f 1989 1864 787
f 154 910 655
f 1619 1388 1607
f 1619 1051 1388
f 154 1197 910
f 1197 1894 910
f 1607 1197 154
f 1607 1388 1197
f 1388 1058 1197
f 1051 310 1388
f 1005 1010 961
f 1005 772 1010
f 648 772 1005
f 648 1560 772
f 648 1005 556
f 1679 648 1328
f 1679 1560 648
f 1207 1005 961
f 556 1005 1207
f 1328 648 556
f 494 1207 1894
f 1197 494 1894
f 494 556 1207
f 1197 1058 494
f 1058 556 494
f 1328 556 1058
f 310 1058 1388
f 310 1328 1058
f 1837 1972 1240
f 1972 1545 1240
f 1972 53 1545
f 56 1864 1989
f 56 1844 1864
f 1852 1844 56
f 1852 1603 1844
f 308 1652 1619
f 1155 1652 308
f 1640 1155 308
f 1478 1155 1640
f 1431 1478 1640
f 1652 1051 1619
f 1155 803 1652
f 1172 803 1155
f 1478 1172 1155
f 1450 1172 1478
f 1652 310 1051
f 803 310 1652
f 1679 959 1560
f 1355 959 1679
f 1421 959 1355
f 1167 1421 1355
f 761 1421 1167
f 761 1381 1421
f 903 1157 761
f 1157 1381 761
f 643 1679 1328
f 643 1355 1679
f 1167 1355 643
f 886 761 1167
f 643 1328 310
f 803 643 310
f 803 886 643
f 886 1167 643
f 1172 886 803
f 1450 886 1172
f 1450 1220 886
f 1220 903 886
f 903 761 886
f 1626 1972 1837
f 1626 23 1972
f 23 53 1972
f 1603 1621 1844
f 873 1478 1431
f 1633 873 1431
f 1633 1414 873
f 1377 1315 1414
f 873 1450 1478
f 1414 1782 873
f 1782 1450 873
f 1315 1782 1414
f 1315 1092 1782
f 1686 1092 1315
f 1782 1220 1450
f 537 935 1187
f 960 935 537
f 890 317 960
f 788 1157 903
f 788 1187 1157
f 1418 537 788
f 537 1187 788
f 1418 1473 537
f 1473 960 537
f 890 960 1473
f 1473 1418 891
f 644 1473 891
f 644 890 1473
f 1220 788 903
f 1782 1490 1220
f 1490 788 1220
f 1490 1418 788
f 1092 1490 1782
f 891 1418 1490
f 1092 921 1490
f 921 891 1490
f 1686 921 1092
f 921 644 891
f 1378 1656 23
f 1916 1656 1378
f 1660 1656 1916
f 626 1656 1660
f 626 1548 1656
f 1656 134 23
f 1548 124 1656
f 39 20 1603
f 39 1603 131
f 1659 1262 1315
f 1262 1686 1315
f 1171 775 1262
f 1171 1335 775
f 1262 775 1686
f 689 317 890
f 1888 985 689
f 1655 1072 668
f 1888 689 890
f 1655 1335 1171
f 1655 668 1335
f 1072 1266 668
f 1339 1266 1072
f 1069 1266 1339
f 644 976 890
f 981 890 976
f 981 1888 890
f 543 1888 981
f 1335 668 1102
f 668 1266 879
f 1266 27 748
f 1069 27 1266
f 775 921 1686
f 775 1102 921
f 1102 644 921
f 1102 976 644
f 1102 236 976
f 236 981 976
f 1335 1102 775
f 236 1032 981
f 1032 543 981
f 879 1102 668
f 879 236 1102
f 879 1032 236
f 879 748 1032
f 1266 748 879
f 1273 1327 595
f 543 985 1888
f 1045 985 543
f 1045 595 985
f 1273 595 1045
f 714 1338 1273
f 286 1273 1045
f 1195 1273 286
f 714 1273 1195
f 1816 1045 543
f 1816 286 1045
f 1195 1203 714
f 1032 1816 543
f 748 1816 1032
f 748 1165 1816
f 1165 286 1816
f 1165 1225 286
f 1225 1195 286
f 1225 1203 1195
f 27 1165 748
f 1225 1181 1203
f 626 636 1548
f 1380 912 1338
f 670 912 1380
f 636 319 670
f 1380 1338 714
f 636 1078 1548
f 353 670 1380
f 1078 670 353
f 1078 636 670
f 1203 1380 714
f 1203 1178 1380
f 1178 353 1380
f 1178 1120 353
f 1120 1078 353
f 1120 1068 1078
f 1078 425 1548
f 1068 425 1078
f 1181 914 1203
f 914 1178 1203
f 914 1201 1178
f 1201 1120 1178
f 1201 984 1120
f 984 1068 1120
f 984 1185 1068
f 1185 425 1068
f 425 124 1548
f 846 1845 39
f 191 1069 1339
f 191 1295 1069
f 1295 27 1069
f 1397 1295 1057
f 247 1829 1397
f 1271 1829 247
f 1271 1083 1829
f 1397 1122 1295
f 1829 1122 1397
f 27 1122 1165
f 1122 27 1295
f 1122 1225 1165
f 1122 1829 1225
f 1829 1181 1225
f 1083 1181 1829
f 1384 1083 1271
f 1593 1083 1384
f 711 515 439
f 1593 1040 1083
f 1265 1040 1593
f 1265 887 1040
f 1413 887 1265
f 439 887 1413
f 439 1333 887
f 515 871 439
f 1083 914 1181
f 914 1040 1201
f 1083 1040 914
f 887 175 1040
f 887 1333 175
f 439 271 1333
f 871 271 439
f 1040 984 1201
f 175 984 1040
f 984 200 1185
f 175 200 984
f 1333 200 175
f 1333 1800 200
f 271 1800 1333
f 271 1938 1800
f 200 1800 1185
f 193 457 1778
f 1778 457 846
f 900 1158 1778
f 871 560 271
f 560 378 271
f 378 432 271
f 432 1938 271
f 432 703 1938
f 703 274 1938
f 274 896 1938
f 504 515 711
f 504 230 515
f 455 230 504
f 455 1245 230
f 1245 455 193
f 230 871 515
f 230 489 871
f 1245 489 230
f 1245 248 489
f 248 1245 193
f 235 193 1778
f 235 248 193
f 489 560 871
f 489 260 560
f 248 260 489
f 248 235 260
f 760 235 1778
f 260 378 560
f 235 378 260
f 235 760 378
f 358 760 1778
f 1158 358 1778
f 760 432 378
f 760 358 432
f 358 703 432
f 358 1158 703
f 1158 274 703
f 1158 947 274
f 947 1158 900
f 947 896 274
f 947 1466 896
f 947 900 1466
f 108 1976 1722
f 53 108 1545
f 53 1976 108
f 53 1918 1976
f 23 134 53
f 131 1603 1852
f 134 1918 53
f 134 142 1918
f 1656 124 134
f 1751 39 131
f 124 107 134
f 107 142 134
f 1185 124 425
f 1649 39 1751
f 1649 846 39
f 124 1662 107
f 1938 1432 1800
f 1800 124 1185
f 1994 1778 846
f 109 1778 1994
f 109 900 1778
f 660 900 109
f 1994 846 1649
f 1432 1053 1800
f 1053 1104 1800
f 521 109 1994
f 1800 1104 124
f 1104 1233 124
f 1233 1662 124
f 896 1432 1938
f 1466 540 896
f 900 540 1466
f 900 660 540
f 896 1385 1432
f 540 1385 896
f 540 1650 1385
f 660 1650 540
f 660 1218 1650
f 1218 660 109
f 1385 1053 1432
f 1385 549 1053
f 1650 549 1385
f 1218 549 1650
f 1218 509 549
f 1218 753 509
f 753 1218 109
f 549 1281 1053
f 509 387 549
f 753 387 509
f 753 334 387
f 334 753 109
f 1281 1104 1053
f 606 109 521
f 606 334 109
f 387 1281 549
f 387 817 1281
f 334 817 387
f 334 606 817
f 1281 1216 1104
f 865 606 521
f 817 1216 1281
f 817 265 1216
f 606 265 817
f 606 865 265
f 1216 72 1104
f 1321 865 521
f 265 72 1216
f 865 72 265
f 865 518 72
f 865 1321 518
f 72 1066 1104
f 1026 1321 521
f 518 1066 72
f 518 368 1066
f 1321 368 518
f 1321 706 368
f 706 1321 1026
f 1976 139 1722
f 1976 1843 139
f 1684 1989 787
f 1684 787 280
f 1588 1989 1684
f 1918 1843 1976
f 1588 56 1989
f 931 1852 56
f 931 56 1588
f 142 1971 1918
f 1918 1971 1843
f 1702 131 1852
f 1702 1852 931
f 107 1903 142
f 142 1903 1971
f 1874 1751 131
f 1874 131 1702
f 1649 1751 1691
f 1662 1191 107
f 1191 1903 107
f 1286 1191 1662
f 1691 1751 1874
f 577 1649 1691
f 1104 1021 1233
f 1026 521 1994
f 1066 1021 1104
f 150 1026 1994
f 356 1026 150
f 356 1283 1026
f 1021 414 1233
f 414 1479 1233
f 1479 1206 1233
f 1233 1286 1662
f 1233 1206 1286
f 577 1994 1649
f 150 1994 577
f 1770 150 577
f 1823 150 1770
f 649 1823 1770
f 836 1823 649
f 1361 649 1770
f 1066 368 1021
f 706 1028 368
f 706 680 1028
f 680 706 1026
f 368 272 1021
f 1028 272 368
f 680 272 1028
f 680 201 272
f 680 1283 201
f 1283 680 1026
f 272 414 1021
f 201 414 272
f 201 168 414
f 1283 168 201
f 1283 399 168
f 356 399 1283
f 399 288 168
f 356 288 399
f 356 576 288
f 576 356 150
f 168 1479 414
f 288 1479 168
f 288 847 1479
f 576 847 288
f 576 482 847
f 1479 847 1206
f 482 385 847
f 847 704 1206
f 385 704 847
f 704 333 1206
f 1823 830 150
f 576 830 482
f 830 576 150
f 830 385 482
f 830 270 385
f 1823 270 830
f 270 704 385
f 270 282 704
f 1823 282 270
f 1823 836 282
f 282 333 704
f 836 333 282
f 836 1024 333
f 836 649 1024
f 1843 1785 139
f 1785 1947 139
f 1612 1684 280
f 1275 1684 1612
f 1275 1588 1684
f 1275 931 1588
f 1749 931 1275
f 1749 1702 931
f 1971 1785 1843
f 1971 1961 1785
f 1372 1702 1749
f 1372 1874 1702
f 1903 1961 1971
f 1903 1699 1961
f 1776 1874 1372
f 1691 1874 1776
f 1191 1699 1903
f 1191 181 1699
f 1286 181 1191
f 1985 1691 1776
f 1985 577 1691
f 1206 1643 1286
f 1643 80 1286
f 937 1361 1770
f 371 937 1770
f 371 1770 577
f 722 371 577
f 1249 371 722
f 80 810 1286
f 1123 810 80
f 1286 1007 181
f 810 1007 1286
f 810 939 1007
f 968 939 810
f 939 1364 1007
f 722 577 1985
f 1323 1249 722
f 992 1323 722
f 612 992 722
f 1671 612 722
f 612 498 992
f 333 1643 1206
f 333 1983 1643
f 1024 1983 333
f 1024 268 1983
f 649 268 1024
f 649 350 268
f 350 649 1361
f 1983 671 1643
f 268 671 1983
f 350 671 268
f 350 1433 671
f 350 676 1433
f 676 350 1361
f 791 1361 937
f 791 676 1361
f 671 80 1643
f 544 937 371
f 671 736 80
f 1433 736 671
f 676 736 1433
f 676 294 736
f 791 294 676
f 544 791 937
f 736 1741 80
f 294 1741 736
f 791 1741 294
f 791 242 1741
f 544 242 791
f 544 804 242
f 544 853 804
f 853 544 371
f 451 853 371
f 1741 1123 80
f 242 1123 1741
f 1123 1170 810
f 804 1123 242
f 804 1170 1123
f 853 1170 804
f 853 640 1170
f 451 640 853
f 451 371 1249
f 1170 968 810
f 640 968 1170
f 451 968 640
f 451 203 968
f 203 939 968
f 546 451 1249
f 686 1249 1323
f 686 546 1249
f 546 203 451
f 546 366 203
f 546 686 366
f 461 686 1323
f 366 939 203
f 366 185 939
f 686 185 366
f 686 365 185
f 461 365 686
f 1227 1323 992
f 1227 461 1323
f 185 1364 939
f 365 1364 185
f 365 1109 1364
f 461 1109 365
f 461 625 1109
f 1227 625 461
f 179 1227 992
f 498 179 992
f 323 498 612
f 1785 1887 1947
f 1210 1887 1785
f 1961 1210 1785
f 1961 76 1210
f 1699 76 1961
f 1699 1657 76
f 181 1657 1699
f 181 263 1657
f 1364 1109 1007
f 1109 924 1007
f 924 1461 1007
f 1007 263 181
f 1007 1591 263
f 1461 1591 1007
f 1109 1533 924
f 625 1533 1109
f 1227 1533 625
f 1227 490 1533
f 179 490 1227
f 179 816 490
f 498 816 179
f 498 527 816
f 323 527 498
f 490 924 1533
f 924 717 1461
f 816 924 490
f 816 717 924
f 717 801 1461
f 527 717 816
f 527 801 717
f 323 801 527
f 323 394 801
f 612 394 323
f 612 572 394
f 1461 823 1591
f 801 823 1461
f 394 823 801
f 823 838 1591
f 572 823 394
f 572 838 823
f 994 8 1969
f 24 8 994
f 24 1889 8
f 1810 1889 24
f 1 1889 1810
f 1692 1 1546
f 1546 1 1810
f 765 1692 1546
f 1278 1692 765
f 1278 148 1692
f 477 307 1514
f 307 447 1514
f 1514 447 1261
f 324 148 1278
f 324 1728 148
f 324 330 1728
f 635 324 1278
f 292 289 477
f 289 307 477
f 289 1294 307
f 1294 601 307
f 601 588 307
f 588 447 307
f 588 161 447
f 161 590 447
f 590 1541 447
f 590 468 1541
f 468 1716 1541
f 927 783 1728
f 299 289 292
f 299 403 289
f 783 403 299
f 783 927 403
f 403 1294 289
f 403 215 1294
f 927 215 403
f 927 217 215
f 217 927 1728
f 215 601 1294
f 215 416 601
f 217 416 215
f 416 588 601
f 217 330 416
f 330 217 1728
f 416 161 588
f 416 501 161
f 330 501 416
f 501 590 161
f 501 324 590
f 324 501 330
f 1080 324 635
f 324 468 590
f 324 1080 468
f 1080 635 468
f 1177 1017 1933
f 1933 1017 1670
f 24 994 1704
f 1962 1553 1512
f 1962 1879 1553
f 1512 1017 1177
f 1512 1553 1017
f 1810 24 1669
f 1669 24 1704
f 1759 1879 1962
f 1759 1739 1879
f 58 1810 1669
f 1456 1739 1759
f 1456 950 1739
f 1456 29 950
f 58 1546 1810
f 1564 1546 58
f 1745 29 1456
f 1745 54 29
f 1745 114 54
f 1261 114 1745
f 1261 1735 114
f 765 1546 1564
f 1760 765 1564
f 1213 765 1760
f 1213 1278 765
f 1261 447 1735
f 1541 737 447
f 1541 724 737
f 737 1882 1735
f 447 737 1735
f 737 1477 1882
f 1477 1471 1882
f 444 1278 1213
f 444 867 1278
f 110 444 1213
f 166 444 110
f 1477 312 1471
f 867 635 1278
f 1716 724 1541
f 468 724 1716
f 468 313 724
f 724 1035 737
f 313 1035 724
f 1035 561 737
f 313 561 1035
f 313 951 561
f 561 1550 737
f 561 472 1550
f 951 472 561
f 737 238 1477
f 1550 238 737
f 472 1445 1550
f 951 1445 472
f 1445 951 867
f 444 1445 867
f 1550 231 238
f 1445 231 1550
f 1445 444 231
f 238 603 1477
f 231 603 238
f 231 479 603
f 444 479 231
f 707 444 166
f 603 312 1477
f 603 878 312
f 479 878 603
f 479 707 878
f 444 707 479
f 635 313 468
f 313 635 867
f 951 313 867
f 1017 1833 1670
f 1017 1975 1833
f 1924 1704 1481
f 1553 1975 1017
f 1553 1468 1975
f 1879 1468 1553
f 1924 1669 1704
f 1753 1669 1924
f 1879 1867 1468
f 1739 1867 1879
f 1753 58 1669
f 149 58 1753
f 1739 1794 1867
f 950 1794 1739
f 29 1794 950
f 29 41 1794
f 149 1564 58
f 1909 1564 149
f 54 41 29
f 114 41 54
f 114 1951 41
f 1735 1951 114
f 1735 1786 1951
f 1760 1564 1909
f 67 1213 1760
f 67 1760 1909
f 1882 1786 1735
f 1882 1890 1786
f 1890 716 1786
f 1890 790 716
f 1331 790 1890
f 312 940 1471
f 940 811 1471
f 811 1890 1471
f 1471 1890 1882
f 1236 1213 67
f 1087 1213 1236
f 1087 881 1213
f 881 110 1213
f 437 1087 1236
f 1331 1176 790
f 878 759 312
f 707 759 878
f 707 166 759
f 759 940 312
f 759 338 940
f 759 946 338
f 166 946 759
f 1488 166 110
f 338 811 940
f 338 433 811
f 338 306 433
f 946 306 338
f 946 1488 306
f 1488 946 166
f 702 1890 811
f 433 702 811
f 433 813 702
f 306 813 433
f 306 1757 813
f 1488 1757 306
f 881 1757 110
f 1757 1488 110
f 813 741 702
f 1757 741 813
f 1890 427 1331
f 702 427 1890
f 702 171 427
f 741 171 702
f 741 881 171
f 1757 881 741
f 427 756 1331
f 171 756 427
f 171 1087 756
f 881 1087 171
f 756 1176 1331
f 756 1011 1176
f 1087 1011 756
f 1975 1806 1833
f 1975 143 1806
f 1747 1481 1772
f 1747 1924 1481
f 1468 143 1975
f 1468 1840 143
f 1995 1924 1747
f 1995 1753 1924
f 1468 1875 1840
f 1867 1875 1468
f 1867 1543 1875
f 1995 149 1753
f 1794 1543 1867
f 1794 4 1543
f 41 4 1794
f 41 133 4
f 1300 149 1995
f 1909 149 1300
f 1951 133 41
f 1951 962 133
f 1951 1689 962
f 1786 1689 1951
f 67 1909 1756
f 1399 67 1756
f 1756 1909 1300
f 1838 582 1786
f 582 91 1689
f 582 1689 1786
f 91 1065 1689
f 91 1390 1065
f 423 1583 716
f 790 423 716
f 1004 1838 716
f 1583 1004 716
f 716 1838 1786
f 393 1288 1236
f 393 216 1288
f 1399 1236 67
f 393 1236 1399
f 972 393 1399
f 1762 972 1399
f 1288 437 1236
f 1001 582 1838
f 1001 694 582
f 492 91 582
f 492 669 91
f 694 492 582
f 1001 511 694
f 1001 768 511
f 956 1390 91
f 956 1229 1390
f 669 956 91
f 694 806 492
f 511 806 694
f 768 1762 511
f 790 740 423
f 1176 740 790
f 1176 584 740
f 423 1252 1583
f 423 679 1252
f 740 679 423
f 740 253 679
f 584 253 740
f 995 437 1288
f 764 1552 1583
f 1252 764 1583
f 679 764 1252
f 679 1215 764
f 253 1215 679
f 253 995 1215
f 584 995 253
f 995 584 437
f 1552 1004 1583
f 216 995 1288
f 764 174 1552
f 764 452 174
f 1215 452 764
f 1215 216 452
f 995 216 1215
f 362 216 393
f 1086 1001 1838
f 1004 1086 1838
f 1552 1086 1004
f 1552 485 1086
f 174 485 1552
f 174 555 485
f 555 362 393
f 452 555 174
f 452 362 555
f 216 362 452
f 1086 380 1001
f 1086 1159 380
f 485 1159 1086
f 485 1537 1159
f 1537 555 393
f 555 1537 485
f 1537 393 972
f 380 768 1001
f 380 206 768
f 1159 206 380
f 1159 972 206
f 1537 972 1159
f 206 1762 768
f 206 972 1762
f 1011 584 1176
f 1011 437 584
f 1011 1087 437
f 1710 1275 1612
f 1842 1275 1710
f 143 1710 1806
f 143 1842 1710
f 84 62 1868
f 62 1747 1772
f 62 1772 1868
f 1842 1749 1275
f 1959 1749 1842
f 1210 1944 1887
f 1840 1842 143
f 1959 1842 1840
f 1887 1944 84
f 1944 130 62
f 1944 62 84
f 130 1995 1747
f 130 1747 62
f 1959 1372 1749
f 1996 1372 1959
f 76 82 1210
f 1875 1959 1840
f 1543 1959 1875
f 1543 1996 1959
f 1210 82 1944
f 82 1934 130
f 82 130 1944
f 1934 1995 130
f 1996 1776 1372
f 25 1776 1996
f 1657 71 76
f 4 1996 1543
f 4 25 1996
f 133 25 4
f 76 71 82
f 71 1934 82
f 1934 1300 1995
f 25 1985 1776
f 1470 1985 25
f 263 1366 1657
f 962 25 133
f 962 1470 25
f 1689 1470 962
f 1657 1366 71
f 1366 1934 71
f 1366 1571 1934
f 1756 1300 1934
f 1571 1756 1934
f 1571 1399 1756
f 833 1985 1470
f 833 722 1985
f 833 1671 722
f 542 833 1470
f 1258 833 542
f 1258 467 833
f 1204 1258 542
f 507 1141 263
f 1591 507 263
f 352 507 1591
f 602 352 1591
f 1141 1651 263
f 364 542 1470
f 638 1470 1689
f 638 364 1470
f 364 1353 542
f 898 1204 542
f 1353 898 542
f 263 1651 1366
f 1061 1651 1141
f 1061 607 1651
f 607 491 1651
f 491 367 1651
f 367 1748 1651
f 367 390 1748
f 607 481 491
f 1390 897 1143
f 1065 638 1689
f 1517 638 1065
f 1143 1517 1065
f 1651 1748 1571
f 1748 809 1571
f 809 551 1571
f 1651 1571 1366
f 1390 1143 1065
f 165 1762 1399
f 1302 165 1399
f 551 1399 1571
f 551 1302 1399
f 624 1302 551
f 617 624 551
f 697 612 1671
f 502 697 1671
f 502 1671 833
f 697 572 612
f 697 665 572
f 502 665 697
f 309 502 833
f 467 309 833
f 665 838 572
f 665 781 838
f 502 781 665
f 502 415 781
f 309 415 502
f 309 395 415
f 309 402 395
f 467 402 309
f 1258 402 467
f 1204 629 1258
f 838 781 1591
f 781 602 1591
f 415 602 781
f 395 602 415
f 395 352 602
f 402 352 395
f 402 418 352
f 402 470 418
f 1258 470 402
f 1258 435 470
f 629 435 1258
f 1204 476 629
f 352 1009 507
f 418 1009 352
f 1009 470 507
f 470 1009 418
f 470 435 507
f 435 1141 507
f 435 190 1141
f 629 190 435
f 190 1030 1141
f 476 190 629
f 476 1030 190
f 569 898 1353
f 971 1353 364
f 926 569 1353
f 646 926 1353
f 971 646 1353
f 854 971 364
f 578 854 364
f 412 364 638
f 412 578 364
f 898 476 1204
f 898 1369 476
f 569 1369 898
f 1030 596 1141
f 1369 1030 476
f 1369 596 1030
f 569 596 1369
f 569 1061 596
f 926 1061 569
f 926 607 1061
f 646 607 926
f 646 481 607
f 971 481 646
f 971 382 481
f 854 382 971
f 578 382 854
f 578 367 382
f 412 367 578
f 412 390 367
f 596 1061 1141
f 382 491 481
f 367 491 382
f 413 829 1143
f 897 413 1143
f 1517 628 638
f 428 1517 1143
f 829 428 1143
f 675 412 638
f 628 675 638
f 460 628 1517
f 428 460 1517
f 413 548 829
f 897 548 413
f 897 996 548
f 628 213 675
f 460 213 628
f 460 229 213
f 460 486 229
f 428 486 460
f 428 531 486
f 829 531 428
f 829 359 531
f 548 359 829
f 548 1148 359
f 996 1148 548
f 1748 440 809
f 809 1148 551
f 675 390 412
f 675 1243 390
f 213 1243 675
f 1243 440 1748
f 229 1243 213
f 229 440 1243
f 486 440 229
f 440 531 809
f 531 440 486
f 531 359 809
f 359 1148 809
f 390 1243 1748
f 417 897 1390
f 1229 417 1390
f 669 360 956
f 492 360 669
f 492 386 360
f 806 386 492
f 806 165 386
f 511 165 806
f 1762 165 511
f 1229 243 417
f 956 243 1229
f 956 379 243
f 360 379 956
f 379 386 1302
f 386 379 360
f 386 165 1302
f 417 996 897
f 417 1511 996
f 243 1511 417
f 243 617 1511
f 379 617 243
f 379 624 617
f 624 379 1302
f 1148 1511 551
f 1511 1148 996
f 1511 617 551

