v 0.256875 0.192742 -0.126394
v 0.256735 0.192742 -0.13676
v 0.256178 0.339981 -0.290136
v 0.256178 0.35333 -0.259925
v 0.25641 0.299972 -0.113312
v 0.256364 0.219991 -0.0333416
v 0.256271 0.192742 -0.0194208
v 0.24359 0.192742 -0.176992
v 0.231095 0.246651 -0.290136
v 0.240942 0.268789 -0.290136
v 0.242568 0.272503 -0.290136
v 0.24791 0.28666 -0.290136
v 0.250836 0.299972 -0.290136
v 0.252555 0.31196 -0.290136
v 0.253809 0.320933 -0.290136
v 0.254599 0.326633 -0.290136
v 0.255899 0.35333 -0.290136
v 0.255992 0.35333 -0.286631
v 0.256131 0.35333 -0.273302
v 0.254366 0.366642 -0.273302
v 0.254366 0.366642 -0.259925
v 0.256038 0.35333 -0.246596
v 0.256224 0.339981 -0.193283
v 0.256224 0.326633 -0.153297
v 0.256224 0.313321 -0.126641
v 0.256085 0.28666 -0.0866553
v 0.256224 0.273312 -0.0732775
v 0.256178 0.26 -0.0599491
v 0.255992 0.246651 -0.0466207
v 0.255806 0.233339 -0.0333416
v 0.256085 0.206679 -0.0200132
v 0.255342 0.192742 -0.00668477
v 0.217717 0.192742 -0.244671
v 0.227379 0.238598 -0.290136
v 0.255481 0.356529 -0.290136
v 0.253298 0.373334 -0.279967
v 0.250604 0.393265 -0.273302
v 0.252415 0.380542 -0.259925
v 0.254041 0.367745 -0.247139
v 0.255574 0.35333 -0.219939
v 0.256038 0.339981 -0.179954
v 0.25576 0.326633 -0.139969
v 0.25562 0.313321 -0.113312
v 0.255899 0.299972 -0.0999837
v 0.255202 0.28666 -0.0732775
v 0.255342 0.273312 -0.0599491
v 0.255017 0.26 -0.0466207
v 0.254691 0.246651 -0.0333416
v 0.25418 0.233965 -0.0192234
v 0.255435 0.219991 -0.0200132
v 0.254552 0.206679 -0.00668477
v 0.253066 0.222491 -0.00199514
v 0.253298 0.213592 7.81678e-05
v 0.252322 0.218814 0.00536017
v 0.252973 0.192742 0.0113333
v 0.216881 0.192742 -0.246596
v 0.22631 0.236833 -0.290136
v 0.253205 0.372636 -0.290136
v 0.250325 0.393265 -0.286631
v 0.247352 0.406614 -0.273302
v 0.247445 0.406614 -0.259925
v 0.250604 0.393265 -0.259925
v 0.250418 0.393265 -0.246596
v 0.251811 0.37999 -0.219939
v 0.254088 0.365612 -0.233268
v 0.251301 0.37999 -0.193283
v 0.255017 0.35333 -0.193283
v 0.255481 0.339981 -0.166626
v 0.253995 0.340569 -0.140463
v 0.255017 0.326633 -0.126641
v 0.254041 0.327147 -0.113213
v 0.251486 0.339981 -0.0999837
v 0.254273 0.314424 -0.098947
v 0.253251 0.319609 -0.0938131
v 0.253809 0.299678 -0.0741167
v 0.253484 0.295008 -0.0644412
v 0.251347 0.299972 -0.0466207
v 0.253066 0.291404 -0.0555556
v 0.25353 0.282505 -0.0510635
v 0.251208 0.28666 -0.0333416
v 0.253902 0.272944 -0.0466207
v 0.253437 0.268237 -0.0387717
v 0.253205 0.238855 -0.0142375
v 0.253577 0.229956 -0.0108808
v 0.251208 0.233339 0.00664365
v 0.250279 0.219991 0.0199721
v 0.251068 0.206679 0.0199721
v 0.251811 0.192742 0.0199227
v 0.192587 0.192742 -0.290136
v 0.216509 0.222712 -0.290136
v 0.223152 0.231942 -0.290136
v 0.250232 0.393265 -0.290136
v 0.246841 0.406614 -0.286631
v 0.242521 0.419043 -0.273302
v 0.242568 0.419153 -0.259925
v 0.246981 0.406614 -0.246596
v 0.24935 0.393265 -0.206611
v 0.249768 0.393265 -0.219939
v 0.250882 0.37999 -0.179954
v 0.253484 0.361567 -0.182571
v 0.254227 0.354543 -0.178868
v 0.252694 0.366274 -0.178868
v 0.251254 0.366642 -0.153297
v 0.251533 0.35333 -0.126641
v 0.25079 0.35333 -0.113312
v 0.253716 0.336708 -0.126641
v 0.253437 0.334686 -0.117607
v 0.252555 0.339466 -0.113213
v 0.249721 0.35333 -0.0999837
v 0.250232 0.339981 -0.0866553
v 0.25065 0.326633 -0.0732775
v 0.251022 0.313321 -0.0599491
v 0.252369 0.312365 -0.0741167
v 0.252648 0.286844 -0.0466207
v 0.249628 0.313321 -0.0466207
v 0.249814 0.299972 -0.0333416
v 0.250464 0.26 -0.00668477
v 0.251672 0.246651 -0.00668477
v 0.25274 0.233965 -0.00653668
v 0.250046 0.246651 0.00664365
v 0.249164 0.233339 0.0199721
v 0.249907 0.19333 0.0333005
v 0.249953 0.192742 0.0333005
v -0.16025 0.192742 -0.290136
v 0.246702 0.406614 -0.290136
v 0.239177 0.424816 -0.286631
v 0.236204 0.433274 -0.273302
v 0.230398 0.446586 -0.259925
v 0.24201 0.41794 -0.290136
v 0.242243 0.418418 -0.246596
v 0.245819 0.406614 -0.219939
v 0.246423 0.406614 -0.233268
v 0.248839 0.393265 -0.193283
v 0.248142 0.393265 -0.179954
v 0.250139 0.37999 -0.166626
v 0.250511 0.366642 -0.139969
v 0.249535 0.366642 -0.126641
v 0.248188 0.366642 -0.113312
v 0.246423 0.366642 -0.0999837
v 0.247724 0.35333 -0.0866553
v 0.248467 0.339981 -0.0732775
v 0.249071 0.326633 -0.0599491
v 0.247352 0.313321 -0.0333416
v 0.247074 0.299972 -0.0200132
v 0.24935 0.28666 -0.0200132
v 0.248142 0.26 0.00664365
v 0.248792 0.273312 -0.00668477
v 0.247259 0.246651 0.0199721
v 0.245262 0.233339 0.0333005
v 0.24712 0.219991 0.0333005
v 0.248653 0.206679 0.0333005
v 0.249814 0.192742 0.0338929
v -0.161086 0.193661 -0.290136
v -0.167032 0.192742 -0.285298
v 0.235414 0.433274 -0.286631
v 0.237969 0.42706 -0.290136
v 0.229004 0.447726 -0.286285
v 0.226728 0.453426 -0.281596
v 0.230258 0.446586 -0.273302
v 0.226961 0.453867 -0.273302
v 0.227007 0.453941 -0.259925
v 0.226775 0.453573 -0.250299
v 0.229144 0.4478 -0.246152
v 0.235647 0.433274 -0.246596
v 0.241871 0.417535 -0.233268
v 0.244379 0.406614 -0.193283
v 0.245123 0.406614 -0.206611
v 0.24345 0.406614 -0.179954
v 0.246888 0.393265 -0.166626
v 0.249024 0.37999 -0.153297
v 0.247538 0.37999 -0.139969
v 0.245819 0.37999 -0.126641
v 0.242057 0.378372 -0.0999837
v 0.240989 0.375761 -0.0894691
v 0.242986 0.367708 -0.085668
v 0.244705 0.35333 -0.0732775
v 0.24568 0.339981 -0.0599491
v 0.246609 0.326633 -0.0466207
v 0.2428 0.327515 -0.0326505
v 0.241267 0.323654 -0.0225308
v 0.243032 0.314461 -0.0188284
v 0.246145 0.28666 -0.00668477
v 0.245216 0.273312 0.00664365
v 0.244194 0.26 0.0199721
v 0.242382 0.246909 0.034041
v 0.240478 0.242643 0.0411988
v 0.244426 0.206679 0.0466289
v 0.246516 0.192742 0.0466289
v -0.162991 0.195757 -0.290136
v -0.169679 0.192742 -0.282188
v -0.187981 0.237568 -0.290136
v 0.229051 0.447101 -0.290136
v 0.222362 0.460523 -0.273302
v 0.226635 0.45247 -0.290136
v 0.226124 0.453352 -0.290136
v 0.222501 0.460633 -0.259925
v 0.226542 0.453058 -0.241413
v 0.232535 0.433274 -0.193283
v 0.237737 0.42158 -0.193283
v 0.231745 0.433274 -0.179954
v 0.240292 0.414005 -0.179954
v 0.240013 0.413417 -0.172895
v 0.241825 0.406945 -0.167712
v 0.244937 0.393265 -0.153297
v 0.242986 0.381167 -0.112177
v 0.239595 0.399039 -0.135477
v 0.238109 0.392971 -0.112177
v 0.235879 0.393265 -0.0999837
v 0.226542 0.413123 -0.093665
v 0.228726 0.404885 -0.0866553
v 0.233464 0.393265 -0.0866553
v 0.227657 0.402238 -0.0758938
v 0.229748 0.394442 -0.0721915
v 0.226496 0.399664 -0.0670082
v 0.235275 0.37999 -0.0732775
v 0.238805 0.370061 -0.0732775
v 0.241174 0.363369 -0.0732775
v 0.241499 0.352925 -0.0608376
v 0.24215 0.340239 -0.0467194
v 0.239688 0.332553 -0.0277141
v 0.226775 0.347005 0.000374355
v 0.239874 0.319682 -0.0136452
v 0.241081 0.310783 -0.0101897
v 0.242475 0.30034 -0.0060924
v 0.241174 0.272061 0.0193303
v 0.240896 0.26 0.029302
v 0.239595 0.251542 0.0390268
v 0.22631 0.265111 0.0658811
v 0.232024 0.246651 0.0599573
v 0.234346 0.233339 0.0599573
v 0.238527 0.233339 0.0498376
v 0.242057 0.219329 0.0471225
v 0.241267 0.233339 0.0431734
v 0.24201 0.192742 0.0582789
v -0.176275 0.192742 -0.263627
v -0.192301 0.246651 -0.290136
v 0.21572 0.469532 -0.273302
v 0.221944 0.459052 -0.290136
v 0.215812 0.469679 -0.259925
v 0.22278 0.458758 -0.246152
v 0.226264 0.452543 -0.233268
v 0.227704 0.441989 -0.179954
v 0.2271 0.440849 -0.166626
v 0.226682 0.44004 -0.159567
v 0.23927 0.411578 -0.164009
v 0.231698 0.419926 -0.139969
v 0.226171 0.425699 -0.122148
v 0.225753 0.411541 -0.0866553
v 0.224266 0.406651 -0.0721915
v 0.215023 0.41566 -0.0631578
v 0.218414 0.407496 -0.0592086
v 0.22501 0.396869 -0.0599491
v 0.225939 0.371679 -0.0288494
v 0.226403 0.359397 -0.0140894
v 0.229608 0.354286 -0.0191246
v 0.23495 0.339981 -0.0200132
v 0.237644 0.352925 -0.0467194
v 0.227936 0.339981 0.00358305
v 0.22775 0.3498 -0.00668477
v 0.224777 0.356492 -0.00668477
v 0.220132 0.353477 0.00684111
v 0.225195 0.339981 0.0102473
v 0.226589 0.333252 0.0132585
v 0.229933 0.327956 0.00797649
v 0.233324 0.299972 0.0199721
v 0.237319 0.286182 0.0193303
v 0.236669 0.272061 0.032017
v 0.238527 0.26 0.0359662
v 0.227657 0.273312 0.0562056
v 0.226728 0.280262 0.0534906
v 0.226171 0.318579 0.0255503
v 0.224638 0.273312 0.0628698
v 0.217624 0.273422 0.0738781
v 0.214233 0.269046 0.0812334
v 0.215812 0.26 0.0832574
v 0.223105 0.260404 0.0725453
v 0.225939 0.236612 0.0785677
v 0.226496 0.199251 0.0929822
v 0.228726 0.232641 0.0737794
v 0.22984 0.192742 0.0876508
v -0.204146 0.273312 -0.290136
v -0.203124 0.270995 -0.290136
v -0.204006 0.192742 -0.166576
v 0.214976 0.468687 -0.286631
v 0.210238 0.476225 -0.273302
v 0.21479 0.468429 -0.290136
v 0.203689 0.484425 -0.259925
v 0.215209 0.468944 -0.246596
v 0.220783 0.459935 -0.233268
v 0.225753 0.451624 -0.219939
v 0.223755 0.448682 -0.179954
v 0.225149 0.450631 -0.206611
v 0.222873 0.447505 -0.166626
v 0.233975 0.419926 -0.153297
v 0.221805 0.445336 -0.154383
v 0.225753 0.438165 -0.150681
v 0.21781 0.434083 -0.113213
v 0.218692 0.421213 -0.0854705
v 0.217113 0.418308 -0.0732775
v 0.198161 0.437319 -0.0599491
v 0.202946 0.430627 -0.0599491
v 0.200995 0.428126 -0.0513103
v 0.212793 0.412497 -0.0542722
v 0.215255 0.4029 -0.0466207
v 0.216974 0.380064 -0.0203094
v 0.223244 0.379622 -0.0332922
v 0.224313 0.366972 -0.0191246
v 0.218088 0.36734 -0.00619112
v 0.215534 0.363369 0.00437288
v 0.213258 0.359949 0.0132585
v 0.215859 0.35105 0.0172077
v 0.218646 0.3409 0.0210087
v 0.224824 0.327956 0.0206632
v 0.229283 0.313799 0.0206632
v 0.232209 0.28666 0.0333005
v 0.231095 0.273312 0.0466289
v 0.223848 0.313799 0.0333005
v 0.215394 0.28416 0.0698302
v 0.212468 0.277945 0.0787158
v 0.20053 0.281218 0.0940682
v 0.201877 0.273312 0.0958453
v 0.210703 0.26 0.0899216
v 0.21493 0.233339 0.0954504
v 0.21623 0.192742 0.110556
v 0.217206 0.246063 0.0871572
v 0.223663 0.192742 0.0998438
v 0.224963 0.192742 0.0975731
v 0.228633 0.192742 0.0904152
v 0.229376 0.192742 0.0887368
v -0.207815 0.283093 -0.290136
v -0.212089 0.300303 -0.290136
v -0.211299 0.296442 -0.290136
v -0.209116 0.28666 -0.290136
v -0.216594 0.192742 -0.0339833
v 0.210796 0.47332 -0.290136
v 0.197372 0.490089 -0.286631
v 0.198068 0.490971 -0.273302
v 0.202667 0.483212 -0.290136
v 0.198161 0.491118 -0.259925
v 0.197557 0.490346 -0.246596
v 0.209727 0.4756 -0.246596
v 0.208473 0.471996 -0.207549
v 0.21781 0.458758 -0.193283
v 0.219575 0.459935 -0.219939
v 0.217067 0.457875 -0.179954
v 0.216184 0.456882 -0.166626
v 0.214605 0.454934 -0.153297
v 0.216834 0.446954 -0.141006
v 0.216323 0.43059 -0.0999837
v 0.213211 0.426508 -0.0802379
v 0.212096 0.425 -0.0732775
v 0.188685 0.442431 -0.0466207
v 0.199508 0.439342 -0.0680942
v 0.190869 0.447064 -0.0604427
v 0.19556 0.43287 -0.0467688
v 0.197465 0.409482 -0.0200132
v 0.203968 0.420146 -0.0467688
v 0.21349 0.400215 -0.0396109
v 0.201459 0.375577 0.0162697
v 0.196443 0.37999 0.0204163
v 0.199183 0.372047 0.0251553
v 0.201831 0.363148 0.02945
v 0.212933 0.345975 0.0261426
v 0.215209 0.337076 0.0295488
v 0.217578 0.32678 0.0336954
v 0.216416 0.312622 0.0464314
v 0.210889 0.287837 0.0738781
v 0.203317 0.286072 0.0865648
v 0.213165 0.293059 0.0664241
v 0.198394 0.29008 0.0909582
v 0.186409 0.292912 0.106409
v 0.188267 0.284013 0.108433
v 0.196768 0.273312 0.10251
v 0.199973 0.253344 0.106656
v 0.200809 0.215946 0.121071
v 0.20982 0.233339 0.102115
v 0.198812 0.196346 0.131783
v 0.203317 0.192742 0.127389
v -0.213157 0.307694 -0.290136
v -0.216641 0.192742 -0.0333416
v -0.215805 0.326633 -0.290136
v -0.21534 0.323176 -0.290136
v 0.191426 0.498693 -0.273302
v 0.198626 0.488103 -0.290136
v 0.197139 0.489868 -0.290136
v 0.190497 0.49748 -0.290136
v 0.191519 0.49884 -0.259925
v 0.190915 0.497995 -0.246596
v 0.187245 0.493839 -0.179954
v 0.196861 0.489463 -0.233268
v 0.204757 0.474534 -0.192542
v 0.198719 0.478431 -0.166626
v 0.2042 0.471739 -0.166626
v 0.210842 0.463538 -0.166626
v 0.197511 0.476777 -0.153297
v 0.202806 0.470121 -0.153297
v 0.209449 0.461626 -0.153297
v 0.196303 0.472879 -0.139031
v 0.206615 0.459898 -0.140068
v 0.214047 0.440923 -0.117607
v 0.185062 0.451845 -0.0562961
v 0.186874 0.440224 -0.0396109
v 0.200344 0.453757 -0.105463
v 0.195885 0.445998 -0.0728332
v 0.187199 0.453867 -0.0651817
v 0.189475 0.390618 0.0199721
v 0.187385 0.387529 0.0278704
v 0.189986 0.379586 0.0327081
v 0.187756 0.374915 0.0413963
v 0.204246 0.353366 0.033646
v 0.198858 0.357853 0.0383357
v 0.212282 0.331303 0.0384344
v 0.19909 0.304936 0.0786665
v 0.19621 0.300266 0.0865648
v 0.189289 0.299972 0.0970301
v 0.183437 0.299972 0.103694
v 0.173682 0.307143 0.107002
v 0.15984 0.306481 0.119836
v 0.145951 0.305525 0.132721
v 0.172149 0.291183 0.118997
v 0.180464 0.287616 0.113715
v 0.185852 0.265038 0.119244
v 0.187245 0.307658 0.0940682
v 0.18706 0.360648 0.0537868
v 0.182926 0.35333 0.0632154
v 0.187663 0.256139 0.121071
v 0.190125 0.273312 0.110753
v 0.18706 0.22775 0.133757
v 0.195885 0.246651 0.114703
v 0.195653 0.220248 0.125958
v 0.19333 0.19333 0.139928
v 0.194027 0.192742 0.139286
v -0.217477 0.192742 -0.0200132
v -0.217012 0.336414 -0.290136
v 0.185202 0.505386 -0.273302
v 0.185387 0.505533 -0.259925
v 0.185573 0.502371 -0.290136
v 0.186734 0.493398 -0.172303
v 0.193377 0.486595 -0.179954
v 0.195374 0.487735 -0.206611
v 0.191054 0.487588 -0.167366
v 0.185991 0.492699 -0.163417
v 0.190822 0.484793 -0.153297
v 0.188918 0.482513 -0.139969
v 0.199741 0.466333 -0.133996
v 0.187431 0.480785 -0.131133
v 0.159096 0.465818 -0.0415855
v 0.173078 0.453095 -0.0402526
v 0.180324 0.449822 -0.0454853
v 0.186456 0.466443 -0.093665
v 0.180324 0.457361 -0.0604427
v 0.170152 0.450447 -0.0333416
v 0.186595 0.399921 0.0133079
v 0.183947 0.383741 0.036756
v 0.175075 0.388191 0.0417912
v 0.170709 0.383594 0.0506768
v 0.18339 0.36951 0.0502819
v 0.189568 0.365722 0.0461353
v 0.195839 0.353366 0.0463821
v 0.198208 0.34318 0.0506274
v 0.197465 0.314424 0.0738287
v 0.176237 0.35333 0.0692872
v 0.176004 0.336488 0.0824182
v 0.153337 0.340018 0.0999919
v 0.150271 0.313321 0.123193
v 0.172195 0.345387 0.079012
v 0.147112 0.320565 0.120429
v 0.140888 0.31413 0.130154
v 0.137033 0.310232 0.135732
v 0.140888 0.300671 0.138249
v 0.148599 0.296663 0.134794
v 0.167272 0.286697 0.124674
v 0.174564 0.282321 0.120922
v 0.17698 0.273312 0.122798
v 0.180231 0.232641 0.137114
v 0.174518 0.374732 0.0543791
v 0.178373 0.364803 0.0585258
v 0.186224 0.199177 0.146246
v 0.192262 0.192742 0.141507
v -0.216548 0.192742 -0.00668477
v -0.217477 0.19333 -0.0200132
v -0.21757 0.219991 -0.0333416
v -0.217384 0.339981 -0.290136
v 0.177305 0.509468 -0.286631
v 0.178513 0.51035 -0.273302
v 0.183622 0.504173 -0.290136
v 0.178699 0.510461 -0.259925
v 0.177677 0.509725 -0.246596
v 0.184319 0.504687 -0.246596
v 0.180928 0.496965 -0.167366
v 0.146044 0.519507 -0.149644
v 0.177862 0.496634 -0.153297
v 0.184505 0.491449 -0.153297
v 0.179999 0.489941 -0.138735
v 0.185434 0.478873 -0.122247
v 0.161465 0.467767 -0.0504711
v 0.152919 0.472989 -0.0473118
v 0.144093 0.478211 -0.0441031
v 0.150178 0.469349 -0.0357111
v 0.146508 0.466517 -0.0268255
v 0.175586 0.495016 -0.142388
v 0.176423 0.482329 -0.113312
v 0.175168 0.468025 -0.0764862
v 0.170709 0.464605 -0.0599491
v 0.152408 0.416138 0.032017
v 0.170105 0.39709 0.0362624
v 0.178931 0.392309 0.0320664
v 0.148506 0.401613 0.0552183
v 0.161791 0.388448 0.0549715
v 0.151804 0.378262 0.0720023
v 0.149435 0.349947 0.0958453
v 0.165692 0.37885 0.0591181
v 0.144186 0.344136 0.104731
v 0.146787 0.373518 0.080098
v 0.135314 0.348476 0.108038
v 0.133827 0.333803 0.12033
v 0.127139 0.31413 0.138249
v 0.119753 0.306407 0.146543
v 0.127835 0.301186 0.145309
v 0.133084 0.293096 0.146543
v 0.131923 0.319094 0.132622
v 0.140331 0.287837 0.144124
v 0.145022 0.27732 0.145506
v 0.147577 0.268421 0.147382
v 0.151339 0.28666 0.136917
v 0.159886 0.27982 0.133214
v 0.153987 0.246798 0.15143
v 0.175493 0.246651 0.134991
v 0.174936 0.216424 0.147925
v 0.177584 0.206679 0.149899
v 0.168898 0.206679 0.156613
v 0.171545 0.196419 0.158637
v 0.179999 0.193367 0.153306
v 0.181625 0.192742 0.15217
v -0.214876 0.192742 0.00605127
v -0.213993 0.206127 0.00718666
v -0.213714 0.219991 0.00333622
v -0.215015 0.219991 -0.00668477
v -0.216641 0.219991 -0.0200132
v -0.217291 0.206679 -0.0200132
v -0.217012 0.233339 -0.0333416
v -0.217198 0.246651 -0.0466207
v -0.217384 0.26 -0.0599491
v -0.21743 0.273312 -0.0732775
v -0.21757 0.233339 -0.0466207
v -0.21757 0.299972 -0.113312
v -0.21743 0.339981 -0.233268
v -0.217384 0.35333 -0.259925
v -0.217337 0.35333 -0.273302
v -0.217245 0.349763 -0.290136
v 0.161326 0.520904 -0.286631
v 0.169223 0.517006 -0.273302
v 0.17698 0.50921 -0.290136
v 0.165135 0.517705 -0.290136
v 0.146973 0.533517 -0.268564
v 0.146973 0.533517 -0.263874
v 0.16272 0.521897 -0.259925
v 0.146416 0.533113 -0.254988
v 0.15329 0.527156 -0.246596
v 0.151339 0.523295 -0.206611
v 0.14688 0.520132 -0.15853
v 0.140934 0.523111 -0.153742
v 0.137079 0.522155 -0.139969
v 0.143768 0.517999 -0.139969
v 0.160908 0.507298 -0.144905
v 0.145626 0.532598 -0.246596
v 0.144232 0.531716 -0.233268
v 0.142746 0.530833 -0.219939
v 0.148692 0.48152 -0.0599491
v 0.146787 0.48005 -0.0529887
v 0.135221 0.481079 -0.0376857
v 0.145765 0.492626 -0.081472
v 0.143118 0.490934 -0.0732775
v 0.136475 0.4952 -0.0732775
v 0.133967 0.493655 -0.0657247
v 0.139773 0.482476 -0.047756
v 0.140888 0.474019 -0.0322556
v 0.137636 0.469827 -0.0224814
v 0.139402 0.456919 -0.00727715
v 0.143443 0.450815 -0.00322926
v 0.146137 0.426214 0.0261426
v 0.147345 0.413895 0.0408039
v 0.149295 0.508659 -0.126641
v 0.161884 0.494759 -0.116373
v 0.152361 0.405768 0.0455429
v 0.143025 0.410512 0.0496895
v 0.134106 0.413821 0.0540336
v 0.138937 0.405842 0.0590688
v 0.134896 0.401171 0.0677075
v 0.143768 0.397016 0.0641039
v 0.147948 0.388154 0.0678063
v 0.140423 0.353661 0.100239
v 0.140656 0.36723 0.0896254
v 0.138565 0.391868 0.0721997
v 0.136661 0.363148 0.0957466
v 0.133363 0.386683 0.0800487
v 0.104935 0.31869 0.145802
v 0.0960169 0.321705 0.147925
v 0.0867268 0.313284 0.15686
v 0.082314 0.308798 0.160858
v 0.091186 0.304569 0.159081
v 0.0956917 0.295706 0.160957
v 0.114504 0.301186 0.150887
v 0.134989 0.255697 0.160957
v 0.13615 0.284196 0.148369
v 0.122354 0.269046 0.160957
v 0.127185 0.207194 0.184553
v 0.133688 0.227198 0.173496
v 0.131273 0.372047 0.0923404
v 0.129136 0.357375 0.104632
v 0.1126 0.33954 0.126303
v 0.112228 0.326485 0.136472
v 0.10029 0.326338 0.142347
v 0.146601 0.239922 0.15992
v 0.145533 0.211423 0.172508
v 0.152779 0.206863 0.168905
v 0.147995 0.202524 0.174335
v 0.166854 0.192742 0.163475
v 0.179302 0.192742 0.154046
v -0.213668 0.192742 0.015085
v -0.212692 0.19333 0.0221935
v -0.212414 0.206127 0.0189848
v -0.212832 0.219991 0.0100004
v -0.213482 0.228706 0.00126291
v -0.213993 0.233229 -0.00643795
v -0.215526 0.233339 -0.0200132
v -0.216223 0.26 -0.0466207
v -0.216548 0.273312 -0.0599491
v -0.216408 0.28666 -0.0732775
v -0.217291 0.28666 -0.0866553
v -0.21743 0.313321 -0.126641
v -0.21743 0.326633 -0.153297
v -0.21743 0.339981 -0.193283
v -0.215572 0.366642 -0.259925
v -0.215572 0.366642 -0.273302
v -0.217245 0.35333 -0.246596
v -0.217198 0.35333 -0.286631
v -0.217105 0.35333 -0.290136
v 0.156031 0.524214 -0.290136
v 0.15329 0.526641 -0.286631
v 0.152175 0.529215 -0.273105
v 0.146137 0.532929 -0.277449
v 0.140981 0.53657 -0.273105
v 0.141167 0.536643 -0.259629
v 0.138937 0.53657 -0.246596
v 0.132202 0.532819 -0.189876
v 0.128207 0.531311 -0.166626
v 0.125466 0.530723 -0.154087
v 0.136104 0.534804 -0.219939
v 0.133595 0.533407 -0.198762
v 0.126628 0.527009 -0.139969
v 0.134478 0.52061 -0.131626
v 0.139355 0.515535 -0.126937
v 0.144604 0.505202 -0.110005
v 0.147205 0.507041 -0.11889
v 0.153755 0.510792 -0.140265
v 0.137544 0.535687 -0.233268
v 0.126442 0.482918 -0.0332922
v 0.130762 0.478726 -0.0288001
v 0.129786 0.49178 -0.0568391
v 0.125838 0.489537 -0.0474105
v 0.135732 0.508034 -0.103094
v 0.132388 0.506195 -0.094208
v 0.132945 0.466407 -0.0135958
v 0.134571 0.454125 0.00111482
v 0.139727 0.446329 0.00624873
v 0.132295 0.426103 0.039323
v 0.126628 0.415697 0.0564524
v 0.118499 0.412461 0.0656836
v 0.126628 0.410254 0.0631166
v 0.092626 0.412828 0.0796044
v 0.126628 0.395472 0.0765438
v 0.117477 0.398377 0.0787652
v 0.0910931 0.345276 0.132227
v 0.0866339 0.340496 0.137953
v 0.0866339 0.324573 0.150097
v 0.0733026 0.317623 0.158785
v 0.0867268 0.300082 0.162734
v 0.0733026 0.31093 0.161747
v 0.0803631 0.280335 0.173446
v 0.0900712 0.210172 0.198672
v 0.100523 0.220542 0.190082
v 0.136104 0.219991 0.175026
v 0.0994077 0.206091 0.1965
v 0.123097 0.203149 0.18791
v 0.131969 0.197596 0.186084
v 0.104285 0.371827 0.105521
v 0.0999652 0.335826 0.135238
v 0.140609 0.206863 0.177494
v 0.139123 0.19322 0.182924
v 0.149992 0.19333 0.175717
v 0.164392 0.192742 0.165301
v -0.212739 0.192742 0.021996
v -0.21116 0.192742 0.0333005
v -0.211485 0.219991 0.0199721
v -0.212785 0.247423 -0.00643795
v -0.212507 0.233229 0.00610064
v -0.214736 0.26 -0.0333416
v -0.212507 0.286366 -0.0338846
v -0.213064 0.290595 -0.0423259
v -0.215201 0.28666 -0.0599491
v -0.213389 0.307437 -0.065626
v -0.212971 0.317035 -0.0732775
v -0.215712 0.313321 -0.0999837
v -0.216826 0.313321 -0.113312
v -0.217105 0.299972 -0.0999837
v -0.213482 0.295118 -0.0512116
v -0.216966 0.326633 -0.139969
v -0.217245 0.339981 -0.179954
v -0.213018 0.384771 -0.259925
v -0.215387 0.366642 -0.246596
v -0.213018 0.384624 -0.273302
v -0.213807 0.376901 -0.290136
v -0.215758 0.363111 -0.290136
v -0.21678 0.35333 -0.219939
v 0.147623 0.530171 -0.290136
v 0.145208 0.532341 -0.286631
v 0.125559 0.544145 -0.272759
v 0.12045 0.546756 -0.26802
v 0.125559 0.544365 -0.260073
v 0.138565 0.536312 -0.286631
v 0.126628 0.542453 -0.246596
v 0.126628 0.537195 -0.206611
v 0.121565 0.533885 -0.166626
v 0.0999652 0.540468 -0.153297
v 0.118731 0.532782 -0.150187
v 0.1139 0.531789 -0.138735
v 0.106468 0.533186 -0.133502
v 0.109859 0.53451 -0.142388
v 0.126303 0.522265 -0.126937
v 0.13053 0.518771 -0.122741
v 0.0942053 0.493655 -0.0260357
v 0.12189 0.480785 -0.0254926
v 0.127417 0.473651 -0.0195195
v 0.107537 0.493655 -0.0390679
v 0.0991755 0.495053 -0.0341314
v 0.101219 0.532046 -0.125406
v 0.130158 0.438422 0.0246617
v 0.127371 0.422941 0.0465795
v 0.112971 0.419779 0.0597599
v 0.0914647 0.425736 0.0654861
v 0.10958 0.414704 0.0682506
v 0.0876094 0.420477 0.0738781
v 0.0837075 0.415182 0.0816777
v 0.0870519 0.406834 0.0868116
v 0.0903964 0.398156 0.0919455
v 0.095413 0.374621 0.107643
v 0.0821747 0.347924 0.1343
v 0.0815243 0.40084 0.0939695
v 0.0797128 0.333252 0.146592
v 0.0745103 0.327956 0.15143
v 0.0638732 0.319094 0.159526
v 0.0831037 0.242937 0.187861
v 0.0596462 0.31413 0.162241
v 0.0466401 0.313321 0.164314
v 0.0733026 0.288242 0.171176
v 0.0733026 0.281586 0.17394
v 0.0733026 0.216056 0.20109
v 0.0811992 0.214438 0.200399
v 0.0945769 0.201273 0.200449
v 0.138565 0.192742 0.183369
v 0.127928 0.192742 0.188749
v 0.138983 0.192742 0.183122
v 0.139216 0.192742 0.182974
v 0.150085 0.192742 0.175816
v -0.207722 0.192742 0.0466289
v -0.211113 0.19333 0.0333005
v -0.21037 0.233339 0.0199721
v -0.211252 0.246651 0.00664365
v -0.211671 0.26 -0.00668477
v -0.21102 0.299972 -0.0333416
v -0.212553 0.299751 -0.0467194
v -0.212367 0.312438 -0.0606895
v -0.211856 0.326633 -0.0732775
v -0.212878 0.327221 -0.0855199
v -0.213157 0.332038 -0.0949979
v -0.213529 0.335421 -0.103883
v -0.215294 0.326633 -0.113312
v -0.216223 0.326633 -0.126641
v -0.213296 0.3466 -0.120075
v -0.215247 0.339981 -0.139969
v -0.216687 0.339981 -0.166626
v -0.216223 0.35333 -0.193283
v -0.21181 0.393265 -0.259925
v -0.211624 0.393265 -0.246596
v -0.212692 0.38227 -0.219939
v -0.211763 0.393265 -0.273302
v -0.211531 0.393265 -0.286631
v -0.211856 0.390507 -0.290136
v -0.213296 0.373408 -0.186372
v -0.214643 0.366642 -0.206611
v 0.144836 0.532083 -0.290136
v 0.143071 0.53315 -0.290136
v 0.138194 0.536092 -0.290136
v 0.129415 0.54021 -0.290136
v 0.126628 0.541938 -0.286631
v 0.0824998 0.56084 -0.259925
v 0.0891887 0.558376 -0.259925
v 0.12045 0.546756 -0.264664
v 0.118917 0.546204 -0.276906
v 0.0999652 0.553963 -0.273302
v 0.0888171 0.558229 -0.273302
v 0.0821282 0.560693 -0.273302
v 0.114272 0.548741 -0.260073
v 0.119381 0.546351 -0.255729
v 0.0999652 0.55275 -0.246596
v 0.0955059 0.547454 -0.193283
v 0.0909073 0.545689 -0.166626
v 0.0885384 0.544807 -0.153297
v 0.080456 0.546756 -0.145893
v 0.101219 0.536864 -0.138735
v 0.0855655 0.54352 -0.140858
v 0.0975962 0.535025 -0.12901
v 0.0866339 0.495126 -0.0235181
v 0.0866339 0.490824 -0.0168539
v 0.0874235 0.504761 -0.0459789
v 0.0866339 0.49976 -0.0333416
v 0.0970388 0.481741 -0.0109795
v 0.105957 0.479608 -0.0137933
v 0.123423 0.428273 0.0421367
v 0.0923937 0.506195 -0.0542228
v 0.0931369 0.533186 -0.120124
v 0.0964349 0.441438 0.0419393
v 0.0858907 0.432906 0.059513
v 0.0825927 0.427758 0.0681518
v 0.092115 0.466039 0.0125674
v 0.0733026 0.423419 0.0762476
v 0.0733026 0.416726 0.0830599
v 0.0733026 0.4086 0.0897241
v 0.0777154 0.386131 0.106261
v 0.0708408 0.334171 0.147283
v 0.0733026 0.401944 0.094858
v 0.0596462 0.325529 0.155576
v 0.0550012 0.320308 0.160167
v 0.0333088 0.313321 0.166042
v 0.0333088 0.301259 0.171077
v 0.0333088 0.294603 0.173841
v 0.0599714 0.290374 0.172064
v 0.0599714 0.233339 0.19571
v 0.0599714 0.218189 0.201979
v 0.0333088 0.219991 0.204743
v 0.0733026 0.206679 0.204743
v 0.08603 0.206091 0.201831
v 0.0866339 0.19333 0.204842
v 0.0964814 0.19333 0.201189
v 0.103031 0.192742 0.198672
v -0.202241 0.192742 0.0605991
v -0.205632 0.206679 0.0466289
v -0.206468 0.233339 0.0333005
v -0.208326 0.219991 0.0333005
v -0.209859 0.206679 0.0333005
v -0.208465 0.246651 0.0199721
v -0.209348 0.26 0.00664365
v -0.209998 0.273312 -0.00668477
v -0.210556 0.28666 -0.0200132
v -0.208558 0.313321 -0.0333416
v -0.210788 0.313321 -0.0466207
v -0.20828 0.299972 -0.0200132
v -0.211438 0.339981 -0.0866553
v -0.212646 0.339908 -0.0996381
v -0.2139 0.338216 -0.113312
v -0.213064 0.344872 -0.113312
v -0.211996 0.35333 -0.113312
v -0.212739 0.353036 -0.125357
v -0.215665 0.35333 -0.179954
v -0.208651 0.406614 -0.259925
v -0.212414 0.380542 -0.193283
v -0.210974 0.393265 -0.219939
v -0.208558 0.406614 -0.273302
v -0.211438 0.393265 -0.290136
v -0.2139 0.367046 -0.181139
v -0.212321 0.378703 -0.181139
v 0.126628 0.54146 -0.290136
v 0.109998 0.547896 -0.290136
v 0.102195 0.550911 -0.290136
v 0.0733026 0.562568 -0.259925
v 0.0811063 0.560325 -0.250249
v 0.0999652 0.552235 -0.286631
v 0.0857049 0.557641 -0.286335
v 0.0805953 0.560141 -0.281694
v 0.0733026 0.562311 -0.273302
v 0.0859836 0.557971 -0.246152
v 0.0842649 0.548153 -0.166626
v 0.081896 0.547271 -0.153297
v 0.0733026 0.548778 -0.153297
v 0.0466401 0.552051 -0.153297
v 0.0333088 0.553669 -0.153297
v 0.0333088 0.551426 -0.139969
v 0.0733026 0.547234 -0.143721
v 0.0733026 0.545652 -0.137056
v 0.0878881 0.537415 -0.125406
v 0.0784586 0.559737 -0.241364
v 0.0723736 0.49623 -0.0192234
v 0.0761826 0.492663 -0.0141882
v 0.0765077 0.506122 -0.0410918
v 0.0725594 0.503878 -0.0345264
v 0.0810134 0.48038 0.000571813
v 0.0859371 0.48358 -0.00658604
v 0.0834753 0.50796 -0.0499774
v 0.0904893 0.518771 -0.0827555
v 0.0815708 0.520537 -0.0784608
v 0.0898854 0.478321 -0.00209387
v 0.100894 0.476519 -0.00658604
v 0.0842649 0.534952 -0.115879
v 0.0803166 0.440077 0.0534906
v 0.0733026 0.428861 0.0695834
v 0.0599714 0.424559 0.0776298
v 0.0466401 0.425699 0.0789627
v 0.03879 0.426398 0.0797031
v 0.0298715 0.427096 0.0805423
v 0.0599714 0.417903 0.0840966
v 0.0266664 0.41327 0.0933277
v 0.0466401 0.411284 0.0917974
v 0.0599714 0.40996 0.0907608
v 0.0466401 0.343254 0.144025
v 0.0333088 0.337922 0.150146
v 0.0333088 0.329207 0.15681
v 0.0466401 0.32119 0.16076
v 0.0333088 0.322514 0.161599
v 0.0199776 0.313321 0.167029
v 0.0199776 0.28666 0.178087
v 0.0199776 0.23025 0.201436
v 0.0199776 0.219991 0.205681
v 0.0333088 0.206679 0.209877
v 0.0599714 0.206679 0.206471
v 0.0733026 0.19333 0.20815
v 0.08603 0.192742 0.205089
v 0.0866339 0.192742 0.204892
v 0.0960169 0.192742 0.201436
v -0.191465 0.192742 0.0866142
v -0.198664 0.206679 0.0634622
v -0.199779 0.225654 0.0528982
v -0.199129 0.233339 0.0512692
v -0.201869 0.233339 0.044605
v -0.20396 0.246651 0.0333005
v -0.197968 0.246651 0.048406
v -0.200662 0.246651 0.0417418
v -0.200011 0.253528 0.0401128
v -0.2054 0.26 0.0199721
v -0.206422 0.273312 0.00664365
v -0.207351 0.28666 -0.00668477
v -0.204517 0.326633 -0.0333416
v -0.207769 0.326633 -0.0466207
v -0.20893 0.35333 -0.0866553
v -0.209673 0.339981 -0.0732775
v -0.210277 0.326633 -0.0599491
v -0.204935 0.313321 -0.0200132
v -0.210927 0.35333 -0.0999837
v -0.210741 0.366642 -0.126641
v -0.211717 0.366642 -0.139969
v -0.212553 0.365906 -0.153149
v -0.213436 0.361015 -0.157493
v -0.203449 0.419926 -0.259925
v -0.210556 0.393265 -0.206611
v -0.208187 0.406614 -0.246596
v -0.203309 0.419926 -0.273302
v -0.208047 0.406614 -0.286631
v -0.208883 0.403047 -0.290136
v -0.212785 0.369547 -0.166626
v -0.211345 0.37999 -0.166626
v -0.210045 0.393265 -0.193283
v 0.0999652 0.551757 -0.290136
v 0.0466401 0.565841 -0.259925
v 0.0466401 0.564333 -0.246596
v 0.0737207 0.56095 -0.246152
v 0.0896996 0.555618 -0.290136
v 0.0859371 0.557015 -0.290136
v 0.0778548 0.559369 -0.290136
v 0.0766471 0.559663 -0.290136
v 0.0466401 0.565583 -0.273302
v 0.0707479 0.560398 -0.290136
v 0.0501703 0.562936 -0.290136
v 0.0333088 0.565473 -0.286631
v 0.0466401 0.553816 -0.166626
v 0.0695866 0.560288 -0.237217
v 0.0599714 0.555692 -0.193283
v 0.0286174 0.560178 -0.19812
v 0.0199776 0.554588 -0.153297
v 0.0199776 0.552345 -0.139969
v 0.0333088 0.5483 -0.129158
v 0.0553263 0.546866 -0.132663
v 0.0641983 0.546278 -0.134588
v 0.0733026 0.541938 -0.126641
v 0.0599714 0.498473 -0.0200132
v 0.0673105 0.493361 -0.0132009
v 0.0599714 0.504467 -0.0318607
v 0.0733026 0.481116 0.00150974
v 0.0733026 0.469349 0.0168621
v 0.0733026 0.440666 0.0542804
v 0.0599714 0.510608 -0.0466207
v 0.0675892 0.50671 -0.0396603
v 0.0788767 0.533113 -0.106993
v 0.0700046 0.533701 -0.105562
v 0.0733026 0.435554 0.0609446
v 0.0599714 0.429891 0.0709656
v 0.0466401 0.430921 0.0722984
v 0.0339127 0.431178 0.0744705
v 0.0199776 0.427391 0.0808879
v 0.032705 0.419852 0.0865648
v 0.0333088 0.45041 0.0495414
v 0.0333088 0.484205 0.00550827
v 0.0333088 0.495972 -0.0098441
v 0.0199776 0.496524 -0.00910363
v 0.0199776 0.484756 0.00624873
v 0.0199776 0.479645 0.0129129
v 0.0199776 0.433311 0.0732857
v 0.0199776 0.419999 0.0875521
v 0.0199776 0.413343 0.0933771
v 0.0199776 0.345313 0.145605
v 0.0199776 0.329942 0.157354
v 0.0286638 0.36039 0.133609
v 0.0332159 0.354359 0.137558
v 0.0199776 0.323249 0.162092
v 0.00669277 0.322661 0.161698
v 0.00669277 0.313321 0.166239
v 0.00669277 0.219991 0.204892
v 0.00669277 0.206679 0.210025
v 0.0199776 0.206679 0.210766
v 0.0199776 0.199435 0.213234
v 0.0344701 0.194323 0.212839
v 0.0726988 0.192742 0.208298
v 0.0733026 0.192742 0.208199
v 0.0599714 0.19333 0.209828
v 0.0591817 0.192742 0.210025
v -0.187888 0.192742 0.0948087
v -0.186912 0.201237 0.093772
v -0.189421 0.233928 0.0743224
v -0.192301 0.219991 0.0732857
v -0.19323 0.246651 0.0599573
v -0.186773 0.266987 0.066819
v -0.192301 0.273312 0.0466289
v -0.198804 0.262427 0.0367066
v -0.201219 0.258786 0.0327081
v -0.202566 0.287065 0.00728538
v -0.203217 0.301222 -0.00545066
v -0.206886 0.339981 -0.0599491
v -0.201219 0.325934 -0.0210992
v -0.19885 0.329869 -0.0173475
v -0.192347 0.339981 -0.00668477
v -0.196806 0.338841 -0.0210992
v -0.191372 0.35333 -0.0200132
v -0.199733 0.345975 -0.040845
v -0.204842 0.366642 -0.0866553
v -0.205911 0.35333 -0.0732775
v -0.207629 0.366642 -0.0999837
v -0.201359 0.313321 -0.00944918
v -0.20029 0.320969 -0.0124604
v -0.209394 0.366642 -0.113312
v -0.210231 0.37999 -0.153297
v -0.197271 0.433863 -0.259925
v -0.200151 0.42706 -0.273302
v -0.207629 0.406614 -0.233268
v -0.207025 0.406614 -0.219939
v -0.202334 0.421029 -0.247139
v -0.202195 0.420919 -0.285298
v -0.202241 0.420146 -0.290136
v -0.203913 0.416175 -0.290136
v -0.207862 0.406614 -0.290136
v -0.209348 0.393265 -0.179954
v 0.0333088 0.567459 -0.259925
v 0.0333088 0.565951 -0.246596
v 0.0333088 0.564223 -0.233268
v 0.0333088 0.567201 -0.273302
v 0.0333088 0.564995 -0.290136
v 0.0235078 0.565657 -0.290136
v 0.0199776 0.566356 -0.286631
v 0.0199776 0.568121 -0.273302
v 0.0199776 0.566871 -0.246596
v 0.0199776 0.561612 -0.206611
v 0.00669277 0.553816 -0.153297
v 0.0110127 0.560215 -0.197725
v 0.00669277 0.551573 -0.139969
v 0.00669277 0.548374 -0.128961
v 0.0199776 0.548778 -0.128023
v 0.0293606 0.533628 -0.0924309
v 0.0333088 0.514138 -0.0466207
v 0.0739994 0.535908 -0.112177
v 0.0269451 0.506636 -0.0265787
v 0.0321476 0.503106 -0.0212967
v 0.0466401 0.500348 -0.0200132
v 0.0466401 0.505349 -0.029738
v 0.0563947 0.453757 0.0406064
v 0.0599714 0.436584 0.0622774
v 0.0599714 0.507225 -0.0384755
v 0.00971204 0.42717 0.0805917
v 0.0129171 0.413343 0.0933771
v 0.0199776 0.50318 -0.0198157
v 0.00669277 0.496046 -0.009696
v 0.00669277 0.329317 0.156909
v 0.0109198 0.360464 0.133659
v -0.00663849 0.3213 0.160809
v -0.0153712 0.320418 0.160217
v -0.0242896 0.319241 0.159575
v -0.0198769 0.314203 0.162339
v -0.033301 0.311151 0.161846
v -0.0199698 0.283902 0.174927
v -0.0199698 0.233339 0.195858
v -0.0199698 0.218373 0.202028
v -0.033301 0.21624 0.20114
v -0.033301 0.206679 0.204892
v -0.0199698 0.206679 0.206619
v 0.00669277 0.196603 0.212839
v 0.0105946 0.192742 0.21358
v 0.0196989 0.192742 0.214073
v 0.0199776 0.192779 0.214073
v 0.0202563 0.192742 0.214073
v 0.0329372 0.192742 0.213234
v 0.0347024 0.192742 0.213037
v 0.0355385 0.192742 0.212938
v 0.0460362 0.192742 0.211654
v -0.187656 0.192742 0.0953023
v -0.187609 0.19333 0.0952036
v -0.185798 0.210136 0.0917974
v -0.186355 0.238782 0.0794563
v -0.183522 0.192742 0.101967
v -0.183429 0.19333 0.101868
v -0.186634 0.320013 0.0266856
v -0.176415 0.26 0.0839978
v -0.162526 0.273312 0.0966351
v -0.160947 0.282027 0.0946112
v -0.172884 0.278938 0.0793082
v -0.175346 0.28666 0.0697809
v -0.193415 0.28666 0.0333005
v -0.198711 0.301222 0.00728538
v -0.188352 0.339282 0.00615
v -0.187191 0.347851 0.00136164
v -0.18812 0.352705 -0.00772142
v -0.187841 0.363148 -0.0200132
v -0.192812 0.37999 -0.0599491
v -0.193926 0.366642 -0.0466207
v -0.195041 0.35333 -0.0333416
v -0.197039 0.379034 -0.0741167
v -0.200197 0.373959 -0.0791025
v -0.19165 0.393265 -0.0732775
v -0.201173 0.37635 -0.0866553
v -0.202334 0.380652 -0.100132
v -0.204889 0.37999 -0.113312
v -0.206979 0.37999 -0.126641
v -0.19899 0.313321 -0.00278497
v -0.191976 0.326633 0.00664365
v -0.208744 0.37999 -0.139969
v -0.208094 0.393265 -0.166626
v -0.191604 0.446586 -0.259925
v -0.191465 0.446586 -0.273302
v -0.199965 0.426618 -0.280016
v -0.206329 0.406614 -0.206611
v -0.205586 0.406614 -0.193283
v -0.202473 0.418896 -0.233268
v -0.193741 0.433274 -0.193283
v -0.190907 0.446586 -0.246596
v -0.201266 0.422389 -0.290136
v -0.204656 0.406614 -0.179954
v 0.0199776 0.568341 -0.259925
v 0.0199776 0.565878 -0.290136
v 0.00669277 0.56562 -0.286631
v 0.00669277 0.567349 -0.273302
v 0.00669277 0.567606 -0.259925
v 0.00669277 0.566098 -0.246596
v 0.00669277 0.557346 -0.179954
v -0.00663849 0.552198 -0.153297
v -0.033301 0.547307 -0.143424
v 0.00669277 0.56437 -0.233268
v -0.0246148 0.546314 -0.134391
v -0.0156963 0.546903 -0.132515
v -0.0200627 0.544255 -0.12748
v 0.00669277 0.541902 -0.113312
v 0.0102694 0.533665 -0.0923322
v 0.0126384 0.506673 -0.0264799
v 0.0199776 0.533848 -0.0918879
v 0.0199776 0.515094 -0.0466207
v 0.0199776 0.50671 -0.0264799
v 0.00669277 0.484278 0.00565636
v 0.00669277 0.4674 0.0276729
v 0.00669277 0.438717 0.0650419
v 0.00585666 0.431288 0.0745199
v 0.00084002 0.426471 0.0798018
v -0.033301 0.416873 0.0831586
v 0.00687857 0.419926 0.0866635
v -0.0199698 0.41007 0.0908595
v -0.033301 0.402091 0.0949568
v 0.00655342 0.365612 0.129068
v 0.00757533 0.503216 -0.0212473
v -0.00663849 0.495053 -0.0110288
v 0.00669277 0.338032 0.150245
v -0.033301 0.334024 0.147184
v -0.0198769 0.325566 0.155675
v -0.033301 0.326633 0.152763
v -0.033301 0.317807 0.158884
v -0.0426375 0.308945 0.160908
v -0.0405473 0.280482 0.173496
v -0.033301 0.299972 0.166486
v -0.033301 0.281769 0.174039
v -0.033301 0.273312 0.177544
v -0.033301 0.233339 0.194081
v -0.03567 0.251947 0.186034
v -0.0414298 0.214585 0.200449
v -0.0461678 0.206348 0.201979
v -0.033301 0.19333 0.208347
v -0.00366567 0.192742 0.212099
v 0.00399865 0.192742 0.213037
v 0.00669277 0.192742 0.213333
v -0.181896 0.206054 0.0989059
v -0.176786 0.19333 0.111148
v -0.177948 0.246798 0.0874534
v -0.177158 0.192742 0.110852
v -0.179713 0.326044 0.0328562
v -0.175068 0.339981 0.0293513
v -0.181849 0.339282 0.0191329
v -0.185147 0.343254 0.0102473
v -0.187005 0.334392 0.0140977
v -0.187841 0.325345 0.0191329
v -0.19453 0.299972 0.0199721
v -0.177158 0.3131 0.046777
v -0.171305 0.26 0.0907114
v -0.159971 0.192742 0.133313
v -0.159785 0.226095 0.119738
v -0.15737 0.273312 0.103299
v -0.148266 0.28666 0.108384
v -0.146779 0.293537 0.106755
v -0.15881 0.290926 0.0915506
v -0.17098 0.28666 0.0764451
v -0.184822 0.356713 -0.00396972
v -0.18682 0.360353 -0.0128553
v -0.182221 0.352705 0.00615
v -0.186912 0.400546 -0.0658235
v -0.187934 0.402716 -0.0732775
v -0.19467 0.393265 -0.0866553
v -0.198618 0.383006 -0.0866553
v -0.199547 0.38558 -0.0957877
v -0.191558 0.406614 -0.0999837
v -0.195181 0.419926 -0.153297
v -0.202566 0.407496 -0.16633
v -0.206189 0.393265 -0.153297
v -0.187609 0.454934 -0.259925
v -0.187563 0.454823 -0.273302
v -0.18668 0.453352 -0.225863
v -0.186912 0.453683 -0.233268
v -0.187284 0.454345 -0.246596
v -0.187191 0.454125 -0.286631
v -0.19035 0.446917 -0.290136
v -0.192068 0.443056 -0.290136
v -0.200894 0.415329 -0.179954
v -0.192951 0.433274 -0.179954
v -0.20043 0.414336 -0.170575
v 0.00669277 0.565142 -0.290136
v -0.0164395 0.562311 -0.290136
v -0.033301 0.562458 -0.273302
v -0.00663849 0.565731 -0.273302
v -0.00663849 0.565988 -0.259925
v -0.00663849 0.56448 -0.246596
v -0.00663849 0.553963 -0.166626
v -0.033301 0.548925 -0.153297
v -0.0406402 0.546792 -0.145695
v -0.033301 0.545726 -0.13676
v -0.0199698 0.555839 -0.193283
v -0.033301 0.542122 -0.126641
v -0.03423 0.536018 -0.112078
v 0.00669277 0.514285 -0.0466207
v 0.00757533 0.508622 -0.0327492
v -0.00663849 0.505423 -0.0295405
v 0.00376639 0.506085 -0.0278621
v -0.0326043 0.49634 -0.0191246
v -0.0199698 0.49862 -0.0200132
v -0.033301 0.476115 0.00832204
v -0.00663849 0.431031 0.0723972
v -0.033301 0.428972 0.0697315
v -0.033301 0.423529 0.0763957
v -0.044124 0.415292 0.0817764
v -0.033301 0.408747 0.0898228
v -0.0381319 0.386242 0.10636
v -0.033301 0.356051 0.130302
v -0.0224781 0.372488 0.119343
v -0.00663849 0.343364 0.144124
v -0.00663849 0.500532 -0.0200132
v -0.0199698 0.494023 -0.0123617
v -0.033301 0.481226 0.00165783
v -0.0400363 0.333362 0.146641
v -0.0453317 0.326485 0.149554
v -0.046911 0.313357 0.157156
v -0.0515096 0.304973 0.159279
v -0.0434737 0.243084 0.18791
v -0.0503019 0.210577 0.19882
v -0.0466323 0.19333 0.205188
v -0.0549934 0.201678 0.200597
v -0.033301 0.192742 0.208396
v -0.0199233 0.192742 0.210075
v -0.0466323 0.192742 0.205286
v -0.0339049 0.192742 0.208298
v -0.176833 0.192742 0.111296
v -0.164895 0.192742 0.126896
v -0.168797 0.3131 0.059513
v -0.166335 0.352705 0.0328562
v -0.173349 0.346747 0.026735
v -0.175346 0.352043 0.0190341
v -0.173674 0.360574 0.0139496
v -0.155791 0.192742 0.138595
v -0.157742 0.206679 0.1304
v -0.156348 0.220984 0.126254
v -0.156487 0.246651 0.115443
v -0.14808 0.257021 0.121465
v -0.150728 0.273312 0.111346
v -0.146222 0.265884 0.11959
v -0.147615 0.308209 0.0945125
v -0.149288 0.298795 0.0993502
v -0.144225 0.273312 0.11801
v -0.139626 0.287175 0.11564
v -0.132566 0.291956 0.119343
v -0.106367 0.306224 0.133066
v -0.120256 0.306959 0.120231
v -0.14297 0.302399 0.103398
v -0.143528 0.35333 0.0638571
v -0.146454 0.346416 0.0664734
v -0.147383 0.361126 0.0541817
v -0.156906 0.300744 0.0869103
v -0.159507 0.305709 0.0792588
v -0.161736 0.296846 0.082665
v -0.184543 0.369804 -0.0200132
v -0.186355 0.372709 -0.0274672
v -0.175532 0.363406 0.00664365
v -0.175439 0.416212 -0.0623679
v -0.184358 0.409409 -0.0732775
v -0.185891 0.411946 -0.0828048
v -0.180224 0.406834 -0.0596529
v -0.189003 0.407129 -0.0870008
v -0.186634 0.426618 -0.119878
v -0.189235 0.434046 -0.153199
v -0.183104 0.461626 -0.259925
v -0.182964 0.461516 -0.273302
v -0.186309 0.45269 -0.216978
v -0.175811 0.469643 -0.246596
v -0.176415 0.470415 -0.259925
v -0.188306 0.443056 -0.179954
v -0.187052 0.453977 -0.290136
v -0.19165 0.433274 -0.166626
v -0.187702 0.441879 -0.166626
v -0.187098 0.440739 -0.157543
v -0.0366919 0.55981 -0.290136
v -0.0331152 0.560729 -0.286532
v -0.0377603 0.559663 -0.290136
v -0.040826 0.560215 -0.28204
v -0.0424982 0.560766 -0.273302
v -0.033301 0.562715 -0.259925
v -0.0339513 0.561024 -0.245905
v -0.0388751 0.559773 -0.240969
v -0.033301 0.555949 -0.206611
v -0.033301 0.55069 -0.166626
v -0.0422195 0.547344 -0.153297
v -0.0489083 0.545027 -0.153297
v -0.0599635 0.540909 -0.153297
v -0.0791476 0.532929 -0.149003
v -0.0457033 0.543777 -0.140709
v -0.0413369 0.560362 -0.249854
v -0.0466323 0.538776 -0.126641
v -0.0392931 0.53315 -0.106845
v -0.0368777 0.506195 -0.0409437
v -0.033301 0.514543 -0.0599491
v -0.0199698 0.50454 -0.0316632
v -0.036599 0.492736 -0.0140894
v -0.0276805 0.493435 -0.0131515
v -0.0327901 0.503989 -0.0344276
v -0.0466323 0.49531 -0.0232219
v -0.0405008 0.440151 0.0535893
v -0.0429162 0.427832 0.0682506
v -0.0479329 0.420588 0.0740262
v -0.052996 0.413086 0.0798018
v -0.0473755 0.407018 0.0869597
v -0.041755 0.400914 0.0940682
v -0.0424982 0.348034 0.13435
v -0.0513702 0.345534 0.132424
v -0.0489083 0.330825 0.144716
v -0.0564333 0.321962 0.148122
v -0.0605209 0.314056 0.150936
v -0.080123 0.306775 0.146691
v -0.0854183 0.298759 0.147876
v -0.0560617 0.296111 0.161105
v -0.0542501 0.267575 0.173693
v -0.0523457 0.239076 0.186232
v -0.0568514 0.230214 0.188108
v -0.0570836 0.19333 0.201436
v -0.0596384 0.206348 0.196796
v -0.0740845 0.207451 0.190378
v -0.0835139 0.203517 0.188058
v -0.0923859 0.198332 0.186232
v -0.0874157 0.193661 0.189243
v -0.088995 0.192742 0.188799
v -0.057223 0.192742 0.201436
v -0.160854 0.33509 0.0546753
v -0.162201 0.36381 0.0300424
v -0.171119 0.355646 0.0228352
v -0.157927 0.32928 0.0635609
v -0.159274 0.358662 0.038928
v -0.161876 0.376203 0.0170596
v -0.1596 0.372709 0.0259452
v -0.147987 0.192742 0.147974
v -0.147894 0.19333 0.147925
v -0.155187 0.19322 0.139138
v -0.148916 0.219991 0.135732
v -0.147383 0.228522 0.134053
v -0.137582 0.273312 0.123243
v -0.14664 0.200023 0.146641
v -0.140462 0.233119 0.137706
v -0.150263 0.366016 0.0464314
v -0.157556 0.313321 0.0763463
v -0.117887 0.289455 0.131684
v -0.108969 0.297324 0.13509
v -0.101119 0.314277 0.130697
v -0.10307 0.329942 0.117368
v -0.104602 0.344615 0.105076
v -0.105949 0.359287 0.0927847
v -0.107529 0.321043 0.120774
v -0.112499 0.312181 0.123144
v -0.105438 0.278055 0.145852
v -0.102512 0.28666 0.144025
v -0.0999109 0.299862 0.139928
v -0.0890415 0.302362 0.144815
v -0.097449 0.310489 0.13588
v -0.116447 0.315858 0.116825
v -0.125273 0.311739 0.112086
v -0.134934 0.37521 0.054774
v -0.143806 0.370025 0.0507262
v -0.148126 0.375393 0.0418405
v -0.177715 0.380431 -0.0198651
v -0.175857 0.403819 -0.0466207
v -0.175253 0.376276 -0.00949855
v -0.172188 0.425111 -0.0700688
v -0.177019 0.420367 -0.074018
v -0.17321 0.413123 -0.0534823
v -0.161365 0.428751 -0.0505205
v -0.163548 0.431472 -0.0599491
v -0.158764 0.438165 -0.0599491
v -0.186959 0.413858 -0.0916905
v -0.176972 0.431362 -0.0999837
v -0.179898 0.433127 -0.113658
v -0.177529 0.447285 -0.140216
v -0.186169 0.439011 -0.148657
v -0.176322 0.470268 -0.273302
v -0.182267 0.460817 -0.286631
v -0.185798 0.451808 -0.206611
v -0.184358 0.449712 -0.179954
v -0.177669 0.458611 -0.179954
v -0.178412 0.459493 -0.193283
v -0.181942 0.458648 -0.220828
v -0.17033 0.476335 -0.246596
v -0.164291 0.485161 -0.259925
v -0.182314 0.460302 -0.290136
v -0.183475 0.448535 -0.166626
v -0.182546 0.44574 -0.153199
v -0.0460284 0.55731 -0.290136
v -0.0491871 0.55845 -0.273302
v -0.0429162 0.560913 -0.259925
v -0.0447743 0.548227 -0.166626
v -0.0514167 0.54591 -0.166626
v -0.0528566 0.546425 -0.174475
v -0.0544359 0.547013 -0.18336
v -0.0599635 0.542674 -0.166626
v -0.0741309 0.535466 -0.153396
v -0.0866261 0.527523 -0.139969
v -0.0762212 0.531716 -0.139969
v -0.0695323 0.5344 -0.139969
v -0.0599635 0.538188 -0.139969
v -0.0857435 0.53098 -0.153396
v -0.0668846 0.53337 -0.133058
v -0.0495587 0.558597 -0.259925
v -0.0461213 0.558192 -0.245905
v -0.0588023 0.534547 -0.127825
v -0.0535534 0.53337 -0.11973
v -0.0466323 0.534657 -0.11662
v -0.0418479 0.52061 -0.078362
v -0.0466323 0.500128 -0.0333416
v -0.0438453 0.508034 -0.0498294
v -0.0466323 0.491045 -0.0165577
v -0.0411976 0.480454 0.000670543
v -0.0546217 0.493803 -0.0257888
v -0.0460749 0.4838 -0.00643795
v -0.0517883 0.42592 0.065733
v -0.0599635 0.417315 0.0712124
v -0.0866261 0.395876 0.07684
v -0.0916892 0.372305 0.0925379
v -0.0720871 0.379696 0.0962896
v -0.0599635 0.388889 0.0950555
v -0.0625648 0.357412 0.11801
v -0.055783 0.374879 0.107841
v -0.0536463 0.360206 0.120133
v -0.0506735 0.398413 0.092143
v -0.0699968 0.414888 0.0684974
v -0.0788689 0.412681 0.0659304
v -0.0952658 0.401392 0.067905
v -0.0468181 0.352815 0.128821
v -0.0605209 0.326485 0.142692
v -0.092293 0.319351 0.132819
v -0.0653053 0.318984 0.146
v -0.0588487 0.353109 0.123095
v -0.086208 0.313063 0.139878
v -0.0934543 0.2935 0.146691
v -0.0916427 0.265001 0.159279
v -0.0649802 0.291661 0.159279
v -0.0701826 0.216865 0.188108
v -0.0607532 0.2208 0.190378
v -0.0640976 0.192742 0.198721
v -0.0874157 0.207451 0.18485
v -0.100886 0.207304 0.177889
v -0.108411 0.203259 0.174631
v -0.099307 0.193661 0.183369
v -0.0936865 0.192742 0.186873
v -0.0940117 0.227603 0.173693
v -0.0966129 0.219991 0.175273
v -0.157602 0.367634 0.034041
v -0.156534 0.353845 0.0467276
v -0.157138 0.380358 0.02091
v -0.158949 0.385028 0.0112839
v -0.158067 0.410365 -0.0200132
v -0.159832 0.413049 -0.0269736
v -0.150681 0.379917 0.0330537
v -0.147755 0.38797 0.0284134
v -0.139208 0.192742 0.155083
v -0.132984 0.226058 0.146395
v -0.131962 0.197265 0.158933
v -0.11301 0.207304 0.169448
v -0.1295 0.206679 0.157057
v -0.139858 0.205355 0.149653
v -0.113381 0.285667 0.136719
v -0.0941975 0.334024 0.120528
v -0.0956839 0.348733 0.108236
v -0.0989354 0.392199 0.0724959
v -0.107204 0.373959 0.080493
v -0.107993 0.269156 0.147678
v -0.107018 0.240657 0.160217
v -0.105903 0.212158 0.172805
v -0.104231 0.249556 0.15839
v -0.0953123 0.256102 0.161105
v -0.0958232 0.28666 0.148122
v -0.108365 0.388595 0.0681518
v -0.122207 0.388852 0.0553171
v -0.131079 0.384035 0.0510717
v -0.139626 0.379733 0.0464314
v -0.144364 0.384256 0.037299
v -0.159878 0.439857 -0.0668107
v -0.173628 0.427023 -0.0789544
v -0.159135 0.425331 -0.0416348
v -0.156209 0.433237 -0.0462751
v -0.151564 0.447322 -0.0599491
v -0.149241 0.442982 -0.0466207
v -0.17609 0.443571 -0.126641
v -0.175207 0.455743 -0.153297
v -0.164152 0.485051 -0.273302
v -0.163455 0.484168 -0.286631
v -0.173953 0.47093 -0.290136
v -0.175393 0.469165 -0.290136
v -0.177297 0.466774 -0.290136
v -0.176786 0.457618 -0.166626
v -0.171491 0.464311 -0.166626
v -0.159321 0.479167 -0.166626
v -0.159785 0.479719 -0.175018
v -0.157463 0.490199 -0.233268
v -0.15816 0.491081 -0.246596
v -0.158764 0.491817 -0.259925
v -0.158671 0.491707 -0.273302
v -0.0564333 0.553522 -0.290136
v -0.0599635 0.554441 -0.273302
v -0.0808662 0.54694 -0.269205
v -0.0599635 0.552235 -0.290136
v -0.0599635 0.551463 -0.233268
v -0.0583842 0.548558 -0.206611
v -0.062797 0.545101 -0.193283
v -0.0875551 0.53554 -0.193184
v -0.0976813 0.522375 -0.139969
v -0.0948478 0.520794 -0.131231
v -0.0910853 0.532414 -0.179954
v -0.0888092 0.531532 -0.166626
v -0.101211 0.523442 -0.152458
v -0.0865332 0.522596 -0.12669
v -0.0721335 0.529031 -0.127825
v -0.0642834 0.518955 -0.0956396
v -0.0808662 0.54694 -0.262985
v -0.0599635 0.554699 -0.259925
v -0.0599635 0.553191 -0.246596
v -0.0507199 0.518955 -0.0823112
v -0.0599635 0.500422 -0.0466207
v -0.0527637 0.506379 -0.0538279
v -0.0476542 0.504982 -0.0458802
v -0.0594061 0.495347 -0.0338846
v -0.0823062 0.480969 -0.0252458
v -0.0574552 0.481925 -0.0107327
v -0.0911782 0.47891 -0.0284545
v -0.0634938 0.491854 -0.0298367
v -0.086719 0.483212 -0.0330948
v -0.0501161 0.478505 -0.00184705
v -0.052485 0.466223 0.0128142
v -0.0546682 0.453941 0.0275248
v -0.0599635 0.423971 0.0632154
v -0.0936865 0.38694 0.0801968
v -0.0674885 0.33384 0.133708
v -0.0733877 0.419962 0.0600067
v -0.0866261 0.415991 0.0568474
v -0.0944762 0.414005 0.0542804
v -0.0866261 0.410585 0.0635116
v -0.099307 0.406136 0.0593649
v -0.108922 0.40198 0.0556132
v -0.104138 0.397494 0.0644989
v -0.103302 0.219991 0.171176
v -0.110594 0.19333 0.176161
v -0.115658 0.233339 0.156662
v -0.118305 0.223558 0.158686
v -0.133076 0.192742 0.159772
v -0.100236 0.192742 0.182974
v -0.0995393 0.192742 0.183418
v -0.0982387 0.192742 0.184208
v -0.110687 0.192742 0.17626
v -0.149566 0.39275 0.018886
v -0.146919 0.400289 0.0137521
v -0.147197 0.440592 -0.0391173
v -0.135445 0.388558 0.0421861
v -0.139347 0.392714 0.03256
v -0.143203 0.396869 0.0226377
v -0.15658 0.446329 -0.0720927
v -0.161318 0.441695 -0.0756964
v -0.160157 0.466848 -0.132712
v -0.149938 0.432906 -0.0341808
v -0.145432 0.452249 -0.0555063
v -0.147569 0.454198 -0.0643919
v -0.17386 0.454014 -0.144856
v -0.156162 0.475012 -0.139969
v -0.170051 0.462398 -0.153297
v -0.157974 0.490824 -0.286631
v -0.165034 0.481778 -0.290136
v -0.163409 0.470893 -0.153297
v -0.158113 0.477549 -0.153297
v -0.146408 0.493067 -0.161245
v -0.151703 0.487809 -0.166083
v -0.147755 0.494317 -0.179954
v -0.155419 0.485492 -0.179658
v -0.155233 0.487588 -0.193283
v -0.148591 0.495163 -0.193283
v -0.151517 0.498546 -0.246596
v -0.152121 0.499392 -0.259925
v -0.152028 0.499245 -0.273302
v -0.0858364 0.544439 -0.2735
v -0.0999573 0.538041 -0.259925
v -0.0858364 0.54466 -0.259086
v -0.0836997 0.543078 -0.290136
v -0.0762676 0.545174 -0.233268
v -0.0866261 0.541166 -0.233268
v -0.10646 0.519801 -0.147472
v -0.104324 0.518441 -0.139969
v -0.0995393 0.516013 -0.12669
v -0.104974 0.505496 -0.109264
v -0.104463 0.478542 -0.0433626
v -0.0961019 0.508218 -0.102699
v -0.0942904 0.493803 -0.0653298
v -0.0927575 0.506379 -0.0938131
v -0.0909459 0.518955 -0.122346
v -0.0925717 0.532966 -0.188692
v -0.0939188 0.533554 -0.197577
v -0.0950336 0.534179 -0.206611
v -0.101722 0.530392 -0.206611
v -0.0866261 0.500422 -0.0732775
v -0.0860687 0.489831 -0.0471637
v -0.0797514 0.546498 -0.2541
v -0.0785437 0.54602 -0.246596
v -0.067953 0.493803 -0.038673
v -0.086719 0.475269 -0.0204575
v -0.106925 0.466848 -0.0263318
v -0.0986567 0.468834 -0.0211486
v -0.0933149 0.466627 -0.013349
v -0.095591 0.481226 -0.0373401
v -0.100004 0.475968 -0.0330948
v -0.0743632 0.450079 0.0201695
v -0.0927111 0.426324 0.0395698
v -0.103348 0.410843 0.0501338
v -0.0948942 0.454308 0.00136164
v -0.0963806 0.442026 0.0160229
v -0.100097 0.446586 0.00664365
v -0.105253 0.438864 0.0119256
v -0.107761 0.414263 0.0412482
v -0.112778 0.406136 0.0460365
v -0.143528 0.437135 -0.030281
v -0.138511 0.445299 -0.03502
v -0.133495 0.453426 -0.039759
v -0.142552 0.449638 -0.0466207
v -0.133169 0.413159 0.0131598
v -0.157927 0.450631 -0.0866553
v -0.159321 0.452433 -0.0953434
v -0.140601 0.457949 -0.0599491
v -0.146826 0.466774 -0.0928752
v -0.119466 0.466186 -0.040845
v -0.147848 0.481153 -0.130294
v -0.14952 0.483065 -0.139969
v -0.151099 0.498031 -0.290136
v -0.157742 0.490603 -0.290136
v -0.151424 0.485345 -0.153297
v -0.147058 0.493692 -0.170131
v -0.145107 0.492001 -0.153297
v -0.138465 0.497075 -0.153297
v -0.141159 0.49748 -0.166083
v -0.135817 0.508401 -0.219939
v -0.138279 0.51013 -0.246596
v -0.144921 0.505202 -0.246596
v -0.14599 0.506048 -0.259925
v -0.145804 0.505901 -0.273302
v -0.101258 0.536901 -0.274438
v -0.0866261 0.541938 -0.290136
v -0.0987961 0.536312 -0.290136
v -0.0991677 0.536533 -0.286631
v -0.107343 0.533775 -0.259925
v -0.106832 0.53337 -0.252323
v -0.100886 0.536165 -0.247386
v -0.0981458 0.535908 -0.233268
v -0.0866261 0.542895 -0.246596
v -0.107389 0.533812 -0.270736
v -0.107296 0.520389 -0.156358
v -0.124251 0.509652 -0.166626
v -0.121278 0.507592 -0.144165
v -0.113985 0.511343 -0.139821
v -0.104835 0.53212 -0.233268
v -0.109898 0.5091 -0.126641
v -0.107622 0.507335 -0.11815
v -0.106182 0.49292 -0.0807315
v -0.109851 0.469091 -0.0333416
v -0.100004 0.482881 -0.0473118
v -0.097031 0.495457 -0.0732775
v -0.107204 0.48038 -0.0522482
v -0.0901563 0.491964 -0.0564442
v -0.0966593 0.535025 -0.219939
v -0.12583 0.445887 -0.0209511
v -0.109247 0.442284 0.00304004
v -0.1066 0.426545 0.0265869
v -0.103813 0.451146 -0.00278497
v -0.129686 0.450043 -0.0308734
v -0.121882 0.468061 -0.0497306
v -0.131311 0.465083 -0.0599491
v -0.135585 0.468356 -0.0757457
v -0.139998 0.4699 -0.0876919
v -0.135538 0.494979 -0.139969
v -0.139719 0.486411 -0.127085
v -0.14585 0.47924 -0.121408
v -0.142181 0.489721 -0.139969
v -0.14455 0.504945 -0.286631
v -0.144225 0.504687 -0.290136
v -0.132937 0.506342 -0.188642
v -0.128942 0.516822 -0.246596
v -0.10948 0.521971 -0.179954
v -0.139301 0.510902 -0.259925
v -0.139115 0.510755 -0.273302
v -0.137582 0.509652 -0.290136
v -0.105857 0.532745 -0.286631
v -0.106553 0.533223 -0.279621
v -0.105438 0.532525 -0.290136
v -0.113289 0.527487 -0.286631
v -0.121603 0.521088 -0.290136
v -0.129825 0.517448 -0.273302
v -0.126109 0.50215 -0.139821
v -0.118909 0.505791 -0.135279
v -0.118073 0.491817 -0.0999837
v -0.113289 0.527009 -0.290136
f 1 2 3
f 1 3 4
f 1 4 5
f 1 5 6
f 1 6 7
f 1 7 32
f 1 32 55
f 1 55 88
f 1 88 123
f 1 123 152
f 1 152 188
f 1 188 234
f 1 234 280
f 1 280 329
f 1 329 328
f 1 328 327
f 1 327 326
f 1 326 324
f 1 324 378
f 1 378 432
f 1 432 479
f 1 479 534
f 1 534 619
f 1 619 618
f 1 618 692
f 1 692 765
f 1 765 764
f 1 764 763
f 1 763 761
f 1 761 762
f 1 762 846
f 1 846 929
f 1 929 928
f 1 928 927
f 1 927 1022
f 1 1022 1021
f 1 1021 1024
f 1 1024 1110
f 1 1110 1109
f 1 1109 1108
f 1 1108 1107
f 1 1107 1106
f 1 1106 1104
f 1 1104 1103
f 1 1103 1201
f 1 1201 1200
f 1 1200 1199
f 1 1199 1286
f 1 1286 1285
f 1 1285 1288
f 1 1288 1287
f 1 1287 1386
f 1 1386 1499
f 1 1499 1385
f 1 1385 1504
f 1 1504 1607
f 1 1607 1606
f 1 1606 1605
f 1 1605 1608
f 1 1608 1604
f 1 1604 1515
f 1 1515 1394
f 1 1394 1296
f 1 1296 1215
f 1 1215 1290
f 1 1290 1289
f 1 1289 1205
f 1 1205 1115
f 1 1115 1111
f 1 1111 1025
f 1 1025 930
f 1 930 847
f 1 847 766
f 1 766 694
f 1 694 693
f 1 693 620
f 1 620 535
f 1 535 480
f 1 480 433
f 1 433 380
f 1 380 334
f 1 334 283
f 1 283 235
f 1 235 190
f 1 190 154
f 1 154 124
f 1 124 89
f 1 89 56
f 1 56 33
f 1 33 8
f 1 8 2
f 2 8 9
f 2 9 10
f 2 10 11
f 2 11 12
f 2 12 13
f 2 13 14
f 2 14 15
f 2 15 16
f 2 16 3
f 3 16 15
f 3 15 14
f 3 14 13
f 3 13 12
f 3 12 11
f 3 11 10
f 3 10 9
f 3 9 34
f 3 34 57
f 3 57 91
f 3 91 90
f 3 90 89
f 3 89 124
f 3 124 153
f 3 153 189
f 3 189 191
f 3 191 236
f 3 236 282
f 3 282 281
f 3 281 330
f 3 330 333
f 3 333 332
f 3 332 331
f 3 331 379
f 3 379 382
f 3 382 381
f 3 381 434
f 3 434 483
f 3 483 550
f 3 550 638
f 3 638 714
f 3 714 713
f 3 713 789
f 3 789 870
f 3 870 958
f 3 958 1058
f 3 1058 1057
f 3 1057 1056
f 3 1056 1151
f 3 1151 1241
f 3 1241 1240
f 3 1240 1333
f 3 1333 1445
f 3 1445 1549
f 3 1549 1548
f 3 1548 1547
f 3 1547 1625
f 3 1625 1689
f 3 1689 1688
f 3 1688 1738
f 3 1738 1744
f 3 1744 1749
f 3 1749 1754
f 3 1754 1747
f 3 1747 1702
f 3 1702 1701
f 3 1701 1640
f 3 1640 1561
f 3 1561 1558
f 3 1558 1448
f 3 1448 1339
f 3 1339 1337
f 3 1337 1246
f 3 1246 1245
f 3 1245 1154
f 3 1154 1065
f 3 1065 1064
f 3 1064 972
f 3 972 971
f 3 971 969
f 3 969 968
f 3 968 967
f 3 967 966
f 3 966 962
f 3 962 875
f 3 875 874
f 3 874 873
f 3 873 795
f 3 795 794
f 3 794 793
f 3 793 792
f 3 792 716
f 3 716 639
f 3 639 554
f 3 554 553
f 3 553 486
f 3 486 437
f 3 437 386
f 3 386 385
f 3 385 384
f 3 384 338
f 3 338 335
f 3 335 286
f 3 286 238
f 3 238 195
f 3 195 194
f 3 194 192
f 3 192 156
f 3 156 129
f 3 129 125
f 3 125 92
f 3 92 58
f 3 58 35
f 3 35 17
f 3 17 18
f 3 18 19
f 3 19 4
f 4 19 20
f 4 20 21
f 4 21 22
f 4 22 23
f 4 23 5
f 5 23 24
f 5 24 25
f 5 25 26
f 5 26 27
f 5 27 6
f 6 28 29
f 6 29 30
f 6 30 31
f 6 31 7
f 6 27 28
f 7 31 32
f 8 33 34
f 8 34 9
f 17 35 18
f 18 20 19
f 18 35 20
f 20 35 36
f 20 36 37
f 20 37 38
f 20 38 21
f 21 38 39
f 21 39 22
f 22 39 40
f 22 40 41
f 22 41 23
f 23 41 24
f 24 41 42
f 24 42 25
f 25 43 44
f 25 44 26
f 25 42 43
f 26 45 27
f 26 44 45
f 27 45 46
f 27 46 28
f 28 46 29
f 29 46 30
f 30 46 47
f 30 47 48
f 30 48 49
f 30 49 50
f 30 50 31
f 31 50 32
f 32 50 51
f 32 51 52
f 32 52 53
f 32 53 54
f 32 54 55
f 33 56 57
f 33 57 34
f 35 58 36
f 36 58 37
f 37 58 59
f 37 59 60
f 37 60 61
f 37 61 62
f 37 62 38
f 38 62 63
f 38 63 39
f 39 63 64
f 39 64 65
f 39 65 40
f 40 65 64
f 40 64 66
f 40 66 67
f 40 67 41
f 41 67 68
f 41 68 42
f 42 68 69
f 42 69 70
f 42 70 43
f 43 70 71
f 43 71 72
f 43 72 73
f 43 73 45
f 43 45 44
f 45 73 74
f 45 74 75
f 45 75 76
f 45 76 77
f 45 77 78
f 45 78 46
f 46 78 77
f 46 77 79
f 46 79 80
f 46 80 81
f 46 81 47
f 47 81 82
f 47 82 48
f 48 82 83
f 48 83 49
f 49 83 84
f 49 84 50
f 50 84 85
f 50 85 52
f 50 52 51
f 52 85 54
f 52 54 53
f 54 85 86
f 54 86 87
f 54 87 55
f 55 87 88
f 56 89 90
f 56 90 91
f 56 91 57
f 58 92 59
f 59 92 60
f 60 92 93
f 60 93 94
f 60 94 61
f 61 94 95
f 61 95 96
f 61 96 97
f 61 97 98
f 61 98 63
f 61 63 62
f 63 98 66
f 63 66 64
f 66 98 97
f 66 97 99
f 66 99 67
f 67 99 100
f 67 100 101
f 67 101 68
f 68 101 102
f 68 102 69
f 69 102 103
f 69 103 104
f 69 104 105
f 69 105 106
f 69 106 70
f 70 106 105
f 70 105 107
f 70 107 71
f 71 107 108
f 71 108 72
f 72 109 110
f 72 110 111
f 72 111 112
f 72 112 113
f 72 113 75
f 72 75 74
f 72 74 73
f 72 108 105
f 72 105 109
f 75 113 112
f 75 112 76
f 76 112 77
f 77 114 79
f 77 112 115
f 77 115 116
f 77 116 80
f 77 80 114
f 79 114 80
f 80 82 81
f 80 116 117
f 80 117 118
f 80 118 82
f 82 118 83
f 83 118 119
f 83 119 84
f 84 119 85
f 85 119 118
f 85 118 120
f 85 120 121
f 85 121 86
f 86 121 122
f 86 122 123
f 86 123 87
f 87 123 88
f 92 125 93
f 93 125 94
f 94 126 127
f 94 127 128
f 94 128 95
f 94 125 129
f 94 129 126
f 95 128 130
f 95 130 131
f 95 131 132
f 95 132 96
f 96 132 133
f 96 133 97
f 97 133 99
f 99 134 135
f 99 135 136
f 99 136 103
f 99 103 102
f 99 102 100
f 99 133 134
f 100 102 101
f 103 136 105
f 103 105 104
f 105 108 107
f 105 136 137
f 105 137 109
f 109 137 138
f 109 138 139
f 109 139 140
f 109 140 141
f 109 141 142
f 109 142 115
f 109 115 110
f 110 115 111
f 111 115 112
f 115 142 143
f 115 143 116
f 116 143 144
f 116 144 145
f 116 145 120
f 116 120 117
f 117 120 118
f 120 146 121
f 120 145 147
f 120 147 146
f 121 146 148
f 121 148 149
f 121 149 150
f 121 150 151
f 121 151 122
f 122 151 152
f 122 152 123
f 124 154 153
f 126 155 127
f 126 129 156
f 126 156 155
f 127 155 157
f 127 157 158
f 127 158 159
f 127 159 128
f 128 159 160
f 128 160 161
f 128 161 162
f 128 162 163
f 128 163 164
f 128 164 130
f 130 164 165
f 130 165 166
f 130 166 167
f 130 167 131
f 131 167 134
f 131 134 133
f 131 133 132
f 134 168 169
f 134 169 170
f 134 170 135
f 134 167 166
f 134 166 168
f 135 170 137
f 135 137 136
f 137 170 138
f 138 170 171
f 138 171 172
f 138 172 139
f 139 172 173
f 139 173 174
f 139 174 175
f 139 175 140
f 140 175 176
f 140 176 177
f 140 177 178
f 140 178 141
f 141 178 143
f 141 143 142
f 143 178 179
f 143 179 180
f 143 180 181
f 143 181 144
f 144 181 182
f 144 182 148
f 144 148 146
f 144 146 147
f 144 147 145
f 148 182 183
f 148 183 184
f 148 184 185
f 148 185 149
f 149 185 186
f 149 186 187
f 149 187 188
f 149 188 150
f 150 188 151
f 151 188 152
f 153 154 189
f 154 190 191
f 154 191 189
f 155 156 157
f 156 192 157
f 157 192 158
f 158 193 160
f 158 160 159
f 158 192 194
f 158 194 195
f 158 195 193
f 160 193 196
f 160 196 161
f 161 196 162
f 162 197 163
f 162 196 197
f 163 197 164
f 164 197 165
f 165 197 198
f 165 198 199
f 165 199 166
f 166 199 200
f 166 200 201
f 166 201 168
f 168 201 202
f 168 202 169
f 169 202 203
f 169 203 204
f 169 204 172
f 169 172 171
f 169 171 170
f 172 205 173
f 172 204 205
f 173 205 206
f 173 206 207
f 173 207 208
f 173 208 209
f 173 209 210
f 173 210 211
f 173 211 174
f 174 211 212
f 174 212 213
f 174 213 175
f 175 213 214
f 175 214 215
f 175 215 216
f 175 216 217
f 175 217 218
f 175 218 176
f 176 218 219
f 176 219 179
f 176 179 177
f 177 179 178
f 179 219 220
f 179 220 180
f 180 220 221
f 180 221 222
f 180 222 181
f 181 222 223
f 181 223 224
f 181 224 183
f 181 183 182
f 183 224 184
f 184 225 226
f 184 226 227
f 184 227 185
f 184 224 225
f 185 227 186
f 186 227 228
f 186 228 229
f 186 229 230
f 186 230 231
f 186 231 232
f 186 232 233
f 186 233 187
f 187 233 232
f 187 232 234
f 187 234 188
f 190 235 236
f 190 236 191
f 193 237 196
f 193 195 238
f 193 238 237
f 196 237 239
f 196 239 240
f 196 240 197
f 197 240 241
f 197 241 200
f 197 200 198
f 198 200 199
f 200 242 243
f 200 243 202
f 200 202 201
f 200 241 242
f 202 243 244
f 202 244 203
f 203 244 245
f 203 245 206
f 203 206 205
f 203 205 204
f 206 245 246
f 206 246 207
f 207 209 208
f 207 246 209
f 209 247 248
f 209 248 212
f 209 212 210
f 209 246 244
f 209 244 247
f 210 212 211
f 212 248 249
f 212 249 214
f 212 214 213
f 214 249 250
f 214 250 251
f 214 251 252
f 214 252 253
f 214 253 254
f 214 254 215
f 215 254 255
f 215 255 256
f 215 256 257
f 215 257 216
f 216 257 218
f 216 218 217
f 218 257 256
f 218 256 219
f 219 256 220
f 220 256 221
f 221 258 222
f 221 256 259
f 221 259 254
f 221 254 260
f 221 260 261
f 221 261 262
f 221 262 263
f 221 263 258
f 222 258 263
f 222 263 264
f 222 264 223
f 223 264 265
f 223 265 266
f 223 266 225
f 223 225 224
f 225 266 267
f 225 267 226
f 226 267 268
f 226 268 227
f 227 268 228
f 228 268 269
f 228 269 270
f 228 270 271
f 228 271 272
f 228 272 273
f 228 273 274
f 228 274 275
f 228 275 276
f 228 276 277
f 228 277 278
f 228 278 279
f 228 279 229
f 229 279 230
f 230 234 232
f 230 232 231
f 230 279 280
f 230 280 234
f 235 281 282
f 235 282 236
f 235 283 281
f 237 284 285
f 237 285 239
f 237 238 284
f 238 286 284
f 239 285 287
f 239 287 288
f 239 288 240
f 240 288 289
f 240 289 241
f 241 289 290
f 241 290 242
f 242 291 243
f 242 290 292
f 242 292 291
f 243 293 244
f 243 291 293
f 244 246 294
f 244 294 245
f 244 293 295
f 244 295 296
f 244 296 247
f 245 294 246
f 247 297 248
f 247 296 297
f 248 297 298
f 248 298 299
f 248 299 249
f 249 299 250
f 250 299 300
f 250 300 301
f 250 301 302
f 250 302 303
f 250 303 251
f 251 303 304
f 251 304 305
f 251 305 306
f 251 306 253
f 251 253 252
f 253 306 307
f 253 307 254
f 254 307 260
f 254 259 256
f 254 256 255
f 260 308 309
f 260 309 261
f 260 307 308
f 261 309 310
f 261 310 311
f 261 311 262
f 262 311 312
f 262 312 313
f 262 313 263
f 263 314 264
f 263 313 271
f 263 271 270
f 263 270 314
f 264 314 265
f 265 314 315
f 265 315 267
f 265 267 266
f 267 315 316
f 267 316 268
f 268 316 269
f 269 316 270
f 270 316 315
f 270 315 314
f 271 313 317
f 271 317 272
f 272 317 318
f 272 318 273
f 273 318 319
f 273 319 320
f 273 320 274
f 274 320 275
f 275 277 276
f 275 320 321
f 275 321 373
f 275 373 322
f 275 322 376
f 275 376 323
f 275 323 324
f 275 324 325
f 275 325 277
f 277 325 324
f 277 324 326
f 277 326 278
f 278 326 327
f 278 327 328
f 278 328 329
f 278 329 280
f 278 280 279
f 281 283 330
f 283 331 332
f 283 332 333
f 283 333 330
f 283 334 331
f 284 286 335
f 284 335 285
f 285 336 337
f 285 337 287
f 285 335 338
f 285 338 336
f 287 337 339
f 287 339 340
f 287 340 341
f 287 341 288
f 288 341 342
f 288 342 343
f 288 343 344
f 288 344 289
f 289 344 290
f 290 344 343
f 290 343 292
f 291 345 346
f 291 346 293
f 291 292 345
f 292 343 345
f 293 346 295
f 295 346 347
f 295 347 348
f 295 348 296
f 296 348 297
f 297 349 299
f 297 299 298
f 297 348 349
f 299 349 350
f 299 350 351
f 299 351 300
f 300 352 302
f 300 302 301
f 300 351 353
f 300 353 354
f 300 354 352
f 302 352 355
f 302 355 356
f 302 356 357
f 302 357 303
f 303 357 358
f 303 358 304
f 304 358 309
f 304 309 305
f 305 308 307
f 305 307 306
f 305 309 308
f 309 359 310
f 309 358 356
f 309 356 359
f 310 359 360
f 310 360 361
f 310 361 362
f 310 362 311
f 311 362 363
f 311 363 312
f 312 363 364
f 312 364 365
f 312 365 317
f 312 317 313
f 317 365 366
f 317 366 318
f 318 367 368
f 318 368 319
f 318 366 364
f 318 364 369
f 318 369 367
f 319 368 320
f 320 368 370
f 320 370 371
f 320 371 372
f 320 372 373
f 320 373 321
f 322 373 374
f 322 374 375
f 322 375 376
f 323 376 375
f 323 375 324
f 324 375 377
f 324 377 378
f 331 334 379
f 334 380 381
f 334 381 382
f 334 382 379
f 336 383 337
f 336 338 384
f 336 384 385
f 336 385 386
f 336 386 383
f 337 383 387
f 337 387 339
f 339 387 340
f 340 388 389
f 340 389 390
f 340 390 341
f 340 387 388
f 341 390 342
f 342 390 391
f 342 391 343
f 343 391 392
f 343 392 345
f 345 392 393
f 345 393 394
f 345 394 346
f 346 394 395
f 346 395 396
f 346 396 397
f 346 397 347
f 347 397 398
f 347 398 399
f 347 399 348
f 348 399 400
f 348 400 350
f 348 350 349
f 350 353 351
f 350 400 403
f 350 403 353
f 352 354 401
f 352 401 402
f 352 402 355
f 353 403 404
f 353 404 405
f 353 405 354
f 354 405 401
f 355 402 360
f 355 360 356
f 356 358 357
f 356 360 359
f 360 406 407
f 360 407 361
f 360 402 406
f 361 407 408
f 361 408 409
f 361 409 362
f 362 410 363
f 362 409 411
f 362 411 410
f 363 410 364
f 364 410 412
f 364 412 369
f 364 366 365
f 367 413 414
f 367 414 370
f 367 370 368
f 367 369 413
f 369 412 413
f 370 414 415
f 370 415 371
f 371 416 417
f 371 417 418
f 371 418 419
f 371 419 420
f 371 420 421
f 371 421 422
f 371 422 372
f 371 415 423
f 371 423 424
f 371 424 425
f 371 425 416
f 372 422 426
f 372 426 427
f 372 427 373
f 373 427 426
f 373 426 428
f 373 428 429
f 373 429 430
f 373 430 374
f 374 430 377
f 374 377 375
f 377 430 428
f 377 428 431
f 377 431 432
f 377 432 378
f 380 433 434
f 380 434 381
f 383 435 436
f 383 436 387
f 383 386 435
f 386 437 435
f 387 436 388
f 388 436 389
f 389 438 439
f 389 439 440
f 389 440 390
f 389 436 438
f 390 440 392
f 390 392 391
f 392 439 438
f 392 438 441
f 392 441 442
f 392 442 443
f 392 443 395
f 392 395 393
f 392 440 439
f 393 395 394
f 395 443 444
f 395 444 398
f 395 398 396
f 396 398 397
f 398 445 399
f 398 444 446
f 398 446 405
f 398 405 404
f 398 404 403
f 398 403 445
f 399 445 403
f 399 403 400
f 401 447 448
f 401 448 449
f 401 449 402
f 401 405 450
f 401 450 451
f 401 451 447
f 402 449 448
f 402 448 452
f 402 452 453
f 402 453 406
f 405 446 450
f 406 453 407
f 407 453 454
f 407 454 409
f 407 409 408
f 409 454 455
f 409 455 456
f 409 456 457
f 409 457 424
f 409 424 458
f 409 458 411
f 410 411 459
f 410 459 460
f 410 460 412
f 411 458 459
f 412 460 413
f 413 460 459
f 413 459 461
f 413 461 414
f 414 461 459
f 414 459 424
f 414 424 415
f 415 424 423
f 416 425 462
f 416 462 463
f 416 463 417
f 417 464 465
f 417 465 418
f 417 463 466
f 417 466 464
f 418 465 419
f 419 465 467
f 419 467 468
f 419 468 469
f 419 469 470
f 419 470 471
f 419 471 420
f 420 472 473
f 420 473 421
f 420 471 472
f 421 473 422
f 422 473 474
f 422 474 475
f 422 475 428
f 422 428 426
f 424 459 458
f 424 457 476
f 424 476 477
f 424 477 425
f 425 477 462
f 428 475 478
f 428 478 479
f 428 479 431
f 428 430 429
f 431 479 432
f 433 480 481
f 433 481 482
f 433 482 483
f 433 483 434
f 435 484 485
f 435 485 436
f 435 437 486
f 435 486 484
f 436 485 487
f 436 487 488
f 436 488 489
f 436 489 438
f 438 490 442
f 438 442 441
f 438 489 488
f 438 488 490
f 442 490 491
f 442 491 492
f 442 492 493
f 442 493 443
f 443 493 444
f 444 493 446
f 446 493 494
f 446 494 495
f 446 495 450
f 447 451 496
f 447 496 497
f 447 497 498
f 447 498 499
f 447 499 500
f 447 500 448
f 448 500 452
f 450 495 501
f 450 501 502
f 450 502 503
f 450 503 504
f 450 504 451
f 451 504 496
f 452 500 505
f 452 505 506
f 452 506 453
f 453 506 507
f 453 507 454
f 454 507 455
f 455 507 506
f 455 506 508
f 455 508 509
f 455 509 456
f 456 509 476
f 456 476 457
f 462 466 463
f 462 477 476
f 462 476 466
f 464 466 510
f 464 510 511
f 464 511 465
f 465 511 467
f 466 476 512
f 466 512 510
f 467 513 468
f 467 511 514
f 467 514 513
f 468 513 515
f 468 515 516
f 468 516 469
f 469 517 518
f 469 518 519
f 469 519 520
f 469 520 470
f 469 516 521
f 469 521 517
f 470 520 522
f 470 522 523
f 470 523 471
f 471 523 524
f 471 524 525
f 471 525 472
f 472 525 473
f 473 526 524
f 473 524 527
f 473 527 528
f 473 528 474
f 473 525 526
f 474 528 475
f 475 528 529
f 475 529 530
f 475 530 478
f 476 509 512
f 478 530 531
f 478 531 532
f 478 532 533
f 478 533 534
f 478 534 479
f 480 535 536
f 480 536 537
f 480 537 538
f 480 538 539
f 480 539 540
f 480 540 481
f 481 540 482
f 482 540 541
f 482 541 542
f 482 542 543
f 482 543 544
f 482 544 545
f 482 545 546
f 482 546 483
f 483 546 547
f 483 547 548
f 483 548 549
f 483 549 550
f 484 551 552
f 484 552 485
f 484 486 553
f 484 553 554
f 484 554 551
f 485 552 555
f 485 555 487
f 487 555 556
f 487 556 557
f 487 557 558
f 487 558 488
f 488 558 559
f 488 559 560
f 488 560 490
f 490 561 491
f 490 560 561
f 491 562 563
f 491 563 564
f 491 564 565
f 491 565 492
f 491 561 566
f 491 566 567
f 491 567 568
f 491 568 562
f 492 565 493
f 493 565 501
f 493 501 494
f 494 501 495
f 496 504 569
f 496 569 497
f 497 569 570
f 497 570 498
f 498 571 499
f 498 570 572
f 498 572 573
f 498 573 574
f 498 574 575
f 498 575 576
f 498 576 571
f 499 571 577
f 499 577 500
f 500 577 578
f 500 578 579
f 500 579 580
f 500 580 581
f 500 581 582
f 500 582 505
f 501 565 583
f 501 583 584
f 501 584 569
f 501 569 502
f 502 569 504
f 502 504 503
f 505 582 506
f 506 582 585
f 506 585 508
f 508 585 582
f 508 582 586
f 508 586 587
f 508 587 588
f 508 588 589
f 508 589 590
f 508 590 509
f 509 590 591
f 509 591 512
f 510 514 511
f 510 512 591
f 510 591 514
f 513 592 515
f 513 514 593
f 513 593 592
f 514 591 594
f 514 594 593
f 515 592 595
f 515 595 596
f 515 596 516
f 516 596 521
f 517 597 518
f 517 521 597
f 518 520 519
f 518 597 598
f 518 598 599
f 518 599 600
f 518 600 601
f 518 601 602
f 518 602 603
f 518 603 520
f 520 604 605
f 520 605 522
f 520 603 602
f 520 602 606
f 520 606 607
f 520 607 608
f 520 608 604
f 521 596 609
f 521 609 610
f 521 610 611
f 521 611 612
f 521 612 613
f 521 613 598
f 521 598 597
f 522 605 523
f 523 614 524
f 523 605 604
f 523 604 615
f 523 615 614
f 524 614 616
f 524 616 527
f 524 526 525
f 527 616 528
f 528 616 531
f 528 531 529
f 529 531 530
f 531 616 617
f 531 617 532
f 532 617 533
f 533 617 618
f 533 618 619
f 533 619 534
f 535 620 621
f 535 621 536
f 536 621 622
f 536 622 623
f 536 623 537
f 537 624 538
f 537 623 624
f 538 624 539
f 539 624 625
f 539 625 626
f 539 626 541
f 539 541 540
f 541 627 628
f 541 628 542
f 541 626 627
f 542 628 543
f 543 628 544
f 544 628 629
f 544 629 630
f 544 630 631
f 544 631 546
f 544 546 545
f 546 631 632
f 546 632 633
f 546 633 548
f 546 548 547
f 548 634 635
f 548 635 549
f 548 633 636
f 548 636 634
f 549 635 637
f 549 637 550
f 550 637 638
f 551 554 639
f 551 639 640
f 551 640 641
f 551 641 552
f 552 641 555
f 555 641 640
f 555 640 642
f 555 642 643
f 555 643 644
f 555 644 556
f 556 644 558
f 556 558 557
f 558 645 566
f 558 566 559
f 558 644 645
f 559 566 560
f 560 566 561
f 562 646 647
f 562 647 648
f 562 648 563
f 562 568 649
f 562 649 650
f 562 650 646
f 563 651 652
f 563 652 564
f 563 648 651
f 564 652 653
f 564 653 654
f 564 654 655
f 564 655 583
f 564 583 656
f 564 656 565
f 565 656 583
f 566 645 657
f 566 657 567
f 567 657 649
f 567 649 568
f 569 584 583
f 569 583 655
f 569 655 572
f 569 572 570
f 571 658 659
f 571 659 577
f 571 576 575
f 571 575 660
f 571 660 661
f 571 661 658
f 572 655 654
f 572 654 573
f 573 654 574
f 574 654 662
f 574 662 575
f 575 662 652
f 575 652 663
f 575 663 660
f 577 659 578
f 578 659 664
f 578 664 665
f 578 665 579
f 579 665 580
f 580 665 666
f 580 666 586
f 580 586 581
f 581 586 582
f 586 666 665
f 586 665 587
f 587 667 668
f 587 668 669
f 587 669 670
f 587 670 589
f 587 589 588
f 587 665 664
f 587 664 667
f 589 670 669
f 589 669 671
f 589 671 672
f 589 672 596
f 589 596 594
f 589 594 590
f 590 594 591
f 592 593 595
f 593 594 595
f 594 596 595
f 596 672 673
f 596 673 609
f 598 613 674
f 598 674 675
f 598 675 676
f 598 676 599
f 599 677 600
f 599 676 677
f 600 678 601
f 600 677 679
f 600 679 680
f 600 680 678
f 601 678 602
f 602 678 681
f 602 681 682
f 602 682 606
f 604 608 683
f 604 683 615
f 606 682 607
f 607 682 684
f 607 684 685
f 607 685 686
f 607 686 608
f 608 686 683
f 609 673 687
f 609 687 611
f 609 611 610
f 611 687 688
f 611 688 613
f 611 613 612
f 613 688 674
f 614 615 617
f 614 617 616
f 615 683 689
f 615 689 617
f 617 689 686
f 617 686 690
f 617 690 691
f 617 691 692
f 617 692 618
f 620 693 621
f 621 693 694
f 621 694 695
f 621 695 622
f 622 695 623
f 623 695 624
f 624 696 625
f 624 695 697
f 624 697 696
f 625 696 626
f 626 696 698
f 626 698 627
f 627 698 699
f 627 699 628
f 628 699 700
f 628 700 701
f 628 701 629
f 629 702 703
f 629 703 704
f 629 704 705
f 629 705 706
f 629 706 630
f 629 701 707
f 629 707 702
f 630 706 631
f 631 708 632
f 631 706 705
f 631 705 708
f 632 708 709
f 632 709 633
f 633 709 636
f 634 710 635
f 634 636 711
f 634 711 710
f 635 710 712
f 635 712 713
f 635 713 714
f 635 714 637
f 636 709 715
f 636 715 711
f 637 714 638
f 639 716 640
f 640 716 642
f 642 716 717
f 642 717 643
f 643 718 719
f 643 719 720
f 643 720 644
f 643 717 721
f 643 721 718
f 644 720 645
f 645 722 657
f 645 720 722
f 646 650 722
f 646 722 723
f 646 723 647
f 647 723 648
f 648 723 724
f 648 724 725
f 648 725 726
f 648 726 651
f 649 657 722
f 649 722 650
f 651 727 728
f 651 728 652
f 651 726 729
f 651 729 727
f 652 730 731
f 652 731 663
f 652 662 654
f 652 654 653
f 652 728 730
f 658 661 732
f 658 732 659
f 659 732 733
f 659 733 734
f 659 734 664
f 660 663 661
f 661 735 736
f 661 736 732
f 661 663 737
f 661 737 735
f 663 731 730
f 663 730 737
f 664 734 738
f 664 738 667
f 667 738 739
f 667 739 668
f 668 740 669
f 668 739 740
f 669 740 741
f 669 741 742
f 669 742 671
f 671 742 743
f 671 743 744
f 671 744 745
f 671 745 746
f 671 746 747
f 671 747 673
f 671 673 672
f 673 747 687
f 674 747 746
f 674 746 675
f 674 688 747
f 675 748 676
f 675 746 749
f 675 749 748
f 676 748 750
f 676 750 677
f 677 750 751
f 677 751 752
f 677 752 679
f 678 680 753
f 678 753 681
f 679 752 754
f 679 754 755
f 679 755 756
f 679 756 680
f 680 756 757
f 680 757 758
f 680 758 759
f 680 759 753
f 681 753 759
f 681 759 760
f 681 760 684
f 681 684 682
f 683 686 689
f 684 760 685
f 685 760 686
f 686 761 690
f 686 760 762
f 686 762 761
f 687 747 688
f 690 761 763
f 690 763 764
f 690 764 765
f 690 765 691
f 691 765 692
f 694 766 767
f 694 767 695
f 695 768 697
f 695 767 768
f 696 697 769
f 696 769 770
f 696 770 699
f 696 699 698
f 697 768 769
f 699 770 771
f 699 771 700
f 700 771 772
f 700 772 707
f 700 707 701
f 702 773 703
f 702 707 772
f 702 772 773
f 703 773 774
f 703 774 775
f 703 775 776
f 703 776 704
f 704 776 777
f 704 777 705
f 705 777 778
f 705 778 779
f 705 779 708
f 708 779 780
f 708 780 781
f 708 781 782
f 708 782 709
f 709 782 865
f 709 865 783
f 709 783 715
f 710 784 712
f 710 711 785
f 710 785 784
f 711 715 786
f 711 786 785
f 712 784 787
f 712 787 788
f 712 788 713
f 713 788 789
f 715 783 790
f 715 790 791
f 715 791 786
f 716 792 717
f 717 792 793
f 717 793 794
f 717 794 721
f 718 721 794
f 718 794 795
f 718 795 796
f 718 796 719
f 719 797 798
f 719 798 799
f 719 799 720
f 719 796 800
f 719 800 801
f 719 801 802
f 719 802 803
f 719 803 797
f 720 799 804
f 720 804 805
f 720 805 722
f 722 805 806
f 722 806 723
f 723 806 807
f 723 807 724
f 724 807 725
f 725 808 809
f 725 809 810
f 725 810 726
f 725 807 808
f 726 810 729
f 727 729 728
f 728 729 811
f 728 811 812
f 728 812 813
f 728 813 737
f 728 737 730
f 729 810 812
f 729 812 811
f 732 814 815
f 732 815 733
f 732 736 816
f 732 816 817
f 732 817 814
f 733 815 818
f 733 818 819
f 733 819 734
f 734 819 820
f 734 820 738
f 735 821 736
f 735 737 821
f 736 821 816
f 737 813 822
f 737 822 821
f 738 820 739
f 739 820 740
f 740 820 823
f 740 823 741
f 741 824 825
f 741 825 742
f 741 823 826
f 741 826 824
f 742 825 743
f 743 825 744
f 744 825 827
f 744 827 828
f 744 828 829
f 744 829 749
f 744 749 745
f 745 749 746
f 748 749 750
f 749 829 830
f 749 830 750
f 750 831 751
f 750 830 832
f 750 832 831
f 751 833 834
f 751 834 752
f 751 831 833
f 752 834 755
f 752 755 754
f 755 834 835
f 755 835 836
f 755 836 837
f 755 837 838
f 755 838 757
f 755 757 756
f 757 838 839
f 757 839 758
f 758 839 840
f 758 840 841
f 758 841 842
f 758 842 759
f 759 842 843
f 759 843 760
f 760 843 844
f 760 844 845
f 760 845 762
f 762 845 846
f 766 847 848
f 766 848 849
f 766 849 850
f 766 850 851
f 766 851 767
f 767 851 768
f 768 851 850
f 768 850 849
f 768 849 852
f 768 852 853
f 768 853 769
f 769 853 854
f 769 854 855
f 769 855 771
f 769 771 770
f 771 856 857
f 771 857 772
f 771 855 858
f 771 858 856
f 772 857 774
f 772 774 773
f 774 859 860
f 774 860 775
f 774 857 859
f 775 860 776
f 776 860 777
f 777 860 861
f 777 861 778
f 778 861 779
f 779 861 780
f 780 861 862
f 780 862 863
f 780 863 864
f 780 864 781
f 781 865 782
f 781 864 865
f 783 865 790
f 784 866 787
f 784 785 866
f 785 786 867
f 785 867 868
f 785 868 866
f 786 791 790
f 786 790 867
f 787 866 869
f 787 869 788
f 788 870 789
f 788 869 870
f 790 865 871
f 790 871 872
f 790 872 867
f 795 873 796
f 796 873 874
f 796 874 875
f 796 875 800
f 797 803 876
f 797 876 877
f 797 877 798
f 798 804 799
f 798 877 806
f 798 806 805
f 798 805 804
f 800 875 878
f 800 878 801
f 801 878 802
f 802 878 879
f 802 879 880
f 802 880 803
f 803 880 881
f 803 881 876
f 806 877 882
f 806 882 807
f 807 882 808
f 808 883 884
f 808 884 809
f 808 882 877
f 808 877 883
f 809 884 810
f 810 885 886
f 810 886 887
f 810 887 888
f 810 888 889
f 810 889 890
f 810 890 891
f 810 891 812
f 810 884 877
f 810 877 892
f 810 892 885
f 812 891 813
f 813 891 822
f 814 893 894
f 814 894 815
f 814 817 895
f 814 895 896
f 814 896 893
f 815 894 897
f 815 897 898
f 815 898 818
f 816 899 817
f 816 821 900
f 816 900 901
f 816 901 899
f 817 899 895
f 818 898 902
f 818 902 826
f 818 826 823
f 818 823 903
f 818 903 819
f 819 903 823
f 819 823 820
f 821 822 900
f 822 891 904
f 822 904 901
f 822 901 900
f 824 905 825
f 824 826 902
f 824 902 897
f 824 897 905
f 825 905 906
f 825 906 827
f 827 906 907
f 827 907 828
f 828 907 908
f 828 908 909
f 828 909 910
f 828 910 911
f 828 911 912
f 828 912 913
f 828 913 914
f 828 914 829
f 829 914 832
f 829 832 830
f 831 915 916
f 831 916 917
f 831 917 833
f 831 832 914
f 831 914 913
f 831 913 915
f 833 917 834
f 834 917 918
f 834 918 835
f 835 918 919
f 835 919 920
f 835 920 836
f 836 920 837
f 837 920 921
f 837 921 841
f 837 841 839
f 837 839 838
f 839 841 840
f 841 922 923
f 841 923 924
f 841 924 925
f 841 925 842
f 841 921 922
f 842 925 926
f 842 926 843
f 843 926 844
f 844 926 927
f 844 927 928
f 844 928 929
f 844 929 845
f 845 929 846
f 847 930 931
f 847 931 848
f 848 931 932
f 848 932 933
f 848 933 934
f 848 934 849
f 849 935 852
f 849 934 936
f 849 936 937
f 849 937 938
f 849 938 935
f 852 935 939
f 852 939 940
f 852 940 941
f 852 941 858
f 852 858 853
f 853 858 854
f 854 858 855
f 856 942 943
f 856 943 944
f 856 944 945
f 856 945 946
f 856 946 857
f 856 858 947
f 856 947 942
f 857 946 948
f 857 948 859
f 858 941 947
f 859 948 860
f 860 948 863
f 860 863 862
f 860 862 861
f 863 948 949
f 863 949 950
f 863 950 864
f 864 950 951
f 864 951 952
f 864 952 865
f 865 952 951
f 865 951 871
f 866 953 869
f 866 868 954
f 866 954 955
f 866 955 953
f 867 954 868
f 867 872 954
f 869 953 956
f 869 956 957
f 869 957 958
f 869 958 870
f 871 959 872
f 871 951 959
f 872 959 951
f 872 951 960
f 872 960 961
f 872 961 954
f 875 962 878
f 876 881 970
f 876 970 963
f 876 963 964
f 876 964 965
f 876 965 892
f 876 892 877
f 877 884 883
f 878 962 879
f 879 962 966
f 879 966 967
f 879 967 880
f 880 967 968
f 880 968 969
f 880 969 881
f 881 969 971
f 881 971 972
f 881 972 973
f 881 973 970
f 885 974 886
f 885 892 975
f 885 975 976
f 885 976 974
f 886 974 977
f 886 977 887
f 887 978 979
f 887 979 888
f 887 977 978
f 888 979 980
f 888 980 981
f 888 981 982
f 888 982 889
f 889 982 890
f 890 982 983
f 890 983 891
f 891 983 904
f 892 965 975
f 893 984 985
f 893 985 894
f 893 896 986
f 893 986 984
f 894 985 987
f 894 987 988
f 894 988 989
f 894 989 905
f 894 905 897
f 895 990 991
f 895 991 986
f 895 986 896
f 895 899 901
f 895 901 992
f 895 992 993
f 895 993 990
f 897 902 898
f 901 904 992
f 904 983 992
f 905 989 994
f 905 994 906
f 906 995 909
f 906 909 908
f 906 908 907
f 906 994 995
f 909 995 996
f 909 996 997
f 909 997 910
f 910 998 912
f 910 912 999
f 910 999 911
f 910 997 1000
f 910 1000 1001
f 910 1001 1002
f 910 1002 1003
f 910 1003 1004
f 910 1004 1005
f 910 1005 1006
f 910 1006 998
f 911 999 912
f 912 998 1007
f 912 1007 1008
f 912 1008 1009
f 912 1009 1010
f 912 1010 1011
f 912 1011 1012
f 912 1012 913
f 913 1012 915
f 915 1012 916
f 916 1012 1011
f 916 1011 917
f 917 1011 1010
f 917 1010 919
f 917 919 918
f 919 1013 920
f 919 1010 1013
f 920 1013 1014
f 920 1014 1015
f 920 1015 921
f 921 1016 922
f 921 1015 1016
f 922 1016 923
f 923 1016 1017
f 923 1017 1018
f 923 1018 924
f 924 1018 1019
f 924 1019 1020
f 924 1020 926
f 924 926 925
f 926 1021 1022
f 926 1022 927
f 926 1020 1023
f 926 1023 1024
f 926 1024 1021
f 930 1025 1026
f 930 1026 1027
f 930 1027 1028
f 930 1028 932
f 930 932 931
f 932 1028 1029
f 932 1029 933
f 933 1029 934
f 934 1029 936
f 935 938 939
f 936 1029 1030
f 936 1030 937
f 937 1030 938
f 938 1030 1031
f 938 1031 1032
f 938 1032 1033
f 938 1033 939
f 939 1034 1035
f 939 1035 940
f 939 1033 1034
f 940 1035 947
f 940 947 941
f 942 1036 943
f 942 947 1037
f 942 1037 1038
f 942 1038 1039
f 942 1039 1040
f 942 1040 1041
f 942 1041 1042
f 942 1042 1043
f 942 1043 1044
f 942 1044 1036
f 943 1036 944
f 944 1036 1044
f 944 1044 1043
f 944 1043 1045
f 944 1045 948
f 944 948 945
f 945 948 946
f 947 1035 1046
f 947 1046 1047
f 947 1047 1037
f 948 1045 1048
f 948 1048 949
f 949 1049 960
f 949 960 950
f 949 1048 1049
f 950 960 951
f 953 1050 1051
f 953 1051 956
f 953 955 1052
f 953 1052 1053
f 953 1053 1054
f 953 1054 1050
f 954 961 955
f 955 961 1052
f 956 1051 1055
f 956 1055 1056
f 956 1056 1057
f 956 1057 1058
f 956 1058 957
f 957 1058 958
f 960 1059 961
f 960 1049 1059
f 961 1053 1052
f 961 1059 1146
f 961 1146 1053
f 963 970 1063
f 963 1063 1060
f 963 1060 1061
f 963 1061 964
f 964 1061 1062
f 964 1062 975
f 964 975 965
f 970 973 1063
f 972 1064 973
f 973 1064 1065
f 973 1065 1066
f 973 1066 1067
f 973 1067 1063
f 974 976 977
f 975 1062 977
f 975 977 976
f 977 1062 1061
f 977 1061 1068
f 977 1068 1069
f 977 1069 978
f 978 1070 1072
f 978 1072 979
f 978 1069 1071
f 978 1071 1070
f 979 1072 1073
f 979 1073 1074
f 979 1074 980
f 980 1074 1075
f 980 1075 981
f 981 983 982
f 981 1075 1076
f 981 1076 993
f 981 993 1077
f 981 1077 983
f 983 1077 992
f 984 1078 1079
f 984 1079 1080
f 984 1080 985
f 984 986 1081
f 984 1081 1078
f 985 1080 1002
f 985 1002 1001
f 985 1001 1082
f 985 1082 1083
f 985 1083 994
f 985 994 989
f 985 989 988
f 985 988 987
f 986 991 1081
f 990 1076 991
f 990 993 1076
f 991 1084 1081
f 991 1076 1084
f 992 1077 993
f 994 1083 996
f 994 996 995
f 996 1083 1001
f 996 1001 1000
f 996 1000 997
f 998 1006 1085
f 998 1085 1086
f 998 1086 1007
f 1001 1083 1082
f 1002 1080 1079
f 1002 1079 1087
f 1002 1087 1003
f 1003 1087 1088
f 1003 1088 1085
f 1003 1085 1004
f 1004 1085 1005
f 1005 1085 1006
f 1007 1086 1008
f 1008 1086 1009
f 1009 1086 1010
f 1010 1089 1014
f 1010 1014 1013
f 1010 1086 1090
f 1010 1090 1089
f 1014 1091 1015
f 1014 1089 1091
f 1015 1091 1092
f 1015 1092 1093
f 1015 1093 1094
f 1015 1094 1095
f 1015 1095 1096
f 1015 1096 1016
f 1016 1096 1097
f 1016 1097 1098
f 1016 1098 1099
f 1016 1099 1100
f 1016 1100 1101
f 1016 1101 1017
f 1017 1102 1019
f 1017 1019 1018
f 1017 1101 1102
f 1019 1102 1103
f 1019 1103 1104
f 1019 1104 1105
f 1019 1105 1106
f 1019 1106 1107
f 1019 1107 1020
f 1020 1107 1108
f 1020 1108 1109
f 1020 1109 1110
f 1020 1110 1024
f 1020 1024 1023
f 1025 1111 1112
f 1025 1112 1026
f 1026 1113 1114
f 1026 1114 1030
f 1026 1030 1027
f 1026 1112 1115
f 1026 1115 1116
f 1026 1116 1113
f 1027 1030 1029
f 1027 1029 1028
f 1030 1117 1031
f 1030 1114 1118
f 1030 1118 1119
f 1030 1119 1120
f 1030 1120 1121
f 1030 1121 1122
f 1030 1122 1117
f 1031 1117 1123
f 1031 1123 1032
f 1032 1123 1033
f 1033 1123 1124
f 1033 1124 1034
f 1034 1124 1046
f 1034 1046 1035
f 1037 1047 1038
f 1038 1047 1039
f 1039 1047 1125
f 1039 1125 1126
f 1039 1126 1127
f 1039 1127 1041
f 1039 1041 1040
f 1041 1127 1128
f 1041 1128 1129
f 1041 1129 1130
f 1041 1130 1131
f 1041 1131 1042
f 1042 1131 1130
f 1042 1130 1129
f 1042 1129 1132
f 1042 1132 1133
f 1042 1133 1043
f 1043 1133 1134
f 1043 1134 1135
f 1043 1135 1045
f 1045 1136 1137
f 1045 1137 1138
f 1045 1138 1141
f 1045 1141 1048
f 1045 1135 1136
f 1046 1139 1140
f 1046 1140 1047
f 1046 1124 1139
f 1047 1140 1125
f 1048 1141 1049
f 1049 1141 1142
f 1049 1142 1059
f 1050 1143 1144
f 1050 1144 1051
f 1050 1054 1143
f 1051 1144 1145
f 1051 1145 1055
f 1053 1146 1054
f 1054 1146 1147
f 1054 1147 1148
f 1054 1148 1149
f 1054 1149 1150
f 1054 1150 1143
f 1055 1145 1151
f 1055 1151 1056
f 1059 1142 1152
f 1059 1152 1147
f 1059 1147 1146
f 1060 1063 1067
f 1060 1067 1153
f 1060 1153 1068
f 1060 1068 1061
f 1065 1154 1066
f 1066 1155 1067
f 1066 1154 1245
f 1066 1245 1155
f 1067 1156 1157
f 1067 1157 1153
f 1067 1155 1156
f 1068 1158 1071
f 1068 1071 1069
f 1068 1153 1157
f 1068 1157 1158
f 1070 1071 1159
f 1070 1159 1251
f 1070 1251 1160
f 1070 1160 1161
f 1070 1161 1072
f 1071 1158 1162
f 1071 1162 1159
f 1072 1163 1164
f 1072 1164 1073
f 1072 1161 1163
f 1073 1164 1165
f 1073 1165 1166
f 1073 1166 1167
f 1073 1167 1074
f 1074 1167 1168
f 1074 1168 1169
f 1074 1169 1078
f 1074 1078 1075
f 1075 1078 1076
f 1076 1078 1081
f 1076 1081 1084
f 1078 1170 1171
f 1078 1171 1087
f 1078 1087 1079
f 1078 1169 1170
f 1085 1088 1172
f 1085 1172 1173
f 1085 1173 1174
f 1085 1174 1175
f 1085 1175 1176
f 1085 1176 1177
f 1085 1177 1178
f 1085 1178 1086
f 1086 1178 1177
f 1086 1177 1179
f 1086 1179 1180
f 1086 1180 1181
f 1086 1181 1090
f 1087 1171 1168
f 1087 1168 1182
f 1087 1182 1088
f 1088 1182 1183
f 1088 1183 1172
f 1089 1090 1184
f 1089 1184 1185
f 1089 1185 1186
f 1089 1186 1092
f 1089 1092 1091
f 1090 1181 1184
f 1092 1186 1187
f 1092 1187 1093
f 1093 1187 1188
f 1093 1188 1095
f 1093 1095 1094
f 1095 1189 1190
f 1095 1190 1191
f 1095 1191 1096
f 1095 1188 1189
f 1096 1192 1193
f 1096 1193 1097
f 1096 1191 1192
f 1097 1194 1099
f 1097 1099 1098
f 1097 1193 1194
f 1099 1194 1195
f 1099 1195 1190
f 1099 1190 1196
f 1099 1196 1100
f 1100 1196 1197
f 1100 1197 1198
f 1100 1198 1102
f 1100 1102 1101
f 1102 1199 1200
f 1102 1200 1201
f 1102 1201 1103
f 1102 1198 1199
f 1104 1106 1105
f 1111 1115 1112
f 1113 1116 1202
f 1113 1202 1114
f 1114 1202 1203
f 1114 1203 1204
f 1114 1204 1118
f 1115 1205 1203
f 1115 1203 1116
f 1116 1203 1202
f 1117 1206 1207
f 1117 1207 1208
f 1117 1208 1209
f 1117 1209 1210
f 1117 1210 1211
f 1117 1211 1140
f 1117 1140 1212
f 1117 1212 1123
f 1117 1122 1213
f 1117 1213 1206
f 1118 1204 1203
f 1118 1203 1214
f 1118 1214 1119
f 1119 1214 1215
f 1119 1215 1216
f 1119 1216 1217
f 1119 1217 1120
f 1120 1217 1218
f 1120 1218 1219
f 1120 1219 1220
f 1120 1220 1121
f 1121 1220 1221
f 1121 1221 1122
f 1122 1221 1213
f 1123 1212 1124
f 1124 1212 1139
f 1125 1140 1210
f 1125 1210 1126
f 1126 1222 1223
f 1126 1223 1127
f 1126 1210 1209
f 1126 1209 1224
f 1126 1224 1222
f 1127 1223 1128
f 1128 1223 1225
f 1128 1225 1129
f 1129 1225 1134
f 1129 1134 1132
f 1132 1134 1133
f 1134 1225 1226
f 1134 1226 1227
f 1134 1227 1228
f 1134 1228 1135
f 1135 1228 1229
f 1135 1229 1136
f 1136 1229 1137
f 1137 1229 1230
f 1137 1230 1231
f 1137 1231 1232
f 1137 1232 1233
f 1137 1233 1138
f 1138 1233 1142
f 1138 1142 1141
f 1139 1212 1140
f 1140 1211 1210
f 1142 1232 1152
f 1142 1233 1232
f 1143 1234 1235
f 1143 1235 1144
f 1143 1150 1236
f 1143 1236 1237
f 1143 1237 1238
f 1143 1238 1234
f 1144 1235 1239
f 1144 1239 1240
f 1144 1240 1241
f 1144 1241 1151
f 1144 1151 1145
f 1147 1149 1148
f 1147 1152 1242
f 1147 1242 1243
f 1147 1243 1149
f 1149 1236 1150
f 1149 1243 1236
f 1152 1232 1244
f 1152 1244 1242
f 1155 1245 1246
f 1155 1246 1247
f 1155 1247 1248
f 1155 1248 1156
f 1156 1248 1249
f 1156 1249 1157
f 1157 1249 1250
f 1157 1250 1158
f 1158 1250 1162
f 1159 1162 1251
f 1160 1251 1346
f 1160 1346 1252
f 1160 1252 1253
f 1160 1253 1161
f 1161 1253 1254
f 1161 1254 1163
f 1162 1250 1345
f 1162 1345 1255
f 1162 1255 1251
f 1163 1254 1256
f 1163 1256 1164
f 1164 1256 1165
f 1165 1256 1257
f 1165 1257 1166
f 1166 1257 1258
f 1166 1258 1167
f 1167 1258 1168
f 1168 1258 1259
f 1168 1259 1260
f 1168 1260 1261
f 1168 1261 1262
f 1168 1262 1263
f 1168 1263 1182
f 1168 1171 1170
f 1168 1170 1169
f 1172 1183 1173
f 1173 1183 1264
f 1173 1264 1265
f 1173 1265 1174
f 1174 1265 1176
f 1174 1176 1175
f 1176 1265 1266
f 1176 1266 1267
f 1176 1267 1177
f 1177 1267 1268
f 1177 1268 1269
f 1177 1269 1179
f 1179 1269 1180
f 1180 1269 1270
f 1180 1270 1271
f 1180 1271 1272
f 1180 1272 1181
f 1181 1272 1273
f 1181 1273 1184
f 1182 1263 1274
f 1182 1274 1183
f 1183 1274 1275
f 1183 1275 1276
f 1183 1276 1264
f 1184 1273 1185
f 1185 1277 1186
f 1185 1273 1271
f 1185 1271 1277
f 1186 1277 1187
f 1187 1277 1188
f 1188 1277 1278
f 1188 1278 1279
f 1188 1279 1189
f 1189 1279 1280
f 1189 1280 1190
f 1190 1281 1196
f 1190 1195 1193
f 1190 1193 1192
f 1190 1192 1191
f 1190 1280 1281
f 1193 1195 1194
f 1196 1282 1197
f 1196 1281 1282
f 1197 1283 1198
f 1197 1282 1284
f 1197 1284 1283
f 1198 1285 1286
f 1198 1286 1199
f 1198 1283 1287
f 1198 1287 1288
f 1198 1288 1285
f 1203 1205 1289
f 1203 1289 1290
f 1203 1290 1214
f 1206 1213 1207
f 1207 1213 1291
f 1207 1291 1292
f 1207 1292 1293
f 1207 1293 1208
f 1208 1294 1209
f 1208 1293 1294
f 1209 1294 1295
f 1209 1295 1224
f 1213 1221 1291
f 1214 1290 1215
f 1215 1296 1297
f 1215 1297 1217
f 1215 1217 1216
f 1217 1297 1298
f 1217 1298 1299
f 1217 1299 1300
f 1217 1300 1301
f 1217 1301 1218
f 1218 1301 1300
f 1218 1300 1302
f 1218 1302 1219
f 1219 1303 1304
f 1219 1304 1220
f 1219 1302 1305
f 1219 1305 1306
f 1219 1306 1307
f 1219 1307 1308
f 1219 1308 1309
f 1219 1309 1310
f 1219 1310 1311
f 1219 1311 1312
f 1219 1312 1313
f 1219 1313 1303
f 1220 1304 1314
f 1220 1314 1315
f 1220 1315 1316
f 1220 1316 1221
f 1221 1316 1291
f 1222 1317 1318
f 1222 1318 1223
f 1222 1224 1295
f 1222 1295 1319
f 1222 1319 1317
f 1223 1318 1225
f 1225 1320 1321
f 1225 1321 1322
f 1225 1322 1226
f 1225 1318 1323
f 1225 1323 1320
f 1226 1322 1324
f 1226 1324 1227
f 1227 1324 1229
f 1227 1229 1228
f 1229 1324 1230
f 1230 1324 1325
f 1230 1325 1231
f 1231 1326 1244
f 1231 1244 1232
f 1231 1325 1326
f 1234 1327 1235
f 1234 1238 1327
f 1235 1327 1328
f 1235 1328 1239
f 1236 1329 1330
f 1236 1330 1331
f 1236 1331 1327
f 1236 1327 1237
f 1236 1243 1332
f 1236 1332 1329
f 1237 1327 1238
f 1239 1333 1240
f 1239 1328 1333
f 1242 1244 1243
f 1243 1244 1334
f 1243 1334 1335
f 1243 1335 1332
f 1244 1336 1334
f 1244 1326 1336
f 1246 1337 1338
f 1246 1338 1247
f 1247 1338 1337
f 1247 1337 1339
f 1247 1339 1340
f 1247 1340 1341
f 1247 1341 1342
f 1247 1342 1249
f 1247 1249 1248
f 1249 1342 1250
f 1250 1343 1344
f 1250 1344 1345
f 1250 1342 1343
f 1251 1255 1346
f 1252 1346 1344
f 1252 1344 1253
f 1253 1347 1348
f 1253 1348 1349
f 1253 1349 1350
f 1253 1350 1351
f 1253 1351 1254
f 1253 1344 1352
f 1253 1352 1347
f 1254 1353 1256
f 1254 1351 1353
f 1255 1345 1346
f 1256 1353 1354
f 1256 1354 1257
f 1257 1354 1355
f 1257 1355 1356
f 1257 1356 1258
f 1258 1356 1355
f 1258 1355 1260
f 1258 1260 1259
f 1260 1355 1357
f 1260 1357 1262
f 1260 1262 1261
f 1262 1358 1359
f 1262 1359 1274
f 1262 1274 1263
f 1262 1357 1360
f 1262 1360 1361
f 1262 1361 1358
f 1264 1276 1358
f 1264 1358 1362
f 1264 1362 1266
f 1264 1266 1265
f 1266 1363 1267
f 1266 1362 1363
f 1267 1363 1268
f 1268 1363 1364
f 1268 1364 1365
f 1268 1365 1366
f 1268 1366 1367
f 1268 1367 1269
f 1269 1367 1270
f 1270 1367 1277
f 1270 1277 1271
f 1271 1273 1272
f 1274 1359 1275
f 1275 1359 1276
f 1276 1359 1358
f 1277 1368 1369
f 1277 1369 1370
f 1277 1370 1278
f 1277 1367 1368
f 1278 1370 1371
f 1278 1371 1279
f 1279 1372 1373
f 1279 1373 1280
f 1279 1371 1372
f 1280 1373 1374
f 1280 1374 1375
f 1280 1375 1376
f 1280 1376 1377
f 1280 1377 1282
f 1280 1282 1281
f 1282 1377 1378
f 1282 1378 1284
f 1283 1284 1379
f 1283 1379 1287
f 1284 1378 1380
f 1284 1380 1381
f 1284 1381 1382
f 1284 1382 1383
f 1284 1383 1384
f 1284 1384 1385
f 1284 1385 1379
f 1287 1379 1386
f 1291 1387 1292
f 1291 1316 1315
f 1291 1315 1387
f 1292 1388 1389
f 1292 1389 1293
f 1292 1387 1390
f 1292 1390 1391
f 1292 1391 1388
f 1293 1389 1294
f 1294 1389 1295
f 1295 1392 1319
f 1295 1389 1388
f 1295 1388 1393
f 1295 1393 1392
f 1296 1394 1395
f 1296 1395 1396
f 1296 1396 1298
f 1296 1298 1297
f 1298 1396 1300
f 1298 1300 1299
f 1300 1396 1397
f 1300 1397 1398
f 1300 1398 1302
f 1302 1399 1307
f 1302 1307 1305
f 1302 1398 1400
f 1302 1400 1401
f 1302 1401 1399
f 1303 1313 1402
f 1303 1402 1304
f 1304 1402 1403
f 1304 1403 1314
f 1305 1307 1306
f 1307 1399 1404
f 1307 1404 1405
f 1307 1405 1308
f 1308 1406 1407
f 1308 1407 1408
f 1308 1408 1409
f 1308 1409 1410
f 1308 1410 1411
f 1308 1411 1309
f 1308 1405 1412
f 1308 1412 1413
f 1308 1413 1414
f 1308 1414 1415
f 1308 1415 1416
f 1308 1416 1406
f 1309 1411 1417
f 1309 1417 1418
f 1309 1418 1310
f 1310 1418 1311
f 1311 1419 1420
f 1311 1420 1312
f 1311 1418 1419
f 1312 1420 1313
f 1313 1420 1421
f 1313 1421 1402
f 1314 1403 1315
f 1315 1403 1390
f 1315 1390 1387
f 1317 1319 1318
f 1318 1319 1422
f 1318 1422 1423
f 1318 1423 1323
f 1319 1392 1424
f 1319 1424 1422
f 1320 1425 1426
f 1320 1426 1321
f 1320 1323 1427
f 1320 1427 1428
f 1320 1428 1429
f 1320 1429 1430
f 1320 1430 1425
f 1321 1426 1322
f 1322 1431 1324
f 1322 1426 1325
f 1322 1325 1431
f 1323 1423 1427
f 1324 1431 1325
f 1325 1426 1432
f 1325 1432 1433
f 1325 1433 1434
f 1325 1434 1435
f 1325 1435 1336
f 1325 1336 1326
f 1327 1331 1436
f 1327 1436 1328
f 1328 1436 1437
f 1328 1437 1333
f 1329 1438 1439
f 1329 1439 1440
f 1329 1440 1441
f 1329 1441 1442
f 1329 1442 1330
f 1329 1332 1335
f 1329 1335 1438
f 1330 1442 1441
f 1330 1441 1443
f 1330 1443 1331
f 1331 1444 1436
f 1331 1443 1444
f 1333 1437 1445
f 1334 1336 1335
f 1335 1336 1446
f 1335 1446 1439
f 1335 1439 1438
f 1336 1435 1447
f 1336 1447 1446
f 1339 1448 1340
f 1340 1449 1341
f 1340 1448 1449
f 1341 1449 1450
f 1341 1450 1342
f 1342 1450 1352
f 1342 1352 1344
f 1342 1344 1343
f 1344 1346 1345
f 1347 1451 1348
f 1347 1352 1451
f 1348 1451 1452
f 1348 1452 1349
f 1349 1452 1453
f 1349 1453 1454
f 1349 1454 1455
f 1349 1455 1456
f 1349 1456 1350
f 1350 1457 1458
f 1350 1458 1459
f 1350 1459 1460
f 1350 1460 1351
f 1350 1456 1461
f 1350 1461 1457
f 1351 1460 1462
f 1351 1462 1353
f 1352 1450 1463
f 1352 1463 1464
f 1352 1464 1451
f 1353 1462 1465
f 1353 1465 1466
f 1353 1466 1467
f 1353 1467 1468
f 1353 1468 1354
f 1354 1468 1355
f 1355 1469 1361
f 1355 1361 1360
f 1355 1360 1357
f 1355 1468 1470
f 1355 1470 1469
f 1358 1361 1471
f 1358 1471 1472
f 1358 1472 1362
f 1361 1473 1471
f 1361 1469 1473
f 1362 1472 1474
f 1362 1474 1475
f 1362 1475 1363
f 1363 1475 1364
f 1364 1475 1476
f 1364 1476 1365
f 1365 1477 1478
f 1365 1478 1479
f 1365 1479 1480
f 1365 1480 1481
f 1365 1481 1482
f 1365 1482 1483
f 1365 1483 1484
f 1365 1484 1366
f 1365 1476 1485
f 1365 1485 1486
f 1365 1486 1487
f 1365 1487 1477
f 1366 1484 1488
f 1366 1488 1367
f 1367 1488 1368
f 1368 1488 1369
f 1369 1488 1484
f 1369 1484 1483
f 1369 1483 1371
f 1369 1371 1370
f 1371 1489 1490
f 1371 1490 1491
f 1371 1491 1373
f 1371 1373 1372
f 1371 1483 1492
f 1371 1492 1489
f 1373 1491 1493
f 1373 1493 1416
f 1373 1416 1415
f 1373 1415 1374
f 1374 1415 1494
f 1374 1494 1495
f 1374 1495 1378
f 1374 1378 1496
f 1374 1496 1375
f 1375 1496 1376
f 1376 1378 1377
f 1376 1496 1378
f 1378 1497 1381
f 1378 1381 1498
f 1378 1498 1380
f 1378 1495 1497
f 1379 1385 1499
f 1379 1499 1386
f 1380 1498 1381
f 1381 1497 1500
f 1381 1500 1382
f 1382 1500 1383
f 1383 1501 1502
f 1383 1502 1503
f 1383 1503 1504
f 1383 1504 1385
f 1383 1385 1384
f 1383 1500 1505
f 1383 1505 1506
f 1383 1506 1501
f 1388 1391 1507
f 1388 1507 1393
f 1390 1508 1391
f 1390 1403 1508
f 1391 1508 1402
f 1391 1402 1507
f 1392 1393 1509
f 1392 1509 1510
f 1392 1510 1511
f 1392 1511 1512
f 1392 1512 1427
f 1392 1427 1424
f 1393 1507 1421
f 1393 1421 1513
f 1393 1513 1514
f 1393 1514 1509
f 1394 1515 1395
f 1395 1400 1398
f 1395 1398 1397
f 1395 1397 1396
f 1395 1515 1400
f 1399 1401 1516
f 1399 1516 1404
f 1400 1515 1517
f 1400 1517 1502
f 1400 1502 1518
f 1400 1518 1519
f 1400 1519 1520
f 1400 1520 1516
f 1400 1516 1401
f 1402 1421 1507
f 1402 1508 1403
f 1404 1516 1521
f 1404 1521 1405
f 1405 1521 1412
f 1406 1416 1490
f 1406 1490 1522
f 1406 1522 1407
f 1407 1522 1408
f 1408 1522 1523
f 1408 1523 1524
f 1408 1524 1409
f 1409 1524 1525
f 1409 1525 1410
f 1410 1417 1411
f 1410 1525 1417
f 1412 1526 1527
f 1412 1527 1528
f 1412 1528 1529
f 1412 1529 1506
f 1412 1506 1530
f 1412 1530 1531
f 1412 1531 1413
f 1412 1521 1526
f 1413 1531 1494
f 1413 1494 1414
f 1414 1494 1415
f 1416 1493 1490
f 1417 1525 1419
f 1417 1419 1418
f 1419 1532 1533
f 1419 1533 1534
f 1419 1534 1420
f 1419 1525 1532
f 1420 1534 1535
f 1420 1535 1421
f 1421 1535 1536
f 1421 1536 1514
f 1421 1514 1513
f 1422 1424 1423
f 1423 1424 1427
f 1425 1430 1537
f 1425 1537 1538
f 1425 1538 1426
f 1426 1538 1432
f 1427 1512 1539
f 1427 1539 1428
f 1428 1539 1540
f 1428 1540 1430
f 1428 1430 1429
f 1430 1541 1537
f 1430 1540 1542
f 1430 1542 1541
f 1432 1538 1543
f 1432 1543 1434
f 1432 1434 1433
f 1434 1544 1435
f 1434 1543 1544
f 1435 1544 1447
f 1436 1444 1545
f 1436 1545 1546
f 1436 1546 1547
f 1436 1547 1548
f 1436 1548 1549
f 1436 1549 1445
f 1436 1445 1437
f 1439 1446 1550
f 1439 1550 1440
f 1440 1550 1551
f 1440 1551 1552
f 1440 1552 1441
f 1441 1552 1553
f 1441 1553 1443
f 1443 1554 1555
f 1443 1555 1444
f 1443 1553 1554
f 1444 1556 1557
f 1444 1557 1545
f 1444 1555 1556
f 1446 1447 1544
f 1446 1544 1550
f 1448 1558 1449
f 1449 1559 1560
f 1449 1560 1463
f 1449 1463 1450
f 1449 1558 1561
f 1449 1561 1559
f 1451 1464 1452
f 1452 1464 1453
f 1453 1464 1454
f 1454 1464 1562
f 1454 1562 1563
f 1454 1563 1564
f 1454 1564 1455
f 1455 1564 1456
f 1456 1565 1461
f 1456 1564 1565
f 1457 1566 1567
f 1457 1567 1462
f 1457 1462 1458
f 1457 1461 1566
f 1458 1462 1459
f 1459 1462 1460
f 1461 1565 1568
f 1461 1568 1569
f 1461 1569 1570
f 1461 1570 1566
f 1462 1567 1571
f 1462 1571 1572
f 1462 1572 1573
f 1462 1573 1466
f 1462 1466 1465
f 1463 1560 1574
f 1463 1574 1575
f 1463 1575 1576
f 1463 1576 1464
f 1464 1576 1562
f 1466 1577 1467
f 1466 1573 1578
f 1466 1578 1579
f 1466 1579 1577
f 1467 1577 1468
f 1468 1577 1470
f 1469 1470 1580
f 1469 1580 1579
f 1469 1579 1581
f 1469 1581 1473
f 1470 1577 1580
f 1471 1473 1582
f 1471 1582 1583
f 1471 1583 1474
f 1471 1474 1472
f 1473 1584 1582
f 1473 1581 1585
f 1473 1585 1586
f 1473 1586 1584
f 1474 1583 1587
f 1474 1587 1588
f 1474 1588 1475
f 1475 1588 1589
f 1475 1589 1590
f 1475 1590 1486
f 1475 1486 1485
f 1475 1485 1476
f 1477 1591 1478
f 1477 1487 1591
f 1478 1591 1522
f 1478 1522 1490
f 1478 1490 1592
f 1478 1592 1481
f 1478 1481 1479
f 1479 1481 1480
f 1481 1492 1482
f 1481 1592 1492
f 1482 1492 1483
f 1486 1590 1593
f 1486 1593 1594
f 1486 1594 1595
f 1486 1595 1596
f 1486 1596 1487
f 1487 1596 1595
f 1487 1595 1597
f 1487 1597 1598
f 1487 1598 1599
f 1487 1599 1524
f 1487 1524 1591
f 1489 1592 1490
f 1489 1492 1592
f 1490 1493 1491
f 1494 1531 1530
f 1494 1530 1505
f 1494 1505 1495
f 1495 1505 1500
f 1495 1500 1497
f 1501 1506 1600
f 1501 1600 1528
f 1501 1528 1502
f 1502 1601 1503
f 1502 1528 1527
f 1502 1527 1602
f 1502 1602 1603
f 1502 1603 1518
f 1502 1517 1604
f 1502 1604 1601
f 1503 1605 1606
f 1503 1606 1607
f 1503 1607 1504
f 1503 1601 1608
f 1503 1608 1605
f 1505 1530 1506
f 1506 1529 1600
f 1509 1514 1609
f 1509 1609 1540
f 1509 1540 1511
f 1509 1511 1510
f 1511 1540 1539
f 1511 1539 1512
f 1514 1610 1611
f 1514 1611 1609
f 1514 1536 1610
f 1515 1604 1517
f 1516 1520 1519
f 1516 1519 1603
f 1516 1603 1602
f 1516 1602 1521
f 1518 1603 1519
f 1521 1602 1526
f 1522 1591 1523
f 1523 1591 1524
f 1524 1599 1525
f 1525 1599 1532
f 1526 1602 1527
f 1528 1600 1529
f 1532 1599 1533
f 1533 1599 1598
f 1533 1598 1612
f 1533 1612 1534
f 1534 1612 1536
f 1534 1536 1535
f 1536 1612 1613
f 1536 1613 1614
f 1536 1614 1610
f 1537 1615 1616
f 1537 1616 1538
f 1537 1541 1615
f 1538 1616 1617
f 1538 1617 1543
f 1540 1618 1611
f 1540 1611 1542
f 1540 1609 1618
f 1541 1542 1619
f 1541 1619 1620
f 1541 1620 1615
f 1542 1611 1619
f 1543 1617 1621
f 1543 1621 1544
f 1544 1621 1617
f 1544 1617 1622
f 1544 1622 1623
f 1544 1623 1550
f 1545 1557 1624
f 1545 1624 1546
f 1546 1624 1625
f 1546 1625 1547
f 1550 1623 1626
f 1550 1626 1551
f 1551 1626 1627
f 1551 1627 1552
f 1552 1627 1628
f 1552 1628 1629
f 1552 1629 1630
f 1552 1630 1631
f 1552 1631 1632
f 1552 1632 1554
f 1552 1554 1553
f 1554 1632 1633
f 1554 1633 1634
f 1554 1634 1555
f 1555 1634 1635
f 1555 1635 1556
f 1556 1635 1557
f 1557 1635 1636
f 1557 1636 1624
f 1559 1561 1560
f 1560 1637 1638
f 1560 1638 1639
f 1560 1639 1574
f 1560 1561 1640
f 1560 1640 1637
f 1562 1576 1641
f 1562 1641 1565
f 1562 1565 1564
f 1562 1564 1563
f 1565 1641 1642
f 1565 1642 1568
f 1566 1570 1643
f 1566 1643 1644
f 1566 1644 1567
f 1567 1645 1646
f 1567 1646 1647
f 1567 1647 1648
f 1567 1648 1649
f 1567 1649 1650
f 1567 1650 1651
f 1567 1651 1571
f 1567 1644 1645
f 1568 1642 1652
f 1568 1652 1570
f 1568 1570 1569
f 1570 1652 1653
f 1570 1653 1654
f 1570 1654 1655
f 1570 1655 1643
f 1571 1651 1650
f 1571 1650 1656
f 1571 1656 1657
f 1571 1657 1573
f 1571 1573 1572
f 1573 1657 1578
f 1574 1639 1575
f 1575 1639 1658
f 1575 1658 1576
f 1576 1658 1659
f 1576 1659 1641
f 1577 1579 1580
f 1578 1657 1660
f 1578 1660 1581
f 1578 1581 1579
f 1581 1660 1657
f 1581 1657 1585
f 1582 1584 1661
f 1582 1661 1583
f 1583 1661 1589
f 1583 1589 1588
f 1583 1588 1587
f 1584 1662 1663
f 1584 1663 1664
f 1584 1664 1661
f 1584 1586 1665
f 1584 1665 1666
f 1584 1666 1662
f 1585 1657 1586
f 1586 1657 1665
f 1589 1667 1593
f 1589 1593 1590
f 1589 1661 1667
f 1593 1668 1594
f 1593 1667 1668
f 1594 1668 1595
f 1595 1669 1597
f 1595 1668 1664
f 1595 1664 1670
f 1595 1670 1671
f 1595 1671 1672
f 1595 1672 1673
f 1595 1673 1669
f 1597 1669 1598
f 1598 1669 1674
f 1598 1674 1675
f 1598 1675 1613
f 1598 1613 1612
f 1601 1604 1608
f 1609 1611 1618
f 1610 1614 1611
f 1611 1676 1677
f 1611 1677 1678
f 1611 1678 1679
f 1611 1679 1619
f 1611 1614 1676
f 1613 1680 1614
f 1613 1675 1680
f 1614 1680 1677
f 1614 1677 1676
f 1615 1681 1616
f 1615 1620 1622
f 1615 1622 1681
f 1616 1681 1682
f 1616 1682 1617
f 1617 1682 1681
f 1617 1681 1622
f 1619 1683 1684
f 1619 1684 1620
f 1619 1679 1685
f 1619 1685 1683
f 1620 1684 1686
f 1620 1686 1622
f 1622 1686 1687
f 1622 1687 1627
f 1622 1627 1626
f 1622 1626 1623
f 1624 1688 1689
f 1624 1689 1625
f 1624 1636 1688
f 1627 1690 1628
f 1627 1687 1690
f 1628 1691 1629
f 1628 1690 1692
f 1628 1692 1693
f 1628 1693 1643
f 1628 1643 1694
f 1628 1694 1695
f 1628 1695 1696
f 1628 1696 1697
f 1628 1697 1691
f 1629 1691 1630
f 1630 1691 1698
f 1630 1698 1633
f 1630 1633 1632
f 1630 1632 1631
f 1633 1698 1634
f 1634 1698 1635
f 1635 1698 1636
f 1636 1698 1699
f 1636 1699 1688
f 1637 1700 1638
f 1637 1640 1701
f 1637 1701 1702
f 1637 1702 1703
f 1637 1703 1700
f 1638 1704 1705
f 1638 1705 1706
f 1638 1706 1707
f 1638 1707 1708
f 1638 1708 1639
f 1638 1700 1709
f 1638 1709 1704
f 1639 1708 1658
f 1641 1659 1708
f 1641 1708 1642
f 1642 1708 1652
f 1643 1710 1711
f 1643 1711 1694
f 1643 1693 1712
f 1643 1712 1713
f 1643 1713 1644
f 1643 1655 1714
f 1643 1714 1705
f 1643 1705 1710
f 1644 1713 1715
f 1644 1715 1716
f 1644 1716 1646
f 1644 1646 1645
f 1646 1716 1717
f 1646 1717 1647
f 1647 1685 1718
f 1647 1718 1666
f 1647 1666 1665
f 1647 1665 1719
f 1647 1719 1720
f 1647 1720 1648
f 1647 1717 1721
f 1647 1721 1685
f 1648 1720 1649
f 1649 1720 1719
f 1649 1719 1665
f 1649 1665 1722
f 1649 1722 1650
f 1650 1722 1657
f 1650 1657 1656
f 1652 1708 1653
f 1653 1708 1654
f 1654 1723 1655
f 1654 1708 1723
f 1655 1723 1714
f 1657 1722 1665
f 1658 1708 1659
f 1661 1664 1667
f 1662 1724 1725
f 1662 1725 1726
f 1662 1726 1673
f 1662 1673 1727
f 1662 1727 1663
f 1662 1666 1718
f 1662 1718 1685
f 1662 1685 1678
f 1662 1678 1728
f 1662 1728 1724
f 1663 1727 1672
f 1663 1672 1670
f 1663 1670 1664
f 1664 1668 1667
f 1669 1673 1726
f 1669 1726 1674
f 1670 1672 1671
f 1672 1727 1673
f 1674 1726 1725
f 1674 1725 1675
f 1675 1725 1680
f 1677 1728 1678
f 1677 1680 1728
f 1678 1685 1679
f 1680 1725 1724
f 1680 1724 1728
f 1683 1685 1729
f 1683 1729 1730
f 1683 1730 1731
f 1683 1731 1732
f 1683 1732 1684
f 1684 1732 1733
f 1684 1733 1734
f 1684 1734 1735
f 1684 1735 1686
f 1685 1721 1729
f 1686 1736 1692
f 1686 1692 1687
f 1686 1735 1736
f 1687 1692 1690
f 1688 1737 1738
f 1688 1699 1737
f 1691 1697 1698
f 1692 1736 1733
f 1692 1733 1712
f 1692 1712 1693
f 1694 1711 1739
f 1694 1739 1695
f 1695 1740 1696
f 1695 1739 1741
f 1695 1741 1740
f 1696 1740 1705
f 1696 1705 1742
f 1696 1742 1698
f 1696 1698 1697
f 1698 1742 1743
f 1698 1743 1699
f 1699 1743 1744
f 1699 1744 1737
f 1700 1703 1702
f 1700 1702 1745
f 1700 1745 1746
f 1700 1746 1709
f 1702 1747 1745
f 1704 1709 1742
f 1704 1742 1705
f 1705 1714 1706
f 1705 1740 1741
f 1705 1741 1710
f 1706 1714 1707
f 1707 1714 1723
f 1707 1723 1708
f 1709 1746 1748
f 1709 1748 1749
f 1709 1749 1750
f 1709 1750 1743
f 1709 1743 1742
f 1710 1741 1711
f 1711 1741 1739
f 1712 1733 1751
f 1712 1751 1752
f 1712 1752 1713
f 1713 1752 1715
f 1715 1752 1716
f 1716 1752 1721
f 1716 1721 1717
f 1721 1730 1729
f 1721 1752 1753
f 1721 1753 1731
f 1721 1731 1730
f 1731 1753 1752
f 1731 1752 1751
f 1731 1751 1733
f 1731 1733 1732
f 1733 1736 1735
f 1733 1735 1734
f 1737 1744 1738
f 1743 1750 1744
f 1744 1750 1749
f 1745 1747 1754
f 1745 1754 1746
f 1746 1754 1748
f 1748 1754 1749
